2026-08-16 07:42: Experiment log path in: /scratch/chkkar002/Diffusion_Based_STGNNs/AGCRN/model/experiments/SAWS/trial5_20260816074215
2026-08-16 07:42: Train Epoch 1: 0/1642 Loss: 16.854641
2026-08-16 07:42: Train Epoch 1: 20/1642 Loss: 16.738159
2026-08-16 07:42: Train Epoch 1: 40/1642 Loss: 12.721095
2026-08-16 07:42: Train Epoch 1: 60/1642 Loss: 12.642355
2026-08-16 07:42: Train Epoch 1: 80/1642 Loss: 11.476576
2026-08-16 07:42: Train Epoch 1: 100/1642 Loss: 9.616963
2026-08-16 07:42: Train Epoch 1: 120/1642 Loss: 8.558758
2026-08-16 07:42: Train Epoch 1: 140/1642 Loss: 8.326178
2026-08-16 07:42: Train Epoch 1: 160/1642 Loss: 6.471643
2026-08-16 07:42: Train Epoch 1: 180/1642 Loss: 6.503834
2026-08-16 07:42: Train Epoch 1: 200/1642 Loss: 6.059986
2026-08-16 07:42: Train Epoch 1: 220/1642 Loss: 5.844518
2026-08-16 07:42: Train Epoch 1: 240/1642 Loss: 5.985174
2026-08-16 07:42: Train Epoch 1: 260/1642 Loss: 5.704230
2026-08-16 07:42: Train Epoch 1: 280/1642 Loss: 5.663162
2026-08-16 07:42: Train Epoch 1: 300/1642 Loss: 5.119719
2026-08-16 07:42: Train Epoch 1: 320/1642 Loss: 5.455168
2026-08-16 07:42: Train Epoch 1: 340/1642 Loss: 5.053511
2026-08-16 07:42: Train Epoch 1: 360/1642 Loss: 5.375914
2026-08-16 07:42: Train Epoch 1: 380/1642 Loss: 5.239858
2026-08-16 07:42: Train Epoch 1: 400/1642 Loss: 5.485515
2026-08-16 07:42: Train Epoch 1: 420/1642 Loss: 5.737206
2026-08-16 07:42: Train Epoch 1: 440/1642 Loss: 5.237077
2026-08-16 07:42: Train Epoch 1: 460/1642 Loss: 5.966648
2026-08-16 07:42: Train Epoch 1: 480/1642 Loss: 4.851477
2026-08-16 07:42: Train Epoch 1: 500/1642 Loss: 5.016165
2026-08-16 07:42: Train Epoch 1: 520/1642 Loss: 4.880546
2026-08-16 07:42: Train Epoch 1: 540/1642 Loss: 4.671745
2026-08-16 07:42: Train Epoch 1: 560/1642 Loss: 4.738315
2026-08-16 07:42: Train Epoch 1: 580/1642 Loss: 4.810284
2026-08-16 07:42: Train Epoch 1: 600/1642 Loss: 4.175382
2026-08-16 07:42: Train Epoch 1: 620/1642 Loss: 4.093100
2026-08-16 07:42: Train Epoch 1: 640/1642 Loss: 4.091164
2026-08-16 07:42: Train Epoch 1: 660/1642 Loss: 4.339454
2026-08-16 07:42: Train Epoch 1: 680/1642 Loss: 4.314121
2026-08-16 07:42: Train Epoch 1: 700/1642 Loss: 4.415223
2026-08-16 07:42: Train Epoch 1: 720/1642 Loss: 4.418867
2026-08-16 07:42: Train Epoch 1: 740/1642 Loss: 4.083300
2026-08-16 07:42: Train Epoch 1: 760/1642 Loss: 4.149700
2026-08-16 07:42: Train Epoch 1: 780/1642 Loss: 4.430034
2026-08-16 07:42: Train Epoch 1: 800/1642 Loss: 4.171436
2026-08-16 07:42: Train Epoch 1: 820/1642 Loss: 3.799770
2026-08-16 07:42: Train Epoch 1: 840/1642 Loss: 4.009540
2026-08-16 07:42: Train Epoch 1: 860/1642 Loss: 3.877820
2026-08-16 07:42: Train Epoch 1: 880/1642 Loss: 3.948447
2026-08-16 07:42: Train Epoch 1: 900/1642 Loss: 3.619240
2026-08-16 07:42: Train Epoch 1: 920/1642 Loss: 3.905162
2026-08-16 07:42: Train Epoch 1: 940/1642 Loss: 3.965609
2026-08-16 07:42: Train Epoch 1: 960/1642 Loss: 3.728823
2026-08-16 07:42: Train Epoch 1: 980/1642 Loss: 3.698738
2026-08-16 07:42: Train Epoch 1: 1000/1642 Loss: 3.504117
2026-08-16 07:42: Train Epoch 1: 1020/1642 Loss: 3.675703
2026-08-16 07:42: Train Epoch 1: 1040/1642 Loss: 3.441082
2026-08-16 07:42: Train Epoch 1: 1060/1642 Loss: 3.578283
2026-08-16 07:42: Train Epoch 1: 1080/1642 Loss: 3.647430
2026-08-16 07:42: Train Epoch 1: 1100/1642 Loss: 3.564738
2026-08-16 07:42: Train Epoch 1: 1120/1642 Loss: 3.450098
2026-08-16 07:42: Train Epoch 1: 1140/1642 Loss: 3.504540
2026-08-16 07:42: Train Epoch 1: 1160/1642 Loss: 3.788083
2026-08-16 07:42: Train Epoch 1: 1180/1642 Loss: 3.687426
2026-08-16 07:43: Train Epoch 1: 1200/1642 Loss: 3.329103
2026-08-16 07:43: Train Epoch 1: 1220/1642 Loss: 3.508074
2026-08-16 07:43: Train Epoch 1: 1240/1642 Loss: 3.391094
2026-08-16 07:43: Train Epoch 1: 1260/1642 Loss: 3.682705
2026-08-16 07:43: Train Epoch 1: 1280/1642 Loss: 3.487877
2026-08-16 07:43: Train Epoch 1: 1300/1642 Loss: 3.310693
2026-08-16 07:43: Train Epoch 1: 1320/1642 Loss: 3.119641
2026-08-16 07:43: Train Epoch 1: 1340/1642 Loss: 3.191182
2026-08-16 07:43: Train Epoch 1: 1360/1642 Loss: 2.889131
2026-08-16 07:43: Train Epoch 1: 1380/1642 Loss: 2.746771
2026-08-16 07:43: Train Epoch 1: 1400/1642 Loss: 2.752485
2026-08-16 07:43: Train Epoch 1: 1420/1642 Loss: 3.018987
2026-08-16 07:43: Train Epoch 1: 1440/1642 Loss: 2.768820
2026-08-16 07:43: Train Epoch 1: 1460/1642 Loss: 2.768909
2026-08-16 07:43: Train Epoch 1: 1480/1642 Loss: 2.796659
2026-08-16 07:43: Train Epoch 1: 1500/1642 Loss: 2.885091
2026-08-16 07:43: Train Epoch 1: 1520/1642 Loss: 2.624198
2026-08-16 07:43: Train Epoch 1: 1540/1642 Loss: 2.546302
2026-08-16 07:43: Train Epoch 1: 1560/1642 Loss: 2.822819
2026-08-16 07:43: Train Epoch 1: 1580/1642 Loss: 2.552514
2026-08-16 07:43: Train Epoch 1: 1600/1642 Loss: 2.993247
2026-08-16 07:43: Train Epoch 1: 1620/1642 Loss: 2.458747
2026-08-16 07:43: Train Epoch 1: 1640/1642 Loss: 2.699001
2026-08-16 07:43: **********Train Epoch 1: averaged Loss: 4.796295, tf_ratio: 1.000000
2026-08-16 07:43: **********Val Epoch 1: average Loss: 2.563247
2026-08-16 07:43: *********************************Current best model saved!
2026-08-16 07:43: Train Epoch 2: 0/1642 Loss: 2.550186
2026-08-16 07:43: Train Epoch 2: 20/1642 Loss: 2.462353
2026-08-16 07:43: Train Epoch 2: 40/1642 Loss: 2.668790
2026-08-16 07:43: Train Epoch 2: 60/1642 Loss: 2.594600
2026-08-16 07:43: Train Epoch 2: 80/1642 Loss: 2.593206
2026-08-16 07:43: Train Epoch 2: 100/1642 Loss: 2.634860
2026-08-16 07:43: Train Epoch 2: 120/1642 Loss: 2.569741
2026-08-16 07:43: Train Epoch 2: 140/1642 Loss: 2.528884
2026-08-16 07:43: Train Epoch 2: 160/1642 Loss: 2.363995
2026-08-16 07:43: Train Epoch 2: 180/1642 Loss: 2.670597
2026-08-16 07:43: Train Epoch 2: 200/1642 Loss: 2.625702
2026-08-16 07:43: Train Epoch 2: 220/1642 Loss: 2.579564
2026-08-16 07:43: Train Epoch 2: 240/1642 Loss: 2.550737
2026-08-16 07:43: Train Epoch 2: 260/1642 Loss: 2.763716
2026-08-16 07:43: Train Epoch 2: 280/1642 Loss: 2.620654
2026-08-16 07:43: Train Epoch 2: 300/1642 Loss: 2.610394
2026-08-16 07:43: Train Epoch 2: 320/1642 Loss: 2.462476
2026-08-16 07:43: Train Epoch 2: 340/1642 Loss: 2.335920
2026-08-16 07:43: Train Epoch 2: 360/1642 Loss: 2.394792
2026-08-16 07:43: Train Epoch 2: 380/1642 Loss: 2.449705
2026-08-16 07:43: Train Epoch 2: 400/1642 Loss: 2.485967
2026-08-16 07:43: Train Epoch 2: 420/1642 Loss: 2.536797
2026-08-16 07:43: Train Epoch 2: 440/1642 Loss: 2.341442
2026-08-16 07:43: Train Epoch 2: 460/1642 Loss: 2.323871
2026-08-16 07:43: Train Epoch 2: 480/1642 Loss: 2.260576
2026-08-16 07:43: Train Epoch 2: 500/1642 Loss: 2.358988
2026-08-16 07:43: Train Epoch 2: 520/1642 Loss: 2.609047
2026-08-16 07:43: Train Epoch 2: 540/1642 Loss: 2.358336
2026-08-16 07:43: Train Epoch 2: 560/1642 Loss: 2.410838
2026-08-16 07:43: Train Epoch 2: 580/1642 Loss: 2.299839
2026-08-16 07:43: Train Epoch 2: 600/1642 Loss: 2.344545
2026-08-16 07:43: Train Epoch 2: 620/1642 Loss: 2.312042
2026-08-16 07:43: Train Epoch 2: 640/1642 Loss: 2.295599
2026-08-16 07:43: Train Epoch 2: 660/1642 Loss: 2.323812
2026-08-16 07:43: Train Epoch 2: 680/1642 Loss: 2.399207
2026-08-16 07:43: Train Epoch 2: 700/1642 Loss: 2.396580
2026-08-16 07:43: Train Epoch 2: 720/1642 Loss: 2.678683
2026-08-16 07:43: Train Epoch 2: 740/1642 Loss: 2.449915
2026-08-16 07:43: Train Epoch 2: 760/1642 Loss: 2.554542
2026-08-16 07:43: Train Epoch 2: 780/1642 Loss: 2.308677
2026-08-16 07:43: Train Epoch 2: 800/1642 Loss: 2.431525
2026-08-16 07:43: Train Epoch 2: 820/1642 Loss: 2.293012
2026-08-16 07:43: Train Epoch 2: 840/1642 Loss: 2.301144
2026-08-16 07:43: Train Epoch 2: 860/1642 Loss: 2.251858
2026-08-16 07:43: Train Epoch 2: 880/1642 Loss: 2.213823
2026-08-16 07:43: Train Epoch 2: 900/1642 Loss: 2.157316
2026-08-16 07:43: Train Epoch 2: 920/1642 Loss: 2.302810
2026-08-16 07:43: Train Epoch 2: 940/1642 Loss: 2.248184
2026-08-16 07:43: Train Epoch 2: 960/1642 Loss: 2.183116
2026-08-16 07:43: Train Epoch 2: 980/1642 Loss: 2.302328
2026-08-16 07:43: Train Epoch 2: 1000/1642 Loss: 2.513435
2026-08-16 07:43: Train Epoch 2: 1020/1642 Loss: 2.158749
2026-08-16 07:43: Train Epoch 2: 1040/1642 Loss: 2.237851
2026-08-16 07:43: Train Epoch 2: 1060/1642 Loss: 2.446190
2026-08-16 07:44: Train Epoch 2: 1080/1642 Loss: 2.272793
2026-08-16 07:44: Train Epoch 2: 1100/1642 Loss: 2.108212
2026-08-16 07:44: Train Epoch 2: 1120/1642 Loss: 2.123436
2026-08-16 07:44: Train Epoch 2: 1140/1642 Loss: 2.170403
2026-08-16 07:44: Train Epoch 2: 1160/1642 Loss: 2.264244
2026-08-16 07:44: Train Epoch 2: 1180/1642 Loss: 2.134146
2026-08-16 07:44: Train Epoch 2: 1200/1642 Loss: 2.246641
2026-08-16 07:44: Train Epoch 2: 1220/1642 Loss: 2.186225
2026-08-16 07:44: Train Epoch 2: 1240/1642 Loss: 2.186424
2026-08-16 07:44: Train Epoch 2: 1260/1642 Loss: 2.236365
2026-08-16 07:44: Train Epoch 2: 1280/1642 Loss: 2.253051
2026-08-16 07:44: Train Epoch 2: 1300/1642 Loss: 2.399121
2026-08-16 07:44: Train Epoch 2: 1320/1642 Loss: 2.137012
2026-08-16 07:44: Train Epoch 2: 1340/1642 Loss: 2.247561
2026-08-16 07:44: Train Epoch 2: 1360/1642 Loss: 2.429406
2026-08-16 07:44: Train Epoch 2: 1380/1642 Loss: 2.181034
2026-08-16 07:44: Train Epoch 2: 1400/1642 Loss: 2.264673
2026-08-16 07:44: Train Epoch 2: 1420/1642 Loss: 2.167735
2026-08-16 07:44: Train Epoch 2: 1440/1642 Loss: 2.117167
2026-08-16 07:44: Train Epoch 2: 1460/1642 Loss: 2.381031
2026-08-16 07:44: Train Epoch 2: 1480/1642 Loss: 2.304514
2026-08-16 07:44: Train Epoch 2: 1500/1642 Loss: 2.104784
2026-08-16 07:44: Train Epoch 2: 1520/1642 Loss: 2.206721
2026-08-16 07:44: Train Epoch 2: 1540/1642 Loss: 2.355815
2026-08-16 07:44: Train Epoch 2: 1560/1642 Loss: 2.178948
2026-08-16 07:44: Train Epoch 2: 1580/1642 Loss: 2.168471
2026-08-16 07:44: Train Epoch 2: 1600/1642 Loss: 2.385572
2026-08-16 07:44: Train Epoch 2: 1620/1642 Loss: 2.253364
2026-08-16 07:44: Train Epoch 2: 1640/1642 Loss: 2.108912
2026-08-16 07:44: **********Train Epoch 2: averaged Loss: 2.346880, tf_ratio: 1.000000
2026-08-16 07:44: **********Val Epoch 2: average Loss: 2.110467
2026-08-16 07:44: *********************************Current best model saved!
2026-08-16 07:44: Train Epoch 3: 0/1642 Loss: 1.980570
2026-08-16 07:44: Train Epoch 3: 20/1642 Loss: 2.131809
2026-08-16 07:44: Train Epoch 3: 40/1642 Loss: 2.178029
2026-08-16 07:44: Train Epoch 3: 60/1642 Loss: 2.195414
2026-08-16 07:44: Train Epoch 3: 80/1642 Loss: 2.082989
2026-08-16 07:44: Train Epoch 3: 100/1642 Loss: 2.232369
2026-08-16 07:44: Train Epoch 3: 120/1642 Loss: 2.134477
2026-08-16 07:44: Train Epoch 3: 140/1642 Loss: 2.198911
2026-08-16 07:44: Train Epoch 3: 160/1642 Loss: 1.861549
2026-08-16 07:44: Train Epoch 3: 180/1642 Loss: 1.969295
2026-08-16 07:44: Train Epoch 3: 200/1642 Loss: 2.091848
2026-08-16 07:44: Train Epoch 3: 220/1642 Loss: 2.166430
2026-08-16 07:44: Train Epoch 3: 240/1642 Loss: 2.160019
2026-08-16 07:44: Train Epoch 3: 260/1642 Loss: 2.267789
2026-08-16 07:44: Train Epoch 3: 280/1642 Loss: 2.013263
2026-08-16 07:44: Train Epoch 3: 300/1642 Loss: 2.070227
2026-08-16 07:44: Train Epoch 3: 320/1642 Loss: 2.059312
2026-08-16 07:44: Train Epoch 3: 340/1642 Loss: 2.246652
2026-08-16 07:44: Train Epoch 3: 360/1642 Loss: 2.351166
2026-08-16 07:44: Train Epoch 3: 380/1642 Loss: 2.368278
2026-08-16 07:44: Train Epoch 3: 400/1642 Loss: 2.174143
2026-08-16 07:44: Train Epoch 3: 420/1642 Loss: 2.116483
2026-08-16 07:44: Train Epoch 3: 440/1642 Loss: 2.231496
2026-08-16 07:44: Train Epoch 3: 460/1642 Loss: 2.287258
2026-08-16 07:44: Train Epoch 3: 480/1642 Loss: 2.141529
2026-08-16 07:44: Train Epoch 3: 500/1642 Loss: 2.038318
2026-08-16 07:44: Train Epoch 3: 520/1642 Loss: 2.019270
2026-08-16 07:44: Train Epoch 3: 540/1642 Loss: 2.080177
2026-08-16 07:44: Train Epoch 3: 560/1642 Loss: 2.302251
2026-08-16 07:44: Train Epoch 3: 580/1642 Loss: 2.083590
2026-08-16 07:44: Train Epoch 3: 600/1642 Loss: 2.336110
2026-08-16 07:44: Train Epoch 3: 620/1642 Loss: 2.167291
2026-08-16 07:44: Train Epoch 3: 640/1642 Loss: 2.119839
2026-08-16 07:44: Train Epoch 3: 660/1642 Loss: 2.266110
2026-08-16 07:44: Train Epoch 3: 680/1642 Loss: 2.061413
2026-08-16 07:44: Train Epoch 3: 700/1642 Loss: 2.192076
2026-08-16 07:44: Train Epoch 3: 720/1642 Loss: 2.276790
2026-08-16 07:44: Train Epoch 3: 740/1642 Loss: 2.058843
2026-08-16 07:44: Train Epoch 3: 760/1642 Loss: 2.031684
2026-08-16 07:44: Train Epoch 3: 780/1642 Loss: 2.117042
2026-08-16 07:44: Train Epoch 3: 800/1642 Loss: 1.954351
2026-08-16 07:44: Train Epoch 3: 820/1642 Loss: 2.090749
2026-08-16 07:44: Train Epoch 3: 840/1642 Loss: 2.256898
2026-08-16 07:44: Train Epoch 3: 860/1642 Loss: 2.173861
2026-08-16 07:44: Train Epoch 3: 880/1642 Loss: 2.000384
2026-08-16 07:44: Train Epoch 3: 900/1642 Loss: 2.108500
2026-08-16 07:45: Train Epoch 3: 920/1642 Loss: 1.973477
2026-08-16 07:45: Train Epoch 3: 940/1642 Loss: 1.941993
2026-08-16 07:45: Train Epoch 3: 960/1642 Loss: 2.099133
2026-08-16 07:45: Train Epoch 3: 980/1642 Loss: 2.039969
2026-08-16 07:45: Train Epoch 3: 1000/1642 Loss: 1.987385
2026-08-16 07:45: Train Epoch 3: 1020/1642 Loss: 2.049340
2026-08-16 07:45: Train Epoch 3: 1040/1642 Loss: 2.176331
2026-08-16 07:45: Train Epoch 3: 1060/1642 Loss: 2.113589
2026-08-16 07:45: Train Epoch 3: 1080/1642 Loss: 2.071843
2026-08-16 07:45: Train Epoch 3: 1100/1642 Loss: 1.959246
2026-08-16 07:45: Train Epoch 3: 1120/1642 Loss: 2.001409
2026-08-16 07:45: Train Epoch 3: 1140/1642 Loss: 2.070515
2026-08-16 07:45: Train Epoch 3: 1160/1642 Loss: 2.031257
2026-08-16 07:45: Train Epoch 3: 1180/1642 Loss: 1.954206
2026-08-16 07:45: Train Epoch 3: 1200/1642 Loss: 2.022532
2026-08-16 07:45: Train Epoch 3: 1220/1642 Loss: 2.133293
2026-08-16 07:45: Train Epoch 3: 1240/1642 Loss: 1.979306
2026-08-16 07:45: Train Epoch 3: 1260/1642 Loss: 2.037510
2026-08-16 07:45: Train Epoch 3: 1280/1642 Loss: 2.076137
2026-08-16 07:45: Train Epoch 3: 1300/1642 Loss: 2.107534
2026-08-16 07:45: Train Epoch 3: 1320/1642 Loss: 2.156931
2026-08-16 07:45: Train Epoch 3: 1340/1642 Loss: 2.167057
2026-08-16 07:45: Train Epoch 3: 1360/1642 Loss: 1.986501
2026-08-16 07:45: Train Epoch 3: 1380/1642 Loss: 1.898696
2026-08-16 07:45: Train Epoch 3: 1400/1642 Loss: 2.070224
2026-08-16 07:45: Train Epoch 3: 1420/1642 Loss: 1.926777
2026-08-16 07:45: Train Epoch 3: 1440/1642 Loss: 2.026331
2026-08-16 07:45: Train Epoch 3: 1460/1642 Loss: 1.843140
2026-08-16 07:45: Train Epoch 3: 1480/1642 Loss: 2.299157
2026-08-16 07:45: Train Epoch 3: 1500/1642 Loss: 2.194633
2026-08-16 07:45: Train Epoch 3: 1520/1642 Loss: 2.102899
2026-08-16 07:45: Train Epoch 3: 1540/1642 Loss: 2.081305
2026-08-16 07:45: Train Epoch 3: 1560/1642 Loss: 2.150244
2026-08-16 07:45: Train Epoch 3: 1580/1642 Loss: 2.032372
2026-08-16 07:45: Train Epoch 3: 1600/1642 Loss: 2.152743
2026-08-16 07:45: Train Epoch 3: 1620/1642 Loss: 2.001864
2026-08-16 07:45: Train Epoch 3: 1640/1642 Loss: 1.911935
2026-08-16 07:45: **********Train Epoch 3: averaged Loss: 2.084770, tf_ratio: 1.000000
2026-08-16 07:45: **********Val Epoch 3: average Loss: 2.017305
2026-08-16 07:45: *********************************Current best model saved!
2026-08-16 07:45: Train Epoch 4: 0/1642 Loss: 1.954608
2026-08-16 07:45: Train Epoch 4: 20/1642 Loss: 2.036168
2026-08-16 07:45: Train Epoch 4: 40/1642 Loss: 2.110742
2026-08-16 07:45: Train Epoch 4: 60/1642 Loss: 2.228602
2026-08-16 07:45: Train Epoch 4: 80/1642 Loss: 2.096654
2026-08-16 07:45: Train Epoch 4: 100/1642 Loss: 1.993692
2026-08-16 07:45: Train Epoch 4: 120/1642 Loss: 2.191862
2026-08-16 07:45: Train Epoch 4: 140/1642 Loss: 1.871499
2026-08-16 07:45: Train Epoch 4: 160/1642 Loss: 1.964235
2026-08-16 07:45: Train Epoch 4: 180/1642 Loss: 1.947398
2026-08-16 07:45: Train Epoch 4: 200/1642 Loss: 2.054533
2026-08-16 07:45: Train Epoch 4: 220/1642 Loss: 2.108639
2026-08-16 07:45: Train Epoch 4: 240/1642 Loss: 1.948368
2026-08-16 07:45: Train Epoch 4: 260/1642 Loss: 1.972888
2026-08-16 07:45: Train Epoch 4: 280/1642 Loss: 2.078279
2026-08-16 07:45: Train Epoch 4: 300/1642 Loss: 2.126723
2026-08-16 07:45: Train Epoch 4: 320/1642 Loss: 1.913252
2026-08-16 07:45: Train Epoch 4: 340/1642 Loss: 2.146920
2026-08-16 07:45: Train Epoch 4: 360/1642 Loss: 1.915463
2026-08-16 07:45: Train Epoch 4: 380/1642 Loss: 1.952508
2026-08-16 07:45: Train Epoch 4: 400/1642 Loss: 2.141903
2026-08-16 07:45: Train Epoch 4: 420/1642 Loss: 1.938938
2026-08-16 07:45: Train Epoch 4: 440/1642 Loss: 1.848877
2026-08-16 07:45: Train Epoch 4: 460/1642 Loss: 1.928045
2026-08-16 07:45: Train Epoch 4: 480/1642 Loss: 2.035909
2026-08-16 07:45: Train Epoch 4: 500/1642 Loss: 2.230560
2026-08-16 07:45: Train Epoch 4: 520/1642 Loss: 2.105999
2026-08-16 07:45: Train Epoch 4: 540/1642 Loss: 1.990276
2026-08-16 07:45: Train Epoch 4: 560/1642 Loss: 2.084498
2026-08-16 07:45: Train Epoch 4: 580/1642 Loss: 2.120053
2026-08-16 07:45: Train Epoch 4: 600/1642 Loss: 2.029470
2026-08-16 07:45: Train Epoch 4: 620/1642 Loss: 2.303267
2026-08-16 07:45: Train Epoch 4: 640/1642 Loss: 2.104137
2026-08-16 07:45: Train Epoch 4: 660/1642 Loss: 1.991992
2026-08-16 07:45: Train Epoch 4: 680/1642 Loss: 1.979534
2026-08-16 07:45: Train Epoch 4: 700/1642 Loss: 1.955850
2026-08-16 07:45: Train Epoch 4: 720/1642 Loss: 2.004968
2026-08-16 07:45: Train Epoch 4: 740/1642 Loss: 2.132825
2026-08-16 07:45: Train Epoch 4: 760/1642 Loss: 1.895459
2026-08-16 07:46: Train Epoch 4: 780/1642 Loss: 2.053141
2026-08-16 07:46: Train Epoch 4: 800/1642 Loss: 1.929102
2026-08-16 07:46: Train Epoch 4: 820/1642 Loss: 1.927991
2026-08-16 07:46: Train Epoch 4: 840/1642 Loss: 1.965458
2026-08-16 07:46: Train Epoch 4: 860/1642 Loss: 1.869982
2026-08-16 07:46: Train Epoch 4: 880/1642 Loss: 2.039728
2026-08-16 07:46: Train Epoch 4: 900/1642 Loss: 2.030802
2026-08-16 07:46: Train Epoch 4: 920/1642 Loss: 1.957924
2026-08-16 07:46: Train Epoch 4: 940/1642 Loss: 1.995002
2026-08-16 07:46: Train Epoch 4: 960/1642 Loss: 2.018754
2026-08-16 07:46: Train Epoch 4: 980/1642 Loss: 2.057441
2026-08-16 07:46: Train Epoch 4: 1000/1642 Loss: 2.004970
2026-08-16 07:46: Train Epoch 4: 1020/1642 Loss: 2.039039
2026-08-16 07:46: Train Epoch 4: 1040/1642 Loss: 2.036562
2026-08-16 07:46: Train Epoch 4: 1060/1642 Loss: 2.022933
2026-08-16 07:46: Train Epoch 4: 1080/1642 Loss: 2.048568
2026-08-16 07:46: Train Epoch 4: 1100/1642 Loss: 1.837993
2026-08-16 07:46: Train Epoch 4: 1120/1642 Loss: 1.862192
2026-08-16 07:46: Train Epoch 4: 1140/1642 Loss: 2.146056
2026-08-16 07:46: Train Epoch 4: 1160/1642 Loss: 1.903498
2026-08-16 07:46: Train Epoch 4: 1180/1642 Loss: 1.962487
2026-08-16 07:46: Train Epoch 4: 1200/1642 Loss: 1.921122
2026-08-16 07:46: Train Epoch 4: 1220/1642 Loss: 2.023403
2026-08-16 07:46: Train Epoch 4: 1240/1642 Loss: 2.073916
2026-08-16 07:46: Train Epoch 4: 1260/1642 Loss: 1.906537
2026-08-16 07:46: Train Epoch 4: 1280/1642 Loss: 1.896857
2026-08-16 07:46: Train Epoch 4: 1300/1642 Loss: 1.866364
2026-08-16 07:46: Train Epoch 4: 1320/1642 Loss: 1.993641
2026-08-16 07:46: Train Epoch 4: 1340/1642 Loss: 1.848315
2026-08-16 07:46: Train Epoch 4: 1360/1642 Loss: 1.946671
2026-08-16 07:46: Train Epoch 4: 1380/1642 Loss: 1.848976
2026-08-16 07:46: Train Epoch 4: 1400/1642 Loss: 2.008667
2026-08-16 07:46: Train Epoch 4: 1420/1642 Loss: 1.920923
2026-08-16 07:46: Train Epoch 4: 1440/1642 Loss: 1.944356
2026-08-16 07:46: Train Epoch 4: 1460/1642 Loss: 2.011547
2026-08-16 07:46: Train Epoch 4: 1480/1642 Loss: 2.005577
2026-08-16 07:46: Train Epoch 4: 1500/1642 Loss: 1.884309
2026-08-16 07:46: Train Epoch 4: 1520/1642 Loss: 1.965736
2026-08-16 07:46: Train Epoch 4: 1540/1642 Loss: 2.134464
2026-08-16 07:46: Train Epoch 4: 1560/1642 Loss: 2.009006
2026-08-16 07:46: Train Epoch 4: 1580/1642 Loss: 1.923086
2026-08-16 07:46: Train Epoch 4: 1600/1642 Loss: 2.061838
2026-08-16 07:46: Train Epoch 4: 1620/1642 Loss: 2.058406
2026-08-16 07:46: Train Epoch 4: 1640/1642 Loss: 1.942382
2026-08-16 07:46: **********Train Epoch 4: averaged Loss: 1.999836, tf_ratio: 1.000000
2026-08-16 07:46: **********Val Epoch 4: average Loss: 1.959767
2026-08-16 07:46: *********************************Current best model saved!
2026-08-16 07:46: Train Epoch 5: 0/1642 Loss: 1.836239
2026-08-16 07:46: Train Epoch 5: 20/1642 Loss: 1.960766
2026-08-16 07:46: Train Epoch 5: 40/1642 Loss: 1.893280
2026-08-16 07:46: Train Epoch 5: 60/1642 Loss: 2.042819
2026-08-16 07:46: Train Epoch 5: 80/1642 Loss: 1.870902
2026-08-16 07:46: Train Epoch 5: 100/1642 Loss: 1.757694
2026-08-16 07:46: Train Epoch 5: 120/1642 Loss: 2.145898
2026-08-16 07:46: Train Epoch 5: 140/1642 Loss: 1.860232
2026-08-16 07:46: Train Epoch 5: 160/1642 Loss: 1.873466
2026-08-16 07:46: Train Epoch 5: 180/1642 Loss: 1.912419
2026-08-16 07:46: Train Epoch 5: 200/1642 Loss: 2.018085
2026-08-16 07:46: Train Epoch 5: 220/1642 Loss: 1.969689
2026-08-16 07:46: Train Epoch 5: 240/1642 Loss: 2.161446
2026-08-16 07:46: Train Epoch 5: 260/1642 Loss: 1.861928
2026-08-16 07:46: Train Epoch 5: 280/1642 Loss: 1.910010
2026-08-16 07:46: Train Epoch 5: 300/1642 Loss: 1.999898
2026-08-16 07:46: Train Epoch 5: 320/1642 Loss: 2.051258
2026-08-16 07:46: Train Epoch 5: 340/1642 Loss: 1.905509
2026-08-16 07:46: Train Epoch 5: 360/1642 Loss: 2.039491
2026-08-16 07:46: Train Epoch 5: 380/1642 Loss: 2.050543
2026-08-16 07:46: Train Epoch 5: 400/1642 Loss: 1.938822
2026-08-16 07:46: Train Epoch 5: 420/1642 Loss: 2.027847
2026-08-16 07:46: Train Epoch 5: 440/1642 Loss: 1.970111
2026-08-16 07:46: Train Epoch 5: 460/1642 Loss: 1.865587
2026-08-16 07:46: Train Epoch 5: 480/1642 Loss: 2.010149
2026-08-16 07:46: Train Epoch 5: 500/1642 Loss: 2.027868
2026-08-16 07:46: Train Epoch 5: 520/1642 Loss: 1.895440
2026-08-16 07:46: Train Epoch 5: 540/1642 Loss: 1.945737
2026-08-16 07:46: Train Epoch 5: 560/1642 Loss: 1.901028
2026-08-16 07:46: Train Epoch 5: 580/1642 Loss: 1.892752
2026-08-16 07:46: Train Epoch 5: 600/1642 Loss: 2.013373
2026-08-16 07:46: Train Epoch 5: 620/1642 Loss: 1.867936
2026-08-16 07:46: Train Epoch 5: 640/1642 Loss: 2.125492
2026-08-16 07:47: Train Epoch 5: 660/1642 Loss: 1.830972
2026-08-16 07:47: Train Epoch 5: 680/1642 Loss: 2.043304
2026-08-16 07:47: Train Epoch 5: 700/1642 Loss: 1.798717
2026-08-16 07:47: Train Epoch 5: 720/1642 Loss: 1.977196
2026-08-16 07:47: Train Epoch 5: 740/1642 Loss: 2.108022
2026-08-16 07:47: Train Epoch 5: 760/1642 Loss: 2.015760
2026-08-16 07:47: Train Epoch 5: 780/1642 Loss: 1.871582
2026-08-16 07:47: Train Epoch 5: 800/1642 Loss: 1.847512
2026-08-16 07:47: Train Epoch 5: 820/1642 Loss: 2.033505
2026-08-16 07:47: Train Epoch 5: 840/1642 Loss: 1.937535
2026-08-16 07:47: Train Epoch 5: 860/1642 Loss: 2.183557
2026-08-16 07:47: Train Epoch 5: 880/1642 Loss: 1.918431
2026-08-16 07:47: Train Epoch 5: 900/1642 Loss: 1.850385
2026-08-16 07:47: Train Epoch 5: 920/1642 Loss: 1.883039
2026-08-16 07:47: Train Epoch 5: 940/1642 Loss: 1.897426
2026-08-16 07:47: Train Epoch 5: 960/1642 Loss: 1.991498
2026-08-16 07:47: Train Epoch 5: 980/1642 Loss: 1.977418
2026-08-16 07:47: Train Epoch 5: 1000/1642 Loss: 2.031142
2026-08-16 07:47: Train Epoch 5: 1020/1642 Loss: 1.984518
2026-08-16 07:47: Train Epoch 5: 1040/1642 Loss: 1.993437
2026-08-16 07:47: Train Epoch 5: 1060/1642 Loss: 1.959945
2026-08-16 07:47: Train Epoch 5: 1080/1642 Loss: 2.080231
2026-08-16 07:47: Train Epoch 5: 1100/1642 Loss: 1.916399
2026-08-16 07:47: Train Epoch 5: 1120/1642 Loss: 2.046805
2026-08-16 07:47: Train Epoch 5: 1140/1642 Loss: 1.918037
2026-08-16 07:47: Train Epoch 5: 1160/1642 Loss: 1.849868
2026-08-16 07:47: Train Epoch 5: 1180/1642 Loss: 1.864030
2026-08-16 07:47: Train Epoch 5: 1200/1642 Loss: 2.054012
2026-08-16 07:47: Train Epoch 5: 1220/1642 Loss: 1.967617
2026-08-16 07:47: Train Epoch 5: 1240/1642 Loss: 2.005015
2026-08-16 07:47: Train Epoch 5: 1260/1642 Loss: 1.979840
2026-08-16 07:47: Train Epoch 5: 1280/1642 Loss: 2.082674
2026-08-16 07:47: Train Epoch 5: 1300/1642 Loss: 1.944276
2026-08-16 07:47: Train Epoch 5: 1320/1642 Loss: 2.003236
2026-08-16 07:47: Train Epoch 5: 1340/1642 Loss: 1.975002
2026-08-16 07:47: Train Epoch 5: 1360/1642 Loss: 1.962724
2026-08-16 07:47: Train Epoch 5: 1380/1642 Loss: 1.966163
2026-08-16 07:47: Train Epoch 5: 1400/1642 Loss: 1.791384
2026-08-16 07:47: Train Epoch 5: 1420/1642 Loss: 1.733103
2026-08-16 07:47: Train Epoch 5: 1440/1642 Loss: 2.008471
2026-08-16 07:47: Train Epoch 5: 1460/1642 Loss: 2.008863
2026-08-16 07:47: Train Epoch 5: 1480/1642 Loss: 1.940491
2026-08-16 07:47: Train Epoch 5: 1500/1642 Loss: 1.959247
2026-08-16 07:47: Train Epoch 5: 1520/1642 Loss: 1.940842
2026-08-16 07:47: Train Epoch 5: 1540/1642 Loss: 2.091112
2026-08-16 07:47: Train Epoch 5: 1560/1642 Loss: 1.828163
2026-08-16 07:47: Train Epoch 5: 1580/1642 Loss: 1.986331
2026-08-16 07:47: Train Epoch 5: 1600/1642 Loss: 1.890770
2026-08-16 07:47: Train Epoch 5: 1620/1642 Loss: 2.109609
2026-08-16 07:47: Train Epoch 5: 1640/1642 Loss: 1.804595
2026-08-16 07:47: **********Train Epoch 5: averaged Loss: 1.953940, tf_ratio: 1.000000
2026-08-16 07:47: **********Val Epoch 5: average Loss: 1.939903
2026-08-16 07:47: *********************************Current best model saved!
2026-08-16 07:47: Train Epoch 6: 0/1642 Loss: 1.961520
2026-08-16 07:47: Train Epoch 6: 20/1642 Loss: 1.996998
2026-08-16 07:47: Train Epoch 6: 40/1642 Loss: 2.119216
2026-08-16 07:47: Train Epoch 6: 60/1642 Loss: 1.947507
2026-08-16 07:47: Train Epoch 6: 80/1642 Loss: 1.963957
2026-08-16 07:47: Train Epoch 6: 100/1642 Loss: 1.852759
2026-08-16 07:47: Train Epoch 6: 120/1642 Loss: 2.079070
2026-08-16 07:47: Train Epoch 6: 140/1642 Loss: 2.027841
2026-08-16 07:47: Train Epoch 6: 160/1642 Loss: 1.788625
2026-08-16 07:47: Train Epoch 6: 180/1642 Loss: 1.957461
2026-08-16 07:47: Train Epoch 6: 200/1642 Loss: 1.770607
2026-08-16 07:47: Train Epoch 6: 220/1642 Loss: 2.011526
2026-08-16 07:47: Train Epoch 6: 240/1642 Loss: 2.004890
2026-08-16 07:47: Train Epoch 6: 260/1642 Loss: 1.794251
2026-08-16 07:47: Train Epoch 6: 280/1642 Loss: 1.844200
2026-08-16 07:47: Train Epoch 6: 300/1642 Loss: 1.915455
2026-08-16 07:47: Train Epoch 6: 320/1642 Loss: 1.854337
2026-08-16 07:47: Train Epoch 6: 340/1642 Loss: 1.932591
2026-08-16 07:47: Train Epoch 6: 360/1642 Loss: 1.930380
2026-08-16 07:47: Train Epoch 6: 380/1642 Loss: 1.824724
2026-08-16 07:47: Train Epoch 6: 400/1642 Loss: 1.858746
2026-08-16 07:47: Train Epoch 6: 420/1642 Loss: 1.780540
2026-08-16 07:47: Train Epoch 6: 440/1642 Loss: 1.909539
2026-08-16 07:47: Train Epoch 6: 460/1642 Loss: 1.837252
2026-08-16 07:47: Train Epoch 6: 480/1642 Loss: 1.789052
2026-08-16 07:47: Train Epoch 6: 500/1642 Loss: 1.955623
2026-08-16 07:48: Train Epoch 6: 520/1642 Loss: 1.910405
2026-08-16 07:48: Train Epoch 6: 540/1642 Loss: 1.976125
2026-08-16 07:48: Train Epoch 6: 560/1642 Loss: 2.073915
2026-08-16 07:48: Train Epoch 6: 580/1642 Loss: 1.879948
2026-08-16 07:48: Train Epoch 6: 600/1642 Loss: 1.834070
2026-08-16 07:48: Train Epoch 6: 620/1642 Loss: 1.952340
2026-08-16 07:48: Train Epoch 6: 640/1642 Loss: 1.986450
2026-08-16 07:48: Train Epoch 6: 660/1642 Loss: 1.982854
2026-08-16 07:48: Train Epoch 6: 680/1642 Loss: 1.988180
2026-08-16 07:48: Train Epoch 6: 700/1642 Loss: 2.067768
2026-08-16 07:48: Train Epoch 6: 720/1642 Loss: 1.947193
2026-08-16 07:48: Train Epoch 6: 740/1642 Loss: 1.801174
2026-08-16 07:48: Train Epoch 6: 760/1642 Loss: 2.032634
2026-08-16 07:48: Train Epoch 6: 780/1642 Loss: 1.884947
2026-08-16 07:48: Train Epoch 6: 800/1642 Loss: 1.845693
2026-08-16 07:48: Train Epoch 6: 820/1642 Loss: 1.794846
2026-08-16 07:48: Train Epoch 6: 840/1642 Loss: 1.892016
2026-08-16 07:48: Train Epoch 6: 860/1642 Loss: 1.979870
2026-08-16 07:48: Train Epoch 6: 880/1642 Loss: 2.112315
2026-08-16 07:48: Train Epoch 6: 900/1642 Loss: 1.818834
2026-08-16 07:48: Train Epoch 6: 920/1642 Loss: 2.131698
2026-08-16 07:48: Train Epoch 6: 940/1642 Loss: 1.788299
2026-08-16 07:48: Train Epoch 6: 960/1642 Loss: 1.787964
2026-08-16 07:48: Train Epoch 6: 980/1642 Loss: 1.804372
2026-08-16 07:48: Train Epoch 6: 1000/1642 Loss: 1.940940
2026-08-16 07:48: Train Epoch 6: 1020/1642 Loss: 1.901388
2026-08-16 07:48: Train Epoch 6: 1040/1642 Loss: 1.966477
2026-08-16 07:48: Train Epoch 6: 1060/1642 Loss: 1.926181
2026-08-16 07:48: Train Epoch 6: 1080/1642 Loss: 2.016441
2026-08-16 07:48: Train Epoch 6: 1100/1642 Loss: 1.782146
2026-08-16 07:48: Train Epoch 6: 1120/1642 Loss: 1.862689
2026-08-16 07:48: Train Epoch 6: 1140/1642 Loss: 1.849045
2026-08-16 07:48: Train Epoch 6: 1160/1642 Loss: 2.045293
2026-08-16 07:48: Train Epoch 6: 1180/1642 Loss: 1.981083
2026-08-16 07:48: Train Epoch 6: 1200/1642 Loss: 1.925234
2026-08-16 07:48: Train Epoch 6: 1220/1642 Loss: 1.890789
2026-08-16 07:48: Train Epoch 6: 1240/1642 Loss: 1.899140
2026-08-16 07:48: Train Epoch 6: 1260/1642 Loss: 1.868135
2026-08-16 07:48: Train Epoch 6: 1280/1642 Loss: 2.025598
2026-08-16 07:48: Train Epoch 6: 1300/1642 Loss: 1.819456
2026-08-16 07:48: Train Epoch 6: 1320/1642 Loss: 2.052126
2026-08-16 07:48: Train Epoch 6: 1340/1642 Loss: 1.797776
2026-08-16 07:48: Train Epoch 6: 1360/1642 Loss: 1.991198
2026-08-16 07:48: Train Epoch 6: 1380/1642 Loss: 1.854248
2026-08-16 07:48: Train Epoch 6: 1400/1642 Loss: 1.966304
2026-08-16 07:48: Train Epoch 6: 1420/1642 Loss: 1.870674
2026-08-16 07:48: Train Epoch 6: 1440/1642 Loss: 2.030443
2026-08-16 07:48: Train Epoch 6: 1460/1642 Loss: 1.906256
2026-08-16 07:48: Train Epoch 6: 1480/1642 Loss: 2.040102
2026-08-16 07:48: Train Epoch 6: 1500/1642 Loss: 1.899678
2026-08-16 07:48: Train Epoch 6: 1520/1642 Loss: 1.905596
2026-08-16 07:48: Train Epoch 6: 1540/1642 Loss: 1.822665
2026-08-16 07:48: Train Epoch 6: 1560/1642 Loss: 1.881447
2026-08-16 07:48: Train Epoch 6: 1580/1642 Loss: 1.914840
2026-08-16 07:48: Train Epoch 6: 1600/1642 Loss: 1.863503
2026-08-16 07:48: Train Epoch 6: 1620/1642 Loss: 1.863462
2026-08-16 07:48: Train Epoch 6: 1640/1642 Loss: 1.875746
2026-08-16 07:48: **********Train Epoch 6: averaged Loss: 1.923519, tf_ratio: 1.000000
2026-08-16 07:48: **********Val Epoch 6: average Loss: 1.899099
2026-08-16 07:48: *********************************Current best model saved!
2026-08-16 07:48: Train Epoch 7: 0/1642 Loss: 1.953965
2026-08-16 07:48: Train Epoch 7: 20/1642 Loss: 1.894653
2026-08-16 07:48: Train Epoch 7: 40/1642 Loss: 1.860906
2026-08-16 07:48: Train Epoch 7: 60/1642 Loss: 1.942498
2026-08-16 07:48: Train Epoch 7: 80/1642 Loss: 1.913249
2026-08-16 07:48: Train Epoch 7: 100/1642 Loss: 1.823914
2026-08-16 07:48: Train Epoch 7: 120/1642 Loss: 1.863095
2026-08-16 07:48: Train Epoch 7: 140/1642 Loss: 1.846827
2026-08-16 07:48: Train Epoch 7: 160/1642 Loss: 1.894616
2026-08-16 07:48: Train Epoch 7: 180/1642 Loss: 1.831751
2026-08-16 07:48: Train Epoch 7: 200/1642 Loss: 1.698455
2026-08-16 07:48: Train Epoch 7: 220/1642 Loss: 1.877479
2026-08-16 07:48: Train Epoch 7: 240/1642 Loss: 1.955552
2026-08-16 07:48: Train Epoch 7: 260/1642 Loss: 1.922162
2026-08-16 07:48: Train Epoch 7: 280/1642 Loss: 1.885020
2026-08-16 07:48: Train Epoch 7: 300/1642 Loss: 1.835430
2026-08-16 07:48: Train Epoch 7: 320/1642 Loss: 1.994563
2026-08-16 07:48: Train Epoch 7: 340/1642 Loss: 1.982693
2026-08-16 07:48: Train Epoch 7: 360/1642 Loss: 1.956889
2026-08-16 07:49: Train Epoch 7: 380/1642 Loss: 2.099651
2026-08-16 07:49: Train Epoch 7: 400/1642 Loss: 1.901051
2026-08-16 07:49: Train Epoch 7: 420/1642 Loss: 1.987635
2026-08-16 07:49: Train Epoch 7: 440/1642 Loss: 1.914349
2026-08-16 07:49: Train Epoch 7: 460/1642 Loss: 1.978247
2026-08-16 07:49: Train Epoch 7: 480/1642 Loss: 1.903233
2026-08-16 07:49: Train Epoch 7: 500/1642 Loss: 1.888619
2026-08-16 07:49: Train Epoch 7: 520/1642 Loss: 1.793286
2026-08-16 07:49: Train Epoch 7: 540/1642 Loss: 1.841125
2026-08-16 07:49: Train Epoch 7: 560/1642 Loss: 1.833679
2026-08-16 07:49: Train Epoch 7: 580/1642 Loss: 1.899282
2026-08-16 07:49: Train Epoch 7: 600/1642 Loss: 1.877363
2026-08-16 07:49: Train Epoch 7: 620/1642 Loss: 1.971591
2026-08-16 07:49: Train Epoch 7: 640/1642 Loss: 2.010915
2026-08-16 07:49: Train Epoch 7: 660/1642 Loss: 1.896715
2026-08-16 07:49: Train Epoch 7: 680/1642 Loss: 1.839733
2026-08-16 07:49: Train Epoch 7: 700/1642 Loss: 1.821976
2026-08-16 07:49: Train Epoch 7: 720/1642 Loss: 1.828238
2026-08-16 07:49: Train Epoch 7: 740/1642 Loss: 1.781707
2026-08-16 07:49: Train Epoch 7: 760/1642 Loss: 1.805538
2026-08-16 07:49: Train Epoch 7: 780/1642 Loss: 2.028216
2026-08-16 07:49: Train Epoch 7: 800/1642 Loss: 1.986128
2026-08-16 07:49: Train Epoch 7: 820/1642 Loss: 1.839194
2026-08-16 07:49: Train Epoch 7: 840/1642 Loss: 1.790289
2026-08-16 07:49: Train Epoch 7: 860/1642 Loss: 1.814679
2026-08-16 07:49: Train Epoch 7: 880/1642 Loss: 1.841946
2026-08-16 07:49: Train Epoch 7: 900/1642 Loss: 1.932510
2026-08-16 07:49: Train Epoch 7: 920/1642 Loss: 1.813379
2026-08-16 07:49: Train Epoch 7: 940/1642 Loss: 1.873946
2026-08-16 07:49: Train Epoch 7: 960/1642 Loss: 1.991005
2026-08-16 07:49: Train Epoch 7: 980/1642 Loss: 1.907955
2026-08-16 07:49: Train Epoch 7: 1000/1642 Loss: 1.998703
2026-08-16 07:49: Train Epoch 7: 1020/1642 Loss: 1.837381
2026-08-16 07:49: Train Epoch 7: 1040/1642 Loss: 1.821308
2026-08-16 07:49: Train Epoch 7: 1060/1642 Loss: 1.773003
2026-08-16 07:49: Train Epoch 7: 1080/1642 Loss: 1.748525
2026-08-16 07:49: Train Epoch 7: 1100/1642 Loss: 1.951944
2026-08-16 07:49: Train Epoch 7: 1120/1642 Loss: 2.001372
2026-08-16 07:49: Train Epoch 7: 1140/1642 Loss: 1.922644
2026-08-16 07:49: Train Epoch 7: 1160/1642 Loss: 1.835861
2026-08-16 07:49: Train Epoch 7: 1180/1642 Loss: 1.976103
2026-08-16 07:49: Train Epoch 7: 1200/1642 Loss: 1.744728
2026-08-16 07:49: Train Epoch 7: 1220/1642 Loss: 1.782708
2026-08-16 07:49: Train Epoch 7: 1240/1642 Loss: 1.898922
2026-08-16 07:49: Train Epoch 7: 1260/1642 Loss: 2.002862
2026-08-16 07:49: Train Epoch 7: 1280/1642 Loss: 1.934655
2026-08-16 07:49: Train Epoch 7: 1300/1642 Loss: 1.839052
2026-08-16 07:49: Train Epoch 7: 1320/1642 Loss: 1.921734
2026-08-16 07:49: Train Epoch 7: 1340/1642 Loss: 1.868191
2026-08-16 07:49: Train Epoch 7: 1360/1642 Loss: 1.954258
2026-08-16 07:49: Train Epoch 7: 1380/1642 Loss: 1.833514
2026-08-16 07:49: Train Epoch 7: 1400/1642 Loss: 1.946663
2026-08-16 07:49: Train Epoch 7: 1420/1642 Loss: 1.755842
2026-08-16 07:49: Train Epoch 7: 1440/1642 Loss: 1.858160
2026-08-16 07:49: Train Epoch 7: 1460/1642 Loss: 1.761061
2026-08-16 07:49: Train Epoch 7: 1480/1642 Loss: 1.910485
2026-08-16 07:49: Train Epoch 7: 1500/1642 Loss: 2.115811
2026-08-16 07:49: Train Epoch 7: 1520/1642 Loss: 1.859012
2026-08-16 07:49: Train Epoch 7: 1540/1642 Loss: 1.876676
2026-08-16 07:49: Train Epoch 7: 1560/1642 Loss: 1.980296
2026-08-16 07:49: Train Epoch 7: 1580/1642 Loss: 1.897220
2026-08-16 07:49: Train Epoch 7: 1600/1642 Loss: 1.875440
2026-08-16 07:49: Train Epoch 7: 1620/1642 Loss: 1.839383
2026-08-16 07:49: Train Epoch 7: 1640/1642 Loss: 1.874081
2026-08-16 07:49: **********Train Epoch 7: averaged Loss: 1.899632, tf_ratio: 1.000000
2026-08-16 07:49: **********Val Epoch 7: average Loss: 1.881394
2026-08-16 07:49: *********************************Current best model saved!
2026-08-16 07:49: Train Epoch 8: 0/1642 Loss: 1.928140
2026-08-16 07:49: Train Epoch 8: 20/1642 Loss: 1.809626
2026-08-16 07:49: Train Epoch 8: 40/1642 Loss: 1.861733
2026-08-16 07:49: Train Epoch 8: 60/1642 Loss: 1.836618
2026-08-16 07:49: Train Epoch 8: 80/1642 Loss: 1.902879
2026-08-16 07:49: Train Epoch 8: 100/1642 Loss: 1.886278
2026-08-16 07:49: Train Epoch 8: 120/1642 Loss: 1.950735
2026-08-16 07:49: Train Epoch 8: 140/1642 Loss: 1.869311
2026-08-16 07:49: Train Epoch 8: 160/1642 Loss: 1.879041
2026-08-16 07:49: Train Epoch 8: 180/1642 Loss: 1.865604
2026-08-16 07:49: Train Epoch 8: 200/1642 Loss: 1.984107
2026-08-16 07:49: Train Epoch 8: 220/1642 Loss: 1.773032
2026-08-16 07:49: Train Epoch 8: 240/1642 Loss: 1.782463
2026-08-16 07:50: Train Epoch 8: 260/1642 Loss: 1.902110
2026-08-16 07:50: Train Epoch 8: 280/1642 Loss: 1.859475
2026-08-16 07:50: Train Epoch 8: 300/1642 Loss: 1.821690
2026-08-16 07:50: Train Epoch 8: 320/1642 Loss: 1.925101
2026-08-16 07:50: Train Epoch 8: 340/1642 Loss: 1.911332
2026-08-16 07:50: Train Epoch 8: 360/1642 Loss: 1.960723
2026-08-16 07:50: Train Epoch 8: 380/1642 Loss: 1.706853
2026-08-16 07:50: Train Epoch 8: 400/1642 Loss: 1.743910
2026-08-16 07:50: Train Epoch 8: 420/1642 Loss: 1.865698
2026-08-16 07:50: Train Epoch 8: 440/1642 Loss: 1.819839
2026-08-16 07:50: Train Epoch 8: 460/1642 Loss: 1.908657
2026-08-16 07:50: Train Epoch 8: 480/1642 Loss: 1.918961
2026-08-16 07:50: Train Epoch 8: 500/1642 Loss: 1.934449
2026-08-16 07:50: Train Epoch 8: 520/1642 Loss: 1.688293
2026-08-16 07:50: Train Epoch 8: 540/1642 Loss: 1.958996
2026-08-16 07:50: Train Epoch 8: 560/1642 Loss: 1.928435
2026-08-16 07:50: Train Epoch 8: 580/1642 Loss: 1.898686
2026-08-16 07:50: Train Epoch 8: 600/1642 Loss: 1.911583
2026-08-16 07:50: Train Epoch 8: 620/1642 Loss: 1.899088
2026-08-16 07:50: Train Epoch 8: 640/1642 Loss: 1.906936
2026-08-16 07:50: Train Epoch 8: 660/1642 Loss: 1.902559
2026-08-16 07:50: Train Epoch 8: 680/1642 Loss: 1.812336
2026-08-16 07:50: Train Epoch 8: 700/1642 Loss: 1.907829
2026-08-16 07:50: Train Epoch 8: 720/1642 Loss: 1.866348
2026-08-16 07:50: Train Epoch 8: 740/1642 Loss: 1.775053
2026-08-16 07:50: Train Epoch 8: 760/1642 Loss: 1.893224
2026-08-16 07:50: Train Epoch 8: 780/1642 Loss: 1.886106
2026-08-16 07:50: Train Epoch 8: 800/1642 Loss: 1.918618
2026-08-16 07:50: Train Epoch 8: 820/1642 Loss: 1.918470
2026-08-16 07:50: Train Epoch 8: 840/1642 Loss: 1.797436
2026-08-16 07:50: Train Epoch 8: 860/1642 Loss: 1.940041
2026-08-16 07:50: Train Epoch 8: 880/1642 Loss: 1.824885
2026-08-16 07:50: Train Epoch 8: 900/1642 Loss: 1.973347
2026-08-16 07:50: Train Epoch 8: 920/1642 Loss: 1.965384
2026-08-16 07:50: Train Epoch 8: 940/1642 Loss: 1.967631
2026-08-16 07:50: Train Epoch 8: 960/1642 Loss: 1.887535
2026-08-16 07:50: Train Epoch 8: 980/1642 Loss: 1.841118
2026-08-16 07:50: Train Epoch 8: 1000/1642 Loss: 2.063525
2026-08-16 07:50: Train Epoch 8: 1020/1642 Loss: 1.837125
2026-08-16 07:50: Train Epoch 8: 1040/1642 Loss: 1.831166
2026-08-16 07:50: Train Epoch 8: 1060/1642 Loss: 1.946713
2026-08-16 07:50: Train Epoch 8: 1080/1642 Loss: 1.809804
2026-08-16 07:50: Train Epoch 8: 1100/1642 Loss: 2.013437
2026-08-16 07:50: Train Epoch 8: 1120/1642 Loss: 1.894043
2026-08-16 07:50: Train Epoch 8: 1140/1642 Loss: 1.872857
2026-08-16 07:50: Train Epoch 8: 1160/1642 Loss: 1.862858
2026-08-16 07:50: Train Epoch 8: 1180/1642 Loss: 1.750457
2026-08-16 07:50: Train Epoch 8: 1200/1642 Loss: 1.791913
2026-08-16 07:50: Train Epoch 8: 1220/1642 Loss: 1.736279
2026-08-16 07:50: Train Epoch 8: 1240/1642 Loss: 1.918952
2026-08-16 07:50: Train Epoch 8: 1260/1642 Loss: 1.770702
2026-08-16 07:50: Train Epoch 8: 1280/1642 Loss: 1.914843
2026-08-16 07:50: Train Epoch 8: 1300/1642 Loss: 1.805348
2026-08-16 07:50: Train Epoch 8: 1320/1642 Loss: 1.866782
2026-08-16 07:50: Train Epoch 8: 1340/1642 Loss: 1.739208
2026-08-16 07:50: Train Epoch 8: 1360/1642 Loss: 1.874279
2026-08-16 07:50: Train Epoch 8: 1380/1642 Loss: 2.024645
2026-08-16 07:50: Train Epoch 8: 1400/1642 Loss: 1.841835
2026-08-16 07:50: Train Epoch 8: 1420/1642 Loss: 1.861835
2026-08-16 07:50: Train Epoch 8: 1440/1642 Loss: 1.904272
2026-08-16 07:50: Train Epoch 8: 1460/1642 Loss: 1.828484
2026-08-16 07:50: Train Epoch 8: 1480/1642 Loss: 1.954790
2026-08-16 07:50: Train Epoch 8: 1500/1642 Loss: 1.818385
2026-08-16 07:50: Train Epoch 8: 1520/1642 Loss: 1.835861
2026-08-16 07:50: Train Epoch 8: 1540/1642 Loss: 1.797637
2026-08-16 07:50: Train Epoch 8: 1560/1642 Loss: 1.929573
2026-08-16 07:50: Train Epoch 8: 1580/1642 Loss: 1.956615
2026-08-16 07:50: Train Epoch 8: 1600/1642 Loss: 1.940848
2026-08-16 07:50: Train Epoch 8: 1620/1642 Loss: 1.948569
2026-08-16 07:50: Train Epoch 8: 1640/1642 Loss: 1.931618
2026-08-16 07:50: **********Train Epoch 8: averaged Loss: 1.881894, tf_ratio: 1.000000
2026-08-16 07:50: **********Val Epoch 8: average Loss: 1.883311
2026-08-16 07:50: Train Epoch 9: 0/1642 Loss: 1.938584
2026-08-16 07:50: Train Epoch 9: 20/1642 Loss: 1.694069
2026-08-16 07:50: Train Epoch 9: 40/1642 Loss: 2.032241
2026-08-16 07:50: Train Epoch 9: 60/1642 Loss: 1.851449
2026-08-16 07:50: Train Epoch 9: 80/1642 Loss: 1.899946
2026-08-16 07:50: Train Epoch 9: 100/1642 Loss: 1.975070
2026-08-16 07:51: Train Epoch 9: 120/1642 Loss: 1.848458
2026-08-16 07:51: Train Epoch 9: 140/1642 Loss: 1.900386
2026-08-16 07:51: Train Epoch 9: 160/1642 Loss: 1.794885
2026-08-16 07:51: Train Epoch 9: 180/1642 Loss: 1.829977
2026-08-16 07:51: Train Epoch 9: 200/1642 Loss: 1.814854
2026-08-16 07:51: Train Epoch 9: 220/1642 Loss: 2.015120
2026-08-16 07:51: Train Epoch 9: 240/1642 Loss: 1.948618
2026-08-16 07:51: Train Epoch 9: 260/1642 Loss: 1.800665
2026-08-16 07:51: Train Epoch 9: 280/1642 Loss: 1.792520
2026-08-16 07:51: Train Epoch 9: 300/1642 Loss: 1.726870
2026-08-16 07:51: Train Epoch 9: 320/1642 Loss: 1.925009
2026-08-16 07:51: Train Epoch 9: 340/1642 Loss: 1.837977
2026-08-16 07:51: Train Epoch 9: 360/1642 Loss: 1.806334
2026-08-16 07:51: Train Epoch 9: 380/1642 Loss: 1.940843
2026-08-16 07:51: Train Epoch 9: 400/1642 Loss: 1.830237
2026-08-16 07:51: Train Epoch 9: 420/1642 Loss: 1.970117
2026-08-16 07:51: Train Epoch 9: 440/1642 Loss: 1.820453
2026-08-16 07:51: Train Epoch 9: 460/1642 Loss: 1.909836
2026-08-16 07:51: Train Epoch 9: 480/1642 Loss: 1.908546
2026-08-16 07:51: Train Epoch 9: 500/1642 Loss: 1.737072
2026-08-16 07:51: Train Epoch 9: 520/1642 Loss: 2.024623
2026-08-16 07:51: Train Epoch 9: 540/1642 Loss: 1.734351
2026-08-16 07:51: Train Epoch 9: 560/1642 Loss: 1.831282
2026-08-16 07:51: Train Epoch 9: 580/1642 Loss: 1.758197
2026-08-16 07:51: Train Epoch 9: 600/1642 Loss: 1.974534
2026-08-16 07:51: Train Epoch 9: 620/1642 Loss: 1.890610
2026-08-16 07:51: Train Epoch 9: 640/1642 Loss: 1.834544
2026-08-16 07:51: Train Epoch 9: 660/1642 Loss: 1.708272
2026-08-16 07:51: Train Epoch 9: 680/1642 Loss: 1.911416
2026-08-16 07:51: Train Epoch 9: 700/1642 Loss: 1.919934
2026-08-16 07:51: Train Epoch 9: 720/1642 Loss: 1.839532
2026-08-16 07:51: Train Epoch 9: 740/1642 Loss: 1.772141
2026-08-16 07:51: Train Epoch 9: 760/1642 Loss: 1.948870
2026-08-16 07:51: Train Epoch 9: 780/1642 Loss: 1.996181
2026-08-16 07:51: Train Epoch 9: 800/1642 Loss: 1.866630
2026-08-16 07:51: Train Epoch 9: 820/1642 Loss: 1.743773
2026-08-16 07:51: Train Epoch 9: 840/1642 Loss: 1.762662
2026-08-16 07:51: Train Epoch 9: 860/1642 Loss: 1.788270
2026-08-16 07:51: Train Epoch 9: 880/1642 Loss: 1.909256
2026-08-16 07:51: Train Epoch 9: 900/1642 Loss: 1.873635
2026-08-16 07:51: Train Epoch 9: 920/1642 Loss: 1.809883
2026-08-16 07:51: Train Epoch 9: 940/1642 Loss: 1.884696
2026-08-16 07:51: Train Epoch 9: 960/1642 Loss: 1.835708
2026-08-16 07:51: Train Epoch 9: 980/1642 Loss: 2.001118
2026-08-16 07:51: Train Epoch 9: 1000/1642 Loss: 1.721548
2026-08-16 07:51: Train Epoch 9: 1020/1642 Loss: 1.776266
2026-08-16 07:51: Train Epoch 9: 1040/1642 Loss: 1.908856
2026-08-16 07:51: Train Epoch 9: 1060/1642 Loss: 1.831884
2026-08-16 07:51: Train Epoch 9: 1080/1642 Loss: 1.770007
2026-08-16 07:51: Train Epoch 9: 1100/1642 Loss: 1.866862
2026-08-16 07:51: Train Epoch 9: 1120/1642 Loss: 2.064609
2026-08-16 07:51: Train Epoch 9: 1140/1642 Loss: 1.804635
2026-08-16 07:51: Train Epoch 9: 1160/1642 Loss: 1.908663
2026-08-16 07:51: Train Epoch 9: 1180/1642 Loss: 1.828753
2026-08-16 07:51: Train Epoch 9: 1200/1642 Loss: 1.911774
2026-08-16 07:51: Train Epoch 9: 1220/1642 Loss: 1.865628
2026-08-16 07:51: Train Epoch 9: 1240/1642 Loss: 1.891743
2026-08-16 07:51: Train Epoch 9: 1260/1642 Loss: 1.867590
2026-08-16 07:51: Train Epoch 9: 1280/1642 Loss: 1.918771
2026-08-16 07:51: Train Epoch 9: 1300/1642 Loss: 1.839466
2026-08-16 07:51: Train Epoch 9: 1320/1642 Loss: 1.939322
2026-08-16 07:51: Train Epoch 9: 1340/1642 Loss: 1.901034
2026-08-16 07:51: Train Epoch 9: 1360/1642 Loss: 1.892465
2026-08-16 07:51: Train Epoch 9: 1380/1642 Loss: 1.993746
2026-08-16 07:51: Train Epoch 9: 1400/1642 Loss: 1.897635
2026-08-16 07:51: Train Epoch 9: 1420/1642 Loss: 1.831365
2026-08-16 07:51: Train Epoch 9: 1440/1642 Loss: 1.958140
2026-08-16 07:51: Train Epoch 9: 1460/1642 Loss: 1.986184
2026-08-16 07:51: Train Epoch 9: 1480/1642 Loss: 1.661624
2026-08-16 07:51: Train Epoch 9: 1500/1642 Loss: 1.894368
2026-08-16 07:51: Train Epoch 9: 1520/1642 Loss: 1.796161
2026-08-16 07:51: Train Epoch 9: 1540/1642 Loss: 1.926346
2026-08-16 07:51: Train Epoch 9: 1560/1642 Loss: 1.909508
2026-08-16 07:51: Train Epoch 9: 1580/1642 Loss: 1.893736
2026-08-16 07:51: Train Epoch 9: 1600/1642 Loss: 1.852937
2026-08-16 07:51: Train Epoch 9: 1620/1642 Loss: 1.940293
2026-08-16 07:51: Train Epoch 9: 1640/1642 Loss: 1.947651
2026-08-16 07:51: **********Train Epoch 9: averaged Loss: 1.866579, tf_ratio: 1.000000
2026-08-16 07:52: **********Val Epoch 9: average Loss: 1.871782
2026-08-16 07:52: *********************************Current best model saved!
2026-08-16 07:52: Train Epoch 10: 0/1642 Loss: 1.951435
2026-08-16 07:52: Train Epoch 10: 20/1642 Loss: 1.732570
2026-08-16 07:52: Train Epoch 10: 40/1642 Loss: 1.823665
2026-08-16 07:52: Train Epoch 10: 60/1642 Loss: 1.982715
2026-08-16 07:52: Train Epoch 10: 80/1642 Loss: 1.863222
2026-08-16 07:52: Train Epoch 10: 100/1642 Loss: 2.004295
2026-08-16 07:52: Train Epoch 10: 120/1642 Loss: 1.852130
2026-08-16 07:52: Train Epoch 10: 140/1642 Loss: 1.773332
2026-08-16 07:52: Train Epoch 10: 160/1642 Loss: 1.903226
2026-08-16 07:52: Train Epoch 10: 180/1642 Loss: 1.895386
2026-08-16 07:52: Train Epoch 10: 200/1642 Loss: 1.817789
2026-08-16 07:52: Train Epoch 10: 220/1642 Loss: 1.792548
2026-08-16 07:52: Train Epoch 10: 240/1642 Loss: 1.849941
2026-08-16 07:52: Train Epoch 10: 260/1642 Loss: 1.812258
2026-08-16 07:52: Train Epoch 10: 280/1642 Loss: 2.000015
2026-08-16 07:52: Train Epoch 10: 300/1642 Loss: 1.916675
2026-08-16 07:52: Train Epoch 10: 320/1642 Loss: 2.057148
2026-08-16 07:52: Train Epoch 10: 340/1642 Loss: 1.862125
2026-08-16 07:52: Train Epoch 10: 360/1642 Loss: 1.913561
2026-08-16 07:52: Train Epoch 10: 380/1642 Loss: 1.860709
2026-08-16 07:52: Train Epoch 10: 400/1642 Loss: 2.016919
2026-08-16 07:52: Train Epoch 10: 420/1642 Loss: 1.773895
2026-08-16 07:52: Train Epoch 10: 440/1642 Loss: 1.739901
2026-08-16 07:52: Train Epoch 10: 460/1642 Loss: 1.784177
2026-08-16 07:52: Train Epoch 10: 480/1642 Loss: 1.851205
2026-08-16 07:52: Train Epoch 10: 500/1642 Loss: 1.848295
2026-08-16 07:52: Train Epoch 10: 520/1642 Loss: 1.838089
2026-08-16 07:52: Train Epoch 10: 540/1642 Loss: 1.933529
2026-08-16 07:52: Train Epoch 10: 560/1642 Loss: 1.841505
2026-08-16 07:52: Train Epoch 10: 580/1642 Loss: 1.874455
2026-08-16 07:52: Train Epoch 10: 600/1642 Loss: 1.907830
2026-08-16 07:52: Train Epoch 10: 620/1642 Loss: 2.172687
2026-08-16 07:52: Train Epoch 10: 640/1642 Loss: 1.822246
2026-08-16 07:52: Train Epoch 10: 660/1642 Loss: 1.891994
2026-08-16 07:52: Train Epoch 10: 680/1642 Loss: 1.949500
2026-08-16 07:52: Train Epoch 10: 700/1642 Loss: 1.806650
2026-08-16 07:52: Train Epoch 10: 720/1642 Loss: 1.751854
2026-08-16 07:52: Train Epoch 10: 740/1642 Loss: 1.847864
2026-08-16 07:52: Train Epoch 10: 760/1642 Loss: 1.835867
2026-08-16 07:52: Train Epoch 10: 780/1642 Loss: 1.910457
2026-08-16 07:52: Train Epoch 10: 800/1642 Loss: 2.104846
2026-08-16 07:52: Train Epoch 10: 820/1642 Loss: 1.811814
2026-08-16 07:52: Train Epoch 10: 840/1642 Loss: 1.940529
2026-08-16 07:52: Train Epoch 10: 860/1642 Loss: 2.061655
2026-08-16 07:52: Train Epoch 10: 880/1642 Loss: 1.860409
2026-08-16 07:52: Train Epoch 10: 900/1642 Loss: 1.922877
2026-08-16 07:52: Train Epoch 10: 920/1642 Loss: 1.691713
2026-08-16 07:52: Train Epoch 10: 940/1642 Loss: 1.895240
2026-08-16 07:52: Train Epoch 10: 960/1642 Loss: 2.027440
2026-08-16 07:52: Train Epoch 10: 980/1642 Loss: 1.782348
2026-08-16 07:52: Train Epoch 10: 1000/1642 Loss: 1.836350
2026-08-16 07:52: Train Epoch 10: 1020/1642 Loss: 1.864904
2026-08-16 07:52: Train Epoch 10: 1040/1642 Loss: 1.866298
2026-08-16 07:52: Train Epoch 10: 1060/1642 Loss: 1.877830
2026-08-16 07:52: Train Epoch 10: 1080/1642 Loss: 1.873795
2026-08-16 07:52: Train Epoch 10: 1100/1642 Loss: 1.905989
2026-08-16 07:52: Train Epoch 10: 1120/1642 Loss: 1.835753
2026-08-16 07:52: Train Epoch 10: 1140/1642 Loss: 1.900168
2026-08-16 07:52: Train Epoch 10: 1160/1642 Loss: 1.826570
2026-08-16 07:52: Train Epoch 10: 1180/1642 Loss: 1.789027
2026-08-16 07:52: Train Epoch 10: 1200/1642 Loss: 1.791774
2026-08-16 07:52: Train Epoch 10: 1220/1642 Loss: 1.774641
2026-08-16 07:52: Train Epoch 10: 1240/1642 Loss: 1.773080
2026-08-16 07:52: Train Epoch 10: 1260/1642 Loss: 1.798077
2026-08-16 07:52: Train Epoch 10: 1280/1642 Loss: 1.995111
2026-08-16 07:52: Train Epoch 10: 1300/1642 Loss: 1.914216
2026-08-16 07:52: Train Epoch 10: 1320/1642 Loss: 2.043848
2026-08-16 07:52: Train Epoch 10: 1340/1642 Loss: 1.890502
2026-08-16 07:52: Train Epoch 10: 1360/1642 Loss: 1.839162
2026-08-16 07:52: Train Epoch 10: 1380/1642 Loss: 1.746291
2026-08-16 07:52: Train Epoch 10: 1400/1642 Loss: 1.848902
2026-08-16 07:52: Train Epoch 10: 1420/1642 Loss: 1.645371
2026-08-16 07:52: Train Epoch 10: 1440/1642 Loss: 1.945198
2026-08-16 07:52: Train Epoch 10: 1460/1642 Loss: 1.699301
2026-08-16 07:52: Train Epoch 10: 1480/1642 Loss: 1.877203
2026-08-16 07:52: Train Epoch 10: 1500/1642 Loss: 1.816850
2026-08-16 07:52: Train Epoch 10: 1520/1642 Loss: 1.924024
2026-08-16 07:52: Train Epoch 10: 1540/1642 Loss: 1.883040
2026-08-16 07:52: Train Epoch 10: 1560/1642 Loss: 1.800325
2026-08-16 07:52: Train Epoch 10: 1580/1642 Loss: 1.877525
2026-08-16 07:52: Train Epoch 10: 1600/1642 Loss: 1.882800
2026-08-16 07:52: Train Epoch 10: 1620/1642 Loss: 1.776468
2026-08-16 07:52: Train Epoch 10: 1640/1642 Loss: 1.772968
2026-08-16 07:52: **********Train Epoch 10: averaged Loss: 1.852727, tf_ratio: 1.000000
2026-08-16 07:53: **********Val Epoch 10: average Loss: 1.856430
2026-08-16 07:53: *********************************Current best model saved!
2026-08-16 07:53: Train Epoch 11: 0/1642 Loss: 1.788330
2026-08-16 07:53: Train Epoch 11: 20/1642 Loss: 1.828949
2026-08-16 07:53: Train Epoch 11: 40/1642 Loss: 1.690561
2026-08-16 07:53: Train Epoch 11: 60/1642 Loss: 1.816149
2026-08-16 07:53: Train Epoch 11: 80/1642 Loss: 1.897910
2026-08-16 07:53: Train Epoch 11: 100/1642 Loss: 1.948927
2026-08-16 07:53: Train Epoch 11: 120/1642 Loss: 1.937416
2026-08-16 07:53: Train Epoch 11: 140/1642 Loss: 1.822061
2026-08-16 07:53: Train Epoch 11: 160/1642 Loss: 1.944269
2026-08-16 07:53: Train Epoch 11: 180/1642 Loss: 1.833082
2026-08-16 07:53: Train Epoch 11: 200/1642 Loss: 1.836491
2026-08-16 07:53: Train Epoch 11: 220/1642 Loss: 1.822618
2026-08-16 07:53: Train Epoch 11: 240/1642 Loss: 1.838571
2026-08-16 07:53: Train Epoch 11: 260/1642 Loss: 1.891495
2026-08-16 07:53: Train Epoch 11: 280/1642 Loss: 1.827942
2026-08-16 07:53: Train Epoch 11: 300/1642 Loss: 1.884990
2026-08-16 07:53: Train Epoch 11: 320/1642 Loss: 1.842175
2026-08-16 07:53: Train Epoch 11: 340/1642 Loss: 1.766945
2026-08-16 07:53: Train Epoch 11: 360/1642 Loss: 1.869498
2026-08-16 07:53: Train Epoch 11: 380/1642 Loss: 1.854082
2026-08-16 07:53: Train Epoch 11: 400/1642 Loss: 1.766341
2026-08-16 07:53: Train Epoch 11: 420/1642 Loss: 1.883703
2026-08-16 07:53: Train Epoch 11: 440/1642 Loss: 1.816224
2026-08-16 07:53: Train Epoch 11: 460/1642 Loss: 1.884096
2026-08-16 07:53: Train Epoch 11: 480/1642 Loss: 1.708079
2026-08-16 07:53: Train Epoch 11: 500/1642 Loss: 2.029809
2026-08-16 07:53: Train Epoch 11: 520/1642 Loss: 1.722670
2026-08-16 07:53: Train Epoch 11: 540/1642 Loss: 1.955384
2026-08-16 07:53: Train Epoch 11: 560/1642 Loss: 1.899542
2026-08-16 07:53: Train Epoch 11: 580/1642 Loss: 1.901494
2026-08-16 07:53: Train Epoch 11: 600/1642 Loss: 1.767541
2026-08-16 07:53: Train Epoch 11: 620/1642 Loss: 1.955042
2026-08-16 07:53: Train Epoch 11: 640/1642 Loss: 1.886860
2026-08-16 07:53: Train Epoch 11: 660/1642 Loss: 1.729392
2026-08-16 07:53: Train Epoch 11: 680/1642 Loss: 1.755273
2026-08-16 07:53: Train Epoch 11: 700/1642 Loss: 1.731543
2026-08-16 07:53: Train Epoch 11: 720/1642 Loss: 1.890298
2026-08-16 07:53: Train Epoch 11: 740/1642 Loss: 1.785040
2026-08-16 07:53: Train Epoch 11: 760/1642 Loss: 1.884386
2026-08-16 07:53: Train Epoch 11: 780/1642 Loss: 1.746254
2026-08-16 07:53: Train Epoch 11: 800/1642 Loss: 1.917027
2026-08-16 07:53: Train Epoch 11: 820/1642 Loss: 1.811870
2026-08-16 07:53: Train Epoch 11: 840/1642 Loss: 1.805173
2026-08-16 07:53: Train Epoch 11: 860/1642 Loss: 1.937157
2026-08-16 07:53: Train Epoch 11: 880/1642 Loss: 1.915274
2026-08-16 07:53: Train Epoch 11: 900/1642 Loss: 1.826027
2026-08-16 07:53: Train Epoch 11: 920/1642 Loss: 1.847431
2026-08-16 07:53: Train Epoch 11: 940/1642 Loss: 1.783984
2026-08-16 07:53: Train Epoch 11: 960/1642 Loss: 1.858464
2026-08-16 07:53: Train Epoch 11: 980/1642 Loss: 1.845807
2026-08-16 07:53: Train Epoch 11: 1000/1642 Loss: 1.874822
2026-08-16 07:53: Train Epoch 11: 1020/1642 Loss: 1.748829
2026-08-16 07:53: Train Epoch 11: 1040/1642 Loss: 1.897541
2026-08-16 07:53: Train Epoch 11: 1060/1642 Loss: 1.792935
2026-08-16 07:53: Train Epoch 11: 1080/1642 Loss: 1.798125
2026-08-16 07:53: Train Epoch 11: 1100/1642 Loss: 1.945259
2026-08-16 07:53: Train Epoch 11: 1120/1642 Loss: 1.873655
2026-08-16 07:53: Train Epoch 11: 1140/1642 Loss: 1.887240
2026-08-16 07:53: Train Epoch 11: 1160/1642 Loss: 1.778134
2026-08-16 07:53: Train Epoch 11: 1180/1642 Loss: 1.831252
2026-08-16 07:53: Train Epoch 11: 1200/1642 Loss: 1.867095
2026-08-16 07:53: Train Epoch 11: 1220/1642 Loss: 1.847203
2026-08-16 07:53: Train Epoch 11: 1240/1642 Loss: 1.924075
2026-08-16 07:53: Train Epoch 11: 1260/1642 Loss: 1.793645
2026-08-16 07:53: Train Epoch 11: 1280/1642 Loss: 1.922616
2026-08-16 07:53: Train Epoch 11: 1300/1642 Loss: 1.961604
2026-08-16 07:53: Train Epoch 11: 1320/1642 Loss: 1.710961
2026-08-16 07:53: Train Epoch 11: 1340/1642 Loss: 1.708351
2026-08-16 07:53: Train Epoch 11: 1360/1642 Loss: 1.804597
2026-08-16 07:53: Train Epoch 11: 1380/1642 Loss: 1.731446
2026-08-16 07:53: Train Epoch 11: 1400/1642 Loss: 1.740673
2026-08-16 07:53: Train Epoch 11: 1420/1642 Loss: 1.857030
2026-08-16 07:53: Train Epoch 11: 1440/1642 Loss: 1.870435
2026-08-16 07:53: Train Epoch 11: 1460/1642 Loss: 1.847127
2026-08-16 07:53: Train Epoch 11: 1480/1642 Loss: 1.964477
2026-08-16 07:53: Train Epoch 11: 1500/1642 Loss: 1.862957
2026-08-16 07:53: Train Epoch 11: 1520/1642 Loss: 1.762757
2026-08-16 07:54: Train Epoch 11: 1540/1642 Loss: 1.913283
2026-08-16 07:54: Train Epoch 11: 1560/1642 Loss: 1.707577
2026-08-16 07:54: Train Epoch 11: 1580/1642 Loss: 1.888677
2026-08-16 07:54: Train Epoch 11: 1600/1642 Loss: 1.824241
2026-08-16 07:54: Train Epoch 11: 1620/1642 Loss: 1.828378
2026-08-16 07:54: Train Epoch 11: 1640/1642 Loss: 1.821543
2026-08-16 07:54: **********Train Epoch 11: averaged Loss: 1.841529, tf_ratio: 1.000000
2026-08-16 07:54: **********Val Epoch 11: average Loss: 1.854454
2026-08-16 07:54: *********************************Current best model saved!
2026-08-16 07:54: Train Epoch 12: 0/1642 Loss: 1.853890
2026-08-16 07:54: Train Epoch 12: 20/1642 Loss: 2.055348
2026-08-16 07:54: Train Epoch 12: 40/1642 Loss: 1.758653
2026-08-16 07:54: Train Epoch 12: 60/1642 Loss: 2.011375
2026-08-16 07:54: Train Epoch 12: 80/1642 Loss: 1.819223
2026-08-16 07:54: Train Epoch 12: 100/1642 Loss: 1.701709
2026-08-16 07:54: Train Epoch 12: 120/1642 Loss: 1.873906
2026-08-16 07:54: Train Epoch 12: 140/1642 Loss: 1.791775
2026-08-16 07:54: Train Epoch 12: 160/1642 Loss: 1.770261
2026-08-16 07:54: Train Epoch 12: 180/1642 Loss: 1.935397
2026-08-16 07:54: Train Epoch 12: 200/1642 Loss: 1.838384
2026-08-16 07:54: Train Epoch 12: 220/1642 Loss: 1.932192
2026-08-16 07:54: Train Epoch 12: 240/1642 Loss: 1.841175
2026-08-16 07:54: Train Epoch 12: 260/1642 Loss: 1.763101
2026-08-16 07:54: Train Epoch 12: 280/1642 Loss: 1.788092
2026-08-16 07:54: Train Epoch 12: 300/1642 Loss: 1.991752
2026-08-16 07:54: Train Epoch 12: 320/1642 Loss: 1.728445
2026-08-16 07:54: Train Epoch 12: 340/1642 Loss: 1.828512
2026-08-16 07:54: Train Epoch 12: 360/1642 Loss: 1.781450
2026-08-16 07:54: Train Epoch 12: 380/1642 Loss: 1.847994
2026-08-16 07:54: Train Epoch 12: 400/1642 Loss: 1.948456
2026-08-16 07:54: Train Epoch 12: 420/1642 Loss: 1.762633
2026-08-16 07:54: Train Epoch 12: 440/1642 Loss: 1.751313
2026-08-16 07:54: Train Epoch 12: 460/1642 Loss: 1.859780
2026-08-16 07:54: Train Epoch 12: 480/1642 Loss: 1.828631
2026-08-16 07:54: Train Epoch 12: 500/1642 Loss: 1.990532
2026-08-16 07:54: Train Epoch 12: 520/1642 Loss: 1.830551
2026-08-16 07:54: Train Epoch 12: 540/1642 Loss: 1.834953
2026-08-16 07:54: Train Epoch 12: 560/1642 Loss: 1.771174
2026-08-16 07:54: Train Epoch 12: 580/1642 Loss: 1.818913
2026-08-16 07:54: Train Epoch 12: 600/1642 Loss: 1.863129
2026-08-16 07:54: Train Epoch 12: 620/1642 Loss: 1.905681
2026-08-16 07:54: Train Epoch 12: 640/1642 Loss: 1.926463
2026-08-16 07:54: Train Epoch 12: 660/1642 Loss: 1.654765
2026-08-16 07:54: Train Epoch 12: 680/1642 Loss: 1.817490
2026-08-16 07:54: Train Epoch 12: 700/1642 Loss: 1.856138
2026-08-16 07:54: Train Epoch 12: 720/1642 Loss: 1.803500
2026-08-16 07:54: Train Epoch 12: 740/1642 Loss: 1.821962
2026-08-16 07:54: Train Epoch 12: 760/1642 Loss: 1.696241
2026-08-16 07:54: Train Epoch 12: 780/1642 Loss: 1.789387
2026-08-16 07:54: Train Epoch 12: 800/1642 Loss: 1.862844
2026-08-16 07:54: Train Epoch 12: 820/1642 Loss: 1.869827
2026-08-16 07:54: Train Epoch 12: 840/1642 Loss: 1.715703
2026-08-16 07:54: Train Epoch 12: 860/1642 Loss: 1.862716
2026-08-16 07:54: Train Epoch 12: 880/1642 Loss: 1.843835
2026-08-16 07:54: Train Epoch 12: 900/1642 Loss: 1.799287
2026-08-16 07:54: Train Epoch 12: 920/1642 Loss: 1.865761
2026-08-16 07:54: Train Epoch 12: 940/1642 Loss: 1.754535
2026-08-16 07:54: Train Epoch 12: 960/1642 Loss: 1.721110
2026-08-16 07:54: Train Epoch 12: 980/1642 Loss: 1.756281
2026-08-16 07:54: Train Epoch 12: 1000/1642 Loss: 1.937739
2026-08-16 07:54: Train Epoch 12: 1020/1642 Loss: 1.811394
2026-08-16 07:54: Train Epoch 12: 1040/1642 Loss: 1.775732
2026-08-16 07:54: Train Epoch 12: 1060/1642 Loss: 1.694606
2026-08-16 07:54: Train Epoch 12: 1080/1642 Loss: 1.676135
2026-08-16 07:54: Train Epoch 12: 1100/1642 Loss: 1.654603
2026-08-16 07:54: Train Epoch 12: 1120/1642 Loss: 2.064279
2026-08-16 07:54: Train Epoch 12: 1140/1642 Loss: 1.768854
2026-08-16 07:54: Train Epoch 12: 1160/1642 Loss: 1.860899
2026-08-16 07:54: Train Epoch 12: 1180/1642 Loss: 1.846489
2026-08-16 07:54: Train Epoch 12: 1200/1642 Loss: 1.746186
2026-08-16 07:54: Train Epoch 12: 1220/1642 Loss: 1.839936
2026-08-16 07:54: Train Epoch 12: 1240/1642 Loss: 1.725917
2026-08-16 07:54: Train Epoch 12: 1260/1642 Loss: 1.722700
2026-08-16 07:54: Train Epoch 12: 1280/1642 Loss: 1.864046
2026-08-16 07:54: Train Epoch 12: 1300/1642 Loss: 1.739343
2026-08-16 07:54: Train Epoch 12: 1320/1642 Loss: 1.808303
2026-08-16 07:54: Train Epoch 12: 1340/1642 Loss: 1.866365
2026-08-16 07:54: Train Epoch 12: 1360/1642 Loss: 1.909631
2026-08-16 07:54: Train Epoch 12: 1380/1642 Loss: 1.933169
2026-08-16 07:55: Train Epoch 12: 1400/1642 Loss: 2.018355
2026-08-16 07:55: Train Epoch 12: 1420/1642 Loss: 1.893215
2026-08-16 07:55: Train Epoch 12: 1440/1642 Loss: 1.748214
2026-08-16 07:55: Train Epoch 12: 1460/1642 Loss: 1.939093
2026-08-16 07:55: Train Epoch 12: 1480/1642 Loss: 1.880551
2026-08-16 07:55: Train Epoch 12: 1500/1642 Loss: 1.718520
2026-08-16 07:55: Train Epoch 12: 1520/1642 Loss: 1.834126
2026-08-16 07:55: Train Epoch 12: 1540/1642 Loss: 1.811222
2026-08-16 07:55: Train Epoch 12: 1560/1642 Loss: 1.965915
2026-08-16 07:55: Train Epoch 12: 1580/1642 Loss: 1.980543
2026-08-16 07:55: Train Epoch 12: 1600/1642 Loss: 1.843498
2026-08-16 07:55: Train Epoch 12: 1620/1642 Loss: 1.855898
2026-08-16 07:55: Train Epoch 12: 1640/1642 Loss: 1.853505
2026-08-16 07:55: **********Train Epoch 12: averaged Loss: 1.831503, tf_ratio: 1.000000
2026-08-16 07:55: **********Val Epoch 12: average Loss: 1.847556
2026-08-16 07:55: *********************************Current best model saved!
2026-08-16 07:55: Train Epoch 13: 0/1642 Loss: 1.748222
2026-08-16 07:55: Train Epoch 13: 20/1642 Loss: 1.758258
2026-08-16 07:55: Train Epoch 13: 40/1642 Loss: 1.724900
2026-08-16 07:55: Train Epoch 13: 60/1642 Loss: 1.721841
2026-08-16 07:55: Train Epoch 13: 80/1642 Loss: 1.764547
2026-08-16 07:55: Train Epoch 13: 100/1642 Loss: 1.865258
2026-08-16 07:55: Train Epoch 13: 120/1642 Loss: 1.817150
2026-08-16 07:55: Train Epoch 13: 140/1642 Loss: 1.921447
2026-08-16 07:55: Train Epoch 13: 160/1642 Loss: 1.771635
2026-08-16 07:55: Train Epoch 13: 180/1642 Loss: 1.806851
2026-08-16 07:55: Train Epoch 13: 200/1642 Loss: 1.816721
2026-08-16 07:55: Train Epoch 13: 220/1642 Loss: 1.944941
2026-08-16 07:55: Train Epoch 13: 240/1642 Loss: 1.926298
2026-08-16 07:55: Train Epoch 13: 260/1642 Loss: 1.751544
2026-08-16 07:55: Train Epoch 13: 280/1642 Loss: 1.841170
2026-08-16 07:55: Train Epoch 13: 300/1642 Loss: 1.792766
2026-08-16 07:55: Train Epoch 13: 320/1642 Loss: 1.783967
2026-08-16 07:55: Train Epoch 13: 340/1642 Loss: 1.913932
2026-08-16 07:55: Train Epoch 13: 360/1642 Loss: 1.801134
2026-08-16 07:55: Train Epoch 13: 380/1642 Loss: 1.925311
2026-08-16 07:55: Train Epoch 13: 400/1642 Loss: 1.777137
2026-08-16 07:55: Train Epoch 13: 420/1642 Loss: 1.876193
2026-08-16 07:55: Train Epoch 13: 440/1642 Loss: 1.872003
2026-08-16 07:55: Train Epoch 13: 460/1642 Loss: 1.813286
2026-08-16 07:55: Train Epoch 13: 480/1642 Loss: 1.895967
2026-08-16 07:55: Train Epoch 13: 500/1642 Loss: 1.756429
2026-08-16 07:55: Train Epoch 13: 520/1642 Loss: 1.759718
2026-08-16 07:55: Train Epoch 13: 540/1642 Loss: 1.860549
2026-08-16 07:55: Train Epoch 13: 560/1642 Loss: 1.790170
2026-08-16 07:55: Train Epoch 13: 580/1642 Loss: 1.837544
2026-08-16 07:55: Train Epoch 13: 600/1642 Loss: 1.780530
2026-08-16 07:55: Train Epoch 13: 620/1642 Loss: 1.887437
2026-08-16 07:55: Train Epoch 13: 640/1642 Loss: 1.829340
2026-08-16 07:55: Train Epoch 13: 660/1642 Loss: 1.738401
2026-08-16 07:55: Train Epoch 13: 680/1642 Loss: 1.671693
2026-08-16 07:55: Train Epoch 13: 700/1642 Loss: 1.883485
2026-08-16 07:55: Train Epoch 13: 720/1642 Loss: 1.597042
2026-08-16 07:55: Train Epoch 13: 740/1642 Loss: 1.848246
2026-08-16 07:55: Train Epoch 13: 760/1642 Loss: 1.784393
2026-08-16 07:55: Train Epoch 13: 780/1642 Loss: 1.832946
2026-08-16 07:55: Train Epoch 13: 800/1642 Loss: 1.833607
2026-08-16 07:55: Train Epoch 13: 820/1642 Loss: 1.627593
2026-08-16 07:55: Train Epoch 13: 840/1642 Loss: 1.836971
2026-08-16 07:55: Train Epoch 13: 860/1642 Loss: 1.799335
2026-08-16 07:55: Train Epoch 13: 880/1642 Loss: 1.868057
2026-08-16 07:55: Train Epoch 13: 900/1642 Loss: 1.775803
2026-08-16 07:55: Train Epoch 13: 920/1642 Loss: 1.895597
2026-08-16 07:55: Train Epoch 13: 940/1642 Loss: 1.693286
2026-08-16 07:55: Train Epoch 13: 960/1642 Loss: 1.820199
2026-08-16 07:55: Train Epoch 13: 980/1642 Loss: 1.729923
2026-08-16 07:55: Train Epoch 13: 1000/1642 Loss: 1.778140
2026-08-16 07:55: Train Epoch 13: 1020/1642 Loss: 1.835559
2026-08-16 07:55: Train Epoch 13: 1040/1642 Loss: 1.753724
2026-08-16 07:55: Train Epoch 13: 1060/1642 Loss: 1.875128
2026-08-16 07:55: Train Epoch 13: 1080/1642 Loss: 1.921317
2026-08-16 07:55: Train Epoch 13: 1100/1642 Loss: 1.867816
2026-08-16 07:55: Train Epoch 13: 1120/1642 Loss: 1.799259
2026-08-16 07:55: Train Epoch 13: 1140/1642 Loss: 1.946235
2026-08-16 07:55: Train Epoch 13: 1160/1642 Loss: 1.802440
2026-08-16 07:55: Train Epoch 13: 1180/1642 Loss: 1.940643
2026-08-16 07:55: Train Epoch 13: 1200/1642 Loss: 1.970801
2026-08-16 07:55: Train Epoch 13: 1220/1642 Loss: 1.925049
2026-08-16 07:55: Train Epoch 13: 1240/1642 Loss: 1.897378
2026-08-16 07:56: Train Epoch 13: 1260/1642 Loss: 1.876678
2026-08-16 07:56: Train Epoch 13: 1280/1642 Loss: 1.724995
2026-08-16 07:56: Train Epoch 13: 1300/1642 Loss: 1.793026
2026-08-16 07:56: Train Epoch 13: 1320/1642 Loss: 1.725268
2026-08-16 07:56: Train Epoch 13: 1340/1642 Loss: 1.871810
2026-08-16 07:56: Train Epoch 13: 1360/1642 Loss: 1.825711
2026-08-16 07:56: Train Epoch 13: 1380/1642 Loss: 1.718730
2026-08-16 07:56: Train Epoch 13: 1400/1642 Loss: 1.843838
2026-08-16 07:56: Train Epoch 13: 1420/1642 Loss: 1.814625
2026-08-16 07:56: Train Epoch 13: 1440/1642 Loss: 1.934612
2026-08-16 07:56: Train Epoch 13: 1460/1642 Loss: 1.832901
2026-08-16 07:56: Train Epoch 13: 1480/1642 Loss: 1.813761
2026-08-16 07:56: Train Epoch 13: 1500/1642 Loss: 1.902032
2026-08-16 07:56: Train Epoch 13: 1520/1642 Loss: 1.756514
2026-08-16 07:56: Train Epoch 13: 1540/1642 Loss: 1.761126
2026-08-16 07:56: Train Epoch 13: 1560/1642 Loss: 1.668139
2026-08-16 07:56: Train Epoch 13: 1580/1642 Loss: 1.787809
2026-08-16 07:56: Train Epoch 13: 1600/1642 Loss: 1.915180
2026-08-16 07:56: Train Epoch 13: 1620/1642 Loss: 1.976380
2026-08-16 07:56: Train Epoch 13: 1640/1642 Loss: 1.795731
2026-08-16 07:56: **********Train Epoch 13: averaged Loss: 1.820433, tf_ratio: 1.000000
2026-08-16 07:56: **********Val Epoch 13: average Loss: 1.833765
2026-08-16 07:56: *********************************Current best model saved!
2026-08-16 07:56: Train Epoch 14: 0/1642 Loss: 1.832172
2026-08-16 07:56: Train Epoch 14: 20/1642 Loss: 1.782875
2026-08-16 07:56: Train Epoch 14: 40/1642 Loss: 1.752939
2026-08-16 07:56: Train Epoch 14: 60/1642 Loss: 1.820683
2026-08-16 07:56: Train Epoch 14: 80/1642 Loss: 1.748399
2026-08-16 07:56: Train Epoch 14: 100/1642 Loss: 1.799807
2026-08-16 07:56: Train Epoch 14: 120/1642 Loss: 1.848354
2026-08-16 07:56: Train Epoch 14: 140/1642 Loss: 1.764997
2026-08-16 07:56: Train Epoch 14: 160/1642 Loss: 1.680281
2026-08-16 07:56: Train Epoch 14: 180/1642 Loss: 1.771240
2026-08-16 07:56: Train Epoch 14: 200/1642 Loss: 1.778068
2026-08-16 07:56: Train Epoch 14: 220/1642 Loss: 1.823707
2026-08-16 07:56: Train Epoch 14: 240/1642 Loss: 1.865683
2026-08-16 07:56: Train Epoch 14: 260/1642 Loss: 1.882216
2026-08-16 07:56: Train Epoch 14: 280/1642 Loss: 1.917984
2026-08-16 07:56: Train Epoch 14: 300/1642 Loss: 1.910071
2026-08-16 07:56: Train Epoch 14: 320/1642 Loss: 1.899871
2026-08-16 07:56: Train Epoch 14: 340/1642 Loss: 1.729564
2026-08-16 07:56: Train Epoch 14: 360/1642 Loss: 1.883087
2026-08-16 07:56: Train Epoch 14: 380/1642 Loss: 1.853232
2026-08-16 07:56: Train Epoch 14: 400/1642 Loss: 1.772182
2026-08-16 07:56: Train Epoch 14: 420/1642 Loss: 1.846483
2026-08-16 07:56: Train Epoch 14: 440/1642 Loss: 1.851892
2026-08-16 07:56: Train Epoch 14: 460/1642 Loss: 1.871285
2026-08-16 07:56: Train Epoch 14: 480/1642 Loss: 1.805353
2026-08-16 07:56: Train Epoch 14: 500/1642 Loss: 1.809411
2026-08-16 07:56: Train Epoch 14: 520/1642 Loss: 1.730185
2026-08-16 07:56: Train Epoch 14: 540/1642 Loss: 1.864896
2026-08-16 07:56: Train Epoch 14: 560/1642 Loss: 2.000090
2026-08-16 07:56: Train Epoch 14: 580/1642 Loss: 1.827443
2026-08-16 07:56: Train Epoch 14: 600/1642 Loss: 1.848648
2026-08-16 07:56: Train Epoch 14: 620/1642 Loss: 1.845594
2026-08-16 07:56: Train Epoch 14: 640/1642 Loss: 1.880568
2026-08-16 07:56: Train Epoch 14: 660/1642 Loss: 1.768496
2026-08-16 07:56: Train Epoch 14: 680/1642 Loss: 1.872170
2026-08-16 07:56: Train Epoch 14: 700/1642 Loss: 1.709218
2026-08-16 07:56: Train Epoch 14: 720/1642 Loss: 1.605533
2026-08-16 07:56: Train Epoch 14: 740/1642 Loss: 1.814420
2026-08-16 07:56: Train Epoch 14: 760/1642 Loss: 1.848691
2026-08-16 07:56: Train Epoch 14: 780/1642 Loss: 1.790301
2026-08-16 07:56: Train Epoch 14: 800/1642 Loss: 1.618065
2026-08-16 07:56: Train Epoch 14: 820/1642 Loss: 1.900970
2026-08-16 07:56: Train Epoch 14: 840/1642 Loss: 1.743986
2026-08-16 07:56: Train Epoch 14: 860/1642 Loss: 1.842315
2026-08-16 07:56: Train Epoch 14: 880/1642 Loss: 1.665781
2026-08-16 07:56: Train Epoch 14: 900/1642 Loss: 1.740932
2026-08-16 07:56: Train Epoch 14: 920/1642 Loss: 1.764861
2026-08-16 07:56: Train Epoch 14: 940/1642 Loss: 1.780044
2026-08-16 07:56: Train Epoch 14: 960/1642 Loss: 1.816683
2026-08-16 07:56: Train Epoch 14: 980/1642 Loss: 1.778194
2026-08-16 07:56: Train Epoch 14: 1000/1642 Loss: 1.790667
2026-08-16 07:56: Train Epoch 14: 1020/1642 Loss: 1.820139
2026-08-16 07:56: Train Epoch 14: 1040/1642 Loss: 1.863807
2026-08-16 07:56: Train Epoch 14: 1060/1642 Loss: 1.754093
2026-08-16 07:56: Train Epoch 14: 1080/1642 Loss: 1.823796
2026-08-16 07:56: Train Epoch 14: 1100/1642 Loss: 1.713504
2026-08-16 07:57: Train Epoch 14: 1120/1642 Loss: 1.778033
2026-08-16 07:57: Train Epoch 14: 1140/1642 Loss: 1.851492
2026-08-16 07:57: Train Epoch 14: 1160/1642 Loss: 1.710155
2026-08-16 07:57: Train Epoch 14: 1180/1642 Loss: 1.860556
2026-08-16 07:57: Train Epoch 14: 1200/1642 Loss: 1.885051
2026-08-16 07:57: Train Epoch 14: 1220/1642 Loss: 1.792611
2026-08-16 07:57: Train Epoch 14: 1240/1642 Loss: 1.773873
2026-08-16 07:57: Train Epoch 14: 1260/1642 Loss: 1.829934
2026-08-16 07:57: Train Epoch 14: 1280/1642 Loss: 1.909586
2026-08-16 07:57: Train Epoch 14: 1300/1642 Loss: 1.913060
2026-08-16 07:57: Train Epoch 14: 1320/1642 Loss: 1.741185
2026-08-16 07:57: Train Epoch 14: 1340/1642 Loss: 1.793809
2026-08-16 07:57: Train Epoch 14: 1360/1642 Loss: 1.815284
2026-08-16 07:57: Train Epoch 14: 1380/1642 Loss: 1.914042
2026-08-16 07:57: Train Epoch 14: 1400/1642 Loss: 1.748857
2026-08-16 07:57: Train Epoch 14: 1420/1642 Loss: 1.745718
2026-08-16 07:57: Train Epoch 14: 1440/1642 Loss: 1.945563
2026-08-16 07:57: Train Epoch 14: 1460/1642 Loss: 1.759525
2026-08-16 07:57: Train Epoch 14: 1480/1642 Loss: 1.848598
2026-08-16 07:57: Train Epoch 14: 1500/1642 Loss: 1.800949
2026-08-16 07:57: Train Epoch 14: 1520/1642 Loss: 1.848586
2026-08-16 07:57: Train Epoch 14: 1540/1642 Loss: 1.827337
2026-08-16 07:57: Train Epoch 14: 1560/1642 Loss: 1.795007
2026-08-16 07:57: Train Epoch 14: 1580/1642 Loss: 1.843748
2026-08-16 07:57: Train Epoch 14: 1600/1642 Loss: 1.897777
2026-08-16 07:57: Train Epoch 14: 1620/1642 Loss: 1.854807
2026-08-16 07:57: Train Epoch 14: 1640/1642 Loss: 1.789041
2026-08-16 07:57: **********Train Epoch 14: averaged Loss: 1.812312, tf_ratio: 1.000000
2026-08-16 07:57: **********Val Epoch 14: average Loss: 1.836418
2026-08-16 07:57: Train Epoch 15: 0/1642 Loss: 1.897002
2026-08-16 07:57: Train Epoch 15: 20/1642 Loss: 1.808008
2026-08-16 07:57: Train Epoch 15: 40/1642 Loss: 1.778549
2026-08-16 07:57: Train Epoch 15: 60/1642 Loss: 1.895040
2026-08-16 07:57: Train Epoch 15: 80/1642 Loss: 1.876427
2026-08-16 07:57: Train Epoch 15: 100/1642 Loss: 1.960235
2026-08-16 07:57: Train Epoch 15: 120/1642 Loss: 1.988518
2026-08-16 07:57: Train Epoch 15: 140/1642 Loss: 1.722089
2026-08-16 07:57: Train Epoch 15: 160/1642 Loss: 1.822276
2026-08-16 07:57: Train Epoch 15: 180/1642 Loss: 1.887052
2026-08-16 07:57: Train Epoch 15: 200/1642 Loss: 1.914695
2026-08-16 07:57: Train Epoch 15: 220/1642 Loss: 1.851925
2026-08-16 07:57: Train Epoch 15: 240/1642 Loss: 1.876591
2026-08-16 07:57: Train Epoch 15: 260/1642 Loss: 1.839422
2026-08-16 07:57: Train Epoch 15: 280/1642 Loss: 1.804536
2026-08-16 07:57: Train Epoch 15: 300/1642 Loss: 2.019742
2026-08-16 07:57: Train Epoch 15: 320/1642 Loss: 1.840288
2026-08-16 07:57: Train Epoch 15: 340/1642 Loss: 1.966393
2026-08-16 07:57: Train Epoch 15: 360/1642 Loss: 1.771813
2026-08-16 07:57: Train Epoch 15: 380/1642 Loss: 1.722454
2026-08-16 07:57: Train Epoch 15: 400/1642 Loss: 1.813800
2026-08-16 07:57: Train Epoch 15: 420/1642 Loss: 1.993313
2026-08-16 07:57: Train Epoch 15: 440/1642 Loss: 1.797768
2026-08-16 07:57: Train Epoch 15: 460/1642 Loss: 1.654050
2026-08-16 07:57: Train Epoch 15: 480/1642 Loss: 1.886621
2026-08-16 07:57: Train Epoch 15: 500/1642 Loss: 1.854649
2026-08-16 07:57: Train Epoch 15: 520/1642 Loss: 1.716773
2026-08-16 07:57: Train Epoch 15: 540/1642 Loss: 1.799831
2026-08-16 07:57: Train Epoch 15: 560/1642 Loss: 1.778122
2026-08-16 07:57: Train Epoch 15: 580/1642 Loss: 1.844001
2026-08-16 07:57: Train Epoch 15: 600/1642 Loss: 1.882656
2026-08-16 07:57: Train Epoch 15: 620/1642 Loss: 1.815716
2026-08-16 07:57: Train Epoch 15: 640/1642 Loss: 1.889731
2026-08-16 07:57: Train Epoch 15: 660/1642 Loss: 1.912072
2026-08-16 07:57: Train Epoch 15: 680/1642 Loss: 1.897787
2026-08-16 07:57: Train Epoch 15: 700/1642 Loss: 1.839751
2026-08-16 07:57: Train Epoch 15: 720/1642 Loss: 1.728536
2026-08-16 07:57: Train Epoch 15: 740/1642 Loss: 1.842856
2026-08-16 07:57: Train Epoch 15: 760/1642 Loss: 1.736201
2026-08-16 07:57: Train Epoch 15: 780/1642 Loss: 1.825381
2026-08-16 07:57: Train Epoch 15: 800/1642 Loss: 1.772137
2026-08-16 07:57: Train Epoch 15: 820/1642 Loss: 1.698874
2026-08-16 07:57: Train Epoch 15: 840/1642 Loss: 1.743888
2026-08-16 07:57: Train Epoch 15: 860/1642 Loss: 1.830881
2026-08-16 07:57: Train Epoch 15: 880/1642 Loss: 1.943228
2026-08-16 07:57: Train Epoch 15: 900/1642 Loss: 1.737976
2026-08-16 07:57: Train Epoch 15: 920/1642 Loss: 1.714705
2026-08-16 07:57: Train Epoch 15: 940/1642 Loss: 1.650254
2026-08-16 07:57: Train Epoch 15: 960/1642 Loss: 1.959810
2026-08-16 07:58: Train Epoch 15: 980/1642 Loss: 1.795245
2026-08-16 07:58: Train Epoch 15: 1000/1642 Loss: 1.864944
2026-08-16 07:58: Train Epoch 15: 1020/1642 Loss: 1.893665
2026-08-16 07:58: Train Epoch 15: 1040/1642 Loss: 1.660397
2026-08-16 07:58: Train Epoch 15: 1060/1642 Loss: 1.695626
2026-08-16 07:58: Train Epoch 15: 1080/1642 Loss: 1.762228
2026-08-16 07:58: Train Epoch 15: 1100/1642 Loss: 1.994386
2026-08-16 07:58: Train Epoch 15: 1120/1642 Loss: 1.924938
2026-08-16 07:58: Train Epoch 15: 1140/1642 Loss: 1.850688
2026-08-16 07:58: Train Epoch 15: 1160/1642 Loss: 1.629460
2026-08-16 07:58: Train Epoch 15: 1180/1642 Loss: 1.776107
2026-08-16 07:58: Train Epoch 15: 1200/1642 Loss: 1.663693
2026-08-16 07:58: Train Epoch 15: 1220/1642 Loss: 1.807658
2026-08-16 07:58: Train Epoch 15: 1240/1642 Loss: 1.888255
2026-08-16 07:58: Train Epoch 15: 1260/1642 Loss: 1.712787
2026-08-16 07:58: Train Epoch 15: 1280/1642 Loss: 1.768269
2026-08-16 07:58: Train Epoch 15: 1300/1642 Loss: 1.930194
2026-08-16 07:58: Train Epoch 15: 1320/1642 Loss: 1.741473
2026-08-16 07:58: Train Epoch 15: 1340/1642 Loss: 1.757201
2026-08-16 07:58: Train Epoch 15: 1360/1642 Loss: 1.721823
2026-08-16 07:58: Train Epoch 15: 1380/1642 Loss: 1.730840
2026-08-16 07:58: Train Epoch 15: 1400/1642 Loss: 1.776990
2026-08-16 07:58: Train Epoch 15: 1420/1642 Loss: 1.799873
2026-08-16 07:58: Train Epoch 15: 1440/1642 Loss: 1.747787
2026-08-16 07:58: Train Epoch 15: 1460/1642 Loss: 1.772996
2026-08-16 07:58: Train Epoch 15: 1480/1642 Loss: 1.621495
2026-08-16 07:58: Train Epoch 15: 1500/1642 Loss: 1.867713
2026-08-16 07:58: Train Epoch 15: 1520/1642 Loss: 1.859071
2026-08-16 07:58: Train Epoch 15: 1540/1642 Loss: 1.894902
2026-08-16 07:58: Train Epoch 15: 1560/1642 Loss: 1.786357
2026-08-16 07:58: Train Epoch 15: 1580/1642 Loss: 1.802687
2026-08-16 07:58: Train Epoch 15: 1600/1642 Loss: 1.776110
2026-08-16 07:58: Train Epoch 15: 1620/1642 Loss: 1.823025
2026-08-16 07:58: Train Epoch 15: 1640/1642 Loss: 1.776848
2026-08-16 07:58: **********Train Epoch 15: averaged Loss: 1.803601, tf_ratio: 1.000000
2026-08-16 07:58: **********Val Epoch 15: average Loss: 1.854186
2026-08-16 07:58: Train Epoch 16: 0/1642 Loss: 1.770896
2026-08-16 07:58: Train Epoch 16: 20/1642 Loss: 1.743192
2026-08-16 07:58: Train Epoch 16: 40/1642 Loss: 1.740564
2026-08-16 07:58: Train Epoch 16: 60/1642 Loss: 1.770753
2026-08-16 07:58: Train Epoch 16: 80/1642 Loss: 1.796245
2026-08-16 07:58: Train Epoch 16: 100/1642 Loss: 1.617124
2026-08-16 07:58: Train Epoch 16: 120/1642 Loss: 1.756070
2026-08-16 07:58: Train Epoch 16: 140/1642 Loss: 1.694329
2026-08-16 07:58: Train Epoch 16: 160/1642 Loss: 1.717241
2026-08-16 07:58: Train Epoch 16: 180/1642 Loss: 1.761801
2026-08-16 07:58: Train Epoch 16: 200/1642 Loss: 2.007714
2026-08-16 07:58: Train Epoch 16: 220/1642 Loss: 1.822200
2026-08-16 07:58: Train Epoch 16: 240/1642 Loss: 1.752847
2026-08-16 07:58: Train Epoch 16: 260/1642 Loss: 1.945722
2026-08-16 07:58: Train Epoch 16: 280/1642 Loss: 1.879630
2026-08-16 07:58: Train Epoch 16: 300/1642 Loss: 1.666680
2026-08-16 07:58: Train Epoch 16: 320/1642 Loss: 1.894979
2026-08-16 07:58: Train Epoch 16: 340/1642 Loss: 1.944474
2026-08-16 07:58: Train Epoch 16: 360/1642 Loss: 1.593547
2026-08-16 07:58: Train Epoch 16: 380/1642 Loss: 1.797367
2026-08-16 07:58: Train Epoch 16: 400/1642 Loss: 1.764333
2026-08-16 07:58: Train Epoch 16: 420/1642 Loss: 1.935696
2026-08-16 07:58: Train Epoch 16: 440/1642 Loss: 1.871762
2026-08-16 07:58: Train Epoch 16: 460/1642 Loss: 1.854270
2026-08-16 07:58: Train Epoch 16: 480/1642 Loss: 1.881462
2026-08-16 07:58: Train Epoch 16: 500/1642 Loss: 1.914147
2026-08-16 07:58: Train Epoch 16: 520/1642 Loss: 1.923341
2026-08-16 07:58: Train Epoch 16: 540/1642 Loss: 1.875046
2026-08-16 07:58: Train Epoch 16: 560/1642 Loss: 1.725303
2026-08-16 07:58: Train Epoch 16: 580/1642 Loss: 1.687279
2026-08-16 07:58: Train Epoch 16: 600/1642 Loss: 1.771426
2026-08-16 07:58: Train Epoch 16: 620/1642 Loss: 1.769154
2026-08-16 07:58: Train Epoch 16: 640/1642 Loss: 1.840037
2026-08-16 07:58: Train Epoch 16: 660/1642 Loss: 1.783681
2026-08-16 07:58: Train Epoch 16: 680/1642 Loss: 1.653288
2026-08-16 07:58: Train Epoch 16: 700/1642 Loss: 1.836418
2026-08-16 07:58: Train Epoch 16: 720/1642 Loss: 1.763373
2026-08-16 07:58: Train Epoch 16: 740/1642 Loss: 1.798850
2026-08-16 07:58: Train Epoch 16: 760/1642 Loss: 1.870825
2026-08-16 07:58: Train Epoch 16: 780/1642 Loss: 2.035976
2026-08-16 07:58: Train Epoch 16: 800/1642 Loss: 1.933927
2026-08-16 07:58: Train Epoch 16: 820/1642 Loss: 1.765856
2026-08-16 07:58: Train Epoch 16: 840/1642 Loss: 1.861593
2026-08-16 07:59: Train Epoch 16: 860/1642 Loss: 1.630945
2026-08-16 07:59: Train Epoch 16: 880/1642 Loss: 1.867702
2026-08-16 07:59: Train Epoch 16: 900/1642 Loss: 1.933968
2026-08-16 07:59: Train Epoch 16: 920/1642 Loss: 1.721074
2026-08-16 07:59: Train Epoch 16: 940/1642 Loss: 1.742158
2026-08-16 07:59: Train Epoch 16: 960/1642 Loss: 1.787156
2026-08-16 07:59: Train Epoch 16: 980/1642 Loss: 1.682430
2026-08-16 07:59: Train Epoch 16: 1000/1642 Loss: 1.903024
2026-08-16 07:59: Train Epoch 16: 1020/1642 Loss: 1.667891
2026-08-16 07:59: Train Epoch 16: 1040/1642 Loss: 1.693974
2026-08-16 07:59: Train Epoch 16: 1060/1642 Loss: 1.734607
2026-08-16 07:59: Train Epoch 16: 1080/1642 Loss: 1.870883
2026-08-16 07:59: Train Epoch 16: 1100/1642 Loss: 1.764607
2026-08-16 07:59: Train Epoch 16: 1120/1642 Loss: 1.627386
2026-08-16 07:59: Train Epoch 16: 1140/1642 Loss: 1.852116
2026-08-16 07:59: Train Epoch 16: 1160/1642 Loss: 1.781754
2026-08-16 07:59: Train Epoch 16: 1180/1642 Loss: 1.845367
2026-08-16 07:59: Train Epoch 16: 1200/1642 Loss: 1.744465
2026-08-16 07:59: Train Epoch 16: 1220/1642 Loss: 1.791672
2026-08-16 07:59: Train Epoch 16: 1240/1642 Loss: 1.737055
2026-08-16 07:59: Train Epoch 16: 1260/1642 Loss: 1.826250
2026-08-16 07:59: Train Epoch 16: 1280/1642 Loss: 1.734549
2026-08-16 07:59: Train Epoch 16: 1300/1642 Loss: 1.727844
2026-08-16 07:59: Train Epoch 16: 1320/1642 Loss: 1.732521
2026-08-16 07:59: Train Epoch 16: 1340/1642 Loss: 1.792742
2026-08-16 07:59: Train Epoch 16: 1360/1642 Loss: 1.823936
2026-08-16 07:59: Train Epoch 16: 1380/1642 Loss: 1.807406
2026-08-16 07:59: Train Epoch 16: 1400/1642 Loss: 1.842772
2026-08-16 07:59: Train Epoch 16: 1420/1642 Loss: 1.728639
2026-08-16 07:59: Train Epoch 16: 1440/1642 Loss: 1.816473
2026-08-16 07:59: Train Epoch 16: 1460/1642 Loss: 1.819438
2026-08-16 07:59: Train Epoch 16: 1480/1642 Loss: 1.750529
2026-08-16 07:59: Train Epoch 16: 1500/1642 Loss: 1.786506
2026-08-16 07:59: Train Epoch 16: 1520/1642 Loss: 1.767176
2026-08-16 07:59: Train Epoch 16: 1540/1642 Loss: 1.638580
2026-08-16 07:59: Train Epoch 16: 1560/1642 Loss: 1.773129
2026-08-16 07:59: Train Epoch 16: 1580/1642 Loss: 1.875125
2026-08-16 07:59: Train Epoch 16: 1600/1642 Loss: 1.862859
2026-08-16 07:59: Train Epoch 16: 1620/1642 Loss: 1.793004
2026-08-16 07:59: Train Epoch 16: 1640/1642 Loss: 1.909059
2026-08-16 07:59: **********Train Epoch 16: averaged Loss: 1.796079, tf_ratio: 1.000000
2026-08-16 07:59: **********Val Epoch 16: average Loss: 1.842029
2026-08-16 07:59: Train Epoch 17: 0/1642 Loss: 1.870627
2026-08-16 07:59: Train Epoch 17: 20/1642 Loss: 1.747900
2026-08-16 07:59: Train Epoch 17: 40/1642 Loss: 1.745935
2026-08-16 07:59: Train Epoch 17: 60/1642 Loss: 1.909308
2026-08-16 07:59: Train Epoch 17: 80/1642 Loss: 1.764552
2026-08-16 07:59: Train Epoch 17: 100/1642 Loss: 1.748821
2026-08-16 07:59: Train Epoch 17: 120/1642 Loss: 1.991692
2026-08-16 07:59: Train Epoch 17: 140/1642 Loss: 1.826901
2026-08-16 07:59: Train Epoch 17: 160/1642 Loss: 1.889509
2026-08-16 07:59: Train Epoch 17: 180/1642 Loss: 1.768293
2026-08-16 07:59: Train Epoch 17: 200/1642 Loss: 1.790833
2026-08-16 07:59: Train Epoch 17: 220/1642 Loss: 1.821574
2026-08-16 07:59: Train Epoch 17: 240/1642 Loss: 1.752222
2026-08-16 07:59: Train Epoch 17: 260/1642 Loss: 1.792362
2026-08-16 07:59: Train Epoch 17: 280/1642 Loss: 1.721615
2026-08-16 07:59: Train Epoch 17: 300/1642 Loss: 1.809464
2026-08-16 07:59: Train Epoch 17: 320/1642 Loss: 1.712079
2026-08-16 07:59: Train Epoch 17: 340/1642 Loss: 1.773858
2026-08-16 07:59: Train Epoch 17: 360/1642 Loss: 1.790749
2026-08-16 07:59: Train Epoch 17: 380/1642 Loss: 1.795341
2026-08-16 07:59: Train Epoch 17: 400/1642 Loss: 1.756863
2026-08-16 07:59: Train Epoch 17: 420/1642 Loss: 1.740943
2026-08-16 07:59: Train Epoch 17: 440/1642 Loss: 1.665780
2026-08-16 07:59: Train Epoch 17: 460/1642 Loss: 1.917371
2026-08-16 07:59: Train Epoch 17: 480/1642 Loss: 1.861014
2026-08-16 07:59: Train Epoch 17: 500/1642 Loss: 1.635067
2026-08-16 07:59: Train Epoch 17: 520/1642 Loss: 1.846512
2026-08-16 07:59: Train Epoch 17: 540/1642 Loss: 1.861137
2026-08-16 07:59: Train Epoch 17: 560/1642 Loss: 1.755297
2026-08-16 07:59: Train Epoch 17: 580/1642 Loss: 1.804238
2026-08-16 07:59: Train Epoch 17: 600/1642 Loss: 1.791975
2026-08-16 07:59: Train Epoch 17: 620/1642 Loss: 1.682395
2026-08-16 07:59: Train Epoch 17: 640/1642 Loss: 1.913794
2026-08-16 07:59: Train Epoch 17: 660/1642 Loss: 1.802206
2026-08-16 07:59: Train Epoch 17: 680/1642 Loss: 1.823883
2026-08-16 08:00: Train Epoch 17: 700/1642 Loss: 1.719510
2026-08-16 08:00: Train Epoch 17: 720/1642 Loss: 1.817772
2026-08-16 08:00: Train Epoch 17: 740/1642 Loss: 1.897303
2026-08-16 08:00: Train Epoch 17: 760/1642 Loss: 1.664585
2026-08-16 08:00: Train Epoch 17: 780/1642 Loss: 1.683569
2026-08-16 08:00: Train Epoch 17: 800/1642 Loss: 1.750353
2026-08-16 08:00: Train Epoch 17: 820/1642 Loss: 1.998628
2026-08-16 08:00: Train Epoch 17: 840/1642 Loss: 1.797448
2026-08-16 08:00: Train Epoch 17: 860/1642 Loss: 1.731901
2026-08-16 08:00: Train Epoch 17: 880/1642 Loss: 1.928415
2026-08-16 08:00: Train Epoch 17: 900/1642 Loss: 1.742355
2026-08-16 08:00: Train Epoch 17: 920/1642 Loss: 1.782188
2026-08-16 08:00: Train Epoch 17: 940/1642 Loss: 1.812112
2026-08-16 08:00: Train Epoch 17: 960/1642 Loss: 1.760604
2026-08-16 08:00: Train Epoch 17: 980/1642 Loss: 1.612911
2026-08-16 08:00: Train Epoch 17: 1000/1642 Loss: 1.833223
2026-08-16 08:00: Train Epoch 17: 1020/1642 Loss: 1.816273
2026-08-16 08:00: Train Epoch 17: 1040/1642 Loss: 1.834520
2026-08-16 08:00: Train Epoch 17: 1060/1642 Loss: 1.809082
2026-08-16 08:00: Train Epoch 17: 1080/1642 Loss: 1.801422
2026-08-16 08:00: Train Epoch 17: 1100/1642 Loss: 1.817619
2026-08-16 08:00: Train Epoch 17: 1120/1642 Loss: 1.659063
2026-08-16 08:00: Train Epoch 17: 1140/1642 Loss: 1.874083
2026-08-16 08:00: Train Epoch 17: 1160/1642 Loss: 1.900826
2026-08-16 08:00: Train Epoch 17: 1180/1642 Loss: 1.822898
2026-08-16 08:00: Train Epoch 17: 1200/1642 Loss: 1.857755
2026-08-16 08:00: Train Epoch 17: 1220/1642 Loss: 1.825783
2026-08-16 08:00: Train Epoch 17: 1240/1642 Loss: 1.885109
2026-08-16 08:00: Train Epoch 17: 1260/1642 Loss: 1.737196
2026-08-16 08:00: Train Epoch 17: 1280/1642 Loss: 1.864585
2026-08-16 08:00: Train Epoch 17: 1300/1642 Loss: 1.751026
2026-08-16 08:00: Train Epoch 17: 1320/1642 Loss: 1.762954
2026-08-16 08:00: Train Epoch 17: 1340/1642 Loss: 1.764877
2026-08-16 08:00: Train Epoch 17: 1360/1642 Loss: 1.781796
2026-08-16 08:00: Train Epoch 17: 1380/1642 Loss: 1.733043
2026-08-16 08:00: Train Epoch 17: 1400/1642 Loss: 1.722718
2026-08-16 08:00: Train Epoch 17: 1420/1642 Loss: 1.696907
2026-08-16 08:00: Train Epoch 17: 1440/1642 Loss: 1.747489
2026-08-16 08:00: Train Epoch 17: 1460/1642 Loss: 1.809778
2026-08-16 08:00: Train Epoch 17: 1480/1642 Loss: 1.886103
2026-08-16 08:00: Train Epoch 17: 1500/1642 Loss: 1.934184
2026-08-16 08:00: Train Epoch 17: 1520/1642 Loss: 1.638758
2026-08-16 08:00: Train Epoch 17: 1540/1642 Loss: 1.850149
2026-08-16 08:00: Train Epoch 17: 1560/1642 Loss: 1.810413
2026-08-16 08:00: Train Epoch 17: 1580/1642 Loss: 1.769735
2026-08-16 08:00: Train Epoch 17: 1600/1642 Loss: 1.825856
2026-08-16 08:00: Train Epoch 17: 1620/1642 Loss: 1.805465
2026-08-16 08:00: Train Epoch 17: 1640/1642 Loss: 1.821703
2026-08-16 08:00: **********Train Epoch 17: averaged Loss: 1.789396, tf_ratio: 1.000000
2026-08-16 08:00: **********Val Epoch 17: average Loss: 1.837497
2026-08-16 08:00: Train Epoch 18: 0/1642 Loss: 1.707798
2026-08-16 08:00: Train Epoch 18: 20/1642 Loss: 1.870356
2026-08-16 08:00: Train Epoch 18: 40/1642 Loss: 1.785797
2026-08-16 08:00: Train Epoch 18: 60/1642 Loss: 1.813369
2026-08-16 08:00: Train Epoch 18: 80/1642 Loss: 1.771552
2026-08-16 08:00: Train Epoch 18: 100/1642 Loss: 1.806369
2026-08-16 08:00: Train Epoch 18: 120/1642 Loss: 1.929673
2026-08-16 08:00: Train Epoch 18: 140/1642 Loss: 1.695294
2026-08-16 08:00: Train Epoch 18: 160/1642 Loss: 1.897412
2026-08-16 08:00: Train Epoch 18: 180/1642 Loss: 1.823670
2026-08-16 08:00: Train Epoch 18: 200/1642 Loss: 1.765601
2026-08-16 08:00: Train Epoch 18: 220/1642 Loss: 1.767867
2026-08-16 08:00: Train Epoch 18: 240/1642 Loss: 1.731866
2026-08-16 08:00: Train Epoch 18: 260/1642 Loss: 1.756528
2026-08-16 08:00: Train Epoch 18: 280/1642 Loss: 1.760866
2026-08-16 08:00: Train Epoch 18: 300/1642 Loss: 1.858573
2026-08-16 08:00: Train Epoch 18: 320/1642 Loss: 1.872254
2026-08-16 08:00: Train Epoch 18: 340/1642 Loss: 1.830829
2026-08-16 08:00: Train Epoch 18: 360/1642 Loss: 1.627648
2026-08-16 08:00: Train Epoch 18: 380/1642 Loss: 1.777606
2026-08-16 08:00: Train Epoch 18: 400/1642 Loss: 1.745907
2026-08-16 08:00: Train Epoch 18: 420/1642 Loss: 1.858069
2026-08-16 08:00: Train Epoch 18: 440/1642 Loss: 1.725306
2026-08-16 08:00: Train Epoch 18: 460/1642 Loss: 1.947402
2026-08-16 08:00: Train Epoch 18: 480/1642 Loss: 1.778322
2026-08-16 08:00: Train Epoch 18: 500/1642 Loss: 1.684948
2026-08-16 08:00: Train Epoch 18: 520/1642 Loss: 1.759263
2026-08-16 08:00: Train Epoch 18: 540/1642 Loss: 1.701492
2026-08-16 08:00: Train Epoch 18: 560/1642 Loss: 1.784804
2026-08-16 08:01: Train Epoch 18: 580/1642 Loss: 1.751267
2026-08-16 08:01: Train Epoch 18: 600/1642 Loss: 1.767022
2026-08-16 08:01: Train Epoch 18: 620/1642 Loss: 1.697741
2026-08-16 08:01: Train Epoch 18: 640/1642 Loss: 1.717411
2026-08-16 08:01: Train Epoch 18: 660/1642 Loss: 1.618385
2026-08-16 08:01: Train Epoch 18: 680/1642 Loss: 1.762228
2026-08-16 08:01: Train Epoch 18: 700/1642 Loss: 1.751320
2026-08-16 08:01: Train Epoch 18: 720/1642 Loss: 1.729231
2026-08-16 08:01: Train Epoch 18: 740/1642 Loss: 1.847558
2026-08-16 08:01: Train Epoch 18: 760/1642 Loss: 1.720399
2026-08-16 08:01: Train Epoch 18: 780/1642 Loss: 1.786587
2026-08-16 08:01: Train Epoch 18: 800/1642 Loss: 1.702290
2026-08-16 08:01: Train Epoch 18: 820/1642 Loss: 1.828816
2026-08-16 08:01: Train Epoch 18: 840/1642 Loss: 1.807437
2026-08-16 08:01: Train Epoch 18: 860/1642 Loss: 1.780613
2026-08-16 08:01: Train Epoch 18: 880/1642 Loss: 1.779394
2026-08-16 08:01: Train Epoch 18: 900/1642 Loss: 1.718933
2026-08-16 08:01: Train Epoch 18: 920/1642 Loss: 1.920512
2026-08-16 08:01: Train Epoch 18: 940/1642 Loss: 1.782293
2026-08-16 08:01: Train Epoch 18: 960/1642 Loss: 1.784224
2026-08-16 08:01: Train Epoch 18: 980/1642 Loss: 1.756415
2026-08-16 08:01: Train Epoch 18: 1000/1642 Loss: 1.911336
2026-08-16 08:01: Train Epoch 18: 1020/1642 Loss: 1.847561
2026-08-16 08:01: Train Epoch 18: 1040/1642 Loss: 1.699853
2026-08-16 08:01: Train Epoch 18: 1060/1642 Loss: 1.656139
2026-08-16 08:01: Train Epoch 18: 1080/1642 Loss: 1.886352
2026-08-16 08:01: Train Epoch 18: 1100/1642 Loss: 1.859130
2026-08-16 08:01: Train Epoch 18: 1120/1642 Loss: 1.597174
2026-08-16 08:01: Train Epoch 18: 1140/1642 Loss: 1.794344
2026-08-16 08:01: Train Epoch 18: 1160/1642 Loss: 1.974779
2026-08-16 08:01: Train Epoch 18: 1180/1642 Loss: 1.797434
2026-08-16 08:01: Train Epoch 18: 1200/1642 Loss: 1.890152
2026-08-16 08:01: Train Epoch 18: 1220/1642 Loss: 1.678378
2026-08-16 08:01: Train Epoch 18: 1240/1642 Loss: 1.755935
2026-08-16 08:01: Train Epoch 18: 1260/1642 Loss: 1.766818
2026-08-16 08:01: Train Epoch 18: 1280/1642 Loss: 1.814230
2026-08-16 08:01: Train Epoch 18: 1300/1642 Loss: 1.614761
2026-08-16 08:01: Train Epoch 18: 1320/1642 Loss: 1.891546
2026-08-16 08:01: Train Epoch 18: 1340/1642 Loss: 1.856035
2026-08-16 08:01: Train Epoch 18: 1360/1642 Loss: 1.787503
2026-08-16 08:01: Train Epoch 18: 1380/1642 Loss: 1.899016
2026-08-16 08:01: Train Epoch 18: 1400/1642 Loss: 1.741329
2026-08-16 08:01: Train Epoch 18: 1420/1642 Loss: 1.669703
2026-08-16 08:01: Train Epoch 18: 1440/1642 Loss: 1.825979
2026-08-16 08:01: Train Epoch 18: 1460/1642 Loss: 1.787414
2026-08-16 08:01: Train Epoch 18: 1480/1642 Loss: 1.858815
2026-08-16 08:01: Train Epoch 18: 1500/1642 Loss: 1.764054
2026-08-16 08:01: Train Epoch 18: 1520/1642 Loss: 1.847556
2026-08-16 08:01: Train Epoch 18: 1540/1642 Loss: 1.774694
2026-08-16 08:01: Train Epoch 18: 1560/1642 Loss: 1.869677
2026-08-16 08:01: Train Epoch 18: 1580/1642 Loss: 1.606164
2026-08-16 08:01: Train Epoch 18: 1600/1642 Loss: 1.777070
2026-08-16 08:01: Train Epoch 18: 1620/1642 Loss: 1.745713
2026-08-16 08:01: Train Epoch 18: 1640/1642 Loss: 1.766841
2026-08-16 08:01: **********Train Epoch 18: averaged Loss: 1.781503, tf_ratio: 1.000000
2026-08-16 08:01: **********Val Epoch 18: average Loss: 1.844135
2026-08-16 08:01: Train Epoch 19: 0/1642 Loss: 1.764613
2026-08-16 08:01: Train Epoch 19: 20/1642 Loss: 1.701443
2026-08-16 08:01: Train Epoch 19: 40/1642 Loss: 1.809636
2026-08-16 08:01: Train Epoch 19: 60/1642 Loss: 1.692351
2026-08-16 08:01: Train Epoch 19: 80/1642 Loss: 1.740194
2026-08-16 08:01: Train Epoch 19: 100/1642 Loss: 1.781112
2026-08-16 08:01: Train Epoch 19: 120/1642 Loss: 1.742572
2026-08-16 08:01: Train Epoch 19: 140/1642 Loss: 1.810116
2026-08-16 08:01: Train Epoch 19: 160/1642 Loss: 1.837250
2026-08-16 08:01: Train Epoch 19: 180/1642 Loss: 1.710745
2026-08-16 08:01: Train Epoch 19: 200/1642 Loss: 1.714157
2026-08-16 08:01: Train Epoch 19: 220/1642 Loss: 1.744598
2026-08-16 08:01: Train Epoch 19: 240/1642 Loss: 1.775651
2026-08-16 08:01: Train Epoch 19: 260/1642 Loss: 1.810755
2026-08-16 08:01: Train Epoch 19: 280/1642 Loss: 1.836939
2026-08-16 08:01: Train Epoch 19: 300/1642 Loss: 1.872367
2026-08-16 08:01: Train Epoch 19: 320/1642 Loss: 1.686526
2026-08-16 08:01: Train Epoch 19: 340/1642 Loss: 1.783941
2026-08-16 08:01: Train Epoch 19: 360/1642 Loss: 1.926220
2026-08-16 08:01: Train Epoch 19: 380/1642 Loss: 1.754230
2026-08-16 08:01: Train Epoch 19: 400/1642 Loss: 1.822496
2026-08-16 08:01: Train Epoch 19: 420/1642 Loss: 1.761095
2026-08-16 08:02: Train Epoch 19: 440/1642 Loss: 1.865471
2026-08-16 08:02: Train Epoch 19: 460/1642 Loss: 1.866585
2026-08-16 08:02: Train Epoch 19: 480/1642 Loss: 1.728364
2026-08-16 08:02: Train Epoch 19: 500/1642 Loss: 1.764675
2026-08-16 08:02: Train Epoch 19: 520/1642 Loss: 1.799807
2026-08-16 08:02: Train Epoch 19: 540/1642 Loss: 1.878792
2026-08-16 08:02: Train Epoch 19: 560/1642 Loss: 1.853681
2026-08-16 08:02: Train Epoch 19: 580/1642 Loss: 1.807678
2026-08-16 08:02: Train Epoch 19: 600/1642 Loss: 1.741311
2026-08-16 08:02: Train Epoch 19: 620/1642 Loss: 1.739222
2026-08-16 08:02: Train Epoch 19: 640/1642 Loss: 1.925701
2026-08-16 08:02: Train Epoch 19: 660/1642 Loss: 1.801934
2026-08-16 08:02: Train Epoch 19: 680/1642 Loss: 1.700132
2026-08-16 08:02: Train Epoch 19: 700/1642 Loss: 1.693531
2026-08-16 08:02: Train Epoch 19: 720/1642 Loss: 1.796426
2026-08-16 08:02: Train Epoch 19: 740/1642 Loss: 1.744933
2026-08-16 08:02: Train Epoch 19: 760/1642 Loss: 1.676207
2026-08-16 08:02: Train Epoch 19: 780/1642 Loss: 1.632306
2026-08-16 08:02: Train Epoch 19: 800/1642 Loss: 1.771634
2026-08-16 08:02: Train Epoch 19: 820/1642 Loss: 1.799558
2026-08-16 08:02: Train Epoch 19: 840/1642 Loss: 1.981174
2026-08-16 08:02: Train Epoch 19: 860/1642 Loss: 1.861753
2026-08-16 08:02: Train Epoch 19: 880/1642 Loss: 1.600014
2026-08-16 08:02: Train Epoch 19: 900/1642 Loss: 1.722707
2026-08-16 08:02: Train Epoch 19: 920/1642 Loss: 1.706561
2026-08-16 08:02: Train Epoch 19: 940/1642 Loss: 1.731898
2026-08-16 08:02: Train Epoch 19: 960/1642 Loss: 1.811360
2026-08-16 08:02: Train Epoch 19: 980/1642 Loss: 1.859310
2026-08-16 08:02: Train Epoch 19: 1000/1642 Loss: 1.801294
2026-08-16 08:02: Train Epoch 19: 1020/1642 Loss: 1.796560
2026-08-16 08:02: Train Epoch 19: 1040/1642 Loss: 1.725037
2026-08-16 08:02: Train Epoch 19: 1060/1642 Loss: 1.776462
2026-08-16 08:02: Train Epoch 19: 1080/1642 Loss: 1.800348
2026-08-16 08:02: Train Epoch 19: 1100/1642 Loss: 1.728983
2026-08-16 08:02: Train Epoch 19: 1120/1642 Loss: 1.909490
2026-08-16 08:02: Train Epoch 19: 1140/1642 Loss: 1.745143
2026-08-16 08:02: Train Epoch 19: 1160/1642 Loss: 1.795790
2026-08-16 08:02: Train Epoch 19: 1180/1642 Loss: 1.662838
2026-08-16 08:02: Train Epoch 19: 1200/1642 Loss: 1.796779
2026-08-16 08:02: Train Epoch 19: 1220/1642 Loss: 1.732423
2026-08-16 08:02: Train Epoch 19: 1240/1642 Loss: 1.870824
2026-08-16 08:02: Train Epoch 19: 1260/1642 Loss: 1.826602
2026-08-16 08:02: Train Epoch 19: 1280/1642 Loss: 1.765195
2026-08-16 08:02: Train Epoch 19: 1300/1642 Loss: 1.785985
2026-08-16 08:02: Train Epoch 19: 1320/1642 Loss: 1.758937
2026-08-16 08:02: Train Epoch 19: 1340/1642 Loss: 1.690306
2026-08-16 08:02: Train Epoch 19: 1360/1642 Loss: 1.856240
2026-08-16 08:02: Train Epoch 19: 1380/1642 Loss: 1.775939
2026-08-16 08:02: Train Epoch 19: 1400/1642 Loss: 1.803550
2026-08-16 08:02: Train Epoch 19: 1420/1642 Loss: 1.723619
2026-08-16 08:02: Train Epoch 19: 1440/1642 Loss: 1.791364
2026-08-16 08:02: Train Epoch 19: 1460/1642 Loss: 1.661201
2026-08-16 08:02: Train Epoch 19: 1480/1642 Loss: 1.720267
2026-08-16 08:02: Train Epoch 19: 1500/1642 Loss: 1.822686
2026-08-16 08:02: Train Epoch 19: 1520/1642 Loss: 1.859700
2026-08-16 08:02: Train Epoch 19: 1540/1642 Loss: 1.882265
2026-08-16 08:02: Train Epoch 19: 1560/1642 Loss: 1.811708
2026-08-16 08:02: Train Epoch 19: 1580/1642 Loss: 1.732037
2026-08-16 08:02: Train Epoch 19: 1600/1642 Loss: 1.854970
2026-08-16 08:02: Train Epoch 19: 1620/1642 Loss: 1.907186
2026-08-16 08:02: Train Epoch 19: 1640/1642 Loss: 1.852157
2026-08-16 08:02: **********Train Epoch 19: averaged Loss: 1.775687, tf_ratio: 1.000000
2026-08-16 08:02: **********Val Epoch 19: average Loss: 1.825405
2026-08-16 08:02: *********************************Current best model saved!
2026-08-16 08:02: Train Epoch 20: 0/1642 Loss: 1.775258
2026-08-16 08:02: Train Epoch 20: 20/1642 Loss: 1.671630
2026-08-16 08:02: Train Epoch 20: 40/1642 Loss: 1.721055
2026-08-16 08:02: Train Epoch 20: 60/1642 Loss: 1.623663
2026-08-16 08:02: Train Epoch 20: 80/1642 Loss: 1.774041
2026-08-16 08:02: Train Epoch 20: 100/1642 Loss: 1.777761
2026-08-16 08:02: Train Epoch 20: 120/1642 Loss: 1.617402
2026-08-16 08:02: Train Epoch 20: 140/1642 Loss: 1.814269
2026-08-16 08:02: Train Epoch 20: 160/1642 Loss: 1.793207
2026-08-16 08:02: Train Epoch 20: 180/1642 Loss: 1.774406
2026-08-16 08:02: Train Epoch 20: 200/1642 Loss: 1.772297
2026-08-16 08:02: Train Epoch 20: 220/1642 Loss: 1.724242
2026-08-16 08:02: Train Epoch 20: 240/1642 Loss: 1.816481
2026-08-16 08:02: Train Epoch 20: 260/1642 Loss: 1.731996
2026-08-16 08:02: Train Epoch 20: 280/1642 Loss: 1.748919
2026-08-16 08:03: Train Epoch 20: 300/1642 Loss: 1.772903
2026-08-16 08:03: Train Epoch 20: 320/1642 Loss: 1.810759
2026-08-16 08:03: Train Epoch 20: 340/1642 Loss: 1.857604
2026-08-16 08:03: Train Epoch 20: 360/1642 Loss: 1.772663
2026-08-16 08:03: Train Epoch 20: 380/1642 Loss: 1.744079
2026-08-16 08:03: Train Epoch 20: 400/1642 Loss: 1.673059
2026-08-16 08:03: Train Epoch 20: 420/1642 Loss: 1.761917
2026-08-16 08:03: Train Epoch 20: 440/1642 Loss: 1.800394
2026-08-16 08:03: Train Epoch 20: 460/1642 Loss: 1.800857
2026-08-16 08:03: Train Epoch 20: 480/1642 Loss: 1.872390
2026-08-16 08:03: Train Epoch 20: 500/1642 Loss: 1.743372
2026-08-16 08:03: Train Epoch 20: 520/1642 Loss: 1.709663
2026-08-16 08:03: Train Epoch 20: 540/1642 Loss: 1.707697
2026-08-16 08:03: Train Epoch 20: 560/1642 Loss: 1.635760
2026-08-16 08:03: Train Epoch 20: 580/1642 Loss: 1.610275
2026-08-16 08:03: Train Epoch 20: 600/1642 Loss: 1.852809
2026-08-16 08:03: Train Epoch 20: 620/1642 Loss: 1.753432
2026-08-16 08:03: Train Epoch 20: 640/1642 Loss: 1.891833
2026-08-16 08:03: Train Epoch 20: 660/1642 Loss: 1.806249
2026-08-16 08:03: Train Epoch 20: 680/1642 Loss: 1.711361
2026-08-16 08:03: Train Epoch 20: 700/1642 Loss: 1.862014
2026-08-16 08:03: Train Epoch 20: 720/1642 Loss: 1.747405
2026-08-16 08:03: Train Epoch 20: 740/1642 Loss: 1.673070
2026-08-16 08:03: Train Epoch 20: 760/1642 Loss: 1.683695
2026-08-16 08:03: Train Epoch 20: 780/1642 Loss: 1.774162
2026-08-16 08:03: Train Epoch 20: 800/1642 Loss: 1.761012
2026-08-16 08:03: Train Epoch 20: 820/1642 Loss: 1.928932
2026-08-16 08:03: Train Epoch 20: 840/1642 Loss: 1.858773
2026-08-16 08:03: Train Epoch 20: 860/1642 Loss: 1.744285
2026-08-16 08:03: Train Epoch 20: 880/1642 Loss: 1.919910
2026-08-16 08:03: Train Epoch 20: 900/1642 Loss: 1.657944
2026-08-16 08:03: Train Epoch 20: 920/1642 Loss: 1.868237
2026-08-16 08:03: Train Epoch 20: 940/1642 Loss: 1.717023
2026-08-16 08:03: Train Epoch 20: 960/1642 Loss: 1.743860
2026-08-16 08:03: Train Epoch 20: 980/1642 Loss: 1.840405
2026-08-16 08:03: Train Epoch 20: 1000/1642 Loss: 1.950841
2026-08-16 08:03: Train Epoch 20: 1020/1642 Loss: 1.750010
2026-08-16 08:03: Train Epoch 20: 1040/1642 Loss: 1.844626
2026-08-16 08:03: Train Epoch 20: 1060/1642 Loss: 1.754210
2026-08-16 08:03: Train Epoch 20: 1080/1642 Loss: 1.739664
2026-08-16 08:03: Train Epoch 20: 1100/1642 Loss: 1.895595
2026-08-16 08:03: Train Epoch 20: 1120/1642 Loss: 1.842778
2026-08-16 08:03: Train Epoch 20: 1140/1642 Loss: 1.710744
2026-08-16 08:03: Train Epoch 20: 1160/1642 Loss: 1.754259
2026-08-16 08:03: Train Epoch 20: 1180/1642 Loss: 1.761517
2026-08-16 08:03: Train Epoch 20: 1200/1642 Loss: 1.707675
2026-08-16 08:03: Train Epoch 20: 1220/1642 Loss: 1.743983
2026-08-16 08:03: Train Epoch 20: 1240/1642 Loss: 1.782789
2026-08-16 08:03: Train Epoch 20: 1260/1642 Loss: 1.699395
2026-08-16 08:03: Train Epoch 20: 1280/1642 Loss: 1.843117
2026-08-16 08:03: Train Epoch 20: 1300/1642 Loss: 1.856623
2026-08-16 08:03: Train Epoch 20: 1320/1642 Loss: 1.799682
2026-08-16 08:03: Train Epoch 20: 1340/1642 Loss: 1.798380
2026-08-16 08:03: Train Epoch 20: 1360/1642 Loss: 1.827409
2026-08-16 08:03: Train Epoch 20: 1380/1642 Loss: 1.895184
2026-08-16 08:03: Train Epoch 20: 1400/1642 Loss: 1.605742
2026-08-16 08:03: Train Epoch 20: 1420/1642 Loss: 1.740783
2026-08-16 08:03: Train Epoch 20: 1440/1642 Loss: 1.927934
2026-08-16 08:03: Train Epoch 20: 1460/1642 Loss: 1.904914
2026-08-16 08:03: Train Epoch 20: 1480/1642 Loss: 1.780706
2026-08-16 08:03: Train Epoch 20: 1500/1642 Loss: 1.946073
2026-08-16 08:03: Train Epoch 20: 1520/1642 Loss: 1.819540
2026-08-16 08:03: Train Epoch 20: 1540/1642 Loss: 1.867232
2026-08-16 08:03: Train Epoch 20: 1560/1642 Loss: 1.906309
2026-08-16 08:03: Train Epoch 20: 1580/1642 Loss: 1.741072
2026-08-16 08:03: Train Epoch 20: 1600/1642 Loss: 1.837604
2026-08-16 08:03: Train Epoch 20: 1620/1642 Loss: 1.626414
2026-08-16 08:03: Train Epoch 20: 1640/1642 Loss: 1.798838
2026-08-16 08:03: **********Train Epoch 20: averaged Loss: 1.770924, tf_ratio: 1.000000
2026-08-16 08:03: **********Val Epoch 20: average Loss: 1.824660
2026-08-16 08:03: *********************************Current best model saved!
2026-08-16 08:03: Train Epoch 21: 0/1642 Loss: 1.692213
2026-08-16 08:03: Train Epoch 21: 20/1642 Loss: 1.639448
2026-08-16 08:03: Train Epoch 21: 40/1642 Loss: 1.727827
2026-08-16 08:03: Train Epoch 21: 60/1642 Loss: 1.801093
2026-08-16 08:03: Train Epoch 21: 80/1642 Loss: 1.764374
2026-08-16 08:03: Train Epoch 21: 100/1642 Loss: 1.716869
2026-08-16 08:03: Train Epoch 21: 120/1642 Loss: 1.819931
2026-08-16 08:03: Train Epoch 21: 140/1642 Loss: 1.969589
2026-08-16 08:04: Train Epoch 21: 160/1642 Loss: 1.765281
2026-08-16 08:04: Train Epoch 21: 180/1642 Loss: 1.719738
2026-08-16 08:04: Train Epoch 21: 200/1642 Loss: 1.699151
2026-08-16 08:04: Train Epoch 21: 220/1642 Loss: 1.741281
2026-08-16 08:04: Train Epoch 21: 240/1642 Loss: 1.777683
2026-08-16 08:04: Train Epoch 21: 260/1642 Loss: 1.670968
2026-08-16 08:04: Train Epoch 21: 280/1642 Loss: 1.652010
2026-08-16 08:04: Train Epoch 21: 300/1642 Loss: 1.732805
2026-08-16 08:04: Train Epoch 21: 320/1642 Loss: 1.722677
2026-08-16 08:04: Train Epoch 21: 340/1642 Loss: 1.597516
2026-08-16 08:04: Train Epoch 21: 360/1642 Loss: 1.878478
2026-08-16 08:04: Train Epoch 21: 380/1642 Loss: 1.719475
2026-08-16 08:04: Train Epoch 21: 400/1642 Loss: 1.713625
2026-08-16 08:04: Train Epoch 21: 420/1642 Loss: 1.766981
2026-08-16 08:04: Train Epoch 21: 440/1642 Loss: 1.814835
2026-08-16 08:04: Train Epoch 21: 460/1642 Loss: 1.856670
2026-08-16 08:04: Train Epoch 21: 480/1642 Loss: 1.823580
2026-08-16 08:04: Train Epoch 21: 500/1642 Loss: 1.732793
2026-08-16 08:04: Train Epoch 21: 520/1642 Loss: 1.726925
2026-08-16 08:04: Train Epoch 21: 540/1642 Loss: 1.707606
2026-08-16 08:04: Train Epoch 21: 560/1642 Loss: 1.838947
2026-08-16 08:04: Train Epoch 21: 580/1642 Loss: 1.738518
2026-08-16 08:04: Train Epoch 21: 600/1642 Loss: 1.645393
2026-08-16 08:04: Train Epoch 21: 620/1642 Loss: 1.761539
2026-08-16 08:04: Train Epoch 21: 640/1642 Loss: 1.773143
2026-08-16 08:04: Train Epoch 21: 660/1642 Loss: 1.697573
2026-08-16 08:04: Train Epoch 21: 680/1642 Loss: 1.810673
2026-08-16 08:04: Train Epoch 21: 700/1642 Loss: 1.670023
2026-08-16 08:04: Train Epoch 21: 720/1642 Loss: 1.868009
2026-08-16 08:04: Train Epoch 21: 740/1642 Loss: 1.676121
2026-08-16 08:04: Train Epoch 21: 760/1642 Loss: 1.761511
2026-08-16 08:04: Train Epoch 21: 780/1642 Loss: 1.588357
2026-08-16 08:04: Train Epoch 21: 800/1642 Loss: 1.828620
2026-08-16 08:04: Train Epoch 21: 820/1642 Loss: 1.761616
2026-08-16 08:04: Train Epoch 21: 840/1642 Loss: 1.784063
2026-08-16 08:04: Train Epoch 21: 860/1642 Loss: 1.765417
2026-08-16 08:04: Train Epoch 21: 880/1642 Loss: 1.658224
2026-08-16 08:04: Train Epoch 21: 900/1642 Loss: 1.761888
2026-08-16 08:04: Train Epoch 21: 920/1642 Loss: 1.786771
2026-08-16 08:04: Train Epoch 21: 940/1642 Loss: 1.676209
2026-08-16 08:04: Train Epoch 21: 960/1642 Loss: 1.911067
2026-08-16 08:04: Train Epoch 21: 980/1642 Loss: 1.789489
2026-08-16 08:04: Train Epoch 21: 1000/1642 Loss: 1.859046
2026-08-16 08:04: Train Epoch 21: 1020/1642 Loss: 1.631569
2026-08-16 08:04: Train Epoch 21: 1040/1642 Loss: 1.686472
2026-08-16 08:04: Train Epoch 21: 1060/1642 Loss: 1.742997
2026-08-16 08:04: Train Epoch 21: 1080/1642 Loss: 1.690257
2026-08-16 08:04: Train Epoch 21: 1100/1642 Loss: 1.714393
2026-08-16 08:04: Train Epoch 21: 1120/1642 Loss: 1.782605
2026-08-16 08:04: Train Epoch 21: 1140/1642 Loss: 1.765631
2026-08-16 08:04: Train Epoch 21: 1160/1642 Loss: 1.726513
2026-08-16 08:04: Train Epoch 21: 1180/1642 Loss: 1.756063
2026-08-16 08:04: Train Epoch 21: 1200/1642 Loss: 1.752692
2026-08-16 08:04: Train Epoch 21: 1220/1642 Loss: 1.708645
2026-08-16 08:04: Train Epoch 21: 1240/1642 Loss: 1.620149
2026-08-16 08:04: Train Epoch 21: 1260/1642 Loss: 1.870647
2026-08-16 08:04: Train Epoch 21: 1280/1642 Loss: 1.804209
2026-08-16 08:04: Train Epoch 21: 1300/1642 Loss: 1.846027
2026-08-16 08:04: Train Epoch 21: 1320/1642 Loss: 1.744334
2026-08-16 08:04: Train Epoch 21: 1340/1642 Loss: 1.696999
2026-08-16 08:04: Train Epoch 21: 1360/1642 Loss: 1.736508
2026-08-16 08:04: Train Epoch 21: 1380/1642 Loss: 1.679427
2026-08-16 08:04: Train Epoch 21: 1400/1642 Loss: 1.787950
2026-08-16 08:04: Train Epoch 21: 1420/1642 Loss: 1.837402
2026-08-16 08:04: Train Epoch 21: 1440/1642 Loss: 1.801619
2026-08-16 08:04: Train Epoch 21: 1460/1642 Loss: 1.862602
2026-08-16 08:04: Train Epoch 21: 1480/1642 Loss: 1.830788
2026-08-16 08:04: Train Epoch 21: 1500/1642 Loss: 1.736826
2026-08-16 08:04: Train Epoch 21: 1520/1642 Loss: 1.825427
2026-08-16 08:04: Train Epoch 21: 1540/1642 Loss: 1.741601
2026-08-16 08:04: Train Epoch 21: 1560/1642 Loss: 1.756061
2026-08-16 08:04: Train Epoch 21: 1580/1642 Loss: 1.775308
2026-08-16 08:04: Train Epoch 21: 1600/1642 Loss: 1.813672
2026-08-16 08:04: Train Epoch 21: 1620/1642 Loss: 1.810266
2026-08-16 08:04: Train Epoch 21: 1640/1642 Loss: 1.976665
2026-08-16 08:04: **********Train Epoch 21: averaged Loss: 1.764107, tf_ratio: 1.000000
2026-08-16 08:04: **********Val Epoch 21: average Loss: 1.828129
2026-08-16 08:04: Train Epoch 22: 0/1642 Loss: 1.830520
2026-08-16 08:05: Train Epoch 22: 20/1642 Loss: 1.796105
2026-08-16 08:05: Train Epoch 22: 40/1642 Loss: 1.861269
2026-08-16 08:05: Train Epoch 22: 60/1642 Loss: 1.774104
2026-08-16 08:05: Train Epoch 22: 80/1642 Loss: 1.686061
2026-08-16 08:05: Train Epoch 22: 100/1642 Loss: 1.834210
2026-08-16 08:05: Train Epoch 22: 120/1642 Loss: 1.782292
2026-08-16 08:05: Train Epoch 22: 140/1642 Loss: 1.793376
2026-08-16 08:05: Train Epoch 22: 160/1642 Loss: 1.745918
2026-08-16 08:05: Train Epoch 22: 180/1642 Loss: 1.713384
2026-08-16 08:05: Train Epoch 22: 200/1642 Loss: 1.835317
2026-08-16 08:05: Train Epoch 22: 220/1642 Loss: 1.758110
2026-08-16 08:05: Train Epoch 22: 240/1642 Loss: 1.724150
2026-08-16 08:05: Train Epoch 22: 260/1642 Loss: 1.741271
2026-08-16 08:05: Train Epoch 22: 280/1642 Loss: 1.820171
2026-08-16 08:05: Train Epoch 22: 300/1642 Loss: 1.806291
2026-08-16 08:05: Train Epoch 22: 320/1642 Loss: 1.848790
2026-08-16 08:05: Train Epoch 22: 340/1642 Loss: 1.724593
2026-08-16 08:05: Train Epoch 22: 360/1642 Loss: 1.801730
2026-08-16 08:05: Train Epoch 22: 380/1642 Loss: 1.800849
2026-08-16 08:05: Train Epoch 22: 400/1642 Loss: 1.733733
2026-08-16 08:05: Train Epoch 22: 420/1642 Loss: 1.712351
2026-08-16 08:05: Train Epoch 22: 440/1642 Loss: 1.824188
2026-08-16 08:05: Train Epoch 22: 460/1642 Loss: 1.751330
2026-08-16 08:05: Train Epoch 22: 480/1642 Loss: 1.795931
2026-08-16 08:05: Train Epoch 22: 500/1642 Loss: 1.650337
2026-08-16 08:05: Train Epoch 22: 520/1642 Loss: 1.747205
2026-08-16 08:05: Train Epoch 22: 540/1642 Loss: 1.831491
2026-08-16 08:05: Train Epoch 22: 560/1642 Loss: 1.860009
2026-08-16 08:05: Train Epoch 22: 580/1642 Loss: 1.802179
2026-08-16 08:05: Train Epoch 22: 600/1642 Loss: 1.722150
2026-08-16 08:05: Train Epoch 22: 620/1642 Loss: 1.669443
2026-08-16 08:05: Train Epoch 22: 640/1642 Loss: 1.953675
2026-08-16 08:05: Train Epoch 22: 660/1642 Loss: 1.695811
2026-08-16 08:05: Train Epoch 22: 680/1642 Loss: 1.706519
2026-08-16 08:05: Train Epoch 22: 700/1642 Loss: 1.801270
2026-08-16 08:05: Train Epoch 22: 720/1642 Loss: 1.655440
2026-08-16 08:05: Train Epoch 22: 740/1642 Loss: 1.872087
2026-08-16 08:05: Train Epoch 22: 760/1642 Loss: 1.814664
2026-08-16 08:05: Train Epoch 22: 780/1642 Loss: 1.751811
2026-08-16 08:05: Train Epoch 22: 800/1642 Loss: 1.609416
2026-08-16 08:05: Train Epoch 22: 820/1642 Loss: 1.743213
2026-08-16 08:05: Train Epoch 22: 840/1642 Loss: 1.826381
2026-08-16 08:05: Train Epoch 22: 860/1642 Loss: 1.682088
2026-08-16 08:05: Train Epoch 22: 880/1642 Loss: 1.780262
2026-08-16 08:05: Train Epoch 22: 900/1642 Loss: 1.966611
2026-08-16 08:05: Train Epoch 22: 920/1642 Loss: 1.863480
2026-08-16 08:05: Train Epoch 22: 940/1642 Loss: 1.828186
2026-08-16 08:05: Train Epoch 22: 960/1642 Loss: 1.676465
2026-08-16 08:05: Train Epoch 22: 980/1642 Loss: 1.664265
2026-08-16 08:05: Train Epoch 22: 1000/1642 Loss: 1.730054
2026-08-16 08:05: Train Epoch 22: 1020/1642 Loss: 1.731893
2026-08-16 08:05: Train Epoch 22: 1040/1642 Loss: 1.857428
2026-08-16 08:05: Train Epoch 22: 1060/1642 Loss: 1.584594
2026-08-16 08:05: Train Epoch 22: 1080/1642 Loss: 1.922693
2026-08-16 08:05: Train Epoch 22: 1100/1642 Loss: 1.699102
2026-08-16 08:05: Train Epoch 22: 1120/1642 Loss: 1.719276
2026-08-16 08:05: Train Epoch 22: 1140/1642 Loss: 1.854653
2026-08-16 08:05: Train Epoch 22: 1160/1642 Loss: 1.791698
2026-08-16 08:05: Train Epoch 22: 1180/1642 Loss: 1.753751
2026-08-16 08:05: Train Epoch 22: 1200/1642 Loss: 1.843510
2026-08-16 08:05: Train Epoch 22: 1220/1642 Loss: 1.801848
2026-08-16 08:05: Train Epoch 22: 1240/1642 Loss: 1.650929
2026-08-16 08:05: Train Epoch 22: 1260/1642 Loss: 1.724609
2026-08-16 08:05: Train Epoch 22: 1280/1642 Loss: 1.708330
2026-08-16 08:05: Train Epoch 22: 1300/1642 Loss: 1.763995
2026-08-16 08:05: Train Epoch 22: 1320/1642 Loss: 1.804002
2026-08-16 08:05: Train Epoch 22: 1340/1642 Loss: 1.615680
2026-08-16 08:05: Train Epoch 22: 1360/1642 Loss: 1.904595
2026-08-16 08:05: Train Epoch 22: 1380/1642 Loss: 1.800530
2026-08-16 08:05: Train Epoch 22: 1400/1642 Loss: 1.672882
2026-08-16 08:05: Train Epoch 22: 1420/1642 Loss: 1.872527
2026-08-16 08:05: Train Epoch 22: 1440/1642 Loss: 1.682470
2026-08-16 08:05: Train Epoch 22: 1460/1642 Loss: 1.713494
2026-08-16 08:05: Train Epoch 22: 1480/1642 Loss: 1.787729
2026-08-16 08:05: Train Epoch 22: 1500/1642 Loss: 1.755611
2026-08-16 08:05: Train Epoch 22: 1520/1642 Loss: 1.758603
2026-08-16 08:05: Train Epoch 22: 1540/1642 Loss: 1.700742
2026-08-16 08:05: Train Epoch 22: 1560/1642 Loss: 1.719421
2026-08-16 08:05: Train Epoch 22: 1580/1642 Loss: 1.704380
2026-08-16 08:05: Train Epoch 22: 1600/1642 Loss: 1.682960
2026-08-16 08:05: Train Epoch 22: 1620/1642 Loss: 1.698270
2026-08-16 08:05: Train Epoch 22: 1640/1642 Loss: 1.821706
2026-08-16 08:05: **********Train Epoch 22: averaged Loss: 1.761221, tf_ratio: 1.000000
2026-08-16 08:06: **********Val Epoch 22: average Loss: 1.820662
2026-08-16 08:06: *********************************Current best model saved!
2026-08-16 08:06: Train Epoch 23: 0/1642 Loss: 1.831716
2026-08-16 08:06: Train Epoch 23: 20/1642 Loss: 1.808788
2026-08-16 08:06: Train Epoch 23: 40/1642 Loss: 1.677366
2026-08-16 08:06: Train Epoch 23: 60/1642 Loss: 1.671180
2026-08-16 08:06: Train Epoch 23: 80/1642 Loss: 1.644386
2026-08-16 08:06: Train Epoch 23: 100/1642 Loss: 1.750808
2026-08-16 08:06: Train Epoch 23: 120/1642 Loss: 1.788980
2026-08-16 08:06: Train Epoch 23: 140/1642 Loss: 1.704188
2026-08-16 08:06: Train Epoch 23: 160/1642 Loss: 1.664587
2026-08-16 08:06: Train Epoch 23: 180/1642 Loss: 1.687550
2026-08-16 08:06: Train Epoch 23: 200/1642 Loss: 1.775536
2026-08-16 08:06: Train Epoch 23: 220/1642 Loss: 1.701973
2026-08-16 08:06: Train Epoch 23: 240/1642 Loss: 1.809287
2026-08-16 08:06: Train Epoch 23: 260/1642 Loss: 1.828091
2026-08-16 08:06: Train Epoch 23: 280/1642 Loss: 1.797872
2026-08-16 08:06: Train Epoch 23: 300/1642 Loss: 1.724349
2026-08-16 08:06: Train Epoch 23: 320/1642 Loss: 1.794162
2026-08-16 08:06: Train Epoch 23: 340/1642 Loss: 1.765744
2026-08-16 08:06: Train Epoch 23: 360/1642 Loss: 1.737540
2026-08-16 08:06: Train Epoch 23: 380/1642 Loss: 1.682364
2026-08-16 08:06: Train Epoch 23: 400/1642 Loss: 1.793731
2026-08-16 08:06: Train Epoch 23: 420/1642 Loss: 1.794503
2026-08-16 08:06: Train Epoch 23: 440/1642 Loss: 1.801091
2026-08-16 08:06: Train Epoch 23: 460/1642 Loss: 1.599805
2026-08-16 08:06: Train Epoch 23: 480/1642 Loss: 1.775672
2026-08-16 08:06: Train Epoch 23: 500/1642 Loss: 1.756752
2026-08-16 08:06: Train Epoch 23: 520/1642 Loss: 1.812275
2026-08-16 08:06: Train Epoch 23: 540/1642 Loss: 1.662905
2026-08-16 08:06: Train Epoch 23: 560/1642 Loss: 1.701395
2026-08-16 08:06: Train Epoch 23: 580/1642 Loss: 1.784150
2026-08-16 08:06: Train Epoch 23: 600/1642 Loss: 1.819006
2026-08-16 08:06: Train Epoch 23: 620/1642 Loss: 1.691500
2026-08-16 08:06: Train Epoch 23: 640/1642 Loss: 1.850240
2026-08-16 08:06: Train Epoch 23: 660/1642 Loss: 1.831584
2026-08-16 08:06: Train Epoch 23: 680/1642 Loss: 1.631927
2026-08-16 08:06: Train Epoch 23: 700/1642 Loss: 1.697923
2026-08-16 08:06: Train Epoch 23: 720/1642 Loss: 1.786495
2026-08-16 08:06: Train Epoch 23: 740/1642 Loss: 1.802723
2026-08-16 08:06: Train Epoch 23: 760/1642 Loss: 1.620783
2026-08-16 08:06: Train Epoch 23: 780/1642 Loss: 1.793914
2026-08-16 08:06: Train Epoch 23: 800/1642 Loss: 1.788767
2026-08-16 08:06: Train Epoch 23: 820/1642 Loss: 1.757838
2026-08-16 08:06: Train Epoch 23: 840/1642 Loss: 1.767927
2026-08-16 08:06: Train Epoch 23: 860/1642 Loss: 1.836270
2026-08-16 08:06: Train Epoch 23: 880/1642 Loss: 1.764395
2026-08-16 08:06: Train Epoch 23: 900/1642 Loss: 1.770814
2026-08-16 08:06: Train Epoch 23: 920/1642 Loss: 1.890160
2026-08-16 08:06: Train Epoch 23: 940/1642 Loss: 1.755924
2026-08-16 08:06: Train Epoch 23: 960/1642 Loss: 1.836692
2026-08-16 08:06: Train Epoch 23: 980/1642 Loss: 1.756816
2026-08-16 08:06: Train Epoch 23: 1000/1642 Loss: 1.718205
2026-08-16 08:06: Train Epoch 23: 1020/1642 Loss: 1.727561
2026-08-16 08:06: Train Epoch 23: 1040/1642 Loss: 1.805649
2026-08-16 08:06: Train Epoch 23: 1060/1642 Loss: 1.696693
2026-08-16 08:06: Train Epoch 23: 1080/1642 Loss: 1.903256
2026-08-16 08:06: Train Epoch 23: 1100/1642 Loss: 1.672532
2026-08-16 08:06: Train Epoch 23: 1120/1642 Loss: 1.730828
2026-08-16 08:06: Train Epoch 23: 1140/1642 Loss: 1.759525
2026-08-16 08:06: Train Epoch 23: 1160/1642 Loss: 1.791256
2026-08-16 08:06: Train Epoch 23: 1180/1642 Loss: 1.804861
2026-08-16 08:06: Train Epoch 23: 1200/1642 Loss: 1.691312
2026-08-16 08:06: Train Epoch 23: 1220/1642 Loss: 1.790235
2026-08-16 08:06: Train Epoch 23: 1240/1642 Loss: 1.801950
2026-08-16 08:06: Train Epoch 23: 1260/1642 Loss: 1.730008
2026-08-16 08:06: Train Epoch 23: 1280/1642 Loss: 1.643448
2026-08-16 08:06: Train Epoch 23: 1300/1642 Loss: 1.797789
2026-08-16 08:06: Train Epoch 23: 1320/1642 Loss: 1.692486
2026-08-16 08:06: Train Epoch 23: 1340/1642 Loss: 1.877599
2026-08-16 08:06: Train Epoch 23: 1360/1642 Loss: 1.850186
2026-08-16 08:06: Train Epoch 23: 1380/1642 Loss: 1.797390
2026-08-16 08:06: Train Epoch 23: 1400/1642 Loss: 1.743077
2026-08-16 08:06: Train Epoch 23: 1420/1642 Loss: 1.840681
2026-08-16 08:06: Train Epoch 23: 1440/1642 Loss: 1.868892
2026-08-16 08:06: Train Epoch 23: 1460/1642 Loss: 1.592002
2026-08-16 08:06: Train Epoch 23: 1480/1642 Loss: 1.696650
2026-08-16 08:06: Train Epoch 23: 1500/1642 Loss: 1.676356
2026-08-16 08:06: Train Epoch 23: 1520/1642 Loss: 1.675377
2026-08-16 08:06: Train Epoch 23: 1540/1642 Loss: 1.628000
2026-08-16 08:07: Train Epoch 23: 1560/1642 Loss: 1.695793
2026-08-16 08:07: Train Epoch 23: 1580/1642 Loss: 1.743649
2026-08-16 08:07: Train Epoch 23: 1600/1642 Loss: 1.679182
2026-08-16 08:07: Train Epoch 23: 1620/1642 Loss: 1.861571
2026-08-16 08:07: Train Epoch 23: 1640/1642 Loss: 1.756678
2026-08-16 08:07: **********Train Epoch 23: averaged Loss: 1.754489, tf_ratio: 1.000000
2026-08-16 08:07: **********Val Epoch 23: average Loss: 1.840294
2026-08-16 08:07: Train Epoch 24: 0/1642 Loss: 1.791018
2026-08-16 08:07: Train Epoch 24: 20/1642 Loss: 1.798733
2026-08-16 08:07: Train Epoch 24: 40/1642 Loss: 1.593036
2026-08-16 08:07: Train Epoch 24: 60/1642 Loss: 1.712733
2026-08-16 08:07: Train Epoch 24: 80/1642 Loss: 1.817810
2026-08-16 08:07: Train Epoch 24: 100/1642 Loss: 1.720835
2026-08-16 08:07: Train Epoch 24: 120/1642 Loss: 1.722368
2026-08-16 08:07: Train Epoch 24: 140/1642 Loss: 1.700500
2026-08-16 08:07: Train Epoch 24: 160/1642 Loss: 1.797984
2026-08-16 08:07: Train Epoch 24: 180/1642 Loss: 1.832968
2026-08-16 08:07: Train Epoch 24: 200/1642 Loss: 1.819426
2026-08-16 08:07: Train Epoch 24: 220/1642 Loss: 1.734928
2026-08-16 08:07: Train Epoch 24: 240/1642 Loss: 1.672816
2026-08-16 08:07: Train Epoch 24: 260/1642 Loss: 1.735255
2026-08-16 08:07: Train Epoch 24: 280/1642 Loss: 1.693595
2026-08-16 08:07: Train Epoch 24: 300/1642 Loss: 1.654670
2026-08-16 08:07: Train Epoch 24: 320/1642 Loss: 1.708532
2026-08-16 08:07: Train Epoch 24: 340/1642 Loss: 1.837314
2026-08-16 08:07: Train Epoch 24: 360/1642 Loss: 1.736177
2026-08-16 08:07: Train Epoch 24: 380/1642 Loss: 1.861163
2026-08-16 08:07: Train Epoch 24: 400/1642 Loss: 1.638225
2026-08-16 08:07: Train Epoch 24: 420/1642 Loss: 1.775307
2026-08-16 08:07: Train Epoch 24: 440/1642 Loss: 1.762605
2026-08-16 08:07: Train Epoch 24: 460/1642 Loss: 1.675390
2026-08-16 08:07: Train Epoch 24: 480/1642 Loss: 1.754912
2026-08-16 08:07: Train Epoch 24: 500/1642 Loss: 1.671974
2026-08-16 08:07: Train Epoch 24: 520/1642 Loss: 1.675894
2026-08-16 08:07: Train Epoch 24: 540/1642 Loss: 1.690393
2026-08-16 08:07: Train Epoch 24: 560/1642 Loss: 1.856373
2026-08-16 08:07: Train Epoch 24: 580/1642 Loss: 1.599982
2026-08-16 08:07: Train Epoch 24: 600/1642 Loss: 1.775907
2026-08-16 08:07: Train Epoch 24: 620/1642 Loss: 1.654337
2026-08-16 08:07: Train Epoch 24: 640/1642 Loss: 1.694154
2026-08-16 08:07: Train Epoch 24: 660/1642 Loss: 1.879096
2026-08-16 08:07: Train Epoch 24: 680/1642 Loss: 1.757170
2026-08-16 08:07: Train Epoch 24: 700/1642 Loss: 1.759207
2026-08-16 08:07: Train Epoch 24: 720/1642 Loss: 1.765683
2026-08-16 08:07: Train Epoch 24: 740/1642 Loss: 1.767004
2026-08-16 08:07: Train Epoch 24: 760/1642 Loss: 1.740360
2026-08-16 08:07: Train Epoch 24: 780/1642 Loss: 1.784953
2026-08-16 08:07: Train Epoch 24: 800/1642 Loss: 1.737449
2026-08-16 08:07: Train Epoch 24: 820/1642 Loss: 1.793320
2026-08-16 08:07: Train Epoch 24: 840/1642 Loss: 1.714832
2026-08-16 08:07: Train Epoch 24: 860/1642 Loss: 1.756853
2026-08-16 08:07: Train Epoch 24: 880/1642 Loss: 1.803326
2026-08-16 08:07: Train Epoch 24: 900/1642 Loss: 1.750984
2026-08-16 08:07: Train Epoch 24: 920/1642 Loss: 1.657842
2026-08-16 08:07: Train Epoch 24: 940/1642 Loss: 1.664667
2026-08-16 08:07: Train Epoch 24: 960/1642 Loss: 1.726803
2026-08-16 08:07: Train Epoch 24: 980/1642 Loss: 1.860487
2026-08-16 08:07: Train Epoch 24: 1000/1642 Loss: 1.770211
2026-08-16 08:07: Train Epoch 24: 1020/1642 Loss: 1.705010
2026-08-16 08:07: Train Epoch 24: 1040/1642 Loss: 1.583155
2026-08-16 08:07: Train Epoch 24: 1060/1642 Loss: 1.909357
2026-08-16 08:07: Train Epoch 24: 1080/1642 Loss: 1.629150
2026-08-16 08:07: Train Epoch 24: 1100/1642 Loss: 1.757602
2026-08-16 08:07: Train Epoch 24: 1120/1642 Loss: 1.801922
2026-08-16 08:07: Train Epoch 24: 1140/1642 Loss: 1.731632
2026-08-16 08:07: Train Epoch 24: 1160/1642 Loss: 1.670857
2026-08-16 08:07: Train Epoch 24: 1180/1642 Loss: 1.742991
2026-08-16 08:07: Train Epoch 24: 1200/1642 Loss: 1.632163
2026-08-16 08:07: Train Epoch 24: 1220/1642 Loss: 1.741262
2026-08-16 08:07: Train Epoch 24: 1240/1642 Loss: 1.668821
2026-08-16 08:07: Train Epoch 24: 1260/1642 Loss: 1.695169
2026-08-16 08:07: Train Epoch 24: 1280/1642 Loss: 1.760491
2026-08-16 08:07: Train Epoch 24: 1300/1642 Loss: 1.749039
2026-08-16 08:07: Train Epoch 24: 1320/1642 Loss: 1.723861
2026-08-16 08:07: Train Epoch 24: 1340/1642 Loss: 1.704055
2026-08-16 08:07: Train Epoch 24: 1360/1642 Loss: 1.761674
2026-08-16 08:07: Train Epoch 24: 1380/1642 Loss: 1.651170
2026-08-16 08:07: Train Epoch 24: 1400/1642 Loss: 1.648476
2026-08-16 08:08: Train Epoch 24: 1420/1642 Loss: 1.797088
2026-08-16 08:08: Train Epoch 24: 1440/1642 Loss: 1.713706
2026-08-16 08:08: Train Epoch 24: 1460/1642 Loss: 1.703137
2026-08-16 08:08: Train Epoch 24: 1480/1642 Loss: 1.612217
2026-08-16 08:08: Train Epoch 24: 1500/1642 Loss: 1.796278
2026-08-16 08:08: Train Epoch 24: 1520/1642 Loss: 1.798590
2026-08-16 08:08: Train Epoch 24: 1540/1642 Loss: 1.774608
2026-08-16 08:08: Train Epoch 24: 1560/1642 Loss: 1.854379
2026-08-16 08:08: Train Epoch 24: 1580/1642 Loss: 1.802258
2026-08-16 08:08: Train Epoch 24: 1600/1642 Loss: 1.660835
2026-08-16 08:08: Train Epoch 24: 1620/1642 Loss: 1.705334
2026-08-16 08:08: Train Epoch 24: 1640/1642 Loss: 1.752766
2026-08-16 08:08: **********Train Epoch 24: averaged Loss: 1.750154, tf_ratio: 1.000000
2026-08-16 08:08: **********Val Epoch 24: average Loss: 1.817667
2026-08-16 08:08: *********************************Current best model saved!
2026-08-16 08:08: Train Epoch 25: 0/1642 Loss: 1.760404
2026-08-16 08:08: Train Epoch 25: 20/1642 Loss: 1.785562
2026-08-16 08:08: Train Epoch 25: 40/1642 Loss: 1.708434
2026-08-16 08:08: Train Epoch 25: 60/1642 Loss: 1.678905
2026-08-16 08:08: Train Epoch 25: 80/1642 Loss: 1.681416
2026-08-16 08:08: Train Epoch 25: 100/1642 Loss: 1.758718
2026-08-16 08:08: Train Epoch 25: 120/1642 Loss: 1.729662
2026-08-16 08:08: Train Epoch 25: 140/1642 Loss: 1.725261
2026-08-16 08:08: Train Epoch 25: 160/1642 Loss: 1.744068
2026-08-16 08:08: Train Epoch 25: 180/1642 Loss: 1.712116
2026-08-16 08:08: Train Epoch 25: 200/1642 Loss: 1.642512
2026-08-16 08:08: Train Epoch 25: 220/1642 Loss: 1.777975
2026-08-16 08:08: Train Epoch 25: 240/1642 Loss: 1.623329
2026-08-16 08:08: Train Epoch 25: 260/1642 Loss: 1.844456
2026-08-16 08:08: Train Epoch 25: 280/1642 Loss: 1.860332
2026-08-16 08:08: Train Epoch 25: 300/1642 Loss: 1.833671
2026-08-16 08:08: Train Epoch 25: 320/1642 Loss: 1.766612
2026-08-16 08:08: Train Epoch 25: 340/1642 Loss: 1.737597
2026-08-16 08:08: Train Epoch 25: 360/1642 Loss: 1.738991
2026-08-16 08:08: Train Epoch 25: 380/1642 Loss: 1.775884
2026-08-16 08:08: Train Epoch 25: 400/1642 Loss: 1.844424
2026-08-16 08:08: Train Epoch 25: 420/1642 Loss: 1.802216
2026-08-16 08:08: Train Epoch 25: 440/1642 Loss: 1.750724
2026-08-16 08:08: Train Epoch 25: 460/1642 Loss: 1.810300
2026-08-16 08:08: Train Epoch 25: 480/1642 Loss: 1.775011
2026-08-16 08:08: Train Epoch 25: 500/1642 Loss: 1.833208
2026-08-16 08:08: Train Epoch 25: 520/1642 Loss: 1.767512
2026-08-16 08:08: Train Epoch 25: 540/1642 Loss: 1.692790
2026-08-16 08:08: Train Epoch 25: 560/1642 Loss: 1.700426
2026-08-16 08:08: Train Epoch 25: 580/1642 Loss: 1.820394
2026-08-16 08:08: Train Epoch 25: 600/1642 Loss: 1.705918
2026-08-16 08:08: Train Epoch 25: 620/1642 Loss: 1.781582
2026-08-16 08:08: Train Epoch 25: 640/1642 Loss: 1.719748
2026-08-16 08:08: Train Epoch 25: 660/1642 Loss: 1.828800
2026-08-16 08:08: Train Epoch 25: 680/1642 Loss: 1.774487
2026-08-16 08:08: Train Epoch 25: 700/1642 Loss: 1.589268
2026-08-16 08:08: Train Epoch 25: 720/1642 Loss: 1.724292
2026-08-16 08:08: Train Epoch 25: 740/1642 Loss: 1.758697
2026-08-16 08:08: Train Epoch 25: 760/1642 Loss: 1.673856
2026-08-16 08:08: Train Epoch 25: 780/1642 Loss: 1.723135
2026-08-16 08:08: Train Epoch 25: 800/1642 Loss: 1.774663
2026-08-16 08:08: Train Epoch 25: 820/1642 Loss: 1.876886
2026-08-16 08:08: Train Epoch 25: 840/1642 Loss: 1.737960
2026-08-16 08:08: Train Epoch 25: 860/1642 Loss: 1.676760
2026-08-16 08:08: Train Epoch 25: 880/1642 Loss: 1.834359
2026-08-16 08:08: Train Epoch 25: 900/1642 Loss: 1.665788
2026-08-16 08:08: Train Epoch 25: 920/1642 Loss: 1.781023
2026-08-16 08:08: Train Epoch 25: 940/1642 Loss: 1.670361
2026-08-16 08:08: Train Epoch 25: 960/1642 Loss: 1.804581
2026-08-16 08:08: Train Epoch 25: 980/1642 Loss: 1.785094
2026-08-16 08:08: Train Epoch 25: 1000/1642 Loss: 1.686276
2026-08-16 08:08: Train Epoch 25: 1020/1642 Loss: 1.712065
2026-08-16 08:08: Train Epoch 25: 1040/1642 Loss: 1.681915
2026-08-16 08:08: Train Epoch 25: 1060/1642 Loss: 1.771168
2026-08-16 08:08: Train Epoch 25: 1080/1642 Loss: 1.798609
2026-08-16 08:08: Train Epoch 25: 1100/1642 Loss: 1.830526
2026-08-16 08:08: Train Epoch 25: 1120/1642 Loss: 1.733538
2026-08-16 08:08: Train Epoch 25: 1140/1642 Loss: 1.703301
2026-08-16 08:08: Train Epoch 25: 1160/1642 Loss: 1.705648
2026-08-16 08:08: Train Epoch 25: 1180/1642 Loss: 1.857718
2026-08-16 08:08: Train Epoch 25: 1200/1642 Loss: 1.712544
2026-08-16 08:08: Train Epoch 25: 1220/1642 Loss: 1.759898
2026-08-16 08:08: Train Epoch 25: 1240/1642 Loss: 1.850796
2026-08-16 08:08: Train Epoch 25: 1260/1642 Loss: 1.724229
2026-08-16 08:09: Train Epoch 25: 1280/1642 Loss: 1.781160
2026-08-16 08:09: Train Epoch 25: 1300/1642 Loss: 1.805980
2026-08-16 08:09: Train Epoch 25: 1320/1642 Loss: 1.757194
2026-08-16 08:09: Train Epoch 25: 1340/1642 Loss: 1.786623
2026-08-16 08:09: Train Epoch 25: 1360/1642 Loss: 1.616906
2026-08-16 08:09: Train Epoch 25: 1380/1642 Loss: 1.690704
2026-08-16 08:09: Train Epoch 25: 1400/1642 Loss: 1.851204
2026-08-16 08:09: Train Epoch 25: 1420/1642 Loss: 1.663719
2026-08-16 08:09: Train Epoch 25: 1440/1642 Loss: 1.779622
2026-08-16 08:09: Train Epoch 25: 1460/1642 Loss: 1.845038
2026-08-16 08:09: Train Epoch 25: 1480/1642 Loss: 1.801954
2026-08-16 08:09: Train Epoch 25: 1500/1642 Loss: 1.746001
2026-08-16 08:09: Train Epoch 25: 1520/1642 Loss: 1.891857
2026-08-16 08:09: Train Epoch 25: 1540/1642 Loss: 1.691451
2026-08-16 08:09: Train Epoch 25: 1560/1642 Loss: 1.588280
2026-08-16 08:09: Train Epoch 25: 1580/1642 Loss: 1.764326
2026-08-16 08:09: Train Epoch 25: 1600/1642 Loss: 1.798471
2026-08-16 08:09: Train Epoch 25: 1620/1642 Loss: 1.652373
2026-08-16 08:09: Train Epoch 25: 1640/1642 Loss: 1.573294
2026-08-16 08:09: **********Train Epoch 25: averaged Loss: 1.744111, tf_ratio: 1.000000
2026-08-16 08:09: **********Val Epoch 25: average Loss: 1.820926
2026-08-16 08:09: Train Epoch 26: 0/1642 Loss: 1.675556
2026-08-16 08:09: Train Epoch 26: 20/1642 Loss: 1.688932
2026-08-16 08:09: Train Epoch 26: 40/1642 Loss: 1.664583
2026-08-16 08:09: Train Epoch 26: 60/1642 Loss: 1.683783
2026-08-16 08:09: Train Epoch 26: 80/1642 Loss: 1.718769
2026-08-16 08:09: Train Epoch 26: 100/1642 Loss: 1.645269
2026-08-16 08:09: Train Epoch 26: 120/1642 Loss: 1.792269
2026-08-16 08:09: Train Epoch 26: 140/1642 Loss: 1.785102
2026-08-16 08:09: Train Epoch 26: 160/1642 Loss: 1.970505
2026-08-16 08:09: Train Epoch 26: 180/1642 Loss: 1.674869
2026-08-16 08:09: Train Epoch 26: 200/1642 Loss: 1.715082
2026-08-16 08:09: Train Epoch 26: 220/1642 Loss: 1.750855
2026-08-16 08:09: Train Epoch 26: 240/1642 Loss: 1.692169
2026-08-16 08:09: Train Epoch 26: 260/1642 Loss: 1.709471
2026-08-16 08:09: Train Epoch 26: 280/1642 Loss: 1.638836
2026-08-16 08:09: Train Epoch 26: 300/1642 Loss: 1.727502
2026-08-16 08:09: Train Epoch 26: 320/1642 Loss: 1.728943
2026-08-16 08:09: Train Epoch 26: 340/1642 Loss: 1.799176
2026-08-16 08:09: Train Epoch 26: 360/1642 Loss: 1.849788
2026-08-16 08:09: Train Epoch 26: 380/1642 Loss: 1.749038
2026-08-16 08:09: Train Epoch 26: 400/1642 Loss: 1.717276
2026-08-16 08:09: Train Epoch 26: 420/1642 Loss: 1.817624
2026-08-16 08:09: Train Epoch 26: 440/1642 Loss: 1.633539
2026-08-16 08:09: Train Epoch 26: 460/1642 Loss: 1.809004
2026-08-16 08:09: Train Epoch 26: 480/1642 Loss: 1.690848
2026-08-16 08:09: Train Epoch 26: 500/1642 Loss: 1.682956
2026-08-16 08:09: Train Epoch 26: 520/1642 Loss: 1.625293
2026-08-16 08:09: Train Epoch 26: 540/1642 Loss: 1.761571
2026-08-16 08:09: Train Epoch 26: 560/1642 Loss: 1.712250
2026-08-16 08:09: Train Epoch 26: 580/1642 Loss: 1.769804
2026-08-16 08:09: Train Epoch 26: 600/1642 Loss: 1.630678
2026-08-16 08:09: Train Epoch 26: 620/1642 Loss: 1.751058
2026-08-16 08:09: Train Epoch 26: 640/1642 Loss: 1.864931
2026-08-16 08:09: Train Epoch 26: 660/1642 Loss: 1.734282
2026-08-16 08:09: Train Epoch 26: 680/1642 Loss: 1.690233
2026-08-16 08:09: Train Epoch 26: 700/1642 Loss: 1.785570
2026-08-16 08:09: Train Epoch 26: 720/1642 Loss: 1.732708
2026-08-16 08:09: Train Epoch 26: 740/1642 Loss: 1.628970
2026-08-16 08:09: Train Epoch 26: 760/1642 Loss: 1.713573
2026-08-16 08:09: Train Epoch 26: 780/1642 Loss: 1.723032
2026-08-16 08:09: Train Epoch 26: 800/1642 Loss: 1.735140
2026-08-16 08:09: Train Epoch 26: 820/1642 Loss: 1.706667
2026-08-16 08:09: Train Epoch 26: 840/1642 Loss: 1.718613
2026-08-16 08:09: Train Epoch 26: 860/1642 Loss: 1.617176
2026-08-16 08:09: Train Epoch 26: 880/1642 Loss: 1.641382
2026-08-16 08:09: Train Epoch 26: 900/1642 Loss: 1.841120
2026-08-16 08:09: Train Epoch 26: 920/1642 Loss: 1.662889
2026-08-16 08:09: Train Epoch 26: 940/1642 Loss: 1.787785
2026-08-16 08:09: Train Epoch 26: 960/1642 Loss: 1.670348
2026-08-16 08:09: Train Epoch 26: 980/1642 Loss: 1.827567
2026-08-16 08:09: Train Epoch 26: 1000/1642 Loss: 1.697620
2026-08-16 08:09: Train Epoch 26: 1020/1642 Loss: 1.892360
2026-08-16 08:09: Train Epoch 26: 1040/1642 Loss: 1.770788
2026-08-16 08:09: Train Epoch 26: 1060/1642 Loss: 1.804800
2026-08-16 08:09: Train Epoch 26: 1080/1642 Loss: 1.815737
2026-08-16 08:09: Train Epoch 26: 1100/1642 Loss: 1.703137
2026-08-16 08:09: Train Epoch 26: 1120/1642 Loss: 1.769267
2026-08-16 08:10: Train Epoch 26: 1140/1642 Loss: 1.621728
2026-08-16 08:10: Train Epoch 26: 1160/1642 Loss: 1.785225
2026-08-16 08:10: Train Epoch 26: 1180/1642 Loss: 1.638392
2026-08-16 08:10: Train Epoch 26: 1200/1642 Loss: 1.822996
2026-08-16 08:10: Train Epoch 26: 1220/1642 Loss: 1.715913
2026-08-16 08:10: Train Epoch 26: 1240/1642 Loss: 1.887983
2026-08-16 08:10: Train Epoch 26: 1260/1642 Loss: 1.712073
2026-08-16 08:10: Train Epoch 26: 1280/1642 Loss: 1.702762
2026-08-16 08:10: Train Epoch 26: 1300/1642 Loss: 1.766716
2026-08-16 08:10: Train Epoch 26: 1320/1642 Loss: 1.869614
2026-08-16 08:10: Train Epoch 26: 1340/1642 Loss: 1.783567
2026-08-16 08:10: Train Epoch 26: 1360/1642 Loss: 1.678655
2026-08-16 08:10: Train Epoch 26: 1380/1642 Loss: 1.688576
2026-08-16 08:10: Train Epoch 26: 1400/1642 Loss: 1.711679
2026-08-16 08:10: Train Epoch 26: 1420/1642 Loss: 1.724685
2026-08-16 08:10: Train Epoch 26: 1440/1642 Loss: 1.880448
2026-08-16 08:10: Train Epoch 26: 1460/1642 Loss: 1.760144
2026-08-16 08:10: Train Epoch 26: 1480/1642 Loss: 1.815366
2026-08-16 08:10: Train Epoch 26: 1500/1642 Loss: 1.689406
2026-08-16 08:10: Train Epoch 26: 1520/1642 Loss: 1.729147
2026-08-16 08:10: Train Epoch 26: 1540/1642 Loss: 1.719883
2026-08-16 08:10: Train Epoch 26: 1560/1642 Loss: 1.793180
2026-08-16 08:10: Train Epoch 26: 1580/1642 Loss: 1.689765
2026-08-16 08:10: Train Epoch 26: 1600/1642 Loss: 1.610490
2026-08-16 08:10: Train Epoch 26: 1620/1642 Loss: 1.617957
2026-08-16 08:10: Train Epoch 26: 1640/1642 Loss: 1.777044
2026-08-16 08:10: **********Train Epoch 26: averaged Loss: 1.738972, tf_ratio: 1.000000
2026-08-16 08:10: **********Val Epoch 26: average Loss: 1.834041
2026-08-16 08:10: Train Epoch 27: 0/1642 Loss: 1.755322
2026-08-16 08:10: Train Epoch 27: 20/1642 Loss: 1.664792
2026-08-16 08:10: Train Epoch 27: 40/1642 Loss: 1.767383
2026-08-16 08:10: Train Epoch 27: 60/1642 Loss: 1.690909
2026-08-16 08:10: Train Epoch 27: 80/1642 Loss: 1.761650
2026-08-16 08:10: Train Epoch 27: 100/1642 Loss: 1.589148
2026-08-16 08:10: Train Epoch 27: 120/1642 Loss: 1.759358
2026-08-16 08:10: Train Epoch 27: 140/1642 Loss: 1.736223
2026-08-16 08:10: Train Epoch 27: 160/1642 Loss: 1.704988
2026-08-16 08:10: Train Epoch 27: 180/1642 Loss: 1.702612
2026-08-16 08:10: Train Epoch 27: 200/1642 Loss: 1.756573
2026-08-16 08:10: Train Epoch 27: 220/1642 Loss: 1.700976
2026-08-16 08:10: Train Epoch 27: 240/1642 Loss: 1.817137
2026-08-16 08:10: Train Epoch 27: 260/1642 Loss: 1.747965
2026-08-16 08:10: Train Epoch 27: 280/1642 Loss: 1.701422
2026-08-16 08:10: Train Epoch 27: 300/1642 Loss: 1.720917
2026-08-16 08:10: Train Epoch 27: 320/1642 Loss: 1.757664
2026-08-16 08:10: Train Epoch 27: 340/1642 Loss: 1.712122
2026-08-16 08:10: Train Epoch 27: 360/1642 Loss: 1.828334
2026-08-16 08:10: Train Epoch 27: 380/1642 Loss: 1.716161
2026-08-16 08:10: Train Epoch 27: 400/1642 Loss: 1.720635
2026-08-16 08:10: Train Epoch 27: 420/1642 Loss: 1.650514
2026-08-16 08:10: Train Epoch 27: 440/1642 Loss: 1.636074
2026-08-16 08:10: Train Epoch 27: 460/1642 Loss: 1.709288
2026-08-16 08:10: Train Epoch 27: 480/1642 Loss: 1.637793
2026-08-16 08:10: Train Epoch 27: 500/1642 Loss: 1.643718
2026-08-16 08:10: Train Epoch 27: 520/1642 Loss: 1.675120
2026-08-16 08:10: Train Epoch 27: 540/1642 Loss: 1.712452
2026-08-16 08:10: Train Epoch 27: 560/1642 Loss: 1.832102
2026-08-16 08:10: Train Epoch 27: 580/1642 Loss: 1.782886
2026-08-16 08:10: Train Epoch 27: 600/1642 Loss: 1.751204
2026-08-16 08:10: Train Epoch 27: 620/1642 Loss: 1.732749
2026-08-16 08:10: Train Epoch 27: 640/1642 Loss: 1.769899
2026-08-16 08:10: Train Epoch 27: 660/1642 Loss: 1.715148
2026-08-16 08:10: Train Epoch 27: 680/1642 Loss: 1.694256
2026-08-16 08:10: Train Epoch 27: 700/1642 Loss: 1.757542
2026-08-16 08:10: Train Epoch 27: 720/1642 Loss: 1.690888
2026-08-16 08:10: Train Epoch 27: 740/1642 Loss: 1.664933
2026-08-16 08:10: Train Epoch 27: 760/1642 Loss: 1.601196
2026-08-16 08:10: Train Epoch 27: 780/1642 Loss: 1.861296
2026-08-16 08:10: Train Epoch 27: 800/1642 Loss: 1.674029
2026-08-16 08:10: Train Epoch 27: 820/1642 Loss: 1.732190
2026-08-16 08:10: Train Epoch 27: 840/1642 Loss: 1.661198
2026-08-16 08:10: Train Epoch 27: 860/1642 Loss: 1.838095
2026-08-16 08:10: Train Epoch 27: 880/1642 Loss: 1.663000
2026-08-16 08:10: Train Epoch 27: 900/1642 Loss: 1.739322
2026-08-16 08:10: Train Epoch 27: 920/1642 Loss: 1.657804
2026-08-16 08:10: Train Epoch 27: 940/1642 Loss: 1.864041
2026-08-16 08:10: Train Epoch 27: 960/1642 Loss: 1.627578
2026-08-16 08:10: Train Epoch 27: 980/1642 Loss: 1.600720
2026-08-16 08:10: Train Epoch 27: 1000/1642 Loss: 1.711172
2026-08-16 08:11: Train Epoch 27: 1020/1642 Loss: 1.748116
2026-08-16 08:11: Train Epoch 27: 1040/1642 Loss: 1.774637
2026-08-16 08:11: Train Epoch 27: 1060/1642 Loss: 1.708434
2026-08-16 08:11: Train Epoch 27: 1080/1642 Loss: 1.787868
2026-08-16 08:11: Train Epoch 27: 1100/1642 Loss: 1.850097
2026-08-16 08:11: Train Epoch 27: 1120/1642 Loss: 1.780884
2026-08-16 08:11: Train Epoch 27: 1140/1642 Loss: 1.654463
2026-08-16 08:11: Train Epoch 27: 1160/1642 Loss: 1.762939
2026-08-16 08:11: Train Epoch 27: 1180/1642 Loss: 1.688581
2026-08-16 08:11: Train Epoch 27: 1200/1642 Loss: 1.678208
2026-08-16 08:11: Train Epoch 27: 1220/1642 Loss: 1.795113
2026-08-16 08:11: Train Epoch 27: 1240/1642 Loss: 1.694622
2026-08-16 08:11: Train Epoch 27: 1260/1642 Loss: 1.774263
2026-08-16 08:11: Train Epoch 27: 1280/1642 Loss: 1.815172
2026-08-16 08:11: Train Epoch 27: 1300/1642 Loss: 1.784227
2026-08-16 08:11: Train Epoch 27: 1320/1642 Loss: 1.773255
2026-08-16 08:11: Train Epoch 27: 1340/1642 Loss: 1.688625
2026-08-16 08:11: Train Epoch 27: 1360/1642 Loss: 1.674671
2026-08-16 08:11: Train Epoch 27: 1380/1642 Loss: 1.737106
2026-08-16 08:11: Train Epoch 27: 1400/1642 Loss: 1.641560
2026-08-16 08:11: Train Epoch 27: 1420/1642 Loss: 1.652594
2026-08-16 08:11: Train Epoch 27: 1440/1642 Loss: 1.812628
2026-08-16 08:11: Train Epoch 27: 1460/1642 Loss: 1.690372
2026-08-16 08:11: Train Epoch 27: 1480/1642 Loss: 1.674594
2026-08-16 08:11: Train Epoch 27: 1500/1642 Loss: 1.727942
2026-08-16 08:11: Train Epoch 27: 1520/1642 Loss: 1.892619
2026-08-16 08:11: Train Epoch 27: 1540/1642 Loss: 1.749875
2026-08-16 08:11: Train Epoch 27: 1560/1642 Loss: 1.735822
2026-08-16 08:11: Train Epoch 27: 1580/1642 Loss: 1.813040
2026-08-16 08:11: Train Epoch 27: 1600/1642 Loss: 1.741233
2026-08-16 08:11: Train Epoch 27: 1620/1642 Loss: 1.639452
2026-08-16 08:11: Train Epoch 27: 1640/1642 Loss: 1.731544
2026-08-16 08:11: **********Train Epoch 27: averaged Loss: 1.736133, tf_ratio: 1.000000
2026-08-16 08:11: **********Val Epoch 27: average Loss: 1.818309
2026-08-16 08:11: Train Epoch 28: 0/1642 Loss: 1.628146
2026-08-16 08:11: Train Epoch 28: 20/1642 Loss: 1.732054
2026-08-16 08:11: Train Epoch 28: 40/1642 Loss: 1.660578
2026-08-16 08:11: Train Epoch 28: 60/1642 Loss: 1.669071
2026-08-16 08:11: Train Epoch 28: 80/1642 Loss: 1.688097
2026-08-16 08:11: Train Epoch 28: 100/1642 Loss: 1.727821
2026-08-16 08:11: Train Epoch 28: 120/1642 Loss: 1.702047
2026-08-16 08:11: Train Epoch 28: 140/1642 Loss: 1.686463
2026-08-16 08:11: Train Epoch 28: 160/1642 Loss: 1.669049
2026-08-16 08:11: Train Epoch 28: 180/1642 Loss: 1.633062
2026-08-16 08:11: Train Epoch 28: 200/1642 Loss: 1.808301
2026-08-16 08:11: Train Epoch 28: 220/1642 Loss: 1.680092
2026-08-16 08:11: Train Epoch 28: 240/1642 Loss: 1.655083
2026-08-16 08:11: Train Epoch 28: 260/1642 Loss: 1.777711
2026-08-16 08:11: Train Epoch 28: 280/1642 Loss: 1.671252
2026-08-16 08:11: Train Epoch 28: 300/1642 Loss: 1.876398
2026-08-16 08:11: Train Epoch 28: 320/1642 Loss: 1.667508
2026-08-16 08:11: Train Epoch 28: 340/1642 Loss: 1.747288
2026-08-16 08:11: Train Epoch 28: 360/1642 Loss: 1.705840
2026-08-16 08:11: Train Epoch 28: 380/1642 Loss: 1.807135
2026-08-16 08:11: Train Epoch 28: 400/1642 Loss: 1.845032
2026-08-16 08:11: Train Epoch 28: 420/1642 Loss: 1.736225
2026-08-16 08:11: Train Epoch 28: 440/1642 Loss: 1.760830
2026-08-16 08:11: Train Epoch 28: 460/1642 Loss: 1.833493
2026-08-16 08:11: Train Epoch 28: 480/1642 Loss: 1.744998
2026-08-16 08:11: Train Epoch 28: 500/1642 Loss: 1.723256
2026-08-16 08:11: Train Epoch 28: 520/1642 Loss: 1.727309
2026-08-16 08:11: Train Epoch 28: 540/1642 Loss: 1.676081
2026-08-16 08:11: Train Epoch 28: 560/1642 Loss: 1.652460
2026-08-16 08:11: Train Epoch 28: 580/1642 Loss: 1.737000
2026-08-16 08:11: Train Epoch 28: 600/1642 Loss: 1.713579
2026-08-16 08:11: Train Epoch 28: 620/1642 Loss: 1.735474
2026-08-16 08:11: Train Epoch 28: 640/1642 Loss: 1.593801
2026-08-16 08:11: Train Epoch 28: 660/1642 Loss: 1.755207
2026-08-16 08:11: Train Epoch 28: 680/1642 Loss: 1.686537
2026-08-16 08:11: Train Epoch 28: 700/1642 Loss: 1.789463
2026-08-16 08:11: Train Epoch 28: 720/1642 Loss: 1.715792
2026-08-16 08:11: Train Epoch 28: 740/1642 Loss: 1.767527
2026-08-16 08:11: Train Epoch 28: 760/1642 Loss: 1.738319
2026-08-16 08:11: Train Epoch 28: 780/1642 Loss: 1.802614
2026-08-16 08:11: Train Epoch 28: 800/1642 Loss: 1.821234
2026-08-16 08:11: Train Epoch 28: 820/1642 Loss: 1.717598
2026-08-16 08:11: Train Epoch 28: 840/1642 Loss: 1.866085
2026-08-16 08:11: Train Epoch 28: 860/1642 Loss: 1.648551
2026-08-16 08:12: Train Epoch 28: 880/1642 Loss: 1.662236
2026-08-16 08:12: Train Epoch 28: 900/1642 Loss: 1.731074
2026-08-16 08:12: Train Epoch 28: 920/1642 Loss: 1.782242
2026-08-16 08:12: Train Epoch 28: 940/1642 Loss: 1.801836
2026-08-16 08:12: Train Epoch 28: 960/1642 Loss: 1.708793
2026-08-16 08:12: Train Epoch 28: 980/1642 Loss: 1.884222
2026-08-16 08:12: Train Epoch 28: 1000/1642 Loss: 1.643736
2026-08-16 08:12: Train Epoch 28: 1020/1642 Loss: 1.643273
2026-08-16 08:12: Train Epoch 28: 1040/1642 Loss: 1.719090
2026-08-16 08:12: Train Epoch 28: 1060/1642 Loss: 1.807036
2026-08-16 08:12: Train Epoch 28: 1080/1642 Loss: 1.881107
2026-08-16 08:12: Train Epoch 28: 1100/1642 Loss: 1.945322
2026-08-16 08:12: Train Epoch 28: 1120/1642 Loss: 1.666911
2026-08-16 08:12: Train Epoch 28: 1140/1642 Loss: 1.738626
2026-08-16 08:12: Train Epoch 28: 1160/1642 Loss: 1.719619
2026-08-16 08:12: Train Epoch 28: 1180/1642 Loss: 1.709661
2026-08-16 08:12: Train Epoch 28: 1200/1642 Loss: 1.852233
2026-08-16 08:12: Train Epoch 28: 1220/1642 Loss: 1.740087
2026-08-16 08:12: Train Epoch 28: 1240/1642 Loss: 1.814279
2026-08-16 08:12: Train Epoch 28: 1260/1642 Loss: 1.673252
2026-08-16 08:12: Train Epoch 28: 1280/1642 Loss: 1.640792
2026-08-16 08:12: Train Epoch 28: 1300/1642 Loss: 1.651316
2026-08-16 08:12: Train Epoch 28: 1320/1642 Loss: 1.790981
2026-08-16 08:12: Train Epoch 28: 1340/1642 Loss: 1.724566
2026-08-16 08:12: Train Epoch 28: 1360/1642 Loss: 1.711041
2026-08-16 08:12: Train Epoch 28: 1380/1642 Loss: 1.753730
2026-08-16 08:12: Train Epoch 28: 1400/1642 Loss: 1.788274
2026-08-16 08:12: Train Epoch 28: 1420/1642 Loss: 1.759913
2026-08-16 08:12: Train Epoch 28: 1440/1642 Loss: 1.789979
2026-08-16 08:12: Train Epoch 28: 1460/1642 Loss: 1.835451
2026-08-16 08:12: Train Epoch 28: 1480/1642 Loss: 1.732320
2026-08-16 08:12: Train Epoch 28: 1500/1642 Loss: 1.663675
2026-08-16 08:12: Train Epoch 28: 1520/1642 Loss: 1.716195
2026-08-16 08:12: Train Epoch 28: 1540/1642 Loss: 1.662390
2026-08-16 08:12: Train Epoch 28: 1560/1642 Loss: 1.658658
2026-08-16 08:12: Train Epoch 28: 1580/1642 Loss: 1.737857
2026-08-16 08:12: Train Epoch 28: 1600/1642 Loss: 1.761770
2026-08-16 08:12: Train Epoch 28: 1620/1642 Loss: 1.725657
2026-08-16 08:12: Train Epoch 28: 1640/1642 Loss: 1.637761
2026-08-16 08:12: **********Train Epoch 28: averaged Loss: 1.730281, tf_ratio: 1.000000
2026-08-16 08:12: **********Val Epoch 28: average Loss: 1.828054
2026-08-16 08:12: Train Epoch 29: 0/1642 Loss: 1.775419
2026-08-16 08:12: Train Epoch 29: 20/1642 Loss: 1.780214
2026-08-16 08:12: Train Epoch 29: 40/1642 Loss: 1.694444
2026-08-16 08:12: Train Epoch 29: 60/1642 Loss: 1.826000
2026-08-16 08:12: Train Epoch 29: 80/1642 Loss: 1.649105
2026-08-16 08:12: Train Epoch 29: 100/1642 Loss: 1.665700
2026-08-16 08:12: Train Epoch 29: 120/1642 Loss: 1.701758
2026-08-16 08:12: Train Epoch 29: 140/1642 Loss: 1.791597
2026-08-16 08:12: Train Epoch 29: 160/1642 Loss: 1.621267
2026-08-16 08:12: Train Epoch 29: 180/1642 Loss: 1.725841
2026-08-16 08:12: Train Epoch 29: 200/1642 Loss: 1.785539
2026-08-16 08:12: Train Epoch 29: 220/1642 Loss: 1.642030
2026-08-16 08:12: Train Epoch 29: 240/1642 Loss: 1.692628
2026-08-16 08:12: Train Epoch 29: 260/1642 Loss: 1.761340
2026-08-16 08:12: Train Epoch 29: 280/1642 Loss: 1.856767
2026-08-16 08:12: Train Epoch 29: 300/1642 Loss: 1.774311
2026-08-16 08:12: Train Epoch 29: 320/1642 Loss: 1.667747
2026-08-16 08:12: Train Epoch 29: 340/1642 Loss: 1.824657
2026-08-16 08:12: Train Epoch 29: 360/1642 Loss: 1.711567
2026-08-16 08:12: Train Epoch 29: 380/1642 Loss: 1.826959
2026-08-16 08:12: Train Epoch 29: 400/1642 Loss: 1.607629
2026-08-16 08:12: Train Epoch 29: 420/1642 Loss: 1.584981
2026-08-16 08:12: Train Epoch 29: 440/1642 Loss: 1.700734
2026-08-16 08:12: Train Epoch 29: 460/1642 Loss: 1.704227
2026-08-16 08:12: Train Epoch 29: 480/1642 Loss: 1.701189
2026-08-16 08:12: Train Epoch 29: 500/1642 Loss: 1.903551
2026-08-16 08:12: Train Epoch 29: 520/1642 Loss: 1.639817
2026-08-16 08:12: Train Epoch 29: 540/1642 Loss: 1.680183
2026-08-16 08:12: Train Epoch 29: 560/1642 Loss: 1.758250
2026-08-16 08:12: Train Epoch 29: 580/1642 Loss: 1.779725
2026-08-16 08:12: Train Epoch 29: 600/1642 Loss: 1.701109
2026-08-16 08:12: Train Epoch 29: 620/1642 Loss: 1.722930
2026-08-16 08:12: Train Epoch 29: 640/1642 Loss: 1.601403
2026-08-16 08:12: Train Epoch 29: 660/1642 Loss: 1.769023
2026-08-16 08:12: Train Epoch 29: 680/1642 Loss: 1.869219
2026-08-16 08:12: Train Epoch 29: 700/1642 Loss: 1.689963
2026-08-16 08:12: Train Epoch 29: 720/1642 Loss: 1.626510
2026-08-16 08:13: Train Epoch 29: 740/1642 Loss: 1.818225
2026-08-16 08:13: Train Epoch 29: 760/1642 Loss: 1.531163
2026-08-16 08:13: Train Epoch 29: 780/1642 Loss: 1.705480
2026-08-16 08:13: Train Epoch 29: 800/1642 Loss: 1.775453
2026-08-16 08:13: Train Epoch 29: 820/1642 Loss: 1.619314
2026-08-16 08:13: Train Epoch 29: 840/1642 Loss: 1.783824
2026-08-16 08:13: Train Epoch 29: 860/1642 Loss: 1.792022
2026-08-16 08:13: Train Epoch 29: 880/1642 Loss: 1.610714
2026-08-16 08:13: Train Epoch 29: 900/1642 Loss: 1.709486
2026-08-16 08:13: Train Epoch 29: 920/1642 Loss: 1.743966
2026-08-16 08:13: Train Epoch 29: 940/1642 Loss: 1.833996
2026-08-16 08:13: Train Epoch 29: 960/1642 Loss: 1.679212
2026-08-16 08:13: Train Epoch 29: 980/1642 Loss: 1.762857
2026-08-16 08:13: Train Epoch 29: 1000/1642 Loss: 1.702117
2026-08-16 08:13: Train Epoch 29: 1020/1642 Loss: 1.679136
2026-08-16 08:13: Train Epoch 29: 1040/1642 Loss: 1.760964
2026-08-16 08:13: Train Epoch 29: 1060/1642 Loss: 1.604145
2026-08-16 08:13: Train Epoch 29: 1080/1642 Loss: 1.662786
2026-08-16 08:13: Train Epoch 29: 1100/1642 Loss: 1.708556
2026-08-16 08:13: Train Epoch 29: 1120/1642 Loss: 1.860356
2026-08-16 08:13: Train Epoch 29: 1140/1642 Loss: 1.715231
2026-08-16 08:13: Train Epoch 29: 1160/1642 Loss: 1.853519
2026-08-16 08:13: Train Epoch 29: 1180/1642 Loss: 1.640470
2026-08-16 08:13: Train Epoch 29: 1200/1642 Loss: 1.740970
2026-08-16 08:13: Train Epoch 29: 1220/1642 Loss: 1.790338
2026-08-16 08:13: Train Epoch 29: 1240/1642 Loss: 1.809253
2026-08-16 08:13: Train Epoch 29: 1260/1642 Loss: 1.696505
2026-08-16 08:13: Train Epoch 29: 1280/1642 Loss: 1.692409
2026-08-16 08:13: Train Epoch 29: 1300/1642 Loss: 1.649734
2026-08-16 08:13: Train Epoch 29: 1320/1642 Loss: 1.604344
2026-08-16 08:13: Train Epoch 29: 1340/1642 Loss: 1.811194
2026-08-16 08:13: Train Epoch 29: 1360/1642 Loss: 1.730761
2026-08-16 08:13: Train Epoch 29: 1380/1642 Loss: 1.751686
2026-08-16 08:13: Train Epoch 29: 1400/1642 Loss: 1.798099
2026-08-16 08:13: Train Epoch 29: 1420/1642 Loss: 1.630251
2026-08-16 08:13: Train Epoch 29: 1440/1642 Loss: 1.664533
2026-08-16 08:13: Train Epoch 29: 1460/1642 Loss: 1.688631
2026-08-16 08:13: Train Epoch 29: 1480/1642 Loss: 1.875437
2026-08-16 08:13: Train Epoch 29: 1500/1642 Loss: 1.812148
2026-08-16 08:13: Train Epoch 29: 1520/1642 Loss: 1.810524
2026-08-16 08:13: Train Epoch 29: 1540/1642 Loss: 1.662150
2026-08-16 08:13: Train Epoch 29: 1560/1642 Loss: 1.742411
2026-08-16 08:13: Train Epoch 29: 1580/1642 Loss: 1.636320
2026-08-16 08:13: Train Epoch 29: 1600/1642 Loss: 1.742338
2026-08-16 08:13: Train Epoch 29: 1620/1642 Loss: 1.771694
2026-08-16 08:13: Train Epoch 29: 1640/1642 Loss: 1.566221
2026-08-16 08:13: **********Train Epoch 29: averaged Loss: 1.726638, tf_ratio: 1.000000
2026-08-16 08:13: **********Val Epoch 29: average Loss: 1.819643
2026-08-16 08:13: Train Epoch 30: 0/1642 Loss: 1.700036
2026-08-16 08:13: Train Epoch 30: 20/1642 Loss: 1.713230
2026-08-16 08:13: Train Epoch 30: 40/1642 Loss: 1.727777
2026-08-16 08:13: Train Epoch 30: 60/1642 Loss: 1.650544
2026-08-16 08:13: Train Epoch 30: 80/1642 Loss: 1.566046
2026-08-16 08:13: Train Epoch 30: 100/1642 Loss: 1.760866
2026-08-16 08:13: Train Epoch 30: 120/1642 Loss: 1.725811
2026-08-16 08:13: Train Epoch 30: 140/1642 Loss: 1.776379
2026-08-16 08:13: Train Epoch 30: 160/1642 Loss: 1.779412
2026-08-16 08:13: Train Epoch 30: 180/1642 Loss: 1.733302
2026-08-16 08:13: Train Epoch 30: 200/1642 Loss: 1.719877
2026-08-16 08:13: Train Epoch 30: 220/1642 Loss: 1.906809
2026-08-16 08:13: Train Epoch 30: 240/1642 Loss: 1.818911
2026-08-16 08:13: Train Epoch 30: 260/1642 Loss: 1.621148
2026-08-16 08:13: Train Epoch 30: 280/1642 Loss: 1.771935
2026-08-16 08:13: Train Epoch 30: 300/1642 Loss: 1.734451
2026-08-16 08:13: Train Epoch 30: 320/1642 Loss: 1.835477
2026-08-16 08:13: Train Epoch 30: 340/1642 Loss: 1.682752
2026-08-16 08:13: Train Epoch 30: 360/1642 Loss: 1.791564
2026-08-16 08:13: Train Epoch 30: 380/1642 Loss: 1.651513
2026-08-16 08:13: Train Epoch 30: 400/1642 Loss: 1.648536
2026-08-16 08:13: Train Epoch 30: 420/1642 Loss: 1.804123
2026-08-16 08:13: Train Epoch 30: 440/1642 Loss: 1.728008
2026-08-16 08:13: Train Epoch 30: 460/1642 Loss: 1.753903
2026-08-16 08:13: Train Epoch 30: 480/1642 Loss: 1.634458
2026-08-16 08:13: Train Epoch 30: 500/1642 Loss: 1.809395
2026-08-16 08:13: Train Epoch 30: 520/1642 Loss: 1.810170
2026-08-16 08:13: Train Epoch 30: 540/1642 Loss: 1.796352
2026-08-16 08:13: Train Epoch 30: 560/1642 Loss: 1.562528
2026-08-16 08:13: Train Epoch 30: 580/1642 Loss: 1.762512
2026-08-16 08:13: Train Epoch 30: 600/1642 Loss: 1.745163
2026-08-16 08:14: Train Epoch 30: 620/1642 Loss: 1.721861
2026-08-16 08:14: Train Epoch 30: 640/1642 Loss: 1.594328
2026-08-16 08:14: Train Epoch 30: 660/1642 Loss: 1.634264
2026-08-16 08:14: Train Epoch 30: 680/1642 Loss: 1.710827
2026-08-16 08:14: Train Epoch 30: 700/1642 Loss: 1.790702
2026-08-16 08:14: Train Epoch 30: 720/1642 Loss: 1.655988
2026-08-16 08:14: Train Epoch 30: 740/1642 Loss: 1.721757
2026-08-16 08:14: Train Epoch 30: 760/1642 Loss: 1.636150
2026-08-16 08:14: Train Epoch 30: 780/1642 Loss: 1.752213
2026-08-16 08:14: Train Epoch 30: 800/1642 Loss: 1.783221
2026-08-16 08:14: Train Epoch 30: 820/1642 Loss: 1.640567
2026-08-16 08:14: Train Epoch 30: 840/1642 Loss: 1.752485
2026-08-16 08:14: Train Epoch 30: 860/1642 Loss: 1.599469
2026-08-16 08:14: Train Epoch 30: 880/1642 Loss: 1.769556
2026-08-16 08:14: Train Epoch 30: 900/1642 Loss: 1.733577
2026-08-16 08:14: Train Epoch 30: 920/1642 Loss: 1.734693
2026-08-16 08:14: Train Epoch 30: 940/1642 Loss: 1.744235
2026-08-16 08:14: Train Epoch 30: 960/1642 Loss: 1.762450
2026-08-16 08:14: Train Epoch 30: 980/1642 Loss: 1.690789
2026-08-16 08:14: Train Epoch 30: 1000/1642 Loss: 1.851245
2026-08-16 08:14: Train Epoch 30: 1020/1642 Loss: 1.630292
2026-08-16 08:14: Train Epoch 30: 1040/1642 Loss: 1.798356
2026-08-16 08:14: Train Epoch 30: 1060/1642 Loss: 1.688671
2026-08-16 08:14: Train Epoch 30: 1080/1642 Loss: 1.604896
2026-08-16 08:14: Train Epoch 30: 1100/1642 Loss: 1.655367
2026-08-16 08:14: Train Epoch 30: 1120/1642 Loss: 1.660858
2026-08-16 08:14: Train Epoch 30: 1140/1642 Loss: 1.613850
2026-08-16 08:14: Train Epoch 30: 1160/1642 Loss: 1.663222
2026-08-16 08:14: Train Epoch 30: 1180/1642 Loss: 1.661254
2026-08-16 08:14: Train Epoch 30: 1200/1642 Loss: 1.766910
2026-08-16 08:14: Train Epoch 30: 1220/1642 Loss: 1.717317
2026-08-16 08:14: Train Epoch 30: 1240/1642 Loss: 1.732208
2026-08-16 08:14: Train Epoch 30: 1260/1642 Loss: 1.783863
2026-08-16 08:14: Train Epoch 30: 1280/1642 Loss: 1.703212
2026-08-16 08:14: Train Epoch 30: 1300/1642 Loss: 1.773036
2026-08-16 08:14: Train Epoch 30: 1320/1642 Loss: 1.739154
2026-08-16 08:14: Train Epoch 30: 1340/1642 Loss: 1.675468
2026-08-16 08:14: Train Epoch 30: 1360/1642 Loss: 1.789858
2026-08-16 08:14: Train Epoch 30: 1380/1642 Loss: 1.744337
2026-08-16 08:14: Train Epoch 30: 1400/1642 Loss: 1.752048
2026-08-16 08:14: Train Epoch 30: 1420/1642 Loss: 1.811430
2026-08-16 08:14: Train Epoch 30: 1440/1642 Loss: 1.754285
2026-08-16 08:14: Train Epoch 30: 1460/1642 Loss: 1.703202
2026-08-16 08:14: Train Epoch 30: 1480/1642 Loss: 1.726224
2026-08-16 08:14: Train Epoch 30: 1500/1642 Loss: 1.822227
2026-08-16 08:14: Train Epoch 30: 1520/1642 Loss: 1.757049
2026-08-16 08:14: Train Epoch 30: 1540/1642 Loss: 1.643530
2026-08-16 08:14: Train Epoch 30: 1560/1642 Loss: 1.802721
2026-08-16 08:14: Train Epoch 30: 1580/1642 Loss: 1.675892
2026-08-16 08:14: Train Epoch 30: 1600/1642 Loss: 1.739338
2026-08-16 08:14: Train Epoch 30: 1620/1642 Loss: 1.717495
2026-08-16 08:14: Train Epoch 30: 1640/1642 Loss: 1.704383
2026-08-16 08:14: **********Train Epoch 30: averaged Loss: 1.724339, tf_ratio: 1.000000
2026-08-16 08:14: **********Val Epoch 30: average Loss: 1.814544
2026-08-16 08:14: *********************************Current best model saved!
2026-08-16 08:14: Train Epoch 31: 0/1642 Loss: 1.638037
2026-08-16 08:14: Train Epoch 31: 20/1642 Loss: 1.791579
2026-08-16 08:14: Train Epoch 31: 40/1642 Loss: 1.698739
2026-08-16 08:14: Train Epoch 31: 60/1642 Loss: 1.744347
2026-08-16 08:14: Train Epoch 31: 80/1642 Loss: 1.717478
2026-08-16 08:14: Train Epoch 31: 100/1642 Loss: 1.738207
2026-08-16 08:14: Train Epoch 31: 120/1642 Loss: 1.818786
2026-08-16 08:14: Train Epoch 31: 140/1642 Loss: 1.648270
2026-08-16 08:14: Train Epoch 31: 160/1642 Loss: 1.713592
2026-08-16 08:14: Train Epoch 31: 180/1642 Loss: 1.838636
2026-08-16 08:14: Train Epoch 31: 200/1642 Loss: 1.767696
2026-08-16 08:14: Train Epoch 31: 220/1642 Loss: 1.802549
2026-08-16 08:14: Train Epoch 31: 240/1642 Loss: 1.705305
2026-08-16 08:14: Train Epoch 31: 260/1642 Loss: 1.726122
2026-08-16 08:14: Train Epoch 31: 280/1642 Loss: 1.543955
2026-08-16 08:14: Train Epoch 31: 300/1642 Loss: 1.656022
2026-08-16 08:14: Train Epoch 31: 320/1642 Loss: 1.851733
2026-08-16 08:14: Train Epoch 31: 340/1642 Loss: 1.698419
2026-08-16 08:14: Train Epoch 31: 360/1642 Loss: 1.728655
2026-08-16 08:14: Train Epoch 31: 380/1642 Loss: 1.782956
2026-08-16 08:14: Train Epoch 31: 400/1642 Loss: 1.707264
2026-08-16 08:14: Train Epoch 31: 420/1642 Loss: 1.642434
2026-08-16 08:14: Train Epoch 31: 440/1642 Loss: 1.693503
2026-08-16 08:15: Train Epoch 31: 460/1642 Loss: 1.769124
2026-08-16 08:15: Train Epoch 31: 480/1642 Loss: 1.696948
2026-08-16 08:15: Train Epoch 31: 500/1642 Loss: 1.716850
2026-08-16 08:15: Train Epoch 31: 520/1642 Loss: 1.749799
2026-08-16 08:15: Train Epoch 31: 540/1642 Loss: 1.735011
2026-08-16 08:15: Train Epoch 31: 560/1642 Loss: 1.673773
2026-08-16 08:15: Train Epoch 31: 580/1642 Loss: 1.775535
2026-08-16 08:15: Train Epoch 31: 600/1642 Loss: 1.679507
2026-08-16 08:15: Train Epoch 31: 620/1642 Loss: 1.693840
2026-08-16 08:15: Train Epoch 31: 640/1642 Loss: 1.676525
2026-08-16 08:15: Train Epoch 31: 660/1642 Loss: 1.740535
2026-08-16 08:15: Train Epoch 31: 680/1642 Loss: 1.824871
2026-08-16 08:15: Train Epoch 31: 700/1642 Loss: 1.823914
2026-08-16 08:15: Train Epoch 31: 720/1642 Loss: 1.743317
2026-08-16 08:15: Train Epoch 31: 740/1642 Loss: 1.768936
2026-08-16 08:15: Train Epoch 31: 760/1642 Loss: 1.767135
2026-08-16 08:15: Train Epoch 31: 780/1642 Loss: 1.702476
2026-08-16 08:15: Train Epoch 31: 800/1642 Loss: 1.908401
2026-08-16 08:15: Train Epoch 31: 820/1642 Loss: 1.724882
2026-08-16 08:15: Train Epoch 31: 840/1642 Loss: 1.771820
2026-08-16 08:15: Train Epoch 31: 860/1642 Loss: 1.632433
2026-08-16 08:15: Train Epoch 31: 880/1642 Loss: 1.751794
2026-08-16 08:15: Train Epoch 31: 900/1642 Loss: 1.674096
2026-08-16 08:15: Train Epoch 31: 920/1642 Loss: 1.649005
2026-08-16 08:15: Train Epoch 31: 940/1642 Loss: 1.637172
2026-08-16 08:15: Train Epoch 31: 960/1642 Loss: 1.738400
2026-08-16 08:15: Train Epoch 31: 980/1642 Loss: 1.607602
2026-08-16 08:15: Train Epoch 31: 1000/1642 Loss: 1.609505
2026-08-16 08:15: Train Epoch 31: 1020/1642 Loss: 1.691869
2026-08-16 08:15: Train Epoch 31: 1040/1642 Loss: 1.636139
2026-08-16 08:15: Train Epoch 31: 1060/1642 Loss: 1.725341
2026-08-16 08:15: Train Epoch 31: 1080/1642 Loss: 1.649624
2026-08-16 08:15: Train Epoch 31: 1100/1642 Loss: 1.710963
2026-08-16 08:15: Train Epoch 31: 1120/1642 Loss: 1.708673
2026-08-16 08:15: Train Epoch 31: 1140/1642 Loss: 1.824566
2026-08-16 08:15: Train Epoch 31: 1160/1642 Loss: 1.719021
2026-08-16 08:15: Train Epoch 31: 1180/1642 Loss: 1.690786
2026-08-16 08:15: Train Epoch 31: 1200/1642 Loss: 1.806506
2026-08-16 08:15: Train Epoch 31: 1220/1642 Loss: 1.751113
2026-08-16 08:15: Train Epoch 31: 1240/1642 Loss: 1.632972
2026-08-16 08:15: Train Epoch 31: 1260/1642 Loss: 1.692441
2026-08-16 08:15: Train Epoch 31: 1280/1642 Loss: 1.769351
2026-08-16 08:15: Train Epoch 31: 1300/1642 Loss: 1.687826
2026-08-16 08:15: Train Epoch 31: 1320/1642 Loss: 1.623834
2026-08-16 08:15: Train Epoch 31: 1340/1642 Loss: 1.744354
2026-08-16 08:15: Train Epoch 31: 1360/1642 Loss: 1.671960
2026-08-16 08:15: Train Epoch 31: 1380/1642 Loss: 1.721221
2026-08-16 08:15: Train Epoch 31: 1400/1642 Loss: 1.680760
2026-08-16 08:15: Train Epoch 31: 1420/1642 Loss: 1.528336
2026-08-16 08:15: Train Epoch 31: 1440/1642 Loss: 1.824514
2026-08-16 08:15: Train Epoch 31: 1460/1642 Loss: 1.739958
2026-08-16 08:15: Train Epoch 31: 1480/1642 Loss: 1.827120
2026-08-16 08:15: Train Epoch 31: 1500/1642 Loss: 1.630330
2026-08-16 08:15: Train Epoch 31: 1520/1642 Loss: 1.732018
2026-08-16 08:15: Train Epoch 31: 1540/1642 Loss: 1.591438
2026-08-16 08:15: Train Epoch 31: 1560/1642 Loss: 1.745804
2026-08-16 08:15: Train Epoch 31: 1580/1642 Loss: 1.827084
2026-08-16 08:15: Train Epoch 31: 1600/1642 Loss: 1.687448
2026-08-16 08:15: Train Epoch 31: 1620/1642 Loss: 1.711368
2026-08-16 08:15: Train Epoch 31: 1640/1642 Loss: 1.828936
2026-08-16 08:15: **********Train Epoch 31: averaged Loss: 1.720705, tf_ratio: 1.000000
2026-08-16 08:15: **********Val Epoch 31: average Loss: 1.826790
2026-08-16 08:15: Train Epoch 32: 0/1642 Loss: 1.683764
2026-08-16 08:15: Train Epoch 32: 20/1642 Loss: 1.744146
2026-08-16 08:15: Train Epoch 32: 40/1642 Loss: 1.759364
2026-08-16 08:15: Train Epoch 32: 60/1642 Loss: 1.817024
2026-08-16 08:15: Train Epoch 32: 80/1642 Loss: 1.684688
2026-08-16 08:15: Train Epoch 32: 100/1642 Loss: 1.713718
2026-08-16 08:15: Train Epoch 32: 120/1642 Loss: 1.662354
2026-08-16 08:15: Train Epoch 32: 140/1642 Loss: 1.736079
2026-08-16 08:15: Train Epoch 32: 160/1642 Loss: 1.700441
2026-08-16 08:15: Train Epoch 32: 180/1642 Loss: 1.854589
2026-08-16 08:15: Train Epoch 32: 200/1642 Loss: 1.737358
2026-08-16 08:15: Train Epoch 32: 220/1642 Loss: 1.724142
2026-08-16 08:15: Train Epoch 32: 240/1642 Loss: 1.708485
2026-08-16 08:15: Train Epoch 32: 260/1642 Loss: 1.691144
2026-08-16 08:15: Train Epoch 32: 280/1642 Loss: 1.642104
2026-08-16 08:15: Train Epoch 32: 300/1642 Loss: 1.691848
2026-08-16 08:16: Train Epoch 32: 320/1642 Loss: 1.624866
2026-08-16 08:16: Train Epoch 32: 340/1642 Loss: 1.679752
2026-08-16 08:16: Train Epoch 32: 360/1642 Loss: 1.828042
2026-08-16 08:16: Train Epoch 32: 380/1642 Loss: 1.728358
2026-08-16 08:16: Train Epoch 32: 400/1642 Loss: 1.746968
2026-08-16 08:16: Train Epoch 32: 420/1642 Loss: 1.670724
2026-08-16 08:16: Train Epoch 32: 440/1642 Loss: 1.814333
2026-08-16 08:16: Train Epoch 32: 460/1642 Loss: 1.672594
2026-08-16 08:16: Train Epoch 32: 480/1642 Loss: 1.750824
2026-08-16 08:16: Train Epoch 32: 500/1642 Loss: 1.680949
2026-08-16 08:16: Train Epoch 32: 520/1642 Loss: 1.776200
2026-08-16 08:16: Train Epoch 32: 540/1642 Loss: 1.693445
2026-08-16 08:16: Train Epoch 32: 560/1642 Loss: 1.652248
2026-08-16 08:16: Train Epoch 32: 580/1642 Loss: 1.704751
2026-08-16 08:16: Train Epoch 32: 600/1642 Loss: 1.694609
2026-08-16 08:16: Train Epoch 32: 620/1642 Loss: 1.640863
2026-08-16 08:16: Train Epoch 32: 640/1642 Loss: 1.868408
2026-08-16 08:16: Train Epoch 32: 660/1642 Loss: 1.748743
2026-08-16 08:16: Train Epoch 32: 680/1642 Loss: 1.680026
2026-08-16 08:16: Train Epoch 32: 700/1642 Loss: 1.608747
2026-08-16 08:16: Train Epoch 32: 720/1642 Loss: 1.686315
2026-08-16 08:16: Train Epoch 32: 740/1642 Loss: 1.595350
2026-08-16 08:16: Train Epoch 32: 760/1642 Loss: 1.665853
2026-08-16 08:16: Train Epoch 32: 780/1642 Loss: 1.758842
2026-08-16 08:16: Train Epoch 32: 800/1642 Loss: 1.680686
2026-08-16 08:16: Train Epoch 32: 820/1642 Loss: 1.686276
2026-08-16 08:16: Train Epoch 32: 840/1642 Loss: 1.673972
2026-08-16 08:16: Train Epoch 32: 860/1642 Loss: 1.812789
2026-08-16 08:16: Train Epoch 32: 880/1642 Loss: 1.757256
2026-08-16 08:16: Train Epoch 32: 900/1642 Loss: 1.662055
2026-08-16 08:16: Train Epoch 32: 920/1642 Loss: 1.806132
2026-08-16 08:16: Train Epoch 32: 940/1642 Loss: 1.620132
2026-08-16 08:16: Train Epoch 32: 960/1642 Loss: 1.773380
2026-08-16 08:16: Train Epoch 32: 980/1642 Loss: 1.714025
2026-08-16 08:16: Train Epoch 32: 1000/1642 Loss: 1.811670
2026-08-16 08:16: Train Epoch 32: 1020/1642 Loss: 1.751247
2026-08-16 08:16: Train Epoch 32: 1040/1642 Loss: 1.663560
2026-08-16 08:16: Train Epoch 32: 1060/1642 Loss: 1.681091
2026-08-16 08:16: Train Epoch 32: 1080/1642 Loss: 1.759432
2026-08-16 08:16: Train Epoch 32: 1100/1642 Loss: 1.831547
2026-08-16 08:16: Train Epoch 32: 1120/1642 Loss: 1.737350
2026-08-16 08:16: Train Epoch 32: 1140/1642 Loss: 1.644372
2026-08-16 08:16: Train Epoch 32: 1160/1642 Loss: 1.648787
2026-08-16 08:16: Train Epoch 32: 1180/1642 Loss: 1.691139
2026-08-16 08:16: Train Epoch 32: 1200/1642 Loss: 1.619744
2026-08-16 08:16: Train Epoch 32: 1220/1642 Loss: 1.757974
2026-08-16 08:16: Train Epoch 32: 1240/1642 Loss: 1.768817
2026-08-16 08:16: Train Epoch 32: 1260/1642 Loss: 1.684225
2026-08-16 08:16: Train Epoch 32: 1280/1642 Loss: 1.729829
2026-08-16 08:16: Train Epoch 32: 1300/1642 Loss: 1.681280
2026-08-16 08:16: Train Epoch 32: 1320/1642 Loss: 1.748232
2026-08-16 08:16: Train Epoch 32: 1340/1642 Loss: 1.755407
2026-08-16 08:16: Train Epoch 32: 1360/1642 Loss: 1.652694
2026-08-16 08:16: Train Epoch 32: 1380/1642 Loss: 1.615345
2026-08-16 08:16: Train Epoch 32: 1400/1642 Loss: 1.688418
2026-08-16 08:16: Train Epoch 32: 1420/1642 Loss: 1.667623
2026-08-16 08:16: Train Epoch 32: 1440/1642 Loss: 1.647210
2026-08-16 08:16: Train Epoch 32: 1460/1642 Loss: 1.594009
2026-08-16 08:16: Train Epoch 32: 1480/1642 Loss: 1.704969
2026-08-16 08:16: Train Epoch 32: 1500/1642 Loss: 1.792057
2026-08-16 08:16: Train Epoch 32: 1520/1642 Loss: 1.695907
2026-08-16 08:16: Train Epoch 32: 1540/1642 Loss: 1.599339
2026-08-16 08:16: Train Epoch 32: 1560/1642 Loss: 1.707447
2026-08-16 08:16: Train Epoch 32: 1580/1642 Loss: 1.669663
2026-08-16 08:16: Train Epoch 32: 1600/1642 Loss: 1.684635
2026-08-16 08:16: Train Epoch 32: 1620/1642 Loss: 1.720175
2026-08-16 08:16: Train Epoch 32: 1640/1642 Loss: 1.782540
2026-08-16 08:16: **********Train Epoch 32: averaged Loss: 1.715422, tf_ratio: 1.000000
2026-08-16 08:16: **********Val Epoch 32: average Loss: 1.820970
2026-08-16 08:16: Train Epoch 33: 0/1642 Loss: 1.779051
2026-08-16 08:16: Train Epoch 33: 20/1642 Loss: 1.750654
2026-08-16 08:16: Train Epoch 33: 40/1642 Loss: 1.609254
2026-08-16 08:16: Train Epoch 33: 60/1642 Loss: 1.720335
2026-08-16 08:16: Train Epoch 33: 80/1642 Loss: 1.742711
2026-08-16 08:16: Train Epoch 33: 100/1642 Loss: 1.710054
2026-08-16 08:16: Train Epoch 33: 120/1642 Loss: 1.861491
2026-08-16 08:16: Train Epoch 33: 140/1642 Loss: 1.618160
2026-08-16 08:16: Train Epoch 33: 160/1642 Loss: 1.766873
2026-08-16 08:17: Train Epoch 33: 180/1642 Loss: 1.701161
2026-08-16 08:17: Train Epoch 33: 200/1642 Loss: 1.691710
2026-08-16 08:17: Train Epoch 33: 220/1642 Loss: 1.748235
2026-08-16 08:17: Train Epoch 33: 240/1642 Loss: 1.729893
2026-08-16 08:17: Train Epoch 33: 260/1642 Loss: 1.812176
2026-08-16 08:17: Train Epoch 33: 280/1642 Loss: 1.712658
2026-08-16 08:17: Train Epoch 33: 300/1642 Loss: 1.764906
2026-08-16 08:17: Train Epoch 33: 320/1642 Loss: 1.740537
2026-08-16 08:17: Train Epoch 33: 340/1642 Loss: 1.716913
2026-08-16 08:17: Train Epoch 33: 360/1642 Loss: 1.727759
2026-08-16 08:17: Train Epoch 33: 380/1642 Loss: 1.599614
2026-08-16 08:17: Train Epoch 33: 400/1642 Loss: 1.783469
2026-08-16 08:17: Train Epoch 33: 420/1642 Loss: 1.835661
2026-08-16 08:17: Train Epoch 33: 440/1642 Loss: 1.662265
2026-08-16 08:17: Train Epoch 33: 460/1642 Loss: 1.746964
2026-08-16 08:17: Train Epoch 33: 480/1642 Loss: 1.661765
2026-08-16 08:17: Train Epoch 33: 500/1642 Loss: 1.657586
2026-08-16 08:17: Train Epoch 33: 520/1642 Loss: 1.649553
2026-08-16 08:17: Train Epoch 33: 540/1642 Loss: 1.791882
2026-08-16 08:17: Train Epoch 33: 560/1642 Loss: 1.669291
2026-08-16 08:17: Train Epoch 33: 580/1642 Loss: 1.766661
2026-08-16 08:17: Train Epoch 33: 600/1642 Loss: 1.806183
2026-08-16 08:17: Train Epoch 33: 620/1642 Loss: 1.676200
2026-08-16 08:17: Train Epoch 33: 640/1642 Loss: 1.709232
2026-08-16 08:17: Train Epoch 33: 660/1642 Loss: 1.766256
2026-08-16 08:17: Train Epoch 33: 680/1642 Loss: 1.588719
2026-08-16 08:17: Train Epoch 33: 700/1642 Loss: 1.679103
2026-08-16 08:17: Train Epoch 33: 720/1642 Loss: 1.690808
2026-08-16 08:17: Train Epoch 33: 740/1642 Loss: 1.710528
2026-08-16 08:17: Train Epoch 33: 760/1642 Loss: 1.713625
2026-08-16 08:17: Train Epoch 33: 780/1642 Loss: 1.734726
2026-08-16 08:17: Train Epoch 33: 800/1642 Loss: 1.711352
2026-08-16 08:17: Train Epoch 33: 820/1642 Loss: 1.803370
2026-08-16 08:17: Train Epoch 33: 840/1642 Loss: 1.771299
2026-08-16 08:17: Train Epoch 33: 860/1642 Loss: 1.609992
2026-08-16 08:17: Train Epoch 33: 880/1642 Loss: 1.747139
2026-08-16 08:17: Train Epoch 33: 900/1642 Loss: 1.917242
2026-08-16 08:17: Train Epoch 33: 920/1642 Loss: 1.653301
2026-08-16 08:17: Train Epoch 33: 940/1642 Loss: 1.550794
2026-08-16 08:17: Train Epoch 33: 960/1642 Loss: 1.818354
2026-08-16 08:17: Train Epoch 33: 980/1642 Loss: 1.786828
2026-08-16 08:17: Train Epoch 33: 1000/1642 Loss: 1.766597
2026-08-16 08:17: Train Epoch 33: 1020/1642 Loss: 1.718128
2026-08-16 08:17: Train Epoch 33: 1040/1642 Loss: 1.685874
2026-08-16 08:17: Train Epoch 33: 1060/1642 Loss: 1.673439
2026-08-16 08:17: Train Epoch 33: 1080/1642 Loss: 1.760398
2026-08-16 08:17: Train Epoch 33: 1100/1642 Loss: 1.683396
2026-08-16 08:17: Train Epoch 33: 1120/1642 Loss: 1.747565
2026-08-16 08:17: Train Epoch 33: 1140/1642 Loss: 1.727744
2026-08-16 08:17: Train Epoch 33: 1160/1642 Loss: 1.685719
2026-08-16 08:17: Train Epoch 33: 1180/1642 Loss: 1.687927
2026-08-16 08:17: Train Epoch 33: 1200/1642 Loss: 1.663385
2026-08-16 08:17: Train Epoch 33: 1220/1642 Loss: 1.659447
2026-08-16 08:17: Train Epoch 33: 1240/1642 Loss: 1.692595
2026-08-16 08:17: Train Epoch 33: 1260/1642 Loss: 1.708959
2026-08-16 08:17: Train Epoch 33: 1280/1642 Loss: 1.703907
2026-08-16 08:17: Train Epoch 33: 1300/1642 Loss: 1.656622
2026-08-16 08:17: Train Epoch 33: 1320/1642 Loss: 1.710233
2026-08-16 08:17: Train Epoch 33: 1340/1642 Loss: 1.717428
2026-08-16 08:17: Train Epoch 33: 1360/1642 Loss: 1.589071
2026-08-16 08:17: Train Epoch 33: 1380/1642 Loss: 1.597836
2026-08-16 08:17: Train Epoch 33: 1400/1642 Loss: 1.744387
2026-08-16 08:17: Train Epoch 33: 1420/1642 Loss: 1.760892
2026-08-16 08:17: Train Epoch 33: 1440/1642 Loss: 1.769972
2026-08-16 08:17: Train Epoch 33: 1460/1642 Loss: 1.698220
2026-08-16 08:17: Train Epoch 33: 1480/1642 Loss: 1.628661
2026-08-16 08:17: Train Epoch 33: 1500/1642 Loss: 1.820918
2026-08-16 08:17: Train Epoch 33: 1520/1642 Loss: 1.685836
2026-08-16 08:17: Train Epoch 33: 1540/1642 Loss: 1.676644
2026-08-16 08:17: Train Epoch 33: 1560/1642 Loss: 1.813480
2026-08-16 08:17: Train Epoch 33: 1580/1642 Loss: 1.750758
2026-08-16 08:17: Train Epoch 33: 1600/1642 Loss: 1.651873
2026-08-16 08:17: Train Epoch 33: 1620/1642 Loss: 1.653556
2026-08-16 08:17: Train Epoch 33: 1640/1642 Loss: 1.768972
2026-08-16 08:17: **********Train Epoch 33: averaged Loss: 1.713655, tf_ratio: 1.000000
2026-08-16 08:17: **********Val Epoch 33: average Loss: 1.821932
2026-08-16 08:17: Train Epoch 34: 0/1642 Loss: 1.769647
2026-08-16 08:17: Train Epoch 34: 20/1642 Loss: 1.804588
2026-08-16 08:18: Train Epoch 34: 40/1642 Loss: 1.695841
2026-08-16 08:18: Train Epoch 34: 60/1642 Loss: 1.745636
2026-08-16 08:18: Train Epoch 34: 80/1642 Loss: 1.689835
2026-08-16 08:18: Train Epoch 34: 100/1642 Loss: 1.586668
2026-08-16 08:18: Train Epoch 34: 120/1642 Loss: 1.687814
2026-08-16 08:18: Train Epoch 34: 140/1642 Loss: 1.659989
2026-08-16 08:18: Train Epoch 34: 160/1642 Loss: 1.582699
2026-08-16 08:18: Train Epoch 34: 180/1642 Loss: 1.736753
2026-08-16 08:18: Train Epoch 34: 200/1642 Loss: 1.694818
2026-08-16 08:18: Train Epoch 34: 220/1642 Loss: 1.738081
2026-08-16 08:18: Train Epoch 34: 240/1642 Loss: 1.632437
2026-08-16 08:18: Train Epoch 34: 260/1642 Loss: 1.722428
2026-08-16 08:18: Train Epoch 34: 280/1642 Loss: 1.655138
2026-08-16 08:18: Train Epoch 34: 300/1642 Loss: 1.756200
2026-08-16 08:18: Train Epoch 34: 320/1642 Loss: 1.661657
2026-08-16 08:18: Train Epoch 34: 340/1642 Loss: 1.773099
2026-08-16 08:18: Train Epoch 34: 360/1642 Loss: 1.734921
2026-08-16 08:18: Train Epoch 34: 380/1642 Loss: 1.702794
2026-08-16 08:18: Train Epoch 34: 400/1642 Loss: 1.590953
2026-08-16 08:18: Train Epoch 34: 420/1642 Loss: 1.699487
2026-08-16 08:18: Train Epoch 34: 440/1642 Loss: 1.694448
2026-08-16 08:18: Train Epoch 34: 460/1642 Loss: 1.600885
2026-08-16 08:18: Train Epoch 34: 480/1642 Loss: 1.735549
2026-08-16 08:18: Train Epoch 34: 500/1642 Loss: 1.724736
2026-08-16 08:18: Train Epoch 34: 520/1642 Loss: 1.776256
2026-08-16 08:18: Train Epoch 34: 540/1642 Loss: 1.627517
2026-08-16 08:18: Train Epoch 34: 560/1642 Loss: 1.624106
2026-08-16 08:18: Train Epoch 34: 580/1642 Loss: 1.743204
2026-08-16 08:18: Train Epoch 34: 600/1642 Loss: 1.659342
2026-08-16 08:18: Train Epoch 34: 620/1642 Loss: 1.606828
2026-08-16 08:18: Train Epoch 34: 640/1642 Loss: 1.674171
2026-08-16 08:18: Train Epoch 34: 660/1642 Loss: 1.859318
2026-08-16 08:18: Train Epoch 34: 680/1642 Loss: 1.670471
2026-08-16 08:18: Train Epoch 34: 700/1642 Loss: 1.735115
2026-08-16 08:18: Train Epoch 34: 720/1642 Loss: 1.654884
2026-08-16 08:18: Train Epoch 34: 740/1642 Loss: 1.626426
2026-08-16 08:18: Train Epoch 34: 760/1642 Loss: 1.683701
2026-08-16 08:18: Train Epoch 34: 780/1642 Loss: 1.667610
2026-08-16 08:18: Train Epoch 34: 800/1642 Loss: 1.663807
2026-08-16 08:18: Train Epoch 34: 820/1642 Loss: 1.684529
2026-08-16 08:18: Train Epoch 34: 840/1642 Loss: 1.831758
2026-08-16 08:18: Train Epoch 34: 860/1642 Loss: 1.698498
2026-08-16 08:18: Train Epoch 34: 880/1642 Loss: 1.722221
2026-08-16 08:18: Train Epoch 34: 900/1642 Loss: 1.757505
2026-08-16 08:18: Train Epoch 34: 920/1642 Loss: 1.828930
2026-08-16 08:18: Train Epoch 34: 940/1642 Loss: 1.722389
2026-08-16 08:18: Train Epoch 34: 960/1642 Loss: 1.648647
2026-08-16 08:18: Train Epoch 34: 980/1642 Loss: 1.736820
2026-08-16 08:18: Train Epoch 34: 1000/1642 Loss: 1.588483
2026-08-16 08:18: Train Epoch 34: 1020/1642 Loss: 1.661242
2026-08-16 08:18: Train Epoch 34: 1040/1642 Loss: 1.743489
2026-08-16 08:18: Train Epoch 34: 1060/1642 Loss: 1.828601
2026-08-16 08:18: Train Epoch 34: 1080/1642 Loss: 1.743096
2026-08-16 08:18: Train Epoch 34: 1100/1642 Loss: 1.629533
2026-08-16 08:18: Train Epoch 34: 1120/1642 Loss: 1.721834
2026-08-16 08:18: Train Epoch 34: 1140/1642 Loss: 1.594246
2026-08-16 08:18: Train Epoch 34: 1160/1642 Loss: 1.551475
2026-08-16 08:18: Train Epoch 34: 1180/1642 Loss: 1.692174
2026-08-16 08:18: Train Epoch 34: 1200/1642 Loss: 1.739601
2026-08-16 08:18: Train Epoch 34: 1220/1642 Loss: 1.714278
2026-08-16 08:18: Train Epoch 34: 1240/1642 Loss: 1.720886
2026-08-16 08:18: Train Epoch 34: 1260/1642 Loss: 1.692226
2026-08-16 08:18: Train Epoch 34: 1280/1642 Loss: 1.698379
2026-08-16 08:18: Train Epoch 34: 1300/1642 Loss: 1.751285
2026-08-16 08:18: Train Epoch 34: 1320/1642 Loss: 1.837900
2026-08-16 08:18: Train Epoch 34: 1340/1642 Loss: 1.661661
2026-08-16 08:18: Train Epoch 34: 1360/1642 Loss: 1.671374
2026-08-16 08:18: Train Epoch 34: 1380/1642 Loss: 1.812272
2026-08-16 08:18: Train Epoch 34: 1400/1642 Loss: 1.682051
2026-08-16 08:18: Train Epoch 34: 1420/1642 Loss: 1.728150
2026-08-16 08:18: Train Epoch 34: 1440/1642 Loss: 1.614975
2026-08-16 08:18: Train Epoch 34: 1460/1642 Loss: 1.746317
2026-08-16 08:18: Train Epoch 34: 1480/1642 Loss: 1.779843
2026-08-16 08:18: Train Epoch 34: 1500/1642 Loss: 1.647123
2026-08-16 08:18: Train Epoch 34: 1520/1642 Loss: 1.663976
2026-08-16 08:18: Train Epoch 34: 1540/1642 Loss: 1.734786
2026-08-16 08:18: Train Epoch 34: 1560/1642 Loss: 1.740780
2026-08-16 08:18: Train Epoch 34: 1580/1642 Loss: 1.628651
2026-08-16 08:18: Train Epoch 34: 1600/1642 Loss: 1.679560
2026-08-16 08:18: Train Epoch 34: 1620/1642 Loss: 1.780259
2026-08-16 08:18: Train Epoch 34: 1640/1642 Loss: 1.644601
2026-08-16 08:18: **********Train Epoch 34: averaged Loss: 1.708346, tf_ratio: 1.000000
2026-08-16 08:19: **********Val Epoch 34: average Loss: 1.827257
2026-08-16 08:19: Train Epoch 35: 0/1642 Loss: 1.648479
2026-08-16 08:19: Train Epoch 35: 20/1642 Loss: 1.623655
2026-08-16 08:19: Train Epoch 35: 40/1642 Loss: 1.865001
2026-08-16 08:19: Train Epoch 35: 60/1642 Loss: 1.723257
2026-08-16 08:19: Train Epoch 35: 80/1642 Loss: 1.693012
2026-08-16 08:19: Train Epoch 35: 100/1642 Loss: 1.657082
2026-08-16 08:19: Train Epoch 35: 120/1642 Loss: 1.697424
2026-08-16 08:19: Train Epoch 35: 140/1642 Loss: 1.692389
2026-08-16 08:19: Train Epoch 35: 160/1642 Loss: 1.549683
2026-08-16 08:19: Train Epoch 35: 180/1642 Loss: 1.683764
2026-08-16 08:19: Train Epoch 35: 200/1642 Loss: 1.691931
2026-08-16 08:19: Train Epoch 35: 220/1642 Loss: 1.804405
2026-08-16 08:19: Train Epoch 35: 240/1642 Loss: 1.578646
2026-08-16 08:19: Train Epoch 35: 260/1642 Loss: 1.762451
2026-08-16 08:19: Train Epoch 35: 280/1642 Loss: 1.671603
2026-08-16 08:19: Train Epoch 35: 300/1642 Loss: 1.795385
2026-08-16 08:19: Train Epoch 35: 320/1642 Loss: 1.639767
2026-08-16 08:19: Train Epoch 35: 340/1642 Loss: 1.685672
2026-08-16 08:19: Train Epoch 35: 360/1642 Loss: 1.626522
2026-08-16 08:19: Train Epoch 35: 380/1642 Loss: 1.661575
2026-08-16 08:19: Train Epoch 35: 400/1642 Loss: 1.808493
2026-08-16 08:19: Train Epoch 35: 420/1642 Loss: 1.635184
2026-08-16 08:19: Train Epoch 35: 440/1642 Loss: 1.698339
2026-08-16 08:19: Train Epoch 35: 460/1642 Loss: 1.740285
2026-08-16 08:19: Train Epoch 35: 480/1642 Loss: 1.786420
2026-08-16 08:19: Train Epoch 35: 500/1642 Loss: 1.665230
2026-08-16 08:19: Train Epoch 35: 520/1642 Loss: 1.748716
2026-08-16 08:19: Train Epoch 35: 540/1642 Loss: 1.754550
2026-08-16 08:19: Train Epoch 35: 560/1642 Loss: 1.777847
2026-08-16 08:19: Train Epoch 35: 580/1642 Loss: 1.614122
2026-08-16 08:19: Train Epoch 35: 600/1642 Loss: 1.650267
2026-08-16 08:19: Train Epoch 35: 620/1642 Loss: 1.672982
2026-08-16 08:19: Train Epoch 35: 640/1642 Loss: 1.832579
2026-08-16 08:19: Train Epoch 35: 660/1642 Loss: 1.838640
2026-08-16 08:19: Train Epoch 35: 680/1642 Loss: 1.722141
2026-08-16 08:19: Train Epoch 35: 700/1642 Loss: 1.634085
2026-08-16 08:19: Train Epoch 35: 720/1642 Loss: 1.673760
2026-08-16 08:19: Train Epoch 35: 740/1642 Loss: 1.657749
2026-08-16 08:19: Train Epoch 35: 760/1642 Loss: 1.575413
2026-08-16 08:19: Train Epoch 35: 780/1642 Loss: 1.628610
2026-08-16 08:19: Train Epoch 35: 800/1642 Loss: 1.675612
2026-08-16 08:19: Train Epoch 35: 820/1642 Loss: 1.725716
2026-08-16 08:19: Train Epoch 35: 840/1642 Loss: 1.784348
2026-08-16 08:19: Train Epoch 35: 860/1642 Loss: 1.780054
2026-08-16 08:19: Train Epoch 35: 880/1642 Loss: 1.652248
2026-08-16 08:19: Train Epoch 35: 900/1642 Loss: 1.677555
2026-08-16 08:19: Train Epoch 35: 920/1642 Loss: 1.774211
2026-08-16 08:19: Train Epoch 35: 940/1642 Loss: 1.678443
2026-08-16 08:19: Train Epoch 35: 960/1642 Loss: 1.722797
2026-08-16 08:19: Train Epoch 35: 980/1642 Loss: 1.657599
2026-08-16 08:19: Train Epoch 35: 1000/1642 Loss: 1.726804
2026-08-16 08:19: Train Epoch 35: 1020/1642 Loss: 1.763722
2026-08-16 08:19: Train Epoch 35: 1040/1642 Loss: 1.647816
2026-08-16 08:19: Train Epoch 35: 1060/1642 Loss: 1.686636
2026-08-16 08:19: Train Epoch 35: 1080/1642 Loss: 1.653381
2026-08-16 08:19: Train Epoch 35: 1100/1642 Loss: 1.794312
2026-08-16 08:19: Train Epoch 35: 1120/1642 Loss: 1.619346
2026-08-16 08:19: Train Epoch 35: 1140/1642 Loss: 1.761007
2026-08-16 08:19: Train Epoch 35: 1160/1642 Loss: 1.769614
2026-08-16 08:19: Train Epoch 35: 1180/1642 Loss: 1.611487
2026-08-16 08:19: Train Epoch 35: 1200/1642 Loss: 1.752928
2026-08-16 08:19: Train Epoch 35: 1220/1642 Loss: 1.664418
2026-08-16 08:19: Train Epoch 35: 1240/1642 Loss: 1.716588
2026-08-16 08:19: Train Epoch 35: 1260/1642 Loss: 1.694759
2026-08-16 08:19: Train Epoch 35: 1280/1642 Loss: 1.689248
2026-08-16 08:19: Train Epoch 35: 1300/1642 Loss: 1.775018
2026-08-16 08:19: Train Epoch 35: 1320/1642 Loss: 1.723484
2026-08-16 08:19: Train Epoch 35: 1340/1642 Loss: 1.759599
2026-08-16 08:19: Train Epoch 35: 1360/1642 Loss: 1.759204
2026-08-16 08:19: Train Epoch 35: 1380/1642 Loss: 1.789113
2026-08-16 08:19: Train Epoch 35: 1400/1642 Loss: 1.695204
2026-08-16 08:19: Train Epoch 35: 1420/1642 Loss: 1.728234
2026-08-16 08:19: Train Epoch 35: 1440/1642 Loss: 1.843420
2026-08-16 08:19: Train Epoch 35: 1460/1642 Loss: 1.700801
2026-08-16 08:19: Train Epoch 35: 1480/1642 Loss: 1.711805
2026-08-16 08:19: Train Epoch 35: 1500/1642 Loss: 1.661839
2026-08-16 08:19: Train Epoch 35: 1520/1642 Loss: 1.583681
2026-08-16 08:19: Train Epoch 35: 1540/1642 Loss: 1.577314
2026-08-16 08:20: Train Epoch 35: 1560/1642 Loss: 1.792209
2026-08-16 08:20: Train Epoch 35: 1580/1642 Loss: 1.772928
2026-08-16 08:20: Train Epoch 35: 1600/1642 Loss: 1.682588
2026-08-16 08:20: Train Epoch 35: 1620/1642 Loss: 1.691726
2026-08-16 08:20: Train Epoch 35: 1640/1642 Loss: 1.727095
2026-08-16 08:20: **********Train Epoch 35: averaged Loss: 1.707722, tf_ratio: 1.000000
2026-08-16 08:20: **********Val Epoch 35: average Loss: 1.825839
2026-08-16 08:20: Train Epoch 36: 0/1642 Loss: 1.694597
2026-08-16 08:20: Train Epoch 36: 20/1642 Loss: 1.648788
2026-08-16 08:20: Train Epoch 36: 40/1642 Loss: 1.719036
2026-08-16 08:20: Train Epoch 36: 60/1642 Loss: 1.871480
2026-08-16 08:20: Train Epoch 36: 80/1642 Loss: 1.636835
2026-08-16 08:20: Train Epoch 36: 100/1642 Loss: 1.678975
2026-08-16 08:20: Train Epoch 36: 120/1642 Loss: 1.675070
2026-08-16 08:20: Train Epoch 36: 140/1642 Loss: 1.674761
2026-08-16 08:20: Train Epoch 36: 160/1642 Loss: 1.713805
2026-08-16 08:20: Train Epoch 36: 180/1642 Loss: 1.621655
2026-08-16 08:20: Train Epoch 36: 200/1642 Loss: 1.709660
2026-08-16 08:20: Train Epoch 36: 220/1642 Loss: 1.761240
2026-08-16 08:20: Train Epoch 36: 240/1642 Loss: 1.656878
2026-08-16 08:20: Train Epoch 36: 260/1642 Loss: 1.626403
2026-08-16 08:20: Train Epoch 36: 280/1642 Loss: 1.695376
2026-08-16 08:20: Train Epoch 36: 300/1642 Loss: 1.768834
2026-08-16 08:20: Train Epoch 36: 320/1642 Loss: 1.781141
2026-08-16 08:20: Train Epoch 36: 340/1642 Loss: 1.671587
2026-08-16 08:20: Train Epoch 36: 360/1642 Loss: 1.773975
2026-08-16 08:20: Train Epoch 36: 380/1642 Loss: 1.684307
2026-08-16 08:20: Train Epoch 36: 400/1642 Loss: 1.614223
2026-08-16 08:20: Train Epoch 36: 420/1642 Loss: 1.731711
2026-08-16 08:20: Train Epoch 36: 440/1642 Loss: 1.676027
2026-08-16 08:20: Train Epoch 36: 460/1642 Loss: 1.552681
2026-08-16 08:20: Train Epoch 36: 480/1642 Loss: 1.772465
2026-08-16 08:20: Train Epoch 36: 500/1642 Loss: 1.646469
2026-08-16 08:20: Train Epoch 36: 520/1642 Loss: 1.729186
2026-08-16 08:20: Train Epoch 36: 540/1642 Loss: 1.678790
2026-08-16 08:20: Train Epoch 36: 560/1642 Loss: 1.690134
2026-08-16 08:20: Train Epoch 36: 580/1642 Loss: 1.631864
2026-08-16 08:20: Train Epoch 36: 600/1642 Loss: 1.708302
2026-08-16 08:20: Train Epoch 36: 620/1642 Loss: 1.834384
2026-08-16 08:20: Train Epoch 36: 640/1642 Loss: 1.751436
2026-08-16 08:20: Train Epoch 36: 660/1642 Loss: 1.733601
2026-08-16 08:20: Train Epoch 36: 680/1642 Loss: 1.560306
2026-08-16 08:20: Train Epoch 36: 700/1642 Loss: 1.677161
2026-08-16 08:20: Train Epoch 36: 720/1642 Loss: 1.725562
2026-08-16 08:20: Train Epoch 36: 740/1642 Loss: 1.770486
2026-08-16 08:20: Train Epoch 36: 760/1642 Loss: 1.824204
2026-08-16 08:20: Train Epoch 36: 780/1642 Loss: 1.671144
2026-08-16 08:20: Train Epoch 36: 800/1642 Loss: 1.787213
2026-08-16 08:20: Train Epoch 36: 820/1642 Loss: 1.730053
2026-08-16 08:20: Train Epoch 36: 840/1642 Loss: 1.569771
2026-08-16 08:20: Train Epoch 36: 860/1642 Loss: 1.674197
2026-08-16 08:20: Train Epoch 36: 880/1642 Loss: 1.656744
2026-08-16 08:20: Train Epoch 36: 900/1642 Loss: 1.732790
2026-08-16 08:20: Train Epoch 36: 920/1642 Loss: 1.692744
2026-08-16 08:20: Train Epoch 36: 940/1642 Loss: 1.669172
2026-08-16 08:20: Train Epoch 36: 960/1642 Loss: 1.607249
2026-08-16 08:20: Train Epoch 36: 980/1642 Loss: 1.669613
2026-08-16 08:20: Train Epoch 36: 1000/1642 Loss: 1.766055
2026-08-16 08:20: Train Epoch 36: 1020/1642 Loss: 1.745703
2026-08-16 08:20: Train Epoch 36: 1040/1642 Loss: 1.578882
2026-08-16 08:20: Train Epoch 36: 1060/1642 Loss: 1.794341
2026-08-16 08:20: Train Epoch 36: 1080/1642 Loss: 1.652678
2026-08-16 08:20: Train Epoch 36: 1100/1642 Loss: 1.603905
2026-08-16 08:20: Train Epoch 36: 1120/1642 Loss: 1.830777
2026-08-16 08:20: Train Epoch 36: 1140/1642 Loss: 1.739950
2026-08-16 08:20: Train Epoch 36: 1160/1642 Loss: 1.673490
2026-08-16 08:20: Train Epoch 36: 1180/1642 Loss: 1.720056
2026-08-16 08:20: Train Epoch 36: 1200/1642 Loss: 1.606918
2026-08-16 08:20: Train Epoch 36: 1220/1642 Loss: 1.751747
2026-08-16 08:20: Train Epoch 36: 1240/1642 Loss: 1.875930
2026-08-16 08:20: Train Epoch 36: 1260/1642 Loss: 1.633616
2026-08-16 08:20: Train Epoch 36: 1280/1642 Loss: 1.646822
2026-08-16 08:20: Train Epoch 36: 1300/1642 Loss: 1.735272
2026-08-16 08:20: Train Epoch 36: 1320/1642 Loss: 1.684875
2026-08-16 08:20: Train Epoch 36: 1340/1642 Loss: 1.617172
2026-08-16 08:20: Train Epoch 36: 1360/1642 Loss: 1.754326
2026-08-16 08:20: Train Epoch 36: 1380/1642 Loss: 1.674222
2026-08-16 08:20: Train Epoch 36: 1400/1642 Loss: 1.689692
2026-08-16 08:21: Train Epoch 36: 1420/1642 Loss: 1.718415
2026-08-16 08:21: Train Epoch 36: 1440/1642 Loss: 1.478177
2026-08-16 08:21: Train Epoch 36: 1460/1642 Loss: 1.695312
2026-08-16 08:21: Train Epoch 36: 1480/1642 Loss: 1.624344
2026-08-16 08:21: Train Epoch 36: 1500/1642 Loss: 1.749745
2026-08-16 08:21: Train Epoch 36: 1520/1642 Loss: 1.694991
2026-08-16 08:21: Train Epoch 36: 1540/1642 Loss: 1.641665
2026-08-16 08:21: Train Epoch 36: 1560/1642 Loss: 1.780086
2026-08-16 08:21: Train Epoch 36: 1580/1642 Loss: 1.749319
2026-08-16 08:21: Train Epoch 36: 1600/1642 Loss: 1.649149
2026-08-16 08:21: Train Epoch 36: 1620/1642 Loss: 1.723864
2026-08-16 08:21: Train Epoch 36: 1640/1642 Loss: 1.626116
2026-08-16 08:21: **********Train Epoch 36: averaged Loss: 1.702532, tf_ratio: 1.000000
2026-08-16 08:21: **********Val Epoch 36: average Loss: 1.834405
2026-08-16 08:21: Train Epoch 37: 0/1642 Loss: 1.889226
2026-08-16 08:21: Train Epoch 37: 20/1642 Loss: 1.819984
2026-08-16 08:21: Train Epoch 37: 40/1642 Loss: 1.846213
2026-08-16 08:21: Train Epoch 37: 60/1642 Loss: 1.594031
2026-08-16 08:21: Train Epoch 37: 80/1642 Loss: 1.754934
2026-08-16 08:21: Train Epoch 37: 100/1642 Loss: 1.727193
2026-08-16 08:21: Train Epoch 37: 120/1642 Loss: 1.819473
2026-08-16 08:21: Train Epoch 37: 140/1642 Loss: 1.613221
2026-08-16 08:21: Train Epoch 37: 160/1642 Loss: 1.668427
2026-08-16 08:21: Train Epoch 37: 180/1642 Loss: 1.783787
2026-08-16 08:21: Train Epoch 37: 200/1642 Loss: 1.758826
2026-08-16 08:21: Train Epoch 37: 220/1642 Loss: 1.783379
2026-08-16 08:21: Train Epoch 37: 240/1642 Loss: 1.628528
2026-08-16 08:21: Train Epoch 37: 260/1642 Loss: 1.727125
2026-08-16 08:21: Train Epoch 37: 280/1642 Loss: 1.751838
2026-08-16 08:21: Train Epoch 37: 300/1642 Loss: 1.609758
2026-08-16 08:21: Train Epoch 37: 320/1642 Loss: 1.707603
2026-08-16 08:21: Train Epoch 37: 340/1642 Loss: 1.672862
2026-08-16 08:21: Train Epoch 37: 360/1642 Loss: 1.683565
2026-08-16 08:21: Train Epoch 37: 380/1642 Loss: 1.666900
2026-08-16 08:21: Train Epoch 37: 400/1642 Loss: 1.709085
2026-08-16 08:21: Train Epoch 37: 420/1642 Loss: 1.790581
2026-08-16 08:21: Train Epoch 37: 440/1642 Loss: 1.670442
2026-08-16 08:21: Train Epoch 37: 460/1642 Loss: 1.797493
2026-08-16 08:21: Train Epoch 37: 480/1642 Loss: 1.668964
2026-08-16 08:21: Train Epoch 37: 500/1642 Loss: 1.705168
2026-08-16 08:21: Train Epoch 37: 520/1642 Loss: 1.786724
2026-08-16 08:21: Train Epoch 37: 540/1642 Loss: 1.685346
2026-08-16 08:21: Train Epoch 37: 560/1642 Loss: 1.758964
2026-08-16 08:21: Train Epoch 37: 580/1642 Loss: 1.763945
2026-08-16 08:21: Train Epoch 37: 600/1642 Loss: 1.641923
2026-08-16 08:21: Train Epoch 37: 620/1642 Loss: 1.691373
2026-08-16 08:21: Train Epoch 37: 640/1642 Loss: 1.557974
2026-08-16 08:21: Train Epoch 37: 660/1642 Loss: 1.821842
2026-08-16 08:21: Train Epoch 37: 680/1642 Loss: 1.725367
2026-08-16 08:21: Train Epoch 37: 700/1642 Loss: 1.735405
2026-08-16 08:21: Train Epoch 37: 720/1642 Loss: 1.678730
2026-08-16 08:21: Train Epoch 37: 740/1642 Loss: 1.616516
2026-08-16 08:21: Train Epoch 37: 760/1642 Loss: 1.633061
2026-08-16 08:21: Train Epoch 37: 780/1642 Loss: 1.796123
2026-08-16 08:21: Train Epoch 37: 800/1642 Loss: 1.816911
2026-08-16 08:21: Train Epoch 37: 820/1642 Loss: 1.808172
2026-08-16 08:21: Train Epoch 37: 840/1642 Loss: 1.822654
2026-08-16 08:21: Train Epoch 37: 860/1642 Loss: 1.700228
2026-08-16 08:21: Train Epoch 37: 880/1642 Loss: 1.607120
2026-08-16 08:21: Train Epoch 37: 900/1642 Loss: 1.671772
2026-08-16 08:21: Train Epoch 37: 920/1642 Loss: 1.796230
2026-08-16 08:21: Train Epoch 37: 940/1642 Loss: 1.740934
2026-08-16 08:21: Train Epoch 37: 960/1642 Loss: 1.657328
2026-08-16 08:21: Train Epoch 37: 980/1642 Loss: 1.725156
2026-08-16 08:21: Train Epoch 37: 1000/1642 Loss: 1.595682
2026-08-16 08:21: Train Epoch 37: 1020/1642 Loss: 1.649600
2026-08-16 08:21: Train Epoch 37: 1040/1642 Loss: 1.652593
2026-08-16 08:21: Train Epoch 37: 1060/1642 Loss: 1.663315
2026-08-16 08:21: Train Epoch 37: 1080/1642 Loss: 1.614492
2026-08-16 08:21: Train Epoch 37: 1100/1642 Loss: 1.681142
2026-08-16 08:21: Train Epoch 37: 1120/1642 Loss: 1.740414
2026-08-16 08:21: Train Epoch 37: 1140/1642 Loss: 1.722929
2026-08-16 08:21: Train Epoch 37: 1160/1642 Loss: 1.676881
2026-08-16 08:21: Train Epoch 37: 1180/1642 Loss: 1.925043
2026-08-16 08:21: Train Epoch 37: 1200/1642 Loss: 1.814155
2026-08-16 08:21: Train Epoch 37: 1220/1642 Loss: 1.695415
2026-08-16 08:21: Train Epoch 37: 1240/1642 Loss: 1.685130
2026-08-16 08:21: Train Epoch 37: 1260/1642 Loss: 1.713399
2026-08-16 08:21: Train Epoch 37: 1280/1642 Loss: 1.798311
2026-08-16 08:22: Train Epoch 37: 1300/1642 Loss: 1.763330
2026-08-16 08:22: Train Epoch 37: 1320/1642 Loss: 1.753206
2026-08-16 08:22: Train Epoch 37: 1340/1642 Loss: 1.671271
2026-08-16 08:22: Train Epoch 37: 1360/1642 Loss: 1.699982
2026-08-16 08:22: Train Epoch 37: 1380/1642 Loss: 1.793912
2026-08-16 08:22: Train Epoch 37: 1400/1642 Loss: 1.725010
2026-08-16 08:22: Train Epoch 37: 1420/1642 Loss: 1.608760
2026-08-16 08:22: Train Epoch 37: 1440/1642 Loss: 1.680539
2026-08-16 08:22: Train Epoch 37: 1460/1642 Loss: 1.830542
2026-08-16 08:22: Train Epoch 37: 1480/1642 Loss: 1.688727
2026-08-16 08:22: Train Epoch 37: 1500/1642 Loss: 1.742000
2026-08-16 08:22: Train Epoch 37: 1520/1642 Loss: 1.657603
2026-08-16 08:22: Train Epoch 37: 1540/1642 Loss: 1.735879
2026-08-16 08:22: Train Epoch 37: 1560/1642 Loss: 1.774778
2026-08-16 08:22: Train Epoch 37: 1580/1642 Loss: 1.657275
2026-08-16 08:22: Train Epoch 37: 1600/1642 Loss: 1.705468
2026-08-16 08:22: Train Epoch 37: 1620/1642 Loss: 1.677583
2026-08-16 08:22: Train Epoch 37: 1640/1642 Loss: 1.711630
2026-08-16 08:22: **********Train Epoch 37: averaged Loss: 1.699086, tf_ratio: 1.000000
2026-08-16 08:22: **********Val Epoch 37: average Loss: 1.820669
2026-08-16 08:22: Train Epoch 38: 0/1642 Loss: 1.693211
2026-08-16 08:22: Train Epoch 38: 20/1642 Loss: 1.636496
2026-08-16 08:22: Train Epoch 38: 40/1642 Loss: 1.707344
2026-08-16 08:22: Train Epoch 38: 60/1642 Loss: 1.838067
2026-08-16 08:22: Train Epoch 38: 80/1642 Loss: 1.661236
2026-08-16 08:22: Train Epoch 38: 100/1642 Loss: 1.675179
2026-08-16 08:22: Train Epoch 38: 120/1642 Loss: 1.618403
2026-08-16 08:22: Train Epoch 38: 140/1642 Loss: 1.611994
2026-08-16 08:22: Train Epoch 38: 160/1642 Loss: 1.695607
2026-08-16 08:22: Train Epoch 38: 180/1642 Loss: 1.732003
2026-08-16 08:22: Train Epoch 38: 200/1642 Loss: 1.668770
2026-08-16 08:22: Train Epoch 38: 220/1642 Loss: 1.711672
2026-08-16 08:22: Train Epoch 38: 240/1642 Loss: 1.687120
2026-08-16 08:22: Train Epoch 38: 260/1642 Loss: 1.598559
2026-08-16 08:22: Train Epoch 38: 280/1642 Loss: 1.671418
2026-08-16 08:22: Train Epoch 38: 300/1642 Loss: 1.594139
2026-08-16 08:22: Train Epoch 38: 320/1642 Loss: 1.679797
2026-08-16 08:22: Train Epoch 38: 340/1642 Loss: 1.702491
2026-08-16 08:22: Train Epoch 38: 360/1642 Loss: 1.574130
2026-08-16 08:22: Train Epoch 38: 380/1642 Loss: 1.665909
2026-08-16 08:22: Train Epoch 38: 400/1642 Loss: 1.709798
2026-08-16 08:22: Train Epoch 38: 420/1642 Loss: 1.616948
2026-08-16 08:22: Train Epoch 38: 440/1642 Loss: 1.671490
2026-08-16 08:22: Train Epoch 38: 460/1642 Loss: 1.695307
2026-08-16 08:22: Train Epoch 38: 480/1642 Loss: 1.761314
2026-08-16 08:22: Train Epoch 38: 500/1642 Loss: 1.793512
2026-08-16 08:22: Train Epoch 38: 520/1642 Loss: 1.655826
2026-08-16 08:22: Train Epoch 38: 540/1642 Loss: 1.679169
2026-08-16 08:22: Train Epoch 38: 560/1642 Loss: 1.725359
2026-08-16 08:22: Train Epoch 38: 580/1642 Loss: 1.797225
2026-08-16 08:22: Train Epoch 38: 600/1642 Loss: 1.768837
2026-08-16 08:22: Train Epoch 38: 620/1642 Loss: 1.727196
2026-08-16 08:22: Train Epoch 38: 640/1642 Loss: 1.658205
2026-08-16 08:22: Train Epoch 38: 660/1642 Loss: 1.610699
2026-08-16 08:22: Train Epoch 38: 680/1642 Loss: 1.643430
2026-08-16 08:22: Train Epoch 38: 700/1642 Loss: 1.797667
2026-08-16 08:22: Train Epoch 38: 720/1642 Loss: 1.736406
2026-08-16 08:22: Train Epoch 38: 740/1642 Loss: 1.780036
2026-08-16 08:22: Train Epoch 38: 760/1642 Loss: 1.629181
2026-08-16 08:22: Train Epoch 38: 780/1642 Loss: 1.627053
2026-08-16 08:22: Train Epoch 38: 800/1642 Loss: 1.781369
2026-08-16 08:22: Train Epoch 38: 820/1642 Loss: 1.768236
2026-08-16 08:22: Train Epoch 38: 840/1642 Loss: 1.649245
2026-08-16 08:22: Train Epoch 38: 860/1642 Loss: 1.612947
2026-08-16 08:22: Train Epoch 38: 880/1642 Loss: 1.831547
2026-08-16 08:22: Train Epoch 38: 900/1642 Loss: 1.726608
2026-08-16 08:22: Train Epoch 38: 920/1642 Loss: 1.617252
2026-08-16 08:22: Train Epoch 38: 940/1642 Loss: 1.665179
2026-08-16 08:22: Train Epoch 38: 960/1642 Loss: 1.676739
2026-08-16 08:22: Train Epoch 38: 980/1642 Loss: 1.634743
2026-08-16 08:22: Train Epoch 38: 1000/1642 Loss: 1.674392
2026-08-16 08:22: Train Epoch 38: 1020/1642 Loss: 1.695386
2026-08-16 08:22: Train Epoch 38: 1040/1642 Loss: 1.661792
2026-08-16 08:22: Train Epoch 38: 1060/1642 Loss: 1.601951
2026-08-16 08:22: Train Epoch 38: 1080/1642 Loss: 1.594454
2026-08-16 08:22: Train Epoch 38: 1100/1642 Loss: 1.712584
2026-08-16 08:22: Train Epoch 38: 1120/1642 Loss: 1.601924
2026-08-16 08:22: Train Epoch 38: 1140/1642 Loss: 1.595809
2026-08-16 08:23: Train Epoch 38: 1160/1642 Loss: 1.798807
2026-08-16 08:23: Train Epoch 38: 1180/1642 Loss: 1.652574
2026-08-16 08:23: Train Epoch 38: 1200/1642 Loss: 1.800372
2026-08-16 08:23: Train Epoch 38: 1220/1642 Loss: 1.776664
2026-08-16 08:23: Train Epoch 38: 1240/1642 Loss: 1.720451
2026-08-16 08:23: Train Epoch 38: 1260/1642 Loss: 1.598138
2026-08-16 08:23: Train Epoch 38: 1280/1642 Loss: 1.732846
2026-08-16 08:23: Train Epoch 38: 1300/1642 Loss: 1.762138
2026-08-16 08:23: Train Epoch 38: 1320/1642 Loss: 1.601927
2026-08-16 08:23: Train Epoch 38: 1340/1642 Loss: 1.651403
2026-08-16 08:23: Train Epoch 38: 1360/1642 Loss: 1.746372
2026-08-16 08:23: Train Epoch 38: 1380/1642 Loss: 1.732191
2026-08-16 08:23: Train Epoch 38: 1400/1642 Loss: 1.713181
2026-08-16 08:23: Train Epoch 38: 1420/1642 Loss: 1.734338
2026-08-16 08:23: Train Epoch 38: 1440/1642 Loss: 1.589962
2026-08-16 08:23: Train Epoch 38: 1460/1642 Loss: 1.775991
2026-08-16 08:23: Train Epoch 38: 1480/1642 Loss: 1.585765
2026-08-16 08:23: Train Epoch 38: 1500/1642 Loss: 1.788233
2026-08-16 08:23: Train Epoch 38: 1520/1642 Loss: 1.675703
2026-08-16 08:23: Train Epoch 38: 1540/1642 Loss: 1.620746
2026-08-16 08:23: Train Epoch 38: 1560/1642 Loss: 1.591180
2026-08-16 08:23: Train Epoch 38: 1580/1642 Loss: 1.722165
2026-08-16 08:23: Train Epoch 38: 1600/1642 Loss: 1.842491
2026-08-16 08:23: Train Epoch 38: 1620/1642 Loss: 1.553925
2026-08-16 08:23: Train Epoch 38: 1640/1642 Loss: 1.655393
2026-08-16 08:23: **********Train Epoch 38: averaged Loss: 1.696957, tf_ratio: 1.000000
2026-08-16 08:23: **********Val Epoch 38: average Loss: 1.837960
2026-08-16 08:23: Train Epoch 39: 0/1642 Loss: 1.596614
2026-08-16 08:23: Train Epoch 39: 20/1642 Loss: 1.667305
2026-08-16 08:23: Train Epoch 39: 40/1642 Loss: 1.669014
2026-08-16 08:23: Train Epoch 39: 60/1642 Loss: 1.621355
2026-08-16 08:23: Train Epoch 39: 80/1642 Loss: 1.731282
2026-08-16 08:23: Train Epoch 39: 100/1642 Loss: 1.669423
2026-08-16 08:23: Train Epoch 39: 120/1642 Loss: 1.621926
2026-08-16 08:23: Train Epoch 39: 140/1642 Loss: 1.672932
2026-08-16 08:23: Train Epoch 39: 160/1642 Loss: 1.799830
2026-08-16 08:23: Train Epoch 39: 180/1642 Loss: 1.727212
2026-08-16 08:23: Train Epoch 39: 200/1642 Loss: 1.758431
2026-08-16 08:23: Train Epoch 39: 220/1642 Loss: 1.681065
2026-08-16 08:23: Train Epoch 39: 240/1642 Loss: 1.589805
2026-08-16 08:23: Train Epoch 39: 260/1642 Loss: 1.716589
2026-08-16 08:23: Train Epoch 39: 280/1642 Loss: 1.535015
2026-08-16 08:23: Train Epoch 39: 300/1642 Loss: 1.797532
2026-08-16 08:23: Train Epoch 39: 320/1642 Loss: 1.636322
2026-08-16 08:23: Train Epoch 39: 340/1642 Loss: 1.587605
2026-08-16 08:23: Train Epoch 39: 360/1642 Loss: 1.645123
2026-08-16 08:23: Train Epoch 39: 380/1642 Loss: 1.760551
2026-08-16 08:23: Train Epoch 39: 400/1642 Loss: 1.876876
2026-08-16 08:23: Train Epoch 39: 420/1642 Loss: 1.558313
2026-08-16 08:23: Train Epoch 39: 440/1642 Loss: 1.793059
2026-08-16 08:23: Train Epoch 39: 460/1642 Loss: 1.774609
2026-08-16 08:23: Train Epoch 39: 480/1642 Loss: 1.607009
2026-08-16 08:23: Train Epoch 39: 500/1642 Loss: 1.764245
2026-08-16 08:23: Train Epoch 39: 520/1642 Loss: 1.686615
2026-08-16 08:23: Train Epoch 39: 540/1642 Loss: 1.744269
2026-08-16 08:23: Train Epoch 39: 560/1642 Loss: 1.669957
2026-08-16 08:23: Train Epoch 39: 580/1642 Loss: 1.855492
2026-08-16 08:23: Train Epoch 39: 600/1642 Loss: 1.833086
2026-08-16 08:23: Train Epoch 39: 620/1642 Loss: 1.616661
2026-08-16 08:23: Train Epoch 39: 640/1642 Loss: 1.728992
2026-08-16 08:23: Train Epoch 39: 660/1642 Loss: 1.582765
2026-08-16 08:23: Train Epoch 39: 680/1642 Loss: 1.746136
2026-08-16 08:23: Train Epoch 39: 700/1642 Loss: 1.675321
2026-08-16 08:23: Train Epoch 39: 720/1642 Loss: 1.704436
2026-08-16 08:23: Train Epoch 39: 740/1642 Loss: 1.942870
2026-08-16 08:23: Train Epoch 39: 760/1642 Loss: 1.679614
2026-08-16 08:23: Train Epoch 39: 780/1642 Loss: 1.698624
2026-08-16 08:23: Train Epoch 39: 800/1642 Loss: 1.697113
2026-08-16 08:23: Train Epoch 39: 820/1642 Loss: 1.677844
2026-08-16 08:23: Train Epoch 39: 840/1642 Loss: 1.683473
2026-08-16 08:23: Train Epoch 39: 860/1642 Loss: 1.511182
2026-08-16 08:23: Train Epoch 39: 880/1642 Loss: 1.555798
2026-08-16 08:23: Train Epoch 39: 900/1642 Loss: 1.718764
2026-08-16 08:23: Train Epoch 39: 920/1642 Loss: 1.728900
2026-08-16 08:23: Train Epoch 39: 940/1642 Loss: 1.725736
2026-08-16 08:23: Train Epoch 39: 960/1642 Loss: 1.662767
2026-08-16 08:23: Train Epoch 39: 980/1642 Loss: 1.674615
2026-08-16 08:23: Train Epoch 39: 1000/1642 Loss: 1.647616
2026-08-16 08:23: Train Epoch 39: 1020/1642 Loss: 1.692617
2026-08-16 08:24: Train Epoch 39: 1040/1642 Loss: 1.721048
2026-08-16 08:24: Train Epoch 39: 1060/1642 Loss: 1.687191
2026-08-16 08:24: Train Epoch 39: 1080/1642 Loss: 1.702047
2026-08-16 08:24: Train Epoch 39: 1100/1642 Loss: 1.617672
2026-08-16 08:24: Train Epoch 39: 1120/1642 Loss: 1.660892
2026-08-16 08:24: Train Epoch 39: 1140/1642 Loss: 1.686108
2026-08-16 08:24: Train Epoch 39: 1160/1642 Loss: 1.803734
2026-08-16 08:24: Train Epoch 39: 1180/1642 Loss: 1.866056
2026-08-16 08:24: Train Epoch 39: 1200/1642 Loss: 1.769993
2026-08-16 08:24: Train Epoch 39: 1220/1642 Loss: 1.709920
2026-08-16 08:24: Train Epoch 39: 1240/1642 Loss: 1.798720
2026-08-16 08:24: Train Epoch 39: 1260/1642 Loss: 1.655497
2026-08-16 08:24: Train Epoch 39: 1280/1642 Loss: 1.665881
2026-08-16 08:24: Train Epoch 39: 1300/1642 Loss: 1.661095
2026-08-16 08:24: Train Epoch 39: 1320/1642 Loss: 1.683652
2026-08-16 08:24: Train Epoch 39: 1340/1642 Loss: 1.657348
2026-08-16 08:24: Train Epoch 39: 1360/1642 Loss: 1.643101
2026-08-16 08:24: Train Epoch 39: 1380/1642 Loss: 1.724124
2026-08-16 08:24: Train Epoch 39: 1400/1642 Loss: 1.654609
2026-08-16 08:24: Train Epoch 39: 1420/1642 Loss: 1.739636
2026-08-16 08:24: Train Epoch 39: 1440/1642 Loss: 1.676530
2026-08-16 08:24: Train Epoch 39: 1460/1642 Loss: 1.688499
2026-08-16 08:24: Train Epoch 39: 1480/1642 Loss: 1.582837
2026-08-16 08:24: Train Epoch 39: 1500/1642 Loss: 1.776845
2026-08-16 08:24: Train Epoch 39: 1520/1642 Loss: 1.822896
2026-08-16 08:24: Train Epoch 39: 1540/1642 Loss: 1.741542
2026-08-16 08:24: Train Epoch 39: 1560/1642 Loss: 1.655562
2026-08-16 08:24: Train Epoch 39: 1580/1642 Loss: 1.772547
2026-08-16 08:24: Train Epoch 39: 1600/1642 Loss: 1.625964
2026-08-16 08:24: Train Epoch 39: 1620/1642 Loss: 1.596455
2026-08-16 08:24: Train Epoch 39: 1640/1642 Loss: 1.809896
2026-08-16 08:24: **********Train Epoch 39: averaged Loss: 1.693984, tf_ratio: 1.000000
2026-08-16 08:24: **********Val Epoch 39: average Loss: 1.820758
2026-08-16 08:24: Train Epoch 40: 0/1642 Loss: 1.489525
2026-08-16 08:24: Train Epoch 40: 20/1642 Loss: 1.764966
2026-08-16 08:24: Train Epoch 40: 40/1642 Loss: 1.689048
2026-08-16 08:24: Train Epoch 40: 60/1642 Loss: 1.584870
2026-08-16 08:24: Train Epoch 40: 80/1642 Loss: 1.669008
2026-08-16 08:24: Train Epoch 40: 100/1642 Loss: 1.825553
2026-08-16 08:24: Train Epoch 40: 120/1642 Loss: 1.786025
2026-08-16 08:24: Train Epoch 40: 140/1642 Loss: 1.654832
2026-08-16 08:24: Train Epoch 40: 160/1642 Loss: 1.652304
2026-08-16 08:24: Train Epoch 40: 180/1642 Loss: 1.616884
2026-08-16 08:24: Train Epoch 40: 200/1642 Loss: 1.705091
2026-08-16 08:24: Train Epoch 40: 220/1642 Loss: 1.645602
2026-08-16 08:24: Train Epoch 40: 240/1642 Loss: 1.733649
2026-08-16 08:24: Train Epoch 40: 260/1642 Loss: 1.649447
2026-08-16 08:24: Train Epoch 40: 280/1642 Loss: 1.618105
2026-08-16 08:24: Train Epoch 40: 300/1642 Loss: 1.660106
2026-08-16 08:24: Train Epoch 40: 320/1642 Loss: 1.647804
2026-08-16 08:24: Train Epoch 40: 340/1642 Loss: 1.581872
2026-08-16 08:24: Train Epoch 40: 360/1642 Loss: 1.742606
2026-08-16 08:24: Train Epoch 40: 380/1642 Loss: 1.597409
2026-08-16 08:24: Train Epoch 40: 400/1642 Loss: 1.613351
2026-08-16 08:24: Train Epoch 40: 420/1642 Loss: 1.564848
2026-08-16 08:24: Train Epoch 40: 440/1642 Loss: 1.718013
2026-08-16 08:24: Train Epoch 40: 460/1642 Loss: 1.649614
2026-08-16 08:24: Train Epoch 40: 480/1642 Loss: 1.754958
2026-08-16 08:24: Train Epoch 40: 500/1642 Loss: 1.687891
2026-08-16 08:24: Train Epoch 40: 520/1642 Loss: 1.815370
2026-08-16 08:24: Train Epoch 40: 540/1642 Loss: 1.674518
2026-08-16 08:24: Train Epoch 40: 560/1642 Loss: 1.713113
2026-08-16 08:24: Train Epoch 40: 580/1642 Loss: 1.844846
2026-08-16 08:24: Train Epoch 40: 600/1642 Loss: 1.608607
2026-08-16 08:24: Train Epoch 40: 620/1642 Loss: 1.810137
2026-08-16 08:24: Train Epoch 40: 640/1642 Loss: 1.568399
2026-08-16 08:24: Train Epoch 40: 660/1642 Loss: 1.709553
2026-08-16 08:24: Train Epoch 40: 680/1642 Loss: 1.554470
2026-08-16 08:24: Train Epoch 40: 700/1642 Loss: 1.761661
2026-08-16 08:24: Train Epoch 40: 720/1642 Loss: 1.662478
2026-08-16 08:24: Train Epoch 40: 740/1642 Loss: 1.745806
2026-08-16 08:24: Train Epoch 40: 760/1642 Loss: 1.681366
2026-08-16 08:24: Train Epoch 40: 780/1642 Loss: 1.814946
2026-08-16 08:24: Train Epoch 40: 800/1642 Loss: 1.647726
2026-08-16 08:24: Train Epoch 40: 820/1642 Loss: 1.712502
2026-08-16 08:24: Train Epoch 40: 840/1642 Loss: 1.744316
2026-08-16 08:24: Train Epoch 40: 860/1642 Loss: 1.813316
2026-08-16 08:24: Train Epoch 40: 880/1642 Loss: 1.620882
2026-08-16 08:25: Train Epoch 40: 900/1642 Loss: 1.722274
2026-08-16 08:25: Train Epoch 40: 920/1642 Loss: 1.661368
2026-08-16 08:25: Train Epoch 40: 940/1642 Loss: 1.749628
2026-08-16 08:25: Train Epoch 40: 960/1642 Loss: 1.698591
2026-08-16 08:25: Train Epoch 40: 980/1642 Loss: 1.688986
2026-08-16 08:25: Train Epoch 40: 1000/1642 Loss: 1.665884
2026-08-16 08:25: Train Epoch 40: 1020/1642 Loss: 1.806730
2026-08-16 08:25: Train Epoch 40: 1040/1642 Loss: 1.780251
2026-08-16 08:25: Train Epoch 40: 1060/1642 Loss: 1.729363
2026-08-16 08:25: Train Epoch 40: 1080/1642 Loss: 1.674105
2026-08-16 08:25: Train Epoch 40: 1100/1642 Loss: 1.643408
2026-08-16 08:25: Train Epoch 40: 1120/1642 Loss: 1.581572
2026-08-16 08:25: Train Epoch 40: 1140/1642 Loss: 1.608164
2026-08-16 08:25: Train Epoch 40: 1160/1642 Loss: 1.694587
2026-08-16 08:25: Train Epoch 40: 1180/1642 Loss: 1.727018
2026-08-16 08:25: Train Epoch 40: 1200/1642 Loss: 1.620447
2026-08-16 08:25: Train Epoch 40: 1220/1642 Loss: 1.582646
2026-08-16 08:25: Train Epoch 40: 1240/1642 Loss: 1.659554
2026-08-16 08:25: Train Epoch 40: 1260/1642 Loss: 1.745894
2026-08-16 08:25: Train Epoch 40: 1280/1642 Loss: 1.625396
2026-08-16 08:25: Train Epoch 40: 1300/1642 Loss: 1.621013
2026-08-16 08:25: Train Epoch 40: 1320/1642 Loss: 1.685405
2026-08-16 08:25: Train Epoch 40: 1340/1642 Loss: 1.701695
2026-08-16 08:25: Train Epoch 40: 1360/1642 Loss: 1.718205
2026-08-16 08:25: Train Epoch 40: 1380/1642 Loss: 1.635045
2026-08-16 08:25: Train Epoch 40: 1400/1642 Loss: 1.628165
2026-08-16 08:25: Train Epoch 40: 1420/1642 Loss: 1.643423
2026-08-16 08:25: Train Epoch 40: 1440/1642 Loss: 1.717319
2026-08-16 08:25: Train Epoch 40: 1460/1642 Loss: 1.743403
2026-08-16 08:25: Train Epoch 40: 1480/1642 Loss: 1.633199
2026-08-16 08:25: Train Epoch 40: 1500/1642 Loss: 1.847279
2026-08-16 08:25: Train Epoch 40: 1520/1642 Loss: 1.682794
2026-08-16 08:25: Train Epoch 40: 1540/1642 Loss: 1.621654
2026-08-16 08:25: Train Epoch 40: 1560/1642 Loss: 1.706549
2026-08-16 08:25: Train Epoch 40: 1580/1642 Loss: 1.711017
2026-08-16 08:25: Train Epoch 40: 1600/1642 Loss: 1.656413
2026-08-16 08:25: Train Epoch 40: 1620/1642 Loss: 1.714394
2026-08-16 08:25: Train Epoch 40: 1640/1642 Loss: 1.754637
2026-08-16 08:25: **********Train Epoch 40: averaged Loss: 1.691408, tf_ratio: 1.000000
2026-08-16 08:25: **********Val Epoch 40: average Loss: 1.813605
2026-08-16 08:25: *********************************Current best model saved!
2026-08-16 08:25: Train Epoch 41: 0/1642 Loss: 1.673124
2026-08-16 08:25: Train Epoch 41: 20/1642 Loss: 1.665299
2026-08-16 08:25: Train Epoch 41: 40/1642 Loss: 1.682330
2026-08-16 08:25: Train Epoch 41: 60/1642 Loss: 1.685992
2026-08-16 08:25: Train Epoch 41: 80/1642 Loss: 1.630592
2026-08-16 08:25: Train Epoch 41: 100/1642 Loss: 1.729782
2026-08-16 08:25: Train Epoch 41: 120/1642 Loss: 1.624932
2026-08-16 08:25: Train Epoch 41: 140/1642 Loss: 1.657364
2026-08-16 08:25: Train Epoch 41: 160/1642 Loss: 1.857147
2026-08-16 08:25: Train Epoch 41: 180/1642 Loss: 1.677272
2026-08-16 08:25: Train Epoch 41: 200/1642 Loss: 1.595514
2026-08-16 08:25: Train Epoch 41: 220/1642 Loss: 1.664844
2026-08-16 08:25: Train Epoch 41: 240/1642 Loss: 1.728706
2026-08-16 08:25: Train Epoch 41: 260/1642 Loss: 1.716265
2026-08-16 08:25: Train Epoch 41: 280/1642 Loss: 1.614966
2026-08-16 08:25: Train Epoch 41: 300/1642 Loss: 1.752819
2026-08-16 08:25: Train Epoch 41: 320/1642 Loss: 1.821017
2026-08-16 08:25: Train Epoch 41: 340/1642 Loss: 1.678713
2026-08-16 08:25: Train Epoch 41: 360/1642 Loss: 1.602075
2026-08-16 08:25: Train Epoch 41: 380/1642 Loss: 1.622873
2026-08-16 08:25: Train Epoch 41: 400/1642 Loss: 1.716589
2026-08-16 08:25: Train Epoch 41: 420/1642 Loss: 1.663076
2026-08-16 08:25: Train Epoch 41: 440/1642 Loss: 1.684429
2026-08-16 08:25: Train Epoch 41: 460/1642 Loss: 1.616227
2026-08-16 08:25: Train Epoch 41: 480/1642 Loss: 1.651976
2026-08-16 08:25: Train Epoch 41: 500/1642 Loss: 1.709978
2026-08-16 08:25: Train Epoch 41: 520/1642 Loss: 1.688443
2026-08-16 08:25: Train Epoch 41: 540/1642 Loss: 1.715876
2026-08-16 08:25: Train Epoch 41: 560/1642 Loss: 1.716058
2026-08-16 08:25: Train Epoch 41: 580/1642 Loss: 1.704223
2026-08-16 08:25: Train Epoch 41: 600/1642 Loss: 1.724611
2026-08-16 08:25: Train Epoch 41: 620/1642 Loss: 1.609559
2026-08-16 08:25: Train Epoch 41: 640/1642 Loss: 1.734634
2026-08-16 08:25: Train Epoch 41: 660/1642 Loss: 1.792201
2026-08-16 08:25: Train Epoch 41: 680/1642 Loss: 1.761819
2026-08-16 08:25: Train Epoch 41: 700/1642 Loss: 1.613963
2026-08-16 08:25: Train Epoch 41: 720/1642 Loss: 1.610915
2026-08-16 08:25: Train Epoch 41: 740/1642 Loss: 1.785426
2026-08-16 08:26: Train Epoch 41: 760/1642 Loss: 1.601644
2026-08-16 08:26: Train Epoch 41: 780/1642 Loss: 1.635204
2026-08-16 08:26: Train Epoch 41: 800/1642 Loss: 1.742996
2026-08-16 08:26: Train Epoch 41: 820/1642 Loss: 1.686223
2026-08-16 08:26: Train Epoch 41: 840/1642 Loss: 1.584028
2026-08-16 08:26: Train Epoch 41: 860/1642 Loss: 1.795630
2026-08-16 08:26: Train Epoch 41: 880/1642 Loss: 1.647695
2026-08-16 08:26: Train Epoch 41: 900/1642 Loss: 1.748806
2026-08-16 08:26: Train Epoch 41: 920/1642 Loss: 1.690471
2026-08-16 08:26: Train Epoch 41: 940/1642 Loss: 1.827677
2026-08-16 08:26: Train Epoch 41: 960/1642 Loss: 1.745021
2026-08-16 08:26: Train Epoch 41: 980/1642 Loss: 1.705684
2026-08-16 08:26: Train Epoch 41: 1000/1642 Loss: 1.682272
2026-08-16 08:26: Train Epoch 41: 1020/1642 Loss: 1.620612
2026-08-16 08:26: Train Epoch 41: 1040/1642 Loss: 1.844043
2026-08-16 08:26: Train Epoch 41: 1060/1642 Loss: 1.733937
2026-08-16 08:26: Train Epoch 41: 1080/1642 Loss: 1.855363
2026-08-16 08:26: Train Epoch 41: 1100/1642 Loss: 1.690251
2026-08-16 08:26: Train Epoch 41: 1120/1642 Loss: 1.662309
2026-08-16 08:26: Train Epoch 41: 1140/1642 Loss: 1.695919
2026-08-16 08:26: Train Epoch 41: 1160/1642 Loss: 1.715884
2026-08-16 08:26: Train Epoch 41: 1180/1642 Loss: 1.654567
2026-08-16 08:26: Train Epoch 41: 1200/1642 Loss: 1.618646
2026-08-16 08:26: Train Epoch 41: 1220/1642 Loss: 1.761018
2026-08-16 08:26: Train Epoch 41: 1240/1642 Loss: 1.732206
2026-08-16 08:26: Train Epoch 41: 1260/1642 Loss: 1.663087
2026-08-16 08:26: Train Epoch 41: 1280/1642 Loss: 1.624567
2026-08-16 08:26: Train Epoch 41: 1300/1642 Loss: 1.595130
2026-08-16 08:26: Train Epoch 41: 1320/1642 Loss: 1.718196
2026-08-16 08:26: Train Epoch 41: 1340/1642 Loss: 1.648549
2026-08-16 08:26: Train Epoch 41: 1360/1642 Loss: 1.756822
2026-08-16 08:26: Train Epoch 41: 1380/1642 Loss: 1.774691
2026-08-16 08:26: Train Epoch 41: 1400/1642 Loss: 1.735698
2026-08-16 08:26: Train Epoch 41: 1420/1642 Loss: 1.664862
2026-08-16 08:26: Train Epoch 41: 1440/1642 Loss: 1.667933
2026-08-16 08:26: Train Epoch 41: 1460/1642 Loss: 1.743780
2026-08-16 08:26: Train Epoch 41: 1480/1642 Loss: 1.655387
2026-08-16 08:26: Train Epoch 41: 1500/1642 Loss: 1.626172
2026-08-16 08:26: Train Epoch 41: 1520/1642 Loss: 1.570489
2026-08-16 08:26: Train Epoch 41: 1540/1642 Loss: 1.616763
2026-08-16 08:26: Train Epoch 41: 1560/1642 Loss: 1.642049
2026-08-16 08:26: Train Epoch 41: 1580/1642 Loss: 1.585369
2026-08-16 08:26: Train Epoch 41: 1600/1642 Loss: 1.677184
2026-08-16 08:26: Train Epoch 41: 1620/1642 Loss: 1.746856
2026-08-16 08:26: Train Epoch 41: 1640/1642 Loss: 1.782963
2026-08-16 08:26: **********Train Epoch 41: averaged Loss: 1.688382, tf_ratio: 1.000000
2026-08-16 08:26: **********Val Epoch 41: average Loss: 1.817510
2026-08-16 08:26: Train Epoch 42: 0/1642 Loss: 1.776795
2026-08-16 08:26: Train Epoch 42: 20/1642 Loss: 1.708623
2026-08-16 08:26: Train Epoch 42: 40/1642 Loss: 1.751182
2026-08-16 08:26: Train Epoch 42: 60/1642 Loss: 1.694216
2026-08-16 08:26: Train Epoch 42: 80/1642 Loss: 1.732824
2026-08-16 08:26: Train Epoch 42: 100/1642 Loss: 1.697592
2026-08-16 08:26: Train Epoch 42: 120/1642 Loss: 1.550268
2026-08-16 08:26: Train Epoch 42: 140/1642 Loss: 1.811541
2026-08-16 08:26: Train Epoch 42: 160/1642 Loss: 1.748564
2026-08-16 08:26: Train Epoch 42: 180/1642 Loss: 1.561583
2026-08-16 08:26: Train Epoch 42: 200/1642 Loss: 1.638942
2026-08-16 08:26: Train Epoch 42: 220/1642 Loss: 1.673714
2026-08-16 08:26: Train Epoch 42: 240/1642 Loss: 1.681542
2026-08-16 08:26: Train Epoch 42: 260/1642 Loss: 1.600740
2026-08-16 08:26: Train Epoch 42: 280/1642 Loss: 1.717962
2026-08-16 08:26: Train Epoch 42: 300/1642 Loss: 1.620019
2026-08-16 08:26: Train Epoch 42: 320/1642 Loss: 1.574220
2026-08-16 08:26: Train Epoch 42: 340/1642 Loss: 1.742733
2026-08-16 08:26: Train Epoch 42: 360/1642 Loss: 1.767774
2026-08-16 08:26: Train Epoch 42: 380/1642 Loss: 1.709538
2026-08-16 08:26: Train Epoch 42: 400/1642 Loss: 1.607012
2026-08-16 08:26: Train Epoch 42: 420/1642 Loss: 1.643688
2026-08-16 08:26: Train Epoch 42: 440/1642 Loss: 1.706368
2026-08-16 08:26: Train Epoch 42: 460/1642 Loss: 1.701136
2026-08-16 08:26: Train Epoch 42: 480/1642 Loss: 1.737282
2026-08-16 08:26: Train Epoch 42: 500/1642 Loss: 1.771083
2026-08-16 08:26: Train Epoch 42: 520/1642 Loss: 1.793966
2026-08-16 08:26: Train Epoch 42: 540/1642 Loss: 1.680343
2026-08-16 08:26: Train Epoch 42: 560/1642 Loss: 1.632853
2026-08-16 08:26: Train Epoch 42: 580/1642 Loss: 1.642150
2026-08-16 08:26: Train Epoch 42: 600/1642 Loss: 1.906647
2026-08-16 08:26: Train Epoch 42: 620/1642 Loss: 1.633494
2026-08-16 08:27: Train Epoch 42: 640/1642 Loss: 1.721835
2026-08-16 08:27: Train Epoch 42: 660/1642 Loss: 1.653394
2026-08-16 08:27: Train Epoch 42: 680/1642 Loss: 1.642294
2026-08-16 08:27: Train Epoch 42: 700/1642 Loss: 1.729596
2026-08-16 08:27: Train Epoch 42: 720/1642 Loss: 1.673204
2026-08-16 08:27: Train Epoch 42: 740/1642 Loss: 1.820872
2026-08-16 08:27: Train Epoch 42: 760/1642 Loss: 1.671645
2026-08-16 08:27: Train Epoch 42: 780/1642 Loss: 1.723446
2026-08-16 08:27: Train Epoch 42: 800/1642 Loss: 1.714345
2026-08-16 08:27: Train Epoch 42: 820/1642 Loss: 1.715101
2026-08-16 08:27: Train Epoch 42: 840/1642 Loss: 1.695764
2026-08-16 08:27: Train Epoch 42: 860/1642 Loss: 1.653449
2026-08-16 08:27: Train Epoch 42: 880/1642 Loss: 1.660059
2026-08-16 08:27: Train Epoch 42: 900/1642 Loss: 1.851005
2026-08-16 08:27: Train Epoch 42: 920/1642 Loss: 1.740484
2026-08-16 08:27: Train Epoch 42: 940/1642 Loss: 1.751382
2026-08-16 08:27: Train Epoch 42: 960/1642 Loss: 1.647918
2026-08-16 08:27: Train Epoch 42: 980/1642 Loss: 1.646120
2026-08-16 08:27: Train Epoch 42: 1000/1642 Loss: 1.593342
2026-08-16 08:27: Train Epoch 42: 1020/1642 Loss: 1.551755
2026-08-16 08:27: Train Epoch 42: 1040/1642 Loss: 1.581721
2026-08-16 08:27: Train Epoch 42: 1060/1642 Loss: 1.688538
2026-08-16 08:27: Train Epoch 42: 1080/1642 Loss: 1.706499
2026-08-16 08:27: Train Epoch 42: 1100/1642 Loss: 1.716156
2026-08-16 08:27: Train Epoch 42: 1120/1642 Loss: 1.707744
2026-08-16 08:27: Train Epoch 42: 1140/1642 Loss: 1.657233
2026-08-16 08:27: Train Epoch 42: 1160/1642 Loss: 1.680699
2026-08-16 08:27: Train Epoch 42: 1180/1642 Loss: 1.850764
2026-08-16 08:27: Train Epoch 42: 1200/1642 Loss: 1.718921
2026-08-16 08:27: Train Epoch 42: 1220/1642 Loss: 1.755883
2026-08-16 08:27: Train Epoch 42: 1240/1642 Loss: 1.649198
2026-08-16 08:27: Train Epoch 42: 1260/1642 Loss: 1.744074
2026-08-16 08:27: Train Epoch 42: 1280/1642 Loss: 1.715024
2026-08-16 08:27: Train Epoch 42: 1300/1642 Loss: 1.641935
2026-08-16 08:27: Train Epoch 42: 1320/1642 Loss: 1.674485
2026-08-16 08:27: Train Epoch 42: 1340/1642 Loss: 1.790110
2026-08-16 08:27: Train Epoch 42: 1360/1642 Loss: 1.733503
2026-08-16 08:27: Train Epoch 42: 1380/1642 Loss: 1.768601
2026-08-16 08:27: Train Epoch 42: 1400/1642 Loss: 1.622199
2026-08-16 08:27: Train Epoch 42: 1420/1642 Loss: 1.789418
2026-08-16 08:27: Train Epoch 42: 1440/1642 Loss: 1.657662
2026-08-16 08:27: Train Epoch 42: 1460/1642 Loss: 1.797705
2026-08-16 08:27: Train Epoch 42: 1480/1642 Loss: 1.638987
2026-08-16 08:27: Train Epoch 42: 1500/1642 Loss: 1.699426
2026-08-16 08:27: Train Epoch 42: 1520/1642 Loss: 1.555531
2026-08-16 08:27: Train Epoch 42: 1540/1642 Loss: 1.536691
2026-08-16 08:27: Train Epoch 42: 1560/1642 Loss: 1.646183
2026-08-16 08:27: Train Epoch 42: 1580/1642 Loss: 1.695274
2026-08-16 08:27: Train Epoch 42: 1600/1642 Loss: 1.687563
2026-08-16 08:27: Train Epoch 42: 1620/1642 Loss: 1.726982
2026-08-16 08:27: Train Epoch 42: 1640/1642 Loss: 1.619042
2026-08-16 08:27: **********Train Epoch 42: averaged Loss: 1.684943, tf_ratio: 1.000000
2026-08-16 08:27: **********Val Epoch 42: average Loss: 1.819376
2026-08-16 08:27: Train Epoch 43: 0/1642 Loss: 1.596718
2026-08-16 08:27: Train Epoch 43: 20/1642 Loss: 1.605292
2026-08-16 08:27: Train Epoch 43: 40/1642 Loss: 1.839412
2026-08-16 08:27: Train Epoch 43: 60/1642 Loss: 1.751163
2026-08-16 08:27: Train Epoch 43: 80/1642 Loss: 1.781226
2026-08-16 08:27: Train Epoch 43: 100/1642 Loss: 1.685593
2026-08-16 08:27: Train Epoch 43: 120/1642 Loss: 1.632185
2026-08-16 08:27: Train Epoch 43: 140/1642 Loss: 1.642263
2026-08-16 08:27: Train Epoch 43: 160/1642 Loss: 1.768613
2026-08-16 08:27: Train Epoch 43: 180/1642 Loss: 1.721296
2026-08-16 08:27: Train Epoch 43: 200/1642 Loss: 1.731982
2026-08-16 08:27: Train Epoch 43: 220/1642 Loss: 1.636371
2026-08-16 08:27: Train Epoch 43: 240/1642 Loss: 1.617970
2026-08-16 08:27: Train Epoch 43: 260/1642 Loss: 1.683992
2026-08-16 08:27: Train Epoch 43: 280/1642 Loss: 1.721792
2026-08-16 08:27: Train Epoch 43: 300/1642 Loss: 1.714195
2026-08-16 08:27: Train Epoch 43: 320/1642 Loss: 1.647756
2026-08-16 08:27: Train Epoch 43: 340/1642 Loss: 1.750810
2026-08-16 08:27: Train Epoch 43: 360/1642 Loss: 1.601918
2026-08-16 08:27: Train Epoch 43: 380/1642 Loss: 1.677083
2026-08-16 08:27: Train Epoch 43: 400/1642 Loss: 1.619057
2026-08-16 08:27: Train Epoch 43: 420/1642 Loss: 1.597664
2026-08-16 08:27: Train Epoch 43: 440/1642 Loss: 1.714581
2026-08-16 08:27: Train Epoch 43: 460/1642 Loss: 1.602008
2026-08-16 08:27: Train Epoch 43: 480/1642 Loss: 1.684344
2026-08-16 08:28: Train Epoch 43: 500/1642 Loss: 1.620413
2026-08-16 08:28: Train Epoch 43: 520/1642 Loss: 1.643943
2026-08-16 08:28: Train Epoch 43: 540/1642 Loss: 1.660226
2026-08-16 08:28: Train Epoch 43: 560/1642 Loss: 1.622864
2026-08-16 08:28: Train Epoch 43: 580/1642 Loss: 1.746984
2026-08-16 08:28: Train Epoch 43: 600/1642 Loss: 1.611371
2026-08-16 08:28: Train Epoch 43: 620/1642 Loss: 1.716963
2026-08-16 08:28: Train Epoch 43: 640/1642 Loss: 1.781412
2026-08-16 08:28: Train Epoch 43: 660/1642 Loss: 1.582504
2026-08-16 08:28: Train Epoch 43: 680/1642 Loss: 1.780840
2026-08-16 08:28: Train Epoch 43: 700/1642 Loss: 1.691414
2026-08-16 08:28: Train Epoch 43: 720/1642 Loss: 1.798001
2026-08-16 08:28: Train Epoch 43: 740/1642 Loss: 1.705899
2026-08-16 08:28: Train Epoch 43: 760/1642 Loss: 1.744503
2026-08-16 08:28: Train Epoch 43: 780/1642 Loss: 1.664273
2026-08-16 08:28: Train Epoch 43: 800/1642 Loss: 1.600682
2026-08-16 08:28: Train Epoch 43: 820/1642 Loss: 1.643463
2026-08-16 08:28: Train Epoch 43: 840/1642 Loss: 1.684157
2026-08-16 08:28: Train Epoch 43: 860/1642 Loss: 1.664222
2026-08-16 08:28: Train Epoch 43: 880/1642 Loss: 1.711101
2026-08-16 08:28: Train Epoch 43: 900/1642 Loss: 1.684465
2026-08-16 08:28: Train Epoch 43: 920/1642 Loss: 1.608324
2026-08-16 08:28: Train Epoch 43: 940/1642 Loss: 1.733539
2026-08-16 08:28: Train Epoch 43: 960/1642 Loss: 1.517387
2026-08-16 08:28: Train Epoch 43: 980/1642 Loss: 1.648952
2026-08-16 08:28: Train Epoch 43: 1000/1642 Loss: 1.673812
2026-08-16 08:28: Train Epoch 43: 1020/1642 Loss: 1.610936
2026-08-16 08:28: Train Epoch 43: 1040/1642 Loss: 1.769814
2026-08-16 08:28: Train Epoch 43: 1060/1642 Loss: 1.664571
2026-08-16 08:28: Train Epoch 43: 1080/1642 Loss: 1.692783
2026-08-16 08:28: Train Epoch 43: 1100/1642 Loss: 1.623764
2026-08-16 08:28: Train Epoch 43: 1120/1642 Loss: 1.747776
2026-08-16 08:28: Train Epoch 43: 1140/1642 Loss: 1.698560
2026-08-16 08:28: Train Epoch 43: 1160/1642 Loss: 1.624838
2026-08-16 08:28: Train Epoch 43: 1180/1642 Loss: 1.704928
2026-08-16 08:28: Train Epoch 43: 1200/1642 Loss: 1.707464
2026-08-16 08:28: Train Epoch 43: 1220/1642 Loss: 1.732066
2026-08-16 08:28: Train Epoch 43: 1240/1642 Loss: 1.705477
2026-08-16 08:28: Train Epoch 43: 1260/1642 Loss: 1.582891
2026-08-16 08:28: Train Epoch 43: 1280/1642 Loss: 1.699961
2026-08-16 08:28: Train Epoch 43: 1300/1642 Loss: 1.698359
2026-08-16 08:28: Train Epoch 43: 1320/1642 Loss: 1.667848
2026-08-16 08:28: Train Epoch 43: 1340/1642 Loss: 1.557406
2026-08-16 08:28: Train Epoch 43: 1360/1642 Loss: 1.664968
2026-08-16 08:28: Train Epoch 43: 1380/1642 Loss: 1.667758
2026-08-16 08:28: Train Epoch 43: 1400/1642 Loss: 1.678058
2026-08-16 08:28: Train Epoch 43: 1420/1642 Loss: 1.637250
2026-08-16 08:28: Train Epoch 43: 1440/1642 Loss: 1.723424
2026-08-16 08:28: Train Epoch 43: 1460/1642 Loss: 1.825166
2026-08-16 08:28: Train Epoch 43: 1480/1642 Loss: 1.681514
2026-08-16 08:28: Train Epoch 43: 1500/1642 Loss: 1.732625
2026-08-16 08:28: Train Epoch 43: 1520/1642 Loss: 1.719376
2026-08-16 08:28: Train Epoch 43: 1540/1642 Loss: 1.612187
2026-08-16 08:28: Train Epoch 43: 1560/1642 Loss: 1.580145
2026-08-16 08:28: Train Epoch 43: 1580/1642 Loss: 1.637538
2026-08-16 08:28: Train Epoch 43: 1600/1642 Loss: 1.670503
2026-08-16 08:28: Train Epoch 43: 1620/1642 Loss: 1.560628
2026-08-16 08:28: Train Epoch 43: 1640/1642 Loss: 1.716923
2026-08-16 08:28: **********Train Epoch 43: averaged Loss: 1.683264, tf_ratio: 1.000000
2026-08-16 08:28: **********Val Epoch 43: average Loss: 1.829444
2026-08-16 08:28: Train Epoch 44: 0/1642 Loss: 1.762801
2026-08-16 08:28: Train Epoch 44: 20/1642 Loss: 1.670756
2026-08-16 08:28: Train Epoch 44: 40/1642 Loss: 1.595133
2026-08-16 08:28: Train Epoch 44: 60/1642 Loss: 1.573159
2026-08-16 08:28: Train Epoch 44: 80/1642 Loss: 1.731776
2026-08-16 08:28: Train Epoch 44: 100/1642 Loss: 1.699518
2026-08-16 08:28: Train Epoch 44: 120/1642 Loss: 1.728693
2026-08-16 08:28: Train Epoch 44: 140/1642 Loss: 1.575376
2026-08-16 08:28: Train Epoch 44: 160/1642 Loss: 1.685121
2026-08-16 08:28: Train Epoch 44: 180/1642 Loss: 1.645129
2026-08-16 08:28: Train Epoch 44: 200/1642 Loss: 1.567409
2026-08-16 08:28: Train Epoch 44: 220/1642 Loss: 1.660780
2026-08-16 08:28: Train Epoch 44: 240/1642 Loss: 1.731142
2026-08-16 08:28: Train Epoch 44: 260/1642 Loss: 1.645741
2026-08-16 08:28: Train Epoch 44: 280/1642 Loss: 1.773255
2026-08-16 08:28: Train Epoch 44: 300/1642 Loss: 1.763956
2026-08-16 08:28: Train Epoch 44: 320/1642 Loss: 1.573428
2026-08-16 08:28: Train Epoch 44: 340/1642 Loss: 1.669243
2026-08-16 08:28: Train Epoch 44: 360/1642 Loss: 1.726770
2026-08-16 08:29: Train Epoch 44: 380/1642 Loss: 1.793175
2026-08-16 08:29: Train Epoch 44: 400/1642 Loss: 1.777716
2026-08-16 08:29: Train Epoch 44: 420/1642 Loss: 1.703443
2026-08-16 08:29: Train Epoch 44: 440/1642 Loss: 1.724586
2026-08-16 08:29: Train Epoch 44: 460/1642 Loss: 1.740645
2026-08-16 08:29: Train Epoch 44: 480/1642 Loss: 1.663853
2026-08-16 08:29: Train Epoch 44: 500/1642 Loss: 1.686453
2026-08-16 08:29: Train Epoch 44: 520/1642 Loss: 1.646988
2026-08-16 08:29: Train Epoch 44: 540/1642 Loss: 1.739828
2026-08-16 08:29: Train Epoch 44: 560/1642 Loss: 1.693467
2026-08-16 08:29: Train Epoch 44: 580/1642 Loss: 1.605338
2026-08-16 08:29: Train Epoch 44: 600/1642 Loss: 1.698628
2026-08-16 08:29: Train Epoch 44: 620/1642 Loss: 1.666378
2026-08-16 08:29: Train Epoch 44: 640/1642 Loss: 1.657078
2026-08-16 08:29: Train Epoch 44: 660/1642 Loss: 1.719742
2026-08-16 08:29: Train Epoch 44: 680/1642 Loss: 1.770363
2026-08-16 08:29: Train Epoch 44: 700/1642 Loss: 1.658195
2026-08-16 08:29: Train Epoch 44: 720/1642 Loss: 1.697060
2026-08-16 08:29: Train Epoch 44: 740/1642 Loss: 1.735449
2026-08-16 08:29: Train Epoch 44: 760/1642 Loss: 1.689548
2026-08-16 08:29: Train Epoch 44: 780/1642 Loss: 1.617894
2026-08-16 08:29: Train Epoch 44: 800/1642 Loss: 1.698597
2026-08-16 08:29: Train Epoch 44: 820/1642 Loss: 1.615794
2026-08-16 08:29: Train Epoch 44: 840/1642 Loss: 1.790783
2026-08-16 08:29: Train Epoch 44: 860/1642 Loss: 1.674727
2026-08-16 08:29: Train Epoch 44: 880/1642 Loss: 1.743024
2026-08-16 08:29: Train Epoch 44: 900/1642 Loss: 1.728328
2026-08-16 08:29: Train Epoch 44: 920/1642 Loss: 1.748186
2026-08-16 08:29: Train Epoch 44: 940/1642 Loss: 1.556238
2026-08-16 08:29: Train Epoch 44: 960/1642 Loss: 1.707841
2026-08-16 08:29: Train Epoch 44: 980/1642 Loss: 1.761296
2026-08-16 08:29: Train Epoch 44: 1000/1642 Loss: 1.826571
2026-08-16 08:29: Train Epoch 44: 1020/1642 Loss: 1.641305
2026-08-16 08:29: Train Epoch 44: 1040/1642 Loss: 1.662772
2026-08-16 08:29: Train Epoch 44: 1060/1642 Loss: 1.710697
2026-08-16 08:29: Train Epoch 44: 1080/1642 Loss: 1.703209
2026-08-16 08:29: Train Epoch 44: 1100/1642 Loss: 1.775015
2026-08-16 08:29: Train Epoch 44: 1120/1642 Loss: 1.690089
2026-08-16 08:29: Train Epoch 44: 1140/1642 Loss: 1.703462
2026-08-16 08:29: Train Epoch 44: 1160/1642 Loss: 1.703256
2026-08-16 08:29: Train Epoch 44: 1180/1642 Loss: 1.678278
2026-08-16 08:29: Train Epoch 44: 1200/1642 Loss: 1.750908
2026-08-16 08:29: Train Epoch 44: 1220/1642 Loss: 1.642163
2026-08-16 08:29: Train Epoch 44: 1240/1642 Loss: 1.728780
2026-08-16 08:29: Train Epoch 44: 1260/1642 Loss: 1.657758
2026-08-16 08:29: Train Epoch 44: 1280/1642 Loss: 1.660784
2026-08-16 08:29: Train Epoch 44: 1300/1642 Loss: 1.685953
2026-08-16 08:29: Train Epoch 44: 1320/1642 Loss: 1.602284
2026-08-16 08:29: Train Epoch 44: 1340/1642 Loss: 1.697153
2026-08-16 08:29: Train Epoch 44: 1360/1642 Loss: 1.684311
2026-08-16 08:29: Train Epoch 44: 1380/1642 Loss: 1.741180
2026-08-16 08:29: Train Epoch 44: 1400/1642 Loss: 1.662001
2026-08-16 08:29: Train Epoch 44: 1420/1642 Loss: 1.623255
2026-08-16 08:29: Train Epoch 44: 1440/1642 Loss: 1.602766
2026-08-16 08:29: Train Epoch 44: 1460/1642 Loss: 1.715977
2026-08-16 08:29: Train Epoch 44: 1480/1642 Loss: 1.610794
2026-08-16 08:29: Train Epoch 44: 1500/1642 Loss: 1.640154
2026-08-16 08:29: Train Epoch 44: 1520/1642 Loss: 1.658458
2026-08-16 08:29: Train Epoch 44: 1540/1642 Loss: 1.666413
2026-08-16 08:29: Train Epoch 44: 1560/1642 Loss: 1.525288
2026-08-16 08:29: Train Epoch 44: 1580/1642 Loss: 1.681836
2026-08-16 08:29: Train Epoch 44: 1600/1642 Loss: 1.658217
2026-08-16 08:29: Train Epoch 44: 1620/1642 Loss: 1.588423
2026-08-16 08:29: Train Epoch 44: 1640/1642 Loss: 1.671512
2026-08-16 08:29: **********Train Epoch 44: averaged Loss: 1.679563, tf_ratio: 1.000000
2026-08-16 08:29: **********Val Epoch 44: average Loss: 1.815716
2026-08-16 08:29: Train Epoch 45: 0/1642 Loss: 1.697847
2026-08-16 08:29: Train Epoch 45: 20/1642 Loss: 1.760775
2026-08-16 08:29: Train Epoch 45: 40/1642 Loss: 1.654919
2026-08-16 08:29: Train Epoch 45: 60/1642 Loss: 1.621364
2026-08-16 08:29: Train Epoch 45: 80/1642 Loss: 1.599283
2026-08-16 08:29: Train Epoch 45: 100/1642 Loss: 1.680272
2026-08-16 08:29: Train Epoch 45: 120/1642 Loss: 1.678909
2026-08-16 08:29: Train Epoch 45: 140/1642 Loss: 1.731607
2026-08-16 08:29: Train Epoch 45: 160/1642 Loss: 1.656342
2026-08-16 08:29: Train Epoch 45: 180/1642 Loss: 1.688475
2026-08-16 08:29: Train Epoch 45: 200/1642 Loss: 1.576684
2026-08-16 08:30: Train Epoch 45: 220/1642 Loss: 1.803149
2026-08-16 08:30: Train Epoch 45: 240/1642 Loss: 1.569450
2026-08-16 08:30: Train Epoch 45: 260/1642 Loss: 1.565077
2026-08-16 08:30: Train Epoch 45: 280/1642 Loss: 1.682279
2026-08-16 08:30: Train Epoch 45: 300/1642 Loss: 1.651540
2026-08-16 08:30: Train Epoch 45: 320/1642 Loss: 1.578338
2026-08-16 08:30: Train Epoch 45: 340/1642 Loss: 1.712983
2026-08-16 08:30: Train Epoch 45: 360/1642 Loss: 1.774257
2026-08-16 08:30: Train Epoch 45: 380/1642 Loss: 1.614599
2026-08-16 08:30: Train Epoch 45: 400/1642 Loss: 1.637221
2026-08-16 08:30: Train Epoch 45: 420/1642 Loss: 1.670033
2026-08-16 08:30: Train Epoch 45: 440/1642 Loss: 1.771118
2026-08-16 08:30: Train Epoch 45: 460/1642 Loss: 1.554159
2026-08-16 08:30: Train Epoch 45: 480/1642 Loss: 1.632938
2026-08-16 08:30: Train Epoch 45: 500/1642 Loss: 1.662991
2026-08-16 08:30: Train Epoch 45: 520/1642 Loss: 1.493519
2026-08-16 08:30: Train Epoch 45: 540/1642 Loss: 1.702385
2026-08-16 08:30: Train Epoch 45: 560/1642 Loss: 1.728870
2026-08-16 08:30: Train Epoch 45: 580/1642 Loss: 1.603660
2026-08-16 08:30: Train Epoch 45: 600/1642 Loss: 1.616484
2026-08-16 08:30: Train Epoch 45: 620/1642 Loss: 1.619210
2026-08-16 08:30: Train Epoch 45: 640/1642 Loss: 1.632596
2026-08-16 08:30: Train Epoch 45: 660/1642 Loss: 1.717025
2026-08-16 08:30: Train Epoch 45: 680/1642 Loss: 1.727294
2026-08-16 08:30: Train Epoch 45: 700/1642 Loss: 1.605550
2026-08-16 08:30: Train Epoch 45: 720/1642 Loss: 1.552517
2026-08-16 08:30: Train Epoch 45: 740/1642 Loss: 1.796953
2026-08-16 08:30: Train Epoch 45: 760/1642 Loss: 1.635481
2026-08-16 08:30: Train Epoch 45: 780/1642 Loss: 1.582005
2026-08-16 08:30: Train Epoch 45: 800/1642 Loss: 1.855615
2026-08-16 08:30: Train Epoch 45: 820/1642 Loss: 1.736711
2026-08-16 08:30: Train Epoch 45: 840/1642 Loss: 1.591398
2026-08-16 08:30: Train Epoch 45: 860/1642 Loss: 1.758862
2026-08-16 08:30: Train Epoch 45: 880/1642 Loss: 1.635240
2026-08-16 08:30: Train Epoch 45: 900/1642 Loss: 1.691216
2026-08-16 08:30: Train Epoch 45: 920/1642 Loss: 1.779382
2026-08-16 08:30: Train Epoch 45: 940/1642 Loss: 1.601835
2026-08-16 08:30: Train Epoch 45: 960/1642 Loss: 1.748575
2026-08-16 08:30: Train Epoch 45: 980/1642 Loss: 1.599212
2026-08-16 08:30: Train Epoch 45: 1000/1642 Loss: 1.723484
2026-08-16 08:30: Train Epoch 45: 1020/1642 Loss: 1.681035
2026-08-16 08:30: Train Epoch 45: 1040/1642 Loss: 1.554917
2026-08-16 08:30: Train Epoch 45: 1060/1642 Loss: 1.700248
2026-08-16 08:30: Train Epoch 45: 1080/1642 Loss: 1.711843
2026-08-16 08:30: Train Epoch 45: 1100/1642 Loss: 1.730803
2026-08-16 08:30: Train Epoch 45: 1120/1642 Loss: 1.696018
2026-08-16 08:30: Train Epoch 45: 1140/1642 Loss: 1.641480
2026-08-16 08:30: Train Epoch 45: 1160/1642 Loss: 1.772137
2026-08-16 08:30: Train Epoch 45: 1180/1642 Loss: 1.717341
2026-08-16 08:30: Train Epoch 45: 1200/1642 Loss: 1.616566
2026-08-16 08:30: Train Epoch 45: 1220/1642 Loss: 1.796433
2026-08-16 08:30: Train Epoch 45: 1240/1642 Loss: 1.748859
2026-08-16 08:30: Train Epoch 45: 1260/1642 Loss: 1.501808
2026-08-16 08:30: Train Epoch 45: 1280/1642 Loss: 1.660371
2026-08-16 08:30: Train Epoch 45: 1300/1642 Loss: 1.644254
2026-08-16 08:30: Train Epoch 45: 1320/1642 Loss: 1.691489
2026-08-16 08:30: Train Epoch 45: 1340/1642 Loss: 1.635283
2026-08-16 08:30: Train Epoch 45: 1360/1642 Loss: 1.642642
2026-08-16 08:30: Train Epoch 45: 1380/1642 Loss: 1.553774
2026-08-16 08:30: Train Epoch 45: 1400/1642 Loss: 1.717098
2026-08-16 08:30: Train Epoch 45: 1420/1642 Loss: 1.625880
2026-08-16 08:30: Train Epoch 45: 1440/1642 Loss: 1.607897
2026-08-16 08:30: Train Epoch 45: 1460/1642 Loss: 1.720302
2026-08-16 08:30: Train Epoch 45: 1480/1642 Loss: 1.583601
2026-08-16 08:30: Train Epoch 45: 1500/1642 Loss: 1.716218
2026-08-16 08:30: Train Epoch 45: 1520/1642 Loss: 1.761978
2026-08-16 08:30: Train Epoch 45: 1540/1642 Loss: 1.698959
2026-08-16 08:30: Train Epoch 45: 1560/1642 Loss: 1.705268
2026-08-16 08:30: Train Epoch 45: 1580/1642 Loss: 1.692967
2026-08-16 08:30: Train Epoch 45: 1600/1642 Loss: 1.721603
2026-08-16 08:30: Train Epoch 45: 1620/1642 Loss: 1.681546
2026-08-16 08:30: Train Epoch 45: 1640/1642 Loss: 1.680386
2026-08-16 08:30: **********Train Epoch 45: averaged Loss: 1.678202, tf_ratio: 1.000000
2026-08-16 08:30: **********Val Epoch 45: average Loss: 1.832603
2026-08-16 08:30: Train Epoch 46: 0/1642 Loss: 1.591057
2026-08-16 08:30: Train Epoch 46: 20/1642 Loss: 1.696538
2026-08-16 08:30: Train Epoch 46: 40/1642 Loss: 1.638355
2026-08-16 08:30: Train Epoch 46: 60/1642 Loss: 1.684654
2026-08-16 08:30: Train Epoch 46: 80/1642 Loss: 1.662610
2026-08-16 08:31: Train Epoch 46: 100/1642 Loss: 1.702390
2026-08-16 08:31: Train Epoch 46: 120/1642 Loss: 1.621046
2026-08-16 08:31: Train Epoch 46: 140/1642 Loss: 1.693642
2026-08-16 08:31: Train Epoch 46: 160/1642 Loss: 1.697285
2026-08-16 08:31: Train Epoch 46: 180/1642 Loss: 1.697104
2026-08-16 08:31: Train Epoch 46: 200/1642 Loss: 1.595215
2026-08-16 08:31: Train Epoch 46: 220/1642 Loss: 1.628361
2026-08-16 08:31: Train Epoch 46: 240/1642 Loss: 1.551543
2026-08-16 08:31: Train Epoch 46: 260/1642 Loss: 1.624040
2026-08-16 08:31: Train Epoch 46: 280/1642 Loss: 1.765844
2026-08-16 08:31: Train Epoch 46: 300/1642 Loss: 1.603481
2026-08-16 08:31: Train Epoch 46: 320/1642 Loss: 1.603451
2026-08-16 08:31: Train Epoch 46: 340/1642 Loss: 1.749456
2026-08-16 08:31: Train Epoch 46: 360/1642 Loss: 1.536531
2026-08-16 08:31: Train Epoch 46: 380/1642 Loss: 1.630065
2026-08-16 08:31: Train Epoch 46: 400/1642 Loss: 1.696385
2026-08-16 08:31: Train Epoch 46: 420/1642 Loss: 1.716241
2026-08-16 08:31: Train Epoch 46: 440/1642 Loss: 1.741045
2026-08-16 08:31: Train Epoch 46: 460/1642 Loss: 1.663688
2026-08-16 08:31: Train Epoch 46: 480/1642 Loss: 1.733604
2026-08-16 08:31: Train Epoch 46: 500/1642 Loss: 1.707677
2026-08-16 08:31: Train Epoch 46: 520/1642 Loss: 1.682394
2026-08-16 08:31: Train Epoch 46: 540/1642 Loss: 1.658412
2026-08-16 08:31: Train Epoch 46: 560/1642 Loss: 1.542815
2026-08-16 08:31: Train Epoch 46: 580/1642 Loss: 1.680394
2026-08-16 08:31: Train Epoch 46: 600/1642 Loss: 1.671680
2026-08-16 08:31: Train Epoch 46: 620/1642 Loss: 1.577200
2026-08-16 08:31: Train Epoch 46: 640/1642 Loss: 1.683381
2026-08-16 08:31: Train Epoch 46: 660/1642 Loss: 1.648601
2026-08-16 08:31: Train Epoch 46: 680/1642 Loss: 1.660121
2026-08-16 08:31: Train Epoch 46: 700/1642 Loss: 1.588258
2026-08-16 08:31: Train Epoch 46: 720/1642 Loss: 1.738629
2026-08-16 08:31: Train Epoch 46: 740/1642 Loss: 1.587412
2026-08-16 08:31: Train Epoch 46: 760/1642 Loss: 1.665549
2026-08-16 08:31: Train Epoch 46: 780/1642 Loss: 1.620533
2026-08-16 08:31: Train Epoch 46: 800/1642 Loss: 1.736888
2026-08-16 08:31: Train Epoch 46: 820/1642 Loss: 1.640139
2026-08-16 08:31: Train Epoch 46: 840/1642 Loss: 1.522810
2026-08-16 08:31: Train Epoch 46: 860/1642 Loss: 1.729141
2026-08-16 08:31: Train Epoch 46: 880/1642 Loss: 1.708742
2026-08-16 08:31: Train Epoch 46: 900/1642 Loss: 1.697252
2026-08-16 08:31: Train Epoch 46: 920/1642 Loss: 1.668852
2026-08-16 08:31: Train Epoch 46: 940/1642 Loss: 1.619122
2026-08-16 08:31: Train Epoch 46: 960/1642 Loss: 1.816253
2026-08-16 08:31: Train Epoch 46: 980/1642 Loss: 1.700030
2026-08-16 08:31: Train Epoch 46: 1000/1642 Loss: 1.635123
2026-08-16 08:31: Train Epoch 46: 1020/1642 Loss: 1.738958
2026-08-16 08:31: Train Epoch 46: 1040/1642 Loss: 1.721549
2026-08-16 08:31: Train Epoch 46: 1060/1642 Loss: 1.771401
2026-08-16 08:31: Train Epoch 46: 1080/1642 Loss: 1.610523
2026-08-16 08:31: Train Epoch 46: 1100/1642 Loss: 1.660942
2026-08-16 08:31: Train Epoch 46: 1120/1642 Loss: 1.569312
2026-08-16 08:31: Train Epoch 46: 1140/1642 Loss: 1.614450
2026-08-16 08:31: Train Epoch 46: 1160/1642 Loss: 1.646799
2026-08-16 08:31: Train Epoch 46: 1180/1642 Loss: 1.696132
2026-08-16 08:31: Train Epoch 46: 1200/1642 Loss: 1.543532
2026-08-16 08:31: Train Epoch 46: 1220/1642 Loss: 1.851733
2026-08-16 08:31: Train Epoch 46: 1240/1642 Loss: 1.620983
2026-08-16 08:31: Train Epoch 46: 1260/1642 Loss: 1.653257
2026-08-16 08:31: Train Epoch 46: 1280/1642 Loss: 1.762011
2026-08-16 08:31: Train Epoch 46: 1300/1642 Loss: 1.581399
2026-08-16 08:31: Train Epoch 46: 1320/1642 Loss: 1.671057
2026-08-16 08:31: Train Epoch 46: 1340/1642 Loss: 1.638336
2026-08-16 08:31: Train Epoch 46: 1360/1642 Loss: 1.743608
2026-08-16 08:31: Train Epoch 46: 1380/1642 Loss: 1.585052
2026-08-16 08:31: Train Epoch 46: 1400/1642 Loss: 1.632244
2026-08-16 08:31: Train Epoch 46: 1420/1642 Loss: 1.615704
2026-08-16 08:31: Train Epoch 46: 1440/1642 Loss: 1.732820
2026-08-16 08:31: Train Epoch 46: 1460/1642 Loss: 1.685336
2026-08-16 08:31: Train Epoch 46: 1480/1642 Loss: 1.713886
2026-08-16 08:31: Train Epoch 46: 1500/1642 Loss: 1.680883
2026-08-16 08:31: Train Epoch 46: 1520/1642 Loss: 1.653510
2026-08-16 08:31: Train Epoch 46: 1540/1642 Loss: 1.574270
2026-08-16 08:31: Train Epoch 46: 1560/1642 Loss: 1.644898
2026-08-16 08:31: Train Epoch 46: 1580/1642 Loss: 1.637043
2026-08-16 08:31: Train Epoch 46: 1600/1642 Loss: 1.617017
2026-08-16 08:31: Train Epoch 46: 1620/1642 Loss: 1.736985
2026-08-16 08:31: Train Epoch 46: 1640/1642 Loss: 1.733207
2026-08-16 08:31: **********Train Epoch 46: averaged Loss: 1.674305, tf_ratio: 1.000000
2026-08-16 08:32: **********Val Epoch 46: average Loss: 1.822285
2026-08-16 08:32: Train Epoch 47: 0/1642 Loss: 1.684747
2026-08-16 08:32: Train Epoch 47: 20/1642 Loss: 1.634633
2026-08-16 08:32: Train Epoch 47: 40/1642 Loss: 1.594722
2026-08-16 08:32: Train Epoch 47: 60/1642 Loss: 1.578894
2026-08-16 08:32: Train Epoch 47: 80/1642 Loss: 1.714886
2026-08-16 08:32: Train Epoch 47: 100/1642 Loss: 1.797470
2026-08-16 08:32: Train Epoch 47: 120/1642 Loss: 1.643784
2026-08-16 08:32: Train Epoch 47: 140/1642 Loss: 1.592259
2026-08-16 08:32: Train Epoch 47: 160/1642 Loss: 1.593075
2026-08-16 08:32: Train Epoch 47: 180/1642 Loss: 1.717474
2026-08-16 08:32: Train Epoch 47: 200/1642 Loss: 1.685263
2026-08-16 08:32: Train Epoch 47: 220/1642 Loss: 1.508575
2026-08-16 08:32: Train Epoch 47: 240/1642 Loss: 1.587925
2026-08-16 08:32: Train Epoch 47: 260/1642 Loss: 1.655206
2026-08-16 08:32: Train Epoch 47: 280/1642 Loss: 1.653814
2026-08-16 08:32: Train Epoch 47: 300/1642 Loss: 1.720171
2026-08-16 08:32: Train Epoch 47: 320/1642 Loss: 1.696226
2026-08-16 08:32: Train Epoch 47: 340/1642 Loss: 1.589909
2026-08-16 08:32: Train Epoch 47: 360/1642 Loss: 1.590883
2026-08-16 08:32: Train Epoch 47: 380/1642 Loss: 1.588131
2026-08-16 08:32: Train Epoch 47: 400/1642 Loss: 1.748234
2026-08-16 08:32: Train Epoch 47: 420/1642 Loss: 1.691712
2026-08-16 08:32: Train Epoch 47: 440/1642 Loss: 1.657343
2026-08-16 08:32: Train Epoch 47: 460/1642 Loss: 1.659987
2026-08-16 08:32: Train Epoch 47: 480/1642 Loss: 1.563971
2026-08-16 08:32: Train Epoch 47: 500/1642 Loss: 1.618544
2026-08-16 08:32: Train Epoch 47: 520/1642 Loss: 1.867994
2026-08-16 08:32: Train Epoch 47: 540/1642 Loss: 1.770966
2026-08-16 08:32: Train Epoch 47: 560/1642 Loss: 1.576493
2026-08-16 08:32: Train Epoch 47: 580/1642 Loss: 1.650556
2026-08-16 08:32: Train Epoch 47: 600/1642 Loss: 1.722402
2026-08-16 08:32: Train Epoch 47: 620/1642 Loss: 1.681246
2026-08-16 08:32: Train Epoch 47: 640/1642 Loss: 1.567354
2026-08-16 08:32: Train Epoch 47: 660/1642 Loss: 1.598418
2026-08-16 08:32: Train Epoch 47: 680/1642 Loss: 1.732025
2026-08-16 08:32: Train Epoch 47: 700/1642 Loss: 1.724004
2026-08-16 08:32: Train Epoch 47: 720/1642 Loss: 1.706295
2026-08-16 08:32: Train Epoch 47: 740/1642 Loss: 1.621122
2026-08-16 08:32: Train Epoch 47: 760/1642 Loss: 1.608212
2026-08-16 08:32: Train Epoch 47: 780/1642 Loss: 1.741920
2026-08-16 08:32: Train Epoch 47: 800/1642 Loss: 1.606267
2026-08-16 08:32: Train Epoch 47: 820/1642 Loss: 1.687268
2026-08-16 08:32: Train Epoch 47: 840/1642 Loss: 1.713660
2026-08-16 08:32: Train Epoch 47: 860/1642 Loss: 1.558446
2026-08-16 08:32: Train Epoch 47: 880/1642 Loss: 1.644704
2026-08-16 08:32: Train Epoch 47: 900/1642 Loss: 1.785466
2026-08-16 08:32: Train Epoch 47: 920/1642 Loss: 1.806072
2026-08-16 08:32: Train Epoch 47: 940/1642 Loss: 1.746682
2026-08-16 08:32: Train Epoch 47: 960/1642 Loss: 1.750628
2026-08-16 08:32: Train Epoch 47: 980/1642 Loss: 1.857112
2026-08-16 08:32: Train Epoch 47: 1000/1642 Loss: 1.658085
2026-08-16 08:32: Train Epoch 47: 1020/1642 Loss: 1.675936
2026-08-16 08:32: Train Epoch 47: 1040/1642 Loss: 1.633430
2026-08-16 08:32: Train Epoch 47: 1060/1642 Loss: 1.595364
2026-08-16 08:32: Train Epoch 47: 1080/1642 Loss: 1.614038
2026-08-16 08:32: Train Epoch 47: 1100/1642 Loss: 1.665968
2026-08-16 08:32: Train Epoch 47: 1120/1642 Loss: 1.586555
2026-08-16 08:32: Train Epoch 47: 1140/1642 Loss: 1.789337
2026-08-16 08:32: Train Epoch 47: 1160/1642 Loss: 1.658614
2026-08-16 08:32: Train Epoch 47: 1180/1642 Loss: 1.583661
2026-08-16 08:32: Train Epoch 47: 1200/1642 Loss: 1.583424
2026-08-16 08:32: Train Epoch 47: 1220/1642 Loss: 1.644563
2026-08-16 08:32: Train Epoch 47: 1240/1642 Loss: 1.666331
2026-08-16 08:32: Train Epoch 47: 1260/1642 Loss: 1.636376
2026-08-16 08:32: Train Epoch 47: 1280/1642 Loss: 1.627368
2026-08-16 08:32: Train Epoch 47: 1300/1642 Loss: 1.494100
2026-08-16 08:32: Train Epoch 47: 1320/1642 Loss: 1.546476
2026-08-16 08:32: Train Epoch 47: 1340/1642 Loss: 1.595571
2026-08-16 08:32: Train Epoch 47: 1360/1642 Loss: 1.703448
2026-08-16 08:32: Train Epoch 47: 1380/1642 Loss: 1.612953
2026-08-16 08:32: Train Epoch 47: 1400/1642 Loss: 1.719705
2026-08-16 08:32: Train Epoch 47: 1420/1642 Loss: 1.682692
2026-08-16 08:32: Train Epoch 47: 1440/1642 Loss: 1.608446
2026-08-16 08:32: Train Epoch 47: 1460/1642 Loss: 1.588492
2026-08-16 08:32: Train Epoch 47: 1480/1642 Loss: 1.679589
2026-08-16 08:32: Train Epoch 47: 1500/1642 Loss: 1.622180
2026-08-16 08:32: Train Epoch 47: 1520/1642 Loss: 1.706419
2026-08-16 08:32: Train Epoch 47: 1540/1642 Loss: 1.625083
2026-08-16 08:32: Train Epoch 47: 1560/1642 Loss: 1.736535
2026-08-16 08:32: Train Epoch 47: 1580/1642 Loss: 1.551151
2026-08-16 08:32: Train Epoch 47: 1600/1642 Loss: 1.636015
2026-08-16 08:33: Train Epoch 47: 1620/1642 Loss: 1.629945
2026-08-16 08:33: Train Epoch 47: 1640/1642 Loss: 1.740103
2026-08-16 08:33: **********Train Epoch 47: averaged Loss: 1.672326, tf_ratio: 1.000000
2026-08-16 08:33: **********Val Epoch 47: average Loss: 1.825562
2026-08-16 08:33: Train Epoch 48: 0/1642 Loss: 1.636031
2026-08-16 08:33: Train Epoch 48: 20/1642 Loss: 1.584679
2026-08-16 08:33: Train Epoch 48: 40/1642 Loss: 1.708077
2026-08-16 08:33: Train Epoch 48: 60/1642 Loss: 1.717187
2026-08-16 08:33: Train Epoch 48: 80/1642 Loss: 1.598644
2026-08-16 08:33: Train Epoch 48: 100/1642 Loss: 1.666545
2026-08-16 08:33: Train Epoch 48: 120/1642 Loss: 1.656684
2026-08-16 08:33: Train Epoch 48: 140/1642 Loss: 1.555471
2026-08-16 08:33: Train Epoch 48: 160/1642 Loss: 1.594911
2026-08-16 08:33: Train Epoch 48: 180/1642 Loss: 1.625655
2026-08-16 08:33: Train Epoch 48: 200/1642 Loss: 1.734932
2026-08-16 08:33: Train Epoch 48: 220/1642 Loss: 1.597553
2026-08-16 08:33: Train Epoch 48: 240/1642 Loss: 1.715968
2026-08-16 08:33: Train Epoch 48: 260/1642 Loss: 1.607660
2026-08-16 08:33: Train Epoch 48: 280/1642 Loss: 1.580449
2026-08-16 08:33: Train Epoch 48: 300/1642 Loss: 1.657020
2026-08-16 08:33: Train Epoch 48: 320/1642 Loss: 1.632931
2026-08-16 08:33: Train Epoch 48: 340/1642 Loss: 1.725197
2026-08-16 08:33: Train Epoch 48: 360/1642 Loss: 1.693830
2026-08-16 08:33: Train Epoch 48: 380/1642 Loss: 1.676643
2026-08-16 08:33: Train Epoch 48: 400/1642 Loss: 1.668739
2026-08-16 08:33: Train Epoch 48: 420/1642 Loss: 1.647695
2026-08-16 08:33: Train Epoch 48: 440/1642 Loss: 1.654820
2026-08-16 08:33: Train Epoch 48: 460/1642 Loss: 1.679607
2026-08-16 08:33: Train Epoch 48: 480/1642 Loss: 1.694814
2026-08-16 08:33: Train Epoch 48: 500/1642 Loss: 1.665348
2026-08-16 08:33: Train Epoch 48: 520/1642 Loss: 1.634328
2026-08-16 08:33: Train Epoch 48: 540/1642 Loss: 1.716713
2026-08-16 08:33: Train Epoch 48: 560/1642 Loss: 1.654329
2026-08-16 08:33: Train Epoch 48: 580/1642 Loss: 1.738776
2026-08-16 08:33: Train Epoch 48: 600/1642 Loss: 1.668162
2026-08-16 08:33: Train Epoch 48: 620/1642 Loss: 1.601253
2026-08-16 08:33: Train Epoch 48: 640/1642 Loss: 1.700838
2026-08-16 08:33: Train Epoch 48: 660/1642 Loss: 1.711683
2026-08-16 08:33: Train Epoch 48: 680/1642 Loss: 1.789546
2026-08-16 08:33: Train Epoch 48: 700/1642 Loss: 1.653942
2026-08-16 08:33: Train Epoch 48: 720/1642 Loss: 1.566435
2026-08-16 08:33: Train Epoch 48: 740/1642 Loss: 1.748858
2026-08-16 08:33: Train Epoch 48: 760/1642 Loss: 1.670210
2026-08-16 08:33: Train Epoch 48: 780/1642 Loss: 1.693156
2026-08-16 08:33: Train Epoch 48: 800/1642 Loss: 1.649796
2026-08-16 08:33: Train Epoch 48: 820/1642 Loss: 1.586745
2026-08-16 08:33: Train Epoch 48: 840/1642 Loss: 1.739524
2026-08-16 08:33: Train Epoch 48: 860/1642 Loss: 1.618699
2026-08-16 08:33: Train Epoch 48: 880/1642 Loss: 1.810656
2026-08-16 08:33: Train Epoch 48: 900/1642 Loss: 1.590746
2026-08-16 08:33: Train Epoch 48: 920/1642 Loss: 1.771935
2026-08-16 08:33: Train Epoch 48: 940/1642 Loss: 1.586806
2026-08-16 08:33: Train Epoch 48: 960/1642 Loss: 1.575073
2026-08-16 08:33: Train Epoch 48: 980/1642 Loss: 1.702271
2026-08-16 08:33: Train Epoch 48: 1000/1642 Loss: 1.636396
2026-08-16 08:33: Train Epoch 48: 1020/1642 Loss: 1.672705
2026-08-16 08:33: Train Epoch 48: 1040/1642 Loss: 1.705278
2026-08-16 08:33: Train Epoch 48: 1060/1642 Loss: 1.755592
2026-08-16 08:33: Train Epoch 48: 1080/1642 Loss: 1.628409
2026-08-16 08:33: Train Epoch 48: 1100/1642 Loss: 1.570508
2026-08-16 08:33: Train Epoch 48: 1120/1642 Loss: 1.673274
2026-08-16 08:33: Train Epoch 48: 1140/1642 Loss: 1.680142
2026-08-16 08:33: Train Epoch 48: 1160/1642 Loss: 1.697741
2026-08-16 08:33: Train Epoch 48: 1180/1642 Loss: 1.674976
2026-08-16 08:33: Train Epoch 48: 1200/1642 Loss: 1.578128
2026-08-16 08:33: Train Epoch 48: 1220/1642 Loss: 1.758646
2026-08-16 08:33: Train Epoch 48: 1240/1642 Loss: 1.591621
2026-08-16 08:33: Train Epoch 48: 1260/1642 Loss: 1.725664
2026-08-16 08:33: Train Epoch 48: 1280/1642 Loss: 1.718405
2026-08-16 08:33: Train Epoch 48: 1300/1642 Loss: 1.727147
2026-08-16 08:33: Train Epoch 48: 1320/1642 Loss: 1.545397
2026-08-16 08:33: Train Epoch 48: 1340/1642 Loss: 1.675431
2026-08-16 08:33: Train Epoch 48: 1360/1642 Loss: 1.706093
2026-08-16 08:33: Train Epoch 48: 1380/1642 Loss: 1.652629
2026-08-16 08:33: Train Epoch 48: 1400/1642 Loss: 1.621549
2026-08-16 08:33: Train Epoch 48: 1420/1642 Loss: 1.624858
2026-08-16 08:33: Train Epoch 48: 1440/1642 Loss: 1.676105
2026-08-16 08:33: Train Epoch 48: 1460/1642 Loss: 1.599134
2026-08-16 08:34: Train Epoch 48: 1480/1642 Loss: 1.775830
2026-08-16 08:34: Train Epoch 48: 1500/1642 Loss: 1.746397
2026-08-16 08:34: Train Epoch 48: 1520/1642 Loss: 1.586990
2026-08-16 08:34: Train Epoch 48: 1540/1642 Loss: 1.751802
2026-08-16 08:34: Train Epoch 48: 1560/1642 Loss: 1.637270
2026-08-16 08:34: Train Epoch 48: 1580/1642 Loss: 1.766287
2026-08-16 08:34: Train Epoch 48: 1600/1642 Loss: 1.708779
2026-08-16 08:34: Train Epoch 48: 1620/1642 Loss: 1.756281
2026-08-16 08:34: Train Epoch 48: 1640/1642 Loss: 1.757871
2026-08-16 08:34: **********Train Epoch 48: averaged Loss: 1.671447, tf_ratio: 1.000000
2026-08-16 08:34: **********Val Epoch 48: average Loss: 1.818710
2026-08-16 08:34: Train Epoch 49: 0/1642 Loss: 1.760077
2026-08-16 08:34: Train Epoch 49: 20/1642 Loss: 1.647320
2026-08-16 08:34: Train Epoch 49: 40/1642 Loss: 1.746283
2026-08-16 08:34: Train Epoch 49: 60/1642 Loss: 1.735309
2026-08-16 08:34: Train Epoch 49: 80/1642 Loss: 1.641089
2026-08-16 08:34: Train Epoch 49: 100/1642 Loss: 1.715147
2026-08-16 08:34: Train Epoch 49: 120/1642 Loss: 1.579234
2026-08-16 08:34: Train Epoch 49: 140/1642 Loss: 1.601084
2026-08-16 08:34: Train Epoch 49: 160/1642 Loss: 1.666930
2026-08-16 08:34: Train Epoch 49: 180/1642 Loss: 1.637911
2026-08-16 08:34: Train Epoch 49: 200/1642 Loss: 1.651682
2026-08-16 08:34: Train Epoch 49: 220/1642 Loss: 1.768037
2026-08-16 08:34: Train Epoch 49: 240/1642 Loss: 1.705045
2026-08-16 08:34: Train Epoch 49: 260/1642 Loss: 1.574808
2026-08-16 08:34: Train Epoch 49: 280/1642 Loss: 1.632182
2026-08-16 08:34: Train Epoch 49: 300/1642 Loss: 1.619088
2026-08-16 08:34: Train Epoch 49: 320/1642 Loss: 1.563239
2026-08-16 08:34: Train Epoch 49: 340/1642 Loss: 1.732908
2026-08-16 08:34: Train Epoch 49: 360/1642 Loss: 1.702277
2026-08-16 08:34: Train Epoch 49: 380/1642 Loss: 1.716840
2026-08-16 08:34: Train Epoch 49: 400/1642 Loss: 1.647347
2026-08-16 08:34: Train Epoch 49: 420/1642 Loss: 1.672878
2026-08-16 08:34: Train Epoch 49: 440/1642 Loss: 1.622918
2026-08-16 08:34: Train Epoch 49: 460/1642 Loss: 1.541853
2026-08-16 08:34: Train Epoch 49: 480/1642 Loss: 1.678884
2026-08-16 08:34: Train Epoch 49: 500/1642 Loss: 1.737139
2026-08-16 08:34: Train Epoch 49: 520/1642 Loss: 1.628663
2026-08-16 08:34: Train Epoch 49: 540/1642 Loss: 1.692158
2026-08-16 08:34: Train Epoch 49: 560/1642 Loss: 1.694520
2026-08-16 08:34: Train Epoch 49: 580/1642 Loss: 1.679909
2026-08-16 08:34: Train Epoch 49: 600/1642 Loss: 1.666723
2026-08-16 08:34: Train Epoch 49: 620/1642 Loss: 1.695361
2026-08-16 08:34: Train Epoch 49: 640/1642 Loss: 1.637792
2026-08-16 08:34: Train Epoch 49: 660/1642 Loss: 1.747218
2026-08-16 08:34: Train Epoch 49: 680/1642 Loss: 1.720454
2026-08-16 08:34: Train Epoch 49: 700/1642 Loss: 1.544871
2026-08-16 08:34: Train Epoch 49: 720/1642 Loss: 1.706802
2026-08-16 08:34: Train Epoch 49: 740/1642 Loss: 1.639845
2026-08-16 08:34: Train Epoch 49: 760/1642 Loss: 1.605136
2026-08-16 08:34: Train Epoch 49: 780/1642 Loss: 1.702039
2026-08-16 08:34: Train Epoch 49: 800/1642 Loss: 1.643207
2026-08-16 08:34: Train Epoch 49: 820/1642 Loss: 1.807760
2026-08-16 08:34: Train Epoch 49: 840/1642 Loss: 1.701824
2026-08-16 08:34: Train Epoch 49: 860/1642 Loss: 1.617484
2026-08-16 08:34: Train Epoch 49: 880/1642 Loss: 1.707705
2026-08-16 08:34: Train Epoch 49: 900/1642 Loss: 1.671842
2026-08-16 08:34: Train Epoch 49: 920/1642 Loss: 1.633608
2026-08-16 08:34: Train Epoch 49: 940/1642 Loss: 1.640363
2026-08-16 08:34: Train Epoch 49: 960/1642 Loss: 1.806504
2026-08-16 08:34: Train Epoch 49: 980/1642 Loss: 1.700041
2026-08-16 08:34: Train Epoch 49: 1000/1642 Loss: 1.702128
2026-08-16 08:34: Train Epoch 49: 1020/1642 Loss: 1.643948
2026-08-16 08:34: Train Epoch 49: 1040/1642 Loss: 1.596025
2026-08-16 08:34: Train Epoch 49: 1060/1642 Loss: 1.649007
2026-08-16 08:34: Train Epoch 49: 1080/1642 Loss: 1.643550
2026-08-16 08:34: Train Epoch 49: 1100/1642 Loss: 1.755470
2026-08-16 08:34: Train Epoch 49: 1120/1642 Loss: 1.752848
2026-08-16 08:34: Train Epoch 49: 1140/1642 Loss: 1.648023
2026-08-16 08:34: Train Epoch 49: 1160/1642 Loss: 1.684161
2026-08-16 08:34: Train Epoch 49: 1180/1642 Loss: 1.694723
2026-08-16 08:34: Train Epoch 49: 1200/1642 Loss: 1.786015
2026-08-16 08:34: Train Epoch 49: 1220/1642 Loss: 1.689402
2026-08-16 08:34: Train Epoch 49: 1240/1642 Loss: 1.644725
2026-08-16 08:34: Train Epoch 49: 1260/1642 Loss: 1.615733
2026-08-16 08:34: Train Epoch 49: 1280/1642 Loss: 1.601387
2026-08-16 08:34: Train Epoch 49: 1300/1642 Loss: 1.736971
2026-08-16 08:34: Train Epoch 49: 1320/1642 Loss: 1.691187
2026-08-16 08:35: Train Epoch 49: 1340/1642 Loss: 1.701428
2026-08-16 08:35: Train Epoch 49: 1360/1642 Loss: 1.722026
2026-08-16 08:35: Train Epoch 49: 1380/1642 Loss: 1.698116
2026-08-16 08:35: Train Epoch 49: 1400/1642 Loss: 1.573820
2026-08-16 08:35: Train Epoch 49: 1420/1642 Loss: 1.636884
2026-08-16 08:35: Train Epoch 49: 1440/1642 Loss: 1.545614
2026-08-16 08:35: Train Epoch 49: 1460/1642 Loss: 1.707986
2026-08-16 08:35: Train Epoch 49: 1480/1642 Loss: 1.630416
2026-08-16 08:35: Train Epoch 49: 1500/1642 Loss: 1.704105
2026-08-16 08:35: Train Epoch 49: 1520/1642 Loss: 1.605118
2026-08-16 08:35: Train Epoch 49: 1540/1642 Loss: 1.673172
2026-08-16 08:35: Train Epoch 49: 1560/1642 Loss: 1.626360
2026-08-16 08:35: Train Epoch 49: 1580/1642 Loss: 1.649598
2026-08-16 08:35: Train Epoch 49: 1600/1642 Loss: 1.609121
2026-08-16 08:35: Train Epoch 49: 1620/1642 Loss: 1.737760
2026-08-16 08:35: Train Epoch 49: 1640/1642 Loss: 1.541322
2026-08-16 08:35: **********Train Epoch 49: averaged Loss: 1.666646, tf_ratio: 1.000000
2026-08-16 08:35: **********Val Epoch 49: average Loss: 1.830422
2026-08-16 08:35: Train Epoch 50: 0/1642 Loss: 1.695811
2026-08-16 08:35: Train Epoch 50: 20/1642 Loss: 1.608102
2026-08-16 08:35: Train Epoch 50: 40/1642 Loss: 1.629401
2026-08-16 08:35: Train Epoch 50: 60/1642 Loss: 1.665036
2026-08-16 08:35: Train Epoch 50: 80/1642 Loss: 1.669475
2026-08-16 08:35: Train Epoch 50: 100/1642 Loss: 1.673661
2026-08-16 08:35: Train Epoch 50: 120/1642 Loss: 1.771816
2026-08-16 08:35: Train Epoch 50: 140/1642 Loss: 1.645398
2026-08-16 08:35: Train Epoch 50: 160/1642 Loss: 1.601927
2026-08-16 08:35: Train Epoch 50: 180/1642 Loss: 1.731097
2026-08-16 08:35: Train Epoch 50: 200/1642 Loss: 1.629089
2026-08-16 08:35: Train Epoch 50: 220/1642 Loss: 1.748763
2026-08-16 08:35: Train Epoch 50: 240/1642 Loss: 1.727285
2026-08-16 08:35: Train Epoch 50: 260/1642 Loss: 1.771749
2026-08-16 08:35: Train Epoch 50: 280/1642 Loss: 1.798472
2026-08-16 08:35: Train Epoch 50: 300/1642 Loss: 1.651031
2026-08-16 08:35: Train Epoch 50: 320/1642 Loss: 1.649295
2026-08-16 08:35: Train Epoch 50: 340/1642 Loss: 1.705109
2026-08-16 08:35: Train Epoch 50: 360/1642 Loss: 1.712244
2026-08-16 08:35: Train Epoch 50: 380/1642 Loss: 1.721311
2026-08-16 08:35: Train Epoch 50: 400/1642 Loss: 1.555460
2026-08-16 08:35: Train Epoch 50: 420/1642 Loss: 1.598315
2026-08-16 08:35: Train Epoch 50: 440/1642 Loss: 1.554584
2026-08-16 08:35: Train Epoch 50: 460/1642 Loss: 1.666197
2026-08-16 08:35: Train Epoch 50: 480/1642 Loss: 1.591680
2026-08-16 08:35: Train Epoch 50: 500/1642 Loss: 1.564092
2026-08-16 08:35: Train Epoch 50: 520/1642 Loss: 1.614212
2026-08-16 08:35: Train Epoch 50: 540/1642 Loss: 1.538115
2026-08-16 08:35: Train Epoch 50: 560/1642 Loss: 1.766647
2026-08-16 08:35: Train Epoch 50: 580/1642 Loss: 1.641617
2026-08-16 08:35: Train Epoch 50: 600/1642 Loss: 1.667742
2026-08-16 08:35: Train Epoch 50: 620/1642 Loss: 1.783741
2026-08-16 08:35: Train Epoch 50: 640/1642 Loss: 1.656914
2026-08-16 08:35: Train Epoch 50: 660/1642 Loss: 1.819643
2026-08-16 08:35: Train Epoch 50: 680/1642 Loss: 1.533822
2026-08-16 08:35: Train Epoch 50: 700/1642 Loss: 1.724704
2026-08-16 08:35: Train Epoch 50: 720/1642 Loss: 1.601162
2026-08-16 08:35: Train Epoch 50: 740/1642 Loss: 1.632897
2026-08-16 08:35: Train Epoch 50: 760/1642 Loss: 1.631988
2026-08-16 08:35: Train Epoch 50: 780/1642 Loss: 1.746090
2026-08-16 08:35: Train Epoch 50: 800/1642 Loss: 1.733588
2026-08-16 08:35: Train Epoch 50: 820/1642 Loss: 1.648453
2026-08-16 08:35: Train Epoch 50: 840/1642 Loss: 1.601065
2026-08-16 08:35: Train Epoch 50: 860/1642 Loss: 1.656159
2026-08-16 08:35: Train Epoch 50: 880/1642 Loss: 1.557555
2026-08-16 08:35: Train Epoch 50: 900/1642 Loss: 1.776920
2026-08-16 08:35: Train Epoch 50: 920/1642 Loss: 1.614246
2026-08-16 08:35: Train Epoch 50: 940/1642 Loss: 1.713931
2026-08-16 08:35: Train Epoch 50: 960/1642 Loss: 1.673179
2026-08-16 08:35: Train Epoch 50: 980/1642 Loss: 1.563193
2026-08-16 08:35: Train Epoch 50: 1000/1642 Loss: 1.652415
2026-08-16 08:35: Train Epoch 50: 1020/1642 Loss: 1.662994
2026-08-16 08:35: Train Epoch 50: 1040/1642 Loss: 1.639423
2026-08-16 08:35: Train Epoch 50: 1060/1642 Loss: 1.656248
2026-08-16 08:35: Train Epoch 50: 1080/1642 Loss: 1.560769
2026-08-16 08:35: Train Epoch 50: 1100/1642 Loss: 1.665050
2026-08-16 08:35: Train Epoch 50: 1120/1642 Loss: 1.683254
2026-08-16 08:35: Train Epoch 50: 1140/1642 Loss: 1.562700
2026-08-16 08:35: Train Epoch 50: 1160/1642 Loss: 1.641477
2026-08-16 08:35: Train Epoch 50: 1180/1642 Loss: 1.713474
2026-08-16 08:35: Train Epoch 50: 1200/1642 Loss: 1.729522
2026-08-16 08:36: Train Epoch 50: 1220/1642 Loss: 1.679342
2026-08-16 08:36: Train Epoch 50: 1240/1642 Loss: 1.729226
2026-08-16 08:36: Train Epoch 50: 1260/1642 Loss: 1.712978
2026-08-16 08:36: Train Epoch 50: 1280/1642 Loss: 1.694304
2026-08-16 08:36: Train Epoch 50: 1300/1642 Loss: 1.598424
2026-08-16 08:36: Train Epoch 50: 1320/1642 Loss: 1.615349
2026-08-16 08:36: Train Epoch 50: 1340/1642 Loss: 1.587386
2026-08-16 08:36: Train Epoch 50: 1360/1642 Loss: 1.566890
2026-08-16 08:36: Train Epoch 50: 1380/1642 Loss: 1.708791
2026-08-16 08:36: Train Epoch 50: 1400/1642 Loss: 1.575644
2026-08-16 08:36: Train Epoch 50: 1420/1642 Loss: 1.611201
2026-08-16 08:36: Train Epoch 50: 1440/1642 Loss: 1.662798
2026-08-16 08:36: Train Epoch 50: 1460/1642 Loss: 1.601193
2026-08-16 08:36: Train Epoch 50: 1480/1642 Loss: 1.654364
2026-08-16 08:36: Train Epoch 50: 1500/1642 Loss: 1.649177
2026-08-16 08:36: Train Epoch 50: 1520/1642 Loss: 1.597747
2026-08-16 08:36: Train Epoch 50: 1540/1642 Loss: 1.611135
2026-08-16 08:36: Train Epoch 50: 1560/1642 Loss: 1.587890
2026-08-16 08:36: Train Epoch 50: 1580/1642 Loss: 1.573999
2026-08-16 08:36: Train Epoch 50: 1600/1642 Loss: 1.622412
2026-08-16 08:36: Train Epoch 50: 1620/1642 Loss: 1.736238
2026-08-16 08:36: Train Epoch 50: 1640/1642 Loss: 1.692549
2026-08-16 08:36: **********Train Epoch 50: averaged Loss: 1.665510, tf_ratio: 1.000000
2026-08-16 08:36: **********Val Epoch 50: average Loss: 1.848676
2026-08-16 08:36: Total training time: 54.0723min, best loss: 1.813605
2026-08-16 08:36: Saving current best model to /scratch/chkkar002/Diffusion_Based_STGNNs/AGCRN/model/experiments/SAWS/trial5_20260816074215/best_model.pth
2026-08-16 08:36: Horizon 01, MAE: 0.82, RMSE: 1.17, MAPE: 7.3510%
2026-08-16 08:36: Horizon 02, MAE: 1.12, RMSE: 1.59, MAPE: 9.8463%
2026-08-16 08:36: Horizon 03, MAE: 1.35, RMSE: 1.88, MAPE: 11.6476%
2026-08-16 08:36: Horizon 04, MAE: 1.52, RMSE: 2.07, MAPE: 12.9066%
2026-08-16 08:36: Horizon 05, MAE: 1.64, RMSE: 2.23, MAPE: 13.9393%
2026-08-16 08:36: Horizon 06, MAE: 1.74, RMSE: 2.34, MAPE: 14.6465%
2026-08-16 08:36: Horizon 07, MAE: 1.81, RMSE: 2.44, MAPE: 15.1342%
2026-08-16 08:36: Horizon 08, MAE: 1.87, RMSE: 2.52, MAPE: 15.6900%
2026-08-16 08:36: Horizon 09, MAE: 1.92, RMSE: 2.59, MAPE: 16.0905%
2026-08-16 08:36: Horizon 10, MAE: 1.96, RMSE: 2.65, MAPE: 16.5174%
2026-08-16 08:36: Horizon 11, MAE: 1.98, RMSE: 2.68, MAPE: 16.7598%
2026-08-16 08:36: Horizon 12, MAE: 1.99, RMSE: 2.69, MAPE: 16.8663%
2026-08-16 08:36: Horizon 13, MAE: 2.00, RMSE: 2.71, MAPE: 17.0474%
2026-08-16 08:36: Horizon 14, MAE: 2.02, RMSE: 2.73, MAPE: 17.3730%
2026-08-16 08:36: Horizon 15, MAE: 2.04, RMSE: 2.76, MAPE: 17.5986%
2026-08-16 08:36: Horizon 16, MAE: 2.06, RMSE: 2.79, MAPE: 17.8971%
2026-08-16 08:36: Horizon 17, MAE: 2.08, RMSE: 2.81, MAPE: 18.0245%
2026-08-16 08:36: Horizon 18, MAE: 2.10, RMSE: 2.84, MAPE: 18.0777%
2026-08-16 08:36: Horizon 19, MAE: 2.13, RMSE: 2.87, MAPE: 18.2467%
2026-08-16 08:36: Horizon 20, MAE: 2.15, RMSE: 2.90, MAPE: 18.4294%
2026-08-16 08:36: Horizon 21, MAE: 2.16, RMSE: 2.92, MAPE: 18.5817%
2026-08-16 08:36: Horizon 22, MAE: 2.18, RMSE: 2.95, MAPE: 18.8502%
2026-08-16 08:36: Horizon 23, MAE: 2.20, RMSE: 2.98, MAPE: 18.9028%
2026-08-16 08:36: Horizon 24, MAE: 2.23, RMSE: 3.02, MAPE: 19.1642%
2026-08-16 08:36: Average Horizon, MAE: 1.88, RMSE: 2.59, MAPE: 16.0662%
2026-08-16 08:36: Experiment log path in: /scratch/chkkar002/Diffusion_Based_STGNNs/AGCRN/model/experiments/SAWS/trial6_20260816083631
2026-08-16 08:36: Train Epoch 1: 0/820 Loss: 17.976805
2026-08-16 08:36: Train Epoch 1: 20/820 Loss: 16.494940
2026-08-16 08:36: Train Epoch 1: 40/820 Loss: 16.987394
2026-08-16 08:36: Train Epoch 1: 60/820 Loss: 16.239006
2026-08-16 08:36: Train Epoch 1: 80/820 Loss: 14.905117
2026-08-16 08:36: Train Epoch 1: 100/820 Loss: 14.372455
2026-08-16 08:36: Train Epoch 1: 120/820 Loss: 13.422745
2026-08-16 08:36: Train Epoch 1: 140/820 Loss: 14.013690
2026-08-16 08:36: Train Epoch 1: 160/820 Loss: 12.895240
2026-08-16 08:36: Train Epoch 1: 180/820 Loss: 11.582228
2026-08-16 08:37: Train Epoch 1: 200/820 Loss: 11.725897
2026-08-16 08:37: Train Epoch 1: 220/820 Loss: 10.265247
2026-08-16 08:37: Train Epoch 1: 240/820 Loss: 10.765640
2026-08-16 08:37: Train Epoch 1: 260/820 Loss: 9.418751
2026-08-16 08:37: Train Epoch 1: 280/820 Loss: 9.803047
2026-08-16 08:37: Train Epoch 1: 300/820 Loss: 9.585166
2026-08-16 08:37: Train Epoch 1: 320/820 Loss: 9.182058
2026-08-16 08:37: Train Epoch 1: 340/820 Loss: 9.278210
2026-08-16 08:37: Train Epoch 1: 360/820 Loss: 8.217520
2026-08-16 08:37: Train Epoch 1: 380/820 Loss: 7.949504
2026-08-16 08:37: Train Epoch 1: 400/820 Loss: 7.561550
2026-08-16 08:37: Train Epoch 1: 420/820 Loss: 7.468719
2026-08-16 08:37: Train Epoch 1: 440/820 Loss: 7.734321
2026-08-16 08:37: Train Epoch 1: 460/820 Loss: 7.442495
2026-08-16 08:37: Train Epoch 1: 480/820 Loss: 6.782332
2026-08-16 08:37: Train Epoch 1: 500/820 Loss: 6.766170
2026-08-16 08:37: Train Epoch 1: 520/820 Loss: 6.591979
2026-08-16 08:37: Train Epoch 1: 540/820 Loss: 6.837291
2026-08-16 08:37: Train Epoch 1: 560/820 Loss: 6.481843
2026-08-16 08:37: Train Epoch 1: 580/820 Loss: 6.408727
2026-08-16 08:37: Train Epoch 1: 600/820 Loss: 5.802356
2026-08-16 08:37: Train Epoch 1: 620/820 Loss: 5.790756
2026-08-16 08:37: Train Epoch 1: 640/820 Loss: 5.716015
2026-08-16 08:38: Train Epoch 1: 660/820 Loss: 5.729342
2026-08-16 08:38: Train Epoch 1: 680/820 Loss: 5.616038
2026-08-16 08:38: Train Epoch 1: 700/820 Loss: 5.698242
2026-08-16 08:38: Train Epoch 1: 720/820 Loss: 5.606494
2026-08-16 08:38: Train Epoch 1: 740/820 Loss: 5.948104
2026-08-16 08:38: Train Epoch 1: 760/820 Loss: 5.644784
2026-08-16 08:38: Train Epoch 1: 780/820 Loss: 5.416663
2026-08-16 08:38: Train Epoch 1: 800/820 Loss: 5.425203
2026-08-16 08:38: **********Train Epoch 1: averaged Loss: 9.063232, tf_ratio: 1.000000
2026-08-16 08:38: **********Val Epoch 1: average Loss: 5.377401
2026-08-16 08:38: *********************************Current best model saved!
2026-08-16 08:38: Train Epoch 2: 0/820 Loss: 5.525756
2026-08-16 08:38: Train Epoch 2: 20/820 Loss: 5.312914
2026-08-16 08:38: Train Epoch 2: 40/820 Loss: 5.457548
2026-08-16 08:38: Train Epoch 2: 60/820 Loss: 5.482231
2026-08-16 08:38: Train Epoch 2: 80/820 Loss: 5.136190
2026-08-16 08:38: Train Epoch 2: 100/820 Loss: 5.133896
2026-08-16 08:38: Train Epoch 2: 120/820 Loss: 5.211856
2026-08-16 08:38: Train Epoch 2: 140/820 Loss: 5.541691
2026-08-16 08:38: Train Epoch 2: 160/820 Loss: 5.046459
2026-08-16 08:38: Train Epoch 2: 180/820 Loss: 5.358770
2026-08-16 08:39: Train Epoch 2: 200/820 Loss: 5.243031
2026-08-16 08:39: Train Epoch 2: 220/820 Loss: 5.005037
2026-08-16 08:39: Train Epoch 2: 240/820 Loss: 4.955369
2026-08-16 08:39: Train Epoch 2: 260/820 Loss: 4.898136
2026-08-16 08:39: Train Epoch 2: 280/820 Loss: 5.187026
2026-08-16 08:39: Train Epoch 2: 300/820 Loss: 4.973286
2026-08-16 08:39: Train Epoch 2: 320/820 Loss: 5.087465
2026-08-16 08:39: Train Epoch 2: 340/820 Loss: 4.897822
2026-08-16 08:39: Train Epoch 2: 360/820 Loss: 4.943739
2026-08-16 08:39: Train Epoch 2: 380/820 Loss: 4.970367
2026-08-16 08:39: Train Epoch 2: 400/820 Loss: 4.883358
2026-08-16 08:39: Train Epoch 2: 420/820 Loss: 4.438657
2026-08-16 08:39: Train Epoch 2: 440/820 Loss: 4.794484
2026-08-16 08:39: Train Epoch 2: 460/820 Loss: 4.723977
2026-08-16 08:39: Train Epoch 2: 480/820 Loss: 4.677102
2026-08-16 08:39: Train Epoch 2: 500/820 Loss: 4.641353
2026-08-16 08:39: Train Epoch 2: 520/820 Loss: 4.564466
2026-08-16 08:39: Train Epoch 2: 540/820 Loss: 4.701854
2026-08-16 08:39: Train Epoch 2: 560/820 Loss: 4.542278
2026-08-16 08:39: Train Epoch 2: 580/820 Loss: 4.463735
2026-08-16 08:39: Train Epoch 2: 600/820 Loss: 4.518127
2026-08-16 08:39: Train Epoch 2: 620/820 Loss: 4.659612
2026-08-16 08:40: Train Epoch 2: 640/820 Loss: 4.373464
2026-08-16 08:40: Train Epoch 2: 660/820 Loss: 4.251968
2026-08-16 08:40: Train Epoch 2: 680/820 Loss: 4.292086
2026-08-16 08:40: Train Epoch 2: 700/820 Loss: 4.550751
2026-08-16 08:40: Train Epoch 2: 720/820 Loss: 4.511878
2026-08-16 08:40: Train Epoch 2: 740/820 Loss: 4.308655
2026-08-16 08:40: Train Epoch 2: 760/820 Loss: 4.184607
2026-08-16 08:40: Train Epoch 2: 780/820 Loss: 4.208101
2026-08-16 08:40: Train Epoch 2: 800/820 Loss: 4.352431
2026-08-16 08:40: **********Train Epoch 2: averaged Loss: 4.823549, tf_ratio: 1.000000
2026-08-16 08:40: **********Val Epoch 2: average Loss: 4.157843
2026-08-16 08:40: *********************************Current best model saved!
2026-08-16 08:40: Train Epoch 3: 0/820 Loss: 4.527433
2026-08-16 08:40: Train Epoch 3: 20/820 Loss: 4.306051
2026-08-16 08:40: Train Epoch 3: 40/820 Loss: 4.098711
2026-08-16 08:40: Train Epoch 3: 60/820 Loss: 4.159784
2026-08-16 08:40: Train Epoch 3: 80/820 Loss: 4.492697
2026-08-16 08:40: Train Epoch 3: 100/820 Loss: 4.381898
2026-08-16 08:40: Train Epoch 3: 120/820 Loss: 4.031383
2026-08-16 08:40: Train Epoch 3: 140/820 Loss: 3.969391
2026-08-16 08:40: Train Epoch 3: 160/820 Loss: 4.082502
2026-08-16 08:41: Train Epoch 3: 180/820 Loss: 4.184685
2026-08-16 08:41: Train Epoch 3: 200/820 Loss: 4.136151
2026-08-16 08:41: Train Epoch 3: 220/820 Loss: 4.016606
2026-08-16 08:41: Train Epoch 3: 240/820 Loss: 4.181734
2026-08-16 08:41: Train Epoch 3: 260/820 Loss: 4.196371
2026-08-16 08:41: Train Epoch 3: 280/820 Loss: 4.142463
2026-08-16 08:41: Train Epoch 3: 300/820 Loss: 4.138398
2026-08-16 08:41: Train Epoch 3: 320/820 Loss: 4.473295
2026-08-16 08:41: Train Epoch 3: 340/820 Loss: 4.172965
2026-08-16 08:41: Train Epoch 3: 360/820 Loss: 4.307506
2026-08-16 08:41: Train Epoch 3: 380/820 Loss: 4.244835
2026-08-16 08:41: Train Epoch 3: 400/820 Loss: 4.191890
2026-08-16 08:41: Train Epoch 3: 420/820 Loss: 4.205238
2026-08-16 08:41: Train Epoch 3: 440/820 Loss: 4.118526
2026-08-16 08:41: Train Epoch 3: 460/820 Loss: 4.310258
2026-08-16 08:41: Train Epoch 3: 480/820 Loss: 4.231056
2026-08-16 08:41: Train Epoch 3: 500/820 Loss: 4.176013
2026-08-16 08:41: Train Epoch 3: 520/820 Loss: 3.991679
2026-08-16 08:41: Train Epoch 3: 540/820 Loss: 4.132446
2026-08-16 08:41: Train Epoch 3: 560/820 Loss: 3.956995
2026-08-16 08:41: Train Epoch 3: 580/820 Loss: 3.870726
2026-08-16 08:41: Train Epoch 3: 600/820 Loss: 3.997347
2026-08-16 08:42: Train Epoch 3: 620/820 Loss: 4.004838
2026-08-16 08:42: Train Epoch 3: 640/820 Loss: 3.750010
2026-08-16 08:42: Train Epoch 3: 660/820 Loss: 3.880135
2026-08-16 08:42: Train Epoch 3: 680/820 Loss: 3.914644
2026-08-16 08:42: Train Epoch 3: 700/820 Loss: 4.107978
2026-08-16 08:42: Train Epoch 3: 720/820 Loss: 4.014169
2026-08-16 08:42: Train Epoch 3: 740/820 Loss: 3.978081
2026-08-16 08:42: Train Epoch 3: 760/820 Loss: 3.723933
2026-08-16 08:42: Train Epoch 3: 780/820 Loss: 4.133120
2026-08-16 08:42: Train Epoch 3: 800/820 Loss: 4.038027
2026-08-16 08:42: **********Train Epoch 3: averaged Loss: 4.143332, tf_ratio: 1.000000
2026-08-16 08:42: **********Val Epoch 3: average Loss: 3.800437
2026-08-16 08:42: *********************************Current best model saved!
2026-08-16 08:42: Train Epoch 4: 0/820 Loss: 3.908759
2026-08-16 08:42: Train Epoch 4: 20/820 Loss: 3.998726
2026-08-16 08:42: Train Epoch 4: 40/820 Loss: 3.959078
2026-08-16 08:42: Train Epoch 4: 60/820 Loss: 3.707213
2026-08-16 08:42: Train Epoch 4: 80/820 Loss: 3.982130
2026-08-16 08:42: Train Epoch 4: 100/820 Loss: 3.690592
2026-08-16 08:42: Train Epoch 4: 120/820 Loss: 3.740595
2026-08-16 08:42: Train Epoch 4: 140/820 Loss: 3.824389
2026-08-16 08:43: Train Epoch 4: 160/820 Loss: 3.760992
2026-08-16 08:43: Train Epoch 4: 180/820 Loss: 4.025843
2026-08-16 08:43: Train Epoch 4: 200/820 Loss: 3.839130
2026-08-16 08:43: Train Epoch 4: 220/820 Loss: 3.866940
2026-08-16 08:43: Train Epoch 4: 240/820 Loss: 3.651573
2026-08-16 08:43: Train Epoch 4: 260/820 Loss: 3.543510
2026-08-16 08:43: Train Epoch 4: 280/820 Loss: 3.725847
2026-08-16 08:43: Train Epoch 4: 300/820 Loss: 3.735641
2026-08-16 08:43: Train Epoch 4: 320/820 Loss: 3.654962
2026-08-16 08:43: Train Epoch 4: 340/820 Loss: 3.731712
2026-08-16 08:43: Train Epoch 4: 360/820 Loss: 3.653844
2026-08-16 08:43: Train Epoch 4: 380/820 Loss: 3.529135
2026-08-16 08:43: Train Epoch 4: 400/820 Loss: 3.678547
2026-08-16 08:43: Train Epoch 4: 420/820 Loss: 3.494052
2026-08-16 08:43: Train Epoch 4: 440/820 Loss: 3.603084
2026-08-16 08:43: Train Epoch 4: 460/820 Loss: 3.434886
2026-08-16 08:43: Train Epoch 4: 480/820 Loss: 3.424898
2026-08-16 08:43: Train Epoch 4: 500/820 Loss: 3.606475
2026-08-16 08:43: Train Epoch 4: 520/820 Loss: 3.566100
2026-08-16 08:43: Train Epoch 4: 540/820 Loss: 3.404606
2026-08-16 08:43: Train Epoch 4: 560/820 Loss: 3.446856
2026-08-16 08:43: Train Epoch 4: 580/820 Loss: 3.554927
2026-08-16 08:44: Train Epoch 4: 600/820 Loss: 3.304267
2026-08-16 08:44: Train Epoch 4: 620/820 Loss: 3.272089
2026-08-16 08:44: Train Epoch 4: 640/820 Loss: 3.373329
2026-08-16 08:44: Train Epoch 4: 660/820 Loss: 3.199430
2026-08-16 08:44: Train Epoch 4: 680/820 Loss: 3.275659
2026-08-16 08:44: Train Epoch 4: 700/820 Loss: 3.064423
2026-08-16 08:44: Train Epoch 4: 720/820 Loss: 2.998245
2026-08-16 08:44: Train Epoch 4: 740/820 Loss: 3.127996
2026-08-16 08:44: Train Epoch 4: 760/820 Loss: 3.176743
2026-08-16 08:44: Train Epoch 4: 780/820 Loss: 3.117630
2026-08-16 08:44: Train Epoch 4: 800/820 Loss: 2.990062
2026-08-16 08:44: **********Train Epoch 4: averaged Loss: 3.517118, tf_ratio: 1.000000
2026-08-16 08:44: **********Val Epoch 4: average Loss: 2.872726
2026-08-16 08:44: *********************************Current best model saved!
2026-08-16 08:44: Train Epoch 5: 0/820 Loss: 2.934274
2026-08-16 08:44: Train Epoch 5: 20/820 Loss: 2.951851
2026-08-16 08:44: Train Epoch 5: 40/820 Loss: 2.984214
2026-08-16 08:44: Train Epoch 5: 60/820 Loss: 2.854927
2026-08-16 08:44: Train Epoch 5: 80/820 Loss: 2.876322
2026-08-16 08:44: Train Epoch 5: 100/820 Loss: 2.921223
2026-08-16 08:44: Train Epoch 5: 120/820 Loss: 2.876325
2026-08-16 08:45: Train Epoch 5: 140/820 Loss: 2.803679
2026-08-16 08:45: Train Epoch 5: 160/820 Loss: 2.694243
2026-08-16 08:45: Train Epoch 5: 180/820 Loss: 2.831341
2026-08-16 08:45: Train Epoch 5: 200/820 Loss: 2.599041
2026-08-16 08:45: Train Epoch 5: 220/820 Loss: 2.681547
2026-08-16 08:45: Train Epoch 5: 240/820 Loss: 2.753905
2026-08-16 08:45: Train Epoch 5: 260/820 Loss: 2.644194
2026-08-16 08:45: Train Epoch 5: 280/820 Loss: 2.589355
2026-08-16 08:45: Train Epoch 5: 300/820 Loss: 2.713243
2026-08-16 08:45: Train Epoch 5: 320/820 Loss: 2.819234
2026-08-16 08:45: Train Epoch 5: 340/820 Loss: 2.691733
2026-08-16 08:45: Train Epoch 5: 360/820 Loss: 2.564233
2026-08-16 08:45: Train Epoch 5: 380/820 Loss: 2.609741
2026-08-16 08:45: Train Epoch 5: 400/820 Loss: 2.659832
2026-08-16 08:45: Train Epoch 5: 420/820 Loss: 2.739409
2026-08-16 08:45: Train Epoch 5: 440/820 Loss: 2.692271
2026-08-16 08:45: Train Epoch 5: 460/820 Loss: 2.787666
2026-08-16 08:45: Train Epoch 5: 480/820 Loss: 2.518626
2026-08-16 08:45: Train Epoch 5: 500/820 Loss: 2.479586
2026-08-16 08:45: Train Epoch 5: 520/820 Loss: 2.498481
2026-08-16 08:45: Train Epoch 5: 540/820 Loss: 2.523875
2026-08-16 08:45: Train Epoch 5: 560/820 Loss: 2.535220
2026-08-16 08:46: Train Epoch 5: 580/820 Loss: 2.506729
2026-08-16 08:46: Train Epoch 5: 600/820 Loss: 2.376013
2026-08-16 08:46: Train Epoch 5: 620/820 Loss: 2.616740
2026-08-16 08:46: Train Epoch 5: 640/820 Loss: 2.573124
2026-08-16 08:46: Train Epoch 5: 660/820 Loss: 2.424923
2026-08-16 08:46: Train Epoch 5: 680/820 Loss: 2.534622
2026-08-16 08:46: Train Epoch 5: 700/820 Loss: 2.465955
2026-08-16 08:46: Train Epoch 5: 720/820 Loss: 2.559484
2026-08-16 08:46: Train Epoch 5: 740/820 Loss: 2.403161
2026-08-16 08:46: Train Epoch 5: 760/820 Loss: 2.409084
2026-08-16 08:46: Train Epoch 5: 780/820 Loss: 2.427291
2026-08-16 08:46: Train Epoch 5: 800/820 Loss: 2.443102
2026-08-16 08:46: **********Train Epoch 5: averaged Loss: 2.656931, tf_ratio: 1.000000
2026-08-16 08:46: **********Val Epoch 5: average Loss: 2.390152
2026-08-16 08:46: *********************************Current best model saved!
2026-08-16 08:46: Train Epoch 6: 0/820 Loss: 2.555578
2026-08-16 08:46: Train Epoch 6: 20/820 Loss: 2.377830
2026-08-16 08:46: Train Epoch 6: 40/820 Loss: 2.480726
2026-08-16 08:46: Train Epoch 6: 60/820 Loss: 2.365234
2026-08-16 08:46: Train Epoch 6: 80/820 Loss: 2.436257
2026-08-16 08:46: Train Epoch 6: 100/820 Loss: 2.432497
2026-08-16 08:47: Train Epoch 6: 120/820 Loss: 2.389246
2026-08-16 08:47: Train Epoch 6: 140/820 Loss: 2.445531
2026-08-16 08:47: Train Epoch 6: 160/820 Loss: 2.499124
2026-08-16 08:47: Train Epoch 6: 180/820 Loss: 2.436490
2026-08-16 08:47: Train Epoch 6: 200/820 Loss: 2.460729
2026-08-16 08:47: Train Epoch 6: 220/820 Loss: 2.408605
2026-08-16 08:47: Train Epoch 6: 240/820 Loss: 2.400224
2026-08-16 08:47: Train Epoch 6: 260/820 Loss: 2.400236
2026-08-16 08:47: Train Epoch 6: 280/820 Loss: 2.454435
2026-08-16 08:47: Train Epoch 6: 300/820 Loss: 2.496990
2026-08-16 08:47: Train Epoch 6: 320/820 Loss: 2.468007
2026-08-16 08:47: Train Epoch 6: 340/820 Loss: 2.346500
2026-08-16 08:47: Train Epoch 6: 360/820 Loss: 2.501068
2026-08-16 08:47: Train Epoch 6: 380/820 Loss: 2.303243
2026-08-16 08:47: Train Epoch 6: 400/820 Loss: 2.351842
2026-08-16 08:47: Train Epoch 6: 420/820 Loss: 2.398834
2026-08-16 08:47: Train Epoch 6: 440/820 Loss: 2.357645
2026-08-16 08:47: Train Epoch 6: 460/820 Loss: 2.308414
2026-08-16 08:47: Train Epoch 6: 480/820 Loss: 2.384120
2026-08-16 08:47: Train Epoch 6: 500/820 Loss: 2.313901
2026-08-16 08:47: Train Epoch 6: 520/820 Loss: 2.400758
2026-08-16 08:47: Train Epoch 6: 540/820 Loss: 2.284828
2026-08-16 08:47: Train Epoch 6: 560/820 Loss: 2.251159
2026-08-16 08:48: Train Epoch 6: 580/820 Loss: 2.327903
2026-08-16 08:48: Train Epoch 6: 600/820 Loss: 2.445720
2026-08-16 08:48: Train Epoch 6: 620/820 Loss: 2.395019
2026-08-16 08:48: Train Epoch 6: 640/820 Loss: 2.331987
2026-08-16 08:48: Train Epoch 6: 660/820 Loss: 2.380460
2026-08-16 08:48: Train Epoch 6: 680/820 Loss: 2.425643
2026-08-16 08:48: Train Epoch 6: 700/820 Loss: 2.227390
2026-08-16 08:48: Train Epoch 6: 720/820 Loss: 2.264176
2026-08-16 08:48: Train Epoch 6: 740/820 Loss: 2.335711
2026-08-16 08:48: Train Epoch 6: 760/820 Loss: 2.333003
2026-08-16 08:48: Train Epoch 6: 780/820 Loss: 2.280851
2026-08-16 08:48: Train Epoch 6: 800/820 Loss: 2.294669
2026-08-16 08:48: **********Train Epoch 6: averaged Loss: 2.365496, tf_ratio: 1.000000
2026-08-16 08:48: **********Val Epoch 6: average Loss: 2.237213
2026-08-16 08:48: *********************************Current best model saved!
2026-08-16 08:48: Train Epoch 7: 0/820 Loss: 2.369777
2026-08-16 08:48: Train Epoch 7: 20/820 Loss: 2.237846
2026-08-16 08:48: Train Epoch 7: 40/820 Loss: 2.320559
2026-08-16 08:48: Train Epoch 7: 60/820 Loss: 2.263103
2026-08-16 08:48: Train Epoch 7: 80/820 Loss: 2.270691
2026-08-16 08:48: Train Epoch 7: 100/820 Loss: 2.268195
2026-08-16 08:49: Train Epoch 7: 120/820 Loss: 2.322008
2026-08-16 08:49: Train Epoch 7: 140/820 Loss: 2.252063
2026-08-16 08:49: Train Epoch 7: 160/820 Loss: 2.288345
2026-08-16 08:49: Train Epoch 7: 180/820 Loss: 2.267829
2026-08-16 08:49: Train Epoch 7: 200/820 Loss: 2.396850
2026-08-16 08:49: Train Epoch 7: 220/820 Loss: 2.270135
2026-08-16 08:49: Train Epoch 7: 240/820 Loss: 2.230933
2026-08-16 08:49: Train Epoch 7: 260/820 Loss: 2.211031
2026-08-16 08:49: Train Epoch 7: 280/820 Loss: 2.310034
2026-08-16 08:49: Train Epoch 7: 300/820 Loss: 2.144203
2026-08-16 08:49: Train Epoch 7: 320/820 Loss: 2.291734
2026-08-16 08:49: Train Epoch 7: 340/820 Loss: 2.132533
2026-08-16 08:49: Train Epoch 7: 360/820 Loss: 2.164787
2026-08-16 08:49: Train Epoch 7: 380/820 Loss: 2.154155
2026-08-16 08:49: Train Epoch 7: 400/820 Loss: 2.164855
2026-08-16 08:49: Train Epoch 7: 420/820 Loss: 2.151024
2026-08-16 08:49: Train Epoch 7: 440/820 Loss: 2.222099
2026-08-16 08:49: Train Epoch 7: 460/820 Loss: 2.223439
2026-08-16 08:49: Train Epoch 7: 480/820 Loss: 2.282634
2026-08-16 08:49: Train Epoch 7: 500/820 Loss: 2.141776
2026-08-16 08:49: Train Epoch 7: 520/820 Loss: 2.104416
2026-08-16 08:49: Train Epoch 7: 540/820 Loss: 2.252055
2026-08-16 08:49: Train Epoch 7: 560/820 Loss: 2.135437
2026-08-16 08:50: Train Epoch 7: 580/820 Loss: 2.128932
2026-08-16 08:50: Train Epoch 7: 600/820 Loss: 2.183722
2026-08-16 08:50: Train Epoch 7: 620/820 Loss: 2.157343
2026-08-16 08:50: Train Epoch 7: 640/820 Loss: 2.141597
2026-08-16 08:50: Train Epoch 7: 660/820 Loss: 2.293716
2026-08-16 08:50: Train Epoch 7: 680/820 Loss: 2.209680
2026-08-16 08:50: Train Epoch 7: 700/820 Loss: 2.289750
2026-08-16 08:50: Train Epoch 7: 720/820 Loss: 2.166955
2026-08-16 08:50: Train Epoch 7: 740/820 Loss: 2.213498
2026-08-16 08:50: Train Epoch 7: 760/820 Loss: 2.170195
2026-08-16 08:50: Train Epoch 7: 780/820 Loss: 2.051095
2026-08-16 08:50: Train Epoch 7: 800/820 Loss: 2.212887
2026-08-16 08:50: **********Train Epoch 7: averaged Loss: 2.207798, tf_ratio: 1.000000
2026-08-16 08:50: **********Val Epoch 7: average Loss: 2.097600
2026-08-16 08:50: *********************************Current best model saved!
2026-08-16 08:50: Train Epoch 8: 0/820 Loss: 2.228796
2026-08-16 08:50: Train Epoch 8: 20/820 Loss: 2.142059
2026-08-16 08:50: Train Epoch 8: 40/820 Loss: 2.095623
2026-08-16 08:50: Train Epoch 8: 60/820 Loss: 2.282020
2026-08-16 08:50: Train Epoch 8: 80/820 Loss: 2.111619
2026-08-16 08:50: Train Epoch 8: 100/820 Loss: 2.013800
2026-08-16 08:51: Train Epoch 8: 120/820 Loss: 2.005431
2026-08-16 08:51: Train Epoch 8: 140/820 Loss: 2.160124
2026-08-16 08:51: Train Epoch 8: 160/820 Loss: 2.082365
2026-08-16 08:51: Train Epoch 8: 180/820 Loss: 2.019940
2026-08-16 08:51: Train Epoch 8: 200/820 Loss: 2.060557
2026-08-16 08:51: Train Epoch 8: 220/820 Loss: 2.135027
2026-08-16 08:51: Train Epoch 8: 240/820 Loss: 2.138791
2026-08-16 08:51: Train Epoch 8: 260/820 Loss: 2.160861
2026-08-16 08:51: Train Epoch 8: 280/820 Loss: 2.062914
2026-08-16 08:51: Train Epoch 8: 300/820 Loss: 2.131286
2026-08-16 08:51: Train Epoch 8: 320/820 Loss: 2.096328
2026-08-16 08:51: Train Epoch 8: 340/820 Loss: 2.141746
2026-08-16 08:51: Train Epoch 8: 360/820 Loss: 2.125637
2026-08-16 08:51: Train Epoch 8: 380/820 Loss: 2.049800
2026-08-16 08:51: Train Epoch 8: 400/820 Loss: 2.133769
2026-08-16 08:51: Train Epoch 8: 420/820 Loss: 2.170442
2026-08-16 08:51: Train Epoch 8: 440/820 Loss: 2.118218
2026-08-16 08:51: Train Epoch 8: 460/820 Loss: 2.082969
2026-08-16 08:51: Train Epoch 8: 480/820 Loss: 2.123296
2026-08-16 08:51: Train Epoch 8: 500/820 Loss: 2.116866
2026-08-16 08:51: Train Epoch 8: 520/820 Loss: 2.104761
2026-08-16 08:51: Train Epoch 8: 540/820 Loss: 2.018740
2026-08-16 08:51: Train Epoch 8: 560/820 Loss: 2.099344
2026-08-16 08:52: Train Epoch 8: 580/820 Loss: 2.013164
2026-08-16 08:52: Train Epoch 8: 600/820 Loss: 2.044475
2026-08-16 08:52: Train Epoch 8: 620/820 Loss: 1.982534
2026-08-16 08:52: Train Epoch 8: 640/820 Loss: 2.061433
2026-08-16 08:52: Train Epoch 8: 660/820 Loss: 1.940276
2026-08-16 08:52: Train Epoch 8: 680/820 Loss: 2.095464
2026-08-16 08:52: Train Epoch 8: 700/820 Loss: 2.077273
2026-08-16 08:52: Train Epoch 8: 720/820 Loss: 1.959910
2026-08-16 08:52: Train Epoch 8: 740/820 Loss: 2.240111
2026-08-16 08:52: Train Epoch 8: 760/820 Loss: 2.121961
2026-08-16 08:52: Train Epoch 8: 780/820 Loss: 2.100352
2026-08-16 08:52: Train Epoch 8: 800/820 Loss: 2.074078
2026-08-16 08:52: **********Train Epoch 8: averaged Loss: 2.095377, tf_ratio: 1.000000
2026-08-16 08:52: **********Val Epoch 8: average Loss: 2.039431
2026-08-16 08:52: *********************************Current best model saved!
2026-08-16 08:52: Train Epoch 9: 0/820 Loss: 2.015055
2026-08-16 08:52: Train Epoch 9: 20/820 Loss: 2.079463
2026-08-16 08:52: Train Epoch 9: 40/820 Loss: 2.115792
2026-08-16 08:52: Train Epoch 9: 60/820 Loss: 2.034160
2026-08-16 08:52: Train Epoch 9: 80/820 Loss: 2.042060
2026-08-16 08:52: Train Epoch 9: 100/820 Loss: 1.940623
2026-08-16 08:53: Train Epoch 9: 120/820 Loss: 2.032426
2026-08-16 08:53: Train Epoch 9: 140/820 Loss: 2.068757
2026-08-16 08:53: Train Epoch 9: 160/820 Loss: 1.953487
2026-08-16 08:53: Train Epoch 9: 180/820 Loss: 2.062533
2026-08-16 08:53: Train Epoch 9: 200/820 Loss: 1.986802
2026-08-16 08:53: Train Epoch 9: 220/820 Loss: 1.968690
2026-08-16 08:53: Train Epoch 9: 240/820 Loss: 2.041988
2026-08-16 08:53: Train Epoch 9: 260/820 Loss: 1.957533
2026-08-16 08:53: Train Epoch 9: 280/820 Loss: 1.926438
2026-08-16 08:53: Train Epoch 9: 300/820 Loss: 1.977205
2026-08-16 08:53: Train Epoch 9: 320/820 Loss: 1.951536
2026-08-16 08:53: Train Epoch 9: 340/820 Loss: 2.020089
2026-08-16 08:53: Train Epoch 9: 360/820 Loss: 2.013261
2026-08-16 08:53: Train Epoch 9: 380/820 Loss: 1.932736
2026-08-16 08:53: Train Epoch 9: 400/820 Loss: 2.027818
2026-08-16 08:53: Train Epoch 9: 420/820 Loss: 2.086365
2026-08-16 08:53: Train Epoch 9: 440/820 Loss: 1.911576
2026-08-16 08:53: Train Epoch 9: 460/820 Loss: 2.085930
2026-08-16 08:53: Train Epoch 9: 480/820 Loss: 1.993817
2026-08-16 08:53: Train Epoch 9: 500/820 Loss: 1.971058
2026-08-16 08:53: Train Epoch 9: 520/820 Loss: 1.989314
2026-08-16 08:53: Train Epoch 9: 540/820 Loss: 1.932543
2026-08-16 08:53: Train Epoch 9: 560/820 Loss: 1.983463
2026-08-16 08:54: Train Epoch 9: 580/820 Loss: 2.001013
2026-08-16 08:54: Train Epoch 9: 600/820 Loss: 1.971494
2026-08-16 08:54: Train Epoch 9: 620/820 Loss: 2.045604
2026-08-16 08:54: Train Epoch 9: 640/820 Loss: 2.067651
2026-08-16 08:54: Train Epoch 9: 660/820 Loss: 1.956676
2026-08-16 08:54: Train Epoch 9: 680/820 Loss: 2.035592
2026-08-16 08:54: Train Epoch 9: 700/820 Loss: 2.048345
2026-08-16 08:54: Train Epoch 9: 720/820 Loss: 2.057380
2026-08-16 08:54: Train Epoch 9: 740/820 Loss: 2.016491
2026-08-16 08:54: Train Epoch 9: 760/820 Loss: 2.019328
2026-08-16 08:54: Train Epoch 9: 780/820 Loss: 1.947109
2026-08-16 08:54: Train Epoch 9: 800/820 Loss: 2.004273
2026-08-16 08:54: **********Train Epoch 9: averaged Loss: 2.031465, tf_ratio: 1.000000
2026-08-16 08:54: **********Val Epoch 9: average Loss: 1.971735
2026-08-16 08:54: *********************************Current best model saved!
2026-08-16 08:54: Train Epoch 10: 0/820 Loss: 2.033503
2026-08-16 08:54: Train Epoch 10: 20/820 Loss: 2.031256
2026-08-16 08:54: Train Epoch 10: 40/820 Loss: 2.019397
2026-08-16 08:54: Train Epoch 10: 60/820 Loss: 1.983032
2026-08-16 08:54: Train Epoch 10: 80/820 Loss: 1.988412
2026-08-16 08:54: Train Epoch 10: 100/820 Loss: 1.902932
2026-08-16 08:54: Train Epoch 10: 120/820 Loss: 2.088912
2026-08-16 08:54: Train Epoch 10: 140/820 Loss: 2.156450
2026-08-16 08:55: Train Epoch 10: 160/820 Loss: 1.929920
2026-08-16 08:55: Train Epoch 10: 180/820 Loss: 2.037786
2026-08-16 08:55: Train Epoch 10: 200/820 Loss: 2.052888
2026-08-16 08:55: Train Epoch 10: 220/820 Loss: 1.948232
2026-08-16 08:55: Train Epoch 10: 240/820 Loss: 2.173789
2026-08-16 08:55: Train Epoch 10: 260/820 Loss: 2.020444
2026-08-16 08:55: Train Epoch 10: 280/820 Loss: 2.037838
2026-08-16 08:55: Train Epoch 10: 300/820 Loss: 1.966730
2026-08-16 08:55: Train Epoch 10: 320/820 Loss: 2.048746
2026-08-16 08:55: Train Epoch 10: 340/820 Loss: 2.014111
2026-08-16 08:55: Train Epoch 10: 360/820 Loss: 2.129059
2026-08-16 08:55: Train Epoch 10: 380/820 Loss: 2.024651
2026-08-16 08:55: Train Epoch 10: 400/820 Loss: 1.944372
2026-08-16 08:55: Train Epoch 10: 420/820 Loss: 1.943866
2026-08-16 08:55: Train Epoch 10: 440/820 Loss: 1.932535
2026-08-16 08:55: Train Epoch 10: 460/820 Loss: 1.956304
2026-08-16 08:55: Train Epoch 10: 480/820 Loss: 2.141508
2026-08-16 08:55: Train Epoch 10: 500/820 Loss: 1.927008
2026-08-16 08:55: Train Epoch 10: 520/820 Loss: 1.991442
2026-08-16 08:55: Train Epoch 10: 540/820 Loss: 2.052795
2026-08-16 08:55: Train Epoch 10: 560/820 Loss: 1.886348
2026-08-16 08:55: Train Epoch 10: 580/820 Loss: 1.973141
2026-08-16 08:55: Train Epoch 10: 600/820 Loss: 1.981453
2026-08-16 08:56: Train Epoch 10: 620/820 Loss: 1.998790
2026-08-16 08:56: Train Epoch 10: 640/820 Loss: 2.052472
2026-08-16 08:56: Train Epoch 10: 660/820 Loss: 2.018853
2026-08-16 08:56: Train Epoch 10: 680/820 Loss: 1.914365
2026-08-16 08:56: Train Epoch 10: 700/820 Loss: 1.873213
2026-08-16 08:56: Train Epoch 10: 720/820 Loss: 1.922108
2026-08-16 08:56: Train Epoch 10: 740/820 Loss: 2.028185
2026-08-16 08:56: Train Epoch 10: 760/820 Loss: 2.089197
2026-08-16 08:56: Train Epoch 10: 780/820 Loss: 1.950954
2026-08-16 08:56: Train Epoch 10: 800/820 Loss: 1.970493
2026-08-16 08:56: **********Train Epoch 10: averaged Loss: 1.986764, tf_ratio: 1.000000
2026-08-16 08:56: **********Val Epoch 10: average Loss: 1.940385
2026-08-16 08:56: *********************************Current best model saved!
2026-08-16 08:56: Train Epoch 11: 0/820 Loss: 1.912457
2026-08-16 08:56: Train Epoch 11: 20/820 Loss: 2.024358
2026-08-16 08:56: Train Epoch 11: 40/820 Loss: 1.950323
2026-08-16 08:56: Train Epoch 11: 60/820 Loss: 1.885799
2026-08-16 08:56: Train Epoch 11: 80/820 Loss: 1.979983
2026-08-16 08:56: Train Epoch 11: 100/820 Loss: 2.030130
2026-08-16 08:56: Train Epoch 11: 120/820 Loss: 1.915175
2026-08-16 08:56: Train Epoch 11: 140/820 Loss: 2.016492
2026-08-16 08:56: Train Epoch 11: 160/820 Loss: 1.994240
2026-08-16 08:57: Train Epoch 11: 180/820 Loss: 1.991678
2026-08-16 08:57: Train Epoch 11: 200/820 Loss: 1.895731
2026-08-16 08:57: Train Epoch 11: 220/820 Loss: 1.939426
2026-08-16 08:57: Train Epoch 11: 240/820 Loss: 1.861041
2026-08-16 08:57: Train Epoch 11: 260/820 Loss: 1.862478
2026-08-16 08:57: Train Epoch 11: 280/820 Loss: 1.970972
2026-08-16 08:57: Train Epoch 11: 300/820 Loss: 1.928850
2026-08-16 08:57: Train Epoch 11: 320/820 Loss: 2.034098
2026-08-16 08:57: Train Epoch 11: 340/820 Loss: 1.962831
2026-08-16 08:57: Train Epoch 11: 360/820 Loss: 1.994167
2026-08-16 08:57: Train Epoch 11: 380/820 Loss: 1.901678
2026-08-16 08:57: Train Epoch 11: 400/820 Loss: 1.959201
2026-08-16 08:57: Train Epoch 11: 420/820 Loss: 1.979845
2026-08-16 08:57: Train Epoch 11: 440/820 Loss: 1.955415
2026-08-16 08:57: Train Epoch 11: 460/820 Loss: 1.960568
2026-08-16 08:57: Train Epoch 11: 480/820 Loss: 1.936300
2026-08-16 08:57: Train Epoch 11: 500/820 Loss: 2.028878
2026-08-16 08:57: Train Epoch 11: 520/820 Loss: 2.001098
2026-08-16 08:57: Train Epoch 11: 540/820 Loss: 1.975706
2026-08-16 08:57: Train Epoch 11: 560/820 Loss: 1.907048
2026-08-16 08:57: Train Epoch 11: 580/820 Loss: 1.977715
2026-08-16 08:57: Train Epoch 11: 600/820 Loss: 1.936499
2026-08-16 08:57: Train Epoch 11: 620/820 Loss: 1.947192
2026-08-16 08:58: Train Epoch 11: 640/820 Loss: 1.875659
2026-08-16 08:58: Train Epoch 11: 660/820 Loss: 1.978864
2026-08-16 08:58: Train Epoch 11: 680/820 Loss: 1.847064
2026-08-16 08:58: Train Epoch 11: 700/820 Loss: 1.963553
2026-08-16 08:58: Train Epoch 11: 720/820 Loss: 1.880143
2026-08-16 08:58: Train Epoch 11: 740/820 Loss: 2.029642
2026-08-16 08:58: Train Epoch 11: 760/820 Loss: 1.924405
2026-08-16 08:58: Train Epoch 11: 780/820 Loss: 2.006645
2026-08-16 08:58: Train Epoch 11: 800/820 Loss: 1.831851
2026-08-16 08:58: **********Train Epoch 11: averaged Loss: 1.952755, tf_ratio: 1.000000
2026-08-16 08:58: **********Val Epoch 11: average Loss: 1.919157
2026-08-16 08:58: *********************************Current best model saved!
2026-08-16 08:58: Train Epoch 12: 0/820 Loss: 1.921139
2026-08-16 08:58: Train Epoch 12: 20/820 Loss: 1.948175
2026-08-16 08:58: Train Epoch 12: 40/820 Loss: 1.853943
2026-08-16 08:58: Train Epoch 12: 60/820 Loss: 1.887296
2026-08-16 08:58: Train Epoch 12: 80/820 Loss: 1.931471
2026-08-16 08:58: Train Epoch 12: 100/820 Loss: 2.002162
2026-08-16 08:58: Train Epoch 12: 120/820 Loss: 1.953835
2026-08-16 08:58: Train Epoch 12: 140/820 Loss: 1.902070
2026-08-16 08:58: Train Epoch 12: 160/820 Loss: 1.874256
2026-08-16 08:59: Train Epoch 12: 180/820 Loss: 1.988079
2026-08-16 08:59: Train Epoch 12: 200/820 Loss: 2.064012
2026-08-16 08:59: Train Epoch 12: 220/820 Loss: 1.873025
2026-08-16 08:59: Train Epoch 12: 240/820 Loss: 1.920724
2026-08-16 08:59: Train Epoch 12: 260/820 Loss: 1.980898
2026-08-16 08:59: Train Epoch 12: 280/820 Loss: 1.916368
2026-08-16 08:59: Train Epoch 12: 300/820 Loss: 1.877563
2026-08-16 08:59: Train Epoch 12: 320/820 Loss: 1.842978
2026-08-16 08:59: Train Epoch 12: 340/820 Loss: 1.963049
2026-08-16 08:59: Train Epoch 12: 360/820 Loss: 2.026398
2026-08-16 08:59: Train Epoch 12: 380/820 Loss: 1.903126
2026-08-16 08:59: Train Epoch 12: 400/820 Loss: 2.009325
2026-08-16 08:59: Train Epoch 12: 420/820 Loss: 1.985803
2026-08-16 08:59: Train Epoch 12: 440/820 Loss: 1.831334
2026-08-16 08:59: Train Epoch 12: 460/820 Loss: 1.942395
2026-08-16 08:59: Train Epoch 12: 480/820 Loss: 1.959214
2026-08-16 08:59: Train Epoch 12: 500/820 Loss: 1.846042
2026-08-16 08:59: Train Epoch 12: 520/820 Loss: 1.842726
2026-08-16 08:59: Train Epoch 12: 540/820 Loss: 1.894761
2026-08-16 08:59: Train Epoch 12: 560/820 Loss: 1.864677
2026-08-16 08:59: Train Epoch 12: 580/820 Loss: 1.856389
2026-08-16 08:59: Train Epoch 12: 600/820 Loss: 1.851959
2026-08-16 08:59: Train Epoch 12: 620/820 Loss: 1.869401
2026-08-16 09:00: Train Epoch 12: 640/820 Loss: 1.934028
2026-08-16 09:00: Train Epoch 12: 660/820 Loss: 1.878369
2026-08-16 09:00: Train Epoch 12: 680/820 Loss: 1.832013
2026-08-16 09:00: Train Epoch 12: 700/820 Loss: 1.889353
2026-08-16 09:00: Train Epoch 12: 720/820 Loss: 1.890008
2026-08-16 09:00: Train Epoch 12: 740/820 Loss: 1.857412
2026-08-16 09:00: Train Epoch 12: 760/820 Loss: 1.865280
2026-08-16 09:00: Train Epoch 12: 780/820 Loss: 1.978983
2026-08-16 09:00: Train Epoch 12: 800/820 Loss: 1.995886
2026-08-16 09:00: **********Train Epoch 12: averaged Loss: 1.924973, tf_ratio: 1.000000
2026-08-16 09:00: **********Val Epoch 12: average Loss: 1.905922
2026-08-16 09:00: *********************************Current best model saved!
2026-08-16 09:00: Train Epoch 13: 0/820 Loss: 1.853752
2026-08-16 09:00: Train Epoch 13: 20/820 Loss: 1.846277
2026-08-16 09:00: Train Epoch 13: 40/820 Loss: 1.913371
2026-08-16 09:00: Train Epoch 13: 60/820 Loss: 1.801022
2026-08-16 09:00: Train Epoch 13: 80/820 Loss: 1.899275
2026-08-16 09:00: Train Epoch 13: 100/820 Loss: 1.941083
2026-08-16 09:00: Train Epoch 13: 120/820 Loss: 1.915292
2026-08-16 09:00: Train Epoch 13: 140/820 Loss: 1.873794
2026-08-16 09:00: Train Epoch 13: 160/820 Loss: 1.837443
2026-08-16 09:00: Train Epoch 13: 180/820 Loss: 1.850780
2026-08-16 09:01: Train Epoch 13: 200/820 Loss: 1.979976
2026-08-16 09:01: Train Epoch 13: 220/820 Loss: 1.913944
2026-08-16 09:01: Train Epoch 13: 240/820 Loss: 1.821533
2026-08-16 09:01: Train Epoch 13: 260/820 Loss: 1.915687
2026-08-16 09:01: Train Epoch 13: 280/820 Loss: 1.901090
2026-08-16 09:01: Train Epoch 13: 300/820 Loss: 1.822079
2026-08-16 09:01: Train Epoch 13: 320/820 Loss: 1.911047
2026-08-16 09:01: Train Epoch 13: 340/820 Loss: 1.881522
2026-08-16 09:01: Train Epoch 13: 360/820 Loss: 1.854363
2026-08-16 09:01: Train Epoch 13: 380/820 Loss: 1.890781
2026-08-16 09:01: Train Epoch 13: 400/820 Loss: 1.908440
2026-08-16 09:01: Train Epoch 13: 420/820 Loss: 1.892907
2026-08-16 09:01: Train Epoch 13: 440/820 Loss: 1.879920
2026-08-16 09:01: Train Epoch 13: 460/820 Loss: 1.953968
2026-08-16 09:01: Train Epoch 13: 480/820 Loss: 1.908963
2026-08-16 09:01: Train Epoch 13: 500/820 Loss: 1.896119
2026-08-16 09:01: Train Epoch 13: 520/820 Loss: 1.901863
2026-08-16 09:01: Train Epoch 13: 540/820 Loss: 1.891969
2026-08-16 09:01: Train Epoch 13: 560/820 Loss: 1.905695
2026-08-16 09:01: Train Epoch 13: 580/820 Loss: 1.924636
2026-08-16 09:01: Train Epoch 13: 600/820 Loss: 1.937570
2026-08-16 09:01: Train Epoch 13: 620/820 Loss: 1.834311
2026-08-16 09:01: Train Epoch 13: 640/820 Loss: 1.946233
2026-08-16 09:02: Train Epoch 13: 660/820 Loss: 1.929236
2026-08-16 09:02: Train Epoch 13: 680/820 Loss: 1.769933
2026-08-16 09:02: Train Epoch 13: 700/820 Loss: 1.885960
2026-08-16 09:02: Train Epoch 13: 720/820 Loss: 1.962948
2026-08-16 09:02: Train Epoch 13: 740/820 Loss: 1.828506
2026-08-16 09:02: Train Epoch 13: 760/820 Loss: 1.933671
2026-08-16 09:02: Train Epoch 13: 780/820 Loss: 1.844916
2026-08-16 09:02: Train Epoch 13: 800/820 Loss: 1.896999
2026-08-16 09:02: **********Train Epoch 13: averaged Loss: 1.897719, tf_ratio: 1.000000
2026-08-16 09:02: **********Val Epoch 13: average Loss: 1.881361
2026-08-16 09:02: *********************************Current best model saved!
2026-08-16 09:02: Train Epoch 14: 0/820 Loss: 1.922000
2026-08-16 09:02: Train Epoch 14: 20/820 Loss: 1.882009
2026-08-16 09:02: Train Epoch 14: 40/820 Loss: 1.972539
2026-08-16 09:02: Train Epoch 14: 60/820 Loss: 1.873456
2026-08-16 09:02: Train Epoch 14: 80/820 Loss: 1.870813
2026-08-16 09:02: Train Epoch 14: 100/820 Loss: 1.878927
2026-08-16 09:02: Train Epoch 14: 120/820 Loss: 1.883401
2026-08-16 09:02: Train Epoch 14: 140/820 Loss: 1.877225
2026-08-16 09:02: Train Epoch 14: 160/820 Loss: 1.821169
2026-08-16 09:02: Train Epoch 14: 180/820 Loss: 1.872384
2026-08-16 09:03: Train Epoch 14: 200/820 Loss: 1.865566
2026-08-16 09:03: Train Epoch 14: 220/820 Loss: 1.911681
2026-08-16 09:03: Train Epoch 14: 240/820 Loss: 1.840015
2026-08-16 09:03: Train Epoch 14: 260/820 Loss: 1.841183
2026-08-16 09:03: Train Epoch 14: 280/820 Loss: 2.006521
2026-08-16 09:03: Train Epoch 14: 300/820 Loss: 1.945102
2026-08-16 09:03: Train Epoch 14: 320/820 Loss: 1.895512
2026-08-16 09:03: Train Epoch 14: 340/820 Loss: 1.942038
2026-08-16 09:03: Train Epoch 14: 360/820 Loss: 1.970153
2026-08-16 09:03: Train Epoch 14: 380/820 Loss: 1.827057
2026-08-16 09:03: Train Epoch 14: 400/820 Loss: 1.874256
2026-08-16 09:03: Train Epoch 14: 420/820 Loss: 1.822704
2026-08-16 09:03: Train Epoch 14: 440/820 Loss: 1.865981
2026-08-16 09:03: Train Epoch 14: 460/820 Loss: 1.778208
2026-08-16 09:03: Train Epoch 14: 480/820 Loss: 1.830230
2026-08-16 09:03: Train Epoch 14: 500/820 Loss: 1.953990
2026-08-16 09:03: Train Epoch 14: 520/820 Loss: 1.827541
2026-08-16 09:03: Train Epoch 14: 540/820 Loss: 1.795157
2026-08-16 09:03: Train Epoch 14: 560/820 Loss: 1.925340
2026-08-16 09:03: Train Epoch 14: 580/820 Loss: 1.898760
2026-08-16 09:03: Train Epoch 14: 600/820 Loss: 1.765333
2026-08-16 09:03: Train Epoch 14: 620/820 Loss: 1.823770
2026-08-16 09:03: Train Epoch 14: 640/820 Loss: 1.741274
2026-08-16 09:04: Train Epoch 14: 660/820 Loss: 1.843257
2026-08-16 09:04: Train Epoch 14: 680/820 Loss: 1.867112
2026-08-16 09:04: Train Epoch 14: 700/820 Loss: 1.786950
2026-08-16 09:04: Train Epoch 14: 720/820 Loss: 1.896386
2026-08-16 09:04: Train Epoch 14: 740/820 Loss: 1.923350
2026-08-16 09:04: Train Epoch 14: 760/820 Loss: 1.920911
2026-08-16 09:04: Train Epoch 14: 780/820 Loss: 1.912773
2026-08-16 09:04: Train Epoch 14: 800/820 Loss: 1.941552
2026-08-16 09:04: **********Train Epoch 14: averaged Loss: 1.878784, tf_ratio: 1.000000
2026-08-16 09:04: **********Val Epoch 14: average Loss: 1.867477
2026-08-16 09:04: *********************************Current best model saved!
2026-08-16 09:04: Train Epoch 15: 0/820 Loss: 1.824139
2026-08-16 09:04: Train Epoch 15: 20/820 Loss: 1.913813
2026-08-16 09:04: Train Epoch 15: 40/820 Loss: 1.868894
2026-08-16 09:04: Train Epoch 15: 60/820 Loss: 1.882515
2026-08-16 09:04: Train Epoch 15: 80/820 Loss: 1.892477
2026-08-16 09:04: Train Epoch 15: 100/820 Loss: 1.762182
2026-08-16 09:04: Train Epoch 15: 120/820 Loss: 1.768201
2026-08-16 09:04: Train Epoch 15: 140/820 Loss: 1.958454
2026-08-16 09:04: Train Epoch 15: 160/820 Loss: 1.916484
2026-08-16 09:04: Train Epoch 15: 180/820 Loss: 1.953546
2026-08-16 09:04: Train Epoch 15: 200/820 Loss: 1.864274
2026-08-16 09:05: Train Epoch 15: 220/820 Loss: 1.825903
2026-08-16 09:05: Train Epoch 15: 240/820 Loss: 1.752381
2026-08-16 09:05: Train Epoch 15: 260/820 Loss: 1.918435
2026-08-16 09:05: Train Epoch 15: 280/820 Loss: 1.807047
2026-08-16 09:05: Train Epoch 15: 300/820 Loss: 1.916777
2026-08-16 09:05: Train Epoch 15: 320/820 Loss: 1.900036
2026-08-16 09:05: Train Epoch 15: 340/820 Loss: 1.870166
2026-08-16 09:05: Train Epoch 15: 360/820 Loss: 1.850713
2026-08-16 09:05: Train Epoch 15: 380/820 Loss: 1.852007
2026-08-16 09:05: Train Epoch 15: 400/820 Loss: 1.929749
2026-08-16 09:05: Train Epoch 15: 420/820 Loss: 1.842216
2026-08-16 09:05: Train Epoch 15: 440/820 Loss: 1.860678
2026-08-16 09:05: Train Epoch 15: 460/820 Loss: 1.791054
2026-08-16 09:05: Train Epoch 15: 480/820 Loss: 1.827092
2026-08-16 09:05: Train Epoch 15: 500/820 Loss: 1.798105
2026-08-16 09:05: Train Epoch 15: 520/820 Loss: 1.768524
2026-08-16 09:05: Train Epoch 15: 540/820 Loss: 2.021355
2026-08-16 09:05: Train Epoch 15: 560/820 Loss: 1.970655
2026-08-16 09:05: Train Epoch 15: 580/820 Loss: 1.700301
2026-08-16 09:05: Train Epoch 15: 600/820 Loss: 1.811980
2026-08-16 09:05: Train Epoch 15: 620/820 Loss: 1.837593
2026-08-16 09:05: Train Epoch 15: 640/820 Loss: 1.883565
2026-08-16 09:05: Train Epoch 15: 660/820 Loss: 1.835743
2026-08-16 09:06: Train Epoch 15: 680/820 Loss: 1.876734
2026-08-16 09:06: Train Epoch 15: 700/820 Loss: 1.893326
2026-08-16 09:06: Train Epoch 15: 720/820 Loss: 1.839413
2026-08-16 09:06: Train Epoch 15: 740/820 Loss: 1.894207
2026-08-16 09:06: Train Epoch 15: 760/820 Loss: 1.818607
2026-08-16 09:06: Train Epoch 15: 780/820 Loss: 1.886168
2026-08-16 09:06: Train Epoch 15: 800/820 Loss: 1.845885
2026-08-16 09:06: **********Train Epoch 15: averaged Loss: 1.860105, tf_ratio: 1.000000
2026-08-16 09:06: **********Val Epoch 15: average Loss: 1.865525
2026-08-16 09:06: *********************************Current best model saved!
2026-08-16 09:06: Train Epoch 16: 0/820 Loss: 1.892024
2026-08-16 09:06: Train Epoch 16: 20/820 Loss: 1.884988
2026-08-16 09:06: Train Epoch 16: 40/820 Loss: 1.826772
2026-08-16 09:06: Train Epoch 16: 60/820 Loss: 1.952841
2026-08-16 09:06: Train Epoch 16: 80/820 Loss: 1.842879
2026-08-16 09:06: Train Epoch 16: 100/820 Loss: 1.861631
2026-08-16 09:06: Train Epoch 16: 120/820 Loss: 1.869336
2026-08-16 09:06: Train Epoch 16: 140/820 Loss: 1.805639
2026-08-16 09:06: Train Epoch 16: 160/820 Loss: 1.761908
2026-08-16 09:06: Train Epoch 16: 180/820 Loss: 1.780386
2026-08-16 09:06: Train Epoch 16: 200/820 Loss: 1.833815
2026-08-16 09:07: Train Epoch 16: 220/820 Loss: 1.785333
2026-08-16 09:07: Train Epoch 16: 240/820 Loss: 1.847117
2026-08-16 09:07: Train Epoch 16: 260/820 Loss: 1.954083
2026-08-16 09:07: Train Epoch 16: 280/820 Loss: 1.844433
2026-08-16 09:07: Train Epoch 16: 300/820 Loss: 1.795516
2026-08-16 09:07: Train Epoch 16: 320/820 Loss: 1.809588
2026-08-16 09:07: Train Epoch 16: 340/820 Loss: 1.834084
2026-08-16 09:07: Train Epoch 16: 360/820 Loss: 1.773504
2026-08-16 09:07: Train Epoch 16: 380/820 Loss: 1.794622
2026-08-16 09:07: Train Epoch 16: 400/820 Loss: 1.937503
2026-08-16 09:07: Train Epoch 16: 420/820 Loss: 1.851148
2026-08-16 09:07: Train Epoch 16: 440/820 Loss: 1.854015
2026-08-16 09:07: Train Epoch 16: 460/820 Loss: 1.933720
2026-08-16 09:07: Train Epoch 16: 480/820 Loss: 1.912869
2026-08-16 09:07: Train Epoch 16: 500/820 Loss: 1.781019
2026-08-16 09:07: Train Epoch 16: 520/820 Loss: 1.807196
2026-08-16 09:07: Train Epoch 16: 540/820 Loss: 1.840074
2026-08-16 09:07: Train Epoch 16: 560/820 Loss: 1.735497
2026-08-16 09:07: Train Epoch 16: 580/820 Loss: 1.848546
2026-08-16 09:07: Train Epoch 16: 600/820 Loss: 1.857229
2026-08-16 09:07: Train Epoch 16: 620/820 Loss: 1.831861
2026-08-16 09:07: Train Epoch 16: 640/820 Loss: 1.832652
2026-08-16 09:07: Train Epoch 16: 660/820 Loss: 1.833790
2026-08-16 09:08: Train Epoch 16: 680/820 Loss: 1.819020
2026-08-16 09:08: Train Epoch 16: 700/820 Loss: 1.903976
2026-08-16 09:08: Train Epoch 16: 720/820 Loss: 1.866318
2026-08-16 09:08: Train Epoch 16: 740/820 Loss: 1.866981
2026-08-16 09:08: Train Epoch 16: 760/820 Loss: 1.797525
2026-08-16 09:08: Train Epoch 16: 780/820 Loss: 1.800852
2026-08-16 09:08: Train Epoch 16: 800/820 Loss: 1.873780
2026-08-16 09:08: **********Train Epoch 16: averaged Loss: 1.843337, tf_ratio: 1.000000
2026-08-16 09:08: **********Val Epoch 16: average Loss: 1.854450
2026-08-16 09:08: *********************************Current best model saved!
2026-08-16 09:08: Train Epoch 17: 0/820 Loss: 1.803150
2026-08-16 09:08: Train Epoch 17: 20/820 Loss: 1.879454
2026-08-16 09:08: Train Epoch 17: 40/820 Loss: 1.986299
2026-08-16 09:08: Train Epoch 17: 60/820 Loss: 1.850670
2026-08-16 09:08: Train Epoch 17: 80/820 Loss: 1.853966
2026-08-16 09:08: Train Epoch 17: 100/820 Loss: 1.713791
2026-08-16 09:08: Train Epoch 17: 120/820 Loss: 2.017385
2026-08-16 09:08: Train Epoch 17: 140/820 Loss: 1.774796
2026-08-16 09:08: Train Epoch 17: 160/820 Loss: 1.906171
2026-08-16 09:08: Train Epoch 17: 180/820 Loss: 1.756655
2026-08-16 09:08: Train Epoch 17: 200/820 Loss: 1.845388
2026-08-16 09:08: Train Epoch 17: 220/820 Loss: 1.827966
2026-08-16 09:09: Train Epoch 17: 240/820 Loss: 1.809764
2026-08-16 09:09: Train Epoch 17: 260/820 Loss: 1.962196
2026-08-16 09:09: Train Epoch 17: 280/820 Loss: 1.867208
2026-08-16 09:09: Train Epoch 17: 300/820 Loss: 1.896908
2026-08-16 09:09: Train Epoch 17: 320/820 Loss: 1.753581
2026-08-16 09:09: Train Epoch 17: 340/820 Loss: 1.853607
2026-08-16 09:09: Train Epoch 17: 360/820 Loss: 1.792218
2026-08-16 09:09: Train Epoch 17: 380/820 Loss: 1.847197
2026-08-16 09:09: Train Epoch 17: 400/820 Loss: 1.786486
2026-08-16 09:09: Train Epoch 17: 420/820 Loss: 1.834327
2026-08-16 09:09: Train Epoch 17: 440/820 Loss: 1.848639
2026-08-16 09:09: Train Epoch 17: 460/820 Loss: 1.820279
2026-08-16 09:09: Train Epoch 17: 480/820 Loss: 1.766338
2026-08-16 09:09: Train Epoch 17: 500/820 Loss: 1.843895
2026-08-16 09:09: Train Epoch 17: 520/820 Loss: 1.780757
2026-08-16 09:09: Train Epoch 17: 540/820 Loss: 1.758479
2026-08-16 09:09: Train Epoch 17: 560/820 Loss: 1.795349
2026-08-16 09:09: Train Epoch 17: 580/820 Loss: 1.818380
2026-08-16 09:09: Train Epoch 17: 600/820 Loss: 1.897466
2026-08-16 09:09: Train Epoch 17: 620/820 Loss: 1.876417
2026-08-16 09:09: Train Epoch 17: 640/820 Loss: 1.826252
2026-08-16 09:09: Train Epoch 17: 660/820 Loss: 1.730869
2026-08-16 09:09: Train Epoch 17: 680/820 Loss: 1.799153
2026-08-16 09:10: Train Epoch 17: 700/820 Loss: 1.804577
2026-08-16 09:10: Train Epoch 17: 720/820 Loss: 1.866165
2026-08-16 09:10: Train Epoch 17: 740/820 Loss: 1.904992
2026-08-16 09:10: Train Epoch 17: 760/820 Loss: 1.765906
2026-08-16 09:10: Train Epoch 17: 780/820 Loss: 1.821803
2026-08-16 09:10: Train Epoch 17: 800/820 Loss: 1.870671
2026-08-16 09:10: **********Train Epoch 17: averaged Loss: 1.826855, tf_ratio: 1.000000
2026-08-16 09:10: **********Val Epoch 17: average Loss: 1.853700
2026-08-16 09:10: *********************************Current best model saved!
2026-08-16 09:10: Train Epoch 18: 0/820 Loss: 1.865962
2026-08-16 09:10: Train Epoch 18: 20/820 Loss: 1.760386
2026-08-16 09:10: Train Epoch 18: 40/820 Loss: 2.011209
2026-08-16 09:10: Train Epoch 18: 60/820 Loss: 1.749984
2026-08-16 09:10: Train Epoch 18: 80/820 Loss: 1.841920
2026-08-16 09:10: Train Epoch 18: 100/820 Loss: 1.785424
2026-08-16 09:10: Train Epoch 18: 120/820 Loss: 1.833883
2026-08-16 09:10: Train Epoch 18: 140/820 Loss: 1.801137
2026-08-16 09:10: Train Epoch 18: 160/820 Loss: 1.759943
2026-08-16 09:10: Train Epoch 18: 180/820 Loss: 1.842699
2026-08-16 09:10: Train Epoch 18: 200/820 Loss: 1.770539
2026-08-16 09:10: Train Epoch 18: 220/820 Loss: 1.742416
2026-08-16 09:11: Train Epoch 18: 240/820 Loss: 1.757304
2026-08-16 09:11: Train Epoch 18: 260/820 Loss: 1.853483
2026-08-16 09:11: Train Epoch 18: 280/820 Loss: 1.796286
2026-08-16 09:11: Train Epoch 18: 300/820 Loss: 1.726076
2026-08-16 09:11: Train Epoch 18: 320/820 Loss: 1.872638
2026-08-16 09:11: Train Epoch 18: 340/820 Loss: 1.898757
2026-08-16 09:11: Train Epoch 18: 360/820 Loss: 1.743702
2026-08-16 09:11: Train Epoch 18: 380/820 Loss: 1.709534
2026-08-16 09:11: Train Epoch 18: 400/820 Loss: 1.838297
2026-08-16 09:11: Train Epoch 18: 420/820 Loss: 1.758119
2026-08-16 09:11: Train Epoch 18: 440/820 Loss: 1.837019
2026-08-16 09:11: Train Epoch 18: 460/820 Loss: 1.890807
2026-08-16 09:11: Train Epoch 18: 480/820 Loss: 1.766918
2026-08-16 09:11: Train Epoch 18: 500/820 Loss: 1.821070
2026-08-16 09:11: Train Epoch 18: 520/820 Loss: 1.898036
2026-08-16 09:11: Train Epoch 18: 540/820 Loss: 1.770313
2026-08-16 09:11: Train Epoch 18: 560/820 Loss: 1.807948
2026-08-16 09:11: Train Epoch 18: 580/820 Loss: 1.757146
2026-08-16 09:11: Train Epoch 18: 600/820 Loss: 1.774563
2026-08-16 09:11: Train Epoch 18: 620/820 Loss: 1.743290
2026-08-16 09:11: Train Epoch 18: 640/820 Loss: 1.734443
2026-08-16 09:11: Train Epoch 18: 660/820 Loss: 1.737172
2026-08-16 09:11: Train Epoch 18: 680/820 Loss: 1.775266
2026-08-16 09:12: Train Epoch 18: 700/820 Loss: 1.841290
2026-08-16 09:12: Train Epoch 18: 720/820 Loss: 1.755806
2026-08-16 09:12: Train Epoch 18: 740/820 Loss: 1.753603
2026-08-16 09:12: Train Epoch 18: 760/820 Loss: 1.750592
2026-08-16 09:12: Train Epoch 18: 780/820 Loss: 1.879061
2026-08-16 09:12: Train Epoch 18: 800/820 Loss: 1.860090
2026-08-16 09:12: **********Train Epoch 18: averaged Loss: 1.813971, tf_ratio: 1.000000
2026-08-16 09:12: **********Val Epoch 18: average Loss: 1.851516
2026-08-16 09:12: *********************************Current best model saved!
2026-08-16 09:12: Train Epoch 19: 0/820 Loss: 1.846102
2026-08-16 09:12: Train Epoch 19: 20/820 Loss: 1.813736
2026-08-16 09:12: Train Epoch 19: 40/820 Loss: 1.761052
2026-08-16 09:12: Train Epoch 19: 60/820 Loss: 1.815087
2026-08-16 09:12: Train Epoch 19: 80/820 Loss: 1.826195
2026-08-16 09:12: Train Epoch 19: 100/820 Loss: 1.818780
2026-08-16 09:12: Train Epoch 19: 120/820 Loss: 1.764106
2026-08-16 09:12: Train Epoch 19: 140/820 Loss: 1.881605
2026-08-16 09:12: Train Epoch 19: 160/820 Loss: 1.780913
2026-08-16 09:12: Train Epoch 19: 180/820 Loss: 1.840082
2026-08-16 09:12: Train Epoch 19: 200/820 Loss: 1.723358
2026-08-16 09:12: Train Epoch 19: 220/820 Loss: 1.831117
2026-08-16 09:12: Train Epoch 19: 240/820 Loss: 1.800176
2026-08-16 09:13: Train Epoch 19: 260/820 Loss: 1.843850
2026-08-16 09:13: Train Epoch 19: 280/820 Loss: 1.764443
2026-08-16 09:13: Train Epoch 19: 300/820 Loss: 1.745663
2026-08-16 09:13: Train Epoch 19: 320/820 Loss: 1.757707
2026-08-16 09:13: Train Epoch 19: 340/820 Loss: 1.747599
2026-08-16 09:13: Train Epoch 19: 360/820 Loss: 1.694031
2026-08-16 09:13: Train Epoch 19: 380/820 Loss: 1.848976
2026-08-16 09:13: Train Epoch 19: 400/820 Loss: 1.776109
2026-08-16 09:13: Train Epoch 19: 420/820 Loss: 1.711393
2026-08-16 09:13: Train Epoch 19: 440/820 Loss: 1.846012
2026-08-16 09:13: Train Epoch 19: 460/820 Loss: 1.732746
2026-08-16 09:13: Train Epoch 19: 480/820 Loss: 1.738192
2026-08-16 09:13: Train Epoch 19: 500/820 Loss: 1.689677
2026-08-16 09:13: Train Epoch 19: 520/820 Loss: 1.796683
2026-08-16 09:13: Train Epoch 19: 540/820 Loss: 1.852507
2026-08-16 09:13: Train Epoch 19: 560/820 Loss: 1.833505
2026-08-16 09:13: Train Epoch 19: 580/820 Loss: 1.784351
2026-08-16 09:13: Train Epoch 19: 600/820 Loss: 1.791589
2026-08-16 09:13: Train Epoch 19: 620/820 Loss: 1.888592
2026-08-16 09:13: Train Epoch 19: 640/820 Loss: 1.818484
2026-08-16 09:13: Train Epoch 19: 660/820 Loss: 1.845241
2026-08-16 09:13: Train Epoch 19: 680/820 Loss: 1.822108
2026-08-16 09:14: Train Epoch 19: 700/820 Loss: 1.784938
2026-08-16 09:14: Train Epoch 19: 720/820 Loss: 1.905992
2026-08-16 09:14: Train Epoch 19: 740/820 Loss: 1.720310
2026-08-16 09:14: Train Epoch 19: 760/820 Loss: 1.709343
2026-08-16 09:14: Train Epoch 19: 780/820 Loss: 1.687023
2026-08-16 09:14: Train Epoch 19: 800/820 Loss: 1.772776
2026-08-16 09:14: **********Train Epoch 19: averaged Loss: 1.799589, tf_ratio: 1.000000
2026-08-16 09:14: **********Val Epoch 19: average Loss: 1.837517
2026-08-16 09:14: *********************************Current best model saved!
2026-08-16 09:14: Train Epoch 20: 0/820 Loss: 1.663556
2026-08-16 09:14: Train Epoch 20: 20/820 Loss: 1.828027
2026-08-16 09:14: Train Epoch 20: 40/820 Loss: 1.852276
2026-08-16 09:14: Train Epoch 20: 60/820 Loss: 1.784415
2026-08-16 09:14: Train Epoch 20: 80/820 Loss: 1.754908
2026-08-16 09:14: Train Epoch 20: 100/820 Loss: 1.854559
2026-08-16 09:14: Train Epoch 20: 120/820 Loss: 1.732099
2026-08-16 09:14: Train Epoch 20: 140/820 Loss: 1.790357
2026-08-16 09:14: Train Epoch 20: 160/820 Loss: 1.866684
2026-08-16 09:14: Train Epoch 20: 180/820 Loss: 1.755602
2026-08-16 09:14: Train Epoch 20: 200/820 Loss: 1.865707
2026-08-16 09:14: Train Epoch 20: 220/820 Loss: 1.810829
2026-08-16 09:14: Train Epoch 20: 240/820 Loss: 1.720562
2026-08-16 09:15: Train Epoch 20: 260/820 Loss: 1.794154
2026-08-16 09:15: Train Epoch 20: 280/820 Loss: 1.754195
2026-08-16 09:15: Train Epoch 20: 300/820 Loss: 1.850508
2026-08-16 09:15: Train Epoch 20: 320/820 Loss: 1.746438
2026-08-16 09:15: Train Epoch 20: 340/820 Loss: 1.715090
2026-08-16 09:15: Train Epoch 20: 360/820 Loss: 1.798669
2026-08-16 09:15: Train Epoch 20: 380/820 Loss: 1.865969
2026-08-16 09:15: Train Epoch 20: 400/820 Loss: 1.763162
2026-08-16 09:15: Train Epoch 20: 420/820 Loss: 1.761929
2026-08-16 09:15: Train Epoch 20: 440/820 Loss: 1.890525
2026-08-16 09:15: Train Epoch 20: 460/820 Loss: 1.796313
2026-08-16 09:15: Train Epoch 20: 480/820 Loss: 1.774602
2026-08-16 09:15: Train Epoch 20: 500/820 Loss: 1.713496
2026-08-16 09:15: Train Epoch 20: 520/820 Loss: 1.781910
2026-08-16 09:15: Train Epoch 20: 540/820 Loss: 1.843718
2026-08-16 09:15: Train Epoch 20: 560/820 Loss: 1.823214
2026-08-16 09:15: Train Epoch 20: 580/820 Loss: 1.813766
2026-08-16 09:15: Train Epoch 20: 600/820 Loss: 1.811116
2026-08-16 09:15: Train Epoch 20: 620/820 Loss: 1.846741
2026-08-16 09:15: Train Epoch 20: 640/820 Loss: 1.812214
2026-08-16 09:15: Train Epoch 20: 660/820 Loss: 1.910667
2026-08-16 09:15: Train Epoch 20: 680/820 Loss: 1.804129
2026-08-16 09:16: Train Epoch 20: 700/820 Loss: 1.770098
2026-08-16 09:16: Train Epoch 20: 720/820 Loss: 1.756984
2026-08-16 09:16: Train Epoch 20: 740/820 Loss: 1.808115
2026-08-16 09:16: Train Epoch 20: 760/820 Loss: 1.708918
2026-08-16 09:16: Train Epoch 20: 780/820 Loss: 1.778133
2026-08-16 09:16: Train Epoch 20: 800/820 Loss: 1.799918
2026-08-16 09:16: **********Train Epoch 20: averaged Loss: 1.787941, tf_ratio: 1.000000
2026-08-16 09:16: **********Val Epoch 20: average Loss: 1.826325
2026-08-16 09:16: *********************************Current best model saved!
2026-08-16 09:16: Train Epoch 21: 0/820 Loss: 1.732181
2026-08-16 09:16: Train Epoch 21: 20/820 Loss: 1.826358
2026-08-16 09:16: Train Epoch 21: 40/820 Loss: 1.765963
2026-08-16 09:16: Train Epoch 21: 60/820 Loss: 1.790765
2026-08-16 09:16: Train Epoch 21: 80/820 Loss: 1.715090
2026-08-16 09:16: Train Epoch 21: 100/820 Loss: 1.778989
2026-08-16 09:16: Train Epoch 21: 120/820 Loss: 1.751089
2026-08-16 09:16: Train Epoch 21: 140/820 Loss: 1.680333
2026-08-16 09:16: Train Epoch 21: 160/820 Loss: 1.811788
2026-08-16 09:16: Train Epoch 21: 180/820 Loss: 1.871259
2026-08-16 09:16: Train Epoch 21: 200/820 Loss: 1.832871
2026-08-16 09:16: Train Epoch 21: 220/820 Loss: 1.703926
2026-08-16 09:16: Train Epoch 21: 240/820 Loss: 1.723655
2026-08-16 09:17: Train Epoch 21: 260/820 Loss: 1.767113
2026-08-16 09:17: Train Epoch 21: 280/820 Loss: 1.804008
2026-08-16 09:17: Train Epoch 21: 300/820 Loss: 1.829827
2026-08-16 09:17: Train Epoch 21: 320/820 Loss: 1.707828
2026-08-16 09:17: Train Epoch 21: 340/820 Loss: 1.849639
2026-08-16 09:17: Train Epoch 21: 360/820 Loss: 1.780966
2026-08-16 09:17: Train Epoch 21: 380/820 Loss: 1.678329
2026-08-16 09:17: Train Epoch 21: 400/820 Loss: 1.698598
2026-08-16 09:17: Train Epoch 21: 420/820 Loss: 1.711956
2026-08-16 09:17: Train Epoch 21: 440/820 Loss: 1.768003
2026-08-16 09:17: Train Epoch 21: 460/820 Loss: 1.856546
2026-08-16 09:17: Train Epoch 21: 480/820 Loss: 1.795088
2026-08-16 09:17: Train Epoch 21: 500/820 Loss: 1.792271
2026-08-16 09:17: Train Epoch 21: 520/820 Loss: 1.748901
2026-08-16 09:17: Train Epoch 21: 540/820 Loss: 1.779483
2026-08-16 09:17: Train Epoch 21: 560/820 Loss: 1.664861
2026-08-16 09:17: Train Epoch 21: 580/820 Loss: 1.718476
2026-08-16 09:17: Train Epoch 21: 600/820 Loss: 1.756892
2026-08-16 09:17: Train Epoch 21: 620/820 Loss: 1.776248
2026-08-16 09:17: Train Epoch 21: 640/820 Loss: 1.743779
2026-08-16 09:17: Train Epoch 21: 660/820 Loss: 1.805732
2026-08-16 09:17: Train Epoch 21: 680/820 Loss: 1.849160
2026-08-16 09:17: Train Epoch 21: 700/820 Loss: 1.868724
2026-08-16 09:18: Train Epoch 21: 720/820 Loss: 1.809529
2026-08-16 09:18: Train Epoch 21: 740/820 Loss: 1.760398
2026-08-16 09:18: Train Epoch 21: 760/820 Loss: 1.762546
2026-08-16 09:18: Train Epoch 21: 780/820 Loss: 1.849164
2026-08-16 09:18: Train Epoch 21: 800/820 Loss: 1.798024
2026-08-16 09:18: **********Train Epoch 21: averaged Loss: 1.775217, tf_ratio: 1.000000
2026-08-16 09:18: **********Val Epoch 21: average Loss: 1.828865
2026-08-16 09:18: Train Epoch 22: 0/820 Loss: 1.738335
2026-08-16 09:18: Train Epoch 22: 20/820 Loss: 1.732608
2026-08-16 09:18: Train Epoch 22: 40/820 Loss: 1.807143
2026-08-16 09:18: Train Epoch 22: 60/820 Loss: 1.783163
2026-08-16 09:18: Train Epoch 22: 80/820 Loss: 1.699939
2026-08-16 09:18: Train Epoch 22: 100/820 Loss: 1.814131
2026-08-16 09:18: Train Epoch 22: 120/820 Loss: 1.761885
2026-08-16 09:18: Train Epoch 22: 140/820 Loss: 1.785350
2026-08-16 09:18: Train Epoch 22: 160/820 Loss: 1.803311
2026-08-16 09:18: Train Epoch 22: 180/820 Loss: 1.780171
2026-08-16 09:18: Train Epoch 22: 200/820 Loss: 1.810834
2026-08-16 09:18: Train Epoch 22: 220/820 Loss: 1.760981
2026-08-16 09:18: Train Epoch 22: 240/820 Loss: 1.721830
2026-08-16 09:18: Train Epoch 22: 260/820 Loss: 1.768688
2026-08-16 09:19: Train Epoch 22: 280/820 Loss: 1.900299
2026-08-16 09:19: Train Epoch 22: 300/820 Loss: 1.735270
2026-08-16 09:19: Train Epoch 22: 320/820 Loss: 1.758508
2026-08-16 09:19: Train Epoch 22: 340/820 Loss: 1.818742
2026-08-16 09:19: Train Epoch 22: 360/820 Loss: 1.799007
2026-08-16 09:19: Train Epoch 22: 380/820 Loss: 1.816820
2026-08-16 09:19: Train Epoch 22: 400/820 Loss: 1.687207
2026-08-16 09:19: Train Epoch 22: 420/820 Loss: 1.815237
2026-08-16 09:19: Train Epoch 22: 440/820 Loss: 1.836213
2026-08-16 09:19: Train Epoch 22: 460/820 Loss: 1.823613
2026-08-16 09:19: Train Epoch 22: 480/820 Loss: 1.731635
2026-08-16 09:19: Train Epoch 22: 500/820 Loss: 1.687794
2026-08-16 09:19: Train Epoch 22: 520/820 Loss: 1.730811
2026-08-16 09:19: Train Epoch 22: 540/820 Loss: 1.733330
2026-08-16 09:19: Train Epoch 22: 560/820 Loss: 1.755169
2026-08-16 09:19: Train Epoch 22: 580/820 Loss: 1.706410
2026-08-16 09:19: Train Epoch 22: 600/820 Loss: 1.878500
2026-08-16 09:19: Train Epoch 22: 620/820 Loss: 1.754845
2026-08-16 09:19: Train Epoch 22: 640/820 Loss: 1.780497
2026-08-16 09:19: Train Epoch 22: 660/820 Loss: 1.838334
2026-08-16 09:19: Train Epoch 22: 680/820 Loss: 1.773202
2026-08-16 09:19: Train Epoch 22: 700/820 Loss: 1.796453
2026-08-16 09:19: Train Epoch 22: 720/820 Loss: 1.674747
2026-08-16 09:20: Train Epoch 22: 740/820 Loss: 1.793934
2026-08-16 09:20: Train Epoch 22: 760/820 Loss: 1.845855
2026-08-16 09:20: Train Epoch 22: 780/820 Loss: 1.711130
2026-08-16 09:20: Train Epoch 22: 800/820 Loss: 1.732531
2026-08-16 09:20: **********Train Epoch 22: averaged Loss: 1.763357, tf_ratio: 1.000000
2026-08-16 09:20: **********Val Epoch 22: average Loss: 1.822338
2026-08-16 09:20: *********************************Current best model saved!
2026-08-16 09:20: Train Epoch 23: 0/820 Loss: 1.723042
2026-08-16 09:20: Train Epoch 23: 20/820 Loss: 1.857602
2026-08-16 09:20: Train Epoch 23: 40/820 Loss: 1.789046
2026-08-16 09:20: Train Epoch 23: 60/820 Loss: 1.712288
2026-08-16 09:20: Train Epoch 23: 80/820 Loss: 1.732120
2026-08-16 09:20: Train Epoch 23: 100/820 Loss: 1.645781
2026-08-16 09:20: Train Epoch 23: 120/820 Loss: 1.786763
2026-08-16 09:20: Train Epoch 23: 140/820 Loss: 1.692055
2026-08-16 09:20: Train Epoch 23: 160/820 Loss: 1.829898
2026-08-16 09:20: Train Epoch 23: 180/820 Loss: 1.727749
2026-08-16 09:20: Train Epoch 23: 200/820 Loss: 1.712988
2026-08-16 09:20: Train Epoch 23: 220/820 Loss: 1.805143
2026-08-16 09:20: Train Epoch 23: 240/820 Loss: 1.738803
2026-08-16 09:20: Train Epoch 23: 260/820 Loss: 1.710775
2026-08-16 09:20: Train Epoch 23: 280/820 Loss: 1.741053
2026-08-16 09:21: Train Epoch 23: 300/820 Loss: 1.723707
2026-08-16 09:21: Train Epoch 23: 320/820 Loss: 1.752903
2026-08-16 09:21: Train Epoch 23: 340/820 Loss: 1.682135
2026-08-16 09:21: Train Epoch 23: 360/820 Loss: 1.771834
2026-08-16 09:21: Train Epoch 23: 380/820 Loss: 1.704590
2026-08-16 09:21: Train Epoch 23: 400/820 Loss: 1.799252
2026-08-16 09:21: Train Epoch 23: 420/820 Loss: 1.653245
2026-08-16 09:21: Train Epoch 23: 440/820 Loss: 1.701672
2026-08-16 09:21: Train Epoch 23: 460/820 Loss: 1.706962
2026-08-16 09:21: Train Epoch 23: 480/820 Loss: 1.673718
2026-08-16 09:21: Train Epoch 23: 500/820 Loss: 1.775045
2026-08-16 09:21: Train Epoch 23: 520/820 Loss: 1.674047
2026-08-16 09:21: Train Epoch 23: 540/820 Loss: 1.711672
2026-08-16 09:21: Train Epoch 23: 560/820 Loss: 1.849300
2026-08-16 09:21: Train Epoch 23: 580/820 Loss: 1.691963
2026-08-16 09:21: Train Epoch 23: 600/820 Loss: 1.844932
2026-08-16 09:21: Train Epoch 23: 620/820 Loss: 1.678220
2026-08-16 09:21: Train Epoch 23: 640/820 Loss: 1.683825
2026-08-16 09:21: Train Epoch 23: 660/820 Loss: 1.673031
2026-08-16 09:21: Train Epoch 23: 680/820 Loss: 1.722498
2026-08-16 09:21: Train Epoch 23: 700/820 Loss: 1.699635
2026-08-16 09:21: Train Epoch 23: 720/820 Loss: 1.807661
2026-08-16 09:21: Train Epoch 23: 740/820 Loss: 1.699349
2026-08-16 09:22: Train Epoch 23: 760/820 Loss: 1.767085
2026-08-16 09:22: Train Epoch 23: 780/820 Loss: 1.682794
2026-08-16 09:22: Train Epoch 23: 800/820 Loss: 1.758246
2026-08-16 09:22: **********Train Epoch 23: averaged Loss: 1.751080, tf_ratio: 1.000000
2026-08-16 09:22: **********Val Epoch 23: average Loss: 1.827260
2026-08-16 09:22: Train Epoch 24: 0/820 Loss: 1.686083
2026-08-16 09:22: Train Epoch 24: 20/820 Loss: 1.731940
2026-08-16 09:22: Train Epoch 24: 40/820 Loss: 1.642891
2026-08-16 09:22: Train Epoch 24: 60/820 Loss: 1.671127
2026-08-16 09:22: Train Epoch 24: 80/820 Loss: 1.730041
2026-08-16 09:22: Train Epoch 24: 100/820 Loss: 1.762483
2026-08-16 09:22: Train Epoch 24: 120/820 Loss: 1.775271
2026-08-16 09:22: Train Epoch 24: 140/820 Loss: 1.773634
2026-08-16 09:22: Train Epoch 24: 160/820 Loss: 1.725097
2026-08-16 09:22: Train Epoch 24: 180/820 Loss: 1.729684
2026-08-16 09:22: Train Epoch 24: 200/820 Loss: 1.835054
2026-08-16 09:22: Train Epoch 24: 220/820 Loss: 1.754806
2026-08-16 09:22: Train Epoch 24: 240/820 Loss: 1.669002
2026-08-16 09:22: Train Epoch 24: 260/820 Loss: 1.767547
2026-08-16 09:22: Train Epoch 24: 280/820 Loss: 1.833233
2026-08-16 09:23: Train Epoch 24: 300/820 Loss: 1.659158
2026-08-16 09:23: Train Epoch 24: 320/820 Loss: 1.822800
2026-08-16 09:23: Train Epoch 24: 340/820 Loss: 1.654355
2026-08-16 09:23: Train Epoch 24: 360/820 Loss: 1.732883
2026-08-16 09:23: Train Epoch 24: 380/820 Loss: 1.732253
2026-08-16 09:23: Train Epoch 24: 400/820 Loss: 1.809799
2026-08-16 09:23: Train Epoch 24: 420/820 Loss: 1.772348
2026-08-16 09:23: Train Epoch 24: 440/820 Loss: 1.784928
2026-08-16 09:23: Train Epoch 24: 460/820 Loss: 1.748587
2026-08-16 09:23: Train Epoch 24: 480/820 Loss: 1.728519
2026-08-16 09:23: Train Epoch 24: 500/820 Loss: 1.694879
2026-08-16 09:23: Train Epoch 24: 520/820 Loss: 1.766139
2026-08-16 09:23: Train Epoch 24: 540/820 Loss: 1.637762
2026-08-16 09:23: Train Epoch 24: 560/820 Loss: 1.764424
2026-08-16 09:23: Train Epoch 24: 580/820 Loss: 1.718453
2026-08-16 09:23: Train Epoch 24: 600/820 Loss: 1.719871
2026-08-16 09:23: Train Epoch 24: 620/820 Loss: 1.670685
2026-08-16 09:23: Train Epoch 24: 640/820 Loss: 1.740534
2026-08-16 09:23: Train Epoch 24: 660/820 Loss: 1.730957
2026-08-16 09:23: Train Epoch 24: 680/820 Loss: 1.750769
2026-08-16 09:23: Train Epoch 24: 700/820 Loss: 1.743941
2026-08-16 09:23: Train Epoch 24: 720/820 Loss: 1.696722
2026-08-16 09:23: Train Epoch 24: 740/820 Loss: 1.725738
2026-08-16 09:24: Train Epoch 24: 760/820 Loss: 1.684877
2026-08-16 09:24: Train Epoch 24: 780/820 Loss: 1.703080
2026-08-16 09:24: Train Epoch 24: 800/820 Loss: 1.761080
2026-08-16 09:24: **********Train Epoch 24: averaged Loss: 1.740212, tf_ratio: 1.000000
2026-08-16 09:24: **********Val Epoch 24: average Loss: 1.825529
2026-08-16 09:24: Train Epoch 25: 0/820 Loss: 1.743781
2026-08-16 09:24: Train Epoch 25: 20/820 Loss: 1.782941
2026-08-16 09:24: Train Epoch 25: 40/820 Loss: 1.744241
2026-08-16 09:24: Train Epoch 25: 60/820 Loss: 1.748590
2026-08-16 09:24: Train Epoch 25: 80/820 Loss: 1.905923
2026-08-16 09:24: Train Epoch 25: 100/820 Loss: 1.741037
2026-08-16 09:24: Train Epoch 25: 120/820 Loss: 1.669482
2026-08-16 09:24: Train Epoch 25: 140/820 Loss: 1.782897
2026-08-16 09:24: Train Epoch 25: 160/820 Loss: 1.705033
2026-08-16 09:24: Train Epoch 25: 180/820 Loss: 1.657428
2026-08-16 09:24: Train Epoch 25: 200/820 Loss: 1.731620
2026-08-16 09:24: Train Epoch 25: 220/820 Loss: 1.760982
2026-08-16 09:24: Train Epoch 25: 240/820 Loss: 1.691285
2026-08-16 09:24: Train Epoch 25: 260/820 Loss: 1.810310
2026-08-16 09:24: Train Epoch 25: 280/820 Loss: 1.735778
2026-08-16 09:24: Train Epoch 25: 300/820 Loss: 1.730112
2026-08-16 09:25: Train Epoch 25: 320/820 Loss: 1.757861
2026-08-16 09:25: Train Epoch 25: 340/820 Loss: 1.765123
2026-08-16 09:25: Train Epoch 25: 360/820 Loss: 1.822837
2026-08-16 09:25: Train Epoch 25: 380/820 Loss: 1.671553
2026-08-16 09:25: Train Epoch 25: 400/820 Loss: 1.670510
2026-08-16 09:25: Train Epoch 25: 420/820 Loss: 1.677536
2026-08-16 09:25: Train Epoch 25: 440/820 Loss: 1.783254
2026-08-16 09:25: Train Epoch 25: 460/820 Loss: 1.726789
2026-08-16 09:25: Train Epoch 25: 480/820 Loss: 1.856218
2026-08-16 09:25: Train Epoch 25: 500/820 Loss: 1.684817
2026-08-16 09:25: Train Epoch 25: 520/820 Loss: 1.707659
2026-08-16 09:25: Train Epoch 25: 540/820 Loss: 1.665200
2026-08-16 09:25: Train Epoch 25: 560/820 Loss: 1.678814
2026-08-16 09:25: Train Epoch 25: 580/820 Loss: 1.665621
2026-08-16 09:25: Train Epoch 25: 600/820 Loss: 1.664695
2026-08-16 09:25: Train Epoch 25: 620/820 Loss: 1.760591
2026-08-16 09:25: Train Epoch 25: 640/820 Loss: 1.681856
2026-08-16 09:25: Train Epoch 25: 660/820 Loss: 1.731046
2026-08-16 09:25: Train Epoch 25: 680/820 Loss: 1.690292
2026-08-16 09:25: Train Epoch 25: 700/820 Loss: 1.741295
2026-08-16 09:25: Train Epoch 25: 720/820 Loss: 1.708104
2026-08-16 09:25: Train Epoch 25: 740/820 Loss: 1.715576
2026-08-16 09:26: Train Epoch 25: 760/820 Loss: 1.713858
2026-08-16 09:26: Train Epoch 25: 780/820 Loss: 1.764933
2026-08-16 09:26: Train Epoch 25: 800/820 Loss: 1.689758
2026-08-16 09:26: **********Train Epoch 25: averaged Loss: 1.726258, tf_ratio: 1.000000
2026-08-16 09:26: **********Val Epoch 25: average Loss: 1.828162
2026-08-16 09:26: Train Epoch 26: 0/820 Loss: 1.726502
2026-08-16 09:26: Train Epoch 26: 20/820 Loss: 1.746307
2026-08-16 09:26: Train Epoch 26: 40/820 Loss: 1.771770
2026-08-16 09:26: Train Epoch 26: 60/820 Loss: 1.806559
2026-08-16 09:26: Train Epoch 26: 80/820 Loss: 1.822168
2026-08-16 09:26: Train Epoch 26: 100/820 Loss: 1.782876
2026-08-16 09:26: Train Epoch 26: 120/820 Loss: 1.769855
2026-08-16 09:26: Train Epoch 26: 140/820 Loss: 1.676399
2026-08-16 09:26: Train Epoch 26: 160/820 Loss: 1.780791
2026-08-16 09:26: Train Epoch 26: 180/820 Loss: 1.665531
2026-08-16 09:26: Train Epoch 26: 200/820 Loss: 1.717259
2026-08-16 09:26: Train Epoch 26: 220/820 Loss: 1.607162
2026-08-16 09:26: Train Epoch 26: 240/820 Loss: 1.705585
2026-08-16 09:26: Train Epoch 26: 260/820 Loss: 1.738506
2026-08-16 09:26: Train Epoch 26: 280/820 Loss: 1.723134
2026-08-16 09:26: Train Epoch 26: 300/820 Loss: 1.798086
2026-08-16 09:27: Train Epoch 26: 320/820 Loss: 1.725277
2026-08-16 09:27: Train Epoch 26: 340/820 Loss: 1.798509
2026-08-16 09:27: Train Epoch 26: 360/820 Loss: 1.743451
2026-08-16 09:27: Train Epoch 26: 380/820 Loss: 1.732078
2026-08-16 09:27: Train Epoch 26: 400/820 Loss: 1.732185
2026-08-16 09:27: Train Epoch 26: 420/820 Loss: 1.746894
2026-08-16 09:27: Train Epoch 26: 440/820 Loss: 1.653924
2026-08-16 09:27: Train Epoch 26: 460/820 Loss: 1.721675
2026-08-16 09:27: Train Epoch 26: 480/820 Loss: 1.658798
2026-08-16 09:27: Train Epoch 26: 500/820 Loss: 1.750393
2026-08-16 09:27: Train Epoch 26: 520/820 Loss: 1.763483
2026-08-16 09:27: Train Epoch 26: 540/820 Loss: 1.754322
2026-08-16 09:27: Train Epoch 26: 560/820 Loss: 1.705743
2026-08-16 09:27: Train Epoch 26: 580/820 Loss: 1.703438
2026-08-16 09:27: Train Epoch 26: 600/820 Loss: 1.788186
2026-08-16 09:27: Train Epoch 26: 620/820 Loss: 1.746275
2026-08-16 09:27: Train Epoch 26: 640/820 Loss: 1.752669
2026-08-16 09:27: Train Epoch 26: 660/820 Loss: 1.707671
2026-08-16 09:27: Train Epoch 26: 680/820 Loss: 1.832618
2026-08-16 09:27: Train Epoch 26: 700/820 Loss: 1.777537
2026-08-16 09:27: Train Epoch 26: 720/820 Loss: 1.657237
2026-08-16 09:27: Train Epoch 26: 740/820 Loss: 1.895950
2026-08-16 09:27: Train Epoch 26: 760/820 Loss: 1.730220
2026-08-16 09:28: Train Epoch 26: 780/820 Loss: 1.784265
2026-08-16 09:28: Train Epoch 26: 800/820 Loss: 1.684969
2026-08-16 09:28: **********Train Epoch 26: averaged Loss: 1.716403, tf_ratio: 1.000000
2026-08-16 09:28: **********Val Epoch 26: average Loss: 1.816662
2026-08-16 09:28: *********************************Current best model saved!
2026-08-16 09:28: Train Epoch 27: 0/820 Loss: 1.771550
2026-08-16 09:28: Train Epoch 27: 20/820 Loss: 1.649226
2026-08-16 09:28: Train Epoch 27: 40/820 Loss: 1.776850
2026-08-16 09:28: Train Epoch 27: 60/820 Loss: 1.808631
2026-08-16 09:28: Train Epoch 27: 80/820 Loss: 1.670432
2026-08-16 09:28: Train Epoch 27: 100/820 Loss: 1.724291
2026-08-16 09:28: Train Epoch 27: 120/820 Loss: 1.680906
2026-08-16 09:28: Train Epoch 27: 140/820 Loss: 1.674497
2026-08-16 09:28: Train Epoch 27: 160/820 Loss: 1.735600
2026-08-16 09:28: Train Epoch 27: 180/820 Loss: 1.635927
2026-08-16 09:28: Train Epoch 27: 200/820 Loss: 1.673050
2026-08-16 09:28: Train Epoch 27: 220/820 Loss: 1.672697
2026-08-16 09:28: Train Epoch 27: 240/820 Loss: 1.687098
2026-08-16 09:28: Train Epoch 27: 260/820 Loss: 1.686743
2026-08-16 09:28: Train Epoch 27: 280/820 Loss: 1.752209
2026-08-16 09:28: Train Epoch 27: 300/820 Loss: 1.844557
2026-08-16 09:28: Train Epoch 27: 320/820 Loss: 1.705385
2026-08-16 09:29: Train Epoch 27: 340/820 Loss: 1.754828
2026-08-16 09:29: Train Epoch 27: 360/820 Loss: 1.755820
2026-08-16 09:29: Train Epoch 27: 380/820 Loss: 1.672606
2026-08-16 09:29: Train Epoch 27: 400/820 Loss: 1.675367
2026-08-16 09:29: Train Epoch 27: 420/820 Loss: 1.700713
2026-08-16 09:29: Train Epoch 27: 440/820 Loss: 1.709252
2026-08-16 09:29: Train Epoch 27: 460/820 Loss: 1.632576
2026-08-16 09:29: Train Epoch 27: 480/820 Loss: 1.738056
2026-08-16 09:29: Train Epoch 27: 500/820 Loss: 1.749076
2026-08-16 09:29: Train Epoch 27: 520/820 Loss: 1.644652
2026-08-16 09:29: Train Epoch 27: 540/820 Loss: 1.665436
2026-08-16 09:29: Train Epoch 27: 560/820 Loss: 1.754203
2026-08-16 09:29: Train Epoch 27: 580/820 Loss: 1.719875
2026-08-16 09:29: Train Epoch 27: 600/820 Loss: 1.742554
2026-08-16 09:29: Train Epoch 27: 620/820 Loss: 1.741648
2026-08-16 09:29: Train Epoch 27: 640/820 Loss: 1.660713
2026-08-16 09:29: Train Epoch 27: 660/820 Loss: 1.709401
2026-08-16 09:29: Train Epoch 27: 680/820 Loss: 1.642255
2026-08-16 09:29: Train Epoch 27: 700/820 Loss: 1.692726
2026-08-16 09:29: Train Epoch 27: 720/820 Loss: 1.654582
2026-08-16 09:29: Train Epoch 27: 740/820 Loss: 1.661186
2026-08-16 09:29: Train Epoch 27: 760/820 Loss: 1.734003
2026-08-16 09:29: Train Epoch 27: 780/820 Loss: 1.699644
2026-08-16 09:30: Train Epoch 27: 800/820 Loss: 1.723417
2026-08-16 09:30: **********Train Epoch 27: averaged Loss: 1.705842, tf_ratio: 1.000000
2026-08-16 09:30: **********Val Epoch 27: average Loss: 1.815259
2026-08-16 09:30: *********************************Current best model saved!
2026-08-16 09:30: Train Epoch 28: 0/820 Loss: 1.662948
2026-08-16 09:30: Train Epoch 28: 20/820 Loss: 1.676558
2026-08-16 09:30: Train Epoch 28: 40/820 Loss: 1.595378
2026-08-16 09:30: Train Epoch 28: 60/820 Loss: 1.781282
2026-08-16 09:30: Train Epoch 28: 80/820 Loss: 1.722301
2026-08-16 09:30: Train Epoch 28: 100/820 Loss: 1.770375
2026-08-16 09:30: Train Epoch 28: 120/820 Loss: 1.839257
2026-08-16 09:30: Train Epoch 28: 140/820 Loss: 1.694586
2026-08-16 09:30: Train Epoch 28: 160/820 Loss: 1.739202
2026-08-16 09:30: Train Epoch 28: 180/820 Loss: 1.646904
2026-08-16 09:30: Train Epoch 28: 200/820 Loss: 1.689726
2026-08-16 09:30: Train Epoch 28: 220/820 Loss: 1.668839
2026-08-16 09:30: Train Epoch 28: 240/820 Loss: 1.698267
2026-08-16 09:30: Train Epoch 28: 260/820 Loss: 1.707211
2026-08-16 09:30: Train Epoch 28: 280/820 Loss: 1.643576
2026-08-16 09:30: Train Epoch 28: 300/820 Loss: 1.668581
2026-08-16 09:30: Train Epoch 28: 320/820 Loss: 1.664194
2026-08-16 09:30: Train Epoch 28: 340/820 Loss: 1.663303
2026-08-16 09:31: Train Epoch 28: 360/820 Loss: 1.684098
2026-08-16 09:31: Train Epoch 28: 380/820 Loss: 1.710037
2026-08-16 09:31: Train Epoch 28: 400/820 Loss: 1.597688
2026-08-16 09:31: Train Epoch 28: 420/820 Loss: 1.690232
2026-08-16 09:31: Train Epoch 28: 440/820 Loss: 1.741860
2026-08-16 09:31: Train Epoch 28: 460/820 Loss: 1.716088
2026-08-16 09:31: Train Epoch 28: 480/820 Loss: 1.699229
2026-08-16 09:31: Train Epoch 28: 500/820 Loss: 1.631012
2026-08-16 09:31: Train Epoch 28: 520/820 Loss: 1.679403
2026-08-16 09:31: Train Epoch 28: 540/820 Loss: 1.716855
2026-08-16 09:31: Train Epoch 28: 560/820 Loss: 1.675433
2026-08-16 09:31: Train Epoch 28: 580/820 Loss: 1.691008
2026-08-16 09:31: Train Epoch 28: 600/820 Loss: 1.637607
2026-08-16 09:31: Train Epoch 28: 620/820 Loss: 1.610999
2026-08-16 09:31: Train Epoch 28: 640/820 Loss: 1.698365
2026-08-16 09:31: Train Epoch 28: 660/820 Loss: 1.702692
2026-08-16 09:31: Train Epoch 28: 680/820 Loss: 1.662451
2026-08-16 09:31: Train Epoch 28: 700/820 Loss: 1.771770
2026-08-16 09:31: Train Epoch 28: 720/820 Loss: 1.708411
2026-08-16 09:31: Train Epoch 28: 740/820 Loss: 1.703068
2026-08-16 09:31: Train Epoch 28: 760/820 Loss: 1.564150
2026-08-16 09:31: Train Epoch 28: 780/820 Loss: 1.756005
2026-08-16 09:31: Train Epoch 28: 800/820 Loss: 1.751794
2026-08-16 09:32: **********Train Epoch 28: averaged Loss: 1.695283, tf_ratio: 1.000000
2026-08-16 09:32: **********Val Epoch 28: average Loss: 1.818550
2026-08-16 09:32: Train Epoch 29: 0/820 Loss: 1.722579
2026-08-16 09:32: Train Epoch 29: 20/820 Loss: 1.697137
2026-08-16 09:32: Train Epoch 29: 40/820 Loss: 1.727750
2026-08-16 09:32: Train Epoch 29: 60/820 Loss: 1.667807
2026-08-16 09:32: Train Epoch 29: 80/820 Loss: 1.733704
2026-08-16 09:32: Train Epoch 29: 100/820 Loss: 1.659990
2026-08-16 09:32: Train Epoch 29: 120/820 Loss: 1.707036
2026-08-16 09:32: Train Epoch 29: 140/820 Loss: 1.667900
2026-08-16 09:32: Train Epoch 29: 160/820 Loss: 1.662707
2026-08-16 09:32: Train Epoch 29: 180/820 Loss: 1.607778
2026-08-16 09:32: Train Epoch 29: 200/820 Loss: 1.651570
2026-08-16 09:32: Train Epoch 29: 220/820 Loss: 1.687415
2026-08-16 09:32: Train Epoch 29: 240/820 Loss: 1.692504
2026-08-16 09:32: Train Epoch 29: 260/820 Loss: 1.713587
2026-08-16 09:32: Train Epoch 29: 280/820 Loss: 1.696873
2026-08-16 09:32: Train Epoch 29: 300/820 Loss: 1.635908
2026-08-16 09:32: Train Epoch 29: 320/820 Loss: 1.845157
2026-08-16 09:32: Train Epoch 29: 340/820 Loss: 1.630417
2026-08-16 09:32: Train Epoch 29: 360/820 Loss: 1.666180
2026-08-16 09:33: Train Epoch 29: 380/820 Loss: 1.695623
2026-08-16 09:33: Train Epoch 29: 400/820 Loss: 1.667743
2026-08-16 09:33: Train Epoch 29: 420/820 Loss: 1.683030
2026-08-16 09:33: Train Epoch 29: 440/820 Loss: 1.647494
2026-08-16 09:33: Train Epoch 29: 460/820 Loss: 1.575694
2026-08-16 09:33: Train Epoch 29: 480/820 Loss: 1.661559
2026-08-16 09:33: Train Epoch 29: 500/820 Loss: 1.724276
2026-08-16 09:33: Train Epoch 29: 520/820 Loss: 1.711640
2026-08-16 09:33: Train Epoch 29: 540/820 Loss: 1.638658
2026-08-16 09:33: Train Epoch 29: 560/820 Loss: 1.620403
2026-08-16 09:33: Train Epoch 29: 580/820 Loss: 1.635474
2026-08-16 09:33: Train Epoch 29: 600/820 Loss: 1.602070
2026-08-16 09:33: Train Epoch 29: 620/820 Loss: 1.733074
2026-08-16 09:33: Train Epoch 29: 640/820 Loss: 1.751578
2026-08-16 09:33: Train Epoch 29: 660/820 Loss: 1.696969
2026-08-16 09:33: Train Epoch 29: 680/820 Loss: 1.704119
2026-08-16 09:33: Train Epoch 29: 700/820 Loss: 1.683683
2026-08-16 09:33: Train Epoch 29: 720/820 Loss: 1.697089
2026-08-16 09:33: Train Epoch 29: 740/820 Loss: 1.664618
2026-08-16 09:33: Train Epoch 29: 760/820 Loss: 1.697503
2026-08-16 09:33: Train Epoch 29: 780/820 Loss: 1.724668
2026-08-16 09:33: Train Epoch 29: 800/820 Loss: 1.623497
2026-08-16 09:33: **********Train Epoch 29: averaged Loss: 1.684677, tf_ratio: 1.000000
2026-08-16 09:34: **********Val Epoch 29: average Loss: 1.803311
2026-08-16 09:34: *********************************Current best model saved!
2026-08-16 09:34: Train Epoch 30: 0/820 Loss: 1.664674
2026-08-16 09:34: Train Epoch 30: 20/820 Loss: 1.692202
2026-08-16 09:34: Train Epoch 30: 40/820 Loss: 1.678657
2026-08-16 09:34: Train Epoch 30: 60/820 Loss: 1.759049
2026-08-16 09:34: Train Epoch 30: 80/820 Loss: 1.664906
2026-08-16 09:34: Train Epoch 30: 100/820 Loss: 1.746556
2026-08-16 09:34: Train Epoch 30: 120/820 Loss: 1.765307
2026-08-16 09:34: Train Epoch 30: 140/820 Loss: 1.741791
2026-08-16 09:34: Train Epoch 30: 160/820 Loss: 1.643802
2026-08-16 09:34: Train Epoch 30: 180/820 Loss: 1.676058
2026-08-16 09:34: Train Epoch 30: 200/820 Loss: 1.666181
2026-08-16 09:34: Train Epoch 30: 220/820 Loss: 1.720906
2026-08-16 09:34: Train Epoch 30: 240/820 Loss: 1.582079
2026-08-16 09:34: Train Epoch 30: 260/820 Loss: 1.662186
2026-08-16 09:34: Train Epoch 30: 280/820 Loss: 1.671063
2026-08-16 09:34: Train Epoch 30: 300/820 Loss: 1.702063
2026-08-16 09:34: Train Epoch 30: 320/820 Loss: 1.669720
2026-08-16 09:34: Train Epoch 30: 340/820 Loss: 1.775793
2026-08-16 09:34: Train Epoch 30: 360/820 Loss: 1.678262
2026-08-16 09:35: Train Epoch 30: 380/820 Loss: 1.705349
2026-08-16 09:35: Train Epoch 30: 400/820 Loss: 1.641239
2026-08-16 09:35: Train Epoch 30: 420/820 Loss: 1.685636
2026-08-16 09:35: Train Epoch 30: 440/820 Loss: 1.762253
2026-08-16 09:35: Train Epoch 30: 460/820 Loss: 1.598188
2026-08-16 09:35: Train Epoch 30: 480/820 Loss: 1.703936
2026-08-16 09:35: Train Epoch 30: 500/820 Loss: 1.678644
2026-08-16 09:35: Train Epoch 30: 520/820 Loss: 1.659392
2026-08-16 09:35: Train Epoch 30: 540/820 Loss: 1.650823
2026-08-16 09:35: Train Epoch 30: 560/820 Loss: 1.648871
2026-08-16 09:35: Train Epoch 30: 580/820 Loss: 1.617211
2026-08-16 09:35: Train Epoch 30: 600/820 Loss: 1.715286
2026-08-16 09:35: Train Epoch 30: 620/820 Loss: 1.681321
2026-08-16 09:35: Train Epoch 30: 640/820 Loss: 1.666314
2026-08-16 09:35: Train Epoch 30: 660/820 Loss: 1.621661
2026-08-16 09:35: Train Epoch 30: 680/820 Loss: 1.754780
2026-08-16 09:35: Train Epoch 30: 700/820 Loss: 1.719959
2026-08-16 09:35: Train Epoch 30: 720/820 Loss: 1.669196
2026-08-16 09:35: Train Epoch 30: 740/820 Loss: 1.652452
2026-08-16 09:35: Train Epoch 30: 760/820 Loss: 1.685779
2026-08-16 09:35: Train Epoch 30: 780/820 Loss: 1.668804
2026-08-16 09:35: Train Epoch 30: 800/820 Loss: 1.708557
2026-08-16 09:35: **********Train Epoch 30: averaged Loss: 1.674648, tf_ratio: 1.000000
2026-08-16 09:36: **********Val Epoch 30: average Loss: 1.813387
2026-08-16 09:36: Train Epoch 31: 0/820 Loss: 1.626389
2026-08-16 09:36: Train Epoch 31: 20/820 Loss: 1.689937
2026-08-16 09:36: Train Epoch 31: 40/820 Loss: 1.664910
2026-08-16 09:36: Train Epoch 31: 60/820 Loss: 1.681119
2026-08-16 09:36: Train Epoch 31: 80/820 Loss: 1.613790
2026-08-16 09:36: Train Epoch 31: 100/820 Loss: 1.630776
2026-08-16 09:36: Train Epoch 31: 120/820 Loss: 1.678063
2026-08-16 09:36: Train Epoch 31: 140/820 Loss: 1.630514
2026-08-16 09:36: Train Epoch 31: 160/820 Loss: 1.672471
2026-08-16 09:36: Train Epoch 31: 180/820 Loss: 1.684140
2026-08-16 09:36: Train Epoch 31: 200/820 Loss: 1.631485
2026-08-16 09:36: Train Epoch 31: 220/820 Loss: 1.706008
2026-08-16 09:36: Train Epoch 31: 240/820 Loss: 1.700234
2026-08-16 09:36: Train Epoch 31: 260/820 Loss: 1.701694
2026-08-16 09:36: Train Epoch 31: 280/820 Loss: 1.617626
2026-08-16 09:36: Train Epoch 31: 300/820 Loss: 1.624221
2026-08-16 09:36: Train Epoch 31: 320/820 Loss: 1.596738
2026-08-16 09:36: Train Epoch 31: 340/820 Loss: 1.633573
2026-08-16 09:36: Train Epoch 31: 360/820 Loss: 1.699468
2026-08-16 09:36: Train Epoch 31: 380/820 Loss: 1.617928
2026-08-16 09:37: Train Epoch 31: 400/820 Loss: 1.606870
2026-08-16 09:37: Train Epoch 31: 420/820 Loss: 1.576805
2026-08-16 09:37: Train Epoch 31: 440/820 Loss: 1.709855
2026-08-16 09:37: Train Epoch 31: 460/820 Loss: 1.693112
2026-08-16 09:37: Train Epoch 31: 480/820 Loss: 1.669781
2026-08-16 09:37: Train Epoch 31: 500/820 Loss: 1.643829
2026-08-16 09:37: Train Epoch 31: 520/820 Loss: 1.704058
2026-08-16 09:37: Train Epoch 31: 540/820 Loss: 1.615946
2026-08-16 09:37: Train Epoch 31: 560/820 Loss: 1.633297
2026-08-16 09:37: Train Epoch 31: 580/820 Loss: 1.584592
2026-08-16 09:37: Train Epoch 31: 600/820 Loss: 1.685344
2026-08-16 09:37: Train Epoch 31: 620/820 Loss: 1.701523
2026-08-16 09:37: Train Epoch 31: 640/820 Loss: 1.685283
2026-08-16 09:37: Train Epoch 31: 660/820 Loss: 1.678587
2026-08-16 09:37: Train Epoch 31: 680/820 Loss: 1.687996
2026-08-16 09:37: Train Epoch 31: 700/820 Loss: 1.681982
2026-08-16 09:37: Train Epoch 31: 720/820 Loss: 1.640351
2026-08-16 09:37: Train Epoch 31: 740/820 Loss: 1.604016
2026-08-16 09:37: Train Epoch 31: 760/820 Loss: 1.667599
2026-08-16 09:37: Train Epoch 31: 780/820 Loss: 1.707460
2026-08-16 09:37: Train Epoch 31: 800/820 Loss: 1.717357
2026-08-16 09:37: **********Train Epoch 31: averaged Loss: 1.665520, tf_ratio: 1.000000
2026-08-16 09:38: **********Val Epoch 31: average Loss: 1.817626
2026-08-16 09:38: Train Epoch 32: 0/820 Loss: 1.660016
2026-08-16 09:38: Train Epoch 32: 20/820 Loss: 1.632946
2026-08-16 09:38: Train Epoch 32: 40/820 Loss: 1.599163
2026-08-16 09:38: Train Epoch 32: 60/820 Loss: 1.749666
2026-08-16 09:38: Train Epoch 32: 80/820 Loss: 1.641793
2026-08-16 09:38: Train Epoch 32: 100/820 Loss: 1.686495
2026-08-16 09:38: Train Epoch 32: 120/820 Loss: 1.639433
2026-08-16 09:38: Train Epoch 32: 140/820 Loss: 1.730441
2026-08-16 09:38: Train Epoch 32: 160/820 Loss: 1.729956
2026-08-16 09:38: Train Epoch 32: 180/820 Loss: 1.642798
2026-08-16 09:38: Train Epoch 32: 200/820 Loss: 1.697194
2026-08-16 09:38: Train Epoch 32: 220/820 Loss: 1.604902
2026-08-16 09:38: Train Epoch 32: 240/820 Loss: 1.683609
2026-08-16 09:38: Train Epoch 32: 260/820 Loss: 1.555217
2026-08-16 09:38: Train Epoch 32: 280/820 Loss: 1.616733
2026-08-16 09:38: Train Epoch 32: 300/820 Loss: 1.686241
2026-08-16 09:38: Train Epoch 32: 320/820 Loss: 1.579925
2026-08-16 09:38: Train Epoch 32: 340/820 Loss: 1.693448
2026-08-16 09:38: Train Epoch 32: 360/820 Loss: 1.710119
2026-08-16 09:38: Train Epoch 32: 380/820 Loss: 1.727407
2026-08-16 09:39: Train Epoch 32: 400/820 Loss: 1.736469
2026-08-16 09:39: Train Epoch 32: 420/820 Loss: 1.731035
2026-08-16 09:39: Train Epoch 32: 440/820 Loss: 1.566100
2026-08-16 09:39: Train Epoch 32: 460/820 Loss: 1.667636
2026-08-16 09:39: Train Epoch 32: 480/820 Loss: 1.765976
2026-08-16 09:39: Train Epoch 32: 500/820 Loss: 1.649486
2026-08-16 09:39: Train Epoch 32: 520/820 Loss: 1.632531
2026-08-16 09:39: Train Epoch 32: 540/820 Loss: 1.644551
2026-08-16 09:39: Train Epoch 32: 560/820 Loss: 1.644376
2026-08-16 09:39: Train Epoch 32: 580/820 Loss: 1.609448
2026-08-16 09:39: Train Epoch 32: 600/820 Loss: 1.650684
2026-08-16 09:39: Train Epoch 32: 620/820 Loss: 1.650224
2026-08-16 09:39: Train Epoch 32: 640/820 Loss: 1.662630
2026-08-16 09:39: Train Epoch 32: 660/820 Loss: 1.667705
2026-08-16 09:39: Train Epoch 32: 680/820 Loss: 1.648225
2026-08-16 09:39: Train Epoch 32: 700/820 Loss: 1.644947
2026-08-16 09:39: Train Epoch 32: 720/820 Loss: 1.715667
2026-08-16 09:39: Train Epoch 32: 740/820 Loss: 1.650481
2026-08-16 09:39: Train Epoch 32: 760/820 Loss: 1.699048
2026-08-16 09:39: Train Epoch 32: 780/820 Loss: 1.667881
2026-08-16 09:39: Train Epoch 32: 800/820 Loss: 1.684146
2026-08-16 09:39: **********Train Epoch 32: averaged Loss: 1.656858, tf_ratio: 1.000000
2026-08-16 09:40: **********Val Epoch 32: average Loss: 1.809554
2026-08-16 09:40: Train Epoch 33: 0/820 Loss: 1.634358
2026-08-16 09:40: Train Epoch 33: 20/820 Loss: 1.719042
2026-08-16 09:40: Train Epoch 33: 40/820 Loss: 1.663032
2026-08-16 09:40: Train Epoch 33: 60/820 Loss: 1.672080
2026-08-16 09:40: Train Epoch 33: 80/820 Loss: 1.671006
2026-08-16 09:40: Train Epoch 33: 100/820 Loss: 1.676238
2026-08-16 09:40: Train Epoch 33: 120/820 Loss: 1.684468
2026-08-16 09:40: Train Epoch 33: 140/820 Loss: 1.611953
2026-08-16 09:40: Train Epoch 33: 160/820 Loss: 1.682066
2026-08-16 09:40: Train Epoch 33: 180/820 Loss: 1.628811
2026-08-16 09:40: Train Epoch 33: 200/820 Loss: 1.702803
2026-08-16 09:40: Train Epoch 33: 220/820 Loss: 1.607989
2026-08-16 09:40: Train Epoch 33: 240/820 Loss: 1.646075
2026-08-16 09:40: Train Epoch 33: 260/820 Loss: 1.678615
2026-08-16 09:40: Train Epoch 33: 280/820 Loss: 1.681360
2026-08-16 09:40: Train Epoch 33: 300/820 Loss: 1.721740
2026-08-16 09:40: Train Epoch 33: 320/820 Loss: 1.612682
2026-08-16 09:40: Train Epoch 33: 340/820 Loss: 1.599915
2026-08-16 09:40: Train Epoch 33: 360/820 Loss: 1.629419
2026-08-16 09:40: Train Epoch 33: 380/820 Loss: 1.620259
2026-08-16 09:41: Train Epoch 33: 400/820 Loss: 1.579809
2026-08-16 09:41: Train Epoch 33: 420/820 Loss: 1.551642
2026-08-16 09:41: Train Epoch 33: 440/820 Loss: 1.641010
2026-08-16 09:41: Train Epoch 33: 460/820 Loss: 1.706117
2026-08-16 09:41: Train Epoch 33: 480/820 Loss: 1.672160
2026-08-16 09:41: Train Epoch 33: 500/820 Loss: 1.576476
2026-08-16 09:41: Train Epoch 33: 520/820 Loss: 1.606951
2026-08-16 09:41: Train Epoch 33: 540/820 Loss: 1.670781
2026-08-16 09:41: Train Epoch 33: 560/820 Loss: 1.594013
2026-08-16 09:41: Train Epoch 33: 580/820 Loss: 1.680908
2026-08-16 09:41: Train Epoch 33: 600/820 Loss: 1.641883
2026-08-16 09:41: Train Epoch 33: 620/820 Loss: 1.630617
2026-08-16 09:41: Train Epoch 33: 640/820 Loss: 1.659564
2026-08-16 09:41: Train Epoch 33: 660/820 Loss: 1.626578
2026-08-16 09:41: Train Epoch 33: 680/820 Loss: 1.691809
2026-08-16 09:41: Train Epoch 33: 700/820 Loss: 1.671995
2026-08-16 09:41: Train Epoch 33: 720/820 Loss: 1.671217
2026-08-16 09:41: Train Epoch 33: 740/820 Loss: 1.658467
2026-08-16 09:41: Train Epoch 33: 760/820 Loss: 1.584038
2026-08-16 09:41: Train Epoch 33: 780/820 Loss: 1.612565
2026-08-16 09:41: Train Epoch 33: 800/820 Loss: 1.728834
2026-08-16 09:41: **********Train Epoch 33: averaged Loss: 1.647558, tf_ratio: 1.000000
2026-08-16 09:42: **********Val Epoch 33: average Loss: 1.818146
2026-08-16 09:42: Train Epoch 34: 0/820 Loss: 1.639244
2026-08-16 09:42: Train Epoch 34: 20/820 Loss: 1.569229
2026-08-16 09:42: Train Epoch 34: 40/820 Loss: 1.638520
2026-08-16 09:42: Train Epoch 34: 60/820 Loss: 1.600183
2026-08-16 09:42: Train Epoch 34: 80/820 Loss: 1.663863
2026-08-16 09:42: Train Epoch 34: 100/820 Loss: 1.618521
2026-08-16 09:42: Train Epoch 34: 120/820 Loss: 1.619846
2026-08-16 09:42: Train Epoch 34: 140/820 Loss: 1.711171
2026-08-16 09:42: Train Epoch 34: 160/820 Loss: 1.626609
2026-08-16 09:42: Train Epoch 34: 180/820 Loss: 1.631186
2026-08-16 09:42: Train Epoch 34: 200/820 Loss: 1.648375
2026-08-16 09:42: Train Epoch 34: 220/820 Loss: 1.696858
2026-08-16 09:42: Train Epoch 34: 240/820 Loss: 1.658463
2026-08-16 09:42: Train Epoch 34: 260/820 Loss: 1.648073
2026-08-16 09:42: Train Epoch 34: 280/820 Loss: 1.644642
2026-08-16 09:42: Train Epoch 34: 300/820 Loss: 1.701983
2026-08-16 09:42: Train Epoch 34: 320/820 Loss: 1.645741
2026-08-16 09:42: Train Epoch 34: 340/820 Loss: 1.599162
2026-08-16 09:42: Train Epoch 34: 360/820 Loss: 1.620269
2026-08-16 09:42: Train Epoch 34: 380/820 Loss: 1.627017
2026-08-16 09:42: Train Epoch 34: 400/820 Loss: 1.600808
2026-08-16 09:43: Train Epoch 34: 420/820 Loss: 1.656175
2026-08-16 09:43: Train Epoch 34: 440/820 Loss: 1.666703
2026-08-16 09:43: Train Epoch 34: 460/820 Loss: 1.714528
2026-08-16 09:43: Train Epoch 34: 480/820 Loss: 1.650849
2026-08-16 09:43: Train Epoch 34: 500/820 Loss: 1.600545
2026-08-16 09:43: Train Epoch 34: 520/820 Loss: 1.585679
2026-08-16 09:43: Train Epoch 34: 540/820 Loss: 1.666350
2026-08-16 09:43: Train Epoch 34: 560/820 Loss: 1.596978
2026-08-16 09:43: Train Epoch 34: 580/820 Loss: 1.698678
2026-08-16 09:43: Train Epoch 34: 600/820 Loss: 1.621285
2026-08-16 09:43: Train Epoch 34: 620/820 Loss: 1.664889
2026-08-16 09:43: Train Epoch 34: 640/820 Loss: 1.698808
2026-08-16 09:43: Train Epoch 34: 660/820 Loss: 1.626813
2026-08-16 09:43: Train Epoch 34: 680/820 Loss: 1.594512
2026-08-16 09:43: Train Epoch 34: 700/820 Loss: 1.677226
2026-08-16 09:43: Train Epoch 34: 720/820 Loss: 1.692019
2026-08-16 09:43: Train Epoch 34: 740/820 Loss: 1.561216
2026-08-16 09:43: Train Epoch 34: 760/820 Loss: 1.624091
2026-08-16 09:43: Train Epoch 34: 780/820 Loss: 1.670227
2026-08-16 09:43: Train Epoch 34: 800/820 Loss: 1.647105
2026-08-16 09:43: **********Train Epoch 34: averaged Loss: 1.638105, tf_ratio: 1.000000
2026-08-16 09:44: **********Val Epoch 34: average Loss: 1.825364
2026-08-16 09:44: Train Epoch 35: 0/820 Loss: 1.635820
2026-08-16 09:44: Train Epoch 35: 20/820 Loss: 1.595058
2026-08-16 09:44: Train Epoch 35: 40/820 Loss: 1.608912
2026-08-16 09:44: Train Epoch 35: 60/820 Loss: 1.645850
2026-08-16 09:44: Train Epoch 35: 80/820 Loss: 1.638251
2026-08-16 09:44: Train Epoch 35: 100/820 Loss: 1.644428
2026-08-16 09:44: Train Epoch 35: 120/820 Loss: 1.577194
2026-08-16 09:44: Train Epoch 35: 140/820 Loss: 1.583223
2026-08-16 09:44: Train Epoch 35: 160/820 Loss: 1.642378
2026-08-16 09:44: Train Epoch 35: 180/820 Loss: 1.573365
2026-08-16 09:44: Train Epoch 35: 200/820 Loss: 1.625399
2026-08-16 09:44: Train Epoch 35: 220/820 Loss: 1.702232
2026-08-16 09:44: Train Epoch 35: 240/820 Loss: 1.646858
2026-08-16 09:44: Train Epoch 35: 260/820 Loss: 1.657822
2026-08-16 09:44: Train Epoch 35: 280/820 Loss: 1.645097
2026-08-16 09:44: Train Epoch 35: 300/820 Loss: 1.558383
2026-08-16 09:44: Train Epoch 35: 320/820 Loss: 1.635501
2026-08-16 09:44: Train Epoch 35: 340/820 Loss: 1.571964
2026-08-16 09:44: Train Epoch 35: 360/820 Loss: 1.646837
2026-08-16 09:44: Train Epoch 35: 380/820 Loss: 1.694482
2026-08-16 09:44: Train Epoch 35: 400/820 Loss: 1.667567
2026-08-16 09:45: Train Epoch 35: 420/820 Loss: 1.625340
2026-08-16 09:45: Train Epoch 35: 440/820 Loss: 1.626235
2026-08-16 09:45: Train Epoch 35: 460/820 Loss: 1.626760
2026-08-16 09:45: Train Epoch 35: 480/820 Loss: 1.570724
2026-08-16 09:45: Train Epoch 35: 500/820 Loss: 1.605663
2026-08-16 09:45: Train Epoch 35: 520/820 Loss: 1.657688
2026-08-16 09:45: Train Epoch 35: 540/820 Loss: 1.694197
2026-08-16 09:45: Train Epoch 35: 560/820 Loss: 1.601191
2026-08-16 09:45: Train Epoch 35: 580/820 Loss: 1.599927
2026-08-16 09:45: Train Epoch 35: 600/820 Loss: 1.560109
2026-08-16 09:45: Train Epoch 35: 620/820 Loss: 1.622794
2026-08-16 09:45: Train Epoch 35: 640/820 Loss: 1.652913
2026-08-16 09:45: Train Epoch 35: 660/820 Loss: 1.618490
2026-08-16 09:45: Train Epoch 35: 680/820 Loss: 1.639127
2026-08-16 09:45: Train Epoch 35: 700/820 Loss: 1.673457
2026-08-16 09:45: Train Epoch 35: 720/820 Loss: 1.633022
2026-08-16 09:45: Train Epoch 35: 740/820 Loss: 1.609122
2026-08-16 09:45: Train Epoch 35: 760/820 Loss: 1.541621
2026-08-16 09:45: Train Epoch 35: 780/820 Loss: 1.640421
2026-08-16 09:45: Train Epoch 35: 800/820 Loss: 1.587597
2026-08-16 09:45: **********Train Epoch 35: averaged Loss: 1.631723, tf_ratio: 1.000000
2026-08-16 09:46: **********Val Epoch 35: average Loss: 1.809840
2026-08-16 09:46: Train Epoch 36: 0/820 Loss: 1.682399
2026-08-16 09:46: Train Epoch 36: 20/820 Loss: 1.653510
2026-08-16 09:46: Train Epoch 36: 40/820 Loss: 1.579837
2026-08-16 09:46: Train Epoch 36: 60/820 Loss: 1.527660
2026-08-16 09:46: Train Epoch 36: 80/820 Loss: 1.568201
2026-08-16 09:46: Train Epoch 36: 100/820 Loss: 1.622591
2026-08-16 09:46: Train Epoch 36: 120/820 Loss: 1.500508
2026-08-16 09:46: Train Epoch 36: 140/820 Loss: 1.652513
2026-08-16 09:46: Train Epoch 36: 160/820 Loss: 1.592441
2026-08-16 09:46: Train Epoch 36: 180/820 Loss: 1.692936
2026-08-16 09:46: Train Epoch 36: 200/820 Loss: 1.652375
2026-08-16 09:46: Train Epoch 36: 220/820 Loss: 1.641887
2026-08-16 09:46: Train Epoch 36: 240/820 Loss: 1.647958
2026-08-16 09:46: Train Epoch 36: 260/820 Loss: 1.555967
2026-08-16 09:46: Train Epoch 36: 280/820 Loss: 1.652977
2026-08-16 09:46: Train Epoch 36: 300/820 Loss: 1.592265
2026-08-16 09:46: Train Epoch 36: 320/820 Loss: 1.659554
2026-08-16 09:46: Train Epoch 36: 340/820 Loss: 1.642252
2026-08-16 09:46: Train Epoch 36: 360/820 Loss: 1.579176
2026-08-16 09:46: Train Epoch 36: 380/820 Loss: 1.579456
2026-08-16 09:46: Train Epoch 36: 400/820 Loss: 1.615823
2026-08-16 09:47: Train Epoch 36: 420/820 Loss: 1.606257
2026-08-16 09:47: Train Epoch 36: 440/820 Loss: 1.681023
2026-08-16 09:47: Train Epoch 36: 460/820 Loss: 1.616114
2026-08-16 09:47: Train Epoch 36: 480/820 Loss: 1.684163
2026-08-16 09:47: Train Epoch 36: 500/820 Loss: 1.627017
2026-08-16 09:47: Train Epoch 36: 520/820 Loss: 1.610348
2026-08-16 09:47: Train Epoch 36: 540/820 Loss: 1.595955
2026-08-16 09:47: Train Epoch 36: 560/820 Loss: 1.548984
2026-08-16 09:47: Train Epoch 36: 580/820 Loss: 1.702435
2026-08-16 09:47: Train Epoch 36: 600/820 Loss: 1.682549
2026-08-16 09:47: Train Epoch 36: 620/820 Loss: 1.655437
2026-08-16 09:47: Train Epoch 36: 640/820 Loss: 1.626076
2026-08-16 09:47: Train Epoch 36: 660/820 Loss: 1.628659
2026-08-16 09:47: Train Epoch 36: 680/820 Loss: 1.674262
2026-08-16 09:47: Train Epoch 36: 700/820 Loss: 1.646205
2026-08-16 09:47: Train Epoch 36: 720/820 Loss: 1.582240
2026-08-16 09:47: Train Epoch 36: 740/820 Loss: 1.609924
2026-08-16 09:47: Train Epoch 36: 760/820 Loss: 1.672527
2026-08-16 09:47: Train Epoch 36: 780/820 Loss: 1.657574
2026-08-16 09:47: Train Epoch 36: 800/820 Loss: 1.617484
2026-08-16 09:47: **********Train Epoch 36: averaged Loss: 1.621165, tf_ratio: 1.000000
2026-08-16 09:48: **********Val Epoch 36: average Loss: 1.824511
2026-08-16 09:48: Train Epoch 37: 0/820 Loss: 1.678073
2026-08-16 09:48: Train Epoch 37: 20/820 Loss: 1.559575
2026-08-16 09:48: Train Epoch 37: 40/820 Loss: 1.627801
2026-08-16 09:48: Train Epoch 37: 60/820 Loss: 1.623949
2026-08-16 09:48: Train Epoch 37: 80/820 Loss: 1.651892
2026-08-16 09:48: Train Epoch 37: 100/820 Loss: 1.669474
2026-08-16 09:48: Train Epoch 37: 120/820 Loss: 1.656596
2026-08-16 09:48: Train Epoch 37: 140/820 Loss: 1.652819
2026-08-16 09:48: Train Epoch 37: 160/820 Loss: 1.679499
2026-08-16 09:48: Train Epoch 37: 180/820 Loss: 1.654603
2026-08-16 09:48: Train Epoch 37: 200/820 Loss: 1.577284
2026-08-16 09:48: Train Epoch 37: 220/820 Loss: 1.637010
2026-08-16 09:48: Train Epoch 37: 240/820 Loss: 1.560539
2026-08-16 09:48: Train Epoch 37: 260/820 Loss: 1.585062
2026-08-16 09:48: Train Epoch 37: 280/820 Loss: 1.632900
2026-08-16 09:48: Train Epoch 37: 300/820 Loss: 1.601969
2026-08-16 09:48: Train Epoch 37: 320/820 Loss: 1.585939
2026-08-16 09:48: Train Epoch 37: 340/820 Loss: 1.556115
2026-08-16 09:48: Train Epoch 37: 360/820 Loss: 1.619881
2026-08-16 09:48: Train Epoch 37: 380/820 Loss: 1.601194
2026-08-16 09:48: Train Epoch 37: 400/820 Loss: 1.614222
2026-08-16 09:48: Train Epoch 37: 420/820 Loss: 1.622681
2026-08-16 09:49: Train Epoch 37: 440/820 Loss: 1.587870
2026-08-16 09:49: Train Epoch 37: 460/820 Loss: 1.578484
2026-08-16 09:49: Train Epoch 37: 480/820 Loss: 1.638357
2026-08-16 09:49: Train Epoch 37: 500/820 Loss: 1.684990
2026-08-16 09:49: Train Epoch 37: 520/820 Loss: 1.619503
2026-08-16 09:49: Train Epoch 37: 540/820 Loss: 1.637809
2026-08-16 09:49: Train Epoch 37: 560/820 Loss: 1.578413
2026-08-16 09:49: Train Epoch 37: 580/820 Loss: 1.667856
2026-08-16 09:49: Train Epoch 37: 600/820 Loss: 1.542626
2026-08-16 09:49: Train Epoch 37: 620/820 Loss: 1.631890
2026-08-16 09:49: Train Epoch 37: 640/820 Loss: 1.565384
2026-08-16 09:49: Train Epoch 37: 660/820 Loss: 1.590870
2026-08-16 09:49: Train Epoch 37: 680/820 Loss: 1.691722
2026-08-16 09:49: Train Epoch 37: 700/820 Loss: 1.633422
2026-08-16 09:49: Train Epoch 37: 720/820 Loss: 1.504772
2026-08-16 09:49: Train Epoch 37: 740/820 Loss: 1.584659
2026-08-16 09:49: Train Epoch 37: 760/820 Loss: 1.620272
2026-08-16 09:49: Train Epoch 37: 780/820 Loss: 1.608888
2026-08-16 09:49: Train Epoch 37: 800/820 Loss: 1.518729
2026-08-16 09:49: **********Train Epoch 37: averaged Loss: 1.614169, tf_ratio: 1.000000
2026-08-16 09:50: **********Val Epoch 37: average Loss: 1.818134
2026-08-16 09:50: Train Epoch 38: 0/820 Loss: 1.646432
2026-08-16 09:50: Train Epoch 38: 20/820 Loss: 1.617582
2026-08-16 09:50: Train Epoch 38: 40/820 Loss: 1.625700
2026-08-16 09:50: Train Epoch 38: 60/820 Loss: 1.511625
2026-08-16 09:50: Train Epoch 38: 80/820 Loss: 1.604776
2026-08-16 09:50: Train Epoch 38: 100/820 Loss: 1.628443
2026-08-16 09:50: Train Epoch 38: 120/820 Loss: 1.620732
2026-08-16 09:50: Train Epoch 38: 140/820 Loss: 1.563599
2026-08-16 09:50: Train Epoch 38: 160/820 Loss: 1.609814
2026-08-16 09:50: Train Epoch 38: 180/820 Loss: 1.522670
2026-08-16 09:50: Train Epoch 38: 200/820 Loss: 1.561499
2026-08-16 09:50: Train Epoch 38: 220/820 Loss: 1.588897
2026-08-16 09:50: Train Epoch 38: 240/820 Loss: 1.501062
2026-08-16 09:50: Train Epoch 38: 260/820 Loss: 1.645455
2026-08-16 09:50: Train Epoch 38: 280/820 Loss: 1.591879
2026-08-16 09:50: Train Epoch 38: 300/820 Loss: 1.657997
2026-08-16 09:50: Train Epoch 38: 320/820 Loss: 1.638781
2026-08-16 09:50: Train Epoch 38: 340/820 Loss: 1.580386
2026-08-16 09:50: Train Epoch 38: 360/820 Loss: 1.531963
2026-08-16 09:50: Train Epoch 38: 380/820 Loss: 1.602506
2026-08-16 09:50: Train Epoch 38: 400/820 Loss: 1.665541
2026-08-16 09:50: Train Epoch 38: 420/820 Loss: 1.554058
2026-08-16 09:51: Train Epoch 38: 440/820 Loss: 1.708363
2026-08-16 09:51: Train Epoch 38: 460/820 Loss: 1.557601
2026-08-16 09:51: Train Epoch 38: 480/820 Loss: 1.614438
2026-08-16 09:51: Train Epoch 38: 500/820 Loss: 1.648365
2026-08-16 09:51: Train Epoch 38: 520/820 Loss: 1.526612
2026-08-16 09:51: Train Epoch 38: 540/820 Loss: 1.583641
2026-08-16 09:51: Train Epoch 38: 560/820 Loss: 1.563080
2026-08-16 09:51: Train Epoch 38: 580/820 Loss: 1.560825
2026-08-16 09:51: Train Epoch 38: 600/820 Loss: 1.547230
2026-08-16 09:51: Train Epoch 38: 620/820 Loss: 1.604939
2026-08-16 09:51: Train Epoch 38: 640/820 Loss: 1.604113
2026-08-16 09:51: Train Epoch 38: 660/820 Loss: 1.600863
2026-08-16 09:51: Train Epoch 38: 680/820 Loss: 1.577164
2026-08-16 09:51: Train Epoch 38: 700/820 Loss: 1.566873
2026-08-16 09:51: Train Epoch 38: 720/820 Loss: 1.636651
2026-08-16 09:51: Train Epoch 38: 740/820 Loss: 1.622134
2026-08-16 09:51: Train Epoch 38: 760/820 Loss: 1.636034
2026-08-16 09:51: Train Epoch 38: 780/820 Loss: 1.589757
2026-08-16 09:51: Train Epoch 38: 800/820 Loss: 1.595845
2026-08-16 09:51: **********Train Epoch 38: averaged Loss: 1.606109, tf_ratio: 1.000000
2026-08-16 09:52: **********Val Epoch 38: average Loss: 1.808918
2026-08-16 09:52: Train Epoch 39: 0/820 Loss: 1.620127
2026-08-16 09:52: Train Epoch 39: 20/820 Loss: 1.614995
2026-08-16 09:52: Train Epoch 39: 40/820 Loss: 1.595626
2026-08-16 09:52: Train Epoch 39: 60/820 Loss: 1.676961
2026-08-16 09:52: Train Epoch 39: 80/820 Loss: 1.626096
2026-08-16 09:52: Train Epoch 39: 100/820 Loss: 1.553043
2026-08-16 09:52: Train Epoch 39: 120/820 Loss: 1.638977
2026-08-16 09:52: Train Epoch 39: 140/820 Loss: 1.683400
2026-08-16 09:52: Train Epoch 39: 160/820 Loss: 1.671131
2026-08-16 09:52: Train Epoch 39: 180/820 Loss: 1.560239
2026-08-16 09:52: Train Epoch 39: 200/820 Loss: 1.611269
2026-08-16 09:52: Train Epoch 39: 220/820 Loss: 1.665988
2026-08-16 09:52: Train Epoch 39: 240/820 Loss: 1.590320
2026-08-16 09:52: Train Epoch 39: 260/820 Loss: 1.627345
2026-08-16 09:52: Train Epoch 39: 280/820 Loss: 1.596098
2026-08-16 09:52: Train Epoch 39: 300/820 Loss: 1.573631
2026-08-16 09:52: Train Epoch 39: 320/820 Loss: 1.559272
2026-08-16 09:52: Train Epoch 39: 340/820 Loss: 1.539464
2026-08-16 09:52: Train Epoch 39: 360/820 Loss: 1.663630
2026-08-16 09:52: Train Epoch 39: 380/820 Loss: 1.646895
2026-08-16 09:52: Train Epoch 39: 400/820 Loss: 1.641255
2026-08-16 09:52: Train Epoch 39: 420/820 Loss: 1.527673
2026-08-16 09:52: Train Epoch 39: 440/820 Loss: 1.605303
2026-08-16 09:53: Train Epoch 39: 460/820 Loss: 1.591352
2026-08-16 09:53: Train Epoch 39: 480/820 Loss: 1.455277
2026-08-16 09:53: Train Epoch 39: 500/820 Loss: 1.589047
2026-08-16 09:53: Train Epoch 39: 520/820 Loss: 1.653723
2026-08-16 09:53: Train Epoch 39: 540/820 Loss: 1.566796
2026-08-16 09:53: Train Epoch 39: 560/820 Loss: 1.680610
2026-08-16 09:53: Train Epoch 39: 580/820 Loss: 1.649689
2026-08-16 09:53: Train Epoch 39: 600/820 Loss: 1.549237
2026-08-16 09:53: Train Epoch 39: 620/820 Loss: 1.527834
2026-08-16 09:53: Train Epoch 39: 640/820 Loss: 1.613987
2026-08-16 09:53: Train Epoch 39: 660/820 Loss: 1.514906
2026-08-16 09:53: Train Epoch 39: 680/820 Loss: 1.643202
2026-08-16 09:53: Train Epoch 39: 700/820 Loss: 1.603176
2026-08-16 09:53: Train Epoch 39: 720/820 Loss: 1.561744
2026-08-16 09:53: Train Epoch 39: 740/820 Loss: 1.587219
2026-08-16 09:53: Train Epoch 39: 760/820 Loss: 1.586241
2026-08-16 09:53: Train Epoch 39: 780/820 Loss: 1.685422
2026-08-16 09:53: Train Epoch 39: 800/820 Loss: 1.679660
2026-08-16 09:53: **********Train Epoch 39: averaged Loss: 1.599095, tf_ratio: 1.000000
2026-08-16 09:53: **********Val Epoch 39: average Loss: 1.822968
2026-08-16 09:53: Train Epoch 40: 0/820 Loss: 1.587592
2026-08-16 09:54: Train Epoch 40: 20/820 Loss: 1.578842
2026-08-16 09:54: Train Epoch 40: 40/820 Loss: 1.594998
2026-08-16 09:54: Train Epoch 40: 60/820 Loss: 1.562733
2026-08-16 09:54: Train Epoch 40: 80/820 Loss: 1.607861
2026-08-16 09:54: Train Epoch 40: 100/820 Loss: 1.576336
2026-08-16 09:54: Train Epoch 40: 120/820 Loss: 1.509513
2026-08-16 09:54: Train Epoch 40: 140/820 Loss: 1.618433
2026-08-16 09:54: Train Epoch 40: 160/820 Loss: 1.609053
2026-08-16 09:54: Train Epoch 40: 180/820 Loss: 1.539250
2026-08-16 09:54: Train Epoch 40: 200/820 Loss: 1.578187
2026-08-16 09:54: Train Epoch 40: 220/820 Loss: 1.553055
2026-08-16 09:54: Train Epoch 40: 240/820 Loss: 1.596358
2026-08-16 09:54: Train Epoch 40: 260/820 Loss: 1.655969
2026-08-16 09:54: Train Epoch 40: 280/820 Loss: 1.580526
2026-08-16 09:54: Train Epoch 40: 300/820 Loss: 1.663006
2026-08-16 09:54: Train Epoch 40: 320/820 Loss: 1.650323
2026-08-16 09:54: Train Epoch 40: 340/820 Loss: 1.615372
2026-08-16 09:54: Train Epoch 40: 360/820 Loss: 1.518698
2026-08-16 09:54: Train Epoch 40: 380/820 Loss: 1.633971
2026-08-16 09:54: Train Epoch 40: 400/820 Loss: 1.546690
2026-08-16 09:54: Train Epoch 40: 420/820 Loss: 1.592645
2026-08-16 09:54: Train Epoch 40: 440/820 Loss: 1.507743
2026-08-16 09:54: Train Epoch 40: 460/820 Loss: 1.582076
2026-08-16 09:55: Train Epoch 40: 480/820 Loss: 1.505293
2026-08-16 09:55: Train Epoch 40: 500/820 Loss: 1.494468
2026-08-16 09:55: Train Epoch 40: 520/820 Loss: 1.680271
2026-08-16 09:55: Train Epoch 40: 540/820 Loss: 1.650659
2026-08-16 09:55: Train Epoch 40: 560/820 Loss: 1.552859
2026-08-16 09:55: Train Epoch 40: 580/820 Loss: 1.592100
2026-08-16 09:55: Train Epoch 40: 600/820 Loss: 1.567661
2026-08-16 09:55: Train Epoch 40: 620/820 Loss: 1.602083
2026-08-16 09:55: Train Epoch 40: 640/820 Loss: 1.632306
2026-08-16 09:55: Train Epoch 40: 660/820 Loss: 1.606413
2026-08-16 09:55: Train Epoch 40: 680/820 Loss: 1.545678
2026-08-16 09:55: Train Epoch 40: 700/820 Loss: 1.558035
2026-08-16 09:55: Train Epoch 40: 720/820 Loss: 1.629330
2026-08-16 09:55: Train Epoch 40: 740/820 Loss: 1.658874
2026-08-16 09:55: Train Epoch 40: 760/820 Loss: 1.529843
2026-08-16 09:55: Train Epoch 40: 780/820 Loss: 1.532974
2026-08-16 09:55: Train Epoch 40: 800/820 Loss: 1.597931
2026-08-16 09:55: **********Train Epoch 40: averaged Loss: 1.590372, tf_ratio: 1.000000
2026-08-16 09:55: **********Val Epoch 40: average Loss: 1.814230
2026-08-16 09:55: Train Epoch 41: 0/820 Loss: 1.585482
2026-08-16 09:56: Train Epoch 41: 20/820 Loss: 1.553097
2026-08-16 09:56: Train Epoch 41: 40/820 Loss: 1.560194
2026-08-16 09:56: Train Epoch 41: 60/820 Loss: 1.563189
2026-08-16 09:56: Train Epoch 41: 80/820 Loss: 1.551413
2026-08-16 09:56: Train Epoch 41: 100/820 Loss: 1.592648
2026-08-16 09:56: Train Epoch 41: 120/820 Loss: 1.541844
2026-08-16 09:56: Train Epoch 41: 140/820 Loss: 1.706506
2026-08-16 09:56: Train Epoch 41: 160/820 Loss: 1.540098
2026-08-16 09:56: Train Epoch 41: 180/820 Loss: 1.642921
2026-08-16 09:56: Train Epoch 41: 200/820 Loss: 1.595886
2026-08-16 09:56: Train Epoch 41: 220/820 Loss: 1.593032
2026-08-16 09:56: Train Epoch 41: 240/820 Loss: 1.581409
2026-08-16 09:56: Train Epoch 41: 260/820 Loss: 1.590724
2026-08-16 09:56: Train Epoch 41: 280/820 Loss: 1.552828
2026-08-16 09:56: Train Epoch 41: 300/820 Loss: 1.507808
2026-08-16 09:56: Train Epoch 41: 320/820 Loss: 1.557037
2026-08-16 09:56: Train Epoch 41: 340/820 Loss: 1.604403
2026-08-16 09:56: Train Epoch 41: 360/820 Loss: 1.605626
2026-08-16 09:56: Train Epoch 41: 380/820 Loss: 1.555712
2026-08-16 09:56: Train Epoch 41: 400/820 Loss: 1.655612
2026-08-16 09:56: Train Epoch 41: 420/820 Loss: 1.660075
2026-08-16 09:56: Train Epoch 41: 440/820 Loss: 1.533507
2026-08-16 09:56: Train Epoch 41: 460/820 Loss: 1.628481
2026-08-16 09:57: Train Epoch 41: 480/820 Loss: 1.554648
2026-08-16 09:57: Train Epoch 41: 500/820 Loss: 1.639793
2026-08-16 09:57: Train Epoch 41: 520/820 Loss: 1.570365
2026-08-16 09:57: Train Epoch 41: 540/820 Loss: 1.665022
2026-08-16 09:57: Train Epoch 41: 560/820 Loss: 1.573513
2026-08-16 09:57: Train Epoch 41: 580/820 Loss: 1.645995
2026-08-16 09:57: Train Epoch 41: 600/820 Loss: 1.606609
2026-08-16 09:57: Train Epoch 41: 620/820 Loss: 1.675675
2026-08-16 09:57: Train Epoch 41: 640/820 Loss: 1.678885
2026-08-16 09:57: Train Epoch 41: 660/820 Loss: 1.567413
2026-08-16 09:57: Train Epoch 41: 680/820 Loss: 1.535868
2026-08-16 09:57: Train Epoch 41: 700/820 Loss: 1.569274
2026-08-16 09:57: Train Epoch 41: 720/820 Loss: 1.542120
2026-08-16 09:57: Train Epoch 41: 740/820 Loss: 1.674795
2026-08-16 09:57: Train Epoch 41: 760/820 Loss: 1.615658
2026-08-16 09:57: Train Epoch 41: 780/820 Loss: 1.565672
2026-08-16 09:57: Train Epoch 41: 800/820 Loss: 1.556417
2026-08-16 09:57: **********Train Epoch 41: averaged Loss: 1.583964, tf_ratio: 1.000000
2026-08-16 09:57: **********Val Epoch 41: average Loss: 1.829279
2026-08-16 09:57: Train Epoch 42: 0/820 Loss: 1.541382
2026-08-16 09:57: Train Epoch 42: 20/820 Loss: 1.578521
2026-08-16 09:58: Train Epoch 42: 40/820 Loss: 1.591311
2026-08-16 09:58: Train Epoch 42: 60/820 Loss: 1.653517
2026-08-16 09:58: Train Epoch 42: 80/820 Loss: 1.588131
2026-08-16 09:58: Train Epoch 42: 100/820 Loss: 1.585316
2026-08-16 09:58: Train Epoch 42: 120/820 Loss: 1.612766
2026-08-16 09:58: Train Epoch 42: 140/820 Loss: 1.630381
2026-08-16 09:58: Train Epoch 42: 160/820 Loss: 1.626428
2026-08-16 09:58: Train Epoch 42: 180/820 Loss: 1.525307
2026-08-16 09:58: Train Epoch 42: 200/820 Loss: 1.582870
2026-08-16 09:58: Train Epoch 42: 220/820 Loss: 1.616805
2026-08-16 09:58: Train Epoch 42: 240/820 Loss: 1.621743
2026-08-16 09:58: Train Epoch 42: 260/820 Loss: 1.584919
2026-08-16 09:58: Train Epoch 42: 280/820 Loss: 1.605227
2026-08-16 09:58: Train Epoch 42: 300/820 Loss: 1.531026
2026-08-16 09:58: Train Epoch 42: 320/820 Loss: 1.504711
2026-08-16 09:58: Train Epoch 42: 340/820 Loss: 1.568574
2026-08-16 09:58: Train Epoch 42: 360/820 Loss: 1.611804
2026-08-16 09:58: Train Epoch 42: 380/820 Loss: 1.572090
2026-08-16 09:58: Train Epoch 42: 400/820 Loss: 1.532744
2026-08-16 09:58: Train Epoch 42: 420/820 Loss: 1.555772
2026-08-16 09:58: Train Epoch 42: 440/820 Loss: 1.592396
2026-08-16 09:58: Train Epoch 42: 460/820 Loss: 1.580064
2026-08-16 09:58: Train Epoch 42: 480/820 Loss: 1.517230
2026-08-16 09:59: Train Epoch 42: 500/820 Loss: 1.593759
2026-08-16 09:59: Train Epoch 42: 520/820 Loss: 1.597482
2026-08-16 09:59: Train Epoch 42: 540/820 Loss: 1.551111
2026-08-16 09:59: Train Epoch 42: 560/820 Loss: 1.620459
2026-08-16 09:59: Train Epoch 42: 580/820 Loss: 1.593064
2026-08-16 09:59: Train Epoch 42: 600/820 Loss: 1.621937
2026-08-16 09:59: Train Epoch 42: 620/820 Loss: 1.545895
2026-08-16 09:59: Train Epoch 42: 640/820 Loss: 1.527675
2026-08-16 09:59: Train Epoch 42: 660/820 Loss: 1.536337
2026-08-16 09:59: Train Epoch 42: 680/820 Loss: 1.537094
2026-08-16 09:59: Train Epoch 42: 700/820 Loss: 1.600535
2026-08-16 09:59: Train Epoch 42: 720/820 Loss: 1.533518
2026-08-16 09:59: Train Epoch 42: 740/820 Loss: 1.500171
2026-08-16 09:59: Train Epoch 42: 760/820 Loss: 1.541288
2026-08-16 09:59: Train Epoch 42: 780/820 Loss: 1.574309
2026-08-16 09:59: Train Epoch 42: 800/820 Loss: 1.583362
2026-08-16 09:59: **********Train Epoch 42: averaged Loss: 1.579399, tf_ratio: 1.000000
2026-08-16 09:59: **********Val Epoch 42: average Loss: 1.821228
2026-08-16 09:59: Train Epoch 43: 0/820 Loss: 1.538126
2026-08-16 09:59: Train Epoch 43: 20/820 Loss: 1.600874
2026-08-16 10:00: Train Epoch 43: 40/820 Loss: 1.560263
2026-08-16 10:00: Train Epoch 43: 60/820 Loss: 1.598161
2026-08-16 10:00: Train Epoch 43: 80/820 Loss: 1.605195
2026-08-16 10:00: Train Epoch 43: 100/820 Loss: 1.553515
2026-08-16 10:00: Train Epoch 43: 120/820 Loss: 1.548450
2026-08-16 10:00: Train Epoch 43: 140/820 Loss: 1.559530
2026-08-16 10:00: Train Epoch 43: 160/820 Loss: 1.582606
2026-08-16 10:00: Train Epoch 43: 180/820 Loss: 1.567975
2026-08-16 10:00: Train Epoch 43: 200/820 Loss: 1.564281
2026-08-16 10:00: Train Epoch 43: 220/820 Loss: 1.518270
2026-08-16 10:00: Train Epoch 43: 240/820 Loss: 1.558646
2026-08-16 10:00: Train Epoch 43: 260/820 Loss: 1.615736
2026-08-16 10:00: Train Epoch 43: 280/820 Loss: 1.563421
2026-08-16 10:00: Train Epoch 43: 300/820 Loss: 1.532260
2026-08-16 10:00: Train Epoch 43: 320/820 Loss: 1.478870
2026-08-16 10:00: Train Epoch 43: 340/820 Loss: 1.596513
2026-08-16 10:00: Train Epoch 43: 360/820 Loss: 1.587688
2026-08-16 10:00: Train Epoch 43: 380/820 Loss: 1.610271
2026-08-16 10:00: Train Epoch 43: 400/820 Loss: 1.592956
2026-08-16 10:00: Train Epoch 43: 420/820 Loss: 1.538412
2026-08-16 10:00: Train Epoch 43: 440/820 Loss: 1.553598
2026-08-16 10:00: Train Epoch 43: 460/820 Loss: 1.617468
2026-08-16 10:00: Train Epoch 43: 480/820 Loss: 1.582254
2026-08-16 10:01: Train Epoch 43: 500/820 Loss: 1.598714
2026-08-16 10:01: Train Epoch 43: 520/820 Loss: 1.571536
2026-08-16 10:01: Train Epoch 43: 540/820 Loss: 1.628185
2026-08-16 10:01: Train Epoch 43: 560/820 Loss: 1.533041
2026-08-16 10:01: Train Epoch 43: 580/820 Loss: 1.642637
2026-08-16 10:01: Train Epoch 43: 600/820 Loss: 1.582364
2026-08-16 10:01: Train Epoch 43: 620/820 Loss: 1.555852
2026-08-16 10:01: Train Epoch 43: 640/820 Loss: 1.475489
2026-08-16 10:01: Train Epoch 43: 660/820 Loss: 1.595942
2026-08-16 10:01: Train Epoch 43: 680/820 Loss: 1.625711
2026-08-16 10:01: Train Epoch 43: 700/820 Loss: 1.585902
2026-08-16 10:01: Train Epoch 43: 720/820 Loss: 1.605436
2026-08-16 10:01: Train Epoch 43: 740/820 Loss: 1.591872
2026-08-16 10:01: Train Epoch 43: 760/820 Loss: 1.519781
2026-08-16 10:01: Train Epoch 43: 780/820 Loss: 1.613295
2026-08-16 10:01: Train Epoch 43: 800/820 Loss: 1.527163
2026-08-16 10:01: **********Train Epoch 43: averaged Loss: 1.569146, tf_ratio: 1.000000
2026-08-16 10:01: **********Val Epoch 43: average Loss: 1.820013
2026-08-16 10:01: Train Epoch 44: 0/820 Loss: 1.504849
2026-08-16 10:01: Train Epoch 44: 20/820 Loss: 1.581982
2026-08-16 10:01: Train Epoch 44: 40/820 Loss: 1.567067
2026-08-16 10:02: Train Epoch 44: 60/820 Loss: 1.604001
2026-08-16 10:02: Train Epoch 44: 80/820 Loss: 1.608028
2026-08-16 10:02: Train Epoch 44: 100/820 Loss: 1.546372
2026-08-16 10:02: Train Epoch 44: 120/820 Loss: 1.580981
2026-08-16 10:02: Train Epoch 44: 140/820 Loss: 1.599845
2026-08-16 10:02: Train Epoch 44: 160/820 Loss: 1.580189
2026-08-16 10:02: Train Epoch 44: 180/820 Loss: 1.558567
2026-08-16 10:02: Train Epoch 44: 200/820 Loss: 1.651307
2026-08-16 10:02: Train Epoch 44: 220/820 Loss: 1.629618
2026-08-16 10:02: Train Epoch 44: 240/820 Loss: 1.533289
2026-08-16 10:02: Train Epoch 44: 260/820 Loss: 1.581591
2026-08-16 10:02: Train Epoch 44: 280/820 Loss: 1.444338
2026-08-16 10:02: Train Epoch 44: 300/820 Loss: 1.503164
2026-08-16 10:02: Train Epoch 44: 320/820 Loss: 1.584352
2026-08-16 10:02: Train Epoch 44: 340/820 Loss: 1.605394
2026-08-16 10:02: Train Epoch 44: 360/820 Loss: 1.521296
2026-08-16 10:02: Train Epoch 44: 380/820 Loss: 1.596242
2026-08-16 10:02: Train Epoch 44: 400/820 Loss: 1.547617
2026-08-16 10:02: Train Epoch 44: 420/820 Loss: 1.611699
2026-08-16 10:02: Train Epoch 44: 440/820 Loss: 1.506603
2026-08-16 10:02: Train Epoch 44: 460/820 Loss: 1.584227
2026-08-16 10:02: Train Epoch 44: 480/820 Loss: 1.612192
2026-08-16 10:02: Train Epoch 44: 500/820 Loss: 1.528240
2026-08-16 10:03: Train Epoch 44: 520/820 Loss: 1.581173
2026-08-16 10:03: Train Epoch 44: 540/820 Loss: 1.542759
2026-08-16 10:03: Train Epoch 44: 560/820 Loss: 1.608982
2026-08-16 10:03: Train Epoch 44: 580/820 Loss: 1.475117
2026-08-16 10:03: Train Epoch 44: 600/820 Loss: 1.640709
2026-08-16 10:03: Train Epoch 44: 620/820 Loss: 1.559775
2026-08-16 10:03: Train Epoch 44: 640/820 Loss: 1.632522
2026-08-16 10:03: Train Epoch 44: 660/820 Loss: 1.635199
2026-08-16 10:03: Train Epoch 44: 680/820 Loss: 1.544054
2026-08-16 10:03: Train Epoch 44: 700/820 Loss: 1.587399
2026-08-16 10:03: Train Epoch 44: 720/820 Loss: 1.578644
2026-08-16 10:03: Train Epoch 44: 740/820 Loss: 1.527045
2026-08-16 10:03: Train Epoch 44: 760/820 Loss: 1.585793
2026-08-16 10:03: Train Epoch 44: 780/820 Loss: 1.527263
2026-08-16 10:03: Train Epoch 44: 800/820 Loss: 1.511487
2026-08-16 10:03: **********Train Epoch 44: averaged Loss: 1.563880, tf_ratio: 1.000000
2026-08-16 10:03: **********Val Epoch 44: average Loss: 1.821303
2026-08-16 10:03: Validation performance didn't improve for 15 epochs. Training stops.
2026-08-16 10:03: Total training time: 87.3376min, best loss: 1.803311
2026-08-16 10:03: Saving current best model to /scratch/chkkar002/Diffusion_Based_STGNNs/AGCRN/model/experiments/SAWS/trial6_20260816083631/best_model.pth
2026-08-16 10:04: Horizon 01, MAE: 0.81, RMSE: 1.15, MAPE: 7.1498%
2026-08-16 10:04: Horizon 02, MAE: 1.06, RMSE: 1.50, MAPE: 8.9327%
2026-08-16 10:04: Horizon 03, MAE: 1.27, RMSE: 1.77, MAPE: 10.5811%
2026-08-16 10:04: Horizon 04, MAE: 1.43, RMSE: 1.97, MAPE: 12.0858%
2026-08-16 10:04: Horizon 05, MAE: 1.56, RMSE: 2.13, MAPE: 13.1105%
2026-08-16 10:04: Horizon 06, MAE: 1.66, RMSE: 2.27, MAPE: 13.9861%
2026-08-16 10:04: Horizon 07, MAE: 1.74, RMSE: 2.38, MAPE: 14.8157%
2026-08-16 10:04: Horizon 08, MAE: 1.81, RMSE: 2.46, MAPE: 15.3908%
2026-08-16 10:04: Horizon 09, MAE: 1.86, RMSE: 2.54, MAPE: 15.9261%
2026-08-16 10:04: Horizon 10, MAE: 1.92, RMSE: 2.61, MAPE: 16.5841%
2026-08-16 10:04: Horizon 11, MAE: 1.95, RMSE: 2.65, MAPE: 17.1147%
2026-08-16 10:04: Horizon 12, MAE: 1.98, RMSE: 2.69, MAPE: 17.4797%
2026-08-16 10:04: Horizon 13, MAE: 2.02, RMSE: 2.73, MAPE: 17.8463%
2026-08-16 10:04: Horizon 14, MAE: 2.04, RMSE: 2.76, MAPE: 18.0914%
2026-08-16 10:04: Horizon 15, MAE: 2.06, RMSE: 2.79, MAPE: 18.3217%
2026-08-16 10:04: Horizon 16, MAE: 2.09, RMSE: 2.82, MAPE: 18.4937%
2026-08-16 10:04: Horizon 17, MAE: 2.11, RMSE: 2.84, MAPE: 18.6561%
2026-08-16 10:04: Horizon 18, MAE: 2.13, RMSE: 2.87, MAPE: 18.8195%
2026-08-16 10:04: Horizon 19, MAE: 2.15, RMSE: 2.89, MAPE: 18.8280%
2026-08-16 10:04: Horizon 20, MAE: 2.16, RMSE: 2.92, MAPE: 18.8100%
2026-08-16 10:04: Horizon 21, MAE: 2.17, RMSE: 2.94, MAPE: 18.8171%
2026-08-16 10:04: Horizon 22, MAE: 2.19, RMSE: 2.96, MAPE: 18.9223%
2026-08-16 10:04: Horizon 23, MAE: 2.20, RMSE: 2.98, MAPE: 19.0494%
2026-08-16 10:04: Horizon 24, MAE: 2.23, RMSE: 3.02, MAPE: 19.5186%
2026-08-16 10:04: Average Horizon, MAE: 1.86, RMSE: 2.57, MAPE: 16.1388%
2026-08-16 10:04: Experiment log path in: /scratch/chkkar002/Diffusion_Based_STGNNs/AGCRN/model/experiments/SAWS/trial7_20260816100410
2026-08-16 10:04: Train Epoch 1: 0/410 Loss: 16.844788
2026-08-16 10:04: Train Epoch 1: 20/410 Loss: 6.244449
2026-08-16 10:04: Train Epoch 1: 40/410 Loss: 5.245349
2026-08-16 10:04: Train Epoch 1: 60/410 Loss: 5.040865
2026-08-16 10:04: Train Epoch 1: 80/410 Loss: 4.711390
2026-08-16 10:04: Train Epoch 1: 100/410 Loss: 4.865198
2026-08-16 10:04: Train Epoch 1: 120/410 Loss: 4.559668
2026-08-16 10:04: Train Epoch 1: 140/410 Loss: 4.567413
2026-08-16 10:04: Train Epoch 1: 160/410 Loss: 4.177476
2026-08-16 10:04: Train Epoch 1: 180/410 Loss: 4.210041
2026-08-16 10:04: Train Epoch 1: 200/410 Loss: 13.204351
2026-08-16 10:04: Train Epoch 1: 220/410 Loss: 8.319279
2026-08-16 10:04: Train Epoch 1: 240/410 Loss: 6.589457
2026-08-16 10:04: Train Epoch 1: 260/410 Loss: 8.057869
2026-08-16 10:04: Train Epoch 1: 280/410 Loss: 6.801379
2026-08-16 10:04: Train Epoch 1: 300/410 Loss: 6.390553
2026-08-16 10:04: Train Epoch 1: 320/410 Loss: 6.157819
2026-08-16 10:04: Train Epoch 1: 340/410 Loss: 6.276440
2026-08-16 10:05: Train Epoch 1: 360/410 Loss: 5.792558
2026-08-16 10:05: Train Epoch 1: 380/410 Loss: 5.538162
2026-08-16 10:05: Train Epoch 1: 400/410 Loss: 5.455734
2026-08-16 10:05: **********Train Epoch 1: averaged Loss: 6.296139, tf_ratio: 1.000000
2026-08-16 10:05: **********Val Epoch 1: average Loss: 5.358654
2026-08-16 10:05: *********************************Current best model saved!
2026-08-16 10:05: Train Epoch 2: 0/410 Loss: 5.455320
2026-08-16 10:05: Train Epoch 2: 20/410 Loss: 5.514072
2026-08-16 10:05: Train Epoch 2: 40/410 Loss: 5.246156
2026-08-16 10:05: Train Epoch 2: 60/410 Loss: 5.224644
2026-08-16 10:05: Train Epoch 2: 80/410 Loss: 5.393447
2026-08-16 10:05: Train Epoch 2: 100/410 Loss: 5.307270
2026-08-16 10:05: Train Epoch 2: 120/410 Loss: 5.261398
2026-08-16 10:05: Train Epoch 2: 140/410 Loss: 5.164415
2026-08-16 10:05: Train Epoch 2: 160/410 Loss: 5.479679
2026-08-16 10:05: Train Epoch 2: 180/410 Loss: 5.715201
2026-08-16 10:05: Train Epoch 2: 200/410 Loss: 5.340301
2026-08-16 10:05: Train Epoch 2: 220/410 Loss: 5.335960
2026-08-16 10:05: Train Epoch 2: 240/410 Loss: 4.969121
2026-08-16 10:05: Train Epoch 2: 260/410 Loss: 5.393154
2026-08-16 10:05: Train Epoch 2: 280/410 Loss: 4.952752
2026-08-16 10:05: Train Epoch 2: 300/410 Loss: 5.258018
2026-08-16 10:05: Train Epoch 2: 320/410 Loss: 4.919772
2026-08-16 10:05: Train Epoch 2: 340/410 Loss: 5.029231
2026-08-16 10:06: Train Epoch 2: 360/410 Loss: 4.917463
2026-08-16 10:06: Train Epoch 2: 380/410 Loss: 4.936113
2026-08-16 10:06: Train Epoch 2: 400/410 Loss: 4.994516
2026-08-16 10:06: **********Train Epoch 2: averaged Loss: 5.252392, tf_ratio: 1.000000
2026-08-16 10:06: **********Val Epoch 2: average Loss: 4.883352
2026-08-16 10:06: *********************************Current best model saved!
2026-08-16 10:06: Train Epoch 3: 0/410 Loss: 4.948334
2026-08-16 10:06: Train Epoch 3: 20/410 Loss: 5.049396
2026-08-16 10:06: Train Epoch 3: 40/410 Loss: 4.853930
2026-08-16 10:06: Train Epoch 3: 60/410 Loss: 4.884171
2026-08-16 10:06: Train Epoch 3: 80/410 Loss: 4.883230
2026-08-16 10:06: Train Epoch 3: 100/410 Loss: 4.719531
2026-08-16 10:06: Train Epoch 3: 120/410 Loss: 5.011620
2026-08-16 10:06: Train Epoch 3: 140/410 Loss: 4.992966
2026-08-16 10:06: Train Epoch 3: 160/410 Loss: 4.859211
2026-08-16 10:06: Train Epoch 3: 180/410 Loss: 4.837932
2026-08-16 10:06: Train Epoch 3: 200/410 Loss: 4.858468
2026-08-16 10:06: Train Epoch 3: 220/410 Loss: 4.865171
2026-08-16 10:06: Train Epoch 3: 240/410 Loss: 4.729624
2026-08-16 10:06: Train Epoch 3: 260/410 Loss: 4.711777
2026-08-16 10:06: Train Epoch 3: 280/410 Loss: 4.966559
2026-08-16 10:06: Train Epoch 3: 300/410 Loss: 4.958182
2026-08-16 10:06: Train Epoch 3: 320/410 Loss: 4.827432
2026-08-16 10:06: Train Epoch 3: 340/410 Loss: 4.722283
2026-08-16 10:07: Train Epoch 3: 360/410 Loss: 4.734215
2026-08-16 10:07: Train Epoch 3: 380/410 Loss: 4.724123
2026-08-16 10:07: Train Epoch 3: 400/410 Loss: 4.755591
2026-08-16 10:07: **********Train Epoch 3: averaged Loss: 4.868501, tf_ratio: 1.000000
2026-08-16 10:07: **********Val Epoch 3: average Loss: 4.678057
2026-08-16 10:07: *********************************Current best model saved!
2026-08-16 10:07: Train Epoch 4: 0/410 Loss: 4.610624
2026-08-16 10:07: Train Epoch 4: 20/410 Loss: 4.704650
2026-08-16 10:07: Train Epoch 4: 40/410 Loss: 4.827290
2026-08-16 10:07: Train Epoch 4: 60/410 Loss: 4.746307
2026-08-16 10:07: Train Epoch 4: 80/410 Loss: 4.794863
2026-08-16 10:07: Train Epoch 4: 100/410 Loss: 4.754354
2026-08-16 10:07: Train Epoch 4: 120/410 Loss: 4.924704
2026-08-16 10:07: Train Epoch 4: 140/410 Loss: 4.652103
2026-08-16 10:07: Train Epoch 4: 160/410 Loss: 4.786942
2026-08-16 10:07: Train Epoch 4: 180/410 Loss: 4.804209
2026-08-16 10:07: Train Epoch 4: 200/410 Loss: 4.671417
2026-08-16 10:07: Train Epoch 4: 220/410 Loss: 4.688722
2026-08-16 10:07: Train Epoch 4: 240/410 Loss: 4.734695
2026-08-16 10:07: Train Epoch 4: 260/410 Loss: 4.649745
2026-08-16 10:07: Train Epoch 4: 280/410 Loss: 4.557244
2026-08-16 10:07: Train Epoch 4: 300/410 Loss: 4.600931
2026-08-16 10:07: Train Epoch 4: 320/410 Loss: 4.867030
2026-08-16 10:07: Train Epoch 4: 340/410 Loss: 4.556540
2026-08-16 10:08: Train Epoch 4: 360/410 Loss: 4.914859
2026-08-16 10:08: Train Epoch 4: 380/410 Loss: 4.640867
2026-08-16 10:08: Train Epoch 4: 400/410 Loss: 4.604723
2026-08-16 10:08: **********Train Epoch 4: averaged Loss: 4.739817, tf_ratio: 1.000000
2026-08-16 10:08: **********Val Epoch 4: average Loss: 4.608373
2026-08-16 10:08: *********************************Current best model saved!
2026-08-16 10:08: Train Epoch 5: 0/410 Loss: 4.731929
2026-08-16 10:08: Train Epoch 5: 20/410 Loss: 4.695134
2026-08-16 10:08: Train Epoch 5: 40/410 Loss: 4.726145
2026-08-16 10:08: Train Epoch 5: 60/410 Loss: 4.809288
2026-08-16 10:08: Train Epoch 5: 80/410 Loss: 4.547420
2026-08-16 10:08: Train Epoch 5: 100/410 Loss: 4.730432
2026-08-16 10:08: Train Epoch 5: 120/410 Loss: 4.802551
2026-08-16 10:08: Train Epoch 5: 140/410 Loss: 4.576818
2026-08-16 10:08: Train Epoch 5: 160/410 Loss: 4.687137
2026-08-16 10:08: Train Epoch 5: 180/410 Loss: 4.552625
2026-08-16 10:08: Train Epoch 5: 200/410 Loss: 4.635568
2026-08-16 10:08: Train Epoch 5: 220/410 Loss: 4.739934
2026-08-16 10:08: Train Epoch 5: 240/410 Loss: 4.634261
2026-08-16 10:08: Train Epoch 5: 260/410 Loss: 4.642889
2026-08-16 10:08: Train Epoch 5: 280/410 Loss: 4.908174
2026-08-16 10:08: Train Epoch 5: 300/410 Loss: 4.668075
2026-08-16 10:08: Train Epoch 5: 320/410 Loss: 4.663320
2026-08-16 10:08: Train Epoch 5: 340/410 Loss: 4.564232
2026-08-16 10:09: Train Epoch 5: 360/410 Loss: 4.658822
2026-08-16 10:09: Train Epoch 5: 380/410 Loss: 4.439418
2026-08-16 10:09: Train Epoch 5: 400/410 Loss: 4.631110
2026-08-16 10:09: **********Train Epoch 5: averaged Loss: 4.680669, tf_ratio: 1.000000
2026-08-16 10:09: **********Val Epoch 5: average Loss: 4.558018
