2026-08-23 06:09: Experiment log path in: /scratch/chkkar002/Diffusion_Based_STGNNs/RealValue/AGCRN/model/experiments/SAWS/20260823060957
2026-08-23 06:10: Train Epoch 1: 0/1641 Loss: 1.006889
2026-08-23 06:10: Train Epoch 1: 20/1641 Loss: 0.945663
2026-08-23 06:10: Train Epoch 1: 40/1641 Loss: 0.927428
2026-08-23 06:10: Train Epoch 1: 60/1641 Loss: 0.819233
2026-08-23 06:10: Train Epoch 1: 80/1641 Loss: 0.802757
2026-08-23 06:10: Train Epoch 1: 100/1641 Loss: 0.830718
2026-08-23 06:10: Train Epoch 1: 120/1641 Loss: 0.770175
2026-08-23 06:10: Train Epoch 1: 140/1641 Loss: 0.796238
2026-08-23 06:10: Train Epoch 1: 160/1641 Loss: 0.795935
2026-08-23 06:10: Train Epoch 1: 180/1641 Loss: 0.783570
2026-08-23 06:10: Train Epoch 1: 200/1641 Loss: 0.788211
2026-08-23 06:10: Train Epoch 1: 220/1641 Loss: 0.808471
2026-08-23 06:10: Train Epoch 1: 240/1641 Loss: 0.802029
2026-08-23 06:10: Train Epoch 1: 260/1641 Loss: 0.781774
2026-08-23 06:10: Train Epoch 1: 280/1641 Loss: 0.755151
2026-08-23 06:10: Train Epoch 1: 300/1641 Loss: 0.784905
2026-08-23 06:10: Train Epoch 1: 320/1641 Loss: 0.761537
2026-08-23 06:10: Train Epoch 1: 340/1641 Loss: 0.751136
2026-08-23 06:10: Train Epoch 1: 360/1641 Loss: 0.761714
2026-08-23 06:10: Train Epoch 1: 380/1641 Loss: 0.806531
2026-08-23 06:10: Train Epoch 1: 400/1641 Loss: 0.774920
2026-08-23 06:10: Train Epoch 1: 420/1641 Loss: 0.771498
2026-08-23 06:11: Train Epoch 1: 440/1641 Loss: 0.760322
2026-08-23 06:11: Train Epoch 1: 460/1641 Loss: 0.759372
2026-08-23 06:11: Train Epoch 1: 480/1641 Loss: 0.764317
2026-08-23 06:11: Train Epoch 1: 500/1641 Loss: 0.749123
2026-08-23 06:11: Train Epoch 1: 520/1641 Loss: 0.750476
2026-08-23 06:11: Train Epoch 1: 540/1641 Loss: 0.745814
2026-08-23 06:11: Train Epoch 1: 560/1641 Loss: 0.760306
2026-08-23 06:11: Train Epoch 1: 580/1641 Loss: 0.768076
2026-08-23 06:11: Train Epoch 1: 600/1641 Loss: 0.756793
2026-08-23 06:11: Train Epoch 1: 620/1641 Loss: 0.754348
2026-08-23 06:11: Train Epoch 1: 640/1641 Loss: 0.748153
2026-08-23 06:11: Train Epoch 1: 660/1641 Loss: 0.767994
2026-08-23 06:11: Train Epoch 1: 680/1641 Loss: 0.729159
2026-08-23 06:11: Train Epoch 1: 700/1641 Loss: 0.760562
2026-08-23 06:11: Train Epoch 1: 720/1641 Loss: 0.733617
2026-08-23 06:11: Train Epoch 1: 740/1641 Loss: 0.746664
2026-08-23 06:11: Train Epoch 1: 760/1641 Loss: 0.722259
2026-08-23 06:11: Train Epoch 1: 780/1641 Loss: 0.797825
2026-08-23 06:11: Train Epoch 1: 800/1641 Loss: 0.753011
2026-08-23 06:11: Train Epoch 1: 820/1641 Loss: 0.731472
2026-08-23 06:11: Train Epoch 1: 840/1641 Loss: 0.775812
2026-08-23 06:11: Train Epoch 1: 860/1641 Loss: 0.742720
2026-08-23 06:12: Train Epoch 1: 880/1641 Loss: 0.727139
2026-08-23 06:12: Train Epoch 1: 900/1641 Loss: 0.751708
2026-08-23 06:12: Train Epoch 1: 920/1641 Loss: 0.746933
2026-08-23 06:12: Train Epoch 1: 940/1641 Loss: 0.715976
2026-08-23 06:12: Train Epoch 1: 960/1641 Loss: 0.722468
2026-08-23 06:12: Train Epoch 1: 980/1641 Loss: 0.730752
2026-08-23 06:12: Train Epoch 1: 1000/1641 Loss: 0.752874
2026-08-23 06:12: Train Epoch 1: 1020/1641 Loss: 0.721968
2026-08-23 06:12: Train Epoch 1: 1040/1641 Loss: 0.704068
2026-08-23 06:12: Train Epoch 1: 1060/1641 Loss: 0.753550
2026-08-23 06:12: Train Epoch 1: 1080/1641 Loss: 0.725336
2026-08-23 06:12: Train Epoch 1: 1100/1641 Loss: 0.709191
2026-08-23 06:12: Train Epoch 1: 1120/1641 Loss: 0.699390
2026-08-23 06:12: Train Epoch 1: 1140/1641 Loss: 0.696352
2026-08-23 06:12: Train Epoch 1: 1160/1641 Loss: 0.692825
2026-08-23 06:12: Train Epoch 1: 1180/1641 Loss: 0.690978
2026-08-23 06:12: Train Epoch 1: 1200/1641 Loss: 0.703460
2026-08-23 06:12: Train Epoch 1: 1220/1641 Loss: 0.714218
2026-08-23 06:12: Train Epoch 1: 1240/1641 Loss: 0.692762
2026-08-23 06:12: Train Epoch 1: 1260/1641 Loss: 0.707991
2026-08-23 06:12: Train Epoch 1: 1280/1641 Loss: 0.696355
2026-08-23 06:12: Train Epoch 1: 1300/1641 Loss: 0.695099
2026-08-23 06:13: Train Epoch 1: 1320/1641 Loss: 0.664027
2026-08-23 06:13: Train Epoch 1: 1340/1641 Loss: 0.686193
2026-08-23 06:13: Train Epoch 1: 1360/1641 Loss: 0.690728
2026-08-23 06:13: Train Epoch 1: 1380/1641 Loss: 0.691514
2026-08-23 06:13: Train Epoch 1: 1400/1641 Loss: 0.681897
2026-08-23 06:13: Train Epoch 1: 1420/1641 Loss: 0.712243
2026-08-23 06:13: Train Epoch 1: 1440/1641 Loss: 0.689913
2026-08-23 06:13: Train Epoch 1: 1460/1641 Loss: 0.694438
2026-08-23 06:13: Train Epoch 1: 1480/1641 Loss: 0.682347
2026-08-23 06:13: Train Epoch 1: 1500/1641 Loss: 0.711925
2026-08-23 06:13: Train Epoch 1: 1520/1641 Loss: 0.681770
2026-08-23 06:13: Train Epoch 1: 1540/1641 Loss: 0.688589
2026-08-23 06:13: Train Epoch 1: 1560/1641 Loss: 0.675763
2026-08-23 06:13: Train Epoch 1: 1580/1641 Loss: 0.681409
2026-08-23 06:13: Train Epoch 1: 1600/1641 Loss: 0.672375
2026-08-23 06:13: Train Epoch 1: 1620/1641 Loss: 0.667405
2026-08-23 06:13: Train Epoch 1: 1640/1641 Loss: 0.695481
2026-08-23 06:13: **********Train Epoch 1: averaged Loss: 0.742697, tf_ratio: 1.000000
2026-08-23 06:14: **********Val Epoch 1: average Loss: 0.687693
2026-08-23 06:14: *********************************Current best model saved!
2026-08-23 06:14: Train Epoch 2: 0/1641 Loss: 0.715468
2026-08-23 06:14: Train Epoch 2: 20/1641 Loss: 0.671846
2026-08-23 06:14: Train Epoch 2: 40/1641 Loss: 0.667917
2026-08-23 06:14: Train Epoch 2: 60/1641 Loss: 0.710655
2026-08-23 06:14: Train Epoch 2: 80/1641 Loss: 0.642081
2026-08-23 06:14: Train Epoch 2: 100/1641 Loss: 0.676166
2026-08-23 06:14: Train Epoch 2: 120/1641 Loss: 0.683321
2026-08-23 06:14: Train Epoch 2: 140/1641 Loss: 0.687626
2026-08-23 06:14: Train Epoch 2: 160/1641 Loss: 0.678415
2026-08-23 06:14: Train Epoch 2: 180/1641 Loss: 0.647912
2026-08-23 06:14: Train Epoch 2: 200/1641 Loss: 0.671246
2026-08-23 06:14: Train Epoch 2: 220/1641 Loss: 0.671482
2026-08-23 06:14: Train Epoch 2: 240/1641 Loss: 0.667446
2026-08-23 06:14: Train Epoch 2: 260/1641 Loss: 0.681783
2026-08-23 06:14: Train Epoch 2: 280/1641 Loss: 0.650933
2026-08-23 06:14: Train Epoch 2: 300/1641 Loss: 0.660652
2026-08-23 06:14: Train Epoch 2: 320/1641 Loss: 0.668476
2026-08-23 06:14: Train Epoch 2: 340/1641 Loss: 0.669167
2026-08-23 06:14: Train Epoch 2: 360/1641 Loss: 0.661870
2026-08-23 06:14: Train Epoch 2: 380/1641 Loss: 0.654699
2026-08-23 06:15: Train Epoch 2: 400/1641 Loss: 0.645262
2026-08-23 06:15: Train Epoch 2: 420/1641 Loss: 0.695834
2026-08-23 06:15: Train Epoch 2: 440/1641 Loss: 0.674352
2026-08-23 06:15: Train Epoch 2: 460/1641 Loss: 0.648012
2026-08-23 06:15: Train Epoch 2: 480/1641 Loss: 0.687527
2026-08-23 06:15: Train Epoch 2: 500/1641 Loss: 0.656398
2026-08-23 06:15: Train Epoch 2: 520/1641 Loss: 0.671443
2026-08-23 06:15: Train Epoch 2: 540/1641 Loss: 0.672250
2026-08-23 06:15: Train Epoch 2: 560/1641 Loss: 0.670861
2026-08-23 06:15: Train Epoch 2: 580/1641 Loss: 0.669453
2026-08-23 06:15: Train Epoch 2: 600/1641 Loss: 0.664499
2026-08-23 06:15: Train Epoch 2: 620/1641 Loss: 0.673296
2026-08-23 06:15: Train Epoch 2: 640/1641 Loss: 0.685944
2026-08-23 06:15: Train Epoch 2: 660/1641 Loss: 0.653419
2026-08-23 06:15: Train Epoch 2: 680/1641 Loss: 0.664769
2026-08-23 06:15: Train Epoch 2: 700/1641 Loss: 0.634530
2026-08-23 06:15: Train Epoch 2: 720/1641 Loss: 0.648538
2026-08-23 06:15: Train Epoch 2: 740/1641 Loss: 0.644080
2026-08-23 06:15: Train Epoch 2: 760/1641 Loss: 0.673341
2026-08-23 06:15: Train Epoch 2: 780/1641 Loss: 0.643083
2026-08-23 06:15: Train Epoch 2: 800/1641 Loss: 0.636759
2026-08-23 06:15: Train Epoch 2: 820/1641 Loss: 0.628732
2026-08-23 06:15: Train Epoch 2: 840/1641 Loss: 0.646288
2026-08-23 06:16: Train Epoch 2: 860/1641 Loss: 0.664928
2026-08-23 06:16: Train Epoch 2: 880/1641 Loss: 0.666846
2026-08-23 06:16: Train Epoch 2: 900/1641 Loss: 0.656041
2026-08-23 06:16: Train Epoch 2: 920/1641 Loss: 0.656164
2026-08-23 06:16: Train Epoch 2: 940/1641 Loss: 0.673828
2026-08-23 06:16: Train Epoch 2: 960/1641 Loss: 0.648577
2026-08-23 06:16: Train Epoch 2: 980/1641 Loss: 0.664047
2026-08-23 06:16: Train Epoch 2: 1000/1641 Loss: 0.656964
2026-08-23 06:16: Train Epoch 2: 1020/1641 Loss: 0.650877
2026-08-23 06:16: Train Epoch 2: 1040/1641 Loss: 0.665840
2026-08-23 06:16: Train Epoch 2: 1060/1641 Loss: 0.659713
2026-08-23 06:16: Train Epoch 2: 1080/1641 Loss: 0.646144
2026-08-23 06:16: Train Epoch 2: 1100/1641 Loss: 0.675177
2026-08-23 06:16: Train Epoch 2: 1120/1641 Loss: 0.637567
2026-08-23 06:16: Train Epoch 2: 1140/1641 Loss: 0.667467
2026-08-23 06:16: Train Epoch 2: 1160/1641 Loss: 0.680504
2026-08-23 06:16: Train Epoch 2: 1180/1641 Loss: 0.645628
2026-08-23 06:16: Train Epoch 2: 1200/1641 Loss: 0.653635
2026-08-23 06:16: Train Epoch 2: 1220/1641 Loss: 0.628759
2026-08-23 06:16: Train Epoch 2: 1240/1641 Loss: 0.643276
2026-08-23 06:16: Train Epoch 2: 1260/1641 Loss: 0.664870
2026-08-23 06:16: Train Epoch 2: 1280/1641 Loss: 0.667744
2026-08-23 06:17: Train Epoch 2: 1300/1641 Loss: 0.656215
2026-08-23 06:17: Train Epoch 2: 1320/1641 Loss: 0.657095
2026-08-23 06:17: Train Epoch 2: 1340/1641 Loss: 0.638075
2026-08-23 06:17: Train Epoch 2: 1360/1641 Loss: 0.658979
2026-08-23 06:17: Train Epoch 2: 1380/1641 Loss: 0.633788
2026-08-23 06:17: Train Epoch 2: 1400/1641 Loss: 0.656529
2026-08-23 06:17: Train Epoch 2: 1420/1641 Loss: 0.638433
2026-08-23 06:17: Train Epoch 2: 1440/1641 Loss: 0.649805
2026-08-23 06:17: Train Epoch 2: 1460/1641 Loss: 0.662339
2026-08-23 06:17: Train Epoch 2: 1480/1641 Loss: 0.626196
2026-08-23 06:17: Train Epoch 2: 1500/1641 Loss: 0.618062
2026-08-23 06:17: Train Epoch 2: 1520/1641 Loss: 0.618590
2026-08-23 06:17: Train Epoch 2: 1540/1641 Loss: 0.662177
2026-08-23 06:17: Train Epoch 2: 1560/1641 Loss: 0.638533
2026-08-23 06:17: Train Epoch 2: 1580/1641 Loss: 0.631350
2026-08-23 06:17: Train Epoch 2: 1600/1641 Loss: 0.646798
2026-08-23 06:17: Train Epoch 2: 1620/1641 Loss: 0.631485
2026-08-23 06:17: Train Epoch 2: 1640/1641 Loss: 0.638643
2026-08-23 06:17: **********Train Epoch 2: averaged Loss: 0.658378, tf_ratio: 1.000000
2026-08-23 06:18: **********Val Epoch 2: average Loss: 0.662759
2026-08-23 06:18: *********************************Current best model saved!
2026-08-23 06:18: Train Epoch 3: 0/1641 Loss: 0.632045
2026-08-23 06:18: Train Epoch 3: 20/1641 Loss: 0.634339
2026-08-23 06:18: Train Epoch 3: 40/1641 Loss: 0.639298
2026-08-23 06:18: Train Epoch 3: 60/1641 Loss: 0.616063
2026-08-23 06:18: Train Epoch 3: 80/1641 Loss: 0.653905
2026-08-23 06:18: Train Epoch 3: 100/1641 Loss: 0.644295
2026-08-23 06:18: Train Epoch 3: 120/1641 Loss: 0.632050
2026-08-23 06:18: Train Epoch 3: 140/1641 Loss: 0.655068
2026-08-23 06:18: Train Epoch 3: 160/1641 Loss: 0.617301
2026-08-23 06:18: Train Epoch 3: 180/1641 Loss: 0.650569
2026-08-23 06:18: Train Epoch 3: 200/1641 Loss: 0.658066
2026-08-23 06:18: Train Epoch 3: 220/1641 Loss: 0.640319
2026-08-23 06:18: Train Epoch 3: 240/1641 Loss: 0.638140
2026-08-23 06:18: Train Epoch 3: 260/1641 Loss: 0.651060
2026-08-23 06:18: Train Epoch 3: 280/1641 Loss: 0.646763
2026-08-23 06:18: Train Epoch 3: 300/1641 Loss: 0.657529
2026-08-23 06:18: Train Epoch 3: 320/1641 Loss: 0.650795
2026-08-23 06:18: Train Epoch 3: 340/1641 Loss: 0.639249
2026-08-23 06:19: Train Epoch 3: 360/1641 Loss: 0.630971
2026-08-23 06:19: Train Epoch 3: 380/1641 Loss: 0.636523
2026-08-23 06:19: Train Epoch 3: 400/1641 Loss: 0.640628
2026-08-23 06:19: Train Epoch 3: 420/1641 Loss: 0.615775
2026-08-23 06:19: Train Epoch 3: 440/1641 Loss: 0.637129
2026-08-23 06:19: Train Epoch 3: 460/1641 Loss: 0.634693
2026-08-23 06:19: Train Epoch 3: 480/1641 Loss: 0.627752
2026-08-23 06:19: Train Epoch 3: 500/1641 Loss: 0.635199
2026-08-23 06:19: Train Epoch 3: 520/1641 Loss: 0.635381
2026-08-23 06:19: Train Epoch 3: 540/1641 Loss: 0.604709
2026-08-23 06:19: Train Epoch 3: 560/1641 Loss: 0.631684
2026-08-23 06:19: Train Epoch 3: 580/1641 Loss: 0.635809
2026-08-23 06:19: Train Epoch 3: 600/1641 Loss: 0.639873
2026-08-23 06:19: Train Epoch 3: 620/1641 Loss: 0.647833
2026-08-23 06:19: Train Epoch 3: 640/1641 Loss: 0.627759
2026-08-23 06:19: Train Epoch 3: 660/1641 Loss: 0.618344
2026-08-23 06:19: Train Epoch 3: 680/1641 Loss: 0.656488
2026-08-23 06:19: Train Epoch 3: 700/1641 Loss: 0.635354
2026-08-23 06:19: Train Epoch 3: 720/1641 Loss: 0.664514
2026-08-23 06:19: Train Epoch 3: 740/1641 Loss: 0.651173
2026-08-23 06:19: Train Epoch 3: 760/1641 Loss: 0.652584
2026-08-23 06:19: Train Epoch 3: 780/1641 Loss: 0.638462
2026-08-23 06:19: Train Epoch 3: 800/1641 Loss: 0.637490
2026-08-23 06:20: Train Epoch 3: 820/1641 Loss: 0.641312
2026-08-23 06:20: Train Epoch 3: 840/1641 Loss: 0.661871
2026-08-23 06:20: Train Epoch 3: 860/1641 Loss: 0.650330
2026-08-23 06:20: Train Epoch 3: 880/1641 Loss: 0.640563
2026-08-23 06:20: Train Epoch 3: 900/1641 Loss: 0.634122
2026-08-23 06:20: Train Epoch 3: 920/1641 Loss: 0.660302
2026-08-23 06:20: Train Epoch 3: 940/1641 Loss: 0.617012
2026-08-23 06:20: Train Epoch 3: 960/1641 Loss: 0.637551
2026-08-23 06:20: Train Epoch 3: 980/1641 Loss: 0.638890
2026-08-23 06:20: Train Epoch 3: 1000/1641 Loss: 0.648064
2026-08-23 06:20: Train Epoch 3: 1020/1641 Loss: 0.642245
2026-08-23 06:20: Train Epoch 3: 1040/1641 Loss: 0.639640
2026-08-23 06:20: Train Epoch 3: 1060/1641 Loss: 0.656565
2026-08-23 06:20: Train Epoch 3: 1080/1641 Loss: 0.639793
2026-08-23 06:20: Train Epoch 3: 1100/1641 Loss: 0.632665
2026-08-23 06:20: Train Epoch 3: 1120/1641 Loss: 0.632919
2026-08-23 06:20: Train Epoch 3: 1140/1641 Loss: 0.637537
2026-08-23 06:20: Train Epoch 3: 1160/1641 Loss: 0.641420
2026-08-23 06:20: Train Epoch 3: 1180/1641 Loss: 0.625370
2026-08-23 06:20: Train Epoch 3: 1200/1641 Loss: 0.648576
2026-08-23 06:20: Train Epoch 3: 1220/1641 Loss: 0.611408
2026-08-23 06:20: Train Epoch 3: 1240/1641 Loss: 0.612196
2026-08-23 06:21: Train Epoch 3: 1260/1641 Loss: 0.649668
2026-08-23 06:21: Train Epoch 3: 1280/1641 Loss: 0.642176
2026-08-23 06:21: Train Epoch 3: 1300/1641 Loss: 0.618421
2026-08-23 06:21: Train Epoch 3: 1320/1641 Loss: 0.629633
2026-08-23 06:21: Train Epoch 3: 1340/1641 Loss: 0.635241
2026-08-23 06:21: Train Epoch 3: 1360/1641 Loss: 0.641075
2026-08-23 06:21: Train Epoch 3: 1380/1641 Loss: 0.633873
2026-08-23 06:21: Train Epoch 3: 1400/1641 Loss: 0.640761
2026-08-23 06:21: Train Epoch 3: 1420/1641 Loss: 0.637605
2026-08-23 06:21: Train Epoch 3: 1440/1641 Loss: 0.640610
2026-08-23 06:21: Train Epoch 3: 1460/1641 Loss: 0.611763
2026-08-23 06:21: Train Epoch 3: 1480/1641 Loss: 0.622581
2026-08-23 06:21: Train Epoch 3: 1500/1641 Loss: 0.630671
2026-08-23 06:21: Train Epoch 3: 1520/1641 Loss: 0.629325
2026-08-23 06:21: Train Epoch 3: 1540/1641 Loss: 0.604558
2026-08-23 06:21: Train Epoch 3: 1560/1641 Loss: 0.616618
2026-08-23 06:21: Train Epoch 3: 1580/1641 Loss: 0.612255
2026-08-23 06:21: Train Epoch 3: 1600/1641 Loss: 0.658273
2026-08-23 06:21: Train Epoch 3: 1620/1641 Loss: 0.617401
2026-08-23 06:21: Train Epoch 3: 1640/1641 Loss: 0.612937
2026-08-23 06:21: **********Train Epoch 3: averaged Loss: 0.637784, tf_ratio: 1.000000
2026-08-23 06:22: **********Val Epoch 3: average Loss: 0.652383
2026-08-23 06:22: *********************************Current best model saved!
2026-08-23 06:22: Train Epoch 4: 0/1641 Loss: 0.634895
2026-08-23 06:22: Train Epoch 4: 20/1641 Loss: 0.626867
2026-08-23 06:22: Train Epoch 4: 40/1641 Loss: 0.622579
2026-08-23 06:22: Train Epoch 4: 60/1641 Loss: 0.651809
2026-08-23 06:22: Train Epoch 4: 80/1641 Loss: 0.627978
2026-08-23 06:22: Train Epoch 4: 100/1641 Loss: 0.621040
2026-08-23 06:22: Train Epoch 4: 120/1641 Loss: 0.627940
2026-08-23 06:22: Train Epoch 4: 140/1641 Loss: 0.619626
2026-08-23 06:22: Train Epoch 4: 160/1641 Loss: 0.612356
2026-08-23 06:22: Train Epoch 4: 180/1641 Loss: 0.628570
2026-08-23 06:22: Train Epoch 4: 200/1641 Loss: 0.621523
2026-08-23 06:22: Train Epoch 4: 220/1641 Loss: 0.618699
2026-08-23 06:22: Train Epoch 4: 240/1641 Loss: 0.624110
2026-08-23 06:22: Train Epoch 4: 260/1641 Loss: 0.623709
2026-08-23 06:22: Train Epoch 4: 280/1641 Loss: 0.609348
2026-08-23 06:22: Train Epoch 4: 300/1641 Loss: 0.622095
2026-08-23 06:22: Train Epoch 4: 320/1641 Loss: 0.633755
2026-08-23 06:23: Train Epoch 4: 340/1641 Loss: 0.602374
2026-08-23 06:23: Train Epoch 4: 360/1641 Loss: 0.625482
2026-08-23 06:23: Train Epoch 4: 380/1641 Loss: 0.644212
2026-08-23 06:23: Train Epoch 4: 400/1641 Loss: 0.635083
2026-08-23 06:23: Train Epoch 4: 420/1641 Loss: 0.620624
2026-08-23 06:23: Train Epoch 4: 440/1641 Loss: 0.613566
2026-08-23 06:23: Train Epoch 4: 460/1641 Loss: 0.629226
2026-08-23 06:23: Train Epoch 4: 480/1641 Loss: 0.632392
2026-08-23 06:23: Train Epoch 4: 500/1641 Loss: 0.608409
2026-08-23 06:23: Train Epoch 4: 520/1641 Loss: 0.642120
2026-08-23 06:23: Train Epoch 4: 540/1641 Loss: 0.636599
2026-08-23 06:23: Train Epoch 4: 560/1641 Loss: 0.604656
2026-08-23 06:23: Train Epoch 4: 580/1641 Loss: 0.625287
2026-08-23 06:23: Train Epoch 4: 600/1641 Loss: 0.609588
2026-08-23 06:23: Train Epoch 4: 620/1641 Loss: 0.659039
2026-08-23 06:23: Train Epoch 4: 640/1641 Loss: 0.641842
2026-08-23 06:23: Train Epoch 4: 660/1641 Loss: 0.641107
2026-08-23 06:23: Train Epoch 4: 680/1641 Loss: 0.641807
2026-08-23 06:23: Train Epoch 4: 700/1641 Loss: 0.648573
2026-08-23 06:23: Train Epoch 4: 720/1641 Loss: 0.630350
2026-08-23 06:23: Train Epoch 4: 740/1641 Loss: 0.641482
2026-08-23 06:23: Train Epoch 4: 760/1641 Loss: 0.599290
2026-08-23 06:24: Train Epoch 4: 780/1641 Loss: 0.612767
2026-08-23 06:24: Train Epoch 4: 800/1641 Loss: 0.626803
2026-08-23 06:24: Train Epoch 4: 820/1641 Loss: 0.618107
2026-08-23 06:24: Train Epoch 4: 840/1641 Loss: 0.644154
2026-08-23 06:24: Train Epoch 4: 860/1641 Loss: 0.640093
2026-08-23 06:24: Train Epoch 4: 880/1641 Loss: 0.626937
2026-08-23 06:24: Train Epoch 4: 900/1641 Loss: 0.647435
2026-08-23 06:24: Train Epoch 4: 920/1641 Loss: 0.642114
2026-08-23 06:24: Train Epoch 4: 940/1641 Loss: 0.625322
2026-08-23 06:24: Train Epoch 4: 960/1641 Loss: 0.610855
2026-08-23 06:24: Train Epoch 4: 980/1641 Loss: 0.649194
2026-08-23 06:24: Train Epoch 4: 1000/1641 Loss: 0.649444
2026-08-23 06:24: Train Epoch 4: 1020/1641 Loss: 0.637255
2026-08-23 06:24: Train Epoch 4: 1040/1641 Loss: 0.648720
2026-08-23 06:24: Train Epoch 4: 1060/1641 Loss: 0.627631
2026-08-23 06:24: Train Epoch 4: 1080/1641 Loss: 0.608079
2026-08-23 06:24: Train Epoch 4: 1100/1641 Loss: 0.609773
2026-08-23 06:24: Train Epoch 4: 1120/1641 Loss: 0.635410
2026-08-23 06:24: Train Epoch 4: 1140/1641 Loss: 0.623362
2026-08-23 06:24: Train Epoch 4: 1160/1641 Loss: 0.609515
2026-08-23 06:24: Train Epoch 4: 1180/1641 Loss: 0.618007
2026-08-23 06:24: Train Epoch 4: 1200/1641 Loss: 0.639142
2026-08-23 06:24: Train Epoch 4: 1220/1641 Loss: 0.613691
2026-08-23 06:25: Train Epoch 4: 1240/1641 Loss: 0.623431
2026-08-23 06:25: Train Epoch 4: 1260/1641 Loss: 0.615575
2026-08-23 06:25: Train Epoch 4: 1280/1641 Loss: 0.605162
2026-08-23 06:25: Train Epoch 4: 1300/1641 Loss: 0.637364
2026-08-23 06:25: Train Epoch 4: 1320/1641 Loss: 0.624583
2026-08-23 06:25: Train Epoch 4: 1340/1641 Loss: 0.634750
2026-08-23 06:25: Train Epoch 4: 1360/1641 Loss: 0.615589
2026-08-23 06:25: Train Epoch 4: 1380/1641 Loss: 0.601816
2026-08-23 06:25: Train Epoch 4: 1400/1641 Loss: 0.624003
2026-08-23 06:25: Train Epoch 4: 1420/1641 Loss: 0.642566
2026-08-23 06:25: Train Epoch 4: 1440/1641 Loss: 0.627489
2026-08-23 06:25: Train Epoch 4: 1460/1641 Loss: 0.592829
2026-08-23 06:25: Train Epoch 4: 1480/1641 Loss: 0.610213
2026-08-23 06:25: Train Epoch 4: 1500/1641 Loss: 0.616614
2026-08-23 06:25: Train Epoch 4: 1520/1641 Loss: 0.611745
2026-08-23 06:25: Train Epoch 4: 1540/1641 Loss: 0.645580
2026-08-23 06:25: Train Epoch 4: 1560/1641 Loss: 0.618470
2026-08-23 06:25: Train Epoch 4: 1580/1641 Loss: 0.635080
2026-08-23 06:25: Train Epoch 4: 1600/1641 Loss: 0.626170
2026-08-23 06:25: Train Epoch 4: 1620/1641 Loss: 0.602539
2026-08-23 06:25: Train Epoch 4: 1640/1641 Loss: 0.635307
2026-08-23 06:25: **********Train Epoch 4: averaged Loss: 0.626264, tf_ratio: 1.000000
2026-08-23 06:26: **********Val Epoch 4: average Loss: 0.649046
2026-08-23 06:26: *********************************Current best model saved!
2026-08-23 06:26: Train Epoch 5: 0/1641 Loss: 0.661724
2026-08-23 06:26: Train Epoch 5: 20/1641 Loss: 0.615360
2026-08-23 06:26: Train Epoch 5: 40/1641 Loss: 0.604424
2026-08-23 06:26: Train Epoch 5: 60/1641 Loss: 0.629646
2026-08-23 06:26: Train Epoch 5: 80/1641 Loss: 0.611762
2026-08-23 06:26: Train Epoch 5: 100/1641 Loss: 0.652791
2026-08-23 06:26: Train Epoch 5: 120/1641 Loss: 0.631477
2026-08-23 06:26: Train Epoch 5: 140/1641 Loss: 0.621825
2026-08-23 06:26: Train Epoch 5: 160/1641 Loss: 0.625459
2026-08-23 06:26: Train Epoch 5: 180/1641 Loss: 0.610783
2026-08-23 06:26: Train Epoch 5: 200/1641 Loss: 0.613581
2026-08-23 06:26: Train Epoch 5: 220/1641 Loss: 0.628803
2026-08-23 06:26: Train Epoch 5: 240/1641 Loss: 0.594750
2026-08-23 06:26: Train Epoch 5: 260/1641 Loss: 0.629792
2026-08-23 06:26: Train Epoch 5: 280/1641 Loss: 0.622467
2026-08-23 06:26: Train Epoch 5: 300/1641 Loss: 0.607278
2026-08-23 06:27: Train Epoch 5: 320/1641 Loss: 0.621981
2026-08-23 06:27: Train Epoch 5: 340/1641 Loss: 0.631222
2026-08-23 06:27: Train Epoch 5: 360/1641 Loss: 0.624686
2026-08-23 06:27: Train Epoch 5: 380/1641 Loss: 0.631469
2026-08-23 06:27: Train Epoch 5: 400/1641 Loss: 0.633090
2026-08-23 06:27: Train Epoch 5: 420/1641 Loss: 0.637250
2026-08-23 06:27: Train Epoch 5: 440/1641 Loss: 0.617216
2026-08-23 06:27: Train Epoch 5: 460/1641 Loss: 0.622590
2026-08-23 06:27: Train Epoch 5: 480/1641 Loss: 0.601722
2026-08-23 06:27: Train Epoch 5: 500/1641 Loss: 0.642565
2026-08-23 06:27: Train Epoch 5: 520/1641 Loss: 0.642203
2026-08-23 06:27: Train Epoch 5: 540/1641 Loss: 0.609564
2026-08-23 06:27: Train Epoch 5: 560/1641 Loss: 0.584701
2026-08-23 06:27: Train Epoch 5: 580/1641 Loss: 0.616508
2026-08-23 06:27: Train Epoch 5: 600/1641 Loss: 0.602689
2026-08-23 06:27: Train Epoch 5: 620/1641 Loss: 0.596592
2026-08-23 06:27: Train Epoch 5: 640/1641 Loss: 0.623392
2026-08-23 06:27: Train Epoch 5: 660/1641 Loss: 0.644167
2026-08-23 06:27: Train Epoch 5: 680/1641 Loss: 0.639704
2026-08-23 06:27: Train Epoch 5: 700/1641 Loss: 0.646888
2026-08-23 06:27: Train Epoch 5: 720/1641 Loss: 0.611703
2026-08-23 06:27: Train Epoch 5: 740/1641 Loss: 0.621807
2026-08-23 06:28: Train Epoch 5: 760/1641 Loss: 0.605733
2026-08-23 06:28: Train Epoch 5: 780/1641 Loss: 0.634777
2026-08-23 06:28: Train Epoch 5: 800/1641 Loss: 0.615915
2026-08-23 06:28: Train Epoch 5: 820/1641 Loss: 0.617888
2026-08-23 06:28: Train Epoch 5: 840/1641 Loss: 0.577643
2026-08-23 06:28: Train Epoch 5: 860/1641 Loss: 0.608403
2026-08-23 06:28: Train Epoch 5: 880/1641 Loss: 0.631566
2026-08-23 06:28: Train Epoch 5: 900/1641 Loss: 0.615580
2026-08-23 06:28: Train Epoch 5: 920/1641 Loss: 0.613733
2026-08-23 06:28: Train Epoch 5: 940/1641 Loss: 0.590959
2026-08-23 06:28: Train Epoch 5: 960/1641 Loss: 0.649538
2026-08-23 06:28: Train Epoch 5: 980/1641 Loss: 0.627830
2026-08-23 06:28: Train Epoch 5: 1000/1641 Loss: 0.630009
2026-08-23 06:28: Train Epoch 5: 1020/1641 Loss: 0.610775
2026-08-23 06:28: Train Epoch 5: 1040/1641 Loss: 0.593343
2026-08-23 06:28: Train Epoch 5: 1060/1641 Loss: 0.630270
2026-08-23 06:28: Train Epoch 5: 1080/1641 Loss: 0.608198
2026-08-23 06:28: Train Epoch 5: 1100/1641 Loss: 0.621366
2026-08-23 06:28: Train Epoch 5: 1120/1641 Loss: 0.636499
2026-08-23 06:28: Train Epoch 5: 1140/1641 Loss: 0.592956
2026-08-23 06:28: Train Epoch 5: 1160/1641 Loss: 0.618030
2026-08-23 06:28: Train Epoch 5: 1180/1641 Loss: 0.643538
2026-08-23 06:29: Train Epoch 5: 1200/1641 Loss: 0.609038
2026-08-23 06:29: Train Epoch 5: 1220/1641 Loss: 0.603961
2026-08-23 06:29: Train Epoch 5: 1240/1641 Loss: 0.624351
2026-08-23 06:29: Train Epoch 5: 1260/1641 Loss: 0.651203
2026-08-23 06:29: Train Epoch 5: 1280/1641 Loss: 0.596694
2026-08-23 06:29: Train Epoch 5: 1300/1641 Loss: 0.608452
2026-08-23 06:29: Train Epoch 5: 1320/1641 Loss: 0.626321
2026-08-23 06:29: Train Epoch 5: 1340/1641 Loss: 0.630420
2026-08-23 06:29: Train Epoch 5: 1360/1641 Loss: 0.642111
2026-08-23 06:29: Train Epoch 5: 1380/1641 Loss: 0.605974
2026-08-23 06:29: Train Epoch 5: 1400/1641 Loss: 0.619828
2026-08-23 06:29: Train Epoch 5: 1420/1641 Loss: 0.616332
2026-08-23 06:29: Train Epoch 5: 1440/1641 Loss: 0.608321
2026-08-23 06:29: Train Epoch 5: 1460/1641 Loss: 0.596865
2026-08-23 06:29: Train Epoch 5: 1480/1641 Loss: 0.609095
2026-08-23 06:29: Train Epoch 5: 1500/1641 Loss: 0.610862
2026-08-23 06:29: Train Epoch 5: 1520/1641 Loss: 0.622241
2026-08-23 06:29: Train Epoch 5: 1540/1641 Loss: 0.592493
2026-08-23 06:29: Train Epoch 5: 1560/1641 Loss: 0.630836
2026-08-23 06:29: Train Epoch 5: 1580/1641 Loss: 0.604507
2026-08-23 06:29: Train Epoch 5: 1600/1641 Loss: 0.627598
2026-08-23 06:29: Train Epoch 5: 1620/1641 Loss: 0.622385
2026-08-23 06:30: Train Epoch 5: 1640/1641 Loss: 0.602475
2026-08-23 06:30: **********Train Epoch 5: averaged Loss: 0.617240, tf_ratio: 1.000000
2026-08-23 06:30: **********Val Epoch 5: average Loss: 0.647228
2026-08-23 06:30: *********************************Current best model saved!
2026-08-23 06:30: Train Epoch 6: 0/1641 Loss: 0.583466
2026-08-23 06:30: Train Epoch 6: 20/1641 Loss: 0.606360
2026-08-23 06:30: Train Epoch 6: 40/1641 Loss: 0.623490
2026-08-23 06:30: Train Epoch 6: 60/1641 Loss: 0.581448
2026-08-23 06:30: Train Epoch 6: 80/1641 Loss: 0.612392
2026-08-23 06:30: Train Epoch 6: 100/1641 Loss: 0.611459
2026-08-23 06:30: Train Epoch 6: 120/1641 Loss: 0.637655
2026-08-23 06:30: Train Epoch 6: 140/1641 Loss: 0.625724
2026-08-23 06:30: Train Epoch 6: 160/1641 Loss: 0.601871
2026-08-23 06:30: Train Epoch 6: 180/1641 Loss: 0.652910
2026-08-23 06:30: Train Epoch 6: 200/1641 Loss: 0.615124
2026-08-23 06:30: Train Epoch 6: 220/1641 Loss: 0.603917
2026-08-23 06:30: Train Epoch 6: 240/1641 Loss: 0.601114
2026-08-23 06:30: Train Epoch 6: 260/1641 Loss: 0.623900
2026-08-23 06:31: Train Epoch 6: 280/1641 Loss: 0.585789
2026-08-23 06:31: Train Epoch 6: 300/1641 Loss: 0.604120
2026-08-23 06:31: Train Epoch 6: 320/1641 Loss: 0.633279
2026-08-23 06:31: Train Epoch 6: 340/1641 Loss: 0.587547
2026-08-23 06:31: Train Epoch 6: 360/1641 Loss: 0.614751
2026-08-23 06:31: Train Epoch 6: 380/1641 Loss: 0.591554
2026-08-23 06:31: Train Epoch 6: 400/1641 Loss: 0.641876
2026-08-23 06:31: Train Epoch 6: 420/1641 Loss: 0.608245
2026-08-23 06:31: Train Epoch 6: 440/1641 Loss: 0.642269
2026-08-23 06:31: Train Epoch 6: 460/1641 Loss: 0.582531
2026-08-23 06:31: Train Epoch 6: 480/1641 Loss: 0.629390
2026-08-23 06:31: Train Epoch 6: 500/1641 Loss: 0.631467
2026-08-23 06:31: Train Epoch 6: 520/1641 Loss: 0.605339
2026-08-23 06:31: Train Epoch 6: 540/1641 Loss: 0.606437
2026-08-23 06:31: Train Epoch 6: 560/1641 Loss: 0.640941
2026-08-23 06:31: Train Epoch 6: 580/1641 Loss: 0.602945
2026-08-23 06:31: Train Epoch 6: 600/1641 Loss: 0.599978
2026-08-23 06:31: Train Epoch 6: 620/1641 Loss: 0.631408
2026-08-23 06:31: Train Epoch 6: 640/1641 Loss: 0.612634
2026-08-23 06:31: Train Epoch 6: 660/1641 Loss: 0.590214
2026-08-23 06:31: Train Epoch 6: 680/1641 Loss: 0.606560
2026-08-23 06:31: Train Epoch 6: 700/1641 Loss: 0.622858
2026-08-23 06:32: Train Epoch 6: 720/1641 Loss: 0.629111
2026-08-23 06:32: Train Epoch 6: 740/1641 Loss: 0.614617
2026-08-23 06:32: Train Epoch 6: 760/1641 Loss: 0.575849
2026-08-23 06:32: Train Epoch 6: 780/1641 Loss: 0.625360
2026-08-23 06:32: Train Epoch 6: 800/1641 Loss: 0.612426
2026-08-23 06:32: Train Epoch 6: 820/1641 Loss: 0.614069
2026-08-23 06:32: Train Epoch 6: 840/1641 Loss: 0.646793
2026-08-23 06:32: Train Epoch 6: 860/1641 Loss: 0.576447
2026-08-23 06:32: Train Epoch 6: 880/1641 Loss: 0.606723
2026-08-23 06:32: Train Epoch 6: 900/1641 Loss: 0.609931
2026-08-23 06:32: Train Epoch 6: 920/1641 Loss: 0.612834
2026-08-23 06:32: Train Epoch 6: 940/1641 Loss: 0.635385
2026-08-23 06:32: Train Epoch 6: 960/1641 Loss: 0.593392
2026-08-23 06:32: Train Epoch 6: 980/1641 Loss: 0.633684
2026-08-23 06:32: Train Epoch 6: 1000/1641 Loss: 0.571585
2026-08-23 06:32: Train Epoch 6: 1020/1641 Loss: 0.578733
2026-08-23 06:32: Train Epoch 6: 1040/1641 Loss: 0.611819
2026-08-23 06:32: Train Epoch 6: 1060/1641 Loss: 0.637857
2026-08-23 06:32: Train Epoch 6: 1080/1641 Loss: 0.588764
2026-08-23 06:32: Train Epoch 6: 1100/1641 Loss: 0.610316
2026-08-23 06:32: Train Epoch 6: 1120/1641 Loss: 0.598073
2026-08-23 06:32: Train Epoch 6: 1140/1641 Loss: 0.612182
2026-08-23 06:33: Train Epoch 6: 1160/1641 Loss: 0.610275
2026-08-23 06:33: Train Epoch 6: 1180/1641 Loss: 0.608264
2026-08-23 06:33: Train Epoch 6: 1200/1641 Loss: 0.592088
2026-08-23 06:33: Train Epoch 6: 1220/1641 Loss: 0.605074
2026-08-23 06:33: Train Epoch 6: 1240/1641 Loss: 0.607800
2026-08-23 06:33: Train Epoch 6: 1260/1641 Loss: 0.627756
2026-08-23 06:33: Train Epoch 6: 1280/1641 Loss: 0.605981
2026-08-23 06:33: Train Epoch 6: 1300/1641 Loss: 0.610732
2026-08-23 06:33: Train Epoch 6: 1320/1641 Loss: 0.624728
2026-08-23 06:33: Train Epoch 6: 1340/1641 Loss: 0.614147
2026-08-23 06:33: Train Epoch 6: 1360/1641 Loss: 0.629738
2026-08-23 06:33: Train Epoch 6: 1380/1641 Loss: 0.599554
2026-08-23 06:33: Train Epoch 6: 1400/1641 Loss: 0.593199
2026-08-23 06:33: Train Epoch 6: 1420/1641 Loss: 0.613290
2026-08-23 06:33: Train Epoch 6: 1440/1641 Loss: 0.596453
2026-08-23 06:33: Train Epoch 6: 1460/1641 Loss: 0.588498
2026-08-23 06:33: Train Epoch 6: 1480/1641 Loss: 0.616585
2026-08-23 06:33: Train Epoch 6: 1500/1641 Loss: 0.615044
2026-08-23 06:33: Train Epoch 6: 1520/1641 Loss: 0.625180
2026-08-23 06:33: Train Epoch 6: 1540/1641 Loss: 0.623049
2026-08-23 06:33: Train Epoch 6: 1560/1641 Loss: 0.596343
2026-08-23 06:33: Train Epoch 6: 1580/1641 Loss: 0.611305
2026-08-23 06:33: Train Epoch 6: 1600/1641 Loss: 0.621642
2026-08-23 06:34: Train Epoch 6: 1620/1641 Loss: 0.588108
2026-08-23 06:34: Train Epoch 6: 1640/1641 Loss: 0.627314
2026-08-23 06:34: **********Train Epoch 6: averaged Loss: 0.608963, tf_ratio: 1.000000
2026-08-23 06:34: **********Val Epoch 6: average Loss: 0.647225
2026-08-23 06:34: *********************************Current best model saved!
2026-08-23 06:34: Train Epoch 7: 0/1641 Loss: 0.615883
2026-08-23 06:34: Train Epoch 7: 20/1641 Loss: 0.614758
2026-08-23 06:34: Train Epoch 7: 40/1641 Loss: 0.618766
2026-08-23 06:34: Train Epoch 7: 60/1641 Loss: 0.592125
2026-08-23 06:34: Train Epoch 7: 80/1641 Loss: 0.580644
2026-08-23 06:34: Train Epoch 7: 100/1641 Loss: 0.586155
2026-08-23 06:34: Train Epoch 7: 120/1641 Loss: 0.604653
2026-08-23 06:34: Train Epoch 7: 140/1641 Loss: 0.632418
2026-08-23 06:34: Train Epoch 7: 160/1641 Loss: 0.612461
2026-08-23 06:34: Train Epoch 7: 180/1641 Loss: 0.595496
2026-08-23 06:34: Train Epoch 7: 200/1641 Loss: 0.609526
2026-08-23 06:34: Train Epoch 7: 220/1641 Loss: 0.600386
2026-08-23 06:34: Train Epoch 7: 240/1641 Loss: 0.590466
2026-08-23 06:35: Train Epoch 7: 260/1641 Loss: 0.620094
2026-08-23 06:35: Train Epoch 7: 280/1641 Loss: 0.607923
2026-08-23 06:35: Train Epoch 7: 300/1641 Loss: 0.605485
2026-08-23 06:35: Train Epoch 7: 320/1641 Loss: 0.616438
2026-08-23 06:35: Train Epoch 7: 340/1641 Loss: 0.589512
2026-08-23 06:35: Train Epoch 7: 360/1641 Loss: 0.630867
2026-08-23 06:35: Train Epoch 7: 380/1641 Loss: 0.590632
2026-08-23 06:35: Train Epoch 7: 400/1641 Loss: 0.589837
2026-08-23 06:35: Train Epoch 7: 420/1641 Loss: 0.633401
2026-08-23 06:35: Train Epoch 7: 440/1641 Loss: 0.587907
2026-08-23 06:35: Train Epoch 7: 460/1641 Loss: 0.629747
2026-08-23 06:35: Train Epoch 7: 480/1641 Loss: 0.584109
2026-08-23 06:35: Train Epoch 7: 500/1641 Loss: 0.614272
2026-08-23 06:35: Train Epoch 7: 520/1641 Loss: 0.599919
2026-08-23 06:35: Train Epoch 7: 540/1641 Loss: 0.606207
2026-08-23 06:35: Train Epoch 7: 560/1641 Loss: 0.579207
2026-08-23 06:35: Train Epoch 7: 580/1641 Loss: 0.617025
2026-08-23 06:35: Train Epoch 7: 600/1641 Loss: 0.594596
2026-08-23 06:35: Train Epoch 7: 620/1641 Loss: 0.629188
2026-08-23 06:35: Train Epoch 7: 640/1641 Loss: 0.608221
2026-08-23 06:35: Train Epoch 7: 660/1641 Loss: 0.620273
2026-08-23 06:35: Train Epoch 7: 680/1641 Loss: 0.595427
2026-08-23 06:36: Train Epoch 7: 700/1641 Loss: 0.641267
2026-08-23 06:36: Train Epoch 7: 720/1641 Loss: 0.604751
2026-08-23 06:36: Train Epoch 7: 740/1641 Loss: 0.582036
2026-08-23 06:36: Train Epoch 7: 760/1641 Loss: 0.582099
2026-08-23 06:36: Train Epoch 7: 780/1641 Loss: 0.599326
2026-08-23 06:36: Train Epoch 7: 800/1641 Loss: 0.620889
2026-08-23 06:36: Train Epoch 7: 820/1641 Loss: 0.597080
2026-08-23 06:36: Train Epoch 7: 840/1641 Loss: 0.603387
2026-08-23 06:36: Train Epoch 7: 860/1641 Loss: 0.600805
2026-08-23 06:36: Train Epoch 7: 880/1641 Loss: 0.593900
2026-08-23 06:36: Train Epoch 7: 900/1641 Loss: 0.625280
2026-08-23 06:36: Train Epoch 7: 920/1641 Loss: 0.621194
2026-08-23 06:36: Train Epoch 7: 940/1641 Loss: 0.568792
2026-08-23 06:36: Train Epoch 7: 960/1641 Loss: 0.611844
2026-08-23 06:36: Train Epoch 7: 980/1641 Loss: 0.592863
2026-08-23 06:36: Train Epoch 7: 1000/1641 Loss: 0.589026
2026-08-23 06:36: Train Epoch 7: 1020/1641 Loss: 0.619552
2026-08-23 06:36: Train Epoch 7: 1040/1641 Loss: 0.589647
2026-08-23 06:36: Train Epoch 7: 1060/1641 Loss: 0.590699
2026-08-23 06:36: Train Epoch 7: 1080/1641 Loss: 0.597361
2026-08-23 06:36: Train Epoch 7: 1100/1641 Loss: 0.577266
2026-08-23 06:36: Train Epoch 7: 1120/1641 Loss: 0.608012
2026-08-23 06:37: Train Epoch 7: 1140/1641 Loss: 0.583361
2026-08-23 06:37: Train Epoch 7: 1160/1641 Loss: 0.591055
2026-08-23 06:37: Train Epoch 7: 1180/1641 Loss: 0.587634
2026-08-23 06:37: Train Epoch 7: 1200/1641 Loss: 0.610752
2026-08-23 06:37: Train Epoch 7: 1220/1641 Loss: 0.637350
2026-08-23 06:37: Train Epoch 7: 1240/1641 Loss: 0.630208
2026-08-23 06:37: Train Epoch 7: 1260/1641 Loss: 0.618238
2026-08-23 06:37: Train Epoch 7: 1280/1641 Loss: 0.578891
2026-08-23 06:37: Train Epoch 7: 1300/1641 Loss: 0.594854
2026-08-23 06:37: Train Epoch 7: 1320/1641 Loss: 0.601575
2026-08-23 06:37: Train Epoch 7: 1340/1641 Loss: 0.588425
2026-08-23 06:37: Train Epoch 7: 1360/1641 Loss: 0.618884
2026-08-23 06:37: Train Epoch 7: 1380/1641 Loss: 0.614151
2026-08-23 06:37: Train Epoch 7: 1400/1641 Loss: 0.580325
2026-08-23 06:37: Train Epoch 7: 1420/1641 Loss: 0.588664
2026-08-23 06:37: Train Epoch 7: 1440/1641 Loss: 0.575278
2026-08-23 06:37: Train Epoch 7: 1460/1641 Loss: 0.591577
2026-08-23 06:37: Train Epoch 7: 1480/1641 Loss: 0.594514
2026-08-23 06:37: Train Epoch 7: 1500/1641 Loss: 0.625537
2026-08-23 06:37: Train Epoch 7: 1520/1641 Loss: 0.591406
2026-08-23 06:37: Train Epoch 7: 1540/1641 Loss: 0.595246
2026-08-23 06:37: Train Epoch 7: 1560/1641 Loss: 0.589277
2026-08-23 06:38: Train Epoch 7: 1580/1641 Loss: 0.577046
2026-08-23 06:38: Train Epoch 7: 1600/1641 Loss: 0.568888
2026-08-23 06:38: Train Epoch 7: 1620/1641 Loss: 0.579247
2026-08-23 06:38: Train Epoch 7: 1640/1641 Loss: 0.599020
2026-08-23 06:38: **********Train Epoch 7: averaged Loss: 0.600463, tf_ratio: 1.000000
2026-08-23 06:38: **********Val Epoch 7: average Loss: 0.650591
2026-08-23 06:38: Train Epoch 8: 0/1641 Loss: 0.593445
2026-08-23 06:38: Train Epoch 8: 20/1641 Loss: 0.611228
2026-08-23 06:38: Train Epoch 8: 40/1641 Loss: 0.580183
2026-08-23 06:38: Train Epoch 8: 60/1641 Loss: 0.608466
2026-08-23 06:38: Train Epoch 8: 80/1641 Loss: 0.568527
2026-08-23 06:38: Train Epoch 8: 100/1641 Loss: 0.598105
2026-08-23 06:38: Train Epoch 8: 120/1641 Loss: 0.587504
2026-08-23 06:38: Train Epoch 8: 140/1641 Loss: 0.603408
2026-08-23 06:38: Train Epoch 8: 160/1641 Loss: 0.601640
2026-08-23 06:38: Train Epoch 8: 180/1641 Loss: 0.604150
2026-08-23 06:38: Train Epoch 8: 200/1641 Loss: 0.595108
2026-08-23 06:39: Train Epoch 8: 220/1641 Loss: 0.594868
2026-08-23 06:39: Train Epoch 8: 240/1641 Loss: 0.577179
2026-08-23 06:39: Train Epoch 8: 260/1641 Loss: 0.610822
2026-08-23 06:39: Train Epoch 8: 280/1641 Loss: 0.607030
2026-08-23 06:39: Train Epoch 8: 300/1641 Loss: 0.578803
2026-08-23 06:39: Train Epoch 8: 320/1641 Loss: 0.609604
2026-08-23 06:39: Train Epoch 8: 340/1641 Loss: 0.628166
2026-08-23 06:39: Train Epoch 8: 360/1641 Loss: 0.574426
2026-08-23 06:39: Train Epoch 8: 380/1641 Loss: 0.594107
2026-08-23 06:39: Train Epoch 8: 400/1641 Loss: 0.586249
2026-08-23 06:39: Train Epoch 8: 420/1641 Loss: 0.612429
2026-08-23 06:39: Train Epoch 8: 440/1641 Loss: 0.592780
2026-08-23 06:39: Train Epoch 8: 460/1641 Loss: 0.588321
2026-08-23 06:39: Train Epoch 8: 480/1641 Loss: 0.597212
2026-08-23 06:39: Train Epoch 8: 500/1641 Loss: 0.579930
2026-08-23 06:39: Train Epoch 8: 520/1641 Loss: 0.602161
2026-08-23 06:39: Train Epoch 8: 540/1641 Loss: 0.603832
2026-08-23 06:39: Train Epoch 8: 560/1641 Loss: 0.587845
2026-08-23 06:39: Train Epoch 8: 580/1641 Loss: 0.599668
2026-08-23 06:39: Train Epoch 8: 600/1641 Loss: 0.598033
2026-08-23 06:39: Train Epoch 8: 620/1641 Loss: 0.596278
2026-08-23 06:39: Train Epoch 8: 640/1641 Loss: 0.581985
2026-08-23 06:40: Train Epoch 8: 660/1641 Loss: 0.610910
2026-08-23 06:40: Train Epoch 8: 680/1641 Loss: 0.577053
2026-08-23 06:40: Train Epoch 8: 700/1641 Loss: 0.599925
2026-08-23 06:40: Train Epoch 8: 720/1641 Loss: 0.596015
2026-08-23 06:40: Train Epoch 8: 740/1641 Loss: 0.594890
2026-08-23 06:40: Train Epoch 8: 760/1641 Loss: 0.602989
2026-08-23 06:40: Train Epoch 8: 780/1641 Loss: 0.584253
2026-08-23 06:40: Train Epoch 8: 800/1641 Loss: 0.549152
2026-08-23 06:40: Train Epoch 8: 820/1641 Loss: 0.587301
2026-08-23 06:40: Train Epoch 8: 840/1641 Loss: 0.601486
2026-08-23 06:40: Train Epoch 8: 860/1641 Loss: 0.613644
2026-08-23 06:40: Train Epoch 8: 880/1641 Loss: 0.611929
2026-08-23 06:40: Train Epoch 8: 900/1641 Loss: 0.602750
2026-08-23 06:40: Train Epoch 8: 920/1641 Loss: 0.585246
2026-08-23 06:40: Train Epoch 8: 940/1641 Loss: 0.596559
2026-08-23 06:40: Train Epoch 8: 960/1641 Loss: 0.597592
2026-08-23 06:40: Train Epoch 8: 980/1641 Loss: 0.569933
2026-08-23 06:40: Train Epoch 8: 1000/1641 Loss: 0.570069
2026-08-23 06:40: Train Epoch 8: 1020/1641 Loss: 0.571621
2026-08-23 06:40: Train Epoch 8: 1040/1641 Loss: 0.584761
2026-08-23 06:40: Train Epoch 8: 1060/1641 Loss: 0.611102
2026-08-23 06:40: Train Epoch 8: 1080/1641 Loss: 0.584208
2026-08-23 06:41: Train Epoch 8: 1100/1641 Loss: 0.576875
2026-08-23 06:41: Train Epoch 8: 1120/1641 Loss: 0.591000
2026-08-23 06:41: Train Epoch 8: 1140/1641 Loss: 0.595118
2026-08-23 06:41: Train Epoch 8: 1160/1641 Loss: 0.591164
2026-08-23 06:41: Train Epoch 8: 1180/1641 Loss: 0.617156
2026-08-23 06:41: Train Epoch 8: 1200/1641 Loss: 0.606060
2026-08-23 06:41: Train Epoch 8: 1220/1641 Loss: 0.591442
2026-08-23 06:41: Train Epoch 8: 1240/1641 Loss: 0.591915
2026-08-23 06:41: Train Epoch 8: 1260/1641 Loss: 0.565787
2026-08-23 06:41: Train Epoch 8: 1280/1641 Loss: 0.627601
2026-08-23 06:41: Train Epoch 8: 1300/1641 Loss: 0.582222
2026-08-23 06:41: Train Epoch 8: 1320/1641 Loss: 0.576218
2026-08-23 06:41: Train Epoch 8: 1340/1641 Loss: 0.621590
2026-08-23 06:41: Train Epoch 8: 1360/1641 Loss: 0.602640
2026-08-23 06:41: Train Epoch 8: 1380/1641 Loss: 0.595605
2026-08-23 06:41: Train Epoch 8: 1400/1641 Loss: 0.583726
2026-08-23 06:41: Train Epoch 8: 1420/1641 Loss: 0.596833
2026-08-23 06:41: Train Epoch 8: 1440/1641 Loss: 0.571993
2026-08-23 06:41: Train Epoch 8: 1460/1641 Loss: 0.611903
2026-08-23 06:41: Train Epoch 8: 1480/1641 Loss: 0.592559
2026-08-23 06:41: Train Epoch 8: 1500/1641 Loss: 0.577079
2026-08-23 06:41: Train Epoch 8: 1520/1641 Loss: 0.600460
2026-08-23 06:42: Train Epoch 8: 1540/1641 Loss: 0.617729
2026-08-23 06:42: Train Epoch 8: 1560/1641 Loss: 0.591376
2026-08-23 06:42: Train Epoch 8: 1580/1641 Loss: 0.583578
2026-08-23 06:42: Train Epoch 8: 1600/1641 Loss: 0.591704
2026-08-23 06:42: Train Epoch 8: 1620/1641 Loss: 0.581332
2026-08-23 06:42: Train Epoch 8: 1640/1641 Loss: 0.617774
2026-08-23 06:42: **********Train Epoch 8: averaged Loss: 0.591598, tf_ratio: 1.000000
2026-08-23 06:42: **********Val Epoch 8: average Loss: 0.650785
2026-08-23 06:42: Train Epoch 9: 0/1641 Loss: 0.576962
2026-08-23 06:42: Train Epoch 9: 20/1641 Loss: 0.586102
2026-08-23 06:42: Train Epoch 9: 40/1641 Loss: 0.546121
2026-08-23 06:42: Train Epoch 9: 60/1641 Loss: 0.578850
2026-08-23 06:42: Train Epoch 9: 80/1641 Loss: 0.574686
2026-08-23 06:42: Train Epoch 9: 100/1641 Loss: 0.598395
2026-08-23 06:42: Train Epoch 9: 120/1641 Loss: 0.621343
2026-08-23 06:42: Train Epoch 9: 140/1641 Loss: 0.572851
2026-08-23 06:42: Train Epoch 9: 160/1641 Loss: 0.602981
2026-08-23 06:43: Train Epoch 9: 180/1641 Loss: 0.585217
2026-08-23 06:43: Train Epoch 9: 200/1641 Loss: 0.569540
2026-08-23 06:43: Train Epoch 9: 220/1641 Loss: 0.559390
2026-08-23 06:43: Train Epoch 9: 240/1641 Loss: 0.556038
2026-08-23 06:43: Train Epoch 9: 260/1641 Loss: 0.574281
2026-08-23 06:43: Train Epoch 9: 280/1641 Loss: 0.610087
2026-08-23 06:43: Train Epoch 9: 300/1641 Loss: 0.570318
2026-08-23 06:43: Train Epoch 9: 320/1641 Loss: 0.574826
2026-08-23 06:43: Train Epoch 9: 340/1641 Loss: 0.595922
2026-08-23 06:43: Train Epoch 9: 360/1641 Loss: 0.588993
2026-08-23 06:43: Train Epoch 9: 380/1641 Loss: 0.596324
2026-08-23 06:43: Train Epoch 9: 400/1641 Loss: 0.564522
2026-08-23 06:43: Train Epoch 9: 420/1641 Loss: 0.599187
2026-08-23 06:43: Train Epoch 9: 440/1641 Loss: 0.586404
2026-08-23 06:43: Train Epoch 9: 460/1641 Loss: 0.589572
2026-08-23 06:43: Train Epoch 9: 480/1641 Loss: 0.564141
2026-08-23 06:43: Train Epoch 9: 500/1641 Loss: 0.564870
2026-08-23 06:43: Train Epoch 9: 520/1641 Loss: 0.599136
2026-08-23 06:43: Train Epoch 9: 540/1641 Loss: 0.565058
2026-08-23 06:43: Train Epoch 9: 560/1641 Loss: 0.584748
2026-08-23 06:43: Train Epoch 9: 580/1641 Loss: 0.546639
2026-08-23 06:43: Train Epoch 9: 600/1641 Loss: 0.567322
2026-08-23 06:44: Train Epoch 9: 620/1641 Loss: 0.578653
2026-08-23 06:44: Train Epoch 9: 640/1641 Loss: 0.595101
2026-08-23 06:44: Train Epoch 9: 660/1641 Loss: 0.575416
2026-08-23 06:44: Train Epoch 9: 680/1641 Loss: 0.594319
2026-08-23 06:44: Train Epoch 9: 700/1641 Loss: 0.574042
2026-08-23 06:44: Train Epoch 9: 720/1641 Loss: 0.540932
2026-08-23 06:44: Train Epoch 9: 740/1641 Loss: 0.570220
2026-08-23 06:44: Train Epoch 9: 760/1641 Loss: 0.572496
2026-08-23 06:44: Train Epoch 9: 780/1641 Loss: 0.576727
2026-08-23 06:44: Train Epoch 9: 800/1641 Loss: 0.590526
2026-08-23 06:44: Train Epoch 9: 820/1641 Loss: 0.558611
2026-08-23 06:44: Train Epoch 9: 840/1641 Loss: 0.573570
2026-08-23 06:44: Train Epoch 9: 860/1641 Loss: 0.572679
2026-08-23 06:44: Train Epoch 9: 880/1641 Loss: 0.599780
2026-08-23 06:44: Train Epoch 9: 900/1641 Loss: 0.573457
2026-08-23 06:44: Train Epoch 9: 920/1641 Loss: 0.570723
2026-08-23 06:44: Train Epoch 9: 940/1641 Loss: 0.586160
2026-08-23 06:44: Train Epoch 9: 960/1641 Loss: 0.577967
2026-08-23 06:44: Train Epoch 9: 980/1641 Loss: 0.581101
2026-08-23 06:44: Train Epoch 9: 1000/1641 Loss: 0.564869
2026-08-23 06:44: Train Epoch 9: 1020/1641 Loss: 0.596745
2026-08-23 06:44: Train Epoch 9: 1040/1641 Loss: 0.597545
2026-08-23 06:44: Train Epoch 9: 1060/1641 Loss: 0.604608
2026-08-23 06:45: Train Epoch 9: 1080/1641 Loss: 0.573373
2026-08-23 06:45: Train Epoch 9: 1100/1641 Loss: 0.578255
2026-08-23 06:45: Train Epoch 9: 1120/1641 Loss: 0.567929
2026-08-23 06:45: Train Epoch 9: 1140/1641 Loss: 0.574386
2026-08-23 06:45: Train Epoch 9: 1160/1641 Loss: 0.570450
2026-08-23 06:45: Train Epoch 9: 1180/1641 Loss: 0.578869
2026-08-23 06:45: Train Epoch 9: 1200/1641 Loss: 0.584338
2026-08-23 06:45: Train Epoch 9: 1220/1641 Loss: 0.604212
2026-08-23 06:45: Train Epoch 9: 1240/1641 Loss: 0.598438
2026-08-23 06:45: Train Epoch 9: 1260/1641 Loss: 0.572945
2026-08-23 06:45: Train Epoch 9: 1280/1641 Loss: 0.590634
2026-08-23 06:45: Train Epoch 9: 1300/1641 Loss: 0.586993
2026-08-23 06:45: Train Epoch 9: 1320/1641 Loss: 0.606982
2026-08-23 06:45: Train Epoch 9: 1340/1641 Loss: 0.579214
2026-08-23 06:45: Train Epoch 9: 1360/1641 Loss: 0.603237
2026-08-23 06:45: Train Epoch 9: 1380/1641 Loss: 0.556676
2026-08-23 06:45: Train Epoch 9: 1400/1641 Loss: 0.577999
2026-08-23 06:45: Train Epoch 9: 1420/1641 Loss: 0.572369
2026-08-23 06:45: Train Epoch 9: 1440/1641 Loss: 0.555447
2026-08-23 06:45: Train Epoch 9: 1460/1641 Loss: 0.600065
2026-08-23 06:45: Train Epoch 9: 1480/1641 Loss: 0.567029
2026-08-23 06:45: Train Epoch 9: 1500/1641 Loss: 0.577288
2026-08-23 06:46: Train Epoch 9: 1520/1641 Loss: 0.570555
2026-08-23 06:46: Train Epoch 9: 1540/1641 Loss: 0.578827
2026-08-23 06:46: Train Epoch 9: 1560/1641 Loss: 0.598456
2026-08-23 06:46: Train Epoch 9: 1580/1641 Loss: 0.589330
2026-08-23 06:46: Train Epoch 9: 1600/1641 Loss: 0.568151
2026-08-23 06:46: Train Epoch 9: 1620/1641 Loss: 0.578328
2026-08-23 06:46: Train Epoch 9: 1640/1641 Loss: 0.577965
2026-08-23 06:46: **********Train Epoch 9: averaged Loss: 0.582748, tf_ratio: 1.000000
2026-08-23 06:46: **********Val Epoch 9: average Loss: 0.653362
2026-08-23 06:46: Train Epoch 10: 0/1641 Loss: 0.558647
2026-08-23 06:46: Train Epoch 10: 20/1641 Loss: 0.577893
2026-08-23 06:46: Train Epoch 10: 40/1641 Loss: 0.587787
2026-08-23 06:46: Train Epoch 10: 60/1641 Loss: 0.584615
2026-08-23 06:46: Train Epoch 10: 80/1641 Loss: 0.574301
2026-08-23 06:46: Train Epoch 10: 100/1641 Loss: 0.559026
2026-08-23 06:46: Train Epoch 10: 120/1641 Loss: 0.570018
2026-08-23 06:46: Train Epoch 10: 140/1641 Loss: 0.569309
2026-08-23 06:47: Train Epoch 10: 160/1641 Loss: 0.604352
2026-08-23 06:47: Train Epoch 10: 180/1641 Loss: 0.571909
2026-08-23 06:47: Train Epoch 10: 200/1641 Loss: 0.590295
2026-08-23 06:47: Train Epoch 10: 220/1641 Loss: 0.545467
2026-08-23 06:47: Train Epoch 10: 240/1641 Loss: 0.579552
2026-08-23 06:47: Train Epoch 10: 260/1641 Loss: 0.544703
2026-08-23 06:47: Train Epoch 10: 280/1641 Loss: 0.547030
2026-08-23 06:47: Train Epoch 10: 300/1641 Loss: 0.546937
2026-08-23 06:47: Train Epoch 10: 320/1641 Loss: 0.573357
2026-08-23 06:47: Train Epoch 10: 340/1641 Loss: 0.577401
2026-08-23 06:47: Train Epoch 10: 360/1641 Loss: 0.542431
2026-08-23 06:47: Train Epoch 10: 380/1641 Loss: 0.575720
2026-08-23 06:47: Train Epoch 10: 400/1641 Loss: 0.585709
2026-08-23 06:47: Train Epoch 10: 420/1641 Loss: 0.597129
2026-08-23 06:47: Train Epoch 10: 440/1641 Loss: 0.585593
2026-08-23 06:47: Train Epoch 10: 460/1641 Loss: 0.589561
2026-08-23 06:47: Train Epoch 10: 480/1641 Loss: 0.576885
2026-08-23 06:47: Train Epoch 10: 500/1641 Loss: 0.560139
2026-08-23 06:47: Train Epoch 10: 520/1641 Loss: 0.574134
2026-08-23 06:47: Train Epoch 10: 540/1641 Loss: 0.593350
2026-08-23 06:47: Train Epoch 10: 560/1641 Loss: 0.562747
2026-08-23 06:47: Train Epoch 10: 580/1641 Loss: 0.579008
2026-08-23 06:48: Train Epoch 10: 600/1641 Loss: 0.566910
2026-08-23 06:48: Train Epoch 10: 620/1641 Loss: 0.569733
2026-08-23 06:48: Train Epoch 10: 640/1641 Loss: 0.561347
2026-08-23 06:48: Train Epoch 10: 660/1641 Loss: 0.552438
2026-08-23 06:48: Train Epoch 10: 680/1641 Loss: 0.573194
2026-08-23 06:48: Train Epoch 10: 700/1641 Loss: 0.566128
2026-08-23 06:48: Train Epoch 10: 720/1641 Loss: 0.578000
2026-08-23 06:48: Train Epoch 10: 740/1641 Loss: 0.560210
2026-08-23 06:48: Train Epoch 10: 760/1641 Loss: 0.565602
2026-08-23 06:48: Train Epoch 10: 780/1641 Loss: 0.561825
2026-08-23 06:48: Train Epoch 10: 800/1641 Loss: 0.564736
2026-08-23 06:48: Train Epoch 10: 820/1641 Loss: 0.551743
2026-08-23 06:48: Train Epoch 10: 840/1641 Loss: 0.555882
2026-08-23 06:48: Train Epoch 10: 860/1641 Loss: 0.588763
2026-08-23 06:48: Train Epoch 10: 880/1641 Loss: 0.560659
2026-08-23 06:48: Train Epoch 10: 900/1641 Loss: 0.566549
2026-08-23 06:48: Train Epoch 10: 920/1641 Loss: 0.581416
2026-08-23 06:48: Train Epoch 10: 940/1641 Loss: 0.568940
2026-08-23 06:48: Train Epoch 10: 960/1641 Loss: 0.593984
2026-08-23 06:48: Train Epoch 10: 980/1641 Loss: 0.571232
2026-08-23 06:48: Train Epoch 10: 1000/1641 Loss: 0.577361
2026-08-23 06:48: Train Epoch 10: 1020/1641 Loss: 0.581440
2026-08-23 06:49: Train Epoch 10: 1040/1641 Loss: 0.569733
2026-08-23 06:49: Train Epoch 10: 1060/1641 Loss: 0.603707
2026-08-23 06:49: Train Epoch 10: 1080/1641 Loss: 0.604925
2026-08-23 06:49: Train Epoch 10: 1100/1641 Loss: 0.586198
2026-08-23 06:49: Train Epoch 10: 1120/1641 Loss: 0.544902
2026-08-23 06:49: Train Epoch 10: 1140/1641 Loss: 0.582599
2026-08-23 06:49: Train Epoch 10: 1160/1641 Loss: 0.599506
2026-08-23 06:49: Train Epoch 10: 1180/1641 Loss: 0.589126
2026-08-23 06:49: Train Epoch 10: 1200/1641 Loss: 0.537173
2026-08-23 06:49: Train Epoch 10: 1220/1641 Loss: 0.567566
2026-08-23 06:49: Train Epoch 10: 1240/1641 Loss: 0.544613
2026-08-23 06:49: Train Epoch 10: 1260/1641 Loss: 0.569075
2026-08-23 06:49: Train Epoch 10: 1280/1641 Loss: 0.575159
2026-08-23 06:49: Train Epoch 10: 1300/1641 Loss: 0.567281
2026-08-23 06:49: Train Epoch 10: 1320/1641 Loss: 0.567481
2026-08-23 06:49: Train Epoch 10: 1340/1641 Loss: 0.570661
2026-08-23 06:49: Train Epoch 10: 1360/1641 Loss: 0.580491
2026-08-23 06:49: Train Epoch 10: 1380/1641 Loss: 0.574992
2026-08-23 06:49: Train Epoch 10: 1400/1641 Loss: 0.581752
2026-08-23 06:49: Train Epoch 10: 1420/1641 Loss: 0.576886
2026-08-23 06:49: Train Epoch 10: 1440/1641 Loss: 0.553838
2026-08-23 06:49: Train Epoch 10: 1460/1641 Loss: 0.550014
2026-08-23 06:50: Train Epoch 10: 1480/1641 Loss: 0.572150
2026-08-23 06:50: Train Epoch 10: 1500/1641 Loss: 0.570527
2026-08-23 06:50: Train Epoch 10: 1520/1641 Loss: 0.564760
2026-08-23 06:50: Train Epoch 10: 1540/1641 Loss: 0.554829
2026-08-23 06:50: Train Epoch 10: 1560/1641 Loss: 0.597219
2026-08-23 06:50: Train Epoch 10: 1580/1641 Loss: 0.572150
2026-08-23 06:50: Train Epoch 10: 1600/1641 Loss: 0.576188
2026-08-23 06:50: Train Epoch 10: 1620/1641 Loss: 0.576928
2026-08-23 06:50: Train Epoch 10: 1640/1641 Loss: 0.566146
2026-08-23 06:50: **********Train Epoch 10: averaged Loss: 0.573772, tf_ratio: 1.000000
2026-08-23 06:50: **********Val Epoch 10: average Loss: 0.655671
2026-08-23 06:50: Train Epoch 11: 0/1641 Loss: 0.582545
2026-08-23 06:50: Train Epoch 11: 20/1641 Loss: 0.569225
2026-08-23 06:50: Train Epoch 11: 40/1641 Loss: 0.561506
2026-08-23 06:50: Train Epoch 11: 60/1641 Loss: 0.542093
2026-08-23 06:50: Train Epoch 11: 80/1641 Loss: 0.553044
2026-08-23 06:50: Train Epoch 11: 100/1641 Loss: 0.586534
2026-08-23 06:51: Train Epoch 11: 120/1641 Loss: 0.580404
2026-08-23 06:51: Train Epoch 11: 140/1641 Loss: 0.556252
2026-08-23 06:51: Train Epoch 11: 160/1641 Loss: 0.559913
2026-08-23 06:51: Train Epoch 11: 180/1641 Loss: 0.555283
2026-08-23 06:51: Train Epoch 11: 200/1641 Loss: 0.579799
2026-08-23 06:51: Train Epoch 11: 220/1641 Loss: 0.563413
2026-08-23 06:51: Train Epoch 11: 240/1641 Loss: 0.589897
2026-08-23 06:51: Train Epoch 11: 260/1641 Loss: 0.595090
2026-08-23 06:51: Train Epoch 11: 280/1641 Loss: 0.543739
2026-08-23 06:51: Train Epoch 11: 300/1641 Loss: 0.584593
2026-08-23 06:51: Train Epoch 11: 320/1641 Loss: 0.570806
2026-08-23 06:51: Train Epoch 11: 340/1641 Loss: 0.578567
2026-08-23 06:51: Train Epoch 11: 360/1641 Loss: 0.570221
2026-08-23 06:51: Train Epoch 11: 380/1641 Loss: 0.592059
2026-08-23 06:51: Train Epoch 11: 400/1641 Loss: 0.545416
2026-08-23 06:51: Train Epoch 11: 420/1641 Loss: 0.588485
2026-08-23 06:51: Train Epoch 11: 440/1641 Loss: 0.561290
2026-08-23 06:51: Train Epoch 11: 460/1641 Loss: 0.579061
2026-08-23 06:51: Train Epoch 11: 480/1641 Loss: 0.555923
2026-08-23 06:51: Train Epoch 11: 500/1641 Loss: 0.560461
2026-08-23 06:51: Train Epoch 11: 520/1641 Loss: 0.577762
2026-08-23 06:51: Train Epoch 11: 540/1641 Loss: 0.556093
2026-08-23 06:52: Train Epoch 11: 560/1641 Loss: 0.572423
2026-08-23 06:52: Train Epoch 11: 580/1641 Loss: 0.572176
2026-08-23 06:52: Train Epoch 11: 600/1641 Loss: 0.562271
2026-08-23 06:52: Train Epoch 11: 620/1641 Loss: 0.566959
2026-08-23 06:52: Train Epoch 11: 640/1641 Loss: 0.579585
2026-08-23 06:52: Train Epoch 11: 660/1641 Loss: 0.570911
2026-08-23 06:52: Train Epoch 11: 680/1641 Loss: 0.567856
2026-08-23 06:52: Train Epoch 11: 700/1641 Loss: 0.565473
2026-08-23 06:52: Train Epoch 11: 720/1641 Loss: 0.552450
2026-08-23 06:52: Train Epoch 11: 740/1641 Loss: 0.540527
2026-08-23 06:52: Train Epoch 11: 760/1641 Loss: 0.545221
2026-08-23 06:52: Train Epoch 11: 780/1641 Loss: 0.568035
2026-08-23 06:52: Train Epoch 11: 800/1641 Loss: 0.565832
2026-08-23 06:52: Train Epoch 11: 820/1641 Loss: 0.546943
2026-08-23 06:52: Train Epoch 11: 840/1641 Loss: 0.582772
2026-08-23 06:52: Train Epoch 11: 860/1641 Loss: 0.575725
2026-08-23 06:52: Train Epoch 11: 880/1641 Loss: 0.547451
2026-08-23 06:52: Train Epoch 11: 900/1641 Loss: 0.558239
2026-08-23 06:52: Train Epoch 11: 920/1641 Loss: 0.562274
2026-08-23 06:52: Train Epoch 11: 940/1641 Loss: 0.554651
2026-08-23 06:52: Train Epoch 11: 960/1641 Loss: 0.591569
2026-08-23 06:52: Train Epoch 11: 980/1641 Loss: 0.564130
2026-08-23 06:53: Train Epoch 11: 1000/1641 Loss: 0.553348
2026-08-23 06:53: Train Epoch 11: 1020/1641 Loss: 0.554378
2026-08-23 06:53: Train Epoch 11: 1040/1641 Loss: 0.550983
2026-08-23 06:53: Train Epoch 11: 1060/1641 Loss: 0.562475
2026-08-23 06:53: Train Epoch 11: 1080/1641 Loss: 0.545494
2026-08-23 06:53: Train Epoch 11: 1100/1641 Loss: 0.580998
2026-08-23 06:53: Train Epoch 11: 1120/1641 Loss: 0.548245
2026-08-23 06:53: Train Epoch 11: 1140/1641 Loss: 0.551217
2026-08-23 06:53: Train Epoch 11: 1160/1641 Loss: 0.535068
2026-08-23 06:53: Train Epoch 11: 1180/1641 Loss: 0.591015
2026-08-23 06:53: Train Epoch 11: 1200/1641 Loss: 0.573674
2026-08-23 06:53: Train Epoch 11: 1220/1641 Loss: 0.567435
2026-08-23 06:53: Train Epoch 11: 1240/1641 Loss: 0.541328
2026-08-23 06:53: Train Epoch 11: 1260/1641 Loss: 0.566378
2026-08-23 06:53: Train Epoch 11: 1280/1641 Loss: 0.566424
2026-08-23 06:53: Train Epoch 11: 1300/1641 Loss: 0.540601
2026-08-23 06:53: Train Epoch 11: 1320/1641 Loss: 0.587725
2026-08-23 06:53: Train Epoch 11: 1340/1641 Loss: 0.544620
2026-08-23 06:53: Train Epoch 11: 1360/1641 Loss: 0.584297
2026-08-23 06:53: Train Epoch 11: 1380/1641 Loss: 0.573628
2026-08-23 06:53: Train Epoch 11: 1400/1641 Loss: 0.545966
2026-08-23 06:53: Train Epoch 11: 1420/1641 Loss: 0.551356
2026-08-23 06:54: Train Epoch 11: 1440/1641 Loss: 0.553621
2026-08-23 06:54: Train Epoch 11: 1460/1641 Loss: 0.574240
2026-08-23 06:54: Train Epoch 11: 1480/1641 Loss: 0.567243
2026-08-23 06:54: Train Epoch 11: 1500/1641 Loss: 0.557666
2026-08-23 06:54: Train Epoch 11: 1520/1641 Loss: 0.549076
2026-08-23 06:54: Train Epoch 11: 1540/1641 Loss: 0.604458
2026-08-23 06:54: Train Epoch 11: 1560/1641 Loss: 0.550658
2026-08-23 06:54: Train Epoch 11: 1580/1641 Loss: 0.558173
2026-08-23 06:54: Train Epoch 11: 1600/1641 Loss: 0.562338
2026-08-23 06:54: Train Epoch 11: 1620/1641 Loss: 0.559308
2026-08-23 06:54: Train Epoch 11: 1640/1641 Loss: 0.541361
2026-08-23 06:54: **********Train Epoch 11: averaged Loss: 0.565467, tf_ratio: 1.000000
2026-08-23 06:54: **********Val Epoch 11: average Loss: 0.656210
2026-08-23 06:54: Train Epoch 12: 0/1641 Loss: 0.557283
2026-08-23 06:54: Train Epoch 12: 20/1641 Loss: 0.545819
2026-08-23 06:54: Train Epoch 12: 40/1641 Loss: 0.531726
2026-08-23 06:54: Train Epoch 12: 60/1641 Loss: 0.557252
2026-08-23 06:55: Train Epoch 12: 80/1641 Loss: 0.540576
2026-08-23 06:55: Train Epoch 12: 100/1641 Loss: 0.545301
2026-08-23 06:55: Train Epoch 12: 120/1641 Loss: 0.519337
2026-08-23 06:55: Train Epoch 12: 140/1641 Loss: 0.555094
2026-08-23 06:55: Train Epoch 12: 160/1641 Loss: 0.588220
2026-08-23 06:55: Train Epoch 12: 180/1641 Loss: 0.578404
2026-08-23 06:55: Train Epoch 12: 200/1641 Loss: 0.580859
2026-08-23 06:55: Train Epoch 12: 220/1641 Loss: 0.559779
2026-08-23 06:55: Train Epoch 12: 240/1641 Loss: 0.546279
2026-08-23 06:55: Train Epoch 12: 260/1641 Loss: 0.531709
2026-08-23 06:55: Train Epoch 12: 280/1641 Loss: 0.572722
2026-08-23 06:55: Train Epoch 12: 300/1641 Loss: 0.548629
2026-08-23 06:55: Train Epoch 12: 320/1641 Loss: 0.540718
2026-08-23 06:55: Train Epoch 12: 340/1641 Loss: 0.550372
2026-08-23 06:55: Train Epoch 12: 360/1641 Loss: 0.542585
2026-08-23 06:55: Train Epoch 12: 380/1641 Loss: 0.558616
2026-08-23 06:55: Train Epoch 12: 400/1641 Loss: 0.532076
2026-08-23 06:55: Train Epoch 12: 420/1641 Loss: 0.571283
2026-08-23 06:55: Train Epoch 12: 440/1641 Loss: 0.545461
2026-08-23 06:55: Train Epoch 12: 460/1641 Loss: 0.547063
2026-08-23 06:55: Train Epoch 12: 480/1641 Loss: 0.557585
2026-08-23 06:55: Train Epoch 12: 500/1641 Loss: 0.549709
2026-08-23 06:56: Train Epoch 12: 520/1641 Loss: 0.586473
2026-08-23 06:56: Train Epoch 12: 540/1641 Loss: 0.576916
2026-08-23 06:56: Train Epoch 12: 560/1641 Loss: 0.567698
2026-08-23 06:56: Train Epoch 12: 580/1641 Loss: 0.552031
2026-08-23 06:56: Train Epoch 12: 600/1641 Loss: 0.570562
2026-08-23 06:56: Train Epoch 12: 620/1641 Loss: 0.581594
2026-08-23 06:56: Train Epoch 12: 640/1641 Loss: 0.560464
2026-08-23 06:56: Train Epoch 12: 660/1641 Loss: 0.549546
2026-08-23 06:56: Train Epoch 12: 680/1641 Loss: 0.557245
2026-08-23 06:56: Train Epoch 12: 700/1641 Loss: 0.567849
2026-08-23 06:56: Train Epoch 12: 720/1641 Loss: 0.565631
2026-08-23 06:56: Train Epoch 12: 740/1641 Loss: 0.550632
2026-08-23 06:56: Train Epoch 12: 760/1641 Loss: 0.545686
2026-08-23 06:56: Train Epoch 12: 780/1641 Loss: 0.524451
2026-08-23 06:56: Train Epoch 12: 800/1641 Loss: 0.566519
2026-08-23 06:56: Train Epoch 12: 820/1641 Loss: 0.550452
2026-08-23 06:56: Train Epoch 12: 840/1641 Loss: 0.539531
2026-08-23 06:56: Train Epoch 12: 860/1641 Loss: 0.549172
2026-08-23 06:56: Train Epoch 12: 880/1641 Loss: 0.580110
2026-08-23 06:56: Train Epoch 12: 900/1641 Loss: 0.559337
2026-08-23 06:56: Train Epoch 12: 920/1641 Loss: 0.555226
2026-08-23 06:56: Train Epoch 12: 940/1641 Loss: 0.584699
2026-08-23 06:57: Train Epoch 12: 960/1641 Loss: 0.549217
2026-08-23 06:57: Train Epoch 12: 980/1641 Loss: 0.547751
2026-08-23 06:57: Train Epoch 12: 1000/1641 Loss: 0.542393
2026-08-23 06:57: Train Epoch 12: 1020/1641 Loss: 0.563249
2026-08-23 06:57: Train Epoch 12: 1040/1641 Loss: 0.539075
2026-08-23 06:57: Train Epoch 12: 1060/1641 Loss: 0.592658
2026-08-23 06:57: Train Epoch 12: 1080/1641 Loss: 0.522628
2026-08-23 06:57: Train Epoch 12: 1100/1641 Loss: 0.549690
2026-08-23 06:57: Train Epoch 12: 1120/1641 Loss: 0.563730
2026-08-23 06:57: Train Epoch 12: 1140/1641 Loss: 0.568078
2026-08-23 06:57: Train Epoch 12: 1160/1641 Loss: 0.559004
2026-08-23 06:57: Train Epoch 12: 1180/1641 Loss: 0.561017
2026-08-23 06:57: Train Epoch 12: 1200/1641 Loss: 0.548247
2026-08-23 06:57: Train Epoch 12: 1220/1641 Loss: 0.541155
2026-08-23 06:57: Train Epoch 12: 1240/1641 Loss: 0.574012
2026-08-23 06:57: Train Epoch 12: 1260/1641 Loss: 0.563287
2026-08-23 06:57: Train Epoch 12: 1280/1641 Loss: 0.546270
2026-08-23 06:57: Train Epoch 12: 1300/1641 Loss: 0.572379
2026-08-23 06:57: Train Epoch 12: 1320/1641 Loss: 0.549294
2026-08-23 06:57: Train Epoch 12: 1340/1641 Loss: 0.567082
2026-08-23 06:57: Train Epoch 12: 1360/1641 Loss: 0.553424
2026-08-23 06:57: Train Epoch 12: 1380/1641 Loss: 0.568126
2026-08-23 06:57: Train Epoch 12: 1400/1641 Loss: 0.573596
2026-08-23 06:58: Train Epoch 12: 1420/1641 Loss: 0.531179
2026-08-23 06:58: Train Epoch 12: 1440/1641 Loss: 0.562249
2026-08-23 06:58: Train Epoch 12: 1460/1641 Loss: 0.527208
2026-08-23 06:58: Train Epoch 12: 1480/1641 Loss: 0.556248
2026-08-23 06:58: Train Epoch 12: 1500/1641 Loss: 0.552203
2026-08-23 06:58: Train Epoch 12: 1520/1641 Loss: 0.541623
2026-08-23 06:58: Train Epoch 12: 1540/1641 Loss: 0.562527
2026-08-23 06:58: Train Epoch 12: 1560/1641 Loss: 0.545489
2026-08-23 06:58: Train Epoch 12: 1580/1641 Loss: 0.559465
2026-08-23 06:58: Train Epoch 12: 1600/1641 Loss: 0.553259
2026-08-23 06:58: Train Epoch 12: 1620/1641 Loss: 0.533163
2026-08-23 06:58: Train Epoch 12: 1640/1641 Loss: 0.535360
2026-08-23 06:58: **********Train Epoch 12: averaged Loss: 0.557885, tf_ratio: 1.000000
2026-08-23 06:58: **********Val Epoch 12: average Loss: 0.656393
2026-08-23 06:58: Train Epoch 13: 0/1641 Loss: 0.563816
2026-08-23 06:58: Train Epoch 13: 20/1641 Loss: 0.545367
2026-08-23 06:58: Train Epoch 13: 40/1641 Loss: 0.532022
2026-08-23 06:59: Train Epoch 13: 60/1641 Loss: 0.571236
2026-08-23 06:59: Train Epoch 13: 80/1641 Loss: 0.558560
2026-08-23 06:59: Train Epoch 13: 100/1641 Loss: 0.549329
2026-08-23 06:59: Train Epoch 13: 120/1641 Loss: 0.554928
2026-08-23 06:59: Train Epoch 13: 140/1641 Loss: 0.561302
2026-08-23 06:59: Train Epoch 13: 160/1641 Loss: 0.534007
2026-08-23 06:59: Train Epoch 13: 180/1641 Loss: 0.555752
2026-08-23 06:59: Train Epoch 13: 200/1641 Loss: 0.562437
2026-08-23 06:59: Train Epoch 13: 220/1641 Loss: 0.570833
2026-08-23 06:59: Train Epoch 13: 240/1641 Loss: 0.548503
2026-08-23 06:59: Train Epoch 13: 260/1641 Loss: 0.559473
2026-08-23 06:59: Train Epoch 13: 280/1641 Loss: 0.559454
2026-08-23 06:59: Train Epoch 13: 300/1641 Loss: 0.552407
2026-08-23 06:59: Train Epoch 13: 320/1641 Loss: 0.583209
2026-08-23 06:59: Train Epoch 13: 340/1641 Loss: 0.551592
2026-08-23 06:59: Train Epoch 13: 360/1641 Loss: 0.562152
2026-08-23 06:59: Train Epoch 13: 380/1641 Loss: 0.539641
2026-08-23 06:59: Train Epoch 13: 400/1641 Loss: 0.533043
2026-08-23 06:59: Train Epoch 13: 420/1641 Loss: 0.565389
2026-08-23 06:59: Train Epoch 13: 440/1641 Loss: 0.566133
2026-08-23 06:59: Train Epoch 13: 460/1641 Loss: 0.562934
2026-08-23 06:59: Train Epoch 13: 480/1641 Loss: 0.539235
2026-08-23 07:00: Train Epoch 13: 500/1641 Loss: 0.541884
2026-08-23 07:00: Train Epoch 13: 520/1641 Loss: 0.558646
2026-08-23 07:00: Train Epoch 13: 540/1641 Loss: 0.532370
2026-08-23 07:00: Train Epoch 13: 560/1641 Loss: 0.545189
2026-08-23 07:00: Train Epoch 13: 580/1641 Loss: 0.532225
2026-08-23 07:00: Train Epoch 13: 600/1641 Loss: 0.544850
2026-08-23 07:00: Train Epoch 13: 620/1641 Loss: 0.549405
2026-08-23 07:00: Train Epoch 13: 640/1641 Loss: 0.526400
2026-08-23 07:00: Train Epoch 13: 660/1641 Loss: 0.537377
2026-08-23 07:00: Train Epoch 13: 680/1641 Loss: 0.544054
2026-08-23 07:00: Train Epoch 13: 700/1641 Loss: 0.555058
2026-08-23 07:00: Train Epoch 13: 720/1641 Loss: 0.571319
2026-08-23 07:00: Train Epoch 13: 740/1641 Loss: 0.557194
2026-08-23 07:00: Train Epoch 13: 760/1641 Loss: 0.559805
2026-08-23 07:00: Train Epoch 13: 780/1641 Loss: 0.554556
2026-08-23 07:00: Train Epoch 13: 800/1641 Loss: 0.554929
2026-08-23 07:00: Train Epoch 13: 820/1641 Loss: 0.548091
2026-08-23 07:00: Train Epoch 13: 840/1641 Loss: 0.565806
2026-08-23 07:00: Train Epoch 13: 860/1641 Loss: 0.553125
2026-08-23 07:00: Train Epoch 13: 880/1641 Loss: 0.562663
2026-08-23 07:00: Train Epoch 13: 900/1641 Loss: 0.551804
2026-08-23 07:00: Train Epoch 13: 920/1641 Loss: 0.548723
2026-08-23 07:01: Train Epoch 13: 940/1641 Loss: 0.545065
2026-08-23 07:01: Train Epoch 13: 960/1641 Loss: 0.560803
2026-08-23 07:01: Train Epoch 13: 980/1641 Loss: 0.554165
2026-08-23 07:01: Train Epoch 13: 1000/1641 Loss: 0.557463
2026-08-23 07:01: Train Epoch 13: 1020/1641 Loss: 0.547277
2026-08-23 07:01: Train Epoch 13: 1040/1641 Loss: 0.540727
2026-08-23 07:01: Train Epoch 13: 1060/1641 Loss: 0.563568
2026-08-23 07:01: Train Epoch 13: 1080/1641 Loss: 0.569063
2026-08-23 07:01: Train Epoch 13: 1100/1641 Loss: 0.553583
2026-08-23 07:01: Train Epoch 13: 1120/1641 Loss: 0.559301
2026-08-23 07:01: Train Epoch 13: 1140/1641 Loss: 0.578812
2026-08-23 07:01: Train Epoch 13: 1160/1641 Loss: 0.550632
2026-08-23 07:01: Train Epoch 13: 1180/1641 Loss: 0.544383
2026-08-23 07:01: Train Epoch 13: 1200/1641 Loss: 0.568264
2026-08-23 07:01: Train Epoch 13: 1220/1641 Loss: 0.534397
2026-08-23 07:01: Train Epoch 13: 1240/1641 Loss: 0.533318
2026-08-23 07:01: Train Epoch 13: 1260/1641 Loss: 0.583116
2026-08-23 07:01: Train Epoch 13: 1280/1641 Loss: 0.554712
2026-08-23 07:01: Train Epoch 13: 1300/1641 Loss: 0.559200
2026-08-23 07:01: Train Epoch 13: 1320/1641 Loss: 0.549576
2026-08-23 07:01: Train Epoch 13: 1340/1641 Loss: 0.535019
2026-08-23 07:01: Train Epoch 13: 1360/1641 Loss: 0.552659
2026-08-23 07:02: Train Epoch 13: 1380/1641 Loss: 0.528588
2026-08-23 07:02: Train Epoch 13: 1400/1641 Loss: 0.562523
2026-08-23 07:02: Train Epoch 13: 1420/1641 Loss: 0.562727
2026-08-23 07:02: Train Epoch 13: 1440/1641 Loss: 0.525078
2026-08-23 07:02: Train Epoch 13: 1460/1641 Loss: 0.556389
2026-08-23 07:02: Train Epoch 13: 1480/1641 Loss: 0.528432
2026-08-23 07:02: Train Epoch 13: 1500/1641 Loss: 0.525297
2026-08-23 07:02: Train Epoch 13: 1520/1641 Loss: 0.527237
2026-08-23 07:02: Train Epoch 13: 1540/1641 Loss: 0.537821
2026-08-23 07:02: Train Epoch 13: 1560/1641 Loss: 0.557162
2026-08-23 07:02: Train Epoch 13: 1580/1641 Loss: 0.559599
2026-08-23 07:02: Train Epoch 13: 1600/1641 Loss: 0.551937
2026-08-23 07:02: Train Epoch 13: 1620/1641 Loss: 0.566083
2026-08-23 07:02: Train Epoch 13: 1640/1641 Loss: 0.552137
2026-08-23 07:02: **********Train Epoch 13: averaged Loss: 0.551209, tf_ratio: 1.000000
2026-08-23 07:02: **********Val Epoch 13: average Loss: 0.657757
2026-08-23 07:02: Train Epoch 14: 0/1641 Loss: 0.517608
2026-08-23 07:03: Train Epoch 14: 20/1641 Loss: 0.540762
2026-08-23 07:03: Train Epoch 14: 40/1641 Loss: 0.545512
2026-08-23 07:03: Train Epoch 14: 60/1641 Loss: 0.558486
2026-08-23 07:03: Train Epoch 14: 80/1641 Loss: 0.565522
2026-08-23 07:03: Train Epoch 14: 100/1641 Loss: 0.541060
2026-08-23 07:03: Train Epoch 14: 120/1641 Loss: 0.558442
2026-08-23 07:03: Train Epoch 14: 140/1641 Loss: 0.544601
2026-08-23 07:03: Train Epoch 14: 160/1641 Loss: 0.543895
2026-08-23 07:03: Train Epoch 14: 180/1641 Loss: 0.533275
2026-08-23 07:03: Train Epoch 14: 200/1641 Loss: 0.532460
2026-08-23 07:03: Train Epoch 14: 220/1641 Loss: 0.534670
2026-08-23 07:03: Train Epoch 14: 240/1641 Loss: 0.537488
2026-08-23 07:03: Train Epoch 14: 260/1641 Loss: 0.576360
2026-08-23 07:03: Train Epoch 14: 280/1641 Loss: 0.564075
2026-08-23 07:03: Train Epoch 14: 300/1641 Loss: 0.553592
2026-08-23 07:03: Train Epoch 14: 320/1641 Loss: 0.527196
2026-08-23 07:03: Train Epoch 14: 340/1641 Loss: 0.569214
2026-08-23 07:03: Train Epoch 14: 360/1641 Loss: 0.553068
2026-08-23 07:03: Train Epoch 14: 380/1641 Loss: 0.534767
2026-08-23 07:03: Train Epoch 14: 400/1641 Loss: 0.533102
2026-08-23 07:03: Train Epoch 14: 420/1641 Loss: 0.558100
2026-08-23 07:04: Train Epoch 14: 440/1641 Loss: 0.581196
2026-08-23 07:04: Train Epoch 14: 460/1641 Loss: 0.561739
2026-08-23 07:04: Train Epoch 14: 480/1641 Loss: 0.537967
2026-08-23 07:04: Train Epoch 14: 500/1641 Loss: 0.570672
2026-08-23 07:04: Train Epoch 14: 520/1641 Loss: 0.550739
2026-08-23 07:04: Train Epoch 14: 540/1641 Loss: 0.532737
2026-08-23 07:04: Train Epoch 14: 560/1641 Loss: 0.556134
2026-08-23 07:04: Train Epoch 14: 580/1641 Loss: 0.546163
2026-08-23 07:04: Train Epoch 14: 600/1641 Loss: 0.553751
2026-08-23 07:04: Train Epoch 14: 620/1641 Loss: 0.569640
2026-08-23 07:04: Train Epoch 14: 640/1641 Loss: 0.534196
2026-08-23 07:04: Train Epoch 14: 660/1641 Loss: 0.550833
2026-08-23 07:04: Train Epoch 14: 680/1641 Loss: 0.547578
2026-08-23 07:04: Train Epoch 14: 700/1641 Loss: 0.534517
2026-08-23 07:04: Train Epoch 14: 720/1641 Loss: 0.546384
2026-08-23 07:04: Train Epoch 14: 740/1641 Loss: 0.533250
2026-08-23 07:04: Train Epoch 14: 760/1641 Loss: 0.536196
2026-08-23 07:04: Train Epoch 14: 780/1641 Loss: 0.539068
2026-08-23 07:04: Train Epoch 14: 800/1641 Loss: 0.560432
2026-08-23 07:04: Train Epoch 14: 820/1641 Loss: 0.541398
2026-08-23 07:04: Train Epoch 14: 840/1641 Loss: 0.549142
2026-08-23 07:04: Train Epoch 14: 860/1641 Loss: 0.563327
2026-08-23 07:05: Train Epoch 14: 880/1641 Loss: 0.526595
2026-08-23 07:05: Train Epoch 14: 900/1641 Loss: 0.537088
2026-08-23 07:05: Train Epoch 14: 920/1641 Loss: 0.561923
2026-08-23 07:05: Train Epoch 14: 940/1641 Loss: 0.539648
2026-08-23 07:05: Train Epoch 14: 960/1641 Loss: 0.548983
2026-08-23 07:05: Train Epoch 14: 980/1641 Loss: 0.559449
2026-08-23 07:05: Train Epoch 14: 1000/1641 Loss: 0.544500
2026-08-23 07:05: Train Epoch 14: 1020/1641 Loss: 0.556363
2026-08-23 07:05: Train Epoch 14: 1040/1641 Loss: 0.575179
2026-08-23 07:05: Train Epoch 14: 1060/1641 Loss: 0.537007
2026-08-23 07:05: Train Epoch 14: 1080/1641 Loss: 0.545834
2026-08-23 07:05: Train Epoch 14: 1100/1641 Loss: 0.544664
2026-08-23 07:05: Train Epoch 14: 1120/1641 Loss: 0.526141
2026-08-23 07:05: Train Epoch 14: 1140/1641 Loss: 0.580551
2026-08-23 07:05: Train Epoch 14: 1160/1641 Loss: 0.545673
2026-08-23 07:05: Train Epoch 14: 1180/1641 Loss: 0.580421
2026-08-23 07:05: Train Epoch 14: 1200/1641 Loss: 0.535671
2026-08-23 07:05: Train Epoch 14: 1220/1641 Loss: 0.538145
2026-08-23 07:05: Train Epoch 14: 1240/1641 Loss: 0.574067
2026-08-23 07:05: Train Epoch 14: 1260/1641 Loss: 0.559106
2026-08-23 07:05: Train Epoch 14: 1280/1641 Loss: 0.565941
2026-08-23 07:05: Train Epoch 14: 1300/1641 Loss: 0.530979
2026-08-23 07:06: Train Epoch 14: 1320/1641 Loss: 0.527516
2026-08-23 07:06: Train Epoch 14: 1340/1641 Loss: 0.536340
2026-08-23 07:06: Train Epoch 14: 1360/1641 Loss: 0.541578
2026-08-23 07:06: Train Epoch 14: 1380/1641 Loss: 0.549680
2026-08-23 07:06: Train Epoch 14: 1400/1641 Loss: 0.506858
2026-08-23 07:06: Train Epoch 14: 1420/1641 Loss: 0.541956
2026-08-23 07:06: Train Epoch 14: 1440/1641 Loss: 0.560029
2026-08-23 07:06: Train Epoch 14: 1460/1641 Loss: 0.543885
2026-08-23 07:06: Train Epoch 14: 1480/1641 Loss: 0.535858
2026-08-23 07:06: Train Epoch 14: 1500/1641 Loss: 0.555607
2026-08-23 07:06: Train Epoch 14: 1520/1641 Loss: 0.521212
2026-08-23 07:06: Train Epoch 14: 1540/1641 Loss: 0.549628
2026-08-23 07:06: Train Epoch 14: 1560/1641 Loss: 0.526137
2026-08-23 07:06: Train Epoch 14: 1580/1641 Loss: 0.545591
2026-08-23 07:06: Train Epoch 14: 1600/1641 Loss: 0.515905
2026-08-23 07:06: Train Epoch 14: 1620/1641 Loss: 0.545344
2026-08-23 07:06: Train Epoch 14: 1640/1641 Loss: 0.550871
2026-08-23 07:06: **********Train Epoch 14: averaged Loss: 0.544967, tf_ratio: 1.000000
2026-08-23 07:07: **********Val Epoch 14: average Loss: 0.660823
2026-08-23 07:07: Train Epoch 15: 0/1641 Loss: 0.526958
2026-08-23 07:07: Train Epoch 15: 20/1641 Loss: 0.535923
2026-08-23 07:07: Train Epoch 15: 40/1641 Loss: 0.523586
2026-08-23 07:07: Train Epoch 15: 60/1641 Loss: 0.566725
2026-08-23 07:07: Train Epoch 15: 80/1641 Loss: 0.540448
2026-08-23 07:07: Train Epoch 15: 100/1641 Loss: 0.557642
2026-08-23 07:07: Train Epoch 15: 120/1641 Loss: 0.547268
2026-08-23 07:07: Train Epoch 15: 140/1641 Loss: 0.527731
2026-08-23 07:07: Train Epoch 15: 160/1641 Loss: 0.531494
2026-08-23 07:07: Train Epoch 15: 180/1641 Loss: 0.559148
2026-08-23 07:07: Train Epoch 15: 200/1641 Loss: 0.540819
2026-08-23 07:07: Train Epoch 15: 220/1641 Loss: 0.552876
2026-08-23 07:07: Train Epoch 15: 240/1641 Loss: 0.525936
2026-08-23 07:07: Train Epoch 15: 260/1641 Loss: 0.541959
2026-08-23 07:07: Train Epoch 15: 280/1641 Loss: 0.540480
2026-08-23 07:07: Train Epoch 15: 300/1641 Loss: 0.527895
2026-08-23 07:07: Train Epoch 15: 320/1641 Loss: 0.555664
2026-08-23 07:07: Train Epoch 15: 340/1641 Loss: 0.533696
2026-08-23 07:07: Train Epoch 15: 360/1641 Loss: 0.562496
2026-08-23 07:07: Train Epoch 15: 380/1641 Loss: 0.527867
2026-08-23 07:07: Train Epoch 15: 400/1641 Loss: 0.583312
2026-08-23 07:08: Train Epoch 15: 420/1641 Loss: 0.531263
2026-08-23 07:08: Train Epoch 15: 440/1641 Loss: 0.522647
2026-08-23 07:08: Train Epoch 15: 460/1641 Loss: 0.544535
2026-08-23 07:08: Train Epoch 15: 480/1641 Loss: 0.540430
2026-08-23 07:08: Train Epoch 15: 500/1641 Loss: 0.563381
2026-08-23 07:08: Train Epoch 15: 520/1641 Loss: 0.552169
2026-08-23 07:08: Train Epoch 15: 540/1641 Loss: 0.527920
2026-08-23 07:08: Train Epoch 15: 560/1641 Loss: 0.509486
2026-08-23 07:08: Train Epoch 15: 580/1641 Loss: 0.557155
2026-08-23 07:08: Train Epoch 15: 600/1641 Loss: 0.546013
2026-08-23 07:08: Train Epoch 15: 620/1641 Loss: 0.563944
2026-08-23 07:08: Train Epoch 15: 640/1641 Loss: 0.510889
2026-08-23 07:08: Train Epoch 15: 660/1641 Loss: 0.531078
2026-08-23 07:08: Train Epoch 15: 680/1641 Loss: 0.561905
2026-08-23 07:08: Train Epoch 15: 700/1641 Loss: 0.536096
2026-08-23 07:08: Train Epoch 15: 720/1641 Loss: 0.530713
2026-08-23 07:08: Train Epoch 15: 740/1641 Loss: 0.527552
2026-08-23 07:08: Train Epoch 15: 760/1641 Loss: 0.537055
2026-08-23 07:08: Train Epoch 15: 780/1641 Loss: 0.545642
2026-08-23 07:08: Train Epoch 15: 800/1641 Loss: 0.527151
2026-08-23 07:08: Train Epoch 15: 820/1641 Loss: 0.530966
2026-08-23 07:08: Train Epoch 15: 840/1641 Loss: 0.543632
2026-08-23 07:09: Train Epoch 15: 860/1641 Loss: 0.538155
2026-08-23 07:09: Train Epoch 15: 880/1641 Loss: 0.574705
2026-08-23 07:09: Train Epoch 15: 900/1641 Loss: 0.535727
2026-08-23 07:09: Train Epoch 15: 920/1641 Loss: 0.550693
2026-08-23 07:09: Train Epoch 15: 940/1641 Loss: 0.560142
2026-08-23 07:09: Train Epoch 15: 960/1641 Loss: 0.539513
2026-08-23 07:09: Train Epoch 15: 980/1641 Loss: 0.556787
2026-08-23 07:09: Train Epoch 15: 1000/1641 Loss: 0.558008
2026-08-23 07:09: Train Epoch 15: 1020/1641 Loss: 0.532627
2026-08-23 07:09: Train Epoch 15: 1040/1641 Loss: 0.547437
2026-08-23 07:09: Train Epoch 15: 1060/1641 Loss: 0.537863
2026-08-23 07:09: Train Epoch 15: 1080/1641 Loss: 0.532126
2026-08-23 07:09: Train Epoch 15: 1100/1641 Loss: 0.551740
2026-08-23 07:09: Train Epoch 15: 1120/1641 Loss: 0.531061
2026-08-23 07:09: Train Epoch 15: 1140/1641 Loss: 0.552967
2026-08-23 07:09: Train Epoch 15: 1160/1641 Loss: 0.546145
2026-08-23 07:09: Train Epoch 15: 1180/1641 Loss: 0.554384
2026-08-23 07:09: Train Epoch 15: 1200/1641 Loss: 0.536505
2026-08-23 07:09: Train Epoch 15: 1220/1641 Loss: 0.508158
2026-08-23 07:09: Train Epoch 15: 1240/1641 Loss: 0.525027
2026-08-23 07:09: Train Epoch 15: 1260/1641 Loss: 0.527171
2026-08-23 07:09: Train Epoch 15: 1280/1641 Loss: 0.541603
2026-08-23 07:10: Train Epoch 15: 1300/1641 Loss: 0.550597
2026-08-23 07:10: Train Epoch 15: 1320/1641 Loss: 0.538679
2026-08-23 07:10: Train Epoch 15: 1340/1641 Loss: 0.556349
2026-08-23 07:10: Train Epoch 15: 1360/1641 Loss: 0.574063
2026-08-23 07:10: Train Epoch 15: 1380/1641 Loss: 0.554438
2026-08-23 07:10: Train Epoch 15: 1400/1641 Loss: 0.542885
2026-08-23 07:10: Train Epoch 15: 1420/1641 Loss: 0.538769
2026-08-23 07:10: Train Epoch 15: 1440/1641 Loss: 0.541128
2026-08-23 07:10: Train Epoch 15: 1460/1641 Loss: 0.531531
2026-08-23 07:10: Train Epoch 15: 1480/1641 Loss: 0.525663
2026-08-23 07:10: Train Epoch 15: 1500/1641 Loss: 0.517801
2026-08-23 07:10: Train Epoch 15: 1520/1641 Loss: 0.526443
2026-08-23 07:10: Train Epoch 15: 1540/1641 Loss: 0.503206
2026-08-23 07:10: Train Epoch 15: 1560/1641 Loss: 0.526487
2026-08-23 07:10: Train Epoch 15: 1580/1641 Loss: 0.544443
2026-08-23 07:10: Train Epoch 15: 1600/1641 Loss: 0.520902
2026-08-23 07:10: Train Epoch 15: 1620/1641 Loss: 0.559277
2026-08-23 07:10: Train Epoch 15: 1640/1641 Loss: 0.562016
2026-08-23 07:10: **********Train Epoch 15: averaged Loss: 0.539204, tf_ratio: 1.000000
2026-08-23 07:11: **********Val Epoch 15: average Loss: 0.663598
2026-08-23 07:11: Train Epoch 16: 0/1641 Loss: 0.546009
2026-08-23 07:11: Train Epoch 16: 20/1641 Loss: 0.540990
2026-08-23 07:11: Train Epoch 16: 40/1641 Loss: 0.537364
2026-08-23 07:11: Train Epoch 16: 60/1641 Loss: 0.540952
2026-08-23 07:11: Train Epoch 16: 80/1641 Loss: 0.538510
2026-08-23 07:11: Train Epoch 16: 100/1641 Loss: 0.553978
2026-08-23 07:11: Train Epoch 16: 120/1641 Loss: 0.520526
2026-08-23 07:11: Train Epoch 16: 140/1641 Loss: 0.513679
2026-08-23 07:11: Train Epoch 16: 160/1641 Loss: 0.534469
2026-08-23 07:11: Train Epoch 16: 180/1641 Loss: 0.507972
2026-08-23 07:11: Train Epoch 16: 200/1641 Loss: 0.538300
2026-08-23 07:11: Train Epoch 16: 220/1641 Loss: 0.529504
2026-08-23 07:11: Train Epoch 16: 240/1641 Loss: 0.534933
2026-08-23 07:11: Train Epoch 16: 260/1641 Loss: 0.552535
2026-08-23 07:11: Train Epoch 16: 280/1641 Loss: 0.546570
2026-08-23 07:11: Train Epoch 16: 300/1641 Loss: 0.525636
2026-08-23 07:11: Train Epoch 16: 320/1641 Loss: 0.528188
2026-08-23 07:11: Train Epoch 16: 340/1641 Loss: 0.545016
2026-08-23 07:11: Train Epoch 16: 360/1641 Loss: 0.530150
2026-08-23 07:12: Train Epoch 16: 380/1641 Loss: 0.537390
2026-08-23 07:12: Train Epoch 16: 400/1641 Loss: 0.496629
2026-08-23 07:12: Train Epoch 16: 420/1641 Loss: 0.529635
2026-08-23 07:12: Train Epoch 16: 440/1641 Loss: 0.524278
2026-08-23 07:12: Train Epoch 16: 460/1641 Loss: 0.540981
2026-08-23 07:12: Train Epoch 16: 480/1641 Loss: 0.552792
2026-08-23 07:12: Train Epoch 16: 500/1641 Loss: 0.504795
2026-08-23 07:12: Train Epoch 16: 520/1641 Loss: 0.527394
2026-08-23 07:12: Train Epoch 16: 540/1641 Loss: 0.544614
2026-08-23 07:12: Train Epoch 16: 560/1641 Loss: 0.540524
2026-08-23 07:12: Train Epoch 16: 580/1641 Loss: 0.543538
2026-08-23 07:12: Train Epoch 16: 600/1641 Loss: 0.541977
2026-08-23 07:12: Train Epoch 16: 620/1641 Loss: 0.541531
2026-08-23 07:12: Train Epoch 16: 640/1641 Loss: 0.536590
2026-08-23 07:12: Train Epoch 16: 660/1641 Loss: 0.542828
2026-08-23 07:12: Train Epoch 16: 680/1641 Loss: 0.534436
2026-08-23 07:12: Train Epoch 16: 700/1641 Loss: 0.513194
2026-08-23 07:12: Train Epoch 16: 720/1641 Loss: 0.531846
2026-08-23 07:12: Train Epoch 16: 740/1641 Loss: 0.565856
2026-08-23 07:12: Train Epoch 16: 760/1641 Loss: 0.522187
2026-08-23 07:12: Train Epoch 16: 780/1641 Loss: 0.530884
2026-08-23 07:12: Train Epoch 16: 800/1641 Loss: 0.557103
2026-08-23 07:13: Train Epoch 16: 820/1641 Loss: 0.528088
2026-08-23 07:13: Train Epoch 16: 840/1641 Loss: 0.522053
2026-08-23 07:13: Train Epoch 16: 860/1641 Loss: 0.538244
2026-08-23 07:13: Train Epoch 16: 880/1641 Loss: 0.547389
2026-08-23 07:13: Train Epoch 16: 900/1641 Loss: 0.544146
2026-08-23 07:13: Train Epoch 16: 920/1641 Loss: 0.568916
2026-08-23 07:13: Train Epoch 16: 940/1641 Loss: 0.542171
2026-08-23 07:13: Train Epoch 16: 960/1641 Loss: 0.505582
2026-08-23 07:13: Train Epoch 16: 980/1641 Loss: 0.548918
2026-08-23 07:13: Train Epoch 16: 1000/1641 Loss: 0.546075
2026-08-23 07:13: Train Epoch 16: 1020/1641 Loss: 0.537070
2026-08-23 07:13: Train Epoch 16: 1040/1641 Loss: 0.534937
2026-08-23 07:13: Train Epoch 16: 1060/1641 Loss: 0.544467
2026-08-23 07:13: Train Epoch 16: 1080/1641 Loss: 0.500892
2026-08-23 07:13: Train Epoch 16: 1100/1641 Loss: 0.503426
2026-08-23 07:13: Train Epoch 16: 1120/1641 Loss: 0.538166
2026-08-23 07:13: Train Epoch 16: 1140/1641 Loss: 0.540429
2026-08-23 07:13: Train Epoch 16: 1160/1641 Loss: 0.554836
2026-08-23 07:13: Train Epoch 16: 1180/1641 Loss: 0.548983
2026-08-23 07:13: Train Epoch 16: 1200/1641 Loss: 0.545187
2026-08-23 07:13: Train Epoch 16: 1220/1641 Loss: 0.538383
2026-08-23 07:13: Train Epoch 16: 1240/1641 Loss: 0.543204
2026-08-23 07:13: Train Epoch 16: 1260/1641 Loss: 0.547482
2026-08-23 07:14: Train Epoch 16: 1280/1641 Loss: 0.563011
2026-08-23 07:14: Train Epoch 16: 1300/1641 Loss: 0.530478
2026-08-23 07:14: Train Epoch 16: 1320/1641 Loss: 0.544712
2026-08-23 07:14: Train Epoch 16: 1340/1641 Loss: 0.529686
2026-08-23 07:14: Train Epoch 16: 1360/1641 Loss: 0.535899
2026-08-23 07:14: Train Epoch 16: 1380/1641 Loss: 0.523625
2026-08-23 07:14: Train Epoch 16: 1400/1641 Loss: 0.519616
2026-08-23 07:14: Train Epoch 16: 1420/1641 Loss: 0.557029
2026-08-23 07:14: Train Epoch 16: 1440/1641 Loss: 0.519719
2026-08-23 07:14: Train Epoch 16: 1460/1641 Loss: 0.558704
2026-08-23 07:14: Train Epoch 16: 1480/1641 Loss: 0.561214
2026-08-23 07:14: Train Epoch 16: 1500/1641 Loss: 0.531941
2026-08-23 07:14: Train Epoch 16: 1520/1641 Loss: 0.513790
2026-08-23 07:14: Train Epoch 16: 1540/1641 Loss: 0.543338
2026-08-23 07:14: Train Epoch 16: 1560/1641 Loss: 0.533817
2026-08-23 07:14: Train Epoch 16: 1580/1641 Loss: 0.559057
2026-08-23 07:14: Train Epoch 16: 1600/1641 Loss: 0.555013
2026-08-23 07:14: Train Epoch 16: 1620/1641 Loss: 0.519916
2026-08-23 07:14: Train Epoch 16: 1640/1641 Loss: 0.522683
2026-08-23 07:14: **********Train Epoch 16: averaged Loss: 0.534034, tf_ratio: 1.000000
2026-08-23 07:15: **********Val Epoch 16: average Loss: 0.666477
2026-08-23 07:15: Train Epoch 17: 0/1641 Loss: 0.516227
2026-08-23 07:15: Train Epoch 17: 20/1641 Loss: 0.537040
2026-08-23 07:15: Train Epoch 17: 40/1641 Loss: 0.538348
2026-08-23 07:15: Train Epoch 17: 60/1641 Loss: 0.523884
2026-08-23 07:15: Train Epoch 17: 80/1641 Loss: 0.539122
2026-08-23 07:15: Train Epoch 17: 100/1641 Loss: 0.501059
2026-08-23 07:15: Train Epoch 17: 120/1641 Loss: 0.528187
2026-08-23 07:15: Train Epoch 17: 140/1641 Loss: 0.502080
2026-08-23 07:15: Train Epoch 17: 160/1641 Loss: 0.501404
2026-08-23 07:15: Train Epoch 17: 180/1641 Loss: 0.534946
2026-08-23 07:15: Train Epoch 17: 200/1641 Loss: 0.521695
2026-08-23 07:15: Train Epoch 17: 220/1641 Loss: 0.521776
2026-08-23 07:15: Train Epoch 17: 240/1641 Loss: 0.541774
2026-08-23 07:15: Train Epoch 17: 260/1641 Loss: 0.559499
2026-08-23 07:15: Train Epoch 17: 280/1641 Loss: 0.536642
2026-08-23 07:15: Train Epoch 17: 300/1641 Loss: 0.512490
2026-08-23 07:15: Train Epoch 17: 320/1641 Loss: 0.544700
2026-08-23 07:16: Train Epoch 17: 340/1641 Loss: 0.536037
2026-08-23 07:16: Train Epoch 17: 360/1641 Loss: 0.538324
2026-08-23 07:16: Train Epoch 17: 380/1641 Loss: 0.509841
2026-08-23 07:16: Train Epoch 17: 400/1641 Loss: 0.520887
2026-08-23 07:16: Train Epoch 17: 420/1641 Loss: 0.525090
2026-08-23 07:16: Train Epoch 17: 440/1641 Loss: 0.545891
2026-08-23 07:16: Train Epoch 17: 460/1641 Loss: 0.516668
2026-08-23 07:16: Train Epoch 17: 480/1641 Loss: 0.523624
2026-08-23 07:16: Train Epoch 17: 500/1641 Loss: 0.524767
2026-08-23 07:16: Train Epoch 17: 520/1641 Loss: 0.546053
2026-08-23 07:16: Train Epoch 17: 540/1641 Loss: 0.535351
2026-08-23 07:16: Train Epoch 17: 560/1641 Loss: 0.542572
2026-08-23 07:16: Train Epoch 17: 580/1641 Loss: 0.514818
2026-08-23 07:16: Train Epoch 17: 600/1641 Loss: 0.525750
2026-08-23 07:16: Train Epoch 17: 620/1641 Loss: 0.506560
2026-08-23 07:16: Train Epoch 17: 640/1641 Loss: 0.525625
2026-08-23 07:16: Train Epoch 17: 660/1641 Loss: 0.517608
2026-08-23 07:16: Train Epoch 17: 680/1641 Loss: 0.541380
2026-08-23 07:16: Train Epoch 17: 700/1641 Loss: 0.529031
2026-08-23 07:16: Train Epoch 17: 720/1641 Loss: 0.548270
2026-08-23 07:16: Train Epoch 17: 740/1641 Loss: 0.527395
2026-08-23 07:16: Train Epoch 17: 760/1641 Loss: 0.522115
2026-08-23 07:16: Train Epoch 17: 780/1641 Loss: 0.537652
2026-08-23 07:17: Train Epoch 17: 800/1641 Loss: 0.545806
2026-08-23 07:17: Train Epoch 17: 820/1641 Loss: 0.534718
2026-08-23 07:17: Train Epoch 17: 840/1641 Loss: 0.536495
2026-08-23 07:17: Train Epoch 17: 860/1641 Loss: 0.559772
2026-08-23 07:17: Train Epoch 17: 880/1641 Loss: 0.532155
2026-08-23 07:17: Train Epoch 17: 900/1641 Loss: 0.508961
2026-08-23 07:17: Train Epoch 17: 920/1641 Loss: 0.516775
2026-08-23 07:17: Train Epoch 17: 940/1641 Loss: 0.534090
2026-08-23 07:17: Train Epoch 17: 960/1641 Loss: 0.523542
2026-08-23 07:17: Train Epoch 17: 980/1641 Loss: 0.555622
2026-08-23 07:17: Train Epoch 17: 1000/1641 Loss: 0.529406
2026-08-23 07:17: Train Epoch 17: 1020/1641 Loss: 0.510409
2026-08-23 07:17: Train Epoch 17: 1040/1641 Loss: 0.517594
2026-08-23 07:17: Train Epoch 17: 1060/1641 Loss: 0.525030
2026-08-23 07:17: Train Epoch 17: 1080/1641 Loss: 0.518949
2026-08-23 07:17: Train Epoch 17: 1100/1641 Loss: 0.532425
2026-08-23 07:17: Train Epoch 17: 1120/1641 Loss: 0.526037
2026-08-23 07:17: Train Epoch 17: 1140/1641 Loss: 0.517712
2026-08-23 07:17: Train Epoch 17: 1160/1641 Loss: 0.533387
2026-08-23 07:17: Train Epoch 17: 1180/1641 Loss: 0.525919
2026-08-23 07:17: Train Epoch 17: 1200/1641 Loss: 0.520518
2026-08-23 07:17: Train Epoch 17: 1220/1641 Loss: 0.537575
2026-08-23 07:18: Train Epoch 17: 1240/1641 Loss: 0.509349
2026-08-23 07:18: Train Epoch 17: 1260/1641 Loss: 0.516707
2026-08-23 07:18: Train Epoch 17: 1280/1641 Loss: 0.518483
2026-08-23 07:18: Train Epoch 17: 1300/1641 Loss: 0.509730
2026-08-23 07:18: Train Epoch 17: 1320/1641 Loss: 0.545734
2026-08-23 07:18: Train Epoch 17: 1340/1641 Loss: 0.537003
2026-08-23 07:18: Train Epoch 17: 1360/1641 Loss: 0.489781
2026-08-23 07:18: Train Epoch 17: 1380/1641 Loss: 0.534152
2026-08-23 07:18: Train Epoch 17: 1400/1641 Loss: 0.521356
2026-08-23 07:18: Train Epoch 17: 1420/1641 Loss: 0.526358
2026-08-23 07:18: Train Epoch 17: 1440/1641 Loss: 0.510499
2026-08-23 07:18: Train Epoch 17: 1460/1641 Loss: 0.533721
2026-08-23 07:18: Train Epoch 17: 1480/1641 Loss: 0.510974
2026-08-23 07:18: Train Epoch 17: 1500/1641 Loss: 0.542963
2026-08-23 07:18: Train Epoch 17: 1520/1641 Loss: 0.511361
2026-08-23 07:18: Train Epoch 17: 1540/1641 Loss: 0.524140
2026-08-23 07:18: Train Epoch 17: 1560/1641 Loss: 0.506140
2026-08-23 07:18: Train Epoch 17: 1580/1641 Loss: 0.529915
2026-08-23 07:18: Train Epoch 17: 1600/1641 Loss: 0.520224
2026-08-23 07:18: Train Epoch 17: 1620/1641 Loss: 0.544576
2026-08-23 07:18: Train Epoch 17: 1640/1641 Loss: 0.538227
2026-08-23 07:18: **********Train Epoch 17: averaged Loss: 0.529066, tf_ratio: 1.000000
2026-08-23 07:19: **********Val Epoch 17: average Loss: 0.662973
2026-08-23 07:19: Train Epoch 18: 0/1641 Loss: 0.553259
2026-08-23 07:19: Train Epoch 18: 20/1641 Loss: 0.536040
2026-08-23 07:19: Train Epoch 18: 40/1641 Loss: 0.528727
2026-08-23 07:19: Train Epoch 18: 60/1641 Loss: 0.519413
2026-08-23 07:19: Train Epoch 18: 80/1641 Loss: 0.528744
2026-08-23 07:19: Train Epoch 18: 100/1641 Loss: 0.523744
2026-08-23 07:19: Train Epoch 18: 120/1641 Loss: 0.497668
2026-08-23 07:19: Train Epoch 18: 140/1641 Loss: 0.501733
2026-08-23 07:19: Train Epoch 18: 160/1641 Loss: 0.526127
2026-08-23 07:19: Train Epoch 18: 180/1641 Loss: 0.539166
2026-08-23 07:19: Train Epoch 18: 200/1641 Loss: 0.496873
2026-08-23 07:19: Train Epoch 18: 220/1641 Loss: 0.542533
2026-08-23 07:19: Train Epoch 18: 240/1641 Loss: 0.507736
2026-08-23 07:19: Train Epoch 18: 260/1641 Loss: 0.523994
2026-08-23 07:19: Train Epoch 18: 280/1641 Loss: 0.523992
2026-08-23 07:19: Train Epoch 18: 300/1641 Loss: 0.520114
2026-08-23 07:20: Train Epoch 18: 320/1641 Loss: 0.516115
2026-08-23 07:20: Train Epoch 18: 340/1641 Loss: 0.544491
2026-08-23 07:20: Train Epoch 18: 360/1641 Loss: 0.527236
2026-08-23 07:20: Train Epoch 18: 380/1641 Loss: 0.540624
2026-08-23 07:20: Train Epoch 18: 400/1641 Loss: 0.532369
2026-08-23 07:20: Train Epoch 18: 420/1641 Loss: 0.523593
2026-08-23 07:20: Train Epoch 18: 440/1641 Loss: 0.513728
2026-08-23 07:20: Train Epoch 18: 460/1641 Loss: 0.520434
2026-08-23 07:20: Train Epoch 18: 480/1641 Loss: 0.513310
2026-08-23 07:20: Train Epoch 18: 500/1641 Loss: 0.522984
2026-08-23 07:20: Train Epoch 18: 520/1641 Loss: 0.532812
2026-08-23 07:20: Train Epoch 18: 540/1641 Loss: 0.529588
2026-08-23 07:20: Train Epoch 18: 560/1641 Loss: 0.531998
2026-08-23 07:20: Train Epoch 18: 580/1641 Loss: 0.523745
2026-08-23 07:20: Train Epoch 18: 600/1641 Loss: 0.504704
2026-08-23 07:20: Train Epoch 18: 620/1641 Loss: 0.522770
2026-08-23 07:20: Train Epoch 18: 640/1641 Loss: 0.525633
2026-08-23 07:20: Train Epoch 18: 660/1641 Loss: 0.524760
2026-08-23 07:20: Train Epoch 18: 680/1641 Loss: 0.530051
2026-08-23 07:20: Train Epoch 18: 700/1641 Loss: 0.546690
2026-08-23 07:20: Train Epoch 18: 720/1641 Loss: 0.514411
2026-08-23 07:20: Train Epoch 18: 740/1641 Loss: 0.524927
2026-08-23 07:20: Train Epoch 18: 760/1641 Loss: 0.546701
2026-08-23 07:21: Train Epoch 18: 780/1641 Loss: 0.523138
2026-08-23 07:21: Train Epoch 18: 800/1641 Loss: 0.534730
2026-08-23 07:21: Train Epoch 18: 820/1641 Loss: 0.514145
2026-08-23 07:21: Train Epoch 18: 840/1641 Loss: 0.511710
2026-08-23 07:21: Train Epoch 18: 860/1641 Loss: 0.514637
2026-08-23 07:21: Train Epoch 18: 880/1641 Loss: 0.526473
2026-08-23 07:21: Train Epoch 18: 900/1641 Loss: 0.532474
2026-08-23 07:21: Train Epoch 18: 920/1641 Loss: 0.554234
2026-08-23 07:21: Train Epoch 18: 940/1641 Loss: 0.524831
2026-08-23 07:21: Train Epoch 18: 960/1641 Loss: 0.537902
2026-08-23 07:21: Train Epoch 18: 980/1641 Loss: 0.514161
2026-08-23 07:21: Train Epoch 18: 1000/1641 Loss: 0.556371
2026-08-23 07:21: Train Epoch 18: 1020/1641 Loss: 0.531459
2026-08-23 07:21: Train Epoch 18: 1040/1641 Loss: 0.560112
2026-08-23 07:21: Train Epoch 18: 1060/1641 Loss: 0.514659
2026-08-23 07:21: Train Epoch 18: 1080/1641 Loss: 0.546378
2026-08-23 07:21: Train Epoch 18: 1100/1641 Loss: 0.504140
2026-08-23 07:21: Train Epoch 18: 1120/1641 Loss: 0.480748
2026-08-23 07:21: Train Epoch 18: 1140/1641 Loss: 0.523103
2026-08-23 07:21: Train Epoch 18: 1160/1641 Loss: 0.521167
2026-08-23 07:21: Train Epoch 18: 1180/1641 Loss: 0.551299
2026-08-23 07:21: Train Epoch 18: 1200/1641 Loss: 0.533794
2026-08-23 07:22: Train Epoch 18: 1220/1641 Loss: 0.527108
2026-08-23 07:22: Train Epoch 18: 1240/1641 Loss: 0.536310
2026-08-23 07:22: Train Epoch 18: 1260/1641 Loss: 0.529644
2026-08-23 07:22: Train Epoch 18: 1280/1641 Loss: 0.537566
2026-08-23 07:22: Train Epoch 18: 1300/1641 Loss: 0.518044
2026-08-23 07:22: Train Epoch 18: 1320/1641 Loss: 0.565656
2026-08-23 07:22: Train Epoch 18: 1340/1641 Loss: 0.524441
2026-08-23 07:22: Train Epoch 18: 1360/1641 Loss: 0.506976
2026-08-23 07:22: Train Epoch 18: 1380/1641 Loss: 0.535202
2026-08-23 07:22: Train Epoch 18: 1400/1641 Loss: 0.526901
2026-08-23 07:22: Train Epoch 18: 1420/1641 Loss: 0.521205
2026-08-23 07:22: Train Epoch 18: 1440/1641 Loss: 0.534244
2026-08-23 07:22: Train Epoch 18: 1460/1641 Loss: 0.508596
2026-08-23 07:22: Train Epoch 18: 1480/1641 Loss: 0.518960
2026-08-23 07:22: Train Epoch 18: 1500/1641 Loss: 0.521177
2026-08-23 07:22: Train Epoch 18: 1520/1641 Loss: 0.530776
2026-08-23 07:22: Train Epoch 18: 1540/1641 Loss: 0.519952
2026-08-23 07:22: Train Epoch 18: 1560/1641 Loss: 0.510373
2026-08-23 07:22: Train Epoch 18: 1580/1641 Loss: 0.528518
2026-08-23 07:22: Train Epoch 18: 1600/1641 Loss: 0.511766
2026-08-23 07:22: Train Epoch 18: 1620/1641 Loss: 0.552919
2026-08-23 07:22: Train Epoch 18: 1640/1641 Loss: 0.521286
2026-08-23 07:22: **********Train Epoch 18: averaged Loss: 0.524750, tf_ratio: 1.000000
2026-08-23 07:23: **********Val Epoch 18: average Loss: 0.663587
2026-08-23 07:23: Train Epoch 19: 0/1641 Loss: 0.519836
2026-08-23 07:23: Train Epoch 19: 20/1641 Loss: 0.524627
2026-08-23 07:23: Train Epoch 19: 40/1641 Loss: 0.521052
2026-08-23 07:23: Train Epoch 19: 60/1641 Loss: 0.527755
2026-08-23 07:23: Train Epoch 19: 80/1641 Loss: 0.509079
2026-08-23 07:23: Train Epoch 19: 100/1641 Loss: 0.505994
2026-08-23 07:23: Train Epoch 19: 120/1641 Loss: 0.515856
2026-08-23 07:23: Train Epoch 19: 140/1641 Loss: 0.495538
2026-08-23 07:23: Train Epoch 19: 160/1641 Loss: 0.515915
2026-08-23 07:23: Train Epoch 19: 180/1641 Loss: 0.512383
2026-08-23 07:23: Train Epoch 19: 200/1641 Loss: 0.520251
2026-08-23 07:23: Train Epoch 19: 220/1641 Loss: 0.520647
2026-08-23 07:23: Train Epoch 19: 240/1641 Loss: 0.499273
2026-08-23 07:23: Train Epoch 19: 260/1641 Loss: 0.532751
2026-08-23 07:23: Train Epoch 19: 280/1641 Loss: 0.512328
2026-08-23 07:24: Train Epoch 19: 300/1641 Loss: 0.524220
2026-08-23 07:24: Train Epoch 19: 320/1641 Loss: 0.502943
2026-08-23 07:24: Train Epoch 19: 340/1641 Loss: 0.517970
2026-08-23 07:24: Train Epoch 19: 360/1641 Loss: 0.516027
2026-08-23 07:24: Train Epoch 19: 380/1641 Loss: 0.512649
2026-08-23 07:24: Train Epoch 19: 400/1641 Loss: 0.538308
2026-08-23 07:24: Train Epoch 19: 420/1641 Loss: 0.543892
2026-08-23 07:24: Train Epoch 19: 440/1641 Loss: 0.524372
2026-08-23 07:24: Train Epoch 19: 460/1641 Loss: 0.547467
2026-08-23 07:24: Train Epoch 19: 480/1641 Loss: 0.544031
2026-08-23 07:24: Train Epoch 19: 500/1641 Loss: 0.539217
2026-08-23 07:24: Train Epoch 19: 520/1641 Loss: 0.508047
2026-08-23 07:24: Train Epoch 19: 540/1641 Loss: 0.523978
2026-08-23 07:24: Train Epoch 19: 560/1641 Loss: 0.535202
2026-08-23 07:24: Train Epoch 19: 580/1641 Loss: 0.503439
2026-08-23 07:24: Train Epoch 19: 600/1641 Loss: 0.519479
2026-08-23 07:24: Train Epoch 19: 620/1641 Loss: 0.516544
2026-08-23 07:24: Train Epoch 19: 640/1641 Loss: 0.514803
2026-08-23 07:24: Train Epoch 19: 660/1641 Loss: 0.530249
2026-08-23 07:24: Train Epoch 19: 680/1641 Loss: 0.525201
2026-08-23 07:24: Train Epoch 19: 700/1641 Loss: 0.511577
2026-08-23 07:24: Train Epoch 19: 720/1641 Loss: 0.532373
2026-08-23 07:24: Train Epoch 19: 740/1641 Loss: 0.510905
2026-08-23 07:25: Train Epoch 19: 760/1641 Loss: 0.505915
2026-08-23 07:25: Train Epoch 19: 780/1641 Loss: 0.506468
2026-08-23 07:25: Train Epoch 19: 800/1641 Loss: 0.527645
2026-08-23 07:25: Train Epoch 19: 820/1641 Loss: 0.521454
2026-08-23 07:25: Train Epoch 19: 840/1641 Loss: 0.511707
2026-08-23 07:25: Train Epoch 19: 860/1641 Loss: 0.520270
2026-08-23 07:25: Train Epoch 19: 880/1641 Loss: 0.510496
2026-08-23 07:25: Train Epoch 19: 900/1641 Loss: 0.524854
2026-08-23 07:25: Train Epoch 19: 920/1641 Loss: 0.541464
2026-08-23 07:25: Train Epoch 19: 940/1641 Loss: 0.507079
2026-08-23 07:25: Train Epoch 19: 960/1641 Loss: 0.525142
2026-08-23 07:25: Train Epoch 19: 980/1641 Loss: 0.532457
2026-08-23 07:25: Train Epoch 19: 1000/1641 Loss: 0.501644
2026-08-23 07:25: Train Epoch 19: 1020/1641 Loss: 0.544682
2026-08-23 07:25: Train Epoch 19: 1040/1641 Loss: 0.548064
2026-08-23 07:25: Train Epoch 19: 1060/1641 Loss: 0.512137
2026-08-23 07:25: Train Epoch 19: 1080/1641 Loss: 0.519785
2026-08-23 07:25: Train Epoch 19: 1100/1641 Loss: 0.528444
2026-08-23 07:25: Train Epoch 19: 1120/1641 Loss: 0.502576
2026-08-23 07:25: Train Epoch 19: 1140/1641 Loss: 0.515225
2026-08-23 07:25: Train Epoch 19: 1160/1641 Loss: 0.515326
2026-08-23 07:25: Train Epoch 19: 1180/1641 Loss: 0.531853
2026-08-23 07:26: Train Epoch 19: 1200/1641 Loss: 0.515614
2026-08-23 07:26: Train Epoch 19: 1220/1641 Loss: 0.507927
2026-08-23 07:26: Train Epoch 19: 1240/1641 Loss: 0.506447
2026-08-23 07:26: Train Epoch 19: 1260/1641 Loss: 0.519421
2026-08-23 07:26: Train Epoch 19: 1280/1641 Loss: 0.516051
2026-08-23 07:26: Train Epoch 19: 1300/1641 Loss: 0.483822
2026-08-23 07:26: Train Epoch 19: 1320/1641 Loss: 0.504444
2026-08-23 07:26: Train Epoch 19: 1340/1641 Loss: 0.505778
2026-08-23 07:26: Train Epoch 19: 1360/1641 Loss: 0.525601
2026-08-23 07:26: Train Epoch 19: 1380/1641 Loss: 0.519332
2026-08-23 07:26: Train Epoch 19: 1400/1641 Loss: 0.531347
2026-08-23 07:26: Train Epoch 19: 1420/1641 Loss: 0.527265
2026-08-23 07:26: Train Epoch 19: 1440/1641 Loss: 0.522980
2026-08-23 07:26: Train Epoch 19: 1460/1641 Loss: 0.529961
2026-08-23 07:26: Train Epoch 19: 1480/1641 Loss: 0.494235
2026-08-23 07:26: Train Epoch 19: 1500/1641 Loss: 0.495148
2026-08-23 07:26: Train Epoch 19: 1520/1641 Loss: 0.509669
2026-08-23 07:26: Train Epoch 19: 1540/1641 Loss: 0.501678
2026-08-23 07:26: Train Epoch 19: 1560/1641 Loss: 0.511222
2026-08-23 07:26: Train Epoch 19: 1580/1641 Loss: 0.522007
2026-08-23 07:26: Train Epoch 19: 1600/1641 Loss: 0.510195
2026-08-23 07:26: Train Epoch 19: 1620/1641 Loss: 0.521621
2026-08-23 07:27: Train Epoch 19: 1640/1641 Loss: 0.524884
2026-08-23 07:27: **********Train Epoch 19: averaged Loss: 0.520555, tf_ratio: 1.000000
2026-08-23 07:27: **********Val Epoch 19: average Loss: 0.667330
2026-08-23 07:27: Train Epoch 20: 0/1641 Loss: 0.496405
2026-08-23 07:27: Train Epoch 20: 20/1641 Loss: 0.495393
2026-08-23 07:27: Train Epoch 20: 40/1641 Loss: 0.527441
2026-08-23 07:27: Train Epoch 20: 60/1641 Loss: 0.513078
2026-08-23 07:27: Train Epoch 20: 80/1641 Loss: 0.502417
2026-08-23 07:27: Train Epoch 20: 100/1641 Loss: 0.525258
2026-08-23 07:27: Train Epoch 20: 120/1641 Loss: 0.537465
2026-08-23 07:27: Train Epoch 20: 140/1641 Loss: 0.513753
2026-08-23 07:27: Train Epoch 20: 160/1641 Loss: 0.527403
2026-08-23 07:27: Train Epoch 20: 180/1641 Loss: 0.530224
2026-08-23 07:27: Train Epoch 20: 200/1641 Loss: 0.519301
2026-08-23 07:27: Train Epoch 20: 220/1641 Loss: 0.550364
2026-08-23 07:27: Train Epoch 20: 240/1641 Loss: 0.520315
2026-08-23 07:28: Train Epoch 20: 260/1641 Loss: 0.521778
2026-08-23 07:28: Train Epoch 20: 280/1641 Loss: 0.512464
2026-08-23 07:28: Train Epoch 20: 300/1641 Loss: 0.508641
2026-08-23 07:28: Train Epoch 20: 320/1641 Loss: 0.527560
2026-08-23 07:28: Train Epoch 20: 340/1641 Loss: 0.513671
2026-08-23 07:28: Train Epoch 20: 360/1641 Loss: 0.509599
2026-08-23 07:28: Train Epoch 20: 380/1641 Loss: 0.502117
2026-08-23 07:28: Train Epoch 20: 400/1641 Loss: 0.487107
2026-08-23 07:28: Train Epoch 20: 420/1641 Loss: 0.492101
2026-08-23 07:28: Train Epoch 20: 440/1641 Loss: 0.516716
2026-08-23 07:28: Train Epoch 20: 460/1641 Loss: 0.498979
2026-08-23 07:28: Train Epoch 20: 480/1641 Loss: 0.529406
2026-08-23 07:28: Train Epoch 20: 500/1641 Loss: 0.529766
2026-08-23 07:28: Train Epoch 20: 520/1641 Loss: 0.531923
2026-08-23 07:28: Train Epoch 20: 540/1641 Loss: 0.524487
2026-08-23 07:28: Train Epoch 20: 560/1641 Loss: 0.518244
2026-08-23 07:28: Train Epoch 20: 580/1641 Loss: 0.508343
2026-08-23 07:28: Train Epoch 20: 600/1641 Loss: 0.543185
2026-08-23 07:28: Train Epoch 20: 620/1641 Loss: 0.540561
2026-08-23 07:28: Train Epoch 20: 640/1641 Loss: 0.513460
2026-08-23 07:28: Train Epoch 20: 660/1641 Loss: 0.514953
2026-08-23 07:28: Train Epoch 20: 680/1641 Loss: 0.511928
2026-08-23 07:29: Train Epoch 20: 700/1641 Loss: 0.523220
2026-08-23 07:29: Train Epoch 20: 720/1641 Loss: 0.522119
2026-08-23 07:29: Train Epoch 20: 740/1641 Loss: 0.509907
2026-08-23 07:29: Train Epoch 20: 760/1641 Loss: 0.502071
2026-08-23 07:29: Train Epoch 20: 780/1641 Loss: 0.533144
2026-08-23 07:29: Train Epoch 20: 800/1641 Loss: 0.510475
2026-08-23 07:29: Train Epoch 20: 820/1641 Loss: 0.535292
2026-08-23 07:29: Train Epoch 20: 840/1641 Loss: 0.540321
2026-08-23 07:29: Train Epoch 20: 860/1641 Loss: 0.509947
2026-08-23 07:29: Train Epoch 20: 880/1641 Loss: 0.509296
2026-08-23 07:29: Train Epoch 20: 900/1641 Loss: 0.532005
2026-08-23 07:29: Train Epoch 20: 920/1641 Loss: 0.515344
2026-08-23 07:29: Train Epoch 20: 940/1641 Loss: 0.506436
2026-08-23 07:29: Train Epoch 20: 960/1641 Loss: 0.517453
2026-08-23 07:29: Train Epoch 20: 980/1641 Loss: 0.529186
2026-08-23 07:29: Train Epoch 20: 1000/1641 Loss: 0.526602
2026-08-23 07:29: Train Epoch 20: 1020/1641 Loss: 0.518169
2026-08-23 07:29: Train Epoch 20: 1040/1641 Loss: 0.510784
2026-08-23 07:29: Train Epoch 20: 1060/1641 Loss: 0.523341
2026-08-23 07:29: Train Epoch 20: 1080/1641 Loss: 0.507766
2026-08-23 07:29: Train Epoch 20: 1100/1641 Loss: 0.519220
2026-08-23 07:29: Train Epoch 20: 1120/1641 Loss: 0.523003
2026-08-23 07:30: Train Epoch 20: 1140/1641 Loss: 0.509717
2026-08-23 07:30: Train Epoch 20: 1160/1641 Loss: 0.525474
2026-08-23 07:30: Train Epoch 20: 1180/1641 Loss: 0.479919
2026-08-23 07:30: Train Epoch 20: 1200/1641 Loss: 0.534129
2026-08-23 07:30: Train Epoch 20: 1220/1641 Loss: 0.488388
2026-08-23 07:30: Train Epoch 20: 1240/1641 Loss: 0.515912
2026-08-23 07:30: Train Epoch 20: 1260/1641 Loss: 0.521461
2026-08-23 07:30: Train Epoch 20: 1280/1641 Loss: 0.502805
2026-08-23 07:30: Train Epoch 20: 1300/1641 Loss: 0.499437
2026-08-23 07:30: Train Epoch 20: 1320/1641 Loss: 0.503884
2026-08-23 07:30: Train Epoch 20: 1340/1641 Loss: 0.510355
2026-08-23 07:30: Train Epoch 20: 1360/1641 Loss: 0.518508
2026-08-23 07:30: Train Epoch 20: 1380/1641 Loss: 0.508257
2026-08-23 07:30: Train Epoch 20: 1400/1641 Loss: 0.496718
2026-08-23 07:30: Train Epoch 20: 1420/1641 Loss: 0.508135
2026-08-23 07:30: Train Epoch 20: 1440/1641 Loss: 0.486207
2026-08-23 07:30: Train Epoch 20: 1460/1641 Loss: 0.545949
2026-08-23 07:30: Train Epoch 20: 1480/1641 Loss: 0.532006
2026-08-23 07:30: Train Epoch 20: 1500/1641 Loss: 0.506589
2026-08-23 07:30: Train Epoch 20: 1520/1641 Loss: 0.525518
2026-08-23 07:30: Train Epoch 20: 1540/1641 Loss: 0.523110
2026-08-23 07:30: Train Epoch 20: 1560/1641 Loss: 0.503887
2026-08-23 07:31: Train Epoch 20: 1580/1641 Loss: 0.518173
2026-08-23 07:31: Train Epoch 20: 1600/1641 Loss: 0.533751
2026-08-23 07:31: Train Epoch 20: 1620/1641 Loss: 0.513306
2026-08-23 07:31: Train Epoch 20: 1640/1641 Loss: 0.521647
2026-08-23 07:31: **********Train Epoch 20: averaged Loss: 0.516748, tf_ratio: 1.000000
2026-08-23 07:31: **********Val Epoch 20: average Loss: 0.669390
2026-08-23 07:31: Train Epoch 21: 0/1641 Loss: 0.516395
2026-08-23 07:31: Train Epoch 21: 20/1641 Loss: 0.517966
2026-08-23 07:31: Train Epoch 21: 40/1641 Loss: 0.511097
2026-08-23 07:31: Train Epoch 21: 60/1641 Loss: 0.536535
2026-08-23 07:31: Train Epoch 21: 80/1641 Loss: 0.517811
2026-08-23 07:31: Train Epoch 21: 100/1641 Loss: 0.501362
2026-08-23 07:31: Train Epoch 21: 120/1641 Loss: 0.497348
2026-08-23 07:31: Train Epoch 21: 140/1641 Loss: 0.529242
2026-08-23 07:31: Train Epoch 21: 160/1641 Loss: 0.532860
2026-08-23 07:31: Train Epoch 21: 180/1641 Loss: 0.533538
2026-08-23 07:31: Train Epoch 21: 200/1641 Loss: 0.503882
2026-08-23 07:32: Train Epoch 21: 220/1641 Loss: 0.517096
2026-08-23 07:32: Train Epoch 21: 240/1641 Loss: 0.520951
2026-08-23 07:32: Train Epoch 21: 260/1641 Loss: 0.510786
2026-08-23 07:32: Train Epoch 21: 280/1641 Loss: 0.504655
2026-08-23 07:32: Train Epoch 21: 300/1641 Loss: 0.486649
2026-08-23 07:32: Train Epoch 21: 320/1641 Loss: 0.497717
2026-08-23 07:32: Train Epoch 21: 340/1641 Loss: 0.521595
2026-08-23 07:32: Train Epoch 21: 360/1641 Loss: 0.488723
2026-08-23 07:32: Train Epoch 21: 380/1641 Loss: 0.514553
2026-08-23 07:32: Train Epoch 21: 400/1641 Loss: 0.521729
2026-08-23 07:32: Train Epoch 21: 420/1641 Loss: 0.533465
2026-08-23 07:32: Train Epoch 21: 440/1641 Loss: 0.499088
2026-08-23 07:32: Train Epoch 21: 460/1641 Loss: 0.526863
2026-08-23 07:32: Train Epoch 21: 480/1641 Loss: 0.519244
2026-08-23 07:32: Train Epoch 21: 500/1641 Loss: 0.512903
2026-08-23 07:32: Train Epoch 21: 520/1641 Loss: 0.531492
2026-08-23 07:32: Train Epoch 21: 540/1641 Loss: 0.517674
2026-08-23 07:32: Train Epoch 21: 560/1641 Loss: 0.519286
2026-08-23 07:32: Train Epoch 21: 580/1641 Loss: 0.514460
2026-08-23 07:32: Train Epoch 21: 600/1641 Loss: 0.504050
2026-08-23 07:32: Train Epoch 21: 620/1641 Loss: 0.500683
2026-08-23 07:32: Train Epoch 21: 640/1641 Loss: 0.495748
2026-08-23 07:33: Train Epoch 21: 660/1641 Loss: 0.497277
2026-08-23 07:33: Train Epoch 21: 680/1641 Loss: 0.514929
2026-08-23 07:33: Train Epoch 21: 700/1641 Loss: 0.536754
2026-08-23 07:33: Train Epoch 21: 720/1641 Loss: 0.505112
2026-08-23 07:33: Train Epoch 21: 740/1641 Loss: 0.531723
2026-08-23 07:33: Train Epoch 21: 760/1641 Loss: 0.529055
2026-08-23 07:33: Train Epoch 21: 780/1641 Loss: 0.511658
2026-08-23 07:33: Train Epoch 21: 800/1641 Loss: 0.515602
2026-08-23 07:33: Train Epoch 21: 820/1641 Loss: 0.521286
2026-08-23 07:33: Train Epoch 21: 840/1641 Loss: 0.528585
2026-08-23 07:33: Train Epoch 21: 860/1641 Loss: 0.531023
2026-08-23 07:33: Train Epoch 21: 880/1641 Loss: 0.514630
2026-08-23 07:33: Train Epoch 21: 900/1641 Loss: 0.518655
2026-08-23 07:33: Train Epoch 21: 920/1641 Loss: 0.517009
2026-08-23 07:33: Train Epoch 21: 940/1641 Loss: 0.529033
2026-08-23 07:33: Train Epoch 21: 960/1641 Loss: 0.508991
2026-08-23 07:33: Train Epoch 21: 980/1641 Loss: 0.506363
2026-08-23 07:33: Train Epoch 21: 1000/1641 Loss: 0.508532
2026-08-23 07:33: Train Epoch 21: 1020/1641 Loss: 0.507720
2026-08-23 07:33: Train Epoch 21: 1040/1641 Loss: 0.504860
2026-08-23 07:33: Train Epoch 21: 1060/1641 Loss: 0.518778
2026-08-23 07:33: Train Epoch 21: 1080/1641 Loss: 0.527985
2026-08-23 07:34: Train Epoch 21: 1100/1641 Loss: 0.507612
2026-08-23 07:34: Train Epoch 21: 1120/1641 Loss: 0.516799
2026-08-23 07:34: Train Epoch 21: 1140/1641 Loss: 0.502629
2026-08-23 07:34: Train Epoch 21: 1160/1641 Loss: 0.526413
2026-08-23 07:34: Train Epoch 21: 1180/1641 Loss: 0.499551
2026-08-23 07:34: Train Epoch 21: 1200/1641 Loss: 0.498487
2026-08-23 07:34: Train Epoch 21: 1220/1641 Loss: 0.513349
2026-08-23 07:34: Train Epoch 21: 1240/1641 Loss: 0.524535
2026-08-23 07:34: Train Epoch 21: 1260/1641 Loss: 0.486744
2026-08-23 07:34: Train Epoch 21: 1280/1641 Loss: 0.507734
2026-08-23 07:34: Train Epoch 21: 1300/1641 Loss: 0.525819
2026-08-23 07:34: Train Epoch 21: 1320/1641 Loss: 0.519068
2026-08-23 07:34: Train Epoch 21: 1340/1641 Loss: 0.517121
2026-08-23 07:34: Train Epoch 21: 1360/1641 Loss: 0.513074
2026-08-23 07:34: Train Epoch 21: 1380/1641 Loss: 0.529670
2026-08-23 07:34: Train Epoch 21: 1400/1641 Loss: 0.500101
2026-08-23 07:34: Train Epoch 21: 1420/1641 Loss: 0.521692
2026-08-23 07:34: Train Epoch 21: 1440/1641 Loss: 0.515780
2026-08-23 07:34: Train Epoch 21: 1460/1641 Loss: 0.510755
2026-08-23 07:34: Train Epoch 21: 1480/1641 Loss: 0.508373
2026-08-23 07:34: Train Epoch 21: 1500/1641 Loss: 0.520318
2026-08-23 07:34: Train Epoch 21: 1520/1641 Loss: 0.507964
2026-08-23 07:35: Train Epoch 21: 1540/1641 Loss: 0.509429
2026-08-23 07:35: Train Epoch 21: 1560/1641 Loss: 0.522204
2026-08-23 07:35: Train Epoch 21: 1580/1641 Loss: 0.527201
2026-08-23 07:35: Train Epoch 21: 1600/1641 Loss: 0.500484
2026-08-23 07:35: Train Epoch 21: 1620/1641 Loss: 0.536228
2026-08-23 07:35: Train Epoch 21: 1640/1641 Loss: 0.531771
2026-08-23 07:35: **********Train Epoch 21: averaged Loss: 0.513119, tf_ratio: 1.000000
2026-08-23 07:35: **********Val Epoch 21: average Loss: 0.668626
2026-08-23 07:35: Validation performance didn't improve for 15 epochs. Training stops.
2026-08-23 07:35: Total training time: 85.6389min, best loss: 0.647225
2026-08-23 07:35: Saving current best model to /scratch/chkkar002/Diffusion_Based_STGNNs/RealValue/AGCRN/model/experiments/SAWS/20260823060957/best_model.pth
2026-08-23 07:36: Horizon 01, MAE: 0.40, RMSE: 0.72, MAPE: 376.7589%
2026-08-23 07:36: Horizon 02, MAE: 0.48, RMSE: 0.79, MAPE: 439.7713%
2026-08-23 07:36: Horizon 03, MAE: 0.53, RMSE: 0.82, MAPE: 463.2461%
2026-08-23 07:36: Horizon 04, MAE: 0.56, RMSE: 0.85, MAPE: 486.5492%
2026-08-23 07:36: Horizon 05, MAE: 0.57, RMSE: 0.87, MAPE: 498.2306%
2026-08-23 07:36: Horizon 06, MAE: 0.59, RMSE: 0.88, MAPE: 504.0415%
2026-08-23 07:36: Horizon 07, MAE: 0.60, RMSE: 0.89, MAPE: 508.4188%
2026-08-23 07:36: Horizon 08, MAE: 0.61, RMSE: 0.90, MAPE: 517.8867%
2026-08-23 07:36: Horizon 09, MAE: 0.62, RMSE: 0.90, MAPE: 526.8766%
2026-08-23 07:36: Horizon 10, MAE: 0.62, RMSE: 0.91, MAPE: 533.0837%
2026-08-23 07:36: Horizon 11, MAE: 0.63, RMSE: 0.91, MAPE: 533.5883%
2026-08-23 07:36: Horizon 12, MAE: 0.63, RMSE: 0.91, MAPE: 536.3753%
2026-08-23 07:36: Horizon 13, MAE: 0.64, RMSE: 0.91, MAPE: 535.4700%
2026-08-23 07:36: Horizon 14, MAE: 0.64, RMSE: 0.92, MAPE: 534.2831%
2026-08-23 07:36: Horizon 15, MAE: 0.65, RMSE: 0.92, MAPE: 539.2842%
2026-08-23 07:36: Horizon 16, MAE: 0.65, RMSE: 0.92, MAPE: 541.5919%
2026-08-23 07:36: Horizon 17, MAE: 0.65, RMSE: 0.93, MAPE: 545.1895%
2026-08-23 07:36: Horizon 18, MAE: 0.66, RMSE: 0.93, MAPE: 546.1898%
2026-08-23 07:36: Horizon 19, MAE: 0.66, RMSE: 0.93, MAPE: 543.1606%
2026-08-23 07:36: Horizon 20, MAE: 0.66, RMSE: 0.94, MAPE: 538.5464%
2026-08-23 07:36: Horizon 21, MAE: 0.67, RMSE: 0.94, MAPE: 531.7992%
2026-08-23 07:36: Horizon 22, MAE: 0.67, RMSE: 0.94, MAPE: 534.6534%
2026-08-23 07:36: Horizon 23, MAE: 0.67, RMSE: 0.94, MAPE: 536.4097%
2026-08-23 07:36: Horizon 24, MAE: 0.68, RMSE: 0.94, MAPE: 545.2378%
2026-08-23 07:36: Horizon 25, MAE: 0.69, RMSE: 0.95, MAPE: 554.7133%
2026-08-23 07:36: Horizon 26, MAE: 0.69, RMSE: 0.96, MAPE: 566.0038%
2026-08-23 07:36: Horizon 27, MAE: 0.70, RMSE: 0.97, MAPE: 573.5511%
2026-08-23 07:36: Horizon 28, MAE: 0.70, RMSE: 0.97, MAPE: 558.0896%
2026-08-23 07:36: Horizon 29, MAE: 0.71, RMSE: 0.97, MAPE: 548.4317%
2026-08-23 07:36: Horizon 30, MAE: 0.71, RMSE: 0.97, MAPE: 545.9564%
2026-08-23 07:36: Horizon 31, MAE: 0.71, RMSE: 0.97, MAPE: 541.8196%
2026-08-23 07:36: Horizon 32, MAE: 0.71, RMSE: 0.98, MAPE: 544.5899%
2026-08-23 07:36: Horizon 33, MAE: 0.72, RMSE: 0.98, MAPE: 549.4175%
2026-08-23 07:36: Horizon 34, MAE: 0.72, RMSE: 0.98, MAPE: 547.6125%
2026-08-23 07:36: Horizon 35, MAE: 0.72, RMSE: 0.98, MAPE: 543.8234%
2026-08-23 07:36: Horizon 36, MAE: 0.72, RMSE: 0.98, MAPE: 539.2076%
2026-08-23 07:36: Horizon 37, MAE: 0.72, RMSE: 0.98, MAPE: 544.5225%
2026-08-23 07:36: Horizon 38, MAE: 0.72, RMSE: 0.98, MAPE: 543.6921%
2026-08-23 07:36: Horizon 39, MAE: 0.72, RMSE: 0.98, MAPE: 547.4803%
2026-08-23 07:36: Horizon 40, MAE: 0.72, RMSE: 0.98, MAPE: 550.0894%
2026-08-23 07:36: Horizon 41, MAE: 0.72, RMSE: 0.98, MAPE: 550.4643%
2026-08-23 07:36: Horizon 42, MAE: 0.72, RMSE: 0.98, MAPE: 547.2379%
2026-08-23 07:36: Horizon 43, MAE: 0.73, RMSE: 0.98, MAPE: 547.2929%
2026-08-23 07:36: Horizon 44, MAE: 0.73, RMSE: 0.98, MAPE: 538.9920%
2026-08-23 07:36: Horizon 45, MAE: 0.73, RMSE: 0.98, MAPE: 532.0945%
2026-08-23 07:36: Horizon 46, MAE: 0.73, RMSE: 0.98, MAPE: 531.1528%
2026-08-23 07:36: Horizon 47, MAE: 0.73, RMSE: 0.98, MAPE: 525.7701%
2026-08-23 07:36: Horizon 48, MAE: 0.73, RMSE: 0.98, MAPE: 523.0201%
2026-08-23 07:36: Average Horizon, MAE: 0.67, RMSE: 0.94, MAPE: 531.0768%
2026-08-23 07:36: Horizon 01, MAE: 46.71, RMSE: 84.61, MAPE: 448.7342%
2026-08-23 07:36: Horizon 02, MAE: 56.52, RMSE: 92.15, MAPE: 524.4658%
2026-08-23 07:36: Horizon 03, MAE: 62.13, RMSE: 95.75, MAPE: 441.4000%
2026-08-23 07:36: Horizon 04, MAE: 65.10, RMSE: 99.35, MAPE: 353.3744%
2026-08-23 07:36: Horizon 05, MAE: 67.14, RMSE: 101.56, MAPE: 350.2201%
2026-08-23 07:36: Horizon 06, MAE: 68.88, RMSE: 102.88, MAPE: 363.8034%
2026-08-23 07:36: Horizon 07, MAE: 70.35, RMSE: 103.75, MAPE: 354.2227%
2026-08-23 07:36: Horizon 08, MAE: 71.32, RMSE: 104.66, MAPE: 355.2106%
2026-08-23 07:36: Horizon 09, MAE: 72.08, RMSE: 105.49, MAPE: 353.8815%
2026-08-23 07:36: Horizon 10, MAE: 72.80, RMSE: 106.12, MAPE: 351.0327%
2026-08-23 07:36: Horizon 11, MAE: 73.51, RMSE: 106.47, MAPE: 356.3214%
2026-08-23 07:36: Horizon 12, MAE: 74.18, RMSE: 106.67, MAPE: 366.8023%
2026-08-23 07:36: Horizon 13, MAE: 74.74, RMSE: 106.86, MAPE: 369.2477%
2026-08-23 07:36: Horizon 14, MAE: 75.16, RMSE: 107.17, MAPE: 372.3085%
2026-08-23 07:36: Horizon 15, MAE: 75.54, RMSE: 107.56, MAPE: 357.3019%
2026-08-23 07:36: Horizon 16, MAE: 75.78, RMSE: 107.97, MAPE: 349.1345%
2026-08-23 07:36: Horizon 17, MAE: 76.26, RMSE: 108.30, MAPE: 338.0428%
2026-08-23 07:36: Horizon 18, MAE: 76.70, RMSE: 108.49, MAPE: 335.9911%
2026-08-23 07:36: Horizon 19, MAE: 76.97, RMSE: 108.84, MAPE: 328.7320%
2026-08-23 07:36: Horizon 20, MAE: 77.27, RMSE: 109.25, MAPE: 322.0488%
2026-08-23 07:36: Horizon 21, MAE: 77.74, RMSE: 109.49, MAPE: 338.2834%
2026-08-23 07:36: Horizon 22, MAE: 78.21, RMSE: 109.76, MAPE: 355.9148%
2026-08-23 07:36: Horizon 23, MAE: 78.74, RMSE: 109.89, MAPE: 389.7423%
2026-08-23 07:36: Horizon 24, MAE: 79.43, RMSE: 110.29, MAPE: 397.4989%
2026-08-23 07:36: Horizon 25, MAE: 80.18, RMSE: 110.99, MAPE: 415.9209%
2026-08-23 07:36: Horizon 26, MAE: 80.80, RMSE: 111.98, MAPE: 384.3462%
2026-08-23 07:36: Horizon 27, MAE: 81.47, RMSE: 112.85, MAPE: 360.1397%
2026-08-23 07:36: Horizon 28, MAE: 82.00, RMSE: 113.07, MAPE: 346.2346%
2026-08-23 07:36: Horizon 29, MAE: 82.46, RMSE: 113.30, MAPE: 314.1793%
2026-08-23 07:36: Horizon 30, MAE: 82.81, RMSE: 113.59, MAPE: 301.5418%
2026-08-23 07:36: Horizon 31, MAE: 83.09, RMSE: 113.75, MAPE: 293.7533%
2026-08-23 07:36: Horizon 32, MAE: 83.41, RMSE: 114.10, MAPE: 291.6824%
2026-08-23 07:36: Horizon 33, MAE: 83.63, RMSE: 114.58, MAPE: 284.7741%
2026-08-23 07:36: Horizon 34, MAE: 83.91, RMSE: 114.57, MAPE: 288.3450%
2026-08-23 07:36: Horizon 35, MAE: 84.10, RMSE: 114.34, MAPE: 290.6923%
2026-08-23 07:36: Horizon 36, MAE: 84.23, RMSE: 114.08, MAPE: 294.5282%
2026-08-23 07:36: Horizon 37, MAE: 84.38, RMSE: 114.15, MAPE: 301.0128%
2026-08-23 07:36: Horizon 38, MAE: 84.54, RMSE: 114.00, MAPE: 316.1212%
2026-08-23 07:36: Horizon 39, MAE: 84.54, RMSE: 114.09, MAPE: 326.1347%
2026-08-23 07:36: Horizon 40, MAE: 84.47, RMSE: 114.26, MAPE: 325.7686%
2026-08-23 07:36: Horizon 41, MAE: 84.55, RMSE: 114.20, MAPE: 326.3979%
2026-08-23 07:36: Horizon 42, MAE: 84.62, RMSE: 114.17, MAPE: 314.8686%
2026-08-23 07:36: Horizon 43, MAE: 84.71, RMSE: 114.19, MAPE: 317.4279%
2026-08-23 07:36: Horizon 44, MAE: 84.79, RMSE: 114.28, MAPE: 311.3863%
2026-08-23 07:36: Horizon 45, MAE: 84.82, RMSE: 114.27, MAPE: 321.6280%
2026-08-23 07:36: Horizon 46, MAE: 84.74, RMSE: 114.44, MAPE: 329.2144%
2026-08-23 07:36: Horizon 47, MAE: 84.73, RMSE: 114.51, MAPE: 331.4130%
2026-08-23 07:36: Horizon 48, MAE: 85.09, RMSE: 114.36, MAPE: 339.7359%
2026-08-23 07:36: Average Horizon, MAE: 77.74, RMSE: 109.46, MAPE: 345.8527%
2026-08-23 07:36: VPT (threshold=0.50): mean=0.27 steps, median=0.00, std=0.58, range=[0, 7]
