2026-08-18 00:01: Experiment log path in: /scratch/chkkar002/Diffusion_Based_STGNNs/AGCRN/model/experiments/SAWS/trial10_20260818000157
2026-08-18 00:01: Train Epoch 1: 0/1641 Loss: 0.900793
2026-08-18 00:02: Train Epoch 1: 20/1641 Loss: 0.919067
2026-08-18 00:02: Train Epoch 1: 40/1641 Loss: 0.817374
2026-08-18 00:02: Train Epoch 1: 60/1641 Loss: 0.769725
2026-08-18 00:02: Train Epoch 1: 80/1641 Loss: 0.748348
2026-08-18 00:02: Train Epoch 1: 100/1641 Loss: 0.692337
2026-08-18 00:02: Train Epoch 1: 120/1641 Loss: 0.674036
2026-08-18 00:02: Train Epoch 1: 140/1641 Loss: 0.637225
2026-08-18 00:02: Train Epoch 1: 160/1641 Loss: 0.682433
2026-08-18 00:02: Train Epoch 1: 180/1641 Loss: 0.660091
2026-08-18 00:02: Train Epoch 1: 200/1641 Loss: 0.593947
2026-08-18 00:02: Train Epoch 1: 220/1641 Loss: 0.642769
2026-08-18 00:02: Train Epoch 1: 240/1641 Loss: 0.643164
2026-08-18 00:02: Train Epoch 1: 260/1641 Loss: 0.631664
2026-08-18 00:02: Train Epoch 1: 280/1641 Loss: 0.599252
2026-08-18 00:02: Train Epoch 1: 300/1641 Loss: 0.617972
2026-08-18 00:02: Train Epoch 1: 320/1641 Loss: 0.641018
2026-08-18 00:02: Train Epoch 1: 340/1641 Loss: 0.638195
2026-08-18 00:02: Train Epoch 1: 360/1641 Loss: 0.597770
2026-08-18 00:02: Train Epoch 1: 380/1641 Loss: 0.589897
2026-08-18 00:02: Train Epoch 1: 400/1641 Loss: 0.619598
2026-08-18 00:02: Train Epoch 1: 420/1641 Loss: 0.605926
2026-08-18 00:02: Train Epoch 1: 440/1641 Loss: 0.580890
2026-08-18 00:03: Train Epoch 1: 460/1641 Loss: 0.546163
2026-08-18 00:03: Train Epoch 1: 480/1641 Loss: 0.450616
2026-08-18 00:03: Train Epoch 1: 500/1641 Loss: 0.436459
2026-08-18 00:03: Train Epoch 1: 520/1641 Loss: 0.447484
2026-08-18 00:03: Train Epoch 1: 540/1641 Loss: 0.434204
2026-08-18 00:03: Train Epoch 1: 560/1641 Loss: 0.461073
2026-08-18 00:03: Train Epoch 1: 580/1641 Loss: 0.437999
2026-08-18 00:03: Train Epoch 1: 600/1641 Loss: 0.410541
2026-08-18 00:03: Train Epoch 1: 620/1641 Loss: 0.435083
2026-08-18 00:03: Train Epoch 1: 640/1641 Loss: 0.408736
2026-08-18 00:03: Train Epoch 1: 660/1641 Loss: 0.418150
2026-08-18 00:03: Train Epoch 1: 680/1641 Loss: 0.374762
2026-08-18 00:03: Train Epoch 1: 700/1641 Loss: 0.434649
2026-08-18 00:03: Train Epoch 1: 720/1641 Loss: 0.401212
2026-08-18 00:03: Train Epoch 1: 740/1641 Loss: 0.371252
2026-08-18 00:03: Train Epoch 1: 760/1641 Loss: 0.406196
2026-08-18 00:03: Train Epoch 1: 780/1641 Loss: 0.409967
2026-08-18 00:03: Train Epoch 1: 800/1641 Loss: 0.411706
2026-08-18 00:03: Train Epoch 1: 820/1641 Loss: 0.378258
2026-08-18 00:03: Train Epoch 1: 840/1641 Loss: 0.397231
2026-08-18 00:03: Train Epoch 1: 860/1641 Loss: 0.383202
2026-08-18 00:03: Train Epoch 1: 880/1641 Loss: 0.379708
2026-08-18 00:04: Train Epoch 1: 900/1641 Loss: 0.386822
2026-08-18 00:04: Train Epoch 1: 920/1641 Loss: 0.395847
2026-08-18 00:04: Train Epoch 1: 940/1641 Loss: 0.387040
2026-08-18 00:04: Train Epoch 1: 960/1641 Loss: 0.386647
2026-08-18 00:04: Train Epoch 1: 980/1641 Loss: 0.405519
2026-08-18 00:04: Train Epoch 1: 1000/1641 Loss: 0.399828
2026-08-18 00:04: Train Epoch 1: 1020/1641 Loss: 0.395817
2026-08-18 00:04: Train Epoch 1: 1040/1641 Loss: 0.386920
2026-08-18 00:04: Train Epoch 1: 1060/1641 Loss: 0.388986
2026-08-18 00:04: Train Epoch 1: 1080/1641 Loss: 0.394130
2026-08-18 00:04: Train Epoch 1: 1100/1641 Loss: 0.367586
2026-08-18 00:04: Train Epoch 1: 1120/1641 Loss: 0.340151
2026-08-18 00:04: Train Epoch 1: 1140/1641 Loss: 0.391660
2026-08-18 00:04: Train Epoch 1: 1160/1641 Loss: 0.382692
2026-08-18 00:04: Train Epoch 1: 1180/1641 Loss: 0.389320
2026-08-18 00:04: Train Epoch 1: 1200/1641 Loss: 0.364029
2026-08-18 00:04: Train Epoch 1: 1220/1641 Loss: 0.375343
2026-08-18 00:04: Train Epoch 1: 1240/1641 Loss: 0.387220
2026-08-18 00:04: Train Epoch 1: 1260/1641 Loss: 0.380374
2026-08-18 00:04: Train Epoch 1: 1280/1641 Loss: 0.406206
2026-08-18 00:04: Train Epoch 1: 1300/1641 Loss: 0.387093
2026-08-18 00:04: Train Epoch 1: 1320/1641 Loss: 0.358475
2026-08-18 00:04: Train Epoch 1: 1340/1641 Loss: 0.368140
2026-08-18 00:05: Train Epoch 1: 1360/1641 Loss: 0.373124
2026-08-18 00:05: Train Epoch 1: 1380/1641 Loss: 0.366497
2026-08-18 00:05: Train Epoch 1: 1400/1641 Loss: 0.361431
2026-08-18 00:05: Train Epoch 1: 1420/1641 Loss: 0.391934
2026-08-18 00:05: Train Epoch 1: 1440/1641 Loss: 0.353342
2026-08-18 00:05: Train Epoch 1: 1460/1641 Loss: 0.354321
2026-08-18 00:05: Train Epoch 1: 1480/1641 Loss: 0.366217
2026-08-18 00:05: Train Epoch 1: 1500/1641 Loss: 0.376770
2026-08-18 00:05: Train Epoch 1: 1520/1641 Loss: 0.332756
2026-08-18 00:05: Train Epoch 1: 1540/1641 Loss: 0.387092
2026-08-18 00:05: Train Epoch 1: 1560/1641 Loss: 0.349775
2026-08-18 00:05: Train Epoch 1: 1580/1641 Loss: 0.355633
2026-08-18 00:05: Train Epoch 1: 1600/1641 Loss: 0.380663
2026-08-18 00:05: Train Epoch 1: 1620/1641 Loss: 0.336096
2026-08-18 00:05: Train Epoch 1: 1640/1641 Loss: 0.349379
2026-08-18 00:05: **********Train Epoch 1: averaged Loss: 0.471503, tf_ratio: 1.000000
2026-08-18 00:05: **********Val Epoch 1: average Loss: 0.360529
2026-08-18 00:05: *********************************Current best model saved!
2026-08-18 00:05: Train Epoch 2: 0/1641 Loss: 0.352569
2026-08-18 00:06: Train Epoch 2: 20/1641 Loss: 0.353512
2026-08-18 00:06: Train Epoch 2: 40/1641 Loss: 0.363658
2026-08-18 00:06: Train Epoch 2: 60/1641 Loss: 0.359433
2026-08-18 00:06: Train Epoch 2: 80/1641 Loss: 0.348399
2026-08-18 00:06: Train Epoch 2: 100/1641 Loss: 0.363681
2026-08-18 00:06: Train Epoch 2: 120/1641 Loss: 0.378423
2026-08-18 00:06: Train Epoch 2: 140/1641 Loss: 0.350283
2026-08-18 00:06: Train Epoch 2: 160/1641 Loss: 0.389736
2026-08-18 00:06: Train Epoch 2: 180/1641 Loss: 0.354193
2026-08-18 00:06: Train Epoch 2: 200/1641 Loss: 0.368743
2026-08-18 00:06: Train Epoch 2: 220/1641 Loss: 0.378914
2026-08-18 00:06: Train Epoch 2: 240/1641 Loss: 0.342298
2026-08-18 00:06: Train Epoch 2: 260/1641 Loss: 0.337772
2026-08-18 00:06: Train Epoch 2: 280/1641 Loss: 0.385406
2026-08-18 00:06: Train Epoch 2: 300/1641 Loss: 0.377629
2026-08-18 00:06: Train Epoch 2: 320/1641 Loss: 0.356263
2026-08-18 00:06: Train Epoch 2: 340/1641 Loss: 0.348649
2026-08-18 00:06: Train Epoch 2: 360/1641 Loss: 0.340596
2026-08-18 00:06: Train Epoch 2: 380/1641 Loss: 0.318661
2026-08-18 00:06: Train Epoch 2: 400/1641 Loss: 0.366560
2026-08-18 00:06: Train Epoch 2: 420/1641 Loss: 0.344923
2026-08-18 00:06: Train Epoch 2: 440/1641 Loss: 0.363132
2026-08-18 00:07: Train Epoch 2: 460/1641 Loss: 0.317276
2026-08-18 00:07: Train Epoch 2: 480/1641 Loss: 0.383087
2026-08-18 00:07: Train Epoch 2: 500/1641 Loss: 0.333989
2026-08-18 00:07: Train Epoch 2: 520/1641 Loss: 0.358963
2026-08-18 00:07: Train Epoch 2: 540/1641 Loss: 0.366231
2026-08-18 00:07: Train Epoch 2: 560/1641 Loss: 0.408163
2026-08-18 00:07: Train Epoch 2: 580/1641 Loss: 0.317592
2026-08-18 00:07: Train Epoch 2: 600/1641 Loss: 0.355605
2026-08-18 00:07: Train Epoch 2: 620/1641 Loss: 0.341881
2026-08-18 00:07: Train Epoch 2: 640/1641 Loss: 0.351598
2026-08-18 00:07: Train Epoch 2: 660/1641 Loss: 0.357274
2026-08-18 00:07: Train Epoch 2: 680/1641 Loss: 0.327530
2026-08-18 00:07: Train Epoch 2: 700/1641 Loss: 0.327474
2026-08-18 00:07: Train Epoch 2: 720/1641 Loss: 0.352006
2026-08-18 00:07: Train Epoch 2: 740/1641 Loss: 0.323642
2026-08-18 00:07: Train Epoch 2: 760/1641 Loss: 0.359063
2026-08-18 00:07: Train Epoch 2: 780/1641 Loss: 0.334193
2026-08-18 00:07: Train Epoch 2: 800/1641 Loss: 0.367823
2026-08-18 00:07: Train Epoch 2: 820/1641 Loss: 0.347049
2026-08-18 00:07: Train Epoch 2: 840/1641 Loss: 0.350114
2026-08-18 00:07: Train Epoch 2: 860/1641 Loss: 0.326981
2026-08-18 00:07: Train Epoch 2: 880/1641 Loss: 0.342710
2026-08-18 00:07: Train Epoch 2: 900/1641 Loss: 0.334099
2026-08-18 00:08: Train Epoch 2: 920/1641 Loss: 0.324774
2026-08-18 00:08: Train Epoch 2: 940/1641 Loss: 0.360770
2026-08-18 00:08: Train Epoch 2: 960/1641 Loss: 0.348990
2026-08-18 00:08: Train Epoch 2: 980/1641 Loss: 0.333833
2026-08-18 00:08: Train Epoch 2: 1000/1641 Loss: 0.314260
2026-08-18 00:08: Train Epoch 2: 1020/1641 Loss: 0.322572
2026-08-18 00:08: Train Epoch 2: 1040/1641 Loss: 0.362221
2026-08-18 00:08: Train Epoch 2: 1060/1641 Loss: 0.337976
2026-08-18 00:08: Train Epoch 2: 1080/1641 Loss: 0.362900
2026-08-18 00:08: Train Epoch 2: 1100/1641 Loss: 0.365862
2026-08-18 00:08: Train Epoch 2: 1120/1641 Loss: 0.364987
2026-08-18 00:08: Train Epoch 2: 1140/1641 Loss: 0.371158
2026-08-18 00:08: Train Epoch 2: 1160/1641 Loss: 0.335559
2026-08-18 00:08: Train Epoch 2: 1180/1641 Loss: 0.358558
2026-08-18 00:08: Train Epoch 2: 1200/1641 Loss: 0.329890
2026-08-18 00:08: Train Epoch 2: 1220/1641 Loss: 0.335795
2026-08-18 00:08: Train Epoch 2: 1240/1641 Loss: 0.327400
2026-08-18 00:08: Train Epoch 2: 1260/1641 Loss: 0.346343
2026-08-18 00:08: Train Epoch 2: 1280/1641 Loss: 0.334209
2026-08-18 00:08: Train Epoch 2: 1300/1641 Loss: 0.312084
2026-08-18 00:08: Train Epoch 2: 1320/1641 Loss: 0.324445
2026-08-18 00:08: Train Epoch 2: 1340/1641 Loss: 0.340464
2026-08-18 00:08: Train Epoch 2: 1360/1641 Loss: 0.347808
2026-08-18 00:09: Train Epoch 2: 1380/1641 Loss: 0.347593
2026-08-18 00:09: Train Epoch 2: 1400/1641 Loss: 0.308837
2026-08-18 00:09: Train Epoch 2: 1420/1641 Loss: 0.349501
2026-08-18 00:09: Train Epoch 2: 1440/1641 Loss: 0.341408
2026-08-18 00:09: Train Epoch 2: 1460/1641 Loss: 0.341199
2026-08-18 00:09: Train Epoch 2: 1480/1641 Loss: 0.341954
2026-08-18 00:09: Train Epoch 2: 1500/1641 Loss: 0.330797
2026-08-18 00:09: Train Epoch 2: 1520/1641 Loss: 0.339324
2026-08-18 00:09: Train Epoch 2: 1540/1641 Loss: 0.324907
2026-08-18 00:09: Train Epoch 2: 1560/1641 Loss: 0.324510
2026-08-18 00:09: Train Epoch 2: 1580/1641 Loss: 0.385360
2026-08-18 00:09: Train Epoch 2: 1600/1641 Loss: 0.331596
2026-08-18 00:09: Train Epoch 2: 1620/1641 Loss: 0.329144
2026-08-18 00:09: Train Epoch 2: 1640/1641 Loss: 0.331241
2026-08-18 00:09: **********Train Epoch 2: averaged Loss: 0.348167, tf_ratio: 1.000000
2026-08-18 00:09: **********Val Epoch 2: average Loss: 0.336589
2026-08-18 00:09: *********************************Current best model saved!
2026-08-18 00:09: Train Epoch 3: 0/1641 Loss: 0.326807
2026-08-18 00:09: Train Epoch 3: 20/1641 Loss: 0.333021
2026-08-18 00:10: Train Epoch 3: 40/1641 Loss: 0.322170
2026-08-18 00:10: Train Epoch 3: 60/1641 Loss: 0.321554
2026-08-18 00:10: Train Epoch 3: 80/1641 Loss: 0.332915
2026-08-18 00:10: Train Epoch 3: 100/1641 Loss: 0.324748
2026-08-18 00:10: Train Epoch 3: 120/1641 Loss: 0.345079
2026-08-18 00:10: Train Epoch 3: 140/1641 Loss: 0.355619
2026-08-18 00:10: Train Epoch 3: 160/1641 Loss: 0.327828
2026-08-18 00:10: Train Epoch 3: 180/1641 Loss: 0.333190
2026-08-18 00:10: Train Epoch 3: 200/1641 Loss: 0.381370
2026-08-18 00:10: Train Epoch 3: 220/1641 Loss: 0.307689
2026-08-18 00:10: Train Epoch 3: 240/1641 Loss: 0.339992
2026-08-18 00:10: Train Epoch 3: 260/1641 Loss: 0.345921
2026-08-18 00:10: Train Epoch 3: 280/1641 Loss: 0.308702
2026-08-18 00:10: Train Epoch 3: 300/1641 Loss: 0.348253
2026-08-18 00:10: Train Epoch 3: 320/1641 Loss: 0.327410
2026-08-18 00:10: Train Epoch 3: 340/1641 Loss: 0.338654
2026-08-18 00:10: Train Epoch 3: 360/1641 Loss: 0.360562
2026-08-18 00:10: Train Epoch 3: 380/1641 Loss: 0.317183
2026-08-18 00:10: Train Epoch 3: 400/1641 Loss: 0.330698
2026-08-18 00:10: Train Epoch 3: 420/1641 Loss: 0.337456
2026-08-18 00:10: Train Epoch 3: 440/1641 Loss: 0.357811
2026-08-18 00:10: Train Epoch 3: 460/1641 Loss: 0.373276
2026-08-18 00:11: Train Epoch 3: 480/1641 Loss: 0.322134
2026-08-18 00:11: Train Epoch 3: 500/1641 Loss: 0.337736
2026-08-18 00:11: Train Epoch 3: 520/1641 Loss: 0.311376
2026-08-18 00:11: Train Epoch 3: 540/1641 Loss: 0.352595
2026-08-18 00:11: Train Epoch 3: 560/1641 Loss: 0.327613
2026-08-18 00:11: Train Epoch 3: 580/1641 Loss: 0.329529
2026-08-18 00:11: Train Epoch 3: 600/1641 Loss: 0.323213
2026-08-18 00:11: Train Epoch 3: 620/1641 Loss: 0.341142
2026-08-18 00:11: Train Epoch 3: 640/1641 Loss: 0.340103
2026-08-18 00:11: Train Epoch 3: 660/1641 Loss: 0.337751
2026-08-18 00:11: Train Epoch 3: 680/1641 Loss: 0.319515
2026-08-18 00:11: Train Epoch 3: 700/1641 Loss: 0.336470
2026-08-18 00:11: Train Epoch 3: 720/1641 Loss: 0.323175
2026-08-18 00:11: Train Epoch 3: 740/1641 Loss: 0.334483
2026-08-18 00:11: Train Epoch 3: 760/1641 Loss: 0.332717
2026-08-18 00:11: Train Epoch 3: 780/1641 Loss: 0.367972
2026-08-18 00:11: Train Epoch 3: 800/1641 Loss: 0.330458
2026-08-18 00:11: Train Epoch 3: 820/1641 Loss: 0.338640
2026-08-18 00:11: Train Epoch 3: 840/1641 Loss: 0.330713
2026-08-18 00:11: Train Epoch 3: 860/1641 Loss: 0.311827
2026-08-18 00:11: Train Epoch 3: 880/1641 Loss: 0.312027
2026-08-18 00:11: Train Epoch 3: 900/1641 Loss: 0.324428
2026-08-18 00:11: Train Epoch 3: 920/1641 Loss: 0.308636
2026-08-18 00:12: Train Epoch 3: 940/1641 Loss: 0.364345
2026-08-18 00:12: Train Epoch 3: 960/1641 Loss: 0.351550
2026-08-18 00:12: Train Epoch 3: 980/1641 Loss: 0.330648
2026-08-18 00:12: Train Epoch 3: 1000/1641 Loss: 0.333161
2026-08-18 00:12: Train Epoch 3: 1020/1641 Loss: 0.352043
2026-08-18 00:12: Train Epoch 3: 1040/1641 Loss: 0.366285
2026-08-18 00:12: Train Epoch 3: 1060/1641 Loss: 0.318963
2026-08-18 00:12: Train Epoch 3: 1080/1641 Loss: 0.331223
2026-08-18 00:12: Train Epoch 3: 1100/1641 Loss: 0.326717
2026-08-18 00:12: Train Epoch 3: 1120/1641 Loss: 0.342482
2026-08-18 00:12: Train Epoch 3: 1140/1641 Loss: 0.332001
2026-08-18 00:12: Train Epoch 3: 1160/1641 Loss: 0.337365
2026-08-18 00:12: Train Epoch 3: 1180/1641 Loss: 0.308527
2026-08-18 00:12: Train Epoch 3: 1200/1641 Loss: 0.353454
2026-08-18 00:12: Train Epoch 3: 1220/1641 Loss: 0.324993
2026-08-18 00:12: Train Epoch 3: 1240/1641 Loss: 0.321975
2026-08-18 00:12: Train Epoch 3: 1260/1641 Loss: 0.330740
2026-08-18 00:12: Train Epoch 3: 1280/1641 Loss: 0.358318
2026-08-18 00:12: Train Epoch 3: 1300/1641 Loss: 0.334467
2026-08-18 00:12: Train Epoch 3: 1320/1641 Loss: 0.336838
2026-08-18 00:13: Train Epoch 3: 1340/1641 Loss: 0.342208
2026-08-18 00:13: Train Epoch 3: 1360/1641 Loss: 0.305916
2026-08-18 00:13: Train Epoch 3: 1380/1641 Loss: 0.346259
2026-08-18 00:13: Train Epoch 3: 1400/1641 Loss: 0.325406
2026-08-18 00:13: Train Epoch 3: 1420/1641 Loss: 0.309950
2026-08-18 00:13: Train Epoch 3: 1440/1641 Loss: 0.325870
2026-08-18 00:13: Train Epoch 3: 1460/1641 Loss: 0.321739
2026-08-18 00:13: Train Epoch 3: 1480/1641 Loss: 0.334657
2026-08-18 00:13: Train Epoch 3: 1500/1641 Loss: 0.309981
2026-08-18 00:13: Train Epoch 3: 1520/1641 Loss: 0.329647
2026-08-18 00:13: Train Epoch 3: 1540/1641 Loss: 0.334483
2026-08-18 00:13: Train Epoch 3: 1560/1641 Loss: 0.321320
2026-08-18 00:13: Train Epoch 3: 1580/1641 Loss: 0.320132
2026-08-18 00:13: Train Epoch 3: 1600/1641 Loss: 0.299524
2026-08-18 00:13: Train Epoch 3: 1620/1641 Loss: 0.338350
2026-08-18 00:13: Train Epoch 3: 1640/1641 Loss: 0.328768
2026-08-18 00:13: **********Train Epoch 3: averaged Loss: 0.333004, tf_ratio: 1.000000
2026-08-18 00:14: **********Val Epoch 3: average Loss: 0.325592
2026-08-18 00:14: *********************************Current best model saved!
2026-08-18 00:14: Train Epoch 4: 0/1641 Loss: 0.316712
2026-08-18 00:14: Train Epoch 4: 20/1641 Loss: 0.320636
2026-08-18 00:14: Train Epoch 4: 40/1641 Loss: 0.336372
2026-08-18 00:14: Train Epoch 4: 60/1641 Loss: 0.328075
2026-08-18 00:14: Train Epoch 4: 80/1641 Loss: 0.319232
2026-08-18 00:14: Train Epoch 4: 100/1641 Loss: 0.308248
2026-08-18 00:14: Train Epoch 4: 120/1641 Loss: 0.321977
2026-08-18 00:14: Train Epoch 4: 140/1641 Loss: 0.326966
2026-08-18 00:14: Train Epoch 4: 160/1641 Loss: 0.312662
2026-08-18 00:14: Train Epoch 4: 180/1641 Loss: 0.323229
2026-08-18 00:14: Train Epoch 4: 200/1641 Loss: 0.321401
2026-08-18 00:14: Train Epoch 4: 220/1641 Loss: 0.310128
2026-08-18 00:14: Train Epoch 4: 240/1641 Loss: 0.312202
2026-08-18 00:14: Train Epoch 4: 260/1641 Loss: 0.326043
2026-08-18 00:14: Train Epoch 4: 280/1641 Loss: 0.367410
2026-08-18 00:14: Train Epoch 4: 300/1641 Loss: 0.319991
2026-08-18 00:14: Train Epoch 4: 320/1641 Loss: 0.345919
2026-08-18 00:14: Train Epoch 4: 340/1641 Loss: 0.312931
2026-08-18 00:14: Train Epoch 4: 360/1641 Loss: 0.331907
2026-08-18 00:15: Train Epoch 4: 380/1641 Loss: 0.316472
2026-08-18 00:15: Train Epoch 4: 400/1641 Loss: 0.302477
2026-08-18 00:15: Train Epoch 4: 420/1641 Loss: 0.351926
2026-08-18 00:15: Train Epoch 4: 440/1641 Loss: 0.315650
2026-08-18 00:15: Train Epoch 4: 460/1641 Loss: 0.322114
2026-08-18 00:15: Train Epoch 4: 480/1641 Loss: 0.313864
2026-08-18 00:15: Train Epoch 4: 500/1641 Loss: 0.316162
2026-08-18 00:15: Train Epoch 4: 520/1641 Loss: 0.319438
2026-08-18 00:15: Train Epoch 4: 540/1641 Loss: 0.315604
2026-08-18 00:15: Train Epoch 4: 560/1641 Loss: 0.335778
2026-08-18 00:15: Train Epoch 4: 580/1641 Loss: 0.313981
2026-08-18 00:15: Train Epoch 4: 600/1641 Loss: 0.324651
2026-08-18 00:15: Train Epoch 4: 620/1641 Loss: 0.316370
2026-08-18 00:15: Train Epoch 4: 640/1641 Loss: 0.314124
2026-08-18 00:15: Train Epoch 4: 660/1641 Loss: 0.320028
2026-08-18 00:15: Train Epoch 4: 680/1641 Loss: 0.321864
2026-08-18 00:15: Train Epoch 4: 700/1641 Loss: 0.303367
2026-08-18 00:15: Train Epoch 4: 720/1641 Loss: 0.328762
2026-08-18 00:15: Train Epoch 4: 740/1641 Loss: 0.319854
2026-08-18 00:15: Train Epoch 4: 760/1641 Loss: 0.310355
2026-08-18 00:15: Train Epoch 4: 780/1641 Loss: 0.310293
2026-08-18 00:16: Train Epoch 4: 800/1641 Loss: 0.310153
2026-08-18 00:16: Train Epoch 4: 820/1641 Loss: 0.319658
2026-08-18 00:16: Train Epoch 4: 840/1641 Loss: 0.350855
2026-08-18 00:16: Train Epoch 4: 860/1641 Loss: 0.312482
2026-08-18 00:16: Train Epoch 4: 880/1641 Loss: 0.333508
2026-08-18 00:16: Train Epoch 4: 900/1641 Loss: 0.323727
2026-08-18 00:16: Train Epoch 4: 920/1641 Loss: 0.299650
2026-08-18 00:16: Train Epoch 4: 940/1641 Loss: 0.326720
2026-08-18 00:16: Train Epoch 4: 960/1641 Loss: 0.297405
2026-08-18 00:16: Train Epoch 4: 980/1641 Loss: 0.328270
2026-08-18 00:16: Train Epoch 4: 1000/1641 Loss: 0.342396
2026-08-18 00:16: Train Epoch 4: 1020/1641 Loss: 0.302415
2026-08-18 00:16: Train Epoch 4: 1040/1641 Loss: 0.348349
2026-08-18 00:16: Train Epoch 4: 1060/1641 Loss: 0.335294
2026-08-18 00:16: Train Epoch 4: 1080/1641 Loss: 0.330620
2026-08-18 00:16: Train Epoch 4: 1100/1641 Loss: 0.349567
2026-08-18 00:16: Train Epoch 4: 1120/1641 Loss: 0.315759
2026-08-18 00:16: Train Epoch 4: 1140/1641 Loss: 0.334846
2026-08-18 00:16: Train Epoch 4: 1160/1641 Loss: 0.311441
2026-08-18 00:16: Train Epoch 4: 1180/1641 Loss: 0.327678
2026-08-18 00:16: Train Epoch 4: 1200/1641 Loss: 0.337338
2026-08-18 00:16: Train Epoch 4: 1220/1641 Loss: 0.346889
2026-08-18 00:16: Train Epoch 4: 1240/1641 Loss: 0.314568
2026-08-18 00:17: Train Epoch 4: 1260/1641 Loss: 0.307607
2026-08-18 00:17: Train Epoch 4: 1280/1641 Loss: 0.314771
2026-08-18 00:17: Train Epoch 4: 1300/1641 Loss: 0.321196
2026-08-18 00:17: Train Epoch 4: 1320/1641 Loss: 0.325220
2026-08-18 00:17: Train Epoch 4: 1340/1641 Loss: 0.325752
2026-08-18 00:17: Train Epoch 4: 1360/1641 Loss: 0.325116
2026-08-18 00:17: Train Epoch 4: 1380/1641 Loss: 0.325277
2026-08-18 00:17: Train Epoch 4: 1400/1641 Loss: 0.338805
2026-08-18 00:17: Train Epoch 4: 1420/1641 Loss: 0.329686
2026-08-18 00:17: Train Epoch 4: 1440/1641 Loss: 0.338663
2026-08-18 00:17: Train Epoch 4: 1460/1641 Loss: 0.289861
2026-08-18 00:17: Train Epoch 4: 1480/1641 Loss: 0.317071
2026-08-18 00:17: Train Epoch 4: 1500/1641 Loss: 0.309579
2026-08-18 00:17: Train Epoch 4: 1520/1641 Loss: 0.309625
2026-08-18 00:17: Train Epoch 4: 1540/1641 Loss: 0.335066
2026-08-18 00:17: Train Epoch 4: 1560/1641 Loss: 0.307168
2026-08-18 00:17: Train Epoch 4: 1580/1641 Loss: 0.322959
2026-08-18 00:17: Train Epoch 4: 1600/1641 Loss: 0.337667
2026-08-18 00:17: Train Epoch 4: 1620/1641 Loss: 0.306858
2026-08-18 00:17: Train Epoch 4: 1640/1641 Loss: 0.331526
2026-08-18 00:17: **********Train Epoch 4: averaged Loss: 0.324864, tf_ratio: 1.000000
2026-08-18 00:18: **********Val Epoch 4: average Loss: 0.323466
2026-08-18 00:18: *********************************Current best model saved!
2026-08-18 00:18: Train Epoch 5: 0/1641 Loss: 0.327507
2026-08-18 00:18: Train Epoch 5: 20/1641 Loss: 0.328333
2026-08-18 00:18: Train Epoch 5: 40/1641 Loss: 0.299482
2026-08-18 00:18: Train Epoch 5: 60/1641 Loss: 0.314322
2026-08-18 00:18: Train Epoch 5: 80/1641 Loss: 0.336100
2026-08-18 00:18: Train Epoch 5: 100/1641 Loss: 0.315505
2026-08-18 00:18: Train Epoch 5: 120/1641 Loss: 0.324263
2026-08-18 00:18: Train Epoch 5: 140/1641 Loss: 0.304923
2026-08-18 00:18: Train Epoch 5: 160/1641 Loss: 0.337583
2026-08-18 00:18: Train Epoch 5: 180/1641 Loss: 0.321795
2026-08-18 00:18: Train Epoch 5: 200/1641 Loss: 0.343439
2026-08-18 00:18: Train Epoch 5: 220/1641 Loss: 0.353494
2026-08-18 00:18: Train Epoch 5: 240/1641 Loss: 0.318890
2026-08-18 00:18: Train Epoch 5: 260/1641 Loss: 0.268110
2026-08-18 00:18: Train Epoch 5: 280/1641 Loss: 0.317842
2026-08-18 00:18: Train Epoch 5: 300/1641 Loss: 0.322064
2026-08-18 00:18: Train Epoch 5: 320/1641 Loss: 0.320762
2026-08-18 00:19: Train Epoch 5: 340/1641 Loss: 0.299852
2026-08-18 00:19: Train Epoch 5: 360/1641 Loss: 0.325544
2026-08-18 00:19: Train Epoch 5: 380/1641 Loss: 0.312687
2026-08-18 00:19: Train Epoch 5: 400/1641 Loss: 0.339643
2026-08-18 00:19: Train Epoch 5: 420/1641 Loss: 0.328503
2026-08-18 00:19: Train Epoch 5: 440/1641 Loss: 0.319100
2026-08-18 00:19: Train Epoch 5: 460/1641 Loss: 0.301250
2026-08-18 00:19: Train Epoch 5: 480/1641 Loss: 0.329080
2026-08-18 00:19: Train Epoch 5: 500/1641 Loss: 0.309574
2026-08-18 00:19: Train Epoch 5: 520/1641 Loss: 0.322314
2026-08-18 00:19: Train Epoch 5: 540/1641 Loss: 0.309489
2026-08-18 00:19: Train Epoch 5: 560/1641 Loss: 0.323055
2026-08-18 00:19: Train Epoch 5: 580/1641 Loss: 0.332591
2026-08-18 00:19: Train Epoch 5: 600/1641 Loss: 0.342382
2026-08-18 00:19: Train Epoch 5: 620/1641 Loss: 0.311233
2026-08-18 00:19: Train Epoch 5: 640/1641 Loss: 0.319516
2026-08-18 00:19: Train Epoch 5: 660/1641 Loss: 0.351107
2026-08-18 00:19: Train Epoch 5: 680/1641 Loss: 0.333721
2026-08-18 00:19: Train Epoch 5: 700/1641 Loss: 0.328761
2026-08-18 00:19: Train Epoch 5: 720/1641 Loss: 0.356274
2026-08-18 00:19: Train Epoch 5: 740/1641 Loss: 0.305679
2026-08-18 00:19: Train Epoch 5: 760/1641 Loss: 0.296216
2026-08-18 00:20: Train Epoch 5: 780/1641 Loss: 0.331769
2026-08-18 00:20: Train Epoch 5: 800/1641 Loss: 0.326439
2026-08-18 00:20: Train Epoch 5: 820/1641 Loss: 0.308881
2026-08-18 00:20: Train Epoch 5: 840/1641 Loss: 0.294568
2026-08-18 00:20: Train Epoch 5: 860/1641 Loss: 0.301823
2026-08-18 00:20: Train Epoch 5: 880/1641 Loss: 0.315242
2026-08-18 00:20: Train Epoch 5: 900/1641 Loss: 0.297078
2026-08-18 00:20: Train Epoch 5: 920/1641 Loss: 0.341484
2026-08-18 00:20: Train Epoch 5: 940/1641 Loss: 0.316406
2026-08-18 00:20: Train Epoch 5: 960/1641 Loss: 0.323271
2026-08-18 00:20: Train Epoch 5: 980/1641 Loss: 0.349092
2026-08-18 00:20: Train Epoch 5: 1000/1641 Loss: 0.322284
2026-08-18 00:20: Train Epoch 5: 1020/1641 Loss: 0.309453
2026-08-18 00:20: Train Epoch 5: 1040/1641 Loss: 0.315358
2026-08-18 00:20: Train Epoch 5: 1060/1641 Loss: 0.319391
2026-08-18 00:20: Train Epoch 5: 1080/1641 Loss: 0.306083
2026-08-18 00:20: Train Epoch 5: 1100/1641 Loss: 0.314331
2026-08-18 00:20: Train Epoch 5: 1120/1641 Loss: 0.313908
2026-08-18 00:20: Train Epoch 5: 1140/1641 Loss: 0.321131
2026-08-18 00:20: Train Epoch 5: 1160/1641 Loss: 0.291254
2026-08-18 00:20: Train Epoch 5: 1180/1641 Loss: 0.330894
2026-08-18 00:20: Train Epoch 5: 1200/1641 Loss: 0.341966
2026-08-18 00:21: Train Epoch 5: 1220/1641 Loss: 0.319731
2026-08-18 00:21: Train Epoch 5: 1240/1641 Loss: 0.321446
2026-08-18 00:21: Train Epoch 5: 1260/1641 Loss: 0.306306
2026-08-18 00:21: Train Epoch 5: 1280/1641 Loss: 0.314890
2026-08-18 00:21: Train Epoch 5: 1300/1641 Loss: 0.315584
2026-08-18 00:21: Train Epoch 5: 1320/1641 Loss: 0.318444
2026-08-18 00:21: Train Epoch 5: 1340/1641 Loss: 0.334470
2026-08-18 00:21: Train Epoch 5: 1360/1641 Loss: 0.334678
2026-08-18 00:21: Train Epoch 5: 1380/1641 Loss: 0.301436
2026-08-18 00:21: Train Epoch 5: 1400/1641 Loss: 0.326310
2026-08-18 00:21: Train Epoch 5: 1420/1641 Loss: 0.320642
2026-08-18 00:21: Train Epoch 5: 1440/1641 Loss: 0.321057
2026-08-18 00:21: Train Epoch 5: 1460/1641 Loss: 0.309501
2026-08-18 00:21: Train Epoch 5: 1480/1641 Loss: 0.324670
2026-08-18 00:21: Train Epoch 5: 1500/1641 Loss: 0.295264
2026-08-18 00:21: Train Epoch 5: 1520/1641 Loss: 0.309966
2026-08-18 00:21: Train Epoch 5: 1540/1641 Loss: 0.313763
2026-08-18 00:21: Train Epoch 5: 1560/1641 Loss: 0.315806
2026-08-18 00:21: Train Epoch 5: 1580/1641 Loss: 0.318751
2026-08-18 00:21: Train Epoch 5: 1600/1641 Loss: 0.340895
2026-08-18 00:21: Train Epoch 5: 1620/1641 Loss: 0.308232
2026-08-18 00:21: Train Epoch 5: 1640/1641 Loss: 0.321359
2026-08-18 00:21: **********Train Epoch 5: averaged Loss: 0.318813, tf_ratio: 1.000000
2026-08-18 00:22: **********Val Epoch 5: average Loss: 0.318550
2026-08-18 00:22: *********************************Current best model saved!
2026-08-18 00:22: Train Epoch 6: 0/1641 Loss: 0.331412
2026-08-18 00:22: Train Epoch 6: 20/1641 Loss: 0.314615
2026-08-18 00:22: Train Epoch 6: 40/1641 Loss: 0.313871
2026-08-18 00:22: Train Epoch 6: 60/1641 Loss: 0.305986
2026-08-18 00:22: Train Epoch 6: 80/1641 Loss: 0.307556
2026-08-18 00:22: Train Epoch 6: 100/1641 Loss: 0.320296
2026-08-18 00:22: Train Epoch 6: 120/1641 Loss: 0.299781
2026-08-18 00:22: Train Epoch 6: 140/1641 Loss: 0.325431
2026-08-18 00:22: Train Epoch 6: 160/1641 Loss: 0.320501
2026-08-18 00:22: Train Epoch 6: 180/1641 Loss: 0.320424
2026-08-18 00:22: Train Epoch 6: 200/1641 Loss: 0.312796
2026-08-18 00:22: Train Epoch 6: 220/1641 Loss: 0.328991
2026-08-18 00:22: Train Epoch 6: 240/1641 Loss: 0.315298
2026-08-18 00:22: Train Epoch 6: 260/1641 Loss: 0.334159
2026-08-18 00:22: Train Epoch 6: 280/1641 Loss: 0.329956
2026-08-18 00:22: Train Epoch 6: 300/1641 Loss: 0.306241
2026-08-18 00:23: Train Epoch 6: 320/1641 Loss: 0.320464
2026-08-18 00:23: Train Epoch 6: 340/1641 Loss: 0.317494
2026-08-18 00:23: Train Epoch 6: 360/1641 Loss: 0.324290
2026-08-18 00:23: Train Epoch 6: 380/1641 Loss: 0.304398
2026-08-18 00:23: Train Epoch 6: 400/1641 Loss: 0.326793
2026-08-18 00:23: Train Epoch 6: 420/1641 Loss: 0.297267
2026-08-18 00:23: Train Epoch 6: 440/1641 Loss: 0.299550
2026-08-18 00:23: Train Epoch 6: 460/1641 Loss: 0.308384
2026-08-18 00:23: Train Epoch 6: 480/1641 Loss: 0.300347
2026-08-18 00:23: Train Epoch 6: 500/1641 Loss: 0.331346
2026-08-18 00:23: Train Epoch 6: 520/1641 Loss: 0.326381
2026-08-18 00:23: Train Epoch 6: 540/1641 Loss: 0.293002
2026-08-18 00:23: Train Epoch 6: 560/1641 Loss: 0.345908
2026-08-18 00:23: Train Epoch 6: 580/1641 Loss: 0.327427
2026-08-18 00:23: Train Epoch 6: 600/1641 Loss: 0.297944
2026-08-18 00:23: Train Epoch 6: 620/1641 Loss: 0.319002
2026-08-18 00:23: Train Epoch 6: 640/1641 Loss: 0.304855
2026-08-18 00:23: Train Epoch 6: 660/1641 Loss: 0.332569
2026-08-18 00:23: Train Epoch 6: 680/1641 Loss: 0.318138
2026-08-18 00:23: Train Epoch 6: 700/1641 Loss: 0.339196
2026-08-18 00:23: Train Epoch 6: 720/1641 Loss: 0.339318
2026-08-18 00:23: Train Epoch 6: 740/1641 Loss: 0.308733
2026-08-18 00:23: Train Epoch 6: 760/1641 Loss: 0.309845
2026-08-18 00:24: Train Epoch 6: 780/1641 Loss: 0.308394
2026-08-18 00:24: Train Epoch 6: 800/1641 Loss: 0.312347
2026-08-18 00:24: Train Epoch 6: 820/1641 Loss: 0.323373
2026-08-18 00:24: Train Epoch 6: 840/1641 Loss: 0.334096
2026-08-18 00:24: Train Epoch 6: 860/1641 Loss: 0.293219
2026-08-18 00:24: Train Epoch 6: 880/1641 Loss: 0.306086
2026-08-18 00:24: Train Epoch 6: 900/1641 Loss: 0.333115
2026-08-18 00:24: Train Epoch 6: 920/1641 Loss: 0.325258
2026-08-18 00:24: Train Epoch 6: 940/1641 Loss: 0.323196
2026-08-18 00:24: Train Epoch 6: 960/1641 Loss: 0.319570
2026-08-18 00:24: Train Epoch 6: 980/1641 Loss: 0.326198
2026-08-18 00:24: Train Epoch 6: 1000/1641 Loss: 0.299422
2026-08-18 00:24: Train Epoch 6: 1020/1641 Loss: 0.299703
2026-08-18 00:24: Train Epoch 6: 1040/1641 Loss: 0.304847
2026-08-18 00:24: Train Epoch 6: 1060/1641 Loss: 0.309604
2026-08-18 00:24: Train Epoch 6: 1080/1641 Loss: 0.326155
2026-08-18 00:24: Train Epoch 6: 1100/1641 Loss: 0.294322
2026-08-18 00:24: Train Epoch 6: 1120/1641 Loss: 0.293746
2026-08-18 00:24: Train Epoch 6: 1140/1641 Loss: 0.319345
2026-08-18 00:24: Train Epoch 6: 1160/1641 Loss: 0.302994
2026-08-18 00:24: Train Epoch 6: 1180/1641 Loss: 0.310098
2026-08-18 00:24: Train Epoch 6: 1200/1641 Loss: 0.316646
2026-08-18 00:24: Train Epoch 6: 1220/1641 Loss: 0.306657
2026-08-18 00:25: Train Epoch 6: 1240/1641 Loss: 0.312562
2026-08-18 00:25: Train Epoch 6: 1260/1641 Loss: 0.318398
2026-08-18 00:25: Train Epoch 6: 1280/1641 Loss: 0.329453
2026-08-18 00:25: Train Epoch 6: 1300/1641 Loss: 0.312210
2026-08-18 00:25: Train Epoch 6: 1320/1641 Loss: 0.295446
2026-08-18 00:25: Train Epoch 6: 1340/1641 Loss: 0.313613
2026-08-18 00:25: Train Epoch 6: 1360/1641 Loss: 0.308370
2026-08-18 00:25: Train Epoch 6: 1380/1641 Loss: 0.326168
2026-08-18 00:25: Train Epoch 6: 1400/1641 Loss: 0.308370
2026-08-18 00:25: Train Epoch 6: 1420/1641 Loss: 0.302643
2026-08-18 00:25: Train Epoch 6: 1440/1641 Loss: 0.305684
2026-08-18 00:25: Train Epoch 6: 1460/1641 Loss: 0.310254
2026-08-18 00:25: Train Epoch 6: 1480/1641 Loss: 0.310883
2026-08-18 00:25: Train Epoch 6: 1500/1641 Loss: 0.313102
2026-08-18 00:25: Train Epoch 6: 1520/1641 Loss: 0.331081
2026-08-18 00:25: Train Epoch 6: 1540/1641 Loss: 0.305144
2026-08-18 00:25: Train Epoch 6: 1560/1641 Loss: 0.304950
2026-08-18 00:25: Train Epoch 6: 1580/1641 Loss: 0.298148
2026-08-18 00:25: Train Epoch 6: 1600/1641 Loss: 0.290621
2026-08-18 00:25: Train Epoch 6: 1620/1641 Loss: 0.324678
2026-08-18 00:25: Train Epoch 6: 1640/1641 Loss: 0.313340
2026-08-18 00:25: **********Train Epoch 6: averaged Loss: 0.314163, tf_ratio: 1.000000
2026-08-18 00:26: **********Val Epoch 6: average Loss: 0.316765
2026-08-18 00:26: *********************************Current best model saved!
2026-08-18 00:26: Train Epoch 7: 0/1641 Loss: 0.306667
2026-08-18 00:26: Train Epoch 7: 20/1641 Loss: 0.310206
2026-08-18 00:26: Train Epoch 7: 40/1641 Loss: 0.330908
2026-08-18 00:26: Train Epoch 7: 60/1641 Loss: 0.325771
2026-08-18 00:26: Train Epoch 7: 80/1641 Loss: 0.337464
2026-08-18 00:26: Train Epoch 7: 100/1641 Loss: 0.333009
2026-08-18 00:26: Train Epoch 7: 120/1641 Loss: 0.321959
2026-08-18 00:26: Train Epoch 7: 140/1641 Loss: 0.312098
2026-08-18 00:26: Train Epoch 7: 160/1641 Loss: 0.319006
2026-08-18 00:26: Train Epoch 7: 180/1641 Loss: 0.311145
2026-08-18 00:26: Train Epoch 7: 200/1641 Loss: 0.326938
2026-08-18 00:26: Train Epoch 7: 220/1641 Loss: 0.305308
2026-08-18 00:26: Train Epoch 7: 240/1641 Loss: 0.297728
2026-08-18 00:26: Train Epoch 7: 260/1641 Loss: 0.304774
2026-08-18 00:26: Train Epoch 7: 280/1641 Loss: 0.299049
2026-08-18 00:26: Train Epoch 7: 300/1641 Loss: 0.330303
2026-08-18 00:26: Train Epoch 7: 320/1641 Loss: 0.316291
2026-08-18 00:26: Train Epoch 7: 340/1641 Loss: 0.307179
2026-08-18 00:27: Train Epoch 7: 360/1641 Loss: 0.288256
2026-08-18 00:27: Train Epoch 7: 380/1641 Loss: 0.288266
2026-08-18 00:27: Train Epoch 7: 400/1641 Loss: 0.297496
2026-08-18 00:27: Train Epoch 7: 420/1641 Loss: 0.300384
2026-08-18 00:27: Train Epoch 7: 440/1641 Loss: 0.314262
2026-08-18 00:27: Train Epoch 7: 460/1641 Loss: 0.304358
2026-08-18 00:27: Train Epoch 7: 480/1641 Loss: 0.303881
2026-08-18 00:27: Train Epoch 7: 500/1641 Loss: 0.354384
2026-08-18 00:27: Train Epoch 7: 520/1641 Loss: 0.314060
2026-08-18 00:27: Train Epoch 7: 540/1641 Loss: 0.323819
2026-08-18 00:27: Train Epoch 7: 560/1641 Loss: 0.327310
2026-08-18 00:27: Train Epoch 7: 580/1641 Loss: 0.290455
2026-08-18 00:27: Train Epoch 7: 600/1641 Loss: 0.285859
2026-08-18 00:27: Train Epoch 7: 620/1641 Loss: 0.293315
2026-08-18 00:27: Train Epoch 7: 640/1641 Loss: 0.325441
2026-08-18 00:27: Train Epoch 7: 660/1641 Loss: 0.314309
2026-08-18 00:27: Train Epoch 7: 680/1641 Loss: 0.316838
2026-08-18 00:27: Train Epoch 7: 700/1641 Loss: 0.308570
2026-08-18 00:27: Train Epoch 7: 720/1641 Loss: 0.302349
2026-08-18 00:27: Train Epoch 7: 740/1641 Loss: 0.321226
2026-08-18 00:27: Train Epoch 7: 760/1641 Loss: 0.296174
2026-08-18 00:27: Train Epoch 7: 780/1641 Loss: 0.279999
2026-08-18 00:27: Train Epoch 7: 800/1641 Loss: 0.279726
2026-08-18 00:28: Train Epoch 7: 820/1641 Loss: 0.299848
2026-08-18 00:28: Train Epoch 7: 840/1641 Loss: 0.315482
2026-08-18 00:28: Train Epoch 7: 860/1641 Loss: 0.312406
2026-08-18 00:28: Train Epoch 7: 880/1641 Loss: 0.300447
2026-08-18 00:28: Train Epoch 7: 900/1641 Loss: 0.293911
2026-08-18 00:28: Train Epoch 7: 920/1641 Loss: 0.308554
2026-08-18 00:28: Train Epoch 7: 940/1641 Loss: 0.308951
2026-08-18 00:28: Train Epoch 7: 960/1641 Loss: 0.324459
2026-08-18 00:28: Train Epoch 7: 980/1641 Loss: 0.316523
2026-08-18 00:28: Train Epoch 7: 1000/1641 Loss: 0.319821
2026-08-18 00:28: Train Epoch 7: 1020/1641 Loss: 0.323939
2026-08-18 00:28: Train Epoch 7: 1040/1641 Loss: 0.302142
2026-08-18 00:28: Train Epoch 7: 1060/1641 Loss: 0.306199
2026-08-18 00:28: Train Epoch 7: 1080/1641 Loss: 0.310255
2026-08-18 00:28: Train Epoch 7: 1100/1641 Loss: 0.296598
2026-08-18 00:28: Train Epoch 7: 1120/1641 Loss: 0.296885
2026-08-18 00:28: Train Epoch 7: 1140/1641 Loss: 0.303862
2026-08-18 00:28: Train Epoch 7: 1160/1641 Loss: 0.295272
2026-08-18 00:28: Train Epoch 7: 1180/1641 Loss: 0.300048
2026-08-18 00:28: Train Epoch 7: 1200/1641 Loss: 0.289650
2026-08-18 00:28: Train Epoch 7: 1220/1641 Loss: 0.310611
2026-08-18 00:28: Train Epoch 7: 1240/1641 Loss: 0.339908
2026-08-18 00:28: Train Epoch 7: 1260/1641 Loss: 0.338070
2026-08-18 00:29: Train Epoch 7: 1280/1641 Loss: 0.311328
2026-08-18 00:29: Train Epoch 7: 1300/1641 Loss: 0.333179
2026-08-18 00:29: Train Epoch 7: 1320/1641 Loss: 0.311490
2026-08-18 00:29: Train Epoch 7: 1340/1641 Loss: 0.323329
2026-08-18 00:29: Train Epoch 7: 1360/1641 Loss: 0.324837
2026-08-18 00:29: Train Epoch 7: 1380/1641 Loss: 0.329530
2026-08-18 00:29: Train Epoch 7: 1400/1641 Loss: 0.327942
2026-08-18 00:29: Train Epoch 7: 1420/1641 Loss: 0.305790
2026-08-18 00:29: Train Epoch 7: 1440/1641 Loss: 0.328320
2026-08-18 00:29: Train Epoch 7: 1460/1641 Loss: 0.302942
2026-08-18 00:29: Train Epoch 7: 1480/1641 Loss: 0.302283
2026-08-18 00:29: Train Epoch 7: 1500/1641 Loss: 0.299098
2026-08-18 00:29: Train Epoch 7: 1520/1641 Loss: 0.308588
2026-08-18 00:29: Train Epoch 7: 1540/1641 Loss: 0.316296
2026-08-18 00:29: Train Epoch 7: 1560/1641 Loss: 0.318808
2026-08-18 00:29: Train Epoch 7: 1580/1641 Loss: 0.298641
2026-08-18 00:29: Train Epoch 7: 1600/1641 Loss: 0.319319
2026-08-18 00:29: Train Epoch 7: 1620/1641 Loss: 0.316834
2026-08-18 00:29: Train Epoch 7: 1640/1641 Loss: 0.309627
2026-08-18 00:29: **********Train Epoch 7: averaged Loss: 0.309866, tf_ratio: 1.000000
2026-08-18 00:30: **********Val Epoch 7: average Loss: 0.315398
2026-08-18 00:30: *********************************Current best model saved!
2026-08-18 00:30: Train Epoch 8: 0/1641 Loss: 0.329612
2026-08-18 00:30: Train Epoch 8: 20/1641 Loss: 0.324252
2026-08-18 00:30: Train Epoch 8: 40/1641 Loss: 0.293697
2026-08-18 00:30: Train Epoch 8: 60/1641 Loss: 0.320547
2026-08-18 00:30: Train Epoch 8: 80/1641 Loss: 0.310111
2026-08-18 00:30: Train Epoch 8: 100/1641 Loss: 0.311593
2026-08-18 00:30: Train Epoch 8: 120/1641 Loss: 0.307445
2026-08-18 00:30: Train Epoch 8: 140/1641 Loss: 0.331352
2026-08-18 00:30: Train Epoch 8: 160/1641 Loss: 0.295057
2026-08-18 00:30: Train Epoch 8: 180/1641 Loss: 0.299189
2026-08-18 00:30: Train Epoch 8: 200/1641 Loss: 0.305470
2026-08-18 00:30: Train Epoch 8: 220/1641 Loss: 0.319163
2026-08-18 00:30: Train Epoch 8: 240/1641 Loss: 0.289424
2026-08-18 00:30: Train Epoch 8: 260/1641 Loss: 0.288305
2026-08-18 00:30: Train Epoch 8: 280/1641 Loss: 0.301364
2026-08-18 00:30: Train Epoch 8: 300/1641 Loss: 0.317015
2026-08-18 00:30: Train Epoch 8: 320/1641 Loss: 0.313353
2026-08-18 00:30: Train Epoch 8: 340/1641 Loss: 0.325020
2026-08-18 00:30: Train Epoch 8: 360/1641 Loss: 0.300881
2026-08-18 00:30: Train Epoch 8: 380/1641 Loss: 0.321160
2026-08-18 00:31: Train Epoch 8: 400/1641 Loss: 0.308665
2026-08-18 00:31: Train Epoch 8: 420/1641 Loss: 0.271233
2026-08-18 00:31: Train Epoch 8: 440/1641 Loss: 0.297677
2026-08-18 00:31: Train Epoch 8: 460/1641 Loss: 0.303922
2026-08-18 00:31: Train Epoch 8: 480/1641 Loss: 0.302525
2026-08-18 00:31: Train Epoch 8: 500/1641 Loss: 0.306667
2026-08-18 00:31: Train Epoch 8: 520/1641 Loss: 0.296917
2026-08-18 00:31: Train Epoch 8: 540/1641 Loss: 0.297684
2026-08-18 00:31: Train Epoch 8: 560/1641 Loss: 0.300508
2026-08-18 00:31: Train Epoch 8: 580/1641 Loss: 0.303281
2026-08-18 00:31: Train Epoch 8: 600/1641 Loss: 0.306389
2026-08-18 00:31: Train Epoch 8: 620/1641 Loss: 0.304422
2026-08-18 00:31: Train Epoch 8: 640/1641 Loss: 0.296996
2026-08-18 00:31: Train Epoch 8: 660/1641 Loss: 0.286611
2026-08-18 00:31: Train Epoch 8: 680/1641 Loss: 0.319563
2026-08-18 00:31: Train Epoch 8: 700/1641 Loss: 0.330093
2026-08-18 00:31: Train Epoch 8: 720/1641 Loss: 0.336405
2026-08-18 00:31: Train Epoch 8: 740/1641 Loss: 0.293351
2026-08-18 00:31: Train Epoch 8: 760/1641 Loss: 0.292256
2026-08-18 00:31: Train Epoch 8: 780/1641 Loss: 0.300817
2026-08-18 00:31: Train Epoch 8: 800/1641 Loss: 0.320105
2026-08-18 00:31: Train Epoch 8: 820/1641 Loss: 0.319906
2026-08-18 00:31: Train Epoch 8: 840/1641 Loss: 0.301973
2026-08-18 00:32: Train Epoch 8: 860/1641 Loss: 0.318165
2026-08-18 00:32: Train Epoch 8: 880/1641 Loss: 0.312355
2026-08-18 00:32: Train Epoch 8: 900/1641 Loss: 0.326621
2026-08-18 00:32: Train Epoch 8: 920/1641 Loss: 0.332064
2026-08-18 00:32: Train Epoch 8: 940/1641 Loss: 0.301134
2026-08-18 00:32: Train Epoch 8: 960/1641 Loss: 0.299488
2026-08-18 00:32: Train Epoch 8: 980/1641 Loss: 0.306280
2026-08-18 00:32: Train Epoch 8: 1000/1641 Loss: 0.297613
2026-08-18 00:32: Train Epoch 8: 1020/1641 Loss: 0.302708
2026-08-18 00:32: Train Epoch 8: 1040/1641 Loss: 0.307866
2026-08-18 00:32: Train Epoch 8: 1060/1641 Loss: 0.279066
2026-08-18 00:32: Train Epoch 8: 1080/1641 Loss: 0.298556
2026-08-18 00:32: Train Epoch 8: 1100/1641 Loss: 0.287893
2026-08-18 00:32: Train Epoch 8: 1120/1641 Loss: 0.304643
2026-08-18 00:32: Train Epoch 8: 1140/1641 Loss: 0.287291
2026-08-18 00:32: Train Epoch 8: 1160/1641 Loss: 0.319037
2026-08-18 00:32: Train Epoch 8: 1180/1641 Loss: 0.291492
2026-08-18 00:32: Train Epoch 8: 1200/1641 Loss: 0.276852
2026-08-18 00:32: Train Epoch 8: 1220/1641 Loss: 0.287658
2026-08-18 00:32: Train Epoch 8: 1240/1641 Loss: 0.328087
2026-08-18 00:32: Train Epoch 8: 1260/1641 Loss: 0.294221
2026-08-18 00:32: Train Epoch 8: 1280/1641 Loss: 0.289913
2026-08-18 00:32: Train Epoch 8: 1300/1641 Loss: 0.292639
2026-08-18 00:33: Train Epoch 8: 1320/1641 Loss: 0.330380
2026-08-18 00:33: Train Epoch 8: 1340/1641 Loss: 0.309044
2026-08-18 00:33: Train Epoch 8: 1360/1641 Loss: 0.308191
2026-08-18 00:33: Train Epoch 8: 1380/1641 Loss: 0.314281
2026-08-18 00:33: Train Epoch 8: 1400/1641 Loss: 0.292000
2026-08-18 00:33: Train Epoch 8: 1420/1641 Loss: 0.283947
2026-08-18 00:33: Train Epoch 8: 1440/1641 Loss: 0.339981
2026-08-18 00:33: Train Epoch 8: 1460/1641 Loss: 0.302376
2026-08-18 00:33: Train Epoch 8: 1480/1641 Loss: 0.291038
2026-08-18 00:33: Train Epoch 8: 1500/1641 Loss: 0.292547
2026-08-18 00:33: Train Epoch 8: 1520/1641 Loss: 0.304607
2026-08-18 00:33: Train Epoch 8: 1540/1641 Loss: 0.327908
2026-08-18 00:33: Train Epoch 8: 1560/1641 Loss: 0.289948
2026-08-18 00:33: Train Epoch 8: 1580/1641 Loss: 0.311094
2026-08-18 00:33: Train Epoch 8: 1600/1641 Loss: 0.306909
2026-08-18 00:33: Train Epoch 8: 1620/1641 Loss: 0.305918
2026-08-18 00:33: Train Epoch 8: 1640/1641 Loss: 0.293976
2026-08-18 00:33: **********Train Epoch 8: averaged Loss: 0.305958, tf_ratio: 1.000000
2026-08-18 00:34: **********Val Epoch 8: average Loss: 0.314444
2026-08-18 00:34: *********************************Current best model saved!
2026-08-18 00:34: Train Epoch 9: 0/1641 Loss: 0.315301
2026-08-18 00:34: Train Epoch 9: 20/1641 Loss: 0.310573
2026-08-18 00:34: Train Epoch 9: 40/1641 Loss: 0.281695
2026-08-18 00:34: Train Epoch 9: 60/1641 Loss: 0.335555
2026-08-18 00:34: Train Epoch 9: 80/1641 Loss: 0.312987
2026-08-18 00:34: Train Epoch 9: 100/1641 Loss: 0.303685
2026-08-18 00:34: Train Epoch 9: 120/1641 Loss: 0.288116
2026-08-18 00:34: Train Epoch 9: 140/1641 Loss: 0.285656
2026-08-18 00:34: Train Epoch 9: 160/1641 Loss: 0.298684
2026-08-18 00:34: Train Epoch 9: 180/1641 Loss: 0.322010
2026-08-18 00:34: Train Epoch 9: 200/1641 Loss: 0.307023
2026-08-18 00:34: Train Epoch 9: 220/1641 Loss: 0.312889
2026-08-18 00:34: Train Epoch 9: 240/1641 Loss: 0.319092
2026-08-18 00:34: Train Epoch 9: 260/1641 Loss: 0.330739
2026-08-18 00:34: Train Epoch 9: 280/1641 Loss: 0.280088
2026-08-18 00:34: Train Epoch 9: 300/1641 Loss: 0.297654
2026-08-18 00:34: Train Epoch 9: 320/1641 Loss: 0.282315
2026-08-18 00:34: Train Epoch 9: 340/1641 Loss: 0.304358
2026-08-18 00:34: Train Epoch 9: 360/1641 Loss: 0.303222
2026-08-18 00:34: Train Epoch 9: 380/1641 Loss: 0.311286
2026-08-18 00:34: Train Epoch 9: 400/1641 Loss: 0.324611
2026-08-18 00:35: Train Epoch 9: 420/1641 Loss: 0.294383
2026-08-18 00:35: Train Epoch 9: 440/1641 Loss: 0.302349
2026-08-18 00:35: Train Epoch 9: 460/1641 Loss: 0.305379
2026-08-18 00:35: Train Epoch 9: 480/1641 Loss: 0.314841
2026-08-18 00:35: Train Epoch 9: 500/1641 Loss: 0.327703
2026-08-18 00:35: Train Epoch 9: 520/1641 Loss: 0.309065
2026-08-18 00:35: Train Epoch 9: 540/1641 Loss: 0.286000
2026-08-18 00:35: Train Epoch 9: 560/1641 Loss: 0.279160
2026-08-18 00:35: Train Epoch 9: 580/1641 Loss: 0.306831
2026-08-18 00:35: Train Epoch 9: 600/1641 Loss: 0.305649
2026-08-18 00:35: Train Epoch 9: 620/1641 Loss: 0.300285
2026-08-18 00:35: Train Epoch 9: 640/1641 Loss: 0.293029
2026-08-18 00:35: Train Epoch 9: 660/1641 Loss: 0.318266
2026-08-18 00:35: Train Epoch 9: 680/1641 Loss: 0.291318
2026-08-18 00:35: Train Epoch 9: 700/1641 Loss: 0.290239
2026-08-18 00:35: Train Epoch 9: 720/1641 Loss: 0.324495
2026-08-18 00:35: Train Epoch 9: 740/1641 Loss: 0.299055
2026-08-18 00:35: Train Epoch 9: 760/1641 Loss: 0.293032
2026-08-18 00:35: Train Epoch 9: 780/1641 Loss: 0.304779
2026-08-18 00:35: Train Epoch 9: 800/1641 Loss: 0.292325
2026-08-18 00:35: Train Epoch 9: 820/1641 Loss: 0.295626
2026-08-18 00:35: Train Epoch 9: 840/1641 Loss: 0.308262
2026-08-18 00:35: Train Epoch 9: 860/1641 Loss: 0.285860
2026-08-18 00:36: Train Epoch 9: 880/1641 Loss: 0.308550
2026-08-18 00:36: Train Epoch 9: 900/1641 Loss: 0.290975
2026-08-18 00:36: Train Epoch 9: 920/1641 Loss: 0.272819
2026-08-18 00:36: Train Epoch 9: 940/1641 Loss: 0.319903
2026-08-18 00:36: Train Epoch 9: 960/1641 Loss: 0.286836
2026-08-18 00:36: Train Epoch 9: 980/1641 Loss: 0.304483
2026-08-18 00:36: Train Epoch 9: 1000/1641 Loss: 0.302112
2026-08-18 00:36: Train Epoch 9: 1020/1641 Loss: 0.320386
2026-08-18 00:36: Train Epoch 9: 1040/1641 Loss: 0.296042
2026-08-18 00:36: Train Epoch 9: 1060/1641 Loss: 0.311507
2026-08-18 00:36: Train Epoch 9: 1080/1641 Loss: 0.284937
2026-08-18 00:36: Train Epoch 9: 1100/1641 Loss: 0.301741
2026-08-18 00:36: Train Epoch 9: 1120/1641 Loss: 0.337296
2026-08-18 00:36: Train Epoch 9: 1140/1641 Loss: 0.326030
2026-08-18 00:36: Train Epoch 9: 1160/1641 Loss: 0.302654
2026-08-18 00:36: Train Epoch 9: 1180/1641 Loss: 0.281511
2026-08-18 00:36: Train Epoch 9: 1200/1641 Loss: 0.294495
2026-08-18 00:36: Train Epoch 9: 1220/1641 Loss: 0.302225
2026-08-18 00:36: Train Epoch 9: 1240/1641 Loss: 0.291068
2026-08-18 00:36: Train Epoch 9: 1260/1641 Loss: 0.313511
2026-08-18 00:36: Train Epoch 9: 1280/1641 Loss: 0.284059
2026-08-18 00:36: Train Epoch 9: 1300/1641 Loss: 0.315086
2026-08-18 00:36: Train Epoch 9: 1320/1641 Loss: 0.303020
2026-08-18 00:37: Train Epoch 9: 1340/1641 Loss: 0.288433
2026-08-18 00:37: Train Epoch 9: 1360/1641 Loss: 0.293953
2026-08-18 00:37: Train Epoch 9: 1380/1641 Loss: 0.322486
2026-08-18 00:37: Train Epoch 9: 1400/1641 Loss: 0.276221
2026-08-18 00:37: Train Epoch 9: 1420/1641 Loss: 0.296491
2026-08-18 00:37: Train Epoch 9: 1440/1641 Loss: 0.307718
2026-08-18 00:37: Train Epoch 9: 1460/1641 Loss: 0.307517
2026-08-18 00:37: Train Epoch 9: 1480/1641 Loss: 0.305647
2026-08-18 00:37: Train Epoch 9: 1500/1641 Loss: 0.312412
2026-08-18 00:37: Train Epoch 9: 1520/1641 Loss: 0.302240
2026-08-18 00:37: Train Epoch 9: 1540/1641 Loss: 0.296561
2026-08-18 00:37: Train Epoch 9: 1560/1641 Loss: 0.294332
2026-08-18 00:37: Train Epoch 9: 1580/1641 Loss: 0.270159
2026-08-18 00:37: Train Epoch 9: 1600/1641 Loss: 0.292038
2026-08-18 00:37: Train Epoch 9: 1620/1641 Loss: 0.276394
2026-08-18 00:37: Train Epoch 9: 1640/1641 Loss: 0.317531
2026-08-18 00:37: **********Train Epoch 9: averaged Loss: 0.302090, tf_ratio: 1.000000
2026-08-18 00:38: **********Val Epoch 9: average Loss: 0.310113
2026-08-18 00:38: *********************************Current best model saved!
2026-08-18 00:38: Train Epoch 10: 0/1641 Loss: 0.312724
2026-08-18 00:38: Train Epoch 10: 20/1641 Loss: 0.333339
2026-08-18 00:38: Train Epoch 10: 40/1641 Loss: 0.274860
2026-08-18 00:38: Train Epoch 10: 60/1641 Loss: 0.298098
2026-08-18 00:38: Train Epoch 10: 80/1641 Loss: 0.303060
2026-08-18 00:38: Train Epoch 10: 100/1641 Loss: 0.321149
2026-08-18 00:38: Train Epoch 10: 120/1641 Loss: 0.266167
2026-08-18 00:38: Train Epoch 10: 140/1641 Loss: 0.287836
2026-08-18 00:38: Train Epoch 10: 160/1641 Loss: 0.284591
2026-08-18 00:38: Train Epoch 10: 180/1641 Loss: 0.278468
2026-08-18 00:38: Train Epoch 10: 200/1641 Loss: 0.283008
2026-08-18 00:38: Train Epoch 10: 220/1641 Loss: 0.292712
2026-08-18 00:38: Train Epoch 10: 240/1641 Loss: 0.286859
2026-08-18 00:38: Train Epoch 10: 260/1641 Loss: 0.304235
2026-08-18 00:38: Train Epoch 10: 280/1641 Loss: 0.285014
2026-08-18 00:38: Train Epoch 10: 300/1641 Loss: 0.274128
2026-08-18 00:38: Train Epoch 10: 320/1641 Loss: 0.313743
2026-08-18 00:38: Train Epoch 10: 340/1641 Loss: 0.288687
2026-08-18 00:38: Train Epoch 10: 360/1641 Loss: 0.299105
2026-08-18 00:38: Train Epoch 10: 380/1641 Loss: 0.306817
2026-08-18 00:38: Train Epoch 10: 400/1641 Loss: 0.276380
2026-08-18 00:38: Train Epoch 10: 420/1641 Loss: 0.303583
2026-08-18 00:39: Train Epoch 10: 440/1641 Loss: 0.304195
2026-08-18 00:39: Train Epoch 10: 460/1641 Loss: 0.307649
2026-08-18 00:39: Train Epoch 10: 480/1641 Loss: 0.305048
2026-08-18 00:39: Train Epoch 10: 500/1641 Loss: 0.289298
2026-08-18 00:39: Train Epoch 10: 520/1641 Loss: 0.299107
2026-08-18 00:39: Train Epoch 10: 540/1641 Loss: 0.293969
2026-08-18 00:39: Train Epoch 10: 560/1641 Loss: 0.316790
2026-08-18 00:39: Train Epoch 10: 580/1641 Loss: 0.291569
2026-08-18 00:39: Train Epoch 10: 600/1641 Loss: 0.317110
2026-08-18 00:39: Train Epoch 10: 620/1641 Loss: 0.287024
2026-08-18 00:39: Train Epoch 10: 640/1641 Loss: 0.289572
2026-08-18 00:39: Train Epoch 10: 660/1641 Loss: 0.314441
2026-08-18 00:39: Train Epoch 10: 680/1641 Loss: 0.300612
2026-08-18 00:39: Train Epoch 10: 700/1641 Loss: 0.287966
2026-08-18 00:39: Train Epoch 10: 720/1641 Loss: 0.323443
2026-08-18 00:39: Train Epoch 10: 740/1641 Loss: 0.284251
2026-08-18 00:39: Train Epoch 10: 760/1641 Loss: 0.292238
2026-08-18 00:39: Train Epoch 10: 780/1641 Loss: 0.276358
2026-08-18 00:39: Train Epoch 10: 800/1641 Loss: 0.310505
2026-08-18 00:39: Train Epoch 10: 820/1641 Loss: 0.300315
2026-08-18 00:39: Train Epoch 10: 840/1641 Loss: 0.282264
2026-08-18 00:39: Train Epoch 10: 860/1641 Loss: 0.298374
2026-08-18 00:39: Train Epoch 10: 880/1641 Loss: 0.288227
2026-08-18 00:40: Train Epoch 10: 900/1641 Loss: 0.283613
2026-08-18 00:40: Train Epoch 10: 920/1641 Loss: 0.282450
2026-08-18 00:40: Train Epoch 10: 940/1641 Loss: 0.295616
2026-08-18 00:40: Train Epoch 10: 960/1641 Loss: 0.304320
2026-08-18 00:40: Train Epoch 10: 980/1641 Loss: 0.294443
2026-08-18 00:40: Train Epoch 10: 1000/1641 Loss: 0.284482
2026-08-18 00:40: Train Epoch 10: 1020/1641 Loss: 0.303866
2026-08-18 00:40: Train Epoch 10: 1040/1641 Loss: 0.318783
2026-08-18 00:40: Train Epoch 10: 1060/1641 Loss: 0.308021
2026-08-18 00:40: Train Epoch 10: 1080/1641 Loss: 0.300845
2026-08-18 00:40: Train Epoch 10: 1100/1641 Loss: 0.289718
2026-08-18 00:40: Train Epoch 10: 1120/1641 Loss: 0.292117
2026-08-18 00:40: Train Epoch 10: 1140/1641 Loss: 0.293463
2026-08-18 00:40: Train Epoch 10: 1160/1641 Loss: 0.270452
2026-08-18 00:40: Train Epoch 10: 1180/1641 Loss: 0.288425
2026-08-18 00:40: Train Epoch 10: 1200/1641 Loss: 0.310230
2026-08-18 00:40: Train Epoch 10: 1220/1641 Loss: 0.280534
2026-08-18 00:40: Train Epoch 10: 1240/1641 Loss: 0.298431
2026-08-18 00:40: Train Epoch 10: 1260/1641 Loss: 0.298807
2026-08-18 00:40: Train Epoch 10: 1280/1641 Loss: 0.301654
2026-08-18 00:40: Train Epoch 10: 1300/1641 Loss: 0.290439
2026-08-18 00:40: Train Epoch 10: 1320/1641 Loss: 0.307704
2026-08-18 00:40: Train Epoch 10: 1340/1641 Loss: 0.296222
2026-08-18 00:41: Train Epoch 10: 1360/1641 Loss: 0.307751
2026-08-18 00:41: Train Epoch 10: 1380/1641 Loss: 0.296419
2026-08-18 00:41: Train Epoch 10: 1400/1641 Loss: 0.303788
2026-08-18 00:41: Train Epoch 10: 1420/1641 Loss: 0.311628
2026-08-18 00:41: Train Epoch 10: 1440/1641 Loss: 0.293057
2026-08-18 00:41: Train Epoch 10: 1460/1641 Loss: 0.302502
2026-08-18 00:41: Train Epoch 10: 1480/1641 Loss: 0.288150
2026-08-18 00:41: Train Epoch 10: 1500/1641 Loss: 0.313059
2026-08-18 00:41: Train Epoch 10: 1520/1641 Loss: 0.297288
2026-08-18 00:41: Train Epoch 10: 1540/1641 Loss: 0.286269
2026-08-18 00:41: Train Epoch 10: 1560/1641 Loss: 0.294364
2026-08-18 00:41: Train Epoch 10: 1580/1641 Loss: 0.288088
2026-08-18 00:41: Train Epoch 10: 1600/1641 Loss: 0.311441
2026-08-18 00:41: Train Epoch 10: 1620/1641 Loss: 0.301728
2026-08-18 00:41: Train Epoch 10: 1640/1641 Loss: 0.310126
2026-08-18 00:41: **********Train Epoch 10: averaged Loss: 0.298195, tf_ratio: 1.000000
2026-08-18 00:41: **********Val Epoch 10: average Loss: 0.311266
2026-08-18 00:41: Train Epoch 11: 0/1641 Loss: 0.282870
2026-08-18 00:42: Train Epoch 11: 20/1641 Loss: 0.292235
2026-08-18 00:42: Train Epoch 11: 40/1641 Loss: 0.282115
2026-08-18 00:42: Train Epoch 11: 60/1641 Loss: 0.292873
2026-08-18 00:42: Train Epoch 11: 80/1641 Loss: 0.329102
2026-08-18 00:42: Train Epoch 11: 100/1641 Loss: 0.313393
2026-08-18 00:42: Train Epoch 11: 120/1641 Loss: 0.282491
2026-08-18 00:42: Train Epoch 11: 140/1641 Loss: 0.298035
2026-08-18 00:42: Train Epoch 11: 160/1641 Loss: 0.301612
2026-08-18 00:42: Train Epoch 11: 180/1641 Loss: 0.324324
2026-08-18 00:42: Train Epoch 11: 200/1641 Loss: 0.302364
2026-08-18 00:42: Train Epoch 11: 220/1641 Loss: 0.303812
2026-08-18 00:42: Train Epoch 11: 240/1641 Loss: 0.294034
2026-08-18 00:42: Train Epoch 11: 260/1641 Loss: 0.297211
2026-08-18 00:42: Train Epoch 11: 280/1641 Loss: 0.324685
2026-08-18 00:42: Train Epoch 11: 300/1641 Loss: 0.288798
2026-08-18 00:42: Train Epoch 11: 320/1641 Loss: 0.300685
2026-08-18 00:42: Train Epoch 11: 340/1641 Loss: 0.306367
2026-08-18 00:42: Train Epoch 11: 360/1641 Loss: 0.288283
2026-08-18 00:42: Train Epoch 11: 380/1641 Loss: 0.315207
2026-08-18 00:42: Train Epoch 11: 400/1641 Loss: 0.301625
2026-08-18 00:42: Train Epoch 11: 420/1641 Loss: 0.276421
2026-08-18 00:42: Train Epoch 11: 440/1641 Loss: 0.280612
2026-08-18 00:42: Train Epoch 11: 460/1641 Loss: 0.293387
2026-08-18 00:43: Train Epoch 11: 480/1641 Loss: 0.309023
2026-08-18 00:43: Train Epoch 11: 500/1641 Loss: 0.289137
2026-08-18 00:43: Train Epoch 11: 520/1641 Loss: 0.301507
2026-08-18 00:43: Train Epoch 11: 540/1641 Loss: 0.317098
2026-08-18 00:43: Train Epoch 11: 560/1641 Loss: 0.294578
2026-08-18 00:43: Train Epoch 11: 580/1641 Loss: 0.294197
2026-08-18 00:43: Train Epoch 11: 600/1641 Loss: 0.304963
2026-08-18 00:43: Train Epoch 11: 620/1641 Loss: 0.296726
2026-08-18 00:43: Train Epoch 11: 640/1641 Loss: 0.284465
2026-08-18 00:43: Train Epoch 11: 660/1641 Loss: 0.288100
2026-08-18 00:43: Train Epoch 11: 680/1641 Loss: 0.298477
2026-08-18 00:43: Train Epoch 11: 700/1641 Loss: 0.284745
2026-08-18 00:43: Train Epoch 11: 720/1641 Loss: 0.294966
2026-08-18 00:43: Train Epoch 11: 740/1641 Loss: 0.316856
2026-08-18 00:43: Train Epoch 11: 760/1641 Loss: 0.291604
2026-08-18 00:43: Train Epoch 11: 780/1641 Loss: 0.291055
2026-08-18 00:43: Train Epoch 11: 800/1641 Loss: 0.295064
2026-08-18 00:43: Train Epoch 11: 820/1641 Loss: 0.302708
2026-08-18 00:43: Train Epoch 11: 840/1641 Loss: 0.259729
2026-08-18 00:43: Train Epoch 11: 860/1641 Loss: 0.308352
2026-08-18 00:43: Train Epoch 11: 880/1641 Loss: 0.278560
2026-08-18 00:43: Train Epoch 11: 900/1641 Loss: 0.293572
2026-08-18 00:43: Train Epoch 11: 920/1641 Loss: 0.282082
2026-08-18 00:44: Train Epoch 11: 940/1641 Loss: 0.289192
2026-08-18 00:44: Train Epoch 11: 960/1641 Loss: 0.308318
2026-08-18 00:44: Train Epoch 11: 980/1641 Loss: 0.291415
2026-08-18 00:44: Train Epoch 11: 1000/1641 Loss: 0.279669
2026-08-18 00:44: Train Epoch 11: 1020/1641 Loss: 0.299867
2026-08-18 00:44: Train Epoch 11: 1040/1641 Loss: 0.286297
2026-08-18 00:44: Train Epoch 11: 1060/1641 Loss: 0.291224
2026-08-18 00:44: Train Epoch 11: 1080/1641 Loss: 0.273470
2026-08-18 00:44: Train Epoch 11: 1100/1641 Loss: 0.282738
2026-08-18 00:44: Train Epoch 11: 1120/1641 Loss: 0.292511
2026-08-18 00:44: Train Epoch 11: 1140/1641 Loss: 0.303982
2026-08-18 00:44: Train Epoch 11: 1160/1641 Loss: 0.283425
2026-08-18 00:44: Train Epoch 11: 1180/1641 Loss: 0.299630
2026-08-18 00:44: Train Epoch 11: 1200/1641 Loss: 0.274567
2026-08-18 00:44: Train Epoch 11: 1220/1641 Loss: 0.302517
2026-08-18 00:44: Train Epoch 11: 1240/1641 Loss: 0.293247
2026-08-18 00:44: Train Epoch 11: 1260/1641 Loss: 0.267416
2026-08-18 00:44: Train Epoch 11: 1280/1641 Loss: 0.305473
2026-08-18 00:44: Train Epoch 11: 1300/1641 Loss: 0.320596
2026-08-18 00:44: Train Epoch 11: 1320/1641 Loss: 0.301846
2026-08-18 00:44: Train Epoch 11: 1340/1641 Loss: 0.288270
2026-08-18 00:44: Train Epoch 11: 1360/1641 Loss: 0.302285
2026-08-18 00:44: Train Epoch 11: 1380/1641 Loss: 0.276731
2026-08-18 00:45: Train Epoch 11: 1400/1641 Loss: 0.285523
2026-08-18 00:45: Train Epoch 11: 1420/1641 Loss: 0.278241
2026-08-18 00:45: Train Epoch 11: 1440/1641 Loss: 0.289718
2026-08-18 00:45: Train Epoch 11: 1460/1641 Loss: 0.294377
2026-08-18 00:45: Train Epoch 11: 1480/1641 Loss: 0.296451
2026-08-18 00:45: Train Epoch 11: 1500/1641 Loss: 0.286436
2026-08-18 00:45: Train Epoch 11: 1520/1641 Loss: 0.309678
2026-08-18 00:45: Train Epoch 11: 1540/1641 Loss: 0.301446
2026-08-18 00:45: Train Epoch 11: 1560/1641 Loss: 0.305931
2026-08-18 00:45: Train Epoch 11: 1580/1641 Loss: 0.279724
2026-08-18 00:45: Train Epoch 11: 1600/1641 Loss: 0.290473
2026-08-18 00:45: Train Epoch 11: 1620/1641 Loss: 0.284630
2026-08-18 00:45: Train Epoch 11: 1640/1641 Loss: 0.292224
2026-08-18 00:45: **********Train Epoch 11: averaged Loss: 0.294235, tf_ratio: 1.000000
2026-08-18 00:45: **********Val Epoch 11: average Loss: 0.313443
2026-08-18 00:45: Train Epoch 12: 0/1641 Loss: 0.309276
2026-08-18 00:45: Train Epoch 12: 20/1641 Loss: 0.284366
2026-08-18 00:45: Train Epoch 12: 40/1641 Loss: 0.306274
2026-08-18 00:46: Train Epoch 12: 60/1641 Loss: 0.284627
2026-08-18 00:46: Train Epoch 12: 80/1641 Loss: 0.272652
2026-08-18 00:46: Train Epoch 12: 100/1641 Loss: 0.268315
2026-08-18 00:46: Train Epoch 12: 120/1641 Loss: 0.286213
2026-08-18 00:46: Train Epoch 12: 140/1641 Loss: 0.284162
2026-08-18 00:46: Train Epoch 12: 160/1641 Loss: 0.282761
2026-08-18 00:46: Train Epoch 12: 180/1641 Loss: 0.300254
2026-08-18 00:46: Train Epoch 12: 200/1641 Loss: 0.298579
2026-08-18 00:46: Train Epoch 12: 220/1641 Loss: 0.313431
2026-08-18 00:46: Train Epoch 12: 240/1641 Loss: 0.296648
2026-08-18 00:46: Train Epoch 12: 260/1641 Loss: 0.295230
2026-08-18 00:46: Train Epoch 12: 280/1641 Loss: 0.295630
2026-08-18 00:46: Train Epoch 12: 300/1641 Loss: 0.291498
2026-08-18 00:46: Train Epoch 12: 320/1641 Loss: 0.310520
2026-08-18 00:46: Train Epoch 12: 340/1641 Loss: 0.291093
2026-08-18 00:46: Train Epoch 12: 360/1641 Loss: 0.263164
2026-08-18 00:46: Train Epoch 12: 380/1641 Loss: 0.302095
2026-08-18 00:46: Train Epoch 12: 400/1641 Loss: 0.290455
2026-08-18 00:46: Train Epoch 12: 420/1641 Loss: 0.291965
2026-08-18 00:46: Train Epoch 12: 440/1641 Loss: 0.310564
2026-08-18 00:46: Train Epoch 12: 460/1641 Loss: 0.288237
2026-08-18 00:46: Train Epoch 12: 480/1641 Loss: 0.296678
2026-08-18 00:47: Train Epoch 12: 500/1641 Loss: 0.289869
2026-08-18 00:47: Train Epoch 12: 520/1641 Loss: 0.288019
2026-08-18 00:47: Train Epoch 12: 540/1641 Loss: 0.273906
2026-08-18 00:47: Train Epoch 12: 560/1641 Loss: 0.285424
2026-08-18 00:47: Train Epoch 12: 580/1641 Loss: 0.295853
2026-08-18 00:47: Train Epoch 12: 600/1641 Loss: 0.304147
2026-08-18 00:47: Train Epoch 12: 620/1641 Loss: 0.297095
2026-08-18 00:47: Train Epoch 12: 640/1641 Loss: 0.298936
2026-08-18 00:47: Train Epoch 12: 660/1641 Loss: 0.308072
2026-08-18 00:47: Train Epoch 12: 680/1641 Loss: 0.288649
2026-08-18 00:47: Train Epoch 12: 700/1641 Loss: 0.289327
2026-08-18 00:47: Train Epoch 12: 720/1641 Loss: 0.295612
2026-08-18 00:47: Train Epoch 12: 740/1641 Loss: 0.311921
2026-08-18 00:47: Train Epoch 12: 760/1641 Loss: 0.308551
2026-08-18 00:47: Train Epoch 12: 780/1641 Loss: 0.319564
2026-08-18 00:47: Train Epoch 12: 800/1641 Loss: 0.275957
2026-08-18 00:47: Train Epoch 12: 820/1641 Loss: 0.314554
2026-08-18 00:47: Train Epoch 12: 840/1641 Loss: 0.284867
2026-08-18 00:47: Train Epoch 12: 860/1641 Loss: 0.285831
2026-08-18 00:47: Train Epoch 12: 880/1641 Loss: 0.274391
2026-08-18 00:47: Train Epoch 12: 900/1641 Loss: 0.285028
2026-08-18 00:47: Train Epoch 12: 920/1641 Loss: 0.276491
2026-08-18 00:47: Train Epoch 12: 940/1641 Loss: 0.295393
2026-08-18 00:48: Train Epoch 12: 960/1641 Loss: 0.294501
2026-08-18 00:48: Train Epoch 12: 980/1641 Loss: 0.259654
2026-08-18 00:48: Train Epoch 12: 1000/1641 Loss: 0.289191
2026-08-18 00:48: Train Epoch 12: 1020/1641 Loss: 0.297338
2026-08-18 00:48: Train Epoch 12: 1040/1641 Loss: 0.295353
2026-08-18 00:48: Train Epoch 12: 1060/1641 Loss: 0.293212
2026-08-18 00:48: Train Epoch 12: 1080/1641 Loss: 0.289703
2026-08-18 00:48: Train Epoch 12: 1100/1641 Loss: 0.299265
2026-08-18 00:48: Train Epoch 12: 1120/1641 Loss: 0.288954
2026-08-18 00:48: Train Epoch 12: 1140/1641 Loss: 0.290625
2026-08-18 00:48: Train Epoch 12: 1160/1641 Loss: 0.299238
2026-08-18 00:48: Train Epoch 12: 1180/1641 Loss: 0.294201
2026-08-18 00:48: Train Epoch 12: 1200/1641 Loss: 0.272964
2026-08-18 00:48: Train Epoch 12: 1220/1641 Loss: 0.288590
2026-08-18 00:48: Train Epoch 12: 1240/1641 Loss: 0.273061
2026-08-18 00:48: Train Epoch 12: 1260/1641 Loss: 0.297274
2026-08-18 00:48: Train Epoch 12: 1280/1641 Loss: 0.296795
2026-08-18 00:48: Train Epoch 12: 1300/1641 Loss: 0.283023
2026-08-18 00:48: Train Epoch 12: 1320/1641 Loss: 0.295269
2026-08-18 00:48: Train Epoch 12: 1340/1641 Loss: 0.310865
2026-08-18 00:48: Train Epoch 12: 1360/1641 Loss: 0.288898
2026-08-18 00:48: Train Epoch 12: 1380/1641 Loss: 0.270458
2026-08-18 00:48: Train Epoch 12: 1400/1641 Loss: 0.290882
2026-08-18 00:48: Train Epoch 12: 1420/1641 Loss: 0.266441
2026-08-18 00:49: Train Epoch 12: 1440/1641 Loss: 0.272574
2026-08-18 00:49: Train Epoch 12: 1460/1641 Loss: 0.292332
2026-08-18 00:49: Train Epoch 12: 1480/1641 Loss: 0.288610
2026-08-18 00:49: Train Epoch 12: 1500/1641 Loss: 0.280997
2026-08-18 00:49: Train Epoch 12: 1520/1641 Loss: 0.287161
2026-08-18 00:49: Train Epoch 12: 1540/1641 Loss: 0.280375
2026-08-18 00:49: Train Epoch 12: 1560/1641 Loss: 0.282703
2026-08-18 00:49: Train Epoch 12: 1580/1641 Loss: 0.268240
2026-08-18 00:49: Train Epoch 12: 1600/1641 Loss: 0.311612
2026-08-18 00:49: Train Epoch 12: 1620/1641 Loss: 0.292805
2026-08-18 00:49: Train Epoch 12: 1640/1641 Loss: 0.279763
2026-08-18 00:49: **********Train Epoch 12: averaged Loss: 0.290304, tf_ratio: 1.000000
2026-08-18 00:49: **********Val Epoch 12: average Loss: 0.319308
2026-08-18 00:49: Train Epoch 13: 0/1641 Loss: 0.281785
2026-08-18 00:49: Train Epoch 13: 20/1641 Loss: 0.299072
2026-08-18 00:49: Train Epoch 13: 40/1641 Loss: 0.283137
2026-08-18 00:49: Train Epoch 13: 60/1641 Loss: 0.287685
2026-08-18 00:49: Train Epoch 13: 80/1641 Loss: 0.296589
2026-08-18 00:50: Train Epoch 13: 100/1641 Loss: 0.272140
2026-08-18 00:50: Train Epoch 13: 120/1641 Loss: 0.269591
2026-08-18 00:50: Train Epoch 13: 140/1641 Loss: 0.276810
2026-08-18 00:50: Train Epoch 13: 160/1641 Loss: 0.279949
2026-08-18 00:50: Train Epoch 13: 180/1641 Loss: 0.315367
2026-08-18 00:50: Train Epoch 13: 200/1641 Loss: 0.284279
2026-08-18 00:50: Train Epoch 13: 220/1641 Loss: 0.261158
2026-08-18 00:50: Train Epoch 13: 240/1641 Loss: 0.281955
2026-08-18 00:50: Train Epoch 13: 260/1641 Loss: 0.299878
2026-08-18 00:50: Train Epoch 13: 280/1641 Loss: 0.276091
2026-08-18 00:50: Train Epoch 13: 300/1641 Loss: 0.287889
2026-08-18 00:50: Train Epoch 13: 320/1641 Loss: 0.281019
2026-08-18 00:50: Train Epoch 13: 340/1641 Loss: 0.296395
2026-08-18 00:50: Train Epoch 13: 360/1641 Loss: 0.302446
2026-08-18 00:50: Train Epoch 13: 380/1641 Loss: 0.298091
2026-08-18 00:50: Train Epoch 13: 400/1641 Loss: 0.264180
2026-08-18 00:50: Train Epoch 13: 420/1641 Loss: 0.280351
2026-08-18 00:50: Train Epoch 13: 440/1641 Loss: 0.254997
2026-08-18 00:50: Train Epoch 13: 460/1641 Loss: 0.268841
2026-08-18 00:50: Train Epoch 13: 480/1641 Loss: 0.281044
2026-08-18 00:50: Train Epoch 13: 500/1641 Loss: 0.286910
2026-08-18 00:50: Train Epoch 13: 520/1641 Loss: 0.283426
2026-08-18 00:50: Train Epoch 13: 540/1641 Loss: 0.296443
2026-08-18 00:51: Train Epoch 13: 560/1641 Loss: 0.301128
2026-08-18 00:51: Train Epoch 13: 580/1641 Loss: 0.292619
2026-08-18 00:51: Train Epoch 13: 600/1641 Loss: 0.313532
2026-08-18 00:51: Train Epoch 13: 620/1641 Loss: 0.285003
2026-08-18 00:51: Train Epoch 13: 640/1641 Loss: 0.284593
2026-08-18 00:51: Train Epoch 13: 660/1641 Loss: 0.288727
2026-08-18 00:51: Train Epoch 13: 680/1641 Loss: 0.297596
2026-08-18 00:51: Train Epoch 13: 700/1641 Loss: 0.265984
2026-08-18 00:51: Train Epoch 13: 720/1641 Loss: 0.306406
2026-08-18 00:51: Train Epoch 13: 740/1641 Loss: 0.257305
2026-08-18 00:51: Train Epoch 13: 760/1641 Loss: 0.279406
2026-08-18 00:51: Train Epoch 13: 780/1641 Loss: 0.291716
2026-08-18 00:51: Train Epoch 13: 800/1641 Loss: 0.282057
2026-08-18 00:51: Train Epoch 13: 820/1641 Loss: 0.277893
2026-08-18 00:51: Train Epoch 13: 840/1641 Loss: 0.274588
2026-08-18 00:51: Train Epoch 13: 860/1641 Loss: 0.289560
2026-08-18 00:51: Train Epoch 13: 880/1641 Loss: 0.274151
2026-08-18 00:51: Train Epoch 13: 900/1641 Loss: 0.274043
2026-08-18 00:51: Train Epoch 13: 920/1641 Loss: 0.300571
2026-08-18 00:51: Train Epoch 13: 940/1641 Loss: 0.300502
2026-08-18 00:51: Train Epoch 13: 960/1641 Loss: 0.297709
2026-08-18 00:51: Train Epoch 13: 980/1641 Loss: 0.276335
2026-08-18 00:51: Train Epoch 13: 1000/1641 Loss: 0.251053
2026-08-18 00:52: Train Epoch 13: 1020/1641 Loss: 0.282920
2026-08-18 00:52: Train Epoch 13: 1040/1641 Loss: 0.291861
2026-08-18 00:52: Train Epoch 13: 1060/1641 Loss: 0.275120
2026-08-18 00:52: Train Epoch 13: 1080/1641 Loss: 0.290712
2026-08-18 00:52: Train Epoch 13: 1100/1641 Loss: 0.303973
2026-08-18 00:52: Train Epoch 13: 1120/1641 Loss: 0.321316
2026-08-18 00:52: Train Epoch 13: 1140/1641 Loss: 0.280612
2026-08-18 00:52: Train Epoch 13: 1160/1641 Loss: 0.304465
2026-08-18 00:52: Train Epoch 13: 1180/1641 Loss: 0.283771
2026-08-18 00:52: Train Epoch 13: 1200/1641 Loss: 0.282883
2026-08-18 00:52: Train Epoch 13: 1220/1641 Loss: 0.293249
2026-08-18 00:52: Train Epoch 13: 1240/1641 Loss: 0.283440
2026-08-18 00:52: Train Epoch 13: 1260/1641 Loss: 0.272472
2026-08-18 00:52: Train Epoch 13: 1280/1641 Loss: 0.288843
2026-08-18 00:52: Train Epoch 13: 1300/1641 Loss: 0.286310
2026-08-18 00:52: Train Epoch 13: 1320/1641 Loss: 0.276786
2026-08-18 00:52: Train Epoch 13: 1340/1641 Loss: 0.275467
2026-08-18 00:52: Train Epoch 13: 1360/1641 Loss: 0.330033
2026-08-18 00:52: Train Epoch 13: 1380/1641 Loss: 0.268875
2026-08-18 00:52: Train Epoch 13: 1400/1641 Loss: 0.286643
2026-08-18 00:52: Train Epoch 13: 1420/1641 Loss: 0.258753
2026-08-18 00:52: Train Epoch 13: 1440/1641 Loss: 0.276987
2026-08-18 00:52: Train Epoch 13: 1460/1641 Loss: 0.262823
2026-08-18 00:53: Train Epoch 13: 1480/1641 Loss: 0.296664
2026-08-18 00:53: Train Epoch 13: 1500/1641 Loss: 0.278860
2026-08-18 00:53: Train Epoch 13: 1520/1641 Loss: 0.289530
2026-08-18 00:53: Train Epoch 13: 1540/1641 Loss: 0.301696
2026-08-18 00:53: Train Epoch 13: 1560/1641 Loss: 0.281087
2026-08-18 00:53: Train Epoch 13: 1580/1641 Loss: 0.292349
2026-08-18 00:53: Train Epoch 13: 1600/1641 Loss: 0.265375
2026-08-18 00:53: Train Epoch 13: 1620/1641 Loss: 0.280719
2026-08-18 00:53: Train Epoch 13: 1640/1641 Loss: 0.291312
2026-08-18 00:53: **********Train Epoch 13: averaged Loss: 0.286255, tf_ratio: 1.000000
2026-08-18 00:53: **********Val Epoch 13: average Loss: 0.311472
2026-08-18 00:53: Train Epoch 14: 0/1641 Loss: 0.272775
2026-08-18 00:53: Train Epoch 14: 20/1641 Loss: 0.289755
2026-08-18 00:53: Train Epoch 14: 40/1641 Loss: 0.268201
2026-08-18 00:53: Train Epoch 14: 60/1641 Loss: 0.282863
2026-08-18 00:53: Train Epoch 14: 80/1641 Loss: 0.286466
2026-08-18 00:53: Train Epoch 14: 100/1641 Loss: 0.275166
2026-08-18 00:53: Train Epoch 14: 120/1641 Loss: 0.262310
2026-08-18 00:54: Train Epoch 14: 140/1641 Loss: 0.267313
2026-08-18 00:54: Train Epoch 14: 160/1641 Loss: 0.294358
2026-08-18 00:54: Train Epoch 14: 180/1641 Loss: 0.283991
2026-08-18 00:54: Train Epoch 14: 200/1641 Loss: 0.290972
2026-08-18 00:54: Train Epoch 14: 220/1641 Loss: 0.292073
2026-08-18 00:54: Train Epoch 14: 240/1641 Loss: 0.279150
2026-08-18 00:54: Train Epoch 14: 260/1641 Loss: 0.278555
2026-08-18 00:54: Train Epoch 14: 280/1641 Loss: 0.279663
2026-08-18 00:54: Train Epoch 14: 300/1641 Loss: 0.295363
2026-08-18 00:54: Train Epoch 14: 320/1641 Loss: 0.296292
2026-08-18 00:54: Train Epoch 14: 340/1641 Loss: 0.274554
2026-08-18 00:54: Train Epoch 14: 360/1641 Loss: 0.280411
2026-08-18 00:54: Train Epoch 14: 380/1641 Loss: 0.276001
2026-08-18 00:54: Train Epoch 14: 400/1641 Loss: 0.264211
2026-08-18 00:54: Train Epoch 14: 420/1641 Loss: 0.310926
2026-08-18 00:54: Train Epoch 14: 440/1641 Loss: 0.275830
2026-08-18 00:54: Train Epoch 14: 460/1641 Loss: 0.287613
2026-08-18 00:54: Train Epoch 14: 480/1641 Loss: 0.290302
2026-08-18 00:54: Train Epoch 14: 500/1641 Loss: 0.283969
2026-08-18 00:54: Train Epoch 14: 520/1641 Loss: 0.286936
2026-08-18 00:54: Train Epoch 14: 540/1641 Loss: 0.280308
2026-08-18 00:54: Train Epoch 14: 560/1641 Loss: 0.277280
2026-08-18 00:54: Train Epoch 14: 580/1641 Loss: 0.277483
2026-08-18 00:55: Train Epoch 14: 600/1641 Loss: 0.283640
2026-08-18 00:55: Train Epoch 14: 620/1641 Loss: 0.283457
2026-08-18 00:55: Train Epoch 14: 640/1641 Loss: 0.278175
2026-08-18 00:55: Train Epoch 14: 660/1641 Loss: 0.264299
2026-08-18 00:55: Train Epoch 14: 680/1641 Loss: 0.284780
2026-08-18 00:55: Train Epoch 14: 700/1641 Loss: 0.290497
2026-08-18 00:55: Train Epoch 14: 720/1641 Loss: 0.302175
2026-08-18 00:55: Train Epoch 14: 740/1641 Loss: 0.283053
2026-08-18 00:55: Train Epoch 14: 760/1641 Loss: 0.281903
2026-08-18 00:55: Train Epoch 14: 780/1641 Loss: 0.309566
2026-08-18 00:55: Train Epoch 14: 800/1641 Loss: 0.275055
2026-08-18 00:55: Train Epoch 14: 820/1641 Loss: 0.279751
2026-08-18 00:55: Train Epoch 14: 840/1641 Loss: 0.279699
2026-08-18 00:55: Train Epoch 14: 860/1641 Loss: 0.284979
2026-08-18 00:55: Train Epoch 14: 880/1641 Loss: 0.282641
2026-08-18 00:55: Train Epoch 14: 900/1641 Loss: 0.271814
2026-08-18 00:55: Train Epoch 14: 920/1641 Loss: 0.265029
2026-08-18 00:55: Train Epoch 14: 940/1641 Loss: 0.267341
2026-08-18 00:55: Train Epoch 14: 960/1641 Loss: 0.285498
2026-08-18 00:55: Train Epoch 14: 980/1641 Loss: 0.290273
2026-08-18 00:55: Train Epoch 14: 1000/1641 Loss: 0.287307
2026-08-18 00:55: Train Epoch 14: 1020/1641 Loss: 0.286483
2026-08-18 00:55: Train Epoch 14: 1040/1641 Loss: 0.275236
2026-08-18 00:56: Train Epoch 14: 1060/1641 Loss: 0.265955
2026-08-18 00:56: Train Epoch 14: 1080/1641 Loss: 0.282261
2026-08-18 00:56: Train Epoch 14: 1100/1641 Loss: 0.278611
2026-08-18 00:56: Train Epoch 14: 1120/1641 Loss: 0.271477
2026-08-18 00:56: Train Epoch 14: 1140/1641 Loss: 0.271772
2026-08-18 00:56: Train Epoch 14: 1160/1641 Loss: 0.285176
2026-08-18 00:56: Train Epoch 14: 1180/1641 Loss: 0.264944
2026-08-18 00:56: Train Epoch 14: 1200/1641 Loss: 0.292434
2026-08-18 00:56: Train Epoch 14: 1220/1641 Loss: 0.278097
2026-08-18 00:56: Train Epoch 14: 1240/1641 Loss: 0.286981
2026-08-18 00:56: Train Epoch 14: 1260/1641 Loss: 0.265606
2026-08-18 00:56: Train Epoch 14: 1280/1641 Loss: 0.286923
2026-08-18 00:56: Train Epoch 14: 1300/1641 Loss: 0.283044
2026-08-18 00:56: Train Epoch 14: 1320/1641 Loss: 0.257801
2026-08-18 00:56: Train Epoch 14: 1340/1641 Loss: 0.276329
2026-08-18 00:56: Train Epoch 14: 1360/1641 Loss: 0.297015
2026-08-18 00:56: Train Epoch 14: 1380/1641 Loss: 0.291053
2026-08-18 00:56: Train Epoch 14: 1400/1641 Loss: 0.283222
2026-08-18 00:56: Train Epoch 14: 1420/1641 Loss: 0.298646
2026-08-18 00:56: Train Epoch 14: 1440/1641 Loss: 0.277975
2026-08-18 00:56: Train Epoch 14: 1460/1641 Loss: 0.280621
2026-08-18 00:56: Train Epoch 14: 1480/1641 Loss: 0.306041
2026-08-18 00:57: Train Epoch 14: 1500/1641 Loss: 0.316192
2026-08-18 00:57: Train Epoch 14: 1520/1641 Loss: 0.295751
2026-08-18 00:57: Train Epoch 14: 1540/1641 Loss: 0.305294
2026-08-18 00:57: Train Epoch 14: 1560/1641 Loss: 0.274683
2026-08-18 00:57: Train Epoch 14: 1580/1641 Loss: 0.264096
2026-08-18 00:57: Train Epoch 14: 1600/1641 Loss: 0.272112
2026-08-18 00:57: Train Epoch 14: 1620/1641 Loss: 0.279296
2026-08-18 00:57: Train Epoch 14: 1640/1641 Loss: 0.276447
2026-08-18 00:57: **********Train Epoch 14: averaged Loss: 0.282030, tf_ratio: 1.000000
2026-08-18 00:57: **********Val Epoch 14: average Loss: 0.322917
2026-08-18 00:57: Train Epoch 15: 0/1641 Loss: 0.275985
2026-08-18 00:57: Train Epoch 15: 20/1641 Loss: 0.280533
2026-08-18 00:57: Train Epoch 15: 40/1641 Loss: 0.262879
2026-08-18 00:57: Train Epoch 15: 60/1641 Loss: 0.280812
2026-08-18 00:57: Train Epoch 15: 80/1641 Loss: 0.274856
2026-08-18 00:57: Train Epoch 15: 100/1641 Loss: 0.292882
2026-08-18 00:57: Train Epoch 15: 120/1641 Loss: 0.264751
2026-08-18 00:57: Train Epoch 15: 140/1641 Loss: 0.279795
2026-08-18 00:58: Train Epoch 15: 160/1641 Loss: 0.261267
2026-08-18 00:58: Train Epoch 15: 180/1641 Loss: 0.262313
2026-08-18 00:58: Train Epoch 15: 200/1641 Loss: 0.268586
2026-08-18 00:58: Train Epoch 15: 220/1641 Loss: 0.267638
2026-08-18 00:58: Train Epoch 15: 240/1641 Loss: 0.298760
2026-08-18 00:58: Train Epoch 15: 260/1641 Loss: 0.290359
2026-08-18 00:58: Train Epoch 15: 280/1641 Loss: 0.274492
2026-08-18 00:58: Train Epoch 15: 300/1641 Loss: 0.281626
2026-08-18 00:58: Train Epoch 15: 320/1641 Loss: 0.288394
2026-08-18 00:58: Train Epoch 15: 340/1641 Loss: 0.300800
2026-08-18 00:58: Train Epoch 15: 360/1641 Loss: 0.282477
2026-08-18 00:58: Train Epoch 15: 380/1641 Loss: 0.267113
2026-08-18 00:58: Train Epoch 15: 400/1641 Loss: 0.264818
2026-08-18 00:58: Train Epoch 15: 420/1641 Loss: 0.294267
2026-08-18 00:58: Train Epoch 15: 440/1641 Loss: 0.260120
2026-08-18 00:58: Train Epoch 15: 460/1641 Loss: 0.270404
2026-08-18 00:58: Train Epoch 15: 480/1641 Loss: 0.277097
2026-08-18 00:58: Train Epoch 15: 500/1641 Loss: 0.263960
2026-08-18 00:58: Train Epoch 15: 520/1641 Loss: 0.260429
2026-08-18 00:58: Train Epoch 15: 540/1641 Loss: 0.278668
2026-08-18 00:58: Train Epoch 15: 560/1641 Loss: 0.263243
2026-08-18 00:58: Train Epoch 15: 580/1641 Loss: 0.265716
2026-08-18 00:58: Train Epoch 15: 600/1641 Loss: 0.290976
2026-08-18 00:59: Train Epoch 15: 620/1641 Loss: 0.261832
2026-08-18 00:59: Train Epoch 15: 640/1641 Loss: 0.281566
2026-08-18 00:59: Train Epoch 15: 660/1641 Loss: 0.280312
2026-08-18 00:59: Train Epoch 15: 680/1641 Loss: 0.276122
2026-08-18 00:59: Train Epoch 15: 700/1641 Loss: 0.289674
2026-08-18 00:59: Train Epoch 15: 720/1641 Loss: 0.265846
2026-08-18 00:59: Train Epoch 15: 740/1641 Loss: 0.263552
2026-08-18 00:59: Train Epoch 15: 760/1641 Loss: 0.288406
2026-08-18 00:59: Train Epoch 15: 780/1641 Loss: 0.292916
2026-08-18 00:59: Train Epoch 15: 800/1641 Loss: 0.265044
2026-08-18 00:59: Train Epoch 15: 820/1641 Loss: 0.290815
2026-08-18 00:59: Train Epoch 15: 840/1641 Loss: 0.269849
2026-08-18 00:59: Train Epoch 15: 860/1641 Loss: 0.267069
2026-08-18 00:59: Train Epoch 15: 880/1641 Loss: 0.276176
2026-08-18 00:59: Train Epoch 15: 900/1641 Loss: 0.272513
2026-08-18 00:59: Train Epoch 15: 920/1641 Loss: 0.266855
2026-08-18 00:59: Train Epoch 15: 940/1641 Loss: 0.274346
2026-08-18 00:59: Train Epoch 15: 960/1641 Loss: 0.290909
2026-08-18 00:59: Train Epoch 15: 980/1641 Loss: 0.268335
2026-08-18 00:59: Train Epoch 15: 1000/1641 Loss: 0.270805
2026-08-18 00:59: Train Epoch 15: 1020/1641 Loss: 0.274745
2026-08-18 00:59: Train Epoch 15: 1040/1641 Loss: 0.275488
2026-08-18 00:59: Train Epoch 15: 1060/1641 Loss: 0.274520
2026-08-18 01:00: Train Epoch 15: 1080/1641 Loss: 0.259675
2026-08-18 01:00: Train Epoch 15: 1100/1641 Loss: 0.281929
2026-08-18 01:00: Train Epoch 15: 1120/1641 Loss: 0.289879
2026-08-18 01:00: Train Epoch 15: 1140/1641 Loss: 0.312651
2026-08-18 01:00: Train Epoch 15: 1160/1641 Loss: 0.285499
2026-08-18 01:00: Train Epoch 15: 1180/1641 Loss: 0.269445
2026-08-18 01:00: Train Epoch 15: 1200/1641 Loss: 0.278999
2026-08-18 01:00: Train Epoch 15: 1220/1641 Loss: 0.263337
2026-08-18 01:00: Train Epoch 15: 1240/1641 Loss: 0.284401
2026-08-18 01:00: Train Epoch 15: 1260/1641 Loss: 0.281017
2026-08-18 01:00: Train Epoch 15: 1280/1641 Loss: 0.276144
2026-08-18 01:00: Train Epoch 15: 1300/1641 Loss: 0.291115
2026-08-18 01:00: Train Epoch 15: 1320/1641 Loss: 0.274752
2026-08-18 01:00: Train Epoch 15: 1340/1641 Loss: 0.277437
2026-08-18 01:00: Train Epoch 15: 1360/1641 Loss: 0.259322
2026-08-18 01:00: Train Epoch 15: 1380/1641 Loss: 0.296377
2026-08-18 01:00: Train Epoch 15: 1400/1641 Loss: 0.297216
2026-08-18 01:00: Train Epoch 15: 1420/1641 Loss: 0.265986
2026-08-18 01:00: Train Epoch 15: 1440/1641 Loss: 0.273384
2026-08-18 01:00: Train Epoch 15: 1460/1641 Loss: 0.286107
2026-08-18 01:00: Train Epoch 15: 1480/1641 Loss: 0.272798
2026-08-18 01:00: Train Epoch 15: 1500/1641 Loss: 0.275357
2026-08-18 01:00: Train Epoch 15: 1520/1641 Loss: 0.277488
2026-08-18 01:01: Train Epoch 15: 1540/1641 Loss: 0.281343
2026-08-18 01:01: Train Epoch 15: 1560/1641 Loss: 0.266644
2026-08-18 01:01: Train Epoch 15: 1580/1641 Loss: 0.275853
2026-08-18 01:01: Train Epoch 15: 1600/1641 Loss: 0.270787
2026-08-18 01:01: Train Epoch 15: 1620/1641 Loss: 0.265833
2026-08-18 01:01: Train Epoch 15: 1640/1641 Loss: 0.258618
2026-08-18 01:01: **********Train Epoch 15: averaged Loss: 0.278224, tf_ratio: 1.000000
2026-08-18 01:01: **********Val Epoch 15: average Loss: 0.316959
2026-08-18 01:01: Train Epoch 16: 0/1641 Loss: 0.286569
2026-08-18 01:01: Train Epoch 16: 20/1641 Loss: 0.278638
2026-08-18 01:01: Train Epoch 16: 40/1641 Loss: 0.258199
2026-08-18 01:01: Train Epoch 16: 60/1641 Loss: 0.279541
2026-08-18 01:01: Train Epoch 16: 80/1641 Loss: 0.278724
2026-08-18 01:01: Train Epoch 16: 100/1641 Loss: 0.269771
2026-08-18 01:01: Train Epoch 16: 120/1641 Loss: 0.276155
2026-08-18 01:01: Train Epoch 16: 140/1641 Loss: 0.289057
2026-08-18 01:01: Train Epoch 16: 160/1641 Loss: 0.283852
2026-08-18 01:01: Train Epoch 16: 180/1641 Loss: 0.291804
2026-08-18 01:02: Train Epoch 16: 200/1641 Loss: 0.277932
2026-08-18 01:02: Train Epoch 16: 220/1641 Loss: 0.264329
2026-08-18 01:02: Train Epoch 16: 240/1641 Loss: 0.258061
2026-08-18 01:02: Train Epoch 16: 260/1641 Loss: 0.269079
2026-08-18 01:02: Train Epoch 16: 280/1641 Loss: 0.276418
2026-08-18 01:02: Train Epoch 16: 300/1641 Loss: 0.290267
2026-08-18 01:02: Train Epoch 16: 320/1641 Loss: 0.294501
2026-08-18 01:02: Train Epoch 16: 340/1641 Loss: 0.255683
2026-08-18 01:02: Train Epoch 16: 360/1641 Loss: 0.276209
2026-08-18 01:02: Train Epoch 16: 380/1641 Loss: 0.297118
2026-08-18 01:02: Train Epoch 16: 400/1641 Loss: 0.275037
2026-08-18 01:02: Train Epoch 16: 420/1641 Loss: 0.282876
2026-08-18 01:02: Train Epoch 16: 440/1641 Loss: 0.289381
2026-08-18 01:02: Train Epoch 16: 460/1641 Loss: 0.284566
2026-08-18 01:02: Train Epoch 16: 480/1641 Loss: 0.279388
2026-08-18 01:02: Train Epoch 16: 500/1641 Loss: 0.252856
2026-08-18 01:02: Train Epoch 16: 520/1641 Loss: 0.281062
2026-08-18 01:02: Train Epoch 16: 540/1641 Loss: 0.310294
2026-08-18 01:02: Train Epoch 16: 560/1641 Loss: 0.272644
2026-08-18 01:02: Train Epoch 16: 580/1641 Loss: 0.245829
2026-08-18 01:02: Train Epoch 16: 600/1641 Loss: 0.298549
2026-08-18 01:02: Train Epoch 16: 620/1641 Loss: 0.281278
2026-08-18 01:02: Train Epoch 16: 640/1641 Loss: 0.269106
2026-08-18 01:03: Train Epoch 16: 660/1641 Loss: 0.279132
2026-08-18 01:03: Train Epoch 16: 680/1641 Loss: 0.274579
2026-08-18 01:03: Train Epoch 16: 700/1641 Loss: 0.279462
2026-08-18 01:03: Train Epoch 16: 720/1641 Loss: 0.278498
2026-08-18 01:03: Train Epoch 16: 740/1641 Loss: 0.275887
2026-08-18 01:03: Train Epoch 16: 760/1641 Loss: 0.263796
2026-08-18 01:03: Train Epoch 16: 780/1641 Loss: 0.279421
2026-08-18 01:03: Train Epoch 16: 800/1641 Loss: 0.282778
2026-08-18 01:03: Train Epoch 16: 820/1641 Loss: 0.274905
2026-08-18 01:03: Train Epoch 16: 840/1641 Loss: 0.269557
2026-08-18 01:03: Train Epoch 16: 860/1641 Loss: 0.273979
2026-08-18 01:03: Train Epoch 16: 880/1641 Loss: 0.272378
2026-08-18 01:03: Train Epoch 16: 900/1641 Loss: 0.280833
2026-08-18 01:03: Train Epoch 16: 920/1641 Loss: 0.274953
2026-08-18 01:03: Train Epoch 16: 940/1641 Loss: 0.277076
2026-08-18 01:03: Train Epoch 16: 960/1641 Loss: 0.271421
2026-08-18 01:03: Train Epoch 16: 980/1641 Loss: 0.306085
2026-08-18 01:03: Train Epoch 16: 1000/1641 Loss: 0.264253
2026-08-18 01:03: Train Epoch 16: 1020/1641 Loss: 0.263641
2026-08-18 01:03: Train Epoch 16: 1040/1641 Loss: 0.275314
2026-08-18 01:03: Train Epoch 16: 1060/1641 Loss: 0.268514
2026-08-18 01:03: Train Epoch 16: 1080/1641 Loss: 0.273684
2026-08-18 01:03: Train Epoch 16: 1100/1641 Loss: 0.281608
2026-08-18 01:04: Train Epoch 16: 1120/1641 Loss: 0.265648
2026-08-18 01:04: Train Epoch 16: 1140/1641 Loss: 0.263156
2026-08-18 01:04: Train Epoch 16: 1160/1641 Loss: 0.283341
2026-08-18 01:04: Train Epoch 16: 1180/1641 Loss: 0.266869
2026-08-18 01:04: Train Epoch 16: 1200/1641 Loss: 0.270267
2026-08-18 01:04: Train Epoch 16: 1220/1641 Loss: 0.260737
2026-08-18 01:04: Train Epoch 16: 1240/1641 Loss: 0.260327
2026-08-18 01:04: Train Epoch 16: 1260/1641 Loss: 0.269176
2026-08-18 01:04: Train Epoch 16: 1280/1641 Loss: 0.283873
2026-08-18 01:04: Train Epoch 16: 1300/1641 Loss: 0.255707
2026-08-18 01:04: Train Epoch 16: 1320/1641 Loss: 0.275669
2026-08-18 01:04: Train Epoch 16: 1340/1641 Loss: 0.276358
2026-08-18 01:04: Train Epoch 16: 1360/1641 Loss: 0.263668
2026-08-18 01:04: Train Epoch 16: 1380/1641 Loss: 0.260537
2026-08-18 01:04: Train Epoch 16: 1400/1641 Loss: 0.284674
2026-08-18 01:04: Train Epoch 16: 1420/1641 Loss: 0.282522
2026-08-18 01:04: Train Epoch 16: 1440/1641 Loss: 0.276873
2026-08-18 01:04: Train Epoch 16: 1460/1641 Loss: 0.274072
2026-08-18 01:04: Train Epoch 16: 1480/1641 Loss: 0.277383
2026-08-18 01:04: Train Epoch 16: 1500/1641 Loss: 0.252786
2026-08-18 01:04: Train Epoch 16: 1520/1641 Loss: 0.264945
2026-08-18 01:04: Train Epoch 16: 1540/1641 Loss: 0.260302
2026-08-18 01:04: Train Epoch 16: 1560/1641 Loss: 0.273300
2026-08-18 01:05: Train Epoch 16: 1580/1641 Loss: 0.268372
2026-08-18 01:05: Train Epoch 16: 1600/1641 Loss: 0.269005
2026-08-18 01:05: Train Epoch 16: 1620/1641 Loss: 0.272049
2026-08-18 01:05: Train Epoch 16: 1640/1641 Loss: 0.280220
2026-08-18 01:05: **********Train Epoch 16: averaged Loss: 0.273947, tf_ratio: 1.000000
2026-08-18 01:05: **********Val Epoch 16: average Loss: 0.316988
2026-08-18 01:05: Train Epoch 17: 0/1641 Loss: 0.300446
2026-08-18 01:05: Train Epoch 17: 20/1641 Loss: 0.279596
2026-08-18 01:05: Train Epoch 17: 40/1641 Loss: 0.257002
2026-08-18 01:05: Train Epoch 17: 60/1641 Loss: 0.281763
2026-08-18 01:05: Train Epoch 17: 80/1641 Loss: 0.260922
2026-08-18 01:05: Train Epoch 17: 100/1641 Loss: 0.270969
2026-08-18 01:05: Train Epoch 17: 120/1641 Loss: 0.282182
2026-08-18 01:05: Train Epoch 17: 140/1641 Loss: 0.267811
2026-08-18 01:05: Train Epoch 17: 160/1641 Loss: 0.273247
2026-08-18 01:05: Train Epoch 17: 180/1641 Loss: 0.273114
2026-08-18 01:05: Train Epoch 17: 200/1641 Loss: 0.276405
2026-08-18 01:05: Train Epoch 17: 220/1641 Loss: 0.260278
2026-08-18 01:06: Train Epoch 17: 240/1641 Loss: 0.297618
2026-08-18 01:06: Train Epoch 17: 260/1641 Loss: 0.267182
2026-08-18 01:06: Train Epoch 17: 280/1641 Loss: 0.259140
2026-08-18 01:06: Train Epoch 17: 300/1641 Loss: 0.277199
2026-08-18 01:06: Train Epoch 17: 320/1641 Loss: 0.259391
2026-08-18 01:06: Train Epoch 17: 340/1641 Loss: 0.282598
2026-08-18 01:06: Train Epoch 17: 360/1641 Loss: 0.285387
2026-08-18 01:06: Train Epoch 17: 380/1641 Loss: 0.265048
2026-08-18 01:06: Train Epoch 17: 400/1641 Loss: 0.269788
2026-08-18 01:06: Train Epoch 17: 420/1641 Loss: 0.261032
2026-08-18 01:06: Train Epoch 17: 440/1641 Loss: 0.267265
2026-08-18 01:06: Train Epoch 17: 460/1641 Loss: 0.276572
2026-08-18 01:06: Train Epoch 17: 480/1641 Loss: 0.266282
2026-08-18 01:06: Train Epoch 17: 500/1641 Loss: 0.265759
2026-08-18 01:06: Train Epoch 17: 520/1641 Loss: 0.256866
2026-08-18 01:06: Train Epoch 17: 540/1641 Loss: 0.258621
2026-08-18 01:06: Train Epoch 17: 560/1641 Loss: 0.268894
2026-08-18 01:06: Train Epoch 17: 580/1641 Loss: 0.277951
2026-08-18 01:06: Train Epoch 17: 600/1641 Loss: 0.271077
2026-08-18 01:06: Train Epoch 17: 620/1641 Loss: 0.264220
2026-08-18 01:06: Train Epoch 17: 640/1641 Loss: 0.261932
2026-08-18 01:06: Train Epoch 17: 660/1641 Loss: 0.295568
2026-08-18 01:07: Train Epoch 17: 680/1641 Loss: 0.258381
2026-08-18 01:07: Train Epoch 17: 700/1641 Loss: 0.269179
2026-08-18 01:07: Train Epoch 17: 720/1641 Loss: 0.296418
2026-08-18 01:07: Train Epoch 17: 740/1641 Loss: 0.262886
2026-08-18 01:07: Train Epoch 17: 760/1641 Loss: 0.271162
2026-08-18 01:07: Train Epoch 17: 780/1641 Loss: 0.259878
2026-08-18 01:07: Train Epoch 17: 800/1641 Loss: 0.287489
2026-08-18 01:07: Train Epoch 17: 820/1641 Loss: 0.255506
2026-08-18 01:07: Train Epoch 17: 840/1641 Loss: 0.267039
2026-08-18 01:07: Train Epoch 17: 860/1641 Loss: 0.257488
2026-08-18 01:07: Train Epoch 17: 880/1641 Loss: 0.258958
2026-08-18 01:07: Train Epoch 17: 900/1641 Loss: 0.256596
2026-08-18 01:07: Train Epoch 17: 920/1641 Loss: 0.282723
2026-08-18 01:07: Train Epoch 17: 940/1641 Loss: 0.280507
2026-08-18 01:07: Train Epoch 17: 960/1641 Loss: 0.288877
2026-08-18 01:07: Train Epoch 17: 980/1641 Loss: 0.257664
2026-08-18 01:07: Train Epoch 17: 1000/1641 Loss: 0.284607
2026-08-18 01:07: Train Epoch 17: 1020/1641 Loss: 0.299511
2026-08-18 01:07: Train Epoch 17: 1040/1641 Loss: 0.283825
2026-08-18 01:07: Train Epoch 17: 1060/1641 Loss: 0.253360
2026-08-18 01:07: Train Epoch 17: 1080/1641 Loss: 0.275309
2026-08-18 01:07: Train Epoch 17: 1100/1641 Loss: 0.293525
2026-08-18 01:07: Train Epoch 17: 1120/1641 Loss: 0.252391
2026-08-18 01:08: Train Epoch 17: 1140/1641 Loss: 0.267041
2026-08-18 01:08: Train Epoch 17: 1160/1641 Loss: 0.270770
2026-08-18 01:08: Train Epoch 17: 1180/1641 Loss: 0.274854
2026-08-18 01:08: Train Epoch 17: 1200/1641 Loss: 0.261578
2026-08-18 01:08: Train Epoch 17: 1220/1641 Loss: 0.273388
2026-08-18 01:08: Train Epoch 17: 1240/1641 Loss: 0.259420
2026-08-18 01:08: Train Epoch 17: 1260/1641 Loss: 0.288752
2026-08-18 01:08: Train Epoch 17: 1280/1641 Loss: 0.266944
2026-08-18 01:08: Train Epoch 17: 1300/1641 Loss: 0.268780
2026-08-18 01:08: Train Epoch 17: 1320/1641 Loss: 0.295761
2026-08-18 01:08: Train Epoch 17: 1340/1641 Loss: 0.264215
2026-08-18 01:08: Train Epoch 17: 1360/1641 Loss: 0.269694
2026-08-18 01:08: Train Epoch 17: 1380/1641 Loss: 0.281368
2026-08-18 01:08: Train Epoch 17: 1400/1641 Loss: 0.281792
2026-08-18 01:08: Train Epoch 17: 1420/1641 Loss: 0.261670
2026-08-18 01:08: Train Epoch 17: 1440/1641 Loss: 0.281705
2026-08-18 01:08: Train Epoch 17: 1460/1641 Loss: 0.266976
2026-08-18 01:08: Train Epoch 17: 1480/1641 Loss: 0.283468
2026-08-18 01:08: Train Epoch 17: 1500/1641 Loss: 0.258057
2026-08-18 01:08: Train Epoch 17: 1520/1641 Loss: 0.262937
2026-08-18 01:08: Train Epoch 17: 1540/1641 Loss: 0.266355
2026-08-18 01:08: Train Epoch 17: 1560/1641 Loss: 0.272514
2026-08-18 01:09: Train Epoch 17: 1580/1641 Loss: 0.264795
2026-08-18 01:09: Train Epoch 17: 1600/1641 Loss: 0.285898
2026-08-18 01:09: Train Epoch 17: 1620/1641 Loss: 0.260953
2026-08-18 01:09: Train Epoch 17: 1640/1641 Loss: 0.254073
2026-08-18 01:09: **********Train Epoch 17: averaged Loss: 0.269879, tf_ratio: 1.000000
2026-08-18 01:09: **********Val Epoch 17: average Loss: 0.324423
2026-08-18 01:09: Train Epoch 18: 0/1641 Loss: 0.281025
2026-08-18 01:09: Train Epoch 18: 20/1641 Loss: 0.262480
2026-08-18 01:09: Train Epoch 18: 40/1641 Loss: 0.266631
2026-08-18 01:09: Train Epoch 18: 60/1641 Loss: 0.271123
2026-08-18 01:09: Train Epoch 18: 80/1641 Loss: 0.306816
2026-08-18 01:09: Train Epoch 18: 100/1641 Loss: 0.279386
2026-08-18 01:09: Train Epoch 18: 120/1641 Loss: 0.258533
2026-08-18 01:09: Train Epoch 18: 140/1641 Loss: 0.260769
2026-08-18 01:09: Train Epoch 18: 160/1641 Loss: 0.260528
2026-08-18 01:09: Train Epoch 18: 180/1641 Loss: 0.256788
2026-08-18 01:09: Train Epoch 18: 200/1641 Loss: 0.271262
2026-08-18 01:10: Train Epoch 18: 220/1641 Loss: 0.258436
2026-08-18 01:10: Train Epoch 18: 240/1641 Loss: 0.281312
2026-08-18 01:10: Train Epoch 18: 260/1641 Loss: 0.263599
2026-08-18 01:10: Train Epoch 18: 280/1641 Loss: 0.279506
2026-08-18 01:10: Train Epoch 18: 300/1641 Loss: 0.248015
2026-08-18 01:10: Train Epoch 18: 320/1641 Loss: 0.250874
2026-08-18 01:10: Train Epoch 18: 340/1641 Loss: 0.270349
2026-08-18 01:10: Train Epoch 18: 360/1641 Loss: 0.276807
2026-08-18 01:10: Train Epoch 18: 380/1641 Loss: 0.285595
2026-08-18 01:10: Train Epoch 18: 400/1641 Loss: 0.283260
2026-08-18 01:10: Train Epoch 18: 420/1641 Loss: 0.257780
2026-08-18 01:10: Train Epoch 18: 440/1641 Loss: 0.257313
2026-08-18 01:10: Train Epoch 18: 460/1641 Loss: 0.254089
2026-08-18 01:10: Train Epoch 18: 480/1641 Loss: 0.258227
2026-08-18 01:10: Train Epoch 18: 500/1641 Loss: 0.279524
2026-08-18 01:10: Train Epoch 18: 520/1641 Loss: 0.267105
2026-08-18 01:10: Train Epoch 18: 540/1641 Loss: 0.262331
2026-08-18 01:10: Train Epoch 18: 560/1641 Loss: 0.256007
2026-08-18 01:10: Train Epoch 18: 580/1641 Loss: 0.258886
2026-08-18 01:10: Train Epoch 18: 600/1641 Loss: 0.268671
2026-08-18 01:10: Train Epoch 18: 620/1641 Loss: 0.254882
2026-08-18 01:10: Train Epoch 18: 640/1641 Loss: 0.268268
2026-08-18 01:10: Train Epoch 18: 660/1641 Loss: 0.240844
2026-08-18 01:11: Train Epoch 18: 680/1641 Loss: 0.248929
2026-08-18 01:11: Train Epoch 18: 700/1641 Loss: 0.269215
2026-08-18 01:11: Train Epoch 18: 720/1641 Loss: 0.259061
2026-08-18 01:11: Train Epoch 18: 740/1641 Loss: 0.273987
2026-08-18 01:11: Train Epoch 18: 760/1641 Loss: 0.259798
2026-08-18 01:11: Train Epoch 18: 780/1641 Loss: 0.270402
2026-08-18 01:11: Train Epoch 18: 800/1641 Loss: 0.267860
2026-08-18 01:11: Train Epoch 18: 820/1641 Loss: 0.264820
2026-08-18 01:11: Train Epoch 18: 840/1641 Loss: 0.266780
2026-08-18 01:11: Train Epoch 18: 860/1641 Loss: 0.273884
2026-08-18 01:11: Train Epoch 18: 880/1641 Loss: 0.256485
2026-08-18 01:11: Train Epoch 18: 900/1641 Loss: 0.254677
2026-08-18 01:11: Train Epoch 18: 920/1641 Loss: 0.289209
2026-08-18 01:11: Train Epoch 18: 940/1641 Loss: 0.265067
2026-08-18 01:11: Train Epoch 18: 960/1641 Loss: 0.269426
2026-08-18 01:11: Train Epoch 18: 980/1641 Loss: 0.282984
2026-08-18 01:11: Train Epoch 18: 1000/1641 Loss: 0.261779
2026-08-18 01:11: Train Epoch 18: 1020/1641 Loss: 0.253043
2026-08-18 01:11: Train Epoch 18: 1040/1641 Loss: 0.257170
2026-08-18 01:11: Train Epoch 18: 1060/1641 Loss: 0.268212
2026-08-18 01:11: Train Epoch 18: 1080/1641 Loss: 0.263362
2026-08-18 01:11: Train Epoch 18: 1100/1641 Loss: 0.267075
2026-08-18 01:11: Train Epoch 18: 1120/1641 Loss: 0.247100
2026-08-18 01:12: Train Epoch 18: 1140/1641 Loss: 0.254209
2026-08-18 01:12: Train Epoch 18: 1160/1641 Loss: 0.251339
2026-08-18 01:12: Train Epoch 18: 1180/1641 Loss: 0.259193
2026-08-18 01:12: Train Epoch 18: 1200/1641 Loss: 0.269558
2026-08-18 01:12: Train Epoch 18: 1220/1641 Loss: 0.266743
2026-08-18 01:12: Train Epoch 18: 1240/1641 Loss: 0.264941
2026-08-18 01:12: Train Epoch 18: 1260/1641 Loss: 0.268082
2026-08-18 01:12: Train Epoch 18: 1280/1641 Loss: 0.269713
2026-08-18 01:12: Train Epoch 18: 1300/1641 Loss: 0.276957
2026-08-18 01:12: Train Epoch 18: 1320/1641 Loss: 0.252221
2026-08-18 01:12: Train Epoch 18: 1340/1641 Loss: 0.253506
2026-08-18 01:12: Train Epoch 18: 1360/1641 Loss: 0.264201
2026-08-18 01:12: Train Epoch 18: 1380/1641 Loss: 0.252744
2026-08-18 01:12: Train Epoch 18: 1400/1641 Loss: 0.269491
2026-08-18 01:12: Train Epoch 18: 1420/1641 Loss: 0.258576
2026-08-18 01:12: Train Epoch 18: 1440/1641 Loss: 0.253126
2026-08-18 01:12: Train Epoch 18: 1460/1641 Loss: 0.285088
2026-08-18 01:12: Train Epoch 18: 1480/1641 Loss: 0.257510
2026-08-18 01:12: Train Epoch 18: 1500/1641 Loss: 0.260391
2026-08-18 01:12: Train Epoch 18: 1520/1641 Loss: 0.272639
2026-08-18 01:12: Train Epoch 18: 1540/1641 Loss: 0.280445
2026-08-18 01:12: Train Epoch 18: 1560/1641 Loss: 0.264674
2026-08-18 01:12: Train Epoch 18: 1580/1641 Loss: 0.273572
2026-08-18 01:13: Train Epoch 18: 1600/1641 Loss: 0.259451
2026-08-18 01:13: Train Epoch 18: 1620/1641 Loss: 0.266869
2026-08-18 01:13: Train Epoch 18: 1640/1641 Loss: 0.271459
2026-08-18 01:13: **********Train Epoch 18: averaged Loss: 0.265690, tf_ratio: 1.000000
2026-08-18 01:13: **********Val Epoch 18: average Loss: 0.322767
2026-08-18 01:13: Train Epoch 19: 0/1641 Loss: 0.268339
2026-08-18 01:13: Train Epoch 19: 20/1641 Loss: 0.271321
2026-08-18 01:13: Train Epoch 19: 40/1641 Loss: 0.281225
2026-08-18 01:13: Train Epoch 19: 60/1641 Loss: 0.253734
2026-08-18 01:13: Train Epoch 19: 80/1641 Loss: 0.267980
2026-08-18 01:13: Train Epoch 19: 100/1641 Loss: 0.256327
2026-08-18 01:13: Train Epoch 19: 120/1641 Loss: 0.280214
2026-08-18 01:13: Train Epoch 19: 140/1641 Loss: 0.280014
2026-08-18 01:13: Train Epoch 19: 160/1641 Loss: 0.255930
2026-08-18 01:13: Train Epoch 19: 180/1641 Loss: 0.267463
2026-08-18 01:13: Train Epoch 19: 200/1641 Loss: 0.253867
2026-08-18 01:13: Train Epoch 19: 220/1641 Loss: 0.263091
2026-08-18 01:14: Train Epoch 19: 240/1641 Loss: 0.266381
2026-08-18 01:14: Train Epoch 19: 260/1641 Loss: 0.253928
2026-08-18 01:14: Train Epoch 19: 280/1641 Loss: 0.258583
2026-08-18 01:14: Train Epoch 19: 300/1641 Loss: 0.267733
2026-08-18 01:14: Train Epoch 19: 320/1641 Loss: 0.258395
2026-08-18 01:14: Train Epoch 19: 340/1641 Loss: 0.260170
2026-08-18 01:14: Train Epoch 19: 360/1641 Loss: 0.267576
2026-08-18 01:14: Train Epoch 19: 380/1641 Loss: 0.259451
2026-08-18 01:14: Train Epoch 19: 400/1641 Loss: 0.257466
2026-08-18 01:14: Train Epoch 19: 420/1641 Loss: 0.248466
2026-08-18 01:14: Train Epoch 19: 440/1641 Loss: 0.264308
2026-08-18 01:14: Train Epoch 19: 460/1641 Loss: 0.264379
2026-08-18 01:14: Train Epoch 19: 480/1641 Loss: 0.263713
2026-08-18 01:14: Train Epoch 19: 500/1641 Loss: 0.272267
2026-08-18 01:14: Train Epoch 19: 520/1641 Loss: 0.268779
2026-08-18 01:14: Train Epoch 19: 540/1641 Loss: 0.253005
2026-08-18 01:14: Train Epoch 19: 560/1641 Loss: 0.257617
2026-08-18 01:14: Train Epoch 19: 580/1641 Loss: 0.275117
2026-08-18 01:14: Train Epoch 19: 600/1641 Loss: 0.268892
2026-08-18 01:14: Train Epoch 19: 620/1641 Loss: 0.252765
2026-08-18 01:14: Train Epoch 19: 640/1641 Loss: 0.242072
2026-08-18 01:14: Train Epoch 19: 660/1641 Loss: 0.260092
2026-08-18 01:14: Train Epoch 19: 680/1641 Loss: 0.268286
2026-08-18 01:15: Train Epoch 19: 700/1641 Loss: 0.248189
2026-08-18 01:15: Train Epoch 19: 720/1641 Loss: 0.249785
2026-08-18 01:15: Train Epoch 19: 740/1641 Loss: 0.257369
2026-08-18 01:15: Train Epoch 19: 760/1641 Loss: 0.269578
2026-08-18 01:15: Train Epoch 19: 780/1641 Loss: 0.258980
2026-08-18 01:15: Train Epoch 19: 800/1641 Loss: 0.259639
2026-08-18 01:15: Train Epoch 19: 820/1641 Loss: 0.259434
2026-08-18 01:15: Train Epoch 19: 840/1641 Loss: 0.275644
2026-08-18 01:15: Train Epoch 19: 860/1641 Loss: 0.270807
2026-08-18 01:15: Train Epoch 19: 880/1641 Loss: 0.249626
2026-08-18 01:15: Train Epoch 19: 900/1641 Loss: 0.273306
2026-08-18 01:15: Train Epoch 19: 920/1641 Loss: 0.264184
2026-08-18 01:15: Train Epoch 19: 940/1641 Loss: 0.264709
2026-08-18 01:15: Train Epoch 19: 960/1641 Loss: 0.257882
2026-08-18 01:15: Train Epoch 19: 980/1641 Loss: 0.258685
2026-08-18 01:15: Train Epoch 19: 1000/1641 Loss: 0.255440
2026-08-18 01:15: Train Epoch 19: 1020/1641 Loss: 0.257849
2026-08-18 01:15: Train Epoch 19: 1040/1641 Loss: 0.266352
2026-08-18 01:15: Train Epoch 19: 1060/1641 Loss: 0.263073
2026-08-18 01:15: Train Epoch 19: 1080/1641 Loss: 0.234771
2026-08-18 01:15: Train Epoch 19: 1100/1641 Loss: 0.246418
2026-08-18 01:15: Train Epoch 19: 1120/1641 Loss: 0.264460
2026-08-18 01:15: Train Epoch 19: 1140/1641 Loss: 0.262470
2026-08-18 01:16: Train Epoch 19: 1160/1641 Loss: 0.298222
2026-08-18 01:16: Train Epoch 19: 1180/1641 Loss: 0.279972
2026-08-18 01:16: Train Epoch 19: 1200/1641 Loss: 0.235252
2026-08-18 01:16: Train Epoch 19: 1220/1641 Loss: 0.271715
2026-08-18 01:16: Train Epoch 19: 1240/1641 Loss: 0.259300
2026-08-18 01:16: Train Epoch 19: 1260/1641 Loss: 0.263150
2026-08-18 01:16: Train Epoch 19: 1280/1641 Loss: 0.252573
2026-08-18 01:16: Train Epoch 19: 1300/1641 Loss: 0.258490
2026-08-18 01:16: Train Epoch 19: 1320/1641 Loss: 0.256036
2026-08-18 01:16: Train Epoch 19: 1340/1641 Loss: 0.265314
2026-08-18 01:16: Train Epoch 19: 1360/1641 Loss: 0.254980
2026-08-18 01:16: Train Epoch 19: 1380/1641 Loss: 0.265268
2026-08-18 01:16: Train Epoch 19: 1400/1641 Loss: 0.257869
2026-08-18 01:16: Train Epoch 19: 1420/1641 Loss: 0.274010
2026-08-18 01:16: Train Epoch 19: 1440/1641 Loss: 0.266440
2026-08-18 01:16: Train Epoch 19: 1460/1641 Loss: 0.269174
2026-08-18 01:16: Train Epoch 19: 1480/1641 Loss: 0.257712
2026-08-18 01:16: Train Epoch 19: 1500/1641 Loss: 0.274016
2026-08-18 01:16: Train Epoch 19: 1520/1641 Loss: 0.254019
2026-08-18 01:16: Train Epoch 19: 1540/1641 Loss: 0.259945
2026-08-18 01:16: Train Epoch 19: 1560/1641 Loss: 0.247948
2026-08-18 01:16: Train Epoch 19: 1580/1641 Loss: 0.259824
2026-08-18 01:17: Train Epoch 19: 1600/1641 Loss: 0.268693
2026-08-18 01:17: Train Epoch 19: 1620/1641 Loss: 0.256941
2026-08-18 01:17: Train Epoch 19: 1640/1641 Loss: 0.285212
2026-08-18 01:17: **********Train Epoch 19: averaged Loss: 0.261918, tf_ratio: 1.000000
2026-08-18 01:17: **********Val Epoch 19: average Loss: 0.329659
2026-08-18 01:17: Train Epoch 20: 0/1641 Loss: 0.269211
2026-08-18 01:17: Train Epoch 20: 20/1641 Loss: 0.260409
2026-08-18 01:17: Train Epoch 20: 40/1641 Loss: 0.270740
2026-08-18 01:17: Train Epoch 20: 60/1641 Loss: 0.252963
2026-08-18 01:17: Train Epoch 20: 80/1641 Loss: 0.253704
2026-08-18 01:17: Train Epoch 20: 100/1641 Loss: 0.244289
2026-08-18 01:17: Train Epoch 20: 120/1641 Loss: 0.254180
2026-08-18 01:17: Train Epoch 20: 140/1641 Loss: 0.256756
2026-08-18 01:17: Train Epoch 20: 160/1641 Loss: 0.259744
2026-08-18 01:17: Train Epoch 20: 180/1641 Loss: 0.249033
2026-08-18 01:17: Train Epoch 20: 200/1641 Loss: 0.254364
2026-08-18 01:17: Train Epoch 20: 220/1641 Loss: 0.249754
2026-08-18 01:18: Train Epoch 20: 240/1641 Loss: 0.258676
2026-08-18 01:18: Train Epoch 20: 260/1641 Loss: 0.246150
2026-08-18 01:18: Train Epoch 20: 280/1641 Loss: 0.245334
2026-08-18 01:18: Train Epoch 20: 300/1641 Loss: 0.256605
2026-08-18 01:18: Train Epoch 20: 320/1641 Loss: 0.248424
2026-08-18 01:18: Train Epoch 20: 340/1641 Loss: 0.259469
2026-08-18 01:18: Train Epoch 20: 360/1641 Loss: 0.259648
2026-08-18 01:18: Train Epoch 20: 380/1641 Loss: 0.261241
2026-08-18 01:18: Train Epoch 20: 400/1641 Loss: 0.256180
2026-08-18 01:18: Train Epoch 20: 420/1641 Loss: 0.265918
2026-08-18 01:18: Train Epoch 20: 440/1641 Loss: 0.255738
2026-08-18 01:18: Train Epoch 20: 460/1641 Loss: 0.256152
2026-08-18 01:18: Train Epoch 20: 480/1641 Loss: 0.252714
2026-08-18 01:18: Train Epoch 20: 500/1641 Loss: 0.244287
2026-08-18 01:18: Train Epoch 20: 520/1641 Loss: 0.267969
2026-08-18 01:18: Train Epoch 20: 540/1641 Loss: 0.263086
2026-08-18 01:18: Train Epoch 20: 560/1641 Loss: 0.242707
2026-08-18 01:18: Train Epoch 20: 580/1641 Loss: 0.256740
2026-08-18 01:18: Train Epoch 20: 600/1641 Loss: 0.259791
2026-08-18 01:18: Train Epoch 20: 620/1641 Loss: 0.254875
2026-08-18 01:18: Train Epoch 20: 640/1641 Loss: 0.252918
2026-08-18 01:18: Train Epoch 20: 660/1641 Loss: 0.271596
2026-08-18 01:18: Train Epoch 20: 680/1641 Loss: 0.268981
2026-08-18 01:19: Train Epoch 20: 700/1641 Loss: 0.254919
2026-08-18 01:19: Train Epoch 20: 720/1641 Loss: 0.245909
2026-08-18 01:19: Train Epoch 20: 740/1641 Loss: 0.254505
2026-08-18 01:19: Train Epoch 20: 760/1641 Loss: 0.267194
2026-08-18 01:19: Train Epoch 20: 780/1641 Loss: 0.272008
2026-08-18 01:19: Train Epoch 20: 800/1641 Loss: 0.259399
2026-08-18 01:19: Train Epoch 20: 820/1641 Loss: 0.255640
2026-08-18 01:19: Train Epoch 20: 840/1641 Loss: 0.266486
2026-08-18 01:19: Train Epoch 20: 860/1641 Loss: 0.258796
2026-08-18 01:19: Train Epoch 20: 880/1641 Loss: 0.254975
2026-08-18 01:19: Train Epoch 20: 900/1641 Loss: 0.264919
2026-08-18 01:19: Train Epoch 20: 920/1641 Loss: 0.252934
2026-08-18 01:19: Train Epoch 20: 940/1641 Loss: 0.267351
2026-08-18 01:19: Train Epoch 20: 960/1641 Loss: 0.258410
2026-08-18 01:19: Train Epoch 20: 980/1641 Loss: 0.275367
2026-08-18 01:19: Train Epoch 20: 1000/1641 Loss: 0.233001
2026-08-18 01:19: Train Epoch 20: 1020/1641 Loss: 0.252820
2026-08-18 01:19: Train Epoch 20: 1040/1641 Loss: 0.249857
2026-08-18 01:19: Train Epoch 20: 1060/1641 Loss: 0.263159
2026-08-18 01:19: Train Epoch 20: 1080/1641 Loss: 0.249301
2026-08-18 01:19: Train Epoch 20: 1100/1641 Loss: 0.252297
2026-08-18 01:19: Train Epoch 20: 1120/1641 Loss: 0.271411
2026-08-18 01:20: Train Epoch 20: 1140/1641 Loss: 0.263680
2026-08-18 01:20: Train Epoch 20: 1160/1641 Loss: 0.254461
2026-08-18 01:20: Train Epoch 20: 1180/1641 Loss: 0.263345
2026-08-18 01:20: Train Epoch 20: 1200/1641 Loss: 0.253732
2026-08-18 01:20: Train Epoch 20: 1220/1641 Loss: 0.258788
2026-08-18 01:20: Train Epoch 20: 1240/1641 Loss: 0.252971
2026-08-18 01:20: Train Epoch 20: 1260/1641 Loss: 0.255769
2026-08-18 01:20: Train Epoch 20: 1280/1641 Loss: 0.262072
2026-08-18 01:20: Train Epoch 20: 1300/1641 Loss: 0.253904
2026-08-18 01:20: Train Epoch 20: 1320/1641 Loss: 0.265117
2026-08-18 01:20: Train Epoch 20: 1340/1641 Loss: 0.259296
2026-08-18 01:20: Train Epoch 20: 1360/1641 Loss: 0.257934
2026-08-18 01:20: Train Epoch 20: 1380/1641 Loss: 0.256820
2026-08-18 01:20: Train Epoch 20: 1400/1641 Loss: 0.259100
2026-08-18 01:20: Train Epoch 20: 1420/1641 Loss: 0.274532
2026-08-18 01:20: Train Epoch 20: 1440/1641 Loss: 0.259607
2026-08-18 01:20: Train Epoch 20: 1460/1641 Loss: 0.268164
2026-08-18 01:20: Train Epoch 20: 1480/1641 Loss: 0.250886
2026-08-18 01:20: Train Epoch 20: 1500/1641 Loss: 0.255182
2026-08-18 01:20: Train Epoch 20: 1520/1641 Loss: 0.259805
2026-08-18 01:20: Train Epoch 20: 1540/1641 Loss: 0.246835
2026-08-18 01:20: Train Epoch 20: 1560/1641 Loss: 0.260177
2026-08-18 01:20: Train Epoch 20: 1580/1641 Loss: 0.246911
2026-08-18 01:21: Train Epoch 20: 1600/1641 Loss: 0.260703
2026-08-18 01:21: Train Epoch 20: 1620/1641 Loss: 0.251996
2026-08-18 01:21: Train Epoch 20: 1640/1641 Loss: 0.245683
2026-08-18 01:21: **********Train Epoch 20: averaged Loss: 0.258000, tf_ratio: 1.000000
2026-08-18 01:21: **********Val Epoch 20: average Loss: 0.324541
2026-08-18 01:21: Train Epoch 21: 0/1641 Loss: 0.277348
2026-08-18 01:21: Train Epoch 21: 20/1641 Loss: 0.261699
2026-08-18 01:21: Train Epoch 21: 40/1641 Loss: 0.262817
2026-08-18 01:21: Train Epoch 21: 60/1641 Loss: 0.240090
2026-08-18 01:21: Train Epoch 21: 80/1641 Loss: 0.244785
2026-08-18 01:21: Train Epoch 21: 100/1641 Loss: 0.254106
2026-08-18 01:21: Train Epoch 21: 120/1641 Loss: 0.257005
2026-08-18 01:21: Train Epoch 21: 140/1641 Loss: 0.250697
2026-08-18 01:21: Train Epoch 21: 160/1641 Loss: 0.246579
2026-08-18 01:21: Train Epoch 21: 180/1641 Loss: 0.249473
2026-08-18 01:21: Train Epoch 21: 200/1641 Loss: 0.234632
2026-08-18 01:21: Train Epoch 21: 220/1641 Loss: 0.266624
2026-08-18 01:22: Train Epoch 21: 240/1641 Loss: 0.273855
2026-08-18 01:22: Train Epoch 21: 260/1641 Loss: 0.246330
2026-08-18 01:22: Train Epoch 21: 280/1641 Loss: 0.260363
2026-08-18 01:22: Train Epoch 21: 300/1641 Loss: 0.255092
2026-08-18 01:22: Train Epoch 21: 320/1641 Loss: 0.239682
2026-08-18 01:22: Train Epoch 21: 340/1641 Loss: 0.258577
2026-08-18 01:22: Train Epoch 21: 360/1641 Loss: 0.241773
2026-08-18 01:22: Train Epoch 21: 380/1641 Loss: 0.261247
2026-08-18 01:22: Train Epoch 21: 400/1641 Loss: 0.255061
2026-08-18 01:22: Train Epoch 21: 420/1641 Loss: 0.256687
2026-08-18 01:22: Train Epoch 21: 440/1641 Loss: 0.244133
2026-08-18 01:22: Train Epoch 21: 460/1641 Loss: 0.241797
2026-08-18 01:22: Train Epoch 21: 480/1641 Loss: 0.260946
2026-08-18 01:22: Train Epoch 21: 500/1641 Loss: 0.239605
2026-08-18 01:22: Train Epoch 21: 520/1641 Loss: 0.253649
2026-08-18 01:22: Train Epoch 21: 540/1641 Loss: 0.258288
2026-08-18 01:22: Train Epoch 21: 560/1641 Loss: 0.248057
2026-08-18 01:22: Train Epoch 21: 580/1641 Loss: 0.261532
2026-08-18 01:22: Train Epoch 21: 600/1641 Loss: 0.253989
2026-08-18 01:22: Train Epoch 21: 620/1641 Loss: 0.253002
2026-08-18 01:22: Train Epoch 21: 640/1641 Loss: 0.265857
2026-08-18 01:22: Train Epoch 21: 660/1641 Loss: 0.244030
2026-08-18 01:22: Train Epoch 21: 680/1641 Loss: 0.246643
2026-08-18 01:23: Train Epoch 21: 700/1641 Loss: 0.241488
2026-08-18 01:23: Train Epoch 21: 720/1641 Loss: 0.261510
2026-08-18 01:23: Train Epoch 21: 740/1641 Loss: 0.261788
2026-08-18 01:23: Train Epoch 21: 760/1641 Loss: 0.246438
2026-08-18 01:23: Train Epoch 21: 780/1641 Loss: 0.249602
2026-08-18 01:23: Train Epoch 21: 800/1641 Loss: 0.264023
2026-08-18 01:23: Train Epoch 21: 820/1641 Loss: 0.251623
2026-08-18 01:23: Train Epoch 21: 840/1641 Loss: 0.257992
2026-08-18 01:23: Train Epoch 21: 860/1641 Loss: 0.266972
2026-08-18 01:23: Train Epoch 21: 880/1641 Loss: 0.246561
2026-08-18 01:23: Train Epoch 21: 900/1641 Loss: 0.248646
2026-08-18 01:23: Train Epoch 21: 920/1641 Loss: 0.242376
2026-08-18 01:23: Train Epoch 21: 940/1641 Loss: 0.262586
2026-08-18 01:23: Train Epoch 21: 960/1641 Loss: 0.245836
2026-08-18 01:23: Train Epoch 21: 980/1641 Loss: 0.264878
2026-08-18 01:23: Train Epoch 21: 1000/1641 Loss: 0.249539
2026-08-18 01:23: Train Epoch 21: 1020/1641 Loss: 0.265698
2026-08-18 01:23: Train Epoch 21: 1040/1641 Loss: 0.249427
2026-08-18 01:23: Train Epoch 21: 1060/1641 Loss: 0.244588
2026-08-18 01:23: Train Epoch 21: 1080/1641 Loss: 0.251515
2026-08-18 01:23: Train Epoch 21: 1100/1641 Loss: 0.259532
2026-08-18 01:23: Train Epoch 21: 1120/1641 Loss: 0.257468
2026-08-18 01:24: Train Epoch 21: 1140/1641 Loss: 0.245070
2026-08-18 01:24: Train Epoch 21: 1160/1641 Loss: 0.250418
2026-08-18 01:24: Train Epoch 21: 1180/1641 Loss: 0.248429
2026-08-18 01:24: Train Epoch 21: 1200/1641 Loss: 0.264728
2026-08-18 01:24: Train Epoch 21: 1220/1641 Loss: 0.243369
2026-08-18 01:24: Train Epoch 21: 1240/1641 Loss: 0.268857
2026-08-18 01:24: Train Epoch 21: 1260/1641 Loss: 0.264129
2026-08-18 01:24: Train Epoch 21: 1280/1641 Loss: 0.248142
2026-08-18 01:24: Train Epoch 21: 1300/1641 Loss: 0.255659
2026-08-18 01:24: Train Epoch 21: 1320/1641 Loss: 0.255732
2026-08-18 01:24: Train Epoch 21: 1340/1641 Loss: 0.238256
2026-08-18 01:24: Train Epoch 21: 1360/1641 Loss: 0.257545
2026-08-18 01:24: Train Epoch 21: 1380/1641 Loss: 0.246981
2026-08-18 01:24: Train Epoch 21: 1400/1641 Loss: 0.256862
2026-08-18 01:24: Train Epoch 21: 1420/1641 Loss: 0.255784
2026-08-18 01:24: Train Epoch 21: 1440/1641 Loss: 0.238992
2026-08-18 01:24: Train Epoch 21: 1460/1641 Loss: 0.245053
2026-08-18 01:24: Train Epoch 21: 1480/1641 Loss: 0.253208
2026-08-18 01:24: Train Epoch 21: 1500/1641 Loss: 0.260873
2026-08-18 01:24: Train Epoch 21: 1520/1641 Loss: 0.252489
2026-08-18 01:24: Train Epoch 21: 1540/1641 Loss: 0.265390
2026-08-18 01:24: Train Epoch 21: 1560/1641 Loss: 0.267964
2026-08-18 01:24: Train Epoch 21: 1580/1641 Loss: 0.257086
2026-08-18 01:25: Train Epoch 21: 1600/1641 Loss: 0.252574
2026-08-18 01:25: Train Epoch 21: 1620/1641 Loss: 0.250874
2026-08-18 01:25: Train Epoch 21: 1640/1641 Loss: 0.253551
2026-08-18 01:25: **********Train Epoch 21: averaged Loss: 0.254481, tf_ratio: 1.000000
2026-08-18 01:25: **********Val Epoch 21: average Loss: 0.325397
2026-08-18 01:25: Train Epoch 22: 0/1641 Loss: 0.242186
2026-08-18 01:25: Train Epoch 22: 20/1641 Loss: 0.266842
2026-08-18 01:25: Train Epoch 22: 40/1641 Loss: 0.246308
2026-08-18 01:25: Train Epoch 22: 60/1641 Loss: 0.245423
2026-08-18 01:25: Train Epoch 22: 80/1641 Loss: 0.254432
2026-08-18 01:25: Train Epoch 22: 100/1641 Loss: 0.252670
2026-08-18 01:25: Train Epoch 22: 120/1641 Loss: 0.239026
2026-08-18 01:25: Train Epoch 22: 140/1641 Loss: 0.252488
2026-08-18 01:25: Train Epoch 22: 160/1641 Loss: 0.243563
2026-08-18 01:25: Train Epoch 22: 180/1641 Loss: 0.257049
2026-08-18 01:25: Train Epoch 22: 200/1641 Loss: 0.249318
2026-08-18 01:25: Train Epoch 22: 220/1641 Loss: 0.254618
2026-08-18 01:26: Train Epoch 22: 240/1641 Loss: 0.246948
2026-08-18 01:26: Train Epoch 22: 260/1641 Loss: 0.263766
2026-08-18 01:26: Train Epoch 22: 280/1641 Loss: 0.256758
2026-08-18 01:26: Train Epoch 22: 300/1641 Loss: 0.242548
2026-08-18 01:26: Train Epoch 22: 320/1641 Loss: 0.263919
2026-08-18 01:26: Train Epoch 22: 340/1641 Loss: 0.259907
2026-08-18 01:26: Train Epoch 22: 360/1641 Loss: 0.254811
2026-08-18 01:26: Train Epoch 22: 380/1641 Loss: 0.256996
2026-08-18 01:26: Train Epoch 22: 400/1641 Loss: 0.254356
2026-08-18 01:26: Train Epoch 22: 420/1641 Loss: 0.244842
2026-08-18 01:26: Train Epoch 22: 440/1641 Loss: 0.249104
2026-08-18 01:26: Train Epoch 22: 460/1641 Loss: 0.256459
2026-08-18 01:26: Train Epoch 22: 480/1641 Loss: 0.260007
2026-08-18 01:26: Train Epoch 22: 500/1641 Loss: 0.255141
2026-08-18 01:26: Train Epoch 22: 520/1641 Loss: 0.268439
2026-08-18 01:26: Train Epoch 22: 540/1641 Loss: 0.264212
2026-08-18 01:26: Train Epoch 22: 560/1641 Loss: 0.245469
2026-08-18 01:26: Train Epoch 22: 580/1641 Loss: 0.252684
2026-08-18 01:26: Train Epoch 22: 600/1641 Loss: 0.251610
2026-08-18 01:26: Train Epoch 22: 620/1641 Loss: 0.255107
2026-08-18 01:26: Train Epoch 22: 640/1641 Loss: 0.264403
2026-08-18 01:26: Train Epoch 22: 660/1641 Loss: 0.271461
2026-08-18 01:26: Train Epoch 22: 680/1641 Loss: 0.252316
2026-08-18 01:27: Train Epoch 22: 700/1641 Loss: 0.246624
2026-08-18 01:27: Train Epoch 22: 720/1641 Loss: 0.253012
2026-08-18 01:27: Train Epoch 22: 740/1641 Loss: 0.252961
2026-08-18 01:27: Train Epoch 22: 760/1641 Loss: 0.255688
2026-08-18 01:27: Train Epoch 22: 780/1641 Loss: 0.246746
2026-08-18 01:27: Train Epoch 22: 800/1641 Loss: 0.264362
2026-08-18 01:27: Train Epoch 22: 820/1641 Loss: 0.243298
2026-08-18 01:27: Train Epoch 22: 840/1641 Loss: 0.242068
2026-08-18 01:27: Train Epoch 22: 860/1641 Loss: 0.247711
2026-08-18 01:27: Train Epoch 22: 880/1641 Loss: 0.247366
2026-08-18 01:27: Train Epoch 22: 900/1641 Loss: 0.262164
2026-08-18 01:27: Train Epoch 22: 920/1641 Loss: 0.247122
2026-08-18 01:27: Train Epoch 22: 940/1641 Loss: 0.240759
2026-08-18 01:27: Train Epoch 22: 960/1641 Loss: 0.259783
2026-08-18 01:27: Train Epoch 22: 980/1641 Loss: 0.256191
2026-08-18 01:27: Train Epoch 22: 1000/1641 Loss: 0.245228
2026-08-18 01:27: Train Epoch 22: 1020/1641 Loss: 0.252701
2026-08-18 01:27: Train Epoch 22: 1040/1641 Loss: 0.250930
2026-08-18 01:27: Train Epoch 22: 1060/1641 Loss: 0.255083
2026-08-18 01:27: Train Epoch 22: 1080/1641 Loss: 0.244057
2026-08-18 01:27: Train Epoch 22: 1100/1641 Loss: 0.262927
2026-08-18 01:27: Train Epoch 22: 1120/1641 Loss: 0.263038
2026-08-18 01:28: Train Epoch 22: 1140/1641 Loss: 0.252434
2026-08-18 01:28: Train Epoch 22: 1160/1641 Loss: 0.245599
2026-08-18 01:28: Train Epoch 22: 1180/1641 Loss: 0.246553
2026-08-18 01:28: Train Epoch 22: 1200/1641 Loss: 0.258853
2026-08-18 01:28: Train Epoch 22: 1220/1641 Loss: 0.240556
2026-08-18 01:28: Train Epoch 22: 1240/1641 Loss: 0.247617
2026-08-18 01:28: Train Epoch 22: 1260/1641 Loss: 0.250857
2026-08-18 01:28: Train Epoch 22: 1280/1641 Loss: 0.250856
2026-08-18 01:28: Train Epoch 22: 1300/1641 Loss: 0.254291
2026-08-18 01:28: Train Epoch 22: 1320/1641 Loss: 0.239342
2026-08-18 01:28: Train Epoch 22: 1340/1641 Loss: 0.252236
2026-08-18 01:28: Train Epoch 22: 1360/1641 Loss: 0.253261
2026-08-18 01:28: Train Epoch 22: 1380/1641 Loss: 0.225171
2026-08-18 01:28: Train Epoch 22: 1400/1641 Loss: 0.255489
2026-08-18 01:28: Train Epoch 22: 1420/1641 Loss: 0.239221
2026-08-18 01:28: Train Epoch 22: 1440/1641 Loss: 0.268843
2026-08-18 01:28: Train Epoch 22: 1460/1641 Loss: 0.248270
2026-08-18 01:28: Train Epoch 22: 1480/1641 Loss: 0.247809
2026-08-18 01:28: Train Epoch 22: 1500/1641 Loss: 0.256367
2026-08-18 01:28: Train Epoch 22: 1520/1641 Loss: 0.250309
2026-08-18 01:28: Train Epoch 22: 1540/1641 Loss: 0.253275
2026-08-18 01:28: Train Epoch 22: 1560/1641 Loss: 0.240793
2026-08-18 01:28: Train Epoch 22: 1580/1641 Loss: 0.257019
2026-08-18 01:29: Train Epoch 22: 1600/1641 Loss: 0.243531
2026-08-18 01:29: Train Epoch 22: 1620/1641 Loss: 0.243834
2026-08-18 01:29: Train Epoch 22: 1640/1641 Loss: 0.264661
2026-08-18 01:29: **********Train Epoch 22: averaged Loss: 0.250958, tf_ratio: 1.000000
2026-08-18 01:29: **********Val Epoch 22: average Loss: 0.326314
2026-08-18 01:29: Train Epoch 23: 0/1641 Loss: 0.252979
2026-08-18 01:29: Train Epoch 23: 20/1641 Loss: 0.241044
2026-08-18 01:29: Train Epoch 23: 40/1641 Loss: 0.243023
2026-08-18 01:29: Train Epoch 23: 60/1641 Loss: 0.257081
2026-08-18 01:29: Train Epoch 23: 80/1641 Loss: 0.256093
2026-08-18 01:29: Train Epoch 23: 100/1641 Loss: 0.251676
2026-08-18 01:29: Train Epoch 23: 120/1641 Loss: 0.258216
2026-08-18 01:29: Train Epoch 23: 140/1641 Loss: 0.254948
2026-08-18 01:29: Train Epoch 23: 160/1641 Loss: 0.252599
2026-08-18 01:29: Train Epoch 23: 180/1641 Loss: 0.251539
2026-08-18 01:29: Train Epoch 23: 200/1641 Loss: 0.240578
2026-08-18 01:29: Train Epoch 23: 220/1641 Loss: 0.230786
2026-08-18 01:30: Train Epoch 23: 240/1641 Loss: 0.244224
2026-08-18 01:30: Train Epoch 23: 260/1641 Loss: 0.243559
2026-08-18 01:30: Train Epoch 23: 280/1641 Loss: 0.242269
2026-08-18 01:30: Train Epoch 23: 300/1641 Loss: 0.262110
2026-08-18 01:30: Train Epoch 23: 320/1641 Loss: 0.230646
2026-08-18 01:30: Train Epoch 23: 340/1641 Loss: 0.246863
2026-08-18 01:30: Train Epoch 23: 360/1641 Loss: 0.240523
2026-08-18 01:30: Train Epoch 23: 380/1641 Loss: 0.254031
2026-08-18 01:30: Train Epoch 23: 400/1641 Loss: 0.241074
2026-08-18 01:30: Train Epoch 23: 420/1641 Loss: 0.251045
2026-08-18 01:30: Train Epoch 23: 440/1641 Loss: 0.261298
2026-08-18 01:30: Train Epoch 23: 460/1641 Loss: 0.248847
2026-08-18 01:30: Train Epoch 23: 480/1641 Loss: 0.240548
2026-08-18 01:30: Train Epoch 23: 500/1641 Loss: 0.240204
2026-08-18 01:30: Train Epoch 23: 520/1641 Loss: 0.235569
2026-08-18 01:30: Train Epoch 23: 540/1641 Loss: 0.252311
2026-08-18 01:30: Train Epoch 23: 560/1641 Loss: 0.252385
2026-08-18 01:30: Train Epoch 23: 580/1641 Loss: 0.257194
2026-08-18 01:30: Train Epoch 23: 600/1641 Loss: 0.247209
2026-08-18 01:30: Train Epoch 23: 620/1641 Loss: 0.256367
2026-08-18 01:30: Train Epoch 23: 640/1641 Loss: 0.237153
2026-08-18 01:30: Train Epoch 23: 660/1641 Loss: 0.239901
2026-08-18 01:31: Train Epoch 23: 680/1641 Loss: 0.248208
2026-08-18 01:31: Train Epoch 23: 700/1641 Loss: 0.264509
2026-08-18 01:31: Train Epoch 23: 720/1641 Loss: 0.242647
2026-08-18 01:31: Train Epoch 23: 740/1641 Loss: 0.249141
2026-08-18 01:31: Train Epoch 23: 760/1641 Loss: 0.255855
2026-08-18 01:31: Train Epoch 23: 780/1641 Loss: 0.250074
2026-08-18 01:31: Train Epoch 23: 800/1641 Loss: 0.256388
2026-08-18 01:31: Train Epoch 23: 820/1641 Loss: 0.251625
2026-08-18 01:31: Train Epoch 23: 840/1641 Loss: 0.237976
2026-08-18 01:31: Train Epoch 23: 860/1641 Loss: 0.257483
2026-08-18 01:31: Train Epoch 23: 880/1641 Loss: 0.232938
2026-08-18 01:31: Train Epoch 23: 900/1641 Loss: 0.247372
2026-08-18 01:31: Train Epoch 23: 920/1641 Loss: 0.250789
2026-08-18 01:31: Train Epoch 23: 940/1641 Loss: 0.254077
2026-08-18 01:31: Train Epoch 23: 960/1641 Loss: 0.255438
2026-08-18 01:31: Train Epoch 23: 980/1641 Loss: 0.236209
2026-08-18 01:31: Train Epoch 23: 1000/1641 Loss: 0.242876
2026-08-18 01:31: Train Epoch 23: 1020/1641 Loss: 0.245266
2026-08-18 01:31: Train Epoch 23: 1040/1641 Loss: 0.232326
2026-08-18 01:31: Train Epoch 23: 1060/1641 Loss: 0.237114
2026-08-18 01:31: Train Epoch 23: 1080/1641 Loss: 0.264408
2026-08-18 01:31: Train Epoch 23: 1100/1641 Loss: 0.253380
2026-08-18 01:31: Train Epoch 23: 1120/1641 Loss: 0.239568
2026-08-18 01:32: Train Epoch 23: 1140/1641 Loss: 0.233306
2026-08-18 01:32: Train Epoch 23: 1160/1641 Loss: 0.245860
2026-08-18 01:32: Train Epoch 23: 1180/1641 Loss: 0.244105
2026-08-18 01:32: Train Epoch 23: 1200/1641 Loss: 0.242279
2026-08-18 01:32: Train Epoch 23: 1220/1641 Loss: 0.237087
2026-08-18 01:32: Train Epoch 23: 1240/1641 Loss: 0.265478
2026-08-18 01:32: Train Epoch 23: 1260/1641 Loss: 0.249823
2026-08-18 01:32: Train Epoch 23: 1280/1641 Loss: 0.233557
2026-08-18 01:32: Train Epoch 23: 1300/1641 Loss: 0.240920
2026-08-18 01:32: Train Epoch 23: 1320/1641 Loss: 0.255823
2026-08-18 01:32: Train Epoch 23: 1340/1641 Loss: 0.236762
2026-08-18 01:32: Train Epoch 23: 1360/1641 Loss: 0.261434
2026-08-18 01:32: Train Epoch 23: 1380/1641 Loss: 0.244377
2026-08-18 01:32: Train Epoch 23: 1400/1641 Loss: 0.228269
2026-08-18 01:32: Train Epoch 23: 1420/1641 Loss: 0.254895
2026-08-18 01:32: Train Epoch 23: 1440/1641 Loss: 0.258735
2026-08-18 01:32: Train Epoch 23: 1460/1641 Loss: 0.264172
2026-08-18 01:32: Train Epoch 23: 1480/1641 Loss: 0.246729
2026-08-18 01:32: Train Epoch 23: 1500/1641 Loss: 0.241755
2026-08-18 01:32: Train Epoch 23: 1520/1641 Loss: 0.254179
2026-08-18 01:32: Train Epoch 23: 1540/1641 Loss: 0.256188
2026-08-18 01:32: Train Epoch 23: 1560/1641 Loss: 0.256892
2026-08-18 01:33: Train Epoch 23: 1580/1641 Loss: 0.247016
2026-08-18 01:33: Train Epoch 23: 1600/1641 Loss: 0.233410
2026-08-18 01:33: Train Epoch 23: 1620/1641 Loss: 0.243881
2026-08-18 01:33: Train Epoch 23: 1640/1641 Loss: 0.252467
2026-08-18 01:33: **********Train Epoch 23: averaged Loss: 0.247490, tf_ratio: 1.000000
2026-08-18 01:33: **********Val Epoch 23: average Loss: 0.326786
2026-08-18 01:33: Train Epoch 24: 0/1641 Loss: 0.231247
2026-08-18 01:33: Train Epoch 24: 20/1641 Loss: 0.253634
2026-08-18 01:33: Train Epoch 24: 40/1641 Loss: 0.233072
2026-08-18 01:33: Train Epoch 24: 60/1641 Loss: 0.230182
2026-08-18 01:33: Train Epoch 24: 80/1641 Loss: 0.238839
2026-08-18 01:33: Train Epoch 24: 100/1641 Loss: 0.253939
2026-08-18 01:33: Train Epoch 24: 120/1641 Loss: 0.245901
2026-08-18 01:33: Train Epoch 24: 140/1641 Loss: 0.266770
2026-08-18 01:33: Train Epoch 24: 160/1641 Loss: 0.231756
2026-08-18 01:33: Train Epoch 24: 180/1641 Loss: 0.242896
2026-08-18 01:33: Train Epoch 24: 200/1641 Loss: 0.238157
2026-08-18 01:33: Train Epoch 24: 220/1641 Loss: 0.252886
2026-08-18 01:34: Train Epoch 24: 240/1641 Loss: 0.245881
2026-08-18 01:34: Train Epoch 24: 260/1641 Loss: 0.243851
2026-08-18 01:34: Train Epoch 24: 280/1641 Loss: 0.241652
2026-08-18 01:34: Train Epoch 24: 300/1641 Loss: 0.247133
2026-08-18 01:34: Train Epoch 24: 320/1641 Loss: 0.241173
2026-08-18 01:34: Train Epoch 24: 340/1641 Loss: 0.233540
2026-08-18 01:34: Train Epoch 24: 360/1641 Loss: 0.246788
2026-08-18 01:34: Train Epoch 24: 380/1641 Loss: 0.246069
2026-08-18 01:34: Train Epoch 24: 400/1641 Loss: 0.257541
2026-08-18 01:34: Train Epoch 24: 420/1641 Loss: 0.245241
2026-08-18 01:34: Train Epoch 24: 440/1641 Loss: 0.244240
2026-08-18 01:34: Train Epoch 24: 460/1641 Loss: 0.236953
2026-08-18 01:34: Train Epoch 24: 480/1641 Loss: 0.246703
2026-08-18 01:34: Train Epoch 24: 500/1641 Loss: 0.238459
2026-08-18 01:34: Train Epoch 24: 520/1641 Loss: 0.251148
2026-08-18 01:34: Train Epoch 24: 540/1641 Loss: 0.230497
2026-08-18 01:34: Train Epoch 24: 560/1641 Loss: 0.245175
2026-08-18 01:34: Train Epoch 24: 580/1641 Loss: 0.252418
2026-08-18 01:34: Train Epoch 24: 600/1641 Loss: 0.234727
2026-08-18 01:34: Train Epoch 24: 620/1641 Loss: 0.235704
2026-08-18 01:34: Train Epoch 24: 640/1641 Loss: 0.232401
2026-08-18 01:34: Train Epoch 24: 660/1641 Loss: 0.253982
2026-08-18 01:35: Train Epoch 24: 680/1641 Loss: 0.233893
2026-08-18 01:35: Train Epoch 24: 700/1641 Loss: 0.229846
2026-08-18 01:35: Train Epoch 24: 720/1641 Loss: 0.247299
2026-08-18 01:35: Train Epoch 24: 740/1641 Loss: 0.247935
2026-08-18 01:35: Train Epoch 24: 760/1641 Loss: 0.243968
2026-08-18 01:35: Train Epoch 24: 780/1641 Loss: 0.249963
2026-08-18 01:35: Train Epoch 24: 800/1641 Loss: 0.234439
2026-08-18 01:35: Train Epoch 24: 820/1641 Loss: 0.249448
2026-08-18 01:35: Train Epoch 24: 840/1641 Loss: 0.235434
2026-08-18 01:35: Train Epoch 24: 860/1641 Loss: 0.234773
2026-08-18 01:35: Train Epoch 24: 880/1641 Loss: 0.235229
2026-08-18 01:35: Train Epoch 24: 900/1641 Loss: 0.239889
2026-08-18 01:35: Train Epoch 24: 920/1641 Loss: 0.239313
2026-08-18 01:35: Train Epoch 24: 940/1641 Loss: 0.240495
2026-08-18 01:35: Train Epoch 24: 960/1641 Loss: 0.236532
2026-08-18 01:35: Train Epoch 24: 980/1641 Loss: 0.234035
2026-08-18 01:35: Train Epoch 24: 1000/1641 Loss: 0.250883
2026-08-18 01:35: Train Epoch 24: 1020/1641 Loss: 0.224757
2026-08-18 01:35: Train Epoch 24: 1040/1641 Loss: 0.238172
2026-08-18 01:35: Train Epoch 24: 1060/1641 Loss: 0.239772
2026-08-18 01:35: Train Epoch 24: 1080/1641 Loss: 0.240968
2026-08-18 01:35: Train Epoch 24: 1100/1641 Loss: 0.228590
2026-08-18 01:35: Train Epoch 24: 1120/1641 Loss: 0.237825
2026-08-18 01:36: Train Epoch 24: 1140/1641 Loss: 0.248440
2026-08-18 01:36: Train Epoch 24: 1160/1641 Loss: 0.249415
2026-08-18 01:36: Train Epoch 24: 1180/1641 Loss: 0.236806
2026-08-18 01:36: Train Epoch 24: 1200/1641 Loss: 0.245914
2026-08-18 01:36: Train Epoch 24: 1220/1641 Loss: 0.235991
2026-08-18 01:36: Train Epoch 24: 1240/1641 Loss: 0.229234
2026-08-18 01:36: Train Epoch 24: 1260/1641 Loss: 0.247039
2026-08-18 01:36: Train Epoch 24: 1280/1641 Loss: 0.241119
2026-08-18 01:36: Train Epoch 24: 1300/1641 Loss: 0.255273
2026-08-18 01:36: Train Epoch 24: 1320/1641 Loss: 0.232069
2026-08-18 01:36: Train Epoch 24: 1340/1641 Loss: 0.238090
2026-08-18 01:36: Train Epoch 24: 1360/1641 Loss: 0.232711
2026-08-18 01:36: Train Epoch 24: 1380/1641 Loss: 0.241207
2026-08-18 01:36: Train Epoch 24: 1400/1641 Loss: 0.246313
2026-08-18 01:36: Train Epoch 24: 1420/1641 Loss: 0.245216
2026-08-18 01:36: Train Epoch 24: 1440/1641 Loss: 0.243915
2026-08-18 01:36: Train Epoch 24: 1460/1641 Loss: 0.247462
2026-08-18 01:36: Train Epoch 24: 1480/1641 Loss: 0.235670
2026-08-18 01:36: Train Epoch 24: 1500/1641 Loss: 0.245819
2026-08-18 01:36: Train Epoch 24: 1520/1641 Loss: 0.240683
2026-08-18 01:36: Train Epoch 24: 1540/1641 Loss: 0.238967
2026-08-18 01:36: Train Epoch 24: 1560/1641 Loss: 0.237830
2026-08-18 01:37: Train Epoch 24: 1580/1641 Loss: 0.253476
2026-08-18 01:37: Train Epoch 24: 1600/1641 Loss: 0.251392
2026-08-18 01:37: Train Epoch 24: 1620/1641 Loss: 0.250900
2026-08-18 01:37: Train Epoch 24: 1640/1641 Loss: 0.239080
2026-08-18 01:37: **********Train Epoch 24: averaged Loss: 0.244071, tf_ratio: 1.000000
2026-08-18 01:37: **********Val Epoch 24: average Loss: 0.327158
2026-08-18 01:37: Validation performance didn't improve for 15 epochs. Training stops.
2026-08-18 01:37: Total training time: 95.4870min, best loss: 0.310113
2026-08-18 01:37: Saving current best model to /scratch/chkkar002/Diffusion_Based_STGNNs/AGCRN/model/experiments/SAWS/trial10_20260818000157/best_model.pth
2026-08-18 01:37: Horizon 01, MAE: 0.12, RMSE: 0.17, MAPE: 65.9514%
2026-08-18 01:37: Horizon 02, MAE: 0.16, RMSE: 0.22, MAPE: 84.3634%
2026-08-18 01:37: Horizon 03, MAE: 0.19, RMSE: 0.26, MAPE: 101.6888%
2026-08-18 01:37: Horizon 04, MAE: 0.21, RMSE: 0.29, MAPE: 116.9614%
2026-08-18 01:37: Horizon 05, MAE: 0.23, RMSE: 0.31, MAPE: 125.4208%
2026-08-18 01:37: Horizon 06, MAE: 0.24, RMSE: 0.33, MAPE: 130.8638%
2026-08-18 01:37: Horizon 07, MAE: 0.25, RMSE: 0.34, MAPE: 138.4728%
2026-08-18 01:37: Horizon 08, MAE: 0.26, RMSE: 0.36, MAPE: 143.3956%
2026-08-18 01:37: Horizon 09, MAE: 0.27, RMSE: 0.37, MAPE: 143.8396%
2026-08-18 01:37: Horizon 10, MAE: 0.28, RMSE: 0.38, MAPE: 148.4285%
2026-08-18 01:37: Horizon 11, MAE: 0.28, RMSE: 0.38, MAPE: 150.1108%
2026-08-18 01:37: Horizon 12, MAE: 0.29, RMSE: 0.39, MAPE: 151.0889%
2026-08-18 01:37: Horizon 13, MAE: 0.29, RMSE: 0.40, MAPE: 154.1152%
2026-08-18 01:37: Horizon 14, MAE: 0.29, RMSE: 0.40, MAPE: 156.9430%
2026-08-18 01:37: Horizon 15, MAE: 0.30, RMSE: 0.40, MAPE: 160.0819%
2026-08-18 01:37: Horizon 16, MAE: 0.30, RMSE: 0.41, MAPE: 160.8884%
2026-08-18 01:37: Horizon 17, MAE: 0.30, RMSE: 0.41, MAPE: 162.4679%
2026-08-18 01:37: Horizon 18, MAE: 0.31, RMSE: 0.42, MAPE: 164.1608%
2026-08-18 01:37: Horizon 19, MAE: 0.31, RMSE: 0.42, MAPE: 164.5965%
2026-08-18 01:37: Horizon 20, MAE: 0.31, RMSE: 0.42, MAPE: 164.9111%
2026-08-18 01:37: Horizon 21, MAE: 0.32, RMSE: 0.43, MAPE: 166.8619%
2026-08-18 01:37: Horizon 22, MAE: 0.32, RMSE: 0.43, MAPE: 169.1298%
2026-08-18 01:37: Horizon 23, MAE: 0.32, RMSE: 0.44, MAPE: 170.3164%
2026-08-18 01:37: Horizon 24, MAE: 0.32, RMSE: 0.44, MAPE: 170.9207%
2026-08-18 01:37: Horizon 25, MAE: 0.33, RMSE: 0.45, MAPE: 174.0902%
2026-08-18 01:37: Horizon 26, MAE: 0.34, RMSE: 0.45, MAPE: 176.4557%
2026-08-18 01:37: Horizon 27, MAE: 0.34, RMSE: 0.46, MAPE: 180.7493%
2026-08-18 01:37: Horizon 28, MAE: 0.35, RMSE: 0.47, MAPE: 182.2697%
2026-08-18 01:37: Horizon 29, MAE: 0.35, RMSE: 0.47, MAPE: 183.7537%
2026-08-18 01:37: Horizon 30, MAE: 0.36, RMSE: 0.48, MAPE: 184.1688%
2026-08-18 01:37: Horizon 31, MAE: 0.36, RMSE: 0.48, MAPE: 185.6438%
2026-08-18 01:37: Horizon 32, MAE: 0.36, RMSE: 0.49, MAPE: 182.8952%
2026-08-18 01:37: Horizon 33, MAE: 0.37, RMSE: 0.49, MAPE: 181.4876%
2026-08-18 01:37: Horizon 34, MAE: 0.37, RMSE: 0.50, MAPE: 184.4818%
2026-08-18 01:37: Horizon 35, MAE: 0.37, RMSE: 0.50, MAPE: 186.4117%
2026-08-18 01:37: Horizon 36, MAE: 0.37, RMSE: 0.50, MAPE: 184.7591%
2026-08-18 01:37: Horizon 37, MAE: 0.38, RMSE: 0.50, MAPE: 185.5378%
2026-08-18 01:37: Horizon 38, MAE: 0.38, RMSE: 0.51, MAPE: 188.7145%
2026-08-18 01:37: Horizon 39, MAE: 0.38, RMSE: 0.51, MAPE: 190.9745%
2026-08-18 01:37: Horizon 40, MAE: 0.38, RMSE: 0.51, MAPE: 191.8978%
2026-08-18 01:37: Horizon 41, MAE: 0.38, RMSE: 0.51, MAPE: 193.5015%
2026-08-18 01:37: Horizon 42, MAE: 0.38, RMSE: 0.51, MAPE: 193.5723%
2026-08-18 01:37: Horizon 43, MAE: 0.38, RMSE: 0.51, MAPE: 197.7486%
2026-08-18 01:37: Horizon 44, MAE: 0.39, RMSE: 0.51, MAPE: 199.9880%
2026-08-18 01:37: Horizon 45, MAE: 0.39, RMSE: 0.52, MAPE: 204.5221%
2026-08-18 01:37: Horizon 46, MAE: 0.39, RMSE: 0.52, MAPE: 205.3425%
2026-08-18 01:37: Horizon 47, MAE: 0.39, RMSE: 0.52, MAPE: 204.7233%
2026-08-18 01:37: Horizon 48, MAE: 0.39, RMSE: 0.52, MAPE: 206.8009%
2026-08-18 01:37: Average Horizon, MAE: 0.32, RMSE: 0.44, MAPE: 167.0147%
