2026-08-16 08:36: Experiment log path in: /scratch/chkkar002/Diffusion_Based_STGNNs/AGCRN/model/experiments/SAWS/trial6_20260816083631
2026-08-16 08:36: Train Epoch 1: 0/820 Loss: 17.976805
2026-08-16 08:36: Train Epoch 1: 20/820 Loss: 16.494940
2026-08-16 08:36: Train Epoch 1: 40/820 Loss: 16.987394
2026-08-16 08:36: Train Epoch 1: 60/820 Loss: 16.239006
2026-08-16 08:36: Train Epoch 1: 80/820 Loss: 14.905117
2026-08-16 08:36: Train Epoch 1: 100/820 Loss: 14.372455
2026-08-16 08:36: Train Epoch 1: 120/820 Loss: 13.422745
2026-08-16 08:36: Train Epoch 1: 140/820 Loss: 14.013690
2026-08-16 08:36: Train Epoch 1: 160/820 Loss: 12.895240
2026-08-16 08:36: Train Epoch 1: 180/820 Loss: 11.582228
2026-08-16 08:37: Train Epoch 1: 200/820 Loss: 11.725897
2026-08-16 08:37: Train Epoch 1: 220/820 Loss: 10.265247
2026-08-16 08:37: Train Epoch 1: 240/820 Loss: 10.765640
2026-08-16 08:37: Train Epoch 1: 260/820 Loss: 9.418751
2026-08-16 08:37: Train Epoch 1: 280/820 Loss: 9.803047
2026-08-16 08:37: Train Epoch 1: 300/820 Loss: 9.585166
2026-08-16 08:37: Train Epoch 1: 320/820 Loss: 9.182058
2026-08-16 08:37: Train Epoch 1: 340/820 Loss: 9.278210
2026-08-16 08:37: Train Epoch 1: 360/820 Loss: 8.217520
2026-08-16 08:37: Train Epoch 1: 380/820 Loss: 7.949504
2026-08-16 08:37: Train Epoch 1: 400/820 Loss: 7.561550
2026-08-16 08:37: Train Epoch 1: 420/820 Loss: 7.468719
2026-08-16 08:37: Train Epoch 1: 440/820 Loss: 7.734321
2026-08-16 08:37: Train Epoch 1: 460/820 Loss: 7.442495
2026-08-16 08:37: Train Epoch 1: 480/820 Loss: 6.782332
2026-08-16 08:37: Train Epoch 1: 500/820 Loss: 6.766170
2026-08-16 08:37: Train Epoch 1: 520/820 Loss: 6.591979
2026-08-16 08:37: Train Epoch 1: 540/820 Loss: 6.837291
2026-08-16 08:37: Train Epoch 1: 560/820 Loss: 6.481843
2026-08-16 08:37: Train Epoch 1: 580/820 Loss: 6.408727
2026-08-16 08:37: Train Epoch 1: 600/820 Loss: 5.802356
2026-08-16 08:37: Train Epoch 1: 620/820 Loss: 5.790756
2026-08-16 08:37: Train Epoch 1: 640/820 Loss: 5.716015
2026-08-16 08:38: Train Epoch 1: 660/820 Loss: 5.729342
2026-08-16 08:38: Train Epoch 1: 680/820 Loss: 5.616038
2026-08-16 08:38: Train Epoch 1: 700/820 Loss: 5.698242
2026-08-16 08:38: Train Epoch 1: 720/820 Loss: 5.606494
2026-08-16 08:38: Train Epoch 1: 740/820 Loss: 5.948104
2026-08-16 08:38: Train Epoch 1: 760/820 Loss: 5.644784
2026-08-16 08:38: Train Epoch 1: 780/820 Loss: 5.416663
2026-08-16 08:38: Train Epoch 1: 800/820 Loss: 5.425203
2026-08-16 08:38: **********Train Epoch 1: averaged Loss: 9.063232, tf_ratio: 1.000000
2026-08-16 08:38: **********Val Epoch 1: average Loss: 5.377401
2026-08-16 08:38: *********************************Current best model saved!
2026-08-16 08:38: Train Epoch 2: 0/820 Loss: 5.525756
2026-08-16 08:38: Train Epoch 2: 20/820 Loss: 5.312914
2026-08-16 08:38: Train Epoch 2: 40/820 Loss: 5.457548
2026-08-16 08:38: Train Epoch 2: 60/820 Loss: 5.482231
2026-08-16 08:38: Train Epoch 2: 80/820 Loss: 5.136190
2026-08-16 08:38: Train Epoch 2: 100/820 Loss: 5.133896
2026-08-16 08:38: Train Epoch 2: 120/820 Loss: 5.211856
2026-08-16 08:38: Train Epoch 2: 140/820 Loss: 5.541691
2026-08-16 08:38: Train Epoch 2: 160/820 Loss: 5.046459
2026-08-16 08:38: Train Epoch 2: 180/820 Loss: 5.358770
2026-08-16 08:39: Train Epoch 2: 200/820 Loss: 5.243031
2026-08-16 08:39: Train Epoch 2: 220/820 Loss: 5.005037
2026-08-16 08:39: Train Epoch 2: 240/820 Loss: 4.955369
2026-08-16 08:39: Train Epoch 2: 260/820 Loss: 4.898136
2026-08-16 08:39: Train Epoch 2: 280/820 Loss: 5.187026
2026-08-16 08:39: Train Epoch 2: 300/820 Loss: 4.973286
2026-08-16 08:39: Train Epoch 2: 320/820 Loss: 5.087465
2026-08-16 08:39: Train Epoch 2: 340/820 Loss: 4.897822
2026-08-16 08:39: Train Epoch 2: 360/820 Loss: 4.943739
2026-08-16 08:39: Train Epoch 2: 380/820 Loss: 4.970367
2026-08-16 08:39: Train Epoch 2: 400/820 Loss: 4.883358
2026-08-16 08:39: Train Epoch 2: 420/820 Loss: 4.438657
2026-08-16 08:39: Train Epoch 2: 440/820 Loss: 4.794484
2026-08-16 08:39: Train Epoch 2: 460/820 Loss: 4.723977
2026-08-16 08:39: Train Epoch 2: 480/820 Loss: 4.677102
2026-08-16 08:39: Train Epoch 2: 500/820 Loss: 4.641353
2026-08-16 08:39: Train Epoch 2: 520/820 Loss: 4.564466
2026-08-16 08:39: Train Epoch 2: 540/820 Loss: 4.701854
2026-08-16 08:39: Train Epoch 2: 560/820 Loss: 4.542278
2026-08-16 08:39: Train Epoch 2: 580/820 Loss: 4.463735
2026-08-16 08:39: Train Epoch 2: 600/820 Loss: 4.518127
2026-08-16 08:39: Train Epoch 2: 620/820 Loss: 4.659612
2026-08-16 08:40: Train Epoch 2: 640/820 Loss: 4.373464
2026-08-16 08:40: Train Epoch 2: 660/820 Loss: 4.251968
2026-08-16 08:40: Train Epoch 2: 680/820 Loss: 4.292086
2026-08-16 08:40: Train Epoch 2: 700/820 Loss: 4.550751
2026-08-16 08:40: Train Epoch 2: 720/820 Loss: 4.511878
2026-08-16 08:40: Train Epoch 2: 740/820 Loss: 4.308655
2026-08-16 08:40: Train Epoch 2: 760/820 Loss: 4.184607
2026-08-16 08:40: Train Epoch 2: 780/820 Loss: 4.208101
2026-08-16 08:40: Train Epoch 2: 800/820 Loss: 4.352431
2026-08-16 08:40: **********Train Epoch 2: averaged Loss: 4.823549, tf_ratio: 1.000000
2026-08-16 08:40: **********Val Epoch 2: average Loss: 4.157843
2026-08-16 08:40: *********************************Current best model saved!
2026-08-16 08:40: Train Epoch 3: 0/820 Loss: 4.527433
2026-08-16 08:40: Train Epoch 3: 20/820 Loss: 4.306051
2026-08-16 08:40: Train Epoch 3: 40/820 Loss: 4.098711
2026-08-16 08:40: Train Epoch 3: 60/820 Loss: 4.159784
2026-08-16 08:40: Train Epoch 3: 80/820 Loss: 4.492697
2026-08-16 08:40: Train Epoch 3: 100/820 Loss: 4.381898
2026-08-16 08:40: Train Epoch 3: 120/820 Loss: 4.031383
2026-08-16 08:40: Train Epoch 3: 140/820 Loss: 3.969391
2026-08-16 08:40: Train Epoch 3: 160/820 Loss: 4.082502
2026-08-16 08:41: Train Epoch 3: 180/820 Loss: 4.184685
2026-08-16 08:41: Train Epoch 3: 200/820 Loss: 4.136151
2026-08-16 08:41: Train Epoch 3: 220/820 Loss: 4.016606
2026-08-16 08:41: Train Epoch 3: 240/820 Loss: 4.181734
2026-08-16 08:41: Train Epoch 3: 260/820 Loss: 4.196371
2026-08-16 08:41: Train Epoch 3: 280/820 Loss: 4.142463
2026-08-16 08:41: Train Epoch 3: 300/820 Loss: 4.138398
2026-08-16 08:41: Train Epoch 3: 320/820 Loss: 4.473295
2026-08-16 08:41: Train Epoch 3: 340/820 Loss: 4.172965
2026-08-16 08:41: Train Epoch 3: 360/820 Loss: 4.307506
2026-08-16 08:41: Train Epoch 3: 380/820 Loss: 4.244835
2026-08-16 08:41: Train Epoch 3: 400/820 Loss: 4.191890
2026-08-16 08:41: Train Epoch 3: 420/820 Loss: 4.205238
2026-08-16 08:41: Train Epoch 3: 440/820 Loss: 4.118526
2026-08-16 08:41: Train Epoch 3: 460/820 Loss: 4.310258
2026-08-16 08:41: Train Epoch 3: 480/820 Loss: 4.231056
2026-08-16 08:41: Train Epoch 3: 500/820 Loss: 4.176013
2026-08-16 08:41: Train Epoch 3: 520/820 Loss: 3.991679
2026-08-16 08:41: Train Epoch 3: 540/820 Loss: 4.132446
2026-08-16 08:41: Train Epoch 3: 560/820 Loss: 3.956995
2026-08-16 08:41: Train Epoch 3: 580/820 Loss: 3.870726
2026-08-16 08:41: Train Epoch 3: 600/820 Loss: 3.997347
2026-08-16 08:42: Train Epoch 3: 620/820 Loss: 4.004838
2026-08-16 08:42: Train Epoch 3: 640/820 Loss: 3.750010
2026-08-16 08:42: Train Epoch 3: 660/820 Loss: 3.880135
2026-08-16 08:42: Train Epoch 3: 680/820 Loss: 3.914644
2026-08-16 08:42: Train Epoch 3: 700/820 Loss: 4.107978
2026-08-16 08:42: Train Epoch 3: 720/820 Loss: 4.014169
2026-08-16 08:42: Train Epoch 3: 740/820 Loss: 3.978081
2026-08-16 08:42: Train Epoch 3: 760/820 Loss: 3.723933
2026-08-16 08:42: Train Epoch 3: 780/820 Loss: 4.133120
2026-08-16 08:42: Train Epoch 3: 800/820 Loss: 4.038027
2026-08-16 08:42: **********Train Epoch 3: averaged Loss: 4.143332, tf_ratio: 1.000000
2026-08-16 08:42: **********Val Epoch 3: average Loss: 3.800437
2026-08-16 08:42: *********************************Current best model saved!
2026-08-16 08:42: Train Epoch 4: 0/820 Loss: 3.908759
2026-08-16 08:42: Train Epoch 4: 20/820 Loss: 3.998726
2026-08-16 08:42: Train Epoch 4: 40/820 Loss: 3.959078
2026-08-16 08:42: Train Epoch 4: 60/820 Loss: 3.707213
2026-08-16 08:42: Train Epoch 4: 80/820 Loss: 3.982130
2026-08-16 08:42: Train Epoch 4: 100/820 Loss: 3.690592
2026-08-16 08:42: Train Epoch 4: 120/820 Loss: 3.740595
2026-08-16 08:42: Train Epoch 4: 140/820 Loss: 3.824389
2026-08-16 08:43: Train Epoch 4: 160/820 Loss: 3.760992
2026-08-16 08:43: Train Epoch 4: 180/820 Loss: 4.025843
2026-08-16 08:43: Train Epoch 4: 200/820 Loss: 3.839130
2026-08-16 08:43: Train Epoch 4: 220/820 Loss: 3.866940
2026-08-16 08:43: Train Epoch 4: 240/820 Loss: 3.651573
2026-08-16 08:43: Train Epoch 4: 260/820 Loss: 3.543510
2026-08-16 08:43: Train Epoch 4: 280/820 Loss: 3.725847
2026-08-16 08:43: Train Epoch 4: 300/820 Loss: 3.735641
2026-08-16 08:43: Train Epoch 4: 320/820 Loss: 3.654962
2026-08-16 08:43: Train Epoch 4: 340/820 Loss: 3.731712
2026-08-16 08:43: Train Epoch 4: 360/820 Loss: 3.653844
2026-08-16 08:43: Train Epoch 4: 380/820 Loss: 3.529135
2026-08-16 08:43: Train Epoch 4: 400/820 Loss: 3.678547
2026-08-16 08:43: Train Epoch 4: 420/820 Loss: 3.494052
2026-08-16 08:43: Train Epoch 4: 440/820 Loss: 3.603084
2026-08-16 08:43: Train Epoch 4: 460/820 Loss: 3.434886
2026-08-16 08:43: Train Epoch 4: 480/820 Loss: 3.424898
2026-08-16 08:43: Train Epoch 4: 500/820 Loss: 3.606475
2026-08-16 08:43: Train Epoch 4: 520/820 Loss: 3.566100
2026-08-16 08:43: Train Epoch 4: 540/820 Loss: 3.404606
2026-08-16 08:43: Train Epoch 4: 560/820 Loss: 3.446856
2026-08-16 08:43: Train Epoch 4: 580/820 Loss: 3.554927
2026-08-16 08:44: Train Epoch 4: 600/820 Loss: 3.304267
2026-08-16 08:44: Train Epoch 4: 620/820 Loss: 3.272089
2026-08-16 08:44: Train Epoch 4: 640/820 Loss: 3.373329
2026-08-16 08:44: Train Epoch 4: 660/820 Loss: 3.199430
2026-08-16 08:44: Train Epoch 4: 680/820 Loss: 3.275659
2026-08-16 08:44: Train Epoch 4: 700/820 Loss: 3.064423
2026-08-16 08:44: Train Epoch 4: 720/820 Loss: 2.998245
2026-08-16 08:44: Train Epoch 4: 740/820 Loss: 3.127996
2026-08-16 08:44: Train Epoch 4: 760/820 Loss: 3.176743
2026-08-16 08:44: Train Epoch 4: 780/820 Loss: 3.117630
2026-08-16 08:44: Train Epoch 4: 800/820 Loss: 2.990062
2026-08-16 08:44: **********Train Epoch 4: averaged Loss: 3.517118, tf_ratio: 1.000000
2026-08-16 08:44: **********Val Epoch 4: average Loss: 2.872726
2026-08-16 08:44: *********************************Current best model saved!
2026-08-16 08:44: Train Epoch 5: 0/820 Loss: 2.934274
2026-08-16 08:44: Train Epoch 5: 20/820 Loss: 2.951851
2026-08-16 08:44: Train Epoch 5: 40/820 Loss: 2.984214
2026-08-16 08:44: Train Epoch 5: 60/820 Loss: 2.854927
2026-08-16 08:44: Train Epoch 5: 80/820 Loss: 2.876322
2026-08-16 08:44: Train Epoch 5: 100/820 Loss: 2.921223
2026-08-16 08:44: Train Epoch 5: 120/820 Loss: 2.876325
2026-08-16 08:45: Train Epoch 5: 140/820 Loss: 2.803679
2026-08-16 08:45: Train Epoch 5: 160/820 Loss: 2.694243
2026-08-16 08:45: Train Epoch 5: 180/820 Loss: 2.831341
2026-08-16 08:45: Train Epoch 5: 200/820 Loss: 2.599041
2026-08-16 08:45: Train Epoch 5: 220/820 Loss: 2.681547
2026-08-16 08:45: Train Epoch 5: 240/820 Loss: 2.753905
2026-08-16 08:45: Train Epoch 5: 260/820 Loss: 2.644194
2026-08-16 08:45: Train Epoch 5: 280/820 Loss: 2.589355
2026-08-16 08:45: Train Epoch 5: 300/820 Loss: 2.713243
2026-08-16 08:45: Train Epoch 5: 320/820 Loss: 2.819234
2026-08-16 08:45: Train Epoch 5: 340/820 Loss: 2.691733
2026-08-16 08:45: Train Epoch 5: 360/820 Loss: 2.564233
2026-08-16 08:45: Train Epoch 5: 380/820 Loss: 2.609741
2026-08-16 08:45: Train Epoch 5: 400/820 Loss: 2.659832
2026-08-16 08:45: Train Epoch 5: 420/820 Loss: 2.739409
2026-08-16 08:45: Train Epoch 5: 440/820 Loss: 2.692271
2026-08-16 08:45: Train Epoch 5: 460/820 Loss: 2.787666
2026-08-16 08:45: Train Epoch 5: 480/820 Loss: 2.518626
2026-08-16 08:45: Train Epoch 5: 500/820 Loss: 2.479586
2026-08-16 08:45: Train Epoch 5: 520/820 Loss: 2.498481
2026-08-16 08:45: Train Epoch 5: 540/820 Loss: 2.523875
2026-08-16 08:45: Train Epoch 5: 560/820 Loss: 2.535220
2026-08-16 08:46: Train Epoch 5: 580/820 Loss: 2.506729
2026-08-16 08:46: Train Epoch 5: 600/820 Loss: 2.376013
2026-08-16 08:46: Train Epoch 5: 620/820 Loss: 2.616740
2026-08-16 08:46: Train Epoch 5: 640/820 Loss: 2.573124
2026-08-16 08:46: Train Epoch 5: 660/820 Loss: 2.424923
2026-08-16 08:46: Train Epoch 5: 680/820 Loss: 2.534622
2026-08-16 08:46: Train Epoch 5: 700/820 Loss: 2.465955
2026-08-16 08:46: Train Epoch 5: 720/820 Loss: 2.559484
2026-08-16 08:46: Train Epoch 5: 740/820 Loss: 2.403161
2026-08-16 08:46: Train Epoch 5: 760/820 Loss: 2.409084
2026-08-16 08:46: Train Epoch 5: 780/820 Loss: 2.427291
2026-08-16 08:46: Train Epoch 5: 800/820 Loss: 2.443102
2026-08-16 08:46: **********Train Epoch 5: averaged Loss: 2.656931, tf_ratio: 1.000000
2026-08-16 08:46: **********Val Epoch 5: average Loss: 2.390152
2026-08-16 08:46: *********************************Current best model saved!
2026-08-16 08:46: Train Epoch 6: 0/820 Loss: 2.555578
2026-08-16 08:46: Train Epoch 6: 20/820 Loss: 2.377830
2026-08-16 08:46: Train Epoch 6: 40/820 Loss: 2.480726
2026-08-16 08:46: Train Epoch 6: 60/820 Loss: 2.365234
2026-08-16 08:46: Train Epoch 6: 80/820 Loss: 2.436257
2026-08-16 08:46: Train Epoch 6: 100/820 Loss: 2.432497
2026-08-16 08:47: Train Epoch 6: 120/820 Loss: 2.389246
2026-08-16 08:47: Train Epoch 6: 140/820 Loss: 2.445531
2026-08-16 08:47: Train Epoch 6: 160/820 Loss: 2.499124
2026-08-16 08:47: Train Epoch 6: 180/820 Loss: 2.436490
2026-08-16 08:47: Train Epoch 6: 200/820 Loss: 2.460729
2026-08-16 08:47: Train Epoch 6: 220/820 Loss: 2.408605
2026-08-16 08:47: Train Epoch 6: 240/820 Loss: 2.400224
2026-08-16 08:47: Train Epoch 6: 260/820 Loss: 2.400236
2026-08-16 08:47: Train Epoch 6: 280/820 Loss: 2.454435
2026-08-16 08:47: Train Epoch 6: 300/820 Loss: 2.496990
2026-08-16 08:47: Train Epoch 6: 320/820 Loss: 2.468007
2026-08-16 08:47: Train Epoch 6: 340/820 Loss: 2.346500
2026-08-16 08:47: Train Epoch 6: 360/820 Loss: 2.501068
2026-08-16 08:47: Train Epoch 6: 380/820 Loss: 2.303243
2026-08-16 08:47: Train Epoch 6: 400/820 Loss: 2.351842
2026-08-16 08:47: Train Epoch 6: 420/820 Loss: 2.398834
2026-08-16 08:47: Train Epoch 6: 440/820 Loss: 2.357645
2026-08-16 08:47: Train Epoch 6: 460/820 Loss: 2.308414
2026-08-16 08:47: Train Epoch 6: 480/820 Loss: 2.384120
2026-08-16 08:47: Train Epoch 6: 500/820 Loss: 2.313901
2026-08-16 08:47: Train Epoch 6: 520/820 Loss: 2.400758
2026-08-16 08:47: Train Epoch 6: 540/820 Loss: 2.284828
2026-08-16 08:47: Train Epoch 6: 560/820 Loss: 2.251159
2026-08-16 08:48: Train Epoch 6: 580/820 Loss: 2.327903
2026-08-16 08:48: Train Epoch 6: 600/820 Loss: 2.445720
2026-08-16 08:48: Train Epoch 6: 620/820 Loss: 2.395019
2026-08-16 08:48: Train Epoch 6: 640/820 Loss: 2.331987
2026-08-16 08:48: Train Epoch 6: 660/820 Loss: 2.380460
2026-08-16 08:48: Train Epoch 6: 680/820 Loss: 2.425643
2026-08-16 08:48: Train Epoch 6: 700/820 Loss: 2.227390
2026-08-16 08:48: Train Epoch 6: 720/820 Loss: 2.264176
2026-08-16 08:48: Train Epoch 6: 740/820 Loss: 2.335711
2026-08-16 08:48: Train Epoch 6: 760/820 Loss: 2.333003
2026-08-16 08:48: Train Epoch 6: 780/820 Loss: 2.280851
2026-08-16 08:48: Train Epoch 6: 800/820 Loss: 2.294669
2026-08-16 08:48: **********Train Epoch 6: averaged Loss: 2.365496, tf_ratio: 1.000000
2026-08-16 08:48: **********Val Epoch 6: average Loss: 2.237213
2026-08-16 08:48: *********************************Current best model saved!
2026-08-16 08:48: Train Epoch 7: 0/820 Loss: 2.369777
2026-08-16 08:48: Train Epoch 7: 20/820 Loss: 2.237846
2026-08-16 08:48: Train Epoch 7: 40/820 Loss: 2.320559
2026-08-16 08:48: Train Epoch 7: 60/820 Loss: 2.263103
2026-08-16 08:48: Train Epoch 7: 80/820 Loss: 2.270691
2026-08-16 08:48: Train Epoch 7: 100/820 Loss: 2.268195
2026-08-16 08:49: Train Epoch 7: 120/820 Loss: 2.322008
2026-08-16 08:49: Train Epoch 7: 140/820 Loss: 2.252063
2026-08-16 08:49: Train Epoch 7: 160/820 Loss: 2.288345
2026-08-16 08:49: Train Epoch 7: 180/820 Loss: 2.267829
2026-08-16 08:49: Train Epoch 7: 200/820 Loss: 2.396850
2026-08-16 08:49: Train Epoch 7: 220/820 Loss: 2.270135
2026-08-16 08:49: Train Epoch 7: 240/820 Loss: 2.230933
2026-08-16 08:49: Train Epoch 7: 260/820 Loss: 2.211031
2026-08-16 08:49: Train Epoch 7: 280/820 Loss: 2.310034
2026-08-16 08:49: Train Epoch 7: 300/820 Loss: 2.144203
2026-08-16 08:49: Train Epoch 7: 320/820 Loss: 2.291734
2026-08-16 08:49: Train Epoch 7: 340/820 Loss: 2.132533
2026-08-16 08:49: Train Epoch 7: 360/820 Loss: 2.164787
2026-08-16 08:49: Train Epoch 7: 380/820 Loss: 2.154155
2026-08-16 08:49: Train Epoch 7: 400/820 Loss: 2.164855
2026-08-16 08:49: Train Epoch 7: 420/820 Loss: 2.151024
2026-08-16 08:49: Train Epoch 7: 440/820 Loss: 2.222099
2026-08-16 08:49: Train Epoch 7: 460/820 Loss: 2.223439
2026-08-16 08:49: Train Epoch 7: 480/820 Loss: 2.282634
2026-08-16 08:49: Train Epoch 7: 500/820 Loss: 2.141776
2026-08-16 08:49: Train Epoch 7: 520/820 Loss: 2.104416
2026-08-16 08:49: Train Epoch 7: 540/820 Loss: 2.252055
2026-08-16 08:49: Train Epoch 7: 560/820 Loss: 2.135437
2026-08-16 08:50: Train Epoch 7: 580/820 Loss: 2.128932
2026-08-16 08:50: Train Epoch 7: 600/820 Loss: 2.183722
2026-08-16 08:50: Train Epoch 7: 620/820 Loss: 2.157343
2026-08-16 08:50: Train Epoch 7: 640/820 Loss: 2.141597
2026-08-16 08:50: Train Epoch 7: 660/820 Loss: 2.293716
2026-08-16 08:50: Train Epoch 7: 680/820 Loss: 2.209680
2026-08-16 08:50: Train Epoch 7: 700/820 Loss: 2.289750
2026-08-16 08:50: Train Epoch 7: 720/820 Loss: 2.166955
2026-08-16 08:50: Train Epoch 7: 740/820 Loss: 2.213498
2026-08-16 08:50: Train Epoch 7: 760/820 Loss: 2.170195
2026-08-16 08:50: Train Epoch 7: 780/820 Loss: 2.051095
2026-08-16 08:50: Train Epoch 7: 800/820 Loss: 2.212887
2026-08-16 08:50: **********Train Epoch 7: averaged Loss: 2.207798, tf_ratio: 1.000000
2026-08-16 08:50: **********Val Epoch 7: average Loss: 2.097600
2026-08-16 08:50: *********************************Current best model saved!
2026-08-16 08:50: Train Epoch 8: 0/820 Loss: 2.228796
2026-08-16 08:50: Train Epoch 8: 20/820 Loss: 2.142059
2026-08-16 08:50: Train Epoch 8: 40/820 Loss: 2.095623
2026-08-16 08:50: Train Epoch 8: 60/820 Loss: 2.282020
2026-08-16 08:50: Train Epoch 8: 80/820 Loss: 2.111619
2026-08-16 08:50: Train Epoch 8: 100/820 Loss: 2.013800
2026-08-16 08:51: Train Epoch 8: 120/820 Loss: 2.005431
2026-08-16 08:51: Train Epoch 8: 140/820 Loss: 2.160124
2026-08-16 08:51: Train Epoch 8: 160/820 Loss: 2.082365
2026-08-16 08:51: Train Epoch 8: 180/820 Loss: 2.019940
2026-08-16 08:51: Train Epoch 8: 200/820 Loss: 2.060557
2026-08-16 08:51: Train Epoch 8: 220/820 Loss: 2.135027
2026-08-16 08:51: Train Epoch 8: 240/820 Loss: 2.138791
2026-08-16 08:51: Train Epoch 8: 260/820 Loss: 2.160861
2026-08-16 08:51: Train Epoch 8: 280/820 Loss: 2.062914
2026-08-16 08:51: Train Epoch 8: 300/820 Loss: 2.131286
2026-08-16 08:51: Train Epoch 8: 320/820 Loss: 2.096328
2026-08-16 08:51: Train Epoch 8: 340/820 Loss: 2.141746
2026-08-16 08:51: Train Epoch 8: 360/820 Loss: 2.125637
2026-08-16 08:51: Train Epoch 8: 380/820 Loss: 2.049800
2026-08-16 08:51: Train Epoch 8: 400/820 Loss: 2.133769
2026-08-16 08:51: Train Epoch 8: 420/820 Loss: 2.170442
2026-08-16 08:51: Train Epoch 8: 440/820 Loss: 2.118218
2026-08-16 08:51: Train Epoch 8: 460/820 Loss: 2.082969
2026-08-16 08:51: Train Epoch 8: 480/820 Loss: 2.123296
2026-08-16 08:51: Train Epoch 8: 500/820 Loss: 2.116866
2026-08-16 08:51: Train Epoch 8: 520/820 Loss: 2.104761
2026-08-16 08:51: Train Epoch 8: 540/820 Loss: 2.018740
2026-08-16 08:51: Train Epoch 8: 560/820 Loss: 2.099344
2026-08-16 08:52: Train Epoch 8: 580/820 Loss: 2.013164
2026-08-16 08:52: Train Epoch 8: 600/820 Loss: 2.044475
2026-08-16 08:52: Train Epoch 8: 620/820 Loss: 1.982534
2026-08-16 08:52: Train Epoch 8: 640/820 Loss: 2.061433
2026-08-16 08:52: Train Epoch 8: 660/820 Loss: 1.940276
2026-08-16 08:52: Train Epoch 8: 680/820 Loss: 2.095464
2026-08-16 08:52: Train Epoch 8: 700/820 Loss: 2.077273
2026-08-16 08:52: Train Epoch 8: 720/820 Loss: 1.959910
2026-08-16 08:52: Train Epoch 8: 740/820 Loss: 2.240111
2026-08-16 08:52: Train Epoch 8: 760/820 Loss: 2.121961
2026-08-16 08:52: Train Epoch 8: 780/820 Loss: 2.100352
2026-08-16 08:52: Train Epoch 8: 800/820 Loss: 2.074078
2026-08-16 08:52: **********Train Epoch 8: averaged Loss: 2.095377, tf_ratio: 1.000000
2026-08-16 08:52: **********Val Epoch 8: average Loss: 2.039431
2026-08-16 08:52: *********************************Current best model saved!
2026-08-16 08:52: Train Epoch 9: 0/820 Loss: 2.015055
2026-08-16 08:52: Train Epoch 9: 20/820 Loss: 2.079463
2026-08-16 08:52: Train Epoch 9: 40/820 Loss: 2.115792
2026-08-16 08:52: Train Epoch 9: 60/820 Loss: 2.034160
2026-08-16 08:52: Train Epoch 9: 80/820 Loss: 2.042060
2026-08-16 08:52: Train Epoch 9: 100/820 Loss: 1.940623
2026-08-16 08:53: Train Epoch 9: 120/820 Loss: 2.032426
2026-08-16 08:53: Train Epoch 9: 140/820 Loss: 2.068757
2026-08-16 08:53: Train Epoch 9: 160/820 Loss: 1.953487
2026-08-16 08:53: Train Epoch 9: 180/820 Loss: 2.062533
2026-08-16 08:53: Train Epoch 9: 200/820 Loss: 1.986802
2026-08-16 08:53: Train Epoch 9: 220/820 Loss: 1.968690
2026-08-16 08:53: Train Epoch 9: 240/820 Loss: 2.041988
2026-08-16 08:53: Train Epoch 9: 260/820 Loss: 1.957533
2026-08-16 08:53: Train Epoch 9: 280/820 Loss: 1.926438
2026-08-16 08:53: Train Epoch 9: 300/820 Loss: 1.977205
2026-08-16 08:53: Train Epoch 9: 320/820 Loss: 1.951536
2026-08-16 08:53: Train Epoch 9: 340/820 Loss: 2.020089
2026-08-16 08:53: Train Epoch 9: 360/820 Loss: 2.013261
2026-08-16 08:53: Train Epoch 9: 380/820 Loss: 1.932736
2026-08-16 08:53: Train Epoch 9: 400/820 Loss: 2.027818
2026-08-16 08:53: Train Epoch 9: 420/820 Loss: 2.086365
2026-08-16 08:53: Train Epoch 9: 440/820 Loss: 1.911576
2026-08-16 08:53: Train Epoch 9: 460/820 Loss: 2.085930
2026-08-16 08:53: Train Epoch 9: 480/820 Loss: 1.993817
2026-08-16 08:53: Train Epoch 9: 500/820 Loss: 1.971058
2026-08-16 08:53: Train Epoch 9: 520/820 Loss: 1.989314
2026-08-16 08:53: Train Epoch 9: 540/820 Loss: 1.932543
2026-08-16 08:53: Train Epoch 9: 560/820 Loss: 1.983463
2026-08-16 08:54: Train Epoch 9: 580/820 Loss: 2.001013
2026-08-16 08:54: Train Epoch 9: 600/820 Loss: 1.971494
2026-08-16 08:54: Train Epoch 9: 620/820 Loss: 2.045604
2026-08-16 08:54: Train Epoch 9: 640/820 Loss: 2.067651
2026-08-16 08:54: Train Epoch 9: 660/820 Loss: 1.956676
2026-08-16 08:54: Train Epoch 9: 680/820 Loss: 2.035592
2026-08-16 08:54: Train Epoch 9: 700/820 Loss: 2.048345
2026-08-16 08:54: Train Epoch 9: 720/820 Loss: 2.057380
2026-08-16 08:54: Train Epoch 9: 740/820 Loss: 2.016491
2026-08-16 08:54: Train Epoch 9: 760/820 Loss: 2.019328
2026-08-16 08:54: Train Epoch 9: 780/820 Loss: 1.947109
2026-08-16 08:54: Train Epoch 9: 800/820 Loss: 2.004273
2026-08-16 08:54: **********Train Epoch 9: averaged Loss: 2.031465, tf_ratio: 1.000000
2026-08-16 08:54: **********Val Epoch 9: average Loss: 1.971735
2026-08-16 08:54: *********************************Current best model saved!
2026-08-16 08:54: Train Epoch 10: 0/820 Loss: 2.033503
2026-08-16 08:54: Train Epoch 10: 20/820 Loss: 2.031256
2026-08-16 08:54: Train Epoch 10: 40/820 Loss: 2.019397
2026-08-16 08:54: Train Epoch 10: 60/820 Loss: 1.983032
2026-08-16 08:54: Train Epoch 10: 80/820 Loss: 1.988412
2026-08-16 08:54: Train Epoch 10: 100/820 Loss: 1.902932
2026-08-16 08:54: Train Epoch 10: 120/820 Loss: 2.088912
2026-08-16 08:54: Train Epoch 10: 140/820 Loss: 2.156450
2026-08-16 08:55: Train Epoch 10: 160/820 Loss: 1.929920
2026-08-16 08:55: Train Epoch 10: 180/820 Loss: 2.037786
2026-08-16 08:55: Train Epoch 10: 200/820 Loss: 2.052888
2026-08-16 08:55: Train Epoch 10: 220/820 Loss: 1.948232
2026-08-16 08:55: Train Epoch 10: 240/820 Loss: 2.173789
2026-08-16 08:55: Train Epoch 10: 260/820 Loss: 2.020444
2026-08-16 08:55: Train Epoch 10: 280/820 Loss: 2.037838
2026-08-16 08:55: Train Epoch 10: 300/820 Loss: 1.966730
2026-08-16 08:55: Train Epoch 10: 320/820 Loss: 2.048746
2026-08-16 08:55: Train Epoch 10: 340/820 Loss: 2.014111
2026-08-16 08:55: Train Epoch 10: 360/820 Loss: 2.129059
2026-08-16 08:55: Train Epoch 10: 380/820 Loss: 2.024651
2026-08-16 08:55: Train Epoch 10: 400/820 Loss: 1.944372
2026-08-16 08:55: Train Epoch 10: 420/820 Loss: 1.943866
2026-08-16 08:55: Train Epoch 10: 440/820 Loss: 1.932535
2026-08-16 08:55: Train Epoch 10: 460/820 Loss: 1.956304
2026-08-16 08:55: Train Epoch 10: 480/820 Loss: 2.141508
2026-08-16 08:55: Train Epoch 10: 500/820 Loss: 1.927008
2026-08-16 08:55: Train Epoch 10: 520/820 Loss: 1.991442
2026-08-16 08:55: Train Epoch 10: 540/820 Loss: 2.052795
2026-08-16 08:55: Train Epoch 10: 560/820 Loss: 1.886348
2026-08-16 08:55: Train Epoch 10: 580/820 Loss: 1.973141
2026-08-16 08:55: Train Epoch 10: 600/820 Loss: 1.981453
2026-08-16 08:56: Train Epoch 10: 620/820 Loss: 1.998790
2026-08-16 08:56: Train Epoch 10: 640/820 Loss: 2.052472
2026-08-16 08:56: Train Epoch 10: 660/820 Loss: 2.018853
2026-08-16 08:56: Train Epoch 10: 680/820 Loss: 1.914365
2026-08-16 08:56: Train Epoch 10: 700/820 Loss: 1.873213
2026-08-16 08:56: Train Epoch 10: 720/820 Loss: 1.922108
2026-08-16 08:56: Train Epoch 10: 740/820 Loss: 2.028185
2026-08-16 08:56: Train Epoch 10: 760/820 Loss: 2.089197
2026-08-16 08:56: Train Epoch 10: 780/820 Loss: 1.950954
2026-08-16 08:56: Train Epoch 10: 800/820 Loss: 1.970493
2026-08-16 08:56: **********Train Epoch 10: averaged Loss: 1.986764, tf_ratio: 1.000000
2026-08-16 08:56: **********Val Epoch 10: average Loss: 1.940385
2026-08-16 08:56: *********************************Current best model saved!
2026-08-16 08:56: Train Epoch 11: 0/820 Loss: 1.912457
2026-08-16 08:56: Train Epoch 11: 20/820 Loss: 2.024358
2026-08-16 08:56: Train Epoch 11: 40/820 Loss: 1.950323
2026-08-16 08:56: Train Epoch 11: 60/820 Loss: 1.885799
2026-08-16 08:56: Train Epoch 11: 80/820 Loss: 1.979983
2026-08-16 08:56: Train Epoch 11: 100/820 Loss: 2.030130
2026-08-16 08:56: Train Epoch 11: 120/820 Loss: 1.915175
2026-08-16 08:56: Train Epoch 11: 140/820 Loss: 2.016492
2026-08-16 08:56: Train Epoch 11: 160/820 Loss: 1.994240
2026-08-16 08:57: Train Epoch 11: 180/820 Loss: 1.991678
2026-08-16 08:57: Train Epoch 11: 200/820 Loss: 1.895731
2026-08-16 08:57: Train Epoch 11: 220/820 Loss: 1.939426
2026-08-16 08:57: Train Epoch 11: 240/820 Loss: 1.861041
2026-08-16 08:57: Train Epoch 11: 260/820 Loss: 1.862478
2026-08-16 08:57: Train Epoch 11: 280/820 Loss: 1.970972
2026-08-16 08:57: Train Epoch 11: 300/820 Loss: 1.928850
2026-08-16 08:57: Train Epoch 11: 320/820 Loss: 2.034098
2026-08-16 08:57: Train Epoch 11: 340/820 Loss: 1.962831
2026-08-16 08:57: Train Epoch 11: 360/820 Loss: 1.994167
2026-08-16 08:57: Train Epoch 11: 380/820 Loss: 1.901678
2026-08-16 08:57: Train Epoch 11: 400/820 Loss: 1.959201
2026-08-16 08:57: Train Epoch 11: 420/820 Loss: 1.979845
2026-08-16 08:57: Train Epoch 11: 440/820 Loss: 1.955415
2026-08-16 08:57: Train Epoch 11: 460/820 Loss: 1.960568
2026-08-16 08:57: Train Epoch 11: 480/820 Loss: 1.936300
2026-08-16 08:57: Train Epoch 11: 500/820 Loss: 2.028878
2026-08-16 08:57: Train Epoch 11: 520/820 Loss: 2.001098
2026-08-16 08:57: Train Epoch 11: 540/820 Loss: 1.975706
2026-08-16 08:57: Train Epoch 11: 560/820 Loss: 1.907048
2026-08-16 08:57: Train Epoch 11: 580/820 Loss: 1.977715
2026-08-16 08:57: Train Epoch 11: 600/820 Loss: 1.936499
2026-08-16 08:57: Train Epoch 11: 620/820 Loss: 1.947192
2026-08-16 08:58: Train Epoch 11: 640/820 Loss: 1.875659
2026-08-16 08:58: Train Epoch 11: 660/820 Loss: 1.978864
2026-08-16 08:58: Train Epoch 11: 680/820 Loss: 1.847064
2026-08-16 08:58: Train Epoch 11: 700/820 Loss: 1.963553
2026-08-16 08:58: Train Epoch 11: 720/820 Loss: 1.880143
2026-08-16 08:58: Train Epoch 11: 740/820 Loss: 2.029642
2026-08-16 08:58: Train Epoch 11: 760/820 Loss: 1.924405
2026-08-16 08:58: Train Epoch 11: 780/820 Loss: 2.006645
2026-08-16 08:58: Train Epoch 11: 800/820 Loss: 1.831851
2026-08-16 08:58: **********Train Epoch 11: averaged Loss: 1.952755, tf_ratio: 1.000000
2026-08-16 08:58: **********Val Epoch 11: average Loss: 1.919157
2026-08-16 08:58: *********************************Current best model saved!
2026-08-16 08:58: Train Epoch 12: 0/820 Loss: 1.921139
2026-08-16 08:58: Train Epoch 12: 20/820 Loss: 1.948175
2026-08-16 08:58: Train Epoch 12: 40/820 Loss: 1.853943
2026-08-16 08:58: Train Epoch 12: 60/820 Loss: 1.887296
2026-08-16 08:58: Train Epoch 12: 80/820 Loss: 1.931471
2026-08-16 08:58: Train Epoch 12: 100/820 Loss: 2.002162
2026-08-16 08:58: Train Epoch 12: 120/820 Loss: 1.953835
2026-08-16 08:58: Train Epoch 12: 140/820 Loss: 1.902070
2026-08-16 08:58: Train Epoch 12: 160/820 Loss: 1.874256
2026-08-16 08:59: Train Epoch 12: 180/820 Loss: 1.988079
2026-08-16 08:59: Train Epoch 12: 200/820 Loss: 2.064012
2026-08-16 08:59: Train Epoch 12: 220/820 Loss: 1.873025
2026-08-16 08:59: Train Epoch 12: 240/820 Loss: 1.920724
2026-08-16 08:59: Train Epoch 12: 260/820 Loss: 1.980898
2026-08-16 08:59: Train Epoch 12: 280/820 Loss: 1.916368
2026-08-16 08:59: Train Epoch 12: 300/820 Loss: 1.877563
2026-08-16 08:59: Train Epoch 12: 320/820 Loss: 1.842978
2026-08-16 08:59: Train Epoch 12: 340/820 Loss: 1.963049
2026-08-16 08:59: Train Epoch 12: 360/820 Loss: 2.026398
2026-08-16 08:59: Train Epoch 12: 380/820 Loss: 1.903126
2026-08-16 08:59: Train Epoch 12: 400/820 Loss: 2.009325
2026-08-16 08:59: Train Epoch 12: 420/820 Loss: 1.985803
2026-08-16 08:59: Train Epoch 12: 440/820 Loss: 1.831334
2026-08-16 08:59: Train Epoch 12: 460/820 Loss: 1.942395
2026-08-16 08:59: Train Epoch 12: 480/820 Loss: 1.959214
2026-08-16 08:59: Train Epoch 12: 500/820 Loss: 1.846042
2026-08-16 08:59: Train Epoch 12: 520/820 Loss: 1.842726
2026-08-16 08:59: Train Epoch 12: 540/820 Loss: 1.894761
2026-08-16 08:59: Train Epoch 12: 560/820 Loss: 1.864677
2026-08-16 08:59: Train Epoch 12: 580/820 Loss: 1.856389
2026-08-16 08:59: Train Epoch 12: 600/820 Loss: 1.851959
2026-08-16 08:59: Train Epoch 12: 620/820 Loss: 1.869401
2026-08-16 09:00: Train Epoch 12: 640/820 Loss: 1.934028
2026-08-16 09:00: Train Epoch 12: 660/820 Loss: 1.878369
2026-08-16 09:00: Train Epoch 12: 680/820 Loss: 1.832013
2026-08-16 09:00: Train Epoch 12: 700/820 Loss: 1.889353
2026-08-16 09:00: Train Epoch 12: 720/820 Loss: 1.890008
2026-08-16 09:00: Train Epoch 12: 740/820 Loss: 1.857412
2026-08-16 09:00: Train Epoch 12: 760/820 Loss: 1.865280
2026-08-16 09:00: Train Epoch 12: 780/820 Loss: 1.978983
2026-08-16 09:00: Train Epoch 12: 800/820 Loss: 1.995886
2026-08-16 09:00: **********Train Epoch 12: averaged Loss: 1.924973, tf_ratio: 1.000000
2026-08-16 09:00: **********Val Epoch 12: average Loss: 1.905922
2026-08-16 09:00: *********************************Current best model saved!
2026-08-16 09:00: Train Epoch 13: 0/820 Loss: 1.853752
2026-08-16 09:00: Train Epoch 13: 20/820 Loss: 1.846277
2026-08-16 09:00: Train Epoch 13: 40/820 Loss: 1.913371
2026-08-16 09:00: Train Epoch 13: 60/820 Loss: 1.801022
2026-08-16 09:00: Train Epoch 13: 80/820 Loss: 1.899275
2026-08-16 09:00: Train Epoch 13: 100/820 Loss: 1.941083
2026-08-16 09:00: Train Epoch 13: 120/820 Loss: 1.915292
2026-08-16 09:00: Train Epoch 13: 140/820 Loss: 1.873794
2026-08-16 09:00: Train Epoch 13: 160/820 Loss: 1.837443
2026-08-16 09:00: Train Epoch 13: 180/820 Loss: 1.850780
2026-08-16 09:01: Train Epoch 13: 200/820 Loss: 1.979976
2026-08-16 09:01: Train Epoch 13: 220/820 Loss: 1.913944
2026-08-16 09:01: Train Epoch 13: 240/820 Loss: 1.821533
2026-08-16 09:01: Train Epoch 13: 260/820 Loss: 1.915687
2026-08-16 09:01: Train Epoch 13: 280/820 Loss: 1.901090
2026-08-16 09:01: Train Epoch 13: 300/820 Loss: 1.822079
2026-08-16 09:01: Train Epoch 13: 320/820 Loss: 1.911047
2026-08-16 09:01: Train Epoch 13: 340/820 Loss: 1.881522
2026-08-16 09:01: Train Epoch 13: 360/820 Loss: 1.854363
2026-08-16 09:01: Train Epoch 13: 380/820 Loss: 1.890781
2026-08-16 09:01: Train Epoch 13: 400/820 Loss: 1.908440
2026-08-16 09:01: Train Epoch 13: 420/820 Loss: 1.892907
2026-08-16 09:01: Train Epoch 13: 440/820 Loss: 1.879920
2026-08-16 09:01: Train Epoch 13: 460/820 Loss: 1.953968
2026-08-16 09:01: Train Epoch 13: 480/820 Loss: 1.908963
2026-08-16 09:01: Train Epoch 13: 500/820 Loss: 1.896119
2026-08-16 09:01: Train Epoch 13: 520/820 Loss: 1.901863
2026-08-16 09:01: Train Epoch 13: 540/820 Loss: 1.891969
2026-08-16 09:01: Train Epoch 13: 560/820 Loss: 1.905695
2026-08-16 09:01: Train Epoch 13: 580/820 Loss: 1.924636
2026-08-16 09:01: Train Epoch 13: 600/820 Loss: 1.937570
2026-08-16 09:01: Train Epoch 13: 620/820 Loss: 1.834311
2026-08-16 09:01: Train Epoch 13: 640/820 Loss: 1.946233
2026-08-16 09:02: Train Epoch 13: 660/820 Loss: 1.929236
2026-08-16 09:02: Train Epoch 13: 680/820 Loss: 1.769933
2026-08-16 09:02: Train Epoch 13: 700/820 Loss: 1.885960
2026-08-16 09:02: Train Epoch 13: 720/820 Loss: 1.962948
2026-08-16 09:02: Train Epoch 13: 740/820 Loss: 1.828506
2026-08-16 09:02: Train Epoch 13: 760/820 Loss: 1.933671
2026-08-16 09:02: Train Epoch 13: 780/820 Loss: 1.844916
2026-08-16 09:02: Train Epoch 13: 800/820 Loss: 1.896999
2026-08-16 09:02: **********Train Epoch 13: averaged Loss: 1.897719, tf_ratio: 1.000000
2026-08-16 09:02: **********Val Epoch 13: average Loss: 1.881361
2026-08-16 09:02: *********************************Current best model saved!
2026-08-16 09:02: Train Epoch 14: 0/820 Loss: 1.922000
2026-08-16 09:02: Train Epoch 14: 20/820 Loss: 1.882009
2026-08-16 09:02: Train Epoch 14: 40/820 Loss: 1.972539
2026-08-16 09:02: Train Epoch 14: 60/820 Loss: 1.873456
2026-08-16 09:02: Train Epoch 14: 80/820 Loss: 1.870813
2026-08-16 09:02: Train Epoch 14: 100/820 Loss: 1.878927
2026-08-16 09:02: Train Epoch 14: 120/820 Loss: 1.883401
2026-08-16 09:02: Train Epoch 14: 140/820 Loss: 1.877225
2026-08-16 09:02: Train Epoch 14: 160/820 Loss: 1.821169
2026-08-16 09:02: Train Epoch 14: 180/820 Loss: 1.872384
2026-08-16 09:03: Train Epoch 14: 200/820 Loss: 1.865566
2026-08-16 09:03: Train Epoch 14: 220/820 Loss: 1.911681
2026-08-16 09:03: Train Epoch 14: 240/820 Loss: 1.840015
2026-08-16 09:03: Train Epoch 14: 260/820 Loss: 1.841183
2026-08-16 09:03: Train Epoch 14: 280/820 Loss: 2.006521
2026-08-16 09:03: Train Epoch 14: 300/820 Loss: 1.945102
2026-08-16 09:03: Train Epoch 14: 320/820 Loss: 1.895512
2026-08-16 09:03: Train Epoch 14: 340/820 Loss: 1.942038
2026-08-16 09:03: Train Epoch 14: 360/820 Loss: 1.970153
2026-08-16 09:03: Train Epoch 14: 380/820 Loss: 1.827057
2026-08-16 09:03: Train Epoch 14: 400/820 Loss: 1.874256
2026-08-16 09:03: Train Epoch 14: 420/820 Loss: 1.822704
2026-08-16 09:03: Train Epoch 14: 440/820 Loss: 1.865981
2026-08-16 09:03: Train Epoch 14: 460/820 Loss: 1.778208
2026-08-16 09:03: Train Epoch 14: 480/820 Loss: 1.830230
2026-08-16 09:03: Train Epoch 14: 500/820 Loss: 1.953990
2026-08-16 09:03: Train Epoch 14: 520/820 Loss: 1.827541
2026-08-16 09:03: Train Epoch 14: 540/820 Loss: 1.795157
2026-08-16 09:03: Train Epoch 14: 560/820 Loss: 1.925340
2026-08-16 09:03: Train Epoch 14: 580/820 Loss: 1.898760
2026-08-16 09:03: Train Epoch 14: 600/820 Loss: 1.765333
2026-08-16 09:03: Train Epoch 14: 620/820 Loss: 1.823770
2026-08-16 09:03: Train Epoch 14: 640/820 Loss: 1.741274
2026-08-16 09:04: Train Epoch 14: 660/820 Loss: 1.843257
2026-08-16 09:04: Train Epoch 14: 680/820 Loss: 1.867112
2026-08-16 09:04: Train Epoch 14: 700/820 Loss: 1.786950
2026-08-16 09:04: Train Epoch 14: 720/820 Loss: 1.896386
2026-08-16 09:04: Train Epoch 14: 740/820 Loss: 1.923350
2026-08-16 09:04: Train Epoch 14: 760/820 Loss: 1.920911
2026-08-16 09:04: Train Epoch 14: 780/820 Loss: 1.912773
2026-08-16 09:04: Train Epoch 14: 800/820 Loss: 1.941552
2026-08-16 09:04: **********Train Epoch 14: averaged Loss: 1.878784, tf_ratio: 1.000000
2026-08-16 09:04: **********Val Epoch 14: average Loss: 1.867477
2026-08-16 09:04: *********************************Current best model saved!
2026-08-16 09:04: Train Epoch 15: 0/820 Loss: 1.824139
2026-08-16 09:04: Train Epoch 15: 20/820 Loss: 1.913813
2026-08-16 09:04: Train Epoch 15: 40/820 Loss: 1.868894
2026-08-16 09:04: Train Epoch 15: 60/820 Loss: 1.882515
2026-08-16 09:04: Train Epoch 15: 80/820 Loss: 1.892477
2026-08-16 09:04: Train Epoch 15: 100/820 Loss: 1.762182
2026-08-16 09:04: Train Epoch 15: 120/820 Loss: 1.768201
2026-08-16 09:04: Train Epoch 15: 140/820 Loss: 1.958454
2026-08-16 09:04: Train Epoch 15: 160/820 Loss: 1.916484
2026-08-16 09:04: Train Epoch 15: 180/820 Loss: 1.953546
2026-08-16 09:04: Train Epoch 15: 200/820 Loss: 1.864274
2026-08-16 09:05: Train Epoch 15: 220/820 Loss: 1.825903
2026-08-16 09:05: Train Epoch 15: 240/820 Loss: 1.752381
2026-08-16 09:05: Train Epoch 15: 260/820 Loss: 1.918435
2026-08-16 09:05: Train Epoch 15: 280/820 Loss: 1.807047
2026-08-16 09:05: Train Epoch 15: 300/820 Loss: 1.916777
2026-08-16 09:05: Train Epoch 15: 320/820 Loss: 1.900036
2026-08-16 09:05: Train Epoch 15: 340/820 Loss: 1.870166
2026-08-16 09:05: Train Epoch 15: 360/820 Loss: 1.850713
2026-08-16 09:05: Train Epoch 15: 380/820 Loss: 1.852007
2026-08-16 09:05: Train Epoch 15: 400/820 Loss: 1.929749
2026-08-16 09:05: Train Epoch 15: 420/820 Loss: 1.842216
2026-08-16 09:05: Train Epoch 15: 440/820 Loss: 1.860678
2026-08-16 09:05: Train Epoch 15: 460/820 Loss: 1.791054
2026-08-16 09:05: Train Epoch 15: 480/820 Loss: 1.827092
2026-08-16 09:05: Train Epoch 15: 500/820 Loss: 1.798105
2026-08-16 09:05: Train Epoch 15: 520/820 Loss: 1.768524
2026-08-16 09:05: Train Epoch 15: 540/820 Loss: 2.021355
2026-08-16 09:05: Train Epoch 15: 560/820 Loss: 1.970655
2026-08-16 09:05: Train Epoch 15: 580/820 Loss: 1.700301
2026-08-16 09:05: Train Epoch 15: 600/820 Loss: 1.811980
2026-08-16 09:05: Train Epoch 15: 620/820 Loss: 1.837593
2026-08-16 09:05: Train Epoch 15: 640/820 Loss: 1.883565
2026-08-16 09:05: Train Epoch 15: 660/820 Loss: 1.835743
2026-08-16 09:06: Train Epoch 15: 680/820 Loss: 1.876734
2026-08-16 09:06: Train Epoch 15: 700/820 Loss: 1.893326
2026-08-16 09:06: Train Epoch 15: 720/820 Loss: 1.839413
2026-08-16 09:06: Train Epoch 15: 740/820 Loss: 1.894207
2026-08-16 09:06: Train Epoch 15: 760/820 Loss: 1.818607
2026-08-16 09:06: Train Epoch 15: 780/820 Loss: 1.886168
2026-08-16 09:06: Train Epoch 15: 800/820 Loss: 1.845885
2026-08-16 09:06: **********Train Epoch 15: averaged Loss: 1.860105, tf_ratio: 1.000000
2026-08-16 09:06: **********Val Epoch 15: average Loss: 1.865525
2026-08-16 09:06: *********************************Current best model saved!
2026-08-16 09:06: Train Epoch 16: 0/820 Loss: 1.892024
2026-08-16 09:06: Train Epoch 16: 20/820 Loss: 1.884988
2026-08-16 09:06: Train Epoch 16: 40/820 Loss: 1.826772
2026-08-16 09:06: Train Epoch 16: 60/820 Loss: 1.952841
2026-08-16 09:06: Train Epoch 16: 80/820 Loss: 1.842879
2026-08-16 09:06: Train Epoch 16: 100/820 Loss: 1.861631
2026-08-16 09:06: Train Epoch 16: 120/820 Loss: 1.869336
2026-08-16 09:06: Train Epoch 16: 140/820 Loss: 1.805639
2026-08-16 09:06: Train Epoch 16: 160/820 Loss: 1.761908
2026-08-16 09:06: Train Epoch 16: 180/820 Loss: 1.780386
2026-08-16 09:06: Train Epoch 16: 200/820 Loss: 1.833815
2026-08-16 09:07: Train Epoch 16: 220/820 Loss: 1.785333
2026-08-16 09:07: Train Epoch 16: 240/820 Loss: 1.847117
2026-08-16 09:07: Train Epoch 16: 260/820 Loss: 1.954083
2026-08-16 09:07: Train Epoch 16: 280/820 Loss: 1.844433
2026-08-16 09:07: Train Epoch 16: 300/820 Loss: 1.795516
2026-08-16 09:07: Train Epoch 16: 320/820 Loss: 1.809588
2026-08-16 09:07: Train Epoch 16: 340/820 Loss: 1.834084
2026-08-16 09:07: Train Epoch 16: 360/820 Loss: 1.773504
2026-08-16 09:07: Train Epoch 16: 380/820 Loss: 1.794622
2026-08-16 09:07: Train Epoch 16: 400/820 Loss: 1.937503
2026-08-16 09:07: Train Epoch 16: 420/820 Loss: 1.851148
2026-08-16 09:07: Train Epoch 16: 440/820 Loss: 1.854015
2026-08-16 09:07: Train Epoch 16: 460/820 Loss: 1.933720
2026-08-16 09:07: Train Epoch 16: 480/820 Loss: 1.912869
2026-08-16 09:07: Train Epoch 16: 500/820 Loss: 1.781019
2026-08-16 09:07: Train Epoch 16: 520/820 Loss: 1.807196
2026-08-16 09:07: Train Epoch 16: 540/820 Loss: 1.840074
2026-08-16 09:07: Train Epoch 16: 560/820 Loss: 1.735497
2026-08-16 09:07: Train Epoch 16: 580/820 Loss: 1.848546
2026-08-16 09:07: Train Epoch 16: 600/820 Loss: 1.857229
2026-08-16 09:07: Train Epoch 16: 620/820 Loss: 1.831861
2026-08-16 09:07: Train Epoch 16: 640/820 Loss: 1.832652
2026-08-16 09:07: Train Epoch 16: 660/820 Loss: 1.833790
2026-08-16 09:08: Train Epoch 16: 680/820 Loss: 1.819020
2026-08-16 09:08: Train Epoch 16: 700/820 Loss: 1.903976
2026-08-16 09:08: Train Epoch 16: 720/820 Loss: 1.866318
2026-08-16 09:08: Train Epoch 16: 740/820 Loss: 1.866981
2026-08-16 09:08: Train Epoch 16: 760/820 Loss: 1.797525
2026-08-16 09:08: Train Epoch 16: 780/820 Loss: 1.800852
2026-08-16 09:08: Train Epoch 16: 800/820 Loss: 1.873780
2026-08-16 09:08: **********Train Epoch 16: averaged Loss: 1.843337, tf_ratio: 1.000000
2026-08-16 09:08: **********Val Epoch 16: average Loss: 1.854450
2026-08-16 09:08: *********************************Current best model saved!
2026-08-16 09:08: Train Epoch 17: 0/820 Loss: 1.803150
2026-08-16 09:08: Train Epoch 17: 20/820 Loss: 1.879454
2026-08-16 09:08: Train Epoch 17: 40/820 Loss: 1.986299
2026-08-16 09:08: Train Epoch 17: 60/820 Loss: 1.850670
2026-08-16 09:08: Train Epoch 17: 80/820 Loss: 1.853966
2026-08-16 09:08: Train Epoch 17: 100/820 Loss: 1.713791
2026-08-16 09:08: Train Epoch 17: 120/820 Loss: 2.017385
2026-08-16 09:08: Train Epoch 17: 140/820 Loss: 1.774796
2026-08-16 09:08: Train Epoch 17: 160/820 Loss: 1.906171
2026-08-16 09:08: Train Epoch 17: 180/820 Loss: 1.756655
2026-08-16 09:08: Train Epoch 17: 200/820 Loss: 1.845388
2026-08-16 09:08: Train Epoch 17: 220/820 Loss: 1.827966
2026-08-16 09:09: Train Epoch 17: 240/820 Loss: 1.809764
2026-08-16 09:09: Train Epoch 17: 260/820 Loss: 1.962196
2026-08-16 09:09: Train Epoch 17: 280/820 Loss: 1.867208
2026-08-16 09:09: Train Epoch 17: 300/820 Loss: 1.896908
2026-08-16 09:09: Train Epoch 17: 320/820 Loss: 1.753581
2026-08-16 09:09: Train Epoch 17: 340/820 Loss: 1.853607
2026-08-16 09:09: Train Epoch 17: 360/820 Loss: 1.792218
2026-08-16 09:09: Train Epoch 17: 380/820 Loss: 1.847197
2026-08-16 09:09: Train Epoch 17: 400/820 Loss: 1.786486
2026-08-16 09:09: Train Epoch 17: 420/820 Loss: 1.834327
2026-08-16 09:09: Train Epoch 17: 440/820 Loss: 1.848639
2026-08-16 09:09: Train Epoch 17: 460/820 Loss: 1.820279
2026-08-16 09:09: Train Epoch 17: 480/820 Loss: 1.766338
2026-08-16 09:09: Train Epoch 17: 500/820 Loss: 1.843895
2026-08-16 09:09: Train Epoch 17: 520/820 Loss: 1.780757
2026-08-16 09:09: Train Epoch 17: 540/820 Loss: 1.758479
2026-08-16 09:09: Train Epoch 17: 560/820 Loss: 1.795349
2026-08-16 09:09: Train Epoch 17: 580/820 Loss: 1.818380
2026-08-16 09:09: Train Epoch 17: 600/820 Loss: 1.897466
2026-08-16 09:09: Train Epoch 17: 620/820 Loss: 1.876417
2026-08-16 09:09: Train Epoch 17: 640/820 Loss: 1.826252
2026-08-16 09:09: Train Epoch 17: 660/820 Loss: 1.730869
2026-08-16 09:09: Train Epoch 17: 680/820 Loss: 1.799153
2026-08-16 09:10: Train Epoch 17: 700/820 Loss: 1.804577
2026-08-16 09:10: Train Epoch 17: 720/820 Loss: 1.866165
2026-08-16 09:10: Train Epoch 17: 740/820 Loss: 1.904992
2026-08-16 09:10: Train Epoch 17: 760/820 Loss: 1.765906
2026-08-16 09:10: Train Epoch 17: 780/820 Loss: 1.821803
2026-08-16 09:10: Train Epoch 17: 800/820 Loss: 1.870671
2026-08-16 09:10: **********Train Epoch 17: averaged Loss: 1.826855, tf_ratio: 1.000000
2026-08-16 09:10: **********Val Epoch 17: average Loss: 1.853700
2026-08-16 09:10: *********************************Current best model saved!
2026-08-16 09:10: Train Epoch 18: 0/820 Loss: 1.865962
2026-08-16 09:10: Train Epoch 18: 20/820 Loss: 1.760386
2026-08-16 09:10: Train Epoch 18: 40/820 Loss: 2.011209
2026-08-16 09:10: Train Epoch 18: 60/820 Loss: 1.749984
2026-08-16 09:10: Train Epoch 18: 80/820 Loss: 1.841920
2026-08-16 09:10: Train Epoch 18: 100/820 Loss: 1.785424
2026-08-16 09:10: Train Epoch 18: 120/820 Loss: 1.833883
2026-08-16 09:10: Train Epoch 18: 140/820 Loss: 1.801137
2026-08-16 09:10: Train Epoch 18: 160/820 Loss: 1.759943
2026-08-16 09:10: Train Epoch 18: 180/820 Loss: 1.842699
2026-08-16 09:10: Train Epoch 18: 200/820 Loss: 1.770539
2026-08-16 09:10: Train Epoch 18: 220/820 Loss: 1.742416
2026-08-16 09:11: Train Epoch 18: 240/820 Loss: 1.757304
2026-08-16 09:11: Train Epoch 18: 260/820 Loss: 1.853483
2026-08-16 09:11: Train Epoch 18: 280/820 Loss: 1.796286
2026-08-16 09:11: Train Epoch 18: 300/820 Loss: 1.726076
2026-08-16 09:11: Train Epoch 18: 320/820 Loss: 1.872638
2026-08-16 09:11: Train Epoch 18: 340/820 Loss: 1.898757
2026-08-16 09:11: Train Epoch 18: 360/820 Loss: 1.743702
2026-08-16 09:11: Train Epoch 18: 380/820 Loss: 1.709534
2026-08-16 09:11: Train Epoch 18: 400/820 Loss: 1.838297
2026-08-16 09:11: Train Epoch 18: 420/820 Loss: 1.758119
2026-08-16 09:11: Train Epoch 18: 440/820 Loss: 1.837019
2026-08-16 09:11: Train Epoch 18: 460/820 Loss: 1.890807
2026-08-16 09:11: Train Epoch 18: 480/820 Loss: 1.766918
2026-08-16 09:11: Train Epoch 18: 500/820 Loss: 1.821070
2026-08-16 09:11: Train Epoch 18: 520/820 Loss: 1.898036
2026-08-16 09:11: Train Epoch 18: 540/820 Loss: 1.770313
2026-08-16 09:11: Train Epoch 18: 560/820 Loss: 1.807948
2026-08-16 09:11: Train Epoch 18: 580/820 Loss: 1.757146
2026-08-16 09:11: Train Epoch 18: 600/820 Loss: 1.774563
2026-08-16 09:11: Train Epoch 18: 620/820 Loss: 1.743290
2026-08-16 09:11: Train Epoch 18: 640/820 Loss: 1.734443
2026-08-16 09:11: Train Epoch 18: 660/820 Loss: 1.737172
2026-08-16 09:11: Train Epoch 18: 680/820 Loss: 1.775266
2026-08-16 09:12: Train Epoch 18: 700/820 Loss: 1.841290
2026-08-16 09:12: Train Epoch 18: 720/820 Loss: 1.755806
2026-08-16 09:12: Train Epoch 18: 740/820 Loss: 1.753603
2026-08-16 09:12: Train Epoch 18: 760/820 Loss: 1.750592
2026-08-16 09:12: Train Epoch 18: 780/820 Loss: 1.879061
2026-08-16 09:12: Train Epoch 18: 800/820 Loss: 1.860090
2026-08-16 09:12: **********Train Epoch 18: averaged Loss: 1.813971, tf_ratio: 1.000000
2026-08-16 09:12: **********Val Epoch 18: average Loss: 1.851516
2026-08-16 09:12: *********************************Current best model saved!
2026-08-16 09:12: Train Epoch 19: 0/820 Loss: 1.846102
2026-08-16 09:12: Train Epoch 19: 20/820 Loss: 1.813736
2026-08-16 09:12: Train Epoch 19: 40/820 Loss: 1.761052
2026-08-16 09:12: Train Epoch 19: 60/820 Loss: 1.815087
2026-08-16 09:12: Train Epoch 19: 80/820 Loss: 1.826195
2026-08-16 09:12: Train Epoch 19: 100/820 Loss: 1.818780
2026-08-16 09:12: Train Epoch 19: 120/820 Loss: 1.764106
2026-08-16 09:12: Train Epoch 19: 140/820 Loss: 1.881605
2026-08-16 09:12: Train Epoch 19: 160/820 Loss: 1.780913
2026-08-16 09:12: Train Epoch 19: 180/820 Loss: 1.840082
2026-08-16 09:12: Train Epoch 19: 200/820 Loss: 1.723358
2026-08-16 09:12: Train Epoch 19: 220/820 Loss: 1.831117
2026-08-16 09:12: Train Epoch 19: 240/820 Loss: 1.800176
2026-08-16 09:13: Train Epoch 19: 260/820 Loss: 1.843850
2026-08-16 09:13: Train Epoch 19: 280/820 Loss: 1.764443
2026-08-16 09:13: Train Epoch 19: 300/820 Loss: 1.745663
2026-08-16 09:13: Train Epoch 19: 320/820 Loss: 1.757707
2026-08-16 09:13: Train Epoch 19: 340/820 Loss: 1.747599
2026-08-16 09:13: Train Epoch 19: 360/820 Loss: 1.694031
2026-08-16 09:13: Train Epoch 19: 380/820 Loss: 1.848976
2026-08-16 09:13: Train Epoch 19: 400/820 Loss: 1.776109
2026-08-16 09:13: Train Epoch 19: 420/820 Loss: 1.711393
2026-08-16 09:13: Train Epoch 19: 440/820 Loss: 1.846012
2026-08-16 09:13: Train Epoch 19: 460/820 Loss: 1.732746
2026-08-16 09:13: Train Epoch 19: 480/820 Loss: 1.738192
2026-08-16 09:13: Train Epoch 19: 500/820 Loss: 1.689677
2026-08-16 09:13: Train Epoch 19: 520/820 Loss: 1.796683
2026-08-16 09:13: Train Epoch 19: 540/820 Loss: 1.852507
2026-08-16 09:13: Train Epoch 19: 560/820 Loss: 1.833505
2026-08-16 09:13: Train Epoch 19: 580/820 Loss: 1.784351
2026-08-16 09:13: Train Epoch 19: 600/820 Loss: 1.791589
2026-08-16 09:13: Train Epoch 19: 620/820 Loss: 1.888592
2026-08-16 09:13: Train Epoch 19: 640/820 Loss: 1.818484
2026-08-16 09:13: Train Epoch 19: 660/820 Loss: 1.845241
2026-08-16 09:13: Train Epoch 19: 680/820 Loss: 1.822108
2026-08-16 09:14: Train Epoch 19: 700/820 Loss: 1.784938
2026-08-16 09:14: Train Epoch 19: 720/820 Loss: 1.905992
2026-08-16 09:14: Train Epoch 19: 740/820 Loss: 1.720310
2026-08-16 09:14: Train Epoch 19: 760/820 Loss: 1.709343
2026-08-16 09:14: Train Epoch 19: 780/820 Loss: 1.687023
2026-08-16 09:14: Train Epoch 19: 800/820 Loss: 1.772776
2026-08-16 09:14: **********Train Epoch 19: averaged Loss: 1.799589, tf_ratio: 1.000000
2026-08-16 09:14: **********Val Epoch 19: average Loss: 1.837517
2026-08-16 09:14: *********************************Current best model saved!
2026-08-16 09:14: Train Epoch 20: 0/820 Loss: 1.663556
2026-08-16 09:14: Train Epoch 20: 20/820 Loss: 1.828027
2026-08-16 09:14: Train Epoch 20: 40/820 Loss: 1.852276
2026-08-16 09:14: Train Epoch 20: 60/820 Loss: 1.784415
2026-08-16 09:14: Train Epoch 20: 80/820 Loss: 1.754908
2026-08-16 09:14: Train Epoch 20: 100/820 Loss: 1.854559
2026-08-16 09:14: Train Epoch 20: 120/820 Loss: 1.732099
2026-08-16 09:14: Train Epoch 20: 140/820 Loss: 1.790357
2026-08-16 09:14: Train Epoch 20: 160/820 Loss: 1.866684
2026-08-16 09:14: Train Epoch 20: 180/820 Loss: 1.755602
2026-08-16 09:14: Train Epoch 20: 200/820 Loss: 1.865707
2026-08-16 09:14: Train Epoch 20: 220/820 Loss: 1.810829
2026-08-16 09:14: Train Epoch 20: 240/820 Loss: 1.720562
2026-08-16 09:15: Train Epoch 20: 260/820 Loss: 1.794154
2026-08-16 09:15: Train Epoch 20: 280/820 Loss: 1.754195
2026-08-16 09:15: Train Epoch 20: 300/820 Loss: 1.850508
2026-08-16 09:15: Train Epoch 20: 320/820 Loss: 1.746438
2026-08-16 09:15: Train Epoch 20: 340/820 Loss: 1.715090
2026-08-16 09:15: Train Epoch 20: 360/820 Loss: 1.798669
2026-08-16 09:15: Train Epoch 20: 380/820 Loss: 1.865969
2026-08-16 09:15: Train Epoch 20: 400/820 Loss: 1.763162
2026-08-16 09:15: Train Epoch 20: 420/820 Loss: 1.761929
2026-08-16 09:15: Train Epoch 20: 440/820 Loss: 1.890525
2026-08-16 09:15: Train Epoch 20: 460/820 Loss: 1.796313
2026-08-16 09:15: Train Epoch 20: 480/820 Loss: 1.774602
2026-08-16 09:15: Train Epoch 20: 500/820 Loss: 1.713496
2026-08-16 09:15: Train Epoch 20: 520/820 Loss: 1.781910
2026-08-16 09:15: Train Epoch 20: 540/820 Loss: 1.843718
2026-08-16 09:15: Train Epoch 20: 560/820 Loss: 1.823214
2026-08-16 09:15: Train Epoch 20: 580/820 Loss: 1.813766
2026-08-16 09:15: Train Epoch 20: 600/820 Loss: 1.811116
2026-08-16 09:15: Train Epoch 20: 620/820 Loss: 1.846741
2026-08-16 09:15: Train Epoch 20: 640/820 Loss: 1.812214
2026-08-16 09:15: Train Epoch 20: 660/820 Loss: 1.910667
2026-08-16 09:15: Train Epoch 20: 680/820 Loss: 1.804129
2026-08-16 09:16: Train Epoch 20: 700/820 Loss: 1.770098
2026-08-16 09:16: Train Epoch 20: 720/820 Loss: 1.756984
2026-08-16 09:16: Train Epoch 20: 740/820 Loss: 1.808115
2026-08-16 09:16: Train Epoch 20: 760/820 Loss: 1.708918
2026-08-16 09:16: Train Epoch 20: 780/820 Loss: 1.778133
2026-08-16 09:16: Train Epoch 20: 800/820 Loss: 1.799918
2026-08-16 09:16: **********Train Epoch 20: averaged Loss: 1.787941, tf_ratio: 1.000000
2026-08-16 09:16: **********Val Epoch 20: average Loss: 1.826325
2026-08-16 09:16: *********************************Current best model saved!
2026-08-16 09:16: Train Epoch 21: 0/820 Loss: 1.732181
2026-08-16 09:16: Train Epoch 21: 20/820 Loss: 1.826358
2026-08-16 09:16: Train Epoch 21: 40/820 Loss: 1.765963
2026-08-16 09:16: Train Epoch 21: 60/820 Loss: 1.790765
2026-08-16 09:16: Train Epoch 21: 80/820 Loss: 1.715090
2026-08-16 09:16: Train Epoch 21: 100/820 Loss: 1.778989
2026-08-16 09:16: Train Epoch 21: 120/820 Loss: 1.751089
2026-08-16 09:16: Train Epoch 21: 140/820 Loss: 1.680333
2026-08-16 09:16: Train Epoch 21: 160/820 Loss: 1.811788
2026-08-16 09:16: Train Epoch 21: 180/820 Loss: 1.871259
2026-08-16 09:16: Train Epoch 21: 200/820 Loss: 1.832871
2026-08-16 09:16: Train Epoch 21: 220/820 Loss: 1.703926
2026-08-16 09:16: Train Epoch 21: 240/820 Loss: 1.723655
2026-08-16 09:17: Train Epoch 21: 260/820 Loss: 1.767113
2026-08-16 09:17: Train Epoch 21: 280/820 Loss: 1.804008
2026-08-16 09:17: Train Epoch 21: 300/820 Loss: 1.829827
2026-08-16 09:17: Train Epoch 21: 320/820 Loss: 1.707828
2026-08-16 09:17: Train Epoch 21: 340/820 Loss: 1.849639
2026-08-16 09:17: Train Epoch 21: 360/820 Loss: 1.780966
2026-08-16 09:17: Train Epoch 21: 380/820 Loss: 1.678329
2026-08-16 09:17: Train Epoch 21: 400/820 Loss: 1.698598
2026-08-16 09:17: Train Epoch 21: 420/820 Loss: 1.711956
2026-08-16 09:17: Train Epoch 21: 440/820 Loss: 1.768003
2026-08-16 09:17: Train Epoch 21: 460/820 Loss: 1.856546
2026-08-16 09:17: Train Epoch 21: 480/820 Loss: 1.795088
2026-08-16 09:17: Train Epoch 21: 500/820 Loss: 1.792271
2026-08-16 09:17: Train Epoch 21: 520/820 Loss: 1.748901
2026-08-16 09:17: Train Epoch 21: 540/820 Loss: 1.779483
2026-08-16 09:17: Train Epoch 21: 560/820 Loss: 1.664861
2026-08-16 09:17: Train Epoch 21: 580/820 Loss: 1.718476
2026-08-16 09:17: Train Epoch 21: 600/820 Loss: 1.756892
2026-08-16 09:17: Train Epoch 21: 620/820 Loss: 1.776248
2026-08-16 09:17: Train Epoch 21: 640/820 Loss: 1.743779
2026-08-16 09:17: Train Epoch 21: 660/820 Loss: 1.805732
2026-08-16 09:17: Train Epoch 21: 680/820 Loss: 1.849160
2026-08-16 09:17: Train Epoch 21: 700/820 Loss: 1.868724
2026-08-16 09:18: Train Epoch 21: 720/820 Loss: 1.809529
2026-08-16 09:18: Train Epoch 21: 740/820 Loss: 1.760398
2026-08-16 09:18: Train Epoch 21: 760/820 Loss: 1.762546
2026-08-16 09:18: Train Epoch 21: 780/820 Loss: 1.849164
2026-08-16 09:18: Train Epoch 21: 800/820 Loss: 1.798024
2026-08-16 09:18: **********Train Epoch 21: averaged Loss: 1.775217, tf_ratio: 1.000000
2026-08-16 09:18: **********Val Epoch 21: average Loss: 1.828865
2026-08-16 09:18: Train Epoch 22: 0/820 Loss: 1.738335
2026-08-16 09:18: Train Epoch 22: 20/820 Loss: 1.732608
2026-08-16 09:18: Train Epoch 22: 40/820 Loss: 1.807143
2026-08-16 09:18: Train Epoch 22: 60/820 Loss: 1.783163
2026-08-16 09:18: Train Epoch 22: 80/820 Loss: 1.699939
2026-08-16 09:18: Train Epoch 22: 100/820 Loss: 1.814131
2026-08-16 09:18: Train Epoch 22: 120/820 Loss: 1.761885
2026-08-16 09:18: Train Epoch 22: 140/820 Loss: 1.785350
2026-08-16 09:18: Train Epoch 22: 160/820 Loss: 1.803311
2026-08-16 09:18: Train Epoch 22: 180/820 Loss: 1.780171
2026-08-16 09:18: Train Epoch 22: 200/820 Loss: 1.810834
2026-08-16 09:18: Train Epoch 22: 220/820 Loss: 1.760981
2026-08-16 09:18: Train Epoch 22: 240/820 Loss: 1.721830
2026-08-16 09:18: Train Epoch 22: 260/820 Loss: 1.768688
2026-08-16 09:19: Train Epoch 22: 280/820 Loss: 1.900299
2026-08-16 09:19: Train Epoch 22: 300/820 Loss: 1.735270
2026-08-16 09:19: Train Epoch 22: 320/820 Loss: 1.758508
2026-08-16 09:19: Train Epoch 22: 340/820 Loss: 1.818742
2026-08-16 09:19: Train Epoch 22: 360/820 Loss: 1.799007
2026-08-16 09:19: Train Epoch 22: 380/820 Loss: 1.816820
2026-08-16 09:19: Train Epoch 22: 400/820 Loss: 1.687207
2026-08-16 09:19: Train Epoch 22: 420/820 Loss: 1.815237
2026-08-16 09:19: Train Epoch 22: 440/820 Loss: 1.836213
2026-08-16 09:19: Train Epoch 22: 460/820 Loss: 1.823613
2026-08-16 09:19: Train Epoch 22: 480/820 Loss: 1.731635
2026-08-16 09:19: Train Epoch 22: 500/820 Loss: 1.687794
2026-08-16 09:19: Train Epoch 22: 520/820 Loss: 1.730811
2026-08-16 09:19: Train Epoch 22: 540/820 Loss: 1.733330
2026-08-16 09:19: Train Epoch 22: 560/820 Loss: 1.755169
2026-08-16 09:19: Train Epoch 22: 580/820 Loss: 1.706410
2026-08-16 09:19: Train Epoch 22: 600/820 Loss: 1.878500
2026-08-16 09:19: Train Epoch 22: 620/820 Loss: 1.754845
2026-08-16 09:19: Train Epoch 22: 640/820 Loss: 1.780497
2026-08-16 09:19: Train Epoch 22: 660/820 Loss: 1.838334
2026-08-16 09:19: Train Epoch 22: 680/820 Loss: 1.773202
2026-08-16 09:19: Train Epoch 22: 700/820 Loss: 1.796453
2026-08-16 09:19: Train Epoch 22: 720/820 Loss: 1.674747
2026-08-16 09:20: Train Epoch 22: 740/820 Loss: 1.793934
2026-08-16 09:20: Train Epoch 22: 760/820 Loss: 1.845855
2026-08-16 09:20: Train Epoch 22: 780/820 Loss: 1.711130
2026-08-16 09:20: Train Epoch 22: 800/820 Loss: 1.732531
2026-08-16 09:20: **********Train Epoch 22: averaged Loss: 1.763357, tf_ratio: 1.000000
2026-08-16 09:20: **********Val Epoch 22: average Loss: 1.822338
2026-08-16 09:20: *********************************Current best model saved!
2026-08-16 09:20: Train Epoch 23: 0/820 Loss: 1.723042
2026-08-16 09:20: Train Epoch 23: 20/820 Loss: 1.857602
2026-08-16 09:20: Train Epoch 23: 40/820 Loss: 1.789046
2026-08-16 09:20: Train Epoch 23: 60/820 Loss: 1.712288
2026-08-16 09:20: Train Epoch 23: 80/820 Loss: 1.732120
2026-08-16 09:20: Train Epoch 23: 100/820 Loss: 1.645781
2026-08-16 09:20: Train Epoch 23: 120/820 Loss: 1.786763
2026-08-16 09:20: Train Epoch 23: 140/820 Loss: 1.692055
2026-08-16 09:20: Train Epoch 23: 160/820 Loss: 1.829898
2026-08-16 09:20: Train Epoch 23: 180/820 Loss: 1.727749
2026-08-16 09:20: Train Epoch 23: 200/820 Loss: 1.712988
2026-08-16 09:20: Train Epoch 23: 220/820 Loss: 1.805143
2026-08-16 09:20: Train Epoch 23: 240/820 Loss: 1.738803
2026-08-16 09:20: Train Epoch 23: 260/820 Loss: 1.710775
2026-08-16 09:20: Train Epoch 23: 280/820 Loss: 1.741053
2026-08-16 09:21: Train Epoch 23: 300/820 Loss: 1.723707
2026-08-16 09:21: Train Epoch 23: 320/820 Loss: 1.752903
2026-08-16 09:21: Train Epoch 23: 340/820 Loss: 1.682135
2026-08-16 09:21: Train Epoch 23: 360/820 Loss: 1.771834
2026-08-16 09:21: Train Epoch 23: 380/820 Loss: 1.704590
2026-08-16 09:21: Train Epoch 23: 400/820 Loss: 1.799252
2026-08-16 09:21: Train Epoch 23: 420/820 Loss: 1.653245
2026-08-16 09:21: Train Epoch 23: 440/820 Loss: 1.701672
2026-08-16 09:21: Train Epoch 23: 460/820 Loss: 1.706962
2026-08-16 09:21: Train Epoch 23: 480/820 Loss: 1.673718
2026-08-16 09:21: Train Epoch 23: 500/820 Loss: 1.775045
2026-08-16 09:21: Train Epoch 23: 520/820 Loss: 1.674047
2026-08-16 09:21: Train Epoch 23: 540/820 Loss: 1.711672
2026-08-16 09:21: Train Epoch 23: 560/820 Loss: 1.849300
2026-08-16 09:21: Train Epoch 23: 580/820 Loss: 1.691963
2026-08-16 09:21: Train Epoch 23: 600/820 Loss: 1.844932
2026-08-16 09:21: Train Epoch 23: 620/820 Loss: 1.678220
2026-08-16 09:21: Train Epoch 23: 640/820 Loss: 1.683825
2026-08-16 09:21: Train Epoch 23: 660/820 Loss: 1.673031
2026-08-16 09:21: Train Epoch 23: 680/820 Loss: 1.722498
2026-08-16 09:21: Train Epoch 23: 700/820 Loss: 1.699635
2026-08-16 09:21: Train Epoch 23: 720/820 Loss: 1.807661
2026-08-16 09:21: Train Epoch 23: 740/820 Loss: 1.699349
2026-08-16 09:22: Train Epoch 23: 760/820 Loss: 1.767085
2026-08-16 09:22: Train Epoch 23: 780/820 Loss: 1.682794
2026-08-16 09:22: Train Epoch 23: 800/820 Loss: 1.758246
2026-08-16 09:22: **********Train Epoch 23: averaged Loss: 1.751080, tf_ratio: 1.000000
2026-08-16 09:22: **********Val Epoch 23: average Loss: 1.827260
2026-08-16 09:22: Train Epoch 24: 0/820 Loss: 1.686083
2026-08-16 09:22: Train Epoch 24: 20/820 Loss: 1.731940
2026-08-16 09:22: Train Epoch 24: 40/820 Loss: 1.642891
2026-08-16 09:22: Train Epoch 24: 60/820 Loss: 1.671127
2026-08-16 09:22: Train Epoch 24: 80/820 Loss: 1.730041
2026-08-16 09:22: Train Epoch 24: 100/820 Loss: 1.762483
2026-08-16 09:22: Train Epoch 24: 120/820 Loss: 1.775271
2026-08-16 09:22: Train Epoch 24: 140/820 Loss: 1.773634
2026-08-16 09:22: Train Epoch 24: 160/820 Loss: 1.725097
2026-08-16 09:22: Train Epoch 24: 180/820 Loss: 1.729684
2026-08-16 09:22: Train Epoch 24: 200/820 Loss: 1.835054
2026-08-16 09:22: Train Epoch 24: 220/820 Loss: 1.754806
2026-08-16 09:22: Train Epoch 24: 240/820 Loss: 1.669002
2026-08-16 09:22: Train Epoch 24: 260/820 Loss: 1.767547
2026-08-16 09:22: Train Epoch 24: 280/820 Loss: 1.833233
2026-08-16 09:23: Train Epoch 24: 300/820 Loss: 1.659158
2026-08-16 09:23: Train Epoch 24: 320/820 Loss: 1.822800
2026-08-16 09:23: Train Epoch 24: 340/820 Loss: 1.654355
2026-08-16 09:23: Train Epoch 24: 360/820 Loss: 1.732883
2026-08-16 09:23: Train Epoch 24: 380/820 Loss: 1.732253
2026-08-16 09:23: Train Epoch 24: 400/820 Loss: 1.809799
2026-08-16 09:23: Train Epoch 24: 420/820 Loss: 1.772348
2026-08-16 09:23: Train Epoch 24: 440/820 Loss: 1.784928
2026-08-16 09:23: Train Epoch 24: 460/820 Loss: 1.748587
2026-08-16 09:23: Train Epoch 24: 480/820 Loss: 1.728519
2026-08-16 09:23: Train Epoch 24: 500/820 Loss: 1.694879
2026-08-16 09:23: Train Epoch 24: 520/820 Loss: 1.766139
2026-08-16 09:23: Train Epoch 24: 540/820 Loss: 1.637762
2026-08-16 09:23: Train Epoch 24: 560/820 Loss: 1.764424
2026-08-16 09:23: Train Epoch 24: 580/820 Loss: 1.718453
2026-08-16 09:23: Train Epoch 24: 600/820 Loss: 1.719871
2026-08-16 09:23: Train Epoch 24: 620/820 Loss: 1.670685
2026-08-16 09:23: Train Epoch 24: 640/820 Loss: 1.740534
2026-08-16 09:23: Train Epoch 24: 660/820 Loss: 1.730957
2026-08-16 09:23: Train Epoch 24: 680/820 Loss: 1.750769
2026-08-16 09:23: Train Epoch 24: 700/820 Loss: 1.743941
2026-08-16 09:23: Train Epoch 24: 720/820 Loss: 1.696722
2026-08-16 09:23: Train Epoch 24: 740/820 Loss: 1.725738
2026-08-16 09:24: Train Epoch 24: 760/820 Loss: 1.684877
2026-08-16 09:24: Train Epoch 24: 780/820 Loss: 1.703080
2026-08-16 09:24: Train Epoch 24: 800/820 Loss: 1.761080
2026-08-16 09:24: **********Train Epoch 24: averaged Loss: 1.740212, tf_ratio: 1.000000
2026-08-16 09:24: **********Val Epoch 24: average Loss: 1.825529
2026-08-16 09:24: Train Epoch 25: 0/820 Loss: 1.743781
2026-08-16 09:24: Train Epoch 25: 20/820 Loss: 1.782941
2026-08-16 09:24: Train Epoch 25: 40/820 Loss: 1.744241
2026-08-16 09:24: Train Epoch 25: 60/820 Loss: 1.748590
2026-08-16 09:24: Train Epoch 25: 80/820 Loss: 1.905923
2026-08-16 09:24: Train Epoch 25: 100/820 Loss: 1.741037
2026-08-16 09:24: Train Epoch 25: 120/820 Loss: 1.669482
2026-08-16 09:24: Train Epoch 25: 140/820 Loss: 1.782897
2026-08-16 09:24: Train Epoch 25: 160/820 Loss: 1.705033
2026-08-16 09:24: Train Epoch 25: 180/820 Loss: 1.657428
2026-08-16 09:24: Train Epoch 25: 200/820 Loss: 1.731620
2026-08-16 09:24: Train Epoch 25: 220/820 Loss: 1.760982
2026-08-16 09:24: Train Epoch 25: 240/820 Loss: 1.691285
2026-08-16 09:24: Train Epoch 25: 260/820 Loss: 1.810310
2026-08-16 09:24: Train Epoch 25: 280/820 Loss: 1.735778
2026-08-16 09:24: Train Epoch 25: 300/820 Loss: 1.730112
2026-08-16 09:25: Train Epoch 25: 320/820 Loss: 1.757861
2026-08-16 09:25: Train Epoch 25: 340/820 Loss: 1.765123
2026-08-16 09:25: Train Epoch 25: 360/820 Loss: 1.822837
2026-08-16 09:25: Train Epoch 25: 380/820 Loss: 1.671553
2026-08-16 09:25: Train Epoch 25: 400/820 Loss: 1.670510
2026-08-16 09:25: Train Epoch 25: 420/820 Loss: 1.677536
2026-08-16 09:25: Train Epoch 25: 440/820 Loss: 1.783254
2026-08-16 09:25: Train Epoch 25: 460/820 Loss: 1.726789
2026-08-16 09:25: Train Epoch 25: 480/820 Loss: 1.856218
2026-08-16 09:25: Train Epoch 25: 500/820 Loss: 1.684817
2026-08-16 09:25: Train Epoch 25: 520/820 Loss: 1.707659
2026-08-16 09:25: Train Epoch 25: 540/820 Loss: 1.665200
2026-08-16 09:25: Train Epoch 25: 560/820 Loss: 1.678814
2026-08-16 09:25: Train Epoch 25: 580/820 Loss: 1.665621
2026-08-16 09:25: Train Epoch 25: 600/820 Loss: 1.664695
2026-08-16 09:25: Train Epoch 25: 620/820 Loss: 1.760591
2026-08-16 09:25: Train Epoch 25: 640/820 Loss: 1.681856
2026-08-16 09:25: Train Epoch 25: 660/820 Loss: 1.731046
2026-08-16 09:25: Train Epoch 25: 680/820 Loss: 1.690292
2026-08-16 09:25: Train Epoch 25: 700/820 Loss: 1.741295
2026-08-16 09:25: Train Epoch 25: 720/820 Loss: 1.708104
2026-08-16 09:25: Train Epoch 25: 740/820 Loss: 1.715576
2026-08-16 09:26: Train Epoch 25: 760/820 Loss: 1.713858
2026-08-16 09:26: Train Epoch 25: 780/820 Loss: 1.764933
2026-08-16 09:26: Train Epoch 25: 800/820 Loss: 1.689758
2026-08-16 09:26: **********Train Epoch 25: averaged Loss: 1.726258, tf_ratio: 1.000000
2026-08-16 09:26: **********Val Epoch 25: average Loss: 1.828162
2026-08-16 09:26: Train Epoch 26: 0/820 Loss: 1.726502
2026-08-16 09:26: Train Epoch 26: 20/820 Loss: 1.746307
2026-08-16 09:26: Train Epoch 26: 40/820 Loss: 1.771770
2026-08-16 09:26: Train Epoch 26: 60/820 Loss: 1.806559
2026-08-16 09:26: Train Epoch 26: 80/820 Loss: 1.822168
2026-08-16 09:26: Train Epoch 26: 100/820 Loss: 1.782876
2026-08-16 09:26: Train Epoch 26: 120/820 Loss: 1.769855
2026-08-16 09:26: Train Epoch 26: 140/820 Loss: 1.676399
2026-08-16 09:26: Train Epoch 26: 160/820 Loss: 1.780791
2026-08-16 09:26: Train Epoch 26: 180/820 Loss: 1.665531
2026-08-16 09:26: Train Epoch 26: 200/820 Loss: 1.717259
2026-08-16 09:26: Train Epoch 26: 220/820 Loss: 1.607162
2026-08-16 09:26: Train Epoch 26: 240/820 Loss: 1.705585
2026-08-16 09:26: Train Epoch 26: 260/820 Loss: 1.738506
2026-08-16 09:26: Train Epoch 26: 280/820 Loss: 1.723134
2026-08-16 09:26: Train Epoch 26: 300/820 Loss: 1.798086
2026-08-16 09:27: Train Epoch 26: 320/820 Loss: 1.725277
2026-08-16 09:27: Train Epoch 26: 340/820 Loss: 1.798509
2026-08-16 09:27: Train Epoch 26: 360/820 Loss: 1.743451
2026-08-16 09:27: Train Epoch 26: 380/820 Loss: 1.732078
2026-08-16 09:27: Train Epoch 26: 400/820 Loss: 1.732185
2026-08-16 09:27: Train Epoch 26: 420/820 Loss: 1.746894
2026-08-16 09:27: Train Epoch 26: 440/820 Loss: 1.653924
2026-08-16 09:27: Train Epoch 26: 460/820 Loss: 1.721675
2026-08-16 09:27: Train Epoch 26: 480/820 Loss: 1.658798
2026-08-16 09:27: Train Epoch 26: 500/820 Loss: 1.750393
2026-08-16 09:27: Train Epoch 26: 520/820 Loss: 1.763483
2026-08-16 09:27: Train Epoch 26: 540/820 Loss: 1.754322
2026-08-16 09:27: Train Epoch 26: 560/820 Loss: 1.705743
2026-08-16 09:27: Train Epoch 26: 580/820 Loss: 1.703438
2026-08-16 09:27: Train Epoch 26: 600/820 Loss: 1.788186
2026-08-16 09:27: Train Epoch 26: 620/820 Loss: 1.746275
2026-08-16 09:27: Train Epoch 26: 640/820 Loss: 1.752669
2026-08-16 09:27: Train Epoch 26: 660/820 Loss: 1.707671
2026-08-16 09:27: Train Epoch 26: 680/820 Loss: 1.832618
2026-08-16 09:27: Train Epoch 26: 700/820 Loss: 1.777537
2026-08-16 09:27: Train Epoch 26: 720/820 Loss: 1.657237
2026-08-16 09:27: Train Epoch 26: 740/820 Loss: 1.895950
2026-08-16 09:27: Train Epoch 26: 760/820 Loss: 1.730220
2026-08-16 09:28: Train Epoch 26: 780/820 Loss: 1.784265
2026-08-16 09:28: Train Epoch 26: 800/820 Loss: 1.684969
2026-08-16 09:28: **********Train Epoch 26: averaged Loss: 1.716403, tf_ratio: 1.000000
2026-08-16 09:28: **********Val Epoch 26: average Loss: 1.816662
2026-08-16 09:28: *********************************Current best model saved!
2026-08-16 09:28: Train Epoch 27: 0/820 Loss: 1.771550
2026-08-16 09:28: Train Epoch 27: 20/820 Loss: 1.649226
2026-08-16 09:28: Train Epoch 27: 40/820 Loss: 1.776850
2026-08-16 09:28: Train Epoch 27: 60/820 Loss: 1.808631
2026-08-16 09:28: Train Epoch 27: 80/820 Loss: 1.670432
2026-08-16 09:28: Train Epoch 27: 100/820 Loss: 1.724291
2026-08-16 09:28: Train Epoch 27: 120/820 Loss: 1.680906
2026-08-16 09:28: Train Epoch 27: 140/820 Loss: 1.674497
2026-08-16 09:28: Train Epoch 27: 160/820 Loss: 1.735600
2026-08-16 09:28: Train Epoch 27: 180/820 Loss: 1.635927
2026-08-16 09:28: Train Epoch 27: 200/820 Loss: 1.673050
2026-08-16 09:28: Train Epoch 27: 220/820 Loss: 1.672697
2026-08-16 09:28: Train Epoch 27: 240/820 Loss: 1.687098
2026-08-16 09:28: Train Epoch 27: 260/820 Loss: 1.686743
2026-08-16 09:28: Train Epoch 27: 280/820 Loss: 1.752209
2026-08-16 09:28: Train Epoch 27: 300/820 Loss: 1.844557
2026-08-16 09:28: Train Epoch 27: 320/820 Loss: 1.705385
2026-08-16 09:29: Train Epoch 27: 340/820 Loss: 1.754828
2026-08-16 09:29: Train Epoch 27: 360/820 Loss: 1.755820
2026-08-16 09:29: Train Epoch 27: 380/820 Loss: 1.672606
2026-08-16 09:29: Train Epoch 27: 400/820 Loss: 1.675367
2026-08-16 09:29: Train Epoch 27: 420/820 Loss: 1.700713
2026-08-16 09:29: Train Epoch 27: 440/820 Loss: 1.709252
2026-08-16 09:29: Train Epoch 27: 460/820 Loss: 1.632576
2026-08-16 09:29: Train Epoch 27: 480/820 Loss: 1.738056
2026-08-16 09:29: Train Epoch 27: 500/820 Loss: 1.749076
2026-08-16 09:29: Train Epoch 27: 520/820 Loss: 1.644652
2026-08-16 09:29: Train Epoch 27: 540/820 Loss: 1.665436
2026-08-16 09:29: Train Epoch 27: 560/820 Loss: 1.754203
2026-08-16 09:29: Train Epoch 27: 580/820 Loss: 1.719875
2026-08-16 09:29: Train Epoch 27: 600/820 Loss: 1.742554
2026-08-16 09:29: Train Epoch 27: 620/820 Loss: 1.741648
2026-08-16 09:29: Train Epoch 27: 640/820 Loss: 1.660713
2026-08-16 09:29: Train Epoch 27: 660/820 Loss: 1.709401
2026-08-16 09:29: Train Epoch 27: 680/820 Loss: 1.642255
2026-08-16 09:29: Train Epoch 27: 700/820 Loss: 1.692726
2026-08-16 09:29: Train Epoch 27: 720/820 Loss: 1.654582
2026-08-16 09:29: Train Epoch 27: 740/820 Loss: 1.661186
2026-08-16 09:29: Train Epoch 27: 760/820 Loss: 1.734003
2026-08-16 09:29: Train Epoch 27: 780/820 Loss: 1.699644
2026-08-16 09:30: Train Epoch 27: 800/820 Loss: 1.723417
2026-08-16 09:30: **********Train Epoch 27: averaged Loss: 1.705842, tf_ratio: 1.000000
2026-08-16 09:30: **********Val Epoch 27: average Loss: 1.815259
2026-08-16 09:30: *********************************Current best model saved!
2026-08-16 09:30: Train Epoch 28: 0/820 Loss: 1.662948
2026-08-16 09:30: Train Epoch 28: 20/820 Loss: 1.676558
2026-08-16 09:30: Train Epoch 28: 40/820 Loss: 1.595378
2026-08-16 09:30: Train Epoch 28: 60/820 Loss: 1.781282
2026-08-16 09:30: Train Epoch 28: 80/820 Loss: 1.722301
2026-08-16 09:30: Train Epoch 28: 100/820 Loss: 1.770375
2026-08-16 09:30: Train Epoch 28: 120/820 Loss: 1.839257
2026-08-16 09:30: Train Epoch 28: 140/820 Loss: 1.694586
2026-08-16 09:30: Train Epoch 28: 160/820 Loss: 1.739202
2026-08-16 09:30: Train Epoch 28: 180/820 Loss: 1.646904
2026-08-16 09:30: Train Epoch 28: 200/820 Loss: 1.689726
2026-08-16 09:30: Train Epoch 28: 220/820 Loss: 1.668839
2026-08-16 09:30: Train Epoch 28: 240/820 Loss: 1.698267
2026-08-16 09:30: Train Epoch 28: 260/820 Loss: 1.707211
2026-08-16 09:30: Train Epoch 28: 280/820 Loss: 1.643576
2026-08-16 09:30: Train Epoch 28: 300/820 Loss: 1.668581
2026-08-16 09:30: Train Epoch 28: 320/820 Loss: 1.664194
2026-08-16 09:30: Train Epoch 28: 340/820 Loss: 1.663303
2026-08-16 09:31: Train Epoch 28: 360/820 Loss: 1.684098
2026-08-16 09:31: Train Epoch 28: 380/820 Loss: 1.710037
2026-08-16 09:31: Train Epoch 28: 400/820 Loss: 1.597688
2026-08-16 09:31: Train Epoch 28: 420/820 Loss: 1.690232
2026-08-16 09:31: Train Epoch 28: 440/820 Loss: 1.741860
2026-08-16 09:31: Train Epoch 28: 460/820 Loss: 1.716088
2026-08-16 09:31: Train Epoch 28: 480/820 Loss: 1.699229
2026-08-16 09:31: Train Epoch 28: 500/820 Loss: 1.631012
2026-08-16 09:31: Train Epoch 28: 520/820 Loss: 1.679403
2026-08-16 09:31: Train Epoch 28: 540/820 Loss: 1.716855
2026-08-16 09:31: Train Epoch 28: 560/820 Loss: 1.675433
2026-08-16 09:31: Train Epoch 28: 580/820 Loss: 1.691008
2026-08-16 09:31: Train Epoch 28: 600/820 Loss: 1.637607
2026-08-16 09:31: Train Epoch 28: 620/820 Loss: 1.610999
2026-08-16 09:31: Train Epoch 28: 640/820 Loss: 1.698365
2026-08-16 09:31: Train Epoch 28: 660/820 Loss: 1.702692
2026-08-16 09:31: Train Epoch 28: 680/820 Loss: 1.662451
2026-08-16 09:31: Train Epoch 28: 700/820 Loss: 1.771770
2026-08-16 09:31: Train Epoch 28: 720/820 Loss: 1.708411
2026-08-16 09:31: Train Epoch 28: 740/820 Loss: 1.703068
2026-08-16 09:31: Train Epoch 28: 760/820 Loss: 1.564150
2026-08-16 09:31: Train Epoch 28: 780/820 Loss: 1.756005
2026-08-16 09:31: Train Epoch 28: 800/820 Loss: 1.751794
2026-08-16 09:32: **********Train Epoch 28: averaged Loss: 1.695283, tf_ratio: 1.000000
2026-08-16 09:32: **********Val Epoch 28: average Loss: 1.818550
2026-08-16 09:32: Train Epoch 29: 0/820 Loss: 1.722579
2026-08-16 09:32: Train Epoch 29: 20/820 Loss: 1.697137
2026-08-16 09:32: Train Epoch 29: 40/820 Loss: 1.727750
2026-08-16 09:32: Train Epoch 29: 60/820 Loss: 1.667807
2026-08-16 09:32: Train Epoch 29: 80/820 Loss: 1.733704
2026-08-16 09:32: Train Epoch 29: 100/820 Loss: 1.659990
2026-08-16 09:32: Train Epoch 29: 120/820 Loss: 1.707036
2026-08-16 09:32: Train Epoch 29: 140/820 Loss: 1.667900
2026-08-16 09:32: Train Epoch 29: 160/820 Loss: 1.662707
2026-08-16 09:32: Train Epoch 29: 180/820 Loss: 1.607778
2026-08-16 09:32: Train Epoch 29: 200/820 Loss: 1.651570
2026-08-16 09:32: Train Epoch 29: 220/820 Loss: 1.687415
2026-08-16 09:32: Train Epoch 29: 240/820 Loss: 1.692504
2026-08-16 09:32: Train Epoch 29: 260/820 Loss: 1.713587
2026-08-16 09:32: Train Epoch 29: 280/820 Loss: 1.696873
2026-08-16 09:32: Train Epoch 29: 300/820 Loss: 1.635908
2026-08-16 09:32: Train Epoch 29: 320/820 Loss: 1.845157
2026-08-16 09:32: Train Epoch 29: 340/820 Loss: 1.630417
2026-08-16 09:32: Train Epoch 29: 360/820 Loss: 1.666180
2026-08-16 09:33: Train Epoch 29: 380/820 Loss: 1.695623
2026-08-16 09:33: Train Epoch 29: 400/820 Loss: 1.667743
2026-08-16 09:33: Train Epoch 29: 420/820 Loss: 1.683030
2026-08-16 09:33: Train Epoch 29: 440/820 Loss: 1.647494
2026-08-16 09:33: Train Epoch 29: 460/820 Loss: 1.575694
2026-08-16 09:33: Train Epoch 29: 480/820 Loss: 1.661559
2026-08-16 09:33: Train Epoch 29: 500/820 Loss: 1.724276
2026-08-16 09:33: Train Epoch 29: 520/820 Loss: 1.711640
2026-08-16 09:33: Train Epoch 29: 540/820 Loss: 1.638658
2026-08-16 09:33: Train Epoch 29: 560/820 Loss: 1.620403
2026-08-16 09:33: Train Epoch 29: 580/820 Loss: 1.635474
2026-08-16 09:33: Train Epoch 29: 600/820 Loss: 1.602070
2026-08-16 09:33: Train Epoch 29: 620/820 Loss: 1.733074
2026-08-16 09:33: Train Epoch 29: 640/820 Loss: 1.751578
2026-08-16 09:33: Train Epoch 29: 660/820 Loss: 1.696969
2026-08-16 09:33: Train Epoch 29: 680/820 Loss: 1.704119
2026-08-16 09:33: Train Epoch 29: 700/820 Loss: 1.683683
2026-08-16 09:33: Train Epoch 29: 720/820 Loss: 1.697089
2026-08-16 09:33: Train Epoch 29: 740/820 Loss: 1.664618
2026-08-16 09:33: Train Epoch 29: 760/820 Loss: 1.697503
2026-08-16 09:33: Train Epoch 29: 780/820 Loss: 1.724668
2026-08-16 09:33: Train Epoch 29: 800/820 Loss: 1.623497
2026-08-16 09:33: **********Train Epoch 29: averaged Loss: 1.684677, tf_ratio: 1.000000
2026-08-16 09:34: **********Val Epoch 29: average Loss: 1.803311
2026-08-16 09:34: *********************************Current best model saved!
2026-08-16 09:34: Train Epoch 30: 0/820 Loss: 1.664674
2026-08-16 09:34: Train Epoch 30: 20/820 Loss: 1.692202
2026-08-16 09:34: Train Epoch 30: 40/820 Loss: 1.678657
2026-08-16 09:34: Train Epoch 30: 60/820 Loss: 1.759049
2026-08-16 09:34: Train Epoch 30: 80/820 Loss: 1.664906
2026-08-16 09:34: Train Epoch 30: 100/820 Loss: 1.746556
2026-08-16 09:34: Train Epoch 30: 120/820 Loss: 1.765307
2026-08-16 09:34: Train Epoch 30: 140/820 Loss: 1.741791
2026-08-16 09:34: Train Epoch 30: 160/820 Loss: 1.643802
2026-08-16 09:34: Train Epoch 30: 180/820 Loss: 1.676058
2026-08-16 09:34: Train Epoch 30: 200/820 Loss: 1.666181
2026-08-16 09:34: Train Epoch 30: 220/820 Loss: 1.720906
2026-08-16 09:34: Train Epoch 30: 240/820 Loss: 1.582079
2026-08-16 09:34: Train Epoch 30: 260/820 Loss: 1.662186
2026-08-16 09:34: Train Epoch 30: 280/820 Loss: 1.671063
2026-08-16 09:34: Train Epoch 30: 300/820 Loss: 1.702063
2026-08-16 09:34: Train Epoch 30: 320/820 Loss: 1.669720
2026-08-16 09:34: Train Epoch 30: 340/820 Loss: 1.775793
2026-08-16 09:34: Train Epoch 30: 360/820 Loss: 1.678262
2026-08-16 09:35: Train Epoch 30: 380/820 Loss: 1.705349
2026-08-16 09:35: Train Epoch 30: 400/820 Loss: 1.641239
2026-08-16 09:35: Train Epoch 30: 420/820 Loss: 1.685636
2026-08-16 09:35: Train Epoch 30: 440/820 Loss: 1.762253
2026-08-16 09:35: Train Epoch 30: 460/820 Loss: 1.598188
2026-08-16 09:35: Train Epoch 30: 480/820 Loss: 1.703936
2026-08-16 09:35: Train Epoch 30: 500/820 Loss: 1.678644
2026-08-16 09:35: Train Epoch 30: 520/820 Loss: 1.659392
2026-08-16 09:35: Train Epoch 30: 540/820 Loss: 1.650823
2026-08-16 09:35: Train Epoch 30: 560/820 Loss: 1.648871
2026-08-16 09:35: Train Epoch 30: 580/820 Loss: 1.617211
2026-08-16 09:35: Train Epoch 30: 600/820 Loss: 1.715286
2026-08-16 09:35: Train Epoch 30: 620/820 Loss: 1.681321
2026-08-16 09:35: Train Epoch 30: 640/820 Loss: 1.666314
2026-08-16 09:35: Train Epoch 30: 660/820 Loss: 1.621661
2026-08-16 09:35: Train Epoch 30: 680/820 Loss: 1.754780
2026-08-16 09:35: Train Epoch 30: 700/820 Loss: 1.719959
2026-08-16 09:35: Train Epoch 30: 720/820 Loss: 1.669196
2026-08-16 09:35: Train Epoch 30: 740/820 Loss: 1.652452
2026-08-16 09:35: Train Epoch 30: 760/820 Loss: 1.685779
2026-08-16 09:35: Train Epoch 30: 780/820 Loss: 1.668804
2026-08-16 09:35: Train Epoch 30: 800/820 Loss: 1.708557
2026-08-16 09:35: **********Train Epoch 30: averaged Loss: 1.674648, tf_ratio: 1.000000
2026-08-16 09:36: **********Val Epoch 30: average Loss: 1.813387
2026-08-16 09:36: Train Epoch 31: 0/820 Loss: 1.626389
2026-08-16 09:36: Train Epoch 31: 20/820 Loss: 1.689937
2026-08-16 09:36: Train Epoch 31: 40/820 Loss: 1.664910
2026-08-16 09:36: Train Epoch 31: 60/820 Loss: 1.681119
2026-08-16 09:36: Train Epoch 31: 80/820 Loss: 1.613790
2026-08-16 09:36: Train Epoch 31: 100/820 Loss: 1.630776
2026-08-16 09:36: Train Epoch 31: 120/820 Loss: 1.678063
2026-08-16 09:36: Train Epoch 31: 140/820 Loss: 1.630514
2026-08-16 09:36: Train Epoch 31: 160/820 Loss: 1.672471
2026-08-16 09:36: Train Epoch 31: 180/820 Loss: 1.684140
2026-08-16 09:36: Train Epoch 31: 200/820 Loss: 1.631485
2026-08-16 09:36: Train Epoch 31: 220/820 Loss: 1.706008
2026-08-16 09:36: Train Epoch 31: 240/820 Loss: 1.700234
2026-08-16 09:36: Train Epoch 31: 260/820 Loss: 1.701694
2026-08-16 09:36: Train Epoch 31: 280/820 Loss: 1.617626
2026-08-16 09:36: Train Epoch 31: 300/820 Loss: 1.624221
2026-08-16 09:36: Train Epoch 31: 320/820 Loss: 1.596738
2026-08-16 09:36: Train Epoch 31: 340/820 Loss: 1.633573
2026-08-16 09:36: Train Epoch 31: 360/820 Loss: 1.699468
2026-08-16 09:36: Train Epoch 31: 380/820 Loss: 1.617928
2026-08-16 09:37: Train Epoch 31: 400/820 Loss: 1.606870
2026-08-16 09:37: Train Epoch 31: 420/820 Loss: 1.576805
2026-08-16 09:37: Train Epoch 31: 440/820 Loss: 1.709855
2026-08-16 09:37: Train Epoch 31: 460/820 Loss: 1.693112
2026-08-16 09:37: Train Epoch 31: 480/820 Loss: 1.669781
2026-08-16 09:37: Train Epoch 31: 500/820 Loss: 1.643829
2026-08-16 09:37: Train Epoch 31: 520/820 Loss: 1.704058
2026-08-16 09:37: Train Epoch 31: 540/820 Loss: 1.615946
2026-08-16 09:37: Train Epoch 31: 560/820 Loss: 1.633297
2026-08-16 09:37: Train Epoch 31: 580/820 Loss: 1.584592
2026-08-16 09:37: Train Epoch 31: 600/820 Loss: 1.685344
2026-08-16 09:37: Train Epoch 31: 620/820 Loss: 1.701523
2026-08-16 09:37: Train Epoch 31: 640/820 Loss: 1.685283
2026-08-16 09:37: Train Epoch 31: 660/820 Loss: 1.678587
2026-08-16 09:37: Train Epoch 31: 680/820 Loss: 1.687996
2026-08-16 09:37: Train Epoch 31: 700/820 Loss: 1.681982
2026-08-16 09:37: Train Epoch 31: 720/820 Loss: 1.640351
2026-08-16 09:37: Train Epoch 31: 740/820 Loss: 1.604016
2026-08-16 09:37: Train Epoch 31: 760/820 Loss: 1.667599
2026-08-16 09:37: Train Epoch 31: 780/820 Loss: 1.707460
2026-08-16 09:37: Train Epoch 31: 800/820 Loss: 1.717357
2026-08-16 09:37: **********Train Epoch 31: averaged Loss: 1.665520, tf_ratio: 1.000000
2026-08-16 09:38: **********Val Epoch 31: average Loss: 1.817626
2026-08-16 09:38: Train Epoch 32: 0/820 Loss: 1.660016
2026-08-16 09:38: Train Epoch 32: 20/820 Loss: 1.632946
2026-08-16 09:38: Train Epoch 32: 40/820 Loss: 1.599163
2026-08-16 09:38: Train Epoch 32: 60/820 Loss: 1.749666
2026-08-16 09:38: Train Epoch 32: 80/820 Loss: 1.641793
2026-08-16 09:38: Train Epoch 32: 100/820 Loss: 1.686495
2026-08-16 09:38: Train Epoch 32: 120/820 Loss: 1.639433
2026-08-16 09:38: Train Epoch 32: 140/820 Loss: 1.730441
2026-08-16 09:38: Train Epoch 32: 160/820 Loss: 1.729956
2026-08-16 09:38: Train Epoch 32: 180/820 Loss: 1.642798
2026-08-16 09:38: Train Epoch 32: 200/820 Loss: 1.697194
2026-08-16 09:38: Train Epoch 32: 220/820 Loss: 1.604902
2026-08-16 09:38: Train Epoch 32: 240/820 Loss: 1.683609
2026-08-16 09:38: Train Epoch 32: 260/820 Loss: 1.555217
2026-08-16 09:38: Train Epoch 32: 280/820 Loss: 1.616733
2026-08-16 09:38: Train Epoch 32: 300/820 Loss: 1.686241
2026-08-16 09:38: Train Epoch 32: 320/820 Loss: 1.579925
2026-08-16 09:38: Train Epoch 32: 340/820 Loss: 1.693448
2026-08-16 09:38: Train Epoch 32: 360/820 Loss: 1.710119
2026-08-16 09:38: Train Epoch 32: 380/820 Loss: 1.727407
2026-08-16 09:39: Train Epoch 32: 400/820 Loss: 1.736469
2026-08-16 09:39: Train Epoch 32: 420/820 Loss: 1.731035
2026-08-16 09:39: Train Epoch 32: 440/820 Loss: 1.566100
2026-08-16 09:39: Train Epoch 32: 460/820 Loss: 1.667636
2026-08-16 09:39: Train Epoch 32: 480/820 Loss: 1.765976
2026-08-16 09:39: Train Epoch 32: 500/820 Loss: 1.649486
2026-08-16 09:39: Train Epoch 32: 520/820 Loss: 1.632531
2026-08-16 09:39: Train Epoch 32: 540/820 Loss: 1.644551
2026-08-16 09:39: Train Epoch 32: 560/820 Loss: 1.644376
2026-08-16 09:39: Train Epoch 32: 580/820 Loss: 1.609448
2026-08-16 09:39: Train Epoch 32: 600/820 Loss: 1.650684
2026-08-16 09:39: Train Epoch 32: 620/820 Loss: 1.650224
2026-08-16 09:39: Train Epoch 32: 640/820 Loss: 1.662630
2026-08-16 09:39: Train Epoch 32: 660/820 Loss: 1.667705
2026-08-16 09:39: Train Epoch 32: 680/820 Loss: 1.648225
2026-08-16 09:39: Train Epoch 32: 700/820 Loss: 1.644947
2026-08-16 09:39: Train Epoch 32: 720/820 Loss: 1.715667
2026-08-16 09:39: Train Epoch 32: 740/820 Loss: 1.650481
2026-08-16 09:39: Train Epoch 32: 760/820 Loss: 1.699048
2026-08-16 09:39: Train Epoch 32: 780/820 Loss: 1.667881
2026-08-16 09:39: Train Epoch 32: 800/820 Loss: 1.684146
2026-08-16 09:39: **********Train Epoch 32: averaged Loss: 1.656858, tf_ratio: 1.000000
2026-08-16 09:40: **********Val Epoch 32: average Loss: 1.809554
2026-08-16 09:40: Train Epoch 33: 0/820 Loss: 1.634358
2026-08-16 09:40: Train Epoch 33: 20/820 Loss: 1.719042
2026-08-16 09:40: Train Epoch 33: 40/820 Loss: 1.663032
2026-08-16 09:40: Train Epoch 33: 60/820 Loss: 1.672080
2026-08-16 09:40: Train Epoch 33: 80/820 Loss: 1.671006
2026-08-16 09:40: Train Epoch 33: 100/820 Loss: 1.676238
2026-08-16 09:40: Train Epoch 33: 120/820 Loss: 1.684468
2026-08-16 09:40: Train Epoch 33: 140/820 Loss: 1.611953
2026-08-16 09:40: Train Epoch 33: 160/820 Loss: 1.682066
2026-08-16 09:40: Train Epoch 33: 180/820 Loss: 1.628811
2026-08-16 09:40: Train Epoch 33: 200/820 Loss: 1.702803
2026-08-16 09:40: Train Epoch 33: 220/820 Loss: 1.607989
2026-08-16 09:40: Train Epoch 33: 240/820 Loss: 1.646075
2026-08-16 09:40: Train Epoch 33: 260/820 Loss: 1.678615
2026-08-16 09:40: Train Epoch 33: 280/820 Loss: 1.681360
2026-08-16 09:40: Train Epoch 33: 300/820 Loss: 1.721740
2026-08-16 09:40: Train Epoch 33: 320/820 Loss: 1.612682
2026-08-16 09:40: Train Epoch 33: 340/820 Loss: 1.599915
2026-08-16 09:40: Train Epoch 33: 360/820 Loss: 1.629419
2026-08-16 09:40: Train Epoch 33: 380/820 Loss: 1.620259
2026-08-16 09:41: Train Epoch 33: 400/820 Loss: 1.579809
2026-08-16 09:41: Train Epoch 33: 420/820 Loss: 1.551642
2026-08-16 09:41: Train Epoch 33: 440/820 Loss: 1.641010
2026-08-16 09:41: Train Epoch 33: 460/820 Loss: 1.706117
2026-08-16 09:41: Train Epoch 33: 480/820 Loss: 1.672160
2026-08-16 09:41: Train Epoch 33: 500/820 Loss: 1.576476
2026-08-16 09:41: Train Epoch 33: 520/820 Loss: 1.606951
2026-08-16 09:41: Train Epoch 33: 540/820 Loss: 1.670781
2026-08-16 09:41: Train Epoch 33: 560/820 Loss: 1.594013
2026-08-16 09:41: Train Epoch 33: 580/820 Loss: 1.680908
2026-08-16 09:41: Train Epoch 33: 600/820 Loss: 1.641883
2026-08-16 09:41: Train Epoch 33: 620/820 Loss: 1.630617
2026-08-16 09:41: Train Epoch 33: 640/820 Loss: 1.659564
2026-08-16 09:41: Train Epoch 33: 660/820 Loss: 1.626578
2026-08-16 09:41: Train Epoch 33: 680/820 Loss: 1.691809
2026-08-16 09:41: Train Epoch 33: 700/820 Loss: 1.671995
2026-08-16 09:41: Train Epoch 33: 720/820 Loss: 1.671217
2026-08-16 09:41: Train Epoch 33: 740/820 Loss: 1.658467
2026-08-16 09:41: Train Epoch 33: 760/820 Loss: 1.584038
2026-08-16 09:41: Train Epoch 33: 780/820 Loss: 1.612565
2026-08-16 09:41: Train Epoch 33: 800/820 Loss: 1.728834
2026-08-16 09:41: **********Train Epoch 33: averaged Loss: 1.647558, tf_ratio: 1.000000
2026-08-16 09:42: **********Val Epoch 33: average Loss: 1.818146
2026-08-16 09:42: Train Epoch 34: 0/820 Loss: 1.639244
2026-08-16 09:42: Train Epoch 34: 20/820 Loss: 1.569229
2026-08-16 09:42: Train Epoch 34: 40/820 Loss: 1.638520
2026-08-16 09:42: Train Epoch 34: 60/820 Loss: 1.600183
2026-08-16 09:42: Train Epoch 34: 80/820 Loss: 1.663863
2026-08-16 09:42: Train Epoch 34: 100/820 Loss: 1.618521
2026-08-16 09:42: Train Epoch 34: 120/820 Loss: 1.619846
2026-08-16 09:42: Train Epoch 34: 140/820 Loss: 1.711171
2026-08-16 09:42: Train Epoch 34: 160/820 Loss: 1.626609
2026-08-16 09:42: Train Epoch 34: 180/820 Loss: 1.631186
2026-08-16 09:42: Train Epoch 34: 200/820 Loss: 1.648375
2026-08-16 09:42: Train Epoch 34: 220/820 Loss: 1.696858
2026-08-16 09:42: Train Epoch 34: 240/820 Loss: 1.658463
2026-08-16 09:42: Train Epoch 34: 260/820 Loss: 1.648073
2026-08-16 09:42: Train Epoch 34: 280/820 Loss: 1.644642
2026-08-16 09:42: Train Epoch 34: 300/820 Loss: 1.701983
2026-08-16 09:42: Train Epoch 34: 320/820 Loss: 1.645741
2026-08-16 09:42: Train Epoch 34: 340/820 Loss: 1.599162
2026-08-16 09:42: Train Epoch 34: 360/820 Loss: 1.620269
2026-08-16 09:42: Train Epoch 34: 380/820 Loss: 1.627017
2026-08-16 09:42: Train Epoch 34: 400/820 Loss: 1.600808
2026-08-16 09:43: Train Epoch 34: 420/820 Loss: 1.656175
2026-08-16 09:43: Train Epoch 34: 440/820 Loss: 1.666703
2026-08-16 09:43: Train Epoch 34: 460/820 Loss: 1.714528
2026-08-16 09:43: Train Epoch 34: 480/820 Loss: 1.650849
2026-08-16 09:43: Train Epoch 34: 500/820 Loss: 1.600545
2026-08-16 09:43: Train Epoch 34: 520/820 Loss: 1.585679
2026-08-16 09:43: Train Epoch 34: 540/820 Loss: 1.666350
2026-08-16 09:43: Train Epoch 34: 560/820 Loss: 1.596978
2026-08-16 09:43: Train Epoch 34: 580/820 Loss: 1.698678
2026-08-16 09:43: Train Epoch 34: 600/820 Loss: 1.621285
2026-08-16 09:43: Train Epoch 34: 620/820 Loss: 1.664889
2026-08-16 09:43: Train Epoch 34: 640/820 Loss: 1.698808
2026-08-16 09:43: Train Epoch 34: 660/820 Loss: 1.626813
2026-08-16 09:43: Train Epoch 34: 680/820 Loss: 1.594512
2026-08-16 09:43: Train Epoch 34: 700/820 Loss: 1.677226
2026-08-16 09:43: Train Epoch 34: 720/820 Loss: 1.692019
2026-08-16 09:43: Train Epoch 34: 740/820 Loss: 1.561216
2026-08-16 09:43: Train Epoch 34: 760/820 Loss: 1.624091
2026-08-16 09:43: Train Epoch 34: 780/820 Loss: 1.670227
2026-08-16 09:43: Train Epoch 34: 800/820 Loss: 1.647105
2026-08-16 09:43: **********Train Epoch 34: averaged Loss: 1.638105, tf_ratio: 1.000000
2026-08-16 09:44: **********Val Epoch 34: average Loss: 1.825364
2026-08-16 09:44: Train Epoch 35: 0/820 Loss: 1.635820
2026-08-16 09:44: Train Epoch 35: 20/820 Loss: 1.595058
2026-08-16 09:44: Train Epoch 35: 40/820 Loss: 1.608912
2026-08-16 09:44: Train Epoch 35: 60/820 Loss: 1.645850
2026-08-16 09:44: Train Epoch 35: 80/820 Loss: 1.638251
2026-08-16 09:44: Train Epoch 35: 100/820 Loss: 1.644428
2026-08-16 09:44: Train Epoch 35: 120/820 Loss: 1.577194
2026-08-16 09:44: Train Epoch 35: 140/820 Loss: 1.583223
2026-08-16 09:44: Train Epoch 35: 160/820 Loss: 1.642378
2026-08-16 09:44: Train Epoch 35: 180/820 Loss: 1.573365
2026-08-16 09:44: Train Epoch 35: 200/820 Loss: 1.625399
2026-08-16 09:44: Train Epoch 35: 220/820 Loss: 1.702232
2026-08-16 09:44: Train Epoch 35: 240/820 Loss: 1.646858
2026-08-16 09:44: Train Epoch 35: 260/820 Loss: 1.657822
2026-08-16 09:44: Train Epoch 35: 280/820 Loss: 1.645097
2026-08-16 09:44: Train Epoch 35: 300/820 Loss: 1.558383
2026-08-16 09:44: Train Epoch 35: 320/820 Loss: 1.635501
2026-08-16 09:44: Train Epoch 35: 340/820 Loss: 1.571964
2026-08-16 09:44: Train Epoch 35: 360/820 Loss: 1.646837
2026-08-16 09:44: Train Epoch 35: 380/820 Loss: 1.694482
2026-08-16 09:44: Train Epoch 35: 400/820 Loss: 1.667567
2026-08-16 09:45: Train Epoch 35: 420/820 Loss: 1.625340
2026-08-16 09:45: Train Epoch 35: 440/820 Loss: 1.626235
2026-08-16 09:45: Train Epoch 35: 460/820 Loss: 1.626760
2026-08-16 09:45: Train Epoch 35: 480/820 Loss: 1.570724
2026-08-16 09:45: Train Epoch 35: 500/820 Loss: 1.605663
2026-08-16 09:45: Train Epoch 35: 520/820 Loss: 1.657688
2026-08-16 09:45: Train Epoch 35: 540/820 Loss: 1.694197
2026-08-16 09:45: Train Epoch 35: 560/820 Loss: 1.601191
2026-08-16 09:45: Train Epoch 35: 580/820 Loss: 1.599927
2026-08-16 09:45: Train Epoch 35: 600/820 Loss: 1.560109
2026-08-16 09:45: Train Epoch 35: 620/820 Loss: 1.622794
2026-08-16 09:45: Train Epoch 35: 640/820 Loss: 1.652913
2026-08-16 09:45: Train Epoch 35: 660/820 Loss: 1.618490
2026-08-16 09:45: Train Epoch 35: 680/820 Loss: 1.639127
2026-08-16 09:45: Train Epoch 35: 700/820 Loss: 1.673457
2026-08-16 09:45: Train Epoch 35: 720/820 Loss: 1.633022
2026-08-16 09:45: Train Epoch 35: 740/820 Loss: 1.609122
2026-08-16 09:45: Train Epoch 35: 760/820 Loss: 1.541621
2026-08-16 09:45: Train Epoch 35: 780/820 Loss: 1.640421
2026-08-16 09:45: Train Epoch 35: 800/820 Loss: 1.587597
2026-08-16 09:45: **********Train Epoch 35: averaged Loss: 1.631723, tf_ratio: 1.000000
2026-08-16 09:46: **********Val Epoch 35: average Loss: 1.809840
2026-08-16 09:46: Train Epoch 36: 0/820 Loss: 1.682399
2026-08-16 09:46: Train Epoch 36: 20/820 Loss: 1.653510
2026-08-16 09:46: Train Epoch 36: 40/820 Loss: 1.579837
2026-08-16 09:46: Train Epoch 36: 60/820 Loss: 1.527660
2026-08-16 09:46: Train Epoch 36: 80/820 Loss: 1.568201
2026-08-16 09:46: Train Epoch 36: 100/820 Loss: 1.622591
2026-08-16 09:46: Train Epoch 36: 120/820 Loss: 1.500508
2026-08-16 09:46: Train Epoch 36: 140/820 Loss: 1.652513
2026-08-16 09:46: Train Epoch 36: 160/820 Loss: 1.592441
2026-08-16 09:46: Train Epoch 36: 180/820 Loss: 1.692936
2026-08-16 09:46: Train Epoch 36: 200/820 Loss: 1.652375
2026-08-16 09:46: Train Epoch 36: 220/820 Loss: 1.641887
2026-08-16 09:46: Train Epoch 36: 240/820 Loss: 1.647958
2026-08-16 09:46: Train Epoch 36: 260/820 Loss: 1.555967
2026-08-16 09:46: Train Epoch 36: 280/820 Loss: 1.652977
2026-08-16 09:46: Train Epoch 36: 300/820 Loss: 1.592265
2026-08-16 09:46: Train Epoch 36: 320/820 Loss: 1.659554
2026-08-16 09:46: Train Epoch 36: 340/820 Loss: 1.642252
2026-08-16 09:46: Train Epoch 36: 360/820 Loss: 1.579176
2026-08-16 09:46: Train Epoch 36: 380/820 Loss: 1.579456
2026-08-16 09:46: Train Epoch 36: 400/820 Loss: 1.615823
2026-08-16 09:47: Train Epoch 36: 420/820 Loss: 1.606257
2026-08-16 09:47: Train Epoch 36: 440/820 Loss: 1.681023
2026-08-16 09:47: Train Epoch 36: 460/820 Loss: 1.616114
2026-08-16 09:47: Train Epoch 36: 480/820 Loss: 1.684163
2026-08-16 09:47: Train Epoch 36: 500/820 Loss: 1.627017
2026-08-16 09:47: Train Epoch 36: 520/820 Loss: 1.610348
2026-08-16 09:47: Train Epoch 36: 540/820 Loss: 1.595955
2026-08-16 09:47: Train Epoch 36: 560/820 Loss: 1.548984
2026-08-16 09:47: Train Epoch 36: 580/820 Loss: 1.702435
2026-08-16 09:47: Train Epoch 36: 600/820 Loss: 1.682549
2026-08-16 09:47: Train Epoch 36: 620/820 Loss: 1.655437
2026-08-16 09:47: Train Epoch 36: 640/820 Loss: 1.626076
2026-08-16 09:47: Train Epoch 36: 660/820 Loss: 1.628659
2026-08-16 09:47: Train Epoch 36: 680/820 Loss: 1.674262
2026-08-16 09:47: Train Epoch 36: 700/820 Loss: 1.646205
2026-08-16 09:47: Train Epoch 36: 720/820 Loss: 1.582240
2026-08-16 09:47: Train Epoch 36: 740/820 Loss: 1.609924
2026-08-16 09:47: Train Epoch 36: 760/820 Loss: 1.672527
2026-08-16 09:47: Train Epoch 36: 780/820 Loss: 1.657574
2026-08-16 09:47: Train Epoch 36: 800/820 Loss: 1.617484
2026-08-16 09:47: **********Train Epoch 36: averaged Loss: 1.621165, tf_ratio: 1.000000
2026-08-16 09:48: **********Val Epoch 36: average Loss: 1.824511
2026-08-16 09:48: Train Epoch 37: 0/820 Loss: 1.678073
2026-08-16 09:48: Train Epoch 37: 20/820 Loss: 1.559575
2026-08-16 09:48: Train Epoch 37: 40/820 Loss: 1.627801
2026-08-16 09:48: Train Epoch 37: 60/820 Loss: 1.623949
2026-08-16 09:48: Train Epoch 37: 80/820 Loss: 1.651892
2026-08-16 09:48: Train Epoch 37: 100/820 Loss: 1.669474
2026-08-16 09:48: Train Epoch 37: 120/820 Loss: 1.656596
2026-08-16 09:48: Train Epoch 37: 140/820 Loss: 1.652819
2026-08-16 09:48: Train Epoch 37: 160/820 Loss: 1.679499
2026-08-16 09:48: Train Epoch 37: 180/820 Loss: 1.654603
2026-08-16 09:48: Train Epoch 37: 200/820 Loss: 1.577284
2026-08-16 09:48: Train Epoch 37: 220/820 Loss: 1.637010
2026-08-16 09:48: Train Epoch 37: 240/820 Loss: 1.560539
2026-08-16 09:48: Train Epoch 37: 260/820 Loss: 1.585062
2026-08-16 09:48: Train Epoch 37: 280/820 Loss: 1.632900
2026-08-16 09:48: Train Epoch 37: 300/820 Loss: 1.601969
2026-08-16 09:48: Train Epoch 37: 320/820 Loss: 1.585939
2026-08-16 09:48: Train Epoch 37: 340/820 Loss: 1.556115
2026-08-16 09:48: Train Epoch 37: 360/820 Loss: 1.619881
2026-08-16 09:48: Train Epoch 37: 380/820 Loss: 1.601194
2026-08-16 09:48: Train Epoch 37: 400/820 Loss: 1.614222
2026-08-16 09:48: Train Epoch 37: 420/820 Loss: 1.622681
2026-08-16 09:49: Train Epoch 37: 440/820 Loss: 1.587870
2026-08-16 09:49: Train Epoch 37: 460/820 Loss: 1.578484
2026-08-16 09:49: Train Epoch 37: 480/820 Loss: 1.638357
2026-08-16 09:49: Train Epoch 37: 500/820 Loss: 1.684990
2026-08-16 09:49: Train Epoch 37: 520/820 Loss: 1.619503
2026-08-16 09:49: Train Epoch 37: 540/820 Loss: 1.637809
2026-08-16 09:49: Train Epoch 37: 560/820 Loss: 1.578413
2026-08-16 09:49: Train Epoch 37: 580/820 Loss: 1.667856
2026-08-16 09:49: Train Epoch 37: 600/820 Loss: 1.542626
2026-08-16 09:49: Train Epoch 37: 620/820 Loss: 1.631890
2026-08-16 09:49: Train Epoch 37: 640/820 Loss: 1.565384
2026-08-16 09:49: Train Epoch 37: 660/820 Loss: 1.590870
2026-08-16 09:49: Train Epoch 37: 680/820 Loss: 1.691722
2026-08-16 09:49: Train Epoch 37: 700/820 Loss: 1.633422
2026-08-16 09:49: Train Epoch 37: 720/820 Loss: 1.504772
2026-08-16 09:49: Train Epoch 37: 740/820 Loss: 1.584659
2026-08-16 09:49: Train Epoch 37: 760/820 Loss: 1.620272
2026-08-16 09:49: Train Epoch 37: 780/820 Loss: 1.608888
2026-08-16 09:49: Train Epoch 37: 800/820 Loss: 1.518729
2026-08-16 09:49: **********Train Epoch 37: averaged Loss: 1.614169, tf_ratio: 1.000000
2026-08-16 09:50: **********Val Epoch 37: average Loss: 1.818134
2026-08-16 09:50: Train Epoch 38: 0/820 Loss: 1.646432
2026-08-16 09:50: Train Epoch 38: 20/820 Loss: 1.617582
2026-08-16 09:50: Train Epoch 38: 40/820 Loss: 1.625700
2026-08-16 09:50: Train Epoch 38: 60/820 Loss: 1.511625
2026-08-16 09:50: Train Epoch 38: 80/820 Loss: 1.604776
2026-08-16 09:50: Train Epoch 38: 100/820 Loss: 1.628443
2026-08-16 09:50: Train Epoch 38: 120/820 Loss: 1.620732
2026-08-16 09:50: Train Epoch 38: 140/820 Loss: 1.563599
2026-08-16 09:50: Train Epoch 38: 160/820 Loss: 1.609814
2026-08-16 09:50: Train Epoch 38: 180/820 Loss: 1.522670
2026-08-16 09:50: Train Epoch 38: 200/820 Loss: 1.561499
2026-08-16 09:50: Train Epoch 38: 220/820 Loss: 1.588897
2026-08-16 09:50: Train Epoch 38: 240/820 Loss: 1.501062
2026-08-16 09:50: Train Epoch 38: 260/820 Loss: 1.645455
2026-08-16 09:50: Train Epoch 38: 280/820 Loss: 1.591879
2026-08-16 09:50: Train Epoch 38: 300/820 Loss: 1.657997
2026-08-16 09:50: Train Epoch 38: 320/820 Loss: 1.638781
2026-08-16 09:50: Train Epoch 38: 340/820 Loss: 1.580386
2026-08-16 09:50: Train Epoch 38: 360/820 Loss: 1.531963
2026-08-16 09:50: Train Epoch 38: 380/820 Loss: 1.602506
2026-08-16 09:50: Train Epoch 38: 400/820 Loss: 1.665541
2026-08-16 09:50: Train Epoch 38: 420/820 Loss: 1.554058
2026-08-16 09:51: Train Epoch 38: 440/820 Loss: 1.708363
2026-08-16 09:51: Train Epoch 38: 460/820 Loss: 1.557601
2026-08-16 09:51: Train Epoch 38: 480/820 Loss: 1.614438
2026-08-16 09:51: Train Epoch 38: 500/820 Loss: 1.648365
2026-08-16 09:51: Train Epoch 38: 520/820 Loss: 1.526612
2026-08-16 09:51: Train Epoch 38: 540/820 Loss: 1.583641
2026-08-16 09:51: Train Epoch 38: 560/820 Loss: 1.563080
2026-08-16 09:51: Train Epoch 38: 580/820 Loss: 1.560825
2026-08-16 09:51: Train Epoch 38: 600/820 Loss: 1.547230
2026-08-16 09:51: Train Epoch 38: 620/820 Loss: 1.604939
2026-08-16 09:51: Train Epoch 38: 640/820 Loss: 1.604113
2026-08-16 09:51: Train Epoch 38: 660/820 Loss: 1.600863
2026-08-16 09:51: Train Epoch 38: 680/820 Loss: 1.577164
2026-08-16 09:51: Train Epoch 38: 700/820 Loss: 1.566873
2026-08-16 09:51: Train Epoch 38: 720/820 Loss: 1.636651
2026-08-16 09:51: Train Epoch 38: 740/820 Loss: 1.622134
2026-08-16 09:51: Train Epoch 38: 760/820 Loss: 1.636034
2026-08-16 09:51: Train Epoch 38: 780/820 Loss: 1.589757
2026-08-16 09:51: Train Epoch 38: 800/820 Loss: 1.595845
2026-08-16 09:51: **********Train Epoch 38: averaged Loss: 1.606109, tf_ratio: 1.000000
2026-08-16 09:52: **********Val Epoch 38: average Loss: 1.808918
2026-08-16 09:52: Train Epoch 39: 0/820 Loss: 1.620127
2026-08-16 09:52: Train Epoch 39: 20/820 Loss: 1.614995
2026-08-16 09:52: Train Epoch 39: 40/820 Loss: 1.595626
2026-08-16 09:52: Train Epoch 39: 60/820 Loss: 1.676961
2026-08-16 09:52: Train Epoch 39: 80/820 Loss: 1.626096
2026-08-16 09:52: Train Epoch 39: 100/820 Loss: 1.553043
2026-08-16 09:52: Train Epoch 39: 120/820 Loss: 1.638977
2026-08-16 09:52: Train Epoch 39: 140/820 Loss: 1.683400
2026-08-16 09:52: Train Epoch 39: 160/820 Loss: 1.671131
2026-08-16 09:52: Train Epoch 39: 180/820 Loss: 1.560239
2026-08-16 09:52: Train Epoch 39: 200/820 Loss: 1.611269
2026-08-16 09:52: Train Epoch 39: 220/820 Loss: 1.665988
2026-08-16 09:52: Train Epoch 39: 240/820 Loss: 1.590320
2026-08-16 09:52: Train Epoch 39: 260/820 Loss: 1.627345
2026-08-16 09:52: Train Epoch 39: 280/820 Loss: 1.596098
2026-08-16 09:52: Train Epoch 39: 300/820 Loss: 1.573631
2026-08-16 09:52: Train Epoch 39: 320/820 Loss: 1.559272
2026-08-16 09:52: Train Epoch 39: 340/820 Loss: 1.539464
2026-08-16 09:52: Train Epoch 39: 360/820 Loss: 1.663630
2026-08-16 09:52: Train Epoch 39: 380/820 Loss: 1.646895
2026-08-16 09:52: Train Epoch 39: 400/820 Loss: 1.641255
2026-08-16 09:52: Train Epoch 39: 420/820 Loss: 1.527673
2026-08-16 09:52: Train Epoch 39: 440/820 Loss: 1.605303
2026-08-16 09:53: Train Epoch 39: 460/820 Loss: 1.591352
2026-08-16 09:53: Train Epoch 39: 480/820 Loss: 1.455277
2026-08-16 09:53: Train Epoch 39: 500/820 Loss: 1.589047
2026-08-16 09:53: Train Epoch 39: 520/820 Loss: 1.653723
2026-08-16 09:53: Train Epoch 39: 540/820 Loss: 1.566796
2026-08-16 09:53: Train Epoch 39: 560/820 Loss: 1.680610
2026-08-16 09:53: Train Epoch 39: 580/820 Loss: 1.649689
2026-08-16 09:53: Train Epoch 39: 600/820 Loss: 1.549237
2026-08-16 09:53: Train Epoch 39: 620/820 Loss: 1.527834
2026-08-16 09:53: Train Epoch 39: 640/820 Loss: 1.613987
2026-08-16 09:53: Train Epoch 39: 660/820 Loss: 1.514906
2026-08-16 09:53: Train Epoch 39: 680/820 Loss: 1.643202
2026-08-16 09:53: Train Epoch 39: 700/820 Loss: 1.603176
2026-08-16 09:53: Train Epoch 39: 720/820 Loss: 1.561744
2026-08-16 09:53: Train Epoch 39: 740/820 Loss: 1.587219
2026-08-16 09:53: Train Epoch 39: 760/820 Loss: 1.586241
2026-08-16 09:53: Train Epoch 39: 780/820 Loss: 1.685422
2026-08-16 09:53: Train Epoch 39: 800/820 Loss: 1.679660
2026-08-16 09:53: **********Train Epoch 39: averaged Loss: 1.599095, tf_ratio: 1.000000
2026-08-16 09:53: **********Val Epoch 39: average Loss: 1.822968
2026-08-16 09:53: Train Epoch 40: 0/820 Loss: 1.587592
2026-08-16 09:54: Train Epoch 40: 20/820 Loss: 1.578842
2026-08-16 09:54: Train Epoch 40: 40/820 Loss: 1.594998
2026-08-16 09:54: Train Epoch 40: 60/820 Loss: 1.562733
2026-08-16 09:54: Train Epoch 40: 80/820 Loss: 1.607861
2026-08-16 09:54: Train Epoch 40: 100/820 Loss: 1.576336
2026-08-16 09:54: Train Epoch 40: 120/820 Loss: 1.509513
2026-08-16 09:54: Train Epoch 40: 140/820 Loss: 1.618433
2026-08-16 09:54: Train Epoch 40: 160/820 Loss: 1.609053
2026-08-16 09:54: Train Epoch 40: 180/820 Loss: 1.539250
2026-08-16 09:54: Train Epoch 40: 200/820 Loss: 1.578187
2026-08-16 09:54: Train Epoch 40: 220/820 Loss: 1.553055
2026-08-16 09:54: Train Epoch 40: 240/820 Loss: 1.596358
2026-08-16 09:54: Train Epoch 40: 260/820 Loss: 1.655969
2026-08-16 09:54: Train Epoch 40: 280/820 Loss: 1.580526
2026-08-16 09:54: Train Epoch 40: 300/820 Loss: 1.663006
2026-08-16 09:54: Train Epoch 40: 320/820 Loss: 1.650323
2026-08-16 09:54: Train Epoch 40: 340/820 Loss: 1.615372
2026-08-16 09:54: Train Epoch 40: 360/820 Loss: 1.518698
2026-08-16 09:54: Train Epoch 40: 380/820 Loss: 1.633971
2026-08-16 09:54: Train Epoch 40: 400/820 Loss: 1.546690
2026-08-16 09:54: Train Epoch 40: 420/820 Loss: 1.592645
2026-08-16 09:54: Train Epoch 40: 440/820 Loss: 1.507743
2026-08-16 09:54: Train Epoch 40: 460/820 Loss: 1.582076
2026-08-16 09:55: Train Epoch 40: 480/820 Loss: 1.505293
2026-08-16 09:55: Train Epoch 40: 500/820 Loss: 1.494468
2026-08-16 09:55: Train Epoch 40: 520/820 Loss: 1.680271
2026-08-16 09:55: Train Epoch 40: 540/820 Loss: 1.650659
2026-08-16 09:55: Train Epoch 40: 560/820 Loss: 1.552859
2026-08-16 09:55: Train Epoch 40: 580/820 Loss: 1.592100
2026-08-16 09:55: Train Epoch 40: 600/820 Loss: 1.567661
2026-08-16 09:55: Train Epoch 40: 620/820 Loss: 1.602083
2026-08-16 09:55: Train Epoch 40: 640/820 Loss: 1.632306
2026-08-16 09:55: Train Epoch 40: 660/820 Loss: 1.606413
2026-08-16 09:55: Train Epoch 40: 680/820 Loss: 1.545678
2026-08-16 09:55: Train Epoch 40: 700/820 Loss: 1.558035
2026-08-16 09:55: Train Epoch 40: 720/820 Loss: 1.629330
2026-08-16 09:55: Train Epoch 40: 740/820 Loss: 1.658874
2026-08-16 09:55: Train Epoch 40: 760/820 Loss: 1.529843
2026-08-16 09:55: Train Epoch 40: 780/820 Loss: 1.532974
2026-08-16 09:55: Train Epoch 40: 800/820 Loss: 1.597931
2026-08-16 09:55: **********Train Epoch 40: averaged Loss: 1.590372, tf_ratio: 1.000000
2026-08-16 09:55: **********Val Epoch 40: average Loss: 1.814230
2026-08-16 09:55: Train Epoch 41: 0/820 Loss: 1.585482
2026-08-16 09:56: Train Epoch 41: 20/820 Loss: 1.553097
2026-08-16 09:56: Train Epoch 41: 40/820 Loss: 1.560194
2026-08-16 09:56: Train Epoch 41: 60/820 Loss: 1.563189
2026-08-16 09:56: Train Epoch 41: 80/820 Loss: 1.551413
2026-08-16 09:56: Train Epoch 41: 100/820 Loss: 1.592648
2026-08-16 09:56: Train Epoch 41: 120/820 Loss: 1.541844
2026-08-16 09:56: Train Epoch 41: 140/820 Loss: 1.706506
2026-08-16 09:56: Train Epoch 41: 160/820 Loss: 1.540098
2026-08-16 09:56: Train Epoch 41: 180/820 Loss: 1.642921
2026-08-16 09:56: Train Epoch 41: 200/820 Loss: 1.595886
2026-08-16 09:56: Train Epoch 41: 220/820 Loss: 1.593032
2026-08-16 09:56: Train Epoch 41: 240/820 Loss: 1.581409
2026-08-16 09:56: Train Epoch 41: 260/820 Loss: 1.590724
2026-08-16 09:56: Train Epoch 41: 280/820 Loss: 1.552828
2026-08-16 09:56: Train Epoch 41: 300/820 Loss: 1.507808
2026-08-16 09:56: Train Epoch 41: 320/820 Loss: 1.557037
2026-08-16 09:56: Train Epoch 41: 340/820 Loss: 1.604403
2026-08-16 09:56: Train Epoch 41: 360/820 Loss: 1.605626
2026-08-16 09:56: Train Epoch 41: 380/820 Loss: 1.555712
2026-08-16 09:56: Train Epoch 41: 400/820 Loss: 1.655612
2026-08-16 09:56: Train Epoch 41: 420/820 Loss: 1.660075
2026-08-16 09:56: Train Epoch 41: 440/820 Loss: 1.533507
2026-08-16 09:56: Train Epoch 41: 460/820 Loss: 1.628481
2026-08-16 09:57: Train Epoch 41: 480/820 Loss: 1.554648
2026-08-16 09:57: Train Epoch 41: 500/820 Loss: 1.639793
2026-08-16 09:57: Train Epoch 41: 520/820 Loss: 1.570365
2026-08-16 09:57: Train Epoch 41: 540/820 Loss: 1.665022
2026-08-16 09:57: Train Epoch 41: 560/820 Loss: 1.573513
2026-08-16 09:57: Train Epoch 41: 580/820 Loss: 1.645995
2026-08-16 09:57: Train Epoch 41: 600/820 Loss: 1.606609
2026-08-16 09:57: Train Epoch 41: 620/820 Loss: 1.675675
2026-08-16 09:57: Train Epoch 41: 640/820 Loss: 1.678885
2026-08-16 09:57: Train Epoch 41: 660/820 Loss: 1.567413
2026-08-16 09:57: Train Epoch 41: 680/820 Loss: 1.535868
2026-08-16 09:57: Train Epoch 41: 700/820 Loss: 1.569274
2026-08-16 09:57: Train Epoch 41: 720/820 Loss: 1.542120
2026-08-16 09:57: Train Epoch 41: 740/820 Loss: 1.674795
2026-08-16 09:57: Train Epoch 41: 760/820 Loss: 1.615658
2026-08-16 09:57: Train Epoch 41: 780/820 Loss: 1.565672
2026-08-16 09:57: Train Epoch 41: 800/820 Loss: 1.556417
2026-08-16 09:57: **********Train Epoch 41: averaged Loss: 1.583964, tf_ratio: 1.000000
2026-08-16 09:57: **********Val Epoch 41: average Loss: 1.829279
2026-08-16 09:57: Train Epoch 42: 0/820 Loss: 1.541382
2026-08-16 09:57: Train Epoch 42: 20/820 Loss: 1.578521
2026-08-16 09:58: Train Epoch 42: 40/820 Loss: 1.591311
2026-08-16 09:58: Train Epoch 42: 60/820 Loss: 1.653517
2026-08-16 09:58: Train Epoch 42: 80/820 Loss: 1.588131
2026-08-16 09:58: Train Epoch 42: 100/820 Loss: 1.585316
2026-08-16 09:58: Train Epoch 42: 120/820 Loss: 1.612766
2026-08-16 09:58: Train Epoch 42: 140/820 Loss: 1.630381
2026-08-16 09:58: Train Epoch 42: 160/820 Loss: 1.626428
2026-08-16 09:58: Train Epoch 42: 180/820 Loss: 1.525307
2026-08-16 09:58: Train Epoch 42: 200/820 Loss: 1.582870
2026-08-16 09:58: Train Epoch 42: 220/820 Loss: 1.616805
2026-08-16 09:58: Train Epoch 42: 240/820 Loss: 1.621743
2026-08-16 09:58: Train Epoch 42: 260/820 Loss: 1.584919
2026-08-16 09:58: Train Epoch 42: 280/820 Loss: 1.605227
2026-08-16 09:58: Train Epoch 42: 300/820 Loss: 1.531026
2026-08-16 09:58: Train Epoch 42: 320/820 Loss: 1.504711
2026-08-16 09:58: Train Epoch 42: 340/820 Loss: 1.568574
2026-08-16 09:58: Train Epoch 42: 360/820 Loss: 1.611804
2026-08-16 09:58: Train Epoch 42: 380/820 Loss: 1.572090
2026-08-16 09:58: Train Epoch 42: 400/820 Loss: 1.532744
2026-08-16 09:58: Train Epoch 42: 420/820 Loss: 1.555772
2026-08-16 09:58: Train Epoch 42: 440/820 Loss: 1.592396
2026-08-16 09:58: Train Epoch 42: 460/820 Loss: 1.580064
2026-08-16 09:58: Train Epoch 42: 480/820 Loss: 1.517230
2026-08-16 09:59: Train Epoch 42: 500/820 Loss: 1.593759
2026-08-16 09:59: Train Epoch 42: 520/820 Loss: 1.597482
2026-08-16 09:59: Train Epoch 42: 540/820 Loss: 1.551111
2026-08-16 09:59: Train Epoch 42: 560/820 Loss: 1.620459
2026-08-16 09:59: Train Epoch 42: 580/820 Loss: 1.593064
2026-08-16 09:59: Train Epoch 42: 600/820 Loss: 1.621937
2026-08-16 09:59: Train Epoch 42: 620/820 Loss: 1.545895
2026-08-16 09:59: Train Epoch 42: 640/820 Loss: 1.527675
2026-08-16 09:59: Train Epoch 42: 660/820 Loss: 1.536337
2026-08-16 09:59: Train Epoch 42: 680/820 Loss: 1.537094
2026-08-16 09:59: Train Epoch 42: 700/820 Loss: 1.600535
2026-08-16 09:59: Train Epoch 42: 720/820 Loss: 1.533518
2026-08-16 09:59: Train Epoch 42: 740/820 Loss: 1.500171
2026-08-16 09:59: Train Epoch 42: 760/820 Loss: 1.541288
2026-08-16 09:59: Train Epoch 42: 780/820 Loss: 1.574309
2026-08-16 09:59: Train Epoch 42: 800/820 Loss: 1.583362
2026-08-16 09:59: **********Train Epoch 42: averaged Loss: 1.579399, tf_ratio: 1.000000
2026-08-16 09:59: **********Val Epoch 42: average Loss: 1.821228
2026-08-16 09:59: Train Epoch 43: 0/820 Loss: 1.538126
2026-08-16 09:59: Train Epoch 43: 20/820 Loss: 1.600874
2026-08-16 10:00: Train Epoch 43: 40/820 Loss: 1.560263
2026-08-16 10:00: Train Epoch 43: 60/820 Loss: 1.598161
2026-08-16 10:00: Train Epoch 43: 80/820 Loss: 1.605195
2026-08-16 10:00: Train Epoch 43: 100/820 Loss: 1.553515
2026-08-16 10:00: Train Epoch 43: 120/820 Loss: 1.548450
2026-08-16 10:00: Train Epoch 43: 140/820 Loss: 1.559530
2026-08-16 10:00: Train Epoch 43: 160/820 Loss: 1.582606
2026-08-16 10:00: Train Epoch 43: 180/820 Loss: 1.567975
2026-08-16 10:00: Train Epoch 43: 200/820 Loss: 1.564281
2026-08-16 10:00: Train Epoch 43: 220/820 Loss: 1.518270
2026-08-16 10:00: Train Epoch 43: 240/820 Loss: 1.558646
2026-08-16 10:00: Train Epoch 43: 260/820 Loss: 1.615736
2026-08-16 10:00: Train Epoch 43: 280/820 Loss: 1.563421
2026-08-16 10:00: Train Epoch 43: 300/820 Loss: 1.532260
2026-08-16 10:00: Train Epoch 43: 320/820 Loss: 1.478870
2026-08-16 10:00: Train Epoch 43: 340/820 Loss: 1.596513
2026-08-16 10:00: Train Epoch 43: 360/820 Loss: 1.587688
2026-08-16 10:00: Train Epoch 43: 380/820 Loss: 1.610271
2026-08-16 10:00: Train Epoch 43: 400/820 Loss: 1.592956
2026-08-16 10:00: Train Epoch 43: 420/820 Loss: 1.538412
2026-08-16 10:00: Train Epoch 43: 440/820 Loss: 1.553598
2026-08-16 10:00: Train Epoch 43: 460/820 Loss: 1.617468
2026-08-16 10:00: Train Epoch 43: 480/820 Loss: 1.582254
2026-08-16 10:01: Train Epoch 43: 500/820 Loss: 1.598714
2026-08-16 10:01: Train Epoch 43: 520/820 Loss: 1.571536
2026-08-16 10:01: Train Epoch 43: 540/820 Loss: 1.628185
2026-08-16 10:01: Train Epoch 43: 560/820 Loss: 1.533041
2026-08-16 10:01: Train Epoch 43: 580/820 Loss: 1.642637
2026-08-16 10:01: Train Epoch 43: 600/820 Loss: 1.582364
2026-08-16 10:01: Train Epoch 43: 620/820 Loss: 1.555852
2026-08-16 10:01: Train Epoch 43: 640/820 Loss: 1.475489
2026-08-16 10:01: Train Epoch 43: 660/820 Loss: 1.595942
2026-08-16 10:01: Train Epoch 43: 680/820 Loss: 1.625711
2026-08-16 10:01: Train Epoch 43: 700/820 Loss: 1.585902
2026-08-16 10:01: Train Epoch 43: 720/820 Loss: 1.605436
2026-08-16 10:01: Train Epoch 43: 740/820 Loss: 1.591872
2026-08-16 10:01: Train Epoch 43: 760/820 Loss: 1.519781
2026-08-16 10:01: Train Epoch 43: 780/820 Loss: 1.613295
2026-08-16 10:01: Train Epoch 43: 800/820 Loss: 1.527163
2026-08-16 10:01: **********Train Epoch 43: averaged Loss: 1.569146, tf_ratio: 1.000000
2026-08-16 10:01: **********Val Epoch 43: average Loss: 1.820013
2026-08-16 10:01: Train Epoch 44: 0/820 Loss: 1.504849
2026-08-16 10:01: Train Epoch 44: 20/820 Loss: 1.581982
2026-08-16 10:01: Train Epoch 44: 40/820 Loss: 1.567067
2026-08-16 10:02: Train Epoch 44: 60/820 Loss: 1.604001
2026-08-16 10:02: Train Epoch 44: 80/820 Loss: 1.608028
2026-08-16 10:02: Train Epoch 44: 100/820 Loss: 1.546372
2026-08-16 10:02: Train Epoch 44: 120/820 Loss: 1.580981
2026-08-16 10:02: Train Epoch 44: 140/820 Loss: 1.599845
2026-08-16 10:02: Train Epoch 44: 160/820 Loss: 1.580189
2026-08-16 10:02: Train Epoch 44: 180/820 Loss: 1.558567
2026-08-16 10:02: Train Epoch 44: 200/820 Loss: 1.651307
2026-08-16 10:02: Train Epoch 44: 220/820 Loss: 1.629618
2026-08-16 10:02: Train Epoch 44: 240/820 Loss: 1.533289
2026-08-16 10:02: Train Epoch 44: 260/820 Loss: 1.581591
2026-08-16 10:02: Train Epoch 44: 280/820 Loss: 1.444338
2026-08-16 10:02: Train Epoch 44: 300/820 Loss: 1.503164
2026-08-16 10:02: Train Epoch 44: 320/820 Loss: 1.584352
2026-08-16 10:02: Train Epoch 44: 340/820 Loss: 1.605394
2026-08-16 10:02: Train Epoch 44: 360/820 Loss: 1.521296
2026-08-16 10:02: Train Epoch 44: 380/820 Loss: 1.596242
2026-08-16 10:02: Train Epoch 44: 400/820 Loss: 1.547617
2026-08-16 10:02: Train Epoch 44: 420/820 Loss: 1.611699
2026-08-16 10:02: Train Epoch 44: 440/820 Loss: 1.506603
2026-08-16 10:02: Train Epoch 44: 460/820 Loss: 1.584227
2026-08-16 10:02: Train Epoch 44: 480/820 Loss: 1.612192
2026-08-16 10:02: Train Epoch 44: 500/820 Loss: 1.528240
2026-08-16 10:03: Train Epoch 44: 520/820 Loss: 1.581173
2026-08-16 10:03: Train Epoch 44: 540/820 Loss: 1.542759
2026-08-16 10:03: Train Epoch 44: 560/820 Loss: 1.608982
2026-08-16 10:03: Train Epoch 44: 580/820 Loss: 1.475117
2026-08-16 10:03: Train Epoch 44: 600/820 Loss: 1.640709
2026-08-16 10:03: Train Epoch 44: 620/820 Loss: 1.559775
2026-08-16 10:03: Train Epoch 44: 640/820 Loss: 1.632522
2026-08-16 10:03: Train Epoch 44: 660/820 Loss: 1.635199
2026-08-16 10:03: Train Epoch 44: 680/820 Loss: 1.544054
2026-08-16 10:03: Train Epoch 44: 700/820 Loss: 1.587399
2026-08-16 10:03: Train Epoch 44: 720/820 Loss: 1.578644
2026-08-16 10:03: Train Epoch 44: 740/820 Loss: 1.527045
2026-08-16 10:03: Train Epoch 44: 760/820 Loss: 1.585793
2026-08-16 10:03: Train Epoch 44: 780/820 Loss: 1.527263
2026-08-16 10:03: Train Epoch 44: 800/820 Loss: 1.511487
2026-08-16 10:03: **********Train Epoch 44: averaged Loss: 1.563880, tf_ratio: 1.000000
2026-08-16 10:03: **********Val Epoch 44: average Loss: 1.821303
2026-08-16 10:03: Validation performance didn't improve for 15 epochs. Training stops.
2026-08-16 10:03: Total training time: 87.3376min, best loss: 1.803311
2026-08-16 10:03: Saving current best model to /scratch/chkkar002/Diffusion_Based_STGNNs/AGCRN/model/experiments/SAWS/trial6_20260816083631/best_model.pth
2026-08-16 10:04: Horizon 01, MAE: 0.81, RMSE: 1.15, MAPE: 7.1498%
2026-08-16 10:04: Horizon 02, MAE: 1.06, RMSE: 1.50, MAPE: 8.9327%
2026-08-16 10:04: Horizon 03, MAE: 1.27, RMSE: 1.77, MAPE: 10.5811%
2026-08-16 10:04: Horizon 04, MAE: 1.43, RMSE: 1.97, MAPE: 12.0858%
2026-08-16 10:04: Horizon 05, MAE: 1.56, RMSE: 2.13, MAPE: 13.1105%
2026-08-16 10:04: Horizon 06, MAE: 1.66, RMSE: 2.27, MAPE: 13.9861%
2026-08-16 10:04: Horizon 07, MAE: 1.74, RMSE: 2.38, MAPE: 14.8157%
2026-08-16 10:04: Horizon 08, MAE: 1.81, RMSE: 2.46, MAPE: 15.3908%
2026-08-16 10:04: Horizon 09, MAE: 1.86, RMSE: 2.54, MAPE: 15.9261%
2026-08-16 10:04: Horizon 10, MAE: 1.92, RMSE: 2.61, MAPE: 16.5841%
2026-08-16 10:04: Horizon 11, MAE: 1.95, RMSE: 2.65, MAPE: 17.1147%
2026-08-16 10:04: Horizon 12, MAE: 1.98, RMSE: 2.69, MAPE: 17.4797%
2026-08-16 10:04: Horizon 13, MAE: 2.02, RMSE: 2.73, MAPE: 17.8463%
2026-08-16 10:04: Horizon 14, MAE: 2.04, RMSE: 2.76, MAPE: 18.0914%
2026-08-16 10:04: Horizon 15, MAE: 2.06, RMSE: 2.79, MAPE: 18.3217%
2026-08-16 10:04: Horizon 16, MAE: 2.09, RMSE: 2.82, MAPE: 18.4937%
2026-08-16 10:04: Horizon 17, MAE: 2.11, RMSE: 2.84, MAPE: 18.6561%
2026-08-16 10:04: Horizon 18, MAE: 2.13, RMSE: 2.87, MAPE: 18.8195%
2026-08-16 10:04: Horizon 19, MAE: 2.15, RMSE: 2.89, MAPE: 18.8280%
2026-08-16 10:04: Horizon 20, MAE: 2.16, RMSE: 2.92, MAPE: 18.8100%
2026-08-16 10:04: Horizon 21, MAE: 2.17, RMSE: 2.94, MAPE: 18.8171%
2026-08-16 10:04: Horizon 22, MAE: 2.19, RMSE: 2.96, MAPE: 18.9223%
2026-08-16 10:04: Horizon 23, MAE: 2.20, RMSE: 2.98, MAPE: 19.0494%
2026-08-16 10:04: Horizon 24, MAE: 2.23, RMSE: 3.02, MAPE: 19.5186%
2026-08-16 10:04: Average Horizon, MAE: 1.86, RMSE: 2.57, MAPE: 16.1388%
2026-08-16 10:04: Experiment log path in: /scratch/chkkar002/Diffusion_Based_STGNNs/AGCRN/model/experiments/SAWS/trial7_20260816100410
2026-08-16 10:04: Train Epoch 1: 0/410 Loss: 16.844788
2026-08-16 10:04: Train Epoch 1: 20/410 Loss: 6.244449
2026-08-16 10:04: Train Epoch 1: 40/410 Loss: 5.245349
2026-08-16 10:04: Train Epoch 1: 60/410 Loss: 5.040865
2026-08-16 10:04: Train Epoch 1: 80/410 Loss: 4.711390
2026-08-16 10:04: Train Epoch 1: 100/410 Loss: 4.865198
2026-08-16 10:04: Train Epoch 1: 120/410 Loss: 4.559668
2026-08-16 10:04: Train Epoch 1: 140/410 Loss: 4.567413
2026-08-16 10:04: Train Epoch 1: 160/410 Loss: 4.177476
2026-08-16 10:04: Train Epoch 1: 180/410 Loss: 4.210041
2026-08-16 10:04: Train Epoch 1: 200/410 Loss: 13.204351
2026-08-16 10:04: Train Epoch 1: 220/410 Loss: 8.319279
2026-08-16 10:04: Train Epoch 1: 240/410 Loss: 6.589457
2026-08-16 10:04: Train Epoch 1: 260/410 Loss: 8.057869
2026-08-16 10:04: Train Epoch 1: 280/410 Loss: 6.801379
2026-08-16 10:04: Train Epoch 1: 300/410 Loss: 6.390553
2026-08-16 10:04: Train Epoch 1: 320/410 Loss: 6.157819
2026-08-16 10:04: Train Epoch 1: 340/410 Loss: 6.276440
2026-08-16 10:05: Train Epoch 1: 360/410 Loss: 5.792558
2026-08-16 10:05: Train Epoch 1: 380/410 Loss: 5.538162
2026-08-16 10:05: Train Epoch 1: 400/410 Loss: 5.455734
2026-08-16 10:05: **********Train Epoch 1: averaged Loss: 6.296139, tf_ratio: 1.000000
2026-08-16 10:05: **********Val Epoch 1: average Loss: 5.358654
2026-08-16 10:05: *********************************Current best model saved!
2026-08-16 10:05: Train Epoch 2: 0/410 Loss: 5.455320
2026-08-16 10:05: Train Epoch 2: 20/410 Loss: 5.514072
2026-08-16 10:05: Train Epoch 2: 40/410 Loss: 5.246156
2026-08-16 10:05: Train Epoch 2: 60/410 Loss: 5.224644
2026-08-16 10:05: Train Epoch 2: 80/410 Loss: 5.393447
2026-08-16 10:05: Train Epoch 2: 100/410 Loss: 5.307270
2026-08-16 10:05: Train Epoch 2: 120/410 Loss: 5.261398
2026-08-16 10:05: Train Epoch 2: 140/410 Loss: 5.164415
2026-08-16 10:05: Train Epoch 2: 160/410 Loss: 5.479679
2026-08-16 10:05: Train Epoch 2: 180/410 Loss: 5.715201
2026-08-16 10:05: Train Epoch 2: 200/410 Loss: 5.340301
2026-08-16 10:05: Train Epoch 2: 220/410 Loss: 5.335960
2026-08-16 10:05: Train Epoch 2: 240/410 Loss: 4.969121
2026-08-16 10:05: Train Epoch 2: 260/410 Loss: 5.393154
2026-08-16 10:05: Train Epoch 2: 280/410 Loss: 4.952752
2026-08-16 10:05: Train Epoch 2: 300/410 Loss: 5.258018
2026-08-16 10:05: Train Epoch 2: 320/410 Loss: 4.919772
2026-08-16 10:05: Train Epoch 2: 340/410 Loss: 5.029231
2026-08-16 10:06: Train Epoch 2: 360/410 Loss: 4.917463
2026-08-16 10:06: Train Epoch 2: 380/410 Loss: 4.936113
2026-08-16 10:06: Train Epoch 2: 400/410 Loss: 4.994516
2026-08-16 10:06: **********Train Epoch 2: averaged Loss: 5.252392, tf_ratio: 1.000000
2026-08-16 10:06: **********Val Epoch 2: average Loss: 4.883352
2026-08-16 10:06: *********************************Current best model saved!
2026-08-16 10:06: Train Epoch 3: 0/410 Loss: 4.948334
2026-08-16 10:06: Train Epoch 3: 20/410 Loss: 5.049396
2026-08-16 10:06: Train Epoch 3: 40/410 Loss: 4.853930
2026-08-16 10:06: Train Epoch 3: 60/410 Loss: 4.884171
2026-08-16 10:06: Train Epoch 3: 80/410 Loss: 4.883230
2026-08-16 10:06: Train Epoch 3: 100/410 Loss: 4.719531
2026-08-16 10:06: Train Epoch 3: 120/410 Loss: 5.011620
2026-08-16 10:06: Train Epoch 3: 140/410 Loss: 4.992966
2026-08-16 10:06: Train Epoch 3: 160/410 Loss: 4.859211
2026-08-16 10:06: Train Epoch 3: 180/410 Loss: 4.837932
2026-08-16 10:06: Train Epoch 3: 200/410 Loss: 4.858468
2026-08-16 10:06: Train Epoch 3: 220/410 Loss: 4.865171
2026-08-16 10:06: Train Epoch 3: 240/410 Loss: 4.729624
2026-08-16 10:06: Train Epoch 3: 260/410 Loss: 4.711777
2026-08-16 10:06: Train Epoch 3: 280/410 Loss: 4.966559
2026-08-16 10:06: Train Epoch 3: 300/410 Loss: 4.958182
2026-08-16 10:06: Train Epoch 3: 320/410 Loss: 4.827432
2026-08-16 10:06: Train Epoch 3: 340/410 Loss: 4.722283
2026-08-16 10:07: Train Epoch 3: 360/410 Loss: 4.734215
2026-08-16 10:07: Train Epoch 3: 380/410 Loss: 4.724123
2026-08-16 10:07: Train Epoch 3: 400/410 Loss: 4.755591
2026-08-16 10:07: **********Train Epoch 3: averaged Loss: 4.868501, tf_ratio: 1.000000
2026-08-16 10:07: **********Val Epoch 3: average Loss: 4.678057
2026-08-16 10:07: *********************************Current best model saved!
2026-08-16 10:07: Train Epoch 4: 0/410 Loss: 4.610624
2026-08-16 10:07: Train Epoch 4: 20/410 Loss: 4.704650
2026-08-16 10:07: Train Epoch 4: 40/410 Loss: 4.827290
2026-08-16 10:07: Train Epoch 4: 60/410 Loss: 4.746307
2026-08-16 10:07: Train Epoch 4: 80/410 Loss: 4.794863
2026-08-16 10:07: Train Epoch 4: 100/410 Loss: 4.754354
2026-08-16 10:07: Train Epoch 4: 120/410 Loss: 4.924704
2026-08-16 10:07: Train Epoch 4: 140/410 Loss: 4.652103
2026-08-16 10:07: Train Epoch 4: 160/410 Loss: 4.786942
2026-08-16 10:07: Train Epoch 4: 180/410 Loss: 4.804209
2026-08-16 10:07: Train Epoch 4: 200/410 Loss: 4.671417
2026-08-16 10:07: Train Epoch 4: 220/410 Loss: 4.688722
2026-08-16 10:07: Train Epoch 4: 240/410 Loss: 4.734695
2026-08-16 10:07: Train Epoch 4: 260/410 Loss: 4.649745
2026-08-16 10:07: Train Epoch 4: 280/410 Loss: 4.557244
2026-08-16 10:07: Train Epoch 4: 300/410 Loss: 4.600931
2026-08-16 10:07: Train Epoch 4: 320/410 Loss: 4.867030
2026-08-16 10:07: Train Epoch 4: 340/410 Loss: 4.556540
2026-08-16 10:08: Train Epoch 4: 360/410 Loss: 4.914859
2026-08-16 10:08: Train Epoch 4: 380/410 Loss: 4.640867
2026-08-16 10:08: Train Epoch 4: 400/410 Loss: 4.604723
2026-08-16 10:08: **********Train Epoch 4: averaged Loss: 4.739817, tf_ratio: 1.000000
2026-08-16 10:08: **********Val Epoch 4: average Loss: 4.608373
2026-08-16 10:08: *********************************Current best model saved!
2026-08-16 10:08: Train Epoch 5: 0/410 Loss: 4.731929
2026-08-16 10:08: Train Epoch 5: 20/410 Loss: 4.695134
2026-08-16 10:08: Train Epoch 5: 40/410 Loss: 4.726145
2026-08-16 10:08: Train Epoch 5: 60/410 Loss: 4.809288
2026-08-16 10:08: Train Epoch 5: 80/410 Loss: 4.547420
2026-08-16 10:08: Train Epoch 5: 100/410 Loss: 4.730432
2026-08-16 10:08: Train Epoch 5: 120/410 Loss: 4.802551
2026-08-16 10:08: Train Epoch 5: 140/410 Loss: 4.576818
2026-08-16 10:08: Train Epoch 5: 160/410 Loss: 4.687137
2026-08-16 10:08: Train Epoch 5: 180/410 Loss: 4.552625
2026-08-16 10:08: Train Epoch 5: 200/410 Loss: 4.635568
2026-08-16 10:08: Train Epoch 5: 220/410 Loss: 4.739934
2026-08-16 10:08: Train Epoch 5: 240/410 Loss: 4.634261
2026-08-16 10:08: Train Epoch 5: 260/410 Loss: 4.642889
2026-08-16 10:08: Train Epoch 5: 280/410 Loss: 4.908174
2026-08-16 10:08: Train Epoch 5: 300/410 Loss: 4.668075
2026-08-16 10:08: Train Epoch 5: 320/410 Loss: 4.663320
2026-08-16 10:08: Train Epoch 5: 340/410 Loss: 4.564232
2026-08-16 10:09: Train Epoch 5: 360/410 Loss: 4.658822
2026-08-16 10:09: Train Epoch 5: 380/410 Loss: 4.439418
2026-08-16 10:09: Train Epoch 5: 400/410 Loss: 4.631110
2026-08-16 10:09: **********Train Epoch 5: averaged Loss: 4.680669, tf_ratio: 1.000000
2026-08-16 10:09: **********Val Epoch 5: average Loss: 4.558018
