2026-08-23 10:47: Experiment log path in: /scratch/chkkar002/Diffusion_Based_STGNNs/RealValue/AGCRN/model/experiments/SAWS/20260823104723
2026-08-23 10:47: Train Epoch 1: 0/1641 Loss: 0.692705
2026-08-23 10:47: Train Epoch 1: 20/1641 Loss: 0.711915
2026-08-23 10:47: Train Epoch 1: 40/1641 Loss: 0.434127
2026-08-23 10:47: Train Epoch 1: 60/1641 Loss: 0.266793
2026-08-23 10:47: Train Epoch 1: 80/1641 Loss: 0.120832
2026-08-23 10:47: Train Epoch 1: 100/1641 Loss: 0.097100
2026-08-23 10:47: Train Epoch 1: 120/1641 Loss: 0.136903
2026-08-23 10:47: Train Epoch 1: 140/1641 Loss: 0.119122
2026-08-23 10:47: Train Epoch 1: 160/1641 Loss: 0.128901
2026-08-23 10:47: Train Epoch 1: 180/1641 Loss: 0.087903
2026-08-23 10:47: Train Epoch 1: 200/1641 Loss: 0.106000
2026-08-23 10:47: Train Epoch 1: 220/1641 Loss: 0.079784
2026-08-23 10:47: Train Epoch 1: 240/1641 Loss: 0.057308
2026-08-23 10:48: Train Epoch 1: 260/1641 Loss: 0.081720
2026-08-23 10:48: Train Epoch 1: 280/1641 Loss: 0.085761
2026-08-23 10:48: Train Epoch 1: 300/1641 Loss: 0.123047
2026-08-23 10:48: Train Epoch 1: 320/1641 Loss: 0.144010
2026-08-23 10:48: Train Epoch 1: 340/1641 Loss: 0.102130
2026-08-23 10:48: Train Epoch 1: 360/1641 Loss: 0.092208
2026-08-23 10:48: Train Epoch 1: 380/1641 Loss: 0.081175
2026-08-23 10:48: Train Epoch 1: 400/1641 Loss: 0.094665
2026-08-23 10:48: Train Epoch 1: 420/1641 Loss: 0.069955
2026-08-23 10:48: Train Epoch 1: 440/1641 Loss: 0.089126
2026-08-23 10:48: Train Epoch 1: 460/1641 Loss: 0.071007
2026-08-23 10:48: Train Epoch 1: 480/1641 Loss: 0.077550
2026-08-23 10:48: Train Epoch 1: 500/1641 Loss: 0.085192
2026-08-23 10:48: Train Epoch 1: 520/1641 Loss: 0.106279
2026-08-23 10:48: Train Epoch 1: 540/1641 Loss: 0.082600
2026-08-23 10:48: Train Epoch 1: 560/1641 Loss: 0.109709
2026-08-23 10:48: Train Epoch 1: 580/1641 Loss: 0.084325
2026-08-23 10:48: Train Epoch 1: 600/1641 Loss: 0.069252
2026-08-23 10:48: Train Epoch 1: 620/1641 Loss: 0.102099
2026-08-23 10:48: Train Epoch 1: 640/1641 Loss: 0.134943
2026-08-23 10:48: Train Epoch 1: 660/1641 Loss: 0.056756
2026-08-23 10:49: Train Epoch 1: 680/1641 Loss: 0.068356
2026-08-23 10:49: Train Epoch 1: 700/1641 Loss: 0.034742
2026-08-23 10:49: Train Epoch 1: 720/1641 Loss: 0.086753
2026-08-23 10:49: Train Epoch 1: 740/1641 Loss: 0.070702
2026-08-23 10:49: Train Epoch 1: 760/1641 Loss: 0.097159
2026-08-23 10:49: Train Epoch 1: 780/1641 Loss: 0.062339
2026-08-23 10:49: Train Epoch 1: 800/1641 Loss: 0.125987
2026-08-23 10:49: Train Epoch 1: 820/1641 Loss: 0.086697
2026-08-23 10:49: Train Epoch 1: 840/1641 Loss: 0.078576
2026-08-23 10:49: Train Epoch 1: 860/1641 Loss: 0.109677
2026-08-23 10:49: Train Epoch 1: 880/1641 Loss: 0.145644
2026-08-23 10:49: Train Epoch 1: 900/1641 Loss: 0.065208
2026-08-23 10:49: Train Epoch 1: 920/1641 Loss: 0.052435
2026-08-23 10:49: Train Epoch 1: 940/1641 Loss: 0.154908
2026-08-23 10:49: Train Epoch 1: 960/1641 Loss: 0.091816
2026-08-23 10:49: Train Epoch 1: 980/1641 Loss: 0.112788
2026-08-23 10:49: Train Epoch 1: 1000/1641 Loss: 0.101657
2026-08-23 10:49: Train Epoch 1: 1020/1641 Loss: 0.110711
2026-08-23 10:49: Train Epoch 1: 1040/1641 Loss: 0.096570
2026-08-23 10:49: Train Epoch 1: 1060/1641 Loss: 0.054794
2026-08-23 10:49: Train Epoch 1: 1080/1641 Loss: 0.113550
2026-08-23 10:50: Train Epoch 1: 1100/1641 Loss: 0.173817
2026-08-23 10:50: Train Epoch 1: 1120/1641 Loss: 0.064318
2026-08-23 10:50: Train Epoch 1: 1140/1641 Loss: 0.163860
2026-08-23 10:50: Train Epoch 1: 1160/1641 Loss: 0.114987
2026-08-23 10:50: Train Epoch 1: 1180/1641 Loss: 0.079711
2026-08-23 10:50: Train Epoch 1: 1200/1641 Loss: 0.130949
2026-08-23 10:50: Train Epoch 1: 1220/1641 Loss: 0.115091
2026-08-23 10:50: Train Epoch 1: 1240/1641 Loss: 0.090331
2026-08-23 10:50: Train Epoch 1: 1260/1641 Loss: 0.115111
2026-08-23 10:50: Train Epoch 1: 1280/1641 Loss: 0.069979
2026-08-23 10:50: Train Epoch 1: 1300/1641 Loss: 0.070451
2026-08-23 10:50: Train Epoch 1: 1320/1641 Loss: 0.127140
2026-08-23 10:50: Train Epoch 1: 1340/1641 Loss: 0.102548
2026-08-23 10:50: Train Epoch 1: 1360/1641 Loss: 0.125878
2026-08-23 10:50: Train Epoch 1: 1380/1641 Loss: 0.115200
2026-08-23 10:50: Train Epoch 1: 1400/1641 Loss: 0.093158
2026-08-23 10:50: Train Epoch 1: 1420/1641 Loss: 0.080289
2026-08-23 10:50: Train Epoch 1: 1440/1641 Loss: 0.075262
2026-08-23 10:50: Train Epoch 1: 1460/1641 Loss: 0.130892
2026-08-23 10:50: Train Epoch 1: 1480/1641 Loss: 0.082976
2026-08-23 10:50: Train Epoch 1: 1500/1641 Loss: 0.067953
2026-08-23 10:50: Train Epoch 1: 1520/1641 Loss: 0.166504
2026-08-23 10:50: Train Epoch 1: 1540/1641 Loss: 0.069356
2026-08-23 10:51: Train Epoch 1: 1560/1641 Loss: 0.106091
2026-08-23 10:51: Train Epoch 1: 1580/1641 Loss: 0.117499
2026-08-23 10:51: Train Epoch 1: 1600/1641 Loss: 0.105288
2026-08-23 10:51: Train Epoch 1: 1620/1641 Loss: 0.130466
2026-08-23 10:51: Train Epoch 1: 1640/1641 Loss: 0.150666
2026-08-23 10:51: **********Train Epoch 1: averaged Loss: 0.118711, tf_ratio: 1.000000
2026-08-23 10:51: **********Val Epoch 1: average Loss: 0.137211
2026-08-23 10:51: *********************************Current best model saved!
2026-08-23 10:51: Train Epoch 2: 0/1641 Loss: 0.066510
2026-08-23 10:51: Train Epoch 2: 20/1641 Loss: 0.099981
2026-08-23 10:51: Train Epoch 2: 40/1641 Loss: 0.070200
2026-08-23 10:51: Train Epoch 2: 60/1641 Loss: 0.070523
2026-08-23 10:51: Train Epoch 2: 80/1641 Loss: 0.116620
2026-08-23 10:51: Train Epoch 2: 100/1641 Loss: 0.096196
2026-08-23 10:51: Train Epoch 2: 120/1641 Loss: 0.091806
2026-08-23 10:51: Train Epoch 2: 140/1641 Loss: 0.104342
2026-08-23 10:51: Train Epoch 2: 160/1641 Loss: 0.114418
2026-08-23 10:51: Train Epoch 2: 180/1641 Loss: 0.078830
2026-08-23 10:52: Train Epoch 2: 200/1641 Loss: 0.106161
2026-08-23 10:52: Train Epoch 2: 220/1641 Loss: 0.109578
2026-08-23 10:52: Train Epoch 2: 240/1641 Loss: 0.105524
2026-08-23 10:52: Train Epoch 2: 260/1641 Loss: 0.064453
2026-08-23 10:52: Train Epoch 2: 280/1641 Loss: 0.122942
2026-08-23 10:52: Train Epoch 2: 300/1641 Loss: 0.098315
2026-08-23 10:52: Train Epoch 2: 320/1641 Loss: 0.093892
2026-08-23 10:52: Train Epoch 2: 340/1641 Loss: 0.061917
2026-08-23 10:52: Train Epoch 2: 360/1641 Loss: 0.046183
2026-08-23 10:52: Train Epoch 2: 380/1641 Loss: 0.135237
2026-08-23 10:52: Train Epoch 2: 400/1641 Loss: 0.103155
2026-08-23 10:52: Train Epoch 2: 420/1641 Loss: 0.107740
2026-08-23 10:52: Train Epoch 2: 440/1641 Loss: 0.092779
2026-08-23 10:52: Train Epoch 2: 460/1641 Loss: 0.077148
2026-08-23 10:52: Train Epoch 2: 480/1641 Loss: 0.114027
2026-08-23 10:52: Train Epoch 2: 500/1641 Loss: 0.106918
2026-08-23 10:52: Train Epoch 2: 520/1641 Loss: 0.109833
2026-08-23 10:52: Train Epoch 2: 540/1641 Loss: 0.073715
2026-08-23 10:52: Train Epoch 2: 560/1641 Loss: 0.082890
2026-08-23 10:52: Train Epoch 2: 580/1641 Loss: 0.104896
2026-08-23 10:52: Train Epoch 2: 600/1641 Loss: 0.074434
2026-08-23 10:52: Train Epoch 2: 620/1641 Loss: 0.163452
2026-08-23 10:53: Train Epoch 2: 640/1641 Loss: 0.158133
2026-08-23 10:53: Train Epoch 2: 660/1641 Loss: 0.093858
2026-08-23 10:53: Train Epoch 2: 680/1641 Loss: 0.107501
2026-08-23 10:53: Train Epoch 2: 700/1641 Loss: 0.086388
2026-08-23 10:53: Train Epoch 2: 720/1641 Loss: 0.054260
2026-08-23 10:53: Train Epoch 2: 740/1641 Loss: 0.112579
2026-08-23 10:53: Train Epoch 2: 760/1641 Loss: 0.100748
2026-08-23 10:53: Train Epoch 2: 780/1641 Loss: 0.099349
2026-08-23 10:53: Train Epoch 2: 800/1641 Loss: 0.090511
2026-08-23 10:53: Train Epoch 2: 820/1641 Loss: 0.150696
2026-08-23 10:53: Train Epoch 2: 840/1641 Loss: 0.131555
2026-08-23 10:53: Train Epoch 2: 860/1641 Loss: 0.132666
2026-08-23 10:53: Train Epoch 2: 880/1641 Loss: 0.102390
2026-08-23 10:53: Train Epoch 2: 900/1641 Loss: 0.074956
2026-08-23 10:53: Train Epoch 2: 920/1641 Loss: 0.069900
2026-08-23 10:53: Train Epoch 2: 940/1641 Loss: 0.090864
2026-08-23 10:53: Train Epoch 2: 960/1641 Loss: 0.101323
2026-08-23 10:53: Train Epoch 2: 980/1641 Loss: 0.087206
2026-08-23 10:53: Train Epoch 2: 1000/1641 Loss: 0.050101
2026-08-23 10:53: Train Epoch 2: 1020/1641 Loss: 0.121195
2026-08-23 10:53: Train Epoch 2: 1040/1641 Loss: 0.069599
2026-08-23 10:53: Train Epoch 2: 1060/1641 Loss: 0.101372
2026-08-23 10:53: Train Epoch 2: 1080/1641 Loss: 0.068787
2026-08-23 10:54: Train Epoch 2: 1100/1641 Loss: 0.125870
2026-08-23 10:54: Train Epoch 2: 1120/1641 Loss: 0.091930
2026-08-23 10:54: Train Epoch 2: 1140/1641 Loss: 0.100322
2026-08-23 10:54: Train Epoch 2: 1160/1641 Loss: 0.070172
2026-08-23 10:54: Train Epoch 2: 1180/1641 Loss: 0.084621
2026-08-23 10:54: Train Epoch 2: 1200/1641 Loss: 0.071096
2026-08-23 10:54: Train Epoch 2: 1220/1641 Loss: 0.110005
2026-08-23 10:54: Train Epoch 2: 1240/1641 Loss: 0.074074
2026-08-23 10:54: Train Epoch 2: 1260/1641 Loss: 0.089911
2026-08-23 10:54: Train Epoch 2: 1280/1641 Loss: 0.082793
2026-08-23 10:54: Train Epoch 2: 1300/1641 Loss: 0.068479
2026-08-23 10:54: Train Epoch 2: 1320/1641 Loss: 0.134776
2026-08-23 10:54: Train Epoch 2: 1340/1641 Loss: 0.117641
2026-08-23 10:54: Train Epoch 2: 1360/1641 Loss: 0.085539
2026-08-23 10:54: Train Epoch 2: 1380/1641 Loss: 0.096285
2026-08-23 10:54: Train Epoch 2: 1400/1641 Loss: 0.115860
2026-08-23 10:54: Train Epoch 2: 1420/1641 Loss: 0.087165
2026-08-23 10:54: Train Epoch 2: 1440/1641 Loss: 0.147560
2026-08-23 10:54: Train Epoch 2: 1460/1641 Loss: 0.160389
2026-08-23 10:54: Train Epoch 2: 1480/1641 Loss: 0.132772
2026-08-23 10:54: Train Epoch 2: 1500/1641 Loss: 0.075909
2026-08-23 10:54: Train Epoch 2: 1520/1641 Loss: 0.131957
2026-08-23 10:55: Train Epoch 2: 1540/1641 Loss: 0.062313
2026-08-23 10:55: Train Epoch 2: 1560/1641 Loss: 0.103382
2026-08-23 10:55: Train Epoch 2: 1580/1641 Loss: 0.083629
2026-08-23 10:55: Train Epoch 2: 1600/1641 Loss: 0.057012
2026-08-23 10:55: Train Epoch 2: 1620/1641 Loss: 0.133052
2026-08-23 10:55: Train Epoch 2: 1640/1641 Loss: 0.101292
2026-08-23 10:55: **********Train Epoch 2: averaged Loss: 0.101499, tf_ratio: 1.000000
2026-08-23 10:55: **********Val Epoch 2: average Loss: 0.137076
2026-08-23 10:55: *********************************Current best model saved!
2026-08-23 10:55: Train Epoch 3: 0/1641 Loss: 0.095303
2026-08-23 10:55: Train Epoch 3: 20/1641 Loss: 0.086319
2026-08-23 10:55: Train Epoch 3: 40/1641 Loss: 0.096720
2026-08-23 10:55: Train Epoch 3: 60/1641 Loss: 0.087874
2026-08-23 10:55: Train Epoch 3: 80/1641 Loss: 0.092796
2026-08-23 10:55: Train Epoch 3: 100/1641 Loss: 0.115635
2026-08-23 10:55: Train Epoch 3: 120/1641 Loss: 0.086614
2026-08-23 10:55: Train Epoch 3: 140/1641 Loss: 0.117947
2026-08-23 10:55: Train Epoch 3: 160/1641 Loss: 0.134116
2026-08-23 10:56: Train Epoch 3: 180/1641 Loss: 0.079863
2026-08-23 10:56: Train Epoch 3: 200/1641 Loss: 0.069400
2026-08-23 10:56: Train Epoch 3: 220/1641 Loss: 0.070330
2026-08-23 10:56: Train Epoch 3: 240/1641 Loss: 0.106594
2026-08-23 10:56: Train Epoch 3: 260/1641 Loss: 0.129660
2026-08-23 10:56: Train Epoch 3: 280/1641 Loss: 0.080411
2026-08-23 10:56: Train Epoch 3: 300/1641 Loss: 0.139272
2026-08-23 10:56: Train Epoch 3: 320/1641 Loss: 0.110099
2026-08-23 10:56: Train Epoch 3: 340/1641 Loss: 0.087846
2026-08-23 10:56: Train Epoch 3: 360/1641 Loss: 0.065128
2026-08-23 10:56: Train Epoch 3: 380/1641 Loss: 0.110707
2026-08-23 10:56: Train Epoch 3: 400/1641 Loss: 0.087656
2026-08-23 10:56: Train Epoch 3: 420/1641 Loss: 0.130668
2026-08-23 10:56: Train Epoch 3: 440/1641 Loss: 0.119802
2026-08-23 10:56: Train Epoch 3: 460/1641 Loss: 0.081559
2026-08-23 10:56: Train Epoch 3: 480/1641 Loss: 0.115435
2026-08-23 10:56: Train Epoch 3: 500/1641 Loss: 0.107424
2026-08-23 10:56: Train Epoch 3: 520/1641 Loss: 0.110415
2026-08-23 10:56: Train Epoch 3: 540/1641 Loss: 0.088596
2026-08-23 10:56: Train Epoch 3: 560/1641 Loss: 0.126176
2026-08-23 10:56: Train Epoch 3: 580/1641 Loss: 0.078071
2026-08-23 10:56: Train Epoch 3: 600/1641 Loss: 0.125365
2026-08-23 10:57: Train Epoch 3: 620/1641 Loss: 0.116699
2026-08-23 10:57: Train Epoch 3: 640/1641 Loss: 0.101165
2026-08-23 10:57: Train Epoch 3: 660/1641 Loss: 0.091198
2026-08-23 10:57: Train Epoch 3: 680/1641 Loss: 0.061478
2026-08-23 10:57: Train Epoch 3: 700/1641 Loss: 0.066284
2026-08-23 10:57: Train Epoch 3: 720/1641 Loss: 0.117847
2026-08-23 10:57: Train Epoch 3: 740/1641 Loss: 0.105193
2026-08-23 10:57: Train Epoch 3: 760/1641 Loss: 0.141384
2026-08-23 10:57: Train Epoch 3: 780/1641 Loss: 0.055897
2026-08-23 10:57: Train Epoch 3: 800/1641 Loss: 0.123620
2026-08-23 10:57: Train Epoch 3: 820/1641 Loss: 0.084165
2026-08-23 10:57: Train Epoch 3: 840/1641 Loss: 0.112633
2026-08-23 10:57: Train Epoch 3: 860/1641 Loss: 0.054442
2026-08-23 10:57: Train Epoch 3: 880/1641 Loss: 0.070177
2026-08-23 10:57: Train Epoch 3: 900/1641 Loss: 0.120396
2026-08-23 10:57: Train Epoch 3: 920/1641 Loss: 0.084081
2026-08-23 10:57: Train Epoch 3: 940/1641 Loss: 0.158273
2026-08-23 10:57: Train Epoch 3: 960/1641 Loss: 0.079456
2026-08-23 10:57: Train Epoch 3: 980/1641 Loss: 0.148151
2026-08-23 10:57: Train Epoch 3: 1000/1641 Loss: 0.105727
2026-08-23 10:57: Train Epoch 3: 1020/1641 Loss: 0.091341
2026-08-23 10:58: Train Epoch 3: 1040/1641 Loss: 0.078415
2026-08-23 10:58: Train Epoch 3: 1060/1641 Loss: 0.121656
2026-08-23 10:58: Train Epoch 3: 1080/1641 Loss: 0.109553
2026-08-23 10:58: Train Epoch 3: 1100/1641 Loss: 0.073293
2026-08-23 10:58: Train Epoch 3: 1120/1641 Loss: 0.083523
2026-08-23 10:58: Train Epoch 3: 1140/1641 Loss: 0.116838
2026-08-23 10:58: Train Epoch 3: 1160/1641 Loss: 0.072149
2026-08-23 10:58: Train Epoch 3: 1180/1641 Loss: 0.127949
2026-08-23 10:58: Train Epoch 3: 1200/1641 Loss: 0.085233
2026-08-23 10:58: Train Epoch 3: 1220/1641 Loss: 0.089064
2026-08-23 10:58: Train Epoch 3: 1240/1641 Loss: 0.150709
2026-08-23 10:58: Train Epoch 3: 1260/1641 Loss: 0.106676
2026-08-23 10:58: Train Epoch 3: 1280/1641 Loss: 0.091303
2026-08-23 10:58: Train Epoch 3: 1300/1641 Loss: 0.110451
2026-08-23 10:58: Train Epoch 3: 1320/1641 Loss: 0.063076
2026-08-23 10:58: Train Epoch 3: 1340/1641 Loss: 0.082047
2026-08-23 10:58: Train Epoch 3: 1360/1641 Loss: 0.139029
2026-08-23 10:58: Train Epoch 3: 1380/1641 Loss: 0.109540
2026-08-23 10:58: Train Epoch 3: 1400/1641 Loss: 0.127892
2026-08-23 10:58: Train Epoch 3: 1420/1641 Loss: 0.125641
2026-08-23 10:58: Train Epoch 3: 1440/1641 Loss: 0.083696
2026-08-23 10:58: Train Epoch 3: 1460/1641 Loss: 0.176455
2026-08-23 10:59: Train Epoch 3: 1480/1641 Loss: 0.094913
2026-08-23 10:59: Train Epoch 3: 1500/1641 Loss: 0.094931
2026-08-23 10:59: Train Epoch 3: 1520/1641 Loss: 0.103150
2026-08-23 10:59: Train Epoch 3: 1540/1641 Loss: 0.110953
2026-08-23 10:59: Train Epoch 3: 1560/1641 Loss: 0.116397
2026-08-23 10:59: Train Epoch 3: 1580/1641 Loss: 0.080569
2026-08-23 10:59: Train Epoch 3: 1600/1641 Loss: 0.082255
2026-08-23 10:59: Train Epoch 3: 1620/1641 Loss: 0.112826
2026-08-23 10:59: Train Epoch 3: 1640/1641 Loss: 0.115241
2026-08-23 10:59: **********Train Epoch 3: averaged Loss: 0.101534, tf_ratio: 1.000000
2026-08-23 10:59: **********Val Epoch 3: average Loss: 0.137054
2026-08-23 10:59: *********************************Current best model saved!
2026-08-23 10:59: Train Epoch 4: 0/1641 Loss: 0.125484
2026-08-23 10:59: Train Epoch 4: 20/1641 Loss: 0.083751
2026-08-23 10:59: Train Epoch 4: 40/1641 Loss: 0.097355
2026-08-23 10:59: Train Epoch 4: 60/1641 Loss: 0.108631
2026-08-23 10:59: Train Epoch 4: 80/1641 Loss: 0.087902
2026-08-23 11:00: Train Epoch 4: 100/1641 Loss: 0.112664
2026-08-23 11:00: Train Epoch 4: 120/1641 Loss: 0.146750
2026-08-23 11:00: Train Epoch 4: 140/1641 Loss: 0.165525
2026-08-23 11:00: Train Epoch 4: 160/1641 Loss: 0.095789
2026-08-23 11:00: Train Epoch 4: 180/1641 Loss: 0.141513
2026-08-23 11:00: Train Epoch 4: 200/1641 Loss: 0.134163
2026-08-23 11:00: Train Epoch 4: 220/1641 Loss: 0.120354
2026-08-23 11:00: Train Epoch 4: 240/1641 Loss: 0.137381
2026-08-23 11:00: Train Epoch 4: 260/1641 Loss: 0.109586
2026-08-23 11:00: Train Epoch 4: 280/1641 Loss: 0.112492
2026-08-23 11:00: Train Epoch 4: 300/1641 Loss: 0.113364
2026-08-23 11:00: Train Epoch 4: 320/1641 Loss: 0.100432
2026-08-23 11:00: Train Epoch 4: 340/1641 Loss: 0.093931
2026-08-23 11:00: Train Epoch 4: 360/1641 Loss: 0.147937
2026-08-23 11:00: Train Epoch 4: 380/1641 Loss: 0.056857
2026-08-23 11:00: Train Epoch 4: 400/1641 Loss: 0.084134
2026-08-23 11:00: Train Epoch 4: 420/1641 Loss: 0.126623
2026-08-23 11:00: Train Epoch 4: 440/1641 Loss: 0.111211
2026-08-23 11:00: Train Epoch 4: 460/1641 Loss: 0.135086
2026-08-23 11:00: Train Epoch 4: 480/1641 Loss: 0.120673
2026-08-23 11:00: Train Epoch 4: 500/1641 Loss: 0.081853
2026-08-23 11:01: Train Epoch 4: 520/1641 Loss: 0.064714
2026-08-23 11:01: Train Epoch 4: 540/1641 Loss: 0.072496
2026-08-23 11:01: Train Epoch 4: 560/1641 Loss: 0.138211
2026-08-23 11:01: Train Epoch 4: 580/1641 Loss: 0.086204
2026-08-23 11:01: Train Epoch 4: 600/1641 Loss: 0.139827
2026-08-23 11:01: Train Epoch 4: 620/1641 Loss: 0.068942
2026-08-23 11:01: Train Epoch 4: 640/1641 Loss: 0.061371
2026-08-23 11:01: Train Epoch 4: 660/1641 Loss: 0.064930
2026-08-23 11:01: Train Epoch 4: 680/1641 Loss: 0.075075
2026-08-23 11:01: Train Epoch 4: 700/1641 Loss: 0.122575
2026-08-23 11:01: Train Epoch 4: 720/1641 Loss: 0.101604
2026-08-23 11:01: Train Epoch 4: 740/1641 Loss: 0.084618
2026-08-23 11:01: Train Epoch 4: 760/1641 Loss: 0.105461
2026-08-23 11:01: Train Epoch 4: 780/1641 Loss: 0.126960
2026-08-23 11:01: Train Epoch 4: 800/1641 Loss: 0.116261
2026-08-23 11:01: Train Epoch 4: 820/1641 Loss: 0.103848
2026-08-23 11:01: Train Epoch 4: 840/1641 Loss: 0.086320
2026-08-23 11:01: Train Epoch 4: 860/1641 Loss: 0.093087
2026-08-23 11:01: Train Epoch 4: 880/1641 Loss: 0.133059
2026-08-23 11:01: Train Epoch 4: 900/1641 Loss: 0.087537
2026-08-23 11:01: Train Epoch 4: 920/1641 Loss: 0.054517
2026-08-23 11:02: Train Epoch 4: 940/1641 Loss: 0.090524
2026-08-23 11:02: Train Epoch 4: 960/1641 Loss: 0.074745
2026-08-23 11:02: Train Epoch 4: 980/1641 Loss: 0.087648
2026-08-23 11:02: Train Epoch 4: 1000/1641 Loss: 0.098810
2026-08-23 11:02: Train Epoch 4: 1020/1641 Loss: 0.155318
2026-08-23 11:02: Train Epoch 4: 1040/1641 Loss: 0.102264
2026-08-23 11:02: Train Epoch 4: 1060/1641 Loss: 0.077279
2026-08-23 11:02: Train Epoch 4: 1080/1641 Loss: 0.110381
2026-08-23 11:02: Train Epoch 4: 1100/1641 Loss: 0.055972
2026-08-23 11:02: Train Epoch 4: 1120/1641 Loss: 0.078732
2026-08-23 11:02: Train Epoch 4: 1140/1641 Loss: 0.082018
2026-08-23 11:02: Train Epoch 4: 1160/1641 Loss: 0.118261
2026-08-23 11:02: Train Epoch 4: 1180/1641 Loss: 0.086178
2026-08-23 11:02: Train Epoch 4: 1200/1641 Loss: 0.076810
2026-08-23 11:02: Train Epoch 4: 1220/1641 Loss: 0.126695
2026-08-23 11:02: Train Epoch 4: 1240/1641 Loss: 0.089205
2026-08-23 11:02: Train Epoch 4: 1260/1641 Loss: 0.089581
2026-08-23 11:02: Train Epoch 4: 1280/1641 Loss: 0.134832
2026-08-23 11:02: Train Epoch 4: 1300/1641 Loss: 0.121895
2026-08-23 11:02: Train Epoch 4: 1320/1641 Loss: 0.110432
2026-08-23 11:02: Train Epoch 4: 1340/1641 Loss: 0.069904
2026-08-23 11:02: Train Epoch 4: 1360/1641 Loss: 0.123304
2026-08-23 11:03: Train Epoch 4: 1380/1641 Loss: 0.151435
2026-08-23 11:03: Train Epoch 4: 1400/1641 Loss: 0.130165
2026-08-23 11:03: Train Epoch 4: 1420/1641 Loss: 0.120721
2026-08-23 11:03: Train Epoch 4: 1440/1641 Loss: 0.076015
2026-08-23 11:03: Train Epoch 4: 1460/1641 Loss: 0.113942
2026-08-23 11:03: Train Epoch 4: 1480/1641 Loss: 0.108940
2026-08-23 11:03: Train Epoch 4: 1500/1641 Loss: 0.094504
2026-08-23 11:03: Train Epoch 4: 1520/1641 Loss: 0.127505
2026-08-23 11:03: Train Epoch 4: 1540/1641 Loss: 0.086309
2026-08-23 11:03: Train Epoch 4: 1560/1641 Loss: 0.087234
2026-08-23 11:03: Train Epoch 4: 1580/1641 Loss: 0.102136
2026-08-23 11:03: Train Epoch 4: 1600/1641 Loss: 0.060904
2026-08-23 11:03: Train Epoch 4: 1620/1641 Loss: 0.095061
2026-08-23 11:03: Train Epoch 4: 1640/1641 Loss: 0.118699
2026-08-23 11:03: **********Train Epoch 4: averaged Loss: 0.101545, tf_ratio: 1.000000
2026-08-23 11:04: **********Val Epoch 4: average Loss: 0.137311
2026-08-23 11:04: Train Epoch 5: 0/1641 Loss: 0.098169
2026-08-23 11:04: Train Epoch 5: 20/1641 Loss: 0.117221
2026-08-23 11:04: Train Epoch 5: 40/1641 Loss: 0.092357
2026-08-23 11:04: Train Epoch 5: 60/1641 Loss: 0.078732
2026-08-23 11:04: Train Epoch 5: 80/1641 Loss: 0.089822
2026-08-23 11:04: Train Epoch 5: 100/1641 Loss: 0.090179
2026-08-23 11:04: Train Epoch 5: 120/1641 Loss: 0.149857
2026-08-23 11:04: Train Epoch 5: 140/1641 Loss: 0.107261
2026-08-23 11:04: Train Epoch 5: 160/1641 Loss: 0.125114
2026-08-23 11:04: Train Epoch 5: 180/1641 Loss: 0.113739
2026-08-23 11:04: Train Epoch 5: 200/1641 Loss: 0.062360
2026-08-23 11:04: Train Epoch 5: 220/1641 Loss: 0.098050
2026-08-23 11:04: Train Epoch 5: 240/1641 Loss: 0.092675
2026-08-23 11:04: Train Epoch 5: 260/1641 Loss: 0.067840
2026-08-23 11:04: Train Epoch 5: 280/1641 Loss: 0.108504
2026-08-23 11:04: Train Epoch 5: 300/1641 Loss: 0.094738
2026-08-23 11:04: Train Epoch 5: 320/1641 Loss: 0.062079
2026-08-23 11:04: Train Epoch 5: 340/1641 Loss: 0.115382
2026-08-23 11:04: Train Epoch 5: 360/1641 Loss: 0.069665
2026-08-23 11:04: Train Epoch 5: 380/1641 Loss: 0.089351
2026-08-23 11:04: Train Epoch 5: 400/1641 Loss: 0.106544
2026-08-23 11:05: Train Epoch 5: 420/1641 Loss: 0.068587
2026-08-23 11:05: Train Epoch 5: 440/1641 Loss: 0.064872
2026-08-23 11:05: Train Epoch 5: 460/1641 Loss: 0.066886
2026-08-23 11:05: Train Epoch 5: 480/1641 Loss: 0.118932
2026-08-23 11:05: Train Epoch 5: 500/1641 Loss: 0.141660
2026-08-23 11:05: Train Epoch 5: 520/1641 Loss: 0.098755
2026-08-23 11:05: Train Epoch 5: 540/1641 Loss: 0.119427
2026-08-23 11:05: Train Epoch 5: 560/1641 Loss: 0.121517
2026-08-23 11:05: Train Epoch 5: 580/1641 Loss: 0.116277
2026-08-23 11:05: Train Epoch 5: 600/1641 Loss: 0.110976
2026-08-23 11:05: Train Epoch 5: 620/1641 Loss: 0.061499
2026-08-23 11:05: Train Epoch 5: 640/1641 Loss: 0.116633
2026-08-23 11:05: Train Epoch 5: 660/1641 Loss: 0.096812
2026-08-23 11:05: Train Epoch 5: 680/1641 Loss: 0.092403
2026-08-23 11:05: Train Epoch 5: 700/1641 Loss: 0.137409
2026-08-23 11:05: Train Epoch 5: 720/1641 Loss: 0.104919
2026-08-23 11:05: Train Epoch 5: 740/1641 Loss: 0.104266
2026-08-23 11:05: Train Epoch 5: 760/1641 Loss: 0.105922
2026-08-23 11:05: Train Epoch 5: 780/1641 Loss: 0.110397
2026-08-23 11:05: Train Epoch 5: 800/1641 Loss: 0.090771
2026-08-23 11:05: Train Epoch 5: 820/1641 Loss: 0.090045
2026-08-23 11:05: Train Epoch 5: 840/1641 Loss: 0.129378
2026-08-23 11:06: Train Epoch 5: 860/1641 Loss: 0.108528
2026-08-23 11:06: Train Epoch 5: 880/1641 Loss: 0.101127
2026-08-23 11:06: Train Epoch 5: 900/1641 Loss: 0.096285
2026-08-23 11:06: Train Epoch 5: 920/1641 Loss: 0.137723
2026-08-23 11:06: Train Epoch 5: 940/1641 Loss: 0.088915
2026-08-23 11:06: Train Epoch 5: 960/1641 Loss: 0.149072
2026-08-23 11:06: Train Epoch 5: 980/1641 Loss: 0.123311
2026-08-23 11:06: Train Epoch 5: 1000/1641 Loss: 0.072868
2026-08-23 11:06: Train Epoch 5: 1020/1641 Loss: 0.153137
2026-08-23 11:06: Train Epoch 5: 1040/1641 Loss: 0.104574
2026-08-23 11:06: Train Epoch 5: 1060/1641 Loss: 0.122365
2026-08-23 11:06: Train Epoch 5: 1080/1641 Loss: 0.113607
2026-08-23 11:06: Train Epoch 5: 1100/1641 Loss: 0.096176
2026-08-23 11:06: Train Epoch 5: 1120/1641 Loss: 0.082280
2026-08-23 11:06: Train Epoch 5: 1140/1641 Loss: 0.079331
2026-08-23 11:06: Train Epoch 5: 1160/1641 Loss: 0.069592
2026-08-23 11:06: Train Epoch 5: 1180/1641 Loss: 0.072567
2026-08-23 11:06: Train Epoch 5: 1200/1641 Loss: 0.065259
2026-08-23 11:06: Train Epoch 5: 1220/1641 Loss: 0.086988
2026-08-23 11:06: Train Epoch 5: 1240/1641 Loss: 0.163153
2026-08-23 11:06: Train Epoch 5: 1260/1641 Loss: 0.116336
2026-08-23 11:07: Train Epoch 5: 1280/1641 Loss: 0.122894
2026-08-23 11:07: Train Epoch 5: 1300/1641 Loss: 0.119074
2026-08-23 11:07: Train Epoch 5: 1320/1641 Loss: 0.113764
2026-08-23 11:07: Train Epoch 5: 1340/1641 Loss: 0.094594
2026-08-23 11:07: Train Epoch 5: 1360/1641 Loss: 0.123553
2026-08-23 11:07: Train Epoch 5: 1380/1641 Loss: 0.173896
2026-08-23 11:07: Train Epoch 5: 1400/1641 Loss: 0.091982
2026-08-23 11:07: Train Epoch 5: 1420/1641 Loss: 0.113213
2026-08-23 11:07: Train Epoch 5: 1440/1641 Loss: 0.110984
2026-08-23 11:07: Train Epoch 5: 1460/1641 Loss: 0.100860
2026-08-23 11:07: Train Epoch 5: 1480/1641 Loss: 0.144631
2026-08-23 11:07: Train Epoch 5: 1500/1641 Loss: 0.106487
2026-08-23 11:07: Train Epoch 5: 1520/1641 Loss: 0.122835
2026-08-23 11:07: Train Epoch 5: 1540/1641 Loss: 0.066879
2026-08-23 11:07: Train Epoch 5: 1560/1641 Loss: 0.131478
2026-08-23 11:07: Train Epoch 5: 1580/1641 Loss: 0.101250
2026-08-23 11:07: Train Epoch 5: 1600/1641 Loss: 0.062570
2026-08-23 11:07: Train Epoch 5: 1620/1641 Loss: 0.104782
2026-08-23 11:07: Train Epoch 5: 1640/1641 Loss: 0.141733
2026-08-23 11:07: **********Train Epoch 5: averaged Loss: 0.101590, tf_ratio: 1.000000
2026-08-23 11:08: **********Val Epoch 5: average Loss: 0.137034
2026-08-23 11:08: *********************************Current best model saved!
2026-08-23 11:08: Train Epoch 6: 0/1641 Loss: 0.118039
2026-08-23 11:08: Train Epoch 6: 20/1641 Loss: 0.079270
2026-08-23 11:08: Train Epoch 6: 40/1641 Loss: 0.074304
2026-08-23 11:08: Train Epoch 6: 60/1641 Loss: 0.115641
2026-08-23 11:08: Train Epoch 6: 80/1641 Loss: 0.073073
2026-08-23 11:08: Train Epoch 6: 100/1641 Loss: 0.085576
2026-08-23 11:08: Train Epoch 6: 120/1641 Loss: 0.099517
2026-08-23 11:08: Train Epoch 6: 140/1641 Loss: 0.074103
2026-08-23 11:08: Train Epoch 6: 160/1641 Loss: 0.111199
2026-08-23 11:08: Train Epoch 6: 180/1641 Loss: 0.055627
2026-08-23 11:08: Train Epoch 6: 200/1641 Loss: 0.086824
2026-08-23 11:08: Train Epoch 6: 220/1641 Loss: 0.153539
2026-08-23 11:08: Train Epoch 6: 240/1641 Loss: 0.099913
2026-08-23 11:08: Train Epoch 6: 260/1641 Loss: 0.108891
2026-08-23 11:08: Train Epoch 6: 280/1641 Loss: 0.105126
2026-08-23 11:08: Train Epoch 6: 300/1641 Loss: 0.112829
2026-08-23 11:08: Train Epoch 6: 320/1641 Loss: 0.104216
2026-08-23 11:09: Train Epoch 6: 340/1641 Loss: 0.075613
2026-08-23 11:09: Train Epoch 6: 360/1641 Loss: 0.074602
2026-08-23 11:09: Train Epoch 6: 380/1641 Loss: 0.144236
2026-08-23 11:09: Train Epoch 6: 400/1641 Loss: 0.107305
2026-08-23 11:09: Train Epoch 6: 420/1641 Loss: 0.105389
2026-08-23 11:09: Train Epoch 6: 440/1641 Loss: 0.102660
2026-08-23 11:09: Train Epoch 6: 460/1641 Loss: 0.062537
2026-08-23 11:09: Train Epoch 6: 480/1641 Loss: 0.082617
2026-08-23 11:09: Train Epoch 6: 500/1641 Loss: 0.055248
2026-08-23 11:09: Train Epoch 6: 520/1641 Loss: 0.090573
2026-08-23 11:09: Train Epoch 6: 540/1641 Loss: 0.088596
2026-08-23 11:09: Train Epoch 6: 560/1641 Loss: 0.112227
2026-08-23 11:09: Train Epoch 6: 580/1641 Loss: 0.092648
2026-08-23 11:09: Train Epoch 6: 600/1641 Loss: 0.114472
2026-08-23 11:09: Train Epoch 6: 620/1641 Loss: 0.127526
2026-08-23 11:09: Train Epoch 6: 640/1641 Loss: 0.134145
2026-08-23 11:09: Train Epoch 6: 660/1641 Loss: 0.105404
2026-08-23 11:09: Train Epoch 6: 680/1641 Loss: 0.078403
2026-08-23 11:09: Train Epoch 6: 700/1641 Loss: 0.152098
2026-08-23 11:09: Train Epoch 6: 720/1641 Loss: 0.063592
2026-08-23 11:09: Train Epoch 6: 740/1641 Loss: 0.082702
2026-08-23 11:10: Train Epoch 6: 760/1641 Loss: 0.085999
2026-08-23 11:10: Train Epoch 6: 780/1641 Loss: 0.153965
2026-08-23 11:10: Train Epoch 6: 800/1641 Loss: 0.053706
2026-08-23 11:10: Train Epoch 6: 820/1641 Loss: 0.084303
2026-08-23 11:10: Train Epoch 6: 840/1641 Loss: 0.093810
2026-08-23 11:10: Train Epoch 6: 860/1641 Loss: 0.113477
2026-08-23 11:10: Train Epoch 6: 880/1641 Loss: 0.120046
2026-08-23 11:10: Train Epoch 6: 900/1641 Loss: 0.107601
2026-08-23 11:10: Train Epoch 6: 920/1641 Loss: 0.115411
2026-08-23 11:10: Train Epoch 6: 940/1641 Loss: 0.111154
2026-08-23 11:10: Train Epoch 6: 960/1641 Loss: 0.112836
2026-08-23 11:10: Train Epoch 6: 980/1641 Loss: 0.077274
2026-08-23 11:10: Train Epoch 6: 1000/1641 Loss: 0.083409
2026-08-23 11:10: Train Epoch 6: 1020/1641 Loss: 0.094365
2026-08-23 11:10: Train Epoch 6: 1040/1641 Loss: 0.100024
2026-08-23 11:10: Train Epoch 6: 1060/1641 Loss: 0.085619
2026-08-23 11:10: Train Epoch 6: 1080/1641 Loss: 0.082229
2026-08-23 11:10: Train Epoch 6: 1100/1641 Loss: 0.093498
2026-08-23 11:10: Train Epoch 6: 1120/1641 Loss: 0.069934
2026-08-23 11:10: Train Epoch 6: 1140/1641 Loss: 0.077834
2026-08-23 11:10: Train Epoch 6: 1160/1641 Loss: 0.056323
2026-08-23 11:10: Train Epoch 6: 1180/1641 Loss: 0.114344
2026-08-23 11:11: Train Epoch 6: 1200/1641 Loss: 0.098106
2026-08-23 11:11: Train Epoch 6: 1220/1641 Loss: 0.077266
2026-08-23 11:11: Train Epoch 6: 1240/1641 Loss: 0.104190
2026-08-23 11:11: Train Epoch 6: 1260/1641 Loss: 0.088730
2026-08-23 11:11: Train Epoch 6: 1280/1641 Loss: 0.095800
2026-08-23 11:11: Train Epoch 6: 1300/1641 Loss: 0.149122
2026-08-23 11:11: Train Epoch 6: 1320/1641 Loss: 0.129726
2026-08-23 11:11: Train Epoch 6: 1340/1641 Loss: 0.096967
2026-08-23 11:11: Train Epoch 6: 1360/1641 Loss: 0.097278
2026-08-23 11:11: Train Epoch 6: 1380/1641 Loss: 0.078978
2026-08-23 11:11: Train Epoch 6: 1400/1641 Loss: 0.093182
2026-08-23 11:11: Train Epoch 6: 1420/1641 Loss: 0.083417
2026-08-23 11:11: Train Epoch 6: 1440/1641 Loss: 0.082623
2026-08-23 11:11: Train Epoch 6: 1460/1641 Loss: 0.068336
2026-08-23 11:11: Train Epoch 6: 1480/1641 Loss: 0.077428
2026-08-23 11:11: Train Epoch 6: 1500/1641 Loss: 0.091382
2026-08-23 11:11: Train Epoch 6: 1520/1641 Loss: 0.101416
2026-08-23 11:11: Train Epoch 6: 1540/1641 Loss: 0.060564
2026-08-23 11:11: Train Epoch 6: 1560/1641 Loss: 0.070589
2026-08-23 11:11: Train Epoch 6: 1580/1641 Loss: 0.127084
2026-08-23 11:12: Train Epoch 6: 1600/1641 Loss: 0.103814
2026-08-23 11:12: Train Epoch 6: 1620/1641 Loss: 0.076712
2026-08-23 11:12: Train Epoch 6: 1640/1641 Loss: 0.079015
2026-08-23 11:12: **********Train Epoch 6: averaged Loss: 0.101637, tf_ratio: 1.000000
2026-08-23 11:12: **********Val Epoch 6: average Loss: 0.137025
2026-08-23 11:12: *********************************Current best model saved!
2026-08-23 11:12: Train Epoch 7: 0/1641 Loss: 0.106612
2026-08-23 11:12: Train Epoch 7: 20/1641 Loss: 0.081004
2026-08-23 11:12: Train Epoch 7: 40/1641 Loss: 0.105021
2026-08-23 11:12: Train Epoch 7: 60/1641 Loss: 0.100371
2026-08-23 11:12: Train Epoch 7: 80/1641 Loss: 0.098963
2026-08-23 11:12: Train Epoch 7: 100/1641 Loss: 0.085761
2026-08-23 11:12: Train Epoch 7: 120/1641 Loss: 0.086817
2026-08-23 11:12: Train Epoch 7: 140/1641 Loss: 0.087283
2026-08-23 11:12: Train Epoch 7: 160/1641 Loss: 0.084682
2026-08-23 11:12: Train Epoch 7: 180/1641 Loss: 0.098195
2026-08-23 11:12: Train Epoch 7: 200/1641 Loss: 0.196224
2026-08-23 11:12: Train Epoch 7: 220/1641 Loss: 0.129579
2026-08-23 11:13: Train Epoch 7: 240/1641 Loss: 0.082624
2026-08-23 11:13: Train Epoch 7: 260/1641 Loss: 0.055029
2026-08-23 11:13: Train Epoch 7: 280/1641 Loss: 0.129350
2026-08-23 11:13: Train Epoch 7: 300/1641 Loss: 0.071300
2026-08-23 11:13: Train Epoch 7: 320/1641 Loss: 0.090158
2026-08-23 11:13: Train Epoch 7: 340/1641 Loss: 0.086754
2026-08-23 11:13: Train Epoch 7: 360/1641 Loss: 0.114037
2026-08-23 11:13: Train Epoch 7: 380/1641 Loss: 0.162277
2026-08-23 11:13: Train Epoch 7: 400/1641 Loss: 0.076477
2026-08-23 11:13: Train Epoch 7: 420/1641 Loss: 0.106568
2026-08-23 11:13: Train Epoch 7: 440/1641 Loss: 0.105855
2026-08-23 11:13: Train Epoch 7: 460/1641 Loss: 0.076810
2026-08-23 11:13: Train Epoch 7: 480/1641 Loss: 0.155977
2026-08-23 11:13: Train Epoch 7: 500/1641 Loss: 0.083668
2026-08-23 11:13: Train Epoch 7: 520/1641 Loss: 0.106749
2026-08-23 11:13: Train Epoch 7: 540/1641 Loss: 0.080456
2026-08-23 11:13: Train Epoch 7: 560/1641 Loss: 0.153224
2026-08-23 11:13: Train Epoch 7: 580/1641 Loss: 0.101475
2026-08-23 11:13: Train Epoch 7: 600/1641 Loss: 0.090320
2026-08-23 11:13: Train Epoch 7: 620/1641 Loss: 0.086941
2026-08-23 11:14: Train Epoch 7: 640/1641 Loss: 0.087894
2026-08-23 11:14: Train Epoch 7: 660/1641 Loss: 0.053387
2026-08-23 11:14: Train Epoch 7: 680/1641 Loss: 0.081534
2026-08-23 11:14: Train Epoch 7: 700/1641 Loss: 0.111564
2026-08-23 11:14: Train Epoch 7: 720/1641 Loss: 0.087726
2026-08-23 11:14: Train Epoch 7: 740/1641 Loss: 0.075613
2026-08-23 11:14: Train Epoch 7: 760/1641 Loss: 0.111011
2026-08-23 11:14: Train Epoch 7: 780/1641 Loss: 0.108836
2026-08-23 11:14: Train Epoch 7: 800/1641 Loss: 0.065887
2026-08-23 11:14: Train Epoch 7: 820/1641 Loss: 0.154205
2026-08-23 11:14: Train Epoch 7: 840/1641 Loss: 0.099798
2026-08-23 11:14: Train Epoch 7: 860/1641 Loss: 0.148679
2026-08-23 11:14: Train Epoch 7: 880/1641 Loss: 0.096634
2026-08-23 11:14: Train Epoch 7: 900/1641 Loss: 0.067273
2026-08-23 11:14: Train Epoch 7: 920/1641 Loss: 0.114153
2026-08-23 11:14: Train Epoch 7: 940/1641 Loss: 0.104357
2026-08-23 11:14: Train Epoch 7: 960/1641 Loss: 0.095226
2026-08-23 11:14: Train Epoch 7: 980/1641 Loss: 0.069993
2026-08-23 11:14: Train Epoch 7: 1000/1641 Loss: 0.124925
2026-08-23 11:14: Train Epoch 7: 1020/1641 Loss: 0.101368
2026-08-23 11:14: Train Epoch 7: 1040/1641 Loss: 0.132250
2026-08-23 11:15: Train Epoch 7: 1060/1641 Loss: 0.143292
2026-08-23 11:15: Train Epoch 7: 1080/1641 Loss: 0.094390
2026-08-23 11:15: Train Epoch 7: 1100/1641 Loss: 0.137802
2026-08-23 11:15: Train Epoch 7: 1120/1641 Loss: 0.125696
2026-08-23 11:15: Train Epoch 7: 1140/1641 Loss: 0.098269
2026-08-23 11:15: Train Epoch 7: 1160/1641 Loss: 0.148143
2026-08-23 11:15: Train Epoch 7: 1180/1641 Loss: 0.115825
2026-08-23 11:15: Train Epoch 7: 1200/1641 Loss: 0.098067
2026-08-23 11:15: Train Epoch 7: 1220/1641 Loss: 0.085556
2026-08-23 11:15: Train Epoch 7: 1240/1641 Loss: 0.114419
2026-08-23 11:15: Train Epoch 7: 1260/1641 Loss: 0.101630
2026-08-23 11:15: Train Epoch 7: 1280/1641 Loss: 0.125401
2026-08-23 11:15: Train Epoch 7: 1300/1641 Loss: 0.094858
2026-08-23 11:15: Train Epoch 7: 1320/1641 Loss: 0.082897
2026-08-23 11:15: Train Epoch 7: 1340/1641 Loss: 0.124075
2026-08-23 11:15: Train Epoch 7: 1360/1641 Loss: 0.109814
2026-08-23 11:15: Train Epoch 7: 1380/1641 Loss: 0.097235
2026-08-23 11:15: Train Epoch 7: 1400/1641 Loss: 0.084330
2026-08-23 11:15: Train Epoch 7: 1420/1641 Loss: 0.131980
2026-08-23 11:15: Train Epoch 7: 1440/1641 Loss: 0.156029
2026-08-23 11:15: Train Epoch 7: 1460/1641 Loss: 0.098352
2026-08-23 11:15: Train Epoch 7: 1480/1641 Loss: 0.095621
2026-08-23 11:16: Train Epoch 7: 1500/1641 Loss: 0.070828
2026-08-23 11:16: Train Epoch 7: 1520/1641 Loss: 0.093491
2026-08-23 11:16: Train Epoch 7: 1540/1641 Loss: 0.088469
2026-08-23 11:16: Train Epoch 7: 1560/1641 Loss: 0.073838
2026-08-23 11:16: Train Epoch 7: 1580/1641 Loss: 0.087339
2026-08-23 11:16: Train Epoch 7: 1600/1641 Loss: 0.130505
2026-08-23 11:16: Train Epoch 7: 1620/1641 Loss: 0.106874
2026-08-23 11:16: Train Epoch 7: 1640/1641 Loss: 0.097899
2026-08-23 11:16: **********Train Epoch 7: averaged Loss: 0.101605, tf_ratio: 1.000000
2026-08-23 11:16: **********Val Epoch 7: average Loss: 0.137622
2026-08-23 11:16: Train Epoch 8: 0/1641 Loss: 0.112233
2026-08-23 11:16: Train Epoch 8: 20/1641 Loss: 0.091927
2026-08-23 11:16: Train Epoch 8: 40/1641 Loss: 0.110999
2026-08-23 11:16: Train Epoch 8: 60/1641 Loss: 0.075587
2026-08-23 11:16: Train Epoch 8: 80/1641 Loss: 0.119158
2026-08-23 11:16: Train Epoch 8: 100/1641 Loss: 0.105890
2026-08-23 11:17: Train Epoch 8: 120/1641 Loss: 0.165419
2026-08-23 11:17: Train Epoch 8: 140/1641 Loss: 0.074453
2026-08-23 11:17: Train Epoch 8: 160/1641 Loss: 0.054670
2026-08-23 11:17: Train Epoch 8: 180/1641 Loss: 0.099765
2026-08-23 11:17: Train Epoch 8: 200/1641 Loss: 0.093513
2026-08-23 11:17: Train Epoch 8: 220/1641 Loss: 0.098032
2026-08-23 11:17: Train Epoch 8: 240/1641 Loss: 0.124030
2026-08-23 11:17: Train Epoch 8: 260/1641 Loss: 0.091697
2026-08-23 11:17: Train Epoch 8: 280/1641 Loss: 0.101991
2026-08-23 11:17: Train Epoch 8: 300/1641 Loss: 0.081189
2026-08-23 11:17: Train Epoch 8: 320/1641 Loss: 0.097275
2026-08-23 11:17: Train Epoch 8: 340/1641 Loss: 0.126022
2026-08-23 11:17: Train Epoch 8: 360/1641 Loss: 0.109642
2026-08-23 11:17: Train Epoch 8: 380/1641 Loss: 0.107548
2026-08-23 11:17: Train Epoch 8: 400/1641 Loss: 0.067334
2026-08-23 11:17: Train Epoch 8: 420/1641 Loss: 0.103479
2026-08-23 11:17: Train Epoch 8: 440/1641 Loss: 0.125195
2026-08-23 11:17: Train Epoch 8: 460/1641 Loss: 0.117107
2026-08-23 11:17: Train Epoch 8: 480/1641 Loss: 0.063110
2026-08-23 11:17: Train Epoch 8: 500/1641 Loss: 0.099135
2026-08-23 11:17: Train Epoch 8: 520/1641 Loss: 0.109439
2026-08-23 11:17: Train Epoch 8: 540/1641 Loss: 0.094213
2026-08-23 11:18: Train Epoch 8: 560/1641 Loss: 0.111690
2026-08-23 11:18: Train Epoch 8: 580/1641 Loss: 0.070873
2026-08-23 11:18: Train Epoch 8: 600/1641 Loss: 0.108150
2026-08-23 11:18: Train Epoch 8: 620/1641 Loss: 0.104953
2026-08-23 11:18: Train Epoch 8: 640/1641 Loss: 0.094089
2026-08-23 11:18: Train Epoch 8: 660/1641 Loss: 0.069485
2026-08-23 11:18: Train Epoch 8: 680/1641 Loss: 0.070254
2026-08-23 11:18: Train Epoch 8: 700/1641 Loss: 0.065798
2026-08-23 11:18: Train Epoch 8: 720/1641 Loss: 0.060310
2026-08-23 11:18: Train Epoch 8: 740/1641 Loss: 0.061164
2026-08-23 11:18: Train Epoch 8: 760/1641 Loss: 0.130629
2026-08-23 11:18: Train Epoch 8: 780/1641 Loss: 0.080737
2026-08-23 11:18: Train Epoch 8: 800/1641 Loss: 0.080140
2026-08-23 11:18: Train Epoch 8: 820/1641 Loss: 0.086202
2026-08-23 11:18: Train Epoch 8: 840/1641 Loss: 0.064499
2026-08-23 11:18: Train Epoch 8: 860/1641 Loss: 0.078499
2026-08-23 11:18: Train Epoch 8: 880/1641 Loss: 0.095947
2026-08-23 11:18: Train Epoch 8: 900/1641 Loss: 0.099727
2026-08-23 11:18: Train Epoch 8: 920/1641 Loss: 0.071469
2026-08-23 11:18: Train Epoch 8: 940/1641 Loss: 0.042998
2026-08-23 11:18: Train Epoch 8: 960/1641 Loss: 0.069724
2026-08-23 11:19: Train Epoch 8: 980/1641 Loss: 0.119831
2026-08-23 11:19: Train Epoch 8: 1000/1641 Loss: 0.087797
2026-08-23 11:19: Train Epoch 8: 1020/1641 Loss: 0.088449
2026-08-23 11:19: Train Epoch 8: 1040/1641 Loss: 0.100440
2026-08-23 11:19: Train Epoch 8: 1060/1641 Loss: 0.094702
2026-08-23 11:19: Train Epoch 8: 1080/1641 Loss: 0.113077
2026-08-23 11:19: Train Epoch 8: 1100/1641 Loss: 0.098605
2026-08-23 11:19: Train Epoch 8: 1120/1641 Loss: 0.104910
2026-08-23 11:19: Train Epoch 8: 1140/1641 Loss: 0.134681
2026-08-23 11:19: Train Epoch 8: 1160/1641 Loss: 0.081327
2026-08-23 11:19: Train Epoch 8: 1180/1641 Loss: 0.087393
2026-08-23 11:19: Train Epoch 8: 1200/1641 Loss: 0.095630
2026-08-23 11:19: Train Epoch 8: 1220/1641 Loss: 0.130573
2026-08-23 11:19: Train Epoch 8: 1240/1641 Loss: 0.081439
2026-08-23 11:19: Train Epoch 8: 1260/1641 Loss: 0.131629
2026-08-23 11:19: Train Epoch 8: 1280/1641 Loss: 0.073880
2026-08-23 11:19: Train Epoch 8: 1300/1641 Loss: 0.107095
2026-08-23 11:19: Train Epoch 8: 1320/1641 Loss: 0.129207
2026-08-23 11:19: Train Epoch 8: 1340/1641 Loss: 0.073626
2026-08-23 11:19: Train Epoch 8: 1360/1641 Loss: 0.058609
2026-08-23 11:19: Train Epoch 8: 1380/1641 Loss: 0.114081
2026-08-23 11:20: Train Epoch 8: 1400/1641 Loss: 0.180245
2026-08-23 11:20: Train Epoch 8: 1420/1641 Loss: 0.076528
2026-08-23 11:20: Train Epoch 8: 1440/1641 Loss: 0.123434
2026-08-23 11:20: Train Epoch 8: 1460/1641 Loss: 0.114350
2026-08-23 11:20: Train Epoch 8: 1480/1641 Loss: 0.122795
2026-08-23 11:20: Train Epoch 8: 1500/1641 Loss: 0.081836
2026-08-23 11:20: Train Epoch 8: 1520/1641 Loss: 0.104103
2026-08-23 11:20: Train Epoch 8: 1540/1641 Loss: 0.061747
2026-08-23 11:20: Train Epoch 8: 1560/1641 Loss: 0.104716
2026-08-23 11:20: Train Epoch 8: 1580/1641 Loss: 0.051392
2026-08-23 11:20: Train Epoch 8: 1600/1641 Loss: 0.167960
2026-08-23 11:20: Train Epoch 8: 1620/1641 Loss: 0.097056
2026-08-23 11:20: Train Epoch 8: 1640/1641 Loss: 0.066353
2026-08-23 11:20: **********Train Epoch 8: averaged Loss: 0.101631, tf_ratio: 1.000000
2026-08-23 11:20: **********Val Epoch 8: average Loss: 0.137284
2026-08-23 11:20: Train Epoch 9: 0/1641 Loss: 0.130434
2026-08-23 11:21: Train Epoch 9: 20/1641 Loss: 0.107233
2026-08-23 11:21: Train Epoch 9: 40/1641 Loss: 0.165283
2026-08-23 11:21: Train Epoch 9: 60/1641 Loss: 0.110273
2026-08-23 11:21: Train Epoch 9: 80/1641 Loss: 0.100707
2026-08-23 11:21: Train Epoch 9: 100/1641 Loss: 0.097177
2026-08-23 11:21: Train Epoch 9: 120/1641 Loss: 0.070145
2026-08-23 11:21: Train Epoch 9: 140/1641 Loss: 0.063618
2026-08-23 11:21: Train Epoch 9: 160/1641 Loss: 0.131599
2026-08-23 11:21: Train Epoch 9: 180/1641 Loss: 0.101795
2026-08-23 11:21: Train Epoch 9: 200/1641 Loss: 0.103116
2026-08-23 11:21: Train Epoch 9: 220/1641 Loss: 0.119486
2026-08-23 11:21: Train Epoch 9: 240/1641 Loss: 0.131115
2026-08-23 11:21: Train Epoch 9: 260/1641 Loss: 0.104397
2026-08-23 11:21: Train Epoch 9: 280/1641 Loss: 0.104656
2026-08-23 11:21: Train Epoch 9: 300/1641 Loss: 0.052435
2026-08-23 11:21: Train Epoch 9: 320/1641 Loss: 0.121550
2026-08-23 11:21: Train Epoch 9: 340/1641 Loss: 0.079065
2026-08-23 11:21: Train Epoch 9: 360/1641 Loss: 0.165455
2026-08-23 11:21: Train Epoch 9: 380/1641 Loss: 0.137878
2026-08-23 11:21: Train Epoch 9: 400/1641 Loss: 0.116408
2026-08-23 11:21: Train Epoch 9: 420/1641 Loss: 0.078302
2026-08-23 11:22: Train Epoch 9: 440/1641 Loss: 0.097526
2026-08-23 11:22: Train Epoch 9: 460/1641 Loss: 0.061335
2026-08-23 11:22: Train Epoch 9: 480/1641 Loss: 0.105475
2026-08-23 11:22: Train Epoch 9: 500/1641 Loss: 0.141365
2026-08-23 11:22: Train Epoch 9: 520/1641 Loss: 0.061960
2026-08-23 11:22: Train Epoch 9: 540/1641 Loss: 0.134710
2026-08-23 11:22: Train Epoch 9: 560/1641 Loss: 0.076157
2026-08-23 11:22: Train Epoch 9: 580/1641 Loss: 0.157027
2026-08-23 11:22: Train Epoch 9: 600/1641 Loss: 0.096379
2026-08-23 11:22: Train Epoch 9: 620/1641 Loss: 0.076386
2026-08-23 11:22: Train Epoch 9: 640/1641 Loss: 0.081470
2026-08-23 11:22: Train Epoch 9: 660/1641 Loss: 0.118258
2026-08-23 11:22: Train Epoch 9: 680/1641 Loss: 0.094378
2026-08-23 11:22: Train Epoch 9: 700/1641 Loss: 0.050938
2026-08-23 11:22: Train Epoch 9: 720/1641 Loss: 0.159021
2026-08-23 11:22: Train Epoch 9: 740/1641 Loss: 0.101124
2026-08-23 11:22: Train Epoch 9: 760/1641 Loss: 0.053661
2026-08-23 11:22: Train Epoch 9: 780/1641 Loss: 0.157311
2026-08-23 11:22: Train Epoch 9: 800/1641 Loss: 0.061591
2026-08-23 11:22: Train Epoch 9: 820/1641 Loss: 0.129728
2026-08-23 11:22: Train Epoch 9: 840/1641 Loss: 0.113745
2026-08-23 11:22: Train Epoch 9: 860/1641 Loss: 0.057090
2026-08-23 11:23: Train Epoch 9: 880/1641 Loss: 0.074076
2026-08-23 11:23: Train Epoch 9: 900/1641 Loss: 0.114441
2026-08-23 11:23: Train Epoch 9: 920/1641 Loss: 0.093889
2026-08-23 11:23: Train Epoch 9: 940/1641 Loss: 0.158751
2026-08-23 11:23: Train Epoch 9: 960/1641 Loss: 0.120847
2026-08-23 11:23: Train Epoch 9: 980/1641 Loss: 0.132708
2026-08-23 11:23: Train Epoch 9: 1000/1641 Loss: 0.123370
2026-08-23 11:23: Train Epoch 9: 1020/1641 Loss: 0.090170
2026-08-23 11:23: Train Epoch 9: 1040/1641 Loss: 0.129480
2026-08-23 11:23: Train Epoch 9: 1060/1641 Loss: 0.089077
2026-08-23 11:23: Train Epoch 9: 1080/1641 Loss: 0.089012
2026-08-23 11:23: Train Epoch 9: 1100/1641 Loss: 0.115197
2026-08-23 11:23: Train Epoch 9: 1120/1641 Loss: 0.082260
2026-08-23 11:23: Train Epoch 9: 1140/1641 Loss: 0.088726
2026-08-23 11:23: Train Epoch 9: 1160/1641 Loss: 0.104305
2026-08-23 11:23: Train Epoch 9: 1180/1641 Loss: 0.063085
2026-08-23 11:23: Train Epoch 9: 1200/1641 Loss: 0.068280
2026-08-23 11:23: Train Epoch 9: 1220/1641 Loss: 0.138798
2026-08-23 11:23: Train Epoch 9: 1240/1641 Loss: 0.117685
2026-08-23 11:23: Train Epoch 9: 1260/1641 Loss: 0.091867
2026-08-23 11:23: Train Epoch 9: 1280/1641 Loss: 0.103859
2026-08-23 11:24: Train Epoch 9: 1300/1641 Loss: 0.060553
2026-08-23 11:24: Train Epoch 9: 1320/1641 Loss: 0.100228
2026-08-23 11:24: Train Epoch 9: 1340/1641 Loss: 0.101372
2026-08-23 11:24: Train Epoch 9: 1360/1641 Loss: 0.052653
2026-08-23 11:24: Train Epoch 9: 1380/1641 Loss: 0.107313
2026-08-23 11:24: Train Epoch 9: 1400/1641 Loss: 0.076489
2026-08-23 11:24: Train Epoch 9: 1420/1641 Loss: 0.116899
2026-08-23 11:24: Train Epoch 9: 1440/1641 Loss: 0.090428
2026-08-23 11:24: Train Epoch 9: 1460/1641 Loss: 0.113022
2026-08-23 11:24: Train Epoch 9: 1480/1641 Loss: 0.110017
2026-08-23 11:24: Train Epoch 9: 1500/1641 Loss: 0.083344
2026-08-23 11:24: Train Epoch 9: 1520/1641 Loss: 0.087683
2026-08-23 11:24: Train Epoch 9: 1540/1641 Loss: 0.094317
2026-08-23 11:24: Train Epoch 9: 1560/1641 Loss: 0.099538
2026-08-23 11:24: Train Epoch 9: 1580/1641 Loss: 0.144001
2026-08-23 11:24: Train Epoch 9: 1600/1641 Loss: 0.124812
2026-08-23 11:24: Train Epoch 9: 1620/1641 Loss: 0.136573
2026-08-23 11:24: Train Epoch 9: 1640/1641 Loss: 0.081351
2026-08-23 11:24: **********Train Epoch 9: averaged Loss: 0.101654, tf_ratio: 1.000000
2026-08-23 11:25: **********Val Epoch 9: average Loss: 0.137160
2026-08-23 11:25: Train Epoch 10: 0/1641 Loss: 0.076943
2026-08-23 11:25: Train Epoch 10: 20/1641 Loss: 0.093003
2026-08-23 11:25: Train Epoch 10: 40/1641 Loss: 0.115838
2026-08-23 11:25: Train Epoch 10: 60/1641 Loss: 0.063581
2026-08-23 11:25: Train Epoch 10: 80/1641 Loss: 0.066776
2026-08-23 11:25: Train Epoch 10: 100/1641 Loss: 0.170589
2026-08-23 11:25: Train Epoch 10: 120/1641 Loss: 0.123687
2026-08-23 11:25: Train Epoch 10: 140/1641 Loss: 0.109394
2026-08-23 11:25: Train Epoch 10: 160/1641 Loss: 0.055892
2026-08-23 11:25: Train Epoch 10: 180/1641 Loss: 0.101673
2026-08-23 11:25: Train Epoch 10: 200/1641 Loss: 0.104748
2026-08-23 11:25: Train Epoch 10: 220/1641 Loss: 0.112693
2026-08-23 11:25: Train Epoch 10: 240/1641 Loss: 0.090847
2026-08-23 11:25: Train Epoch 10: 260/1641 Loss: 0.072246
2026-08-23 11:25: Train Epoch 10: 280/1641 Loss: 0.113909
2026-08-23 11:25: Train Epoch 10: 300/1641 Loss: 0.076325
2026-08-23 11:25: Train Epoch 10: 320/1641 Loss: 0.103737
2026-08-23 11:25: Train Epoch 10: 340/1641 Loss: 0.082049
2026-08-23 11:26: Train Epoch 10: 360/1641 Loss: 0.124694
2026-08-23 11:26: Train Epoch 10: 380/1641 Loss: 0.081079
2026-08-23 11:26: Train Epoch 10: 400/1641 Loss: 0.077840
2026-08-23 11:26: Train Epoch 10: 420/1641 Loss: 0.079674
2026-08-23 11:26: Train Epoch 10: 440/1641 Loss: 0.088247
2026-08-23 11:26: Train Epoch 10: 460/1641 Loss: 0.077866
2026-08-23 11:26: Train Epoch 10: 480/1641 Loss: 0.063474
2026-08-23 11:26: Train Epoch 10: 500/1641 Loss: 0.126321
2026-08-23 11:26: Train Epoch 10: 520/1641 Loss: 0.132378
2026-08-23 11:26: Train Epoch 10: 540/1641 Loss: 0.049550
2026-08-23 11:26: Train Epoch 10: 560/1641 Loss: 0.110121
2026-08-23 11:26: Train Epoch 10: 580/1641 Loss: 0.105902
2026-08-23 11:26: Train Epoch 10: 600/1641 Loss: 0.127593
2026-08-23 11:26: Train Epoch 10: 620/1641 Loss: 0.130252
2026-08-23 11:26: Train Epoch 10: 640/1641 Loss: 0.162552
2026-08-23 11:26: Train Epoch 10: 660/1641 Loss: 0.109696
2026-08-23 11:26: Train Epoch 10: 680/1641 Loss: 0.076794
2026-08-23 11:26: Train Epoch 10: 700/1641 Loss: 0.086309
2026-08-23 11:26: Train Epoch 10: 720/1641 Loss: 0.100187
2026-08-23 11:26: Train Epoch 10: 740/1641 Loss: 0.082283
2026-08-23 11:26: Train Epoch 10: 760/1641 Loss: 0.098594
2026-08-23 11:27: Train Epoch 10: 780/1641 Loss: 0.202068
2026-08-23 11:27: Train Epoch 10: 800/1641 Loss: 0.050536
2026-08-23 11:27: Train Epoch 10: 820/1641 Loss: 0.110096
2026-08-23 11:27: Train Epoch 10: 840/1641 Loss: 0.126662
2026-08-23 11:27: Train Epoch 10: 860/1641 Loss: 0.113857
2026-08-23 11:27: Train Epoch 10: 880/1641 Loss: 0.155165
2026-08-23 11:27: Train Epoch 10: 900/1641 Loss: 0.156893
2026-08-23 11:27: Train Epoch 10: 920/1641 Loss: 0.063268
2026-08-23 11:27: Train Epoch 10: 940/1641 Loss: 0.077174
2026-08-23 11:27: Train Epoch 10: 960/1641 Loss: 0.072000
2026-08-23 11:27: Train Epoch 10: 980/1641 Loss: 0.075433
2026-08-23 11:27: Train Epoch 10: 1000/1641 Loss: 0.130052
2026-08-23 11:27: Train Epoch 10: 1020/1641 Loss: 0.144375
2026-08-23 11:27: Train Epoch 10: 1040/1641 Loss: 0.167107
2026-08-23 11:27: Train Epoch 10: 1060/1641 Loss: 0.100715
2026-08-23 11:27: Train Epoch 10: 1080/1641 Loss: 0.091343
2026-08-23 11:27: Train Epoch 10: 1100/1641 Loss: 0.079997
2026-08-23 11:27: Train Epoch 10: 1120/1641 Loss: 0.088727
2026-08-23 11:27: Train Epoch 10: 1140/1641 Loss: 0.083765
2026-08-23 11:27: Train Epoch 10: 1160/1641 Loss: 0.084723
2026-08-23 11:27: Train Epoch 10: 1180/1641 Loss: 0.063742
2026-08-23 11:28: Train Epoch 10: 1200/1641 Loss: 0.160392
2026-08-23 11:28: Train Epoch 10: 1220/1641 Loss: 0.114418
2026-08-23 11:28: Train Epoch 10: 1240/1641 Loss: 0.268274
2026-08-23 11:28: Train Epoch 10: 1260/1641 Loss: 0.086728
2026-08-23 11:28: Train Epoch 10: 1280/1641 Loss: 0.094808
2026-08-23 11:28: Train Epoch 10: 1300/1641 Loss: 0.092714
2026-08-23 11:28: Train Epoch 10: 1320/1641 Loss: 0.142479
2026-08-23 11:28: Train Epoch 10: 1340/1641 Loss: 0.086686
2026-08-23 11:28: Train Epoch 10: 1360/1641 Loss: 0.104441
2026-08-23 11:28: Train Epoch 10: 1380/1641 Loss: 0.075494
2026-08-23 11:28: Train Epoch 10: 1400/1641 Loss: 0.090200
2026-08-23 11:28: Train Epoch 10: 1420/1641 Loss: 0.111305
2026-08-23 11:28: Train Epoch 10: 1440/1641 Loss: 0.108520
2026-08-23 11:28: Train Epoch 10: 1460/1641 Loss: 0.146804
2026-08-23 11:28: Train Epoch 10: 1480/1641 Loss: 0.075337
2026-08-23 11:28: Train Epoch 10: 1500/1641 Loss: 0.112483
2026-08-23 11:28: Train Epoch 10: 1520/1641 Loss: 0.096475
2026-08-23 11:28: Train Epoch 10: 1540/1641 Loss: 0.111307
2026-08-23 11:28: Train Epoch 10: 1560/1641 Loss: 0.106554
2026-08-23 11:28: Train Epoch 10: 1580/1641 Loss: 0.134838
2026-08-23 11:28: Train Epoch 10: 1600/1641 Loss: 0.119821
2026-08-23 11:28: Train Epoch 10: 1620/1641 Loss: 0.097721
2026-08-23 11:29: Train Epoch 10: 1640/1641 Loss: 0.121113
2026-08-23 11:29: **********Train Epoch 10: averaged Loss: 0.101665, tf_ratio: 1.000000
2026-08-23 11:29: **********Val Epoch 10: average Loss: 0.137220
2026-08-23 11:29: Train Epoch 11: 0/1641 Loss: 0.093986
2026-08-23 11:29: Train Epoch 11: 20/1641 Loss: 0.046593
2026-08-23 11:29: Train Epoch 11: 40/1641 Loss: 0.080769
2026-08-23 11:29: Train Epoch 11: 60/1641 Loss: 0.118778
2026-08-23 11:29: Train Epoch 11: 80/1641 Loss: 0.081998
2026-08-23 11:29: Train Epoch 11: 100/1641 Loss: 0.075140
2026-08-23 11:29: Train Epoch 11: 120/1641 Loss: 0.089333
2026-08-23 11:29: Train Epoch 11: 140/1641 Loss: 0.110149
2026-08-23 11:29: Train Epoch 11: 160/1641 Loss: 0.048928
2026-08-23 11:29: Train Epoch 11: 180/1641 Loss: 0.073142
2026-08-23 11:29: Train Epoch 11: 200/1641 Loss: 0.079405
2026-08-23 11:29: Train Epoch 11: 220/1641 Loss: 0.086527
2026-08-23 11:29: Train Epoch 11: 240/1641 Loss: 0.110201
2026-08-23 11:29: Train Epoch 11: 260/1641 Loss: 0.076251
2026-08-23 11:30: Train Epoch 11: 280/1641 Loss: 0.100648
2026-08-23 11:30: Train Epoch 11: 300/1641 Loss: 0.092360
2026-08-23 11:30: Train Epoch 11: 320/1641 Loss: 0.090200
2026-08-23 11:30: Train Epoch 11: 340/1641 Loss: 0.103809
2026-08-23 11:30: Train Epoch 11: 360/1641 Loss: 0.088722
2026-08-23 11:30: Train Epoch 11: 380/1641 Loss: 0.093243
2026-08-23 11:30: Train Epoch 11: 400/1641 Loss: 0.145431
2026-08-23 11:30: Train Epoch 11: 420/1641 Loss: 0.072055
2026-08-23 11:30: Train Epoch 11: 440/1641 Loss: 0.159492
2026-08-23 11:30: Train Epoch 11: 460/1641 Loss: 0.104397
2026-08-23 11:30: Train Epoch 11: 480/1641 Loss: 0.107597
2026-08-23 11:30: Train Epoch 11: 500/1641 Loss: 0.098756
2026-08-23 11:30: Train Epoch 11: 520/1641 Loss: 0.183428
2026-08-23 11:30: Train Epoch 11: 540/1641 Loss: 0.104337
2026-08-23 11:30: Train Epoch 11: 560/1641 Loss: 0.046369
2026-08-23 11:30: Train Epoch 11: 580/1641 Loss: 0.073636
2026-08-23 11:30: Train Epoch 11: 600/1641 Loss: 0.140945
2026-08-23 11:30: Train Epoch 11: 620/1641 Loss: 0.120039
2026-08-23 11:30: Train Epoch 11: 640/1641 Loss: 0.098742
2026-08-23 11:30: Train Epoch 11: 660/1641 Loss: 0.108882
2026-08-23 11:30: Train Epoch 11: 680/1641 Loss: 0.119823
2026-08-23 11:31: Train Epoch 11: 700/1641 Loss: 0.080227
2026-08-23 11:31: Train Epoch 11: 720/1641 Loss: 0.155555
2026-08-23 11:31: Train Epoch 11: 740/1641 Loss: 0.078505
2026-08-23 11:31: Train Epoch 11: 760/1641 Loss: 0.094905
2026-08-23 11:31: Train Epoch 11: 780/1641 Loss: 0.053761
2026-08-23 11:31: Train Epoch 11: 800/1641 Loss: 0.086426
2026-08-23 11:31: Train Epoch 11: 820/1641 Loss: 0.139802
2026-08-23 11:31: Train Epoch 11: 840/1641 Loss: 0.078163
2026-08-23 11:31: Train Epoch 11: 860/1641 Loss: 0.092493
2026-08-23 11:31: Train Epoch 11: 880/1641 Loss: 0.092087
2026-08-23 11:31: Train Epoch 11: 900/1641 Loss: 0.084243
2026-08-23 11:31: Train Epoch 11: 920/1641 Loss: 0.115930
2026-08-23 11:31: Train Epoch 11: 940/1641 Loss: 0.092286
2026-08-23 11:31: Train Epoch 11: 960/1641 Loss: 0.055372
2026-08-23 11:31: Train Epoch 11: 980/1641 Loss: 0.097270
2026-08-23 11:31: Train Epoch 11: 1000/1641 Loss: 0.096243
2026-08-23 11:31: Train Epoch 11: 1020/1641 Loss: 0.114217
2026-08-23 11:31: Train Epoch 11: 1040/1641 Loss: 0.077589
2026-08-23 11:31: Train Epoch 11: 1060/1641 Loss: 0.101239
2026-08-23 11:31: Train Epoch 11: 1080/1641 Loss: 0.085815
2026-08-23 11:31: Train Epoch 11: 1100/1641 Loss: 0.097861
2026-08-23 11:31: Train Epoch 11: 1120/1641 Loss: 0.095076
2026-08-23 11:32: Train Epoch 11: 1140/1641 Loss: 0.073334
2026-08-23 11:32: Train Epoch 11: 1160/1641 Loss: 0.100956
2026-08-23 11:32: Train Epoch 11: 1180/1641 Loss: 0.102819
2026-08-23 11:32: Train Epoch 11: 1200/1641 Loss: 0.080859
2026-08-23 11:32: Train Epoch 11: 1220/1641 Loss: 0.070963
2026-08-23 11:32: Train Epoch 11: 1240/1641 Loss: 0.071081
2026-08-23 11:32: Train Epoch 11: 1260/1641 Loss: 0.080153
2026-08-23 11:32: Train Epoch 11: 1280/1641 Loss: 0.099037
2026-08-23 11:32: Train Epoch 11: 1300/1641 Loss: 0.117063
2026-08-23 11:32: Train Epoch 11: 1320/1641 Loss: 0.099261
2026-08-23 11:32: Train Epoch 11: 1340/1641 Loss: 0.151948
2026-08-23 11:32: Train Epoch 11: 1360/1641 Loss: 0.100119
2026-08-23 11:32: Train Epoch 11: 1380/1641 Loss: 0.110057
2026-08-23 11:32: Train Epoch 11: 1400/1641 Loss: 0.077855
2026-08-23 11:32: Train Epoch 11: 1420/1641 Loss: 0.058623
2026-08-23 11:32: Train Epoch 11: 1440/1641 Loss: 0.106838
2026-08-23 11:32: Train Epoch 11: 1460/1641 Loss: 0.137294
2026-08-23 11:32: Train Epoch 11: 1480/1641 Loss: 0.089800
2026-08-23 11:32: Train Epoch 11: 1500/1641 Loss: 0.100664
2026-08-23 11:32: Train Epoch 11: 1520/1641 Loss: 0.085726
2026-08-23 11:32: Train Epoch 11: 1540/1641 Loss: 0.110727
2026-08-23 11:32: Train Epoch 11: 1560/1641 Loss: 0.139705
2026-08-23 11:33: Train Epoch 11: 1580/1641 Loss: 0.085457
2026-08-23 11:33: Train Epoch 11: 1600/1641 Loss: 0.138557
2026-08-23 11:33: Train Epoch 11: 1620/1641 Loss: 0.101588
2026-08-23 11:33: Train Epoch 11: 1640/1641 Loss: 0.092220
2026-08-23 11:33: **********Train Epoch 11: averaged Loss: 0.101717, tf_ratio: 1.000000
2026-08-23 11:33: **********Val Epoch 11: average Loss: 0.137299
2026-08-23 11:33: Train Epoch 12: 0/1641 Loss: 0.068486
2026-08-23 11:33: Train Epoch 12: 20/1641 Loss: 0.113974
2026-08-23 11:33: Train Epoch 12: 40/1641 Loss: 0.133423
2026-08-23 11:33: Train Epoch 12: 60/1641 Loss: 0.090411
2026-08-23 11:33: Train Epoch 12: 80/1641 Loss: 0.113592
2026-08-23 11:33: Train Epoch 12: 100/1641 Loss: 0.100759
2026-08-23 11:33: Train Epoch 12: 120/1641 Loss: 0.127238
2026-08-23 11:33: Train Epoch 12: 140/1641 Loss: 0.083774
2026-08-23 11:33: Train Epoch 12: 160/1641 Loss: 0.071412
2026-08-23 11:33: Train Epoch 12: 180/1641 Loss: 0.070327
2026-08-23 11:34: Train Epoch 12: 200/1641 Loss: 0.107085
2026-08-23 11:34: Train Epoch 12: 220/1641 Loss: 0.122033
2026-08-23 11:34: Train Epoch 12: 240/1641 Loss: 0.091146
2026-08-23 11:34: Train Epoch 12: 260/1641 Loss: 0.089004
2026-08-23 11:34: Train Epoch 12: 280/1641 Loss: 0.092532
2026-08-23 11:34: Train Epoch 12: 300/1641 Loss: 0.110340
2026-08-23 11:34: Train Epoch 12: 320/1641 Loss: 0.083481
2026-08-23 11:34: Train Epoch 12: 340/1641 Loss: 0.115395
2026-08-23 11:34: Train Epoch 12: 360/1641 Loss: 0.108534
2026-08-23 11:34: Train Epoch 12: 380/1641 Loss: 0.163670
2026-08-23 11:34: Train Epoch 12: 400/1641 Loss: 0.080713
2026-08-23 11:34: Train Epoch 12: 420/1641 Loss: 0.089012
2026-08-23 11:34: Train Epoch 12: 440/1641 Loss: 0.104554
2026-08-23 11:34: Train Epoch 12: 460/1641 Loss: 0.090818
2026-08-23 11:34: Train Epoch 12: 480/1641 Loss: 0.110880
2026-08-23 11:34: Train Epoch 12: 500/1641 Loss: 0.103713
2026-08-23 11:34: Train Epoch 12: 520/1641 Loss: 0.071718
2026-08-23 11:34: Train Epoch 12: 540/1641 Loss: 0.130089
2026-08-23 11:34: Train Epoch 12: 560/1641 Loss: 0.075291
2026-08-23 11:34: Train Epoch 12: 580/1641 Loss: 0.140908
2026-08-23 11:34: Train Epoch 12: 600/1641 Loss: 0.154928
2026-08-23 11:34: Train Epoch 12: 620/1641 Loss: 0.049051
2026-08-23 11:35: Train Epoch 12: 640/1641 Loss: 0.082481
2026-08-23 11:35: Train Epoch 12: 660/1641 Loss: 0.111001
2026-08-23 11:35: Train Epoch 12: 680/1641 Loss: 0.122513
2026-08-23 11:35: Train Epoch 12: 700/1641 Loss: 0.067587
2026-08-23 11:35: Train Epoch 12: 720/1641 Loss: 0.108249
2026-08-23 11:35: Train Epoch 12: 740/1641 Loss: 0.107745
2026-08-23 11:35: Train Epoch 12: 760/1641 Loss: 0.065221
2026-08-23 11:35: Train Epoch 12: 780/1641 Loss: 0.103886
2026-08-23 11:35: Train Epoch 12: 800/1641 Loss: 0.129438
2026-08-23 11:35: Train Epoch 12: 820/1641 Loss: 0.116912
2026-08-23 11:35: Train Epoch 12: 840/1641 Loss: 0.101339
2026-08-23 11:35: Train Epoch 12: 860/1641 Loss: 0.124177
2026-08-23 11:35: Train Epoch 12: 880/1641 Loss: 0.058595
2026-08-23 11:35: Train Epoch 12: 900/1641 Loss: 0.105011
2026-08-23 11:35: Train Epoch 12: 920/1641 Loss: 0.124719
2026-08-23 11:35: Train Epoch 12: 940/1641 Loss: 0.052290
2026-08-23 11:35: Train Epoch 12: 960/1641 Loss: 0.132420
2026-08-23 11:35: Train Epoch 12: 980/1641 Loss: 0.098488
2026-08-23 11:35: Train Epoch 12: 1000/1641 Loss: 0.057360
2026-08-23 11:35: Train Epoch 12: 1020/1641 Loss: 0.107297
2026-08-23 11:35: Train Epoch 12: 1040/1641 Loss: 0.110814
2026-08-23 11:35: Train Epoch 12: 1060/1641 Loss: 0.084728
2026-08-23 11:36: Train Epoch 12: 1080/1641 Loss: 0.096690
2026-08-23 11:36: Train Epoch 12: 1100/1641 Loss: 0.107414
2026-08-23 11:36: Train Epoch 12: 1120/1641 Loss: 0.154959
2026-08-23 11:36: Train Epoch 12: 1140/1641 Loss: 0.098891
2026-08-23 11:36: Train Epoch 12: 1160/1641 Loss: 0.080210
2026-08-23 11:36: Train Epoch 12: 1180/1641 Loss: 0.086402
2026-08-23 11:36: Train Epoch 12: 1200/1641 Loss: 0.162929
2026-08-23 11:36: Train Epoch 12: 1220/1641 Loss: 0.125394
2026-08-23 11:36: Train Epoch 12: 1240/1641 Loss: 0.130378
2026-08-23 11:36: Train Epoch 12: 1260/1641 Loss: 0.095152
2026-08-23 11:36: Train Epoch 12: 1280/1641 Loss: 0.153488
2026-08-23 11:36: Train Epoch 12: 1300/1641 Loss: 0.064373
2026-08-23 11:36: Train Epoch 12: 1320/1641 Loss: 0.063380
2026-08-23 11:36: Train Epoch 12: 1340/1641 Loss: 0.071527
2026-08-23 11:36: Train Epoch 12: 1360/1641 Loss: 0.094766
2026-08-23 11:36: Train Epoch 12: 1380/1641 Loss: 0.124552
2026-08-23 11:36: Train Epoch 12: 1400/1641 Loss: 0.072717
2026-08-23 11:36: Train Epoch 12: 1420/1641 Loss: 0.098957
2026-08-23 11:36: Train Epoch 12: 1440/1641 Loss: 0.106724
2026-08-23 11:36: Train Epoch 12: 1460/1641 Loss: 0.125994
2026-08-23 11:36: Train Epoch 12: 1480/1641 Loss: 0.151363
2026-08-23 11:36: Train Epoch 12: 1500/1641 Loss: 0.078339
2026-08-23 11:37: Train Epoch 12: 1520/1641 Loss: 0.140811
2026-08-23 11:37: Train Epoch 12: 1540/1641 Loss: 0.097162
2026-08-23 11:37: Train Epoch 12: 1560/1641 Loss: 0.103783
2026-08-23 11:37: Train Epoch 12: 1580/1641 Loss: 0.110515
2026-08-23 11:37: Train Epoch 12: 1600/1641 Loss: 0.113688
2026-08-23 11:37: Train Epoch 12: 1620/1641 Loss: 0.100855
2026-08-23 11:37: Train Epoch 12: 1640/1641 Loss: 0.126385
2026-08-23 11:37: **********Train Epoch 12: averaged Loss: 0.101735, tf_ratio: 1.000000
2026-08-23 11:37: **********Val Epoch 12: average Loss: 0.137324
2026-08-23 11:37: Train Epoch 13: 0/1641 Loss: 0.077434
2026-08-23 11:37: Train Epoch 13: 20/1641 Loss: 0.101714
2026-08-23 11:37: Train Epoch 13: 40/1641 Loss: 0.125990
2026-08-23 11:37: Train Epoch 13: 60/1641 Loss: 0.064317
2026-08-23 11:37: Train Epoch 13: 80/1641 Loss: 0.098369
2026-08-23 11:37: Train Epoch 13: 100/1641 Loss: 0.086628
2026-08-23 11:37: Train Epoch 13: 120/1641 Loss: 0.081662
2026-08-23 11:38: Train Epoch 13: 140/1641 Loss: 0.100444
2026-08-23 11:38: Train Epoch 13: 160/1641 Loss: 0.140264
2026-08-23 11:38: Train Epoch 13: 180/1641 Loss: 0.128958
2026-08-23 11:38: Train Epoch 13: 200/1641 Loss: 0.049523
2026-08-23 11:38: Train Epoch 13: 220/1641 Loss: 0.068009
2026-08-23 11:38: Train Epoch 13: 240/1641 Loss: 0.081402
2026-08-23 11:38: Train Epoch 13: 260/1641 Loss: 0.084570
2026-08-23 11:38: Train Epoch 13: 280/1641 Loss: 0.070583
2026-08-23 11:38: Train Epoch 13: 300/1641 Loss: 0.091499
2026-08-23 11:38: Train Epoch 13: 320/1641 Loss: 0.074627
2026-08-23 11:38: Train Epoch 13: 340/1641 Loss: 0.104140
2026-08-23 11:38: Train Epoch 13: 360/1641 Loss: 0.092874
2026-08-23 11:38: Train Epoch 13: 380/1641 Loss: 0.158138
2026-08-23 11:38: Train Epoch 13: 400/1641 Loss: 0.061816
2026-08-23 11:38: Train Epoch 13: 420/1641 Loss: 0.053661
2026-08-23 11:38: Train Epoch 13: 440/1641 Loss: 0.079059
2026-08-23 11:38: Train Epoch 13: 460/1641 Loss: 0.085090
2026-08-23 11:38: Train Epoch 13: 480/1641 Loss: 0.080196
2026-08-23 11:38: Train Epoch 13: 500/1641 Loss: 0.084171
2026-08-23 11:38: Train Epoch 13: 520/1641 Loss: 0.108415
2026-08-23 11:38: Train Epoch 13: 540/1641 Loss: 0.085229
2026-08-23 11:38: Train Epoch 13: 560/1641 Loss: 0.115251
2026-08-23 11:39: Train Epoch 13: 580/1641 Loss: 0.124742
2026-08-23 11:39: Train Epoch 13: 600/1641 Loss: 0.066916
2026-08-23 11:39: Train Epoch 13: 620/1641 Loss: 0.092688
2026-08-23 11:39: Train Epoch 13: 640/1641 Loss: 0.091322
2026-08-23 11:39: Train Epoch 13: 660/1641 Loss: 0.102932
2026-08-23 11:39: Train Epoch 13: 680/1641 Loss: 0.082490
2026-08-23 11:39: Train Epoch 13: 700/1641 Loss: 0.092301
2026-08-23 11:39: Train Epoch 13: 720/1641 Loss: 0.103658
2026-08-23 11:39: Train Epoch 13: 740/1641 Loss: 0.106768
2026-08-23 11:39: Train Epoch 13: 760/1641 Loss: 0.129498
2026-08-23 11:39: Train Epoch 13: 780/1641 Loss: 0.113944
2026-08-23 11:39: Train Epoch 13: 800/1641 Loss: 0.117759
2026-08-23 11:39: Train Epoch 13: 820/1641 Loss: 0.081587
2026-08-23 11:39: Train Epoch 13: 840/1641 Loss: 0.105352
2026-08-23 11:39: Train Epoch 13: 860/1641 Loss: 0.100450
2026-08-23 11:39: Train Epoch 13: 880/1641 Loss: 0.127286
2026-08-23 11:39: Train Epoch 13: 900/1641 Loss: 0.044625
2026-08-23 11:39: Train Epoch 13: 920/1641 Loss: 0.126806
2026-08-23 11:39: Train Epoch 13: 940/1641 Loss: 0.123110
2026-08-23 11:39: Train Epoch 13: 960/1641 Loss: 0.063615
2026-08-23 11:39: Train Epoch 13: 980/1641 Loss: 0.126797
2026-08-23 11:39: Train Epoch 13: 1000/1641 Loss: 0.094215
2026-08-23 11:40: Train Epoch 13: 1020/1641 Loss: 0.145562
2026-08-23 11:40: Train Epoch 13: 1040/1641 Loss: 0.056198
2026-08-23 11:40: Train Epoch 13: 1060/1641 Loss: 0.089584
2026-08-23 11:40: Train Epoch 13: 1080/1641 Loss: 0.067917
2026-08-23 11:40: Train Epoch 13: 1100/1641 Loss: 0.056481
2026-08-23 11:40: Train Epoch 13: 1120/1641 Loss: 0.116208
2026-08-23 11:40: Train Epoch 13: 1140/1641 Loss: 0.087222
2026-08-23 11:40: Train Epoch 13: 1160/1641 Loss: 0.093849
2026-08-23 11:40: Train Epoch 13: 1180/1641 Loss: 0.136199
2026-08-23 11:40: Train Epoch 13: 1200/1641 Loss: 0.057474
2026-08-23 11:40: Train Epoch 13: 1220/1641 Loss: 0.127461
2026-08-23 11:40: Train Epoch 13: 1240/1641 Loss: 0.081127
2026-08-23 11:40: Train Epoch 13: 1260/1641 Loss: 0.100452
2026-08-23 11:40: Train Epoch 13: 1280/1641 Loss: 0.105044
2026-08-23 11:40: Train Epoch 13: 1300/1641 Loss: 0.091188
2026-08-23 11:40: Train Epoch 13: 1320/1641 Loss: 0.128091
2026-08-23 11:40: Train Epoch 13: 1340/1641 Loss: 0.098073
2026-08-23 11:40: Train Epoch 13: 1360/1641 Loss: 0.085471
2026-08-23 11:40: Train Epoch 13: 1380/1641 Loss: 0.163472
2026-08-23 11:40: Train Epoch 13: 1400/1641 Loss: 0.098445
2026-08-23 11:40: Train Epoch 13: 1420/1641 Loss: 0.104040
2026-08-23 11:41: Train Epoch 13: 1440/1641 Loss: 0.090691
2026-08-23 11:41: Train Epoch 13: 1460/1641 Loss: 0.144872
2026-08-23 11:41: Train Epoch 13: 1480/1641 Loss: 0.093220
2026-08-23 11:41: Train Epoch 13: 1500/1641 Loss: 0.085033
2026-08-23 11:41: Train Epoch 13: 1520/1641 Loss: 0.093015
2026-08-23 11:41: Train Epoch 13: 1540/1641 Loss: 0.100148
2026-08-23 11:41: Train Epoch 13: 1560/1641 Loss: 0.091300
2026-08-23 11:41: Train Epoch 13: 1580/1641 Loss: 0.121626
2026-08-23 11:41: Train Epoch 13: 1600/1641 Loss: 0.094526
2026-08-23 11:41: Train Epoch 13: 1620/1641 Loss: 0.146312
2026-08-23 11:41: Train Epoch 13: 1640/1641 Loss: 0.105022
2026-08-23 11:41: **********Train Epoch 13: averaged Loss: 0.101733, tf_ratio: 1.000000
2026-08-23 11:41: **********Val Epoch 13: average Loss: 0.137199
2026-08-23 11:41: Train Epoch 14: 0/1641 Loss: 0.145527
2026-08-23 11:41: Train Epoch 14: 20/1641 Loss: 0.093395
2026-08-23 11:41: Train Epoch 14: 40/1641 Loss: 0.131958
2026-08-23 11:41: Train Epoch 14: 60/1641 Loss: 0.089209
2026-08-23 11:42: Train Epoch 14: 80/1641 Loss: 0.083376
2026-08-23 11:42: Train Epoch 14: 100/1641 Loss: 0.098844
2026-08-23 11:42: Train Epoch 14: 120/1641 Loss: 0.099084
2026-08-23 11:42: Train Epoch 14: 140/1641 Loss: 0.100721
2026-08-23 11:42: Train Epoch 14: 160/1641 Loss: 0.104511
2026-08-23 11:42: Train Epoch 14: 180/1641 Loss: 0.131051
2026-08-23 11:42: Train Epoch 14: 200/1641 Loss: 0.070322
2026-08-23 11:42: Train Epoch 14: 220/1641 Loss: 0.120650
2026-08-23 11:42: Train Epoch 14: 240/1641 Loss: 0.064417
2026-08-23 11:42: Train Epoch 14: 260/1641 Loss: 0.086034
2026-08-23 11:42: Train Epoch 14: 280/1641 Loss: 0.076205
2026-08-23 11:42: Train Epoch 14: 300/1641 Loss: 0.154209
2026-08-23 11:42: Train Epoch 14: 320/1641 Loss: 0.163839
2026-08-23 11:42: Train Epoch 14: 340/1641 Loss: 0.127692
2026-08-23 11:42: Train Epoch 14: 360/1641 Loss: 0.129221
2026-08-23 11:42: Train Epoch 14: 380/1641 Loss: 0.133173
2026-08-23 11:42: Train Epoch 14: 400/1641 Loss: 0.076010
2026-08-23 11:42: Train Epoch 14: 420/1641 Loss: 0.072039
2026-08-23 11:42: Train Epoch 14: 440/1641 Loss: 0.084660
2026-08-23 11:42: Train Epoch 14: 460/1641 Loss: 0.153945
2026-08-23 11:42: Train Epoch 14: 480/1641 Loss: 0.105872
2026-08-23 11:42: Train Epoch 14: 500/1641 Loss: 0.117250
2026-08-23 11:43: Train Epoch 14: 520/1641 Loss: 0.073391
2026-08-23 11:43: Train Epoch 14: 540/1641 Loss: 0.079441
2026-08-23 11:43: Train Epoch 14: 560/1641 Loss: 0.122609
2026-08-23 11:43: Train Epoch 14: 580/1641 Loss: 0.101467
2026-08-23 11:43: Train Epoch 14: 600/1641 Loss: 0.125067
2026-08-23 11:43: Train Epoch 14: 620/1641 Loss: 0.095907
2026-08-23 11:43: Train Epoch 14: 640/1641 Loss: 0.112478
2026-08-23 11:43: Train Epoch 14: 660/1641 Loss: 0.081475
2026-08-23 11:43: Train Epoch 14: 680/1641 Loss: 0.095251
2026-08-23 11:43: Train Epoch 14: 700/1641 Loss: 0.119441
2026-08-23 11:43: Train Epoch 14: 720/1641 Loss: 0.098999
2026-08-23 11:43: Train Epoch 14: 740/1641 Loss: 0.067591
2026-08-23 11:43: Train Epoch 14: 760/1641 Loss: 0.103147
2026-08-23 11:43: Train Epoch 14: 780/1641 Loss: 0.095960
2026-08-23 11:43: Train Epoch 14: 800/1641 Loss: 0.061553
2026-08-23 11:43: Train Epoch 14: 820/1641 Loss: 0.136606
2026-08-23 11:43: Train Epoch 14: 840/1641 Loss: 0.096967
2026-08-23 11:43: Train Epoch 14: 860/1641 Loss: 0.124562
2026-08-23 11:43: Train Epoch 14: 880/1641 Loss: 0.123221
2026-08-23 11:43: Train Epoch 14: 900/1641 Loss: 0.085609
2026-08-23 11:43: Train Epoch 14: 920/1641 Loss: 0.120800
2026-08-23 11:43: Train Epoch 14: 940/1641 Loss: 0.074596
2026-08-23 11:44: Train Epoch 14: 960/1641 Loss: 0.068619
2026-08-23 11:44: Train Epoch 14: 980/1641 Loss: 0.102835
2026-08-23 11:44: Train Epoch 14: 1000/1641 Loss: 0.120922
2026-08-23 11:44: Train Epoch 14: 1020/1641 Loss: 0.133456
2026-08-23 11:44: Train Epoch 14: 1040/1641 Loss: 0.102168
2026-08-23 11:44: Train Epoch 14: 1060/1641 Loss: 0.095420
2026-08-23 11:44: Train Epoch 14: 1080/1641 Loss: 0.080124
2026-08-23 11:44: Train Epoch 14: 1100/1641 Loss: 0.074639
2026-08-23 11:44: Train Epoch 14: 1120/1641 Loss: 0.107475
2026-08-23 11:44: Train Epoch 14: 1140/1641 Loss: 0.082005
2026-08-23 11:44: Train Epoch 14: 1160/1641 Loss: 0.101572
2026-08-23 11:44: Train Epoch 14: 1180/1641 Loss: 0.116324
2026-08-23 11:44: Train Epoch 14: 1200/1641 Loss: 0.077723
2026-08-23 11:44: Train Epoch 14: 1220/1641 Loss: 0.127831
2026-08-23 11:44: Train Epoch 14: 1240/1641 Loss: 0.068247
2026-08-23 11:44: Train Epoch 14: 1260/1641 Loss: 0.084774
2026-08-23 11:44: Train Epoch 14: 1280/1641 Loss: 0.089768
2026-08-23 11:44: Train Epoch 14: 1300/1641 Loss: 0.124774
2026-08-23 11:44: Train Epoch 14: 1320/1641 Loss: 0.093242
2026-08-23 11:44: Train Epoch 14: 1340/1641 Loss: 0.138053
2026-08-23 11:44: Train Epoch 14: 1360/1641 Loss: 0.105959
2026-08-23 11:44: Train Epoch 14: 1380/1641 Loss: 0.157554
2026-08-23 11:45: Train Epoch 14: 1400/1641 Loss: 0.125373
2026-08-23 11:45: Train Epoch 14: 1420/1641 Loss: 0.081592
2026-08-23 11:45: Train Epoch 14: 1440/1641 Loss: 0.086316
2026-08-23 11:45: Train Epoch 14: 1460/1641 Loss: 0.117517
2026-08-23 11:45: Train Epoch 14: 1480/1641 Loss: 0.086918
2026-08-23 11:45: Train Epoch 14: 1500/1641 Loss: 0.086855
2026-08-23 11:45: Train Epoch 14: 1520/1641 Loss: 0.129025
2026-08-23 11:45: Train Epoch 14: 1540/1641 Loss: 0.076983
2026-08-23 11:45: Train Epoch 14: 1560/1641 Loss: 0.103246
2026-08-23 11:45: Train Epoch 14: 1580/1641 Loss: 0.089231
2026-08-23 11:45: Train Epoch 14: 1600/1641 Loss: 0.121263
2026-08-23 11:45: Train Epoch 14: 1620/1641 Loss: 0.107681
2026-08-23 11:45: Train Epoch 14: 1640/1641 Loss: 0.154152
2026-08-23 11:45: **********Train Epoch 14: averaged Loss: 0.101750, tf_ratio: 1.000000
2026-08-23 11:45: **********Val Epoch 14: average Loss: 0.137246
2026-08-23 11:45: Train Epoch 15: 0/1641 Loss: 0.129116
2026-08-23 11:46: Train Epoch 15: 20/1641 Loss: 0.069593
2026-08-23 11:46: Train Epoch 15: 40/1641 Loss: 0.131100
2026-08-23 11:46: Train Epoch 15: 60/1641 Loss: 0.063103
2026-08-23 11:46: Train Epoch 15: 80/1641 Loss: 0.071721
2026-08-23 11:46: Train Epoch 15: 100/1641 Loss: 0.105078
2026-08-23 11:46: Train Epoch 15: 120/1641 Loss: 0.099688
2026-08-23 11:46: Train Epoch 15: 140/1641 Loss: 0.128850
2026-08-23 11:46: Train Epoch 15: 160/1641 Loss: 0.097441
2026-08-23 11:46: Train Epoch 15: 180/1641 Loss: 0.090279
2026-08-23 11:46: Train Epoch 15: 200/1641 Loss: 0.070282
2026-08-23 11:46: Train Epoch 15: 220/1641 Loss: 0.100980
2026-08-23 11:46: Train Epoch 15: 240/1641 Loss: 0.090970
2026-08-23 11:46: Train Epoch 15: 260/1641 Loss: 0.113214
2026-08-23 11:46: Train Epoch 15: 280/1641 Loss: 0.099122
2026-08-23 11:46: Train Epoch 15: 300/1641 Loss: 0.129036
2026-08-23 11:46: Train Epoch 15: 320/1641 Loss: 0.068316
2026-08-23 11:46: Train Epoch 15: 340/1641 Loss: 0.110270
2026-08-23 11:46: Train Epoch 15: 360/1641 Loss: 0.098523
2026-08-23 11:46: Train Epoch 15: 380/1641 Loss: 0.115556
2026-08-23 11:46: Train Epoch 15: 400/1641 Loss: 0.099035
2026-08-23 11:46: Train Epoch 15: 420/1641 Loss: 0.098236
2026-08-23 11:46: Train Epoch 15: 440/1641 Loss: 0.106891
2026-08-23 11:47: Train Epoch 15: 460/1641 Loss: 0.084526
2026-08-23 11:47: Train Epoch 15: 480/1641 Loss: 0.102733
2026-08-23 11:47: Train Epoch 15: 500/1641 Loss: 0.096964
2026-08-23 11:47: Train Epoch 15: 520/1641 Loss: 0.120402
2026-08-23 11:47: Train Epoch 15: 540/1641 Loss: 0.090354
2026-08-23 11:47: Train Epoch 15: 560/1641 Loss: 0.080420
2026-08-23 11:47: Train Epoch 15: 580/1641 Loss: 0.169166
2026-08-23 11:47: Train Epoch 15: 600/1641 Loss: 0.078944
2026-08-23 11:47: Train Epoch 15: 620/1641 Loss: 0.172514
2026-08-23 11:47: Train Epoch 15: 640/1641 Loss: 0.115751
2026-08-23 11:47: Train Epoch 15: 660/1641 Loss: 0.135863
2026-08-23 11:47: Train Epoch 15: 680/1641 Loss: 0.108363
2026-08-23 11:47: Train Epoch 15: 700/1641 Loss: 0.065638
2026-08-23 11:47: Train Epoch 15: 720/1641 Loss: 0.095958
2026-08-23 11:47: Train Epoch 15: 740/1641 Loss: 0.151135
2026-08-23 11:47: Train Epoch 15: 760/1641 Loss: 0.085016
2026-08-23 11:47: Train Epoch 15: 780/1641 Loss: 0.126199
2026-08-23 11:47: Train Epoch 15: 800/1641 Loss: 0.142565
2026-08-23 11:47: Train Epoch 15: 820/1641 Loss: 0.109851
2026-08-23 11:47: Train Epoch 15: 840/1641 Loss: 0.053397
2026-08-23 11:47: Train Epoch 15: 860/1641 Loss: 0.168424
2026-08-23 11:47: Train Epoch 15: 880/1641 Loss: 0.081656
2026-08-23 11:48: Train Epoch 15: 900/1641 Loss: 0.095059
2026-08-23 11:48: Train Epoch 15: 920/1641 Loss: 0.095666
2026-08-23 11:48: Train Epoch 15: 940/1641 Loss: 0.090700
2026-08-23 11:48: Train Epoch 15: 960/1641 Loss: 0.113288
2026-08-23 11:48: Train Epoch 15: 980/1641 Loss: 0.092105
2026-08-23 11:48: Train Epoch 15: 1000/1641 Loss: 0.111027
2026-08-23 11:48: Train Epoch 15: 1020/1641 Loss: 0.107199
2026-08-23 11:48: Train Epoch 15: 1040/1641 Loss: 0.099483
2026-08-23 11:48: Train Epoch 15: 1060/1641 Loss: 0.081829
2026-08-23 11:48: Train Epoch 15: 1080/1641 Loss: 0.102869
2026-08-23 11:48: Train Epoch 15: 1100/1641 Loss: 0.083174
2026-08-23 11:48: Train Epoch 15: 1120/1641 Loss: 0.105462
2026-08-23 11:48: Train Epoch 15: 1140/1641 Loss: 0.065952
2026-08-23 11:48: Train Epoch 15: 1160/1641 Loss: 0.114056
2026-08-23 11:48: Train Epoch 15: 1180/1641 Loss: 0.068780
2026-08-23 11:48: Train Epoch 15: 1200/1641 Loss: 0.052506
2026-08-23 11:48: Train Epoch 15: 1220/1641 Loss: 0.113604
2026-08-23 11:48: Train Epoch 15: 1240/1641 Loss: 0.094090
2026-08-23 11:48: Train Epoch 15: 1260/1641 Loss: 0.131518
2026-08-23 11:48: Train Epoch 15: 1280/1641 Loss: 0.065639
2026-08-23 11:48: Train Epoch 15: 1300/1641 Loss: 0.096920
2026-08-23 11:49: Train Epoch 15: 1320/1641 Loss: 0.122953
2026-08-23 11:49: Train Epoch 15: 1340/1641 Loss: 0.124493
2026-08-23 11:49: Train Epoch 15: 1360/1641 Loss: 0.099592
2026-08-23 11:49: Train Epoch 15: 1380/1641 Loss: 0.059825
2026-08-23 11:49: Train Epoch 15: 1400/1641 Loss: 0.068441
2026-08-23 11:49: Train Epoch 15: 1420/1641 Loss: 0.115247
2026-08-23 11:49: Train Epoch 15: 1440/1641 Loss: 0.112834
2026-08-23 11:49: Train Epoch 15: 1460/1641 Loss: 0.090308
2026-08-23 11:49: Train Epoch 15: 1480/1641 Loss: 0.075350
2026-08-23 11:49: Train Epoch 15: 1500/1641 Loss: 0.090312
2026-08-23 11:49: Train Epoch 15: 1520/1641 Loss: 0.068127
2026-08-23 11:49: Train Epoch 15: 1540/1641 Loss: 0.103511
2026-08-23 11:49: Train Epoch 15: 1560/1641 Loss: 0.084420
2026-08-23 11:49: Train Epoch 15: 1580/1641 Loss: 0.073736
2026-08-23 11:49: Train Epoch 15: 1600/1641 Loss: 0.092007
2026-08-23 11:49: Train Epoch 15: 1620/1641 Loss: 0.099822
2026-08-23 11:49: Train Epoch 15: 1640/1641 Loss: 0.088170
2026-08-23 11:49: **********Train Epoch 15: averaged Loss: 0.101774, tf_ratio: 1.000000
2026-08-23 11:50: **********Val Epoch 15: average Loss: 0.137586
2026-08-23 11:50: Train Epoch 16: 0/1641 Loss: 0.103244
2026-08-23 11:50: Train Epoch 16: 20/1641 Loss: 0.115665
2026-08-23 11:50: Train Epoch 16: 40/1641 Loss: 0.069345
2026-08-23 11:50: Train Epoch 16: 60/1641 Loss: 0.095914
2026-08-23 11:50: Train Epoch 16: 80/1641 Loss: 0.125504
2026-08-23 11:50: Train Epoch 16: 100/1641 Loss: 0.090517
2026-08-23 11:50: Train Epoch 16: 120/1641 Loss: 0.105346
2026-08-23 11:50: Train Epoch 16: 140/1641 Loss: 0.110733
2026-08-23 11:50: Train Epoch 16: 160/1641 Loss: 0.090293
2026-08-23 11:50: Train Epoch 16: 180/1641 Loss: 0.125665
2026-08-23 11:50: Train Epoch 16: 200/1641 Loss: 0.106341
2026-08-23 11:50: Train Epoch 16: 220/1641 Loss: 0.108254
2026-08-23 11:50: Train Epoch 16: 240/1641 Loss: 0.095231
2026-08-23 11:50: Train Epoch 16: 260/1641 Loss: 0.157720
2026-08-23 11:50: Train Epoch 16: 280/1641 Loss: 0.098940
2026-08-23 11:50: Train Epoch 16: 300/1641 Loss: 0.109780
2026-08-23 11:50: Train Epoch 16: 320/1641 Loss: 0.118410
2026-08-23 11:50: Train Epoch 16: 340/1641 Loss: 0.108912
2026-08-23 11:50: Train Epoch 16: 360/1641 Loss: 0.088523
2026-08-23 11:50: Train Epoch 16: 380/1641 Loss: 0.058607
2026-08-23 11:51: Train Epoch 16: 400/1641 Loss: 0.088328
2026-08-23 11:51: Train Epoch 16: 420/1641 Loss: 0.085376
2026-08-23 11:51: Train Epoch 16: 440/1641 Loss: 0.118776
2026-08-23 11:51: Train Epoch 16: 460/1641 Loss: 0.086293
2026-08-23 11:51: Train Epoch 16: 480/1641 Loss: 0.084967
2026-08-23 11:51: Train Epoch 16: 500/1641 Loss: 0.106301
2026-08-23 11:51: Train Epoch 16: 520/1641 Loss: 0.071631
2026-08-23 11:51: Train Epoch 16: 540/1641 Loss: 0.086714
2026-08-23 11:51: Train Epoch 16: 560/1641 Loss: 0.099257
2026-08-23 11:51: Train Epoch 16: 580/1641 Loss: 0.069160
2026-08-23 11:51: Train Epoch 16: 600/1641 Loss: 0.123666
2026-08-23 11:51: Train Epoch 16: 620/1641 Loss: 0.100403
2026-08-23 11:51: Train Epoch 16: 640/1641 Loss: 0.075995
2026-08-23 11:51: Train Epoch 16: 660/1641 Loss: 0.058200
2026-08-23 11:51: Train Epoch 16: 680/1641 Loss: 0.073407
2026-08-23 11:51: Train Epoch 16: 700/1641 Loss: 0.124500
2026-08-23 11:51: Train Epoch 16: 720/1641 Loss: 0.132078
2026-08-23 11:51: Train Epoch 16: 740/1641 Loss: 0.065961
2026-08-23 11:51: Train Epoch 16: 760/1641 Loss: 0.056258
2026-08-23 11:51: Train Epoch 16: 780/1641 Loss: 0.097073
2026-08-23 11:51: Train Epoch 16: 800/1641 Loss: 0.062380
2026-08-23 11:51: Train Epoch 16: 820/1641 Loss: 0.128454
2026-08-23 11:52: Train Epoch 16: 840/1641 Loss: 0.155502
2026-08-23 11:52: Train Epoch 16: 860/1641 Loss: 0.108929
2026-08-23 11:52: Train Epoch 16: 880/1641 Loss: 0.112843
2026-08-23 11:52: Train Epoch 16: 900/1641 Loss: 0.164571
2026-08-23 11:52: Train Epoch 16: 920/1641 Loss: 0.050142
2026-08-23 11:52: Train Epoch 16: 940/1641 Loss: 0.104771
2026-08-23 11:52: Train Epoch 16: 960/1641 Loss: 0.066710
2026-08-23 11:52: Train Epoch 16: 980/1641 Loss: 0.091195
2026-08-23 11:52: Train Epoch 16: 1000/1641 Loss: 0.055174
2026-08-23 11:52: Train Epoch 16: 1020/1641 Loss: 0.137183
2026-08-23 11:52: Train Epoch 16: 1040/1641 Loss: 0.120575
2026-08-23 11:52: Train Epoch 16: 1060/1641 Loss: 0.087728
2026-08-23 11:52: Train Epoch 16: 1080/1641 Loss: 0.110620
2026-08-23 11:52: Train Epoch 16: 1100/1641 Loss: 0.109100
2026-08-23 11:52: Train Epoch 16: 1120/1641 Loss: 0.122727
2026-08-23 11:52: Train Epoch 16: 1140/1641 Loss: 0.165478
2026-08-23 11:52: Train Epoch 16: 1160/1641 Loss: 0.117605
2026-08-23 11:52: Train Epoch 16: 1180/1641 Loss: 0.109839
2026-08-23 11:52: Train Epoch 16: 1200/1641 Loss: 0.090775
2026-08-23 11:52: Train Epoch 16: 1220/1641 Loss: 0.108703
2026-08-23 11:52: Train Epoch 16: 1240/1641 Loss: 0.094019
2026-08-23 11:52: Train Epoch 16: 1260/1641 Loss: 0.087926
2026-08-23 11:53: Train Epoch 16: 1280/1641 Loss: 0.086843
2026-08-23 11:53: Train Epoch 16: 1300/1641 Loss: 0.095743
2026-08-23 11:53: Train Epoch 16: 1320/1641 Loss: 0.082801
2026-08-23 11:53: Train Epoch 16: 1340/1641 Loss: 0.111631
2026-08-23 11:53: Train Epoch 16: 1360/1641 Loss: 0.077750
2026-08-23 11:53: Train Epoch 16: 1380/1641 Loss: 0.161886
2026-08-23 11:53: Train Epoch 16: 1400/1641 Loss: 0.080068
2026-08-23 11:53: Train Epoch 16: 1420/1641 Loss: 0.082967
2026-08-23 11:53: Train Epoch 16: 1440/1641 Loss: 0.130297
2026-08-23 11:53: Train Epoch 16: 1460/1641 Loss: 0.093622
2026-08-23 11:53: Train Epoch 16: 1480/1641 Loss: 0.080742
2026-08-23 11:53: Train Epoch 16: 1500/1641 Loss: 0.125424
2026-08-23 11:53: Train Epoch 16: 1520/1641 Loss: 0.101828
2026-08-23 11:53: Train Epoch 16: 1540/1641 Loss: 0.079283
2026-08-23 11:53: Train Epoch 16: 1560/1641 Loss: 0.069638
2026-08-23 11:53: Train Epoch 16: 1580/1641 Loss: 0.148888
2026-08-23 11:53: Train Epoch 16: 1600/1641 Loss: 0.092701
2026-08-23 11:53: Train Epoch 16: 1620/1641 Loss: 0.074953
2026-08-23 11:53: Train Epoch 16: 1640/1641 Loss: 0.083484
2026-08-23 11:53: **********Train Epoch 16: averaged Loss: 0.101816, tf_ratio: 1.000000
2026-08-23 11:54: **********Val Epoch 16: average Loss: 0.137456
2026-08-23 11:54: Train Epoch 17: 0/1641 Loss: 0.126691
2026-08-23 11:54: Train Epoch 17: 20/1641 Loss: 0.135541
2026-08-23 11:54: Train Epoch 17: 40/1641 Loss: 0.106314
2026-08-23 11:54: Train Epoch 17: 60/1641 Loss: 0.085019
2026-08-23 11:54: Train Epoch 17: 80/1641 Loss: 0.064333
2026-08-23 11:54: Train Epoch 17: 100/1641 Loss: 0.099834
2026-08-23 11:54: Train Epoch 17: 120/1641 Loss: 0.100324
2026-08-23 11:54: Train Epoch 17: 140/1641 Loss: 0.056759
2026-08-23 11:54: Train Epoch 17: 160/1641 Loss: 0.140084
2026-08-23 11:54: Train Epoch 17: 180/1641 Loss: 0.125726
2026-08-23 11:54: Train Epoch 17: 200/1641 Loss: 0.111158
2026-08-23 11:54: Train Epoch 17: 220/1641 Loss: 0.089779
2026-08-23 11:54: Train Epoch 17: 240/1641 Loss: 0.111235
2026-08-23 11:54: Train Epoch 17: 260/1641 Loss: 0.094954
2026-08-23 11:54: Train Epoch 17: 280/1641 Loss: 0.091399
2026-08-23 11:54: Train Epoch 17: 300/1641 Loss: 0.148505
2026-08-23 11:54: Train Epoch 17: 320/1641 Loss: 0.091618
2026-08-23 11:55: Train Epoch 17: 340/1641 Loss: 0.128951
2026-08-23 11:55: Train Epoch 17: 360/1641 Loss: 0.112715
2026-08-23 11:55: Train Epoch 17: 380/1641 Loss: 0.098780
2026-08-23 11:55: Train Epoch 17: 400/1641 Loss: 0.135730
2026-08-23 11:55: Train Epoch 17: 420/1641 Loss: 0.113064
2026-08-23 11:55: Train Epoch 17: 440/1641 Loss: 0.076110
2026-08-23 11:55: Train Epoch 17: 460/1641 Loss: 0.174836
2026-08-23 11:55: Train Epoch 17: 480/1641 Loss: 0.079658
2026-08-23 11:55: Train Epoch 17: 500/1641 Loss: 0.138162
2026-08-23 11:55: Train Epoch 17: 520/1641 Loss: 0.063174
2026-08-23 11:55: Train Epoch 17: 540/1641 Loss: 0.137743
2026-08-23 11:55: Train Epoch 17: 560/1641 Loss: 0.086794
2026-08-23 11:55: Train Epoch 17: 580/1641 Loss: 0.114428
2026-08-23 11:55: Train Epoch 17: 600/1641 Loss: 0.089714
2026-08-23 11:55: Train Epoch 17: 620/1641 Loss: 0.145384
2026-08-23 11:55: Train Epoch 17: 640/1641 Loss: 0.078594
2026-08-23 11:55: Train Epoch 17: 660/1641 Loss: 0.084533
2026-08-23 11:55: Train Epoch 17: 680/1641 Loss: 0.103279
2026-08-23 11:55: Train Epoch 17: 700/1641 Loss: 0.094502
2026-08-23 11:55: Train Epoch 17: 720/1641 Loss: 0.069003
2026-08-23 11:55: Train Epoch 17: 740/1641 Loss: 0.079215
2026-08-23 11:55: Train Epoch 17: 760/1641 Loss: 0.069408
2026-08-23 11:55: Train Epoch 17: 780/1641 Loss: 0.139699
2026-08-23 11:56: Train Epoch 17: 800/1641 Loss: 0.092270
2026-08-23 11:56: Train Epoch 17: 820/1641 Loss: 0.092390
2026-08-23 11:56: Train Epoch 17: 840/1641 Loss: 0.110208
2026-08-23 11:56: Train Epoch 17: 860/1641 Loss: 0.139073
2026-08-23 11:56: Train Epoch 17: 880/1641 Loss: 0.131519
2026-08-23 11:56: Train Epoch 17: 900/1641 Loss: 0.070010
2026-08-23 11:56: Train Epoch 17: 920/1641 Loss: 0.136362
2026-08-23 11:56: Train Epoch 17: 940/1641 Loss: 0.112275
2026-08-23 11:56: Train Epoch 17: 960/1641 Loss: 0.073258
2026-08-23 11:56: Train Epoch 17: 980/1641 Loss: 0.125594
2026-08-23 11:56: Train Epoch 17: 1000/1641 Loss: 0.101840
2026-08-23 11:56: Train Epoch 17: 1020/1641 Loss: 0.128425
2026-08-23 11:56: Train Epoch 17: 1040/1641 Loss: 0.088196
2026-08-23 11:56: Train Epoch 17: 1060/1641 Loss: 0.094932
2026-08-23 11:56: Train Epoch 17: 1080/1641 Loss: 0.110741
2026-08-23 11:56: Train Epoch 17: 1100/1641 Loss: 0.079970
2026-08-23 11:56: Train Epoch 17: 1120/1641 Loss: 0.150524
2026-08-23 11:56: Train Epoch 17: 1140/1641 Loss: 0.090654
2026-08-23 11:56: Train Epoch 17: 1160/1641 Loss: 0.118646
2026-08-23 11:56: Train Epoch 17: 1180/1641 Loss: 0.114419
2026-08-23 11:56: Train Epoch 17: 1200/1641 Loss: 0.100672
2026-08-23 11:56: Train Epoch 17: 1220/1641 Loss: 0.078023
2026-08-23 11:57: Train Epoch 17: 1240/1641 Loss: 0.095593
2026-08-23 11:57: Train Epoch 17: 1260/1641 Loss: 0.123885
2026-08-23 11:57: Train Epoch 17: 1280/1641 Loss: 0.148058
2026-08-23 11:57: Train Epoch 17: 1300/1641 Loss: 0.099493
2026-08-23 11:57: Train Epoch 17: 1320/1641 Loss: 0.082812
2026-08-23 11:57: Train Epoch 17: 1340/1641 Loss: 0.085379
2026-08-23 11:57: Train Epoch 17: 1360/1641 Loss: 0.087985
2026-08-23 11:57: Train Epoch 17: 1380/1641 Loss: 0.060809
2026-08-23 11:57: Train Epoch 17: 1400/1641 Loss: 0.120197
2026-08-23 11:57: Train Epoch 17: 1420/1641 Loss: 0.088832
2026-08-23 11:57: Train Epoch 17: 1440/1641 Loss: 0.135869
2026-08-23 11:57: Train Epoch 17: 1460/1641 Loss: 0.076664
2026-08-23 11:57: Train Epoch 17: 1480/1641 Loss: 0.138901
2026-08-23 11:57: Train Epoch 17: 1500/1641 Loss: 0.087120
2026-08-23 11:57: Train Epoch 17: 1520/1641 Loss: 0.098153
2026-08-23 11:57: Train Epoch 17: 1540/1641 Loss: 0.090218
2026-08-23 11:57: Train Epoch 17: 1560/1641 Loss: 0.081092
2026-08-23 11:57: Train Epoch 17: 1580/1641 Loss: 0.082306
2026-08-23 11:57: Train Epoch 17: 1600/1641 Loss: 0.079020
2026-08-23 11:57: Train Epoch 17: 1620/1641 Loss: 0.090645
2026-08-23 11:57: Train Epoch 17: 1640/1641 Loss: 0.062725
2026-08-23 11:57: **********Train Epoch 17: averaged Loss: 0.101861, tf_ratio: 1.000000
2026-08-23 11:58: **********Val Epoch 17: average Loss: 0.137620
2026-08-23 11:58: Train Epoch 18: 0/1641 Loss: 0.178894
2026-08-23 11:58: Train Epoch 18: 20/1641 Loss: 0.096692
2026-08-23 11:58: Train Epoch 18: 40/1641 Loss: 0.094193
2026-08-23 11:58: Train Epoch 18: 60/1641 Loss: 0.068286
2026-08-23 11:58: Train Epoch 18: 80/1641 Loss: 0.124964
2026-08-23 11:58: Train Epoch 18: 100/1641 Loss: 0.067179
2026-08-23 11:58: Train Epoch 18: 120/1641 Loss: 0.077344
2026-08-23 11:58: Train Epoch 18: 140/1641 Loss: 0.143777
2026-08-23 11:58: Train Epoch 18: 160/1641 Loss: 0.111925
2026-08-23 11:58: Train Epoch 18: 180/1641 Loss: 0.082154
2026-08-23 11:58: Train Epoch 18: 200/1641 Loss: 0.069548
2026-08-23 11:58: Train Epoch 18: 220/1641 Loss: 0.060495
2026-08-23 11:58: Train Epoch 18: 240/1641 Loss: 0.060708
2026-08-23 11:58: Train Epoch 18: 260/1641 Loss: 0.072921
2026-08-23 11:58: Train Epoch 18: 280/1641 Loss: 0.109204
2026-08-23 11:58: Train Epoch 18: 300/1641 Loss: 0.098322
2026-08-23 11:58: Train Epoch 18: 320/1641 Loss: 0.058594
2026-08-23 11:58: Train Epoch 18: 340/1641 Loss: 0.111259
2026-08-23 11:59: Train Epoch 18: 360/1641 Loss: 0.068043
2026-08-23 11:59: Train Epoch 18: 380/1641 Loss: 0.095114
2026-08-23 11:59: Train Epoch 18: 400/1641 Loss: 0.121758
2026-08-23 11:59: Train Epoch 18: 420/1641 Loss: 0.098998
2026-08-23 11:59: Train Epoch 18: 440/1641 Loss: 0.129954
2026-08-23 11:59: Train Epoch 18: 460/1641 Loss: 0.108833
2026-08-23 11:59: Train Epoch 18: 480/1641 Loss: 0.097165
2026-08-23 11:59: Train Epoch 18: 500/1641 Loss: 0.133395
2026-08-23 11:59: Train Epoch 18: 520/1641 Loss: 0.104984
2026-08-23 11:59: Train Epoch 18: 540/1641 Loss: 0.085835
2026-08-23 11:59: Train Epoch 18: 560/1641 Loss: 0.114672
2026-08-23 11:59: Train Epoch 18: 580/1641 Loss: 0.131273
2026-08-23 11:59: Train Epoch 18: 600/1641 Loss: 0.109190
2026-08-23 11:59: Train Epoch 18: 620/1641 Loss: 0.084677
2026-08-23 11:59: Train Epoch 18: 640/1641 Loss: 0.110116
2026-08-23 11:59: Train Epoch 18: 660/1641 Loss: 0.078354
2026-08-23 11:59: Train Epoch 18: 680/1641 Loss: 0.122418
2026-08-23 11:59: Train Epoch 18: 700/1641 Loss: 0.089538
2026-08-23 11:59: Train Epoch 18: 720/1641 Loss: 0.077102
2026-08-23 11:59: Train Epoch 18: 740/1641 Loss: 0.144160
2026-08-23 11:59: Train Epoch 18: 760/1641 Loss: 0.117835
2026-08-23 11:59: Train Epoch 18: 780/1641 Loss: 0.113146
2026-08-23 12:00: Train Epoch 18: 800/1641 Loss: 0.117440
2026-08-23 12:00: Train Epoch 18: 820/1641 Loss: 0.121350
2026-08-23 12:00: Train Epoch 18: 840/1641 Loss: 0.103645
2026-08-23 12:00: Train Epoch 18: 860/1641 Loss: 0.101512
2026-08-23 12:00: Train Epoch 18: 880/1641 Loss: 0.147595
2026-08-23 12:00: Train Epoch 18: 900/1641 Loss: 0.076057
2026-08-23 12:00: Train Epoch 18: 920/1641 Loss: 0.096688
2026-08-23 12:00: Train Epoch 18: 940/1641 Loss: 0.064770
2026-08-23 12:00: Train Epoch 18: 960/1641 Loss: 0.073793
2026-08-23 12:00: Train Epoch 18: 980/1641 Loss: 0.090034
2026-08-23 12:00: Train Epoch 18: 1000/1641 Loss: 0.140649
2026-08-23 12:00: Train Epoch 18: 1020/1641 Loss: 0.127478
2026-08-23 12:00: Train Epoch 18: 1040/1641 Loss: 0.055682
2026-08-23 12:00: Train Epoch 18: 1060/1641 Loss: 0.136111
2026-08-23 12:00: Train Epoch 18: 1080/1641 Loss: 0.099767
2026-08-23 12:00: Train Epoch 18: 1100/1641 Loss: 0.114113
2026-08-23 12:00: Train Epoch 18: 1120/1641 Loss: 0.094337
2026-08-23 12:00: Train Epoch 18: 1140/1641 Loss: 0.121771
2026-08-23 12:00: Train Epoch 18: 1160/1641 Loss: 0.125262
2026-08-23 12:00: Train Epoch 18: 1180/1641 Loss: 0.078546
2026-08-23 12:00: Train Epoch 18: 1200/1641 Loss: 0.109878
2026-08-23 12:00: Train Epoch 18: 1220/1641 Loss: 0.137945
2026-08-23 12:00: Train Epoch 18: 1240/1641 Loss: 0.098016
2026-08-23 12:01: Train Epoch 18: 1260/1641 Loss: 0.083702
2026-08-23 12:01: Train Epoch 18: 1280/1641 Loss: 0.071605
2026-08-23 12:01: Train Epoch 18: 1300/1641 Loss: 0.084678
2026-08-23 12:01: Train Epoch 18: 1320/1641 Loss: 0.090443
2026-08-23 12:01: Train Epoch 18: 1340/1641 Loss: 0.071671
2026-08-23 12:01: Train Epoch 18: 1360/1641 Loss: 0.119723
2026-08-23 12:01: Train Epoch 18: 1380/1641 Loss: 0.134060
2026-08-23 12:01: Train Epoch 18: 1400/1641 Loss: 0.112017
2026-08-23 12:01: Train Epoch 18: 1420/1641 Loss: 0.149650
2026-08-23 12:01: Train Epoch 18: 1440/1641 Loss: 0.076696
2026-08-23 12:01: Train Epoch 18: 1460/1641 Loss: 0.088363
2026-08-23 12:01: Train Epoch 18: 1480/1641 Loss: 0.107126
2026-08-23 12:01: Train Epoch 18: 1500/1641 Loss: 0.099180
2026-08-23 12:01: Train Epoch 18: 1520/1641 Loss: 0.109427
2026-08-23 12:01: Train Epoch 18: 1540/1641 Loss: 0.111181
2026-08-23 12:01: Train Epoch 18: 1560/1641 Loss: 0.116198
2026-08-23 12:01: Train Epoch 18: 1580/1641 Loss: 0.067248
2026-08-23 12:01: Train Epoch 18: 1600/1641 Loss: 0.105176
2026-08-23 12:01: Train Epoch 18: 1620/1641 Loss: 0.105726
2026-08-23 12:01: Train Epoch 18: 1640/1641 Loss: 0.094465
2026-08-23 12:01: **********Train Epoch 18: averaged Loss: 0.101865, tf_ratio: 1.000000
2026-08-23 12:02: **********Val Epoch 18: average Loss: 0.137476
2026-08-23 12:02: Train Epoch 19: 0/1641 Loss: 0.112003
2026-08-23 12:02: Train Epoch 19: 20/1641 Loss: 0.067607
2026-08-23 12:02: Train Epoch 19: 40/1641 Loss: 0.136477
2026-08-23 12:02: Train Epoch 19: 60/1641 Loss: 0.079044
2026-08-23 12:02: Train Epoch 19: 80/1641 Loss: 0.131468
2026-08-23 12:02: Train Epoch 19: 100/1641 Loss: 0.229863
2026-08-23 12:02: Train Epoch 19: 120/1641 Loss: 0.077077
2026-08-23 12:02: Train Epoch 19: 140/1641 Loss: 0.112938
2026-08-23 12:02: Train Epoch 19: 160/1641 Loss: 0.073405
2026-08-23 12:02: Train Epoch 19: 180/1641 Loss: 0.113540
2026-08-23 12:02: Train Epoch 19: 200/1641 Loss: 0.068253
2026-08-23 12:02: Train Epoch 19: 220/1641 Loss: 0.103130
2026-08-23 12:02: Train Epoch 19: 240/1641 Loss: 0.163114
2026-08-23 12:02: Train Epoch 19: 260/1641 Loss: 0.105747
2026-08-23 12:02: Train Epoch 19: 280/1641 Loss: 0.128791
2026-08-23 12:02: Train Epoch 19: 300/1641 Loss: 0.134938
2026-08-23 12:02: Train Epoch 19: 320/1641 Loss: 0.069369
2026-08-23 12:02: Train Epoch 19: 340/1641 Loss: 0.085366
2026-08-23 12:03: Train Epoch 19: 360/1641 Loss: 0.110277
2026-08-23 12:03: Train Epoch 19: 380/1641 Loss: 0.085261
2026-08-23 12:03: Train Epoch 19: 400/1641 Loss: 0.128860
2026-08-23 12:03: Train Epoch 19: 420/1641 Loss: 0.080310
2026-08-23 12:03: Train Epoch 19: 440/1641 Loss: 0.068713
2026-08-23 12:03: Train Epoch 19: 460/1641 Loss: 0.066892
2026-08-23 12:03: Train Epoch 19: 480/1641 Loss: 0.077907
2026-08-23 12:03: Train Epoch 19: 500/1641 Loss: 0.117044
2026-08-23 12:03: Train Epoch 19: 520/1641 Loss: 0.119095
2026-08-23 12:03: Train Epoch 19: 540/1641 Loss: 0.099054
2026-08-23 12:03: Train Epoch 19: 560/1641 Loss: 0.138274
2026-08-23 12:03: Train Epoch 19: 580/1641 Loss: 0.113540
2026-08-23 12:03: Train Epoch 19: 600/1641 Loss: 0.115976
2026-08-23 12:03: Train Epoch 19: 620/1641 Loss: 0.072051
2026-08-23 12:03: Train Epoch 19: 640/1641 Loss: 0.100744
2026-08-23 12:03: Train Epoch 19: 660/1641 Loss: 0.068593
2026-08-23 12:03: Train Epoch 19: 680/1641 Loss: 0.078126
2026-08-23 12:03: Train Epoch 19: 700/1641 Loss: 0.103185
2026-08-23 12:03: Train Epoch 19: 720/1641 Loss: 0.091430
2026-08-23 12:03: Train Epoch 19: 740/1641 Loss: 0.115223
2026-08-23 12:03: Train Epoch 19: 760/1641 Loss: 0.075794
2026-08-23 12:03: Train Epoch 19: 780/1641 Loss: 0.116896
2026-08-23 12:04: Train Epoch 19: 800/1641 Loss: 0.080717
2026-08-23 12:04: Train Epoch 19: 820/1641 Loss: 0.113375
2026-08-23 12:04: Train Epoch 19: 840/1641 Loss: 0.108947
2026-08-23 12:04: Train Epoch 19: 860/1641 Loss: 0.096140
2026-08-23 12:04: Train Epoch 19: 880/1641 Loss: 0.138571
2026-08-23 12:04: Train Epoch 19: 900/1641 Loss: 0.141848
2026-08-23 12:04: Train Epoch 19: 920/1641 Loss: 0.053716
2026-08-23 12:04: Train Epoch 19: 940/1641 Loss: 0.093306
2026-08-23 12:04: Train Epoch 19: 960/1641 Loss: 0.078716
2026-08-23 12:04: Train Epoch 19: 980/1641 Loss: 0.070740
2026-08-23 12:04: Train Epoch 19: 1000/1641 Loss: 0.083436
2026-08-23 12:04: Train Epoch 19: 1020/1641 Loss: 0.088533
2026-08-23 12:04: Train Epoch 19: 1040/1641 Loss: 0.084880
2026-08-23 12:04: Train Epoch 19: 1060/1641 Loss: 0.076999
2026-08-23 12:04: Train Epoch 19: 1080/1641 Loss: 0.089883
2026-08-23 12:04: Train Epoch 19: 1100/1641 Loss: 0.128341
2026-08-23 12:04: Train Epoch 19: 1120/1641 Loss: 0.146833
2026-08-23 12:04: Train Epoch 19: 1140/1641 Loss: 0.127605
2026-08-23 12:04: Train Epoch 19: 1160/1641 Loss: 0.083730
2026-08-23 12:04: Train Epoch 19: 1180/1641 Loss: 0.098372
2026-08-23 12:04: Train Epoch 19: 1200/1641 Loss: 0.106840
2026-08-23 12:04: Train Epoch 19: 1220/1641 Loss: 0.104417
2026-08-23 12:05: Train Epoch 19: 1240/1641 Loss: 0.079024
2026-08-23 12:05: Train Epoch 19: 1260/1641 Loss: 0.120948
2026-08-23 12:05: Train Epoch 19: 1280/1641 Loss: 0.095642
2026-08-23 12:05: Train Epoch 19: 1300/1641 Loss: 0.104608
2026-08-23 12:05: Train Epoch 19: 1320/1641 Loss: 0.079768
2026-08-23 12:05: Train Epoch 19: 1340/1641 Loss: 0.088049
2026-08-23 12:05: Train Epoch 19: 1360/1641 Loss: 0.090726
2026-08-23 12:05: Train Epoch 19: 1380/1641 Loss: 0.068766
2026-08-23 12:05: Train Epoch 19: 1400/1641 Loss: 0.125447
2026-08-23 12:05: Train Epoch 19: 1420/1641 Loss: 0.097018
2026-08-23 12:05: Train Epoch 19: 1440/1641 Loss: 0.158398
2026-08-23 12:05: Train Epoch 19: 1460/1641 Loss: 0.092476
2026-08-23 12:05: Train Epoch 19: 1480/1641 Loss: 0.176058
2026-08-23 12:05: Train Epoch 19: 1500/1641 Loss: 0.119359
2026-08-23 12:05: Train Epoch 19: 1520/1641 Loss: 0.116506
2026-08-23 12:05: Train Epoch 19: 1540/1641 Loss: 0.139135
2026-08-23 12:05: Train Epoch 19: 1560/1641 Loss: 0.123802
2026-08-23 12:05: Train Epoch 19: 1580/1641 Loss: 0.094072
2026-08-23 12:05: Train Epoch 19: 1600/1641 Loss: 0.137629
2026-08-23 12:05: Train Epoch 19: 1620/1641 Loss: 0.109098
2026-08-23 12:05: Train Epoch 19: 1640/1641 Loss: 0.080495
2026-08-23 12:05: **********Train Epoch 19: averaged Loss: 0.101921, tf_ratio: 1.000000
2026-08-23 12:06: **********Val Epoch 19: average Loss: 0.137609
2026-08-23 12:06: Train Epoch 20: 0/1641 Loss: 0.094602
2026-08-23 12:06: Train Epoch 20: 20/1641 Loss: 0.090501
2026-08-23 12:06: Train Epoch 20: 40/1641 Loss: 0.127129
2026-08-23 12:06: Train Epoch 20: 60/1641 Loss: 0.073666
2026-08-23 12:06: Train Epoch 20: 80/1641 Loss: 0.112571
2026-08-23 12:06: Train Epoch 20: 100/1641 Loss: 0.116700
2026-08-23 12:06: Train Epoch 20: 120/1641 Loss: 0.095967
2026-08-23 12:06: Train Epoch 20: 140/1641 Loss: 0.097780
2026-08-23 12:06: Train Epoch 20: 160/1641 Loss: 0.119614
2026-08-23 12:06: Train Epoch 20: 180/1641 Loss: 0.069139
2026-08-23 12:06: Train Epoch 20: 200/1641 Loss: 0.087533
2026-08-23 12:06: Train Epoch 20: 220/1641 Loss: 0.077057
2026-08-23 12:06: Train Epoch 20: 240/1641 Loss: 0.156124
2026-08-23 12:06: Train Epoch 20: 260/1641 Loss: 0.066798
2026-08-23 12:06: Train Epoch 20: 280/1641 Loss: 0.092412
2026-08-23 12:06: Train Epoch 20: 300/1641 Loss: 0.057529
2026-08-23 12:07: Train Epoch 20: 320/1641 Loss: 0.088005
2026-08-23 12:07: Train Epoch 20: 340/1641 Loss: 0.073088
2026-08-23 12:07: Train Epoch 20: 360/1641 Loss: 0.156425
2026-08-23 12:07: Train Epoch 20: 380/1641 Loss: 0.098352
2026-08-23 12:07: Train Epoch 20: 400/1641 Loss: 0.093417
2026-08-23 12:07: Train Epoch 20: 420/1641 Loss: 0.118514
2026-08-23 12:07: Train Epoch 20: 440/1641 Loss: 0.132161
2026-08-23 12:07: Train Epoch 20: 460/1641 Loss: 0.121014
2026-08-23 12:07: Train Epoch 20: 480/1641 Loss: 0.079712
2026-08-23 12:07: Train Epoch 20: 500/1641 Loss: 0.095205
2026-08-23 12:07: Train Epoch 20: 520/1641 Loss: 0.075632
2026-08-23 12:07: Train Epoch 20: 540/1641 Loss: 0.121561
2026-08-23 12:07: Train Epoch 20: 560/1641 Loss: 0.136645
2026-08-23 12:07: Train Epoch 20: 580/1641 Loss: 0.116102
2026-08-23 12:07: Train Epoch 20: 600/1641 Loss: 0.119736
2026-08-23 12:07: Train Epoch 20: 620/1641 Loss: 0.062776
2026-08-23 12:07: Train Epoch 20: 640/1641 Loss: 0.072964
2026-08-23 12:07: Train Epoch 20: 660/1641 Loss: 0.120885
2026-08-23 12:07: Train Epoch 20: 680/1641 Loss: 0.096051
2026-08-23 12:07: Train Epoch 20: 700/1641 Loss: 0.083069
2026-08-23 12:07: Train Epoch 20: 720/1641 Loss: 0.079476
2026-08-23 12:07: Train Epoch 20: 740/1641 Loss: 0.134862
2026-08-23 12:07: Train Epoch 20: 760/1641 Loss: 0.126655
2026-08-23 12:08: Train Epoch 20: 780/1641 Loss: 0.122611
2026-08-23 12:08: Train Epoch 20: 800/1641 Loss: 0.137726
2026-08-23 12:08: Train Epoch 20: 820/1641 Loss: 0.069046
2026-08-23 12:08: Train Epoch 20: 840/1641 Loss: 0.056891
2026-08-23 12:08: Train Epoch 20: 860/1641 Loss: 0.099263
2026-08-23 12:08: Train Epoch 20: 880/1641 Loss: 0.070684
2026-08-23 12:08: Train Epoch 20: 900/1641 Loss: 0.101239
2026-08-23 12:08: Train Epoch 20: 920/1641 Loss: 0.133904
2026-08-23 12:08: Train Epoch 20: 940/1641 Loss: 0.060111
2026-08-23 12:08: Train Epoch 20: 960/1641 Loss: 0.119269
2026-08-23 12:08: Train Epoch 20: 980/1641 Loss: 0.081424
2026-08-23 12:08: Train Epoch 20: 1000/1641 Loss: 0.112984
2026-08-23 12:08: Train Epoch 20: 1020/1641 Loss: 0.126927
2026-08-23 12:08: Train Epoch 20: 1040/1641 Loss: 0.079728
2026-08-23 12:08: Train Epoch 20: 1060/1641 Loss: 0.093791
2026-08-23 12:08: Train Epoch 20: 1080/1641 Loss: 0.127950
2026-08-23 12:08: Train Epoch 20: 1100/1641 Loss: 0.118549
2026-08-23 12:08: Train Epoch 20: 1120/1641 Loss: 0.079155
2026-08-23 12:08: Train Epoch 20: 1140/1641 Loss: 0.127984
2026-08-23 12:08: Train Epoch 20: 1160/1641 Loss: 0.074588
2026-08-23 12:08: Train Epoch 20: 1180/1641 Loss: 0.115886
2026-08-23 12:08: Train Epoch 20: 1200/1641 Loss: 0.073604
2026-08-23 12:09: Train Epoch 20: 1220/1641 Loss: 0.108567
2026-08-23 12:09: Train Epoch 20: 1240/1641 Loss: 0.082306
2026-08-23 12:09: Train Epoch 20: 1260/1641 Loss: 0.096480
2026-08-23 12:09: Train Epoch 20: 1280/1641 Loss: 0.083610
2026-08-23 12:09: Train Epoch 20: 1300/1641 Loss: 0.090705
2026-08-23 12:09: Train Epoch 20: 1320/1641 Loss: 0.118712
2026-08-23 12:09: Train Epoch 20: 1340/1641 Loss: 0.117697
2026-08-23 12:09: Train Epoch 20: 1360/1641 Loss: 0.097882
2026-08-23 12:09: Train Epoch 20: 1380/1641 Loss: 0.113137
2026-08-23 12:09: Train Epoch 20: 1400/1641 Loss: 0.089842
2026-08-23 12:09: Train Epoch 20: 1420/1641 Loss: 0.163021
2026-08-23 12:09: Train Epoch 20: 1440/1641 Loss: 0.118648
2026-08-23 12:09: Train Epoch 20: 1460/1641 Loss: 0.068226
2026-08-23 12:09: Train Epoch 20: 1480/1641 Loss: 0.093446
2026-08-23 12:09: Train Epoch 20: 1500/1641 Loss: 0.157292
2026-08-23 12:09: Train Epoch 20: 1520/1641 Loss: 0.110588
2026-08-23 12:09: Train Epoch 20: 1540/1641 Loss: 0.142088
2026-08-23 12:09: Train Epoch 20: 1560/1641 Loss: 0.078899
2026-08-23 12:09: Train Epoch 20: 1580/1641 Loss: 0.076950
2026-08-23 12:09: Train Epoch 20: 1600/1641 Loss: 0.104515
2026-08-23 12:09: Train Epoch 20: 1620/1641 Loss: 0.074523
2026-08-23 12:09: Train Epoch 20: 1640/1641 Loss: 0.115369
2026-08-23 12:09: **********Train Epoch 20: averaged Loss: 0.101951, tf_ratio: 1.000000
2026-08-23 12:10: **********Val Epoch 20: average Loss: 0.137882
2026-08-23 12:10: Train Epoch 21: 0/1641 Loss: 0.098132
2026-08-23 12:10: Train Epoch 21: 20/1641 Loss: 0.106695
2026-08-23 12:10: Train Epoch 21: 40/1641 Loss: 0.088928
2026-08-23 12:10: Train Epoch 21: 60/1641 Loss: 0.060490
2026-08-23 12:10: Train Epoch 21: 80/1641 Loss: 0.050109
2026-08-23 12:10: Train Epoch 21: 100/1641 Loss: 0.173141
2026-08-23 12:10: Train Epoch 21: 120/1641 Loss: 0.103608
2026-08-23 12:10: Train Epoch 21: 140/1641 Loss: 0.089118
2026-08-23 12:10: Train Epoch 21: 160/1641 Loss: 0.102176
2026-08-23 12:10: Train Epoch 21: 180/1641 Loss: 0.099461
2026-08-23 12:10: Train Epoch 21: 200/1641 Loss: 0.117002
2026-08-23 12:10: Train Epoch 21: 220/1641 Loss: 0.090796
2026-08-23 12:10: Train Epoch 21: 240/1641 Loss: 0.065292
2026-08-23 12:10: Train Epoch 21: 260/1641 Loss: 0.095170
2026-08-23 12:10: Train Epoch 21: 280/1641 Loss: 0.088266
2026-08-23 12:11: Train Epoch 21: 300/1641 Loss: 0.175673
2026-08-23 12:11: Train Epoch 21: 320/1641 Loss: 0.110361
2026-08-23 12:11: Train Epoch 21: 340/1641 Loss: 0.099962
2026-08-23 12:11: Train Epoch 21: 360/1641 Loss: 0.161767
2026-08-23 12:11: Train Epoch 21: 380/1641 Loss: 0.044671
2026-08-23 12:11: Train Epoch 21: 400/1641 Loss: 0.119971
2026-08-23 12:11: Train Epoch 21: 420/1641 Loss: 0.113738
2026-08-23 12:11: Train Epoch 21: 440/1641 Loss: 0.130808
2026-08-23 12:11: Train Epoch 21: 460/1641 Loss: 0.122358
2026-08-23 12:11: Train Epoch 21: 480/1641 Loss: 0.082874
2026-08-23 12:11: Train Epoch 21: 500/1641 Loss: 0.083916
2026-08-23 12:11: Train Epoch 21: 520/1641 Loss: 0.130840
2026-08-23 12:11: Train Epoch 21: 540/1641 Loss: 0.116419
2026-08-23 12:11: Train Epoch 21: 560/1641 Loss: 0.124594
2026-08-23 12:11: Train Epoch 21: 580/1641 Loss: 0.085616
2026-08-23 12:11: Train Epoch 21: 600/1641 Loss: 0.102134
2026-08-23 12:11: Train Epoch 21: 620/1641 Loss: 0.117503
2026-08-23 12:11: Train Epoch 21: 640/1641 Loss: 0.117711
2026-08-23 12:11: Train Epoch 21: 660/1641 Loss: 0.083068
2026-08-23 12:11: Train Epoch 21: 680/1641 Loss: 0.089812
2026-08-23 12:11: Train Epoch 21: 700/1641 Loss: 0.101767
2026-08-23 12:11: Train Epoch 21: 720/1641 Loss: 0.077327
2026-08-23 12:12: Train Epoch 21: 740/1641 Loss: 0.113473
2026-08-23 12:12: Train Epoch 21: 760/1641 Loss: 0.082825
2026-08-23 12:12: Train Epoch 21: 780/1641 Loss: 0.188072
2026-08-23 12:12: Train Epoch 21: 800/1641 Loss: 0.180986
2026-08-23 12:12: Train Epoch 21: 820/1641 Loss: 0.114751
2026-08-23 12:12: Train Epoch 21: 840/1641 Loss: 0.135307
2026-08-23 12:12: Train Epoch 21: 860/1641 Loss: 0.070118
2026-08-23 12:12: Train Epoch 21: 880/1641 Loss: 0.116825
2026-08-23 12:12: Train Epoch 21: 900/1641 Loss: 0.099630
2026-08-23 12:12: Train Epoch 21: 920/1641 Loss: 0.087800
2026-08-23 12:12: Train Epoch 21: 940/1641 Loss: 0.080407
2026-08-23 12:12: Train Epoch 21: 960/1641 Loss: 0.096869
2026-08-23 12:12: Train Epoch 21: 980/1641 Loss: 0.169363
2026-08-23 12:12: Train Epoch 21: 1000/1641 Loss: 0.078533
2026-08-23 12:12: Train Epoch 21: 1020/1641 Loss: 0.095459
2026-08-23 12:12: Train Epoch 21: 1040/1641 Loss: 0.074165
2026-08-23 12:12: Train Epoch 21: 1060/1641 Loss: 0.080448
2026-08-23 12:12: Train Epoch 21: 1080/1641 Loss: 0.133320
2026-08-23 12:12: Train Epoch 21: 1100/1641 Loss: 0.098684
2026-08-23 12:12: Train Epoch 21: 1120/1641 Loss: 0.084369
2026-08-23 12:12: Train Epoch 21: 1140/1641 Loss: 0.123917
2026-08-23 12:13: Train Epoch 21: 1160/1641 Loss: 0.115677
2026-08-23 12:13: Train Epoch 21: 1180/1641 Loss: 0.073505
2026-08-23 12:13: Train Epoch 21: 1200/1641 Loss: 0.103381
2026-08-23 12:13: Train Epoch 21: 1220/1641 Loss: 0.041889
2026-08-23 12:13: Train Epoch 21: 1240/1641 Loss: 0.057187
2026-08-23 12:13: Train Epoch 21: 1260/1641 Loss: 0.134301
2026-08-23 12:13: Train Epoch 21: 1280/1641 Loss: 0.099447
2026-08-23 12:13: Train Epoch 21: 1300/1641 Loss: 0.113731
2026-08-23 12:13: Train Epoch 21: 1320/1641 Loss: 0.080719
2026-08-23 12:13: Train Epoch 21: 1340/1641 Loss: 0.074666
2026-08-23 12:13: Train Epoch 21: 1360/1641 Loss: 0.094899
2026-08-23 12:13: Train Epoch 21: 1380/1641 Loss: 0.088595
2026-08-23 12:13: Train Epoch 21: 1400/1641 Loss: 0.095429
2026-08-23 12:13: Train Epoch 21: 1420/1641 Loss: 0.103043
2026-08-23 12:13: Train Epoch 21: 1440/1641 Loss: 0.118366
2026-08-23 12:13: Train Epoch 21: 1460/1641 Loss: 0.154477
2026-08-23 12:13: Train Epoch 21: 1480/1641 Loss: 0.109359
2026-08-23 12:13: Train Epoch 21: 1500/1641 Loss: 0.071302
2026-08-23 12:13: Train Epoch 21: 1520/1641 Loss: 0.104264
2026-08-23 12:13: Train Epoch 21: 1540/1641 Loss: 0.098607
2026-08-23 12:13: Train Epoch 21: 1560/1641 Loss: 0.117175
2026-08-23 12:13: Train Epoch 21: 1580/1641 Loss: 0.094511
2026-08-23 12:14: Train Epoch 21: 1600/1641 Loss: 0.103723
2026-08-23 12:14: Train Epoch 21: 1620/1641 Loss: 0.112598
2026-08-23 12:14: Train Epoch 21: 1640/1641 Loss: 0.075838
2026-08-23 12:14: **********Train Epoch 21: averaged Loss: 0.101912, tf_ratio: 1.000000
2026-08-23 12:14: **********Val Epoch 21: average Loss: 0.137829
2026-08-23 12:14: Validation performance didn't improve for 15 epochs. Training stops.
2026-08-23 12:14: Total training time: 87.0374min, best loss: 0.137025
2026-08-23 12:14: Saving current best model to /scratch/chkkar002/Diffusion_Based_STGNNs/RealValue/AGCRN/model/experiments/SAWS/20260823104723/best_model.pth
2026-08-23 12:14: Horizon 01, MAE: 0.12, RMSE: 1.03, MAPE: 194.0496%
2026-08-23 12:14: Horizon 02, MAE: 0.12, RMSE: 1.03, MAPE: 193.2508%
2026-08-23 12:14: Horizon 03, MAE: 0.12, RMSE: 1.03, MAPE: 193.3641%
2026-08-23 12:14: Horizon 04, MAE: 0.12, RMSE: 1.03, MAPE: 193.9077%
2026-08-23 12:14: Horizon 05, MAE: 0.12, RMSE: 1.03, MAPE: 195.7966%
2026-08-23 12:14: Horizon 06, MAE: 0.12, RMSE: 1.03, MAPE: 193.6311%
2026-08-23 12:14: Horizon 07, MAE: 0.12, RMSE: 1.03, MAPE: 195.2513%
2026-08-23 12:14: Horizon 08, MAE: 0.12, RMSE: 1.03, MAPE: 194.5352%
2026-08-23 12:14: Horizon 09, MAE: 0.12, RMSE: 1.03, MAPE: 191.9772%
2026-08-23 12:14: Horizon 10, MAE: 0.12, RMSE: 1.03, MAPE: 193.8642%
2026-08-23 12:14: Horizon 11, MAE: 0.12, RMSE: 1.03, MAPE: 193.6913%
2026-08-23 12:14: Horizon 12, MAE: 0.12, RMSE: 1.03, MAPE: 194.3751%
2026-08-23 12:14: Horizon 13, MAE: 0.12, RMSE: 1.03, MAPE: 193.9722%
2026-08-23 12:14: Horizon 14, MAE: 0.12, RMSE: 1.03, MAPE: 192.0563%
2026-08-23 12:14: Horizon 15, MAE: 0.12, RMSE: 1.03, MAPE: 194.5674%
2026-08-23 12:14: Horizon 16, MAE: 0.12, RMSE: 1.03, MAPE: 194.2426%
2026-08-23 12:14: Horizon 17, MAE: 0.12, RMSE: 1.03, MAPE: 192.6398%
2026-08-23 12:14: Horizon 18, MAE: 0.12, RMSE: 1.03, MAPE: 193.6298%
2026-08-23 12:14: Horizon 19, MAE: 0.12, RMSE: 1.03, MAPE: 194.2152%
2026-08-23 12:14: Horizon 20, MAE: 0.12, RMSE: 1.03, MAPE: 192.7772%
2026-08-23 12:14: Horizon 21, MAE: 0.12, RMSE: 1.03, MAPE: 193.9015%
2026-08-23 12:14: Horizon 22, MAE: 0.12, RMSE: 1.03, MAPE: 193.2318%
2026-08-23 12:14: Horizon 23, MAE: 0.12, RMSE: 1.03, MAPE: 193.7395%
2026-08-23 12:14: Horizon 24, MAE: 0.12, RMSE: 1.03, MAPE: 193.7125%
2026-08-23 12:14: Horizon 25, MAE: 0.12, RMSE: 1.03, MAPE: 193.3781%
2026-08-23 12:14: Horizon 26, MAE: 0.12, RMSE: 1.03, MAPE: 194.5586%
2026-08-23 12:14: Horizon 27, MAE: 0.12, RMSE: 1.03, MAPE: 194.1906%
2026-08-23 12:14: Horizon 28, MAE: 0.12, RMSE: 1.03, MAPE: 193.9047%
2026-08-23 12:14: Horizon 29, MAE: 0.12, RMSE: 1.03, MAPE: 194.2225%
2026-08-23 12:14: Horizon 30, MAE: 0.12, RMSE: 1.03, MAPE: 194.2467%
2026-08-23 12:14: Horizon 31, MAE: 0.12, RMSE: 1.03, MAPE: 193.1025%
2026-08-23 12:14: Horizon 32, MAE: 0.12, RMSE: 1.03, MAPE: 193.9814%
2026-08-23 12:14: Horizon 33, MAE: 0.12, RMSE: 1.03, MAPE: 194.9385%
2026-08-23 12:14: Horizon 34, MAE: 0.12, RMSE: 1.03, MAPE: 194.2441%
2026-08-23 12:14: Horizon 35, MAE: 0.12, RMSE: 1.03, MAPE: 194.6815%
2026-08-23 12:14: Horizon 36, MAE: 0.12, RMSE: 1.03, MAPE: 194.4891%
2026-08-23 12:14: Horizon 37, MAE: 0.12, RMSE: 1.03, MAPE: 193.1424%
2026-08-23 12:14: Horizon 38, MAE: 0.12, RMSE: 1.03, MAPE: 194.2887%
2026-08-23 12:14: Horizon 39, MAE: 0.12, RMSE: 1.03, MAPE: 194.7349%
2026-08-23 12:14: Horizon 40, MAE: 0.12, RMSE: 1.03, MAPE: 194.9645%
2026-08-23 12:14: Horizon 41, MAE: 0.12, RMSE: 1.03, MAPE: 194.1242%
2026-08-23 12:14: Horizon 42, MAE: 0.12, RMSE: 1.03, MAPE: 194.2461%
2026-08-23 12:14: Horizon 43, MAE: 0.12, RMSE: 1.03, MAPE: 195.3102%
2026-08-23 12:14: Horizon 44, MAE: 0.12, RMSE: 1.03, MAPE: 194.9208%
2026-08-23 12:14: Horizon 45, MAE: 0.12, RMSE: 1.03, MAPE: 197.7070%
2026-08-23 12:14: Horizon 46, MAE: 0.12, RMSE: 1.03, MAPE: 194.1698%
2026-08-23 12:14: Horizon 47, MAE: 0.12, RMSE: 1.03, MAPE: 193.3029%
2026-08-23 12:14: Horizon 48, MAE: 0.12, RMSE: 1.03, MAPE: 193.0923%
2026-08-23 12:14: Average Horizon, MAE: 0.12, RMSE: 1.03, MAPE: 194.0483%
2026-08-23 12:14: Horizon 01, MAE: 0.09, RMSE: 0.74, MAPE: 100.5384%
2026-08-23 12:14: Horizon 02, MAE: 0.09, RMSE: 0.74, MAPE: 101.3097%
2026-08-23 12:14: Horizon 03, MAE: 0.09, RMSE: 0.74, MAPE: 103.2440%
2026-08-23 12:14: Horizon 04, MAE: 0.09, RMSE: 0.74, MAPE: 101.5605%
2026-08-23 12:14: Horizon 05, MAE: 0.09, RMSE: 0.74, MAPE: 116.0455%
2026-08-23 12:14: Horizon 06, MAE: 0.09, RMSE: 0.74, MAPE: 102.3909%
2026-08-23 12:14: Horizon 07, MAE: 0.09, RMSE: 0.74, MAPE: 110.5941%
2026-08-23 12:14: Horizon 08, MAE: 0.09, RMSE: 0.74, MAPE: 103.5661%
2026-08-23 12:14: Horizon 09, MAE: 0.09, RMSE: 0.74, MAPE: 108.2705%
2026-08-23 12:14: Horizon 10, MAE: 0.09, RMSE: 0.74, MAPE: 101.6842%
2026-08-23 12:14: Horizon 11, MAE: 0.09, RMSE: 0.74, MAPE: 101.1754%
2026-08-23 12:14: Horizon 12, MAE: 0.09, RMSE: 0.74, MAPE: 101.4557%
2026-08-23 12:14: Horizon 13, MAE: 0.09, RMSE: 0.74, MAPE: 100.6258%
2026-08-23 12:14: Horizon 14, MAE: 0.09, RMSE: 0.74, MAPE: 110.0795%
2026-08-23 12:14: Horizon 15, MAE: 0.09, RMSE: 0.74, MAPE: 102.8423%
2026-08-23 12:14: Horizon 16, MAE: 0.09, RMSE: 0.74, MAPE: 101.4382%
2026-08-23 12:14: Horizon 17, MAE: 0.09, RMSE: 0.74, MAPE: 106.8463%
2026-08-23 12:14: Horizon 18, MAE: 0.09, RMSE: 0.74, MAPE: 101.1906%
2026-08-23 12:14: Horizon 19, MAE: 0.09, RMSE: 0.74, MAPE: 102.5067%
2026-08-23 12:14: Horizon 20, MAE: 0.09, RMSE: 0.74, MAPE: 105.0701%
2026-08-23 12:14: Horizon 21, MAE: 0.09, RMSE: 0.74, MAPE: 100.0958%
2026-08-23 12:14: Horizon 22, MAE: 0.09, RMSE: 0.74, MAPE: 101.2593%
2026-08-23 12:14: Horizon 23, MAE: 0.09, RMSE: 0.74, MAPE: 100.9027%
2026-08-23 12:14: Horizon 24, MAE: 0.09, RMSE: 0.74, MAPE: 101.3408%
2026-08-23 12:14: Horizon 25, MAE: 0.09, RMSE: 0.74, MAPE: 102.4458%
2026-08-23 12:14: Horizon 26, MAE: 0.09, RMSE: 0.74, MAPE: 104.3807%
2026-08-23 12:14: Horizon 27, MAE: 0.09, RMSE: 0.74, MAPE: 100.3095%
2026-08-23 12:14: Horizon 28, MAE: 0.09, RMSE: 0.74, MAPE: 101.2962%
2026-08-23 12:14: Horizon 29, MAE: 0.09, RMSE: 0.74, MAPE: 100.8552%
2026-08-23 12:14: Horizon 30, MAE: 0.09, RMSE: 0.74, MAPE: 100.8331%
2026-08-23 12:14: Horizon 31, MAE: 0.09, RMSE: 0.74, MAPE: 106.1402%
2026-08-23 12:14: Horizon 32, MAE: 0.09, RMSE: 0.74, MAPE: 100.6333%
2026-08-23 12:14: Horizon 33, MAE: 0.09, RMSE: 0.74, MAPE: 105.8788%
2026-08-23 12:14: Horizon 34, MAE: 0.09, RMSE: 0.74, MAPE: 102.1313%
2026-08-23 12:14: Horizon 35, MAE: 0.09, RMSE: 0.74, MAPE: 102.7915%
2026-08-23 12:14: Horizon 36, MAE: 0.09, RMSE: 0.74, MAPE: 101.2940%
2026-08-23 12:14: Horizon 37, MAE: 0.09, RMSE: 0.74, MAPE: 103.8613%
2026-08-23 12:14: Horizon 38, MAE: 0.09, RMSE: 0.74, MAPE: 102.6102%
2026-08-23 12:14: Horizon 39, MAE: 0.09, RMSE: 0.74, MAPE: 102.7090%
2026-08-23 12:14: Horizon 40, MAE: 0.09, RMSE: 0.74, MAPE: 105.4324%
2026-08-23 12:14: Horizon 41, MAE: 0.09, RMSE: 0.74, MAPE: 99.6560%
2026-08-23 12:14: Horizon 42, MAE: 0.09, RMSE: 0.74, MAPE: 100.4580%
2026-08-23 12:14: Horizon 43, MAE: 0.09, RMSE: 0.74, MAPE: 110.6488%
2026-08-23 12:14: Horizon 44, MAE: 0.09, RMSE: 0.74, MAPE: 104.9890%
2026-08-23 12:14: Horizon 45, MAE: 0.09, RMSE: 0.74, MAPE: 136.9372%
2026-08-23 12:14: Horizon 46, MAE: 0.09, RMSE: 0.74, MAPE: 100.7658%
2026-08-23 12:14: Horizon 47, MAE: 0.09, RMSE: 0.74, MAPE: 101.7813%
2026-08-23 12:14: Horizon 48, MAE: 0.09, RMSE: 0.74, MAPE: 103.9182%
2026-08-23 12:14: Average Horizon, MAE: 0.09, RMSE: 0.74, MAPE: 103.9328%
2026-08-23 12:14: VPT (threshold=0.50): mean=0.99 steps, median=1.00, std=1.74, range=[0, 39]
