=================================================================
Running Run.py | Seed: 1
=================================================================
/scratch/chkkar002/Diffusion_Based_STGNNs/RealValue/AGCRN/lib/dataloader.py:80: UserWarning: The torch.cuda.*DtypeTensor constructors are no longer recommended. It's best to use methods such as torch.tensor(data, dtype=*, device='cuda') to create tensors. (Triggered internally at /pytorch/torch/csrc/tensor/python_tensor.cpp:78.)
  X, Y = TensorFloat(X), TensorFloat(Y)
wandb: [wandb.login()] Loaded credentials for https://api.wandb.ai from /home/chkkar002/.netrc.
wandb: Currently logged in as: chkkar002 (chkkar002-university-of-cape-town) to https://api.wandb.ai. Use `wandb login --relogin` to force relogin
wandb: WARNING Using a boolean value for 'reinit' is deprecated. Use 'return_previous' or 'finish_previous' instead.
wandb: setting up run zumcty6b
wandb: Tracking run with wandb version 0.26.1
wandb: Run data is saved locally in /scratch/chkkar002/Diffusion_Based_STGNNs/RealValue/AGCRN/model/wandb/run-20260823_082528-zumcty6b
wandb: Run `wandb offline` to turn off syncing.
wandb: Syncing run AGCRN_Rain
wandb: ⭐️ View project at https://wandb.ai/chkkar002-university-of-cape-town/stgnn-weather
wandb: 🚀 View run at https://wandb.ai/chkkar002-university-of-cape-town/stgnn-weather/runs/zumcty6b
2026-08-23 08:25: Experiment log path in: /scratch/chkkar002/Diffusion_Based_STGNNs/RealValue/AGCRN/model/experiments/SAWS/20260823082527
2026-08-23 08:25: Train Epoch 1: 0/1641 Loss: 0.631896
2026-08-23 08:25: Train Epoch 1: 20/1641 Loss: 0.598799
2026-08-23 08:25: Train Epoch 1: 40/1641 Loss: 0.355087
2026-08-23 08:25: Train Epoch 1: 60/1641 Loss: 0.217518
2026-08-23 08:25: Train Epoch 1: 80/1641 Loss: 0.156824
2026-08-23 08:25: Train Epoch 1: 100/1641 Loss: 0.103038
2026-08-23 08:25: Train Epoch 1: 120/1641 Loss: 0.064383
2026-08-23 08:25: Train Epoch 1: 140/1641 Loss: 0.084029
2026-08-23 08:25: Train Epoch 1: 160/1641 Loss: 0.105288
2026-08-23 08:25: Train Epoch 1: 180/1641 Loss: 0.098174
2026-08-23 08:25: Train Epoch 1: 200/1641 Loss: 0.087670
2026-08-23 08:26: Train Epoch 1: 220/1641 Loss: 0.134671
2026-08-23 08:26: Train Epoch 1: 240/1641 Loss: 0.049053
2026-08-23 08:26: Train Epoch 1: 260/1641 Loss: 0.083510
2026-08-23 08:26: Train Epoch 1: 280/1641 Loss: 0.084702
2026-08-23 08:26: Train Epoch 1: 300/1641 Loss: 0.139092
2026-08-23 08:26: Train Epoch 1: 320/1641 Loss: 0.084903
2026-08-23 08:26: Train Epoch 1: 340/1641 Loss: 0.121472
2026-08-23 08:26: Train Epoch 1: 360/1641 Loss: 0.112499
2026-08-23 08:26: Train Epoch 1: 380/1641 Loss: 0.095986
2026-08-23 08:26: Train Epoch 1: 400/1641 Loss: 0.080280
2026-08-23 08:26: Train Epoch 1: 420/1641 Loss: 0.123979
2026-08-23 08:26: Train Epoch 1: 440/1641 Loss: 0.125037
2026-08-23 08:26: Train Epoch 1: 460/1641 Loss: 0.088653
2026-08-23 08:26: Train Epoch 1: 480/1641 Loss: 0.100889
2026-08-23 08:26: Train Epoch 1: 500/1641 Loss: 0.108373
2026-08-23 08:26: Train Epoch 1: 520/1641 Loss: 0.106617
2026-08-23 08:26: Train Epoch 1: 540/1641 Loss: 0.106537
2026-08-23 08:26: Train Epoch 1: 560/1641 Loss: 0.113335
2026-08-23 08:26: Train Epoch 1: 580/1641 Loss: 0.132693
2026-08-23 08:26: Train Epoch 1: 600/1641 Loss: 0.129046
2026-08-23 08:26: Train Epoch 1: 620/1641 Loss: 0.137739
2026-08-23 08:26: Train Epoch 1: 640/1641 Loss: 0.112187
2026-08-23 08:27: Train Epoch 1: 660/1641 Loss: 0.111193
2026-08-23 08:27: Train Epoch 1: 680/1641 Loss: 0.079279
2026-08-23 08:27: Train Epoch 1: 700/1641 Loss: 0.082058
2026-08-23 08:27: Train Epoch 1: 720/1641 Loss: 0.114824
2026-08-23 08:27: Train Epoch 1: 740/1641 Loss: 0.118231
2026-08-23 08:27: Train Epoch 1: 760/1641 Loss: 0.084382
2026-08-23 08:27: Train Epoch 1: 780/1641 Loss: 0.143051
2026-08-23 08:27: Train Epoch 1: 800/1641 Loss: 0.117429
2026-08-23 08:27: Train Epoch 1: 820/1641 Loss: 0.140366
2026-08-23 08:27: Train Epoch 1: 840/1641 Loss: 0.133519
2026-08-23 08:27: Train Epoch 1: 860/1641 Loss: 0.054337
2026-08-23 08:27: Train Epoch 1: 880/1641 Loss: 0.086679
2026-08-23 08:27: Train Epoch 1: 900/1641 Loss: 0.138955
2026-08-23 08:27: Train Epoch 1: 920/1641 Loss: 0.141636
2026-08-23 08:27: Train Epoch 1: 940/1641 Loss: 0.093871
2026-08-23 08:27: Train Epoch 1: 960/1641 Loss: 0.096074
2026-08-23 08:27: Train Epoch 1: 980/1641 Loss: 0.080772
2026-08-23 08:27: Train Epoch 1: 1000/1641 Loss: 0.135381
2026-08-23 08:27: Train Epoch 1: 1020/1641 Loss: 0.092278
2026-08-23 08:27: Train Epoch 1: 1040/1641 Loss: 0.124583
2026-08-23 08:27: Train Epoch 1: 1060/1641 Loss: 0.111327
2026-08-23 08:27: Train Epoch 1: 1080/1641 Loss: 0.136934
2026-08-23 08:28: Train Epoch 1: 1100/1641 Loss: 0.118611
2026-08-23 08:28: Train Epoch 1: 1120/1641 Loss: 0.131784
2026-08-23 08:28: Train Epoch 1: 1140/1641 Loss: 0.070782
2026-08-23 08:28: Train Epoch 1: 1160/1641 Loss: 0.120375
2026-08-23 08:28: Train Epoch 1: 1180/1641 Loss: 0.107389
2026-08-23 08:28: Train Epoch 1: 1200/1641 Loss: 0.080634
2026-08-23 08:28: Train Epoch 1: 1220/1641 Loss: 0.162609
2026-08-23 08:28: Train Epoch 1: 1240/1641 Loss: 0.099224
2026-08-23 08:28: Train Epoch 1: 1260/1641 Loss: 0.093714
2026-08-23 08:28: Train Epoch 1: 1280/1641 Loss: 0.075663
2026-08-23 08:28: Train Epoch 1: 1300/1641 Loss: 0.120612
2026-08-23 08:28: Train Epoch 1: 1320/1641 Loss: 0.131723
2026-08-23 08:28: Train Epoch 1: 1340/1641 Loss: 0.123215
2026-08-23 08:28: Train Epoch 1: 1360/1641 Loss: 0.059954
2026-08-23 08:28: Train Epoch 1: 1380/1641 Loss: 0.135338
2026-08-23 08:28: Train Epoch 1: 1400/1641 Loss: 0.115571
2026-08-23 08:28: Train Epoch 1: 1420/1641 Loss: 0.109662
2026-08-23 08:28: Train Epoch 1: 1440/1641 Loss: 0.122545
2026-08-23 08:28: Train Epoch 1: 1460/1641 Loss: 0.141437
2026-08-23 08:28: Train Epoch 1: 1480/1641 Loss: 0.081342
2026-08-23 08:28: Train Epoch 1: 1500/1641 Loss: 0.107367
2026-08-23 08:28: Train Epoch 1: 1520/1641 Loss: 0.102963
2026-08-23 08:29: Train Epoch 1: 1540/1641 Loss: 0.113323
2026-08-23 08:29: Train Epoch 1: 1560/1641 Loss: 0.140180
2026-08-23 08:29: Train Epoch 1: 1580/1641 Loss: 0.080804
2026-08-23 08:29: Train Epoch 1: 1600/1641 Loss: 0.087577
2026-08-23 08:29: Train Epoch 1: 1620/1641 Loss: 0.120020
2026-08-23 08:29: Train Epoch 1: 1640/1641 Loss: 0.108531
2026-08-23 08:29: **********Train Epoch 1: averaged Loss: 0.115737, tf_ratio: 1.000000
2026-08-23 08:29: **********Val Epoch 1: average Loss: 0.137388
2026-08-23 08:29: *********************************Current best model saved!
2026-08-23 08:29: Train Epoch 2: 0/1641 Loss: 0.130637
2026-08-23 08:29: Train Epoch 2: 20/1641 Loss: 0.103993
2026-08-23 08:29: Train Epoch 2: 40/1641 Loss: 0.089507
2026-08-23 08:29: Train Epoch 2: 60/1641 Loss: 0.114394
2026-08-23 08:29: Train Epoch 2: 80/1641 Loss: 0.105785
2026-08-23 08:29: Train Epoch 2: 100/1641 Loss: 0.088964
2026-08-23 08:29: Train Epoch 2: 120/1641 Loss: 0.138017
2026-08-23 08:29: Train Epoch 2: 140/1641 Loss: 0.116146
2026-08-23 08:30: Train Epoch 2: 160/1641 Loss: 0.102197
2026-08-23 08:30: Train Epoch 2: 180/1641 Loss: 0.095405
2026-08-23 08:30: Train Epoch 2: 200/1641 Loss: 0.085490
2026-08-23 08:30: Train Epoch 2: 220/1641 Loss: 0.110605
2026-08-23 08:30: Train Epoch 2: 240/1641 Loss: 0.138503
2026-08-23 08:30: Train Epoch 2: 260/1641 Loss: 0.075062
2026-08-23 08:30: Train Epoch 2: 280/1641 Loss: 0.084636
2026-08-23 08:30: Train Epoch 2: 300/1641 Loss: 0.134281
2026-08-23 08:30: Train Epoch 2: 320/1641 Loss: 0.074433
2026-08-23 08:30: Train Epoch 2: 340/1641 Loss: 0.102732
2026-08-23 08:30: Train Epoch 2: 360/1641 Loss: 0.149673
2026-08-23 08:30: Train Epoch 2: 380/1641 Loss: 0.127761
2026-08-23 08:30: Train Epoch 2: 400/1641 Loss: 0.095448
2026-08-23 08:30: Train Epoch 2: 420/1641 Loss: 0.069385
2026-08-23 08:30: Train Epoch 2: 440/1641 Loss: 0.110609
2026-08-23 08:30: Train Epoch 2: 460/1641 Loss: 0.167316
2026-08-23 08:30: Train Epoch 2: 480/1641 Loss: 0.118804
2026-08-23 08:30: Train Epoch 2: 500/1641 Loss: 0.094646
2026-08-23 08:30: Train Epoch 2: 520/1641 Loss: 0.115928
2026-08-23 08:30: Train Epoch 2: 540/1641 Loss: 0.076497
2026-08-23 08:30: Train Epoch 2: 560/1641 Loss: 0.093679
2026-08-23 08:30: Train Epoch 2: 580/1641 Loss: 0.126890
2026-08-23 08:31: Train Epoch 2: 600/1641 Loss: 0.082507
2026-08-23 08:31: Train Epoch 2: 620/1641 Loss: 0.101147
2026-08-23 08:31: Train Epoch 2: 640/1641 Loss: 0.115662
2026-08-23 08:31: Train Epoch 2: 660/1641 Loss: 0.102548
2026-08-23 08:31: Train Epoch 2: 680/1641 Loss: 0.126990
2026-08-23 08:31: Train Epoch 2: 700/1641 Loss: 0.108157
2026-08-23 08:31: Train Epoch 2: 720/1641 Loss: 0.119973
2026-08-23 08:31: Train Epoch 2: 740/1641 Loss: 0.087551
2026-08-23 08:31: Train Epoch 2: 760/1641 Loss: 0.107391
2026-08-23 08:31: Train Epoch 2: 780/1641 Loss: 0.067066
2026-08-23 08:31: Train Epoch 2: 800/1641 Loss: 0.084440
2026-08-23 08:31: Train Epoch 2: 820/1641 Loss: 0.059326
2026-08-23 08:31: Train Epoch 2: 840/1641 Loss: 0.131707
2026-08-23 08:31: Train Epoch 2: 860/1641 Loss: 0.082163
2026-08-23 08:31: Train Epoch 2: 880/1641 Loss: 0.138898
2026-08-23 08:31: Train Epoch 2: 900/1641 Loss: 0.088216
2026-08-23 08:31: Train Epoch 2: 920/1641 Loss: 0.063625
2026-08-23 08:31: Train Epoch 2: 940/1641 Loss: 0.075050
2026-08-23 08:31: Train Epoch 2: 960/1641 Loss: 0.112041
2026-08-23 08:31: Train Epoch 2: 980/1641 Loss: 0.141012
2026-08-23 08:31: Train Epoch 2: 1000/1641 Loss: 0.086338
2026-08-23 08:31: Train Epoch 2: 1020/1641 Loss: 0.084806
2026-08-23 08:32: Train Epoch 2: 1040/1641 Loss: 0.121204
2026-08-23 08:32: Train Epoch 2: 1060/1641 Loss: 0.137403
2026-08-23 08:32: Train Epoch 2: 1080/1641 Loss: 0.095368
2026-08-23 08:32: Train Epoch 2: 1100/1641 Loss: 0.088187
2026-08-23 08:32: Train Epoch 2: 1120/1641 Loss: 0.092796
2026-08-23 08:32: Train Epoch 2: 1140/1641 Loss: 0.072560
2026-08-23 08:32: Train Epoch 2: 1160/1641 Loss: 0.107545
2026-08-23 08:32: Train Epoch 2: 1180/1641 Loss: 0.057021
2026-08-23 08:32: Train Epoch 2: 1200/1641 Loss: 0.100914
2026-08-23 08:32: Train Epoch 2: 1220/1641 Loss: 0.129125
2026-08-23 08:32: Train Epoch 2: 1240/1641 Loss: 0.124008
2026-08-23 08:32: Train Epoch 2: 1260/1641 Loss: 0.052557
2026-08-23 08:32: Train Epoch 2: 1280/1641 Loss: 0.085911
2026-08-23 08:32: Train Epoch 2: 1300/1641 Loss: 0.091221
2026-08-23 08:32: Train Epoch 2: 1320/1641 Loss: 0.083203
2026-08-23 08:32: Train Epoch 2: 1340/1641 Loss: 0.115098
2026-08-23 08:32: Train Epoch 2: 1360/1641 Loss: 0.120694
2026-08-23 08:32: Train Epoch 2: 1380/1641 Loss: 0.102656
2026-08-23 08:32: Train Epoch 2: 1400/1641 Loss: 0.162422
2026-08-23 08:32: Train Epoch 2: 1420/1641 Loss: 0.155216
2026-08-23 08:32: Train Epoch 2: 1440/1641 Loss: 0.097922
2026-08-23 08:33: Train Epoch 2: 1460/1641 Loss: 0.066330
2026-08-23 08:33: Train Epoch 2: 1480/1641 Loss: 0.081967
2026-08-23 08:33: Train Epoch 2: 1500/1641 Loss: 0.094155
2026-08-23 08:33: Train Epoch 2: 1520/1641 Loss: 0.106724
2026-08-23 08:33: Train Epoch 2: 1540/1641 Loss: 0.066581
2026-08-23 08:33: Train Epoch 2: 1560/1641 Loss: 0.178075
2026-08-23 08:33: Train Epoch 2: 1580/1641 Loss: 0.065413
2026-08-23 08:33: Train Epoch 2: 1600/1641 Loss: 0.170729
2026-08-23 08:33: Train Epoch 2: 1620/1641 Loss: 0.119660
2026-08-23 08:33: Train Epoch 2: 1640/1641 Loss: 0.111430
2026-08-23 08:33: **********Train Epoch 2: averaged Loss: 0.101592, tf_ratio: 1.000000
2026-08-23 08:33: **********Val Epoch 2: average Loss: 0.137259
2026-08-23 08:33: *********************************Current best model saved!
2026-08-23 08:33: Train Epoch 3: 0/1641 Loss: 0.086639
2026-08-23 08:33: Train Epoch 3: 20/1641 Loss: 0.062131
2026-08-23 08:33: Train Epoch 3: 40/1641 Loss: 0.091565
2026-08-23 08:33: Train Epoch 3: 60/1641 Loss: 0.132512
2026-08-23 08:33: Train Epoch 3: 80/1641 Loss: 0.131806
2026-08-23 08:34: Train Epoch 3: 100/1641 Loss: 0.115933
2026-08-23 08:34: Train Epoch 3: 120/1641 Loss: 0.087181
2026-08-23 08:34: Train Epoch 3: 140/1641 Loss: 0.129507
2026-08-23 08:34: Train Epoch 3: 160/1641 Loss: 0.120092
2026-08-23 08:34: Train Epoch 3: 180/1641 Loss: 0.109974
2026-08-23 08:34: Train Epoch 3: 200/1641 Loss: 0.112158
2026-08-23 08:34: Train Epoch 3: 220/1641 Loss: 0.066969
2026-08-23 08:34: Train Epoch 3: 240/1641 Loss: 0.114191
2026-08-23 08:34: Train Epoch 3: 260/1641 Loss: 0.105902
2026-08-23 08:34: Train Epoch 3: 280/1641 Loss: 0.104875
2026-08-23 08:34: Train Epoch 3: 300/1641 Loss: 0.108403
2026-08-23 08:34: Train Epoch 3: 320/1641 Loss: 0.110333
2026-08-23 08:34: Train Epoch 3: 340/1641 Loss: 0.125460
2026-08-23 08:34: Train Epoch 3: 360/1641 Loss: 0.097466
2026-08-23 08:34: Train Epoch 3: 380/1641 Loss: 0.114430
2026-08-23 08:34: Train Epoch 3: 400/1641 Loss: 0.181308
2026-08-23 08:34: Train Epoch 3: 420/1641 Loss: 0.100285
2026-08-23 08:34: Train Epoch 3: 440/1641 Loss: 0.112564
2026-08-23 08:34: Train Epoch 3: 460/1641 Loss: 0.098899
2026-08-23 08:34: Train Epoch 3: 480/1641 Loss: 0.136511
2026-08-23 08:34: Train Epoch 3: 500/1641 Loss: 0.069658
2026-08-23 08:34: Train Epoch 3: 520/1641 Loss: 0.089703
2026-08-23 08:35: Train Epoch 3: 540/1641 Loss: 0.097124
2026-08-23 08:35: Train Epoch 3: 560/1641 Loss: 0.133787
2026-08-23 08:35: Train Epoch 3: 580/1641 Loss: 0.101587
2026-08-23 08:35: Train Epoch 3: 600/1641 Loss: 0.114947
2026-08-23 08:35: Train Epoch 3: 620/1641 Loss: 0.160033
2026-08-23 08:35: Train Epoch 3: 640/1641 Loss: 0.145934
2026-08-23 08:35: Train Epoch 3: 660/1641 Loss: 0.157002
2026-08-23 08:35: Train Epoch 3: 680/1641 Loss: 0.053902
2026-08-23 08:35: Train Epoch 3: 700/1641 Loss: 0.064167
2026-08-23 08:35: Train Epoch 3: 720/1641 Loss: 0.078847
2026-08-23 08:35: Train Epoch 3: 740/1641 Loss: 0.105073
2026-08-23 08:35: Train Epoch 3: 760/1641 Loss: 0.077597
2026-08-23 08:35: Train Epoch 3: 780/1641 Loss: 0.096361
2026-08-23 08:35: Train Epoch 3: 800/1641 Loss: 0.086312
2026-08-23 08:35: Train Epoch 3: 820/1641 Loss: 0.111018
2026-08-23 08:35: Train Epoch 3: 840/1641 Loss: 0.069249
2026-08-23 08:35: Train Epoch 3: 860/1641 Loss: 0.122834
2026-08-23 08:35: Train Epoch 3: 880/1641 Loss: 0.099996
2026-08-23 08:35: Train Epoch 3: 900/1641 Loss: 0.074769
2026-08-23 08:35: Train Epoch 3: 920/1641 Loss: 0.091644
2026-08-23 08:35: Train Epoch 3: 940/1641 Loss: 0.130388
2026-08-23 08:35: Train Epoch 3: 960/1641 Loss: 0.095524
2026-08-23 08:35: Train Epoch 3: 980/1641 Loss: 0.104675
2026-08-23 08:36: Train Epoch 3: 1000/1641 Loss: 0.069170
2026-08-23 08:36: Train Epoch 3: 1020/1641 Loss: 0.093752
2026-08-23 08:36: Train Epoch 3: 1040/1641 Loss: 0.071143
2026-08-23 08:36: Train Epoch 3: 1060/1641 Loss: 0.069208
2026-08-23 08:36: Train Epoch 3: 1080/1641 Loss: 0.093089
2026-08-23 08:36: Train Epoch 3: 1100/1641 Loss: 0.136021
2026-08-23 08:36: Train Epoch 3: 1120/1641 Loss: 0.095870
2026-08-23 08:36: Train Epoch 3: 1140/1641 Loss: 0.122440
2026-08-23 08:36: Train Epoch 3: 1160/1641 Loss: 0.096331
2026-08-23 08:36: Train Epoch 3: 1180/1641 Loss: 0.076527
2026-08-23 08:36: Train Epoch 3: 1200/1641 Loss: 0.158212
2026-08-23 08:36: Train Epoch 3: 1220/1641 Loss: 0.085395
2026-08-23 08:36: Train Epoch 3: 1240/1641 Loss: 0.165683
2026-08-23 08:36: Train Epoch 3: 1260/1641 Loss: 0.092938
2026-08-23 08:36: Train Epoch 3: 1280/1641 Loss: 0.077898
2026-08-23 08:36: Train Epoch 3: 1300/1641 Loss: 0.103533
2026-08-23 08:36: Train Epoch 3: 1320/1641 Loss: 0.070742
2026-08-23 08:36: Train Epoch 3: 1340/1641 Loss: 0.105109
2026-08-23 08:36: Train Epoch 3: 1360/1641 Loss: 0.087910
2026-08-23 08:36: Train Epoch 3: 1380/1641 Loss: 0.115595
2026-08-23 08:36: Train Epoch 3: 1400/1641 Loss: 0.083902
2026-08-23 08:36: Train Epoch 3: 1420/1641 Loss: 0.120231
2026-08-23 08:37: Train Epoch 3: 1440/1641 Loss: 0.070887
2026-08-23 08:37: Train Epoch 3: 1460/1641 Loss: 0.105147
2026-08-23 08:37: Train Epoch 3: 1480/1641 Loss: 0.048834
2026-08-23 08:37: Train Epoch 3: 1500/1641 Loss: 0.047156
2026-08-23 08:37: Train Epoch 3: 1520/1641 Loss: 0.111487
2026-08-23 08:37: Train Epoch 3: 1540/1641 Loss: 0.128113
2026-08-23 08:37: Train Epoch 3: 1560/1641 Loss: 0.095859
2026-08-23 08:37: Train Epoch 3: 1580/1641 Loss: 0.082703
2026-08-23 08:37: Train Epoch 3: 1600/1641 Loss: 0.074631
2026-08-23 08:37: Train Epoch 3: 1620/1641 Loss: 0.115217
2026-08-23 08:37: Train Epoch 3: 1640/1641 Loss: 0.092842
2026-08-23 08:37: **********Train Epoch 3: averaged Loss: 0.101645, tf_ratio: 1.000000
2026-08-23 08:37: **********Val Epoch 3: average Loss: 0.137253
2026-08-23 08:37: *********************************Current best model saved!
2026-08-23 08:37: Train Epoch 4: 0/1641 Loss: 0.098706
2026-08-23 08:37: Train Epoch 4: 20/1641 Loss: 0.101985
2026-08-23 08:37: Train Epoch 4: 40/1641 Loss: 0.100063
2026-08-23 08:37: Train Epoch 4: 60/1641 Loss: 0.153442
2026-08-23 08:37: Train Epoch 4: 80/1641 Loss: 0.079571
2026-08-23 08:38: Train Epoch 4: 100/1641 Loss: 0.115736
2026-08-23 08:38: Train Epoch 4: 120/1641 Loss: 0.112939
2026-08-23 08:38: Train Epoch 4: 140/1641 Loss: 0.061453
2026-08-23 08:38: Train Epoch 4: 160/1641 Loss: 0.076507
2026-08-23 08:38: Train Epoch 4: 180/1641 Loss: 0.102106
2026-08-23 08:38: Train Epoch 4: 200/1641 Loss: 0.086830
2026-08-23 08:38: Train Epoch 4: 220/1641 Loss: 0.086871
2026-08-23 08:38: Train Epoch 4: 240/1641 Loss: 0.062220
2026-08-23 08:38: Train Epoch 4: 260/1641 Loss: 0.162539
2026-08-23 08:38: Train Epoch 4: 280/1641 Loss: 0.087487
2026-08-23 08:38: Train Epoch 4: 300/1641 Loss: 0.079230
2026-08-23 08:38: Train Epoch 4: 320/1641 Loss: 0.149120
2026-08-23 08:38: Train Epoch 4: 340/1641 Loss: 0.115929
2026-08-23 08:38: Train Epoch 4: 360/1641 Loss: 0.075119
2026-08-23 08:38: Train Epoch 4: 380/1641 Loss: 0.090425
2026-08-23 08:38: Train Epoch 4: 400/1641 Loss: 0.086414
2026-08-23 08:38: Train Epoch 4: 420/1641 Loss: 0.070204
2026-08-23 08:38: Train Epoch 4: 440/1641 Loss: 0.103864
2026-08-23 08:38: Train Epoch 4: 460/1641 Loss: 0.076150
2026-08-23 08:38: Train Epoch 4: 480/1641 Loss: 0.081535
2026-08-23 08:38: Train Epoch 4: 500/1641 Loss: 0.141504
2026-08-23 08:38: Train Epoch 4: 520/1641 Loss: 0.060514
2026-08-23 08:39: Train Epoch 4: 540/1641 Loss: 0.111988
2026-08-23 08:39: Train Epoch 4: 560/1641 Loss: 0.117875
2026-08-23 08:39: Train Epoch 4: 580/1641 Loss: 0.111782
2026-08-23 08:39: Train Epoch 4: 600/1641 Loss: 0.113926
2026-08-23 08:39: Train Epoch 4: 620/1641 Loss: 0.158464
2026-08-23 08:39: Train Epoch 4: 640/1641 Loss: 0.087502
2026-08-23 08:39: Train Epoch 4: 660/1641 Loss: 0.118470
2026-08-23 08:39: Train Epoch 4: 680/1641 Loss: 0.060998
2026-08-23 08:39: Train Epoch 4: 700/1641 Loss: 0.120449
2026-08-23 08:39: Train Epoch 4: 720/1641 Loss: 0.115577
2026-08-23 08:39: Train Epoch 4: 740/1641 Loss: 0.142280
2026-08-23 08:39: Train Epoch 4: 760/1641 Loss: 0.058517
2026-08-23 08:39: Train Epoch 4: 780/1641 Loss: 0.090951
2026-08-23 08:39: Train Epoch 4: 800/1641 Loss: 0.127826
2026-08-23 08:39: Train Epoch 4: 820/1641 Loss: 0.134342
2026-08-23 08:39: Train Epoch 4: 840/1641 Loss: 0.069553
2026-08-23 08:39: Train Epoch 4: 860/1641 Loss: 0.081626
2026-08-23 08:39: Train Epoch 4: 880/1641 Loss: 0.089507
2026-08-23 08:39: Train Epoch 4: 900/1641 Loss: 0.119665
2026-08-23 08:39: Train Epoch 4: 920/1641 Loss: 0.084514
2026-08-23 08:39: Train Epoch 4: 940/1641 Loss: 0.105985
2026-08-23 08:39: Train Epoch 4: 960/1641 Loss: 0.103473
2026-08-23 08:39: Train Epoch 4: 980/1641 Loss: 0.082811
2026-08-23 08:40: Train Epoch 4: 1000/1641 Loss: 0.101961
2026-08-23 08:40: Train Epoch 4: 1020/1641 Loss: 0.138383
2026-08-23 08:40: Train Epoch 4: 1040/1641 Loss: 0.078789
2026-08-23 08:40: Train Epoch 4: 1060/1641 Loss: 0.115785
2026-08-23 08:40: Train Epoch 4: 1080/1641 Loss: 0.103531
2026-08-23 08:40: Train Epoch 4: 1100/1641 Loss: 0.134602
2026-08-23 08:40: Train Epoch 4: 1120/1641 Loss: 0.126438
2026-08-23 08:40: Train Epoch 4: 1140/1641 Loss: 0.153451
2026-08-23 08:40: Train Epoch 4: 1160/1641 Loss: 0.117320
2026-08-23 08:40: Train Epoch 4: 1180/1641 Loss: 0.114534
2026-08-23 08:40: Train Epoch 4: 1200/1641 Loss: 0.182307
2026-08-23 08:40: Train Epoch 4: 1220/1641 Loss: 0.096254
2026-08-23 08:40: Train Epoch 4: 1240/1641 Loss: 0.132739
2026-08-23 08:40: Train Epoch 4: 1260/1641 Loss: 0.103759
2026-08-23 08:40: Train Epoch 4: 1280/1641 Loss: 0.080768
2026-08-23 08:40: Train Epoch 4: 1300/1641 Loss: 0.080658
2026-08-23 08:40: Train Epoch 4: 1320/1641 Loss: 0.094617
2026-08-23 08:40: Train Epoch 4: 1340/1641 Loss: 0.059283
2026-08-23 08:40: Train Epoch 4: 1360/1641 Loss: 0.107637
2026-08-23 08:40: Train Epoch 4: 1380/1641 Loss: 0.106188
2026-08-23 08:40: Train Epoch 4: 1400/1641 Loss: 0.077765
2026-08-23 08:40: Train Epoch 4: 1420/1641 Loss: 0.177342
2026-08-23 08:40: Train Epoch 4: 1440/1641 Loss: 0.129197
2026-08-23 08:41: Train Epoch 4: 1460/1641 Loss: 0.102952
2026-08-23 08:41: Train Epoch 4: 1480/1641 Loss: 0.109643
2026-08-23 08:41: Train Epoch 4: 1500/1641 Loss: 0.128689
2026-08-23 08:41: Train Epoch 4: 1520/1641 Loss: 0.077099
2026-08-23 08:41: Train Epoch 4: 1540/1641 Loss: 0.069240
2026-08-23 08:41: Train Epoch 4: 1560/1641 Loss: 0.132748
2026-08-23 08:41: Train Epoch 4: 1580/1641 Loss: 0.097424
2026-08-23 08:41: Train Epoch 4: 1600/1641 Loss: 0.094026
2026-08-23 08:41: Train Epoch 4: 1620/1641 Loss: 0.112236
2026-08-23 08:41: Train Epoch 4: 1640/1641 Loss: 0.127030
2026-08-23 08:41: **********Train Epoch 4: averaged Loss: 0.101688, tf_ratio: 1.000000
2026-08-23 08:41: **********Val Epoch 4: average Loss: 0.137159
2026-08-23 08:41: *********************************Current best model saved!
2026-08-23 08:41: Train Epoch 5: 0/1641 Loss: 0.085095
2026-08-23 08:41: Train Epoch 5: 20/1641 Loss: 0.074085
2026-08-23 08:41: Train Epoch 5: 40/1641 Loss: 0.110070
2026-08-23 08:41: Train Epoch 5: 60/1641 Loss: 0.102132
2026-08-23 08:41: Train Epoch 5: 80/1641 Loss: 0.092572
2026-08-23 08:42: Train Epoch 5: 100/1641 Loss: 0.089327
2026-08-23 08:42: Train Epoch 5: 120/1641 Loss: 0.089096
2026-08-23 08:42: Train Epoch 5: 140/1641 Loss: 0.122395
2026-08-23 08:42: Train Epoch 5: 160/1641 Loss: 0.086764
2026-08-23 08:42: Train Epoch 5: 180/1641 Loss: 0.074550
2026-08-23 08:42: Train Epoch 5: 200/1641 Loss: 0.084739
2026-08-23 08:42: Train Epoch 5: 220/1641 Loss: 0.131476
2026-08-23 08:42: Train Epoch 5: 240/1641 Loss: 0.076428
2026-08-23 08:42: Train Epoch 5: 260/1641 Loss: 0.070513
2026-08-23 08:42: Train Epoch 5: 280/1641 Loss: 0.078467
2026-08-23 08:42: Train Epoch 5: 300/1641 Loss: 0.067948
2026-08-23 08:42: Train Epoch 5: 320/1641 Loss: 0.114504
2026-08-23 08:42: Train Epoch 5: 340/1641 Loss: 0.135582
2026-08-23 08:42: Train Epoch 5: 360/1641 Loss: 0.115852
2026-08-23 08:42: Train Epoch 5: 380/1641 Loss: 0.080201
2026-08-23 08:42: Train Epoch 5: 400/1641 Loss: 0.088738
2026-08-23 08:42: Train Epoch 5: 420/1641 Loss: 0.116597
2026-08-23 08:42: Train Epoch 5: 440/1641 Loss: 0.118458
2026-08-23 08:42: Train Epoch 5: 460/1641 Loss: 0.118378
2026-08-23 08:42: Train Epoch 5: 480/1641 Loss: 0.166503
2026-08-23 08:42: Train Epoch 5: 500/1641 Loss: 0.127976
2026-08-23 08:42: Train Epoch 5: 520/1641 Loss: 0.066638
2026-08-23 08:42: Train Epoch 5: 540/1641 Loss: 0.127183
2026-08-23 08:43: Train Epoch 5: 560/1641 Loss: 0.067463
2026-08-23 08:43: Train Epoch 5: 580/1641 Loss: 0.110046
2026-08-23 08:43: Train Epoch 5: 600/1641 Loss: 0.088178
2026-08-23 08:43: Train Epoch 5: 620/1641 Loss: 0.089406
2026-08-23 08:43: Train Epoch 5: 640/1641 Loss: 0.048194
2026-08-23 08:43: Train Epoch 5: 660/1641 Loss: 0.092711
2026-08-23 08:43: Train Epoch 5: 680/1641 Loss: 0.104280
2026-08-23 08:43: Train Epoch 5: 700/1641 Loss: 0.108714
2026-08-23 08:43: Train Epoch 5: 720/1641 Loss: 0.069953
2026-08-23 08:43: Train Epoch 5: 740/1641 Loss: 0.097261
2026-08-23 08:43: Train Epoch 5: 760/1641 Loss: 0.099508
2026-08-23 08:43: Train Epoch 5: 780/1641 Loss: 0.105226
2026-08-23 08:43: Train Epoch 5: 800/1641 Loss: 0.082462
2026-08-23 08:43: Train Epoch 5: 820/1641 Loss: 0.152039
2026-08-23 08:43: Train Epoch 5: 840/1641 Loss: 0.050367
2026-08-23 08:43: Train Epoch 5: 860/1641 Loss: 0.072788
2026-08-23 08:43: Train Epoch 5: 880/1641 Loss: 0.122103
2026-08-23 08:43: Train Epoch 5: 900/1641 Loss: 0.122143
2026-08-23 08:43: Train Epoch 5: 920/1641 Loss: 0.120784
2026-08-23 08:43: Train Epoch 5: 940/1641 Loss: 0.079467
2026-08-23 08:43: Train Epoch 5: 960/1641 Loss: 0.092894
2026-08-23 08:43: Train Epoch 5: 980/1641 Loss: 0.117119
2026-08-23 08:44: Train Epoch 5: 1000/1641 Loss: 0.089198
2026-08-23 08:44: Train Epoch 5: 1020/1641 Loss: 0.154600
2026-08-23 08:44: Train Epoch 5: 1040/1641 Loss: 0.111768
2026-08-23 08:44: Train Epoch 5: 1060/1641 Loss: 0.084952
2026-08-23 08:44: Train Epoch 5: 1080/1641 Loss: 0.142491
2026-08-23 08:44: Train Epoch 5: 1100/1641 Loss: 0.118605
2026-08-23 08:44: Train Epoch 5: 1120/1641 Loss: 0.130915
2026-08-23 08:44: Train Epoch 5: 1140/1641 Loss: 0.067886
2026-08-23 08:44: Train Epoch 5: 1160/1641 Loss: 0.084941
2026-08-23 08:44: Train Epoch 5: 1180/1641 Loss: 0.043766
2026-08-23 08:44: Train Epoch 5: 1200/1641 Loss: 0.104793
2026-08-23 08:44: Train Epoch 5: 1220/1641 Loss: 0.079504
2026-08-23 08:44: Train Epoch 5: 1240/1641 Loss: 0.112688
2026-08-23 08:44: Train Epoch 5: 1260/1641 Loss: 0.126163
2026-08-23 08:44: Train Epoch 5: 1280/1641 Loss: 0.144937
2026-08-23 08:44: Train Epoch 5: 1300/1641 Loss: 0.066670
2026-08-23 08:44: Train Epoch 5: 1320/1641 Loss: 0.119293
2026-08-23 08:44: Train Epoch 5: 1340/1641 Loss: 0.118849
2026-08-23 08:44: Train Epoch 5: 1360/1641 Loss: 0.118522
2026-08-23 08:44: Train Epoch 5: 1380/1641 Loss: 0.122250
2026-08-23 08:44: Train Epoch 5: 1400/1641 Loss: 0.144871
2026-08-23 08:44: Train Epoch 5: 1420/1641 Loss: 0.103063
2026-08-23 08:45: Train Epoch 5: 1440/1641 Loss: 0.097892
2026-08-23 08:45: Train Epoch 5: 1460/1641 Loss: 0.117685
2026-08-23 08:45: Train Epoch 5: 1480/1641 Loss: 0.088732
2026-08-23 08:45: Train Epoch 5: 1500/1641 Loss: 0.117027
2026-08-23 08:45: Train Epoch 5: 1520/1641 Loss: 0.168969
2026-08-23 08:45: Train Epoch 5: 1540/1641 Loss: 0.080205
2026-08-23 08:45: Train Epoch 5: 1560/1641 Loss: 0.074403
2026-08-23 08:45: Train Epoch 5: 1580/1641 Loss: 0.112437
2026-08-23 08:45: Train Epoch 5: 1600/1641 Loss: 0.091744
2026-08-23 08:45: Train Epoch 5: 1620/1641 Loss: 0.103155
2026-08-23 08:45: Train Epoch 5: 1640/1641 Loss: 0.110685
2026-08-23 08:45: **********Train Epoch 5: averaged Loss: 0.101721, tf_ratio: 1.000000
2026-08-23 08:45: **********Val Epoch 5: average Loss: 0.137482
2026-08-23 08:45: Train Epoch 6: 0/1641 Loss: 0.144402
2026-08-23 08:45: Train Epoch 6: 20/1641 Loss: 0.078801
2026-08-23 08:45: Train Epoch 6: 40/1641 Loss: 0.087415
2026-08-23 08:45: Train Epoch 6: 60/1641 Loss: 0.087663
2026-08-23 08:46: Train Epoch 6: 80/1641 Loss: 0.118930
2026-08-23 08:46: Train Epoch 6: 100/1641 Loss: 0.100109
2026-08-23 08:46: Train Epoch 6: 120/1641 Loss: 0.152894
2026-08-23 08:46: Train Epoch 6: 140/1641 Loss: 0.108627
2026-08-23 08:46: Train Epoch 6: 160/1641 Loss: 0.101078
2026-08-23 08:46: Train Epoch 6: 180/1641 Loss: 0.113631
2026-08-23 08:46: Train Epoch 6: 200/1641 Loss: 0.092003
2026-08-23 08:46: Train Epoch 6: 220/1641 Loss: 0.125150
2026-08-23 08:46: Train Epoch 6: 240/1641 Loss: 0.081891
2026-08-23 08:46: Train Epoch 6: 260/1641 Loss: 0.072641
2026-08-23 08:46: Train Epoch 6: 280/1641 Loss: 0.114585
2026-08-23 08:46: Train Epoch 6: 300/1641 Loss: 0.161511
2026-08-23 08:46: Train Epoch 6: 320/1641 Loss: 0.132570
2026-08-23 08:46: Train Epoch 6: 340/1641 Loss: 0.088392
2026-08-23 08:46: Train Epoch 6: 360/1641 Loss: 0.102993
2026-08-23 08:46: Train Epoch 6: 380/1641 Loss: 0.112588
2026-08-23 08:46: Train Epoch 6: 400/1641 Loss: 0.076533
2026-08-23 08:46: Train Epoch 6: 420/1641 Loss: 0.146700
2026-08-23 08:46: Train Epoch 6: 440/1641 Loss: 0.110947
2026-08-23 08:46: Train Epoch 6: 460/1641 Loss: 0.070586
2026-08-23 08:46: Train Epoch 6: 480/1641 Loss: 0.107998
2026-08-23 08:46: Train Epoch 6: 500/1641 Loss: 0.101625
2026-08-23 08:46: Train Epoch 6: 520/1641 Loss: 0.156332
2026-08-23 08:47: Train Epoch 6: 540/1641 Loss: 0.126450
2026-08-23 08:47: Train Epoch 6: 560/1641 Loss: 0.060208
2026-08-23 08:47: Train Epoch 6: 580/1641 Loss: 0.103921
2026-08-23 08:47: Train Epoch 6: 600/1641 Loss: 0.111861
2026-08-23 08:47: Train Epoch 6: 620/1641 Loss: 0.075682
2026-08-23 08:47: Train Epoch 6: 640/1641 Loss: 0.077238
2026-08-23 08:47: Train Epoch 6: 660/1641 Loss: 0.117195
2026-08-23 08:47: Train Epoch 6: 680/1641 Loss: 0.118362
2026-08-23 08:47: Train Epoch 6: 700/1641 Loss: 0.082011
2026-08-23 08:47: Train Epoch 6: 720/1641 Loss: 0.096577
2026-08-23 08:47: Train Epoch 6: 740/1641 Loss: 0.160766
2026-08-23 08:47: Train Epoch 6: 760/1641 Loss: 0.075225
2026-08-23 08:47: Train Epoch 6: 780/1641 Loss: 0.112145
2026-08-23 08:47: Train Epoch 6: 800/1641 Loss: 0.043172
2026-08-23 08:47: Train Epoch 6: 820/1641 Loss: 0.105192
2026-08-23 08:47: Train Epoch 6: 840/1641 Loss: 0.103918
2026-08-23 08:47: Train Epoch 6: 860/1641 Loss: 0.134892
2026-08-23 08:47: Train Epoch 6: 880/1641 Loss: 0.152405
2026-08-23 08:47: Train Epoch 6: 900/1641 Loss: 0.085124
2026-08-23 08:47: Train Epoch 6: 920/1641 Loss: 0.072616
2026-08-23 08:47: Train Epoch 6: 940/1641 Loss: 0.129564
2026-08-23 08:47: Train Epoch 6: 960/1641 Loss: 0.100561
2026-08-23 08:47: Train Epoch 6: 980/1641 Loss: 0.120293
2026-08-23 08:48: Train Epoch 6: 1000/1641 Loss: 0.101967
2026-08-23 08:48: Train Epoch 6: 1020/1641 Loss: 0.088086
2026-08-23 08:48: Train Epoch 6: 1040/1641 Loss: 0.129858
2026-08-23 08:48: Train Epoch 6: 1060/1641 Loss: 0.119021
2026-08-23 08:48: Train Epoch 6: 1080/1641 Loss: 0.064462
2026-08-23 08:48: Train Epoch 6: 1100/1641 Loss: 0.094210
2026-08-23 08:48: Train Epoch 6: 1120/1641 Loss: 0.137237
2026-08-23 08:48: Train Epoch 6: 1140/1641 Loss: 0.056568
2026-08-23 08:48: Train Epoch 6: 1160/1641 Loss: 0.096834
2026-08-23 08:48: Train Epoch 6: 1180/1641 Loss: 0.078183
2026-08-23 08:48: Train Epoch 6: 1200/1641 Loss: 0.141354
2026-08-23 08:48: Train Epoch 6: 1220/1641 Loss: 0.128956
2026-08-23 08:48: Train Epoch 6: 1240/1641 Loss: 0.095569
2026-08-23 08:48: Train Epoch 6: 1260/1641 Loss: 0.077145
2026-08-23 08:48: Train Epoch 6: 1280/1641 Loss: 0.033166
2026-08-23 08:48: Train Epoch 6: 1300/1641 Loss: 0.104559
2026-08-23 08:48: Train Epoch 6: 1320/1641 Loss: 0.124810
2026-08-23 08:48: Train Epoch 6: 1340/1641 Loss: 0.096848
2026-08-23 08:48: Train Epoch 6: 1360/1641 Loss: 0.100096
2026-08-23 08:48: Train Epoch 6: 1380/1641 Loss: 0.106680
2026-08-23 08:48: Train Epoch 6: 1400/1641 Loss: 0.125513
2026-08-23 08:48: Train Epoch 6: 1420/1641 Loss: 0.084531
2026-08-23 08:48: Train Epoch 6: 1440/1641 Loss: 0.146150
2026-08-23 08:49: Train Epoch 6: 1460/1641 Loss: 0.107961
2026-08-23 08:49: Train Epoch 6: 1480/1641 Loss: 0.117948
2026-08-23 08:49: Train Epoch 6: 1500/1641 Loss: 0.090251
2026-08-23 08:49: Train Epoch 6: 1520/1641 Loss: 0.079450
2026-08-23 08:49: Train Epoch 6: 1540/1641 Loss: 0.098516
2026-08-23 08:49: Train Epoch 6: 1560/1641 Loss: 0.125485
2026-08-23 08:49: Train Epoch 6: 1580/1641 Loss: 0.095377
2026-08-23 08:49: Train Epoch 6: 1600/1641 Loss: 0.095185
2026-08-23 08:49: Train Epoch 6: 1620/1641 Loss: 0.066150
2026-08-23 08:49: Train Epoch 6: 1640/1641 Loss: 0.063428
2026-08-23 08:49: **********Train Epoch 6: averaged Loss: 0.101772, tf_ratio: 1.000000
2026-08-23 08:49: **********Val Epoch 6: average Loss: 0.137430
2026-08-23 08:49: Train Epoch 7: 0/1641 Loss: 0.118817
2026-08-23 08:49: Train Epoch 7: 20/1641 Loss: 0.108179
2026-08-23 08:49: Train Epoch 7: 40/1641 Loss: 0.067011
2026-08-23 08:49: Train Epoch 7: 60/1641 Loss: 0.103562
2026-08-23 08:49: Train Epoch 7: 80/1641 Loss: 0.080889
2026-08-23 08:50: Train Epoch 7: 100/1641 Loss: 0.083184
2026-08-23 08:50: Train Epoch 7: 120/1641 Loss: 0.093893
2026-08-23 08:50: Train Epoch 7: 140/1641 Loss: 0.116027
2026-08-23 08:50: Train Epoch 7: 160/1641 Loss: 0.109981
2026-08-23 08:50: Train Epoch 7: 180/1641 Loss: 0.114750
2026-08-23 08:50: Train Epoch 7: 200/1641 Loss: 0.105421
2026-08-23 08:50: Train Epoch 7: 220/1641 Loss: 0.097417
2026-08-23 08:50: Train Epoch 7: 240/1641 Loss: 0.095167
2026-08-23 08:50: Train Epoch 7: 260/1641 Loss: 0.071635
2026-08-23 08:50: Train Epoch 7: 280/1641 Loss: 0.121606
2026-08-23 08:50: Train Epoch 7: 300/1641 Loss: 0.079323
2026-08-23 08:50: Train Epoch 7: 320/1641 Loss: 0.109680
2026-08-23 08:50: Train Epoch 7: 340/1641 Loss: 0.105022
2026-08-23 08:50: Train Epoch 7: 360/1641 Loss: 0.100800
2026-08-23 08:50: Train Epoch 7: 380/1641 Loss: 0.114146
2026-08-23 08:50: Train Epoch 7: 400/1641 Loss: 0.118453
2026-08-23 08:50: Train Epoch 7: 420/1641 Loss: 0.107411
2026-08-23 08:50: Train Epoch 7: 440/1641 Loss: 0.098326
2026-08-23 08:50: Train Epoch 7: 460/1641 Loss: 0.100830
2026-08-23 08:50: Train Epoch 7: 480/1641 Loss: 0.063132
2026-08-23 08:50: Train Epoch 7: 500/1641 Loss: 0.093692
2026-08-23 08:50: Train Epoch 7: 520/1641 Loss: 0.097566
2026-08-23 08:50: Train Epoch 7: 540/1641 Loss: 0.133067
2026-08-23 08:51: Train Epoch 7: 560/1641 Loss: 0.135698
2026-08-23 08:51: Train Epoch 7: 580/1641 Loss: 0.117620
2026-08-23 08:51: Train Epoch 7: 600/1641 Loss: 0.176011
2026-08-23 08:51: Train Epoch 7: 620/1641 Loss: 0.105912
2026-08-23 08:51: Train Epoch 7: 640/1641 Loss: 0.157349
2026-08-23 08:51: Train Epoch 7: 660/1641 Loss: 0.182684
2026-08-23 08:51: Train Epoch 7: 680/1641 Loss: 0.106478
2026-08-23 08:51: Train Epoch 7: 700/1641 Loss: 0.082687
2026-08-23 08:51: Train Epoch 7: 720/1641 Loss: 0.063159
2026-08-23 08:51: Train Epoch 7: 740/1641 Loss: 0.080766
2026-08-23 08:51: Train Epoch 7: 760/1641 Loss: 0.112186
2026-08-23 08:51: Train Epoch 7: 780/1641 Loss: 0.077924
2026-08-23 08:51: Train Epoch 7: 800/1641 Loss: 0.082612
2026-08-23 08:51: Train Epoch 7: 820/1641 Loss: 0.091219
2026-08-23 08:51: Train Epoch 7: 840/1641 Loss: 0.077026
2026-08-23 08:51: Train Epoch 7: 860/1641 Loss: 0.075808
2026-08-23 08:51: Train Epoch 7: 880/1641 Loss: 0.094638
2026-08-23 08:51: Train Epoch 7: 900/1641 Loss: 0.121871
2026-08-23 08:51: Train Epoch 7: 920/1641 Loss: 0.109599
2026-08-23 08:51: Train Epoch 7: 940/1641 Loss: 0.083520
2026-08-23 08:51: Train Epoch 7: 960/1641 Loss: 0.075579
2026-08-23 08:51: Train Epoch 7: 980/1641 Loss: 0.099161
2026-08-23 08:52: Train Epoch 7: 1000/1641 Loss: 0.086548
2026-08-23 08:52: Train Epoch 7: 1020/1641 Loss: 0.118760
2026-08-23 08:52: Train Epoch 7: 1040/1641 Loss: 0.115301
2026-08-23 08:52: Train Epoch 7: 1060/1641 Loss: 0.130103
2026-08-23 08:52: Train Epoch 7: 1080/1641 Loss: 0.102273
2026-08-23 08:52: Train Epoch 7: 1100/1641 Loss: 0.117324
2026-08-23 08:52: Train Epoch 7: 1120/1641 Loss: 0.148211
2026-08-23 08:52: Train Epoch 7: 1140/1641 Loss: 0.074214
2026-08-23 08:52: Train Epoch 7: 1160/1641 Loss: 0.061407
2026-08-23 08:52: Train Epoch 7: 1180/1641 Loss: 0.111752
2026-08-23 08:52: Train Epoch 7: 1200/1641 Loss: 0.103285
2026-08-23 08:52: Train Epoch 7: 1220/1641 Loss: 0.164848
2026-08-23 08:52: Train Epoch 7: 1240/1641 Loss: 0.085508
2026-08-23 08:52: Train Epoch 7: 1260/1641 Loss: 0.086505
2026-08-23 08:52: Train Epoch 7: 1280/1641 Loss: 0.074340
2026-08-23 08:52: Train Epoch 7: 1300/1641 Loss: 0.187987
2026-08-23 08:52: Train Epoch 7: 1320/1641 Loss: 0.085084
2026-08-23 08:52: Train Epoch 7: 1340/1641 Loss: 0.060867
2026-08-23 08:52: Train Epoch 7: 1360/1641 Loss: 0.104600
2026-08-23 08:52: Train Epoch 7: 1380/1641 Loss: 0.139110
2026-08-23 08:52: Train Epoch 7: 1400/1641 Loss: 0.081811
2026-08-23 08:52: Train Epoch 7: 1420/1641 Loss: 0.089090
2026-08-23 08:52: Train Epoch 7: 1440/1641 Loss: 0.069299
2026-08-23 08:53: Train Epoch 7: 1460/1641 Loss: 0.130717
2026-08-23 08:53: Train Epoch 7: 1480/1641 Loss: 0.075880
2026-08-23 08:53: Train Epoch 7: 1500/1641 Loss: 0.106075
2026-08-23 08:53: Train Epoch 7: 1520/1641 Loss: 0.069588
2026-08-23 08:53: Train Epoch 7: 1540/1641 Loss: 0.088497
2026-08-23 08:53: Train Epoch 7: 1560/1641 Loss: 0.091357
2026-08-23 08:53: Train Epoch 7: 1580/1641 Loss: 0.101378
2026-08-23 08:53: Train Epoch 7: 1600/1641 Loss: 0.103870
2026-08-23 08:53: Train Epoch 7: 1620/1641 Loss: 0.121414
2026-08-23 08:53: Train Epoch 7: 1640/1641 Loss: 0.080972
2026-08-23 08:53: **********Train Epoch 7: averaged Loss: 0.101834, tf_ratio: 1.000000
2026-08-23 08:53: **********Val Epoch 7: average Loss: 0.137687
2026-08-23 08:53: Train Epoch 8: 0/1641 Loss: 0.086801
2026-08-23 08:53: Train Epoch 8: 20/1641 Loss: 0.087548
2026-08-23 08:53: Train Epoch 8: 40/1641 Loss: 0.122403
2026-08-23 08:53: Train Epoch 8: 60/1641 Loss: 0.067645
2026-08-23 08:53: Train Epoch 8: 80/1641 Loss: 0.114957
2026-08-23 08:53: Train Epoch 8: 100/1641 Loss: 0.090830
2026-08-23 08:54: Train Epoch 8: 120/1641 Loss: 0.108016
2026-08-23 08:54: Train Epoch 8: 140/1641 Loss: 0.090651
2026-08-23 08:54: Train Epoch 8: 160/1641 Loss: 0.160647
2026-08-23 08:54: Train Epoch 8: 180/1641 Loss: 0.110593
2026-08-23 08:54: Train Epoch 8: 200/1641 Loss: 0.128006
2026-08-23 08:54: Train Epoch 8: 220/1641 Loss: 0.121639
2026-08-23 08:54: Train Epoch 8: 240/1641 Loss: 0.077553
2026-08-23 08:54: Train Epoch 8: 260/1641 Loss: 0.090806
2026-08-23 08:54: Train Epoch 8: 280/1641 Loss: 0.107152
2026-08-23 08:54: Train Epoch 8: 300/1641 Loss: 0.074452
2026-08-23 08:54: Train Epoch 8: 320/1641 Loss: 0.085634
2026-08-23 08:54: Train Epoch 8: 340/1641 Loss: 0.103101
2026-08-23 08:54: Train Epoch 8: 360/1641 Loss: 0.175856
2026-08-23 08:54: Train Epoch 8: 380/1641 Loss: 0.114541
2026-08-23 08:54: Train Epoch 8: 400/1641 Loss: 0.085016
2026-08-23 08:54: Train Epoch 8: 420/1641 Loss: 0.159430
2026-08-23 08:54: Train Epoch 8: 440/1641 Loss: 0.142483
2026-08-23 08:54: Train Epoch 8: 460/1641 Loss: 0.122921
2026-08-23 08:54: Train Epoch 8: 480/1641 Loss: 0.077891
2026-08-23 08:54: Train Epoch 8: 500/1641 Loss: 0.073360
2026-08-23 08:54: Train Epoch 8: 520/1641 Loss: 0.101227
2026-08-23 08:54: Train Epoch 8: 540/1641 Loss: 0.109402
2026-08-23 08:55: Train Epoch 8: 560/1641 Loss: 0.113893
2026-08-23 08:55: Train Epoch 8: 580/1641 Loss: 0.062837
2026-08-23 08:55: Train Epoch 8: 600/1641 Loss: 0.147158
2026-08-23 08:55: Train Epoch 8: 620/1641 Loss: 0.098833
2026-08-23 08:55: Train Epoch 8: 640/1641 Loss: 0.125620
2026-08-23 08:55: Train Epoch 8: 660/1641 Loss: 0.088340
2026-08-23 08:55: Train Epoch 8: 680/1641 Loss: 0.095699
2026-08-23 08:55: Train Epoch 8: 700/1641 Loss: 0.111849
2026-08-23 08:55: Train Epoch 8: 720/1641 Loss: 0.086819
2026-08-23 08:55: Train Epoch 8: 740/1641 Loss: 0.143099
2026-08-23 08:55: Train Epoch 8: 760/1641 Loss: 0.116480
2026-08-23 08:55: Train Epoch 8: 780/1641 Loss: 0.066005
2026-08-23 08:55: Train Epoch 8: 800/1641 Loss: 0.100742
2026-08-23 08:55: Train Epoch 8: 820/1641 Loss: 0.078341
2026-08-23 08:55: Train Epoch 8: 840/1641 Loss: 0.063661
2026-08-23 08:55: Train Epoch 8: 860/1641 Loss: 0.126272
2026-08-23 08:55: Train Epoch 8: 880/1641 Loss: 0.076142
2026-08-23 08:55: Train Epoch 8: 900/1641 Loss: 0.106618
2026-08-23 08:55: Train Epoch 8: 920/1641 Loss: 0.104117
2026-08-23 08:55: Train Epoch 8: 940/1641 Loss: 0.069385
2026-08-23 08:55: Train Epoch 8: 960/1641 Loss: 0.208907
2026-08-23 08:55: Train Epoch 8: 980/1641 Loss: 0.066818
2026-08-23 08:55: Train Epoch 8: 1000/1641 Loss: 0.226160
2026-08-23 08:56: Train Epoch 8: 1020/1641 Loss: 0.089553
2026-08-23 08:56: Train Epoch 8: 1040/1641 Loss: 0.114288
2026-08-23 08:56: Train Epoch 8: 1060/1641 Loss: 0.111329
2026-08-23 08:56: Train Epoch 8: 1080/1641 Loss: 0.087911
2026-08-23 08:56: Train Epoch 8: 1100/1641 Loss: 0.084874
2026-08-23 08:56: Train Epoch 8: 1120/1641 Loss: 0.145003
2026-08-23 08:56: Train Epoch 8: 1140/1641 Loss: 0.058076
2026-08-23 08:56: Train Epoch 8: 1160/1641 Loss: 0.068511
2026-08-23 08:56: Train Epoch 8: 1180/1641 Loss: 0.091295
2026-08-23 08:56: Train Epoch 8: 1200/1641 Loss: 0.074070
2026-08-23 08:56: Train Epoch 8: 1220/1641 Loss: 0.069859
2026-08-23 08:56: Train Epoch 8: 1240/1641 Loss: 0.142259
2026-08-23 08:56: Train Epoch 8: 1260/1641 Loss: 0.090150
2026-08-23 08:56: Train Epoch 8: 1280/1641 Loss: 0.084569
2026-08-23 08:56: Train Epoch 8: 1300/1641 Loss: 0.045474
2026-08-23 08:56: Train Epoch 8: 1320/1641 Loss: 0.119294
2026-08-23 08:56: Train Epoch 8: 1340/1641 Loss: 0.102742
2026-08-23 08:56: Train Epoch 8: 1360/1641 Loss: 0.112360
2026-08-23 08:56: Train Epoch 8: 1380/1641 Loss: 0.068967
2026-08-23 08:56: Train Epoch 8: 1400/1641 Loss: 0.088434
2026-08-23 08:56: Train Epoch 8: 1420/1641 Loss: 0.093670
2026-08-23 08:56: Train Epoch 8: 1440/1641 Loss: 0.083466
2026-08-23 08:56: Train Epoch 8: 1460/1641 Loss: 0.059339
2026-08-23 08:57: Train Epoch 8: 1480/1641 Loss: 0.109041
2026-08-23 08:57: Train Epoch 8: 1500/1641 Loss: 0.091728
2026-08-23 08:57: Train Epoch 8: 1520/1641 Loss: 0.067683
2026-08-23 08:57: Train Epoch 8: 1540/1641 Loss: 0.085949
2026-08-23 08:57: Train Epoch 8: 1560/1641 Loss: 0.076790
2026-08-23 08:57: Train Epoch 8: 1580/1641 Loss: 0.103596
2026-08-23 08:57: Train Epoch 8: 1600/1641 Loss: 0.077280
2026-08-23 08:57: Train Epoch 8: 1620/1641 Loss: 0.130860
2026-08-23 08:57: Train Epoch 8: 1640/1641 Loss: 0.107410
2026-08-23 08:57: **********Train Epoch 8: averaged Loss: 0.101872, tf_ratio: 1.000000
2026-08-23 08:57: **********Val Epoch 8: average Loss: 0.137621
2026-08-23 08:57: Train Epoch 9: 0/1641 Loss: 0.111651
2026-08-23 08:57: Train Epoch 9: 20/1641 Loss: 0.152498
2026-08-23 08:57: Train Epoch 9: 40/1641 Loss: 0.119912
2026-08-23 08:57: Train Epoch 9: 60/1641 Loss: 0.101672
2026-08-23 08:57: Train Epoch 9: 80/1641 Loss: 0.152131
2026-08-23 08:57: Train Epoch 9: 100/1641 Loss: 0.123259
2026-08-23 08:57: Train Epoch 9: 120/1641 Loss: 0.102949
2026-08-23 08:58: Train Epoch 9: 140/1641 Loss: 0.044050
2026-08-23 08:58: Train Epoch 9: 160/1641 Loss: 0.139790
2026-08-23 08:58: Train Epoch 9: 180/1641 Loss: 0.105606
2026-08-23 08:58: Train Epoch 9: 200/1641 Loss: 0.113983
2026-08-23 08:58: Train Epoch 9: 220/1641 Loss: 0.114833
2026-08-23 08:58: Train Epoch 9: 240/1641 Loss: 0.113992
2026-08-23 08:58: Train Epoch 9: 260/1641 Loss: 0.101512
2026-08-23 08:58: Train Epoch 9: 280/1641 Loss: 0.065506
2026-08-23 08:58: Train Epoch 9: 300/1641 Loss: 0.093142
2026-08-23 08:58: Train Epoch 9: 320/1641 Loss: 0.108702
2026-08-23 08:58: Train Epoch 9: 340/1641 Loss: 0.108243
2026-08-23 08:58: Train Epoch 9: 360/1641 Loss: 0.107544
2026-08-23 08:58: Train Epoch 9: 380/1641 Loss: 0.066627
2026-08-23 08:58: Train Epoch 9: 400/1641 Loss: 0.069692
2026-08-23 08:58: Train Epoch 9: 420/1641 Loss: 0.110136
2026-08-23 08:58: Train Epoch 9: 440/1641 Loss: 0.090233
2026-08-23 08:58: Train Epoch 9: 460/1641 Loss: 0.102233
2026-08-23 08:58: Train Epoch 9: 480/1641 Loss: 0.044779
2026-08-23 08:58: Train Epoch 9: 500/1641 Loss: 0.073558
2026-08-23 08:58: Train Epoch 9: 520/1641 Loss: 0.093962
2026-08-23 08:58: Train Epoch 9: 540/1641 Loss: 0.072557
2026-08-23 08:58: Train Epoch 9: 560/1641 Loss: 0.128670
2026-08-23 08:58: Train Epoch 9: 580/1641 Loss: 0.092854
2026-08-23 08:59: Train Epoch 9: 600/1641 Loss: 0.178436
2026-08-23 08:59: Train Epoch 9: 620/1641 Loss: 0.093600
2026-08-23 08:59: Train Epoch 9: 640/1641 Loss: 0.118069
2026-08-23 08:59: Train Epoch 9: 660/1641 Loss: 0.114815
2026-08-23 08:59: Train Epoch 9: 680/1641 Loss: 0.127412
2026-08-23 08:59: Train Epoch 9: 700/1641 Loss: 0.069463
2026-08-23 08:59: Train Epoch 9: 720/1641 Loss: 0.096023
2026-08-23 08:59: Train Epoch 9: 740/1641 Loss: 0.098517
2026-08-23 08:59: Train Epoch 9: 760/1641 Loss: 0.142090
2026-08-23 08:59: Train Epoch 9: 780/1641 Loss: 0.114695
2026-08-23 08:59: Train Epoch 9: 800/1641 Loss: 0.114283
2026-08-23 08:59: Train Epoch 9: 820/1641 Loss: 0.123170
2026-08-23 08:59: Train Epoch 9: 840/1641 Loss: 0.109511
2026-08-23 08:59: Train Epoch 9: 860/1641 Loss: 0.107061
2026-08-23 08:59: Train Epoch 9: 880/1641 Loss: 0.103479
2026-08-23 08:59: Train Epoch 9: 900/1641 Loss: 0.138202
2026-08-23 08:59: Train Epoch 9: 920/1641 Loss: 0.108126
2026-08-23 08:59: Train Epoch 9: 940/1641 Loss: 0.072010
2026-08-23 08:59: Train Epoch 9: 960/1641 Loss: 0.080632
2026-08-23 08:59: Train Epoch 9: 980/1641 Loss: 0.082505
2026-08-23 08:59: Train Epoch 9: 1000/1641 Loss: 0.053789
2026-08-23 08:59: Train Epoch 9: 1020/1641 Loss: 0.077120
2026-08-23 08:59: Train Epoch 9: 1040/1641 Loss: 0.134717
2026-08-23 09:00: Train Epoch 9: 1060/1641 Loss: 0.077702
2026-08-23 09:00: Train Epoch 9: 1080/1641 Loss: 0.070849
2026-08-23 09:00: Train Epoch 9: 1100/1641 Loss: 0.107645
2026-08-23 09:00: Train Epoch 9: 1120/1641 Loss: 0.089690
2026-08-23 09:00: Train Epoch 9: 1140/1641 Loss: 0.081789
2026-08-23 09:00: Train Epoch 9: 1160/1641 Loss: 0.076709
2026-08-23 09:00: Train Epoch 9: 1180/1641 Loss: 0.091172
2026-08-23 09:00: Train Epoch 9: 1200/1641 Loss: 0.113635
2026-08-23 09:00: Train Epoch 9: 1220/1641 Loss: 0.194839
2026-08-23 09:00: Train Epoch 9: 1240/1641 Loss: 0.078353
2026-08-23 09:00: Train Epoch 9: 1260/1641 Loss: 0.083439
2026-08-23 09:00: Train Epoch 9: 1280/1641 Loss: 0.057186
2026-08-23 09:00: Train Epoch 9: 1300/1641 Loss: 0.106065
2026-08-23 09:00: Train Epoch 9: 1320/1641 Loss: 0.083692
2026-08-23 09:00: Train Epoch 9: 1340/1641 Loss: 0.106355
2026-08-23 09:00: Train Epoch 9: 1360/1641 Loss: 0.109699
2026-08-23 09:00: Train Epoch 9: 1380/1641 Loss: 0.060149
2026-08-23 09:00: Train Epoch 9: 1400/1641 Loss: 0.121283
2026-08-23 09:00: Train Epoch 9: 1420/1641 Loss: 0.089075
2026-08-23 09:00: Train Epoch 9: 1440/1641 Loss: 0.148017
2026-08-23 09:00: Train Epoch 9: 1460/1641 Loss: 0.117722
2026-08-23 09:00: Train Epoch 9: 1480/1641 Loss: 0.120153
2026-08-23 09:00: Train Epoch 9: 1500/1641 Loss: 0.083496
2026-08-23 09:01: Train Epoch 9: 1520/1641 Loss: 0.103997
2026-08-23 09:01: Train Epoch 9: 1540/1641 Loss: 0.098519
2026-08-23 09:01: Train Epoch 9: 1560/1641 Loss: 0.101829
2026-08-23 09:01: Train Epoch 9: 1580/1641 Loss: 0.080583
2026-08-23 09:01: Train Epoch 9: 1600/1641 Loss: 0.066432
2026-08-23 09:01: Train Epoch 9: 1620/1641 Loss: 0.116299
2026-08-23 09:01: Train Epoch 9: 1640/1641 Loss: 0.103681
2026-08-23 09:01: **********Train Epoch 9: averaged Loss: 0.101936, tf_ratio: 1.000000
2026-08-23 09:01: **********Val Epoch 9: average Loss: 0.137754
2026-08-23 09:01: Train Epoch 10: 0/1641 Loss: 0.086839
2026-08-23 09:01: Train Epoch 10: 20/1641 Loss: 0.121423
2026-08-23 09:01: Train Epoch 10: 40/1641 Loss: 0.107656
2026-08-23 09:01: Train Epoch 10: 60/1641 Loss: 0.069253
2026-08-23 09:01: Train Epoch 10: 80/1641 Loss: 0.145632
2026-08-23 09:01: Train Epoch 10: 100/1641 Loss: 0.104979
2026-08-23 09:01: Train Epoch 10: 120/1641 Loss: 0.084283
2026-08-23 09:01: Train Epoch 10: 140/1641 Loss: 0.073627
2026-08-23 09:01: Train Epoch 10: 160/1641 Loss: 0.091257
2026-08-23 09:02: Train Epoch 10: 180/1641 Loss: 0.096376
2026-08-23 09:02: Train Epoch 10: 200/1641 Loss: 0.074361
2026-08-23 09:02: Train Epoch 10: 220/1641 Loss: 0.084635
2026-08-23 09:02: Train Epoch 10: 240/1641 Loss: 0.079450
2026-08-23 09:02: Train Epoch 10: 260/1641 Loss: 0.123001
2026-08-23 09:02: Train Epoch 10: 280/1641 Loss: 0.086575
2026-08-23 09:02: Train Epoch 10: 300/1641 Loss: 0.071355
2026-08-23 09:02: Train Epoch 10: 320/1641 Loss: 0.093044
2026-08-23 09:02: Train Epoch 10: 340/1641 Loss: 0.087288
2026-08-23 09:02: Train Epoch 10: 360/1641 Loss: 0.064059
2026-08-23 09:02: Train Epoch 10: 380/1641 Loss: 0.094350
2026-08-23 09:02: Train Epoch 10: 400/1641 Loss: 0.062938
2026-08-23 09:02: Train Epoch 10: 420/1641 Loss: 0.092341
2026-08-23 09:02: Train Epoch 10: 440/1641 Loss: 0.085890
2026-08-23 09:02: Train Epoch 10: 460/1641 Loss: 0.126846
2026-08-23 09:02: Train Epoch 10: 480/1641 Loss: 0.077399
2026-08-23 09:02: Train Epoch 10: 500/1641 Loss: 0.077938
2026-08-23 09:02: Train Epoch 10: 520/1641 Loss: 0.094798
2026-08-23 09:02: Train Epoch 10: 540/1641 Loss: 0.108498
2026-08-23 09:02: Train Epoch 10: 560/1641 Loss: 0.111056
2026-08-23 09:02: Train Epoch 10: 580/1641 Loss: 0.128103
2026-08-23 09:02: Train Epoch 10: 600/1641 Loss: 0.102124
2026-08-23 09:02: Train Epoch 10: 620/1641 Loss: 0.078672
2026-08-23 09:03: Train Epoch 10: 640/1641 Loss: 0.118825
2026-08-23 09:03: Train Epoch 10: 660/1641 Loss: 0.160829
2026-08-23 09:03: Train Epoch 10: 680/1641 Loss: 0.105526
2026-08-23 09:03: Train Epoch 10: 700/1641 Loss: 0.082755
2026-08-23 09:03: Train Epoch 10: 720/1641 Loss: 0.121789
2026-08-23 09:03: Train Epoch 10: 740/1641 Loss: 0.074552
2026-08-23 09:03: Train Epoch 10: 760/1641 Loss: 0.092221
2026-08-23 09:03: Train Epoch 10: 780/1641 Loss: 0.112534
2026-08-23 09:03: Train Epoch 10: 800/1641 Loss: 0.057479
2026-08-23 09:03: Train Epoch 10: 820/1641 Loss: 0.120225
2026-08-23 09:03: Train Epoch 10: 840/1641 Loss: 0.082690
2026-08-23 09:03: Train Epoch 10: 860/1641 Loss: 0.093270
2026-08-23 09:03: Train Epoch 10: 880/1641 Loss: 0.121980
2026-08-23 09:03: Train Epoch 10: 900/1641 Loss: 0.110258
2026-08-23 09:03: Train Epoch 10: 920/1641 Loss: 0.091621
2026-08-23 09:03: Train Epoch 10: 940/1641 Loss: 0.098245
2026-08-23 09:03: Train Epoch 10: 960/1641 Loss: 0.115003
2026-08-23 09:03: Train Epoch 10: 980/1641 Loss: 0.118543
2026-08-23 09:03: Train Epoch 10: 1000/1641 Loss: 0.088583
2026-08-23 09:03: Train Epoch 10: 1020/1641 Loss: 0.102242
2026-08-23 09:03: Train Epoch 10: 1040/1641 Loss: 0.085128
2026-08-23 09:03: Train Epoch 10: 1060/1641 Loss: 0.126777
2026-08-23 09:03: Train Epoch 10: 1080/1641 Loss: 0.094125
2026-08-23 09:04: Train Epoch 10: 1100/1641 Loss: 0.112642
2026-08-23 09:04: Train Epoch 10: 1120/1641 Loss: 0.092007
2026-08-23 09:04: Train Epoch 10: 1140/1641 Loss: 0.111520
2026-08-23 09:04: Train Epoch 10: 1160/1641 Loss: 0.069306
2026-08-23 09:04: Train Epoch 10: 1180/1641 Loss: 0.120380
2026-08-23 09:04: Train Epoch 10: 1200/1641 Loss: 0.087589
2026-08-23 09:04: Train Epoch 10: 1220/1641 Loss: 0.075060
2026-08-23 09:04: Train Epoch 10: 1240/1641 Loss: 0.078926
2026-08-23 09:04: Train Epoch 10: 1260/1641 Loss: 0.141704
2026-08-23 09:04: Train Epoch 10: 1280/1641 Loss: 0.097609
2026-08-23 09:04: Train Epoch 10: 1300/1641 Loss: 0.131980
2026-08-23 09:04: Train Epoch 10: 1320/1641 Loss: 0.081702
2026-08-23 09:04: Train Epoch 10: 1340/1641 Loss: 0.088468
2026-08-23 09:04: Train Epoch 10: 1360/1641 Loss: 0.103967
2026-08-23 09:04: Train Epoch 10: 1380/1641 Loss: 0.067626
2026-08-23 09:04: Train Epoch 10: 1400/1641 Loss: 0.140076
2026-08-23 09:04: Train Epoch 10: 1420/1641 Loss: 0.098824
2026-08-23 09:04: Train Epoch 10: 1440/1641 Loss: 0.124949
2026-08-23 09:04: Train Epoch 10: 1460/1641 Loss: 0.110109
2026-08-23 09:04: Train Epoch 10: 1480/1641 Loss: 0.141443
2026-08-23 09:04: Train Epoch 10: 1500/1641 Loss: 0.078902
2026-08-23 09:04: Train Epoch 10: 1520/1641 Loss: 0.109006
2026-08-23 09:04: Train Epoch 10: 1540/1641 Loss: 0.098243
2026-08-23 09:05: Train Epoch 10: 1560/1641 Loss: 0.092537
2026-08-23 09:05: Train Epoch 10: 1580/1641 Loss: 0.152311
2026-08-23 09:05: Train Epoch 10: 1600/1641 Loss: 0.086718
2026-08-23 09:05: Train Epoch 10: 1620/1641 Loss: 0.106856
2026-08-23 09:05: Train Epoch 10: 1640/1641 Loss: 0.094898
2026-08-23 09:05: **********Train Epoch 10: averaged Loss: 0.101994, tf_ratio: 1.000000
2026-08-23 09:05: **********Val Epoch 10: average Loss: 0.137856
2026-08-23 09:05: Train Epoch 11: 0/1641 Loss: 0.110071
2026-08-23 09:05: Train Epoch 11: 20/1641 Loss: 0.083179
2026-08-23 09:05: Train Epoch 11: 40/1641 Loss: 0.116817
2026-08-23 09:05: Train Epoch 11: 60/1641 Loss: 0.121419
2026-08-23 09:05: Train Epoch 11: 80/1641 Loss: 0.081245
2026-08-23 09:05: Train Epoch 11: 100/1641 Loss: 0.071625
2026-08-23 09:05: Train Epoch 11: 120/1641 Loss: 0.062655
2026-08-23 09:05: Train Epoch 11: 140/1641 Loss: 0.117493
2026-08-23 09:05: Train Epoch 11: 160/1641 Loss: 0.120382
2026-08-23 09:05: Train Epoch 11: 180/1641 Loss: 0.097584
2026-08-23 09:06: Train Epoch 11: 200/1641 Loss: 0.107961
2026-08-23 09:06: Train Epoch 11: 220/1641 Loss: 0.076383
2026-08-23 09:06: Train Epoch 11: 240/1641 Loss: 0.116822
2026-08-23 09:06: Train Epoch 11: 260/1641 Loss: 0.122386
2026-08-23 09:06: Train Epoch 11: 280/1641 Loss: 0.085929
2026-08-23 09:06: Train Epoch 11: 300/1641 Loss: 0.097580
2026-08-23 09:06: Train Epoch 11: 320/1641 Loss: 0.133417
2026-08-23 09:06: Train Epoch 11: 340/1641 Loss: 0.171187
2026-08-23 09:06: Train Epoch 11: 360/1641 Loss: 0.095150
2026-08-23 09:06: Train Epoch 11: 380/1641 Loss: 0.076491
2026-08-23 09:06: Train Epoch 11: 400/1641 Loss: 0.098642
2026-08-23 09:06: Train Epoch 11: 420/1641 Loss: 0.089135
2026-08-23 09:06: Train Epoch 11: 440/1641 Loss: 0.108507
2026-08-23 09:06: Train Epoch 11: 460/1641 Loss: 0.081230
2026-08-23 09:06: Train Epoch 11: 480/1641 Loss: 0.098766
2026-08-23 09:06: Train Epoch 11: 500/1641 Loss: 0.143706
2026-08-23 09:06: Train Epoch 11: 520/1641 Loss: 0.085121
2026-08-23 09:06: Train Epoch 11: 540/1641 Loss: 0.148515
2026-08-23 09:06: Train Epoch 11: 560/1641 Loss: 0.132754
2026-08-23 09:06: Train Epoch 11: 580/1641 Loss: 0.080496
2026-08-23 09:06: Train Epoch 11: 600/1641 Loss: 0.111100
2026-08-23 09:06: Train Epoch 11: 620/1641 Loss: 0.097616
2026-08-23 09:06: Train Epoch 11: 640/1641 Loss: 0.068927
2026-08-23 09:07: Train Epoch 11: 660/1641 Loss: 0.077027
2026-08-23 09:07: Train Epoch 11: 680/1641 Loss: 0.088157
2026-08-23 09:07: Train Epoch 11: 700/1641 Loss: 0.081380
2026-08-23 09:07: Train Epoch 11: 720/1641 Loss: 0.076890
2026-08-23 09:07: Train Epoch 11: 740/1641 Loss: 0.062552
2026-08-23 09:07: Train Epoch 11: 760/1641 Loss: 0.100284
2026-08-23 09:07: Train Epoch 11: 780/1641 Loss: 0.089976
2026-08-23 09:07: Train Epoch 11: 800/1641 Loss: 0.071959
2026-08-23 09:07: Train Epoch 11: 820/1641 Loss: 0.089115
2026-08-23 09:07: Train Epoch 11: 840/1641 Loss: 0.132505
2026-08-23 09:07: Train Epoch 11: 860/1641 Loss: 0.168062
2026-08-23 09:07: Train Epoch 11: 880/1641 Loss: 0.088567
2026-08-23 09:07: Train Epoch 11: 900/1641 Loss: 0.130280
2026-08-23 09:07: Train Epoch 11: 920/1641 Loss: 0.069968
2026-08-23 09:07: Train Epoch 11: 940/1641 Loss: 0.096363
2026-08-23 09:07: Train Epoch 11: 960/1641 Loss: 0.080335
2026-08-23 09:07: Train Epoch 11: 980/1641 Loss: 0.147271
2026-08-23 09:07: Train Epoch 11: 1000/1641 Loss: 0.092831
2026-08-23 09:07: Train Epoch 11: 1020/1641 Loss: 0.136203
2026-08-23 09:07: Train Epoch 11: 1040/1641 Loss: 0.154668
2026-08-23 09:07: Train Epoch 11: 1060/1641 Loss: 0.093627
2026-08-23 09:07: Train Epoch 11: 1080/1641 Loss: 0.101891
2026-08-23 09:07: Train Epoch 11: 1100/1641 Loss: 0.103662
2026-08-23 09:08: Train Epoch 11: 1120/1641 Loss: 0.127376
2026-08-23 09:08: Train Epoch 11: 1140/1641 Loss: 0.125988
2026-08-23 09:08: Train Epoch 11: 1160/1641 Loss: 0.139569
2026-08-23 09:08: Train Epoch 11: 1180/1641 Loss: 0.139897
2026-08-23 09:08: Train Epoch 11: 1200/1641 Loss: 0.089764
2026-08-23 09:08: Train Epoch 11: 1220/1641 Loss: 0.119518
2026-08-23 09:08: Train Epoch 11: 1240/1641 Loss: 0.104789
2026-08-23 09:08: Train Epoch 11: 1260/1641 Loss: 0.081248
2026-08-23 09:08: Train Epoch 11: 1280/1641 Loss: 0.086012
2026-08-23 09:08: Train Epoch 11: 1300/1641 Loss: 0.102225
2026-08-23 09:08: Train Epoch 11: 1320/1641 Loss: 0.115025
2026-08-23 09:08: Train Epoch 11: 1340/1641 Loss: 0.078967
2026-08-23 09:08: Train Epoch 11: 1360/1641 Loss: 0.097249
2026-08-23 09:08: Train Epoch 11: 1380/1641 Loss: 0.076937
2026-08-23 09:08: Train Epoch 11: 1400/1641 Loss: 0.117521
2026-08-23 09:08: Train Epoch 11: 1420/1641 Loss: 0.079547
2026-08-23 09:08: Train Epoch 11: 1440/1641 Loss: 0.059406
2026-08-23 09:08: Train Epoch 11: 1460/1641 Loss: 0.143669
2026-08-23 09:08: Train Epoch 11: 1480/1641 Loss: 0.107675
2026-08-23 09:08: Train Epoch 11: 1500/1641 Loss: 0.116651
2026-08-23 09:08: Train Epoch 11: 1520/1641 Loss: 0.074625
2026-08-23 09:08: Train Epoch 11: 1540/1641 Loss: 0.173330
2026-08-23 09:08: Train Epoch 11: 1560/1641 Loss: 0.091749
2026-08-23 09:09: Train Epoch 11: 1580/1641 Loss: 0.080544
2026-08-23 09:09: Train Epoch 11: 1600/1641 Loss: 0.091147
2026-08-23 09:09: Train Epoch 11: 1620/1641 Loss: 0.089617
2026-08-23 09:09: Train Epoch 11: 1640/1641 Loss: 0.156181
2026-08-23 09:09: **********Train Epoch 11: averaged Loss: 0.101977, tf_ratio: 1.000000
2026-08-23 09:09: **********Val Epoch 11: average Loss: 0.137915
2026-08-23 09:09: Train Epoch 12: 0/1641 Loss: 0.113166
2026-08-23 09:09: Train Epoch 12: 20/1641 Loss: 0.148050
2026-08-23 09:09: Train Epoch 12: 40/1641 Loss: 0.097106
2026-08-23 09:09: Train Epoch 12: 60/1641 Loss: 0.099686
2026-08-23 09:09: Train Epoch 12: 80/1641 Loss: 0.124276
2026-08-23 09:09: Train Epoch 12: 100/1641 Loss: 0.142734
2026-08-23 09:09: Train Epoch 12: 120/1641 Loss: 0.101695
2026-08-23 09:09: Train Epoch 12: 140/1641 Loss: 0.099182
2026-08-23 09:09: Train Epoch 12: 160/1641 Loss: 0.089176
2026-08-23 09:09: Train Epoch 12: 180/1641 Loss: 0.093171
2026-08-23 09:09: Train Epoch 12: 200/1641 Loss: 0.084081
2026-08-23 09:09: Train Epoch 12: 220/1641 Loss: 0.064056
2026-08-23 09:10: Train Epoch 12: 240/1641 Loss: 0.096108
2026-08-23 09:10: Train Epoch 12: 260/1641 Loss: 0.100941
2026-08-23 09:10: Train Epoch 12: 280/1641 Loss: 0.128977
2026-08-23 09:10: Train Epoch 12: 300/1641 Loss: 0.097055
2026-08-23 09:10: Train Epoch 12: 320/1641 Loss: 0.065881
2026-08-23 09:10: Train Epoch 12: 340/1641 Loss: 0.081831
2026-08-23 09:10: Train Epoch 12: 360/1641 Loss: 0.116058
2026-08-23 09:10: Train Epoch 12: 380/1641 Loss: 0.120970
2026-08-23 09:10: Train Epoch 12: 400/1641 Loss: 0.073078
2026-08-23 09:10: Train Epoch 12: 420/1641 Loss: 0.057032
2026-08-23 09:10: Train Epoch 12: 440/1641 Loss: 0.107331
2026-08-23 09:10: Train Epoch 12: 460/1641 Loss: 0.137344
2026-08-23 09:10: Train Epoch 12: 480/1641 Loss: 0.115163
2026-08-23 09:10: Train Epoch 12: 500/1641 Loss: 0.047051
2026-08-23 09:10: Train Epoch 12: 520/1641 Loss: 0.094060
2026-08-23 09:10: Train Epoch 12: 540/1641 Loss: 0.109614
2026-08-23 09:10: Train Epoch 12: 560/1641 Loss: 0.102073
2026-08-23 09:10: Train Epoch 12: 580/1641 Loss: 0.069325
2026-08-23 09:10: Train Epoch 12: 600/1641 Loss: 0.121858
2026-08-23 09:10: Train Epoch 12: 620/1641 Loss: 0.109898
2026-08-23 09:10: Train Epoch 12: 640/1641 Loss: 0.116495
2026-08-23 09:10: Train Epoch 12: 660/1641 Loss: 0.167124
2026-08-23 09:10: Train Epoch 12: 680/1641 Loss: 0.087899
2026-08-23 09:11: Train Epoch 12: 700/1641 Loss: 0.095830
2026-08-23 09:11: Train Epoch 12: 720/1641 Loss: 0.127152
2026-08-23 09:11: Train Epoch 12: 740/1641 Loss: 0.101357
2026-08-23 09:11: Train Epoch 12: 760/1641 Loss: 0.111377
2026-08-23 09:11: Train Epoch 12: 780/1641 Loss: 0.087835
2026-08-23 09:11: Train Epoch 12: 800/1641 Loss: 0.099909
2026-08-23 09:11: Train Epoch 12: 820/1641 Loss: 0.103830
2026-08-23 09:11: Train Epoch 12: 840/1641 Loss: 0.106562
2026-08-23 09:11: Train Epoch 12: 860/1641 Loss: 0.101117
2026-08-23 09:11: Train Epoch 12: 880/1641 Loss: 0.049692
2026-08-23 09:11: Train Epoch 12: 900/1641 Loss: 0.104401
2026-08-23 09:11: Train Epoch 12: 920/1641 Loss: 0.130573
2026-08-23 09:11: Train Epoch 12: 940/1641 Loss: 0.081033
2026-08-23 09:11: Train Epoch 12: 960/1641 Loss: 0.109538
2026-08-23 09:11: Train Epoch 12: 980/1641 Loss: 0.056191
2026-08-23 09:11: Train Epoch 12: 1000/1641 Loss: 0.106050
2026-08-23 09:11: Train Epoch 12: 1020/1641 Loss: 0.116470
2026-08-23 09:11: Train Epoch 12: 1040/1641 Loss: 0.125487
2026-08-23 09:11: Train Epoch 12: 1060/1641 Loss: 0.066887
2026-08-23 09:11: Train Epoch 12: 1080/1641 Loss: 0.064233
2026-08-23 09:11: Train Epoch 12: 1100/1641 Loss: 0.103162
2026-08-23 09:11: Train Epoch 12: 1120/1641 Loss: 0.068832
2026-08-23 09:11: Train Epoch 12: 1140/1641 Loss: 0.134816
2026-08-23 09:12: Train Epoch 12: 1160/1641 Loss: 0.076891
2026-08-23 09:12: Train Epoch 12: 1180/1641 Loss: 0.085969
2026-08-23 09:12: Train Epoch 12: 1200/1641 Loss: 0.128772
2026-08-23 09:12: Train Epoch 12: 1220/1641 Loss: 0.088662
2026-08-23 09:12: Train Epoch 12: 1240/1641 Loss: 0.092909
2026-08-23 09:12: Train Epoch 12: 1260/1641 Loss: 0.070316
2026-08-23 09:12: Train Epoch 12: 1280/1641 Loss: 0.124903
2026-08-23 09:12: Train Epoch 12: 1300/1641 Loss: 0.085333
2026-08-23 09:12: Train Epoch 12: 1320/1641 Loss: 0.128163
2026-08-23 09:12: Train Epoch 12: 1340/1641 Loss: 0.060714
2026-08-23 09:12: Train Epoch 12: 1360/1641 Loss: 0.069784
2026-08-23 09:12: Train Epoch 12: 1380/1641 Loss: 0.112874
2026-08-23 09:12: Train Epoch 12: 1400/1641 Loss: 0.112238
2026-08-23 09:12: Train Epoch 12: 1420/1641 Loss: 0.079623
2026-08-23 09:12: Train Epoch 12: 1440/1641 Loss: 0.079583
2026-08-23 09:12: Train Epoch 12: 1460/1641 Loss: 0.092433
2026-08-23 09:12: Train Epoch 12: 1480/1641 Loss: 0.085042
2026-08-23 09:12: Train Epoch 12: 1500/1641 Loss: 0.096797
2026-08-23 09:12: Train Epoch 12: 1520/1641 Loss: 0.059186
2026-08-23 09:12: Train Epoch 12: 1540/1641 Loss: 0.076691
2026-08-23 09:12: Train Epoch 12: 1560/1641 Loss: 0.082458
2026-08-23 09:12: Train Epoch 12: 1580/1641 Loss: 0.084321
2026-08-23 09:13: Train Epoch 12: 1600/1641 Loss: 0.082799
2026-08-23 09:13: Train Epoch 12: 1620/1641 Loss: 0.068954
2026-08-23 09:13: Train Epoch 12: 1640/1641 Loss: 0.074882
2026-08-23 09:13: **********Train Epoch 12: averaged Loss: 0.101982, tf_ratio: 1.000000
2026-08-23 09:13: **********Val Epoch 12: average Loss: 0.137545
2026-08-23 09:13: Train Epoch 13: 0/1641 Loss: 0.107773
2026-08-23 09:13: Train Epoch 13: 20/1641 Loss: 0.089055
2026-08-23 09:13: Train Epoch 13: 40/1641 Loss: 0.072966
2026-08-23 09:13: Train Epoch 13: 60/1641 Loss: 0.099760
2026-08-23 09:13: Train Epoch 13: 80/1641 Loss: 0.086824
2026-08-23 09:13: Train Epoch 13: 100/1641 Loss: 0.089029
2026-08-23 09:13: Train Epoch 13: 120/1641 Loss: 0.087731
2026-08-23 09:13: Train Epoch 13: 140/1641 Loss: 0.160920
2026-08-23 09:13: Train Epoch 13: 160/1641 Loss: 0.118971
2026-08-23 09:13: Train Epoch 13: 180/1641 Loss: 0.079762
2026-08-23 09:13: Train Epoch 13: 200/1641 Loss: 0.114364
2026-08-23 09:13: Train Epoch 13: 220/1641 Loss: 0.060829
2026-08-23 09:13: Train Epoch 13: 240/1641 Loss: 0.129723
2026-08-23 09:14: Train Epoch 13: 260/1641 Loss: 0.070722
2026-08-23 09:14: Train Epoch 13: 280/1641 Loss: 0.105398
2026-08-23 09:14: Train Epoch 13: 300/1641 Loss: 0.098115
2026-08-23 09:14: Train Epoch 13: 320/1641 Loss: 0.134085
2026-08-23 09:14: Train Epoch 13: 340/1641 Loss: 0.102320
2026-08-23 09:14: Train Epoch 13: 360/1641 Loss: 0.089068
2026-08-23 09:14: Train Epoch 13: 380/1641 Loss: 0.071030
2026-08-23 09:14: Train Epoch 13: 400/1641 Loss: 0.159028
2026-08-23 09:14: Train Epoch 13: 420/1641 Loss: 0.111906
2026-08-23 09:14: Train Epoch 13: 440/1641 Loss: 0.147181
2026-08-23 09:14: Train Epoch 13: 460/1641 Loss: 0.100136
2026-08-23 09:14: Train Epoch 13: 480/1641 Loss: 0.114508
2026-08-23 09:14: Train Epoch 13: 500/1641 Loss: 0.107923
2026-08-23 09:14: Train Epoch 13: 520/1641 Loss: 0.101045
2026-08-23 09:14: Train Epoch 13: 540/1641 Loss: 0.068446
2026-08-23 09:14: Train Epoch 13: 560/1641 Loss: 0.099190
2026-08-23 09:14: Train Epoch 13: 580/1641 Loss: 0.115545
2026-08-23 09:14: Train Epoch 13: 600/1641 Loss: 0.111315
2026-08-23 09:14: Train Epoch 13: 620/1641 Loss: 0.090829
2026-08-23 09:14: Train Epoch 13: 640/1641 Loss: 0.097003
2026-08-23 09:14: Train Epoch 13: 660/1641 Loss: 0.087047
2026-08-23 09:14: Train Epoch 13: 680/1641 Loss: 0.132266
2026-08-23 09:14: Train Epoch 13: 700/1641 Loss: 0.127983
2026-08-23 09:15: Train Epoch 13: 720/1641 Loss: 0.099661
2026-08-23 09:15: Train Epoch 13: 740/1641 Loss: 0.100372
2026-08-23 09:15: Train Epoch 13: 760/1641 Loss: 0.174576
2026-08-23 09:15: Train Epoch 13: 780/1641 Loss: 0.086194
2026-08-23 09:15: Train Epoch 13: 800/1641 Loss: 0.122858
2026-08-23 09:15: Train Epoch 13: 820/1641 Loss: 0.077061
2026-08-23 09:15: Train Epoch 13: 840/1641 Loss: 0.131378
2026-08-23 09:15: Train Epoch 13: 860/1641 Loss: 0.090767
2026-08-23 09:15: Train Epoch 13: 880/1641 Loss: 0.098833
2026-08-23 09:15: Train Epoch 13: 900/1641 Loss: 0.128677
2026-08-23 09:15: Train Epoch 13: 920/1641 Loss: 0.133275
2026-08-23 09:15: Train Epoch 13: 940/1641 Loss: 0.054285
2026-08-23 09:15: Train Epoch 13: 960/1641 Loss: 0.107050
2026-08-23 09:15: Train Epoch 13: 980/1641 Loss: 0.100354
2026-08-23 09:15: Train Epoch 13: 1000/1641 Loss: 0.128728
2026-08-23 09:15: Train Epoch 13: 1020/1641 Loss: 0.135050
2026-08-23 09:15: Train Epoch 13: 1040/1641 Loss: 0.124006
2026-08-23 09:15: Train Epoch 13: 1060/1641 Loss: 0.111285
2026-08-23 09:15: Train Epoch 13: 1080/1641 Loss: 0.096111
2026-08-23 09:15: Train Epoch 13: 1100/1641 Loss: 0.138714
2026-08-23 09:15: Train Epoch 13: 1120/1641 Loss: 0.178786
2026-08-23 09:15: Train Epoch 13: 1140/1641 Loss: 0.079411
2026-08-23 09:15: Train Epoch 13: 1160/1641 Loss: 0.081873
2026-08-23 09:16: Train Epoch 13: 1180/1641 Loss: 0.129503
2026-08-23 09:16: Train Epoch 13: 1200/1641 Loss: 0.134436
2026-08-23 09:16: Train Epoch 13: 1220/1641 Loss: 0.089154
2026-08-23 09:16: Train Epoch 13: 1240/1641 Loss: 0.141517
2026-08-23 09:16: Train Epoch 13: 1260/1641 Loss: 0.121917
2026-08-23 09:16: Train Epoch 13: 1280/1641 Loss: 0.117831
2026-08-23 09:16: Train Epoch 13: 1300/1641 Loss: 0.149946
2026-08-23 09:16: Train Epoch 13: 1320/1641 Loss: 0.079608
2026-08-23 09:16: Train Epoch 13: 1340/1641 Loss: 0.139933
2026-08-23 09:16: Train Epoch 13: 1360/1641 Loss: 0.089512
2026-08-23 09:16: Train Epoch 13: 1380/1641 Loss: 0.082924
2026-08-23 09:16: Train Epoch 13: 1400/1641 Loss: 0.107225
2026-08-23 09:16: Train Epoch 13: 1420/1641 Loss: 0.106212
2026-08-23 09:16: Train Epoch 13: 1440/1641 Loss: 0.107510
2026-08-23 09:16: Train Epoch 13: 1460/1641 Loss: 0.120128
2026-08-23 09:16: Train Epoch 13: 1480/1641 Loss: 0.074833
2026-08-23 09:16: Train Epoch 13: 1500/1641 Loss: 0.123300
2026-08-23 09:16: Train Epoch 13: 1520/1641 Loss: 0.085440
2026-08-23 09:16: Train Epoch 13: 1540/1641 Loss: 0.146768
2026-08-23 09:16: Train Epoch 13: 1560/1641 Loss: 0.099232
2026-08-23 09:16: Train Epoch 13: 1580/1641 Loss: 0.063772
2026-08-23 09:16: Train Epoch 13: 1600/1641 Loss: 0.093180
2026-08-23 09:16: Train Epoch 13: 1620/1641 Loss: 0.119723
2026-08-23 09:17: Train Epoch 13: 1640/1641 Loss: 0.139167
2026-08-23 09:17: **********Train Epoch 13: averaged Loss: 0.102032, tf_ratio: 1.000000
2026-08-23 09:17: **********Val Epoch 13: average Loss: 0.137580
2026-08-23 09:17: Train Epoch 14: 0/1641 Loss: 0.123078
2026-08-23 09:17: Train Epoch 14: 20/1641 Loss: 0.072787
2026-08-23 09:17: Train Epoch 14: 40/1641 Loss: 0.117026
2026-08-23 09:17: Train Epoch 14: 60/1641 Loss: 0.099984
2026-08-23 09:17: Train Epoch 14: 80/1641 Loss: 0.131498
2026-08-23 09:17: Train Epoch 14: 100/1641 Loss: 0.060705
2026-08-23 09:17: Train Epoch 14: 120/1641 Loss: 0.092460
2026-08-23 09:17: Train Epoch 14: 140/1641 Loss: 0.114042
2026-08-23 09:17: Train Epoch 14: 160/1641 Loss: 0.091381
2026-08-23 09:17: Train Epoch 14: 180/1641 Loss: 0.139641
2026-08-23 09:17: Train Epoch 14: 200/1641 Loss: 0.086685
2026-08-23 09:17: Train Epoch 14: 220/1641 Loss: 0.080946
2026-08-23 09:17: Train Epoch 14: 240/1641 Loss: 0.053554
2026-08-23 09:17: Train Epoch 14: 260/1641 Loss: 0.091632
2026-08-23 09:17: Train Epoch 14: 280/1641 Loss: 0.089346
2026-08-23 09:18: Train Epoch 14: 300/1641 Loss: 0.118053
2026-08-23 09:18: Train Epoch 14: 320/1641 Loss: 0.109116
2026-08-23 09:18: Train Epoch 14: 340/1641 Loss: 0.127329
2026-08-23 09:18: Train Epoch 14: 360/1641 Loss: 0.122304
2026-08-23 09:18: Train Epoch 14: 380/1641 Loss: 0.133555
2026-08-23 09:18: Train Epoch 14: 400/1641 Loss: 0.098563
2026-08-23 09:18: Train Epoch 14: 420/1641 Loss: 0.137335
2026-08-23 09:18: Train Epoch 14: 440/1641 Loss: 0.073871
2026-08-23 09:18: Train Epoch 14: 460/1641 Loss: 0.086034
2026-08-23 09:18: Train Epoch 14: 480/1641 Loss: 0.098858
2026-08-23 09:18: Train Epoch 14: 500/1641 Loss: 0.098257
2026-08-23 09:18: Train Epoch 14: 520/1641 Loss: 0.115837
2026-08-23 09:18: Train Epoch 14: 540/1641 Loss: 0.134148
2026-08-23 09:18: Train Epoch 14: 560/1641 Loss: 0.129172
2026-08-23 09:18: Train Epoch 14: 580/1641 Loss: 0.102389
2026-08-23 09:18: Train Epoch 14: 600/1641 Loss: 0.150988
2026-08-23 09:18: Train Epoch 14: 620/1641 Loss: 0.047919
2026-08-23 09:18: Train Epoch 14: 640/1641 Loss: 0.101408
2026-08-23 09:18: Train Epoch 14: 660/1641 Loss: 0.071858
2026-08-23 09:18: Train Epoch 14: 680/1641 Loss: 0.083937
2026-08-23 09:18: Train Epoch 14: 700/1641 Loss: 0.082136
2026-08-23 09:18: Train Epoch 14: 720/1641 Loss: 0.092558
2026-08-23 09:18: Train Epoch 14: 740/1641 Loss: 0.098813
2026-08-23 09:19: Train Epoch 14: 760/1641 Loss: 0.116497
2026-08-23 09:19: Train Epoch 14: 780/1641 Loss: 0.151149
2026-08-23 09:19: Train Epoch 14: 800/1641 Loss: 0.114454
2026-08-23 09:19: Train Epoch 14: 820/1641 Loss: 0.119655
2026-08-23 09:19: Train Epoch 14: 840/1641 Loss: 0.065146
2026-08-23 09:19: Train Epoch 14: 860/1641 Loss: 0.111249
2026-08-23 09:19: Train Epoch 14: 880/1641 Loss: 0.105577
2026-08-23 09:19: Train Epoch 14: 900/1641 Loss: 0.141383
2026-08-23 09:19: Train Epoch 14: 920/1641 Loss: 0.103527
2026-08-23 09:19: Train Epoch 14: 940/1641 Loss: 0.095276
2026-08-23 09:19: Train Epoch 14: 960/1641 Loss: 0.131361
2026-08-23 09:19: Train Epoch 14: 980/1641 Loss: 0.129081
2026-08-23 09:19: Train Epoch 14: 1000/1641 Loss: 0.084802
2026-08-23 09:19: Train Epoch 14: 1020/1641 Loss: 0.123874
2026-08-23 09:19: Train Epoch 14: 1040/1641 Loss: 0.113260
2026-08-23 09:19: Train Epoch 14: 1060/1641 Loss: 0.104168
2026-08-23 09:19: Train Epoch 14: 1080/1641 Loss: 0.056557
2026-08-23 09:19: Train Epoch 14: 1100/1641 Loss: 0.106797
2026-08-23 09:19: Train Epoch 14: 1120/1641 Loss: 0.084228
2026-08-23 09:19: Train Epoch 14: 1140/1641 Loss: 0.075547
2026-08-23 09:19: Train Epoch 14: 1160/1641 Loss: 0.112597
2026-08-23 09:19: Train Epoch 14: 1180/1641 Loss: 0.096016
2026-08-23 09:19: Train Epoch 14: 1200/1641 Loss: 0.070735
2026-08-23 09:20: Train Epoch 14: 1220/1641 Loss: 0.047196
2026-08-23 09:20: Train Epoch 14: 1240/1641 Loss: 0.080944
2026-08-23 09:20: Train Epoch 14: 1260/1641 Loss: 0.077949
2026-08-23 09:20: Train Epoch 14: 1280/1641 Loss: 0.136007
2026-08-23 09:20: Train Epoch 14: 1300/1641 Loss: 0.105567
2026-08-23 09:20: Train Epoch 14: 1320/1641 Loss: 0.070858
2026-08-23 09:20: Train Epoch 14: 1340/1641 Loss: 0.094205
2026-08-23 09:20: Train Epoch 14: 1360/1641 Loss: 0.109165
2026-08-23 09:20: Train Epoch 14: 1380/1641 Loss: 0.079761
2026-08-23 09:20: Train Epoch 14: 1400/1641 Loss: 0.086604
2026-08-23 09:20: Train Epoch 14: 1420/1641 Loss: 0.090323
2026-08-23 09:20: Train Epoch 14: 1440/1641 Loss: 0.096614
2026-08-23 09:20: Train Epoch 14: 1460/1641 Loss: 0.093985
2026-08-23 09:20: Train Epoch 14: 1480/1641 Loss: 0.091437
2026-08-23 09:20: Train Epoch 14: 1500/1641 Loss: 0.113138
2026-08-23 09:20: Train Epoch 14: 1520/1641 Loss: 0.120906
2026-08-23 09:20: Train Epoch 14: 1540/1641 Loss: 0.130863
2026-08-23 09:20: Train Epoch 14: 1560/1641 Loss: 0.156718
2026-08-23 09:20: Train Epoch 14: 1580/1641 Loss: 0.115207
2026-08-23 09:20: Train Epoch 14: 1600/1641 Loss: 0.078408
2026-08-23 09:20: Train Epoch 14: 1620/1641 Loss: 0.111872
2026-08-23 09:20: Train Epoch 14: 1640/1641 Loss: 0.100036
2026-08-23 09:20: **********Train Epoch 14: averaged Loss: 0.102007, tf_ratio: 1.000000
2026-08-23 09:21: **********Val Epoch 14: average Loss: 0.137549
2026-08-23 09:21: Train Epoch 15: 0/1641 Loss: 0.055756
2026-08-23 09:21: Train Epoch 15: 20/1641 Loss: 0.134029
2026-08-23 09:21: Train Epoch 15: 40/1641 Loss: 0.076294
2026-08-23 09:21: Train Epoch 15: 60/1641 Loss: 0.143247
2026-08-23 09:21: Train Epoch 15: 80/1641 Loss: 0.087562
2026-08-23 09:21: Train Epoch 15: 100/1641 Loss: 0.071775
2026-08-23 09:21: Train Epoch 15: 120/1641 Loss: 0.101451
2026-08-23 09:21: Train Epoch 15: 140/1641 Loss: 0.087001
2026-08-23 09:21: Train Epoch 15: 160/1641 Loss: 0.080226
2026-08-23 09:21: Train Epoch 15: 180/1641 Loss: 0.133315
2026-08-23 09:21: Train Epoch 15: 200/1641 Loss: 0.099020
2026-08-23 09:21: Train Epoch 15: 220/1641 Loss: 0.088948
2026-08-23 09:21: Train Epoch 15: 240/1641 Loss: 0.124170
2026-08-23 09:21: Train Epoch 15: 260/1641 Loss: 0.072878
2026-08-23 09:21: Train Epoch 15: 280/1641 Loss: 0.070120
2026-08-23 09:21: Train Epoch 15: 300/1641 Loss: 0.115230
2026-08-23 09:22: Train Epoch 15: 320/1641 Loss: 0.155260
2026-08-23 09:22: Train Epoch 15: 340/1641 Loss: 0.107389
2026-08-23 09:22: Train Epoch 15: 360/1641 Loss: 0.145710
2026-08-23 09:22: Train Epoch 15: 380/1641 Loss: 0.107970
2026-08-23 09:22: Train Epoch 15: 400/1641 Loss: 0.086156
2026-08-23 09:22: Train Epoch 15: 420/1641 Loss: 0.148627
2026-08-23 09:22: Train Epoch 15: 440/1641 Loss: 0.109737
2026-08-23 09:22: Train Epoch 15: 460/1641 Loss: 0.097613
2026-08-23 09:22: Train Epoch 15: 480/1641 Loss: 0.075026
2026-08-23 09:22: Train Epoch 15: 500/1641 Loss: 0.076286
2026-08-23 09:22: Train Epoch 15: 520/1641 Loss: 0.136451
2026-08-23 09:22: Train Epoch 15: 540/1641 Loss: 0.093647
2026-08-23 09:22: Train Epoch 15: 560/1641 Loss: 0.097699
2026-08-23 09:22: Train Epoch 15: 580/1641 Loss: 0.052845
2026-08-23 09:22: Train Epoch 15: 600/1641 Loss: 0.096868
2026-08-23 09:22: Train Epoch 15: 620/1641 Loss: 0.140490
2026-08-23 09:22: Train Epoch 15: 640/1641 Loss: 0.093062
2026-08-23 09:22: Train Epoch 15: 660/1641 Loss: 0.125892
2026-08-23 09:22: Train Epoch 15: 680/1641 Loss: 0.077082
2026-08-23 09:22: Train Epoch 15: 700/1641 Loss: 0.080268
2026-08-23 09:22: Train Epoch 15: 720/1641 Loss: 0.102084
2026-08-23 09:22: Train Epoch 15: 740/1641 Loss: 0.074366
2026-08-23 09:22: Train Epoch 15: 760/1641 Loss: 0.107699
2026-08-23 09:23: Train Epoch 15: 780/1641 Loss: 0.073051
2026-08-23 09:23: Train Epoch 15: 800/1641 Loss: 0.080783
2026-08-23 09:23: Train Epoch 15: 820/1641 Loss: 0.092868
2026-08-23 09:23: Train Epoch 15: 840/1641 Loss: 0.135590
2026-08-23 09:23: Train Epoch 15: 860/1641 Loss: 0.057804
2026-08-23 09:23: Train Epoch 15: 880/1641 Loss: 0.084296
2026-08-23 09:23: Train Epoch 15: 900/1641 Loss: 0.098082
2026-08-23 09:23: Train Epoch 15: 920/1641 Loss: 0.136100
2026-08-23 09:23: Train Epoch 15: 940/1641 Loss: 0.137177
2026-08-23 09:23: Train Epoch 15: 960/1641 Loss: 0.098012
2026-08-23 09:23: Train Epoch 15: 980/1641 Loss: 0.103184
2026-08-23 09:23: Train Epoch 15: 1000/1641 Loss: 0.114141
2026-08-23 09:23: Train Epoch 15: 1020/1641 Loss: 0.121667
2026-08-23 09:23: Train Epoch 15: 1040/1641 Loss: 0.093608
2026-08-23 09:23: Train Epoch 15: 1060/1641 Loss: 0.093952
2026-08-23 09:23: Train Epoch 15: 1080/1641 Loss: 0.085713
2026-08-23 09:23: Train Epoch 15: 1100/1641 Loss: 0.090579
2026-08-23 09:23: Train Epoch 15: 1120/1641 Loss: 0.105731
2026-08-23 09:23: Train Epoch 15: 1140/1641 Loss: 0.113435
2026-08-23 09:23: Train Epoch 15: 1160/1641 Loss: 0.086061
2026-08-23 09:23: Train Epoch 15: 1180/1641 Loss: 0.060166
2026-08-23 09:23: Train Epoch 15: 1200/1641 Loss: 0.169481
2026-08-23 09:23: Train Epoch 15: 1220/1641 Loss: 0.078089
2026-08-23 09:24: Train Epoch 15: 1240/1641 Loss: 0.133387
2026-08-23 09:24: Train Epoch 15: 1260/1641 Loss: 0.109624
2026-08-23 09:24: Train Epoch 15: 1280/1641 Loss: 0.098047
2026-08-23 09:24: Train Epoch 15: 1300/1641 Loss: 0.072393
2026-08-23 09:24: Train Epoch 15: 1320/1641 Loss: 0.124745
2026-08-23 09:24: Train Epoch 15: 1340/1641 Loss: 0.103830
2026-08-23 09:24: Train Epoch 15: 1360/1641 Loss: 0.114752
2026-08-23 09:24: Train Epoch 15: 1380/1641 Loss: 0.141477
2026-08-23 09:24: Train Epoch 15: 1400/1641 Loss: 0.067433
2026-08-23 09:24: Train Epoch 15: 1420/1641 Loss: 0.072419
2026-08-23 09:24: Train Epoch 15: 1440/1641 Loss: 0.142165
2026-08-23 09:24: Train Epoch 15: 1460/1641 Loss: 0.060781
2026-08-23 09:24: Train Epoch 15: 1480/1641 Loss: 0.135519
2026-08-23 09:24: Train Epoch 15: 1500/1641 Loss: 0.095247
2026-08-23 09:24: Train Epoch 15: 1520/1641 Loss: 0.078650
2026-08-23 09:24: Train Epoch 15: 1540/1641 Loss: 0.066109
2026-08-23 09:24: Train Epoch 15: 1560/1641 Loss: 0.112922
2026-08-23 09:24: Train Epoch 15: 1580/1641 Loss: 0.109221
2026-08-23 09:24: Train Epoch 15: 1600/1641 Loss: 0.092289
2026-08-23 09:24: Train Epoch 15: 1620/1641 Loss: 0.089602
2026-08-23 09:24: Train Epoch 15: 1640/1641 Loss: 0.110593
2026-08-23 09:24: **********Train Epoch 15: averaged Loss: 0.102008, tf_ratio: 1.000000
2026-08-23 09:25: **********Val Epoch 15: average Loss: 0.137915
2026-08-23 09:25: Train Epoch 16: 0/1641 Loss: 0.119065
2026-08-23 09:25: Train Epoch 16: 20/1641 Loss: 0.095878
2026-08-23 09:25: Train Epoch 16: 40/1641 Loss: 0.078758
2026-08-23 09:25: Train Epoch 16: 60/1641 Loss: 0.069682
2026-08-23 09:25: Train Epoch 16: 80/1641 Loss: 0.092719
2026-08-23 09:25: Train Epoch 16: 100/1641 Loss: 0.059009
2026-08-23 09:25: Train Epoch 16: 120/1641 Loss: 0.128503
2026-08-23 09:25: Train Epoch 16: 140/1641 Loss: 0.040135
2026-08-23 09:25: Train Epoch 16: 160/1641 Loss: 0.102289
2026-08-23 09:25: Train Epoch 16: 180/1641 Loss: 0.135651
2026-08-23 09:25: Train Epoch 16: 200/1641 Loss: 0.087276
2026-08-23 09:25: Train Epoch 16: 220/1641 Loss: 0.121380
2026-08-23 09:25: Train Epoch 16: 240/1641 Loss: 0.059834
2026-08-23 09:25: Train Epoch 16: 260/1641 Loss: 0.114559
2026-08-23 09:25: Train Epoch 16: 280/1641 Loss: 0.087283
2026-08-23 09:25: Train Epoch 16: 300/1641 Loss: 0.064514
2026-08-23 09:25: Train Epoch 16: 320/1641 Loss: 0.067569
2026-08-23 09:26: Train Epoch 16: 340/1641 Loss: 0.101058
2026-08-23 09:26: Train Epoch 16: 360/1641 Loss: 0.143851
2026-08-23 09:26: Train Epoch 16: 380/1641 Loss: 0.100165
2026-08-23 09:26: Train Epoch 16: 400/1641 Loss: 0.106632
2026-08-23 09:26: Train Epoch 16: 420/1641 Loss: 0.067417
2026-08-23 09:26: Train Epoch 16: 440/1641 Loss: 0.076074
2026-08-23 09:26: Train Epoch 16: 460/1641 Loss: 0.120349
2026-08-23 09:26: Train Epoch 16: 480/1641 Loss: 0.112209
2026-08-23 09:26: Train Epoch 16: 500/1641 Loss: 0.076484
2026-08-23 09:26: Train Epoch 16: 520/1641 Loss: 0.085378
2026-08-23 09:26: Train Epoch 16: 540/1641 Loss: 0.169778
2026-08-23 09:26: Train Epoch 16: 560/1641 Loss: 0.090828
2026-08-23 09:26: Train Epoch 16: 580/1641 Loss: 0.083645
2026-08-23 09:26: Train Epoch 16: 600/1641 Loss: 0.127245
2026-08-23 09:26: Train Epoch 16: 620/1641 Loss: 0.107826
2026-08-23 09:26: Train Epoch 16: 640/1641 Loss: 0.088793
2026-08-23 09:26: Train Epoch 16: 660/1641 Loss: 0.106090
2026-08-23 09:26: Train Epoch 16: 680/1641 Loss: 0.098961
2026-08-23 09:26: Train Epoch 16: 700/1641 Loss: 0.058964
2026-08-23 09:26: Train Epoch 16: 720/1641 Loss: 0.079355
2026-08-23 09:26: Train Epoch 16: 740/1641 Loss: 0.103723
2026-08-23 09:26: Train Epoch 16: 760/1641 Loss: 0.076429
2026-08-23 09:26: Train Epoch 16: 780/1641 Loss: 0.098245
2026-08-23 09:27: Train Epoch 16: 800/1641 Loss: 0.112805
2026-08-23 09:27: Train Epoch 16: 820/1641 Loss: 0.129285
2026-08-23 09:27: Train Epoch 16: 840/1641 Loss: 0.095743
2026-08-23 09:27: Train Epoch 16: 860/1641 Loss: 0.062635
2026-08-23 09:27: Train Epoch 16: 880/1641 Loss: 0.124384
2026-08-23 09:27: Train Epoch 16: 900/1641 Loss: 0.074988
2026-08-23 09:27: Train Epoch 16: 920/1641 Loss: 0.153190
2026-08-23 09:27: Train Epoch 16: 940/1641 Loss: 0.075507
2026-08-23 09:27: Train Epoch 16: 960/1641 Loss: 0.197259
2026-08-23 09:27: Train Epoch 16: 980/1641 Loss: 0.133515
2026-08-23 09:27: Train Epoch 16: 1000/1641 Loss: 0.091276
2026-08-23 09:27: Train Epoch 16: 1020/1641 Loss: 0.080607
2026-08-23 09:27: Train Epoch 16: 1040/1641 Loss: 0.083183
2026-08-23 09:27: Train Epoch 16: 1060/1641 Loss: 0.140890
2026-08-23 09:27: Train Epoch 16: 1080/1641 Loss: 0.132452
2026-08-23 09:27: Train Epoch 16: 1100/1641 Loss: 0.110443
2026-08-23 09:27: Train Epoch 16: 1120/1641 Loss: 0.056621
2026-08-23 09:27: Train Epoch 16: 1140/1641 Loss: 0.063679
2026-08-23 09:27: Train Epoch 16: 1160/1641 Loss: 0.053134
2026-08-23 09:27: Train Epoch 16: 1180/1641 Loss: 0.088743
2026-08-23 09:27: Train Epoch 16: 1200/1641 Loss: 0.093334
2026-08-23 09:27: Train Epoch 16: 1220/1641 Loss: 0.092319
2026-08-23 09:27: Train Epoch 16: 1240/1641 Loss: 0.085296
2026-08-23 09:28: Train Epoch 16: 1260/1641 Loss: 0.108061
2026-08-23 09:28: Train Epoch 16: 1280/1641 Loss: 0.096917
2026-08-23 09:28: Train Epoch 16: 1300/1641 Loss: 0.071157
2026-08-23 09:28: Train Epoch 16: 1320/1641 Loss: 0.084329
2026-08-23 09:28: Train Epoch 16: 1340/1641 Loss: 0.088015
2026-08-23 09:28: Train Epoch 16: 1360/1641 Loss: 0.065978
2026-08-23 09:28: Train Epoch 16: 1380/1641 Loss: 0.096844
2026-08-23 09:28: Train Epoch 16: 1400/1641 Loss: 0.064023
2026-08-23 09:28: Train Epoch 16: 1420/1641 Loss: 0.142725
2026-08-23 09:28: Train Epoch 16: 1440/1641 Loss: 0.102773
2026-08-23 09:28: Train Epoch 16: 1460/1641 Loss: 0.153063
2026-08-23 09:28: Train Epoch 16: 1480/1641 Loss: 0.095066
2026-08-23 09:28: Train Epoch 16: 1500/1641 Loss: 0.170635
2026-08-23 09:28: Train Epoch 16: 1520/1641 Loss: 0.119688
2026-08-23 09:28: Train Epoch 16: 1540/1641 Loss: 0.085831
2026-08-23 09:28: Train Epoch 16: 1560/1641 Loss: 0.107255
2026-08-23 09:28: Train Epoch 16: 1580/1641 Loss: 0.090601
2026-08-23 09:28: Train Epoch 16: 1600/1641 Loss: 0.088543
2026-08-23 09:28: Train Epoch 16: 1620/1641 Loss: 0.130827
2026-08-23 09:28: Train Epoch 16: 1640/1641 Loss: 0.119345
2026-08-23 09:28: **********Train Epoch 16: averaged Loss: 0.101997, tf_ratio: 1.000000
2026-08-23 09:29: **********Val Epoch 16: average Loss: 0.137536
2026-08-23 09:29: Train Epoch 17: 0/1641 Loss: 0.117334
2026-08-23 09:29: Train Epoch 17: 20/1641 Loss: 0.108199
2026-08-23 09:29: Train Epoch 17: 40/1641 Loss: 0.060354
2026-08-23 09:29: Train Epoch 17: 60/1641 Loss: 0.148240
2026-08-23 09:29: Train Epoch 17: 80/1641 Loss: 0.109320
2026-08-23 09:29: Train Epoch 17: 100/1641 Loss: 0.059377
2026-08-23 09:29: Train Epoch 17: 120/1641 Loss: 0.095531
2026-08-23 09:29: Train Epoch 17: 140/1641 Loss: 0.094988
2026-08-23 09:29: Train Epoch 17: 160/1641 Loss: 0.099862
2026-08-23 09:29: Train Epoch 17: 180/1641 Loss: 0.073520
2026-08-23 09:29: Train Epoch 17: 200/1641 Loss: 0.117007
2026-08-23 09:29: Train Epoch 17: 220/1641 Loss: 0.082783
2026-08-23 09:29: Train Epoch 17: 240/1641 Loss: 0.134534
2026-08-23 09:29: Train Epoch 17: 260/1641 Loss: 0.086694
2026-08-23 09:29: Train Epoch 17: 280/1641 Loss: 0.086372
2026-08-23 09:29: Train Epoch 17: 300/1641 Loss: 0.070666
2026-08-23 09:29: Train Epoch 17: 320/1641 Loss: 0.079184
2026-08-23 09:29: Train Epoch 17: 340/1641 Loss: 0.100995
2026-08-23 09:29: Train Epoch 17: 360/1641 Loss: 0.086336
2026-08-23 09:30: Train Epoch 17: 380/1641 Loss: 0.104688
2026-08-23 09:30: Train Epoch 17: 400/1641 Loss: 0.077074
2026-08-23 09:30: Train Epoch 17: 420/1641 Loss: 0.087909
2026-08-23 09:30: Train Epoch 17: 440/1641 Loss: 0.108235
2026-08-23 09:30: Train Epoch 17: 460/1641 Loss: 0.128582
2026-08-23 09:30: Train Epoch 17: 480/1641 Loss: 0.112872
2026-08-23 09:30: Train Epoch 17: 500/1641 Loss: 0.159514
2026-08-23 09:30: Train Epoch 17: 520/1641 Loss: 0.120411
2026-08-23 09:30: Train Epoch 17: 540/1641 Loss: 0.077901
2026-08-23 09:30: Train Epoch 17: 560/1641 Loss: 0.096898
2026-08-23 09:30: Train Epoch 17: 580/1641 Loss: 0.091774
2026-08-23 09:30: Train Epoch 17: 600/1641 Loss: 0.093037
2026-08-23 09:30: Train Epoch 17: 620/1641 Loss: 0.116406
2026-08-23 09:30: Train Epoch 17: 640/1641 Loss: 0.102320
2026-08-23 09:30: Train Epoch 17: 660/1641 Loss: 0.101966
2026-08-23 09:30: Train Epoch 17: 680/1641 Loss: 0.112231
2026-08-23 09:30: Train Epoch 17: 700/1641 Loss: 0.114367
2026-08-23 09:30: Train Epoch 17: 720/1641 Loss: 0.139933
2026-08-23 09:30: Train Epoch 17: 740/1641 Loss: 0.118761
2026-08-23 09:30: Train Epoch 17: 760/1641 Loss: 0.097794
2026-08-23 09:30: Train Epoch 17: 780/1641 Loss: 0.082585
2026-08-23 09:30: Train Epoch 17: 800/1641 Loss: 0.155140
2026-08-23 09:31: Train Epoch 17: 820/1641 Loss: 0.137541
2026-08-23 09:31: Train Epoch 17: 840/1641 Loss: 0.144235
2026-08-23 09:31: Train Epoch 17: 860/1641 Loss: 0.080288
2026-08-23 09:31: Train Epoch 17: 880/1641 Loss: 0.061344
2026-08-23 09:31: Train Epoch 17: 900/1641 Loss: 0.107961
2026-08-23 09:31: Train Epoch 17: 920/1641 Loss: 0.117499
2026-08-23 09:31: Train Epoch 17: 940/1641 Loss: 0.041797
2026-08-23 09:31: Train Epoch 17: 960/1641 Loss: 0.093708
2026-08-23 09:31: Train Epoch 17: 980/1641 Loss: 0.101523
2026-08-23 09:31: Train Epoch 17: 1000/1641 Loss: 0.111715
2026-08-23 09:31: Train Epoch 17: 1020/1641 Loss: 0.116462
2026-08-23 09:31: Train Epoch 17: 1040/1641 Loss: 0.144762
2026-08-23 09:31: Train Epoch 17: 1060/1641 Loss: 0.076063
2026-08-23 09:31: Train Epoch 17: 1080/1641 Loss: 0.092369
2026-08-23 09:31: Train Epoch 17: 1100/1641 Loss: 0.113348
2026-08-23 09:31: Train Epoch 17: 1120/1641 Loss: 0.046396
2026-08-23 09:31: Train Epoch 17: 1140/1641 Loss: 0.078315
2026-08-23 09:31: Train Epoch 17: 1160/1641 Loss: 0.074321
2026-08-23 09:31: Train Epoch 17: 1180/1641 Loss: 0.119782
2026-08-23 09:31: Train Epoch 17: 1200/1641 Loss: 0.072525
2026-08-23 09:31: Train Epoch 17: 1220/1641 Loss: 0.103346
2026-08-23 09:31: Train Epoch 17: 1240/1641 Loss: 0.140502
2026-08-23 09:31: Train Epoch 17: 1260/1641 Loss: 0.074448
2026-08-23 09:32: Train Epoch 17: 1280/1641 Loss: 0.079652
2026-08-23 09:32: Train Epoch 17: 1300/1641 Loss: 0.114176
2026-08-23 09:32: Train Epoch 17: 1320/1641 Loss: 0.112099
2026-08-23 09:32: Train Epoch 17: 1340/1641 Loss: 0.121755
2026-08-23 09:32: Train Epoch 17: 1360/1641 Loss: 0.120917
2026-08-23 09:32: Train Epoch 17: 1380/1641 Loss: 0.191615
2026-08-23 09:32: Train Epoch 17: 1400/1641 Loss: 0.084954
2026-08-23 09:32: Train Epoch 17: 1420/1641 Loss: 0.099157
2026-08-23 09:32: Train Epoch 17: 1440/1641 Loss: 0.113925
2026-08-23 09:32: Train Epoch 17: 1460/1641 Loss: 0.094699
2026-08-23 09:32: Train Epoch 17: 1480/1641 Loss: 0.088692
2026-08-23 09:32: Train Epoch 17: 1500/1641 Loss: 0.110093
2026-08-23 09:32: Train Epoch 17: 1520/1641 Loss: 0.101227
2026-08-23 09:32: Train Epoch 17: 1540/1641 Loss: 0.088631
2026-08-23 09:32: Train Epoch 17: 1560/1641 Loss: 0.088595
2026-08-23 09:32: Train Epoch 17: 1580/1641 Loss: 0.092713
2026-08-23 09:32: Train Epoch 17: 1600/1641 Loss: 0.097335
2026-08-23 09:32: Train Epoch 17: 1620/1641 Loss: 0.065251
2026-08-23 09:32: Train Epoch 17: 1640/1641 Loss: 0.085516
2026-08-23 09:32: **********Train Epoch 17: averaged Loss: 0.102016, tf_ratio: 1.000000
2026-08-23 09:33: **********Val Epoch 17: average Loss: 0.137532
2026-08-23 09:33: Train Epoch 18: 0/1641 Loss: 0.120912
2026-08-23 09:33: Train Epoch 18: 20/1641 Loss: 0.081584
2026-08-23 09:33: Train Epoch 18: 40/1641 Loss: 0.073117
2026-08-23 09:33: Train Epoch 18: 60/1641 Loss: 0.090676
2026-08-23 09:33: Train Epoch 18: 80/1641 Loss: 0.120029
2026-08-23 09:33: Train Epoch 18: 100/1641 Loss: 0.072945
2026-08-23 09:33: Train Epoch 18: 120/1641 Loss: 0.099818
2026-08-23 09:33: Train Epoch 18: 140/1641 Loss: 0.059063
2026-08-23 09:33: Train Epoch 18: 160/1641 Loss: 0.094117
2026-08-23 09:33: Train Epoch 18: 180/1641 Loss: 0.108877
2026-08-23 09:33: Train Epoch 18: 200/1641 Loss: 0.076259
2026-08-23 09:33: Train Epoch 18: 220/1641 Loss: 0.102715
2026-08-23 09:33: Train Epoch 18: 240/1641 Loss: 0.133588
2026-08-23 09:33: Train Epoch 18: 260/1641 Loss: 0.102348
2026-08-23 09:33: Train Epoch 18: 280/1641 Loss: 0.099518
2026-08-23 09:33: Train Epoch 18: 300/1641 Loss: 0.047195
2026-08-23 09:33: Train Epoch 18: 320/1641 Loss: 0.130087
2026-08-23 09:33: Train Epoch 18: 340/1641 Loss: 0.095682
2026-08-23 09:33: Train Epoch 18: 360/1641 Loss: 0.099913
2026-08-23 09:33: Train Epoch 18: 380/1641 Loss: 0.095830
2026-08-23 09:34: Train Epoch 18: 400/1641 Loss: 0.114259
2026-08-23 09:34: Train Epoch 18: 420/1641 Loss: 0.084136
2026-08-23 09:34: Train Epoch 18: 440/1641 Loss: 0.071313
2026-08-23 09:34: Train Epoch 18: 460/1641 Loss: 0.143311
2026-08-23 09:34: Train Epoch 18: 480/1641 Loss: 0.130561
2026-08-23 09:34: Train Epoch 18: 500/1641 Loss: 0.117031
2026-08-23 09:34: Train Epoch 18: 520/1641 Loss: 0.088670
2026-08-23 09:34: Train Epoch 18: 540/1641 Loss: 0.108115
2026-08-23 09:34: Train Epoch 18: 560/1641 Loss: 0.085198
2026-08-23 09:34: Train Epoch 18: 580/1641 Loss: 0.047256
2026-08-23 09:34: Train Epoch 18: 600/1641 Loss: 0.122084
2026-08-23 09:34: Train Epoch 18: 620/1641 Loss: 0.109691
2026-08-23 09:34: Train Epoch 18: 640/1641 Loss: 0.107491
2026-08-23 09:34: Train Epoch 18: 660/1641 Loss: 0.162329
2026-08-23 09:34: Train Epoch 18: 680/1641 Loss: 0.095294
2026-08-23 09:34: Train Epoch 18: 700/1641 Loss: 0.081541
2026-08-23 09:34: Train Epoch 18: 720/1641 Loss: 0.083095
2026-08-23 09:34: Train Epoch 18: 740/1641 Loss: 0.100844
2026-08-23 09:34: Train Epoch 18: 760/1641 Loss: 0.103455
2026-08-23 09:34: Train Epoch 18: 780/1641 Loss: 0.070154
2026-08-23 09:34: Train Epoch 18: 800/1641 Loss: 0.069952
2026-08-23 09:34: Train Epoch 18: 820/1641 Loss: 0.106223
2026-08-23 09:34: Train Epoch 18: 840/1641 Loss: 0.093510
2026-08-23 09:35: Train Epoch 18: 860/1641 Loss: 0.140052
2026-08-23 09:35: Train Epoch 18: 880/1641 Loss: 0.084361
2026-08-23 09:35: Train Epoch 18: 900/1641 Loss: 0.171646
2026-08-23 09:35: Train Epoch 18: 920/1641 Loss: 0.123180
2026-08-23 09:35: Train Epoch 18: 940/1641 Loss: 0.110530
2026-08-23 09:35: Train Epoch 18: 960/1641 Loss: 0.079303
2026-08-23 09:35: Train Epoch 18: 980/1641 Loss: 0.070820
2026-08-23 09:35: Train Epoch 18: 1000/1641 Loss: 0.105047
2026-08-23 09:35: Train Epoch 18: 1020/1641 Loss: 0.064551
2026-08-23 09:35: Train Epoch 18: 1040/1641 Loss: 0.110507
2026-08-23 09:35: Train Epoch 18: 1060/1641 Loss: 0.102122
2026-08-23 09:35: Train Epoch 18: 1080/1641 Loss: 0.093460
2026-08-23 09:35: Train Epoch 18: 1100/1641 Loss: 0.094400
2026-08-23 09:35: Train Epoch 18: 1120/1641 Loss: 0.128012
2026-08-23 09:35: Train Epoch 18: 1140/1641 Loss: 0.095746
2026-08-23 09:35: Train Epoch 18: 1160/1641 Loss: 0.094313
2026-08-23 09:35: Train Epoch 18: 1180/1641 Loss: 0.128149
2026-08-23 09:35: Train Epoch 18: 1200/1641 Loss: 0.107148
2026-08-23 09:35: Train Epoch 18: 1220/1641 Loss: 0.085292
2026-08-23 09:35: Train Epoch 18: 1240/1641 Loss: 0.114268
2026-08-23 09:35: Train Epoch 18: 1260/1641 Loss: 0.066882
2026-08-23 09:35: Train Epoch 18: 1280/1641 Loss: 0.101086
2026-08-23 09:36: Train Epoch 18: 1300/1641 Loss: 0.099225
2026-08-23 09:36: Train Epoch 18: 1320/1641 Loss: 0.088327
2026-08-23 09:36: Train Epoch 18: 1340/1641 Loss: 0.105598
2026-08-23 09:36: Train Epoch 18: 1360/1641 Loss: 0.068819
2026-08-23 09:36: Train Epoch 18: 1380/1641 Loss: 0.098064
2026-08-23 09:36: Train Epoch 18: 1400/1641 Loss: 0.122887
2026-08-23 09:36: Train Epoch 18: 1420/1641 Loss: 0.128641
2026-08-23 09:36: Train Epoch 18: 1440/1641 Loss: 0.111032
2026-08-23 09:36: Train Epoch 18: 1460/1641 Loss: 0.085612
2026-08-23 09:36: Train Epoch 18: 1480/1641 Loss: 0.133186
2026-08-23 09:36: Train Epoch 18: 1500/1641 Loss: 0.130263
2026-08-23 09:36: Train Epoch 18: 1520/1641 Loss: 0.088800
2026-08-23 09:36: Train Epoch 18: 1540/1641 Loss: 0.141383
2026-08-23 09:36: Train Epoch 18: 1560/1641 Loss: 0.140125
2026-08-23 09:36: Train Epoch 18: 1580/1641 Loss: 0.102977
2026-08-23 09:36: Train Epoch 18: 1600/1641 Loss: 0.129121
2026-08-23 09:36: Train Epoch 18: 1620/1641 Loss: 0.110813
2026-08-23 09:36: Train Epoch 18: 1640/1641 Loss: 0.103288
2026-08-23 09:36: **********Train Epoch 18: averaged Loss: 0.101969, tf_ratio: 1.000000
2026-08-23 09:37: **********Val Epoch 18: average Loss: 0.137365
2026-08-23 09:37: Train Epoch 19: 0/1641 Loss: 0.136497
2026-08-23 09:37: Train Epoch 19: 20/1641 Loss: 0.071854
2026-08-23 09:37: Train Epoch 19: 40/1641 Loss: 0.080873
2026-08-23 09:37: Train Epoch 19: 60/1641 Loss: 0.093620
2026-08-23 09:37: Train Epoch 19: 80/1641 Loss: 0.135661
2026-08-23 09:37: Train Epoch 19: 100/1641 Loss: 0.076188
2026-08-23 09:37: Train Epoch 19: 120/1641 Loss: 0.093679
2026-08-23 09:37: Train Epoch 19: 140/1641 Loss: 0.078221
2026-08-23 09:37: Train Epoch 19: 160/1641 Loss: 0.108359
2026-08-23 09:37: Train Epoch 19: 180/1641 Loss: 0.110712
2026-08-23 09:37: Train Epoch 19: 200/1641 Loss: 0.090158
2026-08-23 09:37: Train Epoch 19: 220/1641 Loss: 0.098396
2026-08-23 09:37: Train Epoch 19: 240/1641 Loss: 0.091619
2026-08-23 09:37: Train Epoch 19: 260/1641 Loss: 0.069233
2026-08-23 09:37: Train Epoch 19: 280/1641 Loss: 0.072536
2026-08-23 09:37: Train Epoch 19: 300/1641 Loss: 0.088460
2026-08-23 09:37: Train Epoch 19: 320/1641 Loss: 0.133054
2026-08-23 09:37: Train Epoch 19: 340/1641 Loss: 0.063676
2026-08-23 09:37: Train Epoch 19: 360/1641 Loss: 0.110931
2026-08-23 09:37: Train Epoch 19: 380/1641 Loss: 0.078710
2026-08-23 09:37: Train Epoch 19: 400/1641 Loss: 0.121499
2026-08-23 09:38: Train Epoch 19: 420/1641 Loss: 0.095815
2026-08-23 09:38: Train Epoch 19: 440/1641 Loss: 0.084953
2026-08-23 09:38: Train Epoch 19: 460/1641 Loss: 0.096210
2026-08-23 09:38: Train Epoch 19: 480/1641 Loss: 0.067453
2026-08-23 09:38: Train Epoch 19: 500/1641 Loss: 0.119456
2026-08-23 09:38: Train Epoch 19: 520/1641 Loss: 0.134032
2026-08-23 09:38: Train Epoch 19: 540/1641 Loss: 0.089015
2026-08-23 09:38: Train Epoch 19: 560/1641 Loss: 0.121046
2026-08-23 09:38: Train Epoch 19: 580/1641 Loss: 0.154379
2026-08-23 09:38: Train Epoch 19: 600/1641 Loss: 0.157343
2026-08-23 09:38: Train Epoch 19: 620/1641 Loss: 0.106504
2026-08-23 09:38: Train Epoch 19: 640/1641 Loss: 0.116777
2026-08-23 09:38: Train Epoch 19: 660/1641 Loss: 0.119754
2026-08-23 09:38: Train Epoch 19: 680/1641 Loss: 0.099687
2026-08-23 09:38: Train Epoch 19: 700/1641 Loss: 0.074078
2026-08-23 09:38: Train Epoch 19: 720/1641 Loss: 0.107362
2026-08-23 09:38: Train Epoch 19: 740/1641 Loss: 0.084391
2026-08-23 09:38: Train Epoch 19: 760/1641 Loss: 0.088731
2026-08-23 09:38: Train Epoch 19: 780/1641 Loss: 0.107257
2026-08-23 09:38: Train Epoch 19: 800/1641 Loss: 0.127509
2026-08-23 09:38: Train Epoch 19: 820/1641 Loss: 0.085054
2026-08-23 09:38: Train Epoch 19: 840/1641 Loss: 0.083337
2026-08-23 09:39: Train Epoch 19: 860/1641 Loss: 0.148604
2026-08-23 09:39: Train Epoch 19: 880/1641 Loss: 0.053475
2026-08-23 09:39: Train Epoch 19: 900/1641 Loss: 0.115574
2026-08-23 09:39: Train Epoch 19: 920/1641 Loss: 0.079607
2026-08-23 09:39: Train Epoch 19: 940/1641 Loss: 0.104111
2026-08-23 09:39: Train Epoch 19: 960/1641 Loss: 0.058345
2026-08-23 09:39: Train Epoch 19: 980/1641 Loss: 0.093704
2026-08-23 09:39: Train Epoch 19: 1000/1641 Loss: 0.097499
2026-08-23 09:39: Train Epoch 19: 1020/1641 Loss: 0.097259
2026-08-23 09:39: Train Epoch 19: 1040/1641 Loss: 0.080629
2026-08-23 09:39: Train Epoch 19: 1060/1641 Loss: 0.102982
2026-08-23 09:39: Train Epoch 19: 1080/1641 Loss: 0.103198
2026-08-23 09:39: Train Epoch 19: 1100/1641 Loss: 0.098288
2026-08-23 09:39: Train Epoch 19: 1120/1641 Loss: 0.120489
2026-08-23 09:39: Train Epoch 19: 1140/1641 Loss: 0.085246
2026-08-23 09:39: Train Epoch 19: 1160/1641 Loss: 0.098247
2026-08-23 09:39: Train Epoch 19: 1180/1641 Loss: 0.161270
2026-08-23 09:39: Train Epoch 19: 1200/1641 Loss: 0.063813
2026-08-23 09:39: Train Epoch 19: 1220/1641 Loss: 0.092902
2026-08-23 09:39: Train Epoch 19: 1240/1641 Loss: 0.091542
2026-08-23 09:39: Train Epoch 19: 1260/1641 Loss: 0.093721
2026-08-23 09:39: Train Epoch 19: 1280/1641 Loss: 0.122715
2026-08-23 09:39: Train Epoch 19: 1300/1641 Loss: 0.101778
2026-08-23 09:40: Train Epoch 19: 1320/1641 Loss: 0.110333
2026-08-23 09:40: Train Epoch 19: 1340/1641 Loss: 0.102087
2026-08-23 09:40: Train Epoch 19: 1360/1641 Loss: 0.110523
2026-08-23 09:40: Train Epoch 19: 1380/1641 Loss: 0.094606
2026-08-23 09:40: Train Epoch 19: 1400/1641 Loss: 0.051847
2026-08-23 09:40: Train Epoch 19: 1420/1641 Loss: 0.046973
2026-08-23 09:40: Train Epoch 19: 1440/1641 Loss: 0.106233
2026-08-23 09:40: Train Epoch 19: 1460/1641 Loss: 0.094021
2026-08-23 09:40: Train Epoch 19: 1480/1641 Loss: 0.098225
2026-08-23 09:40: Train Epoch 19: 1500/1641 Loss: 0.117293
2026-08-23 09:40: Train Epoch 19: 1520/1641 Loss: 0.053866
2026-08-23 09:40: Train Epoch 19: 1540/1641 Loss: 0.126031
2026-08-23 09:40: Train Epoch 19: 1560/1641 Loss: 0.126522
2026-08-23 09:40: Train Epoch 19: 1580/1641 Loss: 0.093317
2026-08-23 09:40: Train Epoch 19: 1600/1641 Loss: 0.173258
2026-08-23 09:40: Train Epoch 19: 1620/1641 Loss: 0.098607
2026-08-23 09:40: Train Epoch 19: 1640/1641 Loss: 0.120097
2026-08-23 09:40: **********Train Epoch 19: averaged Loss: 0.101936, tf_ratio: 1.000000
2026-08-23 09:41: **********Val Epoch 19: average Loss: 0.137719
2026-08-23 09:41: Validation performance didn't improve for 15 epochs. Training stops.
2026-08-23 09:41: Total training time: 75.5730min, best loss: 0.137159
2026-08-23 09:41: Saving current best model to /scratch/chkkar002/Diffusion_Based_STGNNs/RealValue/AGCRN/model/experiments/SAWS/20260823082527/best_model.pth
2026-08-23 09:41: Horizon 01, MAE: 0.12, RMSE: 1.03, MAPE: 195.0700%
2026-08-23 09:41: Horizon 02, MAE: 0.12, RMSE: 1.03, MAPE: 194.8255%
2026-08-23 09:41: Horizon 03, MAE: 0.12, RMSE: 1.03, MAPE: 195.8555%
2026-08-23 09:41: Horizon 04, MAE: 0.12, RMSE: 1.03, MAPE: 194.2041%
2026-08-23 09:41: Horizon 05, MAE: 0.12, RMSE: 1.03, MAPE: 196.4149%
2026-08-23 09:41: Horizon 06, MAE: 0.12, RMSE: 1.03, MAPE: 194.5948%
2026-08-23 09:41: Horizon 07, MAE: 0.12, RMSE: 1.03, MAPE: 193.4977%
2026-08-23 09:41: Horizon 08, MAE: 0.12, RMSE: 1.03, MAPE: 194.3880%
2026-08-23 09:41: Horizon 09, MAE: 0.12, RMSE: 1.03, MAPE: 193.4205%
2026-08-23 09:41: Horizon 10, MAE: 0.12, RMSE: 1.03, MAPE: 193.8823%
2026-08-23 09:41: Horizon 11, MAE: 0.12, RMSE: 1.03, MAPE: 194.9048%
2026-08-23 09:41: Horizon 12, MAE: 0.12, RMSE: 1.03, MAPE: 195.1174%
2026-08-23 09:41: Horizon 13, MAE: 0.12, RMSE: 1.03, MAPE: 195.0922%
2026-08-23 09:41: Horizon 14, MAE: 0.12, RMSE: 1.03, MAPE: 193.5987%
2026-08-23 09:41: Horizon 15, MAE: 0.12, RMSE: 1.03, MAPE: 195.6628%
2026-08-23 09:41: Horizon 16, MAE: 0.12, RMSE: 1.03, MAPE: 195.8211%
2026-08-23 09:41: Horizon 17, MAE: 0.12, RMSE: 1.03, MAPE: 194.3605%
2026-08-23 09:41: Horizon 18, MAE: 0.12, RMSE: 1.03, MAPE: 194.5487%
2026-08-23 09:41: Horizon 19, MAE: 0.12, RMSE: 1.03, MAPE: 194.4284%
2026-08-23 09:41: Horizon 20, MAE: 0.12, RMSE: 1.03, MAPE: 192.9087%
2026-08-23 09:41: Horizon 21, MAE: 0.12, RMSE: 1.03, MAPE: 192.4316%
2026-08-23 09:41: Horizon 22, MAE: 0.12, RMSE: 1.03, MAPE: 194.6774%
2026-08-23 09:41: Horizon 23, MAE: 0.12, RMSE: 1.03, MAPE: 192.6513%
2026-08-23 09:41: Horizon 24, MAE: 0.12, RMSE: 1.03, MAPE: 194.0031%
2026-08-23 09:41: Horizon 25, MAE: 0.12, RMSE: 1.03, MAPE: 192.0010%
2026-08-23 09:41: Horizon 26, MAE: 0.12, RMSE: 1.03, MAPE: 193.3989%
2026-08-23 09:41: Horizon 27, MAE: 0.12, RMSE: 1.03, MAPE: 193.5215%
2026-08-23 09:41: Horizon 28, MAE: 0.12, RMSE: 1.03, MAPE: 193.0856%
2026-08-23 09:41: Horizon 29, MAE: 0.12, RMSE: 1.03, MAPE: 194.9646%
2026-08-23 09:41: Horizon 30, MAE: 0.12, RMSE: 1.03, MAPE: 193.0976%
2026-08-23 09:41: Horizon 31, MAE: 0.12, RMSE: 1.03, MAPE: 194.4225%
2026-08-23 09:41: Horizon 32, MAE: 0.12, RMSE: 1.03, MAPE: 194.0929%
2026-08-23 09:41: Horizon 33, MAE: 0.12, RMSE: 1.03, MAPE: 194.8809%
2026-08-23 09:41: Horizon 34, MAE: 0.12, RMSE: 1.03, MAPE: 195.3109%
2026-08-23 09:41: Horizon 35, MAE: 0.12, RMSE: 1.03, MAPE: 194.2392%
2026-08-23 09:41: Horizon 36, MAE: 0.12, RMSE: 1.03, MAPE: 194.5436%
2026-08-23 09:41: Horizon 37, MAE: 0.12, RMSE: 1.03, MAPE: 194.5767%
2026-08-23 09:41: Horizon 38, MAE: 0.12, RMSE: 1.03, MAPE: 195.6179%
2026-08-23 09:41: Horizon 39, MAE: 0.12, RMSE: 1.03, MAPE: 194.3039%
2026-08-23 09:41: Horizon 40, MAE: 0.12, RMSE: 1.03, MAPE: 192.7642%
2026-08-23 09:41: Horizon 41, MAE: 0.12, RMSE: 1.03, MAPE: 192.9628%
2026-08-23 09:41: Horizon 42, MAE: 0.12, RMSE: 1.03, MAPE: 195.3093%
2026-08-23 09:41: Horizon 43, MAE: 0.12, RMSE: 1.03, MAPE: 193.9040%
2026-08-23 09:41: Horizon 44, MAE: 0.12, RMSE: 1.03, MAPE: 195.8447%
2026-08-23 09:41: Horizon 45, MAE: 0.12, RMSE: 1.03, MAPE: 194.3884%
2026-08-23 09:41: Horizon 46, MAE: 0.12, RMSE: 1.03, MAPE: 194.1153%
2026-08-23 09:41: Horizon 47, MAE: 0.12, RMSE: 1.03, MAPE: 193.6658%
2026-08-23 09:41: Horizon 48, MAE: 0.12, RMSE: 1.03, MAPE: 194.3888%
2026-08-23 09:41: Average Horizon, MAE: 0.12, RMSE: 1.03, MAPE: 194.2865%
2026-08-23 09:41: Horizon 01, MAE: 0.09, RMSE: 0.74, MAPE: 110.0456%
2026-08-23 09:41: Horizon 02, MAE: 0.09, RMSE: 0.74, MAPE: 107.6444%
2026-08-23 09:41: Horizon 03, MAE: 0.09, RMSE: 0.74, MAPE: 118.4831%
2026-08-23 09:41: Horizon 04, MAE: 0.09, RMSE: 0.74, MAPE: 100.7201%
2026-08-23 09:41: Horizon 05, MAE: 0.09, RMSE: 0.74, MAPE: 125.0574%
2026-08-23 09:41: Horizon 06, MAE: 0.09, RMSE: 0.74, MAPE: 104.2873%
2026-08-23 09:41: Horizon 07, MAE: 0.09, RMSE: 0.74, MAPE: 101.7784%
2026-08-23 09:41: Horizon 08, MAE: 0.09, RMSE: 0.74, MAPE: 102.5960%
2026-08-23 09:41: Horizon 09, MAE: 0.09, RMSE: 0.74, MAPE: 101.2334%
2026-08-23 09:41: Horizon 10, MAE: 0.09, RMSE: 0.74, MAPE: 100.4121%
2026-08-23 09:41: Horizon 11, MAE: 0.09, RMSE: 0.74, MAPE: 106.5344%
2026-08-23 09:41: Horizon 12, MAE: 0.09, RMSE: 0.74, MAPE: 110.9329%
2026-08-23 09:41: Horizon 13, MAE: 0.09, RMSE: 0.74, MAPE: 110.1674%
2026-08-23 09:41: Horizon 14, MAE: 0.09, RMSE: 0.74, MAPE: 102.1181%
2026-08-23 09:41: Horizon 15, MAE: 0.09, RMSE: 0.74, MAPE: 115.5430%
2026-08-23 09:41: Horizon 16, MAE: 0.09, RMSE: 0.74, MAPE: 116.6996%
2026-08-23 09:41: Horizon 17, MAE: 0.09, RMSE: 0.74, MAPE: 101.0217%
2026-08-23 09:41: Horizon 18, MAE: 0.09, RMSE: 0.74, MAPE: 103.7944%
2026-08-23 09:41: Horizon 19, MAE: 0.09, RMSE: 0.74, MAPE: 102.0896%
2026-08-23 09:41: Horizon 20, MAE: 0.09, RMSE: 0.74, MAPE: 104.4222%
2026-08-23 09:41: Horizon 21, MAE: 0.09, RMSE: 0.74, MAPE: 105.4560%
2026-08-23 09:41: Horizon 22, MAE: 0.09, RMSE: 0.74, MAPE: 104.4276%
2026-08-23 09:41: Horizon 23, MAE: 0.09, RMSE: 0.74, MAPE: 105.4454%
2026-08-23 09:41: Horizon 24, MAE: 0.09, RMSE: 0.74, MAPE: 100.0240%
2026-08-23 09:41: Horizon 25, MAE: 0.09, RMSE: 0.74, MAPE: 108.2850%
2026-08-23 09:41: Horizon 26, MAE: 0.09, RMSE: 0.74, MAPE: 102.1467%
2026-08-23 09:41: Horizon 27, MAE: 0.09, RMSE: 0.74, MAPE: 100.8375%
2026-08-23 09:41: Horizon 28, MAE: 0.09, RMSE: 0.74, MAPE: 103.7571%
2026-08-23 09:41: Horizon 29, MAE: 0.09, RMSE: 0.74, MAPE: 107.6909%
2026-08-23 09:41: Horizon 30, MAE: 0.09, RMSE: 0.74, MAPE: 103.1658%
2026-08-23 09:41: Horizon 31, MAE: 0.09, RMSE: 0.74, MAPE: 102.5786%
2026-08-23 09:41: Horizon 32, MAE: 0.09, RMSE: 0.74, MAPE: 100.6313%
2026-08-23 09:41: Horizon 33, MAE: 0.09, RMSE: 0.74, MAPE: 105.7263%
2026-08-23 09:41: Horizon 34, MAE: 0.09, RMSE: 0.74, MAPE: 110.4039%
2026-08-23 09:41: Horizon 35, MAE: 0.09, RMSE: 0.74, MAPE: 100.1654%
2026-08-23 09:41: Horizon 36, MAE: 0.09, RMSE: 0.74, MAPE: 103.5130%
2026-08-23 09:41: Horizon 37, MAE: 0.09, RMSE: 0.74, MAPE: 103.7623%
2026-08-23 09:41: Horizon 38, MAE: 0.09, RMSE: 0.74, MAPE: 113.2657%
2026-08-23 09:41: Horizon 39, MAE: 0.09, RMSE: 0.74, MAPE: 100.4393%
2026-08-23 09:41: Horizon 40, MAE: 0.09, RMSE: 0.74, MAPE: 105.1310%
2026-08-23 09:41: Horizon 41, MAE: 0.09, RMSE: 0.74, MAPE: 103.9161%
2026-08-23 09:41: Horizon 42, MAE: 0.09, RMSE: 0.74, MAPE: 111.1315%
2026-08-23 09:41: Horizon 43, MAE: 0.09, RMSE: 0.74, MAPE: 99.6726%
2026-08-23 09:41: Horizon 44, MAE: 0.09, RMSE: 0.74, MAPE: 118.3418%
2026-08-23 09:41: Horizon 45, MAE: 0.09, RMSE: 0.74, MAPE: 101.4004%
2026-08-23 09:41: Horizon 46, MAE: 0.09, RMSE: 0.74, MAPE: 99.6065%
2026-08-23 09:41: Horizon 47, MAE: 0.09, RMSE: 0.74, MAPE: 98.9125%
2026-08-23 09:41: Horizon 48, MAE: 0.09, RMSE: 0.74, MAPE: 101.2198%
2026-08-23 09:41: Average Horizon, MAE: 0.09, RMSE: 0.74, MAPE: 105.5547%
2026-08-23 09:41: VPT (threshold=0.50): mean=0.99 steps, median=1.00, std=1.74, range=[0, 39]
wandb: updating run metadata
wandb: uploading output.log; uploading wandb-summary.json; uploading config.yaml
wandb: uploading output.log
wandb: 
wandb: Run history:
wandb:          epoch ▁▁▁▁▂▂▂▂▃▃▃▃▃▃▄▄▄▄▅▅▅▅▅▅▆▆▆▆▆▆▇▇▇▇████
wandb:     train/loss █▁▁▁▁▁▁▁▁▁▁▁▁▁▁▁▁▁▁
wandb: train/tf_ratio ▁▁▁▁▁▁▁▁▁▁▁▁▁▁▁▁▁▁▁
wandb:       val/loss ▃▂▂▁▄▄▆▅▇▇█▅▅▅█▄▄▃▆
wandb: 
wandb: Run summary:
wandb:     best_val_loss 0.13716
wandb:             epoch 19
wandb:      test_vpt_max 39
wandb:     test_vpt_mean 0.98712
wandb:   test_vpt_median 1
wandb:      test_vpt_min 0
wandb:      test_vpt_std 1.74068
wandb:        train/loss 0.10194
wandb:    train/tf_ratio 1
wandb: training_time_min 75.57297
wandb:                +1 ...
wandb: 
wandb: 🚀 View run AGCRN_Rain at: https://wandb.ai/chkkar002-university-of-cape-town/stgnn-weather/runs/zumcty6b
wandb: ⭐️ View project at: https://wandb.ai/chkkar002-university-of-cape-town/stgnn-weather
wandb: Synced 5 W&B file(s), 0 media file(s), 0 artifact file(s) and 0 other file(s)
wandb: Find logs at: ./wandb/run-20260823_082528-zumcty6b/logs
/scratch/chkkar002/Diffusion_Based_STGNNs/RealValue/AGCRN
Read configuration file: ./SAWS_AGCRN.conf
*****************Model Parameter*****************
node_embeddings torch.Size([32, 30]) True
encoder.dcrnn_cells.0.gate.weights_pool torch.Size([30, 2, 65, 128]) True
encoder.dcrnn_cells.0.gate.bias_pool torch.Size([30, 128]) True
encoder.dcrnn_cells.0.update.weights_pool torch.Size([30, 2, 65, 64]) True
encoder.dcrnn_cells.0.update.bias_pool torch.Size([30, 64]) True
encoder.dcrnn_cells.1.gate.weights_pool torch.Size([30, 2, 128, 128]) True
encoder.dcrnn_cells.1.gate.bias_pool torch.Size([30, 128]) True
encoder.dcrnn_cells.1.update.weights_pool torch.Size([30, 2, 128, 64]) True
encoder.dcrnn_cells.1.update.bias_pool torch.Size([30, 64]) True
end_conv.weight torch.Size([48, 1, 1, 64]) True
end_conv.bias torch.Size([48]) True
Total params num: 2238960
*****************Finish Parameter****************
Load SAWS Dataset shaped:  (87672, 32, 1) 96.6 0.0 0.08061903 0.0
Normalize the dataset by Standard Normalization
[[[-0.11162908]
  [-0.11162908]
  [-0.11162908]
  ...
  [-0.11162908]
  [-0.11162908]
  [-0.11162908]]

 [[-0.11162908]
  [-0.11162908]
  [-0.11162908]
  ...
  [-0.11162908]
  [-0.11162908]
  [-0.11162908]]

 [[-0.11162908]
  [-0.11162908]
  [-0.11162908]
  ...
  [-0.11162908]
  [-0.11162908]
  [-0.11162908]]

 ...

 [[-0.11162908]
  [-0.11162908]
  [-0.11162908]
  ...
  [-0.11162908]
  [ 1.8268801 ]
  [-0.11162908]]

 [[-0.11162908]
  [-0.11162908]
  [-0.11162908]
  ...
  [-0.11162908]
  [ 0.16530079]
  [-0.11162908]]

 [[-0.11162908]
  [-0.11162908]
  [-0.11162908]
  ...
  [-0.11162908]
  [ 0.71916056]
  [-0.11162908]]]
[[[-0.11162908]
  [-0.11162908]
  [-0.11162908]
  ...
  [-0.11162908]
  [ 0.71916056]
  [-0.11162908]]

 [[-0.11162908]
  [-0.11162908]
  [-0.11162908]
  ...
  [-0.11162908]
  [-0.11162908]
  [-0.11162908]]

 [[-0.11162908]
  [-0.11162908]
  [-0.11162908]
  ...
  [-0.11162908]
  [-0.11162908]
  [-0.11162908]]

 ...

 [[ 5.426968  ]
  [-0.11162908]
  [-0.11162908]
  ...
  [-0.11162908]
  [-0.11162908]
  [-0.11162908]]

 [[ 5.9808283 ]
  [-0.11162908]
  [-0.11162908]
  ...
  [ 0.16530079]
  [-0.11162908]
  [-0.11162908]]

 [[ 0.9960904 ]
  [-0.11162908]
  [-0.11162908]
  ...
  [ 0.71916056]
  [-0.11162908]
  [-0.11162908]]]
[[[ 0.44223064]
  [-0.11162908]
  [-0.11162908]
  ...
  [ 2.10381   ]
  [-0.11162908]
  [-0.11162908]]

 [[ 0.16530079]
  [-0.11162908]
  [-0.11162908]
  ...
  [ 3.2115295 ]
  [-0.11162908]
  [-0.11162908]]

 [[-0.11162908]
  [-0.11162908]
  [-0.11162908]
  ...
  [ 0.71916056]
  [-0.11162908]
  [-0.11162908]]

 ...

 [[-0.11162908]
  [-0.11162908]
  [-0.11162908]
  ...
  [ 0.09652926]
  [ 4.8731084 ]
  [-0.11162908]]

 [[-0.11162908]
  [-0.11162908]
  [-0.11162908]
  ...
  [-0.06415164]
  [ 0.16530079]
  [-0.11162908]]

 [[-0.11162908]
  [-0.11162908]
  [-0.11162908]
  ...
  [-0.09797756]
  [-0.11162908]
  [-0.11162908]]]
Train:  (52533, 24, 32, 1) (52533, 48, 32, 1)
Val:  (17463, 24, 32, 1) (17463, 48, 32, 1)
Test:  (17463, 24, 32, 1) (17463, 48, 32, 1)
mae
Creat Log File in:  /scratch/chkkar002/Diffusion_Based_STGNNs/RealValue/AGCRN/model/experiments/SAWS/20260823082527/run.log
=================================================================
Running Run.py | Seed: 2
=================================================================
/scratch/chkkar002/Diffusion_Based_STGNNs/RealValue/AGCRN/lib/dataloader.py:80: UserWarning: The torch.cuda.*DtypeTensor constructors are no longer recommended. It's best to use methods such as torch.tensor(data, dtype=*, device='cuda') to create tensors. (Triggered internally at /pytorch/torch/csrc/tensor/python_tensor.cpp:78.)
  X, Y = TensorFloat(X), TensorFloat(Y)
wandb: [wandb.login()] Loaded credentials for https://api.wandb.ai from /home/chkkar002/.netrc.
wandb: Currently logged in as: chkkar002 (chkkar002-university-of-cape-town) to https://api.wandb.ai. Use `wandb login --relogin` to force relogin
wandb: WARNING Using a boolean value for 'reinit' is deprecated. Use 'return_previous' or 'finish_previous' instead.
wandb: setting up run 7ri9xd52
wandb: Tracking run with wandb version 0.26.1
wandb: Run data is saved locally in /scratch/chkkar002/Diffusion_Based_STGNNs/RealValue/AGCRN/model/wandb/run-20260823_094138-7ri9xd52
wandb: Run `wandb offline` to turn off syncing.
wandb: Syncing run AGCRN_Rain
wandb: ⭐️ View project at https://wandb.ai/chkkar002-university-of-cape-town/stgnn-weather
wandb: 🚀 View run at https://wandb.ai/chkkar002-university-of-cape-town/stgnn-weather/runs/7ri9xd52
2026-08-23 09:41: Experiment log path in: /scratch/chkkar002/Diffusion_Based_STGNNs/RealValue/AGCRN/model/experiments/SAWS/20260823094137
2026-08-23 09:41: Train Epoch 1: 0/1641 Loss: 0.745355
2026-08-23 09:41: Train Epoch 1: 20/1641 Loss: 0.653034
2026-08-23 09:41: Train Epoch 1: 40/1641 Loss: 0.409823
2026-08-23 09:41: Train Epoch 1: 60/1641 Loss: 0.201009
2026-08-23 09:41: Train Epoch 1: 80/1641 Loss: 0.157637
2026-08-23 09:41: Train Epoch 1: 100/1641 Loss: 0.080748
2026-08-23 09:41: Train Epoch 1: 120/1641 Loss: 0.096701
2026-08-23 09:42: Train Epoch 1: 140/1641 Loss: 0.122144
2026-08-23 09:42: Train Epoch 1: 160/1641 Loss: 0.132679
2026-08-23 09:42: Train Epoch 1: 180/1641 Loss: 0.122480
2026-08-23 09:42: Train Epoch 1: 200/1641 Loss: 0.085626
2026-08-23 09:42: Train Epoch 1: 220/1641 Loss: 0.106981
2026-08-23 09:42: Train Epoch 1: 240/1641 Loss: 0.120103
2026-08-23 09:42: Train Epoch 1: 260/1641 Loss: 0.105886
2026-08-23 09:42: Train Epoch 1: 280/1641 Loss: 0.110236
2026-08-23 09:42: Train Epoch 1: 300/1641 Loss: 0.113311
2026-08-23 09:42: Train Epoch 1: 320/1641 Loss: 0.097931
2026-08-23 09:42: Train Epoch 1: 340/1641 Loss: 0.117526
2026-08-23 09:42: Train Epoch 1: 360/1641 Loss: 0.134556
2026-08-23 09:42: Train Epoch 1: 380/1641 Loss: 0.103855
2026-08-23 09:42: Train Epoch 1: 400/1641 Loss: 0.054239
2026-08-23 09:42: Train Epoch 1: 420/1641 Loss: 0.079771
2026-08-23 09:42: Train Epoch 1: 440/1641 Loss: 0.086472
2026-08-23 09:42: Train Epoch 1: 460/1641 Loss: 0.138459
2026-08-23 09:42: Train Epoch 1: 480/1641 Loss: 0.083989
2026-08-23 09:42: Train Epoch 1: 500/1641 Loss: 0.103477
2026-08-23 09:42: Train Epoch 1: 520/1641 Loss: 0.115890
2026-08-23 09:42: Train Epoch 1: 540/1641 Loss: 0.076520
2026-08-23 09:42: Train Epoch 1: 560/1641 Loss: 0.076087
2026-08-23 09:43: Train Epoch 1: 580/1641 Loss: 0.153845
2026-08-23 09:43: Train Epoch 1: 600/1641 Loss: 0.102341
2026-08-23 09:43: Train Epoch 1: 620/1641 Loss: 0.123661
2026-08-23 09:43: Train Epoch 1: 640/1641 Loss: 0.057818
2026-08-23 09:43: Train Epoch 1: 660/1641 Loss: 0.102288
2026-08-23 09:43: Train Epoch 1: 680/1641 Loss: 0.097889
2026-08-23 09:43: Train Epoch 1: 700/1641 Loss: 0.099170
2026-08-23 09:43: Train Epoch 1: 720/1641 Loss: 0.097636
2026-08-23 09:43: Train Epoch 1: 740/1641 Loss: 0.158249
2026-08-23 09:43: Train Epoch 1: 760/1641 Loss: 0.112119
2026-08-23 09:43: Train Epoch 1: 780/1641 Loss: 0.096580
2026-08-23 09:43: Train Epoch 1: 800/1641 Loss: 0.098915
2026-08-23 09:43: Train Epoch 1: 820/1641 Loss: 0.133191
2026-08-23 09:43: Train Epoch 1: 840/1641 Loss: 0.079191
2026-08-23 09:43: Train Epoch 1: 860/1641 Loss: 0.073927
2026-08-23 09:43: Train Epoch 1: 880/1641 Loss: 0.101038
2026-08-23 09:43: Train Epoch 1: 900/1641 Loss: 0.126586
2026-08-23 09:43: Train Epoch 1: 920/1641 Loss: 0.080374
2026-08-23 09:43: Train Epoch 1: 940/1641 Loss: 0.096080
2026-08-23 09:43: Train Epoch 1: 960/1641 Loss: 0.128837
2026-08-23 09:43: Train Epoch 1: 980/1641 Loss: 0.104127
2026-08-23 09:43: Train Epoch 1: 1000/1641 Loss: 0.116704
2026-08-23 09:44: Train Epoch 1: 1020/1641 Loss: 0.142404
2026-08-23 09:44: Train Epoch 1: 1040/1641 Loss: 0.075778
2026-08-23 09:44: Train Epoch 1: 1060/1641 Loss: 0.068217
2026-08-23 09:44: Train Epoch 1: 1080/1641 Loss: 0.079133
2026-08-23 09:44: Train Epoch 1: 1100/1641 Loss: 0.128753
2026-08-23 09:44: Train Epoch 1: 1120/1641 Loss: 0.098003
2026-08-23 09:44: Train Epoch 1: 1140/1641 Loss: 0.121942
2026-08-23 09:44: Train Epoch 1: 1160/1641 Loss: 0.201072
2026-08-23 09:44: Train Epoch 1: 1180/1641 Loss: 0.091678
2026-08-23 09:44: Train Epoch 1: 1200/1641 Loss: 0.069278
2026-08-23 09:44: Train Epoch 1: 1220/1641 Loss: 0.091556
2026-08-23 09:44: Train Epoch 1: 1240/1641 Loss: 0.084438
2026-08-23 09:44: Train Epoch 1: 1260/1641 Loss: 0.143982
2026-08-23 09:44: Train Epoch 1: 1280/1641 Loss: 0.075293
2026-08-23 09:44: Train Epoch 1: 1300/1641 Loss: 0.102704
2026-08-23 09:44: Train Epoch 1: 1320/1641 Loss: 0.083094
2026-08-23 09:44: Train Epoch 1: 1340/1641 Loss: 0.099108
2026-08-23 09:44: Train Epoch 1: 1360/1641 Loss: 0.128388
2026-08-23 09:44: Train Epoch 1: 1380/1641 Loss: 0.106202
2026-08-23 09:44: Train Epoch 1: 1400/1641 Loss: 0.060297
2026-08-23 09:44: Train Epoch 1: 1420/1641 Loss: 0.097061
2026-08-23 09:44: Train Epoch 1: 1440/1641 Loss: 0.122760
2026-08-23 09:45: Train Epoch 1: 1460/1641 Loss: 0.088172
2026-08-23 09:45: Train Epoch 1: 1480/1641 Loss: 0.047725
2026-08-23 09:45: Train Epoch 1: 1500/1641 Loss: 0.074978
2026-08-23 09:45: Train Epoch 1: 1520/1641 Loss: 0.103870
2026-08-23 09:45: Train Epoch 1: 1540/1641 Loss: 0.138449
2026-08-23 09:45: Train Epoch 1: 1560/1641 Loss: 0.084070
2026-08-23 09:45: Train Epoch 1: 1580/1641 Loss: 0.102796
2026-08-23 09:45: Train Epoch 1: 1600/1641 Loss: 0.126593
2026-08-23 09:45: Train Epoch 1: 1620/1641 Loss: 0.069229
2026-08-23 09:45: Train Epoch 1: 1640/1641 Loss: 0.112586
2026-08-23 09:45: **********Train Epoch 1: averaged Loss: 0.118450, tf_ratio: 1.000000
2026-08-23 09:45: **********Val Epoch 1: average Loss: 0.137357
2026-08-23 09:45: *********************************Current best model saved!
2026-08-23 09:45: Train Epoch 2: 0/1641 Loss: 0.110418
2026-08-23 09:45: Train Epoch 2: 20/1641 Loss: 0.110899
2026-08-23 09:45: Train Epoch 2: 40/1641 Loss: 0.138496
2026-08-23 09:45: Train Epoch 2: 60/1641 Loss: 0.092386
2026-08-23 09:45: Train Epoch 2: 80/1641 Loss: 0.088526
2026-08-23 09:46: Train Epoch 2: 100/1641 Loss: 0.069981
2026-08-23 09:46: Train Epoch 2: 120/1641 Loss: 0.086401
2026-08-23 09:46: Train Epoch 2: 140/1641 Loss: 0.089832
2026-08-23 09:46: Train Epoch 2: 160/1641 Loss: 0.119215
2026-08-23 09:46: Train Epoch 2: 180/1641 Loss: 0.106188
2026-08-23 09:46: Train Epoch 2: 200/1641 Loss: 0.085813
2026-08-23 09:46: Train Epoch 2: 220/1641 Loss: 0.088543
2026-08-23 09:46: Train Epoch 2: 240/1641 Loss: 0.099612
2026-08-23 09:46: Train Epoch 2: 260/1641 Loss: 0.116359
2026-08-23 09:46: Train Epoch 2: 280/1641 Loss: 0.164866
2026-08-23 09:46: Train Epoch 2: 300/1641 Loss: 0.082210
2026-08-23 09:46: Train Epoch 2: 320/1641 Loss: 0.087162
2026-08-23 09:46: Train Epoch 2: 340/1641 Loss: 0.121384
2026-08-23 09:46: Train Epoch 2: 360/1641 Loss: 0.135585
2026-08-23 09:46: Train Epoch 2: 380/1641 Loss: 0.140418
2026-08-23 09:46: Train Epoch 2: 400/1641 Loss: 0.143238
2026-08-23 09:46: Train Epoch 2: 420/1641 Loss: 0.083420
2026-08-23 09:46: Train Epoch 2: 440/1641 Loss: 0.104050
2026-08-23 09:46: Train Epoch 2: 460/1641 Loss: 0.145413
2026-08-23 09:46: Train Epoch 2: 480/1641 Loss: 0.091622
2026-08-23 09:46: Train Epoch 2: 500/1641 Loss: 0.119520
2026-08-23 09:47: Train Epoch 2: 520/1641 Loss: 0.088741
2026-08-23 09:47: Train Epoch 2: 540/1641 Loss: 0.082842
2026-08-23 09:47: Train Epoch 2: 560/1641 Loss: 0.134893
2026-08-23 09:47: Train Epoch 2: 580/1641 Loss: 0.070553
2026-08-23 09:47: Train Epoch 2: 600/1641 Loss: 0.070085
2026-08-23 09:47: Train Epoch 2: 620/1641 Loss: 0.128840
2026-08-23 09:47: Train Epoch 2: 640/1641 Loss: 0.107956
2026-08-23 09:47: Train Epoch 2: 660/1641 Loss: 0.056802
2026-08-23 09:47: Train Epoch 2: 680/1641 Loss: 0.050187
2026-08-23 09:47: Train Epoch 2: 700/1641 Loss: 0.080719
2026-08-23 09:47: Train Epoch 2: 720/1641 Loss: 0.099147
2026-08-23 09:47: Train Epoch 2: 740/1641 Loss: 0.097576
2026-08-23 09:47: Train Epoch 2: 760/1641 Loss: 0.091827
2026-08-23 09:47: Train Epoch 2: 780/1641 Loss: 0.119409
2026-08-23 09:47: Train Epoch 2: 800/1641 Loss: 0.113901
2026-08-23 09:47: Train Epoch 2: 820/1641 Loss: 0.116708
2026-08-23 09:47: Train Epoch 2: 840/1641 Loss: 0.130405
2026-08-23 09:47: Train Epoch 2: 860/1641 Loss: 0.090956
2026-08-23 09:47: Train Epoch 2: 880/1641 Loss: 0.122467
2026-08-23 09:47: Train Epoch 2: 900/1641 Loss: 0.090306
2026-08-23 09:47: Train Epoch 2: 920/1641 Loss: 0.106590
2026-08-23 09:47: Train Epoch 2: 940/1641 Loss: 0.139746
2026-08-23 09:48: Train Epoch 2: 960/1641 Loss: 0.094822
2026-08-23 09:48: Train Epoch 2: 980/1641 Loss: 0.069626
2026-08-23 09:48: Train Epoch 2: 1000/1641 Loss: 0.100757
2026-08-23 09:48: Train Epoch 2: 1020/1641 Loss: 0.148180
2026-08-23 09:48: Train Epoch 2: 1040/1641 Loss: 0.134355
2026-08-23 09:48: Train Epoch 2: 1060/1641 Loss: 0.069409
2026-08-23 09:48: Train Epoch 2: 1080/1641 Loss: 0.069445
2026-08-23 09:48: Train Epoch 2: 1100/1641 Loss: 0.099276
2026-08-23 09:48: Train Epoch 2: 1120/1641 Loss: 0.096499
2026-08-23 09:48: Train Epoch 2: 1140/1641 Loss: 0.092999
2026-08-23 09:48: Train Epoch 2: 1160/1641 Loss: 0.103255
2026-08-23 09:48: Train Epoch 2: 1180/1641 Loss: 0.126779
2026-08-23 09:48: Train Epoch 2: 1200/1641 Loss: 0.076797
2026-08-23 09:48: Train Epoch 2: 1220/1641 Loss: 0.062230
2026-08-23 09:48: Train Epoch 2: 1240/1641 Loss: 0.079507
2026-08-23 09:48: Train Epoch 2: 1260/1641 Loss: 0.070395
2026-08-23 09:48: Train Epoch 2: 1280/1641 Loss: 0.080329
2026-08-23 09:48: Train Epoch 2: 1300/1641 Loss: 0.089220
2026-08-23 09:48: Train Epoch 2: 1320/1641 Loss: 0.108485
2026-08-23 09:48: Train Epoch 2: 1340/1641 Loss: 0.072731
2026-08-23 09:48: Train Epoch 2: 1360/1641 Loss: 0.105614
2026-08-23 09:48: Train Epoch 2: 1380/1641 Loss: 0.095602
2026-08-23 09:48: Train Epoch 2: 1400/1641 Loss: 0.098337
2026-08-23 09:49: Train Epoch 2: 1420/1641 Loss: 0.072448
2026-08-23 09:49: Train Epoch 2: 1440/1641 Loss: 0.106765
2026-08-23 09:49: Train Epoch 2: 1460/1641 Loss: 0.096261
2026-08-23 09:49: Train Epoch 2: 1480/1641 Loss: 0.077638
2026-08-23 09:49: Train Epoch 2: 1500/1641 Loss: 0.085114
2026-08-23 09:49: Train Epoch 2: 1520/1641 Loss: 0.116529
2026-08-23 09:49: Train Epoch 2: 1540/1641 Loss: 0.143335
2026-08-23 09:49: Train Epoch 2: 1560/1641 Loss: 0.086294
2026-08-23 09:49: Train Epoch 2: 1580/1641 Loss: 0.100206
2026-08-23 09:49: Train Epoch 2: 1600/1641 Loss: 0.107686
2026-08-23 09:49: Train Epoch 2: 1620/1641 Loss: 0.114709
2026-08-23 09:49: Train Epoch 2: 1640/1641 Loss: 0.071889
2026-08-23 09:49: **********Train Epoch 2: averaged Loss: 0.101787, tf_ratio: 1.000000
2026-08-23 09:49: **********Val Epoch 2: average Loss: 0.137407
2026-08-23 09:49: Train Epoch 3: 0/1641 Loss: 0.104054
2026-08-23 09:49: Train Epoch 3: 20/1641 Loss: 0.100528
2026-08-23 09:50: Train Epoch 3: 40/1641 Loss: 0.140410
2026-08-23 09:50: Train Epoch 3: 60/1641 Loss: 0.082114
2026-08-23 09:50: Train Epoch 3: 80/1641 Loss: 0.146657
2026-08-23 09:50: Train Epoch 3: 100/1641 Loss: 0.102596
2026-08-23 09:50: Train Epoch 3: 120/1641 Loss: 0.145403
2026-08-23 09:50: Train Epoch 3: 140/1641 Loss: 0.091243
2026-08-23 09:50: Train Epoch 3: 160/1641 Loss: 0.109369
2026-08-23 09:50: Train Epoch 3: 180/1641 Loss: 0.114335
2026-08-23 09:50: Train Epoch 3: 200/1641 Loss: 0.105698
2026-08-23 09:50: Train Epoch 3: 220/1641 Loss: 0.124752
2026-08-23 09:50: Train Epoch 3: 240/1641 Loss: 0.088616
2026-08-23 09:50: Train Epoch 3: 260/1641 Loss: 0.091369
2026-08-23 09:50: Train Epoch 3: 280/1641 Loss: 0.110095
2026-08-23 09:50: Train Epoch 3: 300/1641 Loss: 0.079479
2026-08-23 09:50: Train Epoch 3: 320/1641 Loss: 0.093722
2026-08-23 09:50: Train Epoch 3: 340/1641 Loss: 0.096270
2026-08-23 09:50: Train Epoch 3: 360/1641 Loss: 0.086266
2026-08-23 09:50: Train Epoch 3: 380/1641 Loss: 0.088617
2026-08-23 09:50: Train Epoch 3: 400/1641 Loss: 0.130639
2026-08-23 09:50: Train Epoch 3: 420/1641 Loss: 0.104669
2026-08-23 09:50: Train Epoch 3: 440/1641 Loss: 0.081138
2026-08-23 09:50: Train Epoch 3: 460/1641 Loss: 0.107649
2026-08-23 09:51: Train Epoch 3: 480/1641 Loss: 0.056642
2026-08-23 09:51: Train Epoch 3: 500/1641 Loss: 0.059182
2026-08-23 09:51: Train Epoch 3: 520/1641 Loss: 0.127060
2026-08-23 09:51: Train Epoch 3: 540/1641 Loss: 0.133709
2026-08-23 09:51: Train Epoch 3: 560/1641 Loss: 0.091566
2026-08-23 09:51: Train Epoch 3: 580/1641 Loss: 0.122497
2026-08-23 09:51: Train Epoch 3: 600/1641 Loss: 0.105013
2026-08-23 09:51: Train Epoch 3: 620/1641 Loss: 0.068352
2026-08-23 09:51: Train Epoch 3: 640/1641 Loss: 0.050058
2026-08-23 09:51: Train Epoch 3: 660/1641 Loss: 0.081079
2026-08-23 09:51: Train Epoch 3: 680/1641 Loss: 0.068751
2026-08-23 09:51: Train Epoch 3: 700/1641 Loss: 0.086478
2026-08-23 09:51: Train Epoch 3: 720/1641 Loss: 0.066140
2026-08-23 09:51: Train Epoch 3: 740/1641 Loss: 0.116372
2026-08-23 09:51: Train Epoch 3: 760/1641 Loss: 0.103812
2026-08-23 09:51: Train Epoch 3: 780/1641 Loss: 0.127059
2026-08-23 09:51: Train Epoch 3: 800/1641 Loss: 0.126118
2026-08-23 09:51: Train Epoch 3: 820/1641 Loss: 0.109839
2026-08-23 09:51: Train Epoch 3: 840/1641 Loss: 0.085557
2026-08-23 09:51: Train Epoch 3: 860/1641 Loss: 0.078262
2026-08-23 09:51: Train Epoch 3: 880/1641 Loss: 0.142200
2026-08-23 09:51: Train Epoch 3: 900/1641 Loss: 0.105668
2026-08-23 09:52: Train Epoch 3: 920/1641 Loss: 0.095079
2026-08-23 09:52: Train Epoch 3: 940/1641 Loss: 0.076839
2026-08-23 09:52: Train Epoch 3: 960/1641 Loss: 0.068143
2026-08-23 09:52: Train Epoch 3: 980/1641 Loss: 0.105908
2026-08-23 09:52: Train Epoch 3: 1000/1641 Loss: 0.085933
2026-08-23 09:52: Train Epoch 3: 1020/1641 Loss: 0.117393
2026-08-23 09:52: Train Epoch 3: 1040/1641 Loss: 0.110682
2026-08-23 09:52: Train Epoch 3: 1060/1641 Loss: 0.078413
2026-08-23 09:52: Train Epoch 3: 1080/1641 Loss: 0.106785
2026-08-23 09:52: Train Epoch 3: 1100/1641 Loss: 0.092417
2026-08-23 09:52: Train Epoch 3: 1120/1641 Loss: 0.043812
2026-08-23 09:52: Train Epoch 3: 1140/1641 Loss: 0.106764
2026-08-23 09:52: Train Epoch 3: 1160/1641 Loss: 0.132402
2026-08-23 09:52: Train Epoch 3: 1180/1641 Loss: 0.084087
2026-08-23 09:52: Train Epoch 3: 1200/1641 Loss: 0.076314
2026-08-23 09:52: Train Epoch 3: 1220/1641 Loss: 0.159246
2026-08-23 09:52: Train Epoch 3: 1240/1641 Loss: 0.096410
2026-08-23 09:52: Train Epoch 3: 1260/1641 Loss: 0.101445
2026-08-23 09:52: Train Epoch 3: 1280/1641 Loss: 0.144186
2026-08-23 09:52: Train Epoch 3: 1300/1641 Loss: 0.079466
2026-08-23 09:52: Train Epoch 3: 1320/1641 Loss: 0.117311
2026-08-23 09:52: Train Epoch 3: 1340/1641 Loss: 0.137609
2026-08-23 09:53: Train Epoch 3: 1360/1641 Loss: 0.084924
2026-08-23 09:53: Train Epoch 3: 1380/1641 Loss: 0.108964
2026-08-23 09:53: Train Epoch 3: 1400/1641 Loss: 0.107483
2026-08-23 09:53: Train Epoch 3: 1420/1641 Loss: 0.092584
2026-08-23 09:53: Train Epoch 3: 1440/1641 Loss: 0.094624
2026-08-23 09:53: Train Epoch 3: 1460/1641 Loss: 0.190112
2026-08-23 09:53: Train Epoch 3: 1480/1641 Loss: 0.084277
2026-08-23 09:53: Train Epoch 3: 1500/1641 Loss: 0.066811
2026-08-23 09:53: Train Epoch 3: 1520/1641 Loss: 0.134231
2026-08-23 09:53: Train Epoch 3: 1540/1641 Loss: 0.115689
2026-08-23 09:53: Train Epoch 3: 1560/1641 Loss: 0.145792
2026-08-23 09:53: Train Epoch 3: 1580/1641 Loss: 0.085626
2026-08-23 09:53: Train Epoch 3: 1600/1641 Loss: 0.095733
2026-08-23 09:53: Train Epoch 3: 1620/1641 Loss: 0.142313
2026-08-23 09:53: Train Epoch 3: 1640/1641 Loss: 0.092106
2026-08-23 09:53: **********Train Epoch 3: averaged Loss: 0.101863, tf_ratio: 1.000000
2026-08-23 09:54: **********Val Epoch 3: average Loss: 0.137689
2026-08-23 09:54: Train Epoch 4: 0/1641 Loss: 0.125328
2026-08-23 09:54: Train Epoch 4: 20/1641 Loss: 0.098773
2026-08-23 09:54: Train Epoch 4: 40/1641 Loss: 0.072100
2026-08-23 09:54: Train Epoch 4: 60/1641 Loss: 0.075814
2026-08-23 09:54: Train Epoch 4: 80/1641 Loss: 0.131894
2026-08-23 09:54: Train Epoch 4: 100/1641 Loss: 0.091397
2026-08-23 09:54: Train Epoch 4: 120/1641 Loss: 0.096756
2026-08-23 09:54: Train Epoch 4: 140/1641 Loss: 0.124312
2026-08-23 09:54: Train Epoch 4: 160/1641 Loss: 0.096861
2026-08-23 09:54: Train Epoch 4: 180/1641 Loss: 0.067905
2026-08-23 09:54: Train Epoch 4: 200/1641 Loss: 0.096001
2026-08-23 09:54: Train Epoch 4: 220/1641 Loss: 0.109328
2026-08-23 09:54: Train Epoch 4: 240/1641 Loss: 0.085240
2026-08-23 09:54: Train Epoch 4: 260/1641 Loss: 0.084020
2026-08-23 09:54: Train Epoch 4: 280/1641 Loss: 0.080234
2026-08-23 09:54: Train Epoch 4: 300/1641 Loss: 0.077998
2026-08-23 09:54: Train Epoch 4: 320/1641 Loss: 0.081807
2026-08-23 09:54: Train Epoch 4: 340/1641 Loss: 0.130468
2026-08-23 09:54: Train Epoch 4: 360/1641 Loss: 0.064325
2026-08-23 09:54: Train Epoch 4: 380/1641 Loss: 0.078856
2026-08-23 09:54: Train Epoch 4: 400/1641 Loss: 0.032214
2026-08-23 09:54: Train Epoch 4: 420/1641 Loss: 0.107876
2026-08-23 09:55: Train Epoch 4: 440/1641 Loss: 0.081276
2026-08-23 09:55: Train Epoch 4: 460/1641 Loss: 0.147968
2026-08-23 09:55: Train Epoch 4: 480/1641 Loss: 0.125895
2026-08-23 09:55: Train Epoch 4: 500/1641 Loss: 0.135926
2026-08-23 09:55: Train Epoch 4: 520/1641 Loss: 0.122798
2026-08-23 09:55: Train Epoch 4: 540/1641 Loss: 0.090162
2026-08-23 09:55: Train Epoch 4: 560/1641 Loss: 0.085831
2026-08-23 09:55: Train Epoch 4: 580/1641 Loss: 0.066160
2026-08-23 09:55: Train Epoch 4: 600/1641 Loss: 0.057690
2026-08-23 09:55: Train Epoch 4: 620/1641 Loss: 0.074293
2026-08-23 09:55: Train Epoch 4: 640/1641 Loss: 0.106535
2026-08-23 09:55: Train Epoch 4: 660/1641 Loss: 0.156444
2026-08-23 09:55: Train Epoch 4: 680/1641 Loss: 0.079616
2026-08-23 09:55: Train Epoch 4: 700/1641 Loss: 0.106666
2026-08-23 09:55: Train Epoch 4: 720/1641 Loss: 0.073455
2026-08-23 09:55: Train Epoch 4: 740/1641 Loss: 0.097733
2026-08-23 09:55: Train Epoch 4: 760/1641 Loss: 0.122668
2026-08-23 09:55: Train Epoch 4: 780/1641 Loss: 0.082659
2026-08-23 09:55: Train Epoch 4: 800/1641 Loss: 0.059330
2026-08-23 09:55: Train Epoch 4: 820/1641 Loss: 0.080773
2026-08-23 09:55: Train Epoch 4: 840/1641 Loss: 0.102667
2026-08-23 09:55: Train Epoch 4: 860/1641 Loss: 0.054945
2026-08-23 09:56: Train Epoch 4: 880/1641 Loss: 0.057485
2026-08-23 09:56: Train Epoch 4: 900/1641 Loss: 0.083590
2026-08-23 09:56: Train Epoch 4: 920/1641 Loss: 0.097048
2026-08-23 09:56: Train Epoch 4: 940/1641 Loss: 0.090610
2026-08-23 09:56: Train Epoch 4: 960/1641 Loss: 0.127710
2026-08-23 09:56: Train Epoch 4: 980/1641 Loss: 0.097650
2026-08-23 09:56: Train Epoch 4: 1000/1641 Loss: 0.073472
2026-08-23 09:56: Train Epoch 4: 1020/1641 Loss: 0.102782
2026-08-23 09:56: Train Epoch 4: 1040/1641 Loss: 0.078264
2026-08-23 09:56: Train Epoch 4: 1060/1641 Loss: 0.079226
2026-08-23 09:56: Train Epoch 4: 1080/1641 Loss: 0.094735
2026-08-23 09:56: Train Epoch 4: 1100/1641 Loss: 0.095348
2026-08-23 09:56: Train Epoch 4: 1120/1641 Loss: 0.092815
2026-08-23 09:56: Train Epoch 4: 1140/1641 Loss: 0.171516
2026-08-23 09:56: Train Epoch 4: 1160/1641 Loss: 0.078792
2026-08-23 09:56: Train Epoch 4: 1180/1641 Loss: 0.113015
2026-08-23 09:56: Train Epoch 4: 1200/1641 Loss: 0.078617
2026-08-23 09:56: Train Epoch 4: 1220/1641 Loss: 0.069691
2026-08-23 09:56: Train Epoch 4: 1240/1641 Loss: 0.122341
2026-08-23 09:56: Train Epoch 4: 1260/1641 Loss: 0.094250
2026-08-23 09:56: Train Epoch 4: 1280/1641 Loss: 0.087352
2026-08-23 09:56: Train Epoch 4: 1300/1641 Loss: 0.050967
2026-08-23 09:57: Train Epoch 4: 1320/1641 Loss: 0.119040
2026-08-23 09:57: Train Epoch 4: 1340/1641 Loss: 0.141215
2026-08-23 09:57: Train Epoch 4: 1360/1641 Loss: 0.123270
2026-08-23 09:57: Train Epoch 4: 1380/1641 Loss: 0.094933
2026-08-23 09:57: Train Epoch 4: 1400/1641 Loss: 0.078028
2026-08-23 09:57: Train Epoch 4: 1420/1641 Loss: 0.151983
2026-08-23 09:57: Train Epoch 4: 1440/1641 Loss: 0.089013
2026-08-23 09:57: Train Epoch 4: 1460/1641 Loss: 0.070098
2026-08-23 09:57: Train Epoch 4: 1480/1641 Loss: 0.093112
2026-08-23 09:57: Train Epoch 4: 1500/1641 Loss: 0.094346
2026-08-23 09:57: Train Epoch 4: 1520/1641 Loss: 0.062767
2026-08-23 09:57: Train Epoch 4: 1540/1641 Loss: 0.082729
2026-08-23 09:57: Train Epoch 4: 1560/1641 Loss: 0.100845
2026-08-23 09:57: Train Epoch 4: 1580/1641 Loss: 0.081140
2026-08-23 09:57: Train Epoch 4: 1600/1641 Loss: 0.092157
2026-08-23 09:57: Train Epoch 4: 1620/1641 Loss: 0.130182
2026-08-23 09:57: Train Epoch 4: 1640/1641 Loss: 0.108242
2026-08-23 09:57: **********Train Epoch 4: averaged Loss: 0.101923, tf_ratio: 1.000000
2026-08-23 09:58: **********Val Epoch 4: average Loss: 0.137580
2026-08-23 09:58: Train Epoch 5: 0/1641 Loss: 0.086096
2026-08-23 09:58: Train Epoch 5: 20/1641 Loss: 0.137847
2026-08-23 09:58: Train Epoch 5: 40/1641 Loss: 0.111424
2026-08-23 09:58: Train Epoch 5: 60/1641 Loss: 0.111425
2026-08-23 09:58: Train Epoch 5: 80/1641 Loss: 0.077327
2026-08-23 09:58: Train Epoch 5: 100/1641 Loss: 0.150579
2026-08-23 09:58: Train Epoch 5: 120/1641 Loss: 0.149446
2026-08-23 09:58: Train Epoch 5: 140/1641 Loss: 0.095204
2026-08-23 09:58: Train Epoch 5: 160/1641 Loss: 0.117489
2026-08-23 09:58: Train Epoch 5: 180/1641 Loss: 0.100430
2026-08-23 09:58: Train Epoch 5: 200/1641 Loss: 0.086548
2026-08-23 09:58: Train Epoch 5: 220/1641 Loss: 0.070745
2026-08-23 09:58: Train Epoch 5: 240/1641 Loss: 0.087844
2026-08-23 09:58: Train Epoch 5: 260/1641 Loss: 0.157351
2026-08-23 09:58: Train Epoch 5: 280/1641 Loss: 0.102300
2026-08-23 09:58: Train Epoch 5: 300/1641 Loss: 0.118352
2026-08-23 09:58: Train Epoch 5: 320/1641 Loss: 0.110002
2026-08-23 09:58: Train Epoch 5: 340/1641 Loss: 0.139812
2026-08-23 09:58: Train Epoch 5: 360/1641 Loss: 0.095869
2026-08-23 09:59: Train Epoch 5: 380/1641 Loss: 0.049543
2026-08-23 09:59: Train Epoch 5: 400/1641 Loss: 0.114380
2026-08-23 09:59: Train Epoch 5: 420/1641 Loss: 0.085512
2026-08-23 09:59: Train Epoch 5: 440/1641 Loss: 0.184998
2026-08-23 09:59: Train Epoch 5: 460/1641 Loss: 0.115434
2026-08-23 09:59: Train Epoch 5: 480/1641 Loss: 0.128132
2026-08-23 09:59: Train Epoch 5: 500/1641 Loss: 0.079353
2026-08-23 09:59: Train Epoch 5: 520/1641 Loss: 0.106540
2026-08-23 09:59: Train Epoch 5: 540/1641 Loss: 0.096722
2026-08-23 09:59: Train Epoch 5: 560/1641 Loss: 0.108872
2026-08-23 09:59: Train Epoch 5: 580/1641 Loss: 0.106338
2026-08-23 09:59: Train Epoch 5: 600/1641 Loss: 0.118389
2026-08-23 09:59: Train Epoch 5: 620/1641 Loss: 0.033556
2026-08-23 09:59: Train Epoch 5: 640/1641 Loss: 0.128113
2026-08-23 09:59: Train Epoch 5: 660/1641 Loss: 0.161629
2026-08-23 09:59: Train Epoch 5: 680/1641 Loss: 0.152490
2026-08-23 09:59: Train Epoch 5: 700/1641 Loss: 0.081801
2026-08-23 09:59: Train Epoch 5: 720/1641 Loss: 0.109367
2026-08-23 09:59: Train Epoch 5: 740/1641 Loss: 0.121237
2026-08-23 09:59: Train Epoch 5: 760/1641 Loss: 0.115066
2026-08-23 09:59: Train Epoch 5: 780/1641 Loss: 0.117304
2026-08-23 09:59: Train Epoch 5: 800/1641 Loss: 0.084828
2026-08-23 10:00: Train Epoch 5: 820/1641 Loss: 0.095205
2026-08-23 10:00: Train Epoch 5: 840/1641 Loss: 0.100710
2026-08-23 10:00: Train Epoch 5: 860/1641 Loss: 0.091993
2026-08-23 10:00: Train Epoch 5: 880/1641 Loss: 0.084546
2026-08-23 10:00: Train Epoch 5: 900/1641 Loss: 0.050176
2026-08-23 10:00: Train Epoch 5: 920/1641 Loss: 0.114777
2026-08-23 10:00: Train Epoch 5: 940/1641 Loss: 0.146996
2026-08-23 10:00: Train Epoch 5: 960/1641 Loss: 0.115616
2026-08-23 10:00: Train Epoch 5: 980/1641 Loss: 0.110650
2026-08-23 10:00: Train Epoch 5: 1000/1641 Loss: 0.068549
2026-08-23 10:00: Train Epoch 5: 1020/1641 Loss: 0.087667
2026-08-23 10:00: Train Epoch 5: 1040/1641 Loss: 0.048882
2026-08-23 10:00: Train Epoch 5: 1060/1641 Loss: 0.111040
2026-08-23 10:00: Train Epoch 5: 1080/1641 Loss: 0.104151
2026-08-23 10:00: Train Epoch 5: 1100/1641 Loss: 0.036542
2026-08-23 10:00: Train Epoch 5: 1120/1641 Loss: 0.079811
2026-08-23 10:00: Train Epoch 5: 1140/1641 Loss: 0.091408
2026-08-23 10:00: Train Epoch 5: 1160/1641 Loss: 0.091431
2026-08-23 10:00: Train Epoch 5: 1180/1641 Loss: 0.125289
2026-08-23 10:00: Train Epoch 5: 1200/1641 Loss: 0.114080
2026-08-23 10:00: Train Epoch 5: 1220/1641 Loss: 0.147455
2026-08-23 10:00: Train Epoch 5: 1240/1641 Loss: 0.052068
2026-08-23 10:01: Train Epoch 5: 1260/1641 Loss: 0.088602
2026-08-23 10:01: Train Epoch 5: 1280/1641 Loss: 0.065889
2026-08-23 10:01: Train Epoch 5: 1300/1641 Loss: 0.059790
2026-08-23 10:01: Train Epoch 5: 1320/1641 Loss: 0.089794
2026-08-23 10:01: Train Epoch 5: 1340/1641 Loss: 0.095922
2026-08-23 10:01: Train Epoch 5: 1360/1641 Loss: 0.081047
2026-08-23 10:01: Train Epoch 5: 1380/1641 Loss: 0.103767
2026-08-23 10:01: Train Epoch 5: 1400/1641 Loss: 0.112626
2026-08-23 10:01: Train Epoch 5: 1420/1641 Loss: 0.075782
2026-08-23 10:01: Train Epoch 5: 1440/1641 Loss: 0.089213
2026-08-23 10:01: Train Epoch 5: 1460/1641 Loss: 0.121900
2026-08-23 10:01: Train Epoch 5: 1480/1641 Loss: 0.098500
2026-08-23 10:01: Train Epoch 5: 1500/1641 Loss: 0.108866
2026-08-23 10:01: Train Epoch 5: 1520/1641 Loss: 0.091376
2026-08-23 10:01: Train Epoch 5: 1540/1641 Loss: 0.058253
2026-08-23 10:01: Train Epoch 5: 1560/1641 Loss: 0.128284
2026-08-23 10:01: Train Epoch 5: 1580/1641 Loss: 0.071546
2026-08-23 10:01: Train Epoch 5: 1600/1641 Loss: 0.105203
2026-08-23 10:01: Train Epoch 5: 1620/1641 Loss: 0.084637
2026-08-23 10:01: Train Epoch 5: 1640/1641 Loss: 0.076260
2026-08-23 10:01: **********Train Epoch 5: averaged Loss: 0.101999, tf_ratio: 1.000000
2026-08-23 10:02: **********Val Epoch 5: average Loss: 0.137779
2026-08-23 10:02: Train Epoch 6: 0/1641 Loss: 0.059784
2026-08-23 10:02: Train Epoch 6: 20/1641 Loss: 0.104212
2026-08-23 10:02: Train Epoch 6: 40/1641 Loss: 0.109578
2026-08-23 10:02: Train Epoch 6: 60/1641 Loss: 0.121779
2026-08-23 10:02: Train Epoch 6: 80/1641 Loss: 0.075243
2026-08-23 10:02: Train Epoch 6: 100/1641 Loss: 0.063707
2026-08-23 10:02: Train Epoch 6: 120/1641 Loss: 0.089188
2026-08-23 10:02: Train Epoch 6: 140/1641 Loss: 0.090316
2026-08-23 10:02: Train Epoch 6: 160/1641 Loss: 0.112034
2026-08-23 10:02: Train Epoch 6: 180/1641 Loss: 0.106595
2026-08-23 10:02: Train Epoch 6: 200/1641 Loss: 0.102005
2026-08-23 10:02: Train Epoch 6: 220/1641 Loss: 0.120881
2026-08-23 10:02: Train Epoch 6: 240/1641 Loss: 0.124268
2026-08-23 10:02: Train Epoch 6: 260/1641 Loss: 0.105787
2026-08-23 10:02: Train Epoch 6: 280/1641 Loss: 0.065064
2026-08-23 10:02: Train Epoch 6: 300/1641 Loss: 0.100875
2026-08-23 10:02: Train Epoch 6: 320/1641 Loss: 0.118303
2026-08-23 10:02: Train Epoch 6: 340/1641 Loss: 0.139059
2026-08-23 10:03: Train Epoch 6: 360/1641 Loss: 0.105132
2026-08-23 10:03: Train Epoch 6: 380/1641 Loss: 0.130534
2026-08-23 10:03: Train Epoch 6: 400/1641 Loss: 0.060954
2026-08-23 10:03: Train Epoch 6: 420/1641 Loss: 0.109615
2026-08-23 10:03: Train Epoch 6: 440/1641 Loss: 0.152749
2026-08-23 10:03: Train Epoch 6: 460/1641 Loss: 0.083795
2026-08-23 10:03: Train Epoch 6: 480/1641 Loss: 0.062374
2026-08-23 10:03: Train Epoch 6: 500/1641 Loss: 0.079895
2026-08-23 10:03: Train Epoch 6: 520/1641 Loss: 0.093931
2026-08-23 10:03: Train Epoch 6: 540/1641 Loss: 0.115319
2026-08-23 10:03: Train Epoch 6: 560/1641 Loss: 0.112934
2026-08-23 10:03: Train Epoch 6: 580/1641 Loss: 0.063608
2026-08-23 10:03: Train Epoch 6: 600/1641 Loss: 0.125840
2026-08-23 10:03: Train Epoch 6: 620/1641 Loss: 0.091300
2026-08-23 10:03: Train Epoch 6: 640/1641 Loss: 0.133370
2026-08-23 10:03: Train Epoch 6: 660/1641 Loss: 0.078109
2026-08-23 10:03: Train Epoch 6: 680/1641 Loss: 0.073202
2026-08-23 10:03: Train Epoch 6: 700/1641 Loss: 0.082789
2026-08-23 10:03: Train Epoch 6: 720/1641 Loss: 0.106648
2026-08-23 10:03: Train Epoch 6: 740/1641 Loss: 0.115060
2026-08-23 10:03: Train Epoch 6: 760/1641 Loss: 0.108471
2026-08-23 10:03: Train Epoch 6: 780/1641 Loss: 0.071207
2026-08-23 10:04: Train Epoch 6: 800/1641 Loss: 0.035166
2026-08-23 10:04: Train Epoch 6: 820/1641 Loss: 0.054633
2026-08-23 10:04: Train Epoch 6: 840/1641 Loss: 0.122732
2026-08-23 10:04: Train Epoch 6: 860/1641 Loss: 0.099708
2026-08-23 10:04: Train Epoch 6: 880/1641 Loss: 0.137228
2026-08-23 10:04: Train Epoch 6: 900/1641 Loss: 0.088396
2026-08-23 10:04: Train Epoch 6: 920/1641 Loss: 0.090970
2026-08-23 10:04: Train Epoch 6: 940/1641 Loss: 0.068952
2026-08-23 10:04: Train Epoch 6: 960/1641 Loss: 0.116489
2026-08-23 10:04: Train Epoch 6: 980/1641 Loss: 0.098061
2026-08-23 10:04: Train Epoch 6: 1000/1641 Loss: 0.097277
2026-08-23 10:04: Train Epoch 6: 1020/1641 Loss: 0.090084
2026-08-23 10:04: Train Epoch 6: 1040/1641 Loss: 0.078564
2026-08-23 10:04: Train Epoch 6: 1060/1641 Loss: 0.094721
2026-08-23 10:04: Train Epoch 6: 1080/1641 Loss: 0.082045
2026-08-23 10:04: Train Epoch 6: 1100/1641 Loss: 0.096125
2026-08-23 10:04: Train Epoch 6: 1120/1641 Loss: 0.081773
2026-08-23 10:04: Train Epoch 6: 1140/1641 Loss: 0.081651
2026-08-23 10:04: Train Epoch 6: 1160/1641 Loss: 0.092980
2026-08-23 10:04: Train Epoch 6: 1180/1641 Loss: 0.121029
2026-08-23 10:04: Train Epoch 6: 1200/1641 Loss: 0.064648
2026-08-23 10:04: Train Epoch 6: 1220/1641 Loss: 0.092843
2026-08-23 10:05: Train Epoch 6: 1240/1641 Loss: 0.093191
2026-08-23 10:05: Train Epoch 6: 1260/1641 Loss: 0.103414
2026-08-23 10:05: Train Epoch 6: 1280/1641 Loss: 0.039062
2026-08-23 10:05: Train Epoch 6: 1300/1641 Loss: 0.159352
2026-08-23 10:05: Train Epoch 6: 1320/1641 Loss: 0.101315
2026-08-23 10:05: Train Epoch 6: 1340/1641 Loss: 0.105300
2026-08-23 10:05: Train Epoch 6: 1360/1641 Loss: 0.117805
2026-08-23 10:05: Train Epoch 6: 1380/1641 Loss: 0.123380
2026-08-23 10:05: Train Epoch 6: 1400/1641 Loss: 0.058303
2026-08-23 10:05: Train Epoch 6: 1420/1641 Loss: 0.078190
2026-08-23 10:05: Train Epoch 6: 1440/1641 Loss: 0.095032
2026-08-23 10:05: Train Epoch 6: 1460/1641 Loss: 0.085974
2026-08-23 10:05: Train Epoch 6: 1480/1641 Loss: 0.140333
2026-08-23 10:05: Train Epoch 6: 1500/1641 Loss: 0.118182
2026-08-23 10:05: Train Epoch 6: 1520/1641 Loss: 0.102184
2026-08-23 10:05: Train Epoch 6: 1540/1641 Loss: 0.103117
2026-08-23 10:05: Train Epoch 6: 1560/1641 Loss: 0.091983
2026-08-23 10:05: Train Epoch 6: 1580/1641 Loss: 0.116704
2026-08-23 10:05: Train Epoch 6: 1600/1641 Loss: 0.180638
2026-08-23 10:05: Train Epoch 6: 1620/1641 Loss: 0.140952
2026-08-23 10:05: Train Epoch 6: 1640/1641 Loss: 0.080055
2026-08-23 10:05: **********Train Epoch 6: averaged Loss: 0.102082, tf_ratio: 1.000000
2026-08-23 10:06: **********Val Epoch 6: average Loss: 0.137531
2026-08-23 10:06: Train Epoch 7: 0/1641 Loss: 0.154128
2026-08-23 10:06: Train Epoch 7: 20/1641 Loss: 0.067824
2026-08-23 10:06: Train Epoch 7: 40/1641 Loss: 0.123338
2026-08-23 10:06: Train Epoch 7: 60/1641 Loss: 0.118947
2026-08-23 10:06: Train Epoch 7: 80/1641 Loss: 0.085674
2026-08-23 10:06: Train Epoch 7: 100/1641 Loss: 0.076165
2026-08-23 10:06: Train Epoch 7: 120/1641 Loss: 0.122452
2026-08-23 10:06: Train Epoch 7: 140/1641 Loss: 0.116660
2026-08-23 10:06: Train Epoch 7: 160/1641 Loss: 0.100741
2026-08-23 10:06: Train Epoch 7: 180/1641 Loss: 0.163608
2026-08-23 10:06: Train Epoch 7: 200/1641 Loss: 0.111005
2026-08-23 10:06: Train Epoch 7: 220/1641 Loss: 0.063431
2026-08-23 10:06: Train Epoch 7: 240/1641 Loss: 0.095836
2026-08-23 10:06: Train Epoch 7: 260/1641 Loss: 0.070967
2026-08-23 10:06: Train Epoch 7: 280/1641 Loss: 0.083537
2026-08-23 10:06: Train Epoch 7: 300/1641 Loss: 0.096142
2026-08-23 10:06: Train Epoch 7: 320/1641 Loss: 0.102575
2026-08-23 10:07: Train Epoch 7: 340/1641 Loss: 0.079281
2026-08-23 10:07: Train Epoch 7: 360/1641 Loss: 0.124625
2026-08-23 10:07: Train Epoch 7: 380/1641 Loss: 0.104364
2026-08-23 10:07: Train Epoch 7: 400/1641 Loss: 0.129868
2026-08-23 10:07: Train Epoch 7: 420/1641 Loss: 0.133085
2026-08-23 10:07: Train Epoch 7: 440/1641 Loss: 0.075530
2026-08-23 10:07: Train Epoch 7: 460/1641 Loss: 0.129027
2026-08-23 10:07: Train Epoch 7: 480/1641 Loss: 0.099469
2026-08-23 10:07: Train Epoch 7: 500/1641 Loss: 0.064107
2026-08-23 10:07: Train Epoch 7: 520/1641 Loss: 0.116369
2026-08-23 10:07: Train Epoch 7: 540/1641 Loss: 0.145059
2026-08-23 10:07: Train Epoch 7: 560/1641 Loss: 0.066206
2026-08-23 10:07: Train Epoch 7: 580/1641 Loss: 0.095662
2026-08-23 10:07: Train Epoch 7: 600/1641 Loss: 0.107087
2026-08-23 10:07: Train Epoch 7: 620/1641 Loss: 0.096298
2026-08-23 10:07: Train Epoch 7: 640/1641 Loss: 0.125284
2026-08-23 10:07: Train Epoch 7: 660/1641 Loss: 0.093953
2026-08-23 10:07: Train Epoch 7: 680/1641 Loss: 0.134057
2026-08-23 10:07: Train Epoch 7: 700/1641 Loss: 0.057374
2026-08-23 10:07: Train Epoch 7: 720/1641 Loss: 0.115333
2026-08-23 10:07: Train Epoch 7: 740/1641 Loss: 0.115710
2026-08-23 10:07: Train Epoch 7: 760/1641 Loss: 0.088996
2026-08-23 10:08: Train Epoch 7: 780/1641 Loss: 0.107593
2026-08-23 10:08: Train Epoch 7: 800/1641 Loss: 0.092094
2026-08-23 10:08: Train Epoch 7: 820/1641 Loss: 0.129315
2026-08-23 10:08: Train Epoch 7: 840/1641 Loss: 0.093380
2026-08-23 10:08: Train Epoch 7: 860/1641 Loss: 0.089573
2026-08-23 10:08: Train Epoch 7: 880/1641 Loss: 0.075272
2026-08-23 10:08: Train Epoch 7: 900/1641 Loss: 0.088418
2026-08-23 10:08: Train Epoch 7: 920/1641 Loss: 0.061617
2026-08-23 10:08: Train Epoch 7: 940/1641 Loss: 0.077335
2026-08-23 10:08: Train Epoch 7: 960/1641 Loss: 0.207367
2026-08-23 10:08: Train Epoch 7: 980/1641 Loss: 0.107126
2026-08-23 10:08: Train Epoch 7: 1000/1641 Loss: 0.141704
2026-08-23 10:08: Train Epoch 7: 1020/1641 Loss: 0.102265
2026-08-23 10:08: Train Epoch 7: 1040/1641 Loss: 0.169984
2026-08-23 10:08: Train Epoch 7: 1060/1641 Loss: 0.094731
2026-08-23 10:08: Train Epoch 7: 1080/1641 Loss: 0.112705
2026-08-23 10:08: Train Epoch 7: 1100/1641 Loss: 0.089114
2026-08-23 10:08: Train Epoch 7: 1120/1641 Loss: 0.101163
2026-08-23 10:08: Train Epoch 7: 1140/1641 Loss: 0.111800
2026-08-23 10:08: Train Epoch 7: 1160/1641 Loss: 0.166623
2026-08-23 10:08: Train Epoch 7: 1180/1641 Loss: 0.072164
2026-08-23 10:08: Train Epoch 7: 1200/1641 Loss: 0.130897
2026-08-23 10:09: Train Epoch 7: 1220/1641 Loss: 0.098211
2026-08-23 10:09: Train Epoch 7: 1240/1641 Loss: 0.105272
2026-08-23 10:09: Train Epoch 7: 1260/1641 Loss: 0.098779
2026-08-23 10:09: Train Epoch 7: 1280/1641 Loss: 0.121875
2026-08-23 10:09: Train Epoch 7: 1300/1641 Loss: 0.152136
2026-08-23 10:09: Train Epoch 7: 1320/1641 Loss: 0.061708
2026-08-23 10:09: Train Epoch 7: 1340/1641 Loss: 0.096197
2026-08-23 10:09: Train Epoch 7: 1360/1641 Loss: 0.097033
2026-08-23 10:09: Train Epoch 7: 1380/1641 Loss: 0.167763
2026-08-23 10:09: Train Epoch 7: 1400/1641 Loss: 0.121039
2026-08-23 10:09: Train Epoch 7: 1420/1641 Loss: 0.066092
2026-08-23 10:09: Train Epoch 7: 1440/1641 Loss: 0.108453
2026-08-23 10:09: Train Epoch 7: 1460/1641 Loss: 0.102660
2026-08-23 10:09: Train Epoch 7: 1480/1641 Loss: 0.130157
2026-08-23 10:09: Train Epoch 7: 1500/1641 Loss: 0.072686
2026-08-23 10:09: Train Epoch 7: 1520/1641 Loss: 0.110607
2026-08-23 10:09: Train Epoch 7: 1540/1641 Loss: 0.127151
2026-08-23 10:09: Train Epoch 7: 1560/1641 Loss: 0.111341
2026-08-23 10:09: Train Epoch 7: 1580/1641 Loss: 0.079686
2026-08-23 10:09: Train Epoch 7: 1600/1641 Loss: 0.101168
2026-08-23 10:09: Train Epoch 7: 1620/1641 Loss: 0.076440
2026-08-23 10:09: Train Epoch 7: 1640/1641 Loss: 0.141672
2026-08-23 10:09: **********Train Epoch 7: averaged Loss: 0.102080, tf_ratio: 1.000000
2026-08-23 10:10: **********Val Epoch 7: average Loss: 0.137563
2026-08-23 10:10: Train Epoch 8: 0/1641 Loss: 0.086323
2026-08-23 10:10: Train Epoch 8: 20/1641 Loss: 0.106655
2026-08-23 10:10: Train Epoch 8: 40/1641 Loss: 0.076659
2026-08-23 10:10: Train Epoch 8: 60/1641 Loss: 0.121063
2026-08-23 10:10: Train Epoch 8: 80/1641 Loss: 0.106198
2026-08-23 10:10: Train Epoch 8: 100/1641 Loss: 0.123803
2026-08-23 10:10: Train Epoch 8: 120/1641 Loss: 0.142297
2026-08-23 10:10: Train Epoch 8: 140/1641 Loss: 0.106870
2026-08-23 10:10: Train Epoch 8: 160/1641 Loss: 0.080101
2026-08-23 10:10: Train Epoch 8: 180/1641 Loss: 0.117079
2026-08-23 10:10: Train Epoch 8: 200/1641 Loss: 0.141734
2026-08-23 10:10: Train Epoch 8: 220/1641 Loss: 0.109394
2026-08-23 10:10: Train Epoch 8: 240/1641 Loss: 0.085660
2026-08-23 10:10: Train Epoch 8: 260/1641 Loss: 0.121107
2026-08-23 10:10: Train Epoch 8: 280/1641 Loss: 0.068594
2026-08-23 10:11: Train Epoch 8: 300/1641 Loss: 0.103858
2026-08-23 10:11: Train Epoch 8: 320/1641 Loss: 0.119919
2026-08-23 10:11: Train Epoch 8: 340/1641 Loss: 0.067404
2026-08-23 10:11: Train Epoch 8: 360/1641 Loss: 0.061483
2026-08-23 10:11: Train Epoch 8: 380/1641 Loss: 0.108035
2026-08-23 10:11: Train Epoch 8: 400/1641 Loss: 0.086231
2026-08-23 10:11: Train Epoch 8: 420/1641 Loss: 0.072112
2026-08-23 10:11: Train Epoch 8: 440/1641 Loss: 0.057960
2026-08-23 10:11: Train Epoch 8: 460/1641 Loss: 0.118041
2026-08-23 10:11: Train Epoch 8: 480/1641 Loss: 0.109799
2026-08-23 10:11: Train Epoch 8: 500/1641 Loss: 0.091733
2026-08-23 10:11: Train Epoch 8: 520/1641 Loss: 0.093553
2026-08-23 10:11: Train Epoch 8: 540/1641 Loss: 0.089414
2026-08-23 10:11: Train Epoch 8: 560/1641 Loss: 0.051262
2026-08-23 10:11: Train Epoch 8: 580/1641 Loss: 0.081638
2026-08-23 10:11: Train Epoch 8: 600/1641 Loss: 0.135980
2026-08-23 10:11: Train Epoch 8: 620/1641 Loss: 0.085619
2026-08-23 10:11: Train Epoch 8: 640/1641 Loss: 0.080829
2026-08-23 10:11: Train Epoch 8: 660/1641 Loss: 0.107566
2026-08-23 10:11: Train Epoch 8: 680/1641 Loss: 0.142212
2026-08-23 10:11: Train Epoch 8: 700/1641 Loss: 0.086299
2026-08-23 10:11: Train Epoch 8: 720/1641 Loss: 0.057411
2026-08-23 10:12: Train Epoch 8: 740/1641 Loss: 0.086231
2026-08-23 10:12: Train Epoch 8: 760/1641 Loss: 0.138269
2026-08-23 10:12: Train Epoch 8: 780/1641 Loss: 0.139957
2026-08-23 10:12: Train Epoch 8: 800/1641 Loss: 0.138705
2026-08-23 10:12: Train Epoch 8: 820/1641 Loss: 0.095315
2026-08-23 10:12: Train Epoch 8: 840/1641 Loss: 0.104497
2026-08-23 10:12: Train Epoch 8: 860/1641 Loss: 0.112034
2026-08-23 10:12: Train Epoch 8: 880/1641 Loss: 0.088150
2026-08-23 10:12: Train Epoch 8: 900/1641 Loss: 0.072880
2026-08-23 10:12: Train Epoch 8: 920/1641 Loss: 0.089315
2026-08-23 10:12: Train Epoch 8: 940/1641 Loss: 0.082499
2026-08-23 10:12: Train Epoch 8: 960/1641 Loss: 0.132352
2026-08-23 10:12: Train Epoch 8: 980/1641 Loss: 0.065079
2026-08-23 10:12: Train Epoch 8: 1000/1641 Loss: 0.084420
2026-08-23 10:12: Train Epoch 8: 1020/1641 Loss: 0.104407
2026-08-23 10:12: Train Epoch 8: 1040/1641 Loss: 0.100522
2026-08-23 10:12: Train Epoch 8: 1060/1641 Loss: 0.130684
2026-08-23 10:12: Train Epoch 8: 1080/1641 Loss: 0.124433
2026-08-23 10:12: Train Epoch 8: 1100/1641 Loss: 0.104960
2026-08-23 10:12: Train Epoch 8: 1120/1641 Loss: 0.109452
2026-08-23 10:12: Train Epoch 8: 1140/1641 Loss: 0.130571
2026-08-23 10:12: Train Epoch 8: 1160/1641 Loss: 0.132976
2026-08-23 10:13: Train Epoch 8: 1180/1641 Loss: 0.082234
2026-08-23 10:13: Train Epoch 8: 1200/1641 Loss: 0.082463
2026-08-23 10:13: Train Epoch 8: 1220/1641 Loss: 0.069277
2026-08-23 10:13: Train Epoch 8: 1240/1641 Loss: 0.079574
2026-08-23 10:13: Train Epoch 8: 1260/1641 Loss: 0.079643
2026-08-23 10:13: Train Epoch 8: 1280/1641 Loss: 0.150502
2026-08-23 10:13: Train Epoch 8: 1300/1641 Loss: 0.068298
2026-08-23 10:13: Train Epoch 8: 1320/1641 Loss: 0.109620
2026-08-23 10:13: Train Epoch 8: 1340/1641 Loss: 0.112980
2026-08-23 10:13: Train Epoch 8: 1360/1641 Loss: 0.093954
2026-08-23 10:13: Train Epoch 8: 1380/1641 Loss: 0.057869
2026-08-23 10:13: Train Epoch 8: 1400/1641 Loss: 0.081120
2026-08-23 10:13: Train Epoch 8: 1420/1641 Loss: 0.067664
2026-08-23 10:13: Train Epoch 8: 1440/1641 Loss: 0.205440
2026-08-23 10:13: Train Epoch 8: 1460/1641 Loss: 0.080432
2026-08-23 10:13: Train Epoch 8: 1480/1641 Loss: 0.059620
2026-08-23 10:13: Train Epoch 8: 1500/1641 Loss: 0.115906
2026-08-23 10:13: Train Epoch 8: 1520/1641 Loss: 0.150754
2026-08-23 10:13: Train Epoch 8: 1540/1641 Loss: 0.076800
2026-08-23 10:13: Train Epoch 8: 1560/1641 Loss: 0.080889
2026-08-23 10:13: Train Epoch 8: 1580/1641 Loss: 0.115446
2026-08-23 10:13: Train Epoch 8: 1600/1641 Loss: 0.126426
2026-08-23 10:14: Train Epoch 8: 1620/1641 Loss: 0.098075
2026-08-23 10:14: Train Epoch 8: 1640/1641 Loss: 0.112001
2026-08-23 10:14: **********Train Epoch 8: averaged Loss: 0.102061, tf_ratio: 1.000000
2026-08-23 10:14: **********Val Epoch 8: average Loss: 0.137996
2026-08-23 10:14: Train Epoch 9: 0/1641 Loss: 0.085509
2026-08-23 10:14: Train Epoch 9: 20/1641 Loss: 0.102378
2026-08-23 10:14: Train Epoch 9: 40/1641 Loss: 0.096065
2026-08-23 10:14: Train Epoch 9: 60/1641 Loss: 0.088264
2026-08-23 10:14: Train Epoch 9: 80/1641 Loss: 0.094649
2026-08-23 10:14: Train Epoch 9: 100/1641 Loss: 0.088855
2026-08-23 10:14: Train Epoch 9: 120/1641 Loss: 0.078069
2026-08-23 10:14: Train Epoch 9: 140/1641 Loss: 0.083137
2026-08-23 10:14: Train Epoch 9: 160/1641 Loss: 0.125585
2026-08-23 10:14: Train Epoch 9: 180/1641 Loss: 0.099461
2026-08-23 10:14: Train Epoch 9: 200/1641 Loss: 0.110740
2026-08-23 10:14: Train Epoch 9: 220/1641 Loss: 0.145116
2026-08-23 10:15: Train Epoch 9: 240/1641 Loss: 0.103299
2026-08-23 10:15: Train Epoch 9: 260/1641 Loss: 0.110376
2026-08-23 10:15: Train Epoch 9: 280/1641 Loss: 0.147039
2026-08-23 10:15: Train Epoch 9: 300/1641 Loss: 0.074333
2026-08-23 10:15: Train Epoch 9: 320/1641 Loss: 0.115895
2026-08-23 10:15: Train Epoch 9: 340/1641 Loss: 0.098168
2026-08-23 10:15: Train Epoch 9: 360/1641 Loss: 0.129331
2026-08-23 10:15: Train Epoch 9: 380/1641 Loss: 0.161917
2026-08-23 10:15: Train Epoch 9: 400/1641 Loss: 0.109693
2026-08-23 10:15: Train Epoch 9: 420/1641 Loss: 0.131874
2026-08-23 10:15: Train Epoch 9: 440/1641 Loss: 0.058177
2026-08-23 10:15: Train Epoch 9: 460/1641 Loss: 0.081342
2026-08-23 10:15: Train Epoch 9: 480/1641 Loss: 0.131828
2026-08-23 10:15: Train Epoch 9: 500/1641 Loss: 0.143807
2026-08-23 10:15: Train Epoch 9: 520/1641 Loss: 0.129143
2026-08-23 10:15: Train Epoch 9: 540/1641 Loss: 0.153771
2026-08-23 10:15: Train Epoch 9: 560/1641 Loss: 0.113858
2026-08-23 10:15: Train Epoch 9: 580/1641 Loss: 0.104020
2026-08-23 10:15: Train Epoch 9: 600/1641 Loss: 0.108345
2026-08-23 10:15: Train Epoch 9: 620/1641 Loss: 0.082721
2026-08-23 10:15: Train Epoch 9: 640/1641 Loss: 0.097406
2026-08-23 10:15: Train Epoch 9: 660/1641 Loss: 0.076178
2026-08-23 10:16: Train Epoch 9: 680/1641 Loss: 0.080244
2026-08-23 10:16: Train Epoch 9: 700/1641 Loss: 0.116718
2026-08-23 10:16: Train Epoch 9: 720/1641 Loss: 0.069678
2026-08-23 10:16: Train Epoch 9: 740/1641 Loss: 0.094653
2026-08-23 10:16: Train Epoch 9: 760/1641 Loss: 0.091567
2026-08-23 10:16: Train Epoch 9: 780/1641 Loss: 0.090964
2026-08-23 10:16: Train Epoch 9: 800/1641 Loss: 0.078730
2026-08-23 10:16: Train Epoch 9: 820/1641 Loss: 0.096581
2026-08-23 10:16: Train Epoch 9: 840/1641 Loss: 0.080968
2026-08-23 10:16: Train Epoch 9: 860/1641 Loss: 0.149774
2026-08-23 10:16: Train Epoch 9: 880/1641 Loss: 0.084719
2026-08-23 10:16: Train Epoch 9: 900/1641 Loss: 0.115321
2026-08-23 10:16: Train Epoch 9: 920/1641 Loss: 0.083890
2026-08-23 10:16: Train Epoch 9: 940/1641 Loss: 0.110024
2026-08-23 10:16: Train Epoch 9: 960/1641 Loss: 0.067127
2026-08-23 10:16: Train Epoch 9: 980/1641 Loss: 0.132256
2026-08-23 10:16: Train Epoch 9: 1000/1641 Loss: 0.081621
2026-08-23 10:16: Train Epoch 9: 1020/1641 Loss: 0.090951
2026-08-23 10:16: Train Epoch 9: 1040/1641 Loss: 0.069275
2026-08-23 10:16: Train Epoch 9: 1060/1641 Loss: 0.092383
2026-08-23 10:16: Train Epoch 9: 1080/1641 Loss: 0.120594
2026-08-23 10:16: Train Epoch 9: 1100/1641 Loss: 0.060044
2026-08-23 10:17: Train Epoch 9: 1120/1641 Loss: 0.085899
2026-08-23 10:17: Train Epoch 9: 1140/1641 Loss: 0.105832
2026-08-23 10:17: Train Epoch 9: 1160/1641 Loss: 0.083659
2026-08-23 10:17: Train Epoch 9: 1180/1641 Loss: 0.133245
2026-08-23 10:17: Train Epoch 9: 1200/1641 Loss: 0.118965
2026-08-23 10:17: Train Epoch 9: 1220/1641 Loss: 0.106448
2026-08-23 10:17: Train Epoch 9: 1240/1641 Loss: 0.063512
2026-08-23 10:17: Train Epoch 9: 1260/1641 Loss: 0.083503
2026-08-23 10:17: Train Epoch 9: 1280/1641 Loss: 0.095538
2026-08-23 10:17: Train Epoch 9: 1300/1641 Loss: 0.077109
2026-08-23 10:17: Train Epoch 9: 1320/1641 Loss: 0.102314
2026-08-23 10:17: Train Epoch 9: 1340/1641 Loss: 0.114692
2026-08-23 10:17: Train Epoch 9: 1360/1641 Loss: 0.093564
2026-08-23 10:17: Train Epoch 9: 1380/1641 Loss: 0.092330
2026-08-23 10:17: Train Epoch 9: 1400/1641 Loss: 0.080326
2026-08-23 10:17: Train Epoch 9: 1420/1641 Loss: 0.105134
2026-08-23 10:17: Train Epoch 9: 1440/1641 Loss: 0.120173
2026-08-23 10:17: Train Epoch 9: 1460/1641 Loss: 0.124669
2026-08-23 10:17: Train Epoch 9: 1480/1641 Loss: 0.110502
2026-08-23 10:17: Train Epoch 9: 1500/1641 Loss: 0.127639
2026-08-23 10:17: Train Epoch 9: 1520/1641 Loss: 0.082258
2026-08-23 10:17: Train Epoch 9: 1540/1641 Loss: 0.099050
2026-08-23 10:18: Train Epoch 9: 1560/1641 Loss: 0.119061
2026-08-23 10:18: Train Epoch 9: 1580/1641 Loss: 0.092023
2026-08-23 10:18: Train Epoch 9: 1600/1641 Loss: 0.084531
2026-08-23 10:18: Train Epoch 9: 1620/1641 Loss: 0.106741
2026-08-23 10:18: Train Epoch 9: 1640/1641 Loss: 0.125762
2026-08-23 10:18: **********Train Epoch 9: averaged Loss: 0.102087, tf_ratio: 1.000000
2026-08-23 10:18: **********Val Epoch 9: average Loss: 0.137652
2026-08-23 10:18: Train Epoch 10: 0/1641 Loss: 0.097542
2026-08-23 10:18: Train Epoch 10: 20/1641 Loss: 0.134084
2026-08-23 10:18: Train Epoch 10: 40/1641 Loss: 0.077938
2026-08-23 10:18: Train Epoch 10: 60/1641 Loss: 0.085864
2026-08-23 10:18: Train Epoch 10: 80/1641 Loss: 0.084154
2026-08-23 10:18: Train Epoch 10: 100/1641 Loss: 0.109757
2026-08-23 10:18: Train Epoch 10: 120/1641 Loss: 0.089047
2026-08-23 10:18: Train Epoch 10: 140/1641 Loss: 0.100048
2026-08-23 10:18: Train Epoch 10: 160/1641 Loss: 0.125125
2026-08-23 10:18: Train Epoch 10: 180/1641 Loss: 0.152530
2026-08-23 10:19: Train Epoch 10: 200/1641 Loss: 0.081566
2026-08-23 10:19: Train Epoch 10: 220/1641 Loss: 0.083974
2026-08-23 10:19: Train Epoch 10: 240/1641 Loss: 0.165088
2026-08-23 10:19: Train Epoch 10: 260/1641 Loss: 0.052227
2026-08-23 10:19: Train Epoch 10: 280/1641 Loss: 0.109328
2026-08-23 10:19: Train Epoch 10: 300/1641 Loss: 0.116456
2026-08-23 10:19: Train Epoch 10: 320/1641 Loss: 0.134408
2026-08-23 10:19: Train Epoch 10: 340/1641 Loss: 0.118106
2026-08-23 10:19: Train Epoch 10: 360/1641 Loss: 0.081142
2026-08-23 10:19: Train Epoch 10: 380/1641 Loss: 0.069644
2026-08-23 10:19: Train Epoch 10: 400/1641 Loss: 0.118089
2026-08-23 10:19: Train Epoch 10: 420/1641 Loss: 0.067442
2026-08-23 10:19: Train Epoch 10: 440/1641 Loss: 0.079494
2026-08-23 10:19: Train Epoch 10: 460/1641 Loss: 0.071479
2026-08-23 10:19: Train Epoch 10: 480/1641 Loss: 0.085280
2026-08-23 10:19: Train Epoch 10: 500/1641 Loss: 0.109238
2026-08-23 10:19: Train Epoch 10: 520/1641 Loss: 0.102775
2026-08-23 10:19: Train Epoch 10: 540/1641 Loss: 0.134081
2026-08-23 10:19: Train Epoch 10: 560/1641 Loss: 0.094512
2026-08-23 10:19: Train Epoch 10: 580/1641 Loss: 0.042672
2026-08-23 10:19: Train Epoch 10: 600/1641 Loss: 0.137181
2026-08-23 10:19: Train Epoch 10: 620/1641 Loss: 0.103739
2026-08-23 10:20: Train Epoch 10: 640/1641 Loss: 0.117329
2026-08-23 10:20: Train Epoch 10: 660/1641 Loss: 0.070868
2026-08-23 10:20: Train Epoch 10: 680/1641 Loss: 0.083829
2026-08-23 10:20: Train Epoch 10: 700/1641 Loss: 0.140359
2026-08-23 10:20: Train Epoch 10: 720/1641 Loss: 0.152511
2026-08-23 10:20: Train Epoch 10: 740/1641 Loss: 0.126278
2026-08-23 10:20: Train Epoch 10: 760/1641 Loss: 0.086092
2026-08-23 10:20: Train Epoch 10: 780/1641 Loss: 0.099085
2026-08-23 10:20: Train Epoch 10: 800/1641 Loss: 0.074014
2026-08-23 10:20: Train Epoch 10: 820/1641 Loss: 0.103632
2026-08-23 10:20: Train Epoch 10: 840/1641 Loss: 0.106623
2026-08-23 10:20: Train Epoch 10: 860/1641 Loss: 0.056155
2026-08-23 10:20: Train Epoch 10: 880/1641 Loss: 0.106803
2026-08-23 10:20: Train Epoch 10: 900/1641 Loss: 0.063954
2026-08-23 10:20: Train Epoch 10: 920/1641 Loss: 0.092244
2026-08-23 10:20: Train Epoch 10: 940/1641 Loss: 0.086282
2026-08-23 10:20: Train Epoch 10: 960/1641 Loss: 0.113840
2026-08-23 10:20: Train Epoch 10: 980/1641 Loss: 0.071844
2026-08-23 10:20: Train Epoch 10: 1000/1641 Loss: 0.112154
2026-08-23 10:20: Train Epoch 10: 1020/1641 Loss: 0.148521
2026-08-23 10:20: Train Epoch 10: 1040/1641 Loss: 0.071550
2026-08-23 10:21: Train Epoch 10: 1060/1641 Loss: 0.111483
2026-08-23 10:21: Train Epoch 10: 1080/1641 Loss: 0.115534
2026-08-23 10:21: Train Epoch 10: 1100/1641 Loss: 0.067847
2026-08-23 10:21: Train Epoch 10: 1120/1641 Loss: 0.141482
2026-08-23 10:21: Train Epoch 10: 1140/1641 Loss: 0.166978
2026-08-23 10:21: Train Epoch 10: 1160/1641 Loss: 0.075816
2026-08-23 10:21: Train Epoch 10: 1180/1641 Loss: 0.106027
2026-08-23 10:21: Train Epoch 10: 1200/1641 Loss: 0.089671
2026-08-23 10:21: Train Epoch 10: 1220/1641 Loss: 0.138639
2026-08-23 10:21: Train Epoch 10: 1240/1641 Loss: 0.187148
2026-08-23 10:21: Train Epoch 10: 1260/1641 Loss: 0.123755
2026-08-23 10:21: Train Epoch 10: 1280/1641 Loss: 0.086289
2026-08-23 10:21: Train Epoch 10: 1300/1641 Loss: 0.158390
2026-08-23 10:21: Train Epoch 10: 1320/1641 Loss: 0.114605
2026-08-23 10:21: Train Epoch 10: 1340/1641 Loss: 0.124618
2026-08-23 10:21: Train Epoch 10: 1360/1641 Loss: 0.072448
2026-08-23 10:21: Train Epoch 10: 1380/1641 Loss: 0.089202
2026-08-23 10:21: Train Epoch 10: 1400/1641 Loss: 0.098140
2026-08-23 10:21: Train Epoch 10: 1420/1641 Loss: 0.111763
2026-08-23 10:21: Train Epoch 10: 1440/1641 Loss: 0.083591
2026-08-23 10:21: Train Epoch 10: 1460/1641 Loss: 0.070170
2026-08-23 10:22: Train Epoch 10: 1480/1641 Loss: 0.128897
2026-08-23 10:22: Train Epoch 10: 1500/1641 Loss: 0.111778
2026-08-23 10:22: Train Epoch 10: 1520/1641 Loss: 0.095534
2026-08-23 10:22: Train Epoch 10: 1540/1641 Loss: 0.086338
2026-08-23 10:22: Train Epoch 10: 1560/1641 Loss: 0.116557
2026-08-23 10:22: Train Epoch 10: 1580/1641 Loss: 0.098472
2026-08-23 10:22: Train Epoch 10: 1600/1641 Loss: 0.071706
2026-08-23 10:22: Train Epoch 10: 1620/1641 Loss: 0.109887
2026-08-23 10:22: Train Epoch 10: 1640/1641 Loss: 0.079681
2026-08-23 10:22: **********Train Epoch 10: averaged Loss: 0.102112, tf_ratio: 1.000000
2026-08-23 10:22: **********Val Epoch 10: average Loss: 0.137964
2026-08-23 10:22: Train Epoch 11: 0/1641 Loss: 0.113273
2026-08-23 10:22: Train Epoch 11: 20/1641 Loss: 0.146100
2026-08-23 10:22: Train Epoch 11: 40/1641 Loss: 0.159155
2026-08-23 10:22: Train Epoch 11: 60/1641 Loss: 0.069047
2026-08-23 10:22: Train Epoch 11: 80/1641 Loss: 0.116145
2026-08-23 10:22: Train Epoch 11: 100/1641 Loss: 0.053264
2026-08-23 10:23: Train Epoch 11: 120/1641 Loss: 0.135805
2026-08-23 10:23: Train Epoch 11: 140/1641 Loss: 0.111226
2026-08-23 10:23: Train Epoch 11: 160/1641 Loss: 0.091374
2026-08-23 10:23: Train Epoch 11: 180/1641 Loss: 0.132258
2026-08-23 10:23: Train Epoch 11: 200/1641 Loss: 0.066240
2026-08-23 10:23: Train Epoch 11: 220/1641 Loss: 0.094979
2026-08-23 10:23: Train Epoch 11: 240/1641 Loss: 0.104381
2026-08-23 10:23: Train Epoch 11: 260/1641 Loss: 0.141289
2026-08-23 10:23: Train Epoch 11: 280/1641 Loss: 0.135266
2026-08-23 10:23: Train Epoch 11: 300/1641 Loss: 0.153299
2026-08-23 10:23: Train Epoch 11: 320/1641 Loss: 0.061550
2026-08-23 10:23: Train Epoch 11: 340/1641 Loss: 0.127071
2026-08-23 10:23: Train Epoch 11: 360/1641 Loss: 0.076524
2026-08-23 10:23: Train Epoch 11: 380/1641 Loss: 0.113884
2026-08-23 10:23: Train Epoch 11: 400/1641 Loss: 0.122873
2026-08-23 10:23: Train Epoch 11: 420/1641 Loss: 0.087452
2026-08-23 10:23: Train Epoch 11: 440/1641 Loss: 0.085478
2026-08-23 10:23: Train Epoch 11: 460/1641 Loss: 0.085309
2026-08-23 10:23: Train Epoch 11: 480/1641 Loss: 0.065416
2026-08-23 10:23: Train Epoch 11: 500/1641 Loss: 0.092408
2026-08-23 10:23: Train Epoch 11: 520/1641 Loss: 0.125634
2026-08-23 10:24: Train Epoch 11: 540/1641 Loss: 0.079203
2026-08-23 10:24: Train Epoch 11: 560/1641 Loss: 0.122735
2026-08-23 10:24: Train Epoch 11: 580/1641 Loss: 0.089544
2026-08-23 10:24: Train Epoch 11: 600/1641 Loss: 0.132664
2026-08-23 10:24: Train Epoch 11: 620/1641 Loss: 0.139548
2026-08-23 10:24: Train Epoch 11: 640/1641 Loss: 0.077268
2026-08-23 10:24: Train Epoch 11: 660/1641 Loss: 0.055601
2026-08-23 10:24: Train Epoch 11: 680/1641 Loss: 0.086482
2026-08-23 10:24: Train Epoch 11: 700/1641 Loss: 0.111978
2026-08-23 10:24: Train Epoch 11: 720/1641 Loss: 0.114012
2026-08-23 10:24: Train Epoch 11: 740/1641 Loss: 0.062896
2026-08-23 10:24: Train Epoch 11: 760/1641 Loss: 0.090685
2026-08-23 10:24: Train Epoch 11: 780/1641 Loss: 0.100714
2026-08-23 10:24: Train Epoch 11: 800/1641 Loss: 0.066933
2026-08-23 10:24: Train Epoch 11: 820/1641 Loss: 0.104654
2026-08-23 10:24: Train Epoch 11: 840/1641 Loss: 0.095714
2026-08-23 10:24: Train Epoch 11: 860/1641 Loss: 0.071275
2026-08-23 10:24: Train Epoch 11: 880/1641 Loss: 0.105718
2026-08-23 10:24: Train Epoch 11: 900/1641 Loss: 0.099258
2026-08-23 10:24: Train Epoch 11: 920/1641 Loss: 0.106273
2026-08-23 10:24: Train Epoch 11: 940/1641 Loss: 0.092698
2026-08-23 10:25: Train Epoch 11: 960/1641 Loss: 0.099554
2026-08-23 10:25: Train Epoch 11: 980/1641 Loss: 0.075975
2026-08-23 10:25: Train Epoch 11: 1000/1641 Loss: 0.096368
2026-08-23 10:25: Train Epoch 11: 1020/1641 Loss: 0.098179
2026-08-23 10:25: Train Epoch 11: 1040/1641 Loss: 0.144109
2026-08-23 10:25: Train Epoch 11: 1060/1641 Loss: 0.068009
2026-08-23 10:25: Train Epoch 11: 1080/1641 Loss: 0.080995
2026-08-23 10:25: Train Epoch 11: 1100/1641 Loss: 0.133271
2026-08-23 10:25: Train Epoch 11: 1120/1641 Loss: 0.110155
2026-08-23 10:25: Train Epoch 11: 1140/1641 Loss: 0.091593
2026-08-23 10:25: Train Epoch 11: 1160/1641 Loss: 0.121982
2026-08-23 10:25: Train Epoch 11: 1180/1641 Loss: 0.116097
2026-08-23 10:25: Train Epoch 11: 1200/1641 Loss: 0.108448
2026-08-23 10:25: Train Epoch 11: 1220/1641 Loss: 0.105304
2026-08-23 10:25: Train Epoch 11: 1240/1641 Loss: 0.083116
2026-08-23 10:25: Train Epoch 11: 1260/1641 Loss: 0.087813
2026-08-23 10:25: Train Epoch 11: 1280/1641 Loss: 0.090782
2026-08-23 10:25: Train Epoch 11: 1300/1641 Loss: 0.093655
2026-08-23 10:25: Train Epoch 11: 1320/1641 Loss: 0.139788
2026-08-23 10:25: Train Epoch 11: 1340/1641 Loss: 0.108914
2026-08-23 10:25: Train Epoch 11: 1360/1641 Loss: 0.113994
2026-08-23 10:25: Train Epoch 11: 1380/1641 Loss: 0.089938
2026-08-23 10:25: Train Epoch 11: 1400/1641 Loss: 0.099000
2026-08-23 10:26: Train Epoch 11: 1420/1641 Loss: 0.079560
2026-08-23 10:26: Train Epoch 11: 1440/1641 Loss: 0.171083
2026-08-23 10:26: Train Epoch 11: 1460/1641 Loss: 0.111739
2026-08-23 10:26: Train Epoch 11: 1480/1641 Loss: 0.122965
2026-08-23 10:26: Train Epoch 11: 1500/1641 Loss: 0.123236
2026-08-23 10:26: Train Epoch 11: 1520/1641 Loss: 0.073934
2026-08-23 10:26: Train Epoch 11: 1540/1641 Loss: 0.122163
2026-08-23 10:26: Train Epoch 11: 1560/1641 Loss: 0.066164
2026-08-23 10:26: Train Epoch 11: 1580/1641 Loss: 0.032587
2026-08-23 10:26: Train Epoch 11: 1600/1641 Loss: 0.090334
2026-08-23 10:26: Train Epoch 11: 1620/1641 Loss: 0.116475
2026-08-23 10:26: Train Epoch 11: 1640/1641 Loss: 0.067273
2026-08-23 10:26: **********Train Epoch 11: averaged Loss: 0.102089, tf_ratio: 1.000000
2026-08-23 10:26: **********Val Epoch 11: average Loss: 0.137661
2026-08-23 10:26: Train Epoch 12: 0/1641 Loss: 0.048480
2026-08-23 10:26: Train Epoch 12: 20/1641 Loss: 0.094356
2026-08-23 10:26: Train Epoch 12: 40/1641 Loss: 0.078793
2026-08-23 10:27: Train Epoch 12: 60/1641 Loss: 0.115394
2026-08-23 10:27: Train Epoch 12: 80/1641 Loss: 0.097786
2026-08-23 10:27: Train Epoch 12: 100/1641 Loss: 0.088821
2026-08-23 10:27: Train Epoch 12: 120/1641 Loss: 0.125625
2026-08-23 10:27: Train Epoch 12: 140/1641 Loss: 0.120029
2026-08-23 10:27: Train Epoch 12: 160/1641 Loss: 0.120768
2026-08-23 10:27: Train Epoch 12: 180/1641 Loss: 0.110069
2026-08-23 10:27: Train Epoch 12: 200/1641 Loss: 0.090889
2026-08-23 10:27: Train Epoch 12: 220/1641 Loss: 0.105389
2026-08-23 10:27: Train Epoch 12: 240/1641 Loss: 0.141441
2026-08-23 10:27: Train Epoch 12: 260/1641 Loss: 0.087631
2026-08-23 10:27: Train Epoch 12: 280/1641 Loss: 0.098656
2026-08-23 10:27: Train Epoch 12: 300/1641 Loss: 0.130838
2026-08-23 10:27: Train Epoch 12: 320/1641 Loss: 0.094451
2026-08-23 10:27: Train Epoch 12: 340/1641 Loss: 0.077877
2026-08-23 10:27: Train Epoch 12: 360/1641 Loss: 0.066628
2026-08-23 10:27: Train Epoch 12: 380/1641 Loss: 0.066129
2026-08-23 10:27: Train Epoch 12: 400/1641 Loss: 0.084071
2026-08-23 10:27: Train Epoch 12: 420/1641 Loss: 0.107753
2026-08-23 10:27: Train Epoch 12: 440/1641 Loss: 0.060777
2026-08-23 10:27: Train Epoch 12: 460/1641 Loss: 0.101895
2026-08-23 10:27: Train Epoch 12: 480/1641 Loss: 0.093923
2026-08-23 10:28: Train Epoch 12: 500/1641 Loss: 0.134280
2026-08-23 10:28: Train Epoch 12: 520/1641 Loss: 0.108771
2026-08-23 10:28: Train Epoch 12: 540/1641 Loss: 0.122128
2026-08-23 10:28: Train Epoch 12: 560/1641 Loss: 0.104537
2026-08-23 10:28: Train Epoch 12: 580/1641 Loss: 0.107390
2026-08-23 10:28: Train Epoch 12: 600/1641 Loss: 0.090930
2026-08-23 10:28: Train Epoch 12: 620/1641 Loss: 0.098865
2026-08-23 10:28: Train Epoch 12: 640/1641 Loss: 0.113014
2026-08-23 10:28: Train Epoch 12: 660/1641 Loss: 0.065688
2026-08-23 10:28: Train Epoch 12: 680/1641 Loss: 0.083623
2026-08-23 10:28: Train Epoch 12: 700/1641 Loss: 0.135935
2026-08-23 10:28: Train Epoch 12: 720/1641 Loss: 0.115038
2026-08-23 10:28: Train Epoch 12: 740/1641 Loss: 0.107436
2026-08-23 10:28: Train Epoch 12: 760/1641 Loss: 0.133045
2026-08-23 10:28: Train Epoch 12: 780/1641 Loss: 0.057593
2026-08-23 10:28: Train Epoch 12: 800/1641 Loss: 0.039698
2026-08-23 10:28: Train Epoch 12: 820/1641 Loss: 0.078788
2026-08-23 10:28: Train Epoch 12: 840/1641 Loss: 0.057086
2026-08-23 10:28: Train Epoch 12: 860/1641 Loss: 0.115614
2026-08-23 10:28: Train Epoch 12: 880/1641 Loss: 0.136353
2026-08-23 10:28: Train Epoch 12: 900/1641 Loss: 0.080651
2026-08-23 10:28: Train Epoch 12: 920/1641 Loss: 0.096773
2026-08-23 10:28: Train Epoch 12: 940/1641 Loss: 0.095764
2026-08-23 10:29: Train Epoch 12: 960/1641 Loss: 0.061721
2026-08-23 10:29: Train Epoch 12: 980/1641 Loss: 0.137630
2026-08-23 10:29: Train Epoch 12: 1000/1641 Loss: 0.145982
2026-08-23 10:29: Train Epoch 12: 1020/1641 Loss: 0.091474
2026-08-23 10:29: Train Epoch 12: 1040/1641 Loss: 0.095362
2026-08-23 10:29: Train Epoch 12: 1060/1641 Loss: 0.131669
2026-08-23 10:29: Train Epoch 12: 1080/1641 Loss: 0.065423
2026-08-23 10:29: Train Epoch 12: 1100/1641 Loss: 0.070345
2026-08-23 10:29: Train Epoch 12: 1120/1641 Loss: 0.092511
2026-08-23 10:29: Train Epoch 12: 1140/1641 Loss: 0.115135
2026-08-23 10:29: Train Epoch 12: 1160/1641 Loss: 0.092740
2026-08-23 10:29: Train Epoch 12: 1180/1641 Loss: 0.120156
2026-08-23 10:29: Train Epoch 12: 1200/1641 Loss: 0.075704
2026-08-23 10:29: Train Epoch 12: 1220/1641 Loss: 0.121857
2026-08-23 10:29: Train Epoch 12: 1240/1641 Loss: 0.098669
2026-08-23 10:29: Train Epoch 12: 1260/1641 Loss: 0.081598
2026-08-23 10:29: Train Epoch 12: 1280/1641 Loss: 0.134437
2026-08-23 10:29: Train Epoch 12: 1300/1641 Loss: 0.102562
2026-08-23 10:29: Train Epoch 12: 1320/1641 Loss: 0.095822
2026-08-23 10:29: Train Epoch 12: 1340/1641 Loss: 0.124305
2026-08-23 10:29: Train Epoch 12: 1360/1641 Loss: 0.088028
2026-08-23 10:30: Train Epoch 12: 1380/1641 Loss: 0.079930
2026-08-23 10:30: Train Epoch 12: 1400/1641 Loss: 0.073965
2026-08-23 10:30: Train Epoch 12: 1420/1641 Loss: 0.116668
2026-08-23 10:30: Train Epoch 12: 1440/1641 Loss: 0.138529
2026-08-23 10:30: Train Epoch 12: 1460/1641 Loss: 0.089963
2026-08-23 10:30: Train Epoch 12: 1480/1641 Loss: 0.041778
2026-08-23 10:30: Train Epoch 12: 1500/1641 Loss: 0.084813
2026-08-23 10:30: Train Epoch 12: 1520/1641 Loss: 0.094381
2026-08-23 10:30: Train Epoch 12: 1540/1641 Loss: 0.056298
2026-08-23 10:30: Train Epoch 12: 1560/1641 Loss: 0.148510
2026-08-23 10:30: Train Epoch 12: 1580/1641 Loss: 0.111965
2026-08-23 10:30: Train Epoch 12: 1600/1641 Loss: 0.111043
2026-08-23 10:30: Train Epoch 12: 1620/1641 Loss: 0.084599
2026-08-23 10:30: Train Epoch 12: 1640/1641 Loss: 0.100795
2026-08-23 10:30: **********Train Epoch 12: averaged Loss: 0.102097, tf_ratio: 1.000000
2026-08-23 10:30: **********Val Epoch 12: average Loss: 0.137630
2026-08-23 10:30: Train Epoch 13: 0/1641 Loss: 0.095821
2026-08-23 10:30: Train Epoch 13: 20/1641 Loss: 0.090527
2026-08-23 10:31: Train Epoch 13: 40/1641 Loss: 0.104110
2026-08-23 10:31: Train Epoch 13: 60/1641 Loss: 0.095381
2026-08-23 10:31: Train Epoch 13: 80/1641 Loss: 0.037612
2026-08-23 10:31: Train Epoch 13: 100/1641 Loss: 0.096125
2026-08-23 10:31: Train Epoch 13: 120/1641 Loss: 0.098561
2026-08-23 10:31: Train Epoch 13: 140/1641 Loss: 0.093246
2026-08-23 10:31: Train Epoch 13: 160/1641 Loss: 0.055272
2026-08-23 10:31: Train Epoch 13: 180/1641 Loss: 0.134316
2026-08-23 10:31: Train Epoch 13: 200/1641 Loss: 0.118444
2026-08-23 10:31: Train Epoch 13: 220/1641 Loss: 0.109911
2026-08-23 10:31: Train Epoch 13: 240/1641 Loss: 0.104308
2026-08-23 10:31: Train Epoch 13: 260/1641 Loss: 0.085360
2026-08-23 10:31: Train Epoch 13: 280/1641 Loss: 0.077306
2026-08-23 10:31: Train Epoch 13: 300/1641 Loss: 0.051491
2026-08-23 10:31: Train Epoch 13: 320/1641 Loss: 0.109016
2026-08-23 10:31: Train Epoch 13: 340/1641 Loss: 0.068400
2026-08-23 10:31: Train Epoch 13: 360/1641 Loss: 0.081554
2026-08-23 10:31: Train Epoch 13: 380/1641 Loss: 0.198163
2026-08-23 10:31: Train Epoch 13: 400/1641 Loss: 0.083623
2026-08-23 10:31: Train Epoch 13: 420/1641 Loss: 0.093950
2026-08-23 10:31: Train Epoch 13: 440/1641 Loss: 0.133605
2026-08-23 10:31: Train Epoch 13: 460/1641 Loss: 0.172754
2026-08-23 10:32: Train Epoch 13: 480/1641 Loss: 0.087129
2026-08-23 10:32: Train Epoch 13: 500/1641 Loss: 0.038080
2026-08-23 10:32: Train Epoch 13: 520/1641 Loss: 0.090621
2026-08-23 10:32: Train Epoch 13: 540/1641 Loss: 0.133762
2026-08-23 10:32: Train Epoch 13: 560/1641 Loss: 0.080606
2026-08-23 10:32: Train Epoch 13: 580/1641 Loss: 0.057294
2026-08-23 10:32: Train Epoch 13: 600/1641 Loss: 0.064371
2026-08-23 10:32: Train Epoch 13: 620/1641 Loss: 0.069578
2026-08-23 10:32: Train Epoch 13: 640/1641 Loss: 0.082159
2026-08-23 10:32: Train Epoch 13: 660/1641 Loss: 0.072040
2026-08-23 10:32: Train Epoch 13: 680/1641 Loss: 0.082523
2026-08-23 10:32: Train Epoch 13: 700/1641 Loss: 0.088706
2026-08-23 10:32: Train Epoch 13: 720/1641 Loss: 0.093161
2026-08-23 10:32: Train Epoch 13: 740/1641 Loss: 0.114413
2026-08-23 10:32: Train Epoch 13: 760/1641 Loss: 0.076376
2026-08-23 10:32: Train Epoch 13: 780/1641 Loss: 0.109645
2026-08-23 10:32: Train Epoch 13: 800/1641 Loss: 0.102377
2026-08-23 10:32: Train Epoch 13: 820/1641 Loss: 0.109496
2026-08-23 10:32: Train Epoch 13: 840/1641 Loss: 0.129558
2026-08-23 10:32: Train Epoch 13: 860/1641 Loss: 0.119085
2026-08-23 10:32: Train Epoch 13: 880/1641 Loss: 0.126432
2026-08-23 10:32: Train Epoch 13: 900/1641 Loss: 0.051610
2026-08-23 10:32: Train Epoch 13: 920/1641 Loss: 0.157649
2026-08-23 10:33: Train Epoch 13: 940/1641 Loss: 0.131837
2026-08-23 10:33: Train Epoch 13: 960/1641 Loss: 0.122795
2026-08-23 10:33: Train Epoch 13: 980/1641 Loss: 0.053101
2026-08-23 10:33: Train Epoch 13: 1000/1641 Loss: 0.083625
2026-08-23 10:33: Train Epoch 13: 1020/1641 Loss: 0.115014
2026-08-23 10:33: Train Epoch 13: 1040/1641 Loss: 0.179066
2026-08-23 10:33: Train Epoch 13: 1060/1641 Loss: 0.163231
2026-08-23 10:33: Train Epoch 13: 1080/1641 Loss: 0.107596
2026-08-23 10:33: Train Epoch 13: 1100/1641 Loss: 0.113456
2026-08-23 10:33: Train Epoch 13: 1120/1641 Loss: 0.071520
2026-08-23 10:33: Train Epoch 13: 1140/1641 Loss: 0.133140
2026-08-23 10:33: Train Epoch 13: 1160/1641 Loss: 0.119297
2026-08-23 10:33: Train Epoch 13: 1180/1641 Loss: 0.172866
2026-08-23 10:33: Train Epoch 13: 1200/1641 Loss: 0.073071
2026-08-23 10:33: Train Epoch 13: 1220/1641 Loss: 0.094456
2026-08-23 10:33: Train Epoch 13: 1240/1641 Loss: 0.118568
2026-08-23 10:33: Train Epoch 13: 1260/1641 Loss: 0.096897
2026-08-23 10:33: Train Epoch 13: 1280/1641 Loss: 0.090385
2026-08-23 10:33: Train Epoch 13: 1300/1641 Loss: 0.107262
2026-08-23 10:33: Train Epoch 13: 1320/1641 Loss: 0.102669
2026-08-23 10:33: Train Epoch 13: 1340/1641 Loss: 0.104663
2026-08-23 10:33: Train Epoch 13: 1360/1641 Loss: 0.080261
2026-08-23 10:33: Train Epoch 13: 1380/1641 Loss: 0.121133
2026-08-23 10:34: Train Epoch 13: 1400/1641 Loss: 0.070908
2026-08-23 10:34: Train Epoch 13: 1420/1641 Loss: 0.094702
2026-08-23 10:34: Train Epoch 13: 1440/1641 Loss: 0.112586
2026-08-23 10:34: Train Epoch 13: 1460/1641 Loss: 0.082782
2026-08-23 10:34: Train Epoch 13: 1480/1641 Loss: 0.114006
2026-08-23 10:34: Train Epoch 13: 1500/1641 Loss: 0.057727
2026-08-23 10:34: Train Epoch 13: 1520/1641 Loss: 0.098909
2026-08-23 10:34: Train Epoch 13: 1540/1641 Loss: 0.111807
2026-08-23 10:34: Train Epoch 13: 1560/1641 Loss: 0.107498
2026-08-23 10:34: Train Epoch 13: 1580/1641 Loss: 0.118592
2026-08-23 10:34: Train Epoch 13: 1600/1641 Loss: 0.088712
2026-08-23 10:34: Train Epoch 13: 1620/1641 Loss: 0.142379
2026-08-23 10:34: Train Epoch 13: 1640/1641 Loss: 0.117316
2026-08-23 10:34: **********Train Epoch 13: averaged Loss: 0.102091, tf_ratio: 1.000000
2026-08-23 10:34: **********Val Epoch 13: average Loss: 0.137820
2026-08-23 10:34: Train Epoch 14: 0/1641 Loss: 0.090887
2026-08-23 10:34: Train Epoch 14: 20/1641 Loss: 0.117046
2026-08-23 10:35: Train Epoch 14: 40/1641 Loss: 0.094862
2026-08-23 10:35: Train Epoch 14: 60/1641 Loss: 0.092784
2026-08-23 10:35: Train Epoch 14: 80/1641 Loss: 0.166805
2026-08-23 10:35: Train Epoch 14: 100/1641 Loss: 0.065878
2026-08-23 10:35: Train Epoch 14: 120/1641 Loss: 0.076542
2026-08-23 10:35: Train Epoch 14: 140/1641 Loss: 0.164708
2026-08-23 10:35: Train Epoch 14: 160/1641 Loss: 0.095686
2026-08-23 10:35: Train Epoch 14: 180/1641 Loss: 0.142458
2026-08-23 10:35: Train Epoch 14: 200/1641 Loss: 0.105470
2026-08-23 10:35: Train Epoch 14: 220/1641 Loss: 0.076709
2026-08-23 10:35: Train Epoch 14: 240/1641 Loss: 0.177147
2026-08-23 10:35: Train Epoch 14: 260/1641 Loss: 0.047966
2026-08-23 10:35: Train Epoch 14: 280/1641 Loss: 0.157619
2026-08-23 10:35: Train Epoch 14: 300/1641 Loss: 0.054809
2026-08-23 10:35: Train Epoch 14: 320/1641 Loss: 0.155016
2026-08-23 10:35: Train Epoch 14: 340/1641 Loss: 0.072363
2026-08-23 10:35: Train Epoch 14: 360/1641 Loss: 0.150229
2026-08-23 10:35: Train Epoch 14: 380/1641 Loss: 0.104077
2026-08-23 10:35: Train Epoch 14: 400/1641 Loss: 0.103009
2026-08-23 10:35: Train Epoch 14: 420/1641 Loss: 0.080342
2026-08-23 10:35: Train Epoch 14: 440/1641 Loss: 0.074566
2026-08-23 10:35: Train Epoch 14: 460/1641 Loss: 0.101449
2026-08-23 10:35: Train Epoch 14: 480/1641 Loss: 0.095988
2026-08-23 10:36: Train Epoch 14: 500/1641 Loss: 0.119228
2026-08-23 10:36: Train Epoch 14: 520/1641 Loss: 0.103151
2026-08-23 10:36: Train Epoch 14: 540/1641 Loss: 0.066489
2026-08-23 10:36: Train Epoch 14: 560/1641 Loss: 0.129901
2026-08-23 10:36: Train Epoch 14: 580/1641 Loss: 0.098043
2026-08-23 10:36: Train Epoch 14: 600/1641 Loss: 0.108296
2026-08-23 10:36: Train Epoch 14: 620/1641 Loss: 0.083867
2026-08-23 10:36: Train Epoch 14: 640/1641 Loss: 0.070803
2026-08-23 10:36: Train Epoch 14: 660/1641 Loss: 0.135810
2026-08-23 10:36: Train Epoch 14: 680/1641 Loss: 0.078917
2026-08-23 10:36: Train Epoch 14: 700/1641 Loss: 0.083481
2026-08-23 10:36: Train Epoch 14: 720/1641 Loss: 0.094723
2026-08-23 10:36: Train Epoch 14: 740/1641 Loss: 0.081885
2026-08-23 10:36: Train Epoch 14: 760/1641 Loss: 0.148154
2026-08-23 10:36: Train Epoch 14: 780/1641 Loss: 0.114358
2026-08-23 10:36: Train Epoch 14: 800/1641 Loss: 0.106632
2026-08-23 10:36: Train Epoch 14: 820/1641 Loss: 0.126963
2026-08-23 10:36: Train Epoch 14: 840/1641 Loss: 0.097578
2026-08-23 10:36: Train Epoch 14: 860/1641 Loss: 0.092864
2026-08-23 10:36: Train Epoch 14: 880/1641 Loss: 0.121387
2026-08-23 10:36: Train Epoch 14: 900/1641 Loss: 0.047804
2026-08-23 10:36: Train Epoch 14: 920/1641 Loss: 0.136334
2026-08-23 10:37: Train Epoch 14: 940/1641 Loss: 0.118098
2026-08-23 10:37: Train Epoch 14: 960/1641 Loss: 0.106764
2026-08-23 10:37: Train Epoch 14: 980/1641 Loss: 0.098011
2026-08-23 10:37: Train Epoch 14: 1000/1641 Loss: 0.090816
2026-08-23 10:37: Train Epoch 14: 1020/1641 Loss: 0.125168
2026-08-23 10:37: Train Epoch 14: 1040/1641 Loss: 0.107319
2026-08-23 10:37: Train Epoch 14: 1060/1641 Loss: 0.099383
2026-08-23 10:37: Train Epoch 14: 1080/1641 Loss: 0.107556
2026-08-23 10:37: Train Epoch 14: 1100/1641 Loss: 0.082751
2026-08-23 10:37: Train Epoch 14: 1120/1641 Loss: 0.078519
2026-08-23 10:37: Train Epoch 14: 1140/1641 Loss: 0.106100
2026-08-23 10:37: Train Epoch 14: 1160/1641 Loss: 0.083451
2026-08-23 10:37: Train Epoch 14: 1180/1641 Loss: 0.097734
2026-08-23 10:37: Train Epoch 14: 1200/1641 Loss: 0.091538
2026-08-23 10:37: Train Epoch 14: 1220/1641 Loss: 0.082365
2026-08-23 10:37: Train Epoch 14: 1240/1641 Loss: 0.128559
2026-08-23 10:37: Train Epoch 14: 1260/1641 Loss: 0.125658
2026-08-23 10:37: Train Epoch 14: 1280/1641 Loss: 0.104718
2026-08-23 10:37: Train Epoch 14: 1300/1641 Loss: 0.114396
2026-08-23 10:37: Train Epoch 14: 1320/1641 Loss: 0.098090
2026-08-23 10:37: Train Epoch 14: 1340/1641 Loss: 0.112790
2026-08-23 10:37: Train Epoch 14: 1360/1641 Loss: 0.120134
2026-08-23 10:37: Train Epoch 14: 1380/1641 Loss: 0.123693
2026-08-23 10:38: Train Epoch 14: 1400/1641 Loss: 0.098416
2026-08-23 10:38: Train Epoch 14: 1420/1641 Loss: 0.063727
2026-08-23 10:38: Train Epoch 14: 1440/1641 Loss: 0.124625
2026-08-23 10:38: Train Epoch 14: 1460/1641 Loss: 0.114514
2026-08-23 10:38: Train Epoch 14: 1480/1641 Loss: 0.083647
2026-08-23 10:38: Train Epoch 14: 1500/1641 Loss: 0.071352
2026-08-23 10:38: Train Epoch 14: 1520/1641 Loss: 0.130345
2026-08-23 10:38: Train Epoch 14: 1540/1641 Loss: 0.061693
2026-08-23 10:38: Train Epoch 14: 1560/1641 Loss: 0.083066
2026-08-23 10:38: Train Epoch 14: 1580/1641 Loss: 0.070794
2026-08-23 10:38: Train Epoch 14: 1600/1641 Loss: 0.087852
2026-08-23 10:38: Train Epoch 14: 1620/1641 Loss: 0.095523
2026-08-23 10:38: Train Epoch 14: 1640/1641 Loss: 0.141804
2026-08-23 10:38: **********Train Epoch 14: averaged Loss: 0.102080, tf_ratio: 1.000000
2026-08-23 10:38: **********Val Epoch 14: average Loss: 0.137938
2026-08-23 10:38: Train Epoch 15: 0/1641 Loss: 0.084029
2026-08-23 10:38: Train Epoch 15: 20/1641 Loss: 0.090330
2026-08-23 10:38: Train Epoch 15: 40/1641 Loss: 0.081719
2026-08-23 10:38: Train Epoch 15: 60/1641 Loss: 0.095509
2026-08-23 10:39: Train Epoch 15: 80/1641 Loss: 0.086845
2026-08-23 10:39: Train Epoch 15: 100/1641 Loss: 0.108033
2026-08-23 10:39: Train Epoch 15: 120/1641 Loss: 0.124405
2026-08-23 10:39: Train Epoch 15: 140/1641 Loss: 0.116003
2026-08-23 10:39: Train Epoch 15: 160/1641 Loss: 0.104962
2026-08-23 10:39: Train Epoch 15: 180/1641 Loss: 0.135496
2026-08-23 10:39: Train Epoch 15: 200/1641 Loss: 0.094464
2026-08-23 10:39: Train Epoch 15: 220/1641 Loss: 0.126696
2026-08-23 10:39: Train Epoch 15: 240/1641 Loss: 0.118016
2026-08-23 10:39: Train Epoch 15: 260/1641 Loss: 0.147395
2026-08-23 10:39: Train Epoch 15: 280/1641 Loss: 0.085379
2026-08-23 10:39: Train Epoch 15: 300/1641 Loss: 0.101015
2026-08-23 10:39: Train Epoch 15: 320/1641 Loss: 0.078605
2026-08-23 10:39: Train Epoch 15: 340/1641 Loss: 0.101571
2026-08-23 10:39: Train Epoch 15: 360/1641 Loss: 0.098919
2026-08-23 10:39: Train Epoch 15: 380/1641 Loss: 0.091383
2026-08-23 10:39: Train Epoch 15: 400/1641 Loss: 0.078137
2026-08-23 10:39: Train Epoch 15: 420/1641 Loss: 0.120330
2026-08-23 10:39: Train Epoch 15: 440/1641 Loss: 0.083786
2026-08-23 10:39: Train Epoch 15: 460/1641 Loss: 0.159923
2026-08-23 10:39: Train Epoch 15: 480/1641 Loss: 0.093758
2026-08-23 10:39: Train Epoch 15: 500/1641 Loss: 0.072610
2026-08-23 10:39: Train Epoch 15: 520/1641 Loss: 0.102630
2026-08-23 10:40: Train Epoch 15: 540/1641 Loss: 0.086084
2026-08-23 10:40: Train Epoch 15: 560/1641 Loss: 0.082577
2026-08-23 10:40: Train Epoch 15: 580/1641 Loss: 0.115149
2026-08-23 10:40: Train Epoch 15: 600/1641 Loss: 0.076758
2026-08-23 10:40: Train Epoch 15: 620/1641 Loss: 0.119455
2026-08-23 10:40: Train Epoch 15: 640/1641 Loss: 0.140584
2026-08-23 10:40: Train Epoch 15: 660/1641 Loss: 0.109318
2026-08-23 10:40: Train Epoch 15: 680/1641 Loss: 0.105648
2026-08-23 10:40: Train Epoch 15: 700/1641 Loss: 0.112679
2026-08-23 10:40: Train Epoch 15: 720/1641 Loss: 0.116541
2026-08-23 10:40: Train Epoch 15: 740/1641 Loss: 0.088320
2026-08-23 10:40: Train Epoch 15: 760/1641 Loss: 0.069959
2026-08-23 10:40: Train Epoch 15: 780/1641 Loss: 0.106924
2026-08-23 10:40: Train Epoch 15: 800/1641 Loss: 0.072096
2026-08-23 10:40: Train Epoch 15: 820/1641 Loss: 0.113022
2026-08-23 10:40: Train Epoch 15: 840/1641 Loss: 0.124868
2026-08-23 10:40: Train Epoch 15: 860/1641 Loss: 0.091691
2026-08-23 10:40: Train Epoch 15: 880/1641 Loss: 0.167785
2026-08-23 10:40: Train Epoch 15: 900/1641 Loss: 0.111907
2026-08-23 10:40: Train Epoch 15: 920/1641 Loss: 0.070846
2026-08-23 10:40: Train Epoch 15: 940/1641 Loss: 0.085813
2026-08-23 10:40: Train Epoch 15: 960/1641 Loss: 0.100456
2026-08-23 10:40: Train Epoch 15: 980/1641 Loss: 0.098419
2026-08-23 10:41: Train Epoch 15: 1000/1641 Loss: 0.069196
2026-08-23 10:41: Train Epoch 15: 1020/1641 Loss: 0.071980
2026-08-23 10:41: Train Epoch 15: 1040/1641 Loss: 0.114736
2026-08-23 10:41: Train Epoch 15: 1060/1641 Loss: 0.073807
2026-08-23 10:41: Train Epoch 15: 1080/1641 Loss: 0.113557
2026-08-23 10:41: Train Epoch 15: 1100/1641 Loss: 0.160679
2026-08-23 10:41: Train Epoch 15: 1120/1641 Loss: 0.052090
2026-08-23 10:41: Train Epoch 15: 1140/1641 Loss: 0.101048
2026-08-23 10:41: Train Epoch 15: 1160/1641 Loss: 0.075054
2026-08-23 10:41: Train Epoch 15: 1180/1641 Loss: 0.086805
2026-08-23 10:41: Train Epoch 15: 1200/1641 Loss: 0.140669
2026-08-23 10:41: Train Epoch 15: 1220/1641 Loss: 0.164562
2026-08-23 10:41: Train Epoch 15: 1240/1641 Loss: 0.105421
2026-08-23 10:41: Train Epoch 15: 1260/1641 Loss: 0.066338
2026-08-23 10:41: Train Epoch 15: 1280/1641 Loss: 0.094042
2026-08-23 10:41: Train Epoch 15: 1300/1641 Loss: 0.076302
2026-08-23 10:41: Train Epoch 15: 1320/1641 Loss: 0.145261
2026-08-23 10:41: Train Epoch 15: 1340/1641 Loss: 0.065206
2026-08-23 10:41: Train Epoch 15: 1360/1641 Loss: 0.064146
2026-08-23 10:41: Train Epoch 15: 1380/1641 Loss: 0.150527
2026-08-23 10:41: Train Epoch 15: 1400/1641 Loss: 0.156582
2026-08-23 10:41: Train Epoch 15: 1420/1641 Loss: 0.101152
2026-08-23 10:42: Train Epoch 15: 1440/1641 Loss: 0.093252
2026-08-23 10:42: Train Epoch 15: 1460/1641 Loss: 0.074583
2026-08-23 10:42: Train Epoch 15: 1480/1641 Loss: 0.125539
2026-08-23 10:42: Train Epoch 15: 1500/1641 Loss: 0.069174
2026-08-23 10:42: Train Epoch 15: 1520/1641 Loss: 0.076912
2026-08-23 10:42: Train Epoch 15: 1540/1641 Loss: 0.082871
2026-08-23 10:42: Train Epoch 15: 1560/1641 Loss: 0.158370
2026-08-23 10:42: Train Epoch 15: 1580/1641 Loss: 0.094113
2026-08-23 10:42: Train Epoch 15: 1600/1641 Loss: 0.114023
2026-08-23 10:42: Train Epoch 15: 1620/1641 Loss: 0.075389
2026-08-23 10:42: Train Epoch 15: 1640/1641 Loss: 0.068280
2026-08-23 10:42: **********Train Epoch 15: averaged Loss: 0.102091, tf_ratio: 1.000000
2026-08-23 10:42: **********Val Epoch 15: average Loss: 0.137934
2026-08-23 10:42: Train Epoch 16: 0/1641 Loss: 0.127326
2026-08-23 10:42: Train Epoch 16: 20/1641 Loss: 0.097333
2026-08-23 10:42: Train Epoch 16: 40/1641 Loss: 0.085429
2026-08-23 10:42: Train Epoch 16: 60/1641 Loss: 0.103659
2026-08-23 10:43: Train Epoch 16: 80/1641 Loss: 0.081366
2026-08-23 10:43: Train Epoch 16: 100/1641 Loss: 0.083897
2026-08-23 10:43: Train Epoch 16: 120/1641 Loss: 0.111917
2026-08-23 10:43: Train Epoch 16: 140/1641 Loss: 0.066244
2026-08-23 10:43: Train Epoch 16: 160/1641 Loss: 0.086678
2026-08-23 10:43: Train Epoch 16: 180/1641 Loss: 0.095718
2026-08-23 10:43: Train Epoch 16: 200/1641 Loss: 0.127537
2026-08-23 10:43: Train Epoch 16: 220/1641 Loss: 0.121190
2026-08-23 10:43: Train Epoch 16: 240/1641 Loss: 0.077452
2026-08-23 10:43: Train Epoch 16: 260/1641 Loss: 0.151279
2026-08-23 10:43: Train Epoch 16: 280/1641 Loss: 0.089916
2026-08-23 10:43: Train Epoch 16: 300/1641 Loss: 0.112001
2026-08-23 10:43: Train Epoch 16: 320/1641 Loss: 0.112904
2026-08-23 10:43: Train Epoch 16: 340/1641 Loss: 0.104775
2026-08-23 10:43: Train Epoch 16: 360/1641 Loss: 0.070578
2026-08-23 10:43: Train Epoch 16: 380/1641 Loss: 0.147878
2026-08-23 10:43: Train Epoch 16: 400/1641 Loss: 0.095142
2026-08-23 10:43: Train Epoch 16: 420/1641 Loss: 0.085092
2026-08-23 10:43: Train Epoch 16: 440/1641 Loss: 0.086282
2026-08-23 10:43: Train Epoch 16: 460/1641 Loss: 0.078219
2026-08-23 10:43: Train Epoch 16: 480/1641 Loss: 0.089761
2026-08-23 10:43: Train Epoch 16: 500/1641 Loss: 0.119870
2026-08-23 10:43: Train Epoch 16: 520/1641 Loss: 0.068693
2026-08-23 10:44: Train Epoch 16: 540/1641 Loss: 0.067081
2026-08-23 10:44: Train Epoch 16: 560/1641 Loss: 0.098660
2026-08-23 10:44: Train Epoch 16: 580/1641 Loss: 0.106090
2026-08-23 10:44: Train Epoch 16: 600/1641 Loss: 0.129747
2026-08-23 10:44: Train Epoch 16: 620/1641 Loss: 0.147650
2026-08-23 10:44: Train Epoch 16: 640/1641 Loss: 0.155932
2026-08-23 10:44: Train Epoch 16: 660/1641 Loss: 0.116784
2026-08-23 10:44: Train Epoch 16: 680/1641 Loss: 0.076582
2026-08-23 10:44: Train Epoch 16: 700/1641 Loss: 0.100844
2026-08-23 10:44: Train Epoch 16: 720/1641 Loss: 0.109899
2026-08-23 10:44: Train Epoch 16: 740/1641 Loss: 0.124660
2026-08-23 10:44: Train Epoch 16: 760/1641 Loss: 0.095180
2026-08-23 10:44: Train Epoch 16: 780/1641 Loss: 0.065452
2026-08-23 10:44: Train Epoch 16: 800/1641 Loss: 0.102441
2026-08-23 10:44: Train Epoch 16: 820/1641 Loss: 0.071495
2026-08-23 10:44: Train Epoch 16: 840/1641 Loss: 0.078645
2026-08-23 10:44: Train Epoch 16: 860/1641 Loss: 0.107154
2026-08-23 10:44: Train Epoch 16: 880/1641 Loss: 0.106131
2026-08-23 10:44: Train Epoch 16: 900/1641 Loss: 0.048019
2026-08-23 10:44: Train Epoch 16: 920/1641 Loss: 0.058909
2026-08-23 10:44: Train Epoch 16: 940/1641 Loss: 0.120338
2026-08-23 10:44: Train Epoch 16: 960/1641 Loss: 0.083420
2026-08-23 10:45: Train Epoch 16: 980/1641 Loss: 0.058399
2026-08-23 10:45: Train Epoch 16: 1000/1641 Loss: 0.139688
2026-08-23 10:45: Train Epoch 16: 1020/1641 Loss: 0.086711
2026-08-23 10:45: Train Epoch 16: 1040/1641 Loss: 0.134720
2026-08-23 10:45: Train Epoch 16: 1060/1641 Loss: 0.109049
2026-08-23 10:45: Train Epoch 16: 1080/1641 Loss: 0.080029
2026-08-23 10:45: Train Epoch 16: 1100/1641 Loss: 0.060934
2026-08-23 10:45: Train Epoch 16: 1120/1641 Loss: 0.130713
2026-08-23 10:45: Train Epoch 16: 1140/1641 Loss: 0.074570
2026-08-23 10:45: Train Epoch 16: 1160/1641 Loss: 0.079916
2026-08-23 10:45: Train Epoch 16: 1180/1641 Loss: 0.077172
2026-08-23 10:45: Train Epoch 16: 1200/1641 Loss: 0.064179
2026-08-23 10:45: Train Epoch 16: 1220/1641 Loss: 0.082587
2026-08-23 10:45: Train Epoch 16: 1240/1641 Loss: 0.100007
2026-08-23 10:45: Train Epoch 16: 1260/1641 Loss: 0.140739
2026-08-23 10:45: Train Epoch 16: 1280/1641 Loss: 0.112075
2026-08-23 10:45: Train Epoch 16: 1300/1641 Loss: 0.087528
2026-08-23 10:45: Train Epoch 16: 1320/1641 Loss: 0.086120
2026-08-23 10:45: Train Epoch 16: 1340/1641 Loss: 0.092802
2026-08-23 10:45: Train Epoch 16: 1360/1641 Loss: 0.127130
2026-08-23 10:45: Train Epoch 16: 1380/1641 Loss: 0.072045
2026-08-23 10:45: Train Epoch 16: 1400/1641 Loss: 0.150627
2026-08-23 10:46: Train Epoch 16: 1420/1641 Loss: 0.099421
2026-08-23 10:46: Train Epoch 16: 1440/1641 Loss: 0.112990
2026-08-23 10:46: Train Epoch 16: 1460/1641 Loss: 0.084982
2026-08-23 10:46: Train Epoch 16: 1480/1641 Loss: 0.139370
2026-08-23 10:46: Train Epoch 16: 1500/1641 Loss: 0.107548
2026-08-23 10:46: Train Epoch 16: 1520/1641 Loss: 0.116936
2026-08-23 10:46: Train Epoch 16: 1540/1641 Loss: 0.085115
2026-08-23 10:46: Train Epoch 16: 1560/1641 Loss: 0.109127
2026-08-23 10:46: Train Epoch 16: 1580/1641 Loss: 0.119411
2026-08-23 10:46: Train Epoch 16: 1600/1641 Loss: 0.104304
2026-08-23 10:46: Train Epoch 16: 1620/1641 Loss: 0.057219
2026-08-23 10:46: Train Epoch 16: 1640/1641 Loss: 0.056872
2026-08-23 10:46: **********Train Epoch 16: averaged Loss: 0.102056, tf_ratio: 1.000000
2026-08-23 10:46: **********Val Epoch 16: average Loss: 0.137834
2026-08-23 10:46: Validation performance didn't improve for 15 epochs. Training stops.
2026-08-23 10:46: Total training time: 65.1956min, best loss: 0.137357
2026-08-23 10:46: Saving current best model to /scratch/chkkar002/Diffusion_Based_STGNNs/RealValue/AGCRN/model/experiments/SAWS/20260823094137/best_model.pth
2026-08-23 10:47: Horizon 01, MAE: 0.12, RMSE: 1.03, MAPE: 193.1357%
2026-08-23 10:47: Horizon 02, MAE: 0.12, RMSE: 1.03, MAPE: 193.3795%
2026-08-23 10:47: Horizon 03, MAE: 0.12, RMSE: 1.03, MAPE: 194.7012%
2026-08-23 10:47: Horizon 04, MAE: 0.12, RMSE: 1.03, MAPE: 194.7440%
2026-08-23 10:47: Horizon 05, MAE: 0.12, RMSE: 1.03, MAPE: 193.4641%
2026-08-23 10:47: Horizon 06, MAE: 0.12, RMSE: 1.03, MAPE: 195.7207%
2026-08-23 10:47: Horizon 07, MAE: 0.12, RMSE: 1.03, MAPE: 193.5033%
2026-08-23 10:47: Horizon 08, MAE: 0.12, RMSE: 1.03, MAPE: 194.0650%
2026-08-23 10:47: Horizon 09, MAE: 0.12, RMSE: 1.03, MAPE: 192.9245%
2026-08-23 10:47: Horizon 10, MAE: 0.12, RMSE: 1.03, MAPE: 193.5166%
2026-08-23 10:47: Horizon 11, MAE: 0.12, RMSE: 1.03, MAPE: 193.7228%
2026-08-23 10:47: Horizon 12, MAE: 0.12, RMSE: 1.03, MAPE: 193.6716%
2026-08-23 10:47: Horizon 13, MAE: 0.12, RMSE: 1.03, MAPE: 193.0323%
2026-08-23 10:47: Horizon 14, MAE: 0.12, RMSE: 1.03, MAPE: 192.4538%
2026-08-23 10:47: Horizon 15, MAE: 0.12, RMSE: 1.03, MAPE: 194.0963%
2026-08-23 10:47: Horizon 16, MAE: 0.12, RMSE: 1.03, MAPE: 197.4109%
2026-08-23 10:47: Horizon 17, MAE: 0.12, RMSE: 1.03, MAPE: 194.8459%
2026-08-23 10:47: Horizon 18, MAE: 0.12, RMSE: 1.03, MAPE: 193.2461%
2026-08-23 10:47: Horizon 19, MAE: 0.12, RMSE: 1.03, MAPE: 194.0939%
2026-08-23 10:47: Horizon 20, MAE: 0.12, RMSE: 1.03, MAPE: 196.0656%
2026-08-23 10:47: Horizon 21, MAE: 0.12, RMSE: 1.03, MAPE: 193.2231%
2026-08-23 10:47: Horizon 22, MAE: 0.12, RMSE: 1.03, MAPE: 193.7201%
2026-08-23 10:47: Horizon 23, MAE: 0.12, RMSE: 1.03, MAPE: 190.0993%
2026-08-23 10:47: Horizon 24, MAE: 0.12, RMSE: 1.03, MAPE: 193.6987%
2026-08-23 10:47: Horizon 25, MAE: 0.12, RMSE: 1.03, MAPE: 192.2824%
2026-08-23 10:47: Horizon 26, MAE: 0.12, RMSE: 1.03, MAPE: 193.6484%
2026-08-23 10:47: Horizon 27, MAE: 0.12, RMSE: 1.03, MAPE: 195.2890%
2026-08-23 10:47: Horizon 28, MAE: 0.12, RMSE: 1.03, MAPE: 191.4368%
2026-08-23 10:47: Horizon 29, MAE: 0.12, RMSE: 1.03, MAPE: 192.1330%
2026-08-23 10:47: Horizon 30, MAE: 0.12, RMSE: 1.03, MAPE: 195.0878%
2026-08-23 10:47: Horizon 31, MAE: 0.12, RMSE: 1.03, MAPE: 193.5611%
2026-08-23 10:47: Horizon 32, MAE: 0.12, RMSE: 1.03, MAPE: 194.6982%
2026-08-23 10:47: Horizon 33, MAE: 0.12, RMSE: 1.03, MAPE: 192.2961%
2026-08-23 10:47: Horizon 34, MAE: 0.12, RMSE: 1.03, MAPE: 194.7977%
2026-08-23 10:47: Horizon 35, MAE: 0.12, RMSE: 1.03, MAPE: 194.5854%
2026-08-23 10:47: Horizon 36, MAE: 0.12, RMSE: 1.03, MAPE: 194.3551%
2026-08-23 10:47: Horizon 37, MAE: 0.12, RMSE: 1.03, MAPE: 193.3623%
2026-08-23 10:47: Horizon 38, MAE: 0.12, RMSE: 1.03, MAPE: 193.1478%
2026-08-23 10:47: Horizon 39, MAE: 0.12, RMSE: 1.03, MAPE: 192.6556%
2026-08-23 10:47: Horizon 40, MAE: 0.12, RMSE: 1.03, MAPE: 194.4207%
2026-08-23 10:47: Horizon 41, MAE: 0.12, RMSE: 1.03, MAPE: 194.6712%
2026-08-23 10:47: Horizon 42, MAE: 0.12, RMSE: 1.03, MAPE: 193.8009%
2026-08-23 10:47: Horizon 43, MAE: 0.12, RMSE: 1.03, MAPE: 193.4091%
2026-08-23 10:47: Horizon 44, MAE: 0.12, RMSE: 1.03, MAPE: 194.6247%
2026-08-23 10:47: Horizon 45, MAE: 0.12, RMSE: 1.03, MAPE: 191.7223%
2026-08-23 10:47: Horizon 46, MAE: 0.12, RMSE: 1.03, MAPE: 192.5721%
2026-08-23 10:47: Horizon 47, MAE: 0.12, RMSE: 1.03, MAPE: 194.8206%
2026-08-23 10:47: Horizon 48, MAE: 0.12, RMSE: 1.03, MAPE: 195.0974%
2026-08-23 10:47: Average Horizon, MAE: 0.12, RMSE: 1.03, MAPE: 193.7710%
2026-08-23 10:47: Horizon 01, MAE: 0.09, RMSE: 0.74, MAPE: 102.8949%
2026-08-23 10:47: Horizon 02, MAE: 0.09, RMSE: 0.74, MAPE: 101.2767%
2026-08-23 10:47: Horizon 03, MAE: 0.09, RMSE: 0.74, MAPE: 107.8767%
2026-08-23 10:47: Horizon 04, MAE: 0.09, RMSE: 0.74, MAPE: 107.7842%
2026-08-23 10:47: Horizon 05, MAE: 0.09, RMSE: 0.74, MAPE: 100.4101%
2026-08-23 10:47: Horizon 06, MAE: 0.09, RMSE: 0.74, MAPE: 117.1329%
2026-08-23 10:47: Horizon 07, MAE: 0.09, RMSE: 0.74, MAPE: 100.8289%
2026-08-23 10:47: Horizon 08, MAE: 0.09, RMSE: 0.74, MAPE: 100.3583%
2026-08-23 10:47: Horizon 09, MAE: 0.09, RMSE: 0.74, MAPE: 104.5434%
2026-08-23 10:47: Horizon 10, MAE: 0.09, RMSE: 0.74, MAPE: 101.3167%
2026-08-23 10:47: Horizon 11, MAE: 0.09, RMSE: 0.74, MAPE: 100.8713%
2026-08-23 10:47: Horizon 12, MAE: 0.09, RMSE: 0.74, MAPE: 101.3776%
2026-08-23 10:47: Horizon 13, MAE: 0.09, RMSE: 0.74, MAPE: 102.7549%
2026-08-23 10:47: Horizon 14, MAE: 0.09, RMSE: 0.74, MAPE: 106.3652%
2026-08-23 10:47: Horizon 15, MAE: 0.09, RMSE: 0.74, MAPE: 100.5943%
2026-08-23 10:47: Horizon 16, MAE: 0.09, RMSE: 0.74, MAPE: 135.2077%
2026-08-23 10:47: Horizon 17, MAE: 0.09, RMSE: 0.74, MAPE: 107.2146%
2026-08-23 10:47: Horizon 18, MAE: 0.09, RMSE: 0.74, MAPE: 102.7932%
2026-08-23 10:47: Horizon 19, MAE: 0.09, RMSE: 0.74, MAPE: 100.4135%
2026-08-23 10:47: Horizon 20, MAE: 0.09, RMSE: 0.74, MAPE: 121.7009%
2026-08-23 10:47: Horizon 21, MAE: 0.09, RMSE: 0.74, MAPE: 102.5220%
2026-08-23 10:47: Horizon 22, MAE: 0.09, RMSE: 0.74, MAPE: 100.7194%
2026-08-23 10:47: Horizon 23, MAE: 0.09, RMSE: 0.74, MAPE: 123.7588%
2026-08-23 10:47: Horizon 24, MAE: 0.09, RMSE: 0.74, MAPE: 100.2378%
2026-08-23 10:47: Horizon 25, MAE: 0.09, RMSE: 0.74, MAPE: 107.6394%
2026-08-23 10:47: Horizon 26, MAE: 0.09, RMSE: 0.74, MAPE: 100.2200%
2026-08-23 10:47: Horizon 27, MAE: 0.09, RMSE: 0.74, MAPE: 111.9074%
2026-08-23 10:47: Horizon 28, MAE: 0.09, RMSE: 0.74, MAPE: 113.2039%
2026-08-23 10:47: Horizon 29, MAE: 0.09, RMSE: 0.74, MAPE: 108.7058%
2026-08-23 10:47: Horizon 30, MAE: 0.09, RMSE: 0.74, MAPE: 109.3099%
2026-08-23 10:47: Horizon 31, MAE: 0.09, RMSE: 0.74, MAPE: 100.7117%
2026-08-23 10:47: Horizon 32, MAE: 0.09, RMSE: 0.74, MAPE: 104.1180%
2026-08-23 10:47: Horizon 33, MAE: 0.09, RMSE: 0.74, MAPE: 107.6554%
2026-08-23 10:47: Horizon 34, MAE: 0.09, RMSE: 0.74, MAPE: 105.2295%
2026-08-23 10:47: Horizon 35, MAE: 0.09, RMSE: 0.74, MAPE: 102.8773%
2026-08-23 10:47: Horizon 36, MAE: 0.09, RMSE: 0.74, MAPE: 100.8177%
2026-08-23 10:47: Horizon 37, MAE: 0.09, RMSE: 0.74, MAPE: 101.8505%
2026-08-23 10:47: Horizon 38, MAE: 0.09, RMSE: 0.74, MAPE: 103.7889%
2026-08-23 10:47: Horizon 39, MAE: 0.09, RMSE: 0.74, MAPE: 107.0281%
2026-08-23 10:47: Horizon 40, MAE: 0.09, RMSE: 0.74, MAPE: 100.9717%
2026-08-23 10:47: Horizon 41, MAE: 0.09, RMSE: 0.74, MAPE: 104.0011%
2026-08-23 10:47: Horizon 42, MAE: 0.09, RMSE: 0.74, MAPE: 101.1893%
2026-08-23 10:47: Horizon 43, MAE: 0.09, RMSE: 0.74, MAPE: 102.5027%
2026-08-23 10:47: Horizon 44, MAE: 0.09, RMSE: 0.74, MAPE: 105.4027%
2026-08-23 10:47: Horizon 45, MAE: 0.09, RMSE: 0.74, MAPE: 112.6893%
2026-08-23 10:47: Horizon 46, MAE: 0.09, RMSE: 0.74, MAPE: 105.7655%
2026-08-23 10:47: Horizon 47, MAE: 0.09, RMSE: 0.74, MAPE: 105.6882%
2026-08-23 10:47: Horizon 48, MAE: 0.09, RMSE: 0.74, MAPE: 107.9724%
2026-08-23 10:47: Average Horizon, MAE: 0.09, RMSE: 0.74, MAPE: 105.8796%
2026-08-23 10:47: VPT (threshold=0.50): mean=0.99 steps, median=1.00, std=1.75, range=[0, 39]
wandb: updating run metadata
wandb: uploading output.log; uploading wandb-summary.json; uploading config.yaml
wandb: uploading output.log
wandb: uploading summary, console lines 1366-1464
wandb: 
wandb: Run history:
wandb:          epoch ▁▁▁▁▂▂▂▂▃▃▃▃▄▄▄▄▅▅▅▅▆▆▆▆▇▇▇▇████
wandb:     train/loss █▁▁▁▁▁▁▁▁▁▁▁▁▁▁▁
wandb: train/tf_ratio ▁▁▁▁▁▁▁▁▁▁▁▁▁▁▁▁
wandb:       val/loss ▁▂▅▃▆▃▃█▄█▄▄▆▇▇▆
wandb: 
wandb: Run summary:
wandb:     best_val_loss 0.13736
wandb:             epoch 16
wandb:      test_vpt_max 39
wandb:     test_vpt_mean 0.98986
wandb:   test_vpt_median 1
wandb:      test_vpt_min 0
wandb:      test_vpt_std 1.75197
wandb:        train/loss 0.10206
wandb:    train/tf_ratio 1
wandb: training_time_min 65.19555
wandb:                +1 ...
wandb: 
wandb: 🚀 View run AGCRN_Rain at: https://wandb.ai/chkkar002-university-of-cape-town/stgnn-weather/runs/7ri9xd52
wandb: ⭐️ View project at: https://wandb.ai/chkkar002-university-of-cape-town/stgnn-weather
wandb: Synced 5 W&B file(s), 0 media file(s), 0 artifact file(s) and 0 other file(s)
wandb: Find logs at: ./wandb/run-20260823_094138-7ri9xd52/logs
/scratch/chkkar002/Diffusion_Based_STGNNs/RealValue/AGCRN
Read configuration file: ./SAWS_AGCRN.conf
*****************Model Parameter*****************
node_embeddings torch.Size([32, 30]) True
encoder.dcrnn_cells.0.gate.weights_pool torch.Size([30, 2, 65, 128]) True
encoder.dcrnn_cells.0.gate.bias_pool torch.Size([30, 128]) True
encoder.dcrnn_cells.0.update.weights_pool torch.Size([30, 2, 65, 64]) True
encoder.dcrnn_cells.0.update.bias_pool torch.Size([30, 64]) True
encoder.dcrnn_cells.1.gate.weights_pool torch.Size([30, 2, 128, 128]) True
encoder.dcrnn_cells.1.gate.bias_pool torch.Size([30, 128]) True
encoder.dcrnn_cells.1.update.weights_pool torch.Size([30, 2, 128, 64]) True
encoder.dcrnn_cells.1.update.bias_pool torch.Size([30, 64]) True
end_conv.weight torch.Size([48, 1, 1, 64]) True
end_conv.bias torch.Size([48]) True
Total params num: 2238960
*****************Finish Parameter****************
Load SAWS Dataset shaped:  (87672, 32, 1) 96.6 0.0 0.08061903 0.0
Normalize the dataset by Standard Normalization
[[[-0.11162908]
  [-0.11162908]
  [-0.11162908]
  ...
  [-0.11162908]
  [-0.11162908]
  [-0.11162908]]

 [[-0.11162908]
  [-0.11162908]
  [-0.11162908]
  ...
  [-0.11162908]
  [-0.11162908]
  [-0.11162908]]

 [[-0.11162908]
  [-0.11162908]
  [-0.11162908]
  ...
  [-0.11162908]
  [-0.11162908]
  [-0.11162908]]

 ...

 [[-0.11162908]
  [-0.11162908]
  [-0.11162908]
  ...
  [-0.11162908]
  [ 1.8268801 ]
  [-0.11162908]]

 [[-0.11162908]
  [-0.11162908]
  [-0.11162908]
  ...
  [-0.11162908]
  [ 0.16530079]
  [-0.11162908]]

 [[-0.11162908]
  [-0.11162908]
  [-0.11162908]
  ...
  [-0.11162908]
  [ 0.71916056]
  [-0.11162908]]]
[[[-0.11162908]
  [-0.11162908]
  [-0.11162908]
  ...
  [-0.11162908]
  [ 0.71916056]
  [-0.11162908]]

 [[-0.11162908]
  [-0.11162908]
  [-0.11162908]
  ...
  [-0.11162908]
  [-0.11162908]
  [-0.11162908]]

 [[-0.11162908]
  [-0.11162908]
  [-0.11162908]
  ...
  [-0.11162908]
  [-0.11162908]
  [-0.11162908]]

 ...

 [[ 5.426968  ]
  [-0.11162908]
  [-0.11162908]
  ...
  [-0.11162908]
  [-0.11162908]
  [-0.11162908]]

 [[ 5.9808283 ]
  [-0.11162908]
  [-0.11162908]
  ...
  [ 0.16530079]
  [-0.11162908]
  [-0.11162908]]

 [[ 0.9960904 ]
  [-0.11162908]
  [-0.11162908]
  ...
  [ 0.71916056]
  [-0.11162908]
  [-0.11162908]]]
[[[ 0.44223064]
  [-0.11162908]
  [-0.11162908]
  ...
  [ 2.10381   ]
  [-0.11162908]
  [-0.11162908]]

 [[ 0.16530079]
  [-0.11162908]
  [-0.11162908]
  ...
  [ 3.2115295 ]
  [-0.11162908]
  [-0.11162908]]

 [[-0.11162908]
  [-0.11162908]
  [-0.11162908]
  ...
  [ 0.71916056]
  [-0.11162908]
  [-0.11162908]]

 ...

 [[-0.11162908]
  [-0.11162908]
  [-0.11162908]
  ...
  [ 0.09652926]
  [ 4.8731084 ]
  [-0.11162908]]

 [[-0.11162908]
  [-0.11162908]
  [-0.11162908]
  ...
  [-0.06415164]
  [ 0.16530079]
  [-0.11162908]]

 [[-0.11162908]
  [-0.11162908]
  [-0.11162908]
  ...
  [-0.09797756]
  [-0.11162908]
  [-0.11162908]]]
Train:  (52533, 24, 32, 1) (52533, 48, 32, 1)
Val:  (17463, 24, 32, 1) (17463, 48, 32, 1)
Test:  (17463, 24, 32, 1) (17463, 48, 32, 1)
mae
Creat Log File in:  /scratch/chkkar002/Diffusion_Based_STGNNs/RealValue/AGCRN/model/experiments/SAWS/20260823094137/run.log
=================================================================
Running Run.py | Seed: 3
=================================================================
/scratch/chkkar002/Diffusion_Based_STGNNs/RealValue/AGCRN/lib/dataloader.py:80: UserWarning: The torch.cuda.*DtypeTensor constructors are no longer recommended. It's best to use methods such as torch.tensor(data, dtype=*, device='cuda') to create tensors. (Triggered internally at /pytorch/torch/csrc/tensor/python_tensor.cpp:78.)
  X, Y = TensorFloat(X), TensorFloat(Y)
wandb: [wandb.login()] Loaded credentials for https://api.wandb.ai from /home/chkkar002/.netrc.
wandb: Currently logged in as: chkkar002 (chkkar002-university-of-cape-town) to https://api.wandb.ai. Use `wandb login --relogin` to force relogin
wandb: WARNING Using a boolean value for 'reinit' is deprecated. Use 'return_previous' or 'finish_previous' instead.
wandb: setting up run xq75x8cq
wandb: Tracking run with wandb version 0.26.1
wandb: Run data is saved locally in /scratch/chkkar002/Diffusion_Based_STGNNs/RealValue/AGCRN/model/wandb/run-20260823_104723-xq75x8cq
wandb: Run `wandb offline` to turn off syncing.
wandb: Syncing run AGCRN_Rain
wandb: ⭐️ View project at https://wandb.ai/chkkar002-university-of-cape-town/stgnn-weather
wandb: 🚀 View run at https://wandb.ai/chkkar002-university-of-cape-town/stgnn-weather/runs/xq75x8cq
2026-08-23 10:47: Experiment log path in: /scratch/chkkar002/Diffusion_Based_STGNNs/RealValue/AGCRN/model/experiments/SAWS/20260823104723
2026-08-23 10:47: Train Epoch 1: 0/1641 Loss: 0.692705
2026-08-23 10:47: Train Epoch 1: 20/1641 Loss: 0.711915
2026-08-23 10:47: Train Epoch 1: 40/1641 Loss: 0.434127
2026-08-23 10:47: Train Epoch 1: 60/1641 Loss: 0.266793
2026-08-23 10:47: Train Epoch 1: 80/1641 Loss: 0.120832
2026-08-23 10:47: Train Epoch 1: 100/1641 Loss: 0.097100
2026-08-23 10:47: Train Epoch 1: 120/1641 Loss: 0.136903
2026-08-23 10:47: Train Epoch 1: 140/1641 Loss: 0.119122
2026-08-23 10:47: Train Epoch 1: 160/1641 Loss: 0.128901
2026-08-23 10:47: Train Epoch 1: 180/1641 Loss: 0.087903
2026-08-23 10:47: Train Epoch 1: 200/1641 Loss: 0.106000
2026-08-23 10:47: Train Epoch 1: 220/1641 Loss: 0.079784
2026-08-23 10:47: Train Epoch 1: 240/1641 Loss: 0.057308
2026-08-23 10:48: Train Epoch 1: 260/1641 Loss: 0.081720
2026-08-23 10:48: Train Epoch 1: 280/1641 Loss: 0.085761
2026-08-23 10:48: Train Epoch 1: 300/1641 Loss: 0.123047
2026-08-23 10:48: Train Epoch 1: 320/1641 Loss: 0.144010
2026-08-23 10:48: Train Epoch 1: 340/1641 Loss: 0.102130
2026-08-23 10:48: Train Epoch 1: 360/1641 Loss: 0.092208
2026-08-23 10:48: Train Epoch 1: 380/1641 Loss: 0.081175
2026-08-23 10:48: Train Epoch 1: 400/1641 Loss: 0.094665
2026-08-23 10:48: Train Epoch 1: 420/1641 Loss: 0.069955
2026-08-23 10:48: Train Epoch 1: 440/1641 Loss: 0.089126
2026-08-23 10:48: Train Epoch 1: 460/1641 Loss: 0.071007
2026-08-23 10:48: Train Epoch 1: 480/1641 Loss: 0.077550
2026-08-23 10:48: Train Epoch 1: 500/1641 Loss: 0.085192
2026-08-23 10:48: Train Epoch 1: 520/1641 Loss: 0.106279
2026-08-23 10:48: Train Epoch 1: 540/1641 Loss: 0.082600
2026-08-23 10:48: Train Epoch 1: 560/1641 Loss: 0.109709
2026-08-23 10:48: Train Epoch 1: 580/1641 Loss: 0.084325
2026-08-23 10:48: Train Epoch 1: 600/1641 Loss: 0.069252
2026-08-23 10:48: Train Epoch 1: 620/1641 Loss: 0.102099
2026-08-23 10:48: Train Epoch 1: 640/1641 Loss: 0.134943
2026-08-23 10:48: Train Epoch 1: 660/1641 Loss: 0.056756
2026-08-23 10:49: Train Epoch 1: 680/1641 Loss: 0.068356
2026-08-23 10:49: Train Epoch 1: 700/1641 Loss: 0.034742
2026-08-23 10:49: Train Epoch 1: 720/1641 Loss: 0.086753
2026-08-23 10:49: Train Epoch 1: 740/1641 Loss: 0.070702
2026-08-23 10:49: Train Epoch 1: 760/1641 Loss: 0.097159
2026-08-23 10:49: Train Epoch 1: 780/1641 Loss: 0.062339
2026-08-23 10:49: Train Epoch 1: 800/1641 Loss: 0.125987
2026-08-23 10:49: Train Epoch 1: 820/1641 Loss: 0.086697
2026-08-23 10:49: Train Epoch 1: 840/1641 Loss: 0.078576
2026-08-23 10:49: Train Epoch 1: 860/1641 Loss: 0.109677
2026-08-23 10:49: Train Epoch 1: 880/1641 Loss: 0.145644
2026-08-23 10:49: Train Epoch 1: 900/1641 Loss: 0.065208
2026-08-23 10:49: Train Epoch 1: 920/1641 Loss: 0.052435
2026-08-23 10:49: Train Epoch 1: 940/1641 Loss: 0.154908
2026-08-23 10:49: Train Epoch 1: 960/1641 Loss: 0.091816
2026-08-23 10:49: Train Epoch 1: 980/1641 Loss: 0.112788
2026-08-23 10:49: Train Epoch 1: 1000/1641 Loss: 0.101657
2026-08-23 10:49: Train Epoch 1: 1020/1641 Loss: 0.110711
2026-08-23 10:49: Train Epoch 1: 1040/1641 Loss: 0.096570
2026-08-23 10:49: Train Epoch 1: 1060/1641 Loss: 0.054794
2026-08-23 10:49: Train Epoch 1: 1080/1641 Loss: 0.113550
2026-08-23 10:50: Train Epoch 1: 1100/1641 Loss: 0.173817
2026-08-23 10:50: Train Epoch 1: 1120/1641 Loss: 0.064318
2026-08-23 10:50: Train Epoch 1: 1140/1641 Loss: 0.163860
2026-08-23 10:50: Train Epoch 1: 1160/1641 Loss: 0.114987
2026-08-23 10:50: Train Epoch 1: 1180/1641 Loss: 0.079711
2026-08-23 10:50: Train Epoch 1: 1200/1641 Loss: 0.130949
2026-08-23 10:50: Train Epoch 1: 1220/1641 Loss: 0.115091
2026-08-23 10:50: Train Epoch 1: 1240/1641 Loss: 0.090331
2026-08-23 10:50: Train Epoch 1: 1260/1641 Loss: 0.115111
2026-08-23 10:50: Train Epoch 1: 1280/1641 Loss: 0.069979
2026-08-23 10:50: Train Epoch 1: 1300/1641 Loss: 0.070451
2026-08-23 10:50: Train Epoch 1: 1320/1641 Loss: 0.127140
2026-08-23 10:50: Train Epoch 1: 1340/1641 Loss: 0.102548
2026-08-23 10:50: Train Epoch 1: 1360/1641 Loss: 0.125878
2026-08-23 10:50: Train Epoch 1: 1380/1641 Loss: 0.115200
2026-08-23 10:50: Train Epoch 1: 1400/1641 Loss: 0.093158
2026-08-23 10:50: Train Epoch 1: 1420/1641 Loss: 0.080289
2026-08-23 10:50: Train Epoch 1: 1440/1641 Loss: 0.075262
2026-08-23 10:50: Train Epoch 1: 1460/1641 Loss: 0.130892
2026-08-23 10:50: Train Epoch 1: 1480/1641 Loss: 0.082976
2026-08-23 10:50: Train Epoch 1: 1500/1641 Loss: 0.067953
2026-08-23 10:50: Train Epoch 1: 1520/1641 Loss: 0.166504
2026-08-23 10:50: Train Epoch 1: 1540/1641 Loss: 0.069356
2026-08-23 10:51: Train Epoch 1: 1560/1641 Loss: 0.106091
2026-08-23 10:51: Train Epoch 1: 1580/1641 Loss: 0.117499
2026-08-23 10:51: Train Epoch 1: 1600/1641 Loss: 0.105288
2026-08-23 10:51: Train Epoch 1: 1620/1641 Loss: 0.130466
2026-08-23 10:51: Train Epoch 1: 1640/1641 Loss: 0.150666
2026-08-23 10:51: **********Train Epoch 1: averaged Loss: 0.118711, tf_ratio: 1.000000
2026-08-23 10:51: **********Val Epoch 1: average Loss: 0.137211
2026-08-23 10:51: *********************************Current best model saved!
2026-08-23 10:51: Train Epoch 2: 0/1641 Loss: 0.066510
2026-08-23 10:51: Train Epoch 2: 20/1641 Loss: 0.099981
2026-08-23 10:51: Train Epoch 2: 40/1641 Loss: 0.070200
2026-08-23 10:51: Train Epoch 2: 60/1641 Loss: 0.070523
2026-08-23 10:51: Train Epoch 2: 80/1641 Loss: 0.116620
2026-08-23 10:51: Train Epoch 2: 100/1641 Loss: 0.096196
2026-08-23 10:51: Train Epoch 2: 120/1641 Loss: 0.091806
2026-08-23 10:51: Train Epoch 2: 140/1641 Loss: 0.104342
2026-08-23 10:51: Train Epoch 2: 160/1641 Loss: 0.114418
2026-08-23 10:51: Train Epoch 2: 180/1641 Loss: 0.078830
2026-08-23 10:52: Train Epoch 2: 200/1641 Loss: 0.106161
2026-08-23 10:52: Train Epoch 2: 220/1641 Loss: 0.109578
2026-08-23 10:52: Train Epoch 2: 240/1641 Loss: 0.105524
2026-08-23 10:52: Train Epoch 2: 260/1641 Loss: 0.064453
2026-08-23 10:52: Train Epoch 2: 280/1641 Loss: 0.122942
2026-08-23 10:52: Train Epoch 2: 300/1641 Loss: 0.098315
2026-08-23 10:52: Train Epoch 2: 320/1641 Loss: 0.093892
2026-08-23 10:52: Train Epoch 2: 340/1641 Loss: 0.061917
2026-08-23 10:52: Train Epoch 2: 360/1641 Loss: 0.046183
2026-08-23 10:52: Train Epoch 2: 380/1641 Loss: 0.135237
2026-08-23 10:52: Train Epoch 2: 400/1641 Loss: 0.103155
2026-08-23 10:52: Train Epoch 2: 420/1641 Loss: 0.107740
2026-08-23 10:52: Train Epoch 2: 440/1641 Loss: 0.092779
2026-08-23 10:52: Train Epoch 2: 460/1641 Loss: 0.077148
2026-08-23 10:52: Train Epoch 2: 480/1641 Loss: 0.114027
2026-08-23 10:52: Train Epoch 2: 500/1641 Loss: 0.106918
2026-08-23 10:52: Train Epoch 2: 520/1641 Loss: 0.109833
2026-08-23 10:52: Train Epoch 2: 540/1641 Loss: 0.073715
2026-08-23 10:52: Train Epoch 2: 560/1641 Loss: 0.082890
2026-08-23 10:52: Train Epoch 2: 580/1641 Loss: 0.104896
2026-08-23 10:52: Train Epoch 2: 600/1641 Loss: 0.074434
2026-08-23 10:52: Train Epoch 2: 620/1641 Loss: 0.163452
2026-08-23 10:53: Train Epoch 2: 640/1641 Loss: 0.158133
2026-08-23 10:53: Train Epoch 2: 660/1641 Loss: 0.093858
2026-08-23 10:53: Train Epoch 2: 680/1641 Loss: 0.107501
2026-08-23 10:53: Train Epoch 2: 700/1641 Loss: 0.086388
2026-08-23 10:53: Train Epoch 2: 720/1641 Loss: 0.054260
2026-08-23 10:53: Train Epoch 2: 740/1641 Loss: 0.112579
2026-08-23 10:53: Train Epoch 2: 760/1641 Loss: 0.100748
2026-08-23 10:53: Train Epoch 2: 780/1641 Loss: 0.099349
2026-08-23 10:53: Train Epoch 2: 800/1641 Loss: 0.090511
2026-08-23 10:53: Train Epoch 2: 820/1641 Loss: 0.150696
2026-08-23 10:53: Train Epoch 2: 840/1641 Loss: 0.131555
2026-08-23 10:53: Train Epoch 2: 860/1641 Loss: 0.132666
2026-08-23 10:53: Train Epoch 2: 880/1641 Loss: 0.102390
2026-08-23 10:53: Train Epoch 2: 900/1641 Loss: 0.074956
2026-08-23 10:53: Train Epoch 2: 920/1641 Loss: 0.069900
2026-08-23 10:53: Train Epoch 2: 940/1641 Loss: 0.090864
2026-08-23 10:53: Train Epoch 2: 960/1641 Loss: 0.101323
2026-08-23 10:53: Train Epoch 2: 980/1641 Loss: 0.087206
2026-08-23 10:53: Train Epoch 2: 1000/1641 Loss: 0.050101
2026-08-23 10:53: Train Epoch 2: 1020/1641 Loss: 0.121195
2026-08-23 10:53: Train Epoch 2: 1040/1641 Loss: 0.069599
2026-08-23 10:53: Train Epoch 2: 1060/1641 Loss: 0.101372
2026-08-23 10:53: Train Epoch 2: 1080/1641 Loss: 0.068787
2026-08-23 10:54: Train Epoch 2: 1100/1641 Loss: 0.125870
2026-08-23 10:54: Train Epoch 2: 1120/1641 Loss: 0.091930
2026-08-23 10:54: Train Epoch 2: 1140/1641 Loss: 0.100322
2026-08-23 10:54: Train Epoch 2: 1160/1641 Loss: 0.070172
2026-08-23 10:54: Train Epoch 2: 1180/1641 Loss: 0.084621
2026-08-23 10:54: Train Epoch 2: 1200/1641 Loss: 0.071096
2026-08-23 10:54: Train Epoch 2: 1220/1641 Loss: 0.110005
2026-08-23 10:54: Train Epoch 2: 1240/1641 Loss: 0.074074
2026-08-23 10:54: Train Epoch 2: 1260/1641 Loss: 0.089911
2026-08-23 10:54: Train Epoch 2: 1280/1641 Loss: 0.082793
2026-08-23 10:54: Train Epoch 2: 1300/1641 Loss: 0.068479
2026-08-23 10:54: Train Epoch 2: 1320/1641 Loss: 0.134776
2026-08-23 10:54: Train Epoch 2: 1340/1641 Loss: 0.117641
2026-08-23 10:54: Train Epoch 2: 1360/1641 Loss: 0.085539
2026-08-23 10:54: Train Epoch 2: 1380/1641 Loss: 0.096285
2026-08-23 10:54: Train Epoch 2: 1400/1641 Loss: 0.115860
2026-08-23 10:54: Train Epoch 2: 1420/1641 Loss: 0.087165
2026-08-23 10:54: Train Epoch 2: 1440/1641 Loss: 0.147560
2026-08-23 10:54: Train Epoch 2: 1460/1641 Loss: 0.160389
2026-08-23 10:54: Train Epoch 2: 1480/1641 Loss: 0.132772
2026-08-23 10:54: Train Epoch 2: 1500/1641 Loss: 0.075909
2026-08-23 10:54: Train Epoch 2: 1520/1641 Loss: 0.131957
2026-08-23 10:55: Train Epoch 2: 1540/1641 Loss: 0.062313
2026-08-23 10:55: Train Epoch 2: 1560/1641 Loss: 0.103382
2026-08-23 10:55: Train Epoch 2: 1580/1641 Loss: 0.083629
2026-08-23 10:55: Train Epoch 2: 1600/1641 Loss: 0.057012
2026-08-23 10:55: Train Epoch 2: 1620/1641 Loss: 0.133052
2026-08-23 10:55: Train Epoch 2: 1640/1641 Loss: 0.101292
2026-08-23 10:55: **********Train Epoch 2: averaged Loss: 0.101499, tf_ratio: 1.000000
2026-08-23 10:55: **********Val Epoch 2: average Loss: 0.137076
2026-08-23 10:55: *********************************Current best model saved!
2026-08-23 10:55: Train Epoch 3: 0/1641 Loss: 0.095303
2026-08-23 10:55: Train Epoch 3: 20/1641 Loss: 0.086319
2026-08-23 10:55: Train Epoch 3: 40/1641 Loss: 0.096720
2026-08-23 10:55: Train Epoch 3: 60/1641 Loss: 0.087874
2026-08-23 10:55: Train Epoch 3: 80/1641 Loss: 0.092796
2026-08-23 10:55: Train Epoch 3: 100/1641 Loss: 0.115635
2026-08-23 10:55: Train Epoch 3: 120/1641 Loss: 0.086614
2026-08-23 10:55: Train Epoch 3: 140/1641 Loss: 0.117947
2026-08-23 10:55: Train Epoch 3: 160/1641 Loss: 0.134116
2026-08-23 10:56: Train Epoch 3: 180/1641 Loss: 0.079863
2026-08-23 10:56: Train Epoch 3: 200/1641 Loss: 0.069400
2026-08-23 10:56: Train Epoch 3: 220/1641 Loss: 0.070330
2026-08-23 10:56: Train Epoch 3: 240/1641 Loss: 0.106594
2026-08-23 10:56: Train Epoch 3: 260/1641 Loss: 0.129660
2026-08-23 10:56: Train Epoch 3: 280/1641 Loss: 0.080411
2026-08-23 10:56: Train Epoch 3: 300/1641 Loss: 0.139272
2026-08-23 10:56: Train Epoch 3: 320/1641 Loss: 0.110099
2026-08-23 10:56: Train Epoch 3: 340/1641 Loss: 0.087846
2026-08-23 10:56: Train Epoch 3: 360/1641 Loss: 0.065128
2026-08-23 10:56: Train Epoch 3: 380/1641 Loss: 0.110707
2026-08-23 10:56: Train Epoch 3: 400/1641 Loss: 0.087656
2026-08-23 10:56: Train Epoch 3: 420/1641 Loss: 0.130668
2026-08-23 10:56: Train Epoch 3: 440/1641 Loss: 0.119802
2026-08-23 10:56: Train Epoch 3: 460/1641 Loss: 0.081559
2026-08-23 10:56: Train Epoch 3: 480/1641 Loss: 0.115435
2026-08-23 10:56: Train Epoch 3: 500/1641 Loss: 0.107424
2026-08-23 10:56: Train Epoch 3: 520/1641 Loss: 0.110415
2026-08-23 10:56: Train Epoch 3: 540/1641 Loss: 0.088596
2026-08-23 10:56: Train Epoch 3: 560/1641 Loss: 0.126176
2026-08-23 10:56: Train Epoch 3: 580/1641 Loss: 0.078071
2026-08-23 10:56: Train Epoch 3: 600/1641 Loss: 0.125365
2026-08-23 10:57: Train Epoch 3: 620/1641 Loss: 0.116699
2026-08-23 10:57: Train Epoch 3: 640/1641 Loss: 0.101165
2026-08-23 10:57: Train Epoch 3: 660/1641 Loss: 0.091198
2026-08-23 10:57: Train Epoch 3: 680/1641 Loss: 0.061478
2026-08-23 10:57: Train Epoch 3: 700/1641 Loss: 0.066284
2026-08-23 10:57: Train Epoch 3: 720/1641 Loss: 0.117847
2026-08-23 10:57: Train Epoch 3: 740/1641 Loss: 0.105193
2026-08-23 10:57: Train Epoch 3: 760/1641 Loss: 0.141384
2026-08-23 10:57: Train Epoch 3: 780/1641 Loss: 0.055897
2026-08-23 10:57: Train Epoch 3: 800/1641 Loss: 0.123620
2026-08-23 10:57: Train Epoch 3: 820/1641 Loss: 0.084165
2026-08-23 10:57: Train Epoch 3: 840/1641 Loss: 0.112633
2026-08-23 10:57: Train Epoch 3: 860/1641 Loss: 0.054442
2026-08-23 10:57: Train Epoch 3: 880/1641 Loss: 0.070177
2026-08-23 10:57: Train Epoch 3: 900/1641 Loss: 0.120396
2026-08-23 10:57: Train Epoch 3: 920/1641 Loss: 0.084081
2026-08-23 10:57: Train Epoch 3: 940/1641 Loss: 0.158273
2026-08-23 10:57: Train Epoch 3: 960/1641 Loss: 0.079456
2026-08-23 10:57: Train Epoch 3: 980/1641 Loss: 0.148151
2026-08-23 10:57: Train Epoch 3: 1000/1641 Loss: 0.105727
2026-08-23 10:57: Train Epoch 3: 1020/1641 Loss: 0.091341
2026-08-23 10:58: Train Epoch 3: 1040/1641 Loss: 0.078415
2026-08-23 10:58: Train Epoch 3: 1060/1641 Loss: 0.121656
2026-08-23 10:58: Train Epoch 3: 1080/1641 Loss: 0.109553
2026-08-23 10:58: Train Epoch 3: 1100/1641 Loss: 0.073293
2026-08-23 10:58: Train Epoch 3: 1120/1641 Loss: 0.083523
2026-08-23 10:58: Train Epoch 3: 1140/1641 Loss: 0.116838
2026-08-23 10:58: Train Epoch 3: 1160/1641 Loss: 0.072149
2026-08-23 10:58: Train Epoch 3: 1180/1641 Loss: 0.127949
2026-08-23 10:58: Train Epoch 3: 1200/1641 Loss: 0.085233
2026-08-23 10:58: Train Epoch 3: 1220/1641 Loss: 0.089064
2026-08-23 10:58: Train Epoch 3: 1240/1641 Loss: 0.150709
2026-08-23 10:58: Train Epoch 3: 1260/1641 Loss: 0.106676
2026-08-23 10:58: Train Epoch 3: 1280/1641 Loss: 0.091303
2026-08-23 10:58: Train Epoch 3: 1300/1641 Loss: 0.110451
2026-08-23 10:58: Train Epoch 3: 1320/1641 Loss: 0.063076
2026-08-23 10:58: Train Epoch 3: 1340/1641 Loss: 0.082047
2026-08-23 10:58: Train Epoch 3: 1360/1641 Loss: 0.139029
2026-08-23 10:58: Train Epoch 3: 1380/1641 Loss: 0.109540
2026-08-23 10:58: Train Epoch 3: 1400/1641 Loss: 0.127892
2026-08-23 10:58: Train Epoch 3: 1420/1641 Loss: 0.125641
2026-08-23 10:58: Train Epoch 3: 1440/1641 Loss: 0.083696
2026-08-23 10:58: Train Epoch 3: 1460/1641 Loss: 0.176455
2026-08-23 10:59: Train Epoch 3: 1480/1641 Loss: 0.094913
2026-08-23 10:59: Train Epoch 3: 1500/1641 Loss: 0.094931
2026-08-23 10:59: Train Epoch 3: 1520/1641 Loss: 0.103150
2026-08-23 10:59: Train Epoch 3: 1540/1641 Loss: 0.110953
2026-08-23 10:59: Train Epoch 3: 1560/1641 Loss: 0.116397
2026-08-23 10:59: Train Epoch 3: 1580/1641 Loss: 0.080569
2026-08-23 10:59: Train Epoch 3: 1600/1641 Loss: 0.082255
2026-08-23 10:59: Train Epoch 3: 1620/1641 Loss: 0.112826
2026-08-23 10:59: Train Epoch 3: 1640/1641 Loss: 0.115241
2026-08-23 10:59: **********Train Epoch 3: averaged Loss: 0.101534, tf_ratio: 1.000000
2026-08-23 10:59: **********Val Epoch 3: average Loss: 0.137054
2026-08-23 10:59: *********************************Current best model saved!
2026-08-23 10:59: Train Epoch 4: 0/1641 Loss: 0.125484
2026-08-23 10:59: Train Epoch 4: 20/1641 Loss: 0.083751
2026-08-23 10:59: Train Epoch 4: 40/1641 Loss: 0.097355
2026-08-23 10:59: Train Epoch 4: 60/1641 Loss: 0.108631
2026-08-23 10:59: Train Epoch 4: 80/1641 Loss: 0.087902
2026-08-23 11:00: Train Epoch 4: 100/1641 Loss: 0.112664
2026-08-23 11:00: Train Epoch 4: 120/1641 Loss: 0.146750
2026-08-23 11:00: Train Epoch 4: 140/1641 Loss: 0.165525
2026-08-23 11:00: Train Epoch 4: 160/1641 Loss: 0.095789
2026-08-23 11:00: Train Epoch 4: 180/1641 Loss: 0.141513
2026-08-23 11:00: Train Epoch 4: 200/1641 Loss: 0.134163
2026-08-23 11:00: Train Epoch 4: 220/1641 Loss: 0.120354
2026-08-23 11:00: Train Epoch 4: 240/1641 Loss: 0.137381
2026-08-23 11:00: Train Epoch 4: 260/1641 Loss: 0.109586
2026-08-23 11:00: Train Epoch 4: 280/1641 Loss: 0.112492
2026-08-23 11:00: Train Epoch 4: 300/1641 Loss: 0.113364
2026-08-23 11:00: Train Epoch 4: 320/1641 Loss: 0.100432
2026-08-23 11:00: Train Epoch 4: 340/1641 Loss: 0.093931
2026-08-23 11:00: Train Epoch 4: 360/1641 Loss: 0.147937
2026-08-23 11:00: Train Epoch 4: 380/1641 Loss: 0.056857
2026-08-23 11:00: Train Epoch 4: 400/1641 Loss: 0.084134
2026-08-23 11:00: Train Epoch 4: 420/1641 Loss: 0.126623
2026-08-23 11:00: Train Epoch 4: 440/1641 Loss: 0.111211
2026-08-23 11:00: Train Epoch 4: 460/1641 Loss: 0.135086
2026-08-23 11:00: Train Epoch 4: 480/1641 Loss: 0.120673
2026-08-23 11:00: Train Epoch 4: 500/1641 Loss: 0.081853
2026-08-23 11:01: Train Epoch 4: 520/1641 Loss: 0.064714
2026-08-23 11:01: Train Epoch 4: 540/1641 Loss: 0.072496
2026-08-23 11:01: Train Epoch 4: 560/1641 Loss: 0.138211
2026-08-23 11:01: Train Epoch 4: 580/1641 Loss: 0.086204
2026-08-23 11:01: Train Epoch 4: 600/1641 Loss: 0.139827
2026-08-23 11:01: Train Epoch 4: 620/1641 Loss: 0.068942
2026-08-23 11:01: Train Epoch 4: 640/1641 Loss: 0.061371
2026-08-23 11:01: Train Epoch 4: 660/1641 Loss: 0.064930
2026-08-23 11:01: Train Epoch 4: 680/1641 Loss: 0.075075
2026-08-23 11:01: Train Epoch 4: 700/1641 Loss: 0.122575
2026-08-23 11:01: Train Epoch 4: 720/1641 Loss: 0.101604
2026-08-23 11:01: Train Epoch 4: 740/1641 Loss: 0.084618
2026-08-23 11:01: Train Epoch 4: 760/1641 Loss: 0.105461
2026-08-23 11:01: Train Epoch 4: 780/1641 Loss: 0.126960
2026-08-23 11:01: Train Epoch 4: 800/1641 Loss: 0.116261
2026-08-23 11:01: Train Epoch 4: 820/1641 Loss: 0.103848
2026-08-23 11:01: Train Epoch 4: 840/1641 Loss: 0.086320
2026-08-23 11:01: Train Epoch 4: 860/1641 Loss: 0.093087
2026-08-23 11:01: Train Epoch 4: 880/1641 Loss: 0.133059
2026-08-23 11:01: Train Epoch 4: 900/1641 Loss: 0.087537
2026-08-23 11:01: Train Epoch 4: 920/1641 Loss: 0.054517
2026-08-23 11:02: Train Epoch 4: 940/1641 Loss: 0.090524
2026-08-23 11:02: Train Epoch 4: 960/1641 Loss: 0.074745
2026-08-23 11:02: Train Epoch 4: 980/1641 Loss: 0.087648
2026-08-23 11:02: Train Epoch 4: 1000/1641 Loss: 0.098810
2026-08-23 11:02: Train Epoch 4: 1020/1641 Loss: 0.155318
2026-08-23 11:02: Train Epoch 4: 1040/1641 Loss: 0.102264
2026-08-23 11:02: Train Epoch 4: 1060/1641 Loss: 0.077279
2026-08-23 11:02: Train Epoch 4: 1080/1641 Loss: 0.110381
2026-08-23 11:02: Train Epoch 4: 1100/1641 Loss: 0.055972
2026-08-23 11:02: Train Epoch 4: 1120/1641 Loss: 0.078732
2026-08-23 11:02: Train Epoch 4: 1140/1641 Loss: 0.082018
2026-08-23 11:02: Train Epoch 4: 1160/1641 Loss: 0.118261
2026-08-23 11:02: Train Epoch 4: 1180/1641 Loss: 0.086178
2026-08-23 11:02: Train Epoch 4: 1200/1641 Loss: 0.076810
2026-08-23 11:02: Train Epoch 4: 1220/1641 Loss: 0.126695
2026-08-23 11:02: Train Epoch 4: 1240/1641 Loss: 0.089205
2026-08-23 11:02: Train Epoch 4: 1260/1641 Loss: 0.089581
2026-08-23 11:02: Train Epoch 4: 1280/1641 Loss: 0.134832
2026-08-23 11:02: Train Epoch 4: 1300/1641 Loss: 0.121895
2026-08-23 11:02: Train Epoch 4: 1320/1641 Loss: 0.110432
2026-08-23 11:02: Train Epoch 4: 1340/1641 Loss: 0.069904
2026-08-23 11:02: Train Epoch 4: 1360/1641 Loss: 0.123304
2026-08-23 11:03: Train Epoch 4: 1380/1641 Loss: 0.151435
2026-08-23 11:03: Train Epoch 4: 1400/1641 Loss: 0.130165
2026-08-23 11:03: Train Epoch 4: 1420/1641 Loss: 0.120721
2026-08-23 11:03: Train Epoch 4: 1440/1641 Loss: 0.076015
2026-08-23 11:03: Train Epoch 4: 1460/1641 Loss: 0.113942
2026-08-23 11:03: Train Epoch 4: 1480/1641 Loss: 0.108940
2026-08-23 11:03: Train Epoch 4: 1500/1641 Loss: 0.094504
2026-08-23 11:03: Train Epoch 4: 1520/1641 Loss: 0.127505
2026-08-23 11:03: Train Epoch 4: 1540/1641 Loss: 0.086309
2026-08-23 11:03: Train Epoch 4: 1560/1641 Loss: 0.087234
2026-08-23 11:03: Train Epoch 4: 1580/1641 Loss: 0.102136
2026-08-23 11:03: Train Epoch 4: 1600/1641 Loss: 0.060904
2026-08-23 11:03: Train Epoch 4: 1620/1641 Loss: 0.095061
2026-08-23 11:03: Train Epoch 4: 1640/1641 Loss: 0.118699
2026-08-23 11:03: **********Train Epoch 4: averaged Loss: 0.101545, tf_ratio: 1.000000
2026-08-23 11:04: **********Val Epoch 4: average Loss: 0.137311
2026-08-23 11:04: Train Epoch 5: 0/1641 Loss: 0.098169
2026-08-23 11:04: Train Epoch 5: 20/1641 Loss: 0.117221
2026-08-23 11:04: Train Epoch 5: 40/1641 Loss: 0.092357
2026-08-23 11:04: Train Epoch 5: 60/1641 Loss: 0.078732
2026-08-23 11:04: Train Epoch 5: 80/1641 Loss: 0.089822
2026-08-23 11:04: Train Epoch 5: 100/1641 Loss: 0.090179
2026-08-23 11:04: Train Epoch 5: 120/1641 Loss: 0.149857
2026-08-23 11:04: Train Epoch 5: 140/1641 Loss: 0.107261
2026-08-23 11:04: Train Epoch 5: 160/1641 Loss: 0.125114
2026-08-23 11:04: Train Epoch 5: 180/1641 Loss: 0.113739
2026-08-23 11:04: Train Epoch 5: 200/1641 Loss: 0.062360
2026-08-23 11:04: Train Epoch 5: 220/1641 Loss: 0.098050
2026-08-23 11:04: Train Epoch 5: 240/1641 Loss: 0.092675
2026-08-23 11:04: Train Epoch 5: 260/1641 Loss: 0.067840
2026-08-23 11:04: Train Epoch 5: 280/1641 Loss: 0.108504
2026-08-23 11:04: Train Epoch 5: 300/1641 Loss: 0.094738
2026-08-23 11:04: Train Epoch 5: 320/1641 Loss: 0.062079
2026-08-23 11:04: Train Epoch 5: 340/1641 Loss: 0.115382
2026-08-23 11:04: Train Epoch 5: 360/1641 Loss: 0.069665
2026-08-23 11:04: Train Epoch 5: 380/1641 Loss: 0.089351
2026-08-23 11:04: Train Epoch 5: 400/1641 Loss: 0.106544
2026-08-23 11:05: Train Epoch 5: 420/1641 Loss: 0.068587
2026-08-23 11:05: Train Epoch 5: 440/1641 Loss: 0.064872
2026-08-23 11:05: Train Epoch 5: 460/1641 Loss: 0.066886
2026-08-23 11:05: Train Epoch 5: 480/1641 Loss: 0.118932
2026-08-23 11:05: Train Epoch 5: 500/1641 Loss: 0.141660
2026-08-23 11:05: Train Epoch 5: 520/1641 Loss: 0.098755
2026-08-23 11:05: Train Epoch 5: 540/1641 Loss: 0.119427
2026-08-23 11:05: Train Epoch 5: 560/1641 Loss: 0.121517
2026-08-23 11:05: Train Epoch 5: 580/1641 Loss: 0.116277
2026-08-23 11:05: Train Epoch 5: 600/1641 Loss: 0.110976
2026-08-23 11:05: Train Epoch 5: 620/1641 Loss: 0.061499
2026-08-23 11:05: Train Epoch 5: 640/1641 Loss: 0.116633
2026-08-23 11:05: Train Epoch 5: 660/1641 Loss: 0.096812
2026-08-23 11:05: Train Epoch 5: 680/1641 Loss: 0.092403
2026-08-23 11:05: Train Epoch 5: 700/1641 Loss: 0.137409
2026-08-23 11:05: Train Epoch 5: 720/1641 Loss: 0.104919
2026-08-23 11:05: Train Epoch 5: 740/1641 Loss: 0.104266
2026-08-23 11:05: Train Epoch 5: 760/1641 Loss: 0.105922
2026-08-23 11:05: Train Epoch 5: 780/1641 Loss: 0.110397
2026-08-23 11:05: Train Epoch 5: 800/1641 Loss: 0.090771
2026-08-23 11:05: Train Epoch 5: 820/1641 Loss: 0.090045
2026-08-23 11:05: Train Epoch 5: 840/1641 Loss: 0.129378
2026-08-23 11:06: Train Epoch 5: 860/1641 Loss: 0.108528
2026-08-23 11:06: Train Epoch 5: 880/1641 Loss: 0.101127
2026-08-23 11:06: Train Epoch 5: 900/1641 Loss: 0.096285
2026-08-23 11:06: Train Epoch 5: 920/1641 Loss: 0.137723
2026-08-23 11:06: Train Epoch 5: 940/1641 Loss: 0.088915
2026-08-23 11:06: Train Epoch 5: 960/1641 Loss: 0.149072
2026-08-23 11:06: Train Epoch 5: 980/1641 Loss: 0.123311
2026-08-23 11:06: Train Epoch 5: 1000/1641 Loss: 0.072868
2026-08-23 11:06: Train Epoch 5: 1020/1641 Loss: 0.153137
2026-08-23 11:06: Train Epoch 5: 1040/1641 Loss: 0.104574
2026-08-23 11:06: Train Epoch 5: 1060/1641 Loss: 0.122365
2026-08-23 11:06: Train Epoch 5: 1080/1641 Loss: 0.113607
2026-08-23 11:06: Train Epoch 5: 1100/1641 Loss: 0.096176
2026-08-23 11:06: Train Epoch 5: 1120/1641 Loss: 0.082280
2026-08-23 11:06: Train Epoch 5: 1140/1641 Loss: 0.079331
2026-08-23 11:06: Train Epoch 5: 1160/1641 Loss: 0.069592
2026-08-23 11:06: Train Epoch 5: 1180/1641 Loss: 0.072567
2026-08-23 11:06: Train Epoch 5: 1200/1641 Loss: 0.065259
2026-08-23 11:06: Train Epoch 5: 1220/1641 Loss: 0.086988
2026-08-23 11:06: Train Epoch 5: 1240/1641 Loss: 0.163153
2026-08-23 11:06: Train Epoch 5: 1260/1641 Loss: 0.116336
2026-08-23 11:07: Train Epoch 5: 1280/1641 Loss: 0.122894
2026-08-23 11:07: Train Epoch 5: 1300/1641 Loss: 0.119074
2026-08-23 11:07: Train Epoch 5: 1320/1641 Loss: 0.113764
2026-08-23 11:07: Train Epoch 5: 1340/1641 Loss: 0.094594
2026-08-23 11:07: Train Epoch 5: 1360/1641 Loss: 0.123553
2026-08-23 11:07: Train Epoch 5: 1380/1641 Loss: 0.173896
2026-08-23 11:07: Train Epoch 5: 1400/1641 Loss: 0.091982
2026-08-23 11:07: Train Epoch 5: 1420/1641 Loss: 0.113213
2026-08-23 11:07: Train Epoch 5: 1440/1641 Loss: 0.110984
2026-08-23 11:07: Train Epoch 5: 1460/1641 Loss: 0.100860
2026-08-23 11:07: Train Epoch 5: 1480/1641 Loss: 0.144631
2026-08-23 11:07: Train Epoch 5: 1500/1641 Loss: 0.106487
2026-08-23 11:07: Train Epoch 5: 1520/1641 Loss: 0.122835
2026-08-23 11:07: Train Epoch 5: 1540/1641 Loss: 0.066879
2026-08-23 11:07: Train Epoch 5: 1560/1641 Loss: 0.131478
2026-08-23 11:07: Train Epoch 5: 1580/1641 Loss: 0.101250
2026-08-23 11:07: Train Epoch 5: 1600/1641 Loss: 0.062570
2026-08-23 11:07: Train Epoch 5: 1620/1641 Loss: 0.104782
2026-08-23 11:07: Train Epoch 5: 1640/1641 Loss: 0.141733
2026-08-23 11:07: **********Train Epoch 5: averaged Loss: 0.101590, tf_ratio: 1.000000
2026-08-23 11:08: **********Val Epoch 5: average Loss: 0.137034
2026-08-23 11:08: *********************************Current best model saved!
2026-08-23 11:08: Train Epoch 6: 0/1641 Loss: 0.118039
2026-08-23 11:08: Train Epoch 6: 20/1641 Loss: 0.079270
2026-08-23 11:08: Train Epoch 6: 40/1641 Loss: 0.074304
2026-08-23 11:08: Train Epoch 6: 60/1641 Loss: 0.115641
2026-08-23 11:08: Train Epoch 6: 80/1641 Loss: 0.073073
2026-08-23 11:08: Train Epoch 6: 100/1641 Loss: 0.085576
2026-08-23 11:08: Train Epoch 6: 120/1641 Loss: 0.099517
2026-08-23 11:08: Train Epoch 6: 140/1641 Loss: 0.074103
2026-08-23 11:08: Train Epoch 6: 160/1641 Loss: 0.111199
2026-08-23 11:08: Train Epoch 6: 180/1641 Loss: 0.055627
2026-08-23 11:08: Train Epoch 6: 200/1641 Loss: 0.086824
2026-08-23 11:08: Train Epoch 6: 220/1641 Loss: 0.153539
2026-08-23 11:08: Train Epoch 6: 240/1641 Loss: 0.099913
2026-08-23 11:08: Train Epoch 6: 260/1641 Loss: 0.108891
2026-08-23 11:08: Train Epoch 6: 280/1641 Loss: 0.105126
2026-08-23 11:08: Train Epoch 6: 300/1641 Loss: 0.112829
2026-08-23 11:08: Train Epoch 6: 320/1641 Loss: 0.104216
2026-08-23 11:09: Train Epoch 6: 340/1641 Loss: 0.075613
2026-08-23 11:09: Train Epoch 6: 360/1641 Loss: 0.074602
2026-08-23 11:09: Train Epoch 6: 380/1641 Loss: 0.144236
2026-08-23 11:09: Train Epoch 6: 400/1641 Loss: 0.107305
2026-08-23 11:09: Train Epoch 6: 420/1641 Loss: 0.105389
2026-08-23 11:09: Train Epoch 6: 440/1641 Loss: 0.102660
2026-08-23 11:09: Train Epoch 6: 460/1641 Loss: 0.062537
2026-08-23 11:09: Train Epoch 6: 480/1641 Loss: 0.082617
2026-08-23 11:09: Train Epoch 6: 500/1641 Loss: 0.055248
2026-08-23 11:09: Train Epoch 6: 520/1641 Loss: 0.090573
2026-08-23 11:09: Train Epoch 6: 540/1641 Loss: 0.088596
2026-08-23 11:09: Train Epoch 6: 560/1641 Loss: 0.112227
2026-08-23 11:09: Train Epoch 6: 580/1641 Loss: 0.092648
2026-08-23 11:09: Train Epoch 6: 600/1641 Loss: 0.114472
2026-08-23 11:09: Train Epoch 6: 620/1641 Loss: 0.127526
2026-08-23 11:09: Train Epoch 6: 640/1641 Loss: 0.134145
2026-08-23 11:09: Train Epoch 6: 660/1641 Loss: 0.105404
2026-08-23 11:09: Train Epoch 6: 680/1641 Loss: 0.078403
2026-08-23 11:09: Train Epoch 6: 700/1641 Loss: 0.152098
2026-08-23 11:09: Train Epoch 6: 720/1641 Loss: 0.063592
2026-08-23 11:09: Train Epoch 6: 740/1641 Loss: 0.082702
2026-08-23 11:10: Train Epoch 6: 760/1641 Loss: 0.085999
2026-08-23 11:10: Train Epoch 6: 780/1641 Loss: 0.153965
2026-08-23 11:10: Train Epoch 6: 800/1641 Loss: 0.053706
2026-08-23 11:10: Train Epoch 6: 820/1641 Loss: 0.084303
2026-08-23 11:10: Train Epoch 6: 840/1641 Loss: 0.093810
2026-08-23 11:10: Train Epoch 6: 860/1641 Loss: 0.113477
2026-08-23 11:10: Train Epoch 6: 880/1641 Loss: 0.120046
2026-08-23 11:10: Train Epoch 6: 900/1641 Loss: 0.107601
2026-08-23 11:10: Train Epoch 6: 920/1641 Loss: 0.115411
2026-08-23 11:10: Train Epoch 6: 940/1641 Loss: 0.111154
2026-08-23 11:10: Train Epoch 6: 960/1641 Loss: 0.112836
2026-08-23 11:10: Train Epoch 6: 980/1641 Loss: 0.077274
2026-08-23 11:10: Train Epoch 6: 1000/1641 Loss: 0.083409
2026-08-23 11:10: Train Epoch 6: 1020/1641 Loss: 0.094365
2026-08-23 11:10: Train Epoch 6: 1040/1641 Loss: 0.100024
2026-08-23 11:10: Train Epoch 6: 1060/1641 Loss: 0.085619
2026-08-23 11:10: Train Epoch 6: 1080/1641 Loss: 0.082229
2026-08-23 11:10: Train Epoch 6: 1100/1641 Loss: 0.093498
2026-08-23 11:10: Train Epoch 6: 1120/1641 Loss: 0.069934
2026-08-23 11:10: Train Epoch 6: 1140/1641 Loss: 0.077834
2026-08-23 11:10: Train Epoch 6: 1160/1641 Loss: 0.056323
2026-08-23 11:10: Train Epoch 6: 1180/1641 Loss: 0.114344
2026-08-23 11:11: Train Epoch 6: 1200/1641 Loss: 0.098106
2026-08-23 11:11: Train Epoch 6: 1220/1641 Loss: 0.077266
2026-08-23 11:11: Train Epoch 6: 1240/1641 Loss: 0.104190
2026-08-23 11:11: Train Epoch 6: 1260/1641 Loss: 0.088730
2026-08-23 11:11: Train Epoch 6: 1280/1641 Loss: 0.095800
2026-08-23 11:11: Train Epoch 6: 1300/1641 Loss: 0.149122
2026-08-23 11:11: Train Epoch 6: 1320/1641 Loss: 0.129726
2026-08-23 11:11: Train Epoch 6: 1340/1641 Loss: 0.096967
2026-08-23 11:11: Train Epoch 6: 1360/1641 Loss: 0.097278
2026-08-23 11:11: Train Epoch 6: 1380/1641 Loss: 0.078978
2026-08-23 11:11: Train Epoch 6: 1400/1641 Loss: 0.093182
2026-08-23 11:11: Train Epoch 6: 1420/1641 Loss: 0.083417
2026-08-23 11:11: Train Epoch 6: 1440/1641 Loss: 0.082623
2026-08-23 11:11: Train Epoch 6: 1460/1641 Loss: 0.068336
2026-08-23 11:11: Train Epoch 6: 1480/1641 Loss: 0.077428
2026-08-23 11:11: Train Epoch 6: 1500/1641 Loss: 0.091382
2026-08-23 11:11: Train Epoch 6: 1520/1641 Loss: 0.101416
2026-08-23 11:11: Train Epoch 6: 1540/1641 Loss: 0.060564
2026-08-23 11:11: Train Epoch 6: 1560/1641 Loss: 0.070589
2026-08-23 11:11: Train Epoch 6: 1580/1641 Loss: 0.127084
2026-08-23 11:12: Train Epoch 6: 1600/1641 Loss: 0.103814
2026-08-23 11:12: Train Epoch 6: 1620/1641 Loss: 0.076712
2026-08-23 11:12: Train Epoch 6: 1640/1641 Loss: 0.079015
2026-08-23 11:12: **********Train Epoch 6: averaged Loss: 0.101637, tf_ratio: 1.000000
2026-08-23 11:12: **********Val Epoch 6: average Loss: 0.137025
2026-08-23 11:12: *********************************Current best model saved!
2026-08-23 11:12: Train Epoch 7: 0/1641 Loss: 0.106612
2026-08-23 11:12: Train Epoch 7: 20/1641 Loss: 0.081004
2026-08-23 11:12: Train Epoch 7: 40/1641 Loss: 0.105021
2026-08-23 11:12: Train Epoch 7: 60/1641 Loss: 0.100371
2026-08-23 11:12: Train Epoch 7: 80/1641 Loss: 0.098963
2026-08-23 11:12: Train Epoch 7: 100/1641 Loss: 0.085761
2026-08-23 11:12: Train Epoch 7: 120/1641 Loss: 0.086817
2026-08-23 11:12: Train Epoch 7: 140/1641 Loss: 0.087283
2026-08-23 11:12: Train Epoch 7: 160/1641 Loss: 0.084682
2026-08-23 11:12: Train Epoch 7: 180/1641 Loss: 0.098195
2026-08-23 11:12: Train Epoch 7: 200/1641 Loss: 0.196224
2026-08-23 11:12: Train Epoch 7: 220/1641 Loss: 0.129579
2026-08-23 11:13: Train Epoch 7: 240/1641 Loss: 0.082624
2026-08-23 11:13: Train Epoch 7: 260/1641 Loss: 0.055029
2026-08-23 11:13: Train Epoch 7: 280/1641 Loss: 0.129350
2026-08-23 11:13: Train Epoch 7: 300/1641 Loss: 0.071300
2026-08-23 11:13: Train Epoch 7: 320/1641 Loss: 0.090158
2026-08-23 11:13: Train Epoch 7: 340/1641 Loss: 0.086754
2026-08-23 11:13: Train Epoch 7: 360/1641 Loss: 0.114037
2026-08-23 11:13: Train Epoch 7: 380/1641 Loss: 0.162277
2026-08-23 11:13: Train Epoch 7: 400/1641 Loss: 0.076477
2026-08-23 11:13: Train Epoch 7: 420/1641 Loss: 0.106568
2026-08-23 11:13: Train Epoch 7: 440/1641 Loss: 0.105855
2026-08-23 11:13: Train Epoch 7: 460/1641 Loss: 0.076810
2026-08-23 11:13: Train Epoch 7: 480/1641 Loss: 0.155977
2026-08-23 11:13: Train Epoch 7: 500/1641 Loss: 0.083668
2026-08-23 11:13: Train Epoch 7: 520/1641 Loss: 0.106749
2026-08-23 11:13: Train Epoch 7: 540/1641 Loss: 0.080456
2026-08-23 11:13: Train Epoch 7: 560/1641 Loss: 0.153224
2026-08-23 11:13: Train Epoch 7: 580/1641 Loss: 0.101475
2026-08-23 11:13: Train Epoch 7: 600/1641 Loss: 0.090320
2026-08-23 11:13: Train Epoch 7: 620/1641 Loss: 0.086941
2026-08-23 11:14: Train Epoch 7: 640/1641 Loss: 0.087894
2026-08-23 11:14: Train Epoch 7: 660/1641 Loss: 0.053387
2026-08-23 11:14: Train Epoch 7: 680/1641 Loss: 0.081534
2026-08-23 11:14: Train Epoch 7: 700/1641 Loss: 0.111564
2026-08-23 11:14: Train Epoch 7: 720/1641 Loss: 0.087726
2026-08-23 11:14: Train Epoch 7: 740/1641 Loss: 0.075613
2026-08-23 11:14: Train Epoch 7: 760/1641 Loss: 0.111011
2026-08-23 11:14: Train Epoch 7: 780/1641 Loss: 0.108836
2026-08-23 11:14: Train Epoch 7: 800/1641 Loss: 0.065887
2026-08-23 11:14: Train Epoch 7: 820/1641 Loss: 0.154205
2026-08-23 11:14: Train Epoch 7: 840/1641 Loss: 0.099798
2026-08-23 11:14: Train Epoch 7: 860/1641 Loss: 0.148679
2026-08-23 11:14: Train Epoch 7: 880/1641 Loss: 0.096634
2026-08-23 11:14: Train Epoch 7: 900/1641 Loss: 0.067273
2026-08-23 11:14: Train Epoch 7: 920/1641 Loss: 0.114153
2026-08-23 11:14: Train Epoch 7: 940/1641 Loss: 0.104357
2026-08-23 11:14: Train Epoch 7: 960/1641 Loss: 0.095226
2026-08-23 11:14: Train Epoch 7: 980/1641 Loss: 0.069993
2026-08-23 11:14: Train Epoch 7: 1000/1641 Loss: 0.124925
2026-08-23 11:14: Train Epoch 7: 1020/1641 Loss: 0.101368
2026-08-23 11:14: Train Epoch 7: 1040/1641 Loss: 0.132250
2026-08-23 11:15: Train Epoch 7: 1060/1641 Loss: 0.143292
2026-08-23 11:15: Train Epoch 7: 1080/1641 Loss: 0.094390
2026-08-23 11:15: Train Epoch 7: 1100/1641 Loss: 0.137802
2026-08-23 11:15: Train Epoch 7: 1120/1641 Loss: 0.125696
2026-08-23 11:15: Train Epoch 7: 1140/1641 Loss: 0.098269
2026-08-23 11:15: Train Epoch 7: 1160/1641 Loss: 0.148143
2026-08-23 11:15: Train Epoch 7: 1180/1641 Loss: 0.115825
2026-08-23 11:15: Train Epoch 7: 1200/1641 Loss: 0.098067
2026-08-23 11:15: Train Epoch 7: 1220/1641 Loss: 0.085556
2026-08-23 11:15: Train Epoch 7: 1240/1641 Loss: 0.114419
2026-08-23 11:15: Train Epoch 7: 1260/1641 Loss: 0.101630
2026-08-23 11:15: Train Epoch 7: 1280/1641 Loss: 0.125401
2026-08-23 11:15: Train Epoch 7: 1300/1641 Loss: 0.094858
2026-08-23 11:15: Train Epoch 7: 1320/1641 Loss: 0.082897
2026-08-23 11:15: Train Epoch 7: 1340/1641 Loss: 0.124075
2026-08-23 11:15: Train Epoch 7: 1360/1641 Loss: 0.109814
2026-08-23 11:15: Train Epoch 7: 1380/1641 Loss: 0.097235
2026-08-23 11:15: Train Epoch 7: 1400/1641 Loss: 0.084330
2026-08-23 11:15: Train Epoch 7: 1420/1641 Loss: 0.131980
2026-08-23 11:15: Train Epoch 7: 1440/1641 Loss: 0.156029
2026-08-23 11:15: Train Epoch 7: 1460/1641 Loss: 0.098352
2026-08-23 11:15: Train Epoch 7: 1480/1641 Loss: 0.095621
2026-08-23 11:16: Train Epoch 7: 1500/1641 Loss: 0.070828
2026-08-23 11:16: Train Epoch 7: 1520/1641 Loss: 0.093491
2026-08-23 11:16: Train Epoch 7: 1540/1641 Loss: 0.088469
2026-08-23 11:16: Train Epoch 7: 1560/1641 Loss: 0.073838
2026-08-23 11:16: Train Epoch 7: 1580/1641 Loss: 0.087339
2026-08-23 11:16: Train Epoch 7: 1600/1641 Loss: 0.130505
2026-08-23 11:16: Train Epoch 7: 1620/1641 Loss: 0.106874
2026-08-23 11:16: Train Epoch 7: 1640/1641 Loss: 0.097899
2026-08-23 11:16: **********Train Epoch 7: averaged Loss: 0.101605, tf_ratio: 1.000000
2026-08-23 11:16: **********Val Epoch 7: average Loss: 0.137622
2026-08-23 11:16: Train Epoch 8: 0/1641 Loss: 0.112233
2026-08-23 11:16: Train Epoch 8: 20/1641 Loss: 0.091927
2026-08-23 11:16: Train Epoch 8: 40/1641 Loss: 0.110999
2026-08-23 11:16: Train Epoch 8: 60/1641 Loss: 0.075587
2026-08-23 11:16: Train Epoch 8: 80/1641 Loss: 0.119158
2026-08-23 11:16: Train Epoch 8: 100/1641 Loss: 0.105890
2026-08-23 11:17: Train Epoch 8: 120/1641 Loss: 0.165419
2026-08-23 11:17: Train Epoch 8: 140/1641 Loss: 0.074453
2026-08-23 11:17: Train Epoch 8: 160/1641 Loss: 0.054670
2026-08-23 11:17: Train Epoch 8: 180/1641 Loss: 0.099765
2026-08-23 11:17: Train Epoch 8: 200/1641 Loss: 0.093513
2026-08-23 11:17: Train Epoch 8: 220/1641 Loss: 0.098032
2026-08-23 11:17: Train Epoch 8: 240/1641 Loss: 0.124030
2026-08-23 11:17: Train Epoch 8: 260/1641 Loss: 0.091697
2026-08-23 11:17: Train Epoch 8: 280/1641 Loss: 0.101991
2026-08-23 11:17: Train Epoch 8: 300/1641 Loss: 0.081189
2026-08-23 11:17: Train Epoch 8: 320/1641 Loss: 0.097275
2026-08-23 11:17: Train Epoch 8: 340/1641 Loss: 0.126022
2026-08-23 11:17: Train Epoch 8: 360/1641 Loss: 0.109642
2026-08-23 11:17: Train Epoch 8: 380/1641 Loss: 0.107548
2026-08-23 11:17: Train Epoch 8: 400/1641 Loss: 0.067334
2026-08-23 11:17: Train Epoch 8: 420/1641 Loss: 0.103479
2026-08-23 11:17: Train Epoch 8: 440/1641 Loss: 0.125195
2026-08-23 11:17: Train Epoch 8: 460/1641 Loss: 0.117107
2026-08-23 11:17: Train Epoch 8: 480/1641 Loss: 0.063110
2026-08-23 11:17: Train Epoch 8: 500/1641 Loss: 0.099135
2026-08-23 11:17: Train Epoch 8: 520/1641 Loss: 0.109439
2026-08-23 11:17: Train Epoch 8: 540/1641 Loss: 0.094213
2026-08-23 11:18: Train Epoch 8: 560/1641 Loss: 0.111690
2026-08-23 11:18: Train Epoch 8: 580/1641 Loss: 0.070873
2026-08-23 11:18: Train Epoch 8: 600/1641 Loss: 0.108150
2026-08-23 11:18: Train Epoch 8: 620/1641 Loss: 0.104953
2026-08-23 11:18: Train Epoch 8: 640/1641 Loss: 0.094089
2026-08-23 11:18: Train Epoch 8: 660/1641 Loss: 0.069485
2026-08-23 11:18: Train Epoch 8: 680/1641 Loss: 0.070254
2026-08-23 11:18: Train Epoch 8: 700/1641 Loss: 0.065798
2026-08-23 11:18: Train Epoch 8: 720/1641 Loss: 0.060310
2026-08-23 11:18: Train Epoch 8: 740/1641 Loss: 0.061164
2026-08-23 11:18: Train Epoch 8: 760/1641 Loss: 0.130629
2026-08-23 11:18: Train Epoch 8: 780/1641 Loss: 0.080737
2026-08-23 11:18: Train Epoch 8: 800/1641 Loss: 0.080140
2026-08-23 11:18: Train Epoch 8: 820/1641 Loss: 0.086202
2026-08-23 11:18: Train Epoch 8: 840/1641 Loss: 0.064499
2026-08-23 11:18: Train Epoch 8: 860/1641 Loss: 0.078499
2026-08-23 11:18: Train Epoch 8: 880/1641 Loss: 0.095947
2026-08-23 11:18: Train Epoch 8: 900/1641 Loss: 0.099727
2026-08-23 11:18: Train Epoch 8: 920/1641 Loss: 0.071469
2026-08-23 11:18: Train Epoch 8: 940/1641 Loss: 0.042998
2026-08-23 11:18: Train Epoch 8: 960/1641 Loss: 0.069724
2026-08-23 11:19: Train Epoch 8: 980/1641 Loss: 0.119831
2026-08-23 11:19: Train Epoch 8: 1000/1641 Loss: 0.087797
2026-08-23 11:19: Train Epoch 8: 1020/1641 Loss: 0.088449
2026-08-23 11:19: Train Epoch 8: 1040/1641 Loss: 0.100440
2026-08-23 11:19: Train Epoch 8: 1060/1641 Loss: 0.094702
2026-08-23 11:19: Train Epoch 8: 1080/1641 Loss: 0.113077
2026-08-23 11:19: Train Epoch 8: 1100/1641 Loss: 0.098605
2026-08-23 11:19: Train Epoch 8: 1120/1641 Loss: 0.104910
2026-08-23 11:19: Train Epoch 8: 1140/1641 Loss: 0.134681
2026-08-23 11:19: Train Epoch 8: 1160/1641 Loss: 0.081327
2026-08-23 11:19: Train Epoch 8: 1180/1641 Loss: 0.087393
2026-08-23 11:19: Train Epoch 8: 1200/1641 Loss: 0.095630
2026-08-23 11:19: Train Epoch 8: 1220/1641 Loss: 0.130573
2026-08-23 11:19: Train Epoch 8: 1240/1641 Loss: 0.081439
2026-08-23 11:19: Train Epoch 8: 1260/1641 Loss: 0.131629
2026-08-23 11:19: Train Epoch 8: 1280/1641 Loss: 0.073880
2026-08-23 11:19: Train Epoch 8: 1300/1641 Loss: 0.107095
2026-08-23 11:19: Train Epoch 8: 1320/1641 Loss: 0.129207
2026-08-23 11:19: Train Epoch 8: 1340/1641 Loss: 0.073626
2026-08-23 11:19: Train Epoch 8: 1360/1641 Loss: 0.058609
2026-08-23 11:19: Train Epoch 8: 1380/1641 Loss: 0.114081
2026-08-23 11:20: Train Epoch 8: 1400/1641 Loss: 0.180245
2026-08-23 11:20: Train Epoch 8: 1420/1641 Loss: 0.076528
2026-08-23 11:20: Train Epoch 8: 1440/1641 Loss: 0.123434
2026-08-23 11:20: Train Epoch 8: 1460/1641 Loss: 0.114350
2026-08-23 11:20: Train Epoch 8: 1480/1641 Loss: 0.122795
2026-08-23 11:20: Train Epoch 8: 1500/1641 Loss: 0.081836
2026-08-23 11:20: Train Epoch 8: 1520/1641 Loss: 0.104103
2026-08-23 11:20: Train Epoch 8: 1540/1641 Loss: 0.061747
2026-08-23 11:20: Train Epoch 8: 1560/1641 Loss: 0.104716
2026-08-23 11:20: Train Epoch 8: 1580/1641 Loss: 0.051392
2026-08-23 11:20: Train Epoch 8: 1600/1641 Loss: 0.167960
2026-08-23 11:20: Train Epoch 8: 1620/1641 Loss: 0.097056
2026-08-23 11:20: Train Epoch 8: 1640/1641 Loss: 0.066353
2026-08-23 11:20: **********Train Epoch 8: averaged Loss: 0.101631, tf_ratio: 1.000000
2026-08-23 11:20: **********Val Epoch 8: average Loss: 0.137284
2026-08-23 11:20: Train Epoch 9: 0/1641 Loss: 0.130434
2026-08-23 11:21: Train Epoch 9: 20/1641 Loss: 0.107233
2026-08-23 11:21: Train Epoch 9: 40/1641 Loss: 0.165283
2026-08-23 11:21: Train Epoch 9: 60/1641 Loss: 0.110273
2026-08-23 11:21: Train Epoch 9: 80/1641 Loss: 0.100707
2026-08-23 11:21: Train Epoch 9: 100/1641 Loss: 0.097177
2026-08-23 11:21: Train Epoch 9: 120/1641 Loss: 0.070145
2026-08-23 11:21: Train Epoch 9: 140/1641 Loss: 0.063618
2026-08-23 11:21: Train Epoch 9: 160/1641 Loss: 0.131599
2026-08-23 11:21: Train Epoch 9: 180/1641 Loss: 0.101795
2026-08-23 11:21: Train Epoch 9: 200/1641 Loss: 0.103116
2026-08-23 11:21: Train Epoch 9: 220/1641 Loss: 0.119486
2026-08-23 11:21: Train Epoch 9: 240/1641 Loss: 0.131115
2026-08-23 11:21: Train Epoch 9: 260/1641 Loss: 0.104397
2026-08-23 11:21: Train Epoch 9: 280/1641 Loss: 0.104656
2026-08-23 11:21: Train Epoch 9: 300/1641 Loss: 0.052435
2026-08-23 11:21: Train Epoch 9: 320/1641 Loss: 0.121550
2026-08-23 11:21: Train Epoch 9: 340/1641 Loss: 0.079065
2026-08-23 11:21: Train Epoch 9: 360/1641 Loss: 0.165455
2026-08-23 11:21: Train Epoch 9: 380/1641 Loss: 0.137878
2026-08-23 11:21: Train Epoch 9: 400/1641 Loss: 0.116408
2026-08-23 11:21: Train Epoch 9: 420/1641 Loss: 0.078302
2026-08-23 11:22: Train Epoch 9: 440/1641 Loss: 0.097526
2026-08-23 11:22: Train Epoch 9: 460/1641 Loss: 0.061335
2026-08-23 11:22: Train Epoch 9: 480/1641 Loss: 0.105475
2026-08-23 11:22: Train Epoch 9: 500/1641 Loss: 0.141365
2026-08-23 11:22: Train Epoch 9: 520/1641 Loss: 0.061960
2026-08-23 11:22: Train Epoch 9: 540/1641 Loss: 0.134710
2026-08-23 11:22: Train Epoch 9: 560/1641 Loss: 0.076157
2026-08-23 11:22: Train Epoch 9: 580/1641 Loss: 0.157027
2026-08-23 11:22: Train Epoch 9: 600/1641 Loss: 0.096379
2026-08-23 11:22: Train Epoch 9: 620/1641 Loss: 0.076386
2026-08-23 11:22: Train Epoch 9: 640/1641 Loss: 0.081470
2026-08-23 11:22: Train Epoch 9: 660/1641 Loss: 0.118258
2026-08-23 11:22: Train Epoch 9: 680/1641 Loss: 0.094378
2026-08-23 11:22: Train Epoch 9: 700/1641 Loss: 0.050938
2026-08-23 11:22: Train Epoch 9: 720/1641 Loss: 0.159021
2026-08-23 11:22: Train Epoch 9: 740/1641 Loss: 0.101124
2026-08-23 11:22: Train Epoch 9: 760/1641 Loss: 0.053661
2026-08-23 11:22: Train Epoch 9: 780/1641 Loss: 0.157311
2026-08-23 11:22: Train Epoch 9: 800/1641 Loss: 0.061591
2026-08-23 11:22: Train Epoch 9: 820/1641 Loss: 0.129728
2026-08-23 11:22: Train Epoch 9: 840/1641 Loss: 0.113745
2026-08-23 11:22: Train Epoch 9: 860/1641 Loss: 0.057090
2026-08-23 11:23: Train Epoch 9: 880/1641 Loss: 0.074076
2026-08-23 11:23: Train Epoch 9: 900/1641 Loss: 0.114441
2026-08-23 11:23: Train Epoch 9: 920/1641 Loss: 0.093889
2026-08-23 11:23: Train Epoch 9: 940/1641 Loss: 0.158751
2026-08-23 11:23: Train Epoch 9: 960/1641 Loss: 0.120847
2026-08-23 11:23: Train Epoch 9: 980/1641 Loss: 0.132708
2026-08-23 11:23: Train Epoch 9: 1000/1641 Loss: 0.123370
2026-08-23 11:23: Train Epoch 9: 1020/1641 Loss: 0.090170
2026-08-23 11:23: Train Epoch 9: 1040/1641 Loss: 0.129480
2026-08-23 11:23: Train Epoch 9: 1060/1641 Loss: 0.089077
2026-08-23 11:23: Train Epoch 9: 1080/1641 Loss: 0.089012
2026-08-23 11:23: Train Epoch 9: 1100/1641 Loss: 0.115197
2026-08-23 11:23: Train Epoch 9: 1120/1641 Loss: 0.082260
2026-08-23 11:23: Train Epoch 9: 1140/1641 Loss: 0.088726
2026-08-23 11:23: Train Epoch 9: 1160/1641 Loss: 0.104305
2026-08-23 11:23: Train Epoch 9: 1180/1641 Loss: 0.063085
2026-08-23 11:23: Train Epoch 9: 1200/1641 Loss: 0.068280
2026-08-23 11:23: Train Epoch 9: 1220/1641 Loss: 0.138798
2026-08-23 11:23: Train Epoch 9: 1240/1641 Loss: 0.117685
2026-08-23 11:23: Train Epoch 9: 1260/1641 Loss: 0.091867
2026-08-23 11:23: Train Epoch 9: 1280/1641 Loss: 0.103859
2026-08-23 11:24: Train Epoch 9: 1300/1641 Loss: 0.060553
2026-08-23 11:24: Train Epoch 9: 1320/1641 Loss: 0.100228
2026-08-23 11:24: Train Epoch 9: 1340/1641 Loss: 0.101372
2026-08-23 11:24: Train Epoch 9: 1360/1641 Loss: 0.052653
2026-08-23 11:24: Train Epoch 9: 1380/1641 Loss: 0.107313
2026-08-23 11:24: Train Epoch 9: 1400/1641 Loss: 0.076489
2026-08-23 11:24: Train Epoch 9: 1420/1641 Loss: 0.116899
2026-08-23 11:24: Train Epoch 9: 1440/1641 Loss: 0.090428
2026-08-23 11:24: Train Epoch 9: 1460/1641 Loss: 0.113022
2026-08-23 11:24: Train Epoch 9: 1480/1641 Loss: 0.110017
2026-08-23 11:24: Train Epoch 9: 1500/1641 Loss: 0.083344
2026-08-23 11:24: Train Epoch 9: 1520/1641 Loss: 0.087683
2026-08-23 11:24: Train Epoch 9: 1540/1641 Loss: 0.094317
2026-08-23 11:24: Train Epoch 9: 1560/1641 Loss: 0.099538
2026-08-23 11:24: Train Epoch 9: 1580/1641 Loss: 0.144001
2026-08-23 11:24: Train Epoch 9: 1600/1641 Loss: 0.124812
2026-08-23 11:24: Train Epoch 9: 1620/1641 Loss: 0.136573
2026-08-23 11:24: Train Epoch 9: 1640/1641 Loss: 0.081351
2026-08-23 11:24: **********Train Epoch 9: averaged Loss: 0.101654, tf_ratio: 1.000000
2026-08-23 11:25: **********Val Epoch 9: average Loss: 0.137160
2026-08-23 11:25: Train Epoch 10: 0/1641 Loss: 0.076943
2026-08-23 11:25: Train Epoch 10: 20/1641 Loss: 0.093003
2026-08-23 11:25: Train Epoch 10: 40/1641 Loss: 0.115838
2026-08-23 11:25: Train Epoch 10: 60/1641 Loss: 0.063581
2026-08-23 11:25: Train Epoch 10: 80/1641 Loss: 0.066776
2026-08-23 11:25: Train Epoch 10: 100/1641 Loss: 0.170589
2026-08-23 11:25: Train Epoch 10: 120/1641 Loss: 0.123687
2026-08-23 11:25: Train Epoch 10: 140/1641 Loss: 0.109394
2026-08-23 11:25: Train Epoch 10: 160/1641 Loss: 0.055892
2026-08-23 11:25: Train Epoch 10: 180/1641 Loss: 0.101673
2026-08-23 11:25: Train Epoch 10: 200/1641 Loss: 0.104748
2026-08-23 11:25: Train Epoch 10: 220/1641 Loss: 0.112693
2026-08-23 11:25: Train Epoch 10: 240/1641 Loss: 0.090847
2026-08-23 11:25: Train Epoch 10: 260/1641 Loss: 0.072246
2026-08-23 11:25: Train Epoch 10: 280/1641 Loss: 0.113909
2026-08-23 11:25: Train Epoch 10: 300/1641 Loss: 0.076325
2026-08-23 11:25: Train Epoch 10: 320/1641 Loss: 0.103737
2026-08-23 11:25: Train Epoch 10: 340/1641 Loss: 0.082049
2026-08-23 11:26: Train Epoch 10: 360/1641 Loss: 0.124694
2026-08-23 11:26: Train Epoch 10: 380/1641 Loss: 0.081079
2026-08-23 11:26: Train Epoch 10: 400/1641 Loss: 0.077840
2026-08-23 11:26: Train Epoch 10: 420/1641 Loss: 0.079674
2026-08-23 11:26: Train Epoch 10: 440/1641 Loss: 0.088247
2026-08-23 11:26: Train Epoch 10: 460/1641 Loss: 0.077866
2026-08-23 11:26: Train Epoch 10: 480/1641 Loss: 0.063474
2026-08-23 11:26: Train Epoch 10: 500/1641 Loss: 0.126321
2026-08-23 11:26: Train Epoch 10: 520/1641 Loss: 0.132378
2026-08-23 11:26: Train Epoch 10: 540/1641 Loss: 0.049550
2026-08-23 11:26: Train Epoch 10: 560/1641 Loss: 0.110121
2026-08-23 11:26: Train Epoch 10: 580/1641 Loss: 0.105902
2026-08-23 11:26: Train Epoch 10: 600/1641 Loss: 0.127593
2026-08-23 11:26: Train Epoch 10: 620/1641 Loss: 0.130252
2026-08-23 11:26: Train Epoch 10: 640/1641 Loss: 0.162552
2026-08-23 11:26: Train Epoch 10: 660/1641 Loss: 0.109696
2026-08-23 11:26: Train Epoch 10: 680/1641 Loss: 0.076794
2026-08-23 11:26: Train Epoch 10: 700/1641 Loss: 0.086309
2026-08-23 11:26: Train Epoch 10: 720/1641 Loss: 0.100187
2026-08-23 11:26: Train Epoch 10: 740/1641 Loss: 0.082283
2026-08-23 11:26: Train Epoch 10: 760/1641 Loss: 0.098594
2026-08-23 11:27: Train Epoch 10: 780/1641 Loss: 0.202068
2026-08-23 11:27: Train Epoch 10: 800/1641 Loss: 0.050536
2026-08-23 11:27: Train Epoch 10: 820/1641 Loss: 0.110096
2026-08-23 11:27: Train Epoch 10: 840/1641 Loss: 0.126662
2026-08-23 11:27: Train Epoch 10: 860/1641 Loss: 0.113857
2026-08-23 11:27: Train Epoch 10: 880/1641 Loss: 0.155165
2026-08-23 11:27: Train Epoch 10: 900/1641 Loss: 0.156893
2026-08-23 11:27: Train Epoch 10: 920/1641 Loss: 0.063268
2026-08-23 11:27: Train Epoch 10: 940/1641 Loss: 0.077174
2026-08-23 11:27: Train Epoch 10: 960/1641 Loss: 0.072000
2026-08-23 11:27: Train Epoch 10: 980/1641 Loss: 0.075433
2026-08-23 11:27: Train Epoch 10: 1000/1641 Loss: 0.130052
2026-08-23 11:27: Train Epoch 10: 1020/1641 Loss: 0.144375
2026-08-23 11:27: Train Epoch 10: 1040/1641 Loss: 0.167107
2026-08-23 11:27: Train Epoch 10: 1060/1641 Loss: 0.100715
2026-08-23 11:27: Train Epoch 10: 1080/1641 Loss: 0.091343
2026-08-23 11:27: Train Epoch 10: 1100/1641 Loss: 0.079997
2026-08-23 11:27: Train Epoch 10: 1120/1641 Loss: 0.088727
2026-08-23 11:27: Train Epoch 10: 1140/1641 Loss: 0.083765
2026-08-23 11:27: Train Epoch 10: 1160/1641 Loss: 0.084723
2026-08-23 11:27: Train Epoch 10: 1180/1641 Loss: 0.063742
2026-08-23 11:28: Train Epoch 10: 1200/1641 Loss: 0.160392
2026-08-23 11:28: Train Epoch 10: 1220/1641 Loss: 0.114418
2026-08-23 11:28: Train Epoch 10: 1240/1641 Loss: 0.268274
2026-08-23 11:28: Train Epoch 10: 1260/1641 Loss: 0.086728
2026-08-23 11:28: Train Epoch 10: 1280/1641 Loss: 0.094808
2026-08-23 11:28: Train Epoch 10: 1300/1641 Loss: 0.092714
2026-08-23 11:28: Train Epoch 10: 1320/1641 Loss: 0.142479
2026-08-23 11:28: Train Epoch 10: 1340/1641 Loss: 0.086686
2026-08-23 11:28: Train Epoch 10: 1360/1641 Loss: 0.104441
2026-08-23 11:28: Train Epoch 10: 1380/1641 Loss: 0.075494
2026-08-23 11:28: Train Epoch 10: 1400/1641 Loss: 0.090200
2026-08-23 11:28: Train Epoch 10: 1420/1641 Loss: 0.111305
2026-08-23 11:28: Train Epoch 10: 1440/1641 Loss: 0.108520
2026-08-23 11:28: Train Epoch 10: 1460/1641 Loss: 0.146804
2026-08-23 11:28: Train Epoch 10: 1480/1641 Loss: 0.075337
2026-08-23 11:28: Train Epoch 10: 1500/1641 Loss: 0.112483
2026-08-23 11:28: Train Epoch 10: 1520/1641 Loss: 0.096475
2026-08-23 11:28: Train Epoch 10: 1540/1641 Loss: 0.111307
2026-08-23 11:28: Train Epoch 10: 1560/1641 Loss: 0.106554
2026-08-23 11:28: Train Epoch 10: 1580/1641 Loss: 0.134838
2026-08-23 11:28: Train Epoch 10: 1600/1641 Loss: 0.119821
2026-08-23 11:28: Train Epoch 10: 1620/1641 Loss: 0.097721
2026-08-23 11:29: Train Epoch 10: 1640/1641 Loss: 0.121113
2026-08-23 11:29: **********Train Epoch 10: averaged Loss: 0.101665, tf_ratio: 1.000000
2026-08-23 11:29: **********Val Epoch 10: average Loss: 0.137220
2026-08-23 11:29: Train Epoch 11: 0/1641 Loss: 0.093986
2026-08-23 11:29: Train Epoch 11: 20/1641 Loss: 0.046593
2026-08-23 11:29: Train Epoch 11: 40/1641 Loss: 0.080769
2026-08-23 11:29: Train Epoch 11: 60/1641 Loss: 0.118778
2026-08-23 11:29: Train Epoch 11: 80/1641 Loss: 0.081998
2026-08-23 11:29: Train Epoch 11: 100/1641 Loss: 0.075140
2026-08-23 11:29: Train Epoch 11: 120/1641 Loss: 0.089333
2026-08-23 11:29: Train Epoch 11: 140/1641 Loss: 0.110149
2026-08-23 11:29: Train Epoch 11: 160/1641 Loss: 0.048928
2026-08-23 11:29: Train Epoch 11: 180/1641 Loss: 0.073142
2026-08-23 11:29: Train Epoch 11: 200/1641 Loss: 0.079405
2026-08-23 11:29: Train Epoch 11: 220/1641 Loss: 0.086527
2026-08-23 11:29: Train Epoch 11: 240/1641 Loss: 0.110201
2026-08-23 11:29: Train Epoch 11: 260/1641 Loss: 0.076251
2026-08-23 11:30: Train Epoch 11: 280/1641 Loss: 0.100648
2026-08-23 11:30: Train Epoch 11: 300/1641 Loss: 0.092360
2026-08-23 11:30: Train Epoch 11: 320/1641 Loss: 0.090200
2026-08-23 11:30: Train Epoch 11: 340/1641 Loss: 0.103809
2026-08-23 11:30: Train Epoch 11: 360/1641 Loss: 0.088722
2026-08-23 11:30: Train Epoch 11: 380/1641 Loss: 0.093243
2026-08-23 11:30: Train Epoch 11: 400/1641 Loss: 0.145431
2026-08-23 11:30: Train Epoch 11: 420/1641 Loss: 0.072055
2026-08-23 11:30: Train Epoch 11: 440/1641 Loss: 0.159492
2026-08-23 11:30: Train Epoch 11: 460/1641 Loss: 0.104397
2026-08-23 11:30: Train Epoch 11: 480/1641 Loss: 0.107597
2026-08-23 11:30: Train Epoch 11: 500/1641 Loss: 0.098756
2026-08-23 11:30: Train Epoch 11: 520/1641 Loss: 0.183428
2026-08-23 11:30: Train Epoch 11: 540/1641 Loss: 0.104337
2026-08-23 11:30: Train Epoch 11: 560/1641 Loss: 0.046369
2026-08-23 11:30: Train Epoch 11: 580/1641 Loss: 0.073636
2026-08-23 11:30: Train Epoch 11: 600/1641 Loss: 0.140945
2026-08-23 11:30: Train Epoch 11: 620/1641 Loss: 0.120039
2026-08-23 11:30: Train Epoch 11: 640/1641 Loss: 0.098742
2026-08-23 11:30: Train Epoch 11: 660/1641 Loss: 0.108882
2026-08-23 11:30: Train Epoch 11: 680/1641 Loss: 0.119823
2026-08-23 11:31: Train Epoch 11: 700/1641 Loss: 0.080227
2026-08-23 11:31: Train Epoch 11: 720/1641 Loss: 0.155555
2026-08-23 11:31: Train Epoch 11: 740/1641 Loss: 0.078505
2026-08-23 11:31: Train Epoch 11: 760/1641 Loss: 0.094905
2026-08-23 11:31: Train Epoch 11: 780/1641 Loss: 0.053761
2026-08-23 11:31: Train Epoch 11: 800/1641 Loss: 0.086426
2026-08-23 11:31: Train Epoch 11: 820/1641 Loss: 0.139802
2026-08-23 11:31: Train Epoch 11: 840/1641 Loss: 0.078163
2026-08-23 11:31: Train Epoch 11: 860/1641 Loss: 0.092493
2026-08-23 11:31: Train Epoch 11: 880/1641 Loss: 0.092087
2026-08-23 11:31: Train Epoch 11: 900/1641 Loss: 0.084243
2026-08-23 11:31: Train Epoch 11: 920/1641 Loss: 0.115930
2026-08-23 11:31: Train Epoch 11: 940/1641 Loss: 0.092286
2026-08-23 11:31: Train Epoch 11: 960/1641 Loss: 0.055372
2026-08-23 11:31: Train Epoch 11: 980/1641 Loss: 0.097270
2026-08-23 11:31: Train Epoch 11: 1000/1641 Loss: 0.096243
2026-08-23 11:31: Train Epoch 11: 1020/1641 Loss: 0.114217
2026-08-23 11:31: Train Epoch 11: 1040/1641 Loss: 0.077589
2026-08-23 11:31: Train Epoch 11: 1060/1641 Loss: 0.101239
2026-08-23 11:31: Train Epoch 11: 1080/1641 Loss: 0.085815
2026-08-23 11:31: Train Epoch 11: 1100/1641 Loss: 0.097861
2026-08-23 11:31: Train Epoch 11: 1120/1641 Loss: 0.095076
2026-08-23 11:32: Train Epoch 11: 1140/1641 Loss: 0.073334
2026-08-23 11:32: Train Epoch 11: 1160/1641 Loss: 0.100956
2026-08-23 11:32: Train Epoch 11: 1180/1641 Loss: 0.102819
2026-08-23 11:32: Train Epoch 11: 1200/1641 Loss: 0.080859
2026-08-23 11:32: Train Epoch 11: 1220/1641 Loss: 0.070963
2026-08-23 11:32: Train Epoch 11: 1240/1641 Loss: 0.071081
2026-08-23 11:32: Train Epoch 11: 1260/1641 Loss: 0.080153
2026-08-23 11:32: Train Epoch 11: 1280/1641 Loss: 0.099037
2026-08-23 11:32: Train Epoch 11: 1300/1641 Loss: 0.117063
2026-08-23 11:32: Train Epoch 11: 1320/1641 Loss: 0.099261
2026-08-23 11:32: Train Epoch 11: 1340/1641 Loss: 0.151948
2026-08-23 11:32: Train Epoch 11: 1360/1641 Loss: 0.100119
2026-08-23 11:32: Train Epoch 11: 1380/1641 Loss: 0.110057
2026-08-23 11:32: Train Epoch 11: 1400/1641 Loss: 0.077855
2026-08-23 11:32: Train Epoch 11: 1420/1641 Loss: 0.058623
2026-08-23 11:32: Train Epoch 11: 1440/1641 Loss: 0.106838
2026-08-23 11:32: Train Epoch 11: 1460/1641 Loss: 0.137294
2026-08-23 11:32: Train Epoch 11: 1480/1641 Loss: 0.089800
2026-08-23 11:32: Train Epoch 11: 1500/1641 Loss: 0.100664
2026-08-23 11:32: Train Epoch 11: 1520/1641 Loss: 0.085726
2026-08-23 11:32: Train Epoch 11: 1540/1641 Loss: 0.110727
2026-08-23 11:32: Train Epoch 11: 1560/1641 Loss: 0.139705
2026-08-23 11:33: Train Epoch 11: 1580/1641 Loss: 0.085457
2026-08-23 11:33: Train Epoch 11: 1600/1641 Loss: 0.138557
2026-08-23 11:33: Train Epoch 11: 1620/1641 Loss: 0.101588
2026-08-23 11:33: Train Epoch 11: 1640/1641 Loss: 0.092220
2026-08-23 11:33: **********Train Epoch 11: averaged Loss: 0.101717, tf_ratio: 1.000000
2026-08-23 11:33: **********Val Epoch 11: average Loss: 0.137299
2026-08-23 11:33: Train Epoch 12: 0/1641 Loss: 0.068486
2026-08-23 11:33: Train Epoch 12: 20/1641 Loss: 0.113974
2026-08-23 11:33: Train Epoch 12: 40/1641 Loss: 0.133423
2026-08-23 11:33: Train Epoch 12: 60/1641 Loss: 0.090411
2026-08-23 11:33: Train Epoch 12: 80/1641 Loss: 0.113592
2026-08-23 11:33: Train Epoch 12: 100/1641 Loss: 0.100759
2026-08-23 11:33: Train Epoch 12: 120/1641 Loss: 0.127238
2026-08-23 11:33: Train Epoch 12: 140/1641 Loss: 0.083774
2026-08-23 11:33: Train Epoch 12: 160/1641 Loss: 0.071412
2026-08-23 11:33: Train Epoch 12: 180/1641 Loss: 0.070327
2026-08-23 11:34: Train Epoch 12: 200/1641 Loss: 0.107085
2026-08-23 11:34: Train Epoch 12: 220/1641 Loss: 0.122033
2026-08-23 11:34: Train Epoch 12: 240/1641 Loss: 0.091146
2026-08-23 11:34: Train Epoch 12: 260/1641 Loss: 0.089004
2026-08-23 11:34: Train Epoch 12: 280/1641 Loss: 0.092532
2026-08-23 11:34: Train Epoch 12: 300/1641 Loss: 0.110340
2026-08-23 11:34: Train Epoch 12: 320/1641 Loss: 0.083481
2026-08-23 11:34: Train Epoch 12: 340/1641 Loss: 0.115395
2026-08-23 11:34: Train Epoch 12: 360/1641 Loss: 0.108534
2026-08-23 11:34: Train Epoch 12: 380/1641 Loss: 0.163670
2026-08-23 11:34: Train Epoch 12: 400/1641 Loss: 0.080713
2026-08-23 11:34: Train Epoch 12: 420/1641 Loss: 0.089012
2026-08-23 11:34: Train Epoch 12: 440/1641 Loss: 0.104554
2026-08-23 11:34: Train Epoch 12: 460/1641 Loss: 0.090818
2026-08-23 11:34: Train Epoch 12: 480/1641 Loss: 0.110880
2026-08-23 11:34: Train Epoch 12: 500/1641 Loss: 0.103713
2026-08-23 11:34: Train Epoch 12: 520/1641 Loss: 0.071718
2026-08-23 11:34: Train Epoch 12: 540/1641 Loss: 0.130089
2026-08-23 11:34: Train Epoch 12: 560/1641 Loss: 0.075291
2026-08-23 11:34: Train Epoch 12: 580/1641 Loss: 0.140908
2026-08-23 11:34: Train Epoch 12: 600/1641 Loss: 0.154928
2026-08-23 11:34: Train Epoch 12: 620/1641 Loss: 0.049051
2026-08-23 11:35: Train Epoch 12: 640/1641 Loss: 0.082481
2026-08-23 11:35: Train Epoch 12: 660/1641 Loss: 0.111001
2026-08-23 11:35: Train Epoch 12: 680/1641 Loss: 0.122513
2026-08-23 11:35: Train Epoch 12: 700/1641 Loss: 0.067587
2026-08-23 11:35: Train Epoch 12: 720/1641 Loss: 0.108249
2026-08-23 11:35: Train Epoch 12: 740/1641 Loss: 0.107745
2026-08-23 11:35: Train Epoch 12: 760/1641 Loss: 0.065221
2026-08-23 11:35: Train Epoch 12: 780/1641 Loss: 0.103886
2026-08-23 11:35: Train Epoch 12: 800/1641 Loss: 0.129438
2026-08-23 11:35: Train Epoch 12: 820/1641 Loss: 0.116912
2026-08-23 11:35: Train Epoch 12: 840/1641 Loss: 0.101339
2026-08-23 11:35: Train Epoch 12: 860/1641 Loss: 0.124177
2026-08-23 11:35: Train Epoch 12: 880/1641 Loss: 0.058595
2026-08-23 11:35: Train Epoch 12: 900/1641 Loss: 0.105011
2026-08-23 11:35: Train Epoch 12: 920/1641 Loss: 0.124719
2026-08-23 11:35: Train Epoch 12: 940/1641 Loss: 0.052290
2026-08-23 11:35: Train Epoch 12: 960/1641 Loss: 0.132420
2026-08-23 11:35: Train Epoch 12: 980/1641 Loss: 0.098488
2026-08-23 11:35: Train Epoch 12: 1000/1641 Loss: 0.057360
2026-08-23 11:35: Train Epoch 12: 1020/1641 Loss: 0.107297
2026-08-23 11:35: Train Epoch 12: 1040/1641 Loss: 0.110814
2026-08-23 11:35: Train Epoch 12: 1060/1641 Loss: 0.084728
2026-08-23 11:36: Train Epoch 12: 1080/1641 Loss: 0.096690
2026-08-23 11:36: Train Epoch 12: 1100/1641 Loss: 0.107414
2026-08-23 11:36: Train Epoch 12: 1120/1641 Loss: 0.154959
2026-08-23 11:36: Train Epoch 12: 1140/1641 Loss: 0.098891
2026-08-23 11:36: Train Epoch 12: 1160/1641 Loss: 0.080210
2026-08-23 11:36: Train Epoch 12: 1180/1641 Loss: 0.086402
2026-08-23 11:36: Train Epoch 12: 1200/1641 Loss: 0.162929
2026-08-23 11:36: Train Epoch 12: 1220/1641 Loss: 0.125394
2026-08-23 11:36: Train Epoch 12: 1240/1641 Loss: 0.130378
2026-08-23 11:36: Train Epoch 12: 1260/1641 Loss: 0.095152
2026-08-23 11:36: Train Epoch 12: 1280/1641 Loss: 0.153488
2026-08-23 11:36: Train Epoch 12: 1300/1641 Loss: 0.064373
2026-08-23 11:36: Train Epoch 12: 1320/1641 Loss: 0.063380
2026-08-23 11:36: Train Epoch 12: 1340/1641 Loss: 0.071527
2026-08-23 11:36: Train Epoch 12: 1360/1641 Loss: 0.094766
2026-08-23 11:36: Train Epoch 12: 1380/1641 Loss: 0.124552
2026-08-23 11:36: Train Epoch 12: 1400/1641 Loss: 0.072717
2026-08-23 11:36: Train Epoch 12: 1420/1641 Loss: 0.098957
2026-08-23 11:36: Train Epoch 12: 1440/1641 Loss: 0.106724
2026-08-23 11:36: Train Epoch 12: 1460/1641 Loss: 0.125994
2026-08-23 11:36: Train Epoch 12: 1480/1641 Loss: 0.151363
2026-08-23 11:36: Train Epoch 12: 1500/1641 Loss: 0.078339
2026-08-23 11:37: Train Epoch 12: 1520/1641 Loss: 0.140811
2026-08-23 11:37: Train Epoch 12: 1540/1641 Loss: 0.097162
2026-08-23 11:37: Train Epoch 12: 1560/1641 Loss: 0.103783
2026-08-23 11:37: Train Epoch 12: 1580/1641 Loss: 0.110515
2026-08-23 11:37: Train Epoch 12: 1600/1641 Loss: 0.113688
2026-08-23 11:37: Train Epoch 12: 1620/1641 Loss: 0.100855
2026-08-23 11:37: Train Epoch 12: 1640/1641 Loss: 0.126385
2026-08-23 11:37: **********Train Epoch 12: averaged Loss: 0.101735, tf_ratio: 1.000000
2026-08-23 11:37: **********Val Epoch 12: average Loss: 0.137324
2026-08-23 11:37: Train Epoch 13: 0/1641 Loss: 0.077434
2026-08-23 11:37: Train Epoch 13: 20/1641 Loss: 0.101714
2026-08-23 11:37: Train Epoch 13: 40/1641 Loss: 0.125990
2026-08-23 11:37: Train Epoch 13: 60/1641 Loss: 0.064317
2026-08-23 11:37: Train Epoch 13: 80/1641 Loss: 0.098369
2026-08-23 11:37: Train Epoch 13: 100/1641 Loss: 0.086628
2026-08-23 11:37: Train Epoch 13: 120/1641 Loss: 0.081662
2026-08-23 11:38: Train Epoch 13: 140/1641 Loss: 0.100444
2026-08-23 11:38: Train Epoch 13: 160/1641 Loss: 0.140264
2026-08-23 11:38: Train Epoch 13: 180/1641 Loss: 0.128958
2026-08-23 11:38: Train Epoch 13: 200/1641 Loss: 0.049523
2026-08-23 11:38: Train Epoch 13: 220/1641 Loss: 0.068009
2026-08-23 11:38: Train Epoch 13: 240/1641 Loss: 0.081402
2026-08-23 11:38: Train Epoch 13: 260/1641 Loss: 0.084570
2026-08-23 11:38: Train Epoch 13: 280/1641 Loss: 0.070583
2026-08-23 11:38: Train Epoch 13: 300/1641 Loss: 0.091499
2026-08-23 11:38: Train Epoch 13: 320/1641 Loss: 0.074627
2026-08-23 11:38: Train Epoch 13: 340/1641 Loss: 0.104140
2026-08-23 11:38: Train Epoch 13: 360/1641 Loss: 0.092874
2026-08-23 11:38: Train Epoch 13: 380/1641 Loss: 0.158138
2026-08-23 11:38: Train Epoch 13: 400/1641 Loss: 0.061816
2026-08-23 11:38: Train Epoch 13: 420/1641 Loss: 0.053661
2026-08-23 11:38: Train Epoch 13: 440/1641 Loss: 0.079059
2026-08-23 11:38: Train Epoch 13: 460/1641 Loss: 0.085090
2026-08-23 11:38: Train Epoch 13: 480/1641 Loss: 0.080196
2026-08-23 11:38: Train Epoch 13: 500/1641 Loss: 0.084171
2026-08-23 11:38: Train Epoch 13: 520/1641 Loss: 0.108415
2026-08-23 11:38: Train Epoch 13: 540/1641 Loss: 0.085229
2026-08-23 11:38: Train Epoch 13: 560/1641 Loss: 0.115251
2026-08-23 11:39: Train Epoch 13: 580/1641 Loss: 0.124742
2026-08-23 11:39: Train Epoch 13: 600/1641 Loss: 0.066916
2026-08-23 11:39: Train Epoch 13: 620/1641 Loss: 0.092688
2026-08-23 11:39: Train Epoch 13: 640/1641 Loss: 0.091322
2026-08-23 11:39: Train Epoch 13: 660/1641 Loss: 0.102932
2026-08-23 11:39: Train Epoch 13: 680/1641 Loss: 0.082490
2026-08-23 11:39: Train Epoch 13: 700/1641 Loss: 0.092301
2026-08-23 11:39: Train Epoch 13: 720/1641 Loss: 0.103658
2026-08-23 11:39: Train Epoch 13: 740/1641 Loss: 0.106768
2026-08-23 11:39: Train Epoch 13: 760/1641 Loss: 0.129498
2026-08-23 11:39: Train Epoch 13: 780/1641 Loss: 0.113944
2026-08-23 11:39: Train Epoch 13: 800/1641 Loss: 0.117759
2026-08-23 11:39: Train Epoch 13: 820/1641 Loss: 0.081587
2026-08-23 11:39: Train Epoch 13: 840/1641 Loss: 0.105352
2026-08-23 11:39: Train Epoch 13: 860/1641 Loss: 0.100450
2026-08-23 11:39: Train Epoch 13: 880/1641 Loss: 0.127286
2026-08-23 11:39: Train Epoch 13: 900/1641 Loss: 0.044625
2026-08-23 11:39: Train Epoch 13: 920/1641 Loss: 0.126806
2026-08-23 11:39: Train Epoch 13: 940/1641 Loss: 0.123110
2026-08-23 11:39: Train Epoch 13: 960/1641 Loss: 0.063615
2026-08-23 11:39: Train Epoch 13: 980/1641 Loss: 0.126797
2026-08-23 11:39: Train Epoch 13: 1000/1641 Loss: 0.094215
2026-08-23 11:40: Train Epoch 13: 1020/1641 Loss: 0.145562
2026-08-23 11:40: Train Epoch 13: 1040/1641 Loss: 0.056198
2026-08-23 11:40: Train Epoch 13: 1060/1641 Loss: 0.089584
2026-08-23 11:40: Train Epoch 13: 1080/1641 Loss: 0.067917
2026-08-23 11:40: Train Epoch 13: 1100/1641 Loss: 0.056481
2026-08-23 11:40: Train Epoch 13: 1120/1641 Loss: 0.116208
2026-08-23 11:40: Train Epoch 13: 1140/1641 Loss: 0.087222
2026-08-23 11:40: Train Epoch 13: 1160/1641 Loss: 0.093849
2026-08-23 11:40: Train Epoch 13: 1180/1641 Loss: 0.136199
2026-08-23 11:40: Train Epoch 13: 1200/1641 Loss: 0.057474
2026-08-23 11:40: Train Epoch 13: 1220/1641 Loss: 0.127461
2026-08-23 11:40: Train Epoch 13: 1240/1641 Loss: 0.081127
2026-08-23 11:40: Train Epoch 13: 1260/1641 Loss: 0.100452
2026-08-23 11:40: Train Epoch 13: 1280/1641 Loss: 0.105044
2026-08-23 11:40: Train Epoch 13: 1300/1641 Loss: 0.091188
2026-08-23 11:40: Train Epoch 13: 1320/1641 Loss: 0.128091
2026-08-23 11:40: Train Epoch 13: 1340/1641 Loss: 0.098073
2026-08-23 11:40: Train Epoch 13: 1360/1641 Loss: 0.085471
2026-08-23 11:40: Train Epoch 13: 1380/1641 Loss: 0.163472
2026-08-23 11:40: Train Epoch 13: 1400/1641 Loss: 0.098445
2026-08-23 11:40: Train Epoch 13: 1420/1641 Loss: 0.104040
2026-08-23 11:41: Train Epoch 13: 1440/1641 Loss: 0.090691
2026-08-23 11:41: Train Epoch 13: 1460/1641 Loss: 0.144872
2026-08-23 11:41: Train Epoch 13: 1480/1641 Loss: 0.093220
2026-08-23 11:41: Train Epoch 13: 1500/1641 Loss: 0.085033
2026-08-23 11:41: Train Epoch 13: 1520/1641 Loss: 0.093015
2026-08-23 11:41: Train Epoch 13: 1540/1641 Loss: 0.100148
2026-08-23 11:41: Train Epoch 13: 1560/1641 Loss: 0.091300
2026-08-23 11:41: Train Epoch 13: 1580/1641 Loss: 0.121626
2026-08-23 11:41: Train Epoch 13: 1600/1641 Loss: 0.094526
2026-08-23 11:41: Train Epoch 13: 1620/1641 Loss: 0.146312
2026-08-23 11:41: Train Epoch 13: 1640/1641 Loss: 0.105022
2026-08-23 11:41: **********Train Epoch 13: averaged Loss: 0.101733, tf_ratio: 1.000000
2026-08-23 11:41: **********Val Epoch 13: average Loss: 0.137199
2026-08-23 11:41: Train Epoch 14: 0/1641 Loss: 0.145527
2026-08-23 11:41: Train Epoch 14: 20/1641 Loss: 0.093395
2026-08-23 11:41: Train Epoch 14: 40/1641 Loss: 0.131958
2026-08-23 11:41: Train Epoch 14: 60/1641 Loss: 0.089209
2026-08-23 11:42: Train Epoch 14: 80/1641 Loss: 0.083376
2026-08-23 11:42: Train Epoch 14: 100/1641 Loss: 0.098844
2026-08-23 11:42: Train Epoch 14: 120/1641 Loss: 0.099084
2026-08-23 11:42: Train Epoch 14: 140/1641 Loss: 0.100721
2026-08-23 11:42: Train Epoch 14: 160/1641 Loss: 0.104511
2026-08-23 11:42: Train Epoch 14: 180/1641 Loss: 0.131051
2026-08-23 11:42: Train Epoch 14: 200/1641 Loss: 0.070322
2026-08-23 11:42: Train Epoch 14: 220/1641 Loss: 0.120650
2026-08-23 11:42: Train Epoch 14: 240/1641 Loss: 0.064417
2026-08-23 11:42: Train Epoch 14: 260/1641 Loss: 0.086034
2026-08-23 11:42: Train Epoch 14: 280/1641 Loss: 0.076205
2026-08-23 11:42: Train Epoch 14: 300/1641 Loss: 0.154209
2026-08-23 11:42: Train Epoch 14: 320/1641 Loss: 0.163839
2026-08-23 11:42: Train Epoch 14: 340/1641 Loss: 0.127692
2026-08-23 11:42: Train Epoch 14: 360/1641 Loss: 0.129221
2026-08-23 11:42: Train Epoch 14: 380/1641 Loss: 0.133173
2026-08-23 11:42: Train Epoch 14: 400/1641 Loss: 0.076010
2026-08-23 11:42: Train Epoch 14: 420/1641 Loss: 0.072039
2026-08-23 11:42: Train Epoch 14: 440/1641 Loss: 0.084660
2026-08-23 11:42: Train Epoch 14: 460/1641 Loss: 0.153945
2026-08-23 11:42: Train Epoch 14: 480/1641 Loss: 0.105872
2026-08-23 11:42: Train Epoch 14: 500/1641 Loss: 0.117250
2026-08-23 11:43: Train Epoch 14: 520/1641 Loss: 0.073391
2026-08-23 11:43: Train Epoch 14: 540/1641 Loss: 0.079441
2026-08-23 11:43: Train Epoch 14: 560/1641 Loss: 0.122609
2026-08-23 11:43: Train Epoch 14: 580/1641 Loss: 0.101467
2026-08-23 11:43: Train Epoch 14: 600/1641 Loss: 0.125067
2026-08-23 11:43: Train Epoch 14: 620/1641 Loss: 0.095907
2026-08-23 11:43: Train Epoch 14: 640/1641 Loss: 0.112478
2026-08-23 11:43: Train Epoch 14: 660/1641 Loss: 0.081475
2026-08-23 11:43: Train Epoch 14: 680/1641 Loss: 0.095251
2026-08-23 11:43: Train Epoch 14: 700/1641 Loss: 0.119441
2026-08-23 11:43: Train Epoch 14: 720/1641 Loss: 0.098999
2026-08-23 11:43: Train Epoch 14: 740/1641 Loss: 0.067591
2026-08-23 11:43: Train Epoch 14: 760/1641 Loss: 0.103147
2026-08-23 11:43: Train Epoch 14: 780/1641 Loss: 0.095960
2026-08-23 11:43: Train Epoch 14: 800/1641 Loss: 0.061553
2026-08-23 11:43: Train Epoch 14: 820/1641 Loss: 0.136606
2026-08-23 11:43: Train Epoch 14: 840/1641 Loss: 0.096967
2026-08-23 11:43: Train Epoch 14: 860/1641 Loss: 0.124562
2026-08-23 11:43: Train Epoch 14: 880/1641 Loss: 0.123221
2026-08-23 11:43: Train Epoch 14: 900/1641 Loss: 0.085609
2026-08-23 11:43: Train Epoch 14: 920/1641 Loss: 0.120800
2026-08-23 11:43: Train Epoch 14: 940/1641 Loss: 0.074596
2026-08-23 11:44: Train Epoch 14: 960/1641 Loss: 0.068619
2026-08-23 11:44: Train Epoch 14: 980/1641 Loss: 0.102835
2026-08-23 11:44: Train Epoch 14: 1000/1641 Loss: 0.120922
2026-08-23 11:44: Train Epoch 14: 1020/1641 Loss: 0.133456
2026-08-23 11:44: Train Epoch 14: 1040/1641 Loss: 0.102168
2026-08-23 11:44: Train Epoch 14: 1060/1641 Loss: 0.095420
2026-08-23 11:44: Train Epoch 14: 1080/1641 Loss: 0.080124
2026-08-23 11:44: Train Epoch 14: 1100/1641 Loss: 0.074639
2026-08-23 11:44: Train Epoch 14: 1120/1641 Loss: 0.107475
2026-08-23 11:44: Train Epoch 14: 1140/1641 Loss: 0.082005
2026-08-23 11:44: Train Epoch 14: 1160/1641 Loss: 0.101572
2026-08-23 11:44: Train Epoch 14: 1180/1641 Loss: 0.116324
2026-08-23 11:44: Train Epoch 14: 1200/1641 Loss: 0.077723
2026-08-23 11:44: Train Epoch 14: 1220/1641 Loss: 0.127831
2026-08-23 11:44: Train Epoch 14: 1240/1641 Loss: 0.068247
2026-08-23 11:44: Train Epoch 14: 1260/1641 Loss: 0.084774
2026-08-23 11:44: Train Epoch 14: 1280/1641 Loss: 0.089768
2026-08-23 11:44: Train Epoch 14: 1300/1641 Loss: 0.124774
2026-08-23 11:44: Train Epoch 14: 1320/1641 Loss: 0.093242
2026-08-23 11:44: Train Epoch 14: 1340/1641 Loss: 0.138053
2026-08-23 11:44: Train Epoch 14: 1360/1641 Loss: 0.105959
2026-08-23 11:44: Train Epoch 14: 1380/1641 Loss: 0.157554
2026-08-23 11:45: Train Epoch 14: 1400/1641 Loss: 0.125373
2026-08-23 11:45: Train Epoch 14: 1420/1641 Loss: 0.081592
2026-08-23 11:45: Train Epoch 14: 1440/1641 Loss: 0.086316
2026-08-23 11:45: Train Epoch 14: 1460/1641 Loss: 0.117517
2026-08-23 11:45: Train Epoch 14: 1480/1641 Loss: 0.086918
2026-08-23 11:45: Train Epoch 14: 1500/1641 Loss: 0.086855
2026-08-23 11:45: Train Epoch 14: 1520/1641 Loss: 0.129025
2026-08-23 11:45: Train Epoch 14: 1540/1641 Loss: 0.076983
2026-08-23 11:45: Train Epoch 14: 1560/1641 Loss: 0.103246
2026-08-23 11:45: Train Epoch 14: 1580/1641 Loss: 0.089231
2026-08-23 11:45: Train Epoch 14: 1600/1641 Loss: 0.121263
2026-08-23 11:45: Train Epoch 14: 1620/1641 Loss: 0.107681
2026-08-23 11:45: Train Epoch 14: 1640/1641 Loss: 0.154152
2026-08-23 11:45: **********Train Epoch 14: averaged Loss: 0.101750, tf_ratio: 1.000000
2026-08-23 11:45: **********Val Epoch 14: average Loss: 0.137246
2026-08-23 11:45: Train Epoch 15: 0/1641 Loss: 0.129116
2026-08-23 11:46: Train Epoch 15: 20/1641 Loss: 0.069593
2026-08-23 11:46: Train Epoch 15: 40/1641 Loss: 0.131100
2026-08-23 11:46: Train Epoch 15: 60/1641 Loss: 0.063103
2026-08-23 11:46: Train Epoch 15: 80/1641 Loss: 0.071721
2026-08-23 11:46: Train Epoch 15: 100/1641 Loss: 0.105078
2026-08-23 11:46: Train Epoch 15: 120/1641 Loss: 0.099688
2026-08-23 11:46: Train Epoch 15: 140/1641 Loss: 0.128850
2026-08-23 11:46: Train Epoch 15: 160/1641 Loss: 0.097441
2026-08-23 11:46: Train Epoch 15: 180/1641 Loss: 0.090279
2026-08-23 11:46: Train Epoch 15: 200/1641 Loss: 0.070282
2026-08-23 11:46: Train Epoch 15: 220/1641 Loss: 0.100980
2026-08-23 11:46: Train Epoch 15: 240/1641 Loss: 0.090970
2026-08-23 11:46: Train Epoch 15: 260/1641 Loss: 0.113214
2026-08-23 11:46: Train Epoch 15: 280/1641 Loss: 0.099122
2026-08-23 11:46: Train Epoch 15: 300/1641 Loss: 0.129036
2026-08-23 11:46: Train Epoch 15: 320/1641 Loss: 0.068316
2026-08-23 11:46: Train Epoch 15: 340/1641 Loss: 0.110270
2026-08-23 11:46: Train Epoch 15: 360/1641 Loss: 0.098523
2026-08-23 11:46: Train Epoch 15: 380/1641 Loss: 0.115556
2026-08-23 11:46: Train Epoch 15: 400/1641 Loss: 0.099035
2026-08-23 11:46: Train Epoch 15: 420/1641 Loss: 0.098236
2026-08-23 11:46: Train Epoch 15: 440/1641 Loss: 0.106891
2026-08-23 11:47: Train Epoch 15: 460/1641 Loss: 0.084526
2026-08-23 11:47: Train Epoch 15: 480/1641 Loss: 0.102733
2026-08-23 11:47: Train Epoch 15: 500/1641 Loss: 0.096964
2026-08-23 11:47: Train Epoch 15: 520/1641 Loss: 0.120402
2026-08-23 11:47: Train Epoch 15: 540/1641 Loss: 0.090354
2026-08-23 11:47: Train Epoch 15: 560/1641 Loss: 0.080420
2026-08-23 11:47: Train Epoch 15: 580/1641 Loss: 0.169166
2026-08-23 11:47: Train Epoch 15: 600/1641 Loss: 0.078944
2026-08-23 11:47: Train Epoch 15: 620/1641 Loss: 0.172514
2026-08-23 11:47: Train Epoch 15: 640/1641 Loss: 0.115751
2026-08-23 11:47: Train Epoch 15: 660/1641 Loss: 0.135863
2026-08-23 11:47: Train Epoch 15: 680/1641 Loss: 0.108363
2026-08-23 11:47: Train Epoch 15: 700/1641 Loss: 0.065638
2026-08-23 11:47: Train Epoch 15: 720/1641 Loss: 0.095958
2026-08-23 11:47: Train Epoch 15: 740/1641 Loss: 0.151135
2026-08-23 11:47: Train Epoch 15: 760/1641 Loss: 0.085016
2026-08-23 11:47: Train Epoch 15: 780/1641 Loss: 0.126199
2026-08-23 11:47: Train Epoch 15: 800/1641 Loss: 0.142565
2026-08-23 11:47: Train Epoch 15: 820/1641 Loss: 0.109851
2026-08-23 11:47: Train Epoch 15: 840/1641 Loss: 0.053397
2026-08-23 11:47: Train Epoch 15: 860/1641 Loss: 0.168424
2026-08-23 11:47: Train Epoch 15: 880/1641 Loss: 0.081656
2026-08-23 11:48: Train Epoch 15: 900/1641 Loss: 0.095059
2026-08-23 11:48: Train Epoch 15: 920/1641 Loss: 0.095666
2026-08-23 11:48: Train Epoch 15: 940/1641 Loss: 0.090700
2026-08-23 11:48: Train Epoch 15: 960/1641 Loss: 0.113288
2026-08-23 11:48: Train Epoch 15: 980/1641 Loss: 0.092105
2026-08-23 11:48: Train Epoch 15: 1000/1641 Loss: 0.111027
2026-08-23 11:48: Train Epoch 15: 1020/1641 Loss: 0.107199
2026-08-23 11:48: Train Epoch 15: 1040/1641 Loss: 0.099483
2026-08-23 11:48: Train Epoch 15: 1060/1641 Loss: 0.081829
2026-08-23 11:48: Train Epoch 15: 1080/1641 Loss: 0.102869
2026-08-23 11:48: Train Epoch 15: 1100/1641 Loss: 0.083174
2026-08-23 11:48: Train Epoch 15: 1120/1641 Loss: 0.105462
2026-08-23 11:48: Train Epoch 15: 1140/1641 Loss: 0.065952
2026-08-23 11:48: Train Epoch 15: 1160/1641 Loss: 0.114056
2026-08-23 11:48: Train Epoch 15: 1180/1641 Loss: 0.068780
2026-08-23 11:48: Train Epoch 15: 1200/1641 Loss: 0.052506
2026-08-23 11:48: Train Epoch 15: 1220/1641 Loss: 0.113604
2026-08-23 11:48: Train Epoch 15: 1240/1641 Loss: 0.094090
2026-08-23 11:48: Train Epoch 15: 1260/1641 Loss: 0.131518
2026-08-23 11:48: Train Epoch 15: 1280/1641 Loss: 0.065639
2026-08-23 11:48: Train Epoch 15: 1300/1641 Loss: 0.096920
2026-08-23 11:49: Train Epoch 15: 1320/1641 Loss: 0.122953
2026-08-23 11:49: Train Epoch 15: 1340/1641 Loss: 0.124493
2026-08-23 11:49: Train Epoch 15: 1360/1641 Loss: 0.099592
2026-08-23 11:49: Train Epoch 15: 1380/1641 Loss: 0.059825
2026-08-23 11:49: Train Epoch 15: 1400/1641 Loss: 0.068441
2026-08-23 11:49: Train Epoch 15: 1420/1641 Loss: 0.115247
2026-08-23 11:49: Train Epoch 15: 1440/1641 Loss: 0.112834
2026-08-23 11:49: Train Epoch 15: 1460/1641 Loss: 0.090308
2026-08-23 11:49: Train Epoch 15: 1480/1641 Loss: 0.075350
2026-08-23 11:49: Train Epoch 15: 1500/1641 Loss: 0.090312
2026-08-23 11:49: Train Epoch 15: 1520/1641 Loss: 0.068127
2026-08-23 11:49: Train Epoch 15: 1540/1641 Loss: 0.103511
2026-08-23 11:49: Train Epoch 15: 1560/1641 Loss: 0.084420
2026-08-23 11:49: Train Epoch 15: 1580/1641 Loss: 0.073736
2026-08-23 11:49: Train Epoch 15: 1600/1641 Loss: 0.092007
2026-08-23 11:49: Train Epoch 15: 1620/1641 Loss: 0.099822
2026-08-23 11:49: Train Epoch 15: 1640/1641 Loss: 0.088170
2026-08-23 11:49: **********Train Epoch 15: averaged Loss: 0.101774, tf_ratio: 1.000000
2026-08-23 11:50: **********Val Epoch 15: average Loss: 0.137586
2026-08-23 11:50: Train Epoch 16: 0/1641 Loss: 0.103244
2026-08-23 11:50: Train Epoch 16: 20/1641 Loss: 0.115665
2026-08-23 11:50: Train Epoch 16: 40/1641 Loss: 0.069345
2026-08-23 11:50: Train Epoch 16: 60/1641 Loss: 0.095914
2026-08-23 11:50: Train Epoch 16: 80/1641 Loss: 0.125504
2026-08-23 11:50: Train Epoch 16: 100/1641 Loss: 0.090517
2026-08-23 11:50: Train Epoch 16: 120/1641 Loss: 0.105346
2026-08-23 11:50: Train Epoch 16: 140/1641 Loss: 0.110733
2026-08-23 11:50: Train Epoch 16: 160/1641 Loss: 0.090293
2026-08-23 11:50: Train Epoch 16: 180/1641 Loss: 0.125665
2026-08-23 11:50: Train Epoch 16: 200/1641 Loss: 0.106341
2026-08-23 11:50: Train Epoch 16: 220/1641 Loss: 0.108254
2026-08-23 11:50: Train Epoch 16: 240/1641 Loss: 0.095231
2026-08-23 11:50: Train Epoch 16: 260/1641 Loss: 0.157720
2026-08-23 11:50: Train Epoch 16: 280/1641 Loss: 0.098940
2026-08-23 11:50: Train Epoch 16: 300/1641 Loss: 0.109780
2026-08-23 11:50: Train Epoch 16: 320/1641 Loss: 0.118410
2026-08-23 11:50: Train Epoch 16: 340/1641 Loss: 0.108912
2026-08-23 11:50: Train Epoch 16: 360/1641 Loss: 0.088523
2026-08-23 11:50: Train Epoch 16: 380/1641 Loss: 0.058607
2026-08-23 11:51: Train Epoch 16: 400/1641 Loss: 0.088328
2026-08-23 11:51: Train Epoch 16: 420/1641 Loss: 0.085376
2026-08-23 11:51: Train Epoch 16: 440/1641 Loss: 0.118776
2026-08-23 11:51: Train Epoch 16: 460/1641 Loss: 0.086293
2026-08-23 11:51: Train Epoch 16: 480/1641 Loss: 0.084967
2026-08-23 11:51: Train Epoch 16: 500/1641 Loss: 0.106301
2026-08-23 11:51: Train Epoch 16: 520/1641 Loss: 0.071631
2026-08-23 11:51: Train Epoch 16: 540/1641 Loss: 0.086714
2026-08-23 11:51: Train Epoch 16: 560/1641 Loss: 0.099257
2026-08-23 11:51: Train Epoch 16: 580/1641 Loss: 0.069160
2026-08-23 11:51: Train Epoch 16: 600/1641 Loss: 0.123666
2026-08-23 11:51: Train Epoch 16: 620/1641 Loss: 0.100403
2026-08-23 11:51: Train Epoch 16: 640/1641 Loss: 0.075995
2026-08-23 11:51: Train Epoch 16: 660/1641 Loss: 0.058200
2026-08-23 11:51: Train Epoch 16: 680/1641 Loss: 0.073407
2026-08-23 11:51: Train Epoch 16: 700/1641 Loss: 0.124500
2026-08-23 11:51: Train Epoch 16: 720/1641 Loss: 0.132078
2026-08-23 11:51: Train Epoch 16: 740/1641 Loss: 0.065961
2026-08-23 11:51: Train Epoch 16: 760/1641 Loss: 0.056258
2026-08-23 11:51: Train Epoch 16: 780/1641 Loss: 0.097073
2026-08-23 11:51: Train Epoch 16: 800/1641 Loss: 0.062380
2026-08-23 11:51: Train Epoch 16: 820/1641 Loss: 0.128454
2026-08-23 11:52: Train Epoch 16: 840/1641 Loss: 0.155502
2026-08-23 11:52: Train Epoch 16: 860/1641 Loss: 0.108929
2026-08-23 11:52: Train Epoch 16: 880/1641 Loss: 0.112843
2026-08-23 11:52: Train Epoch 16: 900/1641 Loss: 0.164571
2026-08-23 11:52: Train Epoch 16: 920/1641 Loss: 0.050142
2026-08-23 11:52: Train Epoch 16: 940/1641 Loss: 0.104771
2026-08-23 11:52: Train Epoch 16: 960/1641 Loss: 0.066710
2026-08-23 11:52: Train Epoch 16: 980/1641 Loss: 0.091195
2026-08-23 11:52: Train Epoch 16: 1000/1641 Loss: 0.055174
2026-08-23 11:52: Train Epoch 16: 1020/1641 Loss: 0.137183
2026-08-23 11:52: Train Epoch 16: 1040/1641 Loss: 0.120575
2026-08-23 11:52: Train Epoch 16: 1060/1641 Loss: 0.087728
2026-08-23 11:52: Train Epoch 16: 1080/1641 Loss: 0.110620
2026-08-23 11:52: Train Epoch 16: 1100/1641 Loss: 0.109100
2026-08-23 11:52: Train Epoch 16: 1120/1641 Loss: 0.122727
2026-08-23 11:52: Train Epoch 16: 1140/1641 Loss: 0.165478
2026-08-23 11:52: Train Epoch 16: 1160/1641 Loss: 0.117605
2026-08-23 11:52: Train Epoch 16: 1180/1641 Loss: 0.109839
2026-08-23 11:52: Train Epoch 16: 1200/1641 Loss: 0.090775
2026-08-23 11:52: Train Epoch 16: 1220/1641 Loss: 0.108703
2026-08-23 11:52: Train Epoch 16: 1240/1641 Loss: 0.094019
2026-08-23 11:52: Train Epoch 16: 1260/1641 Loss: 0.087926
2026-08-23 11:53: Train Epoch 16: 1280/1641 Loss: 0.086843
2026-08-23 11:53: Train Epoch 16: 1300/1641 Loss: 0.095743
2026-08-23 11:53: Train Epoch 16: 1320/1641 Loss: 0.082801
2026-08-23 11:53: Train Epoch 16: 1340/1641 Loss: 0.111631
2026-08-23 11:53: Train Epoch 16: 1360/1641 Loss: 0.077750
2026-08-23 11:53: Train Epoch 16: 1380/1641 Loss: 0.161886
2026-08-23 11:53: Train Epoch 16: 1400/1641 Loss: 0.080068
2026-08-23 11:53: Train Epoch 16: 1420/1641 Loss: 0.082967
2026-08-23 11:53: Train Epoch 16: 1440/1641 Loss: 0.130297
2026-08-23 11:53: Train Epoch 16: 1460/1641 Loss: 0.093622
2026-08-23 11:53: Train Epoch 16: 1480/1641 Loss: 0.080742
2026-08-23 11:53: Train Epoch 16: 1500/1641 Loss: 0.125424
2026-08-23 11:53: Train Epoch 16: 1520/1641 Loss: 0.101828
2026-08-23 11:53: Train Epoch 16: 1540/1641 Loss: 0.079283
2026-08-23 11:53: Train Epoch 16: 1560/1641 Loss: 0.069638
2026-08-23 11:53: Train Epoch 16: 1580/1641 Loss: 0.148888
2026-08-23 11:53: Train Epoch 16: 1600/1641 Loss: 0.092701
2026-08-23 11:53: Train Epoch 16: 1620/1641 Loss: 0.074953
2026-08-23 11:53: Train Epoch 16: 1640/1641 Loss: 0.083484
2026-08-23 11:53: **********Train Epoch 16: averaged Loss: 0.101816, tf_ratio: 1.000000
2026-08-23 11:54: **********Val Epoch 16: average Loss: 0.137456
2026-08-23 11:54: Train Epoch 17: 0/1641 Loss: 0.126691
2026-08-23 11:54: Train Epoch 17: 20/1641 Loss: 0.135541
2026-08-23 11:54: Train Epoch 17: 40/1641 Loss: 0.106314
2026-08-23 11:54: Train Epoch 17: 60/1641 Loss: 0.085019
2026-08-23 11:54: Train Epoch 17: 80/1641 Loss: 0.064333
2026-08-23 11:54: Train Epoch 17: 100/1641 Loss: 0.099834
2026-08-23 11:54: Train Epoch 17: 120/1641 Loss: 0.100324
2026-08-23 11:54: Train Epoch 17: 140/1641 Loss: 0.056759
2026-08-23 11:54: Train Epoch 17: 160/1641 Loss: 0.140084
2026-08-23 11:54: Train Epoch 17: 180/1641 Loss: 0.125726
2026-08-23 11:54: Train Epoch 17: 200/1641 Loss: 0.111158
2026-08-23 11:54: Train Epoch 17: 220/1641 Loss: 0.089779
2026-08-23 11:54: Train Epoch 17: 240/1641 Loss: 0.111235
2026-08-23 11:54: Train Epoch 17: 260/1641 Loss: 0.094954
2026-08-23 11:54: Train Epoch 17: 280/1641 Loss: 0.091399
2026-08-23 11:54: Train Epoch 17: 300/1641 Loss: 0.148505
2026-08-23 11:54: Train Epoch 17: 320/1641 Loss: 0.091618
2026-08-23 11:55: Train Epoch 17: 340/1641 Loss: 0.128951
2026-08-23 11:55: Train Epoch 17: 360/1641 Loss: 0.112715
2026-08-23 11:55: Train Epoch 17: 380/1641 Loss: 0.098780
2026-08-23 11:55: Train Epoch 17: 400/1641 Loss: 0.135730
2026-08-23 11:55: Train Epoch 17: 420/1641 Loss: 0.113064
2026-08-23 11:55: Train Epoch 17: 440/1641 Loss: 0.076110
2026-08-23 11:55: Train Epoch 17: 460/1641 Loss: 0.174836
2026-08-23 11:55: Train Epoch 17: 480/1641 Loss: 0.079658
2026-08-23 11:55: Train Epoch 17: 500/1641 Loss: 0.138162
2026-08-23 11:55: Train Epoch 17: 520/1641 Loss: 0.063174
2026-08-23 11:55: Train Epoch 17: 540/1641 Loss: 0.137743
2026-08-23 11:55: Train Epoch 17: 560/1641 Loss: 0.086794
2026-08-23 11:55: Train Epoch 17: 580/1641 Loss: 0.114428
2026-08-23 11:55: Train Epoch 17: 600/1641 Loss: 0.089714
2026-08-23 11:55: Train Epoch 17: 620/1641 Loss: 0.145384
2026-08-23 11:55: Train Epoch 17: 640/1641 Loss: 0.078594
2026-08-23 11:55: Train Epoch 17: 660/1641 Loss: 0.084533
2026-08-23 11:55: Train Epoch 17: 680/1641 Loss: 0.103279
2026-08-23 11:55: Train Epoch 17: 700/1641 Loss: 0.094502
2026-08-23 11:55: Train Epoch 17: 720/1641 Loss: 0.069003
2026-08-23 11:55: Train Epoch 17: 740/1641 Loss: 0.079215
2026-08-23 11:55: Train Epoch 17: 760/1641 Loss: 0.069408
2026-08-23 11:55: Train Epoch 17: 780/1641 Loss: 0.139699
2026-08-23 11:56: Train Epoch 17: 800/1641 Loss: 0.092270
2026-08-23 11:56: Train Epoch 17: 820/1641 Loss: 0.092390
2026-08-23 11:56: Train Epoch 17: 840/1641 Loss: 0.110208
2026-08-23 11:56: Train Epoch 17: 860/1641 Loss: 0.139073
2026-08-23 11:56: Train Epoch 17: 880/1641 Loss: 0.131519
2026-08-23 11:56: Train Epoch 17: 900/1641 Loss: 0.070010
2026-08-23 11:56: Train Epoch 17: 920/1641 Loss: 0.136362
2026-08-23 11:56: Train Epoch 17: 940/1641 Loss: 0.112275
2026-08-23 11:56: Train Epoch 17: 960/1641 Loss: 0.073258
2026-08-23 11:56: Train Epoch 17: 980/1641 Loss: 0.125594
2026-08-23 11:56: Train Epoch 17: 1000/1641 Loss: 0.101840
2026-08-23 11:56: Train Epoch 17: 1020/1641 Loss: 0.128425
2026-08-23 11:56: Train Epoch 17: 1040/1641 Loss: 0.088196
2026-08-23 11:56: Train Epoch 17: 1060/1641 Loss: 0.094932
2026-08-23 11:56: Train Epoch 17: 1080/1641 Loss: 0.110741
2026-08-23 11:56: Train Epoch 17: 1100/1641 Loss: 0.079970
2026-08-23 11:56: Train Epoch 17: 1120/1641 Loss: 0.150524
2026-08-23 11:56: Train Epoch 17: 1140/1641 Loss: 0.090654
2026-08-23 11:56: Train Epoch 17: 1160/1641 Loss: 0.118646
2026-08-23 11:56: Train Epoch 17: 1180/1641 Loss: 0.114419
2026-08-23 11:56: Train Epoch 17: 1200/1641 Loss: 0.100672
2026-08-23 11:56: Train Epoch 17: 1220/1641 Loss: 0.078023
2026-08-23 11:57: Train Epoch 17: 1240/1641 Loss: 0.095593
2026-08-23 11:57: Train Epoch 17: 1260/1641 Loss: 0.123885
2026-08-23 11:57: Train Epoch 17: 1280/1641 Loss: 0.148058
2026-08-23 11:57: Train Epoch 17: 1300/1641 Loss: 0.099493
2026-08-23 11:57: Train Epoch 17: 1320/1641 Loss: 0.082812
2026-08-23 11:57: Train Epoch 17: 1340/1641 Loss: 0.085379
2026-08-23 11:57: Train Epoch 17: 1360/1641 Loss: 0.087985
2026-08-23 11:57: Train Epoch 17: 1380/1641 Loss: 0.060809
2026-08-23 11:57: Train Epoch 17: 1400/1641 Loss: 0.120197
2026-08-23 11:57: Train Epoch 17: 1420/1641 Loss: 0.088832
2026-08-23 11:57: Train Epoch 17: 1440/1641 Loss: 0.135869
2026-08-23 11:57: Train Epoch 17: 1460/1641 Loss: 0.076664
2026-08-23 11:57: Train Epoch 17: 1480/1641 Loss: 0.138901
2026-08-23 11:57: Train Epoch 17: 1500/1641 Loss: 0.087120
2026-08-23 11:57: Train Epoch 17: 1520/1641 Loss: 0.098153
2026-08-23 11:57: Train Epoch 17: 1540/1641 Loss: 0.090218
2026-08-23 11:57: Train Epoch 17: 1560/1641 Loss: 0.081092
2026-08-23 11:57: Train Epoch 17: 1580/1641 Loss: 0.082306
2026-08-23 11:57: Train Epoch 17: 1600/1641 Loss: 0.079020
2026-08-23 11:57: Train Epoch 17: 1620/1641 Loss: 0.090645
2026-08-23 11:57: Train Epoch 17: 1640/1641 Loss: 0.062725
2026-08-23 11:57: **********Train Epoch 17: averaged Loss: 0.101861, tf_ratio: 1.000000
2026-08-23 11:58: **********Val Epoch 17: average Loss: 0.137620
2026-08-23 11:58: Train Epoch 18: 0/1641 Loss: 0.178894
2026-08-23 11:58: Train Epoch 18: 20/1641 Loss: 0.096692
2026-08-23 11:58: Train Epoch 18: 40/1641 Loss: 0.094193
2026-08-23 11:58: Train Epoch 18: 60/1641 Loss: 0.068286
2026-08-23 11:58: Train Epoch 18: 80/1641 Loss: 0.124964
2026-08-23 11:58: Train Epoch 18: 100/1641 Loss: 0.067179
2026-08-23 11:58: Train Epoch 18: 120/1641 Loss: 0.077344
2026-08-23 11:58: Train Epoch 18: 140/1641 Loss: 0.143777
2026-08-23 11:58: Train Epoch 18: 160/1641 Loss: 0.111925
2026-08-23 11:58: Train Epoch 18: 180/1641 Loss: 0.082154
2026-08-23 11:58: Train Epoch 18: 200/1641 Loss: 0.069548
2026-08-23 11:58: Train Epoch 18: 220/1641 Loss: 0.060495
2026-08-23 11:58: Train Epoch 18: 240/1641 Loss: 0.060708
2026-08-23 11:58: Train Epoch 18: 260/1641 Loss: 0.072921
2026-08-23 11:58: Train Epoch 18: 280/1641 Loss: 0.109204
2026-08-23 11:58: Train Epoch 18: 300/1641 Loss: 0.098322
2026-08-23 11:58: Train Epoch 18: 320/1641 Loss: 0.058594
2026-08-23 11:58: Train Epoch 18: 340/1641 Loss: 0.111259
2026-08-23 11:59: Train Epoch 18: 360/1641 Loss: 0.068043
2026-08-23 11:59: Train Epoch 18: 380/1641 Loss: 0.095114
2026-08-23 11:59: Train Epoch 18: 400/1641 Loss: 0.121758
2026-08-23 11:59: Train Epoch 18: 420/1641 Loss: 0.098998
2026-08-23 11:59: Train Epoch 18: 440/1641 Loss: 0.129954
2026-08-23 11:59: Train Epoch 18: 460/1641 Loss: 0.108833
2026-08-23 11:59: Train Epoch 18: 480/1641 Loss: 0.097165
2026-08-23 11:59: Train Epoch 18: 500/1641 Loss: 0.133395
2026-08-23 11:59: Train Epoch 18: 520/1641 Loss: 0.104984
2026-08-23 11:59: Train Epoch 18: 540/1641 Loss: 0.085835
2026-08-23 11:59: Train Epoch 18: 560/1641 Loss: 0.114672
2026-08-23 11:59: Train Epoch 18: 580/1641 Loss: 0.131273
2026-08-23 11:59: Train Epoch 18: 600/1641 Loss: 0.109190
2026-08-23 11:59: Train Epoch 18: 620/1641 Loss: 0.084677
2026-08-23 11:59: Train Epoch 18: 640/1641 Loss: 0.110116
2026-08-23 11:59: Train Epoch 18: 660/1641 Loss: 0.078354
2026-08-23 11:59: Train Epoch 18: 680/1641 Loss: 0.122418
2026-08-23 11:59: Train Epoch 18: 700/1641 Loss: 0.089538
2026-08-23 11:59: Train Epoch 18: 720/1641 Loss: 0.077102
2026-08-23 11:59: Train Epoch 18: 740/1641 Loss: 0.144160
2026-08-23 11:59: Train Epoch 18: 760/1641 Loss: 0.117835
2026-08-23 11:59: Train Epoch 18: 780/1641 Loss: 0.113146
2026-08-23 12:00: Train Epoch 18: 800/1641 Loss: 0.117440
2026-08-23 12:00: Train Epoch 18: 820/1641 Loss: 0.121350
2026-08-23 12:00: Train Epoch 18: 840/1641 Loss: 0.103645
2026-08-23 12:00: Train Epoch 18: 860/1641 Loss: 0.101512
2026-08-23 12:00: Train Epoch 18: 880/1641 Loss: 0.147595
2026-08-23 12:00: Train Epoch 18: 900/1641 Loss: 0.076057
2026-08-23 12:00: Train Epoch 18: 920/1641 Loss: 0.096688
2026-08-23 12:00: Train Epoch 18: 940/1641 Loss: 0.064770
2026-08-23 12:00: Train Epoch 18: 960/1641 Loss: 0.073793
2026-08-23 12:00: Train Epoch 18: 980/1641 Loss: 0.090034
2026-08-23 12:00: Train Epoch 18: 1000/1641 Loss: 0.140649
2026-08-23 12:00: Train Epoch 18: 1020/1641 Loss: 0.127478
2026-08-23 12:00: Train Epoch 18: 1040/1641 Loss: 0.055682
2026-08-23 12:00: Train Epoch 18: 1060/1641 Loss: 0.136111
2026-08-23 12:00: Train Epoch 18: 1080/1641 Loss: 0.099767
2026-08-23 12:00: Train Epoch 18: 1100/1641 Loss: 0.114113
2026-08-23 12:00: Train Epoch 18: 1120/1641 Loss: 0.094337
2026-08-23 12:00: Train Epoch 18: 1140/1641 Loss: 0.121771
2026-08-23 12:00: Train Epoch 18: 1160/1641 Loss: 0.125262
2026-08-23 12:00: Train Epoch 18: 1180/1641 Loss: 0.078546
2026-08-23 12:00: Train Epoch 18: 1200/1641 Loss: 0.109878
2026-08-23 12:00: Train Epoch 18: 1220/1641 Loss: 0.137945
2026-08-23 12:00: Train Epoch 18: 1240/1641 Loss: 0.098016
2026-08-23 12:01: Train Epoch 18: 1260/1641 Loss: 0.083702
2026-08-23 12:01: Train Epoch 18: 1280/1641 Loss: 0.071605
2026-08-23 12:01: Train Epoch 18: 1300/1641 Loss: 0.084678
2026-08-23 12:01: Train Epoch 18: 1320/1641 Loss: 0.090443
2026-08-23 12:01: Train Epoch 18: 1340/1641 Loss: 0.071671
2026-08-23 12:01: Train Epoch 18: 1360/1641 Loss: 0.119723
2026-08-23 12:01: Train Epoch 18: 1380/1641 Loss: 0.134060
2026-08-23 12:01: Train Epoch 18: 1400/1641 Loss: 0.112017
2026-08-23 12:01: Train Epoch 18: 1420/1641 Loss: 0.149650
2026-08-23 12:01: Train Epoch 18: 1440/1641 Loss: 0.076696
2026-08-23 12:01: Train Epoch 18: 1460/1641 Loss: 0.088363
2026-08-23 12:01: Train Epoch 18: 1480/1641 Loss: 0.107126
2026-08-23 12:01: Train Epoch 18: 1500/1641 Loss: 0.099180
2026-08-23 12:01: Train Epoch 18: 1520/1641 Loss: 0.109427
2026-08-23 12:01: Train Epoch 18: 1540/1641 Loss: 0.111181
2026-08-23 12:01: Train Epoch 18: 1560/1641 Loss: 0.116198
2026-08-23 12:01: Train Epoch 18: 1580/1641 Loss: 0.067248
2026-08-23 12:01: Train Epoch 18: 1600/1641 Loss: 0.105176
2026-08-23 12:01: Train Epoch 18: 1620/1641 Loss: 0.105726
2026-08-23 12:01: Train Epoch 18: 1640/1641 Loss: 0.094465
2026-08-23 12:01: **********Train Epoch 18: averaged Loss: 0.101865, tf_ratio: 1.000000
2026-08-23 12:02: **********Val Epoch 18: average Loss: 0.137476
2026-08-23 12:02: Train Epoch 19: 0/1641 Loss: 0.112003
2026-08-23 12:02: Train Epoch 19: 20/1641 Loss: 0.067607
2026-08-23 12:02: Train Epoch 19: 40/1641 Loss: 0.136477
2026-08-23 12:02: Train Epoch 19: 60/1641 Loss: 0.079044
2026-08-23 12:02: Train Epoch 19: 80/1641 Loss: 0.131468
2026-08-23 12:02: Train Epoch 19: 100/1641 Loss: 0.229863
2026-08-23 12:02: Train Epoch 19: 120/1641 Loss: 0.077077
2026-08-23 12:02: Train Epoch 19: 140/1641 Loss: 0.112938
2026-08-23 12:02: Train Epoch 19: 160/1641 Loss: 0.073405
2026-08-23 12:02: Train Epoch 19: 180/1641 Loss: 0.113540
2026-08-23 12:02: Train Epoch 19: 200/1641 Loss: 0.068253
2026-08-23 12:02: Train Epoch 19: 220/1641 Loss: 0.103130
2026-08-23 12:02: Train Epoch 19: 240/1641 Loss: 0.163114
2026-08-23 12:02: Train Epoch 19: 260/1641 Loss: 0.105747
2026-08-23 12:02: Train Epoch 19: 280/1641 Loss: 0.128791
2026-08-23 12:02: Train Epoch 19: 300/1641 Loss: 0.134938
2026-08-23 12:02: Train Epoch 19: 320/1641 Loss: 0.069369
2026-08-23 12:02: Train Epoch 19: 340/1641 Loss: 0.085366
2026-08-23 12:03: Train Epoch 19: 360/1641 Loss: 0.110277
2026-08-23 12:03: Train Epoch 19: 380/1641 Loss: 0.085261
2026-08-23 12:03: Train Epoch 19: 400/1641 Loss: 0.128860
2026-08-23 12:03: Train Epoch 19: 420/1641 Loss: 0.080310
2026-08-23 12:03: Train Epoch 19: 440/1641 Loss: 0.068713
2026-08-23 12:03: Train Epoch 19: 460/1641 Loss: 0.066892
2026-08-23 12:03: Train Epoch 19: 480/1641 Loss: 0.077907
2026-08-23 12:03: Train Epoch 19: 500/1641 Loss: 0.117044
2026-08-23 12:03: Train Epoch 19: 520/1641 Loss: 0.119095
2026-08-23 12:03: Train Epoch 19: 540/1641 Loss: 0.099054
2026-08-23 12:03: Train Epoch 19: 560/1641 Loss: 0.138274
2026-08-23 12:03: Train Epoch 19: 580/1641 Loss: 0.113540
2026-08-23 12:03: Train Epoch 19: 600/1641 Loss: 0.115976
2026-08-23 12:03: Train Epoch 19: 620/1641 Loss: 0.072051
2026-08-23 12:03: Train Epoch 19: 640/1641 Loss: 0.100744
2026-08-23 12:03: Train Epoch 19: 660/1641 Loss: 0.068593
2026-08-23 12:03: Train Epoch 19: 680/1641 Loss: 0.078126
2026-08-23 12:03: Train Epoch 19: 700/1641 Loss: 0.103185
2026-08-23 12:03: Train Epoch 19: 720/1641 Loss: 0.091430
2026-08-23 12:03: Train Epoch 19: 740/1641 Loss: 0.115223
2026-08-23 12:03: Train Epoch 19: 760/1641 Loss: 0.075794
2026-08-23 12:03: Train Epoch 19: 780/1641 Loss: 0.116896
2026-08-23 12:04: Train Epoch 19: 800/1641 Loss: 0.080717
2026-08-23 12:04: Train Epoch 19: 820/1641 Loss: 0.113375
2026-08-23 12:04: Train Epoch 19: 840/1641 Loss: 0.108947
2026-08-23 12:04: Train Epoch 19: 860/1641 Loss: 0.096140
2026-08-23 12:04: Train Epoch 19: 880/1641 Loss: 0.138571
2026-08-23 12:04: Train Epoch 19: 900/1641 Loss: 0.141848
2026-08-23 12:04: Train Epoch 19: 920/1641 Loss: 0.053716
2026-08-23 12:04: Train Epoch 19: 940/1641 Loss: 0.093306
2026-08-23 12:04: Train Epoch 19: 960/1641 Loss: 0.078716
2026-08-23 12:04: Train Epoch 19: 980/1641 Loss: 0.070740
2026-08-23 12:04: Train Epoch 19: 1000/1641 Loss: 0.083436
2026-08-23 12:04: Train Epoch 19: 1020/1641 Loss: 0.088533
2026-08-23 12:04: Train Epoch 19: 1040/1641 Loss: 0.084880
2026-08-23 12:04: Train Epoch 19: 1060/1641 Loss: 0.076999
2026-08-23 12:04: Train Epoch 19: 1080/1641 Loss: 0.089883
2026-08-23 12:04: Train Epoch 19: 1100/1641 Loss: 0.128341
2026-08-23 12:04: Train Epoch 19: 1120/1641 Loss: 0.146833
2026-08-23 12:04: Train Epoch 19: 1140/1641 Loss: 0.127605
2026-08-23 12:04: Train Epoch 19: 1160/1641 Loss: 0.083730
2026-08-23 12:04: Train Epoch 19: 1180/1641 Loss: 0.098372
2026-08-23 12:04: Train Epoch 19: 1200/1641 Loss: 0.106840
2026-08-23 12:04: Train Epoch 19: 1220/1641 Loss: 0.104417
2026-08-23 12:05: Train Epoch 19: 1240/1641 Loss: 0.079024
2026-08-23 12:05: Train Epoch 19: 1260/1641 Loss: 0.120948
2026-08-23 12:05: Train Epoch 19: 1280/1641 Loss: 0.095642
2026-08-23 12:05: Train Epoch 19: 1300/1641 Loss: 0.104608
2026-08-23 12:05: Train Epoch 19: 1320/1641 Loss: 0.079768
2026-08-23 12:05: Train Epoch 19: 1340/1641 Loss: 0.088049
2026-08-23 12:05: Train Epoch 19: 1360/1641 Loss: 0.090726
2026-08-23 12:05: Train Epoch 19: 1380/1641 Loss: 0.068766
2026-08-23 12:05: Train Epoch 19: 1400/1641 Loss: 0.125447
2026-08-23 12:05: Train Epoch 19: 1420/1641 Loss: 0.097018
2026-08-23 12:05: Train Epoch 19: 1440/1641 Loss: 0.158398
2026-08-23 12:05: Train Epoch 19: 1460/1641 Loss: 0.092476
2026-08-23 12:05: Train Epoch 19: 1480/1641 Loss: 0.176058
2026-08-23 12:05: Train Epoch 19: 1500/1641 Loss: 0.119359
2026-08-23 12:05: Train Epoch 19: 1520/1641 Loss: 0.116506
2026-08-23 12:05: Train Epoch 19: 1540/1641 Loss: 0.139135
2026-08-23 12:05: Train Epoch 19: 1560/1641 Loss: 0.123802
2026-08-23 12:05: Train Epoch 19: 1580/1641 Loss: 0.094072
2026-08-23 12:05: Train Epoch 19: 1600/1641 Loss: 0.137629
2026-08-23 12:05: Train Epoch 19: 1620/1641 Loss: 0.109098
2026-08-23 12:05: Train Epoch 19: 1640/1641 Loss: 0.080495
2026-08-23 12:05: **********Train Epoch 19: averaged Loss: 0.101921, tf_ratio: 1.000000
2026-08-23 12:06: **********Val Epoch 19: average Loss: 0.137609
2026-08-23 12:06: Train Epoch 20: 0/1641 Loss: 0.094602
2026-08-23 12:06: Train Epoch 20: 20/1641 Loss: 0.090501
2026-08-23 12:06: Train Epoch 20: 40/1641 Loss: 0.127129
2026-08-23 12:06: Train Epoch 20: 60/1641 Loss: 0.073666
2026-08-23 12:06: Train Epoch 20: 80/1641 Loss: 0.112571
2026-08-23 12:06: Train Epoch 20: 100/1641 Loss: 0.116700
2026-08-23 12:06: Train Epoch 20: 120/1641 Loss: 0.095967
2026-08-23 12:06: Train Epoch 20: 140/1641 Loss: 0.097780
2026-08-23 12:06: Train Epoch 20: 160/1641 Loss: 0.119614
2026-08-23 12:06: Train Epoch 20: 180/1641 Loss: 0.069139
2026-08-23 12:06: Train Epoch 20: 200/1641 Loss: 0.087533
2026-08-23 12:06: Train Epoch 20: 220/1641 Loss: 0.077057
2026-08-23 12:06: Train Epoch 20: 240/1641 Loss: 0.156124
2026-08-23 12:06: Train Epoch 20: 260/1641 Loss: 0.066798
2026-08-23 12:06: Train Epoch 20: 280/1641 Loss: 0.092412
2026-08-23 12:06: Train Epoch 20: 300/1641 Loss: 0.057529
2026-08-23 12:07: Train Epoch 20: 320/1641 Loss: 0.088005
2026-08-23 12:07: Train Epoch 20: 340/1641 Loss: 0.073088
2026-08-23 12:07: Train Epoch 20: 360/1641 Loss: 0.156425
2026-08-23 12:07: Train Epoch 20: 380/1641 Loss: 0.098352
2026-08-23 12:07: Train Epoch 20: 400/1641 Loss: 0.093417
2026-08-23 12:07: Train Epoch 20: 420/1641 Loss: 0.118514
2026-08-23 12:07: Train Epoch 20: 440/1641 Loss: 0.132161
2026-08-23 12:07: Train Epoch 20: 460/1641 Loss: 0.121014
2026-08-23 12:07: Train Epoch 20: 480/1641 Loss: 0.079712
2026-08-23 12:07: Train Epoch 20: 500/1641 Loss: 0.095205
2026-08-23 12:07: Train Epoch 20: 520/1641 Loss: 0.075632
2026-08-23 12:07: Train Epoch 20: 540/1641 Loss: 0.121561
2026-08-23 12:07: Train Epoch 20: 560/1641 Loss: 0.136645
2026-08-23 12:07: Train Epoch 20: 580/1641 Loss: 0.116102
2026-08-23 12:07: Train Epoch 20: 600/1641 Loss: 0.119736
2026-08-23 12:07: Train Epoch 20: 620/1641 Loss: 0.062776
2026-08-23 12:07: Train Epoch 20: 640/1641 Loss: 0.072964
2026-08-23 12:07: Train Epoch 20: 660/1641 Loss: 0.120885
2026-08-23 12:07: Train Epoch 20: 680/1641 Loss: 0.096051
2026-08-23 12:07: Train Epoch 20: 700/1641 Loss: 0.083069
2026-08-23 12:07: Train Epoch 20: 720/1641 Loss: 0.079476
2026-08-23 12:07: Train Epoch 20: 740/1641 Loss: 0.134862
2026-08-23 12:07: Train Epoch 20: 760/1641 Loss: 0.126655
2026-08-23 12:08: Train Epoch 20: 780/1641 Loss: 0.122611
2026-08-23 12:08: Train Epoch 20: 800/1641 Loss: 0.137726
2026-08-23 12:08: Train Epoch 20: 820/1641 Loss: 0.069046
2026-08-23 12:08: Train Epoch 20: 840/1641 Loss: 0.056891
2026-08-23 12:08: Train Epoch 20: 860/1641 Loss: 0.099263
2026-08-23 12:08: Train Epoch 20: 880/1641 Loss: 0.070684
2026-08-23 12:08: Train Epoch 20: 900/1641 Loss: 0.101239
2026-08-23 12:08: Train Epoch 20: 920/1641 Loss: 0.133904
2026-08-23 12:08: Train Epoch 20: 940/1641 Loss: 0.060111
2026-08-23 12:08: Train Epoch 20: 960/1641 Loss: 0.119269
2026-08-23 12:08: Train Epoch 20: 980/1641 Loss: 0.081424
2026-08-23 12:08: Train Epoch 20: 1000/1641 Loss: 0.112984
2026-08-23 12:08: Train Epoch 20: 1020/1641 Loss: 0.126927
2026-08-23 12:08: Train Epoch 20: 1040/1641 Loss: 0.079728
2026-08-23 12:08: Train Epoch 20: 1060/1641 Loss: 0.093791
2026-08-23 12:08: Train Epoch 20: 1080/1641 Loss: 0.127950
2026-08-23 12:08: Train Epoch 20: 1100/1641 Loss: 0.118549
2026-08-23 12:08: Train Epoch 20: 1120/1641 Loss: 0.079155
2026-08-23 12:08: Train Epoch 20: 1140/1641 Loss: 0.127984
2026-08-23 12:08: Train Epoch 20: 1160/1641 Loss: 0.074588
2026-08-23 12:08: Train Epoch 20: 1180/1641 Loss: 0.115886
2026-08-23 12:08: Train Epoch 20: 1200/1641 Loss: 0.073604
2026-08-23 12:09: Train Epoch 20: 1220/1641 Loss: 0.108567
2026-08-23 12:09: Train Epoch 20: 1240/1641 Loss: 0.082306
2026-08-23 12:09: Train Epoch 20: 1260/1641 Loss: 0.096480
2026-08-23 12:09: Train Epoch 20: 1280/1641 Loss: 0.083610
2026-08-23 12:09: Train Epoch 20: 1300/1641 Loss: 0.090705
2026-08-23 12:09: Train Epoch 20: 1320/1641 Loss: 0.118712
2026-08-23 12:09: Train Epoch 20: 1340/1641 Loss: 0.117697
2026-08-23 12:09: Train Epoch 20: 1360/1641 Loss: 0.097882
2026-08-23 12:09: Train Epoch 20: 1380/1641 Loss: 0.113137
2026-08-23 12:09: Train Epoch 20: 1400/1641 Loss: 0.089842
2026-08-23 12:09: Train Epoch 20: 1420/1641 Loss: 0.163021
2026-08-23 12:09: Train Epoch 20: 1440/1641 Loss: 0.118648
2026-08-23 12:09: Train Epoch 20: 1460/1641 Loss: 0.068226
2026-08-23 12:09: Train Epoch 20: 1480/1641 Loss: 0.093446
2026-08-23 12:09: Train Epoch 20: 1500/1641 Loss: 0.157292
2026-08-23 12:09: Train Epoch 20: 1520/1641 Loss: 0.110588
2026-08-23 12:09: Train Epoch 20: 1540/1641 Loss: 0.142088
2026-08-23 12:09: Train Epoch 20: 1560/1641 Loss: 0.078899
2026-08-23 12:09: Train Epoch 20: 1580/1641 Loss: 0.076950
2026-08-23 12:09: Train Epoch 20: 1600/1641 Loss: 0.104515
2026-08-23 12:09: Train Epoch 20: 1620/1641 Loss: 0.074523
2026-08-23 12:09: Train Epoch 20: 1640/1641 Loss: 0.115369
2026-08-23 12:09: **********Train Epoch 20: averaged Loss: 0.101951, tf_ratio: 1.000000
2026-08-23 12:10: **********Val Epoch 20: average Loss: 0.137882
2026-08-23 12:10: Train Epoch 21: 0/1641 Loss: 0.098132
2026-08-23 12:10: Train Epoch 21: 20/1641 Loss: 0.106695
2026-08-23 12:10: Train Epoch 21: 40/1641 Loss: 0.088928
2026-08-23 12:10: Train Epoch 21: 60/1641 Loss: 0.060490
2026-08-23 12:10: Train Epoch 21: 80/1641 Loss: 0.050109
2026-08-23 12:10: Train Epoch 21: 100/1641 Loss: 0.173141
2026-08-23 12:10: Train Epoch 21: 120/1641 Loss: 0.103608
2026-08-23 12:10: Train Epoch 21: 140/1641 Loss: 0.089118
2026-08-23 12:10: Train Epoch 21: 160/1641 Loss: 0.102176
2026-08-23 12:10: Train Epoch 21: 180/1641 Loss: 0.099461
2026-08-23 12:10: Train Epoch 21: 200/1641 Loss: 0.117002
2026-08-23 12:10: Train Epoch 21: 220/1641 Loss: 0.090796
2026-08-23 12:10: Train Epoch 21: 240/1641 Loss: 0.065292
2026-08-23 12:10: Train Epoch 21: 260/1641 Loss: 0.095170
2026-08-23 12:10: Train Epoch 21: 280/1641 Loss: 0.088266
2026-08-23 12:11: Train Epoch 21: 300/1641 Loss: 0.175673
2026-08-23 12:11: Train Epoch 21: 320/1641 Loss: 0.110361
2026-08-23 12:11: Train Epoch 21: 340/1641 Loss: 0.099962
2026-08-23 12:11: Train Epoch 21: 360/1641 Loss: 0.161767
2026-08-23 12:11: Train Epoch 21: 380/1641 Loss: 0.044671
2026-08-23 12:11: Train Epoch 21: 400/1641 Loss: 0.119971
2026-08-23 12:11: Train Epoch 21: 420/1641 Loss: 0.113738
2026-08-23 12:11: Train Epoch 21: 440/1641 Loss: 0.130808
2026-08-23 12:11: Train Epoch 21: 460/1641 Loss: 0.122358
2026-08-23 12:11: Train Epoch 21: 480/1641 Loss: 0.082874
2026-08-23 12:11: Train Epoch 21: 500/1641 Loss: 0.083916
2026-08-23 12:11: Train Epoch 21: 520/1641 Loss: 0.130840
2026-08-23 12:11: Train Epoch 21: 540/1641 Loss: 0.116419
2026-08-23 12:11: Train Epoch 21: 560/1641 Loss: 0.124594
2026-08-23 12:11: Train Epoch 21: 580/1641 Loss: 0.085616
2026-08-23 12:11: Train Epoch 21: 600/1641 Loss: 0.102134
2026-08-23 12:11: Train Epoch 21: 620/1641 Loss: 0.117503
2026-08-23 12:11: Train Epoch 21: 640/1641 Loss: 0.117711
2026-08-23 12:11: Train Epoch 21: 660/1641 Loss: 0.083068
2026-08-23 12:11: Train Epoch 21: 680/1641 Loss: 0.089812
2026-08-23 12:11: Train Epoch 21: 700/1641 Loss: 0.101767
2026-08-23 12:11: Train Epoch 21: 720/1641 Loss: 0.077327
2026-08-23 12:12: Train Epoch 21: 740/1641 Loss: 0.113473
2026-08-23 12:12: Train Epoch 21: 760/1641 Loss: 0.082825
2026-08-23 12:12: Train Epoch 21: 780/1641 Loss: 0.188072
2026-08-23 12:12: Train Epoch 21: 800/1641 Loss: 0.180986
2026-08-23 12:12: Train Epoch 21: 820/1641 Loss: 0.114751
2026-08-23 12:12: Train Epoch 21: 840/1641 Loss: 0.135307
2026-08-23 12:12: Train Epoch 21: 860/1641 Loss: 0.070118
2026-08-23 12:12: Train Epoch 21: 880/1641 Loss: 0.116825
2026-08-23 12:12: Train Epoch 21: 900/1641 Loss: 0.099630
2026-08-23 12:12: Train Epoch 21: 920/1641 Loss: 0.087800
2026-08-23 12:12: Train Epoch 21: 940/1641 Loss: 0.080407
2026-08-23 12:12: Train Epoch 21: 960/1641 Loss: 0.096869
2026-08-23 12:12: Train Epoch 21: 980/1641 Loss: 0.169363
2026-08-23 12:12: Train Epoch 21: 1000/1641 Loss: 0.078533
2026-08-23 12:12: Train Epoch 21: 1020/1641 Loss: 0.095459
2026-08-23 12:12: Train Epoch 21: 1040/1641 Loss: 0.074165
2026-08-23 12:12: Train Epoch 21: 1060/1641 Loss: 0.080448
2026-08-23 12:12: Train Epoch 21: 1080/1641 Loss: 0.133320
2026-08-23 12:12: Train Epoch 21: 1100/1641 Loss: 0.098684
2026-08-23 12:12: Train Epoch 21: 1120/1641 Loss: 0.084369
2026-08-23 12:12: Train Epoch 21: 1140/1641 Loss: 0.123917
2026-08-23 12:13: Train Epoch 21: 1160/1641 Loss: 0.115677
2026-08-23 12:13: Train Epoch 21: 1180/1641 Loss: 0.073505
2026-08-23 12:13: Train Epoch 21: 1200/1641 Loss: 0.103381
2026-08-23 12:13: Train Epoch 21: 1220/1641 Loss: 0.041889
2026-08-23 12:13: Train Epoch 21: 1240/1641 Loss: 0.057187
2026-08-23 12:13: Train Epoch 21: 1260/1641 Loss: 0.134301
2026-08-23 12:13: Train Epoch 21: 1280/1641 Loss: 0.099447
2026-08-23 12:13: Train Epoch 21: 1300/1641 Loss: 0.113731
2026-08-23 12:13: Train Epoch 21: 1320/1641 Loss: 0.080719
2026-08-23 12:13: Train Epoch 21: 1340/1641 Loss: 0.074666
2026-08-23 12:13: Train Epoch 21: 1360/1641 Loss: 0.094899
2026-08-23 12:13: Train Epoch 21: 1380/1641 Loss: 0.088595
2026-08-23 12:13: Train Epoch 21: 1400/1641 Loss: 0.095429
2026-08-23 12:13: Train Epoch 21: 1420/1641 Loss: 0.103043
2026-08-23 12:13: Train Epoch 21: 1440/1641 Loss: 0.118366
2026-08-23 12:13: Train Epoch 21: 1460/1641 Loss: 0.154477
2026-08-23 12:13: Train Epoch 21: 1480/1641 Loss: 0.109359
2026-08-23 12:13: Train Epoch 21: 1500/1641 Loss: 0.071302
2026-08-23 12:13: Train Epoch 21: 1520/1641 Loss: 0.104264
2026-08-23 12:13: Train Epoch 21: 1540/1641 Loss: 0.098607
2026-08-23 12:13: Train Epoch 21: 1560/1641 Loss: 0.117175
2026-08-23 12:13: Train Epoch 21: 1580/1641 Loss: 0.094511
2026-08-23 12:14: Train Epoch 21: 1600/1641 Loss: 0.103723
2026-08-23 12:14: Train Epoch 21: 1620/1641 Loss: 0.112598
2026-08-23 12:14: Train Epoch 21: 1640/1641 Loss: 0.075838
2026-08-23 12:14: **********Train Epoch 21: averaged Loss: 0.101912, tf_ratio: 1.000000
2026-08-23 12:14: **********Val Epoch 21: average Loss: 0.137829
2026-08-23 12:14: Validation performance didn't improve for 15 epochs. Training stops.
2026-08-23 12:14: Total training time: 87.0374min, best loss: 0.137025
2026-08-23 12:14: Saving current best model to /scratch/chkkar002/Diffusion_Based_STGNNs/RealValue/AGCRN/model/experiments/SAWS/20260823104723/best_model.pth
2026-08-23 12:14: Horizon 01, MAE: 0.12, RMSE: 1.03, MAPE: 194.0496%
2026-08-23 12:14: Horizon 02, MAE: 0.12, RMSE: 1.03, MAPE: 193.2508%
2026-08-23 12:14: Horizon 03, MAE: 0.12, RMSE: 1.03, MAPE: 193.3641%
2026-08-23 12:14: Horizon 04, MAE: 0.12, RMSE: 1.03, MAPE: 193.9077%
2026-08-23 12:14: Horizon 05, MAE: 0.12, RMSE: 1.03, MAPE: 195.7966%
2026-08-23 12:14: Horizon 06, MAE: 0.12, RMSE: 1.03, MAPE: 193.6311%
2026-08-23 12:14: Horizon 07, MAE: 0.12, RMSE: 1.03, MAPE: 195.2513%
2026-08-23 12:14: Horizon 08, MAE: 0.12, RMSE: 1.03, MAPE: 194.5352%
2026-08-23 12:14: Horizon 09, MAE: 0.12, RMSE: 1.03, MAPE: 191.9772%
2026-08-23 12:14: Horizon 10, MAE: 0.12, RMSE: 1.03, MAPE: 193.8642%
2026-08-23 12:14: Horizon 11, MAE: 0.12, RMSE: 1.03, MAPE: 193.6913%
2026-08-23 12:14: Horizon 12, MAE: 0.12, RMSE: 1.03, MAPE: 194.3751%
2026-08-23 12:14: Horizon 13, MAE: 0.12, RMSE: 1.03, MAPE: 193.9722%
2026-08-23 12:14: Horizon 14, MAE: 0.12, RMSE: 1.03, MAPE: 192.0563%
2026-08-23 12:14: Horizon 15, MAE: 0.12, RMSE: 1.03, MAPE: 194.5674%
2026-08-23 12:14: Horizon 16, MAE: 0.12, RMSE: 1.03, MAPE: 194.2426%
2026-08-23 12:14: Horizon 17, MAE: 0.12, RMSE: 1.03, MAPE: 192.6398%
2026-08-23 12:14: Horizon 18, MAE: 0.12, RMSE: 1.03, MAPE: 193.6298%
2026-08-23 12:14: Horizon 19, MAE: 0.12, RMSE: 1.03, MAPE: 194.2152%
2026-08-23 12:14: Horizon 20, MAE: 0.12, RMSE: 1.03, MAPE: 192.7772%
2026-08-23 12:14: Horizon 21, MAE: 0.12, RMSE: 1.03, MAPE: 193.9015%
2026-08-23 12:14: Horizon 22, MAE: 0.12, RMSE: 1.03, MAPE: 193.2318%
2026-08-23 12:14: Horizon 23, MAE: 0.12, RMSE: 1.03, MAPE: 193.7395%
2026-08-23 12:14: Horizon 24, MAE: 0.12, RMSE: 1.03, MAPE: 193.7125%
2026-08-23 12:14: Horizon 25, MAE: 0.12, RMSE: 1.03, MAPE: 193.3781%
2026-08-23 12:14: Horizon 26, MAE: 0.12, RMSE: 1.03, MAPE: 194.5586%
2026-08-23 12:14: Horizon 27, MAE: 0.12, RMSE: 1.03, MAPE: 194.1906%
2026-08-23 12:14: Horizon 28, MAE: 0.12, RMSE: 1.03, MAPE: 193.9047%
2026-08-23 12:14: Horizon 29, MAE: 0.12, RMSE: 1.03, MAPE: 194.2225%
2026-08-23 12:14: Horizon 30, MAE: 0.12, RMSE: 1.03, MAPE: 194.2467%
2026-08-23 12:14: Horizon 31, MAE: 0.12, RMSE: 1.03, MAPE: 193.1025%
2026-08-23 12:14: Horizon 32, MAE: 0.12, RMSE: 1.03, MAPE: 193.9814%
2026-08-23 12:14: Horizon 33, MAE: 0.12, RMSE: 1.03, MAPE: 194.9385%
2026-08-23 12:14: Horizon 34, MAE: 0.12, RMSE: 1.03, MAPE: 194.2441%
2026-08-23 12:14: Horizon 35, MAE: 0.12, RMSE: 1.03, MAPE: 194.6815%
2026-08-23 12:14: Horizon 36, MAE: 0.12, RMSE: 1.03, MAPE: 194.4891%
2026-08-23 12:14: Horizon 37, MAE: 0.12, RMSE: 1.03, MAPE: 193.1424%
2026-08-23 12:14: Horizon 38, MAE: 0.12, RMSE: 1.03, MAPE: 194.2887%
2026-08-23 12:14: Horizon 39, MAE: 0.12, RMSE: 1.03, MAPE: 194.7349%
2026-08-23 12:14: Horizon 40, MAE: 0.12, RMSE: 1.03, MAPE: 194.9645%
2026-08-23 12:14: Horizon 41, MAE: 0.12, RMSE: 1.03, MAPE: 194.1242%
2026-08-23 12:14: Horizon 42, MAE: 0.12, RMSE: 1.03, MAPE: 194.2461%
2026-08-23 12:14: Horizon 43, MAE: 0.12, RMSE: 1.03, MAPE: 195.3102%
2026-08-23 12:14: Horizon 44, MAE: 0.12, RMSE: 1.03, MAPE: 194.9208%
2026-08-23 12:14: Horizon 45, MAE: 0.12, RMSE: 1.03, MAPE: 197.7070%
2026-08-23 12:14: Horizon 46, MAE: 0.12, RMSE: 1.03, MAPE: 194.1698%
2026-08-23 12:14: Horizon 47, MAE: 0.12, RMSE: 1.03, MAPE: 193.3029%
2026-08-23 12:14: Horizon 48, MAE: 0.12, RMSE: 1.03, MAPE: 193.0923%
2026-08-23 12:14: Average Horizon, MAE: 0.12, RMSE: 1.03, MAPE: 194.0483%
2026-08-23 12:14: Horizon 01, MAE: 0.09, RMSE: 0.74, MAPE: 100.5384%
2026-08-23 12:14: Horizon 02, MAE: 0.09, RMSE: 0.74, MAPE: 101.3097%
2026-08-23 12:14: Horizon 03, MAE: 0.09, RMSE: 0.74, MAPE: 103.2440%
2026-08-23 12:14: Horizon 04, MAE: 0.09, RMSE: 0.74, MAPE: 101.5605%
2026-08-23 12:14: Horizon 05, MAE: 0.09, RMSE: 0.74, MAPE: 116.0455%
2026-08-23 12:14: Horizon 06, MAE: 0.09, RMSE: 0.74, MAPE: 102.3909%
2026-08-23 12:14: Horizon 07, MAE: 0.09, RMSE: 0.74, MAPE: 110.5941%
2026-08-23 12:14: Horizon 08, MAE: 0.09, RMSE: 0.74, MAPE: 103.5661%
2026-08-23 12:14: Horizon 09, MAE: 0.09, RMSE: 0.74, MAPE: 108.2705%
2026-08-23 12:14: Horizon 10, MAE: 0.09, RMSE: 0.74, MAPE: 101.6842%
2026-08-23 12:14: Horizon 11, MAE: 0.09, RMSE: 0.74, MAPE: 101.1754%
2026-08-23 12:14: Horizon 12, MAE: 0.09, RMSE: 0.74, MAPE: 101.4557%
2026-08-23 12:14: Horizon 13, MAE: 0.09, RMSE: 0.74, MAPE: 100.6258%
2026-08-23 12:14: Horizon 14, MAE: 0.09, RMSE: 0.74, MAPE: 110.0795%
2026-08-23 12:14: Horizon 15, MAE: 0.09, RMSE: 0.74, MAPE: 102.8423%
2026-08-23 12:14: Horizon 16, MAE: 0.09, RMSE: 0.74, MAPE: 101.4382%
2026-08-23 12:14: Horizon 17, MAE: 0.09, RMSE: 0.74, MAPE: 106.8463%
2026-08-23 12:14: Horizon 18, MAE: 0.09, RMSE: 0.74, MAPE: 101.1906%
2026-08-23 12:14: Horizon 19, MAE: 0.09, RMSE: 0.74, MAPE: 102.5067%
2026-08-23 12:14: Horizon 20, MAE: 0.09, RMSE: 0.74, MAPE: 105.0701%
2026-08-23 12:14: Horizon 21, MAE: 0.09, RMSE: 0.74, MAPE: 100.0958%
2026-08-23 12:14: Horizon 22, MAE: 0.09, RMSE: 0.74, MAPE: 101.2593%
2026-08-23 12:14: Horizon 23, MAE: 0.09, RMSE: 0.74, MAPE: 100.9027%
2026-08-23 12:14: Horizon 24, MAE: 0.09, RMSE: 0.74, MAPE: 101.3408%
2026-08-23 12:14: Horizon 25, MAE: 0.09, RMSE: 0.74, MAPE: 102.4458%
2026-08-23 12:14: Horizon 26, MAE: 0.09, RMSE: 0.74, MAPE: 104.3807%
2026-08-23 12:14: Horizon 27, MAE: 0.09, RMSE: 0.74, MAPE: 100.3095%
2026-08-23 12:14: Horizon 28, MAE: 0.09, RMSE: 0.74, MAPE: 101.2962%
2026-08-23 12:14: Horizon 29, MAE: 0.09, RMSE: 0.74, MAPE: 100.8552%
2026-08-23 12:14: Horizon 30, MAE: 0.09, RMSE: 0.74, MAPE: 100.8331%
2026-08-23 12:14: Horizon 31, MAE: 0.09, RMSE: 0.74, MAPE: 106.1402%
2026-08-23 12:14: Horizon 32, MAE: 0.09, RMSE: 0.74, MAPE: 100.6333%
2026-08-23 12:14: Horizon 33, MAE: 0.09, RMSE: 0.74, MAPE: 105.8788%
2026-08-23 12:14: Horizon 34, MAE: 0.09, RMSE: 0.74, MAPE: 102.1313%
2026-08-23 12:14: Horizon 35, MAE: 0.09, RMSE: 0.74, MAPE: 102.7915%
2026-08-23 12:14: Horizon 36, MAE: 0.09, RMSE: 0.74, MAPE: 101.2940%
2026-08-23 12:14: Horizon 37, MAE: 0.09, RMSE: 0.74, MAPE: 103.8613%
2026-08-23 12:14: Horizon 38, MAE: 0.09, RMSE: 0.74, MAPE: 102.6102%
2026-08-23 12:14: Horizon 39, MAE: 0.09, RMSE: 0.74, MAPE: 102.7090%
2026-08-23 12:14: Horizon 40, MAE: 0.09, RMSE: 0.74, MAPE: 105.4324%
2026-08-23 12:14: Horizon 41, MAE: 0.09, RMSE: 0.74, MAPE: 99.6560%
2026-08-23 12:14: Horizon 42, MAE: 0.09, RMSE: 0.74, MAPE: 100.4580%
2026-08-23 12:14: Horizon 43, MAE: 0.09, RMSE: 0.74, MAPE: 110.6488%
2026-08-23 12:14: Horizon 44, MAE: 0.09, RMSE: 0.74, MAPE: 104.9890%
2026-08-23 12:14: Horizon 45, MAE: 0.09, RMSE: 0.74, MAPE: 136.9372%
2026-08-23 12:14: Horizon 46, MAE: 0.09, RMSE: 0.74, MAPE: 100.7658%
2026-08-23 12:14: Horizon 47, MAE: 0.09, RMSE: 0.74, MAPE: 101.7813%
2026-08-23 12:14: Horizon 48, MAE: 0.09, RMSE: 0.74, MAPE: 103.9182%
2026-08-23 12:14: Average Horizon, MAE: 0.09, RMSE: 0.74, MAPE: 103.9328%
2026-08-23 12:14: VPT (threshold=0.50): mean=0.99 steps, median=1.00, std=1.74, range=[0, 39]
wandb: updating run metadata
wandb: uploading wandb-summary.json; uploading config.yaml; uploading output.log
wandb: uploading output.log
wandb: uploading summary, console lines 1795-1893
wandb: 
wandb: Run history:
wandb:          epoch ▁▁▁▁▂▂▂▂▂▂▃▃▃▃▃▃▄▄▄▄▅▅▅▅▅▆▆▆▆▆▆▇▇▇▇▇▇███
wandb:     train/loss █▁▁▁▁▁▁▁▁▁▁▁▁▁▁▁▁▁▁▁▁
wandb: train/tf_ratio ▁▁▁▁▁▁▁▁▁▁▁▁▁▁▁▁▁▁▁▁▁
wandb:       val/loss ▃▁▁▃▁▁▆▃▂▃▃▃▂▃▆▅▆▅▆██
wandb: 
wandb: Run summary:
wandb:     best_val_loss 0.13702
wandb:             epoch 21
wandb:      test_vpt_max 39
wandb:     test_vpt_mean 0.98797
wandb:   test_vpt_median 1
wandb:      test_vpt_min 0
wandb:      test_vpt_std 1.74172
wandb:        train/loss 0.10191
wandb:    train/tf_ratio 1
wandb: training_time_min 87.03737
wandb:                +1 ...
wandb: 
wandb: 🚀 View run AGCRN_Rain at: https://wandb.ai/chkkar002-university-of-cape-town/stgnn-weather/runs/xq75x8cq
wandb: ⭐️ View project at: https://wandb.ai/chkkar002-university-of-cape-town/stgnn-weather
wandb: Synced 5 W&B file(s), 0 media file(s), 0 artifact file(s) and 0 other file(s)
wandb: Find logs at: ./wandb/run-20260823_104723-xq75x8cq/logs
/scratch/chkkar002/Diffusion_Based_STGNNs/RealValue/AGCRN
Read configuration file: ./SAWS_AGCRN.conf
*****************Model Parameter*****************
node_embeddings torch.Size([32, 30]) True
encoder.dcrnn_cells.0.gate.weights_pool torch.Size([30, 2, 65, 128]) True
encoder.dcrnn_cells.0.gate.bias_pool torch.Size([30, 128]) True
encoder.dcrnn_cells.0.update.weights_pool torch.Size([30, 2, 65, 64]) True
encoder.dcrnn_cells.0.update.bias_pool torch.Size([30, 64]) True
encoder.dcrnn_cells.1.gate.weights_pool torch.Size([30, 2, 128, 128]) True
encoder.dcrnn_cells.1.gate.bias_pool torch.Size([30, 128]) True
encoder.dcrnn_cells.1.update.weights_pool torch.Size([30, 2, 128, 64]) True
encoder.dcrnn_cells.1.update.bias_pool torch.Size([30, 64]) True
end_conv.weight torch.Size([48, 1, 1, 64]) True
end_conv.bias torch.Size([48]) True
Total params num: 2238960
*****************Finish Parameter****************
Load SAWS Dataset shaped:  (87672, 32, 1) 96.6 0.0 0.08061903 0.0
Normalize the dataset by Standard Normalization
[[[-0.11162908]
  [-0.11162908]
  [-0.11162908]
  ...
  [-0.11162908]
  [-0.11162908]
  [-0.11162908]]

 [[-0.11162908]
  [-0.11162908]
  [-0.11162908]
  ...
  [-0.11162908]
  [-0.11162908]
  [-0.11162908]]

 [[-0.11162908]
  [-0.11162908]
  [-0.11162908]
  ...
  [-0.11162908]
  [-0.11162908]
  [-0.11162908]]

 ...

 [[-0.11162908]
  [-0.11162908]
  [-0.11162908]
  ...
  [-0.11162908]
  [ 1.8268801 ]
  [-0.11162908]]

 [[-0.11162908]
  [-0.11162908]
  [-0.11162908]
  ...
  [-0.11162908]
  [ 0.16530079]
  [-0.11162908]]

 [[-0.11162908]
  [-0.11162908]
  [-0.11162908]
  ...
  [-0.11162908]
  [ 0.71916056]
  [-0.11162908]]]
[[[-0.11162908]
  [-0.11162908]
  [-0.11162908]
  ...
  [-0.11162908]
  [ 0.71916056]
  [-0.11162908]]

 [[-0.11162908]
  [-0.11162908]
  [-0.11162908]
  ...
  [-0.11162908]
  [-0.11162908]
  [-0.11162908]]

 [[-0.11162908]
  [-0.11162908]
  [-0.11162908]
  ...
  [-0.11162908]
  [-0.11162908]
  [-0.11162908]]

 ...

 [[ 5.426968  ]
  [-0.11162908]
  [-0.11162908]
  ...
  [-0.11162908]
  [-0.11162908]
  [-0.11162908]]

 [[ 5.9808283 ]
  [-0.11162908]
  [-0.11162908]
  ...
  [ 0.16530079]
  [-0.11162908]
  [-0.11162908]]

 [[ 0.9960904 ]
  [-0.11162908]
  [-0.11162908]
  ...
  [ 0.71916056]
  [-0.11162908]
  [-0.11162908]]]
[[[ 0.44223064]
  [-0.11162908]
  [-0.11162908]
  ...
  [ 2.10381   ]
  [-0.11162908]
  [-0.11162908]]

 [[ 0.16530079]
  [-0.11162908]
  [-0.11162908]
  ...
  [ 3.2115295 ]
  [-0.11162908]
  [-0.11162908]]

 [[-0.11162908]
  [-0.11162908]
  [-0.11162908]
  ...
  [ 0.71916056]
  [-0.11162908]
  [-0.11162908]]

 ...

 [[-0.11162908]
  [-0.11162908]
  [-0.11162908]
  ...
  [ 0.09652926]
  [ 4.8731084 ]
  [-0.11162908]]

 [[-0.11162908]
  [-0.11162908]
  [-0.11162908]
  ...
  [-0.06415164]
  [ 0.16530079]
  [-0.11162908]]

 [[-0.11162908]
  [-0.11162908]
  [-0.11162908]
  ...
  [-0.09797756]
  [-0.11162908]
  [-0.11162908]]]
Train:  (52533, 24, 32, 1) (52533, 48, 32, 1)
Val:  (17463, 24, 32, 1) (17463, 48, 32, 1)
Test:  (17463, 24, 32, 1) (17463, 48, 32, 1)
mae
Creat Log File in:  /scratch/chkkar002/Diffusion_Based_STGNNs/RealValue/AGCRN/model/experiments/SAWS/20260823104723/run.log
