=================================================================
Running Run.py | Seed: 1
=================================================================
/scratch/chkkar002/Diffusion_Based_STGNNs/RealValue/AGCRN/lib/dataloader.py:80: UserWarning: The torch.cuda.*DtypeTensor constructors are no longer recommended. It's best to use methods such as torch.tensor(data, dtype=*, device='cuda') to create tensors. (Triggered internally at /pytorch/torch/csrc/tensor/python_tensor.cpp:78.)
  X, Y = TensorFloat(X), TensorFloat(Y)
wandb: [wandb.login()] Loaded credentials for https://api.wandb.ai from /home/chkkar002/.netrc.
wandb: Currently logged in as: chkkar002 (chkkar002-university-of-cape-town) to https://api.wandb.ai. Use `wandb login --relogin` to force relogin
wandb: WARNING Using a boolean value for 'reinit' is deprecated. Use 'return_previous' or 'finish_previous' instead.
wandb: setting up run 10k8wzl5
wandb: Tracking run with wandb version 0.26.1
wandb: Run data is saved locally in /scratch/chkkar002/Diffusion_Based_STGNNs/RealValue/AGCRN/model/wandb/run-20260821_213632-10k8wzl5
wandb: Run `wandb offline` to turn off syncing.
wandb: Syncing run AGCRN_RV_WindDir
wandb: ⭐️ View project at https://wandb.ai/chkkar002-university-of-cape-town/stgnn-weather
wandb: 🚀 View run at https://wandb.ai/chkkar002-university-of-cape-town/stgnn-weather/runs/10k8wzl5
2026-08-21 21:36: Experiment log path in: /scratch/chkkar002/Diffusion_Based_STGNNs/RealValue/AGCRN/model/experiments/SAWS/20260821213631
2026-08-21 21:36: Train Epoch 1: 0/1641 Loss: 0.947019
2026-08-21 21:36: Train Epoch 1: 20/1641 Loss: 0.926692
2026-08-21 21:36: Train Epoch 1: 40/1641 Loss: 0.815182
2026-08-21 21:36: Train Epoch 1: 60/1641 Loss: 0.749054
2026-08-21 21:36: Train Epoch 1: 80/1641 Loss: 0.685278
2026-08-21 21:36: Train Epoch 1: 100/1641 Loss: 0.705479
2026-08-21 21:36: Train Epoch 1: 120/1641 Loss: 0.694987
2026-08-21 21:36: Train Epoch 1: 140/1641 Loss: 0.649081
2026-08-21 21:36: Train Epoch 1: 160/1641 Loss: 0.668861
2026-08-21 21:36: Train Epoch 1: 180/1641 Loss: 0.686579
2026-08-21 21:37: Train Epoch 1: 200/1641 Loss: 0.661113
2026-08-21 21:37: Train Epoch 1: 220/1641 Loss: 0.666815
2026-08-21 21:37: Train Epoch 1: 240/1641 Loss: 0.685996
2026-08-21 21:37: Train Epoch 1: 260/1641 Loss: 0.635578
2026-08-21 21:37: Train Epoch 1: 280/1641 Loss: 0.648798
2026-08-21 21:37: Train Epoch 1: 300/1641 Loss: 0.637342
2026-08-21 21:37: Train Epoch 1: 320/1641 Loss: 0.639746
2026-08-21 21:37: Train Epoch 1: 340/1641 Loss: 0.646250
2026-08-21 21:37: Train Epoch 1: 360/1641 Loss: 0.658926
2026-08-21 21:37: Train Epoch 1: 380/1641 Loss: 0.662233
2026-08-21 21:37: Train Epoch 1: 400/1641 Loss: 0.667081
2026-08-21 21:37: Train Epoch 1: 420/1641 Loss: 0.680320
2026-08-21 21:37: Train Epoch 1: 440/1641 Loss: 0.621589
2026-08-21 21:37: Train Epoch 1: 460/1641 Loss: 0.658244
2026-08-21 21:37: Train Epoch 1: 480/1641 Loss: 0.619011
2026-08-21 21:37: Train Epoch 1: 500/1641 Loss: 0.670401
2026-08-21 21:37: Train Epoch 1: 520/1641 Loss: 0.624988
2026-08-21 21:37: Train Epoch 1: 540/1641 Loss: 0.607274
2026-08-21 21:37: Train Epoch 1: 560/1641 Loss: 0.643802
2026-08-21 21:37: Train Epoch 1: 580/1641 Loss: 0.592300
2026-08-21 21:37: Train Epoch 1: 600/1641 Loss: 0.610037
2026-08-21 21:37: Train Epoch 1: 620/1641 Loss: 0.599158
2026-08-21 21:38: Train Epoch 1: 640/1641 Loss: 0.636886
2026-08-21 21:38: Train Epoch 1: 660/1641 Loss: 0.625270
2026-08-21 21:38: Train Epoch 1: 680/1641 Loss: 0.599306
2026-08-21 21:38: Train Epoch 1: 700/1641 Loss: 0.630601
2026-08-21 21:38: Train Epoch 1: 720/1641 Loss: 0.601873
2026-08-21 21:38: Train Epoch 1: 740/1641 Loss: 0.587150
2026-08-21 21:38: Train Epoch 1: 760/1641 Loss: 0.563501
2026-08-21 21:38: Train Epoch 1: 780/1641 Loss: 0.580636
2026-08-21 21:38: Train Epoch 1: 800/1641 Loss: 0.583602
2026-08-21 21:38: Train Epoch 1: 820/1641 Loss: 0.553675
2026-08-21 21:38: Train Epoch 1: 840/1641 Loss: 0.568728
2026-08-21 21:38: Train Epoch 1: 860/1641 Loss: 0.561750
2026-08-21 21:38: Train Epoch 1: 880/1641 Loss: 0.553453
2026-08-21 21:38: Train Epoch 1: 900/1641 Loss: 0.544519
2026-08-21 21:38: Train Epoch 1: 920/1641 Loss: 0.537257
2026-08-21 21:38: Train Epoch 1: 940/1641 Loss: 0.573464
2026-08-21 21:38: Train Epoch 1: 960/1641 Loss: 0.548523
2026-08-21 21:38: Train Epoch 1: 980/1641 Loss: 0.567065
2026-08-21 21:38: Train Epoch 1: 1000/1641 Loss: 0.550990
2026-08-21 21:38: Train Epoch 1: 1020/1641 Loss: 0.554702
2026-08-21 21:38: Train Epoch 1: 1040/1641 Loss: 0.554557
2026-08-21 21:38: Train Epoch 1: 1060/1641 Loss: 0.554708
2026-08-21 21:38: Train Epoch 1: 1080/1641 Loss: 0.575880
2026-08-21 21:39: Train Epoch 1: 1100/1641 Loss: 0.569310
2026-08-21 21:39: Train Epoch 1: 1120/1641 Loss: 0.549449
2026-08-21 21:39: Train Epoch 1: 1140/1641 Loss: 0.539925
2026-08-21 21:39: Train Epoch 1: 1160/1641 Loss: 0.550148
2026-08-21 21:39: Train Epoch 1: 1180/1641 Loss: 0.577762
2026-08-21 21:39: Train Epoch 1: 1200/1641 Loss: 0.561050
2026-08-21 21:39: Train Epoch 1: 1220/1641 Loss: 0.537294
2026-08-21 21:39: Train Epoch 1: 1240/1641 Loss: 0.569286
2026-08-21 21:39: Train Epoch 1: 1260/1641 Loss: 0.514702
2026-08-21 21:39: Train Epoch 1: 1280/1641 Loss: 0.537711
2026-08-21 21:39: Train Epoch 1: 1300/1641 Loss: 0.559768
2026-08-21 21:39: Train Epoch 1: 1320/1641 Loss: 0.558780
2026-08-21 21:39: Train Epoch 1: 1340/1641 Loss: 0.562141
2026-08-21 21:39: Train Epoch 1: 1360/1641 Loss: 0.518858
2026-08-21 21:39: Train Epoch 1: 1380/1641 Loss: 0.553484
2026-08-21 21:39: Train Epoch 1: 1400/1641 Loss: 0.514171
2026-08-21 21:39: Train Epoch 1: 1420/1641 Loss: 0.547855
2026-08-21 21:39: Train Epoch 1: 1440/1641 Loss: 0.535093
2026-08-21 21:39: Train Epoch 1: 1460/1641 Loss: 0.530154
2026-08-21 21:39: Train Epoch 1: 1480/1641 Loss: 0.573424
2026-08-21 21:39: Train Epoch 1: 1500/1641 Loss: 0.549810
2026-08-21 21:39: Train Epoch 1: 1520/1641 Loss: 0.560643
2026-08-21 21:40: Train Epoch 1: 1540/1641 Loss: 0.551895
2026-08-21 21:40: Train Epoch 1: 1560/1641 Loss: 0.556687
2026-08-21 21:40: Train Epoch 1: 1580/1641 Loss: 0.540511
2026-08-21 21:40: Train Epoch 1: 1600/1641 Loss: 0.525796
2026-08-21 21:40: Train Epoch 1: 1620/1641 Loss: 0.526655
2026-08-21 21:40: Train Epoch 1: 1640/1641 Loss: 0.525805
2026-08-21 21:40: **********Train Epoch 1: averaged Loss: 0.603515, tf_ratio: 1.000000
2026-08-21 21:40: **********Val Epoch 1: average Loss: 0.524287
2026-08-21 21:40: *********************************Current best model saved!
2026-08-21 21:40: Train Epoch 2: 0/1641 Loss: 0.566643
2026-08-21 21:40: Train Epoch 2: 20/1641 Loss: 0.541302
2026-08-21 21:40: Train Epoch 2: 40/1641 Loss: 0.500867
2026-08-21 21:40: Train Epoch 2: 60/1641 Loss: 0.538048
2026-08-21 21:40: Train Epoch 2: 80/1641 Loss: 0.549143
2026-08-21 21:40: Train Epoch 2: 100/1641 Loss: 0.557432
2026-08-21 21:40: Train Epoch 2: 120/1641 Loss: 0.524954
2026-08-21 21:40: Train Epoch 2: 140/1641 Loss: 0.528297
2026-08-21 21:40: Train Epoch 2: 160/1641 Loss: 0.561272
2026-08-21 21:41: Train Epoch 2: 180/1641 Loss: 0.544752
2026-08-21 21:41: Train Epoch 2: 200/1641 Loss: 0.497240
2026-08-21 21:41: Train Epoch 2: 220/1641 Loss: 0.535843
2026-08-21 21:41: Train Epoch 2: 240/1641 Loss: 0.515696
2026-08-21 21:41: Train Epoch 2: 260/1641 Loss: 0.523759
2026-08-21 21:41: Train Epoch 2: 280/1641 Loss: 0.526328
2026-08-21 21:41: Train Epoch 2: 300/1641 Loss: 0.547995
2026-08-21 21:41: Train Epoch 2: 320/1641 Loss: 0.560100
2026-08-21 21:41: Train Epoch 2: 340/1641 Loss: 0.524145
2026-08-21 21:41: Train Epoch 2: 360/1641 Loss: 0.556184
2026-08-21 21:41: Train Epoch 2: 380/1641 Loss: 0.533651
2026-08-21 21:41: Train Epoch 2: 400/1641 Loss: 0.555091
2026-08-21 21:41: Train Epoch 2: 420/1641 Loss: 0.507628
2026-08-21 21:41: Train Epoch 2: 440/1641 Loss: 0.517830
2026-08-21 21:41: Train Epoch 2: 460/1641 Loss: 0.601284
2026-08-21 21:41: Train Epoch 2: 480/1641 Loss: 0.536311
2026-08-21 21:41: Train Epoch 2: 500/1641 Loss: 0.507433
2026-08-21 21:41: Train Epoch 2: 520/1641 Loss: 0.535615
2026-08-21 21:41: Train Epoch 2: 540/1641 Loss: 0.542054
2026-08-21 21:41: Train Epoch 2: 560/1641 Loss: 0.561546
2026-08-21 21:41: Train Epoch 2: 580/1641 Loss: 0.576049
2026-08-21 21:41: Train Epoch 2: 600/1641 Loss: 0.541186
2026-08-21 21:42: Train Epoch 2: 620/1641 Loss: 0.560526
2026-08-21 21:42: Train Epoch 2: 640/1641 Loss: 0.522281
2026-08-21 21:42: Train Epoch 2: 660/1641 Loss: 0.517773
2026-08-21 21:42: Train Epoch 2: 680/1641 Loss: 0.542197
2026-08-21 21:42: Train Epoch 2: 700/1641 Loss: 0.538959
2026-08-21 21:42: Train Epoch 2: 720/1641 Loss: 0.521444
2026-08-21 21:42: Train Epoch 2: 740/1641 Loss: 0.494554
2026-08-21 21:42: Train Epoch 2: 760/1641 Loss: 0.559613
2026-08-21 21:42: Train Epoch 2: 780/1641 Loss: 0.578917
2026-08-21 21:42: Train Epoch 2: 800/1641 Loss: 0.500192
2026-08-21 21:42: Train Epoch 2: 820/1641 Loss: 0.598403
2026-08-21 21:42: Train Epoch 2: 840/1641 Loss: 0.504207
2026-08-21 21:42: Train Epoch 2: 860/1641 Loss: 0.532419
2026-08-21 21:42: Train Epoch 2: 880/1641 Loss: 0.556584
2026-08-21 21:42: Train Epoch 2: 900/1641 Loss: 0.498549
2026-08-21 21:42: Train Epoch 2: 920/1641 Loss: 0.517045
2026-08-21 21:42: Train Epoch 2: 940/1641 Loss: 0.546350
2026-08-21 21:42: Train Epoch 2: 960/1641 Loss: 0.493021
2026-08-21 21:42: Train Epoch 2: 980/1641 Loss: 0.569020
2026-08-21 21:42: Train Epoch 2: 1000/1641 Loss: 0.550331
2026-08-21 21:42: Train Epoch 2: 1020/1641 Loss: 0.571240
2026-08-21 21:42: Train Epoch 2: 1040/1641 Loss: 0.541639
2026-08-21 21:43: Train Epoch 2: 1060/1641 Loss: 0.543798
2026-08-21 21:43: Train Epoch 2: 1080/1641 Loss: 0.509545
2026-08-21 21:43: Train Epoch 2: 1100/1641 Loss: 0.517715
2026-08-21 21:43: Train Epoch 2: 1120/1641 Loss: 0.531873
2026-08-21 21:43: Train Epoch 2: 1140/1641 Loss: 0.547088
2026-08-21 21:43: Train Epoch 2: 1160/1641 Loss: 0.530272
2026-08-21 21:43: Train Epoch 2: 1180/1641 Loss: 0.536034
2026-08-21 21:43: Train Epoch 2: 1200/1641 Loss: 0.581438
2026-08-21 21:43: Train Epoch 2: 1220/1641 Loss: 0.513454
2026-08-21 21:43: Train Epoch 2: 1240/1641 Loss: 0.526590
2026-08-21 21:43: Train Epoch 2: 1260/1641 Loss: 0.523998
2026-08-21 21:43: Train Epoch 2: 1280/1641 Loss: 0.494781
2026-08-21 21:43: Train Epoch 2: 1300/1641 Loss: 0.542542
2026-08-21 21:43: Train Epoch 2: 1320/1641 Loss: 0.525511
2026-08-21 21:43: Train Epoch 2: 1340/1641 Loss: 0.525987
2026-08-21 21:43: Train Epoch 2: 1360/1641 Loss: 0.503770
2026-08-21 21:43: Train Epoch 2: 1380/1641 Loss: 0.550672
2026-08-21 21:43: Train Epoch 2: 1400/1641 Loss: 0.563160
2026-08-21 21:43: Train Epoch 2: 1420/1641 Loss: 0.504096
2026-08-21 21:43: Train Epoch 2: 1440/1641 Loss: 0.504672
2026-08-21 21:43: Train Epoch 2: 1460/1641 Loss: 0.551152
2026-08-21 21:44: Train Epoch 2: 1480/1641 Loss: 0.519678
2026-08-21 21:44: Train Epoch 2: 1500/1641 Loss: 0.538910
2026-08-21 21:44: Train Epoch 2: 1520/1641 Loss: 0.549170
2026-08-21 21:44: Train Epoch 2: 1540/1641 Loss: 0.530500
2026-08-21 21:44: Train Epoch 2: 1560/1641 Loss: 0.534187
2026-08-21 21:44: Train Epoch 2: 1580/1641 Loss: 0.514119
2026-08-21 21:44: Train Epoch 2: 1600/1641 Loss: 0.530367
2026-08-21 21:44: Train Epoch 2: 1620/1641 Loss: 0.527367
2026-08-21 21:44: Train Epoch 2: 1640/1641 Loss: 0.589405
2026-08-21 21:44: **********Train Epoch 2: averaged Loss: 0.537293, tf_ratio: 1.000000
2026-08-21 21:44: **********Val Epoch 2: average Loss: 0.515575
2026-08-21 21:44: *********************************Current best model saved!
2026-08-21 21:44: Train Epoch 3: 0/1641 Loss: 0.558182
2026-08-21 21:44: Train Epoch 3: 20/1641 Loss: 0.556366
2026-08-21 21:44: Train Epoch 3: 40/1641 Loss: 0.518450
2026-08-21 21:44: Train Epoch 3: 60/1641 Loss: 0.539796
2026-08-21 21:44: Train Epoch 3: 80/1641 Loss: 0.538393
2026-08-21 21:44: Train Epoch 3: 100/1641 Loss: 0.527638
2026-08-21 21:45: Train Epoch 3: 120/1641 Loss: 0.521167
2026-08-21 21:45: Train Epoch 3: 140/1641 Loss: 0.512780
2026-08-21 21:45: Train Epoch 3: 160/1641 Loss: 0.572175
2026-08-21 21:45: Train Epoch 3: 180/1641 Loss: 0.526037
2026-08-21 21:45: Train Epoch 3: 200/1641 Loss: 0.488090
2026-08-21 21:45: Train Epoch 3: 220/1641 Loss: 0.499628
2026-08-21 21:45: Train Epoch 3: 240/1641 Loss: 0.519901
2026-08-21 21:45: Train Epoch 3: 260/1641 Loss: 0.523946
2026-08-21 21:45: Train Epoch 3: 280/1641 Loss: 0.515959
2026-08-21 21:45: Train Epoch 3: 300/1641 Loss: 0.536277
2026-08-21 21:45: Train Epoch 3: 320/1641 Loss: 0.525732
2026-08-21 21:45: Train Epoch 3: 340/1641 Loss: 0.529669
2026-08-21 21:45: Train Epoch 3: 360/1641 Loss: 0.552031
2026-08-21 21:45: Train Epoch 3: 380/1641 Loss: 0.541579
2026-08-21 21:45: Train Epoch 3: 400/1641 Loss: 0.530871
2026-08-21 21:45: Train Epoch 3: 420/1641 Loss: 0.537393
2026-08-21 21:45: Train Epoch 3: 440/1641 Loss: 0.535998
2026-08-21 21:45: Train Epoch 3: 460/1641 Loss: 0.535434
2026-08-21 21:45: Train Epoch 3: 480/1641 Loss: 0.550209
2026-08-21 21:45: Train Epoch 3: 500/1641 Loss: 0.487719
2026-08-21 21:45: Train Epoch 3: 520/1641 Loss: 0.505028
2026-08-21 21:45: Train Epoch 3: 540/1641 Loss: 0.569932
2026-08-21 21:46: Train Epoch 3: 560/1641 Loss: 0.491623
2026-08-21 21:46: Train Epoch 3: 580/1641 Loss: 0.520109
2026-08-21 21:46: Train Epoch 3: 600/1641 Loss: 0.538206
2026-08-21 21:46: Train Epoch 3: 620/1641 Loss: 0.506404
2026-08-21 21:46: Train Epoch 3: 640/1641 Loss: 0.541069
2026-08-21 21:46: Train Epoch 3: 660/1641 Loss: 0.567721
2026-08-21 21:46: Train Epoch 3: 680/1641 Loss: 0.491845
2026-08-21 21:46: Train Epoch 3: 700/1641 Loss: 0.512617
2026-08-21 21:46: Train Epoch 3: 720/1641 Loss: 0.536029
2026-08-21 21:46: Train Epoch 3: 740/1641 Loss: 0.521663
2026-08-21 21:46: Train Epoch 3: 760/1641 Loss: 0.527152
2026-08-21 21:46: Train Epoch 3: 780/1641 Loss: 0.515599
2026-08-21 21:46: Train Epoch 3: 800/1641 Loss: 0.562935
2026-08-21 21:46: Train Epoch 3: 820/1641 Loss: 0.544269
2026-08-21 21:46: Train Epoch 3: 840/1641 Loss: 0.499969
2026-08-21 21:46: Train Epoch 3: 860/1641 Loss: 0.569137
2026-08-21 21:46: Train Epoch 3: 880/1641 Loss: 0.538545
2026-08-21 21:46: Train Epoch 3: 900/1641 Loss: 0.502334
2026-08-21 21:46: Train Epoch 3: 920/1641 Loss: 0.548141
2026-08-21 21:46: Train Epoch 3: 940/1641 Loss: 0.530953
2026-08-21 21:46: Train Epoch 3: 960/1641 Loss: 0.503439
2026-08-21 21:46: Train Epoch 3: 980/1641 Loss: 0.547332
2026-08-21 21:47: Train Epoch 3: 1000/1641 Loss: 0.536425
2026-08-21 21:47: Train Epoch 3: 1020/1641 Loss: 0.517142
2026-08-21 21:47: Train Epoch 3: 1040/1641 Loss: 0.516668
2026-08-21 21:47: Train Epoch 3: 1060/1641 Loss: 0.509999
2026-08-21 21:47: Train Epoch 3: 1080/1641 Loss: 0.571402
2026-08-21 21:47: Train Epoch 3: 1100/1641 Loss: 0.533687
2026-08-21 21:47: Train Epoch 3: 1120/1641 Loss: 0.521996
2026-08-21 21:47: Train Epoch 3: 1140/1641 Loss: 0.545655
2026-08-21 21:47: Train Epoch 3: 1160/1641 Loss: 0.560634
2026-08-21 21:47: Train Epoch 3: 1180/1641 Loss: 0.514002
2026-08-21 21:47: Train Epoch 3: 1200/1641 Loss: 0.526974
2026-08-21 21:47: Train Epoch 3: 1220/1641 Loss: 0.495872
2026-08-21 21:47: Train Epoch 3: 1240/1641 Loss: 0.521755
2026-08-21 21:47: Train Epoch 3: 1260/1641 Loss: 0.487897
2026-08-21 21:47: Train Epoch 3: 1280/1641 Loss: 0.500809
2026-08-21 21:47: Train Epoch 3: 1300/1641 Loss: 0.532012
2026-08-21 21:47: Train Epoch 3: 1320/1641 Loss: 0.529383
2026-08-21 21:47: Train Epoch 3: 1340/1641 Loss: 0.522017
2026-08-21 21:47: Train Epoch 3: 1360/1641 Loss: 0.546844
2026-08-21 21:47: Train Epoch 3: 1380/1641 Loss: 0.520666
2026-08-21 21:47: Train Epoch 3: 1400/1641 Loss: 0.547722
2026-08-21 21:47: Train Epoch 3: 1420/1641 Loss: 0.505599
2026-08-21 21:48: Train Epoch 3: 1440/1641 Loss: 0.478701
2026-08-21 21:48: Train Epoch 3: 1460/1641 Loss: 0.512225
2026-08-21 21:48: Train Epoch 3: 1480/1641 Loss: 0.511172
2026-08-21 21:48: Train Epoch 3: 1500/1641 Loss: 0.563202
2026-08-21 21:48: Train Epoch 3: 1520/1641 Loss: 0.521730
2026-08-21 21:48: Train Epoch 3: 1540/1641 Loss: 0.576059
2026-08-21 21:48: Train Epoch 3: 1560/1641 Loss: 0.540993
2026-08-21 21:48: Train Epoch 3: 1580/1641 Loss: 0.569673
2026-08-21 21:48: Train Epoch 3: 1600/1641 Loss: 0.502094
2026-08-21 21:48: Train Epoch 3: 1620/1641 Loss: 0.513813
2026-08-21 21:48: Train Epoch 3: 1640/1641 Loss: 0.530043
2026-08-21 21:48: **********Train Epoch 3: averaged Loss: 0.528411, tf_ratio: 1.000000
2026-08-21 21:48: **********Val Epoch 3: average Loss: 0.511779
2026-08-21 21:48: *********************************Current best model saved!
2026-08-21 21:48: Train Epoch 4: 0/1641 Loss: 0.547850
2026-08-21 21:48: Train Epoch 4: 20/1641 Loss: 0.533478
2026-08-21 21:48: Train Epoch 4: 40/1641 Loss: 0.502838
2026-08-21 21:48: Train Epoch 4: 60/1641 Loss: 0.500177
2026-08-21 21:49: Train Epoch 4: 80/1641 Loss: 0.522128
2026-08-21 21:49: Train Epoch 4: 100/1641 Loss: 0.553427
2026-08-21 21:49: Train Epoch 4: 120/1641 Loss: 0.523302
2026-08-21 21:49: Train Epoch 4: 140/1641 Loss: 0.541119
2026-08-21 21:49: Train Epoch 4: 160/1641 Loss: 0.508435
2026-08-21 21:49: Train Epoch 4: 180/1641 Loss: 0.484127
2026-08-21 21:49: Train Epoch 4: 200/1641 Loss: 0.562076
2026-08-21 21:49: Train Epoch 4: 220/1641 Loss: 0.516600
2026-08-21 21:49: Train Epoch 4: 240/1641 Loss: 0.529317
2026-08-21 21:49: Train Epoch 4: 260/1641 Loss: 0.511653
2026-08-21 21:49: Train Epoch 4: 280/1641 Loss: 0.540008
2026-08-21 21:49: Train Epoch 4: 300/1641 Loss: 0.565989
2026-08-21 21:49: Train Epoch 4: 320/1641 Loss: 0.521759
2026-08-21 21:49: Train Epoch 4: 340/1641 Loss: 0.544890
2026-08-21 21:49: Train Epoch 4: 360/1641 Loss: 0.523790
2026-08-21 21:49: Train Epoch 4: 380/1641 Loss: 0.599358
2026-08-21 21:49: Train Epoch 4: 400/1641 Loss: 0.550691
2026-08-21 21:49: Train Epoch 4: 420/1641 Loss: 0.521473
2026-08-21 21:49: Train Epoch 4: 440/1641 Loss: 0.523703
2026-08-21 21:49: Train Epoch 4: 460/1641 Loss: 0.495162
2026-08-21 21:49: Train Epoch 4: 480/1641 Loss: 0.548117
2026-08-21 21:49: Train Epoch 4: 500/1641 Loss: 0.526059
2026-08-21 21:50: Train Epoch 4: 520/1641 Loss: 0.526645
2026-08-21 21:50: Train Epoch 4: 540/1641 Loss: 0.528587
2026-08-21 21:50: Train Epoch 4: 560/1641 Loss: 0.506792
2026-08-21 21:50: Train Epoch 4: 580/1641 Loss: 0.469742
2026-08-21 21:50: Train Epoch 4: 600/1641 Loss: 0.527351
2026-08-21 21:50: Train Epoch 4: 620/1641 Loss: 0.561348
2026-08-21 21:50: Train Epoch 4: 640/1641 Loss: 0.542952
2026-08-21 21:50: Train Epoch 4: 660/1641 Loss: 0.511204
2026-08-21 21:50: Train Epoch 4: 680/1641 Loss: 0.535152
2026-08-21 21:50: Train Epoch 4: 700/1641 Loss: 0.540492
2026-08-21 21:50: Train Epoch 4: 720/1641 Loss: 0.524926
2026-08-21 21:50: Train Epoch 4: 740/1641 Loss: 0.484692
2026-08-21 21:50: Train Epoch 4: 760/1641 Loss: 0.531406
2026-08-21 21:50: Train Epoch 4: 780/1641 Loss: 0.482563
2026-08-21 21:50: Train Epoch 4: 800/1641 Loss: 0.504128
2026-08-21 21:50: Train Epoch 4: 820/1641 Loss: 0.507683
2026-08-21 21:50: Train Epoch 4: 840/1641 Loss: 0.528232
2026-08-21 21:50: Train Epoch 4: 860/1641 Loss: 0.495312
2026-08-21 21:50: Train Epoch 4: 880/1641 Loss: 0.538282
2026-08-21 21:50: Train Epoch 4: 900/1641 Loss: 0.491399
2026-08-21 21:50: Train Epoch 4: 920/1641 Loss: 0.569069
2026-08-21 21:51: Train Epoch 4: 940/1641 Loss: 0.503373
2026-08-21 21:51: Train Epoch 4: 960/1641 Loss: 0.520782
2026-08-21 21:51: Train Epoch 4: 980/1641 Loss: 0.505531
2026-08-21 21:51: Train Epoch 4: 1000/1641 Loss: 0.505057
2026-08-21 21:51: Train Epoch 4: 1020/1641 Loss: 0.510981
2026-08-21 21:51: Train Epoch 4: 1040/1641 Loss: 0.498593
2026-08-21 21:51: Train Epoch 4: 1060/1641 Loss: 0.550008
2026-08-21 21:51: Train Epoch 4: 1080/1641 Loss: 0.519892
2026-08-21 21:51: Train Epoch 4: 1100/1641 Loss: 0.530255
2026-08-21 21:51: Train Epoch 4: 1120/1641 Loss: 0.555755
2026-08-21 21:51: Train Epoch 4: 1140/1641 Loss: 0.545792
2026-08-21 21:51: Train Epoch 4: 1160/1641 Loss: 0.529314
2026-08-21 21:51: Train Epoch 4: 1180/1641 Loss: 0.526158
2026-08-21 21:51: Train Epoch 4: 1200/1641 Loss: 0.536515
2026-08-21 21:51: Train Epoch 4: 1220/1641 Loss: 0.545546
2026-08-21 21:51: Train Epoch 4: 1240/1641 Loss: 0.523133
2026-08-21 21:51: Train Epoch 4: 1260/1641 Loss: 0.523794
2026-08-21 21:51: Train Epoch 4: 1280/1641 Loss: 0.594963
2026-08-21 21:51: Train Epoch 4: 1300/1641 Loss: 0.527056
2026-08-21 21:51: Train Epoch 4: 1320/1641 Loss: 0.497856
2026-08-21 21:51: Train Epoch 4: 1340/1641 Loss: 0.514925
2026-08-21 21:51: Train Epoch 4: 1360/1641 Loss: 0.484692
2026-08-21 21:52: Train Epoch 4: 1380/1641 Loss: 0.520722
2026-08-21 21:52: Train Epoch 4: 1400/1641 Loss: 0.515215
2026-08-21 21:52: Train Epoch 4: 1420/1641 Loss: 0.513275
2026-08-21 21:52: Train Epoch 4: 1440/1641 Loss: 0.485341
2026-08-21 21:52: Train Epoch 4: 1460/1641 Loss: 0.565492
2026-08-21 21:52: Train Epoch 4: 1480/1641 Loss: 0.522313
2026-08-21 21:52: Train Epoch 4: 1500/1641 Loss: 0.526876
2026-08-21 21:52: Train Epoch 4: 1520/1641 Loss: 0.534448
2026-08-21 21:52: Train Epoch 4: 1540/1641 Loss: 0.553051
2026-08-21 21:52: Train Epoch 4: 1560/1641 Loss: 0.521584
2026-08-21 21:52: Train Epoch 4: 1580/1641 Loss: 0.485242
2026-08-21 21:52: Train Epoch 4: 1600/1641 Loss: 0.550056
2026-08-21 21:52: Train Epoch 4: 1620/1641 Loss: 0.527348
2026-08-21 21:52: Train Epoch 4: 1640/1641 Loss: 0.540070
2026-08-21 21:52: **********Train Epoch 4: averaged Loss: 0.521192, tf_ratio: 1.000000
2026-08-21 21:52: **********Val Epoch 4: average Loss: 0.509791
2026-08-21 21:52: *********************************Current best model saved!
2026-08-21 21:52: Train Epoch 5: 0/1641 Loss: 0.511931
2026-08-21 21:53: Train Epoch 5: 20/1641 Loss: 0.554601
2026-08-21 21:53: Train Epoch 5: 40/1641 Loss: 0.506767
2026-08-21 21:53: Train Epoch 5: 60/1641 Loss: 0.565372
2026-08-21 21:53: Train Epoch 5: 80/1641 Loss: 0.523648
2026-08-21 21:53: Train Epoch 5: 100/1641 Loss: 0.532655
2026-08-21 21:53: Train Epoch 5: 120/1641 Loss: 0.508813
2026-08-21 21:53: Train Epoch 5: 140/1641 Loss: 0.495221
2026-08-21 21:53: Train Epoch 5: 160/1641 Loss: 0.525010
2026-08-21 21:53: Train Epoch 5: 180/1641 Loss: 0.517983
2026-08-21 21:53: Train Epoch 5: 200/1641 Loss: 0.546708
2026-08-21 21:53: Train Epoch 5: 220/1641 Loss: 0.524470
2026-08-21 21:53: Train Epoch 5: 240/1641 Loss: 0.486798
2026-08-21 21:53: Train Epoch 5: 260/1641 Loss: 0.522966
2026-08-21 21:53: Train Epoch 5: 280/1641 Loss: 0.534159
2026-08-21 21:53: Train Epoch 5: 300/1641 Loss: 0.539962
2026-08-21 21:53: Train Epoch 5: 320/1641 Loss: 0.518124
2026-08-21 21:53: Train Epoch 5: 340/1641 Loss: 0.522551
2026-08-21 21:53: Train Epoch 5: 360/1641 Loss: 0.478755
2026-08-21 21:53: Train Epoch 5: 380/1641 Loss: 0.526687
2026-08-21 21:53: Train Epoch 5: 400/1641 Loss: 0.531196
2026-08-21 21:53: Train Epoch 5: 420/1641 Loss: 0.498957
2026-08-21 21:53: Train Epoch 5: 440/1641 Loss: 0.518615
2026-08-21 21:54: Train Epoch 5: 460/1641 Loss: 0.516272
2026-08-21 21:54: Train Epoch 5: 480/1641 Loss: 0.528765
2026-08-21 21:54: Train Epoch 5: 500/1641 Loss: 0.524341
2026-08-21 21:54: Train Epoch 5: 520/1641 Loss: 0.524998
2026-08-21 21:54: Train Epoch 5: 540/1641 Loss: 0.521619
2026-08-21 21:54: Train Epoch 5: 560/1641 Loss: 0.484565
2026-08-21 21:54: Train Epoch 5: 580/1641 Loss: 0.508186
2026-08-21 21:54: Train Epoch 5: 600/1641 Loss: 0.530537
2026-08-21 21:54: Train Epoch 5: 620/1641 Loss: 0.506475
2026-08-21 21:54: Train Epoch 5: 640/1641 Loss: 0.486682
2026-08-21 21:54: Train Epoch 5: 660/1641 Loss: 0.510637
2026-08-21 21:54: Train Epoch 5: 680/1641 Loss: 0.486140
2026-08-21 21:54: Train Epoch 5: 700/1641 Loss: 0.521606
2026-08-21 21:54: Train Epoch 5: 720/1641 Loss: 0.534487
2026-08-21 21:54: Train Epoch 5: 740/1641 Loss: 0.507350
2026-08-21 21:54: Train Epoch 5: 760/1641 Loss: 0.532834
2026-08-21 21:54: Train Epoch 5: 780/1641 Loss: 0.501739
2026-08-21 21:54: Train Epoch 5: 800/1641 Loss: 0.529344
2026-08-21 21:54: Train Epoch 5: 820/1641 Loss: 0.532519
2026-08-21 21:54: Train Epoch 5: 840/1641 Loss: 0.513637
2026-08-21 21:54: Train Epoch 5: 860/1641 Loss: 0.492624
2026-08-21 21:54: Train Epoch 5: 880/1641 Loss: 0.539481
2026-08-21 21:55: Train Epoch 5: 900/1641 Loss: 0.518342
2026-08-21 21:55: Train Epoch 5: 920/1641 Loss: 0.542569
2026-08-21 21:55: Train Epoch 5: 940/1641 Loss: 0.496180
2026-08-21 21:55: Train Epoch 5: 960/1641 Loss: 0.540202
2026-08-21 21:55: Train Epoch 5: 980/1641 Loss: 0.506038
2026-08-21 21:55: Train Epoch 5: 1000/1641 Loss: 0.501929
2026-08-21 21:55: Train Epoch 5: 1020/1641 Loss: 0.504892
2026-08-21 21:55: Train Epoch 5: 1040/1641 Loss: 0.510641
2026-08-21 21:55: Train Epoch 5: 1060/1641 Loss: 0.498168
2026-08-21 21:55: Train Epoch 5: 1080/1641 Loss: 0.501659
2026-08-21 21:55: Train Epoch 5: 1100/1641 Loss: 0.512544
2026-08-21 21:55: Train Epoch 5: 1120/1641 Loss: 0.526339
2026-08-21 21:55: Train Epoch 5: 1140/1641 Loss: 0.520049
2026-08-21 21:55: Train Epoch 5: 1160/1641 Loss: 0.453785
2026-08-21 21:55: Train Epoch 5: 1180/1641 Loss: 0.521710
2026-08-21 21:55: Train Epoch 5: 1200/1641 Loss: 0.527939
2026-08-21 21:55: Train Epoch 5: 1220/1641 Loss: 0.493523
2026-08-21 21:55: Train Epoch 5: 1240/1641 Loss: 0.523049
2026-08-21 21:55: Train Epoch 5: 1260/1641 Loss: 0.517946
2026-08-21 21:55: Train Epoch 5: 1280/1641 Loss: 0.538595
2026-08-21 21:55: Train Epoch 5: 1300/1641 Loss: 0.515358
2026-08-21 21:56: Train Epoch 5: 1320/1641 Loss: 0.516587
2026-08-21 21:56: Train Epoch 5: 1340/1641 Loss: 0.499546
2026-08-21 21:56: Train Epoch 5: 1360/1641 Loss: 0.489077
2026-08-21 21:56: Train Epoch 5: 1380/1641 Loss: 0.526212
2026-08-21 21:56: Train Epoch 5: 1400/1641 Loss: 0.536635
2026-08-21 21:56: Train Epoch 5: 1420/1641 Loss: 0.523869
2026-08-21 21:56: Train Epoch 5: 1440/1641 Loss: 0.518514
2026-08-21 21:56: Train Epoch 5: 1460/1641 Loss: 0.479433
2026-08-21 21:56: Train Epoch 5: 1480/1641 Loss: 0.530734
2026-08-21 21:56: Train Epoch 5: 1500/1641 Loss: 0.485569
2026-08-21 21:56: Train Epoch 5: 1520/1641 Loss: 0.512985
2026-08-21 21:56: Train Epoch 5: 1540/1641 Loss: 0.484696
2026-08-21 21:56: Train Epoch 5: 1560/1641 Loss: 0.475926
2026-08-21 21:56: Train Epoch 5: 1580/1641 Loss: 0.498118
2026-08-21 21:56: Train Epoch 5: 1600/1641 Loss: 0.512872
2026-08-21 21:56: Train Epoch 5: 1620/1641 Loss: 0.504397
2026-08-21 21:56: Train Epoch 5: 1640/1641 Loss: 0.551643
2026-08-21 21:56: **********Train Epoch 5: averaged Loss: 0.515190, tf_ratio: 1.000000
2026-08-21 21:57: **********Val Epoch 5: average Loss: 0.510178
2026-08-21 21:57: Train Epoch 6: 0/1641 Loss: 0.524198
2026-08-21 21:57: Train Epoch 6: 20/1641 Loss: 0.502279
2026-08-21 21:57: Train Epoch 6: 40/1641 Loss: 0.550117
2026-08-21 21:57: Train Epoch 6: 60/1641 Loss: 0.485165
2026-08-21 21:57: Train Epoch 6: 80/1641 Loss: 0.498560
2026-08-21 21:57: Train Epoch 6: 100/1641 Loss: 0.470740
2026-08-21 21:57: Train Epoch 6: 120/1641 Loss: 0.537810
2026-08-21 21:57: Train Epoch 6: 140/1641 Loss: 0.485438
2026-08-21 21:57: Train Epoch 6: 160/1641 Loss: 0.527563
2026-08-21 21:57: Train Epoch 6: 180/1641 Loss: 0.508653
2026-08-21 21:57: Train Epoch 6: 200/1641 Loss: 0.540952
2026-08-21 21:57: Train Epoch 6: 220/1641 Loss: 0.533461
2026-08-21 21:57: Train Epoch 6: 240/1641 Loss: 0.515076
2026-08-21 21:57: Train Epoch 6: 260/1641 Loss: 0.488195
2026-08-21 21:57: Train Epoch 6: 280/1641 Loss: 0.525162
2026-08-21 21:57: Train Epoch 6: 300/1641 Loss: 0.535745
2026-08-21 21:57: Train Epoch 6: 320/1641 Loss: 0.509186
2026-08-21 21:57: Train Epoch 6: 340/1641 Loss: 0.501917
2026-08-21 21:57: Train Epoch 6: 360/1641 Loss: 0.506043
2026-08-21 21:57: Train Epoch 6: 380/1641 Loss: 0.506877
2026-08-21 21:58: Train Epoch 6: 400/1641 Loss: 0.521395
2026-08-21 21:58: Train Epoch 6: 420/1641 Loss: 0.507261
2026-08-21 21:58: Train Epoch 6: 440/1641 Loss: 0.516266
2026-08-21 21:58: Train Epoch 6: 460/1641 Loss: 0.496971
2026-08-21 21:58: Train Epoch 6: 480/1641 Loss: 0.504512
2026-08-21 21:58: Train Epoch 6: 500/1641 Loss: 0.488494
2026-08-21 21:58: Train Epoch 6: 520/1641 Loss: 0.521653
2026-08-21 21:58: Train Epoch 6: 540/1641 Loss: 0.520500
2026-08-21 21:58: Train Epoch 6: 560/1641 Loss: 0.479425
2026-08-21 21:58: Train Epoch 6: 580/1641 Loss: 0.449963
2026-08-21 21:58: Train Epoch 6: 600/1641 Loss: 0.488150
2026-08-21 21:58: Train Epoch 6: 620/1641 Loss: 0.500277
2026-08-21 21:58: Train Epoch 6: 640/1641 Loss: 0.541145
2026-08-21 21:58: Train Epoch 6: 660/1641 Loss: 0.516109
2026-08-21 21:58: Train Epoch 6: 680/1641 Loss: 0.510788
2026-08-21 21:58: Train Epoch 6: 700/1641 Loss: 0.526522
2026-08-21 21:58: Train Epoch 6: 720/1641 Loss: 0.509355
2026-08-21 21:58: Train Epoch 6: 740/1641 Loss: 0.508903
2026-08-21 21:58: Train Epoch 6: 760/1641 Loss: 0.508081
2026-08-21 21:58: Train Epoch 6: 780/1641 Loss: 0.519623
2026-08-21 21:58: Train Epoch 6: 800/1641 Loss: 0.523616
2026-08-21 21:59: Train Epoch 6: 820/1641 Loss: 0.481570
2026-08-21 21:59: Train Epoch 6: 840/1641 Loss: 0.501404
2026-08-21 21:59: Train Epoch 6: 860/1641 Loss: 0.546361
2026-08-21 21:59: Train Epoch 6: 880/1641 Loss: 0.475809
2026-08-21 21:59: Train Epoch 6: 900/1641 Loss: 0.490184
2026-08-21 21:59: Train Epoch 6: 920/1641 Loss: 0.490326
2026-08-21 21:59: Train Epoch 6: 940/1641 Loss: 0.473903
2026-08-21 21:59: Train Epoch 6: 960/1641 Loss: 0.494857
2026-08-21 21:59: Train Epoch 6: 980/1641 Loss: 0.507409
2026-08-21 21:59: Train Epoch 6: 1000/1641 Loss: 0.526822
2026-08-21 21:59: Train Epoch 6: 1020/1641 Loss: 0.488087
2026-08-21 21:59: Train Epoch 6: 1040/1641 Loss: 0.544044
2026-08-21 21:59: Train Epoch 6: 1060/1641 Loss: 0.520539
2026-08-21 21:59: Train Epoch 6: 1080/1641 Loss: 0.466770
2026-08-21 21:59: Train Epoch 6: 1100/1641 Loss: 0.498631
2026-08-21 21:59: Train Epoch 6: 1120/1641 Loss: 0.495167
2026-08-21 21:59: Train Epoch 6: 1140/1641 Loss: 0.508867
2026-08-21 21:59: Train Epoch 6: 1160/1641 Loss: 0.458159
2026-08-21 21:59: Train Epoch 6: 1180/1641 Loss: 0.513733
2026-08-21 21:59: Train Epoch 6: 1200/1641 Loss: 0.505278
2026-08-21 21:59: Train Epoch 6: 1220/1641 Loss: 0.498627
2026-08-21 22:00: Train Epoch 6: 1240/1641 Loss: 0.533871
2026-08-21 22:00: Train Epoch 6: 1260/1641 Loss: 0.567053
2026-08-21 22:00: Train Epoch 6: 1280/1641 Loss: 0.513245
2026-08-21 22:00: Train Epoch 6: 1300/1641 Loss: 0.508995
2026-08-21 22:00: Train Epoch 6: 1320/1641 Loss: 0.479406
2026-08-21 22:00: Train Epoch 6: 1340/1641 Loss: 0.525823
2026-08-21 22:00: Train Epoch 6: 1360/1641 Loss: 0.494773
2026-08-21 22:00: Train Epoch 6: 1380/1641 Loss: 0.503943
2026-08-21 22:00: Train Epoch 6: 1400/1641 Loss: 0.549359
2026-08-21 22:00: Train Epoch 6: 1420/1641 Loss: 0.495480
2026-08-21 22:00: Train Epoch 6: 1440/1641 Loss: 0.503227
2026-08-21 22:00: Train Epoch 6: 1460/1641 Loss: 0.483708
2026-08-21 22:00: Train Epoch 6: 1480/1641 Loss: 0.491728
2026-08-21 22:00: Train Epoch 6: 1500/1641 Loss: 0.544035
2026-08-21 22:00: Train Epoch 6: 1520/1641 Loss: 0.530581
2026-08-21 22:00: Train Epoch 6: 1540/1641 Loss: 0.505814
2026-08-21 22:00: Train Epoch 6: 1560/1641 Loss: 0.535730
2026-08-21 22:00: Train Epoch 6: 1580/1641 Loss: 0.493377
2026-08-21 22:00: Train Epoch 6: 1600/1641 Loss: 0.494273
2026-08-21 22:00: Train Epoch 6: 1620/1641 Loss: 0.527667
2026-08-21 22:00: Train Epoch 6: 1640/1641 Loss: 0.564116
2026-08-21 22:00: **********Train Epoch 6: averaged Loss: 0.509636, tf_ratio: 1.000000
2026-08-21 22:01: **********Val Epoch 6: average Loss: 0.506364
2026-08-21 22:01: *********************************Current best model saved!
2026-08-21 22:01: Train Epoch 7: 0/1641 Loss: 0.502700
2026-08-21 22:01: Train Epoch 7: 20/1641 Loss: 0.497659
2026-08-21 22:01: Train Epoch 7: 40/1641 Loss: 0.499681
2026-08-21 22:01: Train Epoch 7: 60/1641 Loss: 0.474081
2026-08-21 22:01: Train Epoch 7: 80/1641 Loss: 0.507644
2026-08-21 22:01: Train Epoch 7: 100/1641 Loss: 0.502925
2026-08-21 22:01: Train Epoch 7: 120/1641 Loss: 0.496932
2026-08-21 22:01: Train Epoch 7: 140/1641 Loss: 0.478121
2026-08-21 22:01: Train Epoch 7: 160/1641 Loss: 0.498304
2026-08-21 22:01: Train Epoch 7: 180/1641 Loss: 0.488920
2026-08-21 22:01: Train Epoch 7: 200/1641 Loss: 0.503945
2026-08-21 22:01: Train Epoch 7: 220/1641 Loss: 0.508411
2026-08-21 22:01: Train Epoch 7: 240/1641 Loss: 0.528591
2026-08-21 22:01: Train Epoch 7: 260/1641 Loss: 0.504006
2026-08-21 22:01: Train Epoch 7: 280/1641 Loss: 0.516576
2026-08-21 22:02: Train Epoch 7: 300/1641 Loss: 0.500878
2026-08-21 22:02: Train Epoch 7: 320/1641 Loss: 0.473484
2026-08-21 22:02: Train Epoch 7: 340/1641 Loss: 0.504184
2026-08-21 22:02: Train Epoch 7: 360/1641 Loss: 0.500109
2026-08-21 22:02: Train Epoch 7: 380/1641 Loss: 0.517362
2026-08-21 22:02: Train Epoch 7: 400/1641 Loss: 0.537075
2026-08-21 22:02: Train Epoch 7: 420/1641 Loss: 0.497155
2026-08-21 22:02: Train Epoch 7: 440/1641 Loss: 0.525908
2026-08-21 22:02: Train Epoch 7: 460/1641 Loss: 0.522065
2026-08-21 22:02: Train Epoch 7: 480/1641 Loss: 0.493025
2026-08-21 22:02: Train Epoch 7: 500/1641 Loss: 0.525251
2026-08-21 22:02: Train Epoch 7: 520/1641 Loss: 0.493470
2026-08-21 22:02: Train Epoch 7: 540/1641 Loss: 0.474375
2026-08-21 22:02: Train Epoch 7: 560/1641 Loss: 0.497974
2026-08-21 22:02: Train Epoch 7: 580/1641 Loss: 0.515029
2026-08-21 22:02: Train Epoch 7: 600/1641 Loss: 0.489556
2026-08-21 22:02: Train Epoch 7: 620/1641 Loss: 0.503055
2026-08-21 22:02: Train Epoch 7: 640/1641 Loss: 0.518971
2026-08-21 22:02: Train Epoch 7: 660/1641 Loss: 0.509244
2026-08-21 22:02: Train Epoch 7: 680/1641 Loss: 0.514494
2026-08-21 22:02: Train Epoch 7: 700/1641 Loss: 0.511652
2026-08-21 22:02: Train Epoch 7: 720/1641 Loss: 0.518612
2026-08-21 22:03: Train Epoch 7: 740/1641 Loss: 0.468972
2026-08-21 22:03: Train Epoch 7: 760/1641 Loss: 0.507074
2026-08-21 22:03: Train Epoch 7: 780/1641 Loss: 0.497910
2026-08-21 22:03: Train Epoch 7: 800/1641 Loss: 0.494529
2026-08-21 22:03: Train Epoch 7: 820/1641 Loss: 0.479169
2026-08-21 22:03: Train Epoch 7: 840/1641 Loss: 0.494419
2026-08-21 22:03: Train Epoch 7: 860/1641 Loss: 0.506062
2026-08-21 22:03: Train Epoch 7: 880/1641 Loss: 0.513940
2026-08-21 22:03: Train Epoch 7: 900/1641 Loss: 0.511626
2026-08-21 22:03: Train Epoch 7: 920/1641 Loss: 0.487399
2026-08-21 22:03: Train Epoch 7: 940/1641 Loss: 0.525877
2026-08-21 22:03: Train Epoch 7: 960/1641 Loss: 0.512408
2026-08-21 22:03: Train Epoch 7: 980/1641 Loss: 0.519113
2026-08-21 22:03: Train Epoch 7: 1000/1641 Loss: 0.497178
2026-08-21 22:03: Train Epoch 7: 1020/1641 Loss: 0.527919
2026-08-21 22:03: Train Epoch 7: 1040/1641 Loss: 0.516364
2026-08-21 22:03: Train Epoch 7: 1060/1641 Loss: 0.569863
2026-08-21 22:03: Train Epoch 7: 1080/1641 Loss: 0.517089
2026-08-21 22:03: Train Epoch 7: 1100/1641 Loss: 0.508652
2026-08-21 22:03: Train Epoch 7: 1120/1641 Loss: 0.488056
2026-08-21 22:03: Train Epoch 7: 1140/1641 Loss: 0.511131
2026-08-21 22:03: Train Epoch 7: 1160/1641 Loss: 0.487754
2026-08-21 22:04: Train Epoch 7: 1180/1641 Loss: 0.495030
2026-08-21 22:04: Train Epoch 7: 1200/1641 Loss: 0.470991
2026-08-21 22:04: Train Epoch 7: 1220/1641 Loss: 0.535304
2026-08-21 22:04: Train Epoch 7: 1240/1641 Loss: 0.494019
2026-08-21 22:04: Train Epoch 7: 1260/1641 Loss: 0.515857
2026-08-21 22:04: Train Epoch 7: 1280/1641 Loss: 0.504895
2026-08-21 22:04: Train Epoch 7: 1300/1641 Loss: 0.499086
2026-08-21 22:04: Train Epoch 7: 1320/1641 Loss: 0.494109
2026-08-21 22:04: Train Epoch 7: 1340/1641 Loss: 0.500597
2026-08-21 22:04: Train Epoch 7: 1360/1641 Loss: 0.494369
2026-08-21 22:04: Train Epoch 7: 1380/1641 Loss: 0.489396
2026-08-21 22:04: Train Epoch 7: 1400/1641 Loss: 0.512227
2026-08-21 22:04: Train Epoch 7: 1420/1641 Loss: 0.482950
2026-08-21 22:04: Train Epoch 7: 1440/1641 Loss: 0.475368
2026-08-21 22:04: Train Epoch 7: 1460/1641 Loss: 0.506763
2026-08-21 22:04: Train Epoch 7: 1480/1641 Loss: 0.484159
2026-08-21 22:04: Train Epoch 7: 1500/1641 Loss: 0.500441
2026-08-21 22:04: Train Epoch 7: 1520/1641 Loss: 0.546634
2026-08-21 22:04: Train Epoch 7: 1540/1641 Loss: 0.519451
2026-08-21 22:04: Train Epoch 7: 1560/1641 Loss: 0.504505
2026-08-21 22:04: Train Epoch 7: 1580/1641 Loss: 0.482177
2026-08-21 22:05: Train Epoch 7: 1600/1641 Loss: 0.515435
2026-08-21 22:05: Train Epoch 7: 1620/1641 Loss: 0.534179
2026-08-21 22:05: Train Epoch 7: 1640/1641 Loss: 0.471645
2026-08-21 22:05: **********Train Epoch 7: averaged Loss: 0.503892, tf_ratio: 1.000000
2026-08-21 22:05: **********Val Epoch 7: average Loss: 0.509571
2026-08-21 22:05: Train Epoch 8: 0/1641 Loss: 0.531664
2026-08-21 22:05: Train Epoch 8: 20/1641 Loss: 0.497153
2026-08-21 22:05: Train Epoch 8: 40/1641 Loss: 0.509271
2026-08-21 22:05: Train Epoch 8: 60/1641 Loss: 0.489228
2026-08-21 22:05: Train Epoch 8: 80/1641 Loss: 0.495357
2026-08-21 22:05: Train Epoch 8: 100/1641 Loss: 0.507525
2026-08-21 22:05: Train Epoch 8: 120/1641 Loss: 0.512681
2026-08-21 22:05: Train Epoch 8: 140/1641 Loss: 0.515300
2026-08-21 22:05: Train Epoch 8: 160/1641 Loss: 0.509980
2026-08-21 22:05: Train Epoch 8: 180/1641 Loss: 0.496258
2026-08-21 22:05: Train Epoch 8: 200/1641 Loss: 0.500734
2026-08-21 22:05: Train Epoch 8: 220/1641 Loss: 0.477025
2026-08-21 22:06: Train Epoch 8: 240/1641 Loss: 0.518145
2026-08-21 22:06: Train Epoch 8: 260/1641 Loss: 0.501184
2026-08-21 22:06: Train Epoch 8: 280/1641 Loss: 0.513296
2026-08-21 22:06: Train Epoch 8: 300/1641 Loss: 0.519489
2026-08-21 22:06: Train Epoch 8: 320/1641 Loss: 0.550318
2026-08-21 22:06: Train Epoch 8: 340/1641 Loss: 0.511626
2026-08-21 22:06: Train Epoch 8: 360/1641 Loss: 0.482549
2026-08-21 22:06: Train Epoch 8: 380/1641 Loss: 0.479816
2026-08-21 22:06: Train Epoch 8: 400/1641 Loss: 0.474288
2026-08-21 22:06: Train Epoch 8: 420/1641 Loss: 0.500868
2026-08-21 22:06: Train Epoch 8: 440/1641 Loss: 0.500442
2026-08-21 22:06: Train Epoch 8: 460/1641 Loss: 0.525539
2026-08-21 22:06: Train Epoch 8: 480/1641 Loss: 0.515306
2026-08-21 22:06: Train Epoch 8: 500/1641 Loss: 0.478085
2026-08-21 22:06: Train Epoch 8: 520/1641 Loss: 0.516114
2026-08-21 22:06: Train Epoch 8: 540/1641 Loss: 0.501409
2026-08-21 22:06: Train Epoch 8: 560/1641 Loss: 0.522588
2026-08-21 22:06: Train Epoch 8: 580/1641 Loss: 0.517400
2026-08-21 22:06: Train Epoch 8: 600/1641 Loss: 0.509101
2026-08-21 22:06: Train Epoch 8: 620/1641 Loss: 0.481463
2026-08-21 22:06: Train Epoch 8: 640/1641 Loss: 0.489943
2026-08-21 22:06: Train Epoch 8: 660/1641 Loss: 0.523239
2026-08-21 22:07: Train Epoch 8: 680/1641 Loss: 0.506485
2026-08-21 22:07: Train Epoch 8: 700/1641 Loss: 0.491783
2026-08-21 22:07: Train Epoch 8: 720/1641 Loss: 0.501702
2026-08-21 22:07: Train Epoch 8: 740/1641 Loss: 0.478049
2026-08-21 22:07: Train Epoch 8: 760/1641 Loss: 0.509466
2026-08-21 22:07: Train Epoch 8: 780/1641 Loss: 0.501190
2026-08-21 22:07: Train Epoch 8: 800/1641 Loss: 0.483218
2026-08-21 22:07: Train Epoch 8: 820/1641 Loss: 0.476739
2026-08-21 22:07: Train Epoch 8: 840/1641 Loss: 0.502773
2026-08-21 22:07: Train Epoch 8: 860/1641 Loss: 0.500166
2026-08-21 22:07: Train Epoch 8: 880/1641 Loss: 0.491150
2026-08-21 22:07: Train Epoch 8: 900/1641 Loss: 0.486605
2026-08-21 22:07: Train Epoch 8: 920/1641 Loss: 0.466323
2026-08-21 22:07: Train Epoch 8: 940/1641 Loss: 0.483254
2026-08-21 22:07: Train Epoch 8: 960/1641 Loss: 0.518149
2026-08-21 22:07: Train Epoch 8: 980/1641 Loss: 0.513609
2026-08-21 22:07: Train Epoch 8: 1000/1641 Loss: 0.519628
2026-08-21 22:07: Train Epoch 8: 1020/1641 Loss: 0.489784
2026-08-21 22:07: Train Epoch 8: 1040/1641 Loss: 0.489588
2026-08-21 22:07: Train Epoch 8: 1060/1641 Loss: 0.476248
2026-08-21 22:07: Train Epoch 8: 1080/1641 Loss: 0.473671
2026-08-21 22:08: Train Epoch 8: 1100/1641 Loss: 0.504897
2026-08-21 22:08: Train Epoch 8: 1120/1641 Loss: 0.523691
2026-08-21 22:08: Train Epoch 8: 1140/1641 Loss: 0.502294
2026-08-21 22:08: Train Epoch 8: 1160/1641 Loss: 0.496694
2026-08-21 22:08: Train Epoch 8: 1180/1641 Loss: 0.490982
2026-08-21 22:08: Train Epoch 8: 1200/1641 Loss: 0.495172
2026-08-21 22:08: Train Epoch 8: 1220/1641 Loss: 0.502688
2026-08-21 22:08: Train Epoch 8: 1240/1641 Loss: 0.519883
2026-08-21 22:08: Train Epoch 8: 1260/1641 Loss: 0.494263
2026-08-21 22:08: Train Epoch 8: 1280/1641 Loss: 0.501333
2026-08-21 22:08: Train Epoch 8: 1300/1641 Loss: 0.479005
2026-08-21 22:08: Train Epoch 8: 1320/1641 Loss: 0.493250
2026-08-21 22:08: Train Epoch 8: 1340/1641 Loss: 0.505788
2026-08-21 22:08: Train Epoch 8: 1360/1641 Loss: 0.497912
2026-08-21 22:08: Train Epoch 8: 1380/1641 Loss: 0.476801
2026-08-21 22:08: Train Epoch 8: 1400/1641 Loss: 0.495836
2026-08-21 22:08: Train Epoch 8: 1420/1641 Loss: 0.488836
2026-08-21 22:08: Train Epoch 8: 1440/1641 Loss: 0.535658
2026-08-21 22:08: Train Epoch 8: 1460/1641 Loss: 0.468104
2026-08-21 22:08: Train Epoch 8: 1480/1641 Loss: 0.506512
2026-08-21 22:08: Train Epoch 8: 1500/1641 Loss: 0.488308
2026-08-21 22:08: Train Epoch 8: 1520/1641 Loss: 0.481359
2026-08-21 22:09: Train Epoch 8: 1540/1641 Loss: 0.469517
2026-08-21 22:09: Train Epoch 8: 1560/1641 Loss: 0.482752
2026-08-21 22:09: Train Epoch 8: 1580/1641 Loss: 0.483241
2026-08-21 22:09: Train Epoch 8: 1600/1641 Loss: 0.469043
2026-08-21 22:09: Train Epoch 8: 1620/1641 Loss: 0.467728
2026-08-21 22:09: Train Epoch 8: 1640/1641 Loss: 0.490578
2026-08-21 22:09: **********Train Epoch 8: averaged Loss: 0.497669, tf_ratio: 1.000000
2026-08-21 22:09: **********Val Epoch 8: average Loss: 0.507566
2026-08-21 22:09: Train Epoch 9: 0/1641 Loss: 0.497693
2026-08-21 22:09: Train Epoch 9: 20/1641 Loss: 0.496859
2026-08-21 22:09: Train Epoch 9: 40/1641 Loss: 0.466360
2026-08-21 22:09: Train Epoch 9: 60/1641 Loss: 0.504596
2026-08-21 22:09: Train Epoch 9: 80/1641 Loss: 0.529945
2026-08-21 22:09: Train Epoch 9: 100/1641 Loss: 0.501586
2026-08-21 22:09: Train Epoch 9: 120/1641 Loss: 0.539638
2026-08-21 22:09: Train Epoch 9: 140/1641 Loss: 0.489662
2026-08-21 22:10: Train Epoch 9: 160/1641 Loss: 0.493010
2026-08-21 22:10: Train Epoch 9: 180/1641 Loss: 0.492835
2026-08-21 22:10: Train Epoch 9: 200/1641 Loss: 0.493287
2026-08-21 22:10: Train Epoch 9: 220/1641 Loss: 0.458017
2026-08-21 22:10: Train Epoch 9: 240/1641 Loss: 0.496774
2026-08-21 22:10: Train Epoch 9: 260/1641 Loss: 0.492428
2026-08-21 22:10: Train Epoch 9: 280/1641 Loss: 0.490408
2026-08-21 22:10: Train Epoch 9: 300/1641 Loss: 0.470384
2026-08-21 22:10: Train Epoch 9: 320/1641 Loss: 0.505197
2026-08-21 22:10: Train Epoch 9: 340/1641 Loss: 0.501223
2026-08-21 22:10: Train Epoch 9: 360/1641 Loss: 0.479035
2026-08-21 22:10: Train Epoch 9: 380/1641 Loss: 0.509835
2026-08-21 22:10: Train Epoch 9: 400/1641 Loss: 0.507874
2026-08-21 22:10: Train Epoch 9: 420/1641 Loss: 0.521411
2026-08-21 22:10: Train Epoch 9: 440/1641 Loss: 0.495111
2026-08-21 22:10: Train Epoch 9: 460/1641 Loss: 0.473870
2026-08-21 22:10: Train Epoch 9: 480/1641 Loss: 0.492556
2026-08-21 22:10: Train Epoch 9: 500/1641 Loss: 0.515210
2026-08-21 22:10: Train Epoch 9: 520/1641 Loss: 0.486458
2026-08-21 22:10: Train Epoch 9: 540/1641 Loss: 0.439465
2026-08-21 22:10: Train Epoch 9: 560/1641 Loss: 0.492530
2026-08-21 22:10: Train Epoch 9: 580/1641 Loss: 0.468079
2026-08-21 22:11: Train Epoch 9: 600/1641 Loss: 0.489559
2026-08-21 22:11: Train Epoch 9: 620/1641 Loss: 0.482162
2026-08-21 22:11: Train Epoch 9: 640/1641 Loss: 0.513845
2026-08-21 22:11: Train Epoch 9: 660/1641 Loss: 0.487460
2026-08-21 22:11: Train Epoch 9: 680/1641 Loss: 0.493039
2026-08-21 22:11: Train Epoch 9: 700/1641 Loss: 0.478431
2026-08-21 22:11: Train Epoch 9: 720/1641 Loss: 0.459396
2026-08-21 22:11: Train Epoch 9: 740/1641 Loss: 0.523608
2026-08-21 22:11: Train Epoch 9: 760/1641 Loss: 0.486067
2026-08-21 22:11: Train Epoch 9: 780/1641 Loss: 0.499604
2026-08-21 22:11: Train Epoch 9: 800/1641 Loss: 0.513754
2026-08-21 22:11: Train Epoch 9: 820/1641 Loss: 0.484899
2026-08-21 22:11: Train Epoch 9: 840/1641 Loss: 0.511989
2026-08-21 22:11: Train Epoch 9: 860/1641 Loss: 0.457212
2026-08-21 22:11: Train Epoch 9: 880/1641 Loss: 0.484997
2026-08-21 22:11: Train Epoch 9: 900/1641 Loss: 0.494530
2026-08-21 22:11: Train Epoch 9: 920/1641 Loss: 0.488239
2026-08-21 22:11: Train Epoch 9: 940/1641 Loss: 0.504093
2026-08-21 22:11: Train Epoch 9: 960/1641 Loss: 0.481142
2026-08-21 22:11: Train Epoch 9: 980/1641 Loss: 0.473153
2026-08-21 22:11: Train Epoch 9: 1000/1641 Loss: 0.529931
2026-08-21 22:11: Train Epoch 9: 1020/1641 Loss: 0.466851
2026-08-21 22:12: Train Epoch 9: 1040/1641 Loss: 0.489795
2026-08-21 22:12: Train Epoch 9: 1060/1641 Loss: 0.500237
2026-08-21 22:12: Train Epoch 9: 1080/1641 Loss: 0.487967
2026-08-21 22:12: Train Epoch 9: 1100/1641 Loss: 0.503182
2026-08-21 22:12: Train Epoch 9: 1120/1641 Loss: 0.503386
2026-08-21 22:12: Train Epoch 9: 1140/1641 Loss: 0.514431
2026-08-21 22:12: Train Epoch 9: 1160/1641 Loss: 0.484596
2026-08-21 22:12: Train Epoch 9: 1180/1641 Loss: 0.474585
2026-08-21 22:12: Train Epoch 9: 1200/1641 Loss: 0.462890
2026-08-21 22:12: Train Epoch 9: 1220/1641 Loss: 0.503326
2026-08-21 22:12: Train Epoch 9: 1240/1641 Loss: 0.463982
2026-08-21 22:12: Train Epoch 9: 1260/1641 Loss: 0.488389
2026-08-21 22:12: Train Epoch 9: 1280/1641 Loss: 0.492865
2026-08-21 22:12: Train Epoch 9: 1300/1641 Loss: 0.480088
2026-08-21 22:12: Train Epoch 9: 1320/1641 Loss: 0.463535
2026-08-21 22:12: Train Epoch 9: 1340/1641 Loss: 0.468711
2026-08-21 22:12: Train Epoch 9: 1360/1641 Loss: 0.484377
2026-08-21 22:12: Train Epoch 9: 1380/1641 Loss: 0.495077
2026-08-21 22:12: Train Epoch 9: 1400/1641 Loss: 0.498814
2026-08-21 22:12: Train Epoch 9: 1420/1641 Loss: 0.491209
2026-08-21 22:12: Train Epoch 9: 1440/1641 Loss: 0.471587
2026-08-21 22:13: Train Epoch 9: 1460/1641 Loss: 0.482500
2026-08-21 22:13: Train Epoch 9: 1480/1641 Loss: 0.485635
2026-08-21 22:13: Train Epoch 9: 1500/1641 Loss: 0.461729
2026-08-21 22:13: Train Epoch 9: 1520/1641 Loss: 0.462141
2026-08-21 22:13: Train Epoch 9: 1540/1641 Loss: 0.473276
2026-08-21 22:13: Train Epoch 9: 1560/1641 Loss: 0.480876
2026-08-21 22:13: Train Epoch 9: 1580/1641 Loss: 0.517162
2026-08-21 22:13: Train Epoch 9: 1600/1641 Loss: 0.456037
2026-08-21 22:13: Train Epoch 9: 1620/1641 Loss: 0.482275
2026-08-21 22:13: Train Epoch 9: 1640/1641 Loss: 0.500811
2026-08-21 22:13: **********Train Epoch 9: averaged Loss: 0.491124, tf_ratio: 1.000000
2026-08-21 22:13: **********Val Epoch 9: average Loss: 0.513567
2026-08-21 22:13: Train Epoch 10: 0/1641 Loss: 0.466866
2026-08-21 22:13: Train Epoch 10: 20/1641 Loss: 0.500740
2026-08-21 22:13: Train Epoch 10: 40/1641 Loss: 0.467918
2026-08-21 22:13: Train Epoch 10: 60/1641 Loss: 0.461988
2026-08-21 22:13: Train Epoch 10: 80/1641 Loss: 0.474138
2026-08-21 22:14: Train Epoch 10: 100/1641 Loss: 0.473950
2026-08-21 22:14: Train Epoch 10: 120/1641 Loss: 0.477458
2026-08-21 22:14: Train Epoch 10: 140/1641 Loss: 0.455344
2026-08-21 22:14: Train Epoch 10: 160/1641 Loss: 0.468626
2026-08-21 22:14: Train Epoch 10: 180/1641 Loss: 0.506036
2026-08-21 22:14: Train Epoch 10: 200/1641 Loss: 0.466882
2026-08-21 22:14: Train Epoch 10: 220/1641 Loss: 0.507859
2026-08-21 22:14: Train Epoch 10: 240/1641 Loss: 0.491126
2026-08-21 22:14: Train Epoch 10: 260/1641 Loss: 0.476968
2026-08-21 22:14: Train Epoch 10: 280/1641 Loss: 0.491419
2026-08-21 22:14: Train Epoch 10: 300/1641 Loss: 0.473629
2026-08-21 22:14: Train Epoch 10: 320/1641 Loss: 0.476766
2026-08-21 22:14: Train Epoch 10: 340/1641 Loss: 0.474484
2026-08-21 22:14: Train Epoch 10: 360/1641 Loss: 0.438642
2026-08-21 22:14: Train Epoch 10: 380/1641 Loss: 0.447311
2026-08-21 22:14: Train Epoch 10: 400/1641 Loss: 0.491698
2026-08-21 22:14: Train Epoch 10: 420/1641 Loss: 0.495590
2026-08-21 22:14: Train Epoch 10: 440/1641 Loss: 0.492179
2026-08-21 22:14: Train Epoch 10: 460/1641 Loss: 0.492343
2026-08-21 22:14: Train Epoch 10: 480/1641 Loss: 0.486053
2026-08-21 22:14: Train Epoch 10: 500/1641 Loss: 0.471262
2026-08-21 22:14: Train Epoch 10: 520/1641 Loss: 0.469313
2026-08-21 22:15: Train Epoch 10: 540/1641 Loss: 0.501640
2026-08-21 22:15: Train Epoch 10: 560/1641 Loss: 0.496800
2026-08-21 22:15: Train Epoch 10: 580/1641 Loss: 0.488102
2026-08-21 22:15: Train Epoch 10: 600/1641 Loss: 0.489271
2026-08-21 22:15: Train Epoch 10: 620/1641 Loss: 0.473166
2026-08-21 22:15: Train Epoch 10: 640/1641 Loss: 0.512514
2026-08-21 22:15: Train Epoch 10: 660/1641 Loss: 0.486820
2026-08-21 22:15: Train Epoch 10: 680/1641 Loss: 0.479512
2026-08-21 22:15: Train Epoch 10: 700/1641 Loss: 0.485332
2026-08-21 22:15: Train Epoch 10: 720/1641 Loss: 0.523238
2026-08-21 22:15: Train Epoch 10: 740/1641 Loss: 0.453618
2026-08-21 22:15: Train Epoch 10: 760/1641 Loss: 0.481513
2026-08-21 22:15: Train Epoch 10: 780/1641 Loss: 0.467381
2026-08-21 22:15: Train Epoch 10: 800/1641 Loss: 0.468823
2026-08-21 22:15: Train Epoch 10: 820/1641 Loss: 0.490296
2026-08-21 22:15: Train Epoch 10: 840/1641 Loss: 0.507775
2026-08-21 22:15: Train Epoch 10: 860/1641 Loss: 0.494615
2026-08-21 22:15: Train Epoch 10: 880/1641 Loss: 0.516918
2026-08-21 22:15: Train Epoch 10: 900/1641 Loss: 0.488624
2026-08-21 22:15: Train Epoch 10: 920/1641 Loss: 0.459475
2026-08-21 22:15: Train Epoch 10: 940/1641 Loss: 0.480976
2026-08-21 22:15: Train Epoch 10: 960/1641 Loss: 0.508363
2026-08-21 22:16: Train Epoch 10: 980/1641 Loss: 0.516050
2026-08-21 22:16: Train Epoch 10: 1000/1641 Loss: 0.454401
2026-08-21 22:16: Train Epoch 10: 1020/1641 Loss: 0.496307
2026-08-21 22:16: Train Epoch 10: 1040/1641 Loss: 0.490393
2026-08-21 22:16: Train Epoch 10: 1060/1641 Loss: 0.483405
2026-08-21 22:16: Train Epoch 10: 1080/1641 Loss: 0.489214
2026-08-21 22:16: Train Epoch 10: 1100/1641 Loss: 0.480591
2026-08-21 22:16: Train Epoch 10: 1120/1641 Loss: 0.481083
2026-08-21 22:16: Train Epoch 10: 1140/1641 Loss: 0.504690
2026-08-21 22:16: Train Epoch 10: 1160/1641 Loss: 0.483692
2026-08-21 22:16: Train Epoch 10: 1180/1641 Loss: 0.484389
2026-08-21 22:16: Train Epoch 10: 1200/1641 Loss: 0.448607
2026-08-21 22:16: Train Epoch 10: 1220/1641 Loss: 0.495168
2026-08-21 22:16: Train Epoch 10: 1240/1641 Loss: 0.494219
2026-08-21 22:16: Train Epoch 10: 1260/1641 Loss: 0.497868
2026-08-21 22:16: Train Epoch 10: 1280/1641 Loss: 0.495353
2026-08-21 22:16: Train Epoch 10: 1300/1641 Loss: 0.474489
2026-08-21 22:16: Train Epoch 10: 1320/1641 Loss: 0.468447
2026-08-21 22:16: Train Epoch 10: 1340/1641 Loss: 0.469164
2026-08-21 22:16: Train Epoch 10: 1360/1641 Loss: 0.485032
2026-08-21 22:16: Train Epoch 10: 1380/1641 Loss: 0.485075
2026-08-21 22:16: Train Epoch 10: 1400/1641 Loss: 0.510322
2026-08-21 22:17: Train Epoch 10: 1420/1641 Loss: 0.485518
2026-08-21 22:17: Train Epoch 10: 1440/1641 Loss: 0.463984
2026-08-21 22:17: Train Epoch 10: 1460/1641 Loss: 0.487603
2026-08-21 22:17: Train Epoch 10: 1480/1641 Loss: 0.482016
2026-08-21 22:17: Train Epoch 10: 1500/1641 Loss: 0.447703
2026-08-21 22:17: Train Epoch 10: 1520/1641 Loss: 0.512062
2026-08-21 22:17: Train Epoch 10: 1540/1641 Loss: 0.511260
2026-08-21 22:17: Train Epoch 10: 1560/1641 Loss: 0.468317
2026-08-21 22:17: Train Epoch 10: 1580/1641 Loss: 0.476725
2026-08-21 22:17: Train Epoch 10: 1600/1641 Loss: 0.483536
2026-08-21 22:17: Train Epoch 10: 1620/1641 Loss: 0.458983
2026-08-21 22:17: Train Epoch 10: 1640/1641 Loss: 0.484481
2026-08-21 22:17: **********Train Epoch 10: averaged Loss: 0.484284, tf_ratio: 1.000000
2026-08-21 22:17: **********Val Epoch 10: average Loss: 0.515369
2026-08-21 22:17: Train Epoch 11: 0/1641 Loss: 0.489298
2026-08-21 22:17: Train Epoch 11: 20/1641 Loss: 0.482246
2026-08-21 22:17: Train Epoch 11: 40/1641 Loss: 0.490383
2026-08-21 22:18: Train Epoch 11: 60/1641 Loss: 0.511964
2026-08-21 22:18: Train Epoch 11: 80/1641 Loss: 0.468878
2026-08-21 22:18: Train Epoch 11: 100/1641 Loss: 0.477109
2026-08-21 22:18: Train Epoch 11: 120/1641 Loss: 0.490497
2026-08-21 22:18: Train Epoch 11: 140/1641 Loss: 0.466228
2026-08-21 22:18: Train Epoch 11: 160/1641 Loss: 0.459782
2026-08-21 22:18: Train Epoch 11: 180/1641 Loss: 0.486922
2026-08-21 22:18: Train Epoch 11: 200/1641 Loss: 0.462191
2026-08-21 22:18: Train Epoch 11: 220/1641 Loss: 0.477697
2026-08-21 22:18: Train Epoch 11: 240/1641 Loss: 0.474918
2026-08-21 22:18: Train Epoch 11: 260/1641 Loss: 0.486593
2026-08-21 22:18: Train Epoch 11: 280/1641 Loss: 0.469931
2026-08-21 22:18: Train Epoch 11: 300/1641 Loss: 0.469370
2026-08-21 22:18: Train Epoch 11: 320/1641 Loss: 0.477191
2026-08-21 22:18: Train Epoch 11: 340/1641 Loss: 0.476842
2026-08-21 22:18: Train Epoch 11: 360/1641 Loss: 0.480404
2026-08-21 22:18: Train Epoch 11: 380/1641 Loss: 0.476171
2026-08-21 22:18: Train Epoch 11: 400/1641 Loss: 0.447383
2026-08-21 22:18: Train Epoch 11: 420/1641 Loss: 0.473466
2026-08-21 22:18: Train Epoch 11: 440/1641 Loss: 0.469691
2026-08-21 22:18: Train Epoch 11: 460/1641 Loss: 0.467345
2026-08-21 22:18: Train Epoch 11: 480/1641 Loss: 0.470243
2026-08-21 22:19: Train Epoch 11: 500/1641 Loss: 0.484556
2026-08-21 22:19: Train Epoch 11: 520/1641 Loss: 0.499040
2026-08-21 22:19: Train Epoch 11: 540/1641 Loss: 0.493949
2026-08-21 22:19: Train Epoch 11: 560/1641 Loss: 0.504503
2026-08-21 22:19: Train Epoch 11: 580/1641 Loss: 0.472458
2026-08-21 22:19: Train Epoch 11: 600/1641 Loss: 0.478432
2026-08-21 22:19: Train Epoch 11: 620/1641 Loss: 0.475703
2026-08-21 22:19: Train Epoch 11: 640/1641 Loss: 0.468432
2026-08-21 22:19: Train Epoch 11: 660/1641 Loss: 0.469269
2026-08-21 22:19: Train Epoch 11: 680/1641 Loss: 0.462626
2026-08-21 22:19: Train Epoch 11: 700/1641 Loss: 0.482963
2026-08-21 22:19: Train Epoch 11: 720/1641 Loss: 0.458045
2026-08-21 22:19: Train Epoch 11: 740/1641 Loss: 0.441690
2026-08-21 22:19: Train Epoch 11: 760/1641 Loss: 0.474580
2026-08-21 22:19: Train Epoch 11: 780/1641 Loss: 0.474346
2026-08-21 22:19: Train Epoch 11: 800/1641 Loss: 0.517132
2026-08-21 22:19: Train Epoch 11: 820/1641 Loss: 0.478008
2026-08-21 22:19: Train Epoch 11: 840/1641 Loss: 0.491726
2026-08-21 22:19: Train Epoch 11: 860/1641 Loss: 0.477998
2026-08-21 22:19: Train Epoch 11: 880/1641 Loss: 0.459587
2026-08-21 22:19: Train Epoch 11: 900/1641 Loss: 0.497524
2026-08-21 22:19: Train Epoch 11: 920/1641 Loss: 0.482823
2026-08-21 22:20: Train Epoch 11: 940/1641 Loss: 0.471736
2026-08-21 22:20: Train Epoch 11: 960/1641 Loss: 0.481628
2026-08-21 22:20: Train Epoch 11: 980/1641 Loss: 0.452708
2026-08-21 22:20: Train Epoch 11: 1000/1641 Loss: 0.476505
2026-08-21 22:20: Train Epoch 11: 1020/1641 Loss: 0.489198
2026-08-21 22:20: Train Epoch 11: 1040/1641 Loss: 0.498673
2026-08-21 22:20: Train Epoch 11: 1060/1641 Loss: 0.489213
2026-08-21 22:20: Train Epoch 11: 1080/1641 Loss: 0.508138
2026-08-21 22:20: Train Epoch 11: 1100/1641 Loss: 0.489667
2026-08-21 22:20: Train Epoch 11: 1120/1641 Loss: 0.469375
2026-08-21 22:20: Train Epoch 11: 1140/1641 Loss: 0.480401
2026-08-21 22:20: Train Epoch 11: 1160/1641 Loss: 0.454896
2026-08-21 22:20: Train Epoch 11: 1180/1641 Loss: 0.481213
2026-08-21 22:20: Train Epoch 11: 1200/1641 Loss: 0.490789
2026-08-21 22:20: Train Epoch 11: 1220/1641 Loss: 0.473040
2026-08-21 22:20: Train Epoch 11: 1240/1641 Loss: 0.471327
2026-08-21 22:20: Train Epoch 11: 1260/1641 Loss: 0.454700
2026-08-21 22:20: Train Epoch 11: 1280/1641 Loss: 0.480699
2026-08-21 22:20: Train Epoch 11: 1300/1641 Loss: 0.478673
2026-08-21 22:20: Train Epoch 11: 1320/1641 Loss: 0.482053
2026-08-21 22:20: Train Epoch 11: 1340/1641 Loss: 0.456993
2026-08-21 22:21: Train Epoch 11: 1360/1641 Loss: 0.463462
2026-08-21 22:21: Train Epoch 11: 1380/1641 Loss: 0.466631
2026-08-21 22:21: Train Epoch 11: 1400/1641 Loss: 0.474573
2026-08-21 22:21: Train Epoch 11: 1420/1641 Loss: 0.447009
2026-08-21 22:21: Train Epoch 11: 1440/1641 Loss: 0.479325
2026-08-21 22:21: Train Epoch 11: 1460/1641 Loss: 0.462362
2026-08-21 22:21: Train Epoch 11: 1480/1641 Loss: 0.485323
2026-08-21 22:21: Train Epoch 11: 1500/1641 Loss: 0.470022
2026-08-21 22:21: Train Epoch 11: 1520/1641 Loss: 0.470111
2026-08-21 22:21: Train Epoch 11: 1540/1641 Loss: 0.519948
2026-08-21 22:21: Train Epoch 11: 1560/1641 Loss: 0.458175
2026-08-21 22:21: Train Epoch 11: 1580/1641 Loss: 0.466737
2026-08-21 22:21: Train Epoch 11: 1600/1641 Loss: 0.468950
2026-08-21 22:21: Train Epoch 11: 1620/1641 Loss: 0.460852
2026-08-21 22:21: Train Epoch 11: 1640/1641 Loss: 0.477182
2026-08-21 22:21: **********Train Epoch 11: averaged Loss: 0.477736, tf_ratio: 1.000000
2026-08-21 22:22: **********Val Epoch 11: average Loss: 0.518047
2026-08-21 22:22: Train Epoch 12: 0/1641 Loss: 0.493252
2026-08-21 22:22: Train Epoch 12: 20/1641 Loss: 0.474688
2026-08-21 22:22: Train Epoch 12: 40/1641 Loss: 0.476127
2026-08-21 22:22: Train Epoch 12: 60/1641 Loss: 0.500760
2026-08-21 22:22: Train Epoch 12: 80/1641 Loss: 0.479228
2026-08-21 22:22: Train Epoch 12: 100/1641 Loss: 0.494890
2026-08-21 22:22: Train Epoch 12: 120/1641 Loss: 0.477007
2026-08-21 22:22: Train Epoch 12: 140/1641 Loss: 0.473529
2026-08-21 22:22: Train Epoch 12: 160/1641 Loss: 0.492184
2026-08-21 22:22: Train Epoch 12: 180/1641 Loss: 0.463087
2026-08-21 22:22: Train Epoch 12: 200/1641 Loss: 0.490620
2026-08-21 22:22: Train Epoch 12: 220/1641 Loss: 0.486186
2026-08-21 22:22: Train Epoch 12: 240/1641 Loss: 0.491355
2026-08-21 22:22: Train Epoch 12: 260/1641 Loss: 0.470432
2026-08-21 22:22: Train Epoch 12: 280/1641 Loss: 0.496195
2026-08-21 22:22: Train Epoch 12: 300/1641 Loss: 0.463879
2026-08-21 22:22: Train Epoch 12: 320/1641 Loss: 0.476237
2026-08-21 22:22: Train Epoch 12: 340/1641 Loss: 0.448524
2026-08-21 22:22: Train Epoch 12: 360/1641 Loss: 0.465279
2026-08-21 22:22: Train Epoch 12: 380/1641 Loss: 0.506535
2026-08-21 22:22: Train Epoch 12: 400/1641 Loss: 0.487720
2026-08-21 22:23: Train Epoch 12: 420/1641 Loss: 0.476215
2026-08-21 22:23: Train Epoch 12: 440/1641 Loss: 0.455324
2026-08-21 22:23: Train Epoch 12: 460/1641 Loss: 0.455529
2026-08-21 22:23: Train Epoch 12: 480/1641 Loss: 0.458181
2026-08-21 22:23: Train Epoch 12: 500/1641 Loss: 0.458885
2026-08-21 22:23: Train Epoch 12: 520/1641 Loss: 0.462442
2026-08-21 22:23: Train Epoch 12: 540/1641 Loss: 0.477700
2026-08-21 22:23: Train Epoch 12: 560/1641 Loss: 0.440873
2026-08-21 22:23: Train Epoch 12: 580/1641 Loss: 0.486356
2026-08-21 22:23: Train Epoch 12: 600/1641 Loss: 0.473184
2026-08-21 22:23: Train Epoch 12: 620/1641 Loss: 0.457015
2026-08-21 22:23: Train Epoch 12: 640/1641 Loss: 0.453514
2026-08-21 22:23: Train Epoch 12: 660/1641 Loss: 0.473003
2026-08-21 22:23: Train Epoch 12: 680/1641 Loss: 0.490211
2026-08-21 22:23: Train Epoch 12: 700/1641 Loss: 0.457566
2026-08-21 22:23: Train Epoch 12: 720/1641 Loss: 0.469742
2026-08-21 22:23: Train Epoch 12: 740/1641 Loss: 0.475525
2026-08-21 22:23: Train Epoch 12: 760/1641 Loss: 0.493475
2026-08-21 22:23: Train Epoch 12: 780/1641 Loss: 0.470183
2026-08-21 22:23: Train Epoch 12: 800/1641 Loss: 0.470525
2026-08-21 22:23: Train Epoch 12: 820/1641 Loss: 0.480573
2026-08-21 22:23: Train Epoch 12: 840/1641 Loss: 0.493481
2026-08-21 22:24: Train Epoch 12: 860/1641 Loss: 0.499339
2026-08-21 22:24: Train Epoch 12: 880/1641 Loss: 0.449891
2026-08-21 22:24: Train Epoch 12: 900/1641 Loss: 0.487535
2026-08-21 22:24: Train Epoch 12: 920/1641 Loss: 0.458250
2026-08-21 22:24: Train Epoch 12: 940/1641 Loss: 0.450989
2026-08-21 22:24: Train Epoch 12: 960/1641 Loss: 0.490246
2026-08-21 22:24: Train Epoch 12: 980/1641 Loss: 0.463182
2026-08-21 22:24: Train Epoch 12: 1000/1641 Loss: 0.442406
2026-08-21 22:24: Train Epoch 12: 1020/1641 Loss: 0.481210
2026-08-21 22:24: Train Epoch 12: 1040/1641 Loss: 0.489251
2026-08-21 22:24: Train Epoch 12: 1060/1641 Loss: 0.467864
2026-08-21 22:24: Train Epoch 12: 1080/1641 Loss: 0.454197
2026-08-21 22:24: Train Epoch 12: 1100/1641 Loss: 0.465617
2026-08-21 22:24: Train Epoch 12: 1120/1641 Loss: 0.444560
2026-08-21 22:24: Train Epoch 12: 1140/1641 Loss: 0.453835
2026-08-21 22:24: Train Epoch 12: 1160/1641 Loss: 0.477437
2026-08-21 22:24: Train Epoch 12: 1180/1641 Loss: 0.464558
2026-08-21 22:24: Train Epoch 12: 1200/1641 Loss: 0.454427
2026-08-21 22:24: Train Epoch 12: 1220/1641 Loss: 0.470055
2026-08-21 22:24: Train Epoch 12: 1240/1641 Loss: 0.486222
2026-08-21 22:24: Train Epoch 12: 1260/1641 Loss: 0.473719
2026-08-21 22:25: Train Epoch 12: 1280/1641 Loss: 0.460103
2026-08-21 22:25: Train Epoch 12: 1300/1641 Loss: 0.468402
2026-08-21 22:25: Train Epoch 12: 1320/1641 Loss: 0.473415
2026-08-21 22:25: Train Epoch 12: 1340/1641 Loss: 0.459523
2026-08-21 22:25: Train Epoch 12: 1360/1641 Loss: 0.434760
2026-08-21 22:25: Train Epoch 12: 1380/1641 Loss: 0.448695
2026-08-21 22:25: Train Epoch 12: 1400/1641 Loss: 0.496858
2026-08-21 22:25: Train Epoch 12: 1420/1641 Loss: 0.470551
2026-08-21 22:25: Train Epoch 12: 1440/1641 Loss: 0.456427
2026-08-21 22:25: Train Epoch 12: 1460/1641 Loss: 0.473565
2026-08-21 22:25: Train Epoch 12: 1480/1641 Loss: 0.463048
2026-08-21 22:25: Train Epoch 12: 1500/1641 Loss: 0.473429
2026-08-21 22:25: Train Epoch 12: 1520/1641 Loss: 0.484592
2026-08-21 22:25: Train Epoch 12: 1540/1641 Loss: 0.478296
2026-08-21 22:25: Train Epoch 12: 1560/1641 Loss: 0.457111
2026-08-21 22:25: Train Epoch 12: 1580/1641 Loss: 0.451161
2026-08-21 22:25: Train Epoch 12: 1600/1641 Loss: 0.456653
2026-08-21 22:25: Train Epoch 12: 1620/1641 Loss: 0.467983
2026-08-21 22:25: Train Epoch 12: 1640/1641 Loss: 0.472745
2026-08-21 22:25: **********Train Epoch 12: averaged Loss: 0.471554, tf_ratio: 1.000000
2026-08-21 22:26: **********Val Epoch 12: average Loss: 0.524125
2026-08-21 22:26: Train Epoch 13: 0/1641 Loss: 0.463030
2026-08-21 22:26: Train Epoch 13: 20/1641 Loss: 0.441182
2026-08-21 22:26: Train Epoch 13: 40/1641 Loss: 0.465214
2026-08-21 22:26: Train Epoch 13: 60/1641 Loss: 0.455963
2026-08-21 22:26: Train Epoch 13: 80/1641 Loss: 0.462793
2026-08-21 22:26: Train Epoch 13: 100/1641 Loss: 0.469324
2026-08-21 22:26: Train Epoch 13: 120/1641 Loss: 0.467696
2026-08-21 22:26: Train Epoch 13: 140/1641 Loss: 0.499308
2026-08-21 22:26: Train Epoch 13: 160/1641 Loss: 0.480833
2026-08-21 22:26: Train Epoch 13: 180/1641 Loss: 0.472495
2026-08-21 22:26: Train Epoch 13: 200/1641 Loss: 0.486561
2026-08-21 22:26: Train Epoch 13: 220/1641 Loss: 0.454202
2026-08-21 22:26: Train Epoch 13: 240/1641 Loss: 0.467660
2026-08-21 22:26: Train Epoch 13: 260/1641 Loss: 0.463547
2026-08-21 22:26: Train Epoch 13: 280/1641 Loss: 0.474691
2026-08-21 22:26: Train Epoch 13: 300/1641 Loss: 0.506204
2026-08-21 22:26: Train Epoch 13: 320/1641 Loss: 0.447849
2026-08-21 22:27: Train Epoch 13: 340/1641 Loss: 0.446095
2026-08-21 22:27: Train Epoch 13: 360/1641 Loss: 0.466821
2026-08-21 22:27: Train Epoch 13: 380/1641 Loss: 0.454330
2026-08-21 22:27: Train Epoch 13: 400/1641 Loss: 0.442596
2026-08-21 22:27: Train Epoch 13: 420/1641 Loss: 0.466700
2026-08-21 22:27: Train Epoch 13: 440/1641 Loss: 0.459927
2026-08-21 22:27: Train Epoch 13: 460/1641 Loss: 0.451385
2026-08-21 22:27: Train Epoch 13: 480/1641 Loss: 0.482334
2026-08-21 22:27: Train Epoch 13: 500/1641 Loss: 0.478468
2026-08-21 22:27: Train Epoch 13: 520/1641 Loss: 0.466996
2026-08-21 22:27: Train Epoch 13: 540/1641 Loss: 0.443402
2026-08-21 22:27: Train Epoch 13: 560/1641 Loss: 0.461725
2026-08-21 22:27: Train Epoch 13: 580/1641 Loss: 0.443055
2026-08-21 22:27: Train Epoch 13: 600/1641 Loss: 0.472179
2026-08-21 22:27: Train Epoch 13: 620/1641 Loss: 0.433667
2026-08-21 22:27: Train Epoch 13: 640/1641 Loss: 0.457686
2026-08-21 22:27: Train Epoch 13: 660/1641 Loss: 0.432096
2026-08-21 22:27: Train Epoch 13: 680/1641 Loss: 0.478866
2026-08-21 22:27: Train Epoch 13: 700/1641 Loss: 0.460279
2026-08-21 22:27: Train Epoch 13: 720/1641 Loss: 0.465416
2026-08-21 22:27: Train Epoch 13: 740/1641 Loss: 0.451632
2026-08-21 22:27: Train Epoch 13: 760/1641 Loss: 0.494836
2026-08-21 22:28: Train Epoch 13: 780/1641 Loss: 0.440867
2026-08-21 22:28: Train Epoch 13: 800/1641 Loss: 0.485466
2026-08-21 22:28: Train Epoch 13: 820/1641 Loss: 0.472171
2026-08-21 22:28: Train Epoch 13: 840/1641 Loss: 0.458498
2026-08-21 22:28: Train Epoch 13: 860/1641 Loss: 0.459222
2026-08-21 22:28: Train Epoch 13: 880/1641 Loss: 0.462041
2026-08-21 22:28: Train Epoch 13: 900/1641 Loss: 0.456372
2026-08-21 22:28: Train Epoch 13: 920/1641 Loss: 0.468781
2026-08-21 22:28: Train Epoch 13: 940/1641 Loss: 0.464063
2026-08-21 22:28: Train Epoch 13: 960/1641 Loss: 0.483577
2026-08-21 22:28: Train Epoch 13: 980/1641 Loss: 0.474011
2026-08-21 22:28: Train Epoch 13: 1000/1641 Loss: 0.471686
2026-08-21 22:28: Train Epoch 13: 1020/1641 Loss: 0.454602
2026-08-21 22:28: Train Epoch 13: 1040/1641 Loss: 0.457593
2026-08-21 22:28: Train Epoch 13: 1060/1641 Loss: 0.447614
2026-08-21 22:28: Train Epoch 13: 1080/1641 Loss: 0.471112
2026-08-21 22:28: Train Epoch 13: 1100/1641 Loss: 0.469002
2026-08-21 22:28: Train Epoch 13: 1120/1641 Loss: 0.500219
2026-08-21 22:28: Train Epoch 13: 1140/1641 Loss: 0.454620
2026-08-21 22:28: Train Epoch 13: 1160/1641 Loss: 0.458290
2026-08-21 22:28: Train Epoch 13: 1180/1641 Loss: 0.459058
2026-08-21 22:28: Train Epoch 13: 1200/1641 Loss: 0.458850
2026-08-21 22:29: Train Epoch 13: 1220/1641 Loss: 0.450228
2026-08-21 22:29: Train Epoch 13: 1240/1641 Loss: 0.449806
2026-08-21 22:29: Train Epoch 13: 1260/1641 Loss: 0.460061
2026-08-21 22:29: Train Epoch 13: 1280/1641 Loss: 0.459210
2026-08-21 22:29: Train Epoch 13: 1300/1641 Loss: 0.460717
2026-08-21 22:29: Train Epoch 13: 1320/1641 Loss: 0.463075
2026-08-21 22:29: Train Epoch 13: 1340/1641 Loss: 0.473828
2026-08-21 22:29: Train Epoch 13: 1360/1641 Loss: 0.467073
2026-08-21 22:29: Train Epoch 13: 1380/1641 Loss: 0.457301
2026-08-21 22:29: Train Epoch 13: 1400/1641 Loss: 0.460399
2026-08-21 22:29: Train Epoch 13: 1420/1641 Loss: 0.480671
2026-08-21 22:29: Train Epoch 13: 1440/1641 Loss: 0.451550
2026-08-21 22:29: Train Epoch 13: 1460/1641 Loss: 0.481630
2026-08-21 22:29: Train Epoch 13: 1480/1641 Loss: 0.438616
2026-08-21 22:29: Train Epoch 13: 1500/1641 Loss: 0.484560
2026-08-21 22:29: Train Epoch 13: 1520/1641 Loss: 0.451448
2026-08-21 22:29: Train Epoch 13: 1540/1641 Loss: 0.463516
2026-08-21 22:29: Train Epoch 13: 1560/1641 Loss: 0.459711
2026-08-21 22:29: Train Epoch 13: 1580/1641 Loss: 0.442615
2026-08-21 22:29: Train Epoch 13: 1600/1641 Loss: 0.475571
2026-08-21 22:29: Train Epoch 13: 1620/1641 Loss: 0.477903
2026-08-21 22:29: Train Epoch 13: 1640/1641 Loss: 0.463457
2026-08-21 22:29: **********Train Epoch 13: averaged Loss: 0.465329, tf_ratio: 1.000000
2026-08-21 22:30: **********Val Epoch 13: average Loss: 0.523412
2026-08-21 22:30: Train Epoch 14: 0/1641 Loss: 0.471432
2026-08-21 22:30: Train Epoch 14: 20/1641 Loss: 0.454826
2026-08-21 22:30: Train Epoch 14: 40/1641 Loss: 0.476201
2026-08-21 22:30: Train Epoch 14: 60/1641 Loss: 0.453055
2026-08-21 22:30: Train Epoch 14: 80/1641 Loss: 0.469207
2026-08-21 22:30: Train Epoch 14: 100/1641 Loss: 0.449718
2026-08-21 22:30: Train Epoch 14: 120/1641 Loss: 0.464418
2026-08-21 22:30: Train Epoch 14: 140/1641 Loss: 0.475037
2026-08-21 22:30: Train Epoch 14: 160/1641 Loss: 0.480024
2026-08-21 22:30: Train Epoch 14: 180/1641 Loss: 0.452189
2026-08-21 22:30: Train Epoch 14: 200/1641 Loss: 0.468615
2026-08-21 22:30: Train Epoch 14: 220/1641 Loss: 0.470544
2026-08-21 22:30: Train Epoch 14: 240/1641 Loss: 0.449738
2026-08-21 22:30: Train Epoch 14: 260/1641 Loss: 0.466320
2026-08-21 22:30: Train Epoch 14: 280/1641 Loss: 0.464253
2026-08-21 22:31: Train Epoch 14: 300/1641 Loss: 0.459317
2026-08-21 22:31: Train Epoch 14: 320/1641 Loss: 0.478582
2026-08-21 22:31: Train Epoch 14: 340/1641 Loss: 0.468315
2026-08-21 22:31: Train Epoch 14: 360/1641 Loss: 0.451528
2026-08-21 22:31: Train Epoch 14: 380/1641 Loss: 0.465275
2026-08-21 22:31: Train Epoch 14: 400/1641 Loss: 0.455872
2026-08-21 22:31: Train Epoch 14: 420/1641 Loss: 0.453602
2026-08-21 22:31: Train Epoch 14: 440/1641 Loss: 0.485846
2026-08-21 22:31: Train Epoch 14: 460/1641 Loss: 0.462253
2026-08-21 22:31: Train Epoch 14: 480/1641 Loss: 0.460583
2026-08-21 22:31: Train Epoch 14: 500/1641 Loss: 0.464031
2026-08-21 22:31: Train Epoch 14: 520/1641 Loss: 0.480118
2026-08-21 22:31: Train Epoch 14: 540/1641 Loss: 0.451965
2026-08-21 22:31: Train Epoch 14: 560/1641 Loss: 0.454953
2026-08-21 22:31: Train Epoch 14: 580/1641 Loss: 0.456599
2026-08-21 22:31: Train Epoch 14: 600/1641 Loss: 0.447939
2026-08-21 22:31: Train Epoch 14: 620/1641 Loss: 0.484025
2026-08-21 22:31: Train Epoch 14: 640/1641 Loss: 0.460005
2026-08-21 22:31: Train Epoch 14: 660/1641 Loss: 0.442832
2026-08-21 22:31: Train Epoch 14: 680/1641 Loss: 0.474153
2026-08-21 22:31: Train Epoch 14: 700/1641 Loss: 0.465303
2026-08-21 22:31: Train Epoch 14: 720/1641 Loss: 0.455896
2026-08-21 22:32: Train Epoch 14: 740/1641 Loss: 0.464138
2026-08-21 22:32: Train Epoch 14: 760/1641 Loss: 0.466227
2026-08-21 22:32: Train Epoch 14: 780/1641 Loss: 0.469442
2026-08-21 22:32: Train Epoch 14: 800/1641 Loss: 0.461746
2026-08-21 22:32: Train Epoch 14: 820/1641 Loss: 0.451211
2026-08-21 22:32: Train Epoch 14: 840/1641 Loss: 0.446795
2026-08-21 22:32: Train Epoch 14: 860/1641 Loss: 0.468569
2026-08-21 22:32: Train Epoch 14: 880/1641 Loss: 0.461474
2026-08-21 22:32: Train Epoch 14: 900/1641 Loss: 0.431395
2026-08-21 22:32: Train Epoch 14: 920/1641 Loss: 0.470789
2026-08-21 22:32: Train Epoch 14: 940/1641 Loss: 0.483317
2026-08-21 22:32: Train Epoch 14: 960/1641 Loss: 0.472868
2026-08-21 22:32: Train Epoch 14: 980/1641 Loss: 0.460202
2026-08-21 22:32: Train Epoch 14: 1000/1641 Loss: 0.446031
2026-08-21 22:32: Train Epoch 14: 1020/1641 Loss: 0.461694
2026-08-21 22:32: Train Epoch 14: 1040/1641 Loss: 0.468077
2026-08-21 22:32: Train Epoch 14: 1060/1641 Loss: 0.466451
2026-08-21 22:32: Train Epoch 14: 1080/1641 Loss: 0.435208
2026-08-21 22:32: Train Epoch 14: 1100/1641 Loss: 0.469942
2026-08-21 22:32: Train Epoch 14: 1120/1641 Loss: 0.460691
2026-08-21 22:32: Train Epoch 14: 1140/1641 Loss: 0.461388
2026-08-21 22:32: Train Epoch 14: 1160/1641 Loss: 0.463868
2026-08-21 22:33: Train Epoch 14: 1180/1641 Loss: 0.464085
2026-08-21 22:33: Train Epoch 14: 1200/1641 Loss: 0.447967
2026-08-21 22:33: Train Epoch 14: 1220/1641 Loss: 0.473568
2026-08-21 22:33: Train Epoch 14: 1240/1641 Loss: 0.432335
2026-08-21 22:33: Train Epoch 14: 1260/1641 Loss: 0.463109
2026-08-21 22:33: Train Epoch 14: 1280/1641 Loss: 0.461171
2026-08-21 22:33: Train Epoch 14: 1300/1641 Loss: 0.467700
2026-08-21 22:33: Train Epoch 14: 1320/1641 Loss: 0.430493
2026-08-21 22:33: Train Epoch 14: 1340/1641 Loss: 0.446620
2026-08-21 22:33: Train Epoch 14: 1360/1641 Loss: 0.467772
2026-08-21 22:33: Train Epoch 14: 1380/1641 Loss: 0.451050
2026-08-21 22:33: Train Epoch 14: 1400/1641 Loss: 0.439922
2026-08-21 22:33: Train Epoch 14: 1420/1641 Loss: 0.449427
2026-08-21 22:33: Train Epoch 14: 1440/1641 Loss: 0.447218
2026-08-21 22:33: Train Epoch 14: 1460/1641 Loss: 0.486168
2026-08-21 22:33: Train Epoch 14: 1480/1641 Loss: 0.457852
2026-08-21 22:33: Train Epoch 14: 1500/1641 Loss: 0.446625
2026-08-21 22:33: Train Epoch 14: 1520/1641 Loss: 0.467300
2026-08-21 22:33: Train Epoch 14: 1540/1641 Loss: 0.452959
2026-08-21 22:33: Train Epoch 14: 1560/1641 Loss: 0.478950
2026-08-21 22:33: Train Epoch 14: 1580/1641 Loss: 0.481669
2026-08-21 22:34: Train Epoch 14: 1600/1641 Loss: 0.446837
2026-08-21 22:34: Train Epoch 14: 1620/1641 Loss: 0.465655
2026-08-21 22:34: Train Epoch 14: 1640/1641 Loss: 0.430548
2026-08-21 22:34: **********Train Epoch 14: averaged Loss: 0.459661, tf_ratio: 1.000000
2026-08-21 22:34: **********Val Epoch 14: average Loss: 0.525334
2026-08-21 22:34: Train Epoch 15: 0/1641 Loss: 0.454132
2026-08-21 22:34: Train Epoch 15: 20/1641 Loss: 0.462710
2026-08-21 22:34: Train Epoch 15: 40/1641 Loss: 0.461254
2026-08-21 22:34: Train Epoch 15: 60/1641 Loss: 0.464713
2026-08-21 22:34: Train Epoch 15: 80/1641 Loss: 0.464816
2026-08-21 22:34: Train Epoch 15: 100/1641 Loss: 0.456724
2026-08-21 22:34: Train Epoch 15: 120/1641 Loss: 0.451948
2026-08-21 22:34: Train Epoch 15: 140/1641 Loss: 0.471108
2026-08-21 22:34: Train Epoch 15: 160/1641 Loss: 0.442221
2026-08-21 22:34: Train Epoch 15: 180/1641 Loss: 0.462204
2026-08-21 22:34: Train Epoch 15: 200/1641 Loss: 0.441680
2026-08-21 22:34: Train Epoch 15: 220/1641 Loss: 0.441568
2026-08-21 22:35: Train Epoch 15: 240/1641 Loss: 0.446734
2026-08-21 22:35: Train Epoch 15: 260/1641 Loss: 0.447124
2026-08-21 22:35: Train Epoch 15: 280/1641 Loss: 0.461259
2026-08-21 22:35: Train Epoch 15: 300/1641 Loss: 0.457274
2026-08-21 22:35: Train Epoch 15: 320/1641 Loss: 0.458756
2026-08-21 22:35: Train Epoch 15: 340/1641 Loss: 0.458677
2026-08-21 22:35: Train Epoch 15: 360/1641 Loss: 0.457295
2026-08-21 22:35: Train Epoch 15: 380/1641 Loss: 0.481347
2026-08-21 22:35: Train Epoch 15: 400/1641 Loss: 0.468686
2026-08-21 22:35: Train Epoch 15: 420/1641 Loss: 0.440994
2026-08-21 22:35: Train Epoch 15: 440/1641 Loss: 0.452020
2026-08-21 22:35: Train Epoch 15: 460/1641 Loss: 0.433030
2026-08-21 22:35: Train Epoch 15: 480/1641 Loss: 0.464814
2026-08-21 22:35: Train Epoch 15: 500/1641 Loss: 0.453944
2026-08-21 22:35: Train Epoch 15: 520/1641 Loss: 0.454192
2026-08-21 22:35: Train Epoch 15: 540/1641 Loss: 0.450488
2026-08-21 22:35: Train Epoch 15: 560/1641 Loss: 0.448895
2026-08-21 22:35: Train Epoch 15: 580/1641 Loss: 0.453688
2026-08-21 22:35: Train Epoch 15: 600/1641 Loss: 0.464656
2026-08-21 22:35: Train Epoch 15: 620/1641 Loss: 0.458513
2026-08-21 22:35: Train Epoch 15: 640/1641 Loss: 0.450254
2026-08-21 22:35: Train Epoch 15: 660/1641 Loss: 0.469767
2026-08-21 22:36: Train Epoch 15: 680/1641 Loss: 0.450306
2026-08-21 22:36: Train Epoch 15: 700/1641 Loss: 0.475774
2026-08-21 22:36: Train Epoch 15: 720/1641 Loss: 0.452562
2026-08-21 22:36: Train Epoch 15: 740/1641 Loss: 0.458151
2026-08-21 22:36: Train Epoch 15: 760/1641 Loss: 0.448430
2026-08-21 22:36: Train Epoch 15: 780/1641 Loss: 0.464288
2026-08-21 22:36: Train Epoch 15: 800/1641 Loss: 0.439892
2026-08-21 22:36: Train Epoch 15: 820/1641 Loss: 0.457843
2026-08-21 22:36: Train Epoch 15: 840/1641 Loss: 0.442926
2026-08-21 22:36: Train Epoch 15: 860/1641 Loss: 0.413423
2026-08-21 22:36: Train Epoch 15: 880/1641 Loss: 0.436925
2026-08-21 22:36: Train Epoch 15: 900/1641 Loss: 0.488827
2026-08-21 22:36: Train Epoch 15: 920/1641 Loss: 0.443549
2026-08-21 22:36: Train Epoch 15: 940/1641 Loss: 0.472769
2026-08-21 22:36: Train Epoch 15: 960/1641 Loss: 0.441264
2026-08-21 22:36: Train Epoch 15: 980/1641 Loss: 0.456591
2026-08-21 22:36: Train Epoch 15: 1000/1641 Loss: 0.477950
2026-08-21 22:36: Train Epoch 15: 1020/1641 Loss: 0.449649
2026-08-21 22:36: Train Epoch 15: 1040/1641 Loss: 0.452481
2026-08-21 22:36: Train Epoch 15: 1060/1641 Loss: 0.492400
2026-08-21 22:36: Train Epoch 15: 1080/1641 Loss: 0.446352
2026-08-21 22:37: Train Epoch 15: 1100/1641 Loss: 0.455997
2026-08-21 22:37: Train Epoch 15: 1120/1641 Loss: 0.452069
2026-08-21 22:37: Train Epoch 15: 1140/1641 Loss: 0.452761
2026-08-21 22:37: Train Epoch 15: 1160/1641 Loss: 0.440527
2026-08-21 22:37: Train Epoch 15: 1180/1641 Loss: 0.450584
2026-08-21 22:37: Train Epoch 15: 1200/1641 Loss: 0.439956
2026-08-21 22:37: Train Epoch 15: 1220/1641 Loss: 0.447797
2026-08-21 22:37: Train Epoch 15: 1240/1641 Loss: 0.457510
2026-08-21 22:37: Train Epoch 15: 1260/1641 Loss: 0.439686
2026-08-21 22:37: Train Epoch 15: 1280/1641 Loss: 0.437128
2026-08-21 22:37: Train Epoch 15: 1300/1641 Loss: 0.462627
2026-08-21 22:37: Train Epoch 15: 1320/1641 Loss: 0.461868
2026-08-21 22:37: Train Epoch 15: 1340/1641 Loss: 0.470189
2026-08-21 22:37: Train Epoch 15: 1360/1641 Loss: 0.429708
2026-08-21 22:37: Train Epoch 15: 1380/1641 Loss: 0.449428
2026-08-21 22:37: Train Epoch 15: 1400/1641 Loss: 0.442432
2026-08-21 22:37: Train Epoch 15: 1420/1641 Loss: 0.464234
2026-08-21 22:37: Train Epoch 15: 1440/1641 Loss: 0.437511
2026-08-21 22:37: Train Epoch 15: 1460/1641 Loss: 0.452922
2026-08-21 22:37: Train Epoch 15: 1480/1641 Loss: 0.462797
2026-08-21 22:37: Train Epoch 15: 1500/1641 Loss: 0.428117
2026-08-21 22:37: Train Epoch 15: 1520/1641 Loss: 0.435796
2026-08-21 22:38: Train Epoch 15: 1540/1641 Loss: 0.468469
2026-08-21 22:38: Train Epoch 15: 1560/1641 Loss: 0.441420
2026-08-21 22:38: Train Epoch 15: 1580/1641 Loss: 0.460045
2026-08-21 22:38: Train Epoch 15: 1600/1641 Loss: 0.451902
2026-08-21 22:38: Train Epoch 15: 1620/1641 Loss: 0.454753
2026-08-21 22:38: Train Epoch 15: 1640/1641 Loss: 0.448348
2026-08-21 22:38: **********Train Epoch 15: averaged Loss: 0.454036, tf_ratio: 1.000000
2026-08-21 22:38: **********Val Epoch 15: average Loss: 0.530604
2026-08-21 22:38: Train Epoch 16: 0/1641 Loss: 0.437936
2026-08-21 22:38: Train Epoch 16: 20/1641 Loss: 0.452245
2026-08-21 22:38: Train Epoch 16: 40/1641 Loss: 0.461920
2026-08-21 22:38: Train Epoch 16: 60/1641 Loss: 0.454175
2026-08-21 22:38: Train Epoch 16: 80/1641 Loss: 0.437015
2026-08-21 22:38: Train Epoch 16: 100/1641 Loss: 0.429012
2026-08-21 22:38: Train Epoch 16: 120/1641 Loss: 0.459501
2026-08-21 22:38: Train Epoch 16: 140/1641 Loss: 0.458171
2026-08-21 22:38: Train Epoch 16: 160/1641 Loss: 0.446631
2026-08-21 22:39: Train Epoch 16: 180/1641 Loss: 0.459703
2026-08-21 22:39: Train Epoch 16: 200/1641 Loss: 0.452925
2026-08-21 22:39: Train Epoch 16: 220/1641 Loss: 0.454424
2026-08-21 22:39: Train Epoch 16: 240/1641 Loss: 0.451515
2026-08-21 22:39: Train Epoch 16: 260/1641 Loss: 0.458502
2026-08-21 22:39: Train Epoch 16: 280/1641 Loss: 0.468358
2026-08-21 22:39: Train Epoch 16: 300/1641 Loss: 0.428778
2026-08-21 22:39: Train Epoch 16: 320/1641 Loss: 0.467582
2026-08-21 22:39: Train Epoch 16: 340/1641 Loss: 0.461918
2026-08-21 22:39: Train Epoch 16: 360/1641 Loss: 0.463711
2026-08-21 22:39: Train Epoch 16: 380/1641 Loss: 0.453632
2026-08-21 22:39: Train Epoch 16: 400/1641 Loss: 0.477274
2026-08-21 22:39: Train Epoch 16: 420/1641 Loss: 0.444026
2026-08-21 22:39: Train Epoch 16: 440/1641 Loss: 0.454592
2026-08-21 22:39: Train Epoch 16: 460/1641 Loss: 0.428785
2026-08-21 22:39: Train Epoch 16: 480/1641 Loss: 0.445740
2026-08-21 22:39: Train Epoch 16: 500/1641 Loss: 0.452133
2026-08-21 22:39: Train Epoch 16: 520/1641 Loss: 0.442755
2026-08-21 22:39: Train Epoch 16: 540/1641 Loss: 0.452094
2026-08-21 22:39: Train Epoch 16: 560/1641 Loss: 0.444711
2026-08-21 22:39: Train Epoch 16: 580/1641 Loss: 0.448367
2026-08-21 22:39: Train Epoch 16: 600/1641 Loss: 0.449698
2026-08-21 22:40: Train Epoch 16: 620/1641 Loss: 0.436625
2026-08-21 22:40: Train Epoch 16: 640/1641 Loss: 0.458836
2026-08-21 22:40: Train Epoch 16: 660/1641 Loss: 0.457413
2026-08-21 22:40: Train Epoch 16: 680/1641 Loss: 0.439633
2026-08-21 22:40: Train Epoch 16: 700/1641 Loss: 0.453757
2026-08-21 22:40: Train Epoch 16: 720/1641 Loss: 0.439205
2026-08-21 22:40: Train Epoch 16: 740/1641 Loss: 0.453098
2026-08-21 22:40: Train Epoch 16: 760/1641 Loss: 0.449401
2026-08-21 22:40: Train Epoch 16: 780/1641 Loss: 0.427904
2026-08-21 22:40: Train Epoch 16: 800/1641 Loss: 0.447109
2026-08-21 22:40: Train Epoch 16: 820/1641 Loss: 0.467406
2026-08-21 22:40: Train Epoch 16: 840/1641 Loss: 0.457650
2026-08-21 22:40: Train Epoch 16: 860/1641 Loss: 0.439365
2026-08-21 22:40: Train Epoch 16: 880/1641 Loss: 0.444265
2026-08-21 22:40: Train Epoch 16: 900/1641 Loss: 0.413122
2026-08-21 22:40: Train Epoch 16: 920/1641 Loss: 0.456782
2026-08-21 22:40: Train Epoch 16: 940/1641 Loss: 0.458554
2026-08-21 22:40: Train Epoch 16: 960/1641 Loss: 0.456065
2026-08-21 22:40: Train Epoch 16: 980/1641 Loss: 0.444859
2026-08-21 22:40: Train Epoch 16: 1000/1641 Loss: 0.443368
2026-08-21 22:40: Train Epoch 16: 1020/1641 Loss: 0.447125
2026-08-21 22:41: Train Epoch 16: 1040/1641 Loss: 0.439693
2026-08-21 22:41: Train Epoch 16: 1060/1641 Loss: 0.450682
2026-08-21 22:41: Train Epoch 16: 1080/1641 Loss: 0.458559
2026-08-21 22:41: Train Epoch 16: 1100/1641 Loss: 0.426985
2026-08-21 22:41: Train Epoch 16: 1120/1641 Loss: 0.433845
2026-08-21 22:41: Train Epoch 16: 1140/1641 Loss: 0.449007
2026-08-21 22:41: Train Epoch 16: 1160/1641 Loss: 0.445591
2026-08-21 22:41: Train Epoch 16: 1180/1641 Loss: 0.435413
2026-08-21 22:41: Train Epoch 16: 1200/1641 Loss: 0.471488
2026-08-21 22:41: Train Epoch 16: 1220/1641 Loss: 0.453444
2026-08-21 22:41: Train Epoch 16: 1240/1641 Loss: 0.445097
2026-08-21 22:41: Train Epoch 16: 1260/1641 Loss: 0.443797
2026-08-21 22:41: Train Epoch 16: 1280/1641 Loss: 0.460232
2026-08-21 22:41: Train Epoch 16: 1300/1641 Loss: 0.433225
2026-08-21 22:41: Train Epoch 16: 1320/1641 Loss: 0.445055
2026-08-21 22:41: Train Epoch 16: 1340/1641 Loss: 0.472027
2026-08-21 22:41: Train Epoch 16: 1360/1641 Loss: 0.464164
2026-08-21 22:41: Train Epoch 16: 1380/1641 Loss: 0.455709
2026-08-21 22:41: Train Epoch 16: 1400/1641 Loss: 0.458553
2026-08-21 22:41: Train Epoch 16: 1420/1641 Loss: 0.458481
2026-08-21 22:41: Train Epoch 16: 1440/1641 Loss: 0.446200
2026-08-21 22:41: Train Epoch 16: 1460/1641 Loss: 0.478964
2026-08-21 22:42: Train Epoch 16: 1480/1641 Loss: 0.453767
2026-08-21 22:42: Train Epoch 16: 1500/1641 Loss: 0.457867
2026-08-21 22:42: Train Epoch 16: 1520/1641 Loss: 0.462349
2026-08-21 22:42: Train Epoch 16: 1540/1641 Loss: 0.452145
2026-08-21 22:42: Train Epoch 16: 1560/1641 Loss: 0.454974
2026-08-21 22:42: Train Epoch 16: 1580/1641 Loss: 0.425705
2026-08-21 22:42: Train Epoch 16: 1600/1641 Loss: 0.448759
2026-08-21 22:42: Train Epoch 16: 1620/1641 Loss: 0.460644
2026-08-21 22:42: Train Epoch 16: 1640/1641 Loss: 0.452037
2026-08-21 22:42: **********Train Epoch 16: averaged Loss: 0.448748, tf_ratio: 1.000000
2026-08-21 22:42: **********Val Epoch 16: average Loss: 0.528072
2026-08-21 22:42: Train Epoch 17: 0/1641 Loss: 0.431211
2026-08-21 22:42: Train Epoch 17: 20/1641 Loss: 0.450155
2026-08-21 22:42: Train Epoch 17: 40/1641 Loss: 0.438295
2026-08-21 22:42: Train Epoch 17: 60/1641 Loss: 0.472515
2026-08-21 22:42: Train Epoch 17: 80/1641 Loss: 0.427920
2026-08-21 22:42: Train Epoch 17: 100/1641 Loss: 0.457899
2026-08-21 22:43: Train Epoch 17: 120/1641 Loss: 0.442973
2026-08-21 22:43: Train Epoch 17: 140/1641 Loss: 0.426410
2026-08-21 22:43: Train Epoch 17: 160/1641 Loss: 0.432741
2026-08-21 22:43: Train Epoch 17: 180/1641 Loss: 0.442251
2026-08-21 22:43: Train Epoch 17: 200/1641 Loss: 0.436203
2026-08-21 22:43: Train Epoch 17: 220/1641 Loss: 0.462262
2026-08-21 22:43: Train Epoch 17: 240/1641 Loss: 0.438194
2026-08-21 22:43: Train Epoch 17: 260/1641 Loss: 0.461469
2026-08-21 22:43: Train Epoch 17: 280/1641 Loss: 0.440815
2026-08-21 22:43: Train Epoch 17: 300/1641 Loss: 0.446238
2026-08-21 22:43: Train Epoch 17: 320/1641 Loss: 0.453796
2026-08-21 22:43: Train Epoch 17: 340/1641 Loss: 0.446047
2026-08-21 22:43: Train Epoch 17: 360/1641 Loss: 0.439091
2026-08-21 22:43: Train Epoch 17: 380/1641 Loss: 0.466998
2026-08-21 22:43: Train Epoch 17: 400/1641 Loss: 0.441825
2026-08-21 22:43: Train Epoch 17: 420/1641 Loss: 0.438115
2026-08-21 22:43: Train Epoch 17: 440/1641 Loss: 0.437205
2026-08-21 22:43: Train Epoch 17: 460/1641 Loss: 0.459879
2026-08-21 22:43: Train Epoch 17: 480/1641 Loss: 0.450298
2026-08-21 22:43: Train Epoch 17: 500/1641 Loss: 0.450597
2026-08-21 22:43: Train Epoch 17: 520/1641 Loss: 0.465541
2026-08-21 22:43: Train Epoch 17: 540/1641 Loss: 0.459254
2026-08-21 22:44: Train Epoch 17: 560/1641 Loss: 0.432073
2026-08-21 22:44: Train Epoch 17: 580/1641 Loss: 0.446220
2026-08-21 22:44: Train Epoch 17: 600/1641 Loss: 0.432870
2026-08-21 22:44: Train Epoch 17: 620/1641 Loss: 0.423745
2026-08-21 22:44: Train Epoch 17: 640/1641 Loss: 0.439021
2026-08-21 22:44: Train Epoch 17: 660/1641 Loss: 0.438636
2026-08-21 22:44: Train Epoch 17: 680/1641 Loss: 0.420018
2026-08-21 22:44: Train Epoch 17: 700/1641 Loss: 0.458005
2026-08-21 22:44: Train Epoch 17: 720/1641 Loss: 0.414284
2026-08-21 22:44: Train Epoch 17: 740/1641 Loss: 0.471341
2026-08-21 22:44: Train Epoch 17: 760/1641 Loss: 0.441123
2026-08-21 22:44: Train Epoch 17: 780/1641 Loss: 0.451501
2026-08-21 22:44: Train Epoch 17: 800/1641 Loss: 0.442363
2026-08-21 22:44: Train Epoch 17: 820/1641 Loss: 0.468277
2026-08-21 22:44: Train Epoch 17: 840/1641 Loss: 0.478691
2026-08-21 22:44: Train Epoch 17: 860/1641 Loss: 0.422760
2026-08-21 22:44: Train Epoch 17: 880/1641 Loss: 0.442746
2026-08-21 22:44: Train Epoch 17: 900/1641 Loss: 0.448535
2026-08-21 22:44: Train Epoch 17: 920/1641 Loss: 0.461427
2026-08-21 22:44: Train Epoch 17: 940/1641 Loss: 0.438697
2026-08-21 22:44: Train Epoch 17: 960/1641 Loss: 0.448731
2026-08-21 22:45: Train Epoch 17: 980/1641 Loss: 0.454621
2026-08-21 22:45: Train Epoch 17: 1000/1641 Loss: 0.447505
2026-08-21 22:45: Train Epoch 17: 1020/1641 Loss: 0.456250
2026-08-21 22:45: Train Epoch 17: 1040/1641 Loss: 0.432849
2026-08-21 22:45: Train Epoch 17: 1060/1641 Loss: 0.450930
2026-08-21 22:45: Train Epoch 17: 1080/1641 Loss: 0.454370
2026-08-21 22:45: Train Epoch 17: 1100/1641 Loss: 0.470863
2026-08-21 22:45: Train Epoch 17: 1120/1641 Loss: 0.427868
2026-08-21 22:45: Train Epoch 17: 1140/1641 Loss: 0.459808
2026-08-21 22:45: Train Epoch 17: 1160/1641 Loss: 0.432092
2026-08-21 22:45: Train Epoch 17: 1180/1641 Loss: 0.438726
2026-08-21 22:45: Train Epoch 17: 1200/1641 Loss: 0.438316
2026-08-21 22:45: Train Epoch 17: 1220/1641 Loss: 0.463372
2026-08-21 22:45: Train Epoch 17: 1240/1641 Loss: 0.457082
2026-08-21 22:45: Train Epoch 17: 1260/1641 Loss: 0.454983
2026-08-21 22:45: Train Epoch 17: 1280/1641 Loss: 0.439517
2026-08-21 22:45: Train Epoch 17: 1300/1641 Loss: 0.427177
2026-08-21 22:45: Train Epoch 17: 1320/1641 Loss: 0.443934
2026-08-21 22:45: Train Epoch 17: 1340/1641 Loss: 0.449624
2026-08-21 22:45: Train Epoch 17: 1360/1641 Loss: 0.442234
2026-08-21 22:45: Train Epoch 17: 1380/1641 Loss: 0.454207
2026-08-21 22:45: Train Epoch 17: 1400/1641 Loss: 0.452796
2026-08-21 22:46: Train Epoch 17: 1420/1641 Loss: 0.430049
2026-08-21 22:46: Train Epoch 17: 1440/1641 Loss: 0.443853
2026-08-21 22:46: Train Epoch 17: 1460/1641 Loss: 0.446989
2026-08-21 22:46: Train Epoch 17: 1480/1641 Loss: 0.448671
2026-08-21 22:46: Train Epoch 17: 1500/1641 Loss: 0.485844
2026-08-21 22:46: Train Epoch 17: 1520/1641 Loss: 0.435739
2026-08-21 22:46: Train Epoch 17: 1540/1641 Loss: 0.455054
2026-08-21 22:46: Train Epoch 17: 1560/1641 Loss: 0.456004
2026-08-21 22:46: Train Epoch 17: 1580/1641 Loss: 0.462615
2026-08-21 22:46: Train Epoch 17: 1600/1641 Loss: 0.438683
2026-08-21 22:46: Train Epoch 17: 1620/1641 Loss: 0.420975
2026-08-21 22:46: Train Epoch 17: 1640/1641 Loss: 0.430575
2026-08-21 22:46: **********Train Epoch 17: averaged Loss: 0.443589, tf_ratio: 1.000000
2026-08-21 22:46: **********Val Epoch 17: average Loss: 0.532686
2026-08-21 22:46: Train Epoch 18: 0/1641 Loss: 0.450296
2026-08-21 22:46: Train Epoch 18: 20/1641 Loss: 0.399242
2026-08-21 22:46: Train Epoch 18: 40/1641 Loss: 0.439897
2026-08-21 22:47: Train Epoch 18: 60/1641 Loss: 0.416430
2026-08-21 22:47: Train Epoch 18: 80/1641 Loss: 0.441555
2026-08-21 22:47: Train Epoch 18: 100/1641 Loss: 0.426374
2026-08-21 22:47: Train Epoch 18: 120/1641 Loss: 0.428789
2026-08-21 22:47: Train Epoch 18: 140/1641 Loss: 0.415041
2026-08-21 22:47: Train Epoch 18: 160/1641 Loss: 0.458301
2026-08-21 22:47: Train Epoch 18: 180/1641 Loss: 0.450389
2026-08-21 22:47: Train Epoch 18: 200/1641 Loss: 0.438319
2026-08-21 22:47: Train Epoch 18: 220/1641 Loss: 0.447081
2026-08-21 22:47: Train Epoch 18: 240/1641 Loss: 0.448055
2026-08-21 22:47: Train Epoch 18: 260/1641 Loss: 0.452703
2026-08-21 22:47: Train Epoch 18: 280/1641 Loss: 0.428835
2026-08-21 22:47: Train Epoch 18: 300/1641 Loss: 0.393619
2026-08-21 22:47: Train Epoch 18: 320/1641 Loss: 0.433196
2026-08-21 22:47: Train Epoch 18: 340/1641 Loss: 0.449648
2026-08-21 22:47: Train Epoch 18: 360/1641 Loss: 0.440463
2026-08-21 22:47: Train Epoch 18: 380/1641 Loss: 0.418356
2026-08-21 22:47: Train Epoch 18: 400/1641 Loss: 0.460526
2026-08-21 22:47: Train Epoch 18: 420/1641 Loss: 0.429331
2026-08-21 22:47: Train Epoch 18: 440/1641 Loss: 0.427008
2026-08-21 22:47: Train Epoch 18: 460/1641 Loss: 0.443664
2026-08-21 22:48: Train Epoch 18: 480/1641 Loss: 0.424123
2026-08-21 22:48: Train Epoch 18: 500/1641 Loss: 0.428723
2026-08-21 22:48: Train Epoch 18: 520/1641 Loss: 0.436926
2026-08-21 22:48: Train Epoch 18: 540/1641 Loss: 0.413790
2026-08-21 22:48: Train Epoch 18: 560/1641 Loss: 0.438139
2026-08-21 22:48: Train Epoch 18: 580/1641 Loss: 0.424146
2026-08-21 22:48: Train Epoch 18: 600/1641 Loss: 0.462717
2026-08-21 22:48: Train Epoch 18: 620/1641 Loss: 0.437511
2026-08-21 22:48: Train Epoch 18: 640/1641 Loss: 0.424929
2026-08-21 22:48: Train Epoch 18: 660/1641 Loss: 0.445608
2026-08-21 22:48: Train Epoch 18: 680/1641 Loss: 0.438650
2026-08-21 22:48: Train Epoch 18: 700/1641 Loss: 0.431196
2026-08-21 22:48: Train Epoch 18: 720/1641 Loss: 0.452891
2026-08-21 22:48: Train Epoch 18: 740/1641 Loss: 0.453753
2026-08-21 22:48: Train Epoch 18: 760/1641 Loss: 0.443208
2026-08-21 22:48: Train Epoch 18: 780/1641 Loss: 0.437598
2026-08-21 22:48: Train Epoch 18: 800/1641 Loss: 0.399658
2026-08-21 22:48: Train Epoch 18: 820/1641 Loss: 0.446802
2026-08-21 22:48: Train Epoch 18: 840/1641 Loss: 0.464300
2026-08-21 22:48: Train Epoch 18: 860/1641 Loss: 0.434085
2026-08-21 22:48: Train Epoch 18: 880/1641 Loss: 0.444970
2026-08-21 22:48: Train Epoch 18: 900/1641 Loss: 0.446552
2026-08-21 22:49: Train Epoch 18: 920/1641 Loss: 0.442096
2026-08-21 22:49: Train Epoch 18: 940/1641 Loss: 0.434500
2026-08-21 22:49: Train Epoch 18: 960/1641 Loss: 0.453809
2026-08-21 22:49: Train Epoch 18: 980/1641 Loss: 0.448411
2026-08-21 22:49: Train Epoch 18: 1000/1641 Loss: 0.449792
2026-08-21 22:49: Train Epoch 18: 1020/1641 Loss: 0.420086
2026-08-21 22:49: Train Epoch 18: 1040/1641 Loss: 0.440734
2026-08-21 22:49: Train Epoch 18: 1060/1641 Loss: 0.408395
2026-08-21 22:49: Train Epoch 18: 1080/1641 Loss: 0.422414
2026-08-21 22:49: Train Epoch 18: 1100/1641 Loss: 0.453952
2026-08-21 22:49: Train Epoch 18: 1120/1641 Loss: 0.423459
2026-08-21 22:49: Train Epoch 18: 1140/1641 Loss: 0.448436
2026-08-21 22:49: Train Epoch 18: 1160/1641 Loss: 0.454323
2026-08-21 22:49: Train Epoch 18: 1180/1641 Loss: 0.465410
2026-08-21 22:49: Train Epoch 18: 1200/1641 Loss: 0.434507
2026-08-21 22:49: Train Epoch 18: 1220/1641 Loss: 0.441693
2026-08-21 22:49: Train Epoch 18: 1240/1641 Loss: 0.447211
2026-08-21 22:49: Train Epoch 18: 1260/1641 Loss: 0.429621
2026-08-21 22:49: Train Epoch 18: 1280/1641 Loss: 0.446654
2026-08-21 22:49: Train Epoch 18: 1300/1641 Loss: 0.421227
2026-08-21 22:49: Train Epoch 18: 1320/1641 Loss: 0.433672
2026-08-21 22:49: Train Epoch 18: 1340/1641 Loss: 0.453300
2026-08-21 22:50: Train Epoch 18: 1360/1641 Loss: 0.424890
2026-08-21 22:50: Train Epoch 18: 1380/1641 Loss: 0.427002
2026-08-21 22:50: Train Epoch 18: 1400/1641 Loss: 0.435167
2026-08-21 22:50: Train Epoch 18: 1420/1641 Loss: 0.438229
2026-08-21 22:50: Train Epoch 18: 1440/1641 Loss: 0.455545
2026-08-21 22:50: Train Epoch 18: 1460/1641 Loss: 0.447054
2026-08-21 22:50: Train Epoch 18: 1480/1641 Loss: 0.467188
2026-08-21 22:50: Train Epoch 18: 1500/1641 Loss: 0.444060
2026-08-21 22:50: Train Epoch 18: 1520/1641 Loss: 0.467981
2026-08-21 22:50: Train Epoch 18: 1540/1641 Loss: 0.462479
2026-08-21 22:50: Train Epoch 18: 1560/1641 Loss: 0.421035
2026-08-21 22:50: Train Epoch 18: 1580/1641 Loss: 0.451761
2026-08-21 22:50: Train Epoch 18: 1600/1641 Loss: 0.463864
2026-08-21 22:50: Train Epoch 18: 1620/1641 Loss: 0.433057
2026-08-21 22:50: Train Epoch 18: 1640/1641 Loss: 0.441310
2026-08-21 22:50: **********Train Epoch 18: averaged Loss: 0.438989, tf_ratio: 1.000000
2026-08-21 22:51: **********Val Epoch 18: average Loss: 0.529694
2026-08-21 22:51: Train Epoch 19: 0/1641 Loss: 0.425801
2026-08-21 22:51: Train Epoch 19: 20/1641 Loss: 0.433310
2026-08-21 22:51: Train Epoch 19: 40/1641 Loss: 0.421424
2026-08-21 22:51: Train Epoch 19: 60/1641 Loss: 0.405546
2026-08-21 22:51: Train Epoch 19: 80/1641 Loss: 0.448155
2026-08-21 22:51: Train Epoch 19: 100/1641 Loss: 0.407955
2026-08-21 22:51: Train Epoch 19: 120/1641 Loss: 0.428844
2026-08-21 22:51: Train Epoch 19: 140/1641 Loss: 0.437703
2026-08-21 22:51: Train Epoch 19: 160/1641 Loss: 0.439740
2026-08-21 22:51: Train Epoch 19: 180/1641 Loss: 0.449358
2026-08-21 22:51: Train Epoch 19: 200/1641 Loss: 0.435408
2026-08-21 22:51: Train Epoch 19: 220/1641 Loss: 0.433591
2026-08-21 22:51: Train Epoch 19: 240/1641 Loss: 0.418932
2026-08-21 22:51: Train Epoch 19: 260/1641 Loss: 0.430724
2026-08-21 22:51: Train Epoch 19: 280/1641 Loss: 0.441009
2026-08-21 22:51: Train Epoch 19: 300/1641 Loss: 0.436480
2026-08-21 22:51: Train Epoch 19: 320/1641 Loss: 0.423382
2026-08-21 22:51: Train Epoch 19: 340/1641 Loss: 0.410728
2026-08-21 22:51: Train Epoch 19: 360/1641 Loss: 0.426801
2026-08-21 22:52: Train Epoch 19: 380/1641 Loss: 0.420230
2026-08-21 22:52: Train Epoch 19: 400/1641 Loss: 0.448151
2026-08-21 22:52: Train Epoch 19: 420/1641 Loss: 0.423923
2026-08-21 22:52: Train Epoch 19: 440/1641 Loss: 0.468872
2026-08-21 22:52: Train Epoch 19: 460/1641 Loss: 0.430918
2026-08-21 22:52: Train Epoch 19: 480/1641 Loss: 0.426232
2026-08-21 22:52: Train Epoch 19: 500/1641 Loss: 0.428353
2026-08-21 22:52: Train Epoch 19: 520/1641 Loss: 0.435617
2026-08-21 22:52: Train Epoch 19: 540/1641 Loss: 0.454300
2026-08-21 22:52: Train Epoch 19: 560/1641 Loss: 0.444172
2026-08-21 22:52: Train Epoch 19: 580/1641 Loss: 0.454772
2026-08-21 22:52: Train Epoch 19: 600/1641 Loss: 0.453251
2026-08-21 22:52: Train Epoch 19: 620/1641 Loss: 0.416783
2026-08-21 22:52: Train Epoch 19: 640/1641 Loss: 0.420636
2026-08-21 22:52: Train Epoch 19: 660/1641 Loss: 0.455019
2026-08-21 22:52: Train Epoch 19: 680/1641 Loss: 0.421364
2026-08-21 22:52: Train Epoch 19: 700/1641 Loss: 0.436189
2026-08-21 22:52: Train Epoch 19: 720/1641 Loss: 0.451255
2026-08-21 22:52: Train Epoch 19: 740/1641 Loss: 0.427605
2026-08-21 22:52: Train Epoch 19: 760/1641 Loss: 0.424411
2026-08-21 22:52: Train Epoch 19: 780/1641 Loss: 0.433079
2026-08-21 22:52: Train Epoch 19: 800/1641 Loss: 0.421580
2026-08-21 22:52: Train Epoch 19: 820/1641 Loss: 0.459672
2026-08-21 22:53: Train Epoch 19: 840/1641 Loss: 0.447911
2026-08-21 22:53: Train Epoch 19: 860/1641 Loss: 0.413461
2026-08-21 22:53: Train Epoch 19: 880/1641 Loss: 0.437140
2026-08-21 22:53: Train Epoch 19: 900/1641 Loss: 0.415575
2026-08-21 22:53: Train Epoch 19: 920/1641 Loss: 0.409257
2026-08-21 22:53: Train Epoch 19: 940/1641 Loss: 0.412148
2026-08-21 22:53: Train Epoch 19: 960/1641 Loss: 0.451561
2026-08-21 22:53: Train Epoch 19: 980/1641 Loss: 0.414961
2026-08-21 22:53: Train Epoch 19: 1000/1641 Loss: 0.405276
2026-08-21 22:53: Train Epoch 19: 1020/1641 Loss: 0.439258
2026-08-21 22:53: Train Epoch 19: 1040/1641 Loss: 0.418711
2026-08-21 22:53: Train Epoch 19: 1060/1641 Loss: 0.442605
2026-08-21 22:53: Train Epoch 19: 1080/1641 Loss: 0.442924
2026-08-21 22:53: Train Epoch 19: 1100/1641 Loss: 0.440023
2026-08-21 22:53: Train Epoch 19: 1120/1641 Loss: 0.433831
2026-08-21 22:53: Train Epoch 19: 1140/1641 Loss: 0.434900
2026-08-21 22:53: Train Epoch 19: 1160/1641 Loss: 0.411710
2026-08-21 22:53: Train Epoch 19: 1180/1641 Loss: 0.444786
2026-08-21 22:53: Train Epoch 19: 1200/1641 Loss: 0.437901
2026-08-21 22:53: Train Epoch 19: 1220/1641 Loss: 0.422173
2026-08-21 22:53: Train Epoch 19: 1240/1641 Loss: 0.467645
2026-08-21 22:53: Train Epoch 19: 1260/1641 Loss: 0.420635
2026-08-21 22:54: Train Epoch 19: 1280/1641 Loss: 0.435826
2026-08-21 22:54: Train Epoch 19: 1300/1641 Loss: 0.437778
2026-08-21 22:54: Train Epoch 19: 1320/1641 Loss: 0.426513
2026-08-21 22:54: Train Epoch 19: 1340/1641 Loss: 0.428941
2026-08-21 22:54: Train Epoch 19: 1360/1641 Loss: 0.425934
2026-08-21 22:54: Train Epoch 19: 1380/1641 Loss: 0.431680
2026-08-21 22:54: Train Epoch 19: 1400/1641 Loss: 0.419291
2026-08-21 22:54: Train Epoch 19: 1420/1641 Loss: 0.431450
2026-08-21 22:54: Train Epoch 19: 1440/1641 Loss: 0.443349
2026-08-21 22:54: Train Epoch 19: 1460/1641 Loss: 0.433247
2026-08-21 22:54: Train Epoch 19: 1480/1641 Loss: 0.429698
2026-08-21 22:54: Train Epoch 19: 1500/1641 Loss: 0.454563
2026-08-21 22:54: Train Epoch 19: 1520/1641 Loss: 0.415532
2026-08-21 22:54: Train Epoch 19: 1540/1641 Loss: 0.429837
2026-08-21 22:54: Train Epoch 19: 1560/1641 Loss: 0.443601
2026-08-21 22:54: Train Epoch 19: 1580/1641 Loss: 0.447772
2026-08-21 22:54: Train Epoch 19: 1600/1641 Loss: 0.442232
2026-08-21 22:54: Train Epoch 19: 1620/1641 Loss: 0.435433
2026-08-21 22:54: Train Epoch 19: 1640/1641 Loss: 0.424126
2026-08-21 22:54: **********Train Epoch 19: averaged Loss: 0.434382, tf_ratio: 1.000000
2026-08-21 22:55: **********Val Epoch 19: average Loss: 0.537864
2026-08-21 22:55: Train Epoch 20: 0/1641 Loss: 0.437418
2026-08-21 22:55: Train Epoch 20: 20/1641 Loss: 0.441043
2026-08-21 22:55: Train Epoch 20: 40/1641 Loss: 0.433141
2026-08-21 22:55: Train Epoch 20: 60/1641 Loss: 0.427854
2026-08-21 22:55: Train Epoch 20: 80/1641 Loss: 0.434874
2026-08-21 22:55: Train Epoch 20: 100/1641 Loss: 0.443743
2026-08-21 22:55: Train Epoch 20: 120/1641 Loss: 0.415898
2026-08-21 22:55: Train Epoch 20: 140/1641 Loss: 0.423984
2026-08-21 22:55: Train Epoch 20: 160/1641 Loss: 0.430798
2026-08-21 22:55: Train Epoch 20: 180/1641 Loss: 0.422545
2026-08-21 22:55: Train Epoch 20: 200/1641 Loss: 0.431322
2026-08-21 22:55: Train Epoch 20: 220/1641 Loss: 0.427694
2026-08-21 22:55: Train Epoch 20: 240/1641 Loss: 0.422922
2026-08-21 22:55: Train Epoch 20: 260/1641 Loss: 0.434125
2026-08-21 22:55: Train Epoch 20: 280/1641 Loss: 0.442551
2026-08-21 22:55: Train Epoch 20: 300/1641 Loss: 0.446111
2026-08-21 22:55: Train Epoch 20: 320/1641 Loss: 0.436101
2026-08-21 22:55: Train Epoch 20: 340/1641 Loss: 0.405810
2026-08-21 22:56: Train Epoch 20: 360/1641 Loss: 0.436744
2026-08-21 22:56: Train Epoch 20: 380/1641 Loss: 0.430218
2026-08-21 22:56: Train Epoch 20: 400/1641 Loss: 0.420867
2026-08-21 22:56: Train Epoch 20: 420/1641 Loss: 0.431463
2026-08-21 22:56: Train Epoch 20: 440/1641 Loss: 0.445506
2026-08-21 22:56: Train Epoch 20: 460/1641 Loss: 0.443280
2026-08-21 22:56: Train Epoch 20: 480/1641 Loss: 0.433696
2026-08-21 22:56: Train Epoch 20: 500/1641 Loss: 0.437442
2026-08-21 22:56: Train Epoch 20: 520/1641 Loss: 0.417636
2026-08-21 22:56: Train Epoch 20: 540/1641 Loss: 0.441515
2026-08-21 22:56: Train Epoch 20: 560/1641 Loss: 0.426252
2026-08-21 22:56: Train Epoch 20: 580/1641 Loss: 0.412887
2026-08-21 22:56: Train Epoch 20: 600/1641 Loss: 0.425154
2026-08-21 22:56: Train Epoch 20: 620/1641 Loss: 0.446328
2026-08-21 22:56: Train Epoch 20: 640/1641 Loss: 0.439695
2026-08-21 22:56: Train Epoch 20: 660/1641 Loss: 0.442054
2026-08-21 22:56: Train Epoch 20: 680/1641 Loss: 0.446949
2026-08-21 22:56: Train Epoch 20: 700/1641 Loss: 0.422683
2026-08-21 22:56: Train Epoch 20: 720/1641 Loss: 0.449462
2026-08-21 22:56: Train Epoch 20: 740/1641 Loss: 0.418618
2026-08-21 22:56: Train Epoch 20: 760/1641 Loss: 0.421012
2026-08-21 22:57: Train Epoch 20: 780/1641 Loss: 0.416123
2026-08-21 22:57: Train Epoch 20: 800/1641 Loss: 0.425747
2026-08-21 22:57: Train Epoch 20: 820/1641 Loss: 0.422966
2026-08-21 22:57: Train Epoch 20: 840/1641 Loss: 0.449232
2026-08-21 22:57: Train Epoch 20: 860/1641 Loss: 0.434945
2026-08-21 22:57: Train Epoch 20: 880/1641 Loss: 0.426758
2026-08-21 22:57: Train Epoch 20: 900/1641 Loss: 0.420898
2026-08-21 22:57: Train Epoch 20: 920/1641 Loss: 0.415590
2026-08-21 22:57: Train Epoch 20: 940/1641 Loss: 0.429371
2026-08-21 22:57: Train Epoch 20: 960/1641 Loss: 0.436709
2026-08-21 22:57: Train Epoch 20: 980/1641 Loss: 0.404413
2026-08-21 22:57: Train Epoch 20: 1000/1641 Loss: 0.421840
2026-08-21 22:57: Train Epoch 20: 1020/1641 Loss: 0.446242
2026-08-21 22:57: Train Epoch 20: 1040/1641 Loss: 0.441691
2026-08-21 22:57: Train Epoch 20: 1060/1641 Loss: 0.425400
2026-08-21 22:57: Train Epoch 20: 1080/1641 Loss: 0.436892
2026-08-21 22:57: Train Epoch 20: 1100/1641 Loss: 0.424240
2026-08-21 22:57: Train Epoch 20: 1120/1641 Loss: 0.418830
2026-08-21 22:57: Train Epoch 20: 1140/1641 Loss: 0.434555
2026-08-21 22:57: Train Epoch 20: 1160/1641 Loss: 0.406141
2026-08-21 22:57: Train Epoch 20: 1180/1641 Loss: 0.417874
2026-08-21 22:57: Train Epoch 20: 1200/1641 Loss: 0.411249
2026-08-21 22:58: Train Epoch 20: 1220/1641 Loss: 0.448012
2026-08-21 22:58: Train Epoch 20: 1240/1641 Loss: 0.423759
2026-08-21 22:58: Train Epoch 20: 1260/1641 Loss: 0.437155
2026-08-21 22:58: Train Epoch 20: 1280/1641 Loss: 0.424923
2026-08-21 22:58: Train Epoch 20: 1300/1641 Loss: 0.417478
2026-08-21 22:58: Train Epoch 20: 1320/1641 Loss: 0.432018
2026-08-21 22:58: Train Epoch 20: 1340/1641 Loss: 0.437762
2026-08-21 22:58: Train Epoch 20: 1360/1641 Loss: 0.407289
2026-08-21 22:58: Train Epoch 20: 1380/1641 Loss: 0.420128
2026-08-21 22:58: Train Epoch 20: 1400/1641 Loss: 0.447338
2026-08-21 22:58: Train Epoch 20: 1420/1641 Loss: 0.418389
2026-08-21 22:58: Train Epoch 20: 1440/1641 Loss: 0.449644
2026-08-21 22:58: Train Epoch 20: 1460/1641 Loss: 0.439402
2026-08-21 22:58: Train Epoch 20: 1480/1641 Loss: 0.432256
2026-08-21 22:58: Train Epoch 20: 1500/1641 Loss: 0.439003
2026-08-21 22:58: Train Epoch 20: 1520/1641 Loss: 0.428539
2026-08-21 22:58: Train Epoch 20: 1540/1641 Loss: 0.421398
2026-08-21 22:58: Train Epoch 20: 1560/1641 Loss: 0.443606
2026-08-21 22:58: Train Epoch 20: 1580/1641 Loss: 0.445622
2026-08-21 22:58: Train Epoch 20: 1600/1641 Loss: 0.429852
2026-08-21 22:58: Train Epoch 20: 1620/1641 Loss: 0.435155
2026-08-21 22:58: Train Epoch 20: 1640/1641 Loss: 0.422410
2026-08-21 22:58: **********Train Epoch 20: averaged Loss: 0.430212, tf_ratio: 1.000000
2026-08-21 22:59: **********Val Epoch 20: average Loss: 0.538001
2026-08-21 22:59: Train Epoch 21: 0/1641 Loss: 0.432444
2026-08-21 22:59: Train Epoch 21: 20/1641 Loss: 0.411975
2026-08-21 22:59: Train Epoch 21: 40/1641 Loss: 0.428488
2026-08-21 22:59: Train Epoch 21: 60/1641 Loss: 0.423711
2026-08-21 22:59: Train Epoch 21: 80/1641 Loss: 0.453842
2026-08-21 22:59: Train Epoch 21: 100/1641 Loss: 0.428196
2026-08-21 22:59: Train Epoch 21: 120/1641 Loss: 0.439010
2026-08-21 22:59: Train Epoch 21: 140/1641 Loss: 0.450506
2026-08-21 22:59: Train Epoch 21: 160/1641 Loss: 0.429340
2026-08-21 22:59: Train Epoch 21: 180/1641 Loss: 0.420657
2026-08-21 22:59: Train Epoch 21: 200/1641 Loss: 0.442468
2026-08-21 22:59: Train Epoch 21: 220/1641 Loss: 0.437166
2026-08-21 22:59: Train Epoch 21: 240/1641 Loss: 0.450086
2026-08-21 22:59: Train Epoch 21: 260/1641 Loss: 0.412312
2026-08-21 23:00: Train Epoch 21: 280/1641 Loss: 0.444509
2026-08-21 23:00: Train Epoch 21: 300/1641 Loss: 0.412420
2026-08-21 23:00: Train Epoch 21: 320/1641 Loss: 0.434959
2026-08-21 23:00: Train Epoch 21: 340/1641 Loss: 0.434600
2026-08-21 23:00: Train Epoch 21: 360/1641 Loss: 0.434344
2026-08-21 23:00: Train Epoch 21: 380/1641 Loss: 0.426238
2026-08-21 23:00: Train Epoch 21: 400/1641 Loss: 0.432447
2026-08-21 23:00: Train Epoch 21: 420/1641 Loss: 0.429907
2026-08-21 23:00: Train Epoch 21: 440/1641 Loss: 0.421978
2026-08-21 23:00: Train Epoch 21: 460/1641 Loss: 0.428020
2026-08-21 23:00: Train Epoch 21: 480/1641 Loss: 0.428858
2026-08-21 23:00: Train Epoch 21: 500/1641 Loss: 0.431397
2026-08-21 23:00: Train Epoch 21: 520/1641 Loss: 0.439682
2026-08-21 23:00: Train Epoch 21: 540/1641 Loss: 0.442093
2026-08-21 23:00: Train Epoch 21: 560/1641 Loss: 0.410999
2026-08-21 23:00: Train Epoch 21: 580/1641 Loss: 0.429922
2026-08-21 23:00: Train Epoch 21: 600/1641 Loss: 0.425118
2026-08-21 23:00: Train Epoch 21: 620/1641 Loss: 0.439300
2026-08-21 23:00: Train Epoch 21: 640/1641 Loss: 0.450017
2026-08-21 23:00: Train Epoch 21: 660/1641 Loss: 0.446852
2026-08-21 23:00: Train Epoch 21: 680/1641 Loss: 0.430599
2026-08-21 23:00: Train Epoch 21: 700/1641 Loss: 0.428396
2026-08-21 23:01: Train Epoch 21: 720/1641 Loss: 0.429775
2026-08-21 23:01: Train Epoch 21: 740/1641 Loss: 0.426601
2026-08-21 23:01: Train Epoch 21: 760/1641 Loss: 0.410844
2026-08-21 23:01: Train Epoch 21: 780/1641 Loss: 0.422266
2026-08-21 23:01: Train Epoch 21: 800/1641 Loss: 0.454866
2026-08-21 23:01: Train Epoch 21: 820/1641 Loss: 0.413238
2026-08-21 23:01: Train Epoch 21: 840/1641 Loss: 0.445847
2026-08-21 23:01: Train Epoch 21: 860/1641 Loss: 0.410103
2026-08-21 23:01: Train Epoch 21: 880/1641 Loss: 0.427008
2026-08-21 23:01: Train Epoch 21: 900/1641 Loss: 0.415774
2026-08-21 23:01: Train Epoch 21: 920/1641 Loss: 0.432082
2026-08-21 23:01: Train Epoch 21: 940/1641 Loss: 0.408992
2026-08-21 23:01: Train Epoch 21: 960/1641 Loss: 0.414169
2026-08-21 23:01: Train Epoch 21: 980/1641 Loss: 0.427370
2026-08-21 23:01: Train Epoch 21: 1000/1641 Loss: 0.433629
2026-08-21 23:01: Train Epoch 21: 1020/1641 Loss: 0.420545
2026-08-21 23:01: Train Epoch 21: 1040/1641 Loss: 0.435354
2026-08-21 23:01: Train Epoch 21: 1060/1641 Loss: 0.416380
2026-08-21 23:01: Train Epoch 21: 1080/1641 Loss: 0.444292
2026-08-21 23:01: Train Epoch 21: 1100/1641 Loss: 0.451044
2026-08-21 23:01: Train Epoch 21: 1120/1641 Loss: 0.441314
2026-08-21 23:02: Train Epoch 21: 1140/1641 Loss: 0.426960
2026-08-21 23:02: Train Epoch 21: 1160/1641 Loss: 0.433352
2026-08-21 23:02: Train Epoch 21: 1180/1641 Loss: 0.433244
2026-08-21 23:02: Train Epoch 21: 1200/1641 Loss: 0.426484
2026-08-21 23:02: Train Epoch 21: 1220/1641 Loss: 0.418878
2026-08-21 23:02: Train Epoch 21: 1240/1641 Loss: 0.423451
2026-08-21 23:02: Train Epoch 21: 1260/1641 Loss: 0.419133
2026-08-21 23:02: Train Epoch 21: 1280/1641 Loss: 0.415871
2026-08-21 23:02: Train Epoch 21: 1300/1641 Loss: 0.429419
2026-08-21 23:02: Train Epoch 21: 1320/1641 Loss: 0.417903
2026-08-21 23:02: Train Epoch 21: 1340/1641 Loss: 0.422611
2026-08-21 23:02: Train Epoch 21: 1360/1641 Loss: 0.440741
2026-08-21 23:02: Train Epoch 21: 1380/1641 Loss: 0.424039
2026-08-21 23:02: Train Epoch 21: 1400/1641 Loss: 0.410947
2026-08-21 23:02: Train Epoch 21: 1420/1641 Loss: 0.448713
2026-08-21 23:02: Train Epoch 21: 1440/1641 Loss: 0.416628
2026-08-21 23:02: Train Epoch 21: 1460/1641 Loss: 0.432404
2026-08-21 23:02: Train Epoch 21: 1480/1641 Loss: 0.439382
2026-08-21 23:02: Train Epoch 21: 1500/1641 Loss: 0.399887
2026-08-21 23:02: Train Epoch 21: 1520/1641 Loss: 0.414657
2026-08-21 23:02: Train Epoch 21: 1540/1641 Loss: 0.417656
2026-08-21 23:02: Train Epoch 21: 1560/1641 Loss: 0.419939
2026-08-21 23:03: Train Epoch 21: 1580/1641 Loss: 0.417169
2026-08-21 23:03: Train Epoch 21: 1600/1641 Loss: 0.421242
2026-08-21 23:03: Train Epoch 21: 1620/1641 Loss: 0.441995
2026-08-21 23:03: Train Epoch 21: 1640/1641 Loss: 0.428687
2026-08-21 23:03: **********Train Epoch 21: averaged Loss: 0.426018, tf_ratio: 1.000000
2026-08-21 23:03: **********Val Epoch 21: average Loss: 0.543674
2026-08-21 23:03: Validation performance didn't improve for 15 epochs. Training stops.
2026-08-21 23:03: Total training time: 86.9553min, best loss: 0.506364
2026-08-21 23:03: Saving current best model to /scratch/chkkar002/Diffusion_Based_STGNNs/RealValue/AGCRN/model/experiments/SAWS/20260821213631/best_model.pth
2026-08-21 23:03: Horizon 01, MAE: 0.27, RMSE: 0.38, MAPE: 232.1237%
2026-08-21 23:03: Horizon 02, MAE: 0.35, RMSE: 0.49, MAPE: 287.8050%
2026-08-21 23:03: Horizon 03, MAE: 0.39, RMSE: 0.55, MAPE: 319.2637%
2026-08-21 23:03: Horizon 04, MAE: 0.42, RMSE: 0.59, MAPE: 331.4830%
2026-08-21 23:03: Horizon 05, MAE: 0.44, RMSE: 0.62, MAPE: 341.0611%
2026-08-21 23:03: Horizon 06, MAE: 0.46, RMSE: 0.64, MAPE: 347.6480%
2026-08-21 23:03: Horizon 07, MAE: 0.47, RMSE: 0.66, MAPE: 353.7133%
2026-08-21 23:03: Horizon 08, MAE: 0.48, RMSE: 0.67, MAPE: 358.0979%
2026-08-21 23:03: Horizon 09, MAE: 0.49, RMSE: 0.69, MAPE: 364.8130%
2026-08-21 23:03: Horizon 10, MAE: 0.49, RMSE: 0.70, MAPE: 366.0125%
2026-08-21 23:03: Horizon 11, MAE: 0.50, RMSE: 0.71, MAPE: 368.7663%
2026-08-21 23:03: Horizon 12, MAE: 0.51, RMSE: 0.71, MAPE: 368.2273%
2026-08-21 23:03: Horizon 13, MAE: 0.51, RMSE: 0.72, MAPE: 366.6286%
2026-08-21 23:03: Horizon 14, MAE: 0.51, RMSE: 0.72, MAPE: 366.4062%
2026-08-21 23:03: Horizon 15, MAE: 0.51, RMSE: 0.73, MAPE: 366.4548%
2026-08-21 23:03: Horizon 16, MAE: 0.52, RMSE: 0.73, MAPE: 367.8851%
2026-08-21 23:03: Horizon 17, MAE: 0.52, RMSE: 0.73, MAPE: 367.9266%
2026-08-21 23:03: Horizon 18, MAE: 0.52, RMSE: 0.74, MAPE: 368.8284%
2026-08-21 23:03: Horizon 19, MAE: 0.52, RMSE: 0.74, MAPE: 369.3659%
2026-08-21 23:03: Horizon 20, MAE: 0.52, RMSE: 0.74, MAPE: 369.3022%
2026-08-21 23:03: Horizon 21, MAE: 0.52, RMSE: 0.74, MAPE: 370.6720%
2026-08-21 23:03: Horizon 22, MAE: 0.52, RMSE: 0.74, MAPE: 372.5688%
2026-08-21 23:03: Horizon 23, MAE: 0.52, RMSE: 0.74, MAPE: 377.1196%
2026-08-21 23:03: Horizon 24, MAE: 0.52, RMSE: 0.75, MAPE: 383.4137%
2026-08-21 23:03: Horizon 25, MAE: 0.53, RMSE: 0.75, MAPE: 386.1218%
2026-08-21 23:03: Horizon 26, MAE: 0.53, RMSE: 0.75, MAPE: 389.4147%
2026-08-21 23:03: Horizon 27, MAE: 0.53, RMSE: 0.76, MAPE: 394.9205%
2026-08-21 23:03: Horizon 28, MAE: 0.54, RMSE: 0.76, MAPE: 396.9439%
2026-08-21 23:03: Horizon 29, MAE: 0.54, RMSE: 0.76, MAPE: 394.3320%
2026-08-21 23:03: Horizon 30, MAE: 0.54, RMSE: 0.76, MAPE: 396.5714%
2026-08-21 23:03: Horizon 31, MAE: 0.54, RMSE: 0.77, MAPE: 395.9396%
2026-08-21 23:03: Horizon 32, MAE: 0.54, RMSE: 0.77, MAPE: 392.3902%
2026-08-21 23:03: Horizon 33, MAE: 0.54, RMSE: 0.77, MAPE: 390.3358%
2026-08-21 23:03: Horizon 34, MAE: 0.54, RMSE: 0.77, MAPE: 391.3196%
2026-08-21 23:03: Horizon 35, MAE: 0.54, RMSE: 0.77, MAPE: 392.3140%
2026-08-21 23:03: Horizon 36, MAE: 0.54, RMSE: 0.77, MAPE: 392.0253%
2026-08-21 23:03: Horizon 37, MAE: 0.54, RMSE: 0.77, MAPE: 392.0095%
2026-08-21 23:03: Horizon 38, MAE: 0.54, RMSE: 0.77, MAPE: 385.6780%
2026-08-21 23:03: Horizon 39, MAE: 0.54, RMSE: 0.77, MAPE: 383.6938%
2026-08-21 23:03: Horizon 40, MAE: 0.54, RMSE: 0.77, MAPE: 382.3984%
2026-08-21 23:03: Horizon 41, MAE: 0.54, RMSE: 0.77, MAPE: 381.1025%
2026-08-21 23:03: Horizon 42, MAE: 0.54, RMSE: 0.77, MAPE: 376.2854%
2026-08-21 23:03: Horizon 43, MAE: 0.54, RMSE: 0.77, MAPE: 375.5539%
2026-08-21 23:03: Horizon 44, MAE: 0.54, RMSE: 0.77, MAPE: 375.9971%
2026-08-21 23:03: Horizon 45, MAE: 0.54, RMSE: 0.77, MAPE: 378.6441%
2026-08-21 23:03: Horizon 46, MAE: 0.54, RMSE: 0.77, MAPE: 376.8364%
2026-08-21 23:03: Horizon 47, MAE: 0.54, RMSE: 0.77, MAPE: 375.8026%
2026-08-21 23:03: Horizon 48, MAE: 0.54, RMSE: 0.77, MAPE: 377.4359%
2026-08-21 23:03: Average Horizon, MAE: 0.51, RMSE: 0.73, MAPE: 369.9971%
2026-08-21 23:03: Horizon 01, MAE: 0.60, RMSE: 0.85, MAPE: 37.0924%
2026-08-21 23:03: Horizon 02, MAE: 0.77, RMSE: 1.07, MAPE: 46.9428%
2026-08-21 23:03: Horizon 03, MAE: 0.86, RMSE: 1.20, MAPE: 50.4194%
2026-08-21 23:03: Horizon 04, MAE: 0.93, RMSE: 1.29, MAPE: 53.5623%
2026-08-21 23:03: Horizon 05, MAE: 0.97, RMSE: 1.36, MAPE: 55.4269%
2026-08-21 23:03: Horizon 06, MAE: 1.01, RMSE: 1.41, MAPE: 56.7352%
2026-08-21 23:03: Horizon 07, MAE: 1.04, RMSE: 1.45, MAPE: 58.0334%
2026-08-21 23:03: Horizon 08, MAE: 1.06, RMSE: 1.49, MAPE: 57.8954%
2026-08-21 23:03: Horizon 09, MAE: 1.08, RMSE: 1.52, MAPE: 56.6902%
2026-08-21 23:03: Horizon 10, MAE: 1.09, RMSE: 1.54, MAPE: 56.7519%
2026-08-21 23:03: Horizon 11, MAE: 1.11, RMSE: 1.56, MAPE: 56.8437%
2026-08-21 23:03: Horizon 12, MAE: 1.12, RMSE: 1.58, MAPE: 57.9823%
2026-08-21 23:03: Horizon 13, MAE: 1.12, RMSE: 1.59, MAPE: 58.8134%
2026-08-21 23:03: Horizon 14, MAE: 1.13, RMSE: 1.60, MAPE: 59.1479%
2026-08-21 23:03: Horizon 15, MAE: 1.13, RMSE: 1.60, MAPE: 59.3537%
2026-08-21 23:03: Horizon 16, MAE: 1.14, RMSE: 1.61, MAPE: 58.9256%
2026-08-21 23:03: Horizon 17, MAE: 1.14, RMSE: 1.62, MAPE: 58.1735%
2026-08-21 23:03: Horizon 18, MAE: 1.14, RMSE: 1.63, MAPE: 58.8667%
2026-08-21 23:03: Horizon 19, MAE: 1.15, RMSE: 1.63, MAPE: 60.5366%
2026-08-21 23:03: Horizon 20, MAE: 1.15, RMSE: 1.63, MAPE: 59.7857%
2026-08-21 23:03: Horizon 21, MAE: 1.15, RMSE: 1.63, MAPE: 58.7557%
2026-08-21 23:03: Horizon 22, MAE: 1.15, RMSE: 1.64, MAPE: 57.9750%
2026-08-21 23:03: Horizon 23, MAE: 1.15, RMSE: 1.64, MAPE: 57.1525%
2026-08-21 23:03: Horizon 24, MAE: 1.15, RMSE: 1.65, MAPE: 55.1584%
2026-08-21 23:03: Horizon 25, MAE: 1.16, RMSE: 1.66, MAPE: 55.7051%
2026-08-21 23:03: Horizon 26, MAE: 1.17, RMSE: 1.66, MAPE: 56.8178%
2026-08-21 23:03: Horizon 27, MAE: 1.18, RMSE: 1.67, MAPE: 57.0161%
2026-08-21 23:03: Horizon 28, MAE: 1.18, RMSE: 1.68, MAPE: 57.4663%
2026-08-21 23:03: Horizon 29, MAE: 1.19, RMSE: 1.68, MAPE: 57.9878%
2026-08-21 23:03: Horizon 30, MAE: 1.19, RMSE: 1.69, MAPE: 58.5788%
2026-08-21 23:03: Horizon 31, MAE: 1.19, RMSE: 1.69, MAPE: 59.0404%
2026-08-21 23:03: Horizon 32, MAE: 1.19, RMSE: 1.69, MAPE: 59.1616%
2026-08-21 23:03: Horizon 33, MAE: 1.19, RMSE: 1.69, MAPE: 57.4930%
2026-08-21 23:03: Horizon 34, MAE: 1.20, RMSE: 1.70, MAPE: 57.3596%
2026-08-21 23:03: Horizon 35, MAE: 1.20, RMSE: 1.70, MAPE: 56.7098%
2026-08-21 23:03: Horizon 36, MAE: 1.20, RMSE: 1.70, MAPE: 56.7692%
2026-08-21 23:03: Horizon 37, MAE: 1.20, RMSE: 1.70, MAPE: 56.9209%
2026-08-21 23:03: Horizon 38, MAE: 1.20, RMSE: 1.70, MAPE: 57.4065%
2026-08-21 23:03: Horizon 39, MAE: 1.20, RMSE: 1.70, MAPE: 57.1374%
2026-08-21 23:03: Horizon 40, MAE: 1.20, RMSE: 1.71, MAPE: 57.0241%
2026-08-21 23:03: Horizon 41, MAE: 1.20, RMSE: 1.71, MAPE: 56.2103%
2026-08-21 23:03: Horizon 42, MAE: 1.20, RMSE: 1.71, MAPE: 57.8803%
2026-08-21 23:03: Horizon 43, MAE: 1.20, RMSE: 1.71, MAPE: 59.9526%
2026-08-21 23:03: Horizon 44, MAE: 1.20, RMSE: 1.71, MAPE: 60.8436%
2026-08-21 23:03: Horizon 45, MAE: 1.20, RMSE: 1.71, MAPE: 60.7555%
2026-08-21 23:03: Horizon 46, MAE: 1.20, RMSE: 1.70, MAPE: 60.2332%
2026-08-21 23:03: Horizon 47, MAE: 1.20, RMSE: 1.70, MAPE: 60.6112%
2026-08-21 23:03: Horizon 48, MAE: 1.20, RMSE: 1.70, MAPE: 60.3291%
2026-08-21 23:03: Average Horizon, MAE: 1.12, RMSE: 1.60, MAPE: 57.1341%
2026-08-21 23:03: VPT (threshold=0.50): mean=1.73 steps, median=1.00, std=2.48, range=[0, 27]
wandb: updating run metadata
wandb: uploading output.log; uploading wandb-summary.json; uploading config.yaml
wandb: uploading output.log; uploading wandb-summary.json
wandb: 
wandb: Run history:
wandb:          epoch ▁▁▁▁▂▂▂▂▂▂▃▃▃▃▃▃▄▄▄▄▅▅▅▅▅▆▆▆▆▆▆▇▇▇▇▇▇███
wandb:     train/loss █▅▅▅▅▄▄▄▄▃▃▃▃▂▂▂▂▂▁▁▁
wandb: train/tf_ratio ▁▁▁▁▁▁▁▁▁▁▁▁▁▁▁▁▁▁▁▁▁
wandb:       val/loss ▄▃▂▂▂▁▂▁▂▃▃▄▄▅▆▅▆▅▇▇█
wandb: 
wandb: Run summary:
wandb:     best_val_loss 0.50636
wandb:             epoch 21
wandb:      test_vpt_max 27
wandb:     test_vpt_mean 1.72983
wandb:   test_vpt_median 1
wandb:      test_vpt_min 0
wandb:      test_vpt_std 2.48465
wandb:        train/loss 0.42602
wandb:    train/tf_ratio 1
wandb: training_time_min 86.95528
wandb:                +1 ...
wandb: 
wandb: 🚀 View run AGCRN_RV_WindDir at: https://wandb.ai/chkkar002-university-of-cape-town/stgnn-weather/runs/10k8wzl5
wandb: ⭐️ View project at: https://wandb.ai/chkkar002-university-of-cape-town/stgnn-weather
wandb: Synced 5 W&B file(s), 0 media file(s), 0 artifact file(s) and 0 other file(s)
wandb: Find logs at: ./wandb/run-20260821_213632-10k8wzl5/logs
/scratch/chkkar002/Diffusion_Based_STGNNs/RealValue/AGCRN
Read configuration file: ./SAWS_AGCRN.conf
*****************Model Parameter*****************
node_embeddings torch.Size([32, 30]) True
encoder.dcrnn_cells.0.gate.weights_pool torch.Size([30, 2, 65, 128]) True
encoder.dcrnn_cells.0.gate.bias_pool torch.Size([30, 128]) True
encoder.dcrnn_cells.0.update.weights_pool torch.Size([30, 2, 65, 64]) True
encoder.dcrnn_cells.0.update.bias_pool torch.Size([30, 64]) True
encoder.dcrnn_cells.1.gate.weights_pool torch.Size([30, 2, 128, 128]) True
encoder.dcrnn_cells.1.gate.bias_pool torch.Size([30, 128]) True
encoder.dcrnn_cells.1.update.weights_pool torch.Size([30, 2, 128, 64]) True
encoder.dcrnn_cells.1.update.bias_pool torch.Size([30, 64]) True
end_conv.weight torch.Size([48, 1, 1, 64]) True
end_conv.bias torch.Size([48]) True
Total params num: 2238960
*****************Finish Parameter****************
Load SAWS Dataset shaped:  (87672, 32, 1) 22.8 0.0 2.68212 2.3
Normalize the dataset by Standard Normalization
[[[-0.5805008 ]
  [ 0.41558507]
  [ 0.1892019 ]
  ...
  [ 0.7777982 ]
  [-1.2143736 ]
  [-0.6257774 ]]

 [[-0.71633065]
  [-0.08245784]
  [ 0.7325216 ]
  ...
  [ 0.00809545]
  [-0.6257774 ]
  [-0.671054  ]]

 [[-1.2143736 ]
  [-0.12773442]
  [ 0.64196825]
  ...
  [-0.03718125]
  [-0.6257774 ]
  [-0.5805008 ]]

 ...

 [[ 0.68724483]
  [ 0.41558507]
  [ 1.6380543 ]
  ...
  [ 0.5061383 ]
  [ 0.06245347]
  [-0.39939427]]

 [[ 1.3663943 ]
  [ 0.00809545]
  [ 1.8191605 ]
  ...
  [ 0.68724483]
  [-0.24312869]
  [-0.308841  ]]

 [[ 1.185288  ]
  [-0.39939427]
  [ 1.3211176 ]
  ...
  [ 0.32503188]
  [-0.37833148]
  [ 0.41558507]]]
[[[ 5.5141503e-01]
  [-3.5411763e-01]
  [ 1.3663943e+00]
  ...
  [ 2.3447861e-01]
  [-5.2899045e-01]
  [-5.3522414e-01]]

 [[ 1.8920191e-01]
  [-5.3522414e-01]
  [ 1.1852880e+00]
  ...
  [ 3.2503188e-01]
  [-6.9365811e-01]
  [-5.8050078e-01]]

 [[ 8.0954451e-03]
  [-5.8050078e-01]
  [ 4.1558507e-01]
  ...
  [ 1.8920191e-01]
  [-9.7991878e-01]
  [-1.7301112e-01]]

 ...

 [[ 2.3447861e-01]
  [-1.5264049e-01]
  [ 6.8724483e-01]
  ...
  [-1.2773442e-01]
  [-5.8050078e-01]
  [-1.2143736e+00]]

 [[ 8.2307482e-01]
  [-1.0509808e-03]
  [ 8.6835140e-01]
  ...
  [ 2.7975520e-01]
  [-6.2577742e-01]
  [-1.2143736e+00]]

 [[ 5.0613832e-01]
  [ 1.3533255e-01]
  [ 8.0954451e-03]
  ...
  [ 5.9669161e-01]
  [-4.8994753e-01]
  [-6.7105401e-01]]]
[[[ 0.7325216 ]
  [ 0.27367255]
  [-0.35411763]
  ...
  [ 0.913628  ]
  [-0.35411763]
  [-0.4446709 ]]

 [[ 0.64196825]
  [ 0.35570237]
  [-0.08245784]
  ...
  [ 0.68724483]
  [-0.39939427]
  [-0.2635644 ]]

 [[ 0.68724483]
  [ 0.42650637]
  [ 0.05337203]
  ...
  [ 0.9589048 ]
  [-0.2635644 ]
  [ 0.1892019 ]]

 ...

 [[-0.35411763]
  [-0.35411763]
  [-0.2635644 ]
  ...
  [-0.08936899]
  [-0.17301112]
  [-1.2143736 ]]

 [[-1.2143736 ]
  [-0.2635644 ]
  [-0.03718125]
  ...
  [-0.132633  ]
  [-1.2143736 ]
  [-1.2143736 ]]

 [[-1.2143736 ]
  [-0.48994753]
  [ 0.68724483]
  ...
  [-0.14636461]
  [-1.2143736 ]
  [-1.2143736 ]]]
Train:  (52533, 24, 32, 1) (52533, 48, 32, 1)
Val:  (17463, 24, 32, 1) (17463, 48, 32, 1)
Test:  (17463, 24, 32, 1) (17463, 48, 32, 1)
mae
Creat Log File in:  /scratch/chkkar002/Diffusion_Based_STGNNs/RealValue/AGCRN/model/experiments/SAWS/20260821213631/run.log
=================================================================
Running Run.py | Seed: 2
=================================================================
/scratch/chkkar002/Diffusion_Based_STGNNs/RealValue/AGCRN/lib/dataloader.py:80: UserWarning: The torch.cuda.*DtypeTensor constructors are no longer recommended. It's best to use methods such as torch.tensor(data, dtype=*, device='cuda') to create tensors. (Triggered internally at /pytorch/torch/csrc/tensor/python_tensor.cpp:78.)
  X, Y = TensorFloat(X), TensorFloat(Y)
wandb: [wandb.login()] Loaded credentials for https://api.wandb.ai from /home/chkkar002/.netrc.
wandb: Currently logged in as: chkkar002 (chkkar002-university-of-cape-town) to https://api.wandb.ai. Use `wandb login --relogin` to force relogin
wandb: WARNING Using a boolean value for 'reinit' is deprecated. Use 'return_previous' or 'finish_previous' instead.
wandb: setting up run tsdrf1lz
wandb: Tracking run with wandb version 0.26.1
wandb: Run data is saved locally in /scratch/chkkar002/Diffusion_Based_STGNNs/RealValue/AGCRN/model/wandb/run-20260821_230405-tsdrf1lz
wandb: Run `wandb offline` to turn off syncing.
wandb: Syncing run AGCRN_RV_WindDir
wandb: ⭐️ View project at https://wandb.ai/chkkar002-university-of-cape-town/stgnn-weather
wandb: 🚀 View run at https://wandb.ai/chkkar002-university-of-cape-town/stgnn-weather/runs/tsdrf1lz
2026-08-21 23:04: Experiment log path in: /scratch/chkkar002/Diffusion_Based_STGNNs/RealValue/AGCRN/model/experiments/SAWS/20260821230405
2026-08-21 23:04: Train Epoch 1: 0/1641 Loss: 0.954053
2026-08-21 23:04: Train Epoch 1: 20/1641 Loss: 0.941988
2026-08-21 23:04: Train Epoch 1: 40/1641 Loss: 0.819893
2026-08-21 23:04: Train Epoch 1: 60/1641 Loss: 0.689450
2026-08-21 23:04: Train Epoch 1: 80/1641 Loss: 0.678566
2026-08-21 23:04: Train Epoch 1: 100/1641 Loss: 0.667134
2026-08-21 23:04: Train Epoch 1: 120/1641 Loss: 0.680787
2026-08-21 23:04: Train Epoch 1: 140/1641 Loss: 0.662509
2026-08-21 23:04: Train Epoch 1: 160/1641 Loss: 0.687798
2026-08-21 23:04: Train Epoch 1: 180/1641 Loss: 0.646520
2026-08-21 23:04: Train Epoch 1: 200/1641 Loss: 0.661331
2026-08-21 23:04: Train Epoch 1: 220/1641 Loss: 0.677728
2026-08-21 23:04: Train Epoch 1: 240/1641 Loss: 0.645402
2026-08-21 23:04: Train Epoch 1: 260/1641 Loss: 0.671148
2026-08-21 23:04: Train Epoch 1: 280/1641 Loss: 0.656544
2026-08-21 23:04: Train Epoch 1: 300/1641 Loss: 0.620144
2026-08-21 23:04: Train Epoch 1: 320/1641 Loss: 0.651229
2026-08-21 23:04: Train Epoch 1: 340/1641 Loss: 0.658114
2026-08-21 23:04: Train Epoch 1: 360/1641 Loss: 0.665297
2026-08-21 23:05: Train Epoch 1: 380/1641 Loss: 0.653050
2026-08-21 23:05: Train Epoch 1: 400/1641 Loss: 0.642849
2026-08-21 23:05: Train Epoch 1: 420/1641 Loss: 0.670115
2026-08-21 23:05: Train Epoch 1: 440/1641 Loss: 0.662623
2026-08-21 23:05: Train Epoch 1: 460/1641 Loss: 0.602070
2026-08-21 23:05: Train Epoch 1: 480/1641 Loss: 0.657338
2026-08-21 23:05: Train Epoch 1: 500/1641 Loss: 0.611733
2026-08-21 23:05: Train Epoch 1: 520/1641 Loss: 0.614790
2026-08-21 23:05: Train Epoch 1: 540/1641 Loss: 0.630195
2026-08-21 23:05: Train Epoch 1: 560/1641 Loss: 0.646894
2026-08-21 23:05: Train Epoch 1: 580/1641 Loss: 0.629252
2026-08-21 23:05: Train Epoch 1: 600/1641 Loss: 0.618139
2026-08-21 23:05: Train Epoch 1: 620/1641 Loss: 0.589814
2026-08-21 23:05: Train Epoch 1: 640/1641 Loss: 0.618273
2026-08-21 23:05: Train Epoch 1: 660/1641 Loss: 0.602408
2026-08-21 23:05: Train Epoch 1: 680/1641 Loss: 0.574918
2026-08-21 23:05: Train Epoch 1: 700/1641 Loss: 0.588039
2026-08-21 23:05: Train Epoch 1: 720/1641 Loss: 0.537230
2026-08-21 23:05: Train Epoch 1: 740/1641 Loss: 0.584749
2026-08-21 23:05: Train Epoch 1: 760/1641 Loss: 0.580011
2026-08-21 23:05: Train Epoch 1: 780/1641 Loss: 0.556535
2026-08-21 23:06: Train Epoch 1: 800/1641 Loss: 0.572936
2026-08-21 23:06: Train Epoch 1: 820/1641 Loss: 0.564936
2026-08-21 23:06: Train Epoch 1: 840/1641 Loss: 0.561436
2026-08-21 23:06: Train Epoch 1: 860/1641 Loss: 0.579736
2026-08-21 23:06: Train Epoch 1: 880/1641 Loss: 0.567417
2026-08-21 23:06: Train Epoch 1: 900/1641 Loss: 0.550522
2026-08-21 23:06: Train Epoch 1: 920/1641 Loss: 0.560072
2026-08-21 23:06: Train Epoch 1: 940/1641 Loss: 0.518156
2026-08-21 23:06: Train Epoch 1: 960/1641 Loss: 0.535585
2026-08-21 23:06: Train Epoch 1: 980/1641 Loss: 0.542905
2026-08-21 23:06: Train Epoch 1: 1000/1641 Loss: 0.518792
2026-08-21 23:06: Train Epoch 1: 1020/1641 Loss: 0.597171
2026-08-21 23:06: Train Epoch 1: 1040/1641 Loss: 0.539974
2026-08-21 23:06: Train Epoch 1: 1060/1641 Loss: 0.536270
2026-08-21 23:06: Train Epoch 1: 1080/1641 Loss: 0.545366
2026-08-21 23:06: Train Epoch 1: 1100/1641 Loss: 0.576113
2026-08-21 23:06: Train Epoch 1: 1120/1641 Loss: 0.589909
2026-08-21 23:06: Train Epoch 1: 1140/1641 Loss: 0.564195
2026-08-21 23:06: Train Epoch 1: 1160/1641 Loss: 0.578518
2026-08-21 23:06: Train Epoch 1: 1180/1641 Loss: 0.522208
2026-08-21 23:06: Train Epoch 1: 1200/1641 Loss: 0.507805
2026-08-21 23:07: Train Epoch 1: 1220/1641 Loss: 0.508451
2026-08-21 23:07: Train Epoch 1: 1240/1641 Loss: 0.537376
2026-08-21 23:07: Train Epoch 1: 1260/1641 Loss: 0.582484
2026-08-21 23:07: Train Epoch 1: 1280/1641 Loss: 0.550200
2026-08-21 23:07: Train Epoch 1: 1300/1641 Loss: 0.594030
2026-08-21 23:07: Train Epoch 1: 1320/1641 Loss: 0.588628
2026-08-21 23:07: Train Epoch 1: 1340/1641 Loss: 0.525986
2026-08-21 23:07: Train Epoch 1: 1360/1641 Loss: 0.584978
2026-08-21 23:07: Train Epoch 1: 1380/1641 Loss: 0.545723
2026-08-21 23:07: Train Epoch 1: 1400/1641 Loss: 0.543155
2026-08-21 23:07: Train Epoch 1: 1420/1641 Loss: 0.580382
2026-08-21 23:07: Train Epoch 1: 1440/1641 Loss: 0.550417
2026-08-21 23:07: Train Epoch 1: 1460/1641 Loss: 0.554692
2026-08-21 23:07: Train Epoch 1: 1480/1641 Loss: 0.560297
2026-08-21 23:07: Train Epoch 1: 1500/1641 Loss: 0.532875
2026-08-21 23:07: Train Epoch 1: 1520/1641 Loss: 0.569816
2026-08-21 23:07: Train Epoch 1: 1540/1641 Loss: 0.602863
2026-08-21 23:07: Train Epoch 1: 1560/1641 Loss: 0.571262
2026-08-21 23:07: Train Epoch 1: 1580/1641 Loss: 0.530985
2026-08-21 23:07: Train Epoch 1: 1600/1641 Loss: 0.564655
2026-08-21 23:07: Train Epoch 1: 1620/1641 Loss: 0.546956
2026-08-21 23:07: Train Epoch 1: 1640/1641 Loss: 0.575941
2026-08-21 23:07: **********Train Epoch 1: averaged Loss: 0.600839, tf_ratio: 1.000000
2026-08-21 23:08: **********Val Epoch 1: average Loss: 0.523369
2026-08-21 23:08: *********************************Current best model saved!
2026-08-21 23:08: Train Epoch 2: 0/1641 Loss: 0.577695
2026-08-21 23:08: Train Epoch 2: 20/1641 Loss: 0.573910
2026-08-21 23:08: Train Epoch 2: 40/1641 Loss: 0.526808
2026-08-21 23:08: Train Epoch 2: 60/1641 Loss: 0.544508
2026-08-21 23:08: Train Epoch 2: 80/1641 Loss: 0.529983
2026-08-21 23:08: Train Epoch 2: 100/1641 Loss: 0.529715
2026-08-21 23:08: Train Epoch 2: 120/1641 Loss: 0.524293
2026-08-21 23:08: Train Epoch 2: 140/1641 Loss: 0.530358
2026-08-21 23:08: Train Epoch 2: 160/1641 Loss: 0.554151
2026-08-21 23:08: Train Epoch 2: 180/1641 Loss: 0.556003
2026-08-21 23:08: Train Epoch 2: 200/1641 Loss: 0.524627
2026-08-21 23:08: Train Epoch 2: 220/1641 Loss: 0.506104
2026-08-21 23:08: Train Epoch 2: 240/1641 Loss: 0.586465
2026-08-21 23:08: Train Epoch 2: 260/1641 Loss: 0.544536
2026-08-21 23:09: Train Epoch 2: 280/1641 Loss: 0.558889
2026-08-21 23:09: Train Epoch 2: 300/1641 Loss: 0.538805
2026-08-21 23:09: Train Epoch 2: 320/1641 Loss: 0.585227
2026-08-21 23:09: Train Epoch 2: 340/1641 Loss: 0.537138
2026-08-21 23:09: Train Epoch 2: 360/1641 Loss: 0.558430
2026-08-21 23:09: Train Epoch 2: 380/1641 Loss: 0.548730
2026-08-21 23:09: Train Epoch 2: 400/1641 Loss: 0.557395
2026-08-21 23:09: Train Epoch 2: 420/1641 Loss: 0.550836
2026-08-21 23:09: Train Epoch 2: 440/1641 Loss: 0.554392
2026-08-21 23:09: Train Epoch 2: 460/1641 Loss: 0.537961
2026-08-21 23:09: Train Epoch 2: 480/1641 Loss: 0.538088
2026-08-21 23:09: Train Epoch 2: 500/1641 Loss: 0.535811
2026-08-21 23:09: Train Epoch 2: 520/1641 Loss: 0.545998
2026-08-21 23:09: Train Epoch 2: 540/1641 Loss: 0.522700
2026-08-21 23:09: Train Epoch 2: 560/1641 Loss: 0.540771
2026-08-21 23:09: Train Epoch 2: 580/1641 Loss: 0.543104
2026-08-21 23:09: Train Epoch 2: 600/1641 Loss: 0.533627
2026-08-21 23:09: Train Epoch 2: 620/1641 Loss: 0.530300
2026-08-21 23:09: Train Epoch 2: 640/1641 Loss: 0.529387
2026-08-21 23:09: Train Epoch 2: 660/1641 Loss: 0.494961
2026-08-21 23:09: Train Epoch 2: 680/1641 Loss: 0.524679
2026-08-21 23:09: Train Epoch 2: 700/1641 Loss: 0.522727
2026-08-21 23:10: Train Epoch 2: 720/1641 Loss: 0.575871
2026-08-21 23:10: Train Epoch 2: 740/1641 Loss: 0.555300
2026-08-21 23:10: Train Epoch 2: 760/1641 Loss: 0.556762
2026-08-21 23:10: Train Epoch 2: 780/1641 Loss: 0.561365
2026-08-21 23:10: Train Epoch 2: 800/1641 Loss: 0.541140
2026-08-21 23:10: Train Epoch 2: 820/1641 Loss: 0.531594
2026-08-21 23:10: Train Epoch 2: 840/1641 Loss: 0.543611
2026-08-21 23:10: Train Epoch 2: 860/1641 Loss: 0.506683
2026-08-21 23:10: Train Epoch 2: 880/1641 Loss: 0.528707
2026-08-21 23:10: Train Epoch 2: 900/1641 Loss: 0.528965
2026-08-21 23:10: Train Epoch 2: 920/1641 Loss: 0.610911
2026-08-21 23:10: Train Epoch 2: 940/1641 Loss: 0.539329
2026-08-21 23:10: Train Epoch 2: 960/1641 Loss: 0.528497
2026-08-21 23:10: Train Epoch 2: 980/1641 Loss: 0.509965
2026-08-21 23:10: Train Epoch 2: 1000/1641 Loss: 0.530264
2026-08-21 23:10: Train Epoch 2: 1020/1641 Loss: 0.512701
2026-08-21 23:10: Train Epoch 2: 1040/1641 Loss: 0.541348
2026-08-21 23:10: Train Epoch 2: 1060/1641 Loss: 0.523994
2026-08-21 23:10: Train Epoch 2: 1080/1641 Loss: 0.526234
2026-08-21 23:10: Train Epoch 2: 1100/1641 Loss: 0.528544
2026-08-21 23:10: Train Epoch 2: 1120/1641 Loss: 0.545339
2026-08-21 23:11: Train Epoch 2: 1140/1641 Loss: 0.549554
2026-08-21 23:11: Train Epoch 2: 1160/1641 Loss: 0.550084
2026-08-21 23:11: Train Epoch 2: 1180/1641 Loss: 0.520194
2026-08-21 23:11: Train Epoch 2: 1200/1641 Loss: 0.540797
2026-08-21 23:11: Train Epoch 2: 1220/1641 Loss: 0.532279
2026-08-21 23:11: Train Epoch 2: 1240/1641 Loss: 0.550103
2026-08-21 23:11: Train Epoch 2: 1260/1641 Loss: 0.515805
2026-08-21 23:11: Train Epoch 2: 1280/1641 Loss: 0.576496
2026-08-21 23:11: Train Epoch 2: 1300/1641 Loss: 0.521828
2026-08-21 23:11: Train Epoch 2: 1320/1641 Loss: 0.523724
2026-08-21 23:11: Train Epoch 2: 1340/1641 Loss: 0.515888
2026-08-21 23:11: Train Epoch 2: 1360/1641 Loss: 0.520311
2026-08-21 23:11: Train Epoch 2: 1380/1641 Loss: 0.556783
2026-08-21 23:11: Train Epoch 2: 1400/1641 Loss: 0.515474
2026-08-21 23:11: Train Epoch 2: 1420/1641 Loss: 0.517367
2026-08-21 23:11: Train Epoch 2: 1440/1641 Loss: 0.508105
2026-08-21 23:11: Train Epoch 2: 1460/1641 Loss: 0.530621
2026-08-21 23:11: Train Epoch 2: 1480/1641 Loss: 0.536475
2026-08-21 23:11: Train Epoch 2: 1500/1641 Loss: 0.567599
2026-08-21 23:11: Train Epoch 2: 1520/1641 Loss: 0.509400
2026-08-21 23:11: Train Epoch 2: 1540/1641 Loss: 0.506317
2026-08-21 23:12: Train Epoch 2: 1560/1641 Loss: 0.564137
2026-08-21 23:12: Train Epoch 2: 1580/1641 Loss: 0.525386
2026-08-21 23:12: Train Epoch 2: 1600/1641 Loss: 0.539740
2026-08-21 23:12: Train Epoch 2: 1620/1641 Loss: 0.497823
2026-08-21 23:12: Train Epoch 2: 1640/1641 Loss: 0.522575
2026-08-21 23:12: **********Train Epoch 2: averaged Loss: 0.537935, tf_ratio: 1.000000
2026-08-21 23:12: **********Val Epoch 2: average Loss: 0.519018
2026-08-21 23:12: *********************************Current best model saved!
2026-08-21 23:12: Train Epoch 3: 0/1641 Loss: 0.506231
2026-08-21 23:12: Train Epoch 3: 20/1641 Loss: 0.547963
2026-08-21 23:12: Train Epoch 3: 40/1641 Loss: 0.551066
2026-08-21 23:12: Train Epoch 3: 60/1641 Loss: 0.545742
2026-08-21 23:12: Train Epoch 3: 80/1641 Loss: 0.556125
2026-08-21 23:12: Train Epoch 3: 100/1641 Loss: 0.585021
2026-08-21 23:12: Train Epoch 3: 120/1641 Loss: 0.548166
2026-08-21 23:12: Train Epoch 3: 140/1641 Loss: 0.495840
2026-08-21 23:12: Train Epoch 3: 160/1641 Loss: 0.534309
2026-08-21 23:12: Train Epoch 3: 180/1641 Loss: 0.501089
2026-08-21 23:13: Train Epoch 3: 200/1641 Loss: 0.525171
2026-08-21 23:13: Train Epoch 3: 220/1641 Loss: 0.520239
2026-08-21 23:13: Train Epoch 3: 240/1641 Loss: 0.514307
2026-08-21 23:13: Train Epoch 3: 260/1641 Loss: 0.505446
2026-08-21 23:13: Train Epoch 3: 280/1641 Loss: 0.557791
2026-08-21 23:13: Train Epoch 3: 300/1641 Loss: 0.506892
2026-08-21 23:13: Train Epoch 3: 320/1641 Loss: 0.537657
2026-08-21 23:13: Train Epoch 3: 340/1641 Loss: 0.504862
2026-08-21 23:13: Train Epoch 3: 360/1641 Loss: 0.564644
2026-08-21 23:13: Train Epoch 3: 380/1641 Loss: 0.529366
2026-08-21 23:13: Train Epoch 3: 400/1641 Loss: 0.525987
2026-08-21 23:13: Train Epoch 3: 420/1641 Loss: 0.543733
2026-08-21 23:13: Train Epoch 3: 440/1641 Loss: 0.510033
2026-08-21 23:13: Train Epoch 3: 460/1641 Loss: 0.506143
2026-08-21 23:13: Train Epoch 3: 480/1641 Loss: 0.490837
2026-08-21 23:13: Train Epoch 3: 500/1641 Loss: 0.523122
2026-08-21 23:13: Train Epoch 3: 520/1641 Loss: 0.569372
2026-08-21 23:13: Train Epoch 3: 540/1641 Loss: 0.551603
2026-08-21 23:13: Train Epoch 3: 560/1641 Loss: 0.552466
2026-08-21 23:13: Train Epoch 3: 580/1641 Loss: 0.551157
2026-08-21 23:13: Train Epoch 3: 600/1641 Loss: 0.502576
2026-08-21 23:14: Train Epoch 3: 620/1641 Loss: 0.533990
2026-08-21 23:14: Train Epoch 3: 640/1641 Loss: 0.516295
2026-08-21 23:14: Train Epoch 3: 660/1641 Loss: 0.517865
2026-08-21 23:14: Train Epoch 3: 680/1641 Loss: 0.554275
2026-08-21 23:14: Train Epoch 3: 700/1641 Loss: 0.495377
2026-08-21 23:14: Train Epoch 3: 720/1641 Loss: 0.546720
2026-08-21 23:14: Train Epoch 3: 740/1641 Loss: 0.529255
2026-08-21 23:14: Train Epoch 3: 760/1641 Loss: 0.537315
2026-08-21 23:14: Train Epoch 3: 780/1641 Loss: 0.517134
2026-08-21 23:14: Train Epoch 3: 800/1641 Loss: 0.525174
2026-08-21 23:14: Train Epoch 3: 820/1641 Loss: 0.518435
2026-08-21 23:14: Train Epoch 3: 840/1641 Loss: 0.518430
2026-08-21 23:14: Train Epoch 3: 860/1641 Loss: 0.525496
2026-08-21 23:14: Train Epoch 3: 880/1641 Loss: 0.494941
2026-08-21 23:14: Train Epoch 3: 900/1641 Loss: 0.520485
2026-08-21 23:14: Train Epoch 3: 920/1641 Loss: 0.525389
2026-08-21 23:14: Train Epoch 3: 940/1641 Loss: 0.494970
2026-08-21 23:14: Train Epoch 3: 960/1641 Loss: 0.525247
2026-08-21 23:14: Train Epoch 3: 980/1641 Loss: 0.547754
2026-08-21 23:14: Train Epoch 3: 1000/1641 Loss: 0.523738
2026-08-21 23:14: Train Epoch 3: 1020/1641 Loss: 0.561076
2026-08-21 23:15: Train Epoch 3: 1040/1641 Loss: 0.513225
2026-08-21 23:15: Train Epoch 3: 1060/1641 Loss: 0.519352
2026-08-21 23:15: Train Epoch 3: 1080/1641 Loss: 0.526987
2026-08-21 23:15: Train Epoch 3: 1100/1641 Loss: 0.505926
2026-08-21 23:15: Train Epoch 3: 1120/1641 Loss: 0.504349
2026-08-21 23:15: Train Epoch 3: 1140/1641 Loss: 0.526686
2026-08-21 23:15: Train Epoch 3: 1160/1641 Loss: 0.526147
2026-08-21 23:15: Train Epoch 3: 1180/1641 Loss: 0.526206
2026-08-21 23:15: Train Epoch 3: 1200/1641 Loss: 0.518108
2026-08-21 23:15: Train Epoch 3: 1220/1641 Loss: 0.486571
2026-08-21 23:15: Train Epoch 3: 1240/1641 Loss: 0.513326
2026-08-21 23:15: Train Epoch 3: 1260/1641 Loss: 0.536664
2026-08-21 23:15: Train Epoch 3: 1280/1641 Loss: 0.536744
2026-08-21 23:15: Train Epoch 3: 1300/1641 Loss: 0.531667
2026-08-21 23:15: Train Epoch 3: 1320/1641 Loss: 0.538061
2026-08-21 23:15: Train Epoch 3: 1340/1641 Loss: 0.534801
2026-08-21 23:15: Train Epoch 3: 1360/1641 Loss: 0.544252
2026-08-21 23:15: Train Epoch 3: 1380/1641 Loss: 0.512784
2026-08-21 23:15: Train Epoch 3: 1400/1641 Loss: 0.566470
2026-08-21 23:15: Train Epoch 3: 1420/1641 Loss: 0.562678
2026-08-21 23:15: Train Epoch 3: 1440/1641 Loss: 0.522702
2026-08-21 23:15: Train Epoch 3: 1460/1641 Loss: 0.504241
2026-08-21 23:16: Train Epoch 3: 1480/1641 Loss: 0.509100
2026-08-21 23:16: Train Epoch 3: 1500/1641 Loss: 0.523429
2026-08-21 23:16: Train Epoch 3: 1520/1641 Loss: 0.529952
2026-08-21 23:16: Train Epoch 3: 1540/1641 Loss: 0.505097
2026-08-21 23:16: Train Epoch 3: 1560/1641 Loss: 0.513357
2026-08-21 23:16: Train Epoch 3: 1580/1641 Loss: 0.494197
2026-08-21 23:16: Train Epoch 3: 1600/1641 Loss: 0.534320
2026-08-21 23:16: Train Epoch 3: 1620/1641 Loss: 0.540207
2026-08-21 23:16: Train Epoch 3: 1640/1641 Loss: 0.510939
2026-08-21 23:16: **********Train Epoch 3: averaged Loss: 0.529314, tf_ratio: 1.000000
2026-08-21 23:16: **********Val Epoch 3: average Loss: 0.512432
2026-08-21 23:16: *********************************Current best model saved!
2026-08-21 23:16: Train Epoch 4: 0/1641 Loss: 0.537348
2026-08-21 23:16: Train Epoch 4: 20/1641 Loss: 0.521582
2026-08-21 23:16: Train Epoch 4: 40/1641 Loss: 0.503660
2026-08-21 23:16: Train Epoch 4: 60/1641 Loss: 0.496583
2026-08-21 23:16: Train Epoch 4: 80/1641 Loss: 0.517184
2026-08-21 23:17: Train Epoch 4: 100/1641 Loss: 0.575329
2026-08-21 23:17: Train Epoch 4: 120/1641 Loss: 0.540601
2026-08-21 23:17: Train Epoch 4: 140/1641 Loss: 0.543844
2026-08-21 23:17: Train Epoch 4: 160/1641 Loss: 0.549065
2026-08-21 23:17: Train Epoch 4: 180/1641 Loss: 0.532930
2026-08-21 23:17: Train Epoch 4: 200/1641 Loss: 0.522423
2026-08-21 23:17: Train Epoch 4: 220/1641 Loss: 0.537925
2026-08-21 23:17: Train Epoch 4: 240/1641 Loss: 0.552109
2026-08-21 23:17: Train Epoch 4: 260/1641 Loss: 0.529320
2026-08-21 23:17: Train Epoch 4: 280/1641 Loss: 0.509098
2026-08-21 23:17: Train Epoch 4: 300/1641 Loss: 0.507807
2026-08-21 23:17: Train Epoch 4: 320/1641 Loss: 0.514434
2026-08-21 23:17: Train Epoch 4: 340/1641 Loss: 0.551268
2026-08-21 23:17: Train Epoch 4: 360/1641 Loss: 0.547634
2026-08-21 23:17: Train Epoch 4: 380/1641 Loss: 0.539972
2026-08-21 23:17: Train Epoch 4: 400/1641 Loss: 0.525682
2026-08-21 23:17: Train Epoch 4: 420/1641 Loss: 0.531256
2026-08-21 23:17: Train Epoch 4: 440/1641 Loss: 0.545688
2026-08-21 23:17: Train Epoch 4: 460/1641 Loss: 0.550987
2026-08-21 23:17: Train Epoch 4: 480/1641 Loss: 0.542138
2026-08-21 23:17: Train Epoch 4: 500/1641 Loss: 0.532786
2026-08-21 23:18: Train Epoch 4: 520/1641 Loss: 0.544867
2026-08-21 23:18: Train Epoch 4: 540/1641 Loss: 0.530589
2026-08-21 23:18: Train Epoch 4: 560/1641 Loss: 0.509843
2026-08-21 23:18: Train Epoch 4: 580/1641 Loss: 0.568627
2026-08-21 23:18: Train Epoch 4: 600/1641 Loss: 0.527770
2026-08-21 23:18: Train Epoch 4: 620/1641 Loss: 0.506824
2026-08-21 23:18: Train Epoch 4: 640/1641 Loss: 0.486474
2026-08-21 23:18: Train Epoch 4: 660/1641 Loss: 0.554589
2026-08-21 23:18: Train Epoch 4: 680/1641 Loss: 0.513566
2026-08-21 23:18: Train Epoch 4: 700/1641 Loss: 0.540341
2026-08-21 23:18: Train Epoch 4: 720/1641 Loss: 0.530079
2026-08-21 23:18: Train Epoch 4: 740/1641 Loss: 0.553127
2026-08-21 23:18: Train Epoch 4: 760/1641 Loss: 0.525314
2026-08-21 23:18: Train Epoch 4: 780/1641 Loss: 0.512937
2026-08-21 23:18: Train Epoch 4: 800/1641 Loss: 0.497109
2026-08-21 23:18: Train Epoch 4: 820/1641 Loss: 0.501001
2026-08-21 23:18: Train Epoch 4: 840/1641 Loss: 0.538399
2026-08-21 23:18: Train Epoch 4: 860/1641 Loss: 0.526973
2026-08-21 23:18: Train Epoch 4: 880/1641 Loss: 0.533559
2026-08-21 23:18: Train Epoch 4: 900/1641 Loss: 0.570227
2026-08-21 23:18: Train Epoch 4: 920/1641 Loss: 0.538659
2026-08-21 23:18: Train Epoch 4: 940/1641 Loss: 0.532908
2026-08-21 23:19: Train Epoch 4: 960/1641 Loss: 0.553130
2026-08-21 23:19: Train Epoch 4: 980/1641 Loss: 0.499643
2026-08-21 23:19: Train Epoch 4: 1000/1641 Loss: 0.515490
2026-08-21 23:19: Train Epoch 4: 1020/1641 Loss: 0.492954
2026-08-21 23:19: Train Epoch 4: 1040/1641 Loss: 0.514422
2026-08-21 23:19: Train Epoch 4: 1060/1641 Loss: 0.507969
2026-08-21 23:19: Train Epoch 4: 1080/1641 Loss: 0.499541
2026-08-21 23:19: Train Epoch 4: 1100/1641 Loss: 0.519283
2026-08-21 23:19: Train Epoch 4: 1120/1641 Loss: 0.507382
2026-08-21 23:19: Train Epoch 4: 1140/1641 Loss: 0.538017
2026-08-21 23:19: Train Epoch 4: 1160/1641 Loss: 0.489411
2026-08-21 23:19: Train Epoch 4: 1180/1641 Loss: 0.530769
2026-08-21 23:19: Train Epoch 4: 1200/1641 Loss: 0.578763
2026-08-21 23:19: Train Epoch 4: 1220/1641 Loss: 0.555920
2026-08-21 23:19: Train Epoch 4: 1240/1641 Loss: 0.540435
2026-08-21 23:19: Train Epoch 4: 1260/1641 Loss: 0.503686
2026-08-21 23:19: Train Epoch 4: 1280/1641 Loss: 0.513442
2026-08-21 23:19: Train Epoch 4: 1300/1641 Loss: 0.497993
2026-08-21 23:19: Train Epoch 4: 1320/1641 Loss: 0.500297
2026-08-21 23:19: Train Epoch 4: 1340/1641 Loss: 0.540333
2026-08-21 23:19: Train Epoch 4: 1360/1641 Loss: 0.522034
2026-08-21 23:20: Train Epoch 4: 1380/1641 Loss: 0.530340
2026-08-21 23:20: Train Epoch 4: 1400/1641 Loss: 0.485803
2026-08-21 23:20: Train Epoch 4: 1420/1641 Loss: 0.500494
2026-08-21 23:20: Train Epoch 4: 1440/1641 Loss: 0.514756
2026-08-21 23:20: Train Epoch 4: 1460/1641 Loss: 0.509505
2026-08-21 23:20: Train Epoch 4: 1480/1641 Loss: 0.496224
2026-08-21 23:20: Train Epoch 4: 1500/1641 Loss: 0.516268
2026-08-21 23:20: Train Epoch 4: 1520/1641 Loss: 0.538243
2026-08-21 23:20: Train Epoch 4: 1540/1641 Loss: 0.514786
2026-08-21 23:20: Train Epoch 4: 1560/1641 Loss: 0.557065
2026-08-21 23:20: Train Epoch 4: 1580/1641 Loss: 0.512006
2026-08-21 23:20: Train Epoch 4: 1600/1641 Loss: 0.558889
2026-08-21 23:20: Train Epoch 4: 1620/1641 Loss: 0.518684
2026-08-21 23:20: Train Epoch 4: 1640/1641 Loss: 0.479227
2026-08-21 23:20: **********Train Epoch 4: averaged Loss: 0.522271, tf_ratio: 1.000000
2026-08-21 23:20: **********Val Epoch 4: average Loss: 0.509336
2026-08-21 23:20: *********************************Current best model saved!
2026-08-21 23:20: Train Epoch 5: 0/1641 Loss: 0.523772
2026-08-21 23:21: Train Epoch 5: 20/1641 Loss: 0.526594
2026-08-21 23:21: Train Epoch 5: 40/1641 Loss: 0.509556
2026-08-21 23:21: Train Epoch 5: 60/1641 Loss: 0.509134
2026-08-21 23:21: Train Epoch 5: 80/1641 Loss: 0.513000
2026-08-21 23:21: Train Epoch 5: 100/1641 Loss: 0.528624
2026-08-21 23:21: Train Epoch 5: 120/1641 Loss: 0.493433
2026-08-21 23:21: Train Epoch 5: 140/1641 Loss: 0.508320
2026-08-21 23:21: Train Epoch 5: 160/1641 Loss: 0.518695
2026-08-21 23:21: Train Epoch 5: 180/1641 Loss: 0.549172
2026-08-21 23:21: Train Epoch 5: 200/1641 Loss: 0.498603
2026-08-21 23:21: Train Epoch 5: 220/1641 Loss: 0.590390
2026-08-21 23:21: Train Epoch 5: 240/1641 Loss: 0.541819
2026-08-21 23:21: Train Epoch 5: 260/1641 Loss: 0.537425
2026-08-21 23:21: Train Epoch 5: 280/1641 Loss: 0.552348
2026-08-21 23:21: Train Epoch 5: 300/1641 Loss: 0.536568
2026-08-21 23:21: Train Epoch 5: 320/1641 Loss: 0.553662
2026-08-21 23:21: Train Epoch 5: 340/1641 Loss: 0.577152
2026-08-21 23:21: Train Epoch 5: 360/1641 Loss: 0.521620
2026-08-21 23:21: Train Epoch 5: 380/1641 Loss: 0.530029
2026-08-21 23:21: Train Epoch 5: 400/1641 Loss: 0.534799
2026-08-21 23:21: Train Epoch 5: 420/1641 Loss: 0.499701
2026-08-21 23:22: Train Epoch 5: 440/1641 Loss: 0.493028
2026-08-21 23:22: Train Epoch 5: 460/1641 Loss: 0.534615
2026-08-21 23:22: Train Epoch 5: 480/1641 Loss: 0.506971
2026-08-21 23:22: Train Epoch 5: 500/1641 Loss: 0.524587
2026-08-21 23:22: Train Epoch 5: 520/1641 Loss: 0.551348
2026-08-21 23:22: Train Epoch 5: 540/1641 Loss: 0.522888
2026-08-21 23:22: Train Epoch 5: 560/1641 Loss: 0.504595
2026-08-21 23:22: Train Epoch 5: 580/1641 Loss: 0.492037
2026-08-21 23:22: Train Epoch 5: 600/1641 Loss: 0.497330
2026-08-21 23:22: Train Epoch 5: 620/1641 Loss: 0.488543
2026-08-21 23:22: Train Epoch 5: 640/1641 Loss: 0.524540
2026-08-21 23:22: Train Epoch 5: 660/1641 Loss: 0.518022
2026-08-21 23:22: Train Epoch 5: 680/1641 Loss: 0.496720
2026-08-21 23:22: Train Epoch 5: 700/1641 Loss: 0.507601
2026-08-21 23:22: Train Epoch 5: 720/1641 Loss: 0.518293
2026-08-21 23:22: Train Epoch 5: 740/1641 Loss: 0.530861
2026-08-21 23:22: Train Epoch 5: 760/1641 Loss: 0.546819
2026-08-21 23:22: Train Epoch 5: 780/1641 Loss: 0.514491
2026-08-21 23:22: Train Epoch 5: 800/1641 Loss: 0.514784
2026-08-21 23:22: Train Epoch 5: 820/1641 Loss: 0.477033
2026-08-21 23:22: Train Epoch 5: 840/1641 Loss: 0.506298
2026-08-21 23:23: Train Epoch 5: 860/1641 Loss: 0.551401
2026-08-21 23:23: Train Epoch 5: 880/1641 Loss: 0.515602
2026-08-21 23:23: Train Epoch 5: 900/1641 Loss: 0.517632
2026-08-21 23:23: Train Epoch 5: 920/1641 Loss: 0.515486
2026-08-21 23:23: Train Epoch 5: 940/1641 Loss: 0.525008
2026-08-21 23:23: Train Epoch 5: 960/1641 Loss: 0.514613
2026-08-21 23:23: Train Epoch 5: 980/1641 Loss: 0.506700
2026-08-21 23:23: Train Epoch 5: 1000/1641 Loss: 0.518629
2026-08-21 23:23: Train Epoch 5: 1020/1641 Loss: 0.530489
2026-08-21 23:23: Train Epoch 5: 1040/1641 Loss: 0.485343
2026-08-21 23:23: Train Epoch 5: 1060/1641 Loss: 0.509558
2026-08-21 23:23: Train Epoch 5: 1080/1641 Loss: 0.499728
2026-08-21 23:23: Train Epoch 5: 1100/1641 Loss: 0.535282
2026-08-21 23:23: Train Epoch 5: 1120/1641 Loss: 0.511796
2026-08-21 23:23: Train Epoch 5: 1140/1641 Loss: 0.528597
2026-08-21 23:23: Train Epoch 5: 1160/1641 Loss: 0.530581
2026-08-21 23:23: Train Epoch 5: 1180/1641 Loss: 0.552933
2026-08-21 23:23: Train Epoch 5: 1200/1641 Loss: 0.498876
2026-08-21 23:23: Train Epoch 5: 1220/1641 Loss: 0.494371
2026-08-21 23:23: Train Epoch 5: 1240/1641 Loss: 0.505084
2026-08-21 23:23: Train Epoch 5: 1260/1641 Loss: 0.517691
2026-08-21 23:23: Train Epoch 5: 1280/1641 Loss: 0.511651
2026-08-21 23:24: Train Epoch 5: 1300/1641 Loss: 0.477922
2026-08-21 23:24: Train Epoch 5: 1320/1641 Loss: 0.501554
2026-08-21 23:24: Train Epoch 5: 1340/1641 Loss: 0.516291
2026-08-21 23:24: Train Epoch 5: 1360/1641 Loss: 0.500262
2026-08-21 23:24: Train Epoch 5: 1380/1641 Loss: 0.481354
2026-08-21 23:24: Train Epoch 5: 1400/1641 Loss: 0.511638
2026-08-21 23:24: Train Epoch 5: 1420/1641 Loss: 0.518619
2026-08-21 23:24: Train Epoch 5: 1440/1641 Loss: 0.495298
2026-08-21 23:24: Train Epoch 5: 1460/1641 Loss: 0.478714
2026-08-21 23:24: Train Epoch 5: 1480/1641 Loss: 0.480830
2026-08-21 23:24: Train Epoch 5: 1500/1641 Loss: 0.486221
2026-08-21 23:24: Train Epoch 5: 1520/1641 Loss: 0.514283
2026-08-21 23:24: Train Epoch 5: 1540/1641 Loss: 0.544760
2026-08-21 23:24: Train Epoch 5: 1560/1641 Loss: 0.520799
2026-08-21 23:24: Train Epoch 5: 1580/1641 Loss: 0.512772
2026-08-21 23:24: Train Epoch 5: 1600/1641 Loss: 0.518921
2026-08-21 23:24: Train Epoch 5: 1620/1641 Loss: 0.512270
2026-08-21 23:24: Train Epoch 5: 1640/1641 Loss: 0.548892
2026-08-21 23:24: **********Train Epoch 5: averaged Loss: 0.515954, tf_ratio: 1.000000
2026-08-21 23:25: **********Val Epoch 5: average Loss: 0.508167
2026-08-21 23:25: *********************************Current best model saved!
2026-08-21 23:25: Train Epoch 6: 0/1641 Loss: 0.515862
2026-08-21 23:25: Train Epoch 6: 20/1641 Loss: 0.501787
2026-08-21 23:25: Train Epoch 6: 40/1641 Loss: 0.496283
2026-08-21 23:25: Train Epoch 6: 60/1641 Loss: 0.523765
2026-08-21 23:25: Train Epoch 6: 80/1641 Loss: 0.488745
2026-08-21 23:25: Train Epoch 6: 100/1641 Loss: 0.485007
2026-08-21 23:25: Train Epoch 6: 120/1641 Loss: 0.515903
2026-08-21 23:25: Train Epoch 6: 140/1641 Loss: 0.513285
2026-08-21 23:25: Train Epoch 6: 160/1641 Loss: 0.539625
2026-08-21 23:25: Train Epoch 6: 180/1641 Loss: 0.559343
2026-08-21 23:25: Train Epoch 6: 200/1641 Loss: 0.492913
2026-08-21 23:25: Train Epoch 6: 220/1641 Loss: 0.508779
2026-08-21 23:25: Train Epoch 6: 240/1641 Loss: 0.529367
2026-08-21 23:25: Train Epoch 6: 260/1641 Loss: 0.534224
2026-08-21 23:25: Train Epoch 6: 280/1641 Loss: 0.501853
2026-08-21 23:25: Train Epoch 6: 300/1641 Loss: 0.513288
2026-08-21 23:25: Train Epoch 6: 320/1641 Loss: 0.484764
2026-08-21 23:25: Train Epoch 6: 340/1641 Loss: 0.496981
2026-08-21 23:26: Train Epoch 6: 360/1641 Loss: 0.526417
2026-08-21 23:26: Train Epoch 6: 380/1641 Loss: 0.511258
2026-08-21 23:26: Train Epoch 6: 400/1641 Loss: 0.480393
2026-08-21 23:26: Train Epoch 6: 420/1641 Loss: 0.505861
2026-08-21 23:26: Train Epoch 6: 440/1641 Loss: 0.527009
2026-08-21 23:26: Train Epoch 6: 460/1641 Loss: 0.558161
2026-08-21 23:26: Train Epoch 6: 480/1641 Loss: 0.530675
2026-08-21 23:26: Train Epoch 6: 500/1641 Loss: 0.516969
2026-08-21 23:26: Train Epoch 6: 520/1641 Loss: 0.542261
2026-08-21 23:26: Train Epoch 6: 540/1641 Loss: 0.514250
2026-08-21 23:26: Train Epoch 6: 560/1641 Loss: 0.504787
2026-08-21 23:26: Train Epoch 6: 580/1641 Loss: 0.486438
2026-08-21 23:26: Train Epoch 6: 600/1641 Loss: 0.530518
2026-08-21 23:26: Train Epoch 6: 620/1641 Loss: 0.500112
2026-08-21 23:26: Train Epoch 6: 640/1641 Loss: 0.510003
2026-08-21 23:26: Train Epoch 6: 660/1641 Loss: 0.531881
2026-08-21 23:26: Train Epoch 6: 680/1641 Loss: 0.477287
2026-08-21 23:26: Train Epoch 6: 700/1641 Loss: 0.534240
2026-08-21 23:26: Train Epoch 6: 720/1641 Loss: 0.486502
2026-08-21 23:26: Train Epoch 6: 740/1641 Loss: 0.495055
2026-08-21 23:26: Train Epoch 6: 760/1641 Loss: 0.512078
2026-08-21 23:27: Train Epoch 6: 780/1641 Loss: 0.512750
2026-08-21 23:27: Train Epoch 6: 800/1641 Loss: 0.514833
2026-08-21 23:27: Train Epoch 6: 820/1641 Loss: 0.502824
2026-08-21 23:27: Train Epoch 6: 840/1641 Loss: 0.542545
2026-08-21 23:27: Train Epoch 6: 860/1641 Loss: 0.509264
2026-08-21 23:27: Train Epoch 6: 880/1641 Loss: 0.506650
2026-08-21 23:27: Train Epoch 6: 900/1641 Loss: 0.502930
2026-08-21 23:27: Train Epoch 6: 920/1641 Loss: 0.490549
2026-08-21 23:27: Train Epoch 6: 940/1641 Loss: 0.499974
2026-08-21 23:27: Train Epoch 6: 960/1641 Loss: 0.527070
2026-08-21 23:27: Train Epoch 6: 980/1641 Loss: 0.507658
2026-08-21 23:27: Train Epoch 6: 1000/1641 Loss: 0.527322
2026-08-21 23:27: Train Epoch 6: 1020/1641 Loss: 0.520531
2026-08-21 23:27: Train Epoch 6: 1040/1641 Loss: 0.493182
2026-08-21 23:27: Train Epoch 6: 1060/1641 Loss: 0.464696
2026-08-21 23:27: Train Epoch 6: 1080/1641 Loss: 0.482403
2026-08-21 23:27: Train Epoch 6: 1100/1641 Loss: 0.512499
2026-08-21 23:27: Train Epoch 6: 1120/1641 Loss: 0.510383
2026-08-21 23:27: Train Epoch 6: 1140/1641 Loss: 0.500935
2026-08-21 23:27: Train Epoch 6: 1160/1641 Loss: 0.492403
2026-08-21 23:27: Train Epoch 6: 1180/1641 Loss: 0.485354
2026-08-21 23:28: Train Epoch 6: 1200/1641 Loss: 0.510967
2026-08-21 23:28: Train Epoch 6: 1220/1641 Loss: 0.520564
2026-08-21 23:28: Train Epoch 6: 1240/1641 Loss: 0.523803
2026-08-21 23:28: Train Epoch 6: 1260/1641 Loss: 0.538648
2026-08-21 23:28: Train Epoch 6: 1280/1641 Loss: 0.493213
2026-08-21 23:28: Train Epoch 6: 1300/1641 Loss: 0.523881
2026-08-21 23:28: Train Epoch 6: 1320/1641 Loss: 0.509657
2026-08-21 23:28: Train Epoch 6: 1340/1641 Loss: 0.502695
2026-08-21 23:28: Train Epoch 6: 1360/1641 Loss: 0.531309
2026-08-21 23:28: Train Epoch 6: 1380/1641 Loss: 0.476315
2026-08-21 23:28: Train Epoch 6: 1400/1641 Loss: 0.475413
2026-08-21 23:28: Train Epoch 6: 1420/1641 Loss: 0.510287
2026-08-21 23:28: Train Epoch 6: 1440/1641 Loss: 0.502509
2026-08-21 23:28: Train Epoch 6: 1460/1641 Loss: 0.495071
2026-08-21 23:28: Train Epoch 6: 1480/1641 Loss: 0.532549
2026-08-21 23:28: Train Epoch 6: 1500/1641 Loss: 0.532933
2026-08-21 23:28: Train Epoch 6: 1520/1641 Loss: 0.522675
2026-08-21 23:28: Train Epoch 6: 1540/1641 Loss: 0.502986
2026-08-21 23:28: Train Epoch 6: 1560/1641 Loss: 0.534562
2026-08-21 23:28: Train Epoch 6: 1580/1641 Loss: 0.523484
2026-08-21 23:28: Train Epoch 6: 1600/1641 Loss: 0.519989
2026-08-21 23:28: Train Epoch 6: 1620/1641 Loss: 0.512122
2026-08-21 23:29: Train Epoch 6: 1640/1641 Loss: 0.506014
2026-08-21 23:29: **********Train Epoch 6: averaged Loss: 0.510185, tf_ratio: 1.000000
2026-08-21 23:29: **********Val Epoch 6: average Loss: 0.505841
2026-08-21 23:29: *********************************Current best model saved!
2026-08-21 23:29: Train Epoch 7: 0/1641 Loss: 0.503915
2026-08-21 23:29: Train Epoch 7: 20/1641 Loss: 0.491445
2026-08-21 23:29: Train Epoch 7: 40/1641 Loss: 0.505301
2026-08-21 23:29: Train Epoch 7: 60/1641 Loss: 0.504887
2026-08-21 23:29: Train Epoch 7: 80/1641 Loss: 0.514078
2026-08-21 23:29: Train Epoch 7: 100/1641 Loss: 0.465555
2026-08-21 23:29: Train Epoch 7: 120/1641 Loss: 0.510580
2026-08-21 23:29: Train Epoch 7: 140/1641 Loss: 0.504374
2026-08-21 23:29: Train Epoch 7: 160/1641 Loss: 0.477371
2026-08-21 23:29: Train Epoch 7: 180/1641 Loss: 0.490635
2026-08-21 23:29: Train Epoch 7: 200/1641 Loss: 0.518964
2026-08-21 23:29: Train Epoch 7: 220/1641 Loss: 0.486099
2026-08-21 23:29: Train Epoch 7: 240/1641 Loss: 0.508046
2026-08-21 23:29: Train Epoch 7: 260/1641 Loss: 0.491444
2026-08-21 23:30: Train Epoch 7: 280/1641 Loss: 0.488974
2026-08-21 23:30: Train Epoch 7: 300/1641 Loss: 0.499005
2026-08-21 23:30: Train Epoch 7: 320/1641 Loss: 0.497167
2026-08-21 23:30: Train Epoch 7: 340/1641 Loss: 0.481428
2026-08-21 23:30: Train Epoch 7: 360/1641 Loss: 0.530114
2026-08-21 23:30: Train Epoch 7: 380/1641 Loss: 0.507595
2026-08-21 23:30: Train Epoch 7: 400/1641 Loss: 0.508245
2026-08-21 23:30: Train Epoch 7: 420/1641 Loss: 0.518664
2026-08-21 23:30: Train Epoch 7: 440/1641 Loss: 0.504217
2026-08-21 23:30: Train Epoch 7: 460/1641 Loss: 0.517679
2026-08-21 23:30: Train Epoch 7: 480/1641 Loss: 0.487118
2026-08-21 23:30: Train Epoch 7: 500/1641 Loss: 0.502636
2026-08-21 23:30: Train Epoch 7: 520/1641 Loss: 0.497061
2026-08-21 23:30: Train Epoch 7: 540/1641 Loss: 0.514085
2026-08-21 23:30: Train Epoch 7: 560/1641 Loss: 0.474179
2026-08-21 23:30: Train Epoch 7: 580/1641 Loss: 0.495819
2026-08-21 23:30: Train Epoch 7: 600/1641 Loss: 0.528082
2026-08-21 23:30: Train Epoch 7: 620/1641 Loss: 0.492986
2026-08-21 23:30: Train Epoch 7: 640/1641 Loss: 0.484511
2026-08-21 23:30: Train Epoch 7: 660/1641 Loss: 0.496221
2026-08-21 23:30: Train Epoch 7: 680/1641 Loss: 0.502494
2026-08-21 23:30: Train Epoch 7: 700/1641 Loss: 0.504833
2026-08-21 23:31: Train Epoch 7: 720/1641 Loss: 0.526248
2026-08-21 23:31: Train Epoch 7: 740/1641 Loss: 0.512278
2026-08-21 23:31: Train Epoch 7: 760/1641 Loss: 0.520889
2026-08-21 23:31: Train Epoch 7: 780/1641 Loss: 0.533321
2026-08-21 23:31: Train Epoch 7: 800/1641 Loss: 0.484266
2026-08-21 23:31: Train Epoch 7: 820/1641 Loss: 0.482414
2026-08-21 23:31: Train Epoch 7: 840/1641 Loss: 0.526067
2026-08-21 23:31: Train Epoch 7: 860/1641 Loss: 0.513800
2026-08-21 23:31: Train Epoch 7: 880/1641 Loss: 0.494587
2026-08-21 23:31: Train Epoch 7: 900/1641 Loss: 0.490785
2026-08-21 23:31: Train Epoch 7: 920/1641 Loss: 0.499163
2026-08-21 23:31: Train Epoch 7: 940/1641 Loss: 0.512916
2026-08-21 23:31: Train Epoch 7: 960/1641 Loss: 0.513051
2026-08-21 23:31: Train Epoch 7: 980/1641 Loss: 0.496329
2026-08-21 23:31: Train Epoch 7: 1000/1641 Loss: 0.491225
2026-08-21 23:31: Train Epoch 7: 1020/1641 Loss: 0.527306
2026-08-21 23:31: Train Epoch 7: 1040/1641 Loss: 0.497834
2026-08-21 23:31: Train Epoch 7: 1060/1641 Loss: 0.509428
2026-08-21 23:31: Train Epoch 7: 1080/1641 Loss: 0.513231
2026-08-21 23:31: Train Epoch 7: 1100/1641 Loss: 0.516523
2026-08-21 23:31: Train Epoch 7: 1120/1641 Loss: 0.503040
2026-08-21 23:31: Train Epoch 7: 1140/1641 Loss: 0.492196
2026-08-21 23:32: Train Epoch 7: 1160/1641 Loss: 0.446280
2026-08-21 23:32: Train Epoch 7: 1180/1641 Loss: 0.509268
2026-08-21 23:32: Train Epoch 7: 1200/1641 Loss: 0.524467
2026-08-21 23:32: Train Epoch 7: 1220/1641 Loss: 0.483169
2026-08-21 23:32: Train Epoch 7: 1240/1641 Loss: 0.494301
2026-08-21 23:32: Train Epoch 7: 1260/1641 Loss: 0.493658
2026-08-21 23:32: Train Epoch 7: 1280/1641 Loss: 0.483032
2026-08-21 23:32: Train Epoch 7: 1300/1641 Loss: 0.524040
2026-08-21 23:32: Train Epoch 7: 1320/1641 Loss: 0.520647
2026-08-21 23:32: Train Epoch 7: 1340/1641 Loss: 0.479658
2026-08-21 23:32: Train Epoch 7: 1360/1641 Loss: 0.507686
2026-08-21 23:32: Train Epoch 7: 1380/1641 Loss: 0.555745
2026-08-21 23:32: Train Epoch 7: 1400/1641 Loss: 0.529180
2026-08-21 23:32: Train Epoch 7: 1420/1641 Loss: 0.464735
2026-08-21 23:32: Train Epoch 7: 1440/1641 Loss: 0.498254
2026-08-21 23:32: Train Epoch 7: 1460/1641 Loss: 0.484442
2026-08-21 23:32: Train Epoch 7: 1480/1641 Loss: 0.478824
2026-08-21 23:32: Train Epoch 7: 1500/1641 Loss: 0.479985
2026-08-21 23:32: Train Epoch 7: 1520/1641 Loss: 0.478994
2026-08-21 23:32: Train Epoch 7: 1540/1641 Loss: 0.510231
2026-08-21 23:32: Train Epoch 7: 1560/1641 Loss: 0.525395
2026-08-21 23:32: Train Epoch 7: 1580/1641 Loss: 0.491488
2026-08-21 23:33: Train Epoch 7: 1600/1641 Loss: 0.521093
2026-08-21 23:33: Train Epoch 7: 1620/1641 Loss: 0.486440
2026-08-21 23:33: Train Epoch 7: 1640/1641 Loss: 0.516911
2026-08-21 23:33: **********Train Epoch 7: averaged Loss: 0.504147, tf_ratio: 1.000000
2026-08-21 23:33: **********Val Epoch 7: average Loss: 0.506270
2026-08-21 23:33: Train Epoch 8: 0/1641 Loss: 0.471138
2026-08-21 23:33: Train Epoch 8: 20/1641 Loss: 0.526442
2026-08-21 23:33: Train Epoch 8: 40/1641 Loss: 0.482565
2026-08-21 23:33: Train Epoch 8: 60/1641 Loss: 0.535396
2026-08-21 23:33: Train Epoch 8: 80/1641 Loss: 0.508500
2026-08-21 23:33: Train Epoch 8: 100/1641 Loss: 0.492358
2026-08-21 23:33: Train Epoch 8: 120/1641 Loss: 0.521907
2026-08-21 23:33: Train Epoch 8: 140/1641 Loss: 0.520607
2026-08-21 23:33: Train Epoch 8: 160/1641 Loss: 0.548442
2026-08-21 23:33: Train Epoch 8: 180/1641 Loss: 0.489529
2026-08-21 23:33: Train Epoch 8: 200/1641 Loss: 0.497877
2026-08-21 23:33: Train Epoch 8: 220/1641 Loss: 0.535705
2026-08-21 23:34: Train Epoch 8: 240/1641 Loss: 0.513541
2026-08-21 23:34: Train Epoch 8: 260/1641 Loss: 0.475413
2026-08-21 23:34: Train Epoch 8: 280/1641 Loss: 0.492366
2026-08-21 23:34: Train Epoch 8: 300/1641 Loss: 0.526617
2026-08-21 23:34: Train Epoch 8: 320/1641 Loss: 0.515282
2026-08-21 23:34: Train Epoch 8: 340/1641 Loss: 0.503861
2026-08-21 23:34: Train Epoch 8: 360/1641 Loss: 0.501396
2026-08-21 23:34: Train Epoch 8: 380/1641 Loss: 0.482246
2026-08-21 23:34: Train Epoch 8: 400/1641 Loss: 0.486443
2026-08-21 23:34: Train Epoch 8: 420/1641 Loss: 0.475230
2026-08-21 23:34: Train Epoch 8: 440/1641 Loss: 0.532045
2026-08-21 23:34: Train Epoch 8: 460/1641 Loss: 0.541111
2026-08-21 23:34: Train Epoch 8: 480/1641 Loss: 0.497629
2026-08-21 23:34: Train Epoch 8: 500/1641 Loss: 0.500719
2026-08-21 23:34: Train Epoch 8: 520/1641 Loss: 0.510593
2026-08-21 23:34: Train Epoch 8: 540/1641 Loss: 0.488064
2026-08-21 23:34: Train Epoch 8: 560/1641 Loss: 0.483120
2026-08-21 23:34: Train Epoch 8: 580/1641 Loss: 0.490722
2026-08-21 23:34: Train Epoch 8: 600/1641 Loss: 0.482172
2026-08-21 23:34: Train Epoch 8: 620/1641 Loss: 0.512720
2026-08-21 23:34: Train Epoch 8: 640/1641 Loss: 0.507355
2026-08-21 23:34: Train Epoch 8: 660/1641 Loss: 0.476565
2026-08-21 23:35: Train Epoch 8: 680/1641 Loss: 0.510604
2026-08-21 23:35: Train Epoch 8: 700/1641 Loss: 0.492673
2026-08-21 23:35: Train Epoch 8: 720/1641 Loss: 0.472365
2026-08-21 23:35: Train Epoch 8: 740/1641 Loss: 0.490825
2026-08-21 23:35: Train Epoch 8: 760/1641 Loss: 0.510930
2026-08-21 23:35: Train Epoch 8: 780/1641 Loss: 0.491152
2026-08-21 23:35: Train Epoch 8: 800/1641 Loss: 0.528367
2026-08-21 23:35: Train Epoch 8: 820/1641 Loss: 0.506050
2026-08-21 23:35: Train Epoch 8: 840/1641 Loss: 0.512833
2026-08-21 23:35: Train Epoch 8: 860/1641 Loss: 0.490307
2026-08-21 23:35: Train Epoch 8: 880/1641 Loss: 0.493361
2026-08-21 23:35: Train Epoch 8: 900/1641 Loss: 0.500671
2026-08-21 23:35: Train Epoch 8: 920/1641 Loss: 0.504585
2026-08-21 23:35: Train Epoch 8: 940/1641 Loss: 0.508544
2026-08-21 23:35: Train Epoch 8: 960/1641 Loss: 0.497075
2026-08-21 23:35: Train Epoch 8: 980/1641 Loss: 0.494609
2026-08-21 23:35: Train Epoch 8: 1000/1641 Loss: 0.463532
2026-08-21 23:35: Train Epoch 8: 1020/1641 Loss: 0.500455
2026-08-21 23:35: Train Epoch 8: 1040/1641 Loss: 0.489242
2026-08-21 23:35: Train Epoch 8: 1060/1641 Loss: 0.502690
2026-08-21 23:35: Train Epoch 8: 1080/1641 Loss: 0.517106
2026-08-21 23:35: Train Epoch 8: 1100/1641 Loss: 0.514974
2026-08-21 23:36: Train Epoch 8: 1120/1641 Loss: 0.523861
2026-08-21 23:36: Train Epoch 8: 1140/1641 Loss: 0.467191
2026-08-21 23:36: Train Epoch 8: 1160/1641 Loss: 0.474089
2026-08-21 23:36: Train Epoch 8: 1180/1641 Loss: 0.532703
2026-08-21 23:36: Train Epoch 8: 1200/1641 Loss: 0.474571
2026-08-21 23:36: Train Epoch 8: 1220/1641 Loss: 0.486829
2026-08-21 23:36: Train Epoch 8: 1240/1641 Loss: 0.517788
2026-08-21 23:36: Train Epoch 8: 1260/1641 Loss: 0.485486
2026-08-21 23:36: Train Epoch 8: 1280/1641 Loss: 0.518668
2026-08-21 23:36: Train Epoch 8: 1300/1641 Loss: 0.479797
2026-08-21 23:36: Train Epoch 8: 1320/1641 Loss: 0.477364
2026-08-21 23:36: Train Epoch 8: 1340/1641 Loss: 0.518981
2026-08-21 23:36: Train Epoch 8: 1360/1641 Loss: 0.502914
2026-08-21 23:36: Train Epoch 8: 1380/1641 Loss: 0.498382
2026-08-21 23:36: Train Epoch 8: 1400/1641 Loss: 0.476163
2026-08-21 23:36: Train Epoch 8: 1420/1641 Loss: 0.474724
2026-08-21 23:36: Train Epoch 8: 1440/1641 Loss: 0.489913
2026-08-21 23:36: Train Epoch 8: 1460/1641 Loss: 0.487803
2026-08-21 23:36: Train Epoch 8: 1480/1641 Loss: 0.477417
2026-08-21 23:36: Train Epoch 8: 1500/1641 Loss: 0.485750
2026-08-21 23:36: Train Epoch 8: 1520/1641 Loss: 0.481243
2026-08-21 23:36: Train Epoch 8: 1540/1641 Loss: 0.454009
2026-08-21 23:37: Train Epoch 8: 1560/1641 Loss: 0.489346
2026-08-21 23:37: Train Epoch 8: 1580/1641 Loss: 0.503253
2026-08-21 23:37: Train Epoch 8: 1600/1641 Loss: 0.478212
2026-08-21 23:37: Train Epoch 8: 1620/1641 Loss: 0.532210
2026-08-21 23:37: Train Epoch 8: 1640/1641 Loss: 0.486764
2026-08-21 23:37: **********Train Epoch 8: averaged Loss: 0.497683, tf_ratio: 1.000000
2026-08-21 23:37: **********Val Epoch 8: average Loss: 0.508193
2026-08-21 23:37: Train Epoch 9: 0/1641 Loss: 0.498332
2026-08-21 23:37: Train Epoch 9: 20/1641 Loss: 0.488365
2026-08-21 23:37: Train Epoch 9: 40/1641 Loss: 0.502280
2026-08-21 23:37: Train Epoch 9: 60/1641 Loss: 0.471161
2026-08-21 23:37: Train Epoch 9: 80/1641 Loss: 0.523191
2026-08-21 23:37: Train Epoch 9: 100/1641 Loss: 0.499236
2026-08-21 23:37: Train Epoch 9: 120/1641 Loss: 0.493235
2026-08-21 23:37: Train Epoch 9: 140/1641 Loss: 0.488593
2026-08-21 23:37: Train Epoch 9: 160/1641 Loss: 0.489091
2026-08-21 23:38: Train Epoch 9: 180/1641 Loss: 0.485734
2026-08-21 23:38: Train Epoch 9: 200/1641 Loss: 0.511389
2026-08-21 23:38: Train Epoch 9: 220/1641 Loss: 0.506500
2026-08-21 23:38: Train Epoch 9: 240/1641 Loss: 0.497534
2026-08-21 23:38: Train Epoch 9: 260/1641 Loss: 0.499824
2026-08-21 23:38: Train Epoch 9: 280/1641 Loss: 0.494067
2026-08-21 23:38: Train Epoch 9: 300/1641 Loss: 0.517024
2026-08-21 23:38: Train Epoch 9: 320/1641 Loss: 0.492008
2026-08-21 23:38: Train Epoch 9: 340/1641 Loss: 0.473889
2026-08-21 23:38: Train Epoch 9: 360/1641 Loss: 0.484732
2026-08-21 23:38: Train Epoch 9: 380/1641 Loss: 0.489443
2026-08-21 23:38: Train Epoch 9: 400/1641 Loss: 0.494380
2026-08-21 23:38: Train Epoch 9: 420/1641 Loss: 0.498146
2026-08-21 23:38: Train Epoch 9: 440/1641 Loss: 0.461314
2026-08-21 23:38: Train Epoch 9: 460/1641 Loss: 0.495224
2026-08-21 23:38: Train Epoch 9: 480/1641 Loss: 0.492187
2026-08-21 23:38: Train Epoch 9: 500/1641 Loss: 0.497756
2026-08-21 23:38: Train Epoch 9: 520/1641 Loss: 0.498750
2026-08-21 23:38: Train Epoch 9: 540/1641 Loss: 0.510415
2026-08-21 23:38: Train Epoch 9: 560/1641 Loss: 0.512738
2026-08-21 23:38: Train Epoch 9: 580/1641 Loss: 0.499181
2026-08-21 23:38: Train Epoch 9: 600/1641 Loss: 0.514926
2026-08-21 23:39: Train Epoch 9: 620/1641 Loss: 0.490147
2026-08-21 23:39: Train Epoch 9: 640/1641 Loss: 0.478152
2026-08-21 23:39: Train Epoch 9: 660/1641 Loss: 0.481229
2026-08-21 23:39: Train Epoch 9: 680/1641 Loss: 0.502271
2026-08-21 23:39: Train Epoch 9: 700/1641 Loss: 0.501868
2026-08-21 23:39: Train Epoch 9: 720/1641 Loss: 0.511711
2026-08-21 23:39: Train Epoch 9: 740/1641 Loss: 0.502723
2026-08-21 23:39: Train Epoch 9: 760/1641 Loss: 0.452958
2026-08-21 23:39: Train Epoch 9: 780/1641 Loss: 0.493018
2026-08-21 23:39: Train Epoch 9: 800/1641 Loss: 0.496118
2026-08-21 23:39: Train Epoch 9: 820/1641 Loss: 0.487561
2026-08-21 23:39: Train Epoch 9: 840/1641 Loss: 0.479166
2026-08-21 23:39: Train Epoch 9: 860/1641 Loss: 0.469686
2026-08-21 23:39: Train Epoch 9: 880/1641 Loss: 0.475322
2026-08-21 23:39: Train Epoch 9: 900/1641 Loss: 0.511358
2026-08-21 23:39: Train Epoch 9: 920/1641 Loss: 0.493562
2026-08-21 23:39: Train Epoch 9: 940/1641 Loss: 0.484983
2026-08-21 23:39: Train Epoch 9: 960/1641 Loss: 0.493438
2026-08-21 23:39: Train Epoch 9: 980/1641 Loss: 0.504044
2026-08-21 23:39: Train Epoch 9: 1000/1641 Loss: 0.488057
2026-08-21 23:39: Train Epoch 9: 1020/1641 Loss: 0.500735
2026-08-21 23:39: Train Epoch 9: 1040/1641 Loss: 0.474742
2026-08-21 23:40: Train Epoch 9: 1060/1641 Loss: 0.501211
2026-08-21 23:40: Train Epoch 9: 1080/1641 Loss: 0.499430
2026-08-21 23:40: Train Epoch 9: 1100/1641 Loss: 0.468014
2026-08-21 23:40: Train Epoch 9: 1120/1641 Loss: 0.491298
2026-08-21 23:40: Train Epoch 9: 1140/1641 Loss: 0.514294
2026-08-21 23:40: Train Epoch 9: 1160/1641 Loss: 0.502266
2026-08-21 23:40: Train Epoch 9: 1180/1641 Loss: 0.487637
2026-08-21 23:40: Train Epoch 9: 1200/1641 Loss: 0.489247
2026-08-21 23:40: Train Epoch 9: 1220/1641 Loss: 0.486221
2026-08-21 23:40: Train Epoch 9: 1240/1641 Loss: 0.504107
2026-08-21 23:40: Train Epoch 9: 1260/1641 Loss: 0.486649
2026-08-21 23:40: Train Epoch 9: 1280/1641 Loss: 0.473863
2026-08-21 23:40: Train Epoch 9: 1300/1641 Loss: 0.472379
2026-08-21 23:40: Train Epoch 9: 1320/1641 Loss: 0.486967
2026-08-21 23:40: Train Epoch 9: 1340/1641 Loss: 0.467988
2026-08-21 23:40: Train Epoch 9: 1360/1641 Loss: 0.465187
2026-08-21 23:40: Train Epoch 9: 1380/1641 Loss: 0.492961
2026-08-21 23:40: Train Epoch 9: 1400/1641 Loss: 0.502028
2026-08-21 23:40: Train Epoch 9: 1420/1641 Loss: 0.472810
2026-08-21 23:40: Train Epoch 9: 1440/1641 Loss: 0.503490
2026-08-21 23:40: Train Epoch 9: 1460/1641 Loss: 0.479797
2026-08-21 23:40: Train Epoch 9: 1480/1641 Loss: 0.459908
2026-08-21 23:41: Train Epoch 9: 1500/1641 Loss: 0.492384
2026-08-21 23:41: Train Epoch 9: 1520/1641 Loss: 0.475427
2026-08-21 23:41: Train Epoch 9: 1540/1641 Loss: 0.470062
2026-08-21 23:41: Train Epoch 9: 1560/1641 Loss: 0.489217
2026-08-21 23:41: Train Epoch 9: 1580/1641 Loss: 0.484678
2026-08-21 23:41: Train Epoch 9: 1600/1641 Loss: 0.450081
2026-08-21 23:41: Train Epoch 9: 1620/1641 Loss: 0.484369
2026-08-21 23:41: Train Epoch 9: 1640/1641 Loss: 0.495608
2026-08-21 23:41: **********Train Epoch 9: averaged Loss: 0.491066, tf_ratio: 1.000000
2026-08-21 23:41: **********Val Epoch 9: average Loss: 0.513877
2026-08-21 23:41: Train Epoch 10: 0/1641 Loss: 0.524637
2026-08-21 23:41: Train Epoch 10: 20/1641 Loss: 0.486997
2026-08-21 23:41: Train Epoch 10: 40/1641 Loss: 0.495799
2026-08-21 23:41: Train Epoch 10: 60/1641 Loss: 0.450710
2026-08-21 23:41: Train Epoch 10: 80/1641 Loss: 0.482846
2026-08-21 23:41: Train Epoch 10: 100/1641 Loss: 0.485288
2026-08-21 23:41: Train Epoch 10: 120/1641 Loss: 0.496624
2026-08-21 23:42: Train Epoch 10: 140/1641 Loss: 0.479880
2026-08-21 23:42: Train Epoch 10: 160/1641 Loss: 0.461837
2026-08-21 23:42: Train Epoch 10: 180/1641 Loss: 0.471713
2026-08-21 23:42: Train Epoch 10: 200/1641 Loss: 0.505149
2026-08-21 23:42: Train Epoch 10: 220/1641 Loss: 0.476482
2026-08-21 23:42: Train Epoch 10: 240/1641 Loss: 0.478508
2026-08-21 23:42: Train Epoch 10: 260/1641 Loss: 0.469869
2026-08-21 23:42: Train Epoch 10: 280/1641 Loss: 0.499056
2026-08-21 23:42: Train Epoch 10: 300/1641 Loss: 0.505551
2026-08-21 23:42: Train Epoch 10: 320/1641 Loss: 0.455206
2026-08-21 23:42: Train Epoch 10: 340/1641 Loss: 0.499362
2026-08-21 23:42: Train Epoch 10: 360/1641 Loss: 0.492712
2026-08-21 23:42: Train Epoch 10: 380/1641 Loss: 0.467326
2026-08-21 23:42: Train Epoch 10: 400/1641 Loss: 0.489446
2026-08-21 23:42: Train Epoch 10: 420/1641 Loss: 0.478918
2026-08-21 23:42: Train Epoch 10: 440/1641 Loss: 0.485038
2026-08-21 23:42: Train Epoch 10: 460/1641 Loss: 0.473454
2026-08-21 23:42: Train Epoch 10: 480/1641 Loss: 0.505430
2026-08-21 23:42: Train Epoch 10: 500/1641 Loss: 0.488377
2026-08-21 23:42: Train Epoch 10: 520/1641 Loss: 0.476705
2026-08-21 23:42: Train Epoch 10: 540/1641 Loss: 0.480262
2026-08-21 23:42: Train Epoch 10: 560/1641 Loss: 0.493564
2026-08-21 23:43: Train Epoch 10: 580/1641 Loss: 0.486014
2026-08-21 23:43: Train Epoch 10: 600/1641 Loss: 0.495565
2026-08-21 23:43: Train Epoch 10: 620/1641 Loss: 0.486393
2026-08-21 23:43: Train Epoch 10: 640/1641 Loss: 0.484995
2026-08-21 23:43: Train Epoch 10: 660/1641 Loss: 0.471076
2026-08-21 23:43: Train Epoch 10: 680/1641 Loss: 0.490190
2026-08-21 23:43: Train Epoch 10: 700/1641 Loss: 0.475223
2026-08-21 23:43: Train Epoch 10: 720/1641 Loss: 0.481877
2026-08-21 23:43: Train Epoch 10: 740/1641 Loss: 0.498561
2026-08-21 23:43: Train Epoch 10: 760/1641 Loss: 0.474021
2026-08-21 23:43: Train Epoch 10: 780/1641 Loss: 0.504834
2026-08-21 23:43: Train Epoch 10: 800/1641 Loss: 0.483813
2026-08-21 23:43: Train Epoch 10: 820/1641 Loss: 0.472543
2026-08-21 23:43: Train Epoch 10: 840/1641 Loss: 0.507859
2026-08-21 23:43: Train Epoch 10: 860/1641 Loss: 0.513224
2026-08-21 23:43: Train Epoch 10: 880/1641 Loss: 0.473421
2026-08-21 23:43: Train Epoch 10: 900/1641 Loss: 0.497207
2026-08-21 23:43: Train Epoch 10: 920/1641 Loss: 0.459552
2026-08-21 23:43: Train Epoch 10: 940/1641 Loss: 0.477696
2026-08-21 23:43: Train Epoch 10: 960/1641 Loss: 0.463936
2026-08-21 23:43: Train Epoch 10: 980/1641 Loss: 0.470761
2026-08-21 23:43: Train Epoch 10: 1000/1641 Loss: 0.482763
2026-08-21 23:44: Train Epoch 10: 1020/1641 Loss: 0.472459
2026-08-21 23:44: Train Epoch 10: 1040/1641 Loss: 0.492338
2026-08-21 23:44: Train Epoch 10: 1060/1641 Loss: 0.462940
2026-08-21 23:44: Train Epoch 10: 1080/1641 Loss: 0.470612
2026-08-21 23:44: Train Epoch 10: 1100/1641 Loss: 0.479422
2026-08-21 23:44: Train Epoch 10: 1120/1641 Loss: 0.466677
2026-08-21 23:44: Train Epoch 10: 1140/1641 Loss: 0.487493
2026-08-21 23:44: Train Epoch 10: 1160/1641 Loss: 0.473116
2026-08-21 23:44: Train Epoch 10: 1180/1641 Loss: 0.485372
2026-08-21 23:44: Train Epoch 10: 1200/1641 Loss: 0.491907
2026-08-21 23:44: Train Epoch 10: 1220/1641 Loss: 0.499451
2026-08-21 23:44: Train Epoch 10: 1240/1641 Loss: 0.471865
2026-08-21 23:44: Train Epoch 10: 1260/1641 Loss: 0.499043
2026-08-21 23:44: Train Epoch 10: 1280/1641 Loss: 0.493142
2026-08-21 23:44: Train Epoch 10: 1300/1641 Loss: 0.486678
2026-08-21 23:44: Train Epoch 10: 1320/1641 Loss: 0.489465
2026-08-21 23:44: Train Epoch 10: 1340/1641 Loss: 0.488564
2026-08-21 23:44: Train Epoch 10: 1360/1641 Loss: 0.486889
2026-08-21 23:44: Train Epoch 10: 1380/1641 Loss: 0.468722
2026-08-21 23:44: Train Epoch 10: 1400/1641 Loss: 0.491447
2026-08-21 23:44: Train Epoch 10: 1420/1641 Loss: 0.472868
2026-08-21 23:44: Train Epoch 10: 1440/1641 Loss: 0.471688
2026-08-21 23:44: Train Epoch 10: 1460/1641 Loss: 0.467308
2026-08-21 23:45: Train Epoch 10: 1480/1641 Loss: 0.482869
2026-08-21 23:45: Train Epoch 10: 1500/1641 Loss: 0.479014
2026-08-21 23:45: Train Epoch 10: 1520/1641 Loss: 0.494375
2026-08-21 23:45: Train Epoch 10: 1540/1641 Loss: 0.481175
2026-08-21 23:45: Train Epoch 10: 1560/1641 Loss: 0.468807
2026-08-21 23:45: Train Epoch 10: 1580/1641 Loss: 0.474833
2026-08-21 23:45: Train Epoch 10: 1600/1641 Loss: 0.464788
2026-08-21 23:45: Train Epoch 10: 1620/1641 Loss: 0.495852
2026-08-21 23:45: Train Epoch 10: 1640/1641 Loss: 0.496930
2026-08-21 23:45: **********Train Epoch 10: averaged Loss: 0.484553, tf_ratio: 1.000000
2026-08-21 23:45: **********Val Epoch 10: average Loss: 0.512059
2026-08-21 23:45: Train Epoch 11: 0/1641 Loss: 0.483061
2026-08-21 23:45: Train Epoch 11: 20/1641 Loss: 0.490912
2026-08-21 23:45: Train Epoch 11: 40/1641 Loss: 0.469569
2026-08-21 23:45: Train Epoch 11: 60/1641 Loss: 0.507722
2026-08-21 23:45: Train Epoch 11: 80/1641 Loss: 0.482431
2026-08-21 23:45: Train Epoch 11: 100/1641 Loss: 0.462005
2026-08-21 23:46: Train Epoch 11: 120/1641 Loss: 0.498316
2026-08-21 23:46: Train Epoch 11: 140/1641 Loss: 0.461729
2026-08-21 23:46: Train Epoch 11: 160/1641 Loss: 0.496422
2026-08-21 23:46: Train Epoch 11: 180/1641 Loss: 0.461144
2026-08-21 23:46: Train Epoch 11: 200/1641 Loss: 0.457146
2026-08-21 23:46: Train Epoch 11: 220/1641 Loss: 0.489201
2026-08-21 23:46: Train Epoch 11: 240/1641 Loss: 0.478429
2026-08-21 23:46: Train Epoch 11: 260/1641 Loss: 0.470539
2026-08-21 23:46: Train Epoch 11: 280/1641 Loss: 0.515783
2026-08-21 23:46: Train Epoch 11: 300/1641 Loss: 0.494049
2026-08-21 23:46: Train Epoch 11: 320/1641 Loss: 0.442125
2026-08-21 23:46: Train Epoch 11: 340/1641 Loss: 0.497859
2026-08-21 23:46: Train Epoch 11: 360/1641 Loss: 0.477988
2026-08-21 23:46: Train Epoch 11: 380/1641 Loss: 0.459874
2026-08-21 23:46: Train Epoch 11: 400/1641 Loss: 0.511173
2026-08-21 23:46: Train Epoch 11: 420/1641 Loss: 0.464414
2026-08-21 23:46: Train Epoch 11: 440/1641 Loss: 0.497513
2026-08-21 23:46: Train Epoch 11: 460/1641 Loss: 0.473053
2026-08-21 23:46: Train Epoch 11: 480/1641 Loss: 0.476921
2026-08-21 23:46: Train Epoch 11: 500/1641 Loss: 0.457177
2026-08-21 23:46: Train Epoch 11: 520/1641 Loss: 0.492678
2026-08-21 23:46: Train Epoch 11: 540/1641 Loss: 0.462667
2026-08-21 23:47: Train Epoch 11: 560/1641 Loss: 0.455400
2026-08-21 23:47: Train Epoch 11: 580/1641 Loss: 0.471715
2026-08-21 23:47: Train Epoch 11: 600/1641 Loss: 0.490699
2026-08-21 23:47: Train Epoch 11: 620/1641 Loss: 0.450041
2026-08-21 23:47: Train Epoch 11: 640/1641 Loss: 0.519322
2026-08-21 23:47: Train Epoch 11: 660/1641 Loss: 0.456712
2026-08-21 23:47: Train Epoch 11: 680/1641 Loss: 0.494551
2026-08-21 23:47: Train Epoch 11: 700/1641 Loss: 0.468187
2026-08-21 23:47: Train Epoch 11: 720/1641 Loss: 0.481040
2026-08-21 23:47: Train Epoch 11: 740/1641 Loss: 0.484194
2026-08-21 23:47: Train Epoch 11: 760/1641 Loss: 0.502086
2026-08-21 23:47: Train Epoch 11: 780/1641 Loss: 0.478645
2026-08-21 23:47: Train Epoch 11: 800/1641 Loss: 0.480524
2026-08-21 23:47: Train Epoch 11: 820/1641 Loss: 0.468429
2026-08-21 23:47: Train Epoch 11: 840/1641 Loss: 0.493090
2026-08-21 23:47: Train Epoch 11: 860/1641 Loss: 0.459323
2026-08-21 23:47: Train Epoch 11: 880/1641 Loss: 0.489413
2026-08-21 23:47: Train Epoch 11: 900/1641 Loss: 0.487134
2026-08-21 23:47: Train Epoch 11: 920/1641 Loss: 0.484788
2026-08-21 23:47: Train Epoch 11: 940/1641 Loss: 0.478885
2026-08-21 23:47: Train Epoch 11: 960/1641 Loss: 0.467133
2026-08-21 23:47: Train Epoch 11: 980/1641 Loss: 0.484695
2026-08-21 23:48: Train Epoch 11: 1000/1641 Loss: 0.468329
2026-08-21 23:48: Train Epoch 11: 1020/1641 Loss: 0.509167
2026-08-21 23:48: Train Epoch 11: 1040/1641 Loss: 0.489898
2026-08-21 23:48: Train Epoch 11: 1060/1641 Loss: 0.455529
2026-08-21 23:48: Train Epoch 11: 1080/1641 Loss: 0.475363
2026-08-21 23:48: Train Epoch 11: 1100/1641 Loss: 0.458039
2026-08-21 23:48: Train Epoch 11: 1120/1641 Loss: 0.454950
2026-08-21 23:48: Train Epoch 11: 1140/1641 Loss: 0.484133
2026-08-21 23:48: Train Epoch 11: 1160/1641 Loss: 0.478440
2026-08-21 23:48: Train Epoch 11: 1180/1641 Loss: 0.470248
2026-08-21 23:48: Train Epoch 11: 1200/1641 Loss: 0.448566
2026-08-21 23:48: Train Epoch 11: 1220/1641 Loss: 0.481054
2026-08-21 23:48: Train Epoch 11: 1240/1641 Loss: 0.461969
2026-08-21 23:48: Train Epoch 11: 1260/1641 Loss: 0.464216
2026-08-21 23:48: Train Epoch 11: 1280/1641 Loss: 0.506630
2026-08-21 23:48: Train Epoch 11: 1300/1641 Loss: 0.487923
2026-08-21 23:48: Train Epoch 11: 1320/1641 Loss: 0.487903
2026-08-21 23:48: Train Epoch 11: 1340/1641 Loss: 0.458397
2026-08-21 23:48: Train Epoch 11: 1360/1641 Loss: 0.452259
2026-08-21 23:48: Train Epoch 11: 1380/1641 Loss: 0.501254
2026-08-21 23:48: Train Epoch 11: 1400/1641 Loss: 0.497402
2026-08-21 23:48: Train Epoch 11: 1420/1641 Loss: 0.489553
2026-08-21 23:49: Train Epoch 11: 1440/1641 Loss: 0.469292
2026-08-21 23:49: Train Epoch 11: 1460/1641 Loss: 0.482013
2026-08-21 23:49: Train Epoch 11: 1480/1641 Loss: 0.468425
2026-08-21 23:49: Train Epoch 11: 1500/1641 Loss: 0.486077
2026-08-21 23:49: Train Epoch 11: 1520/1641 Loss: 0.431581
2026-08-21 23:49: Train Epoch 11: 1540/1641 Loss: 0.495175
2026-08-21 23:49: Train Epoch 11: 1560/1641 Loss: 0.471023
2026-08-21 23:49: Train Epoch 11: 1580/1641 Loss: 0.473435
2026-08-21 23:49: Train Epoch 11: 1600/1641 Loss: 0.464862
2026-08-21 23:49: Train Epoch 11: 1620/1641 Loss: 0.465992
2026-08-21 23:49: Train Epoch 11: 1640/1641 Loss: 0.484134
2026-08-21 23:49: **********Train Epoch 11: averaged Loss: 0.478168, tf_ratio: 1.000000
2026-08-21 23:49: **********Val Epoch 11: average Loss: 0.515444
2026-08-21 23:49: Train Epoch 12: 0/1641 Loss: 0.474417
2026-08-21 23:49: Train Epoch 12: 20/1641 Loss: 0.459820
2026-08-21 23:49: Train Epoch 12: 40/1641 Loss: 0.483368
2026-08-21 23:50: Train Epoch 12: 60/1641 Loss: 0.516061
2026-08-21 23:50: Train Epoch 12: 80/1641 Loss: 0.476861
2026-08-21 23:50: Train Epoch 12: 100/1641 Loss: 0.467691
2026-08-21 23:50: Train Epoch 12: 120/1641 Loss: 0.492493
2026-08-21 23:50: Train Epoch 12: 140/1641 Loss: 0.495776
2026-08-21 23:50: Train Epoch 12: 160/1641 Loss: 0.482135
2026-08-21 23:50: Train Epoch 12: 180/1641 Loss: 0.498135
2026-08-21 23:50: Train Epoch 12: 200/1641 Loss: 0.469604
2026-08-21 23:50: Train Epoch 12: 220/1641 Loss: 0.468408
2026-08-21 23:50: Train Epoch 12: 240/1641 Loss: 0.474673
2026-08-21 23:50: Train Epoch 12: 260/1641 Loss: 0.499963
2026-08-21 23:50: Train Epoch 12: 280/1641 Loss: 0.476620
2026-08-21 23:50: Train Epoch 12: 300/1641 Loss: 0.445060
2026-08-21 23:50: Train Epoch 12: 320/1641 Loss: 0.520287
2026-08-21 23:50: Train Epoch 12: 340/1641 Loss: 0.457894
2026-08-21 23:50: Train Epoch 12: 360/1641 Loss: 0.516533
2026-08-21 23:50: Train Epoch 12: 380/1641 Loss: 0.478894
2026-08-21 23:50: Train Epoch 12: 400/1641 Loss: 0.468137
2026-08-21 23:50: Train Epoch 12: 420/1641 Loss: 0.465046
2026-08-21 23:50: Train Epoch 12: 440/1641 Loss: 0.471126
2026-08-21 23:50: Train Epoch 12: 460/1641 Loss: 0.487449
2026-08-21 23:50: Train Epoch 12: 480/1641 Loss: 0.491207
2026-08-21 23:50: Train Epoch 12: 500/1641 Loss: 0.464904
2026-08-21 23:51: Train Epoch 12: 520/1641 Loss: 0.488563
2026-08-21 23:51: Train Epoch 12: 540/1641 Loss: 0.497148
2026-08-21 23:51: Train Epoch 12: 560/1641 Loss: 0.471408
2026-08-21 23:51: Train Epoch 12: 580/1641 Loss: 0.455224
2026-08-21 23:51: Train Epoch 12: 600/1641 Loss: 0.474850
2026-08-21 23:51: Train Epoch 12: 620/1641 Loss: 0.442921
2026-08-21 23:51: Train Epoch 12: 640/1641 Loss: 0.492267
2026-08-21 23:51: Train Epoch 12: 660/1641 Loss: 0.478085
2026-08-21 23:51: Train Epoch 12: 680/1641 Loss: 0.462141
2026-08-21 23:51: Train Epoch 12: 700/1641 Loss: 0.468372
2026-08-21 23:51: Train Epoch 12: 720/1641 Loss: 0.485801
2026-08-21 23:51: Train Epoch 12: 740/1641 Loss: 0.476561
2026-08-21 23:51: Train Epoch 12: 760/1641 Loss: 0.488001
2026-08-21 23:51: Train Epoch 12: 780/1641 Loss: 0.484531
2026-08-21 23:51: Train Epoch 12: 800/1641 Loss: 0.429478
2026-08-21 23:51: Train Epoch 12: 820/1641 Loss: 0.452960
2026-08-21 23:51: Train Epoch 12: 840/1641 Loss: 0.456412
2026-08-21 23:51: Train Epoch 12: 860/1641 Loss: 0.492794
2026-08-21 23:51: Train Epoch 12: 880/1641 Loss: 0.483216
2026-08-21 23:51: Train Epoch 12: 900/1641 Loss: 0.484088
2026-08-21 23:51: Train Epoch 12: 920/1641 Loss: 0.474539
2026-08-21 23:52: Train Epoch 12: 940/1641 Loss: 0.469865
2026-08-21 23:52: Train Epoch 12: 960/1641 Loss: 0.461023
2026-08-21 23:52: Train Epoch 12: 980/1641 Loss: 0.462820
2026-08-21 23:52: Train Epoch 12: 1000/1641 Loss: 0.482297
2026-08-21 23:52: Train Epoch 12: 1020/1641 Loss: 0.498888
2026-08-21 23:52: Train Epoch 12: 1040/1641 Loss: 0.459888
2026-08-21 23:52: Train Epoch 12: 1060/1641 Loss: 0.468578
2026-08-21 23:52: Train Epoch 12: 1080/1641 Loss: 0.437354
2026-08-21 23:52: Train Epoch 12: 1100/1641 Loss: 0.478352
2026-08-21 23:52: Train Epoch 12: 1120/1641 Loss: 0.475134
2026-08-21 23:52: Train Epoch 12: 1140/1641 Loss: 0.487479
2026-08-21 23:52: Train Epoch 12: 1160/1641 Loss: 0.444900
2026-08-21 23:52: Train Epoch 12: 1180/1641 Loss: 0.466654
2026-08-21 23:52: Train Epoch 12: 1200/1641 Loss: 0.455521
2026-08-21 23:52: Train Epoch 12: 1220/1641 Loss: 0.480502
2026-08-21 23:52: Train Epoch 12: 1240/1641 Loss: 0.513465
2026-08-21 23:52: Train Epoch 12: 1260/1641 Loss: 0.476719
2026-08-21 23:52: Train Epoch 12: 1280/1641 Loss: 0.480728
2026-08-21 23:52: Train Epoch 12: 1300/1641 Loss: 0.467566
2026-08-21 23:52: Train Epoch 12: 1320/1641 Loss: 0.474437
2026-08-21 23:52: Train Epoch 12: 1340/1641 Loss: 0.471605
2026-08-21 23:52: Train Epoch 12: 1360/1641 Loss: 0.471949
2026-08-21 23:53: Train Epoch 12: 1380/1641 Loss: 0.473355
2026-08-21 23:53: Train Epoch 12: 1400/1641 Loss: 0.482052
2026-08-21 23:53: Train Epoch 12: 1420/1641 Loss: 0.471353
2026-08-21 23:53: Train Epoch 12: 1440/1641 Loss: 0.468100
2026-08-21 23:53: Train Epoch 12: 1460/1641 Loss: 0.470368
2026-08-21 23:53: Train Epoch 12: 1480/1641 Loss: 0.447158
2026-08-21 23:53: Train Epoch 12: 1500/1641 Loss: 0.453852
2026-08-21 23:53: Train Epoch 12: 1520/1641 Loss: 0.452195
2026-08-21 23:53: Train Epoch 12: 1540/1641 Loss: 0.462065
2026-08-21 23:53: Train Epoch 12: 1560/1641 Loss: 0.463166
2026-08-21 23:53: Train Epoch 12: 1580/1641 Loss: 0.458926
2026-08-21 23:53: Train Epoch 12: 1600/1641 Loss: 0.481712
2026-08-21 23:53: Train Epoch 12: 1620/1641 Loss: 0.470159
2026-08-21 23:53: Train Epoch 12: 1640/1641 Loss: 0.477525
2026-08-21 23:53: **********Train Epoch 12: averaged Loss: 0.472268, tf_ratio: 1.000000
2026-08-21 23:53: **********Val Epoch 12: average Loss: 0.517724
2026-08-21 23:53: Train Epoch 13: 0/1641 Loss: 0.471117
2026-08-21 23:54: Train Epoch 13: 20/1641 Loss: 0.469210
2026-08-21 23:54: Train Epoch 13: 40/1641 Loss: 0.474529
2026-08-21 23:54: Train Epoch 13: 60/1641 Loss: 0.481811
2026-08-21 23:54: Train Epoch 13: 80/1641 Loss: 0.475217
2026-08-21 23:54: Train Epoch 13: 100/1641 Loss: 0.480820
2026-08-21 23:54: Train Epoch 13: 120/1641 Loss: 0.463195
2026-08-21 23:54: Train Epoch 13: 140/1641 Loss: 0.467185
2026-08-21 23:54: Train Epoch 13: 160/1641 Loss: 0.470984
2026-08-21 23:54: Train Epoch 13: 180/1641 Loss: 0.478804
2026-08-21 23:54: Train Epoch 13: 200/1641 Loss: 0.464028
2026-08-21 23:54: Train Epoch 13: 220/1641 Loss: 0.469552
2026-08-21 23:54: Train Epoch 13: 240/1641 Loss: 0.445782
2026-08-21 23:54: Train Epoch 13: 260/1641 Loss: 0.443338
2026-08-21 23:54: Train Epoch 13: 280/1641 Loss: 0.464910
2026-08-21 23:54: Train Epoch 13: 300/1641 Loss: 0.449853
2026-08-21 23:54: Train Epoch 13: 320/1641 Loss: 0.466919
2026-08-21 23:54: Train Epoch 13: 340/1641 Loss: 0.458873
2026-08-21 23:54: Train Epoch 13: 360/1641 Loss: 0.469964
2026-08-21 23:54: Train Epoch 13: 380/1641 Loss: 0.490432
2026-08-21 23:54: Train Epoch 13: 400/1641 Loss: 0.464247
2026-08-21 23:54: Train Epoch 13: 420/1641 Loss: 0.452335
2026-08-21 23:54: Train Epoch 13: 440/1641 Loss: 0.473311
2026-08-21 23:55: Train Epoch 13: 460/1641 Loss: 0.466454
2026-08-21 23:55: Train Epoch 13: 480/1641 Loss: 0.479784
2026-08-21 23:55: Train Epoch 13: 500/1641 Loss: 0.451034
2026-08-21 23:55: Train Epoch 13: 520/1641 Loss: 0.465290
2026-08-21 23:55: Train Epoch 13: 540/1641 Loss: 0.460670
2026-08-21 23:55: Train Epoch 13: 560/1641 Loss: 0.452836
2026-08-21 23:55: Train Epoch 13: 580/1641 Loss: 0.446073
2026-08-21 23:55: Train Epoch 13: 600/1641 Loss: 0.465086
2026-08-21 23:55: Train Epoch 13: 620/1641 Loss: 0.438057
2026-08-21 23:55: Train Epoch 13: 640/1641 Loss: 0.452932
2026-08-21 23:55: Train Epoch 13: 660/1641 Loss: 0.471876
2026-08-21 23:55: Train Epoch 13: 680/1641 Loss: 0.523034
2026-08-21 23:55: Train Epoch 13: 700/1641 Loss: 0.437700
2026-08-21 23:55: Train Epoch 13: 720/1641 Loss: 0.445832
2026-08-21 23:55: Train Epoch 13: 740/1641 Loss: 0.485217
2026-08-21 23:55: Train Epoch 13: 760/1641 Loss: 0.446625
2026-08-21 23:55: Train Epoch 13: 780/1641 Loss: 0.465778
2026-08-21 23:55: Train Epoch 13: 800/1641 Loss: 0.494001
2026-08-21 23:55: Train Epoch 13: 820/1641 Loss: 0.472055
2026-08-21 23:55: Train Epoch 13: 840/1641 Loss: 0.464521
2026-08-21 23:55: Train Epoch 13: 860/1641 Loss: 0.458168
2026-08-21 23:55: Train Epoch 13: 880/1641 Loss: 0.450295
2026-08-21 23:56: Train Epoch 13: 900/1641 Loss: 0.476638
2026-08-21 23:56: Train Epoch 13: 920/1641 Loss: 0.451293
2026-08-21 23:56: Train Epoch 13: 940/1641 Loss: 0.495785
2026-08-21 23:56: Train Epoch 13: 960/1641 Loss: 0.454759
2026-08-21 23:56: Train Epoch 13: 980/1641 Loss: 0.460474
2026-08-21 23:56: Train Epoch 13: 1000/1641 Loss: 0.468369
2026-08-21 23:56: Train Epoch 13: 1020/1641 Loss: 0.475131
2026-08-21 23:56: Train Epoch 13: 1040/1641 Loss: 0.489315
2026-08-21 23:56: Train Epoch 13: 1060/1641 Loss: 0.443075
2026-08-21 23:56: Train Epoch 13: 1080/1641 Loss: 0.470878
2026-08-21 23:56: Train Epoch 13: 1100/1641 Loss: 0.454204
2026-08-21 23:56: Train Epoch 13: 1120/1641 Loss: 0.480813
2026-08-21 23:56: Train Epoch 13: 1140/1641 Loss: 0.461227
2026-08-21 23:56: Train Epoch 13: 1160/1641 Loss: 0.481860
2026-08-21 23:56: Train Epoch 13: 1180/1641 Loss: 0.498874
2026-08-21 23:56: Train Epoch 13: 1200/1641 Loss: 0.464061
2026-08-21 23:56: Train Epoch 13: 1220/1641 Loss: 0.443498
2026-08-21 23:56: Train Epoch 13: 1240/1641 Loss: 0.451154
2026-08-21 23:56: Train Epoch 13: 1260/1641 Loss: 0.445745
2026-08-21 23:56: Train Epoch 13: 1280/1641 Loss: 0.454371
2026-08-21 23:56: Train Epoch 13: 1300/1641 Loss: 0.468016
2026-08-21 23:56: Train Epoch 13: 1320/1641 Loss: 0.472761
2026-08-21 23:57: Train Epoch 13: 1340/1641 Loss: 0.468632
2026-08-21 23:57: Train Epoch 13: 1360/1641 Loss: 0.454671
2026-08-21 23:57: Train Epoch 13: 1380/1641 Loss: 0.472424
2026-08-21 23:57: Train Epoch 13: 1400/1641 Loss: 0.450598
2026-08-21 23:57: Train Epoch 13: 1420/1641 Loss: 0.454230
2026-08-21 23:57: Train Epoch 13: 1440/1641 Loss: 0.483649
2026-08-21 23:57: Train Epoch 13: 1460/1641 Loss: 0.452027
2026-08-21 23:57: Train Epoch 13: 1480/1641 Loss: 0.482137
2026-08-21 23:57: Train Epoch 13: 1500/1641 Loss: 0.451892
2026-08-21 23:57: Train Epoch 13: 1520/1641 Loss: 0.436876
2026-08-21 23:57: Train Epoch 13: 1540/1641 Loss: 0.469361
2026-08-21 23:57: Train Epoch 13: 1560/1641 Loss: 0.473217
2026-08-21 23:57: Train Epoch 13: 1580/1641 Loss: 0.475798
2026-08-21 23:57: Train Epoch 13: 1600/1641 Loss: 0.453653
2026-08-21 23:57: Train Epoch 13: 1620/1641 Loss: 0.452717
2026-08-21 23:57: Train Epoch 13: 1640/1641 Loss: 0.475022
2026-08-21 23:57: **********Train Epoch 13: averaged Loss: 0.466350, tf_ratio: 1.000000
2026-08-21 23:58: **********Val Epoch 13: average Loss: 0.525986
2026-08-21 23:58: Train Epoch 14: 0/1641 Loss: 0.487984
2026-08-21 23:58: Train Epoch 14: 20/1641 Loss: 0.483365
2026-08-21 23:58: Train Epoch 14: 40/1641 Loss: 0.458553
2026-08-21 23:58: Train Epoch 14: 60/1641 Loss: 0.445783
2026-08-21 23:58: Train Epoch 14: 80/1641 Loss: 0.479279
2026-08-21 23:58: Train Epoch 14: 100/1641 Loss: 0.441818
2026-08-21 23:58: Train Epoch 14: 120/1641 Loss: 0.455598
2026-08-21 23:58: Train Epoch 14: 140/1641 Loss: 0.461544
2026-08-21 23:58: Train Epoch 14: 160/1641 Loss: 0.448332
2026-08-21 23:58: Train Epoch 14: 180/1641 Loss: 0.472285
2026-08-21 23:58: Train Epoch 14: 200/1641 Loss: 0.479892
2026-08-21 23:58: Train Epoch 14: 220/1641 Loss: 0.433818
2026-08-21 23:58: Train Epoch 14: 240/1641 Loss: 0.448130
2026-08-21 23:58: Train Epoch 14: 260/1641 Loss: 0.475212
2026-08-21 23:58: Train Epoch 14: 280/1641 Loss: 0.473064
2026-08-21 23:58: Train Epoch 14: 300/1641 Loss: 0.448991
2026-08-21 23:58: Train Epoch 14: 320/1641 Loss: 0.446651
2026-08-21 23:58: Train Epoch 14: 340/1641 Loss: 0.441628
2026-08-21 23:58: Train Epoch 14: 360/1641 Loss: 0.463592
2026-08-21 23:58: Train Epoch 14: 380/1641 Loss: 0.478029
2026-08-21 23:59: Train Epoch 14: 400/1641 Loss: 0.470040
2026-08-21 23:59: Train Epoch 14: 420/1641 Loss: 0.463520
2026-08-21 23:59: Train Epoch 14: 440/1641 Loss: 0.454127
2026-08-21 23:59: Train Epoch 14: 460/1641 Loss: 0.470500
2026-08-21 23:59: Train Epoch 14: 480/1641 Loss: 0.442827
2026-08-21 23:59: Train Epoch 14: 500/1641 Loss: 0.454597
2026-08-21 23:59: Train Epoch 14: 520/1641 Loss: 0.472669
2026-08-21 23:59: Train Epoch 14: 540/1641 Loss: 0.453228
2026-08-21 23:59: Train Epoch 14: 560/1641 Loss: 0.446845
2026-08-21 23:59: Train Epoch 14: 580/1641 Loss: 0.467951
2026-08-21 23:59: Train Epoch 14: 600/1641 Loss: 0.447154
2026-08-21 23:59: Train Epoch 14: 620/1641 Loss: 0.451053
2026-08-21 23:59: Train Epoch 14: 640/1641 Loss: 0.448226
2026-08-21 23:59: Train Epoch 14: 660/1641 Loss: 0.476403
2026-08-21 23:59: Train Epoch 14: 680/1641 Loss: 0.463952
2026-08-21 23:59: Train Epoch 14: 700/1641 Loss: 0.458895
2026-08-21 23:59: Train Epoch 14: 720/1641 Loss: 0.457201
2026-08-21 23:59: Train Epoch 14: 740/1641 Loss: 0.459394
2026-08-21 23:59: Train Epoch 14: 760/1641 Loss: 0.472719
2026-08-21 23:59: Train Epoch 14: 780/1641 Loss: 0.466433
2026-08-21 23:59: Train Epoch 14: 800/1641 Loss: 0.438059
2026-08-21 23:59: Train Epoch 14: 820/1641 Loss: 0.463986
2026-08-22 00:00: Train Epoch 14: 840/1641 Loss: 0.437410
2026-08-22 00:00: Train Epoch 14: 860/1641 Loss: 0.490780
2026-08-22 00:00: Train Epoch 14: 880/1641 Loss: 0.464283
2026-08-22 00:00: Train Epoch 14: 900/1641 Loss: 0.437108
2026-08-22 00:00: Train Epoch 14: 920/1641 Loss: 0.461005
2026-08-22 00:00: Train Epoch 14: 940/1641 Loss: 0.489285
2026-08-22 00:00: Train Epoch 14: 960/1641 Loss: 0.465836
2026-08-22 00:00: Train Epoch 14: 980/1641 Loss: 0.469889
2026-08-22 00:00: Train Epoch 14: 1000/1641 Loss: 0.467913
2026-08-22 00:00: Train Epoch 14: 1020/1641 Loss: 0.474009
2026-08-22 00:00: Train Epoch 14: 1040/1641 Loss: 0.458157
2026-08-22 00:00: Train Epoch 14: 1060/1641 Loss: 0.460447
2026-08-22 00:00: Train Epoch 14: 1080/1641 Loss: 0.461585
2026-08-22 00:00: Train Epoch 14: 1100/1641 Loss: 0.481002
2026-08-22 00:00: Train Epoch 14: 1120/1641 Loss: 0.454041
2026-08-22 00:00: Train Epoch 14: 1140/1641 Loss: 0.445619
2026-08-22 00:00: Train Epoch 14: 1160/1641 Loss: 0.445448
2026-08-22 00:00: Train Epoch 14: 1180/1641 Loss: 0.467135
2026-08-22 00:00: Train Epoch 14: 1200/1641 Loss: 0.458826
2026-08-22 00:00: Train Epoch 14: 1220/1641 Loss: 0.474760
2026-08-22 00:00: Train Epoch 14: 1240/1641 Loss: 0.446973
2026-08-22 00:00: Train Epoch 14: 1260/1641 Loss: 0.475657
2026-08-22 00:01: Train Epoch 14: 1280/1641 Loss: 0.444379
2026-08-22 00:01: Train Epoch 14: 1300/1641 Loss: 0.451432
2026-08-22 00:01: Train Epoch 14: 1320/1641 Loss: 0.446457
2026-08-22 00:01: Train Epoch 14: 1340/1641 Loss: 0.473894
2026-08-22 00:01: Train Epoch 14: 1360/1641 Loss: 0.436276
2026-08-22 00:01: Train Epoch 14: 1380/1641 Loss: 0.486168
2026-08-22 00:01: Train Epoch 14: 1400/1641 Loss: 0.445541
2026-08-22 00:01: Train Epoch 14: 1420/1641 Loss: 0.444605
2026-08-22 00:01: Train Epoch 14: 1440/1641 Loss: 0.447006
2026-08-22 00:01: Train Epoch 14: 1460/1641 Loss: 0.463071
2026-08-22 00:01: Train Epoch 14: 1480/1641 Loss: 0.455934
2026-08-22 00:01: Train Epoch 14: 1500/1641 Loss: 0.445573
2026-08-22 00:01: Train Epoch 14: 1520/1641 Loss: 0.471485
2026-08-22 00:01: Train Epoch 14: 1540/1641 Loss: 0.466629
2026-08-22 00:01: Train Epoch 14: 1560/1641 Loss: 0.446069
2026-08-22 00:01: Train Epoch 14: 1580/1641 Loss: 0.472670
2026-08-22 00:01: Train Epoch 14: 1600/1641 Loss: 0.463723
2026-08-22 00:01: Train Epoch 14: 1620/1641 Loss: 0.430016
2026-08-22 00:01: Train Epoch 14: 1640/1641 Loss: 0.477142
2026-08-22 00:01: **********Train Epoch 14: averaged Loss: 0.460763, tf_ratio: 1.000000
2026-08-22 00:02: **********Val Epoch 14: average Loss: 0.525011
2026-08-22 00:02: Train Epoch 15: 0/1641 Loss: 0.460859
2026-08-22 00:02: Train Epoch 15: 20/1641 Loss: 0.431164
2026-08-22 00:02: Train Epoch 15: 40/1641 Loss: 0.428870
2026-08-22 00:02: Train Epoch 15: 60/1641 Loss: 0.439130
2026-08-22 00:02: Train Epoch 15: 80/1641 Loss: 0.447909
2026-08-22 00:02: Train Epoch 15: 100/1641 Loss: 0.472621
2026-08-22 00:02: Train Epoch 15: 120/1641 Loss: 0.451114
2026-08-22 00:02: Train Epoch 15: 140/1641 Loss: 0.469958
2026-08-22 00:02: Train Epoch 15: 160/1641 Loss: 0.462721
2026-08-22 00:02: Train Epoch 15: 180/1641 Loss: 0.465692
2026-08-22 00:02: Train Epoch 15: 200/1641 Loss: 0.472008
2026-08-22 00:02: Train Epoch 15: 220/1641 Loss: 0.439095
2026-08-22 00:02: Train Epoch 15: 240/1641 Loss: 0.449705
2026-08-22 00:02: Train Epoch 15: 260/1641 Loss: 0.473805
2026-08-22 00:02: Train Epoch 15: 280/1641 Loss: 0.466420
2026-08-22 00:02: Train Epoch 15: 300/1641 Loss: 0.442253
2026-08-22 00:02: Train Epoch 15: 320/1641 Loss: 0.447484
2026-08-22 00:02: Train Epoch 15: 340/1641 Loss: 0.415860
2026-08-22 00:03: Train Epoch 15: 360/1641 Loss: 0.452072
2026-08-22 00:03: Train Epoch 15: 380/1641 Loss: 0.450826
2026-08-22 00:03: Train Epoch 15: 400/1641 Loss: 0.439022
2026-08-22 00:03: Train Epoch 15: 420/1641 Loss: 0.449348
2026-08-22 00:03: Train Epoch 15: 440/1641 Loss: 0.427259
2026-08-22 00:03: Train Epoch 15: 460/1641 Loss: 0.445311
2026-08-22 00:03: Train Epoch 15: 480/1641 Loss: 0.454473
2026-08-22 00:03: Train Epoch 15: 500/1641 Loss: 0.475108
2026-08-22 00:03: Train Epoch 15: 520/1641 Loss: 0.469478
2026-08-22 00:03: Train Epoch 15: 540/1641 Loss: 0.455800
2026-08-22 00:03: Train Epoch 15: 560/1641 Loss: 0.446964
2026-08-22 00:03: Train Epoch 15: 580/1641 Loss: 0.458139
2026-08-22 00:03: Train Epoch 15: 600/1641 Loss: 0.451159
2026-08-22 00:03: Train Epoch 15: 620/1641 Loss: 0.435239
2026-08-22 00:03: Train Epoch 15: 640/1641 Loss: 0.458760
2026-08-22 00:03: Train Epoch 15: 660/1641 Loss: 0.466027
2026-08-22 00:03: Train Epoch 15: 680/1641 Loss: 0.458494
2026-08-22 00:03: Train Epoch 15: 700/1641 Loss: 0.449183
2026-08-22 00:03: Train Epoch 15: 720/1641 Loss: 0.470136
2026-08-22 00:03: Train Epoch 15: 740/1641 Loss: 0.445947
2026-08-22 00:03: Train Epoch 15: 760/1641 Loss: 0.450144
2026-08-22 00:03: Train Epoch 15: 780/1641 Loss: 0.452403
2026-08-22 00:04: Train Epoch 15: 800/1641 Loss: 0.432608
2026-08-22 00:04: Train Epoch 15: 820/1641 Loss: 0.467716
2026-08-22 00:04: Train Epoch 15: 840/1641 Loss: 0.475126
2026-08-22 00:04: Train Epoch 15: 860/1641 Loss: 0.439349
2026-08-22 00:04: Train Epoch 15: 880/1641 Loss: 0.463645
2026-08-22 00:04: Train Epoch 15: 900/1641 Loss: 0.468823
2026-08-22 00:04: Train Epoch 15: 920/1641 Loss: 0.418051
2026-08-22 00:04: Train Epoch 15: 940/1641 Loss: 0.444399
2026-08-22 00:04: Train Epoch 15: 960/1641 Loss: 0.447306
2026-08-22 00:04: Train Epoch 15: 980/1641 Loss: 0.453196
2026-08-22 00:04: Train Epoch 15: 1000/1641 Loss: 0.442568
2026-08-22 00:04: Train Epoch 15: 1020/1641 Loss: 0.474604
2026-08-22 00:04: Train Epoch 15: 1040/1641 Loss: 0.443105
2026-08-22 00:04: Train Epoch 15: 1060/1641 Loss: 0.474523
2026-08-22 00:04: Train Epoch 15: 1080/1641 Loss: 0.462976
2026-08-22 00:04: Train Epoch 15: 1100/1641 Loss: 0.477106
2026-08-22 00:04: Train Epoch 15: 1120/1641 Loss: 0.444048
2026-08-22 00:04: Train Epoch 15: 1140/1641 Loss: 0.445437
2026-08-22 00:04: Train Epoch 15: 1160/1641 Loss: 0.444304
2026-08-22 00:04: Train Epoch 15: 1180/1641 Loss: 0.461548
2026-08-22 00:04: Train Epoch 15: 1200/1641 Loss: 0.446410
2026-08-22 00:04: Train Epoch 15: 1220/1641 Loss: 0.486290
2026-08-22 00:05: Train Epoch 15: 1240/1641 Loss: 0.440052
2026-08-22 00:05: Train Epoch 15: 1260/1641 Loss: 0.449017
2026-08-22 00:05: Train Epoch 15: 1280/1641 Loss: 0.448166
2026-08-22 00:05: Train Epoch 15: 1300/1641 Loss: 0.461385
2026-08-22 00:05: Train Epoch 15: 1320/1641 Loss: 0.470351
2026-08-22 00:05: Train Epoch 15: 1340/1641 Loss: 0.476125
2026-08-22 00:05: Train Epoch 15: 1360/1641 Loss: 0.468217
2026-08-22 00:05: Train Epoch 15: 1380/1641 Loss: 0.452693
2026-08-22 00:05: Train Epoch 15: 1400/1641 Loss: 0.471555
2026-08-22 00:05: Train Epoch 15: 1420/1641 Loss: 0.468860
2026-08-22 00:05: Train Epoch 15: 1440/1641 Loss: 0.452606
2026-08-22 00:05: Train Epoch 15: 1460/1641 Loss: 0.449789
2026-08-22 00:05: Train Epoch 15: 1480/1641 Loss: 0.468569
2026-08-22 00:05: Train Epoch 15: 1500/1641 Loss: 0.458758
2026-08-22 00:05: Train Epoch 15: 1520/1641 Loss: 0.466521
2026-08-22 00:05: Train Epoch 15: 1540/1641 Loss: 0.439089
2026-08-22 00:05: Train Epoch 15: 1560/1641 Loss: 0.438928
2026-08-22 00:05: Train Epoch 15: 1580/1641 Loss: 0.448614
2026-08-22 00:05: Train Epoch 15: 1600/1641 Loss: 0.436273
2026-08-22 00:05: Train Epoch 15: 1620/1641 Loss: 0.439276
2026-08-22 00:05: Train Epoch 15: 1640/1641 Loss: 0.441383
2026-08-22 00:05: **********Train Epoch 15: averaged Loss: 0.455427, tf_ratio: 1.000000
2026-08-22 00:06: **********Val Epoch 15: average Loss: 0.525170
2026-08-22 00:06: Train Epoch 16: 0/1641 Loss: 0.460145
2026-08-22 00:06: Train Epoch 16: 20/1641 Loss: 0.444891
2026-08-22 00:06: Train Epoch 16: 40/1641 Loss: 0.447454
2026-08-22 00:06: Train Epoch 16: 60/1641 Loss: 0.449387
2026-08-22 00:06: Train Epoch 16: 80/1641 Loss: 0.457727
2026-08-22 00:06: Train Epoch 16: 100/1641 Loss: 0.454841
2026-08-22 00:06: Train Epoch 16: 120/1641 Loss: 0.452455
2026-08-22 00:06: Train Epoch 16: 140/1641 Loss: 0.425079
2026-08-22 00:06: Train Epoch 16: 160/1641 Loss: 0.434773
2026-08-22 00:06: Train Epoch 16: 180/1641 Loss: 0.449558
2026-08-22 00:06: Train Epoch 16: 200/1641 Loss: 0.460245
2026-08-22 00:06: Train Epoch 16: 220/1641 Loss: 0.446380
2026-08-22 00:06: Train Epoch 16: 240/1641 Loss: 0.442869
2026-08-22 00:06: Train Epoch 16: 260/1641 Loss: 0.465426
2026-08-22 00:06: Train Epoch 16: 280/1641 Loss: 0.444164
2026-08-22 00:07: Train Epoch 16: 300/1641 Loss: 0.459428
2026-08-22 00:07: Train Epoch 16: 320/1641 Loss: 0.424291
2026-08-22 00:07: Train Epoch 16: 340/1641 Loss: 0.470479
2026-08-22 00:07: Train Epoch 16: 360/1641 Loss: 0.467269
2026-08-22 00:07: Train Epoch 16: 380/1641 Loss: 0.459020
2026-08-22 00:07: Train Epoch 16: 400/1641 Loss: 0.457614
2026-08-22 00:07: Train Epoch 16: 420/1641 Loss: 0.428727
2026-08-22 00:07: Train Epoch 16: 440/1641 Loss: 0.433043
2026-08-22 00:07: Train Epoch 16: 460/1641 Loss: 0.440497
2026-08-22 00:07: Train Epoch 16: 480/1641 Loss: 0.463273
2026-08-22 00:07: Train Epoch 16: 500/1641 Loss: 0.449427
2026-08-22 00:07: Train Epoch 16: 520/1641 Loss: 0.438293
2026-08-22 00:07: Train Epoch 16: 540/1641 Loss: 0.443405
2026-08-22 00:07: Train Epoch 16: 560/1641 Loss: 0.453530
2026-08-22 00:07: Train Epoch 16: 580/1641 Loss: 0.458348
2026-08-22 00:07: Train Epoch 16: 600/1641 Loss: 0.467426
2026-08-22 00:07: Train Epoch 16: 620/1641 Loss: 0.448827
2026-08-22 00:07: Train Epoch 16: 640/1641 Loss: 0.453073
2026-08-22 00:07: Train Epoch 16: 660/1641 Loss: 0.453910
2026-08-22 00:07: Train Epoch 16: 680/1641 Loss: 0.451706
2026-08-22 00:07: Train Epoch 16: 700/1641 Loss: 0.448819
2026-08-22 00:07: Train Epoch 16: 720/1641 Loss: 0.468713
2026-08-22 00:08: Train Epoch 16: 740/1641 Loss: 0.439960
2026-08-22 00:08: Train Epoch 16: 760/1641 Loss: 0.455822
2026-08-22 00:08: Train Epoch 16: 780/1641 Loss: 0.452535
2026-08-22 00:08: Train Epoch 16: 800/1641 Loss: 0.453466
2026-08-22 00:08: Train Epoch 16: 820/1641 Loss: 0.436575
2026-08-22 00:08: Train Epoch 16: 840/1641 Loss: 0.413589
2026-08-22 00:08: Train Epoch 16: 860/1641 Loss: 0.466950
2026-08-22 00:08: Train Epoch 16: 880/1641 Loss: 0.444853
2026-08-22 00:08: Train Epoch 16: 900/1641 Loss: 0.479397
2026-08-22 00:08: Train Epoch 16: 920/1641 Loss: 0.446530
2026-08-22 00:08: Train Epoch 16: 940/1641 Loss: 0.459563
2026-08-22 00:08: Train Epoch 16: 960/1641 Loss: 0.421385
2026-08-22 00:08: Train Epoch 16: 980/1641 Loss: 0.444064
2026-08-22 00:08: Train Epoch 16: 1000/1641 Loss: 0.461516
2026-08-22 00:08: Train Epoch 16: 1020/1641 Loss: 0.451921
2026-08-22 00:08: Train Epoch 16: 1040/1641 Loss: 0.479046
2026-08-22 00:08: Train Epoch 16: 1060/1641 Loss: 0.450173
2026-08-22 00:08: Train Epoch 16: 1080/1641 Loss: 0.469713
2026-08-22 00:08: Train Epoch 16: 1100/1641 Loss: 0.440771
2026-08-22 00:08: Train Epoch 16: 1120/1641 Loss: 0.456040
2026-08-22 00:08: Train Epoch 16: 1140/1641 Loss: 0.443098
2026-08-22 00:08: Train Epoch 16: 1160/1641 Loss: 0.426244
2026-08-22 00:09: Train Epoch 16: 1180/1641 Loss: 0.452688
2026-08-22 00:09: Train Epoch 16: 1200/1641 Loss: 0.454491
2026-08-22 00:09: Train Epoch 16: 1220/1641 Loss: 0.428976
2026-08-22 00:09: Train Epoch 16: 1240/1641 Loss: 0.440366
2026-08-22 00:09: Train Epoch 16: 1260/1641 Loss: 0.464542
2026-08-22 00:09: Train Epoch 16: 1280/1641 Loss: 0.440449
2026-08-22 00:09: Train Epoch 16: 1300/1641 Loss: 0.437026
2026-08-22 00:09: Train Epoch 16: 1320/1641 Loss: 0.449390
2026-08-22 00:09: Train Epoch 16: 1340/1641 Loss: 0.438694
2026-08-22 00:09: Train Epoch 16: 1360/1641 Loss: 0.444441
2026-08-22 00:09: Train Epoch 16: 1380/1641 Loss: 0.438973
2026-08-22 00:09: Train Epoch 16: 1400/1641 Loss: 0.447839
2026-08-22 00:09: Train Epoch 16: 1420/1641 Loss: 0.442443
2026-08-22 00:09: Train Epoch 16: 1440/1641 Loss: 0.457335
2026-08-22 00:09: Train Epoch 16: 1460/1641 Loss: 0.454747
2026-08-22 00:09: Train Epoch 16: 1480/1641 Loss: 0.444545
2026-08-22 00:09: Train Epoch 16: 1500/1641 Loss: 0.457544
2026-08-22 00:09: Train Epoch 16: 1520/1641 Loss: 0.441889
2026-08-22 00:09: Train Epoch 16: 1540/1641 Loss: 0.456694
2026-08-22 00:09: Train Epoch 16: 1560/1641 Loss: 0.453786
2026-08-22 00:09: Train Epoch 16: 1580/1641 Loss: 0.471868
2026-08-22 00:09: Train Epoch 16: 1600/1641 Loss: 0.445725
2026-08-22 00:10: Train Epoch 16: 1620/1641 Loss: 0.449441
2026-08-22 00:10: Train Epoch 16: 1640/1641 Loss: 0.461664
2026-08-22 00:10: **********Train Epoch 16: averaged Loss: 0.450261, tf_ratio: 1.000000
2026-08-22 00:10: **********Val Epoch 16: average Loss: 0.529460
2026-08-22 00:10: Train Epoch 17: 0/1641 Loss: 0.442052
2026-08-22 00:10: Train Epoch 17: 20/1641 Loss: 0.436258
2026-08-22 00:10: Train Epoch 17: 40/1641 Loss: 0.455635
2026-08-22 00:10: Train Epoch 17: 60/1641 Loss: 0.445134
2026-08-22 00:10: Train Epoch 17: 80/1641 Loss: 0.451425
2026-08-22 00:10: Train Epoch 17: 100/1641 Loss: 0.460158
2026-08-22 00:10: Train Epoch 17: 120/1641 Loss: 0.489914
2026-08-22 00:10: Train Epoch 17: 140/1641 Loss: 0.435830
2026-08-22 00:10: Train Epoch 17: 160/1641 Loss: 0.447724
2026-08-22 00:10: Train Epoch 17: 180/1641 Loss: 0.455521
2026-08-22 00:10: Train Epoch 17: 200/1641 Loss: 0.466298
2026-08-22 00:10: Train Epoch 17: 220/1641 Loss: 0.445092
2026-08-22 00:10: Train Epoch 17: 240/1641 Loss: 0.430092
2026-08-22 00:11: Train Epoch 17: 260/1641 Loss: 0.442285
2026-08-22 00:11: Train Epoch 17: 280/1641 Loss: 0.459946
2026-08-22 00:11: Train Epoch 17: 300/1641 Loss: 0.438983
2026-08-22 00:11: Train Epoch 17: 320/1641 Loss: 0.421928
2026-08-22 00:11: Train Epoch 17: 340/1641 Loss: 0.435023
2026-08-22 00:11: Train Epoch 17: 360/1641 Loss: 0.453420
2026-08-22 00:11: Train Epoch 17: 380/1641 Loss: 0.417386
2026-08-22 00:11: Train Epoch 17: 400/1641 Loss: 0.445593
2026-08-22 00:11: Train Epoch 17: 420/1641 Loss: 0.479252
2026-08-22 00:11: Train Epoch 17: 440/1641 Loss: 0.440417
2026-08-22 00:11: Train Epoch 17: 460/1641 Loss: 0.457100
2026-08-22 00:11: Train Epoch 17: 480/1641 Loss: 0.441090
2026-08-22 00:11: Train Epoch 17: 500/1641 Loss: 0.466603
2026-08-22 00:11: Train Epoch 17: 520/1641 Loss: 0.413790
2026-08-22 00:11: Train Epoch 17: 540/1641 Loss: 0.432702
2026-08-22 00:11: Train Epoch 17: 560/1641 Loss: 0.439531
2026-08-22 00:11: Train Epoch 17: 580/1641 Loss: 0.471935
2026-08-22 00:11: Train Epoch 17: 600/1641 Loss: 0.433387
2026-08-22 00:11: Train Epoch 17: 620/1641 Loss: 0.447695
2026-08-22 00:11: Train Epoch 17: 640/1641 Loss: 0.451644
2026-08-22 00:11: Train Epoch 17: 660/1641 Loss: 0.441431
2026-08-22 00:11: Train Epoch 17: 680/1641 Loss: 0.444061
2026-08-22 00:12: Train Epoch 17: 700/1641 Loss: 0.435816
2026-08-22 00:12: Train Epoch 17: 720/1641 Loss: 0.432132
2026-08-22 00:12: Train Epoch 17: 740/1641 Loss: 0.457335
2026-08-22 00:12: Train Epoch 17: 760/1641 Loss: 0.448580
2026-08-22 00:12: Train Epoch 17: 780/1641 Loss: 0.439408
2026-08-22 00:12: Train Epoch 17: 800/1641 Loss: 0.461485
2026-08-22 00:12: Train Epoch 17: 820/1641 Loss: 0.441942
2026-08-22 00:12: Train Epoch 17: 840/1641 Loss: 0.429821
2026-08-22 00:12: Train Epoch 17: 860/1641 Loss: 0.422518
2026-08-22 00:12: Train Epoch 17: 880/1641 Loss: 0.450223
2026-08-22 00:12: Train Epoch 17: 900/1641 Loss: 0.469027
2026-08-22 00:12: Train Epoch 17: 920/1641 Loss: 0.476353
2026-08-22 00:12: Train Epoch 17: 940/1641 Loss: 0.427626
2026-08-22 00:12: Train Epoch 17: 960/1641 Loss: 0.442658
2026-08-22 00:12: Train Epoch 17: 980/1641 Loss: 0.466200
2026-08-22 00:12: Train Epoch 17: 1000/1641 Loss: 0.432623
2026-08-22 00:12: Train Epoch 17: 1020/1641 Loss: 0.476371
2026-08-22 00:12: Train Epoch 17: 1040/1641 Loss: 0.455509
2026-08-22 00:12: Train Epoch 17: 1060/1641 Loss: 0.437317
2026-08-22 00:12: Train Epoch 17: 1080/1641 Loss: 0.455288
2026-08-22 00:12: Train Epoch 17: 1100/1641 Loss: 0.436603
2026-08-22 00:12: Train Epoch 17: 1120/1641 Loss: 0.438631
2026-08-22 00:13: Train Epoch 17: 1140/1641 Loss: 0.443921
2026-08-22 00:13: Train Epoch 17: 1160/1641 Loss: 0.427019
2026-08-22 00:13: Train Epoch 17: 1180/1641 Loss: 0.429774
2026-08-22 00:13: Train Epoch 17: 1200/1641 Loss: 0.446387
2026-08-22 00:13: Train Epoch 17: 1220/1641 Loss: 0.430540
2026-08-22 00:13: Train Epoch 17: 1240/1641 Loss: 0.455927
2026-08-22 00:13: Train Epoch 17: 1260/1641 Loss: 0.435791
2026-08-22 00:13: Train Epoch 17: 1280/1641 Loss: 0.430591
2026-08-22 00:13: Train Epoch 17: 1300/1641 Loss: 0.437352
2026-08-22 00:13: Train Epoch 17: 1320/1641 Loss: 0.452720
2026-08-22 00:13: Train Epoch 17: 1340/1641 Loss: 0.446995
2026-08-22 00:13: Train Epoch 17: 1360/1641 Loss: 0.440602
2026-08-22 00:13: Train Epoch 17: 1380/1641 Loss: 0.463901
2026-08-22 00:13: Train Epoch 17: 1400/1641 Loss: 0.476175
2026-08-22 00:13: Train Epoch 17: 1420/1641 Loss: 0.452852
2026-08-22 00:13: Train Epoch 17: 1440/1641 Loss: 0.431997
2026-08-22 00:13: Train Epoch 17: 1460/1641 Loss: 0.442152
2026-08-22 00:13: Train Epoch 17: 1480/1641 Loss: 0.452847
2026-08-22 00:13: Train Epoch 17: 1500/1641 Loss: 0.462504
2026-08-22 00:13: Train Epoch 17: 1520/1641 Loss: 0.446807
2026-08-22 00:13: Train Epoch 17: 1540/1641 Loss: 0.420278
2026-08-22 00:13: Train Epoch 17: 1560/1641 Loss: 0.436625
2026-08-22 00:14: Train Epoch 17: 1580/1641 Loss: 0.434532
2026-08-22 00:14: Train Epoch 17: 1600/1641 Loss: 0.426568
2026-08-22 00:14: Train Epoch 17: 1620/1641 Loss: 0.458596
2026-08-22 00:14: Train Epoch 17: 1640/1641 Loss: 0.430135
2026-08-22 00:14: **********Train Epoch 17: averaged Loss: 0.445211, tf_ratio: 1.000000
2026-08-22 00:14: **********Val Epoch 17: average Loss: 0.527526
2026-08-22 00:14: Train Epoch 18: 0/1641 Loss: 0.427125
2026-08-22 00:14: Train Epoch 18: 20/1641 Loss: 0.452646
2026-08-22 00:14: Train Epoch 18: 40/1641 Loss: 0.430883
2026-08-22 00:14: Train Epoch 18: 60/1641 Loss: 0.420102
2026-08-22 00:14: Train Epoch 18: 80/1641 Loss: 0.468102
2026-08-22 00:14: Train Epoch 18: 100/1641 Loss: 0.416054
2026-08-22 00:14: Train Epoch 18: 120/1641 Loss: 0.458226
2026-08-22 00:14: Train Epoch 18: 140/1641 Loss: 0.441622
2026-08-22 00:14: Train Epoch 18: 160/1641 Loss: 0.435686
2026-08-22 00:14: Train Epoch 18: 180/1641 Loss: 0.444117
2026-08-22 00:15: Train Epoch 18: 200/1641 Loss: 0.428024
2026-08-22 00:15: Train Epoch 18: 220/1641 Loss: 0.422417
2026-08-22 00:15: Train Epoch 18: 240/1641 Loss: 0.439559
2026-08-22 00:15: Train Epoch 18: 260/1641 Loss: 0.458839
2026-08-22 00:15: Train Epoch 18: 280/1641 Loss: 0.448539
2026-08-22 00:15: Train Epoch 18: 300/1641 Loss: 0.457370
2026-08-22 00:15: Train Epoch 18: 320/1641 Loss: 0.446312
2026-08-22 00:15: Train Epoch 18: 340/1641 Loss: 0.457702
2026-08-22 00:15: Train Epoch 18: 360/1641 Loss: 0.401418
2026-08-22 00:15: Train Epoch 18: 380/1641 Loss: 0.449826
2026-08-22 00:15: Train Epoch 18: 400/1641 Loss: 0.458246
2026-08-22 00:15: Train Epoch 18: 420/1641 Loss: 0.420719
2026-08-22 00:15: Train Epoch 18: 440/1641 Loss: 0.426766
2026-08-22 00:15: Train Epoch 18: 460/1641 Loss: 0.452487
2026-08-22 00:15: Train Epoch 18: 480/1641 Loss: 0.432791
2026-08-22 00:15: Train Epoch 18: 500/1641 Loss: 0.475844
2026-08-22 00:15: Train Epoch 18: 520/1641 Loss: 0.424775
2026-08-22 00:15: Train Epoch 18: 540/1641 Loss: 0.444777
2026-08-22 00:15: Train Epoch 18: 560/1641 Loss: 0.415857
2026-08-22 00:15: Train Epoch 18: 580/1641 Loss: 0.433935
2026-08-22 00:15: Train Epoch 18: 600/1641 Loss: 0.426067
2026-08-22 00:15: Train Epoch 18: 620/1641 Loss: 0.481412
2026-08-22 00:16: Train Epoch 18: 640/1641 Loss: 0.440632
2026-08-22 00:16: Train Epoch 18: 660/1641 Loss: 0.432750
2026-08-22 00:16: Train Epoch 18: 680/1641 Loss: 0.432210
2026-08-22 00:16: Train Epoch 18: 700/1641 Loss: 0.441950
2026-08-22 00:16: Train Epoch 18: 720/1641 Loss: 0.433121
2026-08-22 00:16: Train Epoch 18: 740/1641 Loss: 0.434978
2026-08-22 00:16: Train Epoch 18: 760/1641 Loss: 0.438875
2026-08-22 00:16: Train Epoch 18: 780/1641 Loss: 0.446754
2026-08-22 00:16: Train Epoch 18: 800/1641 Loss: 0.444021
2026-08-22 00:16: Train Epoch 18: 820/1641 Loss: 0.428964
2026-08-22 00:16: Train Epoch 18: 840/1641 Loss: 0.453893
2026-08-22 00:16: Train Epoch 18: 860/1641 Loss: 0.460952
2026-08-22 00:16: Train Epoch 18: 880/1641 Loss: 0.424412
2026-08-22 00:16: Train Epoch 18: 900/1641 Loss: 0.436891
2026-08-22 00:16: Train Epoch 18: 920/1641 Loss: 0.434124
2026-08-22 00:16: Train Epoch 18: 940/1641 Loss: 0.447717
2026-08-22 00:16: Train Epoch 18: 960/1641 Loss: 0.440600
2026-08-22 00:16: Train Epoch 18: 980/1641 Loss: 0.447931
2026-08-22 00:16: Train Epoch 18: 1000/1641 Loss: 0.441571
2026-08-22 00:16: Train Epoch 18: 1020/1641 Loss: 0.431449
2026-08-22 00:16: Train Epoch 18: 1040/1641 Loss: 0.424961
2026-08-22 00:16: Train Epoch 18: 1060/1641 Loss: 0.421891
2026-08-22 00:17: Train Epoch 18: 1080/1641 Loss: 0.454983
2026-08-22 00:17: Train Epoch 18: 1100/1641 Loss: 0.439898
2026-08-22 00:17: Train Epoch 18: 1120/1641 Loss: 0.460679
2026-08-22 00:17: Train Epoch 18: 1140/1641 Loss: 0.436963
2026-08-22 00:17: Train Epoch 18: 1160/1641 Loss: 0.445665
2026-08-22 00:17: Train Epoch 18: 1180/1641 Loss: 0.421612
2026-08-22 00:17: Train Epoch 18: 1200/1641 Loss: 0.438639
2026-08-22 00:17: Train Epoch 18: 1220/1641 Loss: 0.468270
2026-08-22 00:17: Train Epoch 18: 1240/1641 Loss: 0.432002
2026-08-22 00:17: Train Epoch 18: 1260/1641 Loss: 0.424154
2026-08-22 00:17: Train Epoch 18: 1280/1641 Loss: 0.442301
2026-08-22 00:17: Train Epoch 18: 1300/1641 Loss: 0.439462
2026-08-22 00:17: Train Epoch 18: 1320/1641 Loss: 0.424498
2026-08-22 00:17: Train Epoch 18: 1340/1641 Loss: 0.451845
2026-08-22 00:17: Train Epoch 18: 1360/1641 Loss: 0.448102
2026-08-22 00:17: Train Epoch 18: 1380/1641 Loss: 0.470498
2026-08-22 00:17: Train Epoch 18: 1400/1641 Loss: 0.447250
2026-08-22 00:17: Train Epoch 18: 1420/1641 Loss: 0.438980
2026-08-22 00:17: Train Epoch 18: 1440/1641 Loss: 0.451426
2026-08-22 00:17: Train Epoch 18: 1460/1641 Loss: 0.444072
2026-08-22 00:17: Train Epoch 18: 1480/1641 Loss: 0.419269
2026-08-22 00:17: Train Epoch 18: 1500/1641 Loss: 0.437472
2026-08-22 00:18: Train Epoch 18: 1520/1641 Loss: 0.446065
2026-08-22 00:18: Train Epoch 18: 1540/1641 Loss: 0.416907
2026-08-22 00:18: Train Epoch 18: 1560/1641 Loss: 0.456120
2026-08-22 00:18: Train Epoch 18: 1580/1641 Loss: 0.413828
2026-08-22 00:18: Train Epoch 18: 1600/1641 Loss: 0.416703
2026-08-22 00:18: Train Epoch 18: 1620/1641 Loss: 0.431724
2026-08-22 00:18: Train Epoch 18: 1640/1641 Loss: 0.440894
2026-08-22 00:18: **********Train Epoch 18: averaged Loss: 0.440590, tf_ratio: 1.000000
2026-08-22 00:18: **********Val Epoch 18: average Loss: 0.527032
2026-08-22 00:18: Train Epoch 19: 0/1641 Loss: 0.442052
2026-08-22 00:18: Train Epoch 19: 20/1641 Loss: 0.429503
2026-08-22 00:18: Train Epoch 19: 40/1641 Loss: 0.421898
2026-08-22 00:18: Train Epoch 19: 60/1641 Loss: 0.437721
2026-08-22 00:18: Train Epoch 19: 80/1641 Loss: 0.453137
2026-08-22 00:18: Train Epoch 19: 100/1641 Loss: 0.444872
2026-08-22 00:18: Train Epoch 19: 120/1641 Loss: 0.452572
2026-08-22 00:19: Train Epoch 19: 140/1641 Loss: 0.417844
2026-08-22 00:19: Train Epoch 19: 160/1641 Loss: 0.432949
2026-08-22 00:19: Train Epoch 19: 180/1641 Loss: 0.476143
2026-08-22 00:19: Train Epoch 19: 200/1641 Loss: 0.444365
2026-08-22 00:19: Train Epoch 19: 220/1641 Loss: 0.423580
2026-08-22 00:19: Train Epoch 19: 240/1641 Loss: 0.437217
2026-08-22 00:19: Train Epoch 19: 260/1641 Loss: 0.456517
2026-08-22 00:19: Train Epoch 19: 280/1641 Loss: 0.440209
2026-08-22 00:19: Train Epoch 19: 300/1641 Loss: 0.448718
2026-08-22 00:19: Train Epoch 19: 320/1641 Loss: 0.425211
2026-08-22 00:19: Train Epoch 19: 340/1641 Loss: 0.448316
2026-08-22 00:19: Train Epoch 19: 360/1641 Loss: 0.424319
2026-08-22 00:19: Train Epoch 19: 380/1641 Loss: 0.457038
2026-08-22 00:19: Train Epoch 19: 400/1641 Loss: 0.423022
2026-08-22 00:19: Train Epoch 19: 420/1641 Loss: 0.431966
2026-08-22 00:19: Train Epoch 19: 440/1641 Loss: 0.439932
2026-08-22 00:19: Train Epoch 19: 460/1641 Loss: 0.407160
2026-08-22 00:19: Train Epoch 19: 480/1641 Loss: 0.452799
2026-08-22 00:19: Train Epoch 19: 500/1641 Loss: 0.449520
2026-08-22 00:19: Train Epoch 19: 520/1641 Loss: 0.438708
2026-08-22 00:19: Train Epoch 19: 540/1641 Loss: 0.431766
2026-08-22 00:19: Train Epoch 19: 560/1641 Loss: 0.422114
2026-08-22 00:20: Train Epoch 19: 580/1641 Loss: 0.459835
2026-08-22 00:20: Train Epoch 19: 600/1641 Loss: 0.452652
2026-08-22 00:20: Train Epoch 19: 620/1641 Loss: 0.414891
2026-08-22 00:20: Train Epoch 19: 640/1641 Loss: 0.430321
2026-08-22 00:20: Train Epoch 19: 660/1641 Loss: 0.445475
2026-08-22 00:20: Train Epoch 19: 680/1641 Loss: 0.410450
2026-08-22 00:20: Train Epoch 19: 700/1641 Loss: 0.446652
2026-08-22 00:20: Train Epoch 19: 720/1641 Loss: 0.446964
2026-08-22 00:20: Train Epoch 19: 740/1641 Loss: 0.425855
2026-08-22 00:20: Train Epoch 19: 760/1641 Loss: 0.422352
2026-08-22 00:20: Train Epoch 19: 780/1641 Loss: 0.428823
2026-08-22 00:20: Train Epoch 19: 800/1641 Loss: 0.432083
2026-08-22 00:20: Train Epoch 19: 820/1641 Loss: 0.455017
2026-08-22 00:20: Train Epoch 19: 840/1641 Loss: 0.446642
2026-08-22 00:20: Train Epoch 19: 860/1641 Loss: 0.426395
2026-08-22 00:20: Train Epoch 19: 880/1641 Loss: 0.428670
2026-08-22 00:20: Train Epoch 19: 900/1641 Loss: 0.455777
2026-08-22 00:20: Train Epoch 19: 920/1641 Loss: 0.426102
2026-08-22 00:20: Train Epoch 19: 940/1641 Loss: 0.458171
2026-08-22 00:20: Train Epoch 19: 960/1641 Loss: 0.436285
2026-08-22 00:20: Train Epoch 19: 980/1641 Loss: 0.451859
2026-08-22 00:20: Train Epoch 19: 1000/1641 Loss: 0.429371
2026-08-22 00:21: Train Epoch 19: 1020/1641 Loss: 0.448128
2026-08-22 00:21: Train Epoch 19: 1040/1641 Loss: 0.443395
2026-08-22 00:21: Train Epoch 19: 1060/1641 Loss: 0.447719
2026-08-22 00:21: Train Epoch 19: 1080/1641 Loss: 0.421070
2026-08-22 00:21: Train Epoch 19: 1100/1641 Loss: 0.436055
2026-08-22 00:21: Train Epoch 19: 1120/1641 Loss: 0.425305
2026-08-22 00:21: Train Epoch 19: 1140/1641 Loss: 0.414242
2026-08-22 00:21: Train Epoch 19: 1160/1641 Loss: 0.435437
2026-08-22 00:21: Train Epoch 19: 1180/1641 Loss: 0.431888
2026-08-22 00:21: Train Epoch 19: 1200/1641 Loss: 0.411270
2026-08-22 00:21: Train Epoch 19: 1220/1641 Loss: 0.471775
2026-08-22 00:21: Train Epoch 19: 1240/1641 Loss: 0.447221
2026-08-22 00:21: Train Epoch 19: 1260/1641 Loss: 0.432530
2026-08-22 00:21: Train Epoch 19: 1280/1641 Loss: 0.447698
2026-08-22 00:21: Train Epoch 19: 1300/1641 Loss: 0.446318
2026-08-22 00:21: Train Epoch 19: 1320/1641 Loss: 0.428279
2026-08-22 00:21: Train Epoch 19: 1340/1641 Loss: 0.434937
2026-08-22 00:21: Train Epoch 19: 1360/1641 Loss: 0.430859
2026-08-22 00:21: Train Epoch 19: 1380/1641 Loss: 0.435806
2026-08-22 00:21: Train Epoch 19: 1400/1641 Loss: 0.439276
2026-08-22 00:21: Train Epoch 19: 1420/1641 Loss: 0.429778
2026-08-22 00:21: Train Epoch 19: 1440/1641 Loss: 0.430590
2026-08-22 00:22: Train Epoch 19: 1460/1641 Loss: 0.432303
2026-08-22 00:22: Train Epoch 19: 1480/1641 Loss: 0.392745
2026-08-22 00:22: Train Epoch 19: 1500/1641 Loss: 0.459416
2026-08-22 00:22: Train Epoch 19: 1520/1641 Loss: 0.442176
2026-08-22 00:22: Train Epoch 19: 1540/1641 Loss: 0.435902
2026-08-22 00:22: Train Epoch 19: 1560/1641 Loss: 0.443160
2026-08-22 00:22: Train Epoch 19: 1580/1641 Loss: 0.449501
2026-08-22 00:22: Train Epoch 19: 1600/1641 Loss: 0.438288
2026-08-22 00:22: Train Epoch 19: 1620/1641 Loss: 0.413056
2026-08-22 00:22: Train Epoch 19: 1640/1641 Loss: 0.417392
2026-08-22 00:22: **********Train Epoch 19: averaged Loss: 0.435908, tf_ratio: 1.000000
2026-08-22 00:22: **********Val Epoch 19: average Loss: 0.531488
2026-08-22 00:22: Train Epoch 20: 0/1641 Loss: 0.432043
2026-08-22 00:22: Train Epoch 20: 20/1641 Loss: 0.437195
2026-08-22 00:22: Train Epoch 20: 40/1641 Loss: 0.413568
2026-08-22 00:22: Train Epoch 20: 60/1641 Loss: 0.436580
2026-08-22 00:22: Train Epoch 20: 80/1641 Loss: 0.432558
2026-08-22 00:23: Train Epoch 20: 100/1641 Loss: 0.455447
2026-08-22 00:23: Train Epoch 20: 120/1641 Loss: 0.416844
2026-08-22 00:23: Train Epoch 20: 140/1641 Loss: 0.429625
2026-08-22 00:23: Train Epoch 20: 160/1641 Loss: 0.427469
2026-08-22 00:23: Train Epoch 20: 180/1641 Loss: 0.421793
2026-08-22 00:23: Train Epoch 20: 200/1641 Loss: 0.419847
2026-08-22 00:23: Train Epoch 20: 220/1641 Loss: 0.448477
2026-08-22 00:23: Train Epoch 20: 240/1641 Loss: 0.431218
2026-08-22 00:23: Train Epoch 20: 260/1641 Loss: 0.445848
2026-08-22 00:23: Train Epoch 20: 280/1641 Loss: 0.433040
2026-08-22 00:23: Train Epoch 20: 300/1641 Loss: 0.446742
2026-08-22 00:23: Train Epoch 20: 320/1641 Loss: 0.414491
2026-08-22 00:23: Train Epoch 20: 340/1641 Loss: 0.427131
2026-08-22 00:23: Train Epoch 20: 360/1641 Loss: 0.421853
2026-08-22 00:23: Train Epoch 20: 380/1641 Loss: 0.435323
2026-08-22 00:23: Train Epoch 20: 400/1641 Loss: 0.431544
2026-08-22 00:23: Train Epoch 20: 420/1641 Loss: 0.451338
2026-08-22 00:23: Train Epoch 20: 440/1641 Loss: 0.432656
2026-08-22 00:23: Train Epoch 20: 460/1641 Loss: 0.449586
2026-08-22 00:23: Train Epoch 20: 480/1641 Loss: 0.428100
2026-08-22 00:23: Train Epoch 20: 500/1641 Loss: 0.450841
2026-08-22 00:23: Train Epoch 20: 520/1641 Loss: 0.430523
2026-08-22 00:24: Train Epoch 20: 540/1641 Loss: 0.438877
2026-08-22 00:24: Train Epoch 20: 560/1641 Loss: 0.440351
2026-08-22 00:24: Train Epoch 20: 580/1641 Loss: 0.435962
2026-08-22 00:24: Train Epoch 20: 600/1641 Loss: 0.409753
2026-08-22 00:24: Train Epoch 20: 620/1641 Loss: 0.430292
2026-08-22 00:24: Train Epoch 20: 640/1641 Loss: 0.418664
2026-08-22 00:24: Train Epoch 20: 660/1641 Loss: 0.404757
2026-08-22 00:24: Train Epoch 20: 680/1641 Loss: 0.425553
2026-08-22 00:24: Train Epoch 20: 700/1641 Loss: 0.449779
2026-08-22 00:24: Train Epoch 20: 720/1641 Loss: 0.430064
2026-08-22 00:24: Train Epoch 20: 740/1641 Loss: 0.436611
2026-08-22 00:24: Train Epoch 20: 760/1641 Loss: 0.414361
2026-08-22 00:24: Train Epoch 20: 780/1641 Loss: 0.432052
2026-08-22 00:24: Train Epoch 20: 800/1641 Loss: 0.428647
2026-08-22 00:24: Train Epoch 20: 820/1641 Loss: 0.440550
2026-08-22 00:24: Train Epoch 20: 840/1641 Loss: 0.418837
2026-08-22 00:24: Train Epoch 20: 860/1641 Loss: 0.417674
2026-08-22 00:24: Train Epoch 20: 880/1641 Loss: 0.413494
2026-08-22 00:24: Train Epoch 20: 900/1641 Loss: 0.433802
2026-08-22 00:24: Train Epoch 20: 920/1641 Loss: 0.419388
2026-08-22 00:24: Train Epoch 20: 940/1641 Loss: 0.438166
2026-08-22 00:25: Train Epoch 20: 960/1641 Loss: 0.415620
2026-08-22 00:25: Train Epoch 20: 980/1641 Loss: 0.434287
2026-08-22 00:25: Train Epoch 20: 1000/1641 Loss: 0.422524
2026-08-22 00:25: Train Epoch 20: 1020/1641 Loss: 0.445430
2026-08-22 00:25: Train Epoch 20: 1040/1641 Loss: 0.423158
2026-08-22 00:25: Train Epoch 20: 1060/1641 Loss: 0.429920
2026-08-22 00:25: Train Epoch 20: 1080/1641 Loss: 0.421107
2026-08-22 00:25: Train Epoch 20: 1100/1641 Loss: 0.457554
2026-08-22 00:25: Train Epoch 20: 1120/1641 Loss: 0.428661
2026-08-22 00:25: Train Epoch 20: 1140/1641 Loss: 0.433343
2026-08-22 00:25: Train Epoch 20: 1160/1641 Loss: 0.430393
2026-08-22 00:25: Train Epoch 20: 1180/1641 Loss: 0.444006
2026-08-22 00:25: Train Epoch 20: 1200/1641 Loss: 0.421343
2026-08-22 00:25: Train Epoch 20: 1220/1641 Loss: 0.422239
2026-08-22 00:25: Train Epoch 20: 1240/1641 Loss: 0.429039
2026-08-22 00:25: Train Epoch 20: 1260/1641 Loss: 0.425006
2026-08-22 00:25: Train Epoch 20: 1280/1641 Loss: 0.430805
2026-08-22 00:25: Train Epoch 20: 1300/1641 Loss: 0.428186
2026-08-22 00:25: Train Epoch 20: 1320/1641 Loss: 0.426127
2026-08-22 00:25: Train Epoch 20: 1340/1641 Loss: 0.452159
2026-08-22 00:25: Train Epoch 20: 1360/1641 Loss: 0.431682
2026-08-22 00:25: Train Epoch 20: 1380/1641 Loss: 0.437656
2026-08-22 00:26: Train Epoch 20: 1400/1641 Loss: 0.455122
2026-08-22 00:26: Train Epoch 20: 1420/1641 Loss: 0.433933
2026-08-22 00:26: Train Epoch 20: 1440/1641 Loss: 0.443773
2026-08-22 00:26: Train Epoch 20: 1460/1641 Loss: 0.452232
2026-08-22 00:26: Train Epoch 20: 1480/1641 Loss: 0.428726
2026-08-22 00:26: Train Epoch 20: 1500/1641 Loss: 0.423082
2026-08-22 00:26: Train Epoch 20: 1520/1641 Loss: 0.458596
2026-08-22 00:26: Train Epoch 20: 1540/1641 Loss: 0.431484
2026-08-22 00:26: Train Epoch 20: 1560/1641 Loss: 0.453654
2026-08-22 00:26: Train Epoch 20: 1580/1641 Loss: 0.406042
2026-08-22 00:26: Train Epoch 20: 1600/1641 Loss: 0.421611
2026-08-22 00:26: Train Epoch 20: 1620/1641 Loss: 0.450435
2026-08-22 00:26: Train Epoch 20: 1640/1641 Loss: 0.429267
2026-08-22 00:26: **********Train Epoch 20: averaged Loss: 0.431641, tf_ratio: 1.000000
2026-08-22 00:26: **********Val Epoch 20: average Loss: 0.537665
2026-08-22 00:26: Train Epoch 21: 0/1641 Loss: 0.441284
2026-08-22 00:26: Train Epoch 21: 20/1641 Loss: 0.427765
2026-08-22 00:27: Train Epoch 21: 40/1641 Loss: 0.428651
2026-08-22 00:27: Train Epoch 21: 60/1641 Loss: 0.448617
2026-08-22 00:27: Train Epoch 21: 80/1641 Loss: 0.430955
2026-08-22 00:27: Train Epoch 21: 100/1641 Loss: 0.434856
2026-08-22 00:27: Train Epoch 21: 120/1641 Loss: 0.436567
2026-08-22 00:27: Train Epoch 21: 140/1641 Loss: 0.431339
2026-08-22 00:27: Train Epoch 21: 160/1641 Loss: 0.423748
2026-08-22 00:27: Train Epoch 21: 180/1641 Loss: 0.443162
2026-08-22 00:27: Train Epoch 21: 200/1641 Loss: 0.425097
2026-08-22 00:27: Train Epoch 21: 220/1641 Loss: 0.418097
2026-08-22 00:27: Train Epoch 21: 240/1641 Loss: 0.419391
2026-08-22 00:27: Train Epoch 21: 260/1641 Loss: 0.412855
2026-08-22 00:27: Train Epoch 21: 280/1641 Loss: 0.419771
2026-08-22 00:27: Train Epoch 21: 300/1641 Loss: 0.420503
2026-08-22 00:27: Train Epoch 21: 320/1641 Loss: 0.420649
2026-08-22 00:27: Train Epoch 21: 340/1641 Loss: 0.425140
2026-08-22 00:27: Train Epoch 21: 360/1641 Loss: 0.420364
2026-08-22 00:27: Train Epoch 21: 380/1641 Loss: 0.429429
2026-08-22 00:27: Train Epoch 21: 400/1641 Loss: 0.434151
2026-08-22 00:27: Train Epoch 21: 420/1641 Loss: 0.429512
2026-08-22 00:27: Train Epoch 21: 440/1641 Loss: 0.428347
2026-08-22 00:27: Train Epoch 21: 460/1641 Loss: 0.439001
2026-08-22 00:28: Train Epoch 21: 480/1641 Loss: 0.422723
2026-08-22 00:28: Train Epoch 21: 500/1641 Loss: 0.449788
2026-08-22 00:28: Train Epoch 21: 520/1641 Loss: 0.431382
2026-08-22 00:28: Train Epoch 21: 540/1641 Loss: 0.425725
2026-08-22 00:28: Train Epoch 21: 560/1641 Loss: 0.434633
2026-08-22 00:28: Train Epoch 21: 580/1641 Loss: 0.417447
2026-08-22 00:28: Train Epoch 21: 600/1641 Loss: 0.421502
2026-08-22 00:28: Train Epoch 21: 620/1641 Loss: 0.435650
2026-08-22 00:28: Train Epoch 21: 640/1641 Loss: 0.433820
2026-08-22 00:28: Train Epoch 21: 660/1641 Loss: 0.438201
2026-08-22 00:28: Train Epoch 21: 680/1641 Loss: 0.425670
2026-08-22 00:28: Train Epoch 21: 700/1641 Loss: 0.448959
2026-08-22 00:28: Train Epoch 21: 720/1641 Loss: 0.412460
2026-08-22 00:28: Train Epoch 21: 740/1641 Loss: 0.455061
2026-08-22 00:28: Train Epoch 21: 760/1641 Loss: 0.424137
2026-08-22 00:28: Train Epoch 21: 780/1641 Loss: 0.417725
2026-08-22 00:28: Train Epoch 21: 800/1641 Loss: 0.426398
2026-08-22 00:28: Train Epoch 21: 820/1641 Loss: 0.402108
2026-08-22 00:28: Train Epoch 21: 840/1641 Loss: 0.434128
2026-08-22 00:28: Train Epoch 21: 860/1641 Loss: 0.416678
2026-08-22 00:28: Train Epoch 21: 880/1641 Loss: 0.435571
2026-08-22 00:28: Train Epoch 21: 900/1641 Loss: 0.416458
2026-08-22 00:29: Train Epoch 21: 920/1641 Loss: 0.405415
2026-08-22 00:29: Train Epoch 21: 940/1641 Loss: 0.417558
2026-08-22 00:29: Train Epoch 21: 960/1641 Loss: 0.402456
2026-08-22 00:29: Train Epoch 21: 980/1641 Loss: 0.443379
2026-08-22 00:29: Train Epoch 21: 1000/1641 Loss: 0.430512
2026-08-22 00:29: Train Epoch 21: 1020/1641 Loss: 0.402530
2026-08-22 00:29: Train Epoch 21: 1040/1641 Loss: 0.419074
2026-08-22 00:29: Train Epoch 21: 1060/1641 Loss: 0.427698
2026-08-22 00:29: Train Epoch 21: 1080/1641 Loss: 0.415666
2026-08-22 00:29: Train Epoch 21: 1100/1641 Loss: 0.436969
2026-08-22 00:29: Train Epoch 21: 1120/1641 Loss: 0.443928
2026-08-22 00:29: Train Epoch 21: 1140/1641 Loss: 0.411644
2026-08-22 00:29: Train Epoch 21: 1160/1641 Loss: 0.445531
2026-08-22 00:29: Train Epoch 21: 1180/1641 Loss: 0.432895
2026-08-22 00:29: Train Epoch 21: 1200/1641 Loss: 0.428353
2026-08-22 00:29: Train Epoch 21: 1220/1641 Loss: 0.441046
2026-08-22 00:29: Train Epoch 21: 1240/1641 Loss: 0.439665
2026-08-22 00:29: Train Epoch 21: 1260/1641 Loss: 0.420173
2026-08-22 00:29: Train Epoch 21: 1280/1641 Loss: 0.444280
2026-08-22 00:29: Train Epoch 21: 1300/1641 Loss: 0.427875
2026-08-22 00:29: Train Epoch 21: 1320/1641 Loss: 0.423790
2026-08-22 00:29: Train Epoch 21: 1340/1641 Loss: 0.436652
2026-08-22 00:30: Train Epoch 21: 1360/1641 Loss: 0.428139
2026-08-22 00:30: Train Epoch 21: 1380/1641 Loss: 0.427514
2026-08-22 00:30: Train Epoch 21: 1400/1641 Loss: 0.420853
2026-08-22 00:30: Train Epoch 21: 1420/1641 Loss: 0.416901
2026-08-22 00:30: Train Epoch 21: 1440/1641 Loss: 0.422740
2026-08-22 00:30: Train Epoch 21: 1460/1641 Loss: 0.442468
2026-08-22 00:30: Train Epoch 21: 1480/1641 Loss: 0.423742
2026-08-22 00:30: Train Epoch 21: 1500/1641 Loss: 0.421385
2026-08-22 00:30: Train Epoch 21: 1520/1641 Loss: 0.422760
2026-08-22 00:30: Train Epoch 21: 1540/1641 Loss: 0.402970
2026-08-22 00:30: Train Epoch 21: 1560/1641 Loss: 0.435959
2026-08-22 00:30: Train Epoch 21: 1580/1641 Loss: 0.436196
2026-08-22 00:30: Train Epoch 21: 1600/1641 Loss: 0.420497
2026-08-22 00:30: Train Epoch 21: 1620/1641 Loss: 0.420240
2026-08-22 00:30: Train Epoch 21: 1640/1641 Loss: 0.420788
2026-08-22 00:30: **********Train Epoch 21: averaged Loss: 0.427423, tf_ratio: 1.000000
2026-08-22 00:31: **********Val Epoch 21: average Loss: 0.532468
2026-08-22 00:31: Validation performance didn't improve for 15 epochs. Training stops.
2026-08-22 00:31: Total training time: 86.9101min, best loss: 0.505841
2026-08-22 00:31: Saving current best model to /scratch/chkkar002/Diffusion_Based_STGNNs/RealValue/AGCRN/model/experiments/SAWS/20260821230405/best_model.pth
2026-08-22 00:31: Horizon 01, MAE: 0.27, RMSE: 0.38, MAPE: 225.9830%
2026-08-22 00:31: Horizon 02, MAE: 0.34, RMSE: 0.48, MAPE: 284.4667%
2026-08-22 00:31: Horizon 03, MAE: 0.39, RMSE: 0.54, MAPE: 310.2370%
2026-08-22 00:31: Horizon 04, MAE: 0.42, RMSE: 0.58, MAPE: 322.4536%
2026-08-22 00:31: Horizon 05, MAE: 0.44, RMSE: 0.61, MAPE: 333.3416%
2026-08-22 00:31: Horizon 06, MAE: 0.46, RMSE: 0.64, MAPE: 345.0971%
2026-08-22 00:31: Horizon 07, MAE: 0.47, RMSE: 0.66, MAPE: 356.1035%
2026-08-22 00:31: Horizon 08, MAE: 0.48, RMSE: 0.67, MAPE: 360.2068%
2026-08-22 00:31: Horizon 09, MAE: 0.49, RMSE: 0.69, MAPE: 361.6215%
2026-08-22 00:31: Horizon 10, MAE: 0.50, RMSE: 0.70, MAPE: 363.8431%
2026-08-22 00:31: Horizon 11, MAE: 0.50, RMSE: 0.71, MAPE: 366.2349%
2026-08-22 00:31: Horizon 12, MAE: 0.50, RMSE: 0.72, MAPE: 367.5327%
2026-08-22 00:31: Horizon 13, MAE: 0.51, RMSE: 0.72, MAPE: 368.0094%
2026-08-22 00:31: Horizon 14, MAE: 0.51, RMSE: 0.73, MAPE: 370.5073%
2026-08-22 00:31: Horizon 15, MAE: 0.51, RMSE: 0.73, MAPE: 370.9564%
2026-08-22 00:31: Horizon 16, MAE: 0.52, RMSE: 0.74, MAPE: 372.9342%
2026-08-22 00:31: Horizon 17, MAE: 0.52, RMSE: 0.74, MAPE: 372.7418%
2026-08-22 00:31: Horizon 18, MAE: 0.52, RMSE: 0.74, MAPE: 372.1837%
2026-08-22 00:31: Horizon 19, MAE: 0.52, RMSE: 0.74, MAPE: 372.3681%
2026-08-22 00:31: Horizon 20, MAE: 0.52, RMSE: 0.75, MAPE: 374.0114%
2026-08-22 00:31: Horizon 21, MAE: 0.52, RMSE: 0.75, MAPE: 373.9462%
2026-08-22 00:31: Horizon 22, MAE: 0.52, RMSE: 0.75, MAPE: 371.8577%
2026-08-22 00:31: Horizon 23, MAE: 0.52, RMSE: 0.75, MAPE: 370.8581%
2026-08-22 00:31: Horizon 24, MAE: 0.53, RMSE: 0.75, MAPE: 371.1831%
2026-08-22 00:31: Horizon 25, MAE: 0.53, RMSE: 0.75, MAPE: 374.9160%
2026-08-22 00:31: Horizon 26, MAE: 0.53, RMSE: 0.75, MAPE: 376.8620%
2026-08-22 00:31: Horizon 27, MAE: 0.53, RMSE: 0.76, MAPE: 373.9134%
2026-08-22 00:31: Horizon 28, MAE: 0.54, RMSE: 0.76, MAPE: 376.6266%
2026-08-22 00:31: Horizon 29, MAE: 0.54, RMSE: 0.76, MAPE: 377.7889%
2026-08-22 00:31: Horizon 30, MAE: 0.54, RMSE: 0.76, MAPE: 379.3975%
2026-08-22 00:31: Horizon 31, MAE: 0.54, RMSE: 0.76, MAPE: 382.7905%
2026-08-22 00:31: Horizon 32, MAE: 0.54, RMSE: 0.77, MAPE: 387.1986%
2026-08-22 00:31: Horizon 33, MAE: 0.54, RMSE: 0.77, MAPE: 382.4243%
2026-08-22 00:31: Horizon 34, MAE: 0.54, RMSE: 0.77, MAPE: 381.5410%
2026-08-22 00:31: Horizon 35, MAE: 0.54, RMSE: 0.77, MAPE: 382.1469%
2026-08-22 00:31: Horizon 36, MAE: 0.54, RMSE: 0.77, MAPE: 383.6338%
2026-08-22 00:31: Horizon 37, MAE: 0.54, RMSE: 0.77, MAPE: 384.4669%
2026-08-22 00:31: Horizon 38, MAE: 0.54, RMSE: 0.77, MAPE: 380.3246%
2026-08-22 00:31: Horizon 39, MAE: 0.54, RMSE: 0.77, MAPE: 382.5504%
2026-08-22 00:31: Horizon 40, MAE: 0.54, RMSE: 0.77, MAPE: 383.4926%
2026-08-22 00:31: Horizon 41, MAE: 0.54, RMSE: 0.77, MAPE: 381.7505%
2026-08-22 00:31: Horizon 42, MAE: 0.54, RMSE: 0.77, MAPE: 377.4892%
2026-08-22 00:31: Horizon 43, MAE: 0.54, RMSE: 0.77, MAPE: 380.6322%
2026-08-22 00:31: Horizon 44, MAE: 0.54, RMSE: 0.77, MAPE: 379.1045%
2026-08-22 00:31: Horizon 45, MAE: 0.54, RMSE: 0.77, MAPE: 376.8994%
2026-08-22 00:31: Horizon 46, MAE: 0.54, RMSE: 0.77, MAPE: 375.1010%
2026-08-22 00:31: Horizon 47, MAE: 0.54, RMSE: 0.77, MAPE: 374.0271%
2026-08-22 00:31: Horizon 48, MAE: 0.54, RMSE: 0.77, MAPE: 371.2823%
2026-08-22 00:31: Average Horizon, MAE: 0.51, RMSE: 0.73, MAPE: 365.9424%
2026-08-22 00:31: Horizon 01, MAE: 0.60, RMSE: 0.84, MAPE: 36.6273%
2026-08-22 00:31: Horizon 02, MAE: 0.76, RMSE: 1.07, MAPE: 46.9463%
2026-08-22 00:31: Horizon 03, MAE: 0.86, RMSE: 1.20, MAPE: 51.9197%
2026-08-22 00:31: Horizon 04, MAE: 0.92, RMSE: 1.29, MAPE: 56.0264%
2026-08-22 00:31: Horizon 05, MAE: 0.97, RMSE: 1.36, MAPE: 58.1473%
2026-08-22 00:31: Horizon 06, MAE: 1.01, RMSE: 1.41, MAPE: 58.7955%
2026-08-22 00:31: Horizon 07, MAE: 1.04, RMSE: 1.46, MAPE: 59.6998%
2026-08-22 00:31: Horizon 08, MAE: 1.06, RMSE: 1.49, MAPE: 59.9856%
2026-08-22 00:31: Horizon 09, MAE: 1.08, RMSE: 1.52, MAPE: 60.2739%
2026-08-22 00:31: Horizon 10, MAE: 1.10, RMSE: 1.54, MAPE: 60.3905%
2026-08-22 00:31: Horizon 11, MAE: 1.11, RMSE: 1.56, MAPE: 59.5928%
2026-08-22 00:31: Horizon 12, MAE: 1.11, RMSE: 1.58, MAPE: 59.0724%
2026-08-22 00:31: Horizon 13, MAE: 1.12, RMSE: 1.60, MAPE: 58.4490%
2026-08-22 00:31: Horizon 14, MAE: 1.13, RMSE: 1.61, MAPE: 57.6596%
2026-08-22 00:31: Horizon 15, MAE: 1.14, RMSE: 1.62, MAPE: 57.2271%
2026-08-22 00:31: Horizon 16, MAE: 1.14, RMSE: 1.63, MAPE: 56.4916%
2026-08-22 00:31: Horizon 17, MAE: 1.15, RMSE: 1.63, MAPE: 56.1459%
2026-08-22 00:31: Horizon 18, MAE: 1.15, RMSE: 1.64, MAPE: 56.3683%
2026-08-22 00:31: Horizon 19, MAE: 1.15, RMSE: 1.64, MAPE: 57.0511%
2026-08-22 00:31: Horizon 20, MAE: 1.16, RMSE: 1.65, MAPE: 56.8500%
2026-08-22 00:31: Horizon 21, MAE: 1.16, RMSE: 1.65, MAPE: 56.5273%
2026-08-22 00:31: Horizon 22, MAE: 1.16, RMSE: 1.65, MAPE: 56.6343%
2026-08-22 00:31: Horizon 23, MAE: 1.16, RMSE: 1.65, MAPE: 56.5283%
2026-08-22 00:31: Horizon 24, MAE: 1.16, RMSE: 1.65, MAPE: 56.5832%
2026-08-22 00:31: Horizon 25, MAE: 1.17, RMSE: 1.66, MAPE: 56.7769%
2026-08-22 00:31: Horizon 26, MAE: 1.17, RMSE: 1.66, MAPE: 58.3985%
2026-08-22 00:31: Horizon 27, MAE: 1.18, RMSE: 1.67, MAPE: 58.8136%
2026-08-22 00:31: Horizon 28, MAE: 1.19, RMSE: 1.68, MAPE: 59.7713%
2026-08-22 00:31: Horizon 29, MAE: 1.19, RMSE: 1.68, MAPE: 61.1940%
2026-08-22 00:31: Horizon 30, MAE: 1.19, RMSE: 1.69, MAPE: 63.2102%
2026-08-22 00:31: Horizon 31, MAE: 1.19, RMSE: 1.69, MAPE: 63.3755%
2026-08-22 00:31: Horizon 32, MAE: 1.20, RMSE: 1.69, MAPE: 63.3065%
2026-08-22 00:31: Horizon 33, MAE: 1.20, RMSE: 1.69, MAPE: 62.6599%
2026-08-22 00:31: Horizon 34, MAE: 1.20, RMSE: 1.69, MAPE: 62.5774%
2026-08-22 00:31: Horizon 35, MAE: 1.20, RMSE: 1.69, MAPE: 62.7608%
2026-08-22 00:31: Horizon 36, MAE: 1.20, RMSE: 1.70, MAPE: 62.0946%
2026-08-22 00:31: Horizon 37, MAE: 1.20, RMSE: 1.70, MAPE: 60.6241%
2026-08-22 00:31: Horizon 38, MAE: 1.20, RMSE: 1.70, MAPE: 59.4736%
2026-08-22 00:31: Horizon 39, MAE: 1.20, RMSE: 1.70, MAPE: 59.6910%
2026-08-22 00:31: Horizon 40, MAE: 1.20, RMSE: 1.71, MAPE: 59.3352%
2026-08-22 00:31: Horizon 41, MAE: 1.20, RMSE: 1.71, MAPE: 58.6703%
2026-08-22 00:31: Horizon 42, MAE: 1.20, RMSE: 1.71, MAPE: 60.0815%
2026-08-22 00:31: Horizon 43, MAE: 1.20, RMSE: 1.71, MAPE: 59.8103%
2026-08-22 00:31: Horizon 44, MAE: 1.20, RMSE: 1.71, MAPE: 60.3675%
2026-08-22 00:31: Horizon 45, MAE: 1.20, RMSE: 1.71, MAPE: 60.4388%
2026-08-22 00:31: Horizon 46, MAE: 1.20, RMSE: 1.70, MAPE: 60.9380%
2026-08-22 00:31: Horizon 47, MAE: 1.20, RMSE: 1.70, MAPE: 60.8683%
2026-08-22 00:31: Horizon 48, MAE: 1.20, RMSE: 1.70, MAPE: 61.6259%
2026-08-22 00:31: Average Horizon, MAE: 1.13, RMSE: 1.61, MAPE: 58.4762%
2026-08-22 00:31: VPT (threshold=0.50): mean=1.77 steps, median=1.00, std=2.57, range=[0, 41]
wandb: updating run metadata
wandb: uploading output.log; uploading wandb-summary.json; uploading config.yaml
wandb: uploading output.log
wandb: uploading summary, console lines 1796-1894
wandb: 
wandb: Run history:
wandb:          epoch ▁▁▁▁▂▂▂▂▂▂▃▃▃▃▃▃▄▄▄▄▅▅▅▅▅▆▆▆▆▆▆▇▇▇▇▇▇███
wandb:     train/loss █▅▅▅▅▄▄▄▄▃▃▃▃▂▂▂▂▂▁▁▁
wandb: train/tf_ratio ▁▁▁▁▁▁▁▁▁▁▁▁▁▁▁▁▁▁▁▁▁
wandb:       val/loss ▅▄▂▂▂▁▁▂▃▂▃▄▅▅▅▆▆▆▇█▇
wandb: 
wandb: Run summary:
wandb:     best_val_loss 0.50584
wandb:             epoch 21
wandb:      test_vpt_max 41
wandb:     test_vpt_mean 1.77163
wandb:   test_vpt_median 1
wandb:      test_vpt_min 0
wandb:      test_vpt_std 2.56975
wandb:        train/loss 0.42742
wandb:    train/tf_ratio 1
wandb: training_time_min 86.91014
wandb:                +1 ...
wandb: 
wandb: 🚀 View run AGCRN_RV_WindDir at: https://wandb.ai/chkkar002-university-of-cape-town/stgnn-weather/runs/tsdrf1lz
wandb: ⭐️ View project at: https://wandb.ai/chkkar002-university-of-cape-town/stgnn-weather
wandb: Synced 5 W&B file(s), 0 media file(s), 0 artifact file(s) and 0 other file(s)
wandb: Find logs at: ./wandb/run-20260821_230405-tsdrf1lz/logs
/scratch/chkkar002/Diffusion_Based_STGNNs/RealValue/AGCRN
Read configuration file: ./SAWS_AGCRN.conf
*****************Model Parameter*****************
node_embeddings torch.Size([32, 30]) True
encoder.dcrnn_cells.0.gate.weights_pool torch.Size([30, 2, 65, 128]) True
encoder.dcrnn_cells.0.gate.bias_pool torch.Size([30, 128]) True
encoder.dcrnn_cells.0.update.weights_pool torch.Size([30, 2, 65, 64]) True
encoder.dcrnn_cells.0.update.bias_pool torch.Size([30, 64]) True
encoder.dcrnn_cells.1.gate.weights_pool torch.Size([30, 2, 128, 128]) True
encoder.dcrnn_cells.1.gate.bias_pool torch.Size([30, 128]) True
encoder.dcrnn_cells.1.update.weights_pool torch.Size([30, 2, 128, 64]) True
encoder.dcrnn_cells.1.update.bias_pool torch.Size([30, 64]) True
end_conv.weight torch.Size([48, 1, 1, 64]) True
end_conv.bias torch.Size([48]) True
Total params num: 2238960
*****************Finish Parameter****************
Load SAWS Dataset shaped:  (87672, 32, 1) 22.8 0.0 2.68212 2.3
Normalize the dataset by Standard Normalization
[[[-0.5805008 ]
  [ 0.41558507]
  [ 0.1892019 ]
  ...
  [ 0.7777982 ]
  [-1.2143736 ]
  [-0.6257774 ]]

 [[-0.71633065]
  [-0.08245784]
  [ 0.7325216 ]
  ...
  [ 0.00809545]
  [-0.6257774 ]
  [-0.671054  ]]

 [[-1.2143736 ]
  [-0.12773442]
  [ 0.64196825]
  ...
  [-0.03718125]
  [-0.6257774 ]
  [-0.5805008 ]]

 ...

 [[ 0.68724483]
  [ 0.41558507]
  [ 1.6380543 ]
  ...
  [ 0.5061383 ]
  [ 0.06245347]
  [-0.39939427]]

 [[ 1.3663943 ]
  [ 0.00809545]
  [ 1.8191605 ]
  ...
  [ 0.68724483]
  [-0.24312869]
  [-0.308841  ]]

 [[ 1.185288  ]
  [-0.39939427]
  [ 1.3211176 ]
  ...
  [ 0.32503188]
  [-0.37833148]
  [ 0.41558507]]]
[[[ 5.5141503e-01]
  [-3.5411763e-01]
  [ 1.3663943e+00]
  ...
  [ 2.3447861e-01]
  [-5.2899045e-01]
  [-5.3522414e-01]]

 [[ 1.8920191e-01]
  [-5.3522414e-01]
  [ 1.1852880e+00]
  ...
  [ 3.2503188e-01]
  [-6.9365811e-01]
  [-5.8050078e-01]]

 [[ 8.0954451e-03]
  [-5.8050078e-01]
  [ 4.1558507e-01]
  ...
  [ 1.8920191e-01]
  [-9.7991878e-01]
  [-1.7301112e-01]]

 ...

 [[ 2.3447861e-01]
  [-1.5264049e-01]
  [ 6.8724483e-01]
  ...
  [-1.2773442e-01]
  [-5.8050078e-01]
  [-1.2143736e+00]]

 [[ 8.2307482e-01]
  [-1.0509808e-03]
  [ 8.6835140e-01]
  ...
  [ 2.7975520e-01]
  [-6.2577742e-01]
  [-1.2143736e+00]]

 [[ 5.0613832e-01]
  [ 1.3533255e-01]
  [ 8.0954451e-03]
  ...
  [ 5.9669161e-01]
  [-4.8994753e-01]
  [-6.7105401e-01]]]
[[[ 0.7325216 ]
  [ 0.27367255]
  [-0.35411763]
  ...
  [ 0.913628  ]
  [-0.35411763]
  [-0.4446709 ]]

 [[ 0.64196825]
  [ 0.35570237]
  [-0.08245784]
  ...
  [ 0.68724483]
  [-0.39939427]
  [-0.2635644 ]]

 [[ 0.68724483]
  [ 0.42650637]
  [ 0.05337203]
  ...
  [ 0.9589048 ]
  [-0.2635644 ]
  [ 0.1892019 ]]

 ...

 [[-0.35411763]
  [-0.35411763]
  [-0.2635644 ]
  ...
  [-0.08936899]
  [-0.17301112]
  [-1.2143736 ]]

 [[-1.2143736 ]
  [-0.2635644 ]
  [-0.03718125]
  ...
  [-0.132633  ]
  [-1.2143736 ]
  [-1.2143736 ]]

 [[-1.2143736 ]
  [-0.48994753]
  [ 0.68724483]
  ...
  [-0.14636461]
  [-1.2143736 ]
  [-1.2143736 ]]]
Train:  (52533, 24, 32, 1) (52533, 48, 32, 1)
Val:  (17463, 24, 32, 1) (17463, 48, 32, 1)
Test:  (17463, 24, 32, 1) (17463, 48, 32, 1)
mae
Creat Log File in:  /scratch/chkkar002/Diffusion_Based_STGNNs/RealValue/AGCRN/model/experiments/SAWS/20260821230405/run.log
=================================================================
Running Run.py | Seed: 3
=================================================================
/scratch/chkkar002/Diffusion_Based_STGNNs/RealValue/AGCRN/lib/dataloader.py:80: UserWarning: The torch.cuda.*DtypeTensor constructors are no longer recommended. It's best to use methods such as torch.tensor(data, dtype=*, device='cuda') to create tensors. (Triggered internally at /pytorch/torch/csrc/tensor/python_tensor.cpp:78.)
  X, Y = TensorFloat(X), TensorFloat(Y)
wandb: [wandb.login()] Loaded credentials for https://api.wandb.ai from /home/chkkar002/.netrc.
wandb: Currently logged in as: chkkar002 (chkkar002-university-of-cape-town) to https://api.wandb.ai. Use `wandb login --relogin` to force relogin
wandb: WARNING Using a boolean value for 'reinit' is deprecated. Use 'return_previous' or 'finish_previous' instead.
wandb: setting up run ebdh764f
wandb: Tracking run with wandb version 0.26.1
wandb: Run data is saved locally in /scratch/chkkar002/Diffusion_Based_STGNNs/RealValue/AGCRN/model/wandb/run-20260822_003137-ebdh764f
wandb: Run `wandb offline` to turn off syncing.
wandb: Syncing run AGCRN_RV_WindDir
wandb: ⭐️ View project at https://wandb.ai/chkkar002-university-of-cape-town/stgnn-weather
wandb: 🚀 View run at https://wandb.ai/chkkar002-university-of-cape-town/stgnn-weather/runs/ebdh764f
2026-08-22 00:31: Experiment log path in: /scratch/chkkar002/Diffusion_Based_STGNNs/RealValue/AGCRN/model/experiments/SAWS/20260822003136
2026-08-22 00:31: Train Epoch 1: 0/1641 Loss: 0.968913
2026-08-22 00:31: Train Epoch 1: 20/1641 Loss: 0.918265
2026-08-22 00:31: Train Epoch 1: 40/1641 Loss: 0.848409
2026-08-22 00:31: Train Epoch 1: 60/1641 Loss: 0.715845
2026-08-22 00:31: Train Epoch 1: 80/1641 Loss: 0.656657
2026-08-22 00:31: Train Epoch 1: 100/1641 Loss: 0.662797
2026-08-22 00:31: Train Epoch 1: 120/1641 Loss: 0.658837
2026-08-22 00:31: Train Epoch 1: 140/1641 Loss: 0.678612
2026-08-22 00:32: Train Epoch 1: 160/1641 Loss: 0.640042
2026-08-22 00:32: Train Epoch 1: 180/1641 Loss: 0.677907
2026-08-22 00:32: Train Epoch 1: 200/1641 Loss: 0.636518
2026-08-22 00:32: Train Epoch 1: 220/1641 Loss: 0.671676
2026-08-22 00:32: Train Epoch 1: 240/1641 Loss: 0.637649
2026-08-22 00:32: Train Epoch 1: 260/1641 Loss: 0.653689
2026-08-22 00:32: Train Epoch 1: 280/1641 Loss: 0.653223
2026-08-22 00:32: Train Epoch 1: 300/1641 Loss: 0.680814
2026-08-22 00:32: Train Epoch 1: 320/1641 Loss: 0.644448
2026-08-22 00:32: Train Epoch 1: 340/1641 Loss: 0.657559
2026-08-22 00:32: Train Epoch 1: 360/1641 Loss: 0.636745
2026-08-22 00:32: Train Epoch 1: 380/1641 Loss: 0.611143
2026-08-22 00:32: Train Epoch 1: 400/1641 Loss: 0.648489
2026-08-22 00:32: Train Epoch 1: 420/1641 Loss: 0.658765
2026-08-22 00:32: Train Epoch 1: 440/1641 Loss: 0.629092
2026-08-22 00:32: Train Epoch 1: 460/1641 Loss: 0.639089
2026-08-22 00:32: Train Epoch 1: 480/1641 Loss: 0.630279
2026-08-22 00:32: Train Epoch 1: 500/1641 Loss: 0.663956
2026-08-22 00:32: Train Epoch 1: 520/1641 Loss: 0.594012
2026-08-22 00:32: Train Epoch 1: 540/1641 Loss: 0.618805
2026-08-22 00:32: Train Epoch 1: 560/1641 Loss: 0.625114
2026-08-22 00:32: Train Epoch 1: 580/1641 Loss: 0.614862
2026-08-22 00:33: Train Epoch 1: 600/1641 Loss: 0.633617
2026-08-22 00:33: Train Epoch 1: 620/1641 Loss: 0.636823
2026-08-22 00:33: Train Epoch 1: 640/1641 Loss: 0.577552
2026-08-22 00:33: Train Epoch 1: 660/1641 Loss: 0.602389
2026-08-22 00:33: Train Epoch 1: 680/1641 Loss: 0.693623
2026-08-22 00:33: Train Epoch 1: 700/1641 Loss: 0.633338
2026-08-22 00:33: Train Epoch 1: 720/1641 Loss: 0.607838
2026-08-22 00:33: Train Epoch 1: 740/1641 Loss: 0.612528
2026-08-22 00:33: Train Epoch 1: 760/1641 Loss: 0.624692
2026-08-22 00:33: Train Epoch 1: 780/1641 Loss: 0.607715
2026-08-22 00:33: Train Epoch 1: 800/1641 Loss: 0.581285
2026-08-22 00:33: Train Epoch 1: 820/1641 Loss: 0.574276
2026-08-22 00:33: Train Epoch 1: 840/1641 Loss: 0.551113
2026-08-22 00:33: Train Epoch 1: 860/1641 Loss: 0.598920
2026-08-22 00:33: Train Epoch 1: 880/1641 Loss: 0.535627
2026-08-22 00:33: Train Epoch 1: 900/1641 Loss: 0.558150
2026-08-22 00:33: Train Epoch 1: 920/1641 Loss: 0.528680
2026-08-22 00:33: Train Epoch 1: 940/1641 Loss: 0.575464
2026-08-22 00:33: Train Epoch 1: 960/1641 Loss: 0.546157
2026-08-22 00:33: Train Epoch 1: 980/1641 Loss: 0.560803
2026-08-22 00:33: Train Epoch 1: 1000/1641 Loss: 0.572611
2026-08-22 00:34: Train Epoch 1: 1020/1641 Loss: 0.588316
2026-08-22 00:34: Train Epoch 1: 1040/1641 Loss: 0.532810
2026-08-22 00:34: Train Epoch 1: 1060/1641 Loss: 0.546495
2026-08-22 00:34: Train Epoch 1: 1080/1641 Loss: 0.544798
2026-08-22 00:34: Train Epoch 1: 1100/1641 Loss: 0.573637
2026-08-22 00:34: Train Epoch 1: 1120/1641 Loss: 0.538802
2026-08-22 00:34: Train Epoch 1: 1140/1641 Loss: 0.543491
2026-08-22 00:34: Train Epoch 1: 1160/1641 Loss: 0.538334
2026-08-22 00:34: Train Epoch 1: 1180/1641 Loss: 0.544316
2026-08-22 00:34: Train Epoch 1: 1200/1641 Loss: 0.594160
2026-08-22 00:34: Train Epoch 1: 1220/1641 Loss: 0.567892
2026-08-22 00:34: Train Epoch 1: 1240/1641 Loss: 0.578093
2026-08-22 00:34: Train Epoch 1: 1260/1641 Loss: 0.561975
2026-08-22 00:34: Train Epoch 1: 1280/1641 Loss: 0.567727
2026-08-22 00:34: Train Epoch 1: 1300/1641 Loss: 0.533656
2026-08-22 00:34: Train Epoch 1: 1320/1641 Loss: 0.556669
2026-08-22 00:34: Train Epoch 1: 1340/1641 Loss: 0.528914
2026-08-22 00:34: Train Epoch 1: 1360/1641 Loss: 0.567600
2026-08-22 00:34: Train Epoch 1: 1380/1641 Loss: 0.544315
2026-08-22 00:34: Train Epoch 1: 1400/1641 Loss: 0.564605
2026-08-22 00:34: Train Epoch 1: 1420/1641 Loss: 0.519761
2026-08-22 00:34: Train Epoch 1: 1440/1641 Loss: 0.526791
2026-08-22 00:35: Train Epoch 1: 1460/1641 Loss: 0.535015
2026-08-22 00:35: Train Epoch 1: 1480/1641 Loss: 0.554524
2026-08-22 00:35: Train Epoch 1: 1500/1641 Loss: 0.549308
2026-08-22 00:35: Train Epoch 1: 1520/1641 Loss: 0.567084
2026-08-22 00:35: Train Epoch 1: 1540/1641 Loss: 0.507442
2026-08-22 00:35: Train Epoch 1: 1560/1641 Loss: 0.543090
2026-08-22 00:35: Train Epoch 1: 1580/1641 Loss: 0.531560
2026-08-22 00:35: Train Epoch 1: 1600/1641 Loss: 0.529746
2026-08-22 00:35: Train Epoch 1: 1620/1641 Loss: 0.535640
2026-08-22 00:35: Train Epoch 1: 1640/1641 Loss: 0.589528
2026-08-22 00:35: **********Train Epoch 1: averaged Loss: 0.607614, tf_ratio: 1.000000
2026-08-22 00:35: **********Val Epoch 1: average Loss: 0.527294
2026-08-22 00:35: *********************************Current best model saved!
2026-08-22 00:35: Train Epoch 2: 0/1641 Loss: 0.568581
2026-08-22 00:35: Train Epoch 2: 20/1641 Loss: 0.537645
2026-08-22 00:35: Train Epoch 2: 40/1641 Loss: 0.538311
2026-08-22 00:35: Train Epoch 2: 60/1641 Loss: 0.537701
2026-08-22 00:35: Train Epoch 2: 80/1641 Loss: 0.533067
2026-08-22 00:36: Train Epoch 2: 100/1641 Loss: 0.541132
2026-08-22 00:36: Train Epoch 2: 120/1641 Loss: 0.556721
2026-08-22 00:36: Train Epoch 2: 140/1641 Loss: 0.581282
2026-08-22 00:36: Train Epoch 2: 160/1641 Loss: 0.505885
2026-08-22 00:36: Train Epoch 2: 180/1641 Loss: 0.514405
2026-08-22 00:36: Train Epoch 2: 200/1641 Loss: 0.558360
2026-08-22 00:36: Train Epoch 2: 220/1641 Loss: 0.529023
2026-08-22 00:36: Train Epoch 2: 240/1641 Loss: 0.546573
2026-08-22 00:36: Train Epoch 2: 260/1641 Loss: 0.542395
2026-08-22 00:36: Train Epoch 2: 280/1641 Loss: 0.597614
2026-08-22 00:36: Train Epoch 2: 300/1641 Loss: 0.543512
2026-08-22 00:36: Train Epoch 2: 320/1641 Loss: 0.581357
2026-08-22 00:36: Train Epoch 2: 340/1641 Loss: 0.546769
2026-08-22 00:36: Train Epoch 2: 360/1641 Loss: 0.525369
2026-08-22 00:36: Train Epoch 2: 380/1641 Loss: 0.563592
2026-08-22 00:36: Train Epoch 2: 400/1641 Loss: 0.510582
2026-08-22 00:36: Train Epoch 2: 420/1641 Loss: 0.548860
2026-08-22 00:36: Train Epoch 2: 440/1641 Loss: 0.558940
2026-08-22 00:36: Train Epoch 2: 460/1641 Loss: 0.530956
2026-08-22 00:36: Train Epoch 2: 480/1641 Loss: 0.546186
2026-08-22 00:36: Train Epoch 2: 500/1641 Loss: 0.534928
2026-08-22 00:37: Train Epoch 2: 520/1641 Loss: 0.526769
2026-08-22 00:37: Train Epoch 2: 540/1641 Loss: 0.532198
2026-08-22 00:37: Train Epoch 2: 560/1641 Loss: 0.513521
2026-08-22 00:37: Train Epoch 2: 580/1641 Loss: 0.552711
2026-08-22 00:37: Train Epoch 2: 600/1641 Loss: 0.536929
2026-08-22 00:37: Train Epoch 2: 620/1641 Loss: 0.605653
2026-08-22 00:37: Train Epoch 2: 640/1641 Loss: 0.549589
2026-08-22 00:37: Train Epoch 2: 660/1641 Loss: 0.549600
2026-08-22 00:37: Train Epoch 2: 680/1641 Loss: 0.524877
2026-08-22 00:37: Train Epoch 2: 700/1641 Loss: 0.526890
2026-08-22 00:37: Train Epoch 2: 720/1641 Loss: 0.552071
2026-08-22 00:37: Train Epoch 2: 740/1641 Loss: 0.525281
2026-08-22 00:37: Train Epoch 2: 760/1641 Loss: 0.596966
2026-08-22 00:37: Train Epoch 2: 780/1641 Loss: 0.547004
2026-08-22 00:37: Train Epoch 2: 800/1641 Loss: 0.546406
2026-08-22 00:37: Train Epoch 2: 820/1641 Loss: 0.527507
2026-08-22 00:37: Train Epoch 2: 840/1641 Loss: 0.549529
2026-08-22 00:37: Train Epoch 2: 860/1641 Loss: 0.551286
2026-08-22 00:37: Train Epoch 2: 880/1641 Loss: 0.572804
2026-08-22 00:37: Train Epoch 2: 900/1641 Loss: 0.514763
2026-08-22 00:37: Train Epoch 2: 920/1641 Loss: 0.591190
2026-08-22 00:38: Train Epoch 2: 940/1641 Loss: 0.550699
2026-08-22 00:38: Train Epoch 2: 960/1641 Loss: 0.532664
2026-08-22 00:38: Train Epoch 2: 980/1641 Loss: 0.527938
2026-08-22 00:38: Train Epoch 2: 1000/1641 Loss: 0.544852
2026-08-22 00:38: Train Epoch 2: 1020/1641 Loss: 0.501465
2026-08-22 00:38: Train Epoch 2: 1040/1641 Loss: 0.530821
2026-08-22 00:38: Train Epoch 2: 1060/1641 Loss: 0.554615
2026-08-22 00:38: Train Epoch 2: 1080/1641 Loss: 0.549050
2026-08-22 00:38: Train Epoch 2: 1100/1641 Loss: 0.529737
2026-08-22 00:38: Train Epoch 2: 1120/1641 Loss: 0.544878
2026-08-22 00:38: Train Epoch 2: 1140/1641 Loss: 0.517577
2026-08-22 00:38: Train Epoch 2: 1160/1641 Loss: 0.489429
2026-08-22 00:38: Train Epoch 2: 1180/1641 Loss: 0.529719
2026-08-22 00:38: Train Epoch 2: 1200/1641 Loss: 0.555363
2026-08-22 00:38: Train Epoch 2: 1220/1641 Loss: 0.534590
2026-08-22 00:38: Train Epoch 2: 1240/1641 Loss: 0.533544
2026-08-22 00:38: Train Epoch 2: 1260/1641 Loss: 0.511144
2026-08-22 00:38: Train Epoch 2: 1280/1641 Loss: 0.598661
2026-08-22 00:38: Train Epoch 2: 1300/1641 Loss: 0.492838
2026-08-22 00:38: Train Epoch 2: 1320/1641 Loss: 0.560219
2026-08-22 00:38: Train Epoch 2: 1340/1641 Loss: 0.515440
2026-08-22 00:38: Train Epoch 2: 1360/1641 Loss: 0.534541
2026-08-22 00:39: Train Epoch 2: 1380/1641 Loss: 0.526045
2026-08-22 00:39: Train Epoch 2: 1400/1641 Loss: 0.553241
2026-08-22 00:39: Train Epoch 2: 1420/1641 Loss: 0.516042
2026-08-22 00:39: Train Epoch 2: 1440/1641 Loss: 0.555048
2026-08-22 00:39: Train Epoch 2: 1460/1641 Loss: 0.539146
2026-08-22 00:39: Train Epoch 2: 1480/1641 Loss: 0.555692
2026-08-22 00:39: Train Epoch 2: 1500/1641 Loss: 0.520968
2026-08-22 00:39: Train Epoch 2: 1520/1641 Loss: 0.533827
2026-08-22 00:39: Train Epoch 2: 1540/1641 Loss: 0.519000
2026-08-22 00:39: Train Epoch 2: 1560/1641 Loss: 0.500260
2026-08-22 00:39: Train Epoch 2: 1580/1641 Loss: 0.537329
2026-08-22 00:39: Train Epoch 2: 1600/1641 Loss: 0.505835
2026-08-22 00:39: Train Epoch 2: 1620/1641 Loss: 0.520442
2026-08-22 00:39: Train Epoch 2: 1640/1641 Loss: 0.531469
2026-08-22 00:39: **********Train Epoch 2: averaged Loss: 0.539033, tf_ratio: 1.000000
2026-08-22 00:40: **********Val Epoch 2: average Loss: 0.517417
2026-08-22 00:40: *********************************Current best model saved!
2026-08-22 00:40: Train Epoch 3: 0/1641 Loss: 0.512428
2026-08-22 00:40: Train Epoch 3: 20/1641 Loss: 0.498313
2026-08-22 00:40: Train Epoch 3: 40/1641 Loss: 0.532771
2026-08-22 00:40: Train Epoch 3: 60/1641 Loss: 0.514987
2026-08-22 00:40: Train Epoch 3: 80/1641 Loss: 0.536038
2026-08-22 00:40: Train Epoch 3: 100/1641 Loss: 0.567112
2026-08-22 00:40: Train Epoch 3: 120/1641 Loss: 0.512636
2026-08-22 00:40: Train Epoch 3: 140/1641 Loss: 0.514917
2026-08-22 00:40: Train Epoch 3: 160/1641 Loss: 0.545950
2026-08-22 00:40: Train Epoch 3: 180/1641 Loss: 0.532393
2026-08-22 00:40: Train Epoch 3: 200/1641 Loss: 0.541742
2026-08-22 00:40: Train Epoch 3: 220/1641 Loss: 0.549706
2026-08-22 00:40: Train Epoch 3: 240/1641 Loss: 0.511437
2026-08-22 00:40: Train Epoch 3: 260/1641 Loss: 0.529354
2026-08-22 00:40: Train Epoch 3: 280/1641 Loss: 0.480855
2026-08-22 00:40: Train Epoch 3: 300/1641 Loss: 0.527863
2026-08-22 00:40: Train Epoch 3: 320/1641 Loss: 0.539103
2026-08-22 00:40: Train Epoch 3: 340/1641 Loss: 0.581882
2026-08-22 00:40: Train Epoch 3: 360/1641 Loss: 0.510991
2026-08-22 00:40: Train Epoch 3: 380/1641 Loss: 0.515049
2026-08-22 00:40: Train Epoch 3: 400/1641 Loss: 0.550519
2026-08-22 00:41: Train Epoch 3: 420/1641 Loss: 0.517180
2026-08-22 00:41: Train Epoch 3: 440/1641 Loss: 0.499555
2026-08-22 00:41: Train Epoch 3: 460/1641 Loss: 0.540027
2026-08-22 00:41: Train Epoch 3: 480/1641 Loss: 0.524470
2026-08-22 00:41: Train Epoch 3: 500/1641 Loss: 0.522226
2026-08-22 00:41: Train Epoch 3: 520/1641 Loss: 0.515876
2026-08-22 00:41: Train Epoch 3: 540/1641 Loss: 0.572764
2026-08-22 00:41: Train Epoch 3: 560/1641 Loss: 0.524766
2026-08-22 00:41: Train Epoch 3: 580/1641 Loss: 0.545314
2026-08-22 00:41: Train Epoch 3: 600/1641 Loss: 0.517363
2026-08-22 00:41: Train Epoch 3: 620/1641 Loss: 0.550755
2026-08-22 00:41: Train Epoch 3: 640/1641 Loss: 0.527946
2026-08-22 00:41: Train Epoch 3: 660/1641 Loss: 0.525659
2026-08-22 00:41: Train Epoch 3: 680/1641 Loss: 0.525192
2026-08-22 00:41: Train Epoch 3: 700/1641 Loss: 0.526140
2026-08-22 00:41: Train Epoch 3: 720/1641 Loss: 0.568976
2026-08-22 00:41: Train Epoch 3: 740/1641 Loss: 0.545154
2026-08-22 00:41: Train Epoch 3: 760/1641 Loss: 0.572849
2026-08-22 00:41: Train Epoch 3: 780/1641 Loss: 0.532299
2026-08-22 00:41: Train Epoch 3: 800/1641 Loss: 0.539135
2026-08-22 00:41: Train Epoch 3: 820/1641 Loss: 0.582559
2026-08-22 00:41: Train Epoch 3: 840/1641 Loss: 0.527948
2026-08-22 00:42: Train Epoch 3: 860/1641 Loss: 0.556573
2026-08-22 00:42: Train Epoch 3: 880/1641 Loss: 0.517107
2026-08-22 00:42: Train Epoch 3: 900/1641 Loss: 0.564164
2026-08-22 00:42: Train Epoch 3: 920/1641 Loss: 0.531604
2026-08-22 00:42: Train Epoch 3: 940/1641 Loss: 0.509263
2026-08-22 00:42: Train Epoch 3: 960/1641 Loss: 0.495853
2026-08-22 00:42: Train Epoch 3: 980/1641 Loss: 0.526564
2026-08-22 00:42: Train Epoch 3: 1000/1641 Loss: 0.538807
2026-08-22 00:42: Train Epoch 3: 1020/1641 Loss: 0.521155
2026-08-22 00:42: Train Epoch 3: 1040/1641 Loss: 0.581526
2026-08-22 00:42: Train Epoch 3: 1060/1641 Loss: 0.534559
2026-08-22 00:42: Train Epoch 3: 1080/1641 Loss: 0.499761
2026-08-22 00:42: Train Epoch 3: 1100/1641 Loss: 0.521957
2026-08-22 00:42: Train Epoch 3: 1120/1641 Loss: 0.532020
2026-08-22 00:42: Train Epoch 3: 1140/1641 Loss: 0.546048
2026-08-22 00:42: Train Epoch 3: 1160/1641 Loss: 0.531729
2026-08-22 00:42: Train Epoch 3: 1180/1641 Loss: 0.524127
2026-08-22 00:42: Train Epoch 3: 1200/1641 Loss: 0.550134
2026-08-22 00:42: Train Epoch 3: 1220/1641 Loss: 0.534250
2026-08-22 00:42: Train Epoch 3: 1240/1641 Loss: 0.558913
2026-08-22 00:42: Train Epoch 3: 1260/1641 Loss: 0.506928
2026-08-22 00:43: Train Epoch 3: 1280/1641 Loss: 0.528816
2026-08-22 00:43: Train Epoch 3: 1300/1641 Loss: 0.566028
2026-08-22 00:43: Train Epoch 3: 1320/1641 Loss: 0.520095
2026-08-22 00:43: Train Epoch 3: 1340/1641 Loss: 0.521433
2026-08-22 00:43: Train Epoch 3: 1360/1641 Loss: 0.535132
2026-08-22 00:43: Train Epoch 3: 1380/1641 Loss: 0.557222
2026-08-22 00:43: Train Epoch 3: 1400/1641 Loss: 0.531625
2026-08-22 00:43: Train Epoch 3: 1420/1641 Loss: 0.558405
2026-08-22 00:43: Train Epoch 3: 1440/1641 Loss: 0.530472
2026-08-22 00:43: Train Epoch 3: 1460/1641 Loss: 0.532834
2026-08-22 00:43: Train Epoch 3: 1480/1641 Loss: 0.524602
2026-08-22 00:43: Train Epoch 3: 1500/1641 Loss: 0.520329
2026-08-22 00:43: Train Epoch 3: 1520/1641 Loss: 0.519148
2026-08-22 00:43: Train Epoch 3: 1540/1641 Loss: 0.513241
2026-08-22 00:43: Train Epoch 3: 1560/1641 Loss: 0.537268
2026-08-22 00:43: Train Epoch 3: 1580/1641 Loss: 0.511732
2026-08-22 00:43: Train Epoch 3: 1600/1641 Loss: 0.536376
2026-08-22 00:43: Train Epoch 3: 1620/1641 Loss: 0.536558
2026-08-22 00:43: Train Epoch 3: 1640/1641 Loss: 0.548293
2026-08-22 00:43: **********Train Epoch 3: averaged Loss: 0.529840, tf_ratio: 1.000000
2026-08-22 00:44: **********Val Epoch 3: average Loss: 0.512113
2026-08-22 00:44: *********************************Current best model saved!
2026-08-22 00:44: Train Epoch 4: 0/1641 Loss: 0.486555
2026-08-22 00:44: Train Epoch 4: 20/1641 Loss: 0.494511
2026-08-22 00:44: Train Epoch 4: 40/1641 Loss: 0.508335
2026-08-22 00:44: Train Epoch 4: 60/1641 Loss: 0.535738
2026-08-22 00:44: Train Epoch 4: 80/1641 Loss: 0.508844
2026-08-22 00:44: Train Epoch 4: 100/1641 Loss: 0.529309
2026-08-22 00:44: Train Epoch 4: 120/1641 Loss: 0.528228
2026-08-22 00:44: Train Epoch 4: 140/1641 Loss: 0.520634
2026-08-22 00:44: Train Epoch 4: 160/1641 Loss: 0.549289
2026-08-22 00:44: Train Epoch 4: 180/1641 Loss: 0.538718
2026-08-22 00:44: Train Epoch 4: 200/1641 Loss: 0.533718
2026-08-22 00:44: Train Epoch 4: 220/1641 Loss: 0.533496
2026-08-22 00:44: Train Epoch 4: 240/1641 Loss: 0.541929
2026-08-22 00:44: Train Epoch 4: 260/1641 Loss: 0.510181
2026-08-22 00:44: Train Epoch 4: 280/1641 Loss: 0.528908
2026-08-22 00:44: Train Epoch 4: 300/1641 Loss: 0.533292
2026-08-22 00:44: Train Epoch 4: 320/1641 Loss: 0.549364
2026-08-22 00:45: Train Epoch 4: 340/1641 Loss: 0.517479
2026-08-22 00:45: Train Epoch 4: 360/1641 Loss: 0.495778
2026-08-22 00:45: Train Epoch 4: 380/1641 Loss: 0.496066
2026-08-22 00:45: Train Epoch 4: 400/1641 Loss: 0.493359
2026-08-22 00:45: Train Epoch 4: 420/1641 Loss: 0.498783
2026-08-22 00:45: Train Epoch 4: 440/1641 Loss: 0.527689
2026-08-22 00:45: Train Epoch 4: 460/1641 Loss: 0.533007
2026-08-22 00:45: Train Epoch 4: 480/1641 Loss: 0.524808
2026-08-22 00:45: Train Epoch 4: 500/1641 Loss: 0.506409
2026-08-22 00:45: Train Epoch 4: 520/1641 Loss: 0.526889
2026-08-22 00:45: Train Epoch 4: 540/1641 Loss: 0.503185
2026-08-22 00:45: Train Epoch 4: 560/1641 Loss: 0.533866
2026-08-22 00:45: Train Epoch 4: 580/1641 Loss: 0.527450
2026-08-22 00:45: Train Epoch 4: 600/1641 Loss: 0.514367
2026-08-22 00:45: Train Epoch 4: 620/1641 Loss: 0.513822
2026-08-22 00:45: Train Epoch 4: 640/1641 Loss: 0.533727
2026-08-22 00:45: Train Epoch 4: 660/1641 Loss: 0.525971
2026-08-22 00:45: Train Epoch 4: 680/1641 Loss: 0.513815
2026-08-22 00:45: Train Epoch 4: 700/1641 Loss: 0.504832
2026-08-22 00:45: Train Epoch 4: 720/1641 Loss: 0.574038
2026-08-22 00:45: Train Epoch 4: 740/1641 Loss: 0.511060
2026-08-22 00:46: Train Epoch 4: 760/1641 Loss: 0.516714
2026-08-22 00:46: Train Epoch 4: 780/1641 Loss: 0.569659
2026-08-22 00:46: Train Epoch 4: 800/1641 Loss: 0.527207
2026-08-22 00:46: Train Epoch 4: 820/1641 Loss: 0.559109
2026-08-22 00:46: Train Epoch 4: 840/1641 Loss: 0.526370
2026-08-22 00:46: Train Epoch 4: 860/1641 Loss: 0.533180
2026-08-22 00:46: Train Epoch 4: 880/1641 Loss: 0.533249
2026-08-22 00:46: Train Epoch 4: 900/1641 Loss: 0.541727
2026-08-22 00:46: Train Epoch 4: 920/1641 Loss: 0.497702
2026-08-22 00:46: Train Epoch 4: 940/1641 Loss: 0.551320
2026-08-22 00:46: Train Epoch 4: 960/1641 Loss: 0.530144
2026-08-22 00:46: Train Epoch 4: 980/1641 Loss: 0.586647
2026-08-22 00:46: Train Epoch 4: 1000/1641 Loss: 0.537363
2026-08-22 00:46: Train Epoch 4: 1020/1641 Loss: 0.521028
2026-08-22 00:46: Train Epoch 4: 1040/1641 Loss: 0.541534
2026-08-22 00:46: Train Epoch 4: 1060/1641 Loss: 0.506691
2026-08-22 00:46: Train Epoch 4: 1080/1641 Loss: 0.522565
2026-08-22 00:46: Train Epoch 4: 1100/1641 Loss: 0.500622
2026-08-22 00:46: Train Epoch 4: 1120/1641 Loss: 0.520199
2026-08-22 00:46: Train Epoch 4: 1140/1641 Loss: 0.541824
2026-08-22 00:46: Train Epoch 4: 1160/1641 Loss: 0.519688
2026-08-22 00:47: Train Epoch 4: 1180/1641 Loss: 0.516272
2026-08-22 00:47: Train Epoch 4: 1200/1641 Loss: 0.513419
2026-08-22 00:47: Train Epoch 4: 1220/1641 Loss: 0.503297
2026-08-22 00:47: Train Epoch 4: 1240/1641 Loss: 0.501350
2026-08-22 00:47: Train Epoch 4: 1260/1641 Loss: 0.510892
2026-08-22 00:47: Train Epoch 4: 1280/1641 Loss: 0.528165
2026-08-22 00:47: Train Epoch 4: 1300/1641 Loss: 0.516766
2026-08-22 00:47: Train Epoch 4: 1320/1641 Loss: 0.525179
2026-08-22 00:47: Train Epoch 4: 1340/1641 Loss: 0.478208
2026-08-22 00:47: Train Epoch 4: 1360/1641 Loss: 0.536305
2026-08-22 00:47: Train Epoch 4: 1380/1641 Loss: 0.520456
2026-08-22 00:47: Train Epoch 4: 1400/1641 Loss: 0.525135
2026-08-22 00:47: Train Epoch 4: 1420/1641 Loss: 0.496475
2026-08-22 00:47: Train Epoch 4: 1440/1641 Loss: 0.509949
2026-08-22 00:47: Train Epoch 4: 1460/1641 Loss: 0.508057
2026-08-22 00:47: Train Epoch 4: 1480/1641 Loss: 0.541286
2026-08-22 00:47: Train Epoch 4: 1500/1641 Loss: 0.502516
2026-08-22 00:47: Train Epoch 4: 1520/1641 Loss: 0.517749
2026-08-22 00:47: Train Epoch 4: 1540/1641 Loss: 0.508191
2026-08-22 00:47: Train Epoch 4: 1560/1641 Loss: 0.513783
2026-08-22 00:47: Train Epoch 4: 1580/1641 Loss: 0.507904
2026-08-22 00:47: Train Epoch 4: 1600/1641 Loss: 0.507251
2026-08-22 00:48: Train Epoch 4: 1620/1641 Loss: 0.525676
2026-08-22 00:48: Train Epoch 4: 1640/1641 Loss: 0.491081
2026-08-22 00:48: **********Train Epoch 4: averaged Loss: 0.522428, tf_ratio: 1.000000
2026-08-22 00:48: **********Val Epoch 4: average Loss: 0.508942
2026-08-22 00:48: *********************************Current best model saved!
2026-08-22 00:48: Train Epoch 5: 0/1641 Loss: 0.546105
2026-08-22 00:48: Train Epoch 5: 20/1641 Loss: 0.509512
2026-08-22 00:48: Train Epoch 5: 40/1641 Loss: 0.509835
2026-08-22 00:48: Train Epoch 5: 60/1641 Loss: 0.503841
2026-08-22 00:48: Train Epoch 5: 80/1641 Loss: 0.536568
2026-08-22 00:48: Train Epoch 5: 100/1641 Loss: 0.518214
2026-08-22 00:48: Train Epoch 5: 120/1641 Loss: 0.529335
2026-08-22 00:48: Train Epoch 5: 140/1641 Loss: 0.510855
2026-08-22 00:48: Train Epoch 5: 160/1641 Loss: 0.513503
2026-08-22 00:48: Train Epoch 5: 180/1641 Loss: 0.501325
2026-08-22 00:48: Train Epoch 5: 200/1641 Loss: 0.524978
2026-08-22 00:48: Train Epoch 5: 220/1641 Loss: 0.501013
2026-08-22 00:49: Train Epoch 5: 240/1641 Loss: 0.485287
2026-08-22 00:49: Train Epoch 5: 260/1641 Loss: 0.497269
2026-08-22 00:49: Train Epoch 5: 280/1641 Loss: 0.529269
2026-08-22 00:49: Train Epoch 5: 300/1641 Loss: 0.520257
2026-08-22 00:49: Train Epoch 5: 320/1641 Loss: 0.547043
2026-08-22 00:49: Train Epoch 5: 340/1641 Loss: 0.509527
2026-08-22 00:49: Train Epoch 5: 360/1641 Loss: 0.522025
2026-08-22 00:49: Train Epoch 5: 380/1641 Loss: 0.517000
2026-08-22 00:49: Train Epoch 5: 400/1641 Loss: 0.530976
2026-08-22 00:49: Train Epoch 5: 420/1641 Loss: 0.479523
2026-08-22 00:49: Train Epoch 5: 440/1641 Loss: 0.518210
2026-08-22 00:49: Train Epoch 5: 460/1641 Loss: 0.504007
2026-08-22 00:49: Train Epoch 5: 480/1641 Loss: 0.489234
2026-08-22 00:49: Train Epoch 5: 500/1641 Loss: 0.516986
2026-08-22 00:49: Train Epoch 5: 520/1641 Loss: 0.517935
2026-08-22 00:49: Train Epoch 5: 540/1641 Loss: 0.507659
2026-08-22 00:49: Train Epoch 5: 560/1641 Loss: 0.500729
2026-08-22 00:49: Train Epoch 5: 580/1641 Loss: 0.532229
2026-08-22 00:49: Train Epoch 5: 600/1641 Loss: 0.533601
2026-08-22 00:49: Train Epoch 5: 620/1641 Loss: 0.540124
2026-08-22 00:49: Train Epoch 5: 640/1641 Loss: 0.533837
2026-08-22 00:49: Train Epoch 5: 660/1641 Loss: 0.527897
2026-08-22 00:50: Train Epoch 5: 680/1641 Loss: 0.542417
2026-08-22 00:50: Train Epoch 5: 700/1641 Loss: 0.506818
2026-08-22 00:50: Train Epoch 5: 720/1641 Loss: 0.491522
2026-08-22 00:50: Train Epoch 5: 740/1641 Loss: 0.531559
2026-08-22 00:50: Train Epoch 5: 760/1641 Loss: 0.517189
2026-08-22 00:50: Train Epoch 5: 780/1641 Loss: 0.536381
2026-08-22 00:50: Train Epoch 5: 800/1641 Loss: 0.507364
2026-08-22 00:50: Train Epoch 5: 820/1641 Loss: 0.475820
2026-08-22 00:50: Train Epoch 5: 840/1641 Loss: 0.529039
2026-08-22 00:50: Train Epoch 5: 860/1641 Loss: 0.547590
2026-08-22 00:50: Train Epoch 5: 880/1641 Loss: 0.481810
2026-08-22 00:50: Train Epoch 5: 900/1641 Loss: 0.508113
2026-08-22 00:50: Train Epoch 5: 920/1641 Loss: 0.505366
2026-08-22 00:50: Train Epoch 5: 940/1641 Loss: 0.506576
2026-08-22 00:50: Train Epoch 5: 960/1641 Loss: 0.535710
2026-08-22 00:50: Train Epoch 5: 980/1641 Loss: 0.509595
2026-08-22 00:50: Train Epoch 5: 1000/1641 Loss: 0.484184
2026-08-22 00:50: Train Epoch 5: 1020/1641 Loss: 0.499621
2026-08-22 00:50: Train Epoch 5: 1040/1641 Loss: 0.541527
2026-08-22 00:50: Train Epoch 5: 1060/1641 Loss: 0.523198
2026-08-22 00:50: Train Epoch 5: 1080/1641 Loss: 0.521129
2026-08-22 00:51: Train Epoch 5: 1100/1641 Loss: 0.535677
2026-08-22 00:51: Train Epoch 5: 1120/1641 Loss: 0.489982
2026-08-22 00:51: Train Epoch 5: 1140/1641 Loss: 0.500314
2026-08-22 00:51: Train Epoch 5: 1160/1641 Loss: 0.507231
2026-08-22 00:51: Train Epoch 5: 1180/1641 Loss: 0.550119
2026-08-22 00:51: Train Epoch 5: 1200/1641 Loss: 0.513142
2026-08-22 00:51: Train Epoch 5: 1220/1641 Loss: 0.520467
2026-08-22 00:51: Train Epoch 5: 1240/1641 Loss: 0.546395
2026-08-22 00:51: Train Epoch 5: 1260/1641 Loss: 0.535644
2026-08-22 00:51: Train Epoch 5: 1280/1641 Loss: 0.502489
2026-08-22 00:51: Train Epoch 5: 1300/1641 Loss: 0.496763
2026-08-22 00:51: Train Epoch 5: 1320/1641 Loss: 0.532760
2026-08-22 00:51: Train Epoch 5: 1340/1641 Loss: 0.492383
2026-08-22 00:51: Train Epoch 5: 1360/1641 Loss: 0.535961
2026-08-22 00:51: Train Epoch 5: 1380/1641 Loss: 0.534527
2026-08-22 00:51: Train Epoch 5: 1400/1641 Loss: 0.512585
2026-08-22 00:51: Train Epoch 5: 1420/1641 Loss: 0.503924
2026-08-22 00:51: Train Epoch 5: 1440/1641 Loss: 0.485294
2026-08-22 00:51: Train Epoch 5: 1460/1641 Loss: 0.521048
2026-08-22 00:51: Train Epoch 5: 1480/1641 Loss: 0.524139
2026-08-22 00:51: Train Epoch 5: 1500/1641 Loss: 0.504078
2026-08-22 00:52: Train Epoch 5: 1520/1641 Loss: 0.538955
2026-08-22 00:52: Train Epoch 5: 1540/1641 Loss: 0.540501
2026-08-22 00:52: Train Epoch 5: 1560/1641 Loss: 0.509800
2026-08-22 00:52: Train Epoch 5: 1580/1641 Loss: 0.487919
2026-08-22 00:52: Train Epoch 5: 1600/1641 Loss: 0.501156
2026-08-22 00:52: Train Epoch 5: 1620/1641 Loss: 0.517275
2026-08-22 00:52: Train Epoch 5: 1640/1641 Loss: 0.538713
2026-08-22 00:52: **********Train Epoch 5: averaged Loss: 0.516212, tf_ratio: 1.000000
2026-08-22 00:52: **********Val Epoch 5: average Loss: 0.506914
2026-08-22 00:52: *********************************Current best model saved!
2026-08-22 00:52: Train Epoch 6: 0/1641 Loss: 0.508364
2026-08-22 00:52: Train Epoch 6: 20/1641 Loss: 0.517109
2026-08-22 00:52: Train Epoch 6: 40/1641 Loss: 0.493809
2026-08-22 00:52: Train Epoch 6: 60/1641 Loss: 0.501588
2026-08-22 00:52: Train Epoch 6: 80/1641 Loss: 0.516662
2026-08-22 00:52: Train Epoch 6: 100/1641 Loss: 0.522309
2026-08-22 00:52: Train Epoch 6: 120/1641 Loss: 0.501278
2026-08-22 00:53: Train Epoch 6: 140/1641 Loss: 0.494891
2026-08-22 00:53: Train Epoch 6: 160/1641 Loss: 0.530341
2026-08-22 00:53: Train Epoch 6: 180/1641 Loss: 0.527618
2026-08-22 00:53: Train Epoch 6: 200/1641 Loss: 0.519047
2026-08-22 00:53: Train Epoch 6: 220/1641 Loss: 0.549850
2026-08-22 00:53: Train Epoch 6: 240/1641 Loss: 0.510766
2026-08-22 00:53: Train Epoch 6: 260/1641 Loss: 0.531175
2026-08-22 00:53: Train Epoch 6: 280/1641 Loss: 0.509571
2026-08-22 00:53: Train Epoch 6: 300/1641 Loss: 0.521189
2026-08-22 00:53: Train Epoch 6: 320/1641 Loss: 0.508174
2026-08-22 00:53: Train Epoch 6: 340/1641 Loss: 0.475642
2026-08-22 00:53: Train Epoch 6: 360/1641 Loss: 0.527177
2026-08-22 00:53: Train Epoch 6: 380/1641 Loss: 0.500466
2026-08-22 00:53: Train Epoch 6: 400/1641 Loss: 0.494424
2026-08-22 00:53: Train Epoch 6: 420/1641 Loss: 0.518630
2026-08-22 00:53: Train Epoch 6: 440/1641 Loss: 0.476464
2026-08-22 00:53: Train Epoch 6: 460/1641 Loss: 0.478084
2026-08-22 00:53: Train Epoch 6: 480/1641 Loss: 0.499411
2026-08-22 00:53: Train Epoch 6: 500/1641 Loss: 0.475677
2026-08-22 00:53: Train Epoch 6: 520/1641 Loss: 0.510759
2026-08-22 00:53: Train Epoch 6: 540/1641 Loss: 0.470233
2026-08-22 00:53: Train Epoch 6: 560/1641 Loss: 0.509601
2026-08-22 00:54: Train Epoch 6: 580/1641 Loss: 0.524004
2026-08-22 00:54: Train Epoch 6: 600/1641 Loss: 0.522667
2026-08-22 00:54: Train Epoch 6: 620/1641 Loss: 0.528777
2026-08-22 00:54: Train Epoch 6: 640/1641 Loss: 0.498578
2026-08-22 00:54: Train Epoch 6: 660/1641 Loss: 0.497949
2026-08-22 00:54: Train Epoch 6: 680/1641 Loss: 0.517716
2026-08-22 00:54: Train Epoch 6: 700/1641 Loss: 0.521698
2026-08-22 00:54: Train Epoch 6: 720/1641 Loss: 0.473932
2026-08-22 00:54: Train Epoch 6: 740/1641 Loss: 0.507588
2026-08-22 00:54: Train Epoch 6: 760/1641 Loss: 0.496151
2026-08-22 00:54: Train Epoch 6: 780/1641 Loss: 0.515284
2026-08-22 00:54: Train Epoch 6: 800/1641 Loss: 0.492480
2026-08-22 00:54: Train Epoch 6: 820/1641 Loss: 0.522293
2026-08-22 00:54: Train Epoch 6: 840/1641 Loss: 0.503603
2026-08-22 00:54: Train Epoch 6: 860/1641 Loss: 0.535623
2026-08-22 00:54: Train Epoch 6: 880/1641 Loss: 0.505872
2026-08-22 00:54: Train Epoch 6: 900/1641 Loss: 0.498099
2026-08-22 00:54: Train Epoch 6: 920/1641 Loss: 0.556539
2026-08-22 00:54: Train Epoch 6: 940/1641 Loss: 0.497243
2026-08-22 00:54: Train Epoch 6: 960/1641 Loss: 0.549453
2026-08-22 00:54: Train Epoch 6: 980/1641 Loss: 0.525973
2026-08-22 00:55: Train Epoch 6: 1000/1641 Loss: 0.489866
2026-08-22 00:55: Train Epoch 6: 1020/1641 Loss: 0.543374
2026-08-22 00:55: Train Epoch 6: 1040/1641 Loss: 0.508368
2026-08-22 00:55: Train Epoch 6: 1060/1641 Loss: 0.529391
2026-08-22 00:55: Train Epoch 6: 1080/1641 Loss: 0.491472
2026-08-22 00:55: Train Epoch 6: 1100/1641 Loss: 0.528547
2026-08-22 00:55: Train Epoch 6: 1120/1641 Loss: 0.492735
2026-08-22 00:55: Train Epoch 6: 1140/1641 Loss: 0.498744
2026-08-22 00:55: Train Epoch 6: 1160/1641 Loss: 0.522098
2026-08-22 00:55: Train Epoch 6: 1180/1641 Loss: 0.528762
2026-08-22 00:55: Train Epoch 6: 1200/1641 Loss: 0.513428
2026-08-22 00:55: Train Epoch 6: 1220/1641 Loss: 0.495174
2026-08-22 00:55: Train Epoch 6: 1240/1641 Loss: 0.512481
2026-08-22 00:55: Train Epoch 6: 1260/1641 Loss: 0.469186
2026-08-22 00:55: Train Epoch 6: 1280/1641 Loss: 0.496238
2026-08-22 00:55: Train Epoch 6: 1300/1641 Loss: 0.519548
2026-08-22 00:55: Train Epoch 6: 1320/1641 Loss: 0.533427
2026-08-22 00:55: Train Epoch 6: 1340/1641 Loss: 0.501941
2026-08-22 00:55: Train Epoch 6: 1360/1641 Loss: 0.497867
2026-08-22 00:55: Train Epoch 6: 1380/1641 Loss: 0.525564
2026-08-22 00:55: Train Epoch 6: 1400/1641 Loss: 0.480585
2026-08-22 00:55: Train Epoch 6: 1420/1641 Loss: 0.527487
2026-08-22 00:56: Train Epoch 6: 1440/1641 Loss: 0.505330
2026-08-22 00:56: Train Epoch 6: 1460/1641 Loss: 0.514015
2026-08-22 00:56: Train Epoch 6: 1480/1641 Loss: 0.481633
2026-08-22 00:56: Train Epoch 6: 1500/1641 Loss: 0.490938
2026-08-22 00:56: Train Epoch 6: 1520/1641 Loss: 0.527519
2026-08-22 00:56: Train Epoch 6: 1540/1641 Loss: 0.495203
2026-08-22 00:56: Train Epoch 6: 1560/1641 Loss: 0.512860
2026-08-22 00:56: Train Epoch 6: 1580/1641 Loss: 0.489269
2026-08-22 00:56: Train Epoch 6: 1600/1641 Loss: 0.549764
2026-08-22 00:56: Train Epoch 6: 1620/1641 Loss: 0.527284
2026-08-22 00:56: Train Epoch 6: 1640/1641 Loss: 0.491789
2026-08-22 00:56: **********Train Epoch 6: averaged Loss: 0.510600, tf_ratio: 1.000000
2026-08-22 00:56: **********Val Epoch 6: average Loss: 0.505884
2026-08-22 00:56: *********************************Current best model saved!
2026-08-22 00:56: Train Epoch 7: 0/1641 Loss: 0.530821
2026-08-22 00:56: Train Epoch 7: 20/1641 Loss: 0.495434
2026-08-22 00:56: Train Epoch 7: 40/1641 Loss: 0.493409
2026-08-22 00:56: Train Epoch 7: 60/1641 Loss: 0.505392
2026-08-22 00:57: Train Epoch 7: 80/1641 Loss: 0.501309
2026-08-22 00:57: Train Epoch 7: 100/1641 Loss: 0.489900
2026-08-22 00:57: Train Epoch 7: 120/1641 Loss: 0.509709
2026-08-22 00:57: Train Epoch 7: 140/1641 Loss: 0.482597
2026-08-22 00:57: Train Epoch 7: 160/1641 Loss: 0.489251
2026-08-22 00:57: Train Epoch 7: 180/1641 Loss: 0.535264
2026-08-22 00:57: Train Epoch 7: 200/1641 Loss: 0.535831
2026-08-22 00:57: Train Epoch 7: 220/1641 Loss: 0.506031
2026-08-22 00:57: Train Epoch 7: 240/1641 Loss: 0.512314
2026-08-22 00:57: Train Epoch 7: 260/1641 Loss: 0.521539
2026-08-22 00:57: Train Epoch 7: 280/1641 Loss: 0.513663
2026-08-22 00:57: Train Epoch 7: 300/1641 Loss: 0.494168
2026-08-22 00:57: Train Epoch 7: 320/1641 Loss: 0.515852
2026-08-22 00:57: Train Epoch 7: 340/1641 Loss: 0.525213
2026-08-22 00:57: Train Epoch 7: 360/1641 Loss: 0.512619
2026-08-22 00:57: Train Epoch 7: 380/1641 Loss: 0.501011
2026-08-22 00:57: Train Epoch 7: 400/1641 Loss: 0.497517
2026-08-22 00:57: Train Epoch 7: 420/1641 Loss: 0.485549
2026-08-22 00:57: Train Epoch 7: 440/1641 Loss: 0.543308
2026-08-22 00:57: Train Epoch 7: 460/1641 Loss: 0.499716
2026-08-22 00:57: Train Epoch 7: 480/1641 Loss: 0.510068
2026-08-22 00:57: Train Epoch 7: 500/1641 Loss: 0.488570
2026-08-22 00:58: Train Epoch 7: 520/1641 Loss: 0.500615
2026-08-22 00:58: Train Epoch 7: 540/1641 Loss: 0.491231
2026-08-22 00:58: Train Epoch 7: 560/1641 Loss: 0.504579
2026-08-22 00:58: Train Epoch 7: 580/1641 Loss: 0.505861
2026-08-22 00:58: Train Epoch 7: 600/1641 Loss: 0.529707
2026-08-22 00:58: Train Epoch 7: 620/1641 Loss: 0.519697
2026-08-22 00:58: Train Epoch 7: 640/1641 Loss: 0.478303
2026-08-22 00:58: Train Epoch 7: 660/1641 Loss: 0.519054
2026-08-22 00:58: Train Epoch 7: 680/1641 Loss: 0.512310
2026-08-22 00:58: Train Epoch 7: 700/1641 Loss: 0.489132
2026-08-22 00:58: Train Epoch 7: 720/1641 Loss: 0.493420
2026-08-22 00:58: Train Epoch 7: 740/1641 Loss: 0.509485
2026-08-22 00:58: Train Epoch 7: 760/1641 Loss: 0.514519
2026-08-22 00:58: Train Epoch 7: 780/1641 Loss: 0.500784
2026-08-22 00:58: Train Epoch 7: 800/1641 Loss: 0.498744
2026-08-22 00:58: Train Epoch 7: 820/1641 Loss: 0.558226
2026-08-22 00:58: Train Epoch 7: 840/1641 Loss: 0.494015
2026-08-22 00:58: Train Epoch 7: 860/1641 Loss: 0.547189
2026-08-22 00:58: Train Epoch 7: 880/1641 Loss: 0.492272
2026-08-22 00:58: Train Epoch 7: 900/1641 Loss: 0.483997
2026-08-22 00:58: Train Epoch 7: 920/1641 Loss: 0.501785
2026-08-22 00:58: Train Epoch 7: 940/1641 Loss: 0.469052
2026-08-22 00:59: Train Epoch 7: 960/1641 Loss: 0.552098
2026-08-22 00:59: Train Epoch 7: 980/1641 Loss: 0.489534
2026-08-22 00:59: Train Epoch 7: 1000/1641 Loss: 0.472879
2026-08-22 00:59: Train Epoch 7: 1020/1641 Loss: 0.534280
2026-08-22 00:59: Train Epoch 7: 1040/1641 Loss: 0.520725
2026-08-22 00:59: Train Epoch 7: 1060/1641 Loss: 0.506131
2026-08-22 00:59: Train Epoch 7: 1080/1641 Loss: 0.520974
2026-08-22 00:59: Train Epoch 7: 1100/1641 Loss: 0.510984
2026-08-22 00:59: Train Epoch 7: 1120/1641 Loss: 0.525251
2026-08-22 00:59: Train Epoch 7: 1140/1641 Loss: 0.508855
2026-08-22 00:59: Train Epoch 7: 1160/1641 Loss: 0.509274
2026-08-22 00:59: Train Epoch 7: 1180/1641 Loss: 0.501225
2026-08-22 00:59: Train Epoch 7: 1200/1641 Loss: 0.499352
2026-08-22 00:59: Train Epoch 7: 1220/1641 Loss: 0.559156
2026-08-22 00:59: Train Epoch 7: 1240/1641 Loss: 0.537081
2026-08-22 00:59: Train Epoch 7: 1260/1641 Loss: 0.482153
2026-08-22 00:59: Train Epoch 7: 1280/1641 Loss: 0.502244
2026-08-22 00:59: Train Epoch 7: 1300/1641 Loss: 0.477609
2026-08-22 00:59: Train Epoch 7: 1320/1641 Loss: 0.480649
2026-08-22 00:59: Train Epoch 7: 1340/1641 Loss: 0.486579
2026-08-22 00:59: Train Epoch 7: 1360/1641 Loss: 0.506095
2026-08-22 00:59: Train Epoch 7: 1380/1641 Loss: 0.491783
2026-08-22 01:00: Train Epoch 7: 1400/1641 Loss: 0.486045
2026-08-22 01:00: Train Epoch 7: 1420/1641 Loss: 0.487049
2026-08-22 01:00: Train Epoch 7: 1440/1641 Loss: 0.487457
2026-08-22 01:00: Train Epoch 7: 1460/1641 Loss: 0.462666
2026-08-22 01:00: Train Epoch 7: 1480/1641 Loss: 0.507524
2026-08-22 01:00: Train Epoch 7: 1500/1641 Loss: 0.494853
2026-08-22 01:00: Train Epoch 7: 1520/1641 Loss: 0.497480
2026-08-22 01:00: Train Epoch 7: 1540/1641 Loss: 0.513967
2026-08-22 01:00: Train Epoch 7: 1560/1641 Loss: 0.499271
2026-08-22 01:00: Train Epoch 7: 1580/1641 Loss: 0.490376
2026-08-22 01:00: Train Epoch 7: 1600/1641 Loss: 0.510207
2026-08-22 01:00: Train Epoch 7: 1620/1641 Loss: 0.511565
2026-08-22 01:00: Train Epoch 7: 1640/1641 Loss: 0.504948
2026-08-22 01:00: **********Train Epoch 7: averaged Loss: 0.504730, tf_ratio: 1.000000
2026-08-22 01:00: **********Val Epoch 7: average Loss: 0.510460
2026-08-22 01:00: Train Epoch 8: 0/1641 Loss: 0.482493
2026-08-22 01:01: Train Epoch 8: 20/1641 Loss: 0.537620
2026-08-22 01:01: Train Epoch 8: 40/1641 Loss: 0.490925
2026-08-22 01:01: Train Epoch 8: 60/1641 Loss: 0.498425
2026-08-22 01:01: Train Epoch 8: 80/1641 Loss: 0.515085
2026-08-22 01:01: Train Epoch 8: 100/1641 Loss: 0.482961
2026-08-22 01:01: Train Epoch 8: 120/1641 Loss: 0.536224
2026-08-22 01:01: Train Epoch 8: 140/1641 Loss: 0.481780
2026-08-22 01:01: Train Epoch 8: 160/1641 Loss: 0.506027
2026-08-22 01:01: Train Epoch 8: 180/1641 Loss: 0.540919
2026-08-22 01:01: Train Epoch 8: 200/1641 Loss: 0.494798
2026-08-22 01:01: Train Epoch 8: 220/1641 Loss: 0.509882
2026-08-22 01:01: Train Epoch 8: 240/1641 Loss: 0.503102
2026-08-22 01:01: Train Epoch 8: 260/1641 Loss: 0.548643
2026-08-22 01:01: Train Epoch 8: 280/1641 Loss: 0.469247
2026-08-22 01:01: Train Epoch 8: 300/1641 Loss: 0.480823
2026-08-22 01:01: Train Epoch 8: 320/1641 Loss: 0.501809
2026-08-22 01:01: Train Epoch 8: 340/1641 Loss: 0.499131
2026-08-22 01:01: Train Epoch 8: 360/1641 Loss: 0.500527
2026-08-22 01:01: Train Epoch 8: 380/1641 Loss: 0.509025
2026-08-22 01:01: Train Epoch 8: 400/1641 Loss: 0.495926
2026-08-22 01:01: Train Epoch 8: 420/1641 Loss: 0.499875
2026-08-22 01:01: Train Epoch 8: 440/1641 Loss: 0.493097
2026-08-22 01:02: Train Epoch 8: 460/1641 Loss: 0.498193
2026-08-22 01:02: Train Epoch 8: 480/1641 Loss: 0.498793
2026-08-22 01:02: Train Epoch 8: 500/1641 Loss: 0.511676
2026-08-22 01:02: Train Epoch 8: 520/1641 Loss: 0.500236
2026-08-22 01:02: Train Epoch 8: 540/1641 Loss: 0.524477
2026-08-22 01:02: Train Epoch 8: 560/1641 Loss: 0.449334
2026-08-22 01:02: Train Epoch 8: 580/1641 Loss: 0.473449
2026-08-22 01:02: Train Epoch 8: 600/1641 Loss: 0.514574
2026-08-22 01:02: Train Epoch 8: 620/1641 Loss: 0.474803
2026-08-22 01:02: Train Epoch 8: 640/1641 Loss: 0.509396
2026-08-22 01:02: Train Epoch 8: 660/1641 Loss: 0.527003
2026-08-22 01:02: Train Epoch 8: 680/1641 Loss: 0.510943
2026-08-22 01:02: Train Epoch 8: 700/1641 Loss: 0.510020
2026-08-22 01:02: Train Epoch 8: 720/1641 Loss: 0.524362
2026-08-22 01:02: Train Epoch 8: 740/1641 Loss: 0.474172
2026-08-22 01:02: Train Epoch 8: 760/1641 Loss: 0.481409
2026-08-22 01:02: Train Epoch 8: 780/1641 Loss: 0.486122
2026-08-22 01:02: Train Epoch 8: 800/1641 Loss: 0.495418
2026-08-22 01:02: Train Epoch 8: 820/1641 Loss: 0.503286
2026-08-22 01:02: Train Epoch 8: 840/1641 Loss: 0.503315
2026-08-22 01:02: Train Epoch 8: 860/1641 Loss: 0.495276
2026-08-22 01:02: Train Epoch 8: 880/1641 Loss: 0.484871
2026-08-22 01:03: Train Epoch 8: 900/1641 Loss: 0.483268
2026-08-22 01:03: Train Epoch 8: 920/1641 Loss: 0.488163
2026-08-22 01:03: Train Epoch 8: 940/1641 Loss: 0.483071
2026-08-22 01:03: Train Epoch 8: 960/1641 Loss: 0.462656
2026-08-22 01:03: Train Epoch 8: 980/1641 Loss: 0.515881
2026-08-22 01:03: Train Epoch 8: 1000/1641 Loss: 0.486172
2026-08-22 01:03: Train Epoch 8: 1020/1641 Loss: 0.515871
2026-08-22 01:03: Train Epoch 8: 1040/1641 Loss: 0.508090
2026-08-22 01:03: Train Epoch 8: 1060/1641 Loss: 0.500157
2026-08-22 01:03: Train Epoch 8: 1080/1641 Loss: 0.478963
2026-08-22 01:03: Train Epoch 8: 1100/1641 Loss: 0.517110
2026-08-22 01:03: Train Epoch 8: 1120/1641 Loss: 0.458053
2026-08-22 01:03: Train Epoch 8: 1140/1641 Loss: 0.490785
2026-08-22 01:03: Train Epoch 8: 1160/1641 Loss: 0.520469
2026-08-22 01:03: Train Epoch 8: 1180/1641 Loss: 0.476824
2026-08-22 01:03: Train Epoch 8: 1200/1641 Loss: 0.491418
2026-08-22 01:03: Train Epoch 8: 1220/1641 Loss: 0.520994
2026-08-22 01:03: Train Epoch 8: 1240/1641 Loss: 0.514855
2026-08-22 01:03: Train Epoch 8: 1260/1641 Loss: 0.508696
2026-08-22 01:03: Train Epoch 8: 1280/1641 Loss: 0.493288
2026-08-22 01:03: Train Epoch 8: 1300/1641 Loss: 0.503416
2026-08-22 01:03: Train Epoch 8: 1320/1641 Loss: 0.483434
2026-08-22 01:04: Train Epoch 8: 1340/1641 Loss: 0.501053
2026-08-22 01:04: Train Epoch 8: 1360/1641 Loss: 0.483299
2026-08-22 01:04: Train Epoch 8: 1380/1641 Loss: 0.519557
2026-08-22 01:04: Train Epoch 8: 1400/1641 Loss: 0.503274
2026-08-22 01:04: Train Epoch 8: 1420/1641 Loss: 0.498104
2026-08-22 01:04: Train Epoch 8: 1440/1641 Loss: 0.459410
2026-08-22 01:04: Train Epoch 8: 1460/1641 Loss: 0.497690
2026-08-22 01:04: Train Epoch 8: 1480/1641 Loss: 0.496013
2026-08-22 01:04: Train Epoch 8: 1500/1641 Loss: 0.486567
2026-08-22 01:04: Train Epoch 8: 1520/1641 Loss: 0.513756
2026-08-22 01:04: Train Epoch 8: 1540/1641 Loss: 0.501956
2026-08-22 01:04: Train Epoch 8: 1560/1641 Loss: 0.506902
2026-08-22 01:04: Train Epoch 8: 1580/1641 Loss: 0.476649
2026-08-22 01:04: Train Epoch 8: 1600/1641 Loss: 0.494114
2026-08-22 01:04: Train Epoch 8: 1620/1641 Loss: 0.510962
2026-08-22 01:04: Train Epoch 8: 1640/1641 Loss: 0.500251
2026-08-22 01:04: **********Train Epoch 8: averaged Loss: 0.498469, tf_ratio: 1.000000
2026-08-22 01:05: **********Val Epoch 8: average Loss: 0.508236
2026-08-22 01:05: Train Epoch 9: 0/1641 Loss: 0.506566
2026-08-22 01:05: Train Epoch 9: 20/1641 Loss: 0.474134
2026-08-22 01:05: Train Epoch 9: 40/1641 Loss: 0.495195
2026-08-22 01:05: Train Epoch 9: 60/1641 Loss: 0.504359
2026-08-22 01:05: Train Epoch 9: 80/1641 Loss: 0.518557
2026-08-22 01:05: Train Epoch 9: 100/1641 Loss: 0.507528
2026-08-22 01:05: Train Epoch 9: 120/1641 Loss: 0.498764
2026-08-22 01:05: Train Epoch 9: 140/1641 Loss: 0.466837
2026-08-22 01:05: Train Epoch 9: 160/1641 Loss: 0.497930
2026-08-22 01:05: Train Epoch 9: 180/1641 Loss: 0.486169
2026-08-22 01:05: Train Epoch 9: 200/1641 Loss: 0.490030
2026-08-22 01:05: Train Epoch 9: 220/1641 Loss: 0.488358
2026-08-22 01:05: Train Epoch 9: 240/1641 Loss: 0.521562
2026-08-22 01:05: Train Epoch 9: 260/1641 Loss: 0.514329
2026-08-22 01:05: Train Epoch 9: 280/1641 Loss: 0.510741
2026-08-22 01:05: Train Epoch 9: 300/1641 Loss: 0.447747
2026-08-22 01:05: Train Epoch 9: 320/1641 Loss: 0.491595
2026-08-22 01:05: Train Epoch 9: 340/1641 Loss: 0.491845
2026-08-22 01:05: Train Epoch 9: 360/1641 Loss: 0.529110
2026-08-22 01:05: Train Epoch 9: 380/1641 Loss: 0.502676
2026-08-22 01:05: Train Epoch 9: 400/1641 Loss: 0.470843
2026-08-22 01:06: Train Epoch 9: 420/1641 Loss: 0.505164
2026-08-22 01:06: Train Epoch 9: 440/1641 Loss: 0.497458
2026-08-22 01:06: Train Epoch 9: 460/1641 Loss: 0.503788
2026-08-22 01:06: Train Epoch 9: 480/1641 Loss: 0.486263
2026-08-22 01:06: Train Epoch 9: 500/1641 Loss: 0.502310
2026-08-22 01:06: Train Epoch 9: 520/1641 Loss: 0.484916
2026-08-22 01:06: Train Epoch 9: 540/1641 Loss: 0.491402
2026-08-22 01:06: Train Epoch 9: 560/1641 Loss: 0.504207
2026-08-22 01:06: Train Epoch 9: 580/1641 Loss: 0.481218
2026-08-22 01:06: Train Epoch 9: 600/1641 Loss: 0.461013
2026-08-22 01:06: Train Epoch 9: 620/1641 Loss: 0.499586
2026-08-22 01:06: Train Epoch 9: 640/1641 Loss: 0.467231
2026-08-22 01:06: Train Epoch 9: 660/1641 Loss: 0.485368
2026-08-22 01:06: Train Epoch 9: 680/1641 Loss: 0.492670
2026-08-22 01:06: Train Epoch 9: 700/1641 Loss: 0.511230
2026-08-22 01:06: Train Epoch 9: 720/1641 Loss: 0.488571
2026-08-22 01:06: Train Epoch 9: 740/1641 Loss: 0.491526
2026-08-22 01:06: Train Epoch 9: 760/1641 Loss: 0.483299
2026-08-22 01:06: Train Epoch 9: 780/1641 Loss: 0.510469
2026-08-22 01:06: Train Epoch 9: 800/1641 Loss: 0.480291
2026-08-22 01:06: Train Epoch 9: 820/1641 Loss: 0.502155
2026-08-22 01:06: Train Epoch 9: 840/1641 Loss: 0.483147
2026-08-22 01:07: Train Epoch 9: 860/1641 Loss: 0.502276
2026-08-22 01:07: Train Epoch 9: 880/1641 Loss: 0.490741
2026-08-22 01:07: Train Epoch 9: 900/1641 Loss: 0.489360
2026-08-22 01:07: Train Epoch 9: 920/1641 Loss: 0.503369
2026-08-22 01:07: Train Epoch 9: 940/1641 Loss: 0.518246
2026-08-22 01:07: Train Epoch 9: 960/1641 Loss: 0.450304
2026-08-22 01:07: Train Epoch 9: 980/1641 Loss: 0.475788
2026-08-22 01:07: Train Epoch 9: 1000/1641 Loss: 0.500721
2026-08-22 01:07: Train Epoch 9: 1020/1641 Loss: 0.504827
2026-08-22 01:07: Train Epoch 9: 1040/1641 Loss: 0.502498
2026-08-22 01:07: Train Epoch 9: 1060/1641 Loss: 0.483269
2026-08-22 01:07: Train Epoch 9: 1080/1641 Loss: 0.454970
2026-08-22 01:07: Train Epoch 9: 1100/1641 Loss: 0.482073
2026-08-22 01:07: Train Epoch 9: 1120/1641 Loss: 0.470770
2026-08-22 01:07: Train Epoch 9: 1140/1641 Loss: 0.483305
2026-08-22 01:07: Train Epoch 9: 1160/1641 Loss: 0.505219
2026-08-22 01:07: Train Epoch 9: 1180/1641 Loss: 0.474760
2026-08-22 01:07: Train Epoch 9: 1200/1641 Loss: 0.469157
2026-08-22 01:07: Train Epoch 9: 1220/1641 Loss: 0.503221
2026-08-22 01:07: Train Epoch 9: 1240/1641 Loss: 0.484230
2026-08-22 01:07: Train Epoch 9: 1260/1641 Loss: 0.470457
2026-08-22 01:08: Train Epoch 9: 1280/1641 Loss: 0.470657
2026-08-22 01:08: Train Epoch 9: 1300/1641 Loss: 0.509620
2026-08-22 01:08: Train Epoch 9: 1320/1641 Loss: 0.484046
2026-08-22 01:08: Train Epoch 9: 1340/1641 Loss: 0.497235
2026-08-22 01:08: Train Epoch 9: 1360/1641 Loss: 0.487566
2026-08-22 01:08: Train Epoch 9: 1380/1641 Loss: 0.450742
2026-08-22 01:08: Train Epoch 9: 1400/1641 Loss: 0.537938
2026-08-22 01:08: Train Epoch 9: 1420/1641 Loss: 0.457971
2026-08-22 01:08: Train Epoch 9: 1440/1641 Loss: 0.458092
2026-08-22 01:08: Train Epoch 9: 1460/1641 Loss: 0.497398
2026-08-22 01:08: Train Epoch 9: 1480/1641 Loss: 0.461332
2026-08-22 01:08: Train Epoch 9: 1500/1641 Loss: 0.462417
2026-08-22 01:08: Train Epoch 9: 1520/1641 Loss: 0.482116
2026-08-22 01:08: Train Epoch 9: 1540/1641 Loss: 0.495972
2026-08-22 01:08: Train Epoch 9: 1560/1641 Loss: 0.475416
2026-08-22 01:08: Train Epoch 9: 1580/1641 Loss: 0.500360
2026-08-22 01:08: Train Epoch 9: 1600/1641 Loss: 0.477633
2026-08-22 01:08: Train Epoch 9: 1620/1641 Loss: 0.502773
2026-08-22 01:08: Train Epoch 9: 1640/1641 Loss: 0.459893
2026-08-22 01:08: **********Train Epoch 9: averaged Loss: 0.492071, tf_ratio: 1.000000
2026-08-22 01:09: **********Val Epoch 9: average Loss: 0.513574
2026-08-22 01:09: Train Epoch 10: 0/1641 Loss: 0.479948
2026-08-22 01:09: Train Epoch 10: 20/1641 Loss: 0.478350
2026-08-22 01:09: Train Epoch 10: 40/1641 Loss: 0.493647
2026-08-22 01:09: Train Epoch 10: 60/1641 Loss: 0.453231
2026-08-22 01:09: Train Epoch 10: 80/1641 Loss: 0.505274
2026-08-22 01:09: Train Epoch 10: 100/1641 Loss: 0.486865
2026-08-22 01:09: Train Epoch 10: 120/1641 Loss: 0.490100
2026-08-22 01:09: Train Epoch 10: 140/1641 Loss: 0.469484
2026-08-22 01:09: Train Epoch 10: 160/1641 Loss: 0.491765
2026-08-22 01:09: Train Epoch 10: 180/1641 Loss: 0.510960
2026-08-22 01:09: Train Epoch 10: 200/1641 Loss: 0.473381
2026-08-22 01:09: Train Epoch 10: 220/1641 Loss: 0.468695
2026-08-22 01:09: Train Epoch 10: 240/1641 Loss: 0.463212
2026-08-22 01:09: Train Epoch 10: 260/1641 Loss: 0.491964
2026-08-22 01:09: Train Epoch 10: 280/1641 Loss: 0.518432
2026-08-22 01:09: Train Epoch 10: 300/1641 Loss: 0.488295
2026-08-22 01:09: Train Epoch 10: 320/1641 Loss: 0.478495
2026-08-22 01:09: Train Epoch 10: 340/1641 Loss: 0.496569
2026-08-22 01:09: Train Epoch 10: 360/1641 Loss: 0.509037
2026-08-22 01:10: Train Epoch 10: 380/1641 Loss: 0.485461
2026-08-22 01:10: Train Epoch 10: 400/1641 Loss: 0.521523
2026-08-22 01:10: Train Epoch 10: 420/1641 Loss: 0.492408
2026-08-22 01:10: Train Epoch 10: 440/1641 Loss: 0.467180
2026-08-22 01:10: Train Epoch 10: 460/1641 Loss: 0.452360
2026-08-22 01:10: Train Epoch 10: 480/1641 Loss: 0.470511
2026-08-22 01:10: Train Epoch 10: 500/1641 Loss: 0.493266
2026-08-22 01:10: Train Epoch 10: 520/1641 Loss: 0.482879
2026-08-22 01:10: Train Epoch 10: 540/1641 Loss: 0.501956
2026-08-22 01:10: Train Epoch 10: 560/1641 Loss: 0.466145
2026-08-22 01:10: Train Epoch 10: 580/1641 Loss: 0.465185
2026-08-22 01:10: Train Epoch 10: 600/1641 Loss: 0.445706
2026-08-22 01:10: Train Epoch 10: 620/1641 Loss: 0.480590
2026-08-22 01:10: Train Epoch 10: 640/1641 Loss: 0.495659
2026-08-22 01:10: Train Epoch 10: 660/1641 Loss: 0.483957
2026-08-22 01:10: Train Epoch 10: 680/1641 Loss: 0.474223
2026-08-22 01:10: Train Epoch 10: 700/1641 Loss: 0.476956
2026-08-22 01:10: Train Epoch 10: 720/1641 Loss: 0.478441
2026-08-22 01:10: Train Epoch 10: 740/1641 Loss: 0.462815
2026-08-22 01:10: Train Epoch 10: 760/1641 Loss: 0.492327
2026-08-22 01:10: Train Epoch 10: 780/1641 Loss: 0.490884
2026-08-22 01:10: Train Epoch 10: 800/1641 Loss: 0.493768
2026-08-22 01:11: Train Epoch 10: 820/1641 Loss: 0.501281
2026-08-22 01:11: Train Epoch 10: 840/1641 Loss: 0.501247
2026-08-22 01:11: Train Epoch 10: 860/1641 Loss: 0.492839
2026-08-22 01:11: Train Epoch 10: 880/1641 Loss: 0.477743
2026-08-22 01:11: Train Epoch 10: 900/1641 Loss: 0.485233
2026-08-22 01:11: Train Epoch 10: 920/1641 Loss: 0.484166
2026-08-22 01:11: Train Epoch 10: 940/1641 Loss: 0.474516
2026-08-22 01:11: Train Epoch 10: 960/1641 Loss: 0.483804
2026-08-22 01:11: Train Epoch 10: 980/1641 Loss: 0.486787
2026-08-22 01:11: Train Epoch 10: 1000/1641 Loss: 0.483933
2026-08-22 01:11: Train Epoch 10: 1020/1641 Loss: 0.485003
2026-08-22 01:11: Train Epoch 10: 1040/1641 Loss: 0.451875
2026-08-22 01:11: Train Epoch 10: 1060/1641 Loss: 0.499897
2026-08-22 01:11: Train Epoch 10: 1080/1641 Loss: 0.492040
2026-08-22 01:11: Train Epoch 10: 1100/1641 Loss: 0.482113
2026-08-22 01:11: Train Epoch 10: 1120/1641 Loss: 0.487981
2026-08-22 01:11: Train Epoch 10: 1140/1641 Loss: 0.507934
2026-08-22 01:11: Train Epoch 10: 1160/1641 Loss: 0.465237
2026-08-22 01:11: Train Epoch 10: 1180/1641 Loss: 0.480937
2026-08-22 01:11: Train Epoch 10: 1200/1641 Loss: 0.481532
2026-08-22 01:11: Train Epoch 10: 1220/1641 Loss: 0.478486
2026-08-22 01:11: Train Epoch 10: 1240/1641 Loss: 0.488549
2026-08-22 01:12: Train Epoch 10: 1260/1641 Loss: 0.486543
2026-08-22 01:12: Train Epoch 10: 1280/1641 Loss: 0.463159
2026-08-22 01:12: Train Epoch 10: 1300/1641 Loss: 0.469361
2026-08-22 01:12: Train Epoch 10: 1320/1641 Loss: 0.500300
2026-08-22 01:12: Train Epoch 10: 1340/1641 Loss: 0.491796
2026-08-22 01:12: Train Epoch 10: 1360/1641 Loss: 0.478976
2026-08-22 01:12: Train Epoch 10: 1380/1641 Loss: 0.475918
2026-08-22 01:12: Train Epoch 10: 1400/1641 Loss: 0.455897
2026-08-22 01:12: Train Epoch 10: 1420/1641 Loss: 0.492977
2026-08-22 01:12: Train Epoch 10: 1440/1641 Loss: 0.487091
2026-08-22 01:12: Train Epoch 10: 1460/1641 Loss: 0.485512
2026-08-22 01:12: Train Epoch 10: 1480/1641 Loss: 0.511974
2026-08-22 01:12: Train Epoch 10: 1500/1641 Loss: 0.481291
2026-08-22 01:12: Train Epoch 10: 1520/1641 Loss: 0.471709
2026-08-22 01:12: Train Epoch 10: 1540/1641 Loss: 0.450766
2026-08-22 01:12: Train Epoch 10: 1560/1641 Loss: 0.471346
2026-08-22 01:12: Train Epoch 10: 1580/1641 Loss: 0.494690
2026-08-22 01:12: Train Epoch 10: 1600/1641 Loss: 0.506547
2026-08-22 01:12: Train Epoch 10: 1620/1641 Loss: 0.467304
2026-08-22 01:12: Train Epoch 10: 1640/1641 Loss: 0.481848
2026-08-22 01:12: **********Train Epoch 10: averaged Loss: 0.485514, tf_ratio: 1.000000
2026-08-22 01:13: **********Val Epoch 10: average Loss: 0.512784
2026-08-22 01:13: Train Epoch 11: 0/1641 Loss: 0.510402
2026-08-22 01:13: Train Epoch 11: 20/1641 Loss: 0.469677
2026-08-22 01:13: Train Epoch 11: 40/1641 Loss: 0.504084
2026-08-22 01:13: Train Epoch 11: 60/1641 Loss: 0.503547
2026-08-22 01:13: Train Epoch 11: 80/1641 Loss: 0.478585
2026-08-22 01:13: Train Epoch 11: 100/1641 Loss: 0.475092
2026-08-22 01:13: Train Epoch 11: 120/1641 Loss: 0.472107
2026-08-22 01:13: Train Epoch 11: 140/1641 Loss: 0.491751
2026-08-22 01:13: Train Epoch 11: 160/1641 Loss: 0.465081
2026-08-22 01:13: Train Epoch 11: 180/1641 Loss: 0.462790
2026-08-22 01:13: Train Epoch 11: 200/1641 Loss: 0.476923
2026-08-22 01:13: Train Epoch 11: 220/1641 Loss: 0.474189
2026-08-22 01:13: Train Epoch 11: 240/1641 Loss: 0.452906
2026-08-22 01:13: Train Epoch 11: 260/1641 Loss: 0.477341
2026-08-22 01:13: Train Epoch 11: 280/1641 Loss: 0.469841
2026-08-22 01:14: Train Epoch 11: 300/1641 Loss: 0.492065
2026-08-22 01:14: Train Epoch 11: 320/1641 Loss: 0.482756
2026-08-22 01:14: Train Epoch 11: 340/1641 Loss: 0.505893
2026-08-22 01:14: Train Epoch 11: 360/1641 Loss: 0.472734
2026-08-22 01:14: Train Epoch 11: 380/1641 Loss: 0.487187
2026-08-22 01:14: Train Epoch 11: 400/1641 Loss: 0.510787
2026-08-22 01:14: Train Epoch 11: 420/1641 Loss: 0.489720
2026-08-22 01:14: Train Epoch 11: 440/1641 Loss: 0.500880
2026-08-22 01:14: Train Epoch 11: 460/1641 Loss: 0.486097
2026-08-22 01:14: Train Epoch 11: 480/1641 Loss: 0.469075
2026-08-22 01:14: Train Epoch 11: 500/1641 Loss: 0.502886
2026-08-22 01:14: Train Epoch 11: 520/1641 Loss: 0.478537
2026-08-22 01:14: Train Epoch 11: 540/1641 Loss: 0.472811
2026-08-22 01:14: Train Epoch 11: 560/1641 Loss: 0.451905
2026-08-22 01:14: Train Epoch 11: 580/1641 Loss: 0.504285
2026-08-22 01:14: Train Epoch 11: 600/1641 Loss: 0.478330
2026-08-22 01:14: Train Epoch 11: 620/1641 Loss: 0.513503
2026-08-22 01:14: Train Epoch 11: 640/1641 Loss: 0.467402
2026-08-22 01:14: Train Epoch 11: 660/1641 Loss: 0.464201
2026-08-22 01:14: Train Epoch 11: 680/1641 Loss: 0.487945
2026-08-22 01:15: Train Epoch 11: 700/1641 Loss: 0.480643
2026-08-22 01:15: Train Epoch 11: 720/1641 Loss: 0.459870
2026-08-22 01:15: Train Epoch 11: 740/1641 Loss: 0.472632
2026-08-22 01:15: Train Epoch 11: 760/1641 Loss: 0.464962
2026-08-22 01:15: Train Epoch 11: 780/1641 Loss: 0.468386
2026-08-22 01:15: Train Epoch 11: 800/1641 Loss: 0.465681
2026-08-22 01:15: Train Epoch 11: 820/1641 Loss: 0.505621
2026-08-22 01:15: Train Epoch 11: 840/1641 Loss: 0.471813
2026-08-22 01:15: Train Epoch 11: 860/1641 Loss: 0.466197
2026-08-22 01:15: Train Epoch 11: 880/1641 Loss: 0.462944
2026-08-22 01:15: Train Epoch 11: 900/1641 Loss: 0.477568
2026-08-22 01:15: Train Epoch 11: 920/1641 Loss: 0.451402
2026-08-22 01:15: Train Epoch 11: 940/1641 Loss: 0.475134
2026-08-22 01:15: Train Epoch 11: 960/1641 Loss: 0.469249
2026-08-22 01:15: Train Epoch 11: 980/1641 Loss: 0.485878
2026-08-22 01:15: Train Epoch 11: 1000/1641 Loss: 0.472817
2026-08-22 01:15: Train Epoch 11: 1020/1641 Loss: 0.505730
2026-08-22 01:15: Train Epoch 11: 1040/1641 Loss: 0.447170
2026-08-22 01:15: Train Epoch 11: 1060/1641 Loss: 0.485443
2026-08-22 01:15: Train Epoch 11: 1080/1641 Loss: 0.483869
2026-08-22 01:15: Train Epoch 11: 1100/1641 Loss: 0.478885
2026-08-22 01:16: Train Epoch 11: 1120/1641 Loss: 0.494622
2026-08-22 01:16: Train Epoch 11: 1140/1641 Loss: 0.460558
2026-08-22 01:16: Train Epoch 11: 1160/1641 Loss: 0.475612
2026-08-22 01:16: Train Epoch 11: 1180/1641 Loss: 0.516607
2026-08-22 01:16: Train Epoch 11: 1200/1641 Loss: 0.466820
2026-08-22 01:16: Train Epoch 11: 1220/1641 Loss: 0.450499
2026-08-22 01:16: Train Epoch 11: 1240/1641 Loss: 0.479115
2026-08-22 01:16: Train Epoch 11: 1260/1641 Loss: 0.492606
2026-08-22 01:16: Train Epoch 11: 1280/1641 Loss: 0.477714
2026-08-22 01:16: Train Epoch 11: 1300/1641 Loss: 0.486123
2026-08-22 01:16: Train Epoch 11: 1320/1641 Loss: 0.481420
2026-08-22 01:16: Train Epoch 11: 1340/1641 Loss: 0.473239
2026-08-22 01:16: Train Epoch 11: 1360/1641 Loss: 0.476913
2026-08-22 01:16: Train Epoch 11: 1380/1641 Loss: 0.479575
2026-08-22 01:16: Train Epoch 11: 1400/1641 Loss: 0.477602
2026-08-22 01:16: Train Epoch 11: 1420/1641 Loss: 0.480355
2026-08-22 01:16: Train Epoch 11: 1440/1641 Loss: 0.481055
2026-08-22 01:16: Train Epoch 11: 1460/1641 Loss: 0.485289
2026-08-22 01:16: Train Epoch 11: 1480/1641 Loss: 0.474034
2026-08-22 01:16: Train Epoch 11: 1500/1641 Loss: 0.451653
2026-08-22 01:16: Train Epoch 11: 1520/1641 Loss: 0.461728
2026-08-22 01:16: Train Epoch 11: 1540/1641 Loss: 0.501826
2026-08-22 01:17: Train Epoch 11: 1560/1641 Loss: 0.483814
2026-08-22 01:17: Train Epoch 11: 1580/1641 Loss: 0.476062
2026-08-22 01:17: Train Epoch 11: 1600/1641 Loss: 0.456524
2026-08-22 01:17: Train Epoch 11: 1620/1641 Loss: 0.478233
2026-08-22 01:17: Train Epoch 11: 1640/1641 Loss: 0.465647
2026-08-22 01:17: **********Train Epoch 11: averaged Loss: 0.479030, tf_ratio: 1.000000
2026-08-22 01:17: **********Val Epoch 11: average Loss: 0.518946
2026-08-22 01:17: Train Epoch 12: 0/1641 Loss: 0.498849
2026-08-22 01:17: Train Epoch 12: 20/1641 Loss: 0.489715
2026-08-22 01:17: Train Epoch 12: 40/1641 Loss: 0.472862
2026-08-22 01:17: Train Epoch 12: 60/1641 Loss: 0.482387
2026-08-22 01:17: Train Epoch 12: 80/1641 Loss: 0.453753
2026-08-22 01:17: Train Epoch 12: 100/1641 Loss: 0.465108
2026-08-22 01:17: Train Epoch 12: 120/1641 Loss: 0.488541
2026-08-22 01:17: Train Epoch 12: 140/1641 Loss: 0.446618
2026-08-22 01:17: Train Epoch 12: 160/1641 Loss: 0.495398
2026-08-22 01:17: Train Epoch 12: 180/1641 Loss: 0.434158
2026-08-22 01:18: Train Epoch 12: 200/1641 Loss: 0.475190
2026-08-22 01:18: Train Epoch 12: 220/1641 Loss: 0.455575
2026-08-22 01:18: Train Epoch 12: 240/1641 Loss: 0.449482
2026-08-22 01:18: Train Epoch 12: 260/1641 Loss: 0.494445
2026-08-22 01:18: Train Epoch 12: 280/1641 Loss: 0.480286
2026-08-22 01:18: Train Epoch 12: 300/1641 Loss: 0.480906
2026-08-22 01:18: Train Epoch 12: 320/1641 Loss: 0.463082
2026-08-22 01:18: Train Epoch 12: 340/1641 Loss: 0.497291
2026-08-22 01:18: Train Epoch 12: 360/1641 Loss: 0.483808
2026-08-22 01:18: Train Epoch 12: 380/1641 Loss: 0.475373
2026-08-22 01:18: Train Epoch 12: 400/1641 Loss: 0.474607
2026-08-22 01:18: Train Epoch 12: 420/1641 Loss: 0.444450
2026-08-22 01:18: Train Epoch 12: 440/1641 Loss: 0.497198
2026-08-22 01:18: Train Epoch 12: 460/1641 Loss: 0.453679
2026-08-22 01:18: Train Epoch 12: 480/1641 Loss: 0.469980
2026-08-22 01:18: Train Epoch 12: 500/1641 Loss: 0.462169
2026-08-22 01:18: Train Epoch 12: 520/1641 Loss: 0.458690
2026-08-22 01:18: Train Epoch 12: 540/1641 Loss: 0.456002
2026-08-22 01:18: Train Epoch 12: 560/1641 Loss: 0.479704
2026-08-22 01:18: Train Epoch 12: 580/1641 Loss: 0.477816
2026-08-22 01:18: Train Epoch 12: 600/1641 Loss: 0.496318
2026-08-22 01:19: Train Epoch 12: 620/1641 Loss: 0.456632
2026-08-22 01:19: Train Epoch 12: 640/1641 Loss: 0.460009
2026-08-22 01:19: Train Epoch 12: 660/1641 Loss: 0.450691
2026-08-22 01:19: Train Epoch 12: 680/1641 Loss: 0.496283
2026-08-22 01:19: Train Epoch 12: 700/1641 Loss: 0.447330
2026-08-22 01:19: Train Epoch 12: 720/1641 Loss: 0.477024
2026-08-22 01:19: Train Epoch 12: 740/1641 Loss: 0.465210
2026-08-22 01:19: Train Epoch 12: 760/1641 Loss: 0.472125
2026-08-22 01:19: Train Epoch 12: 780/1641 Loss: 0.457727
2026-08-22 01:19: Train Epoch 12: 800/1641 Loss: 0.471543
2026-08-22 01:19: Train Epoch 12: 820/1641 Loss: 0.491347
2026-08-22 01:19: Train Epoch 12: 840/1641 Loss: 0.451719
2026-08-22 01:19: Train Epoch 12: 860/1641 Loss: 0.480706
2026-08-22 01:19: Train Epoch 12: 880/1641 Loss: 0.478047
2026-08-22 01:19: Train Epoch 12: 900/1641 Loss: 0.469712
2026-08-22 01:19: Train Epoch 12: 920/1641 Loss: 0.501662
2026-08-22 01:19: Train Epoch 12: 940/1641 Loss: 0.469315
2026-08-22 01:19: Train Epoch 12: 960/1641 Loss: 0.487432
2026-08-22 01:19: Train Epoch 12: 980/1641 Loss: 0.499519
2026-08-22 01:19: Train Epoch 12: 1000/1641 Loss: 0.469777
2026-08-22 01:19: Train Epoch 12: 1020/1641 Loss: 0.488409
2026-08-22 01:19: Train Epoch 12: 1040/1641 Loss: 0.465689
2026-08-22 01:20: Train Epoch 12: 1060/1641 Loss: 0.480889
2026-08-22 01:20: Train Epoch 12: 1080/1641 Loss: 0.464165
2026-08-22 01:20: Train Epoch 12: 1100/1641 Loss: 0.474405
2026-08-22 01:20: Train Epoch 12: 1120/1641 Loss: 0.481699
2026-08-22 01:20: Train Epoch 12: 1140/1641 Loss: 0.475050
2026-08-22 01:20: Train Epoch 12: 1160/1641 Loss: 0.502698
2026-08-22 01:20: Train Epoch 12: 1180/1641 Loss: 0.488331
2026-08-22 01:20: Train Epoch 12: 1200/1641 Loss: 0.467686
2026-08-22 01:20: Train Epoch 12: 1220/1641 Loss: 0.473658
2026-08-22 01:20: Train Epoch 12: 1240/1641 Loss: 0.480001
2026-08-22 01:20: Train Epoch 12: 1260/1641 Loss: 0.456306
2026-08-22 01:20: Train Epoch 12: 1280/1641 Loss: 0.482862
2026-08-22 01:20: Train Epoch 12: 1300/1641 Loss: 0.467056
2026-08-22 01:20: Train Epoch 12: 1320/1641 Loss: 0.442095
2026-08-22 01:20: Train Epoch 12: 1340/1641 Loss: 0.459730
2026-08-22 01:20: Train Epoch 12: 1360/1641 Loss: 0.457191
2026-08-22 01:20: Train Epoch 12: 1380/1641 Loss: 0.462711
2026-08-22 01:20: Train Epoch 12: 1400/1641 Loss: 0.489886
2026-08-22 01:20: Train Epoch 12: 1420/1641 Loss: 0.487314
2026-08-22 01:20: Train Epoch 12: 1440/1641 Loss: 0.474990
2026-08-22 01:20: Train Epoch 12: 1460/1641 Loss: 0.455176
2026-08-22 01:20: Train Epoch 12: 1480/1641 Loss: 0.471368
2026-08-22 01:21: Train Epoch 12: 1500/1641 Loss: 0.443127
2026-08-22 01:21: Train Epoch 12: 1520/1641 Loss: 0.512859
2026-08-22 01:21: Train Epoch 12: 1540/1641 Loss: 0.474913
2026-08-22 01:21: Train Epoch 12: 1560/1641 Loss: 0.474706
2026-08-22 01:21: Train Epoch 12: 1580/1641 Loss: 0.451478
2026-08-22 01:21: Train Epoch 12: 1600/1641 Loss: 0.442675
2026-08-22 01:21: Train Epoch 12: 1620/1641 Loss: 0.465921
2026-08-22 01:21: Train Epoch 12: 1640/1641 Loss: 0.456173
2026-08-22 01:21: **********Train Epoch 12: averaged Loss: 0.472793, tf_ratio: 1.000000
2026-08-22 01:21: **********Val Epoch 12: average Loss: 0.518683
2026-08-22 01:21: Train Epoch 13: 0/1641 Loss: 0.445724
2026-08-22 01:21: Train Epoch 13: 20/1641 Loss: 0.486422
2026-08-22 01:21: Train Epoch 13: 40/1641 Loss: 0.446531
2026-08-22 01:21: Train Epoch 13: 60/1641 Loss: 0.461353
2026-08-22 01:21: Train Epoch 13: 80/1641 Loss: 0.489061
2026-08-22 01:21: Train Epoch 13: 100/1641 Loss: 0.495509
2026-08-22 01:21: Train Epoch 13: 120/1641 Loss: 0.462881
2026-08-22 01:22: Train Epoch 13: 140/1641 Loss: 0.477086
2026-08-22 01:22: Train Epoch 13: 160/1641 Loss: 0.480634
2026-08-22 01:22: Train Epoch 13: 180/1641 Loss: 0.476326
2026-08-22 01:22: Train Epoch 13: 200/1641 Loss: 0.463685
2026-08-22 01:22: Train Epoch 13: 220/1641 Loss: 0.464113
2026-08-22 01:22: Train Epoch 13: 240/1641 Loss: 0.472649
2026-08-22 01:22: Train Epoch 13: 260/1641 Loss: 0.468968
2026-08-22 01:22: Train Epoch 13: 280/1641 Loss: 0.471060
2026-08-22 01:22: Train Epoch 13: 300/1641 Loss: 0.475898
2026-08-22 01:22: Train Epoch 13: 320/1641 Loss: 0.433399
2026-08-22 01:22: Train Epoch 13: 340/1641 Loss: 0.463690
2026-08-22 01:22: Train Epoch 13: 360/1641 Loss: 0.463741
2026-08-22 01:22: Train Epoch 13: 380/1641 Loss: 0.480298
2026-08-22 01:22: Train Epoch 13: 400/1641 Loss: 0.468404
2026-08-22 01:22: Train Epoch 13: 420/1641 Loss: 0.452109
2026-08-22 01:22: Train Epoch 13: 440/1641 Loss: 0.471355
2026-08-22 01:22: Train Epoch 13: 460/1641 Loss: 0.465042
2026-08-22 01:22: Train Epoch 13: 480/1641 Loss: 0.454911
2026-08-22 01:22: Train Epoch 13: 500/1641 Loss: 0.484821
2026-08-22 01:22: Train Epoch 13: 520/1641 Loss: 0.475306
2026-08-22 01:22: Train Epoch 13: 540/1641 Loss: 0.461322
2026-08-22 01:22: Train Epoch 13: 560/1641 Loss: 0.482931
2026-08-22 01:22: Train Epoch 13: 580/1641 Loss: 0.467635
2026-08-22 01:23: Train Epoch 13: 600/1641 Loss: 0.470748
2026-08-22 01:23: Train Epoch 13: 620/1641 Loss: 0.483262
2026-08-22 01:23: Train Epoch 13: 640/1641 Loss: 0.465760
2026-08-22 01:23: Train Epoch 13: 660/1641 Loss: 0.486629
2026-08-22 01:23: Train Epoch 13: 680/1641 Loss: 0.500683
2026-08-22 01:23: Train Epoch 13: 700/1641 Loss: 0.507389
2026-08-22 01:23: Train Epoch 13: 720/1641 Loss: 0.461514
2026-08-22 01:23: Train Epoch 13: 740/1641 Loss: 0.437556
2026-08-22 01:23: Train Epoch 13: 760/1641 Loss: 0.495686
2026-08-22 01:23: Train Epoch 13: 780/1641 Loss: 0.463633
2026-08-22 01:23: Train Epoch 13: 800/1641 Loss: 0.440755
2026-08-22 01:23: Train Epoch 13: 820/1641 Loss: 0.456604
2026-08-22 01:23: Train Epoch 13: 840/1641 Loss: 0.461742
2026-08-22 01:23: Train Epoch 13: 860/1641 Loss: 0.470006
2026-08-22 01:23: Train Epoch 13: 880/1641 Loss: 0.468551
2026-08-22 01:23: Train Epoch 13: 900/1641 Loss: 0.448889
2026-08-22 01:23: Train Epoch 13: 920/1641 Loss: 0.478346
2026-08-22 01:23: Train Epoch 13: 940/1641 Loss: 0.475930
2026-08-22 01:23: Train Epoch 13: 960/1641 Loss: 0.478209
2026-08-22 01:23: Train Epoch 13: 980/1641 Loss: 0.504288
2026-08-22 01:23: Train Epoch 13: 1000/1641 Loss: 0.470294
2026-08-22 01:23: Train Epoch 13: 1020/1641 Loss: 0.463022
2026-08-22 01:23: Train Epoch 13: 1040/1641 Loss: 0.495748
2026-08-22 01:24: Train Epoch 13: 1060/1641 Loss: 0.439729
2026-08-22 01:24: Train Epoch 13: 1080/1641 Loss: 0.490271
2026-08-22 01:24: Train Epoch 13: 1100/1641 Loss: 0.477185
2026-08-22 01:24: Train Epoch 13: 1120/1641 Loss: 0.448753
2026-08-22 01:24: Train Epoch 13: 1140/1641 Loss: 0.460862
2026-08-22 01:24: Train Epoch 13: 1160/1641 Loss: 0.439348
2026-08-22 01:24: Train Epoch 13: 1180/1641 Loss: 0.465433
2026-08-22 01:24: Train Epoch 13: 1200/1641 Loss: 0.455368
2026-08-22 01:24: Train Epoch 13: 1220/1641 Loss: 0.460082
2026-08-22 01:24: Train Epoch 13: 1240/1641 Loss: 0.459712
2026-08-22 01:24: Train Epoch 13: 1260/1641 Loss: 0.499366
2026-08-22 01:24: Train Epoch 13: 1280/1641 Loss: 0.470767
2026-08-22 01:24: Train Epoch 13: 1300/1641 Loss: 0.457488
2026-08-22 01:24: Train Epoch 13: 1320/1641 Loss: 0.493843
2026-08-22 01:24: Train Epoch 13: 1340/1641 Loss: 0.466882
2026-08-22 01:24: Train Epoch 13: 1360/1641 Loss: 0.455540
2026-08-22 01:24: Train Epoch 13: 1380/1641 Loss: 0.469828
2026-08-22 01:24: Train Epoch 13: 1400/1641 Loss: 0.480076
2026-08-22 01:24: Train Epoch 13: 1420/1641 Loss: 0.463441
2026-08-22 01:24: Train Epoch 13: 1440/1641 Loss: 0.437929
2026-08-22 01:24: Train Epoch 13: 1460/1641 Loss: 0.453672
2026-08-22 01:24: Train Epoch 13: 1480/1641 Loss: 0.507320
2026-08-22 01:25: Train Epoch 13: 1500/1641 Loss: 0.446800
2026-08-22 01:25: Train Epoch 13: 1520/1641 Loss: 0.455681
2026-08-22 01:25: Train Epoch 13: 1540/1641 Loss: 0.439492
2026-08-22 01:25: Train Epoch 13: 1560/1641 Loss: 0.505708
2026-08-22 01:25: Train Epoch 13: 1580/1641 Loss: 0.468078
2026-08-22 01:25: Train Epoch 13: 1600/1641 Loss: 0.459321
2026-08-22 01:25: Train Epoch 13: 1620/1641 Loss: 0.465951
2026-08-22 01:25: Train Epoch 13: 1640/1641 Loss: 0.472714
2026-08-22 01:25: **********Train Epoch 13: averaged Loss: 0.466858, tf_ratio: 1.000000
2026-08-22 01:25: **********Val Epoch 13: average Loss: 0.522887
2026-08-22 01:25: Train Epoch 14: 0/1641 Loss: 0.475946
2026-08-22 01:25: Train Epoch 14: 20/1641 Loss: 0.480090
2026-08-22 01:25: Train Epoch 14: 40/1641 Loss: 0.467011
2026-08-22 01:25: Train Epoch 14: 60/1641 Loss: 0.467388
2026-08-22 01:25: Train Epoch 14: 80/1641 Loss: 0.459592
2026-08-22 01:25: Train Epoch 14: 100/1641 Loss: 0.469970
2026-08-22 01:25: Train Epoch 14: 120/1641 Loss: 0.457292
2026-08-22 01:25: Train Epoch 14: 140/1641 Loss: 0.464200
2026-08-22 01:26: Train Epoch 14: 160/1641 Loss: 0.468212
2026-08-22 01:26: Train Epoch 14: 180/1641 Loss: 0.461018
2026-08-22 01:26: Train Epoch 14: 200/1641 Loss: 0.447245
2026-08-22 01:26: Train Epoch 14: 220/1641 Loss: 0.477450
2026-08-22 01:26: Train Epoch 14: 240/1641 Loss: 0.480250
2026-08-22 01:26: Train Epoch 14: 260/1641 Loss: 0.463956
2026-08-22 01:26: Train Epoch 14: 280/1641 Loss: 0.472923
2026-08-22 01:26: Train Epoch 14: 300/1641 Loss: 0.475159
2026-08-22 01:26: Train Epoch 14: 320/1641 Loss: 0.483423
2026-08-22 01:26: Train Epoch 14: 340/1641 Loss: 0.450908
2026-08-22 01:26: Train Epoch 14: 360/1641 Loss: 0.463324
2026-08-22 01:26: Train Epoch 14: 380/1641 Loss: 0.473045
2026-08-22 01:26: Train Epoch 14: 400/1641 Loss: 0.451298
2026-08-22 01:26: Train Epoch 14: 420/1641 Loss: 0.466875
2026-08-22 01:26: Train Epoch 14: 440/1641 Loss: 0.481708
2026-08-22 01:26: Train Epoch 14: 460/1641 Loss: 0.479989
2026-08-22 01:26: Train Epoch 14: 480/1641 Loss: 0.473903
2026-08-22 01:26: Train Epoch 14: 500/1641 Loss: 0.440895
2026-08-22 01:26: Train Epoch 14: 520/1641 Loss: 0.444895
2026-08-22 01:26: Train Epoch 14: 540/1641 Loss: 0.460246
2026-08-22 01:26: Train Epoch 14: 560/1641 Loss: 0.480932
2026-08-22 01:26: Train Epoch 14: 580/1641 Loss: 0.468027
2026-08-22 01:26: Train Epoch 14: 600/1641 Loss: 0.480566
2026-08-22 01:27: Train Epoch 14: 620/1641 Loss: 0.444781
2026-08-22 01:27: Train Epoch 14: 640/1641 Loss: 0.446572
2026-08-22 01:27: Train Epoch 14: 660/1641 Loss: 0.448164
2026-08-22 01:27: Train Epoch 14: 680/1641 Loss: 0.434433
2026-08-22 01:27: Train Epoch 14: 700/1641 Loss: 0.457801
2026-08-22 01:27: Train Epoch 14: 720/1641 Loss: 0.481848
2026-08-22 01:27: Train Epoch 14: 740/1641 Loss: 0.462733
2026-08-22 01:27: Train Epoch 14: 760/1641 Loss: 0.475420
2026-08-22 01:27: Train Epoch 14: 780/1641 Loss: 0.479740
2026-08-22 01:27: Train Epoch 14: 800/1641 Loss: 0.478146
2026-08-22 01:27: Train Epoch 14: 820/1641 Loss: 0.467388
2026-08-22 01:27: Train Epoch 14: 840/1641 Loss: 0.455704
2026-08-22 01:27: Train Epoch 14: 860/1641 Loss: 0.472634
2026-08-22 01:27: Train Epoch 14: 880/1641 Loss: 0.475384
2026-08-22 01:27: Train Epoch 14: 900/1641 Loss: 0.450252
2026-08-22 01:27: Train Epoch 14: 920/1641 Loss: 0.451832
2026-08-22 01:27: Train Epoch 14: 940/1641 Loss: 0.465319
2026-08-22 01:27: Train Epoch 14: 960/1641 Loss: 0.471517
2026-08-22 01:27: Train Epoch 14: 980/1641 Loss: 0.464639
2026-08-22 01:27: Train Epoch 14: 1000/1641 Loss: 0.484715
2026-08-22 01:27: Train Epoch 14: 1020/1641 Loss: 0.451039
2026-08-22 01:27: Train Epoch 14: 1040/1641 Loss: 0.458765
2026-08-22 01:28: Train Epoch 14: 1060/1641 Loss: 0.458753
2026-08-22 01:28: Train Epoch 14: 1080/1641 Loss: 0.473053
2026-08-22 01:28: Train Epoch 14: 1100/1641 Loss: 0.488070
2026-08-22 01:28: Train Epoch 14: 1120/1641 Loss: 0.439475
2026-08-22 01:28: Train Epoch 14: 1140/1641 Loss: 0.433950
2026-08-22 01:28: Train Epoch 14: 1160/1641 Loss: 0.474763
2026-08-22 01:28: Train Epoch 14: 1180/1641 Loss: 0.445416
2026-08-22 01:28: Train Epoch 14: 1200/1641 Loss: 0.460286
2026-08-22 01:28: Train Epoch 14: 1220/1641 Loss: 0.449780
2026-08-22 01:28: Train Epoch 14: 1240/1641 Loss: 0.450869
2026-08-22 01:28: Train Epoch 14: 1260/1641 Loss: 0.456009
2026-08-22 01:28: Train Epoch 14: 1280/1641 Loss: 0.482127
2026-08-22 01:28: Train Epoch 14: 1300/1641 Loss: 0.471353
2026-08-22 01:28: Train Epoch 14: 1320/1641 Loss: 0.420789
2026-08-22 01:28: Train Epoch 14: 1340/1641 Loss: 0.460890
2026-08-22 01:28: Train Epoch 14: 1360/1641 Loss: 0.445289
2026-08-22 01:28: Train Epoch 14: 1380/1641 Loss: 0.493564
2026-08-22 01:28: Train Epoch 14: 1400/1641 Loss: 0.464001
2026-08-22 01:28: Train Epoch 14: 1420/1641 Loss: 0.440037
2026-08-22 01:28: Train Epoch 14: 1440/1641 Loss: 0.456050
2026-08-22 01:28: Train Epoch 14: 1460/1641 Loss: 0.452631
2026-08-22 01:28: Train Epoch 14: 1480/1641 Loss: 0.467909
2026-08-22 01:28: Train Epoch 14: 1500/1641 Loss: 0.469813
2026-08-22 01:29: Train Epoch 14: 1520/1641 Loss: 0.466036
2026-08-22 01:29: Train Epoch 14: 1540/1641 Loss: 0.468227
2026-08-22 01:29: Train Epoch 14: 1560/1641 Loss: 0.479835
2026-08-22 01:29: Train Epoch 14: 1580/1641 Loss: 0.459164
2026-08-22 01:29: Train Epoch 14: 1600/1641 Loss: 0.450592
2026-08-22 01:29: Train Epoch 14: 1620/1641 Loss: 0.450350
2026-08-22 01:29: Train Epoch 14: 1640/1641 Loss: 0.436937
2026-08-22 01:29: **********Train Epoch 14: averaged Loss: 0.461012, tf_ratio: 1.000000
2026-08-22 01:29: **********Val Epoch 14: average Loss: 0.523066
2026-08-22 01:29: Train Epoch 15: 0/1641 Loss: 0.436627
2026-08-22 01:29: Train Epoch 15: 20/1641 Loss: 0.458437
2026-08-22 01:29: Train Epoch 15: 40/1641 Loss: 0.457577
2026-08-22 01:29: Train Epoch 15: 60/1641 Loss: 0.456710
2026-08-22 01:29: Train Epoch 15: 80/1641 Loss: 0.450347
2026-08-22 01:29: Train Epoch 15: 100/1641 Loss: 0.446983
2026-08-22 01:29: Train Epoch 15: 120/1641 Loss: 0.443331
2026-08-22 01:29: Train Epoch 15: 140/1641 Loss: 0.457175
2026-08-22 01:30: Train Epoch 15: 160/1641 Loss: 0.443659
2026-08-22 01:30: Train Epoch 15: 180/1641 Loss: 0.435205
2026-08-22 01:30: Train Epoch 15: 200/1641 Loss: 0.475858
2026-08-22 01:30: Train Epoch 15: 220/1641 Loss: 0.449870
2026-08-22 01:30: Train Epoch 15: 240/1641 Loss: 0.445041
2026-08-22 01:30: Train Epoch 15: 260/1641 Loss: 0.448342
2026-08-22 01:30: Train Epoch 15: 280/1641 Loss: 0.492157
2026-08-22 01:30: Train Epoch 15: 300/1641 Loss: 0.476288
2026-08-22 01:30: Train Epoch 15: 320/1641 Loss: 0.455548
2026-08-22 01:30: Train Epoch 15: 340/1641 Loss: 0.469727
2026-08-22 01:30: Train Epoch 15: 360/1641 Loss: 0.437147
2026-08-22 01:30: Train Epoch 15: 380/1641 Loss: 0.469342
2026-08-22 01:30: Train Epoch 15: 400/1641 Loss: 0.458363
2026-08-22 01:30: Train Epoch 15: 420/1641 Loss: 0.444494
2026-08-22 01:30: Train Epoch 15: 440/1641 Loss: 0.466558
2026-08-22 01:30: Train Epoch 15: 460/1641 Loss: 0.445672
2026-08-22 01:30: Train Epoch 15: 480/1641 Loss: 0.440302
2026-08-22 01:30: Train Epoch 15: 500/1641 Loss: 0.463311
2026-08-22 01:30: Train Epoch 15: 520/1641 Loss: 0.457622
2026-08-22 01:30: Train Epoch 15: 540/1641 Loss: 0.499282
2026-08-22 01:30: Train Epoch 15: 560/1641 Loss: 0.489616
2026-08-22 01:30: Train Epoch 15: 580/1641 Loss: 0.460780
2026-08-22 01:30: Train Epoch 15: 600/1641 Loss: 0.454879
2026-08-22 01:31: Train Epoch 15: 620/1641 Loss: 0.464075
2026-08-22 01:31: Train Epoch 15: 640/1641 Loss: 0.452477
2026-08-22 01:31: Train Epoch 15: 660/1641 Loss: 0.483783
2026-08-22 01:31: Train Epoch 15: 680/1641 Loss: 0.451106
2026-08-22 01:31: Train Epoch 15: 700/1641 Loss: 0.452463
2026-08-22 01:31: Train Epoch 15: 720/1641 Loss: 0.451532
2026-08-22 01:31: Train Epoch 15: 740/1641 Loss: 0.463539
2026-08-22 01:31: Train Epoch 15: 760/1641 Loss: 0.452671
2026-08-22 01:31: Train Epoch 15: 780/1641 Loss: 0.441703
2026-08-22 01:31: Train Epoch 15: 800/1641 Loss: 0.460075
2026-08-22 01:31: Train Epoch 15: 820/1641 Loss: 0.461991
2026-08-22 01:31: Train Epoch 15: 840/1641 Loss: 0.428098
2026-08-22 01:31: Train Epoch 15: 860/1641 Loss: 0.470032
2026-08-22 01:31: Train Epoch 15: 880/1641 Loss: 0.463455
2026-08-22 01:31: Train Epoch 15: 900/1641 Loss: 0.448373
2026-08-22 01:31: Train Epoch 15: 920/1641 Loss: 0.453893
2026-08-22 01:31: Train Epoch 15: 940/1641 Loss: 0.466782
2026-08-22 01:31: Train Epoch 15: 960/1641 Loss: 0.418125
2026-08-22 01:31: Train Epoch 15: 980/1641 Loss: 0.433519
2026-08-22 01:31: Train Epoch 15: 1000/1641 Loss: 0.463231
2026-08-22 01:31: Train Epoch 15: 1020/1641 Loss: 0.479462
2026-08-22 01:31: Train Epoch 15: 1040/1641 Loss: 0.442658
2026-08-22 01:31: Train Epoch 15: 1060/1641 Loss: 0.430362
2026-08-22 01:32: Train Epoch 15: 1080/1641 Loss: 0.466121
2026-08-22 01:32: Train Epoch 15: 1100/1641 Loss: 0.463510
2026-08-22 01:32: Train Epoch 15: 1120/1641 Loss: 0.437414
2026-08-22 01:32: Train Epoch 15: 1140/1641 Loss: 0.435071
2026-08-22 01:32: Train Epoch 15: 1160/1641 Loss: 0.466780
2026-08-22 01:32: Train Epoch 15: 1180/1641 Loss: 0.461839
2026-08-22 01:32: Train Epoch 15: 1200/1641 Loss: 0.450994
2026-08-22 01:32: Train Epoch 15: 1220/1641 Loss: 0.457569
2026-08-22 01:32: Train Epoch 15: 1240/1641 Loss: 0.445367
2026-08-22 01:32: Train Epoch 15: 1260/1641 Loss: 0.468044
2026-08-22 01:32: Train Epoch 15: 1280/1641 Loss: 0.431699
2026-08-22 01:32: Train Epoch 15: 1300/1641 Loss: 0.441185
2026-08-22 01:32: Train Epoch 15: 1320/1641 Loss: 0.451631
2026-08-22 01:32: Train Epoch 15: 1340/1641 Loss: 0.443559
2026-08-22 01:32: Train Epoch 15: 1360/1641 Loss: 0.468746
2026-08-22 01:32: Train Epoch 15: 1380/1641 Loss: 0.467666
2026-08-22 01:32: Train Epoch 15: 1400/1641 Loss: 0.453542
2026-08-22 01:32: Train Epoch 15: 1420/1641 Loss: 0.469842
2026-08-22 01:32: Train Epoch 15: 1440/1641 Loss: 0.452435
2026-08-22 01:32: Train Epoch 15: 1460/1641 Loss: 0.459058
2026-08-22 01:32: Train Epoch 15: 1480/1641 Loss: 0.448694
2026-08-22 01:32: Train Epoch 15: 1500/1641 Loss: 0.451486
2026-08-22 01:32: Train Epoch 15: 1520/1641 Loss: 0.443389
2026-08-22 01:33: Train Epoch 15: 1540/1641 Loss: 0.453545
2026-08-22 01:33: Train Epoch 15: 1560/1641 Loss: 0.466247
2026-08-22 01:33: Train Epoch 15: 1580/1641 Loss: 0.456123
2026-08-22 01:33: Train Epoch 15: 1600/1641 Loss: 0.462119
2026-08-22 01:33: Train Epoch 15: 1620/1641 Loss: 0.453826
2026-08-22 01:33: Train Epoch 15: 1640/1641 Loss: 0.459195
2026-08-22 01:33: **********Train Epoch 15: averaged Loss: 0.455647, tf_ratio: 1.000000
2026-08-22 01:33: **********Val Epoch 15: average Loss: 0.528948
2026-08-22 01:33: Train Epoch 16: 0/1641 Loss: 0.450970
2026-08-22 01:33: Train Epoch 16: 20/1641 Loss: 0.465820
2026-08-22 01:33: Train Epoch 16: 40/1641 Loss: 0.440349
2026-08-22 01:33: Train Epoch 16: 60/1641 Loss: 0.450792
2026-08-22 01:33: Train Epoch 16: 80/1641 Loss: 0.479152
2026-08-22 01:33: Train Epoch 16: 100/1641 Loss: 0.444699
2026-08-22 01:33: Train Epoch 16: 120/1641 Loss: 0.447121
2026-08-22 01:33: Train Epoch 16: 140/1641 Loss: 0.443636
2026-08-22 01:33: Train Epoch 16: 160/1641 Loss: 0.481886
2026-08-22 01:34: Train Epoch 16: 180/1641 Loss: 0.425608
2026-08-22 01:34: Train Epoch 16: 200/1641 Loss: 0.435453
2026-08-22 01:34: Train Epoch 16: 220/1641 Loss: 0.464158
2026-08-22 01:34: Train Epoch 16: 240/1641 Loss: 0.455777
2026-08-22 01:34: Train Epoch 16: 260/1641 Loss: 0.453216
2026-08-22 01:34: Train Epoch 16: 280/1641 Loss: 0.443228
2026-08-22 01:34: Train Epoch 16: 300/1641 Loss: 0.453520
2026-08-22 01:34: Train Epoch 16: 320/1641 Loss: 0.476359
2026-08-22 01:34: Train Epoch 16: 340/1641 Loss: 0.419611
2026-08-22 01:34: Train Epoch 16: 360/1641 Loss: 0.445830
2026-08-22 01:34: Train Epoch 16: 380/1641 Loss: 0.440785
2026-08-22 01:34: Train Epoch 16: 400/1641 Loss: 0.436997
2026-08-22 01:34: Train Epoch 16: 420/1641 Loss: 0.440045
2026-08-22 01:34: Train Epoch 16: 440/1641 Loss: 0.465686
2026-08-22 01:34: Train Epoch 16: 460/1641 Loss: 0.454188
2026-08-22 01:34: Train Epoch 16: 480/1641 Loss: 0.425680
2026-08-22 01:34: Train Epoch 16: 500/1641 Loss: 0.482792
2026-08-22 01:34: Train Epoch 16: 520/1641 Loss: 0.426481
2026-08-22 01:34: Train Epoch 16: 540/1641 Loss: 0.445243
2026-08-22 01:34: Train Epoch 16: 560/1641 Loss: 0.462305
2026-08-22 01:34: Train Epoch 16: 580/1641 Loss: 0.429013
2026-08-22 01:34: Train Epoch 16: 600/1641 Loss: 0.434625
2026-08-22 01:34: Train Epoch 16: 620/1641 Loss: 0.454717
2026-08-22 01:35: Train Epoch 16: 640/1641 Loss: 0.435481
2026-08-22 01:35: Train Epoch 16: 660/1641 Loss: 0.453789
2026-08-22 01:35: Train Epoch 16: 680/1641 Loss: 0.425437
2026-08-22 01:35: Train Epoch 16: 700/1641 Loss: 0.462094
2026-08-22 01:35: Train Epoch 16: 720/1641 Loss: 0.438495
2026-08-22 01:35: Train Epoch 16: 740/1641 Loss: 0.440817
2026-08-22 01:35: Train Epoch 16: 760/1641 Loss: 0.439399
2026-08-22 01:35: Train Epoch 16: 780/1641 Loss: 0.428733
2026-08-22 01:35: Train Epoch 16: 800/1641 Loss: 0.440356
2026-08-22 01:35: Train Epoch 16: 820/1641 Loss: 0.463069
2026-08-22 01:35: Train Epoch 16: 840/1641 Loss: 0.451833
2026-08-22 01:35: Train Epoch 16: 860/1641 Loss: 0.451996
2026-08-22 01:35: Train Epoch 16: 880/1641 Loss: 0.463137
2026-08-22 01:35: Train Epoch 16: 900/1641 Loss: 0.466930
2026-08-22 01:35: Train Epoch 16: 920/1641 Loss: 0.458247
2026-08-22 01:35: Train Epoch 16: 940/1641 Loss: 0.453135
2026-08-22 01:35: Train Epoch 16: 960/1641 Loss: 0.462419
2026-08-22 01:35: Train Epoch 16: 980/1641 Loss: 0.430609
2026-08-22 01:35: Train Epoch 16: 1000/1641 Loss: 0.460315
2026-08-22 01:35: Train Epoch 16: 1020/1641 Loss: 0.457922
2026-08-22 01:35: Train Epoch 16: 1040/1641 Loss: 0.447234
2026-08-22 01:35: Train Epoch 16: 1060/1641 Loss: 0.448318
2026-08-22 01:35: Train Epoch 16: 1080/1641 Loss: 0.455796
2026-08-22 01:36: Train Epoch 16: 1100/1641 Loss: 0.452318
2026-08-22 01:36: Train Epoch 16: 1120/1641 Loss: 0.453104
2026-08-22 01:36: Train Epoch 16: 1140/1641 Loss: 0.473285
2026-08-22 01:36: Train Epoch 16: 1160/1641 Loss: 0.449869
2026-08-22 01:36: Train Epoch 16: 1180/1641 Loss: 0.460620
2026-08-22 01:36: Train Epoch 16: 1200/1641 Loss: 0.428734
2026-08-22 01:36: Train Epoch 16: 1220/1641 Loss: 0.471077
2026-08-22 01:36: Train Epoch 16: 1240/1641 Loss: 0.465437
2026-08-22 01:36: Train Epoch 16: 1260/1641 Loss: 0.439672
2026-08-22 01:36: Train Epoch 16: 1280/1641 Loss: 0.460335
2026-08-22 01:36: Train Epoch 16: 1300/1641 Loss: 0.452739
2026-08-22 01:36: Train Epoch 16: 1320/1641 Loss: 0.444899
2026-08-22 01:36: Train Epoch 16: 1340/1641 Loss: 0.443330
2026-08-22 01:36: Train Epoch 16: 1360/1641 Loss: 0.434949
2026-08-22 01:36: Train Epoch 16: 1380/1641 Loss: 0.440269
2026-08-22 01:36: Train Epoch 16: 1400/1641 Loss: 0.461436
2026-08-22 01:36: Train Epoch 16: 1420/1641 Loss: 0.452106
2026-08-22 01:36: Train Epoch 16: 1440/1641 Loss: 0.416878
2026-08-22 01:36: Train Epoch 16: 1460/1641 Loss: 0.459173
2026-08-22 01:36: Train Epoch 16: 1480/1641 Loss: 0.467264
2026-08-22 01:36: Train Epoch 16: 1500/1641 Loss: 0.451658
2026-08-22 01:36: Train Epoch 16: 1520/1641 Loss: 0.455855
2026-08-22 01:37: Train Epoch 16: 1540/1641 Loss: 0.438522
2026-08-22 01:37: Train Epoch 16: 1560/1641 Loss: 0.466886
2026-08-22 01:37: Train Epoch 16: 1580/1641 Loss: 0.449578
2026-08-22 01:37: Train Epoch 16: 1600/1641 Loss: 0.425382
2026-08-22 01:37: Train Epoch 16: 1620/1641 Loss: 0.466472
2026-08-22 01:37: Train Epoch 16: 1640/1641 Loss: 0.452344
2026-08-22 01:37: **********Train Epoch 16: averaged Loss: 0.450047, tf_ratio: 1.000000
2026-08-22 01:37: **********Val Epoch 16: average Loss: 0.528615
2026-08-22 01:37: Train Epoch 17: 0/1641 Loss: 0.453147
2026-08-22 01:37: Train Epoch 17: 20/1641 Loss: 0.441392
2026-08-22 01:37: Train Epoch 17: 40/1641 Loss: 0.451328
2026-08-22 01:37: Train Epoch 17: 60/1641 Loss: 0.450198
2026-08-22 01:37: Train Epoch 17: 80/1641 Loss: 0.451078
2026-08-22 01:37: Train Epoch 17: 100/1641 Loss: 0.436863
2026-08-22 01:37: Train Epoch 17: 120/1641 Loss: 0.437984
2026-08-22 01:37: Train Epoch 17: 140/1641 Loss: 0.460588
2026-08-22 01:37: Train Epoch 17: 160/1641 Loss: 0.444735
2026-08-22 01:37: Train Epoch 17: 180/1641 Loss: 0.455075
2026-08-22 01:38: Train Epoch 17: 200/1641 Loss: 0.444336
2026-08-22 01:38: Train Epoch 17: 220/1641 Loss: 0.439050
2026-08-22 01:38: Train Epoch 17: 240/1641 Loss: 0.429161
2026-08-22 01:38: Train Epoch 17: 260/1641 Loss: 0.446222
2026-08-22 01:38: Train Epoch 17: 280/1641 Loss: 0.457463
2026-08-22 01:38: Train Epoch 17: 300/1641 Loss: 0.455794
2026-08-22 01:38: Train Epoch 17: 320/1641 Loss: 0.442386
2026-08-22 01:38: Train Epoch 17: 340/1641 Loss: 0.452648
2026-08-22 01:38: Train Epoch 17: 360/1641 Loss: 0.440363
2026-08-22 01:38: Train Epoch 17: 380/1641 Loss: 0.434038
2026-08-22 01:38: Train Epoch 17: 400/1641 Loss: 0.463115
2026-08-22 01:38: Train Epoch 17: 420/1641 Loss: 0.459113
2026-08-22 01:38: Train Epoch 17: 440/1641 Loss: 0.445102
2026-08-22 01:38: Train Epoch 17: 460/1641 Loss: 0.432914
2026-08-22 01:38: Train Epoch 17: 480/1641 Loss: 0.434114
2026-08-22 01:38: Train Epoch 17: 500/1641 Loss: 0.438476
2026-08-22 01:38: Train Epoch 17: 520/1641 Loss: 0.416907
2026-08-22 01:38: Train Epoch 17: 540/1641 Loss: 0.458605
2026-08-22 01:38: Train Epoch 17: 560/1641 Loss: 0.448049
2026-08-22 01:38: Train Epoch 17: 580/1641 Loss: 0.440989
2026-08-22 01:38: Train Epoch 17: 600/1641 Loss: 0.448976
2026-08-22 01:38: Train Epoch 17: 620/1641 Loss: 0.432537
2026-08-22 01:39: Train Epoch 17: 640/1641 Loss: 0.451772
2026-08-22 01:39: Train Epoch 17: 660/1641 Loss: 0.448431
2026-08-22 01:39: Train Epoch 17: 680/1641 Loss: 0.428937
2026-08-22 01:39: Train Epoch 17: 700/1641 Loss: 0.446908
2026-08-22 01:39: Train Epoch 17: 720/1641 Loss: 0.448619
2026-08-22 01:39: Train Epoch 17: 740/1641 Loss: 0.434674
2026-08-22 01:39: Train Epoch 17: 760/1641 Loss: 0.442943
2026-08-22 01:39: Train Epoch 17: 780/1641 Loss: 0.452624
2026-08-22 01:39: Train Epoch 17: 800/1641 Loss: 0.439635
2026-08-22 01:39: Train Epoch 17: 820/1641 Loss: 0.430705
2026-08-22 01:39: Train Epoch 17: 840/1641 Loss: 0.435889
2026-08-22 01:39: Train Epoch 17: 860/1641 Loss: 0.464347
2026-08-22 01:39: Train Epoch 17: 880/1641 Loss: 0.445802
2026-08-22 01:39: Train Epoch 17: 900/1641 Loss: 0.447312
2026-08-22 01:39: Train Epoch 17: 920/1641 Loss: 0.439204
2026-08-22 01:39: Train Epoch 17: 940/1641 Loss: 0.416392
2026-08-22 01:39: Train Epoch 17: 960/1641 Loss: 0.433014
2026-08-22 01:39: Train Epoch 17: 980/1641 Loss: 0.427887
2026-08-22 01:39: Train Epoch 17: 1000/1641 Loss: 0.440808
2026-08-22 01:39: Train Epoch 17: 1020/1641 Loss: 0.429284
2026-08-22 01:39: Train Epoch 17: 1040/1641 Loss: 0.433409
2026-08-22 01:39: Train Epoch 17: 1060/1641 Loss: 0.460329
2026-08-22 01:40: Train Epoch 17: 1080/1641 Loss: 0.450950
2026-08-22 01:40: Train Epoch 17: 1100/1641 Loss: 0.422951
2026-08-22 01:40: Train Epoch 17: 1120/1641 Loss: 0.453625
2026-08-22 01:40: Train Epoch 17: 1140/1641 Loss: 0.432531
2026-08-22 01:40: Train Epoch 17: 1160/1641 Loss: 0.442837
2026-08-22 01:40: Train Epoch 17: 1180/1641 Loss: 0.449029
2026-08-22 01:40: Train Epoch 17: 1200/1641 Loss: 0.435766
2026-08-22 01:40: Train Epoch 17: 1220/1641 Loss: 0.446980
2026-08-22 01:40: Train Epoch 17: 1240/1641 Loss: 0.437269
2026-08-22 01:40: Train Epoch 17: 1260/1641 Loss: 0.457367
2026-08-22 01:40: Train Epoch 17: 1280/1641 Loss: 0.433434
2026-08-22 01:40: Train Epoch 17: 1300/1641 Loss: 0.442504
2026-08-22 01:40: Train Epoch 17: 1320/1641 Loss: 0.440475
2026-08-22 01:40: Train Epoch 17: 1340/1641 Loss: 0.424891
2026-08-22 01:40: Train Epoch 17: 1360/1641 Loss: 0.447743
2026-08-22 01:40: Train Epoch 17: 1380/1641 Loss: 0.424280
2026-08-22 01:40: Train Epoch 17: 1400/1641 Loss: 0.467323
2026-08-22 01:40: Train Epoch 17: 1420/1641 Loss: 0.442249
2026-08-22 01:40: Train Epoch 17: 1440/1641 Loss: 0.463479
2026-08-22 01:40: Train Epoch 17: 1460/1641 Loss: 0.468410
2026-08-22 01:40: Train Epoch 17: 1480/1641 Loss: 0.424900
2026-08-22 01:40: Train Epoch 17: 1500/1641 Loss: 0.432322
2026-08-22 01:40: Train Epoch 17: 1520/1641 Loss: 0.431474
2026-08-22 01:41: Train Epoch 17: 1540/1641 Loss: 0.432961
2026-08-22 01:41: Train Epoch 17: 1560/1641 Loss: 0.446006
2026-08-22 01:41: Train Epoch 17: 1580/1641 Loss: 0.454655
2026-08-22 01:41: Train Epoch 17: 1600/1641 Loss: 0.452167
2026-08-22 01:41: Train Epoch 17: 1620/1641 Loss: 0.445919
2026-08-22 01:41: Train Epoch 17: 1640/1641 Loss: 0.441640
2026-08-22 01:41: **********Train Epoch 17: averaged Loss: 0.445045, tf_ratio: 1.000000
2026-08-22 01:41: **********Val Epoch 17: average Loss: 0.525719
2026-08-22 01:41: Train Epoch 18: 0/1641 Loss: 0.446572
2026-08-22 01:41: Train Epoch 18: 20/1641 Loss: 0.443022
2026-08-22 01:41: Train Epoch 18: 40/1641 Loss: 0.439213
2026-08-22 01:41: Train Epoch 18: 60/1641 Loss: 0.435102
2026-08-22 01:41: Train Epoch 18: 80/1641 Loss: 0.463596
2026-08-22 01:41: Train Epoch 18: 100/1641 Loss: 0.408016
2026-08-22 01:41: Train Epoch 18: 120/1641 Loss: 0.420924
2026-08-22 01:41: Train Epoch 18: 140/1641 Loss: 0.436298
2026-08-22 01:41: Train Epoch 18: 160/1641 Loss: 0.416867
2026-08-22 01:42: Train Epoch 18: 180/1641 Loss: 0.459438
2026-08-22 01:42: Train Epoch 18: 200/1641 Loss: 0.456774
2026-08-22 01:42: Train Epoch 18: 220/1641 Loss: 0.411562
2026-08-22 01:42: Train Epoch 18: 240/1641 Loss: 0.447625
2026-08-22 01:42: Train Epoch 18: 260/1641 Loss: 0.459105
2026-08-22 01:42: Train Epoch 18: 280/1641 Loss: 0.459456
2026-08-22 01:42: Train Epoch 18: 300/1641 Loss: 0.434169
2026-08-22 01:42: Train Epoch 18: 320/1641 Loss: 0.444686
2026-08-22 01:42: Train Epoch 18: 340/1641 Loss: 0.451728
2026-08-22 01:42: Train Epoch 18: 360/1641 Loss: 0.426798
2026-08-22 01:42: Train Epoch 18: 380/1641 Loss: 0.438267
2026-08-22 01:42: Train Epoch 18: 400/1641 Loss: 0.454338
2026-08-22 01:42: Train Epoch 18: 420/1641 Loss: 0.431953
2026-08-22 01:42: Train Epoch 18: 440/1641 Loss: 0.424521
2026-08-22 01:42: Train Epoch 18: 460/1641 Loss: 0.458355
2026-08-22 01:42: Train Epoch 18: 480/1641 Loss: 0.465724
2026-08-22 01:42: Train Epoch 18: 500/1641 Loss: 0.432278
2026-08-22 01:42: Train Epoch 18: 520/1641 Loss: 0.450183
2026-08-22 01:42: Train Epoch 18: 540/1641 Loss: 0.438350
2026-08-22 01:42: Train Epoch 18: 560/1641 Loss: 0.434736
2026-08-22 01:42: Train Epoch 18: 580/1641 Loss: 0.433924
2026-08-22 01:42: Train Epoch 18: 600/1641 Loss: 0.428025
2026-08-22 01:43: Train Epoch 18: 620/1641 Loss: 0.446522
2026-08-22 01:43: Train Epoch 18: 640/1641 Loss: 0.433541
2026-08-22 01:43: Train Epoch 18: 660/1641 Loss: 0.449404
2026-08-22 01:43: Train Epoch 18: 680/1641 Loss: 0.445013
2026-08-22 01:43: Train Epoch 18: 700/1641 Loss: 0.425464
2026-08-22 01:43: Train Epoch 18: 720/1641 Loss: 0.438034
2026-08-22 01:43: Train Epoch 18: 740/1641 Loss: 0.465883
2026-08-22 01:43: Train Epoch 18: 760/1641 Loss: 0.460579
2026-08-22 01:43: Train Epoch 18: 780/1641 Loss: 0.421775
2026-08-22 01:43: Train Epoch 18: 800/1641 Loss: 0.424189
2026-08-22 01:43: Train Epoch 18: 820/1641 Loss: 0.440551
2026-08-22 01:43: Train Epoch 18: 840/1641 Loss: 0.436303
2026-08-22 01:43: Train Epoch 18: 860/1641 Loss: 0.442394
2026-08-22 01:43: Train Epoch 18: 880/1641 Loss: 0.430815
2026-08-22 01:43: Train Epoch 18: 900/1641 Loss: 0.448213
2026-08-22 01:43: Train Epoch 18: 920/1641 Loss: 0.439071
2026-08-22 01:43: Train Epoch 18: 940/1641 Loss: 0.445374
2026-08-22 01:43: Train Epoch 18: 960/1641 Loss: 0.443610
2026-08-22 01:43: Train Epoch 18: 980/1641 Loss: 0.427643
2026-08-22 01:43: Train Epoch 18: 1000/1641 Loss: 0.424897
2026-08-22 01:43: Train Epoch 18: 1020/1641 Loss: 0.452482
2026-08-22 01:43: Train Epoch 18: 1040/1641 Loss: 0.422673
2026-08-22 01:43: Train Epoch 18: 1060/1641 Loss: 0.458252
2026-08-22 01:44: Train Epoch 18: 1080/1641 Loss: 0.459131
2026-08-22 01:44: Train Epoch 18: 1100/1641 Loss: 0.444980
2026-08-22 01:44: Train Epoch 18: 1120/1641 Loss: 0.451862
2026-08-22 01:44: Train Epoch 18: 1140/1641 Loss: 0.432502
2026-08-22 01:44: Train Epoch 18: 1160/1641 Loss: 0.447504
2026-08-22 01:44: Train Epoch 18: 1180/1641 Loss: 0.400744
2026-08-22 01:44: Train Epoch 18: 1200/1641 Loss: 0.451807
2026-08-22 01:44: Train Epoch 18: 1220/1641 Loss: 0.432251
2026-08-22 01:44: Train Epoch 18: 1240/1641 Loss: 0.452237
2026-08-22 01:44: Train Epoch 18: 1260/1641 Loss: 0.435232
2026-08-22 01:44: Train Epoch 18: 1280/1641 Loss: 0.424408
2026-08-22 01:44: Train Epoch 18: 1300/1641 Loss: 0.456803
2026-08-22 01:44: Train Epoch 18: 1320/1641 Loss: 0.438253
2026-08-22 01:44: Train Epoch 18: 1340/1641 Loss: 0.442289
2026-08-22 01:44: Train Epoch 18: 1360/1641 Loss: 0.437819
2026-08-22 01:44: Train Epoch 18: 1380/1641 Loss: 0.428967
2026-08-22 01:44: Train Epoch 18: 1400/1641 Loss: 0.444336
2026-08-22 01:44: Train Epoch 18: 1420/1641 Loss: 0.435759
2026-08-22 01:44: Train Epoch 18: 1440/1641 Loss: 0.429536
2026-08-22 01:44: Train Epoch 18: 1460/1641 Loss: 0.441179
2026-08-22 01:44: Train Epoch 18: 1480/1641 Loss: 0.437226
2026-08-22 01:44: Train Epoch 18: 1500/1641 Loss: 0.443608
2026-08-22 01:44: Train Epoch 18: 1520/1641 Loss: 0.444569
2026-08-22 01:45: Train Epoch 18: 1540/1641 Loss: 0.430467
2026-08-22 01:45: Train Epoch 18: 1560/1641 Loss: 0.433161
2026-08-22 01:45: Train Epoch 18: 1580/1641 Loss: 0.407806
2026-08-22 01:45: Train Epoch 18: 1600/1641 Loss: 0.420864
2026-08-22 01:45: Train Epoch 18: 1620/1641 Loss: 0.413760
2026-08-22 01:45: Train Epoch 18: 1640/1641 Loss: 0.421785
2026-08-22 01:45: **********Train Epoch 18: averaged Loss: 0.440231, tf_ratio: 1.000000
2026-08-22 01:45: **********Val Epoch 18: average Loss: 0.530453
2026-08-22 01:45: Train Epoch 19: 0/1641 Loss: 0.433664
2026-08-22 01:45: Train Epoch 19: 20/1641 Loss: 0.430789
2026-08-22 01:45: Train Epoch 19: 40/1641 Loss: 0.449046
2026-08-22 01:45: Train Epoch 19: 60/1641 Loss: 0.428323
2026-08-22 01:45: Train Epoch 19: 80/1641 Loss: 0.431186
2026-08-22 01:45: Train Epoch 19: 100/1641 Loss: 0.429635
2026-08-22 01:45: Train Epoch 19: 120/1641 Loss: 0.445054
2026-08-22 01:45: Train Epoch 19: 140/1641 Loss: 0.452729
2026-08-22 01:45: Train Epoch 19: 160/1641 Loss: 0.436902
2026-08-22 01:45: Train Epoch 19: 180/1641 Loss: 0.437643
2026-08-22 01:46: Train Epoch 19: 200/1641 Loss: 0.437505
2026-08-22 01:46: Train Epoch 19: 220/1641 Loss: 0.437291
2026-08-22 01:46: Train Epoch 19: 240/1641 Loss: 0.430284
2026-08-22 01:46: Train Epoch 19: 260/1641 Loss: 0.440300
2026-08-22 01:46: Train Epoch 19: 280/1641 Loss: 0.432906
2026-08-22 01:46: Train Epoch 19: 300/1641 Loss: 0.446189
2026-08-22 01:46: Train Epoch 19: 320/1641 Loss: 0.420388
2026-08-22 01:46: Train Epoch 19: 340/1641 Loss: 0.430679
2026-08-22 01:46: Train Epoch 19: 360/1641 Loss: 0.432060
2026-08-22 01:46: Train Epoch 19: 380/1641 Loss: 0.439403
2026-08-22 01:46: Train Epoch 19: 400/1641 Loss: 0.421373
2026-08-22 01:46: Train Epoch 19: 420/1641 Loss: 0.439251
2026-08-22 01:46: Train Epoch 19: 440/1641 Loss: 0.444040
2026-08-22 01:46: Train Epoch 19: 460/1641 Loss: 0.424622
2026-08-22 01:46: Train Epoch 19: 480/1641 Loss: 0.435031
2026-08-22 01:46: Train Epoch 19: 500/1641 Loss: 0.415394
2026-08-22 01:46: Train Epoch 19: 520/1641 Loss: 0.440538
2026-08-22 01:46: Train Epoch 19: 540/1641 Loss: 0.436127
2026-08-22 01:46: Train Epoch 19: 560/1641 Loss: 0.444721
2026-08-22 01:46: Train Epoch 19: 580/1641 Loss: 0.439365
2026-08-22 01:46: Train Epoch 19: 600/1641 Loss: 0.474047
2026-08-22 01:46: Train Epoch 19: 620/1641 Loss: 0.462286
2026-08-22 01:46: Train Epoch 19: 640/1641 Loss: 0.406809
2026-08-22 01:47: Train Epoch 19: 660/1641 Loss: 0.421638
2026-08-22 01:47: Train Epoch 19: 680/1641 Loss: 0.415581
2026-08-22 01:47: Train Epoch 19: 700/1641 Loss: 0.456755
2026-08-22 01:47: Train Epoch 19: 720/1641 Loss: 0.416433
2026-08-22 01:47: Train Epoch 19: 740/1641 Loss: 0.460650
2026-08-22 01:47: Train Epoch 19: 760/1641 Loss: 0.432955
2026-08-22 01:47: Train Epoch 19: 780/1641 Loss: 0.444292
2026-08-22 01:47: Train Epoch 19: 800/1641 Loss: 0.450146
2026-08-22 01:47: Train Epoch 19: 820/1641 Loss: 0.420754
2026-08-22 01:47: Train Epoch 19: 840/1641 Loss: 0.428914
2026-08-22 01:47: Train Epoch 19: 860/1641 Loss: 0.434377
2026-08-22 01:47: Train Epoch 19: 880/1641 Loss: 0.413255
2026-08-22 01:47: Train Epoch 19: 900/1641 Loss: 0.468422
2026-08-22 01:47: Train Epoch 19: 920/1641 Loss: 0.440325
2026-08-22 01:47: Train Epoch 19: 940/1641 Loss: 0.443826
2026-08-22 01:47: Train Epoch 19: 960/1641 Loss: 0.404342
2026-08-22 01:47: Train Epoch 19: 980/1641 Loss: 0.428750
2026-08-22 01:47: Train Epoch 19: 1000/1641 Loss: 0.410131
2026-08-22 01:47: Train Epoch 19: 1020/1641 Loss: 0.422119
2026-08-22 01:47: Train Epoch 19: 1040/1641 Loss: 0.398224
2026-08-22 01:47: Train Epoch 19: 1060/1641 Loss: 0.429301
2026-08-22 01:47: Train Epoch 19: 1080/1641 Loss: 0.435362
2026-08-22 01:47: Train Epoch 19: 1100/1641 Loss: 0.454535
2026-08-22 01:48: Train Epoch 19: 1120/1641 Loss: 0.444447
2026-08-22 01:48: Train Epoch 19: 1140/1641 Loss: 0.446837
2026-08-22 01:48: Train Epoch 19: 1160/1641 Loss: 0.427777
2026-08-22 01:48: Train Epoch 19: 1180/1641 Loss: 0.435237
2026-08-22 01:48: Train Epoch 19: 1200/1641 Loss: 0.450591
2026-08-22 01:48: Train Epoch 19: 1220/1641 Loss: 0.441123
2026-08-22 01:48: Train Epoch 19: 1240/1641 Loss: 0.422264
2026-08-22 01:48: Train Epoch 19: 1260/1641 Loss: 0.444144
2026-08-22 01:48: Train Epoch 19: 1280/1641 Loss: 0.428158
2026-08-22 01:48: Train Epoch 19: 1300/1641 Loss: 0.461277
2026-08-22 01:48: Train Epoch 19: 1320/1641 Loss: 0.429581
2026-08-22 01:48: Train Epoch 19: 1340/1641 Loss: 0.458330
2026-08-22 01:48: Train Epoch 19: 1360/1641 Loss: 0.447494
2026-08-22 01:48: Train Epoch 19: 1380/1641 Loss: 0.427400
2026-08-22 01:48: Train Epoch 19: 1400/1641 Loss: 0.438691
2026-08-22 01:48: Train Epoch 19: 1420/1641 Loss: 0.440340
2026-08-22 01:48: Train Epoch 19: 1440/1641 Loss: 0.452127
2026-08-22 01:48: Train Epoch 19: 1460/1641 Loss: 0.455520
2026-08-22 01:48: Train Epoch 19: 1480/1641 Loss: 0.426911
2026-08-22 01:48: Train Epoch 19: 1500/1641 Loss: 0.454072
2026-08-22 01:48: Train Epoch 19: 1520/1641 Loss: 0.421705
2026-08-22 01:48: Train Epoch 19: 1540/1641 Loss: 0.425662
2026-08-22 01:48: Train Epoch 19: 1560/1641 Loss: 0.422951
2026-08-22 01:49: Train Epoch 19: 1580/1641 Loss: 0.429190
2026-08-22 01:49: Train Epoch 19: 1600/1641 Loss: 0.415280
2026-08-22 01:49: Train Epoch 19: 1620/1641 Loss: 0.448252
2026-08-22 01:49: Train Epoch 19: 1640/1641 Loss: 0.436189
2026-08-22 01:49: **********Train Epoch 19: averaged Loss: 0.435737, tf_ratio: 1.000000
2026-08-22 01:49: **********Val Epoch 19: average Loss: 0.528755
2026-08-22 01:49: Train Epoch 20: 0/1641 Loss: 0.427495
2026-08-22 01:49: Train Epoch 20: 20/1641 Loss: 0.425013
2026-08-22 01:49: Train Epoch 20: 40/1641 Loss: 0.459336
2026-08-22 01:49: Train Epoch 20: 60/1641 Loss: 0.415550
2026-08-22 01:49: Train Epoch 20: 80/1641 Loss: 0.441076
2026-08-22 01:49: Train Epoch 20: 100/1641 Loss: 0.431545
2026-08-22 01:49: Train Epoch 20: 120/1641 Loss: 0.435156
2026-08-22 01:49: Train Epoch 20: 140/1641 Loss: 0.442181
2026-08-22 01:49: Train Epoch 20: 160/1641 Loss: 0.425980
2026-08-22 01:49: Train Epoch 20: 180/1641 Loss: 0.427716
2026-08-22 01:49: Train Epoch 20: 200/1641 Loss: 0.430504
2026-08-22 01:50: Train Epoch 20: 220/1641 Loss: 0.447870
2026-08-22 01:50: Train Epoch 20: 240/1641 Loss: 0.437488
2026-08-22 01:50: Train Epoch 20: 260/1641 Loss: 0.416993
2026-08-22 01:50: Train Epoch 20: 280/1641 Loss: 0.418026
2026-08-22 01:50: Train Epoch 20: 300/1641 Loss: 0.417865
2026-08-22 01:50: Train Epoch 20: 320/1641 Loss: 0.412946
2026-08-22 01:50: Train Epoch 20: 340/1641 Loss: 0.421121
2026-08-22 01:50: Train Epoch 20: 360/1641 Loss: 0.418983
2026-08-22 01:50: Train Epoch 20: 380/1641 Loss: 0.424770
2026-08-22 01:50: Train Epoch 20: 400/1641 Loss: 0.440571
2026-08-22 01:50: Train Epoch 20: 420/1641 Loss: 0.444663
2026-08-22 01:50: Train Epoch 20: 440/1641 Loss: 0.408395
2026-08-22 01:50: Train Epoch 20: 460/1641 Loss: 0.407344
2026-08-22 01:50: Train Epoch 20: 480/1641 Loss: 0.429135
2026-08-22 01:50: Train Epoch 20: 500/1641 Loss: 0.454049
2026-08-22 01:50: Train Epoch 20: 520/1641 Loss: 0.416959
2026-08-22 01:50: Train Epoch 20: 540/1641 Loss: 0.424659
2026-08-22 01:50: Train Epoch 20: 560/1641 Loss: 0.444249
2026-08-22 01:50: Train Epoch 20: 580/1641 Loss: 0.440048
2026-08-22 01:50: Train Epoch 20: 600/1641 Loss: 0.428756
2026-08-22 01:50: Train Epoch 20: 620/1641 Loss: 0.443437
2026-08-22 01:50: Train Epoch 20: 640/1641 Loss: 0.417753
2026-08-22 01:50: Train Epoch 20: 660/1641 Loss: 0.409894
2026-08-22 01:51: Train Epoch 20: 680/1641 Loss: 0.423076
2026-08-22 01:51: Train Epoch 20: 700/1641 Loss: 0.426582
2026-08-22 01:51: Train Epoch 20: 720/1641 Loss: 0.433965
2026-08-22 01:51: Train Epoch 20: 740/1641 Loss: 0.454936
2026-08-22 01:51: Train Epoch 20: 760/1641 Loss: 0.418116
2026-08-22 01:51: Train Epoch 20: 780/1641 Loss: 0.458007
2026-08-22 01:51: Train Epoch 20: 800/1641 Loss: 0.417424
2026-08-22 01:51: Train Epoch 20: 820/1641 Loss: 0.429387
2026-08-22 01:51: Train Epoch 20: 840/1641 Loss: 0.437128
2026-08-22 01:51: Train Epoch 20: 860/1641 Loss: 0.430807
2026-08-22 01:51: Train Epoch 20: 880/1641 Loss: 0.408666
2026-08-22 01:51: Train Epoch 20: 900/1641 Loss: 0.434069
2026-08-22 01:51: Train Epoch 20: 920/1641 Loss: 0.435583
2026-08-22 01:51: Train Epoch 20: 940/1641 Loss: 0.435687
2026-08-22 01:51: Train Epoch 20: 960/1641 Loss: 0.423960
2026-08-22 01:51: Train Epoch 20: 980/1641 Loss: 0.427069
2026-08-22 01:51: Train Epoch 20: 1000/1641 Loss: 0.433217
2026-08-22 01:51: Train Epoch 20: 1020/1641 Loss: 0.443862
2026-08-22 01:51: Train Epoch 20: 1040/1641 Loss: 0.453926
2026-08-22 01:51: Train Epoch 20: 1060/1641 Loss: 0.430883
2026-08-22 01:51: Train Epoch 20: 1080/1641 Loss: 0.422611
2026-08-22 01:51: Train Epoch 20: 1100/1641 Loss: 0.410208
2026-08-22 01:52: Train Epoch 20: 1120/1641 Loss: 0.422111
2026-08-22 01:52: Train Epoch 20: 1140/1641 Loss: 0.416910
2026-08-22 01:52: Train Epoch 20: 1160/1641 Loss: 0.438302
2026-08-22 01:52: Train Epoch 20: 1180/1641 Loss: 0.434853
2026-08-22 01:52: Train Epoch 20: 1200/1641 Loss: 0.427478
2026-08-22 01:52: Train Epoch 20: 1220/1641 Loss: 0.422222
2026-08-22 01:52: Train Epoch 20: 1240/1641 Loss: 0.412597
2026-08-22 01:52: Train Epoch 20: 1260/1641 Loss: 0.414435
2026-08-22 01:52: Train Epoch 20: 1280/1641 Loss: 0.426718
2026-08-22 01:52: Train Epoch 20: 1300/1641 Loss: 0.434923
2026-08-22 01:52: Train Epoch 20: 1320/1641 Loss: 0.459513
2026-08-22 01:52: Train Epoch 20: 1340/1641 Loss: 0.438592
2026-08-22 01:52: Train Epoch 20: 1360/1641 Loss: 0.412363
2026-08-22 01:52: Train Epoch 20: 1380/1641 Loss: 0.453261
2026-08-22 01:52: Train Epoch 20: 1400/1641 Loss: 0.408680
2026-08-22 01:52: Train Epoch 20: 1420/1641 Loss: 0.426507
2026-08-22 01:52: Train Epoch 20: 1440/1641 Loss: 0.435875
2026-08-22 01:52: Train Epoch 20: 1460/1641 Loss: 0.423164
2026-08-22 01:52: Train Epoch 20: 1480/1641 Loss: 0.433191
2026-08-22 01:52: Train Epoch 20: 1500/1641 Loss: 0.421230
2026-08-22 01:52: Train Epoch 20: 1520/1641 Loss: 0.445562
2026-08-22 01:52: Train Epoch 20: 1540/1641 Loss: 0.450047
2026-08-22 01:53: Train Epoch 20: 1560/1641 Loss: 0.409128
2026-08-22 01:53: Train Epoch 20: 1580/1641 Loss: 0.435673
2026-08-22 01:53: Train Epoch 20: 1600/1641 Loss: 0.436846
2026-08-22 01:53: Train Epoch 20: 1620/1641 Loss: 0.439721
2026-08-22 01:53: Train Epoch 20: 1640/1641 Loss: 0.450043
2026-08-22 01:53: **********Train Epoch 20: averaged Loss: 0.431250, tf_ratio: 1.000000
2026-08-22 01:53: **********Val Epoch 20: average Loss: 0.533647
2026-08-22 01:53: Train Epoch 21: 0/1641 Loss: 0.425165
2026-08-22 01:53: Train Epoch 21: 20/1641 Loss: 0.450888
2026-08-22 01:53: Train Epoch 21: 40/1641 Loss: 0.441658
2026-08-22 01:53: Train Epoch 21: 60/1641 Loss: 0.418045
2026-08-22 01:53: Train Epoch 21: 80/1641 Loss: 0.407822
2026-08-22 01:53: Train Epoch 21: 100/1641 Loss: 0.433161
2026-08-22 01:53: Train Epoch 21: 120/1641 Loss: 0.434779
2026-08-22 01:53: Train Epoch 21: 140/1641 Loss: 0.423255
2026-08-22 01:53: Train Epoch 21: 160/1641 Loss: 0.417463
2026-08-22 01:53: Train Epoch 21: 180/1641 Loss: 0.407141
2026-08-22 01:54: Train Epoch 21: 200/1641 Loss: 0.410139
2026-08-22 01:54: Train Epoch 21: 220/1641 Loss: 0.422202
2026-08-22 01:54: Train Epoch 21: 240/1641 Loss: 0.425515
2026-08-22 01:54: Train Epoch 21: 260/1641 Loss: 0.442268
2026-08-22 01:54: Train Epoch 21: 280/1641 Loss: 0.409600
2026-08-22 01:54: Train Epoch 21: 300/1641 Loss: 0.443839
2026-08-22 01:54: Train Epoch 21: 320/1641 Loss: 0.427159
2026-08-22 01:54: Train Epoch 21: 340/1641 Loss: 0.407288
2026-08-22 01:54: Train Epoch 21: 360/1641 Loss: 0.432911
2026-08-22 01:54: Train Epoch 21: 380/1641 Loss: 0.428463
2026-08-22 01:54: Train Epoch 21: 400/1641 Loss: 0.436798
2026-08-22 01:54: Train Epoch 21: 420/1641 Loss: 0.429751
2026-08-22 01:54: Train Epoch 21: 440/1641 Loss: 0.432219
2026-08-22 01:54: Train Epoch 21: 460/1641 Loss: 0.416365
2026-08-22 01:54: Train Epoch 21: 480/1641 Loss: 0.426308
2026-08-22 01:54: Train Epoch 21: 500/1641 Loss: 0.425609
2026-08-22 01:54: Train Epoch 21: 520/1641 Loss: 0.447351
2026-08-22 01:54: Train Epoch 21: 540/1641 Loss: 0.419471
2026-08-22 01:54: Train Epoch 21: 560/1641 Loss: 0.416786
2026-08-22 01:54: Train Epoch 21: 580/1641 Loss: 0.418832
2026-08-22 01:54: Train Epoch 21: 600/1641 Loss: 0.413673
2026-08-22 01:54: Train Epoch 21: 620/1641 Loss: 0.438282
2026-08-22 01:54: Train Epoch 21: 640/1641 Loss: 0.430336
2026-08-22 01:55: Train Epoch 21: 660/1641 Loss: 0.399517
2026-08-22 01:55: Train Epoch 21: 680/1641 Loss: 0.440894
2026-08-22 01:55: Train Epoch 21: 700/1641 Loss: 0.427218
2026-08-22 01:55: Train Epoch 21: 720/1641 Loss: 0.428998
2026-08-22 01:55: Train Epoch 21: 740/1641 Loss: 0.422011
2026-08-22 01:55: Train Epoch 21: 760/1641 Loss: 0.424762
2026-08-22 01:55: Train Epoch 21: 780/1641 Loss: 0.426206
2026-08-22 01:55: Train Epoch 21: 800/1641 Loss: 0.431630
2026-08-22 01:55: Train Epoch 21: 820/1641 Loss: 0.428631
2026-08-22 01:55: Train Epoch 21: 840/1641 Loss: 0.419151
2026-08-22 01:55: Train Epoch 21: 860/1641 Loss: 0.417022
2026-08-22 01:55: Train Epoch 21: 880/1641 Loss: 0.426682
2026-08-22 01:55: Train Epoch 21: 900/1641 Loss: 0.425887
2026-08-22 01:55: Train Epoch 21: 920/1641 Loss: 0.403399
2026-08-22 01:55: Train Epoch 21: 940/1641 Loss: 0.423423
2026-08-22 01:55: Train Epoch 21: 960/1641 Loss: 0.419963
2026-08-22 01:55: Train Epoch 21: 980/1641 Loss: 0.441172
2026-08-22 01:55: Train Epoch 21: 1000/1641 Loss: 0.412252
2026-08-22 01:55: Train Epoch 21: 1020/1641 Loss: 0.396577
2026-08-22 01:55: Train Epoch 21: 1040/1641 Loss: 0.417702
2026-08-22 01:55: Train Epoch 21: 1060/1641 Loss: 0.438632
2026-08-22 01:55: Train Epoch 21: 1080/1641 Loss: 0.418351
2026-08-22 01:55: Train Epoch 21: 1100/1641 Loss: 0.446296
2026-08-22 01:56: Train Epoch 21: 1120/1641 Loss: 0.415998
2026-08-22 01:56: Train Epoch 21: 1140/1641 Loss: 0.429251
2026-08-22 01:56: Train Epoch 21: 1160/1641 Loss: 0.389810
2026-08-22 01:56: Train Epoch 21: 1180/1641 Loss: 0.437323
2026-08-22 01:56: Train Epoch 21: 1200/1641 Loss: 0.433980
2026-08-22 01:56: Train Epoch 21: 1220/1641 Loss: 0.425442
2026-08-22 01:56: Train Epoch 21: 1240/1641 Loss: 0.408786
2026-08-22 01:56: Train Epoch 21: 1260/1641 Loss: 0.445502
2026-08-22 01:56: Train Epoch 21: 1280/1641 Loss: 0.436592
2026-08-22 01:56: Train Epoch 21: 1300/1641 Loss: 0.454768
2026-08-22 01:56: Train Epoch 21: 1320/1641 Loss: 0.404308
2026-08-22 01:56: Train Epoch 21: 1340/1641 Loss: 0.406682
2026-08-22 01:56: Train Epoch 21: 1360/1641 Loss: 0.410847
2026-08-22 01:56: Train Epoch 21: 1380/1641 Loss: 0.433609
2026-08-22 01:56: Train Epoch 21: 1400/1641 Loss: 0.419494
2026-08-22 01:56: Train Epoch 21: 1420/1641 Loss: 0.424446
2026-08-22 01:56: Train Epoch 21: 1440/1641 Loss: 0.426818
2026-08-22 01:56: Train Epoch 21: 1460/1641 Loss: 0.434402
2026-08-22 01:56: Train Epoch 21: 1480/1641 Loss: 0.422304
2026-08-22 01:56: Train Epoch 21: 1500/1641 Loss: 0.422063
2026-08-22 01:56: Train Epoch 21: 1520/1641 Loss: 0.420114
2026-08-22 01:56: Train Epoch 21: 1540/1641 Loss: 0.413985
2026-08-22 01:56: Train Epoch 21: 1560/1641 Loss: 0.441077
2026-08-22 01:57: Train Epoch 21: 1580/1641 Loss: 0.428700
2026-08-22 01:57: Train Epoch 21: 1600/1641 Loss: 0.437096
2026-08-22 01:57: Train Epoch 21: 1620/1641 Loss: 0.433334
2026-08-22 01:57: Train Epoch 21: 1640/1641 Loss: 0.417817
2026-08-22 01:57: **********Train Epoch 21: averaged Loss: 0.427188, tf_ratio: 1.000000
2026-08-22 01:57: **********Val Epoch 21: average Loss: 0.536954
2026-08-22 01:57: Validation performance didn't improve for 15 epochs. Training stops.
2026-08-22 01:57: Total training time: 85.8543min, best loss: 0.505884
2026-08-22 01:57: Saving current best model to /scratch/chkkar002/Diffusion_Based_STGNNs/RealValue/AGCRN/model/experiments/SAWS/20260822003136/best_model.pth
2026-08-22 01:57: Horizon 01, MAE: 0.27, RMSE: 0.38, MAPE: 230.2598%
2026-08-22 01:57: Horizon 02, MAE: 0.35, RMSE: 0.48, MAPE: 283.2103%
2026-08-22 01:57: Horizon 03, MAE: 0.39, RMSE: 0.54, MAPE: 310.2913%
2026-08-22 01:57: Horizon 04, MAE: 0.42, RMSE: 0.58, MAPE: 319.8040%
2026-08-22 01:57: Horizon 05, MAE: 0.44, RMSE: 0.61, MAPE: 328.4975%
2026-08-22 01:57: Horizon 06, MAE: 0.46, RMSE: 0.64, MAPE: 334.1175%
2026-08-22 01:57: Horizon 07, MAE: 0.47, RMSE: 0.66, MAPE: 343.1551%
2026-08-22 01:57: Horizon 08, MAE: 0.48, RMSE: 0.67, MAPE: 350.4082%
2026-08-22 01:57: Horizon 09, MAE: 0.49, RMSE: 0.69, MAPE: 353.3385%
2026-08-22 01:57: Horizon 10, MAE: 0.49, RMSE: 0.70, MAPE: 354.1259%
2026-08-22 01:57: Horizon 11, MAE: 0.50, RMSE: 0.71, MAPE: 356.3345%
2026-08-22 01:57: Horizon 12, MAE: 0.50, RMSE: 0.71, MAPE: 358.5681%
2026-08-22 01:57: Horizon 13, MAE: 0.51, RMSE: 0.72, MAPE: 361.9163%
2026-08-22 01:57: Horizon 14, MAE: 0.51, RMSE: 0.72, MAPE: 364.0056%
2026-08-22 01:57: Horizon 15, MAE: 0.51, RMSE: 0.73, MAPE: 362.8196%
2026-08-22 01:57: Horizon 16, MAE: 0.51, RMSE: 0.73, MAPE: 364.2481%
2026-08-22 01:57: Horizon 17, MAE: 0.52, RMSE: 0.74, MAPE: 365.3281%
2026-08-22 01:57: Horizon 18, MAE: 0.52, RMSE: 0.74, MAPE: 366.7346%
2026-08-22 01:57: Horizon 19, MAE: 0.52, RMSE: 0.74, MAPE: 363.8015%
2026-08-22 01:57: Horizon 20, MAE: 0.52, RMSE: 0.74, MAPE: 359.3251%
2026-08-22 01:57: Horizon 21, MAE: 0.52, RMSE: 0.75, MAPE: 361.6486%
2026-08-22 01:57: Horizon 22, MAE: 0.52, RMSE: 0.75, MAPE: 362.5327%
2026-08-22 01:57: Horizon 23, MAE: 0.52, RMSE: 0.75, MAPE: 368.0786%
2026-08-22 01:57: Horizon 24, MAE: 0.52, RMSE: 0.75, MAPE: 368.8580%
2026-08-22 01:57: Horizon 25, MAE: 0.53, RMSE: 0.75, MAPE: 374.7207%
2026-08-22 01:57: Horizon 26, MAE: 0.53, RMSE: 0.75, MAPE: 375.3351%
2026-08-22 01:57: Horizon 27, MAE: 0.53, RMSE: 0.76, MAPE: 374.0667%
2026-08-22 01:57: Horizon 28, MAE: 0.54, RMSE: 0.76, MAPE: 374.8292%
2026-08-22 01:57: Horizon 29, MAE: 0.54, RMSE: 0.76, MAPE: 372.8187%
2026-08-22 01:57: Horizon 30, MAE: 0.54, RMSE: 0.77, MAPE: 374.6493%
2026-08-22 01:57: Horizon 31, MAE: 0.54, RMSE: 0.77, MAPE: 374.7812%
2026-08-22 01:57: Horizon 32, MAE: 0.54, RMSE: 0.77, MAPE: 375.2985%
2026-08-22 01:57: Horizon 33, MAE: 0.54, RMSE: 0.77, MAPE: 374.6281%
2026-08-22 01:57: Horizon 34, MAE: 0.54, RMSE: 0.77, MAPE: 373.5842%
2026-08-22 01:57: Horizon 35, MAE: 0.54, RMSE: 0.77, MAPE: 373.5116%
2026-08-22 01:57: Horizon 36, MAE: 0.54, RMSE: 0.77, MAPE: 374.9157%
2026-08-22 01:57: Horizon 37, MAE: 0.54, RMSE: 0.77, MAPE: 374.1290%
2026-08-22 01:57: Horizon 38, MAE: 0.54, RMSE: 0.77, MAPE: 374.9073%
2026-08-22 01:57: Horizon 39, MAE: 0.54, RMSE: 0.77, MAPE: 375.9259%
2026-08-22 01:57: Horizon 40, MAE: 0.54, RMSE: 0.77, MAPE: 374.7592%
2026-08-22 01:57: Horizon 41, MAE: 0.54, RMSE: 0.77, MAPE: 375.2489%
2026-08-22 01:57: Horizon 42, MAE: 0.54, RMSE: 0.77, MAPE: 374.1807%
2026-08-22 01:57: Horizon 43, MAE: 0.54, RMSE: 0.77, MAPE: 374.2764%
2026-08-22 01:57: Horizon 44, MAE: 0.54, RMSE: 0.77, MAPE: 371.1860%
2026-08-22 01:57: Horizon 45, MAE: 0.54, RMSE: 0.77, MAPE: 371.6179%
2026-08-22 01:57: Horizon 46, MAE: 0.54, RMSE: 0.77, MAPE: 376.9258%
2026-08-22 01:57: Horizon 47, MAE: 0.54, RMSE: 0.77, MAPE: 376.2800%
2026-08-22 01:57: Horizon 48, MAE: 0.54, RMSE: 0.77, MAPE: 374.3014%
2026-08-22 01:57: Average Horizon, MAE: 0.51, RMSE: 0.73, MAPE: 359.9691%
2026-08-22 01:57: Horizon 01, MAE: 0.60, RMSE: 0.84, MAPE: 40.6068%
2026-08-22 01:57: Horizon 02, MAE: 0.76, RMSE: 1.07, MAPE: 50.3481%
2026-08-22 01:57: Horizon 03, MAE: 0.86, RMSE: 1.20, MAPE: 54.2616%
2026-08-22 01:57: Horizon 04, MAE: 0.92, RMSE: 1.29, MAPE: 57.3156%
2026-08-22 01:57: Horizon 05, MAE: 0.97, RMSE: 1.36, MAPE: 59.0769%
2026-08-22 01:57: Horizon 06, MAE: 1.01, RMSE: 1.41, MAPE: 58.7399%
2026-08-22 01:57: Horizon 07, MAE: 1.04, RMSE: 1.45, MAPE: 58.8666%
2026-08-22 01:57: Horizon 08, MAE: 1.06, RMSE: 1.49, MAPE: 60.3208%
2026-08-22 01:57: Horizon 09, MAE: 1.08, RMSE: 1.52, MAPE: 61.0594%
2026-08-22 01:57: Horizon 10, MAE: 1.09, RMSE: 1.54, MAPE: 60.1731%
2026-08-22 01:57: Horizon 11, MAE: 1.11, RMSE: 1.56, MAPE: 60.6357%
2026-08-22 01:57: Horizon 12, MAE: 1.11, RMSE: 1.57, MAPE: 60.0931%
2026-08-22 01:57: Horizon 13, MAE: 1.12, RMSE: 1.59, MAPE: 59.4996%
2026-08-22 01:57: Horizon 14, MAE: 1.13, RMSE: 1.60, MAPE: 59.4613%
2026-08-22 01:57: Horizon 15, MAE: 1.13, RMSE: 1.61, MAPE: 58.2647%
2026-08-22 01:57: Horizon 16, MAE: 1.14, RMSE: 1.62, MAPE: 58.1754%
2026-08-22 01:57: Horizon 17, MAE: 1.14, RMSE: 1.62, MAPE: 56.9863%
2026-08-22 01:57: Horizon 18, MAE: 1.15, RMSE: 1.63, MAPE: 56.5458%
2026-08-22 01:57: Horizon 19, MAE: 1.15, RMSE: 1.64, MAPE: 55.9325%
2026-08-22 01:57: Horizon 20, MAE: 1.15, RMSE: 1.64, MAPE: 55.2651%
2026-08-22 01:57: Horizon 21, MAE: 1.15, RMSE: 1.65, MAPE: 55.3629%
2026-08-22 01:57: Horizon 22, MAE: 1.16, RMSE: 1.65, MAPE: 55.2403%
2026-08-22 01:57: Horizon 23, MAE: 1.16, RMSE: 1.65, MAPE: 55.4207%
2026-08-22 01:57: Horizon 24, MAE: 1.16, RMSE: 1.65, MAPE: 55.7393%
2026-08-22 01:57: Horizon 25, MAE: 1.17, RMSE: 1.66, MAPE: 56.6795%
2026-08-22 01:57: Horizon 26, MAE: 1.17, RMSE: 1.67, MAPE: 56.9812%
2026-08-22 01:57: Horizon 27, MAE: 1.18, RMSE: 1.68, MAPE: 56.3100%
2026-08-22 01:57: Horizon 28, MAE: 1.18, RMSE: 1.68, MAPE: 57.1281%
2026-08-22 01:57: Horizon 29, MAE: 1.19, RMSE: 1.69, MAPE: 57.4180%
2026-08-22 01:57: Horizon 30, MAE: 1.19, RMSE: 1.69, MAPE: 59.5701%
2026-08-22 01:57: Horizon 31, MAE: 1.19, RMSE: 1.69, MAPE: 60.5589%
2026-08-22 01:57: Horizon 32, MAE: 1.19, RMSE: 1.70, MAPE: 61.8373%
2026-08-22 01:57: Horizon 33, MAE: 1.19, RMSE: 1.69, MAPE: 60.7649%
2026-08-22 01:57: Horizon 34, MAE: 1.19, RMSE: 1.70, MAPE: 59.3328%
2026-08-22 01:57: Horizon 35, MAE: 1.19, RMSE: 1.70, MAPE: 58.0648%
2026-08-22 01:57: Horizon 36, MAE: 1.20, RMSE: 1.70, MAPE: 57.3962%
2026-08-22 01:57: Horizon 37, MAE: 1.20, RMSE: 1.70, MAPE: 57.8814%
2026-08-22 01:57: Horizon 38, MAE: 1.20, RMSE: 1.70, MAPE: 57.9448%
2026-08-22 01:57: Horizon 39, MAE: 1.20, RMSE: 1.70, MAPE: 58.3241%
2026-08-22 01:57: Horizon 40, MAE: 1.20, RMSE: 1.70, MAPE: 58.2502%
2026-08-22 01:57: Horizon 41, MAE: 1.20, RMSE: 1.70, MAPE: 58.8403%
2026-08-22 01:57: Horizon 42, MAE: 1.20, RMSE: 1.70, MAPE: 59.0645%
2026-08-22 01:57: Horizon 43, MAE: 1.20, RMSE: 1.70, MAPE: 60.3688%
2026-08-22 01:57: Horizon 44, MAE: 1.20, RMSE: 1.70, MAPE: 60.0526%
2026-08-22 01:57: Horizon 45, MAE: 1.20, RMSE: 1.70, MAPE: 61.2134%
2026-08-22 01:57: Horizon 46, MAE: 1.20, RMSE: 1.71, MAPE: 61.5887%
2026-08-22 01:57: Horizon 47, MAE: 1.20, RMSE: 1.71, MAPE: 62.0943%
2026-08-22 01:57: Horizon 48, MAE: 1.20, RMSE: 1.70, MAPE: 64.6915%
2026-08-22 01:57: Average Horizon, MAE: 1.12, RMSE: 1.60, MAPE: 58.0364%
2026-08-22 01:57: VPT (threshold=0.50): mean=1.77 steps, median=1.00, std=2.51, range=[0, 41]
wandb: updating run metadata
wandb: uploading output.log; uploading wandb-summary.json; uploading config.yaml
wandb: uploading output.log; uploading wandb-summary.json
wandb: uploading output.log
wandb: uploading summary, console lines 1894-1894
wandb: 
wandb: Run history:
wandb:          epoch ▁▁▁▁▂▂▂▂▂▂▃▃▃▃▃▃▄▄▄▄▅▅▅▅▅▆▆▆▆▆▆▇▇▇▇▇▇███
wandb:     train/loss █▅▅▅▄▄▄▄▄▃▃▃▃▂▂▂▂▂▁▁▁
wandb: train/tf_ratio ▁▁▁▁▁▁▁▁▁▁▁▁▁▁▁▁▁▁▁▁▁
wandb:       val/loss ▆▄▂▂▁▁▂▂▃▃▄▄▅▅▆▆▅▇▆▇█
wandb: 
wandb: Run summary:
wandb:     best_val_loss 0.50588
wandb:             epoch 21
wandb:      test_vpt_max 41
wandb:     test_vpt_mean 1.77112
wandb:   test_vpt_median 1
wandb:      test_vpt_min 0
wandb:      test_vpt_std 2.50582
wandb:        train/loss 0.42719
wandb:    train/tf_ratio 1
wandb: training_time_min 85.85435
wandb:                +1 ...
wandb: 
wandb: 🚀 View run AGCRN_RV_WindDir at: https://wandb.ai/chkkar002-university-of-cape-town/stgnn-weather/runs/ebdh764f
wandb: ⭐️ View project at: https://wandb.ai/chkkar002-university-of-cape-town/stgnn-weather
wandb: Synced 5 W&B file(s), 0 media file(s), 0 artifact file(s) and 0 other file(s)
wandb: Find logs at: ./wandb/run-20260822_003137-ebdh764f/logs
/scratch/chkkar002/Diffusion_Based_STGNNs/RealValue/AGCRN
Read configuration file: ./SAWS_AGCRN.conf
*****************Model Parameter*****************
node_embeddings torch.Size([32, 30]) True
encoder.dcrnn_cells.0.gate.weights_pool torch.Size([30, 2, 65, 128]) True
encoder.dcrnn_cells.0.gate.bias_pool torch.Size([30, 128]) True
encoder.dcrnn_cells.0.update.weights_pool torch.Size([30, 2, 65, 64]) True
encoder.dcrnn_cells.0.update.bias_pool torch.Size([30, 64]) True
encoder.dcrnn_cells.1.gate.weights_pool torch.Size([30, 2, 128, 128]) True
encoder.dcrnn_cells.1.gate.bias_pool torch.Size([30, 128]) True
encoder.dcrnn_cells.1.update.weights_pool torch.Size([30, 2, 128, 64]) True
encoder.dcrnn_cells.1.update.bias_pool torch.Size([30, 64]) True
end_conv.weight torch.Size([48, 1, 1, 64]) True
end_conv.bias torch.Size([48]) True
Total params num: 2238960
*****************Finish Parameter****************
Load SAWS Dataset shaped:  (87672, 32, 1) 22.8 0.0 2.68212 2.3
Normalize the dataset by Standard Normalization
[[[-0.5805008 ]
  [ 0.41558507]
  [ 0.1892019 ]
  ...
  [ 0.7777982 ]
  [-1.2143736 ]
  [-0.6257774 ]]

 [[-0.71633065]
  [-0.08245784]
  [ 0.7325216 ]
  ...
  [ 0.00809545]
  [-0.6257774 ]
  [-0.671054  ]]

 [[-1.2143736 ]
  [-0.12773442]
  [ 0.64196825]
  ...
  [-0.03718125]
  [-0.6257774 ]
  [-0.5805008 ]]

 ...

 [[ 0.68724483]
  [ 0.41558507]
  [ 1.6380543 ]
  ...
  [ 0.5061383 ]
  [ 0.06245347]
  [-0.39939427]]

 [[ 1.3663943 ]
  [ 0.00809545]
  [ 1.8191605 ]
  ...
  [ 0.68724483]
  [-0.24312869]
  [-0.308841  ]]

 [[ 1.185288  ]
  [-0.39939427]
  [ 1.3211176 ]
  ...
  [ 0.32503188]
  [-0.37833148]
  [ 0.41558507]]]
[[[ 5.5141503e-01]
  [-3.5411763e-01]
  [ 1.3663943e+00]
  ...
  [ 2.3447861e-01]
  [-5.2899045e-01]
  [-5.3522414e-01]]

 [[ 1.8920191e-01]
  [-5.3522414e-01]
  [ 1.1852880e+00]
  ...
  [ 3.2503188e-01]
  [-6.9365811e-01]
  [-5.8050078e-01]]

 [[ 8.0954451e-03]
  [-5.8050078e-01]
  [ 4.1558507e-01]
  ...
  [ 1.8920191e-01]
  [-9.7991878e-01]
  [-1.7301112e-01]]

 ...

 [[ 2.3447861e-01]
  [-1.5264049e-01]
  [ 6.8724483e-01]
  ...
  [-1.2773442e-01]
  [-5.8050078e-01]
  [-1.2143736e+00]]

 [[ 8.2307482e-01]
  [-1.0509808e-03]
  [ 8.6835140e-01]
  ...
  [ 2.7975520e-01]
  [-6.2577742e-01]
  [-1.2143736e+00]]

 [[ 5.0613832e-01]
  [ 1.3533255e-01]
  [ 8.0954451e-03]
  ...
  [ 5.9669161e-01]
  [-4.8994753e-01]
  [-6.7105401e-01]]]
[[[ 0.7325216 ]
  [ 0.27367255]
  [-0.35411763]
  ...
  [ 0.913628  ]
  [-0.35411763]
  [-0.4446709 ]]

 [[ 0.64196825]
  [ 0.35570237]
  [-0.08245784]
  ...
  [ 0.68724483]
  [-0.39939427]
  [-0.2635644 ]]

 [[ 0.68724483]
  [ 0.42650637]
  [ 0.05337203]
  ...
  [ 0.9589048 ]
  [-0.2635644 ]
  [ 0.1892019 ]]

 ...

 [[-0.35411763]
  [-0.35411763]
  [-0.2635644 ]
  ...
  [-0.08936899]
  [-0.17301112]
  [-1.2143736 ]]

 [[-1.2143736 ]
  [-0.2635644 ]
  [-0.03718125]
  ...
  [-0.132633  ]
  [-1.2143736 ]
  [-1.2143736 ]]

 [[-1.2143736 ]
  [-0.48994753]
  [ 0.68724483]
  ...
  [-0.14636461]
  [-1.2143736 ]
  [-1.2143736 ]]]
Train:  (52533, 24, 32, 1) (52533, 48, 32, 1)
Val:  (17463, 24, 32, 1) (17463, 48, 32, 1)
Test:  (17463, 24, 32, 1) (17463, 48, 32, 1)
mae
Creat Log File in:  /scratch/chkkar002/Diffusion_Based_STGNNs/RealValue/AGCRN/model/experiments/SAWS/20260822003136/run.log
