=================================================================
Running Run.py | Seed: 1
=================================================================
/scratch/chkkar002/Diffusion_Based_STGNNs/RealValue/AGCRN/lib/dataloader.py:80: UserWarning: The torch.cuda.*DtypeTensor constructors are no longer recommended. It's best to use methods such as torch.tensor(data, dtype=*, device='cuda') to create tensors. (Triggered internally at /pytorch/torch/csrc/tensor/python_tensor.cpp:78.)
  X, Y = TensorFloat(X), TensorFloat(Y)
wandb: [wandb.login()] Loaded credentials for https://api.wandb.ai from /home/chkkar002/.netrc.
wandb: Currently logged in as: chkkar002 (chkkar002-university-of-cape-town) to https://api.wandb.ai. Use `wandb login --relogin` to force relogin
wandb: WARNING Using a boolean value for 'reinit' is deprecated. Use 'return_previous' or 'finish_previous' instead.
wandb: setting up run r2z2b9xd
wandb: Tracking run with wandb version 0.26.1
wandb: Run data is saved locally in /scratch/chkkar002/Diffusion_Based_STGNNs/RealValue/AGCRN/model/wandb/run-20260823_032407-r2z2b9xd
wandb: Run `wandb offline` to turn off syncing.
wandb: Syncing run AGCRN_WindSp
wandb: ⭐️ View project at https://wandb.ai/chkkar002-university-of-cape-town/stgnn-weather
wandb: 🚀 View run at https://wandb.ai/chkkar002-university-of-cape-town/stgnn-weather/runs/r2z2b9xd
2026-08-23 03:24: Experiment log path in: /scratch/chkkar002/Diffusion_Based_STGNNs/RealValue/AGCRN/model/experiments/SAWS/20260823032406
2026-08-23 03:24: Train Epoch 1: 0/1641 Loss: 1.013240
2026-08-23 03:24: Train Epoch 1: 20/1641 Loss: 0.960604
2026-08-23 03:24: Train Epoch 1: 40/1641 Loss: 0.941365
2026-08-23 03:24: Train Epoch 1: 60/1641 Loss: 0.825909
2026-08-23 03:24: Train Epoch 1: 80/1641 Loss: 0.776730
2026-08-23 03:24: Train Epoch 1: 100/1641 Loss: 0.820383
2026-08-23 03:24: Train Epoch 1: 120/1641 Loss: 0.819024
2026-08-23 03:24: Train Epoch 1: 140/1641 Loss: 0.778903
2026-08-23 03:24: Train Epoch 1: 160/1641 Loss: 0.775391
2026-08-23 03:24: Train Epoch 1: 180/1641 Loss: 0.823593
2026-08-23 03:24: Train Epoch 1: 200/1641 Loss: 0.810719
2026-08-23 03:24: Train Epoch 1: 220/1641 Loss: 0.747840
2026-08-23 03:24: Train Epoch 1: 240/1641 Loss: 0.787573
2026-08-23 03:24: Train Epoch 1: 260/1641 Loss: 0.795822
2026-08-23 03:24: Train Epoch 1: 280/1641 Loss: 0.799531
2026-08-23 03:24: Train Epoch 1: 300/1641 Loss: 0.747851
2026-08-23 03:24: Train Epoch 1: 320/1641 Loss: 0.772377
2026-08-23 03:24: Train Epoch 1: 340/1641 Loss: 0.780119
2026-08-23 03:24: Train Epoch 1: 360/1641 Loss: 0.759478
2026-08-23 03:25: Train Epoch 1: 380/1641 Loss: 0.774395
2026-08-23 03:25: Train Epoch 1: 400/1641 Loss: 0.774801
2026-08-23 03:25: Train Epoch 1: 420/1641 Loss: 0.777001
2026-08-23 03:25: Train Epoch 1: 440/1641 Loss: 0.762638
2026-08-23 03:25: Train Epoch 1: 460/1641 Loss: 0.747616
2026-08-23 03:25: Train Epoch 1: 480/1641 Loss: 0.748867
2026-08-23 03:25: Train Epoch 1: 500/1641 Loss: 0.753447
2026-08-23 03:25: Train Epoch 1: 520/1641 Loss: 0.758530
2026-08-23 03:25: Train Epoch 1: 540/1641 Loss: 0.768959
2026-08-23 03:25: Train Epoch 1: 560/1641 Loss: 0.754321
2026-08-23 03:25: Train Epoch 1: 580/1641 Loss: 0.736319
2026-08-23 03:25: Train Epoch 1: 600/1641 Loss: 0.760949
2026-08-23 03:25: Train Epoch 1: 620/1641 Loss: 0.777920
2026-08-23 03:25: Train Epoch 1: 640/1641 Loss: 0.729487
2026-08-23 03:25: Train Epoch 1: 660/1641 Loss: 0.756700
2026-08-23 03:25: Train Epoch 1: 680/1641 Loss: 0.768280
2026-08-23 03:25: Train Epoch 1: 700/1641 Loss: 0.768508
2026-08-23 03:25: Train Epoch 1: 720/1641 Loss: 0.741928
2026-08-23 03:25: Train Epoch 1: 740/1641 Loss: 0.748132
2026-08-23 03:25: Train Epoch 1: 760/1641 Loss: 0.738700
2026-08-23 03:25: Train Epoch 1: 780/1641 Loss: 0.715611
2026-08-23 03:25: Train Epoch 1: 800/1641 Loss: 0.722348
2026-08-23 03:26: Train Epoch 1: 820/1641 Loss: 0.719746
2026-08-23 03:26: Train Epoch 1: 840/1641 Loss: 0.734420
2026-08-23 03:26: Train Epoch 1: 860/1641 Loss: 0.717985
2026-08-23 03:26: Train Epoch 1: 880/1641 Loss: 0.716881
2026-08-23 03:26: Train Epoch 1: 900/1641 Loss: 0.718942
2026-08-23 03:26: Train Epoch 1: 920/1641 Loss: 0.730867
2026-08-23 03:26: Train Epoch 1: 940/1641 Loss: 0.710400
2026-08-23 03:26: Train Epoch 1: 960/1641 Loss: 0.684845
2026-08-23 03:26: Train Epoch 1: 980/1641 Loss: 0.718679
2026-08-23 03:26: Train Epoch 1: 1000/1641 Loss: 0.708453
2026-08-23 03:26: Train Epoch 1: 1020/1641 Loss: 0.735508
2026-08-23 03:26: Train Epoch 1: 1040/1641 Loss: 0.714414
2026-08-23 03:26: Train Epoch 1: 1060/1641 Loss: 0.690792
2026-08-23 03:26: Train Epoch 1: 1080/1641 Loss: 0.678181
2026-08-23 03:26: Train Epoch 1: 1100/1641 Loss: 0.722848
2026-08-23 03:26: Train Epoch 1: 1120/1641 Loss: 0.709204
2026-08-23 03:26: Train Epoch 1: 1140/1641 Loss: 0.701385
2026-08-23 03:26: Train Epoch 1: 1160/1641 Loss: 0.684044
2026-08-23 03:26: Train Epoch 1: 1180/1641 Loss: 0.693115
2026-08-23 03:26: Train Epoch 1: 1200/1641 Loss: 0.688459
2026-08-23 03:26: Train Epoch 1: 1220/1641 Loss: 0.680851
2026-08-23 03:26: Train Epoch 1: 1240/1641 Loss: 0.691933
2026-08-23 03:27: Train Epoch 1: 1260/1641 Loss: 0.677935
2026-08-23 03:27: Train Epoch 1: 1280/1641 Loss: 0.692025
2026-08-23 03:27: Train Epoch 1: 1300/1641 Loss: 0.675803
2026-08-23 03:27: Train Epoch 1: 1320/1641 Loss: 0.660413
2026-08-23 03:27: Train Epoch 1: 1340/1641 Loss: 0.665772
2026-08-23 03:27: Train Epoch 1: 1360/1641 Loss: 0.668705
2026-08-23 03:27: Train Epoch 1: 1380/1641 Loss: 0.679009
2026-08-23 03:27: Train Epoch 1: 1400/1641 Loss: 0.695208
2026-08-23 03:27: Train Epoch 1: 1420/1641 Loss: 0.688164
2026-08-23 03:27: Train Epoch 1: 1440/1641 Loss: 0.677353
2026-08-23 03:27: Train Epoch 1: 1460/1641 Loss: 0.645996
2026-08-23 03:27: Train Epoch 1: 1480/1641 Loss: 0.665066
2026-08-23 03:27: Train Epoch 1: 1500/1641 Loss: 0.672132
2026-08-23 03:27: Train Epoch 1: 1520/1641 Loss: 0.667536
2026-08-23 03:27: Train Epoch 1: 1540/1641 Loss: 0.680374
2026-08-23 03:27: Train Epoch 1: 1560/1641 Loss: 0.659195
2026-08-23 03:27: Train Epoch 1: 1580/1641 Loss: 0.679271
2026-08-23 03:27: Train Epoch 1: 1600/1641 Loss: 0.661247
2026-08-23 03:27: Train Epoch 1: 1620/1641 Loss: 0.656745
2026-08-23 03:27: Train Epoch 1: 1640/1641 Loss: 0.683262
2026-08-23 03:27: **********Train Epoch 1: averaged Loss: 0.736532, tf_ratio: 1.000000
2026-08-23 03:28: **********Val Epoch 1: average Loss: 0.683127
2026-08-23 03:28: *********************************Current best model saved!
2026-08-23 03:28: Train Epoch 2: 0/1641 Loss: 0.646675
2026-08-23 03:28: Train Epoch 2: 20/1641 Loss: 0.653152
2026-08-23 03:28: Train Epoch 2: 40/1641 Loss: 0.686184
2026-08-23 03:28: Train Epoch 2: 60/1641 Loss: 0.663250
2026-08-23 03:28: Train Epoch 2: 80/1641 Loss: 0.663514
2026-08-23 03:28: Train Epoch 2: 100/1641 Loss: 0.666680
2026-08-23 03:28: Train Epoch 2: 120/1641 Loss: 0.638514
2026-08-23 03:28: Train Epoch 2: 140/1641 Loss: 0.662666
2026-08-23 03:28: Train Epoch 2: 160/1641 Loss: 0.659773
2026-08-23 03:28: Train Epoch 2: 180/1641 Loss: 0.664466
2026-08-23 03:28: Train Epoch 2: 200/1641 Loss: 0.654141
2026-08-23 03:28: Train Epoch 2: 220/1641 Loss: 0.683687
2026-08-23 03:28: Train Epoch 2: 240/1641 Loss: 0.671399
2026-08-23 03:28: Train Epoch 2: 260/1641 Loss: 0.684127
2026-08-23 03:28: Train Epoch 2: 280/1641 Loss: 0.659333
2026-08-23 03:28: Train Epoch 2: 300/1641 Loss: 0.653273
2026-08-23 03:28: Train Epoch 2: 320/1641 Loss: 0.668941
2026-08-23 03:28: Train Epoch 2: 340/1641 Loss: 0.631310
2026-08-23 03:29: Train Epoch 2: 360/1641 Loss: 0.664538
2026-08-23 03:29: Train Epoch 2: 380/1641 Loss: 0.678737
2026-08-23 03:29: Train Epoch 2: 400/1641 Loss: 0.678437
2026-08-23 03:29: Train Epoch 2: 420/1641 Loss: 0.665133
2026-08-23 03:29: Train Epoch 2: 440/1641 Loss: 0.671903
2026-08-23 03:29: Train Epoch 2: 460/1641 Loss: 0.681595
2026-08-23 03:29: Train Epoch 2: 480/1641 Loss: 0.636292
2026-08-23 03:29: Train Epoch 2: 500/1641 Loss: 0.667772
2026-08-23 03:29: Train Epoch 2: 520/1641 Loss: 0.668220
2026-08-23 03:29: Train Epoch 2: 540/1641 Loss: 0.656689
2026-08-23 03:29: Train Epoch 2: 560/1641 Loss: 0.659363
2026-08-23 03:29: Train Epoch 2: 580/1641 Loss: 0.645414
2026-08-23 03:29: Train Epoch 2: 600/1641 Loss: 0.630515
2026-08-23 03:29: Train Epoch 2: 620/1641 Loss: 0.660575
2026-08-23 03:29: Train Epoch 2: 640/1641 Loss: 0.642904
2026-08-23 03:29: Train Epoch 2: 660/1641 Loss: 0.673218
2026-08-23 03:29: Train Epoch 2: 680/1641 Loss: 0.649569
2026-08-23 03:29: Train Epoch 2: 700/1641 Loss: 0.641437
2026-08-23 03:29: Train Epoch 2: 720/1641 Loss: 0.644818
2026-08-23 03:29: Train Epoch 2: 740/1641 Loss: 0.671523
2026-08-23 03:29: Train Epoch 2: 760/1641 Loss: 0.671401
2026-08-23 03:29: Train Epoch 2: 780/1641 Loss: 0.672661
2026-08-23 03:30: Train Epoch 2: 800/1641 Loss: 0.669015
2026-08-23 03:30: Train Epoch 2: 820/1641 Loss: 0.658810
2026-08-23 03:30: Train Epoch 2: 840/1641 Loss: 0.642133
2026-08-23 03:30: Train Epoch 2: 860/1641 Loss: 0.658327
2026-08-23 03:30: Train Epoch 2: 880/1641 Loss: 0.659585
2026-08-23 03:30: Train Epoch 2: 900/1641 Loss: 0.667809
2026-08-23 03:30: Train Epoch 2: 920/1641 Loss: 0.642172
2026-08-23 03:30: Train Epoch 2: 940/1641 Loss: 0.664456
2026-08-23 03:30: Train Epoch 2: 960/1641 Loss: 0.624501
2026-08-23 03:30: Train Epoch 2: 980/1641 Loss: 0.656772
2026-08-23 03:30: Train Epoch 2: 1000/1641 Loss: 0.639445
2026-08-23 03:30: Train Epoch 2: 1020/1641 Loss: 0.667947
2026-08-23 03:30: Train Epoch 2: 1040/1641 Loss: 0.657669
2026-08-23 03:30: Train Epoch 2: 1060/1641 Loss: 0.663621
2026-08-23 03:30: Train Epoch 2: 1080/1641 Loss: 0.659619
2026-08-23 03:30: Train Epoch 2: 1100/1641 Loss: 0.660367
2026-08-23 03:30: Train Epoch 2: 1120/1641 Loss: 0.655246
2026-08-23 03:30: Train Epoch 2: 1140/1641 Loss: 0.611342
2026-08-23 03:30: Train Epoch 2: 1160/1641 Loss: 0.641973
2026-08-23 03:30: Train Epoch 2: 1180/1641 Loss: 0.648983
2026-08-23 03:30: Train Epoch 2: 1200/1641 Loss: 0.636996
2026-08-23 03:30: Train Epoch 2: 1220/1641 Loss: 0.639262
2026-08-23 03:30: Train Epoch 2: 1240/1641 Loss: 0.630732
2026-08-23 03:31: Train Epoch 2: 1260/1641 Loss: 0.663089
2026-08-23 03:31: Train Epoch 2: 1280/1641 Loss: 0.639644
2026-08-23 03:31: Train Epoch 2: 1300/1641 Loss: 0.646491
2026-08-23 03:31: Train Epoch 2: 1320/1641 Loss: 0.656865
2026-08-23 03:31: Train Epoch 2: 1340/1641 Loss: 0.649698
2026-08-23 03:31: Train Epoch 2: 1360/1641 Loss: 0.660111
2026-08-23 03:31: Train Epoch 2: 1380/1641 Loss: 0.669285
2026-08-23 03:31: Train Epoch 2: 1400/1641 Loss: 0.629847
2026-08-23 03:31: Train Epoch 2: 1420/1641 Loss: 0.642820
2026-08-23 03:31: Train Epoch 2: 1440/1641 Loss: 0.643893
2026-08-23 03:31: Train Epoch 2: 1460/1641 Loss: 0.665913
2026-08-23 03:31: Train Epoch 2: 1480/1641 Loss: 0.638755
2026-08-23 03:31: Train Epoch 2: 1500/1641 Loss: 0.658152
2026-08-23 03:31: Train Epoch 2: 1520/1641 Loss: 0.625834
2026-08-23 03:31: Train Epoch 2: 1540/1641 Loss: 0.650274
2026-08-23 03:31: Train Epoch 2: 1560/1641 Loss: 0.643469
2026-08-23 03:31: Train Epoch 2: 1580/1641 Loss: 0.643154
2026-08-23 03:31: Train Epoch 2: 1600/1641 Loss: 0.655895
2026-08-23 03:31: Train Epoch 2: 1620/1641 Loss: 0.659365
2026-08-23 03:31: Train Epoch 2: 1640/1641 Loss: 0.659401
2026-08-23 03:31: **********Train Epoch 2: averaged Loss: 0.655576, tf_ratio: 1.000000
2026-08-23 03:32: **********Val Epoch 2: average Loss: 0.659560
2026-08-23 03:32: *********************************Current best model saved!
2026-08-23 03:32: Train Epoch 3: 0/1641 Loss: 0.680945
2026-08-23 03:32: Train Epoch 3: 20/1641 Loss: 0.654727
2026-08-23 03:32: Train Epoch 3: 40/1641 Loss: 0.639555
2026-08-23 03:32: Train Epoch 3: 60/1641 Loss: 0.634943
2026-08-23 03:32: Train Epoch 3: 80/1641 Loss: 0.647521
2026-08-23 03:32: Train Epoch 3: 100/1641 Loss: 0.657619
2026-08-23 03:32: Train Epoch 3: 120/1641 Loss: 0.641857
2026-08-23 03:32: Train Epoch 3: 140/1641 Loss: 0.647271
2026-08-23 03:32: Train Epoch 3: 160/1641 Loss: 0.634879
2026-08-23 03:32: Train Epoch 3: 180/1641 Loss: 0.602817
2026-08-23 03:32: Train Epoch 3: 200/1641 Loss: 0.630038
2026-08-23 03:32: Train Epoch 3: 220/1641 Loss: 0.643377
2026-08-23 03:32: Train Epoch 3: 240/1641 Loss: 0.618551
2026-08-23 03:32: Train Epoch 3: 260/1641 Loss: 0.667611
2026-08-23 03:32: Train Epoch 3: 280/1641 Loss: 0.649600
2026-08-23 03:32: Train Epoch 3: 300/1641 Loss: 0.631064
2026-08-23 03:32: Train Epoch 3: 320/1641 Loss: 0.642101
2026-08-23 03:33: Train Epoch 3: 340/1641 Loss: 0.643320
2026-08-23 03:33: Train Epoch 3: 360/1641 Loss: 0.647000
2026-08-23 03:33: Train Epoch 3: 380/1641 Loss: 0.661006
2026-08-23 03:33: Train Epoch 3: 400/1641 Loss: 0.604489
2026-08-23 03:33: Train Epoch 3: 420/1641 Loss: 0.661283
2026-08-23 03:33: Train Epoch 3: 440/1641 Loss: 0.658184
2026-08-23 03:33: Train Epoch 3: 460/1641 Loss: 0.631194
2026-08-23 03:33: Train Epoch 3: 480/1641 Loss: 0.616457
2026-08-23 03:33: Train Epoch 3: 500/1641 Loss: 0.631098
2026-08-23 03:33: Train Epoch 3: 520/1641 Loss: 0.634521
2026-08-23 03:33: Train Epoch 3: 540/1641 Loss: 0.621812
2026-08-23 03:33: Train Epoch 3: 560/1641 Loss: 0.615489
2026-08-23 03:33: Train Epoch 3: 580/1641 Loss: 0.650691
2026-08-23 03:33: Train Epoch 3: 600/1641 Loss: 0.615867
2026-08-23 03:33: Train Epoch 3: 620/1641 Loss: 0.618685
2026-08-23 03:33: Train Epoch 3: 640/1641 Loss: 0.644067
2026-08-23 03:33: Train Epoch 3: 660/1641 Loss: 0.647022
2026-08-23 03:33: Train Epoch 3: 680/1641 Loss: 0.661602
2026-08-23 03:33: Train Epoch 3: 700/1641 Loss: 0.628620
2026-08-23 03:33: Train Epoch 3: 720/1641 Loss: 0.660703
2026-08-23 03:33: Train Epoch 3: 740/1641 Loss: 0.656799
2026-08-23 03:33: Train Epoch 3: 760/1641 Loss: 0.653820
2026-08-23 03:34: Train Epoch 3: 780/1641 Loss: 0.648190
2026-08-23 03:34: Train Epoch 3: 800/1641 Loss: 0.636688
2026-08-23 03:34: Train Epoch 3: 820/1641 Loss: 0.648296
2026-08-23 03:34: Train Epoch 3: 840/1641 Loss: 0.642148
2026-08-23 03:34: Train Epoch 3: 860/1641 Loss: 0.668991
2026-08-23 03:34: Train Epoch 3: 880/1641 Loss: 0.679713
2026-08-23 03:34: Train Epoch 3: 900/1641 Loss: 0.642627
2026-08-23 03:34: Train Epoch 3: 920/1641 Loss: 0.671378
2026-08-23 03:34: Train Epoch 3: 940/1641 Loss: 0.642815
2026-08-23 03:34: Train Epoch 3: 960/1641 Loss: 0.655196
2026-08-23 03:34: Train Epoch 3: 980/1641 Loss: 0.629752
2026-08-23 03:34: Train Epoch 3: 1000/1641 Loss: 0.641731
2026-08-23 03:34: Train Epoch 3: 1020/1641 Loss: 0.649737
2026-08-23 03:34: Train Epoch 3: 1040/1641 Loss: 0.656176
2026-08-23 03:34: Train Epoch 3: 1060/1641 Loss: 0.605001
2026-08-23 03:34: Train Epoch 3: 1080/1641 Loss: 0.641675
2026-08-23 03:34: Train Epoch 3: 1100/1641 Loss: 0.649481
2026-08-23 03:34: Train Epoch 3: 1120/1641 Loss: 0.628814
2026-08-23 03:34: Train Epoch 3: 1140/1641 Loss: 0.629063
2026-08-23 03:34: Train Epoch 3: 1160/1641 Loss: 0.636057
2026-08-23 03:34: Train Epoch 3: 1180/1641 Loss: 0.655199
2026-08-23 03:34: Train Epoch 3: 1200/1641 Loss: 0.623606
2026-08-23 03:35: Train Epoch 3: 1220/1641 Loss: 0.648820
2026-08-23 03:35: Train Epoch 3: 1240/1641 Loss: 0.596852
2026-08-23 03:35: Train Epoch 3: 1260/1641 Loss: 0.617312
2026-08-23 03:35: Train Epoch 3: 1280/1641 Loss: 0.633243
2026-08-23 03:35: Train Epoch 3: 1300/1641 Loss: 0.643904
2026-08-23 03:35: Train Epoch 3: 1320/1641 Loss: 0.619054
2026-08-23 03:35: Train Epoch 3: 1340/1641 Loss: 0.613826
2026-08-23 03:35: Train Epoch 3: 1360/1641 Loss: 0.612421
2026-08-23 03:35: Train Epoch 3: 1380/1641 Loss: 0.644411
2026-08-23 03:35: Train Epoch 3: 1400/1641 Loss: 0.640403
2026-08-23 03:35: Train Epoch 3: 1420/1641 Loss: 0.621578
2026-08-23 03:35: Train Epoch 3: 1440/1641 Loss: 0.612871
2026-08-23 03:35: Train Epoch 3: 1460/1641 Loss: 0.619807
2026-08-23 03:35: Train Epoch 3: 1480/1641 Loss: 0.639407
2026-08-23 03:35: Train Epoch 3: 1500/1641 Loss: 0.636875
2026-08-23 03:35: Train Epoch 3: 1520/1641 Loss: 0.631338
2026-08-23 03:35: Train Epoch 3: 1540/1641 Loss: 0.667578
2026-08-23 03:35: Train Epoch 3: 1560/1641 Loss: 0.637650
2026-08-23 03:35: Train Epoch 3: 1580/1641 Loss: 0.674760
2026-08-23 03:35: Train Epoch 3: 1600/1641 Loss: 0.596425
2026-08-23 03:35: Train Epoch 3: 1620/1641 Loss: 0.622455
2026-08-23 03:35: Train Epoch 3: 1640/1641 Loss: 0.612696
2026-08-23 03:35: **********Train Epoch 3: averaged Loss: 0.636053, tf_ratio: 1.000000
2026-08-23 03:36: **********Val Epoch 3: average Loss: 0.652123
2026-08-23 03:36: *********************************Current best model saved!
2026-08-23 03:36: Train Epoch 4: 0/1641 Loss: 0.612004
2026-08-23 03:36: Train Epoch 4: 20/1641 Loss: 0.631332
2026-08-23 03:36: Train Epoch 4: 40/1641 Loss: 0.622121
2026-08-23 03:36: Train Epoch 4: 60/1641 Loss: 0.609144
2026-08-23 03:36: Train Epoch 4: 80/1641 Loss: 0.595942
2026-08-23 03:36: Train Epoch 4: 100/1641 Loss: 0.657222
2026-08-23 03:36: Train Epoch 4: 120/1641 Loss: 0.663158
2026-08-23 03:36: Train Epoch 4: 140/1641 Loss: 0.634243
2026-08-23 03:36: Train Epoch 4: 160/1641 Loss: 0.614380
2026-08-23 03:36: Train Epoch 4: 180/1641 Loss: 0.617066
2026-08-23 03:36: Train Epoch 4: 200/1641 Loss: 0.643170
2026-08-23 03:36: Train Epoch 4: 220/1641 Loss: 0.628832
2026-08-23 03:36: Train Epoch 4: 240/1641 Loss: 0.642953
2026-08-23 03:36: Train Epoch 4: 260/1641 Loss: 0.618295
2026-08-23 03:36: Train Epoch 4: 280/1641 Loss: 0.617012
2026-08-23 03:37: Train Epoch 4: 300/1641 Loss: 0.643972
2026-08-23 03:37: Train Epoch 4: 320/1641 Loss: 0.657009
2026-08-23 03:37: Train Epoch 4: 340/1641 Loss: 0.601043
2026-08-23 03:37: Train Epoch 4: 360/1641 Loss: 0.619743
2026-08-23 03:37: Train Epoch 4: 380/1641 Loss: 0.640928
2026-08-23 03:37: Train Epoch 4: 400/1641 Loss: 0.636036
2026-08-23 03:37: Train Epoch 4: 420/1641 Loss: 0.622713
2026-08-23 03:37: Train Epoch 4: 440/1641 Loss: 0.600589
2026-08-23 03:37: Train Epoch 4: 460/1641 Loss: 0.625757
2026-08-23 03:37: Train Epoch 4: 480/1641 Loss: 0.662343
2026-08-23 03:37: Train Epoch 4: 500/1641 Loss: 0.624475
2026-08-23 03:37: Train Epoch 4: 520/1641 Loss: 0.647917
2026-08-23 03:37: Train Epoch 4: 540/1641 Loss: 0.603231
2026-08-23 03:37: Train Epoch 4: 560/1641 Loss: 0.644266
2026-08-23 03:37: Train Epoch 4: 580/1641 Loss: 0.620551
2026-08-23 03:37: Train Epoch 4: 600/1641 Loss: 0.627178
2026-08-23 03:37: Train Epoch 4: 620/1641 Loss: 0.617849
2026-08-23 03:37: Train Epoch 4: 640/1641 Loss: 0.613091
2026-08-23 03:37: Train Epoch 4: 660/1641 Loss: 0.626669
2026-08-23 03:37: Train Epoch 4: 680/1641 Loss: 0.651354
2026-08-23 03:37: Train Epoch 4: 700/1641 Loss: 0.647374
2026-08-23 03:37: Train Epoch 4: 720/1641 Loss: 0.613620
2026-08-23 03:38: Train Epoch 4: 740/1641 Loss: 0.636745
2026-08-23 03:38: Train Epoch 4: 760/1641 Loss: 0.634262
2026-08-23 03:38: Train Epoch 4: 780/1641 Loss: 0.607698
2026-08-23 03:38: Train Epoch 4: 800/1641 Loss: 0.645951
2026-08-23 03:38: Train Epoch 4: 820/1641 Loss: 0.652012
2026-08-23 03:38: Train Epoch 4: 840/1641 Loss: 0.653231
2026-08-23 03:38: Train Epoch 4: 860/1641 Loss: 0.621947
2026-08-23 03:38: Train Epoch 4: 880/1641 Loss: 0.608400
2026-08-23 03:38: Train Epoch 4: 900/1641 Loss: 0.601688
2026-08-23 03:38: Train Epoch 4: 920/1641 Loss: 0.622720
2026-08-23 03:38: Train Epoch 4: 940/1641 Loss: 0.652738
2026-08-23 03:38: Train Epoch 4: 960/1641 Loss: 0.600816
2026-08-23 03:38: Train Epoch 4: 980/1641 Loss: 0.612303
2026-08-23 03:38: Train Epoch 4: 1000/1641 Loss: 0.633979
2026-08-23 03:38: Train Epoch 4: 1020/1641 Loss: 0.636825
2026-08-23 03:38: Train Epoch 4: 1040/1641 Loss: 0.612597
2026-08-23 03:38: Train Epoch 4: 1060/1641 Loss: 0.634112
2026-08-23 03:38: Train Epoch 4: 1080/1641 Loss: 0.617758
2026-08-23 03:38: Train Epoch 4: 1100/1641 Loss: 0.613616
2026-08-23 03:38: Train Epoch 4: 1120/1641 Loss: 0.633875
2026-08-23 03:38: Train Epoch 4: 1140/1641 Loss: 0.619947
2026-08-23 03:38: Train Epoch 4: 1160/1641 Loss: 0.582135
2026-08-23 03:39: Train Epoch 4: 1180/1641 Loss: 0.607024
2026-08-23 03:39: Train Epoch 4: 1200/1641 Loss: 0.622232
2026-08-23 03:39: Train Epoch 4: 1220/1641 Loss: 0.611418
2026-08-23 03:39: Train Epoch 4: 1240/1641 Loss: 0.584979
2026-08-23 03:39: Train Epoch 4: 1260/1641 Loss: 0.609945
2026-08-23 03:39: Train Epoch 4: 1280/1641 Loss: 0.627079
2026-08-23 03:39: Train Epoch 4: 1300/1641 Loss: 0.629667
2026-08-23 03:39: Train Epoch 4: 1320/1641 Loss: 0.648041
2026-08-23 03:39: Train Epoch 4: 1340/1641 Loss: 0.639293
2026-08-23 03:39: Train Epoch 4: 1360/1641 Loss: 0.598637
2026-08-23 03:39: Train Epoch 4: 1380/1641 Loss: 0.625588
2026-08-23 03:39: Train Epoch 4: 1400/1641 Loss: 0.606615
2026-08-23 03:39: Train Epoch 4: 1420/1641 Loss: 0.606330
2026-08-23 03:39: Train Epoch 4: 1440/1641 Loss: 0.594451
2026-08-23 03:39: Train Epoch 4: 1460/1641 Loss: 0.627984
2026-08-23 03:39: Train Epoch 4: 1480/1641 Loss: 0.603283
2026-08-23 03:39: Train Epoch 4: 1500/1641 Loss: 0.603881
2026-08-23 03:39: Train Epoch 4: 1520/1641 Loss: 0.627594
2026-08-23 03:39: Train Epoch 4: 1540/1641 Loss: 0.623242
2026-08-23 03:39: Train Epoch 4: 1560/1641 Loss: 0.627768
2026-08-23 03:39: Train Epoch 4: 1580/1641 Loss: 0.620690
2026-08-23 03:39: Train Epoch 4: 1600/1641 Loss: 0.603369
2026-08-23 03:40: Train Epoch 4: 1620/1641 Loss: 0.629923
2026-08-23 03:40: Train Epoch 4: 1640/1641 Loss: 0.608852
2026-08-23 03:40: **********Train Epoch 4: averaged Loss: 0.625094, tf_ratio: 1.000000
2026-08-23 03:40: **********Val Epoch 4: average Loss: 0.647237
2026-08-23 03:40: *********************************Current best model saved!
2026-08-23 03:40: Train Epoch 5: 0/1641 Loss: 0.601869
2026-08-23 03:40: Train Epoch 5: 20/1641 Loss: 0.621811
2026-08-23 03:40: Train Epoch 5: 40/1641 Loss: 0.614662
2026-08-23 03:40: Train Epoch 5: 60/1641 Loss: 0.643674
2026-08-23 03:40: Train Epoch 5: 80/1641 Loss: 0.640811
2026-08-23 03:40: Train Epoch 5: 100/1641 Loss: 0.630974
2026-08-23 03:40: Train Epoch 5: 120/1641 Loss: 0.612378
2026-08-23 03:40: Train Epoch 5: 140/1641 Loss: 0.614904
2026-08-23 03:40: Train Epoch 5: 160/1641 Loss: 0.633771
2026-08-23 03:40: Train Epoch 5: 180/1641 Loss: 0.624009
2026-08-23 03:40: Train Epoch 5: 200/1641 Loss: 0.634802
2026-08-23 03:40: Train Epoch 5: 220/1641 Loss: 0.615993
2026-08-23 03:40: Train Epoch 5: 240/1641 Loss: 0.616542
2026-08-23 03:41: Train Epoch 5: 260/1641 Loss: 0.602967
2026-08-23 03:41: Train Epoch 5: 280/1641 Loss: 0.616395
2026-08-23 03:41: Train Epoch 5: 300/1641 Loss: 0.614459
2026-08-23 03:41: Train Epoch 5: 320/1641 Loss: 0.625667
2026-08-23 03:41: Train Epoch 5: 340/1641 Loss: 0.593111
2026-08-23 03:41: Train Epoch 5: 360/1641 Loss: 0.613691
2026-08-23 03:41: Train Epoch 5: 380/1641 Loss: 0.628171
2026-08-23 03:41: Train Epoch 5: 400/1641 Loss: 0.596083
2026-08-23 03:41: Train Epoch 5: 420/1641 Loss: 0.603493
2026-08-23 03:41: Train Epoch 5: 440/1641 Loss: 0.642397
2026-08-23 03:41: Train Epoch 5: 460/1641 Loss: 0.608072
2026-08-23 03:41: Train Epoch 5: 480/1641 Loss: 0.618804
2026-08-23 03:41: Train Epoch 5: 500/1641 Loss: 0.599723
2026-08-23 03:41: Train Epoch 5: 520/1641 Loss: 0.602190
2026-08-23 03:41: Train Epoch 5: 540/1641 Loss: 0.613120
2026-08-23 03:41: Train Epoch 5: 560/1641 Loss: 0.608397
2026-08-23 03:41: Train Epoch 5: 580/1641 Loss: 0.629393
2026-08-23 03:41: Train Epoch 5: 600/1641 Loss: 0.577959
2026-08-23 03:41: Train Epoch 5: 620/1641 Loss: 0.611967
2026-08-23 03:41: Train Epoch 5: 640/1641 Loss: 0.633965
2026-08-23 03:41: Train Epoch 5: 660/1641 Loss: 0.642781
2026-08-23 03:41: Train Epoch 5: 680/1641 Loss: 0.638312
2026-08-23 03:42: Train Epoch 5: 700/1641 Loss: 0.615824
2026-08-23 03:42: Train Epoch 5: 720/1641 Loss: 0.612574
2026-08-23 03:42: Train Epoch 5: 740/1641 Loss: 0.604632
2026-08-23 03:42: Train Epoch 5: 760/1641 Loss: 0.620240
2026-08-23 03:42: Train Epoch 5: 780/1641 Loss: 0.614200
2026-08-23 03:42: Train Epoch 5: 800/1641 Loss: 0.616341
2026-08-23 03:42: Train Epoch 5: 820/1641 Loss: 0.591048
2026-08-23 03:42: Train Epoch 5: 840/1641 Loss: 0.596470
2026-08-23 03:42: Train Epoch 5: 860/1641 Loss: 0.617548
2026-08-23 03:42: Train Epoch 5: 880/1641 Loss: 0.620211
2026-08-23 03:42: Train Epoch 5: 900/1641 Loss: 0.597505
2026-08-23 03:42: Train Epoch 5: 920/1641 Loss: 0.642448
2026-08-23 03:42: Train Epoch 5: 940/1641 Loss: 0.613333
2026-08-23 03:42: Train Epoch 5: 960/1641 Loss: 0.610824
2026-08-23 03:42: Train Epoch 5: 980/1641 Loss: 0.628442
2026-08-23 03:42: Train Epoch 5: 1000/1641 Loss: 0.617886
2026-08-23 03:42: Train Epoch 5: 1020/1641 Loss: 0.592331
2026-08-23 03:42: Train Epoch 5: 1040/1641 Loss: 0.625154
2026-08-23 03:42: Train Epoch 5: 1060/1641 Loss: 0.622104
2026-08-23 03:42: Train Epoch 5: 1080/1641 Loss: 0.597231
2026-08-23 03:42: Train Epoch 5: 1100/1641 Loss: 0.626437
2026-08-23 03:42: Train Epoch 5: 1120/1641 Loss: 0.611564
2026-08-23 03:43: Train Epoch 5: 1140/1641 Loss: 0.610330
2026-08-23 03:43: Train Epoch 5: 1160/1641 Loss: 0.598333
2026-08-23 03:43: Train Epoch 5: 1180/1641 Loss: 0.632296
2026-08-23 03:43: Train Epoch 5: 1200/1641 Loss: 0.613939
2026-08-23 03:43: Train Epoch 5: 1220/1641 Loss: 0.618667
2026-08-23 03:43: Train Epoch 5: 1240/1641 Loss: 0.637080
2026-08-23 03:43: Train Epoch 5: 1260/1641 Loss: 0.613683
2026-08-23 03:43: Train Epoch 5: 1280/1641 Loss: 0.611614
2026-08-23 03:43: Train Epoch 5: 1300/1641 Loss: 0.642785
2026-08-23 03:43: Train Epoch 5: 1320/1641 Loss: 0.605705
2026-08-23 03:43: Train Epoch 5: 1340/1641 Loss: 0.600980
2026-08-23 03:43: Train Epoch 5: 1360/1641 Loss: 0.616735
2026-08-23 03:43: Train Epoch 5: 1380/1641 Loss: 0.633618
2026-08-23 03:43: Train Epoch 5: 1400/1641 Loss: 0.585917
2026-08-23 03:43: Train Epoch 5: 1420/1641 Loss: 0.630242
2026-08-23 03:43: Train Epoch 5: 1440/1641 Loss: 0.614242
2026-08-23 03:43: Train Epoch 5: 1460/1641 Loss: 0.628754
2026-08-23 03:43: Train Epoch 5: 1480/1641 Loss: 0.614012
2026-08-23 03:43: Train Epoch 5: 1500/1641 Loss: 0.613186
2026-08-23 03:43: Train Epoch 5: 1520/1641 Loss: 0.617100
2026-08-23 03:43: Train Epoch 5: 1540/1641 Loss: 0.609801
2026-08-23 03:43: Train Epoch 5: 1560/1641 Loss: 0.603131
2026-08-23 03:43: Train Epoch 5: 1580/1641 Loss: 0.579313
2026-08-23 03:44: Train Epoch 5: 1600/1641 Loss: 0.605647
2026-08-23 03:44: Train Epoch 5: 1620/1641 Loss: 0.616486
2026-08-23 03:44: Train Epoch 5: 1640/1641 Loss: 0.622096
2026-08-23 03:44: **********Train Epoch 5: averaged Loss: 0.616727, tf_ratio: 1.000000
2026-08-23 03:44: **********Val Epoch 5: average Loss: 0.646368
2026-08-23 03:44: *********************************Current best model saved!
2026-08-23 03:44: Train Epoch 6: 0/1641 Loss: 0.592442
2026-08-23 03:44: Train Epoch 6: 20/1641 Loss: 0.627795
2026-08-23 03:44: Train Epoch 6: 40/1641 Loss: 0.610731
2026-08-23 03:44: Train Epoch 6: 60/1641 Loss: 0.615526
2026-08-23 03:44: Train Epoch 6: 80/1641 Loss: 0.600234
2026-08-23 03:44: Train Epoch 6: 100/1641 Loss: 0.632144
2026-08-23 03:44: Train Epoch 6: 120/1641 Loss: 0.622248
2026-08-23 03:44: Train Epoch 6: 140/1641 Loss: 0.588288
2026-08-23 03:44: Train Epoch 6: 160/1641 Loss: 0.598364
2026-08-23 03:44: Train Epoch 6: 180/1641 Loss: 0.599968
2026-08-23 03:44: Train Epoch 6: 200/1641 Loss: 0.589734
2026-08-23 03:44: Train Epoch 6: 220/1641 Loss: 0.637797
2026-08-23 03:45: Train Epoch 6: 240/1641 Loss: 0.578025
2026-08-23 03:45: Train Epoch 6: 260/1641 Loss: 0.594392
2026-08-23 03:45: Train Epoch 6: 280/1641 Loss: 0.597054
2026-08-23 03:45: Train Epoch 6: 300/1641 Loss: 0.617059
2026-08-23 03:45: Train Epoch 6: 320/1641 Loss: 0.631555
2026-08-23 03:45: Train Epoch 6: 340/1641 Loss: 0.622373
2026-08-23 03:45: Train Epoch 6: 360/1641 Loss: 0.629954
2026-08-23 03:45: Train Epoch 6: 380/1641 Loss: 0.580694
2026-08-23 03:45: Train Epoch 6: 400/1641 Loss: 0.638784
2026-08-23 03:45: Train Epoch 6: 420/1641 Loss: 0.589599
2026-08-23 03:45: Train Epoch 6: 440/1641 Loss: 0.613240
2026-08-23 03:45: Train Epoch 6: 460/1641 Loss: 0.583152
2026-08-23 03:45: Train Epoch 6: 480/1641 Loss: 0.624041
2026-08-23 03:45: Train Epoch 6: 500/1641 Loss: 0.637617
2026-08-23 03:45: Train Epoch 6: 520/1641 Loss: 0.605036
2026-08-23 03:45: Train Epoch 6: 540/1641 Loss: 0.576985
2026-08-23 03:45: Train Epoch 6: 560/1641 Loss: 0.621817
2026-08-23 03:45: Train Epoch 6: 580/1641 Loss: 0.602309
2026-08-23 03:45: Train Epoch 6: 600/1641 Loss: 0.608569
2026-08-23 03:45: Train Epoch 6: 620/1641 Loss: 0.598844
2026-08-23 03:45: Train Epoch 6: 640/1641 Loss: 0.601688
2026-08-23 03:45: Train Epoch 6: 660/1641 Loss: 0.617581
2026-08-23 03:45: Train Epoch 6: 680/1641 Loss: 0.623204
2026-08-23 03:46: Train Epoch 6: 700/1641 Loss: 0.607413
2026-08-23 03:46: Train Epoch 6: 720/1641 Loss: 0.631228
2026-08-23 03:46: Train Epoch 6: 740/1641 Loss: 0.621611
2026-08-23 03:46: Train Epoch 6: 760/1641 Loss: 0.601973
2026-08-23 03:46: Train Epoch 6: 780/1641 Loss: 0.607106
2026-08-23 03:46: Train Epoch 6: 800/1641 Loss: 0.615822
2026-08-23 03:46: Train Epoch 6: 820/1641 Loss: 0.601299
2026-08-23 03:46: Train Epoch 6: 840/1641 Loss: 0.604228
2026-08-23 03:46: Train Epoch 6: 860/1641 Loss: 0.587576
2026-08-23 03:46: Train Epoch 6: 880/1641 Loss: 0.630492
2026-08-23 03:46: Train Epoch 6: 900/1641 Loss: 0.601522
2026-08-23 03:46: Train Epoch 6: 920/1641 Loss: 0.616083
2026-08-23 03:46: Train Epoch 6: 940/1641 Loss: 0.624498
2026-08-23 03:46: Train Epoch 6: 960/1641 Loss: 0.610508
2026-08-23 03:46: Train Epoch 6: 980/1641 Loss: 0.638001
2026-08-23 03:46: Train Epoch 6: 1000/1641 Loss: 0.637025
2026-08-23 03:46: Train Epoch 6: 1020/1641 Loss: 0.611499
2026-08-23 03:46: Train Epoch 6: 1040/1641 Loss: 0.612987
2026-08-23 03:46: Train Epoch 6: 1060/1641 Loss: 0.628996
2026-08-23 03:46: Train Epoch 6: 1080/1641 Loss: 0.595125
2026-08-23 03:46: Train Epoch 6: 1100/1641 Loss: 0.612918
2026-08-23 03:46: Train Epoch 6: 1120/1641 Loss: 0.592766
2026-08-23 03:47: Train Epoch 6: 1140/1641 Loss: 0.616752
2026-08-23 03:47: Train Epoch 6: 1160/1641 Loss: 0.608844
2026-08-23 03:47: Train Epoch 6: 1180/1641 Loss: 0.589171
2026-08-23 03:47: Train Epoch 6: 1200/1641 Loss: 0.588171
2026-08-23 03:47: Train Epoch 6: 1220/1641 Loss: 0.604881
2026-08-23 03:47: Train Epoch 6: 1240/1641 Loss: 0.613826
2026-08-23 03:47: Train Epoch 6: 1260/1641 Loss: 0.641989
2026-08-23 03:47: Train Epoch 6: 1280/1641 Loss: 0.632316
2026-08-23 03:47: Train Epoch 6: 1300/1641 Loss: 0.639379
2026-08-23 03:47: Train Epoch 6: 1320/1641 Loss: 0.603919
2026-08-23 03:47: Train Epoch 6: 1340/1641 Loss: 0.618278
2026-08-23 03:47: Train Epoch 6: 1360/1641 Loss: 0.578483
2026-08-23 03:47: Train Epoch 6: 1380/1641 Loss: 0.619524
2026-08-23 03:47: Train Epoch 6: 1400/1641 Loss: 0.597816
2026-08-23 03:47: Train Epoch 6: 1420/1641 Loss: 0.631726
2026-08-23 03:47: Train Epoch 6: 1440/1641 Loss: 0.583787
2026-08-23 03:47: Train Epoch 6: 1460/1641 Loss: 0.620096
2026-08-23 03:47: Train Epoch 6: 1480/1641 Loss: 0.615093
2026-08-23 03:47: Train Epoch 6: 1500/1641 Loss: 0.602172
2026-08-23 03:47: Train Epoch 6: 1520/1641 Loss: 0.608302
2026-08-23 03:47: Train Epoch 6: 1540/1641 Loss: 0.613117
2026-08-23 03:47: Train Epoch 6: 1560/1641 Loss: 0.613342
2026-08-23 03:47: Train Epoch 6: 1580/1641 Loss: 0.623679
2026-08-23 03:48: Train Epoch 6: 1600/1641 Loss: 0.612507
2026-08-23 03:48: Train Epoch 6: 1620/1641 Loss: 0.613724
2026-08-23 03:48: Train Epoch 6: 1640/1641 Loss: 0.640855
2026-08-23 03:48: **********Train Epoch 6: averaged Loss: 0.609215, tf_ratio: 1.000000
2026-08-23 03:48: **********Val Epoch 6: average Loss: 0.645252
2026-08-23 03:48: *********************************Current best model saved!
2026-08-23 03:48: Train Epoch 7: 0/1641 Loss: 0.603582
2026-08-23 03:48: Train Epoch 7: 20/1641 Loss: 0.615109
2026-08-23 03:48: Train Epoch 7: 40/1641 Loss: 0.617318
2026-08-23 03:48: Train Epoch 7: 60/1641 Loss: 0.593068
2026-08-23 03:48: Train Epoch 7: 80/1641 Loss: 0.577483
2026-08-23 03:48: Train Epoch 7: 100/1641 Loss: 0.605447
2026-08-23 03:48: Train Epoch 7: 120/1641 Loss: 0.606730
2026-08-23 03:48: Train Epoch 7: 140/1641 Loss: 0.608564
2026-08-23 03:48: Train Epoch 7: 160/1641 Loss: 0.591220
2026-08-23 03:48: Train Epoch 7: 180/1641 Loss: 0.587023
2026-08-23 03:48: Train Epoch 7: 200/1641 Loss: 0.595311
2026-08-23 03:48: Train Epoch 7: 220/1641 Loss: 0.579448
2026-08-23 03:49: Train Epoch 7: 240/1641 Loss: 0.592371
2026-08-23 03:49: Train Epoch 7: 260/1641 Loss: 0.589311
2026-08-23 03:49: Train Epoch 7: 280/1641 Loss: 0.576377
2026-08-23 03:49: Train Epoch 7: 300/1641 Loss: 0.609159
2026-08-23 03:49: Train Epoch 7: 320/1641 Loss: 0.579198
2026-08-23 03:49: Train Epoch 7: 340/1641 Loss: 0.607243
2026-08-23 03:49: Train Epoch 7: 360/1641 Loss: 0.584612
2026-08-23 03:49: Train Epoch 7: 380/1641 Loss: 0.596820
2026-08-23 03:49: Train Epoch 7: 400/1641 Loss: 0.626174
2026-08-23 03:49: Train Epoch 7: 420/1641 Loss: 0.602244
2026-08-23 03:49: Train Epoch 7: 440/1641 Loss: 0.623421
2026-08-23 03:49: Train Epoch 7: 460/1641 Loss: 0.568725
2026-08-23 03:49: Train Epoch 7: 480/1641 Loss: 0.578866
2026-08-23 03:49: Train Epoch 7: 500/1641 Loss: 0.633008
2026-08-23 03:49: Train Epoch 7: 520/1641 Loss: 0.590472
2026-08-23 03:49: Train Epoch 7: 540/1641 Loss: 0.617981
2026-08-23 03:49: Train Epoch 7: 560/1641 Loss: 0.613240
2026-08-23 03:49: Train Epoch 7: 580/1641 Loss: 0.617155
2026-08-23 03:49: Train Epoch 7: 600/1641 Loss: 0.589914
2026-08-23 03:49: Train Epoch 7: 620/1641 Loss: 0.598720
2026-08-23 03:49: Train Epoch 7: 640/1641 Loss: 0.577773
2026-08-23 03:49: Train Epoch 7: 660/1641 Loss: 0.592559
2026-08-23 03:49: Train Epoch 7: 680/1641 Loss: 0.610531
2026-08-23 03:50: Train Epoch 7: 700/1641 Loss: 0.601765
2026-08-23 03:50: Train Epoch 7: 720/1641 Loss: 0.617317
2026-08-23 03:50: Train Epoch 7: 740/1641 Loss: 0.603055
2026-08-23 03:50: Train Epoch 7: 760/1641 Loss: 0.593928
2026-08-23 03:50: Train Epoch 7: 780/1641 Loss: 0.611455
2026-08-23 03:50: Train Epoch 7: 800/1641 Loss: 0.612538
2026-08-23 03:50: Train Epoch 7: 820/1641 Loss: 0.609215
2026-08-23 03:50: Train Epoch 7: 840/1641 Loss: 0.588014
2026-08-23 03:50: Train Epoch 7: 860/1641 Loss: 0.599403
2026-08-23 03:50: Train Epoch 7: 880/1641 Loss: 0.591762
2026-08-23 03:50: Train Epoch 7: 900/1641 Loss: 0.589883
2026-08-23 03:50: Train Epoch 7: 920/1641 Loss: 0.602875
2026-08-23 03:50: Train Epoch 7: 940/1641 Loss: 0.601706
2026-08-23 03:50: Train Epoch 7: 960/1641 Loss: 0.600053
2026-08-23 03:50: Train Epoch 7: 980/1641 Loss: 0.591676
2026-08-23 03:50: Train Epoch 7: 1000/1641 Loss: 0.609298
2026-08-23 03:50: Train Epoch 7: 1020/1641 Loss: 0.594518
2026-08-23 03:50: Train Epoch 7: 1040/1641 Loss: 0.589014
2026-08-23 03:50: Train Epoch 7: 1060/1641 Loss: 0.590450
2026-08-23 03:50: Train Epoch 7: 1080/1641 Loss: 0.619417
2026-08-23 03:50: Train Epoch 7: 1100/1641 Loss: 0.587730
2026-08-23 03:50: Train Epoch 7: 1120/1641 Loss: 0.596140
2026-08-23 03:51: Train Epoch 7: 1140/1641 Loss: 0.616754
2026-08-23 03:51: Train Epoch 7: 1160/1641 Loss: 0.584608
2026-08-23 03:51: Train Epoch 7: 1180/1641 Loss: 0.589130
2026-08-23 03:51: Train Epoch 7: 1200/1641 Loss: 0.598031
2026-08-23 03:51: Train Epoch 7: 1220/1641 Loss: 0.606531
2026-08-23 03:51: Train Epoch 7: 1240/1641 Loss: 0.588149
2026-08-23 03:51: Train Epoch 7: 1260/1641 Loss: 0.608980
2026-08-23 03:51: Train Epoch 7: 1280/1641 Loss: 0.606237
2026-08-23 03:51: Train Epoch 7: 1300/1641 Loss: 0.573117
2026-08-23 03:51: Train Epoch 7: 1320/1641 Loss: 0.598906
2026-08-23 03:51: Train Epoch 7: 1340/1641 Loss: 0.623914
2026-08-23 03:51: Train Epoch 7: 1360/1641 Loss: 0.578114
2026-08-23 03:51: Train Epoch 7: 1380/1641 Loss: 0.596505
2026-08-23 03:51: Train Epoch 7: 1400/1641 Loss: 0.596764
2026-08-23 03:51: Train Epoch 7: 1420/1641 Loss: 0.591692
2026-08-23 03:51: Train Epoch 7: 1440/1641 Loss: 0.599956
2026-08-23 03:51: Train Epoch 7: 1460/1641 Loss: 0.591612
2026-08-23 03:51: Train Epoch 7: 1480/1641 Loss: 0.606465
2026-08-23 03:51: Train Epoch 7: 1500/1641 Loss: 0.596712
2026-08-23 03:51: Train Epoch 7: 1520/1641 Loss: 0.578842
2026-08-23 03:51: Train Epoch 7: 1540/1641 Loss: 0.600522
2026-08-23 03:51: Train Epoch 7: 1560/1641 Loss: 0.602194
2026-08-23 03:52: Train Epoch 7: 1580/1641 Loss: 0.588343
2026-08-23 03:52: Train Epoch 7: 1600/1641 Loss: 0.572287
2026-08-23 03:52: Train Epoch 7: 1620/1641 Loss: 0.593921
2026-08-23 03:52: Train Epoch 7: 1640/1641 Loss: 0.628086
2026-08-23 03:52: **********Train Epoch 7: averaged Loss: 0.601602, tf_ratio: 1.000000
2026-08-23 03:52: **********Val Epoch 7: average Loss: 0.645363
2026-08-23 03:52: Train Epoch 8: 0/1641 Loss: 0.599940
2026-08-23 03:52: Train Epoch 8: 20/1641 Loss: 0.603011
2026-08-23 03:52: Train Epoch 8: 40/1641 Loss: 0.570327
2026-08-23 03:52: Train Epoch 8: 60/1641 Loss: 0.607773
2026-08-23 03:52: Train Epoch 8: 80/1641 Loss: 0.610788
2026-08-23 03:52: Train Epoch 8: 100/1641 Loss: 0.612019
2026-08-23 03:52: Train Epoch 8: 120/1641 Loss: 0.632376
2026-08-23 03:52: Train Epoch 8: 140/1641 Loss: 0.598356
2026-08-23 03:52: Train Epoch 8: 160/1641 Loss: 0.582454
2026-08-23 03:52: Train Epoch 8: 180/1641 Loss: 0.615690
2026-08-23 03:53: Train Epoch 8: 200/1641 Loss: 0.590158
2026-08-23 03:53: Train Epoch 8: 220/1641 Loss: 0.602154
2026-08-23 03:53: Train Epoch 8: 240/1641 Loss: 0.593118
2026-08-23 03:53: Train Epoch 8: 260/1641 Loss: 0.589315
2026-08-23 03:53: Train Epoch 8: 280/1641 Loss: 0.587208
2026-08-23 03:53: Train Epoch 8: 300/1641 Loss: 0.592783
2026-08-23 03:53: Train Epoch 8: 320/1641 Loss: 0.622253
2026-08-23 03:53: Train Epoch 8: 340/1641 Loss: 0.587724
2026-08-23 03:53: Train Epoch 8: 360/1641 Loss: 0.589828
2026-08-23 03:53: Train Epoch 8: 380/1641 Loss: 0.574688
2026-08-23 03:53: Train Epoch 8: 400/1641 Loss: 0.605092
2026-08-23 03:53: Train Epoch 8: 420/1641 Loss: 0.577598
2026-08-23 03:53: Train Epoch 8: 440/1641 Loss: 0.576406
2026-08-23 03:53: Train Epoch 8: 460/1641 Loss: 0.619929
2026-08-23 03:53: Train Epoch 8: 480/1641 Loss: 0.608742
2026-08-23 03:53: Train Epoch 8: 500/1641 Loss: 0.610776
2026-08-23 03:53: Train Epoch 8: 520/1641 Loss: 0.602627
2026-08-23 03:53: Train Epoch 8: 540/1641 Loss: 0.594697
2026-08-23 03:53: Train Epoch 8: 560/1641 Loss: 0.606887
2026-08-23 03:53: Train Epoch 8: 580/1641 Loss: 0.601851
2026-08-23 03:53: Train Epoch 8: 600/1641 Loss: 0.590912
2026-08-23 03:53: Train Epoch 8: 620/1641 Loss: 0.604121
2026-08-23 03:54: Train Epoch 8: 640/1641 Loss: 0.607009
2026-08-23 03:54: Train Epoch 8: 660/1641 Loss: 0.592984
2026-08-23 03:54: Train Epoch 8: 680/1641 Loss: 0.576206
2026-08-23 03:54: Train Epoch 8: 700/1641 Loss: 0.578579
2026-08-23 03:54: Train Epoch 8: 720/1641 Loss: 0.606950
2026-08-23 03:54: Train Epoch 8: 740/1641 Loss: 0.574366
2026-08-23 03:54: Train Epoch 8: 760/1641 Loss: 0.598461
2026-08-23 03:54: Train Epoch 8: 780/1641 Loss: 0.586965
2026-08-23 03:54: Train Epoch 8: 800/1641 Loss: 0.573705
2026-08-23 03:54: Train Epoch 8: 820/1641 Loss: 0.589169
2026-08-23 03:54: Train Epoch 8: 840/1641 Loss: 0.592014
2026-08-23 03:54: Train Epoch 8: 860/1641 Loss: 0.613374
2026-08-23 03:54: Train Epoch 8: 880/1641 Loss: 0.594210
2026-08-23 03:54: Train Epoch 8: 900/1641 Loss: 0.623523
2026-08-23 03:54: Train Epoch 8: 920/1641 Loss: 0.582434
2026-08-23 03:54: Train Epoch 8: 940/1641 Loss: 0.567153
2026-08-23 03:54: Train Epoch 8: 960/1641 Loss: 0.573450
2026-08-23 03:54: Train Epoch 8: 980/1641 Loss: 0.586038
2026-08-23 03:54: Train Epoch 8: 1000/1641 Loss: 0.579177
2026-08-23 03:54: Train Epoch 8: 1020/1641 Loss: 0.595319
2026-08-23 03:54: Train Epoch 8: 1040/1641 Loss: 0.592163
2026-08-23 03:54: Train Epoch 8: 1060/1641 Loss: 0.605808
2026-08-23 03:55: Train Epoch 8: 1080/1641 Loss: 0.594303
2026-08-23 03:55: Train Epoch 8: 1100/1641 Loss: 0.598528
2026-08-23 03:55: Train Epoch 8: 1120/1641 Loss: 0.594762
2026-08-23 03:55: Train Epoch 8: 1140/1641 Loss: 0.593305
2026-08-23 03:55: Train Epoch 8: 1160/1641 Loss: 0.583300
2026-08-23 03:55: Train Epoch 8: 1180/1641 Loss: 0.580444
2026-08-23 03:55: Train Epoch 8: 1200/1641 Loss: 0.627850
2026-08-23 03:55: Train Epoch 8: 1220/1641 Loss: 0.593863
2026-08-23 03:55: Train Epoch 8: 1240/1641 Loss: 0.583071
2026-08-23 03:55: Train Epoch 8: 1260/1641 Loss: 0.623091
2026-08-23 03:55: Train Epoch 8: 1280/1641 Loss: 0.591952
2026-08-23 03:55: Train Epoch 8: 1300/1641 Loss: 0.614508
2026-08-23 03:55: Train Epoch 8: 1320/1641 Loss: 0.571075
2026-08-23 03:55: Train Epoch 8: 1340/1641 Loss: 0.591978
2026-08-23 03:55: Train Epoch 8: 1360/1641 Loss: 0.605711
2026-08-23 03:55: Train Epoch 8: 1380/1641 Loss: 0.576539
2026-08-23 03:55: Train Epoch 8: 1400/1641 Loss: 0.582430
2026-08-23 03:55: Train Epoch 8: 1420/1641 Loss: 0.591036
2026-08-23 03:55: Train Epoch 8: 1440/1641 Loss: 0.593803
2026-08-23 03:55: Train Epoch 8: 1460/1641 Loss: 0.588436
2026-08-23 03:55: Train Epoch 8: 1480/1641 Loss: 0.611282
2026-08-23 03:55: Train Epoch 8: 1500/1641 Loss: 0.600722
2026-08-23 03:56: Train Epoch 8: 1520/1641 Loss: 0.580169
2026-08-23 03:56: Train Epoch 8: 1540/1641 Loss: 0.598219
2026-08-23 03:56: Train Epoch 8: 1560/1641 Loss: 0.611867
2026-08-23 03:56: Train Epoch 8: 1580/1641 Loss: 0.572159
2026-08-23 03:56: Train Epoch 8: 1600/1641 Loss: 0.570754
2026-08-23 03:56: Train Epoch 8: 1620/1641 Loss: 0.568169
2026-08-23 03:56: Train Epoch 8: 1640/1641 Loss: 0.568951
2026-08-23 03:56: **********Train Epoch 8: averaged Loss: 0.593519, tf_ratio: 1.000000
2026-08-23 03:56: **********Val Epoch 8: average Loss: 0.649873
2026-08-23 03:56: Train Epoch 9: 0/1641 Loss: 0.588745
2026-08-23 03:56: Train Epoch 9: 20/1641 Loss: 0.601316
2026-08-23 03:56: Train Epoch 9: 40/1641 Loss: 0.569107
2026-08-23 03:56: Train Epoch 9: 60/1641 Loss: 0.572685
2026-08-23 03:56: Train Epoch 9: 80/1641 Loss: 0.550142
2026-08-23 03:56: Train Epoch 9: 100/1641 Loss: 0.596275
2026-08-23 03:56: Train Epoch 9: 120/1641 Loss: 0.592865
2026-08-23 03:57: Train Epoch 9: 140/1641 Loss: 0.583128
2026-08-23 03:57: Train Epoch 9: 160/1641 Loss: 0.613508
2026-08-23 03:57: Train Epoch 9: 180/1641 Loss: 0.587372
2026-08-23 03:57: Train Epoch 9: 200/1641 Loss: 0.604193
2026-08-23 03:57: Train Epoch 9: 220/1641 Loss: 0.593027
2026-08-23 03:57: Train Epoch 9: 240/1641 Loss: 0.612507
2026-08-23 03:57: Train Epoch 9: 260/1641 Loss: 0.582129
2026-08-23 03:57: Train Epoch 9: 280/1641 Loss: 0.596530
2026-08-23 03:57: Train Epoch 9: 300/1641 Loss: 0.578244
2026-08-23 03:57: Train Epoch 9: 320/1641 Loss: 0.598821
2026-08-23 03:57: Train Epoch 9: 340/1641 Loss: 0.599118
2026-08-23 03:57: Train Epoch 9: 360/1641 Loss: 0.591097
2026-08-23 03:57: Train Epoch 9: 380/1641 Loss: 0.593395
2026-08-23 03:57: Train Epoch 9: 400/1641 Loss: 0.591290
2026-08-23 03:57: Train Epoch 9: 420/1641 Loss: 0.611298
2026-08-23 03:57: Train Epoch 9: 440/1641 Loss: 0.609674
2026-08-23 03:57: Train Epoch 9: 460/1641 Loss: 0.598037
2026-08-23 03:57: Train Epoch 9: 480/1641 Loss: 0.580249
2026-08-23 03:57: Train Epoch 9: 500/1641 Loss: 0.605494
2026-08-23 03:57: Train Epoch 9: 520/1641 Loss: 0.597542
2026-08-23 03:57: Train Epoch 9: 540/1641 Loss: 0.570422
2026-08-23 03:57: Train Epoch 9: 560/1641 Loss: 0.569333
2026-08-23 03:58: Train Epoch 9: 580/1641 Loss: 0.580083
2026-08-23 03:58: Train Epoch 9: 600/1641 Loss: 0.556103
2026-08-23 03:58: Train Epoch 9: 620/1641 Loss: 0.586230
2026-08-23 03:58: Train Epoch 9: 640/1641 Loss: 0.588877
2026-08-23 03:58: Train Epoch 9: 660/1641 Loss: 0.571586
2026-08-23 03:58: Train Epoch 9: 680/1641 Loss: 0.592765
2026-08-23 03:58: Train Epoch 9: 700/1641 Loss: 0.585082
2026-08-23 03:58: Train Epoch 9: 720/1641 Loss: 0.542919
2026-08-23 03:58: Train Epoch 9: 740/1641 Loss: 0.579638
2026-08-23 03:58: Train Epoch 9: 760/1641 Loss: 0.587236
2026-08-23 03:58: Train Epoch 9: 780/1641 Loss: 0.590374
2026-08-23 03:58: Train Epoch 9: 800/1641 Loss: 0.590686
2026-08-23 03:58: Train Epoch 9: 820/1641 Loss: 0.567500
2026-08-23 03:58: Train Epoch 9: 840/1641 Loss: 0.561570
2026-08-23 03:58: Train Epoch 9: 860/1641 Loss: 0.578387
2026-08-23 03:58: Train Epoch 9: 880/1641 Loss: 0.582977
2026-08-23 03:58: Train Epoch 9: 900/1641 Loss: 0.594155
2026-08-23 03:58: Train Epoch 9: 920/1641 Loss: 0.574450
2026-08-23 03:58: Train Epoch 9: 940/1641 Loss: 0.564216
2026-08-23 03:58: Train Epoch 9: 960/1641 Loss: 0.598931
2026-08-23 03:58: Train Epoch 9: 980/1641 Loss: 0.594731
2026-08-23 03:58: Train Epoch 9: 1000/1641 Loss: 0.587625
2026-08-23 03:59: Train Epoch 9: 1020/1641 Loss: 0.616868
2026-08-23 03:59: Train Epoch 9: 1040/1641 Loss: 0.564085
2026-08-23 03:59: Train Epoch 9: 1060/1641 Loss: 0.582418
2026-08-23 03:59: Train Epoch 9: 1080/1641 Loss: 0.584576
2026-08-23 03:59: Train Epoch 9: 1100/1641 Loss: 0.599498
2026-08-23 03:59: Train Epoch 9: 1120/1641 Loss: 0.579358
2026-08-23 03:59: Train Epoch 9: 1140/1641 Loss: 0.597510
2026-08-23 03:59: Train Epoch 9: 1160/1641 Loss: 0.603072
2026-08-23 03:59: Train Epoch 9: 1180/1641 Loss: 0.598377
2026-08-23 03:59: Train Epoch 9: 1200/1641 Loss: 0.562117
2026-08-23 03:59: Train Epoch 9: 1220/1641 Loss: 0.564751
2026-08-23 03:59: Train Epoch 9: 1240/1641 Loss: 0.587254
2026-08-23 03:59: Train Epoch 9: 1260/1641 Loss: 0.585025
2026-08-23 03:59: Train Epoch 9: 1280/1641 Loss: 0.590673
2026-08-23 03:59: Train Epoch 9: 1300/1641 Loss: 0.579044
2026-08-23 03:59: Train Epoch 9: 1320/1641 Loss: 0.578158
2026-08-23 03:59: Train Epoch 9: 1340/1641 Loss: 0.576023
2026-08-23 03:59: Train Epoch 9: 1360/1641 Loss: 0.586505
2026-08-23 03:59: Train Epoch 9: 1380/1641 Loss: 0.564071
2026-08-23 03:59: Train Epoch 9: 1400/1641 Loss: 0.568507
2026-08-23 03:59: Train Epoch 9: 1420/1641 Loss: 0.634065
2026-08-23 03:59: Train Epoch 9: 1440/1641 Loss: 0.595662
2026-08-23 03:59: Train Epoch 9: 1460/1641 Loss: 0.588873
2026-08-23 04:00: Train Epoch 9: 1480/1641 Loss: 0.588304
2026-08-23 04:00: Train Epoch 9: 1500/1641 Loss: 0.601707
2026-08-23 04:00: Train Epoch 9: 1520/1641 Loss: 0.582946
2026-08-23 04:00: Train Epoch 9: 1540/1641 Loss: 0.583108
2026-08-23 04:00: Train Epoch 9: 1560/1641 Loss: 0.564036
2026-08-23 04:00: Train Epoch 9: 1580/1641 Loss: 0.593616
2026-08-23 04:00: Train Epoch 9: 1600/1641 Loss: 0.599144
2026-08-23 04:00: Train Epoch 9: 1620/1641 Loss: 0.553130
2026-08-23 04:00: Train Epoch 9: 1640/1641 Loss: 0.595775
2026-08-23 04:00: **********Train Epoch 9: averaged Loss: 0.585065, tf_ratio: 1.000000
2026-08-23 04:00: **********Val Epoch 9: average Loss: 0.649133
2026-08-23 04:00: Train Epoch 10: 0/1641 Loss: 0.596859
2026-08-23 04:00: Train Epoch 10: 20/1641 Loss: 0.562553
2026-08-23 04:00: Train Epoch 10: 40/1641 Loss: 0.591603
2026-08-23 04:00: Train Epoch 10: 60/1641 Loss: 0.566864
2026-08-23 04:00: Train Epoch 10: 80/1641 Loss: 0.567842
2026-08-23 04:00: Train Epoch 10: 100/1641 Loss: 0.566673
2026-08-23 04:01: Train Epoch 10: 120/1641 Loss: 0.568510
2026-08-23 04:01: Train Epoch 10: 140/1641 Loss: 0.583547
2026-08-23 04:01: Train Epoch 10: 160/1641 Loss: 0.585877
2026-08-23 04:01: Train Epoch 10: 180/1641 Loss: 0.550303
2026-08-23 04:01: Train Epoch 10: 200/1641 Loss: 0.589301
2026-08-23 04:01: Train Epoch 10: 220/1641 Loss: 0.564704
2026-08-23 04:01: Train Epoch 10: 240/1641 Loss: 0.608033
2026-08-23 04:01: Train Epoch 10: 260/1641 Loss: 0.568853
2026-08-23 04:01: Train Epoch 10: 280/1641 Loss: 0.600093
2026-08-23 04:01: Train Epoch 10: 300/1641 Loss: 0.558929
2026-08-23 04:01: Train Epoch 10: 320/1641 Loss: 0.563800
2026-08-23 04:01: Train Epoch 10: 340/1641 Loss: 0.551463
2026-08-23 04:01: Train Epoch 10: 360/1641 Loss: 0.588194
2026-08-23 04:01: Train Epoch 10: 380/1641 Loss: 0.563510
2026-08-23 04:01: Train Epoch 10: 400/1641 Loss: 0.555927
2026-08-23 04:01: Train Epoch 10: 420/1641 Loss: 0.598010
2026-08-23 04:01: Train Epoch 10: 440/1641 Loss: 0.570379
2026-08-23 04:01: Train Epoch 10: 460/1641 Loss: 0.598085
2026-08-23 04:01: Train Epoch 10: 480/1641 Loss: 0.617224
2026-08-23 04:01: Train Epoch 10: 500/1641 Loss: 0.575411
2026-08-23 04:01: Train Epoch 10: 520/1641 Loss: 0.600284
2026-08-23 04:01: Train Epoch 10: 540/1641 Loss: 0.564840
2026-08-23 04:02: Train Epoch 10: 560/1641 Loss: 0.565319
2026-08-23 04:02: Train Epoch 10: 580/1641 Loss: 0.583318
2026-08-23 04:02: Train Epoch 10: 600/1641 Loss: 0.562620
2026-08-23 04:02: Train Epoch 10: 620/1641 Loss: 0.571049
2026-08-23 04:02: Train Epoch 10: 640/1641 Loss: 0.560053
2026-08-23 04:02: Train Epoch 10: 660/1641 Loss: 0.589924
2026-08-23 04:02: Train Epoch 10: 680/1641 Loss: 0.564826
2026-08-23 04:02: Train Epoch 10: 700/1641 Loss: 0.591465
2026-08-23 04:02: Train Epoch 10: 720/1641 Loss: 0.585529
2026-08-23 04:02: Train Epoch 10: 740/1641 Loss: 0.544586
2026-08-23 04:02: Train Epoch 10: 760/1641 Loss: 0.576018
2026-08-23 04:02: Train Epoch 10: 780/1641 Loss: 0.581057
2026-08-23 04:02: Train Epoch 10: 800/1641 Loss: 0.573200
2026-08-23 04:02: Train Epoch 10: 820/1641 Loss: 0.575140
2026-08-23 04:02: Train Epoch 10: 840/1641 Loss: 0.543697
2026-08-23 04:02: Train Epoch 10: 860/1641 Loss: 0.570255
2026-08-23 04:02: Train Epoch 10: 880/1641 Loss: 0.580427
2026-08-23 04:02: Train Epoch 10: 900/1641 Loss: 0.536289
2026-08-23 04:02: Train Epoch 10: 920/1641 Loss: 0.557083
2026-08-23 04:02: Train Epoch 10: 940/1641 Loss: 0.584282
2026-08-23 04:02: Train Epoch 10: 960/1641 Loss: 0.574392
2026-08-23 04:02: Train Epoch 10: 980/1641 Loss: 0.619628
2026-08-23 04:03: Train Epoch 10: 1000/1641 Loss: 0.556066
2026-08-23 04:03: Train Epoch 10: 1020/1641 Loss: 0.570373
2026-08-23 04:03: Train Epoch 10: 1040/1641 Loss: 0.583998
2026-08-23 04:03: Train Epoch 10: 1060/1641 Loss: 0.578848
2026-08-23 04:03: Train Epoch 10: 1080/1641 Loss: 0.572400
2026-08-23 04:03: Train Epoch 10: 1100/1641 Loss: 0.553438
2026-08-23 04:03: Train Epoch 10: 1120/1641 Loss: 0.569249
2026-08-23 04:03: Train Epoch 10: 1140/1641 Loss: 0.587845
2026-08-23 04:03: Train Epoch 10: 1160/1641 Loss: 0.561355
2026-08-23 04:03: Train Epoch 10: 1180/1641 Loss: 0.574633
2026-08-23 04:03: Train Epoch 10: 1200/1641 Loss: 0.556686
2026-08-23 04:03: Train Epoch 10: 1220/1641 Loss: 0.548906
2026-08-23 04:03: Train Epoch 10: 1240/1641 Loss: 0.577542
2026-08-23 04:03: Train Epoch 10: 1260/1641 Loss: 0.570254
2026-08-23 04:03: Train Epoch 10: 1280/1641 Loss: 0.578973
2026-08-23 04:03: Train Epoch 10: 1300/1641 Loss: 0.566328
2026-08-23 04:03: Train Epoch 10: 1320/1641 Loss: 0.579845
2026-08-23 04:03: Train Epoch 10: 1340/1641 Loss: 0.567818
2026-08-23 04:03: Train Epoch 10: 1360/1641 Loss: 0.600077
2026-08-23 04:03: Train Epoch 10: 1380/1641 Loss: 0.573753
2026-08-23 04:03: Train Epoch 10: 1400/1641 Loss: 0.609569
2026-08-23 04:03: Train Epoch 10: 1420/1641 Loss: 0.587207
2026-08-23 04:03: Train Epoch 10: 1440/1641 Loss: 0.572203
2026-08-23 04:04: Train Epoch 10: 1460/1641 Loss: 0.565386
2026-08-23 04:04: Train Epoch 10: 1480/1641 Loss: 0.555325
2026-08-23 04:04: Train Epoch 10: 1500/1641 Loss: 0.570903
2026-08-23 04:04: Train Epoch 10: 1520/1641 Loss: 0.555507
2026-08-23 04:04: Train Epoch 10: 1540/1641 Loss: 0.580349
2026-08-23 04:04: Train Epoch 10: 1560/1641 Loss: 0.571092
2026-08-23 04:04: Train Epoch 10: 1580/1641 Loss: 0.584143
2026-08-23 04:04: Train Epoch 10: 1600/1641 Loss: 0.575127
2026-08-23 04:04: Train Epoch 10: 1620/1641 Loss: 0.572098
2026-08-23 04:04: Train Epoch 10: 1640/1641 Loss: 0.553225
2026-08-23 04:04: **********Train Epoch 10: averaged Loss: 0.576218, tf_ratio: 1.000000
2026-08-23 04:04: **********Val Epoch 10: average Loss: 0.652280
2026-08-23 04:04: Train Epoch 11: 0/1641 Loss: 0.555780
2026-08-23 04:04: Train Epoch 11: 20/1641 Loss: 0.598135
2026-08-23 04:04: Train Epoch 11: 40/1641 Loss: 0.572603
2026-08-23 04:04: Train Epoch 11: 60/1641 Loss: 0.535678
2026-08-23 04:04: Train Epoch 11: 80/1641 Loss: 0.533960
2026-08-23 04:05: Train Epoch 11: 100/1641 Loss: 0.581473
2026-08-23 04:05: Train Epoch 11: 120/1641 Loss: 0.585369
2026-08-23 04:05: Train Epoch 11: 140/1641 Loss: 0.564680
2026-08-23 04:05: Train Epoch 11: 160/1641 Loss: 0.561532
2026-08-23 04:05: Train Epoch 11: 180/1641 Loss: 0.557739
2026-08-23 04:05: Train Epoch 11: 200/1641 Loss: 0.557129
2026-08-23 04:05: Train Epoch 11: 220/1641 Loss: 0.581592
2026-08-23 04:05: Train Epoch 11: 240/1641 Loss: 0.581316
2026-08-23 04:05: Train Epoch 11: 260/1641 Loss: 0.576774
2026-08-23 04:05: Train Epoch 11: 280/1641 Loss: 0.574269
2026-08-23 04:05: Train Epoch 11: 300/1641 Loss: 0.564262
2026-08-23 04:05: Train Epoch 11: 320/1641 Loss: 0.565476
2026-08-23 04:05: Train Epoch 11: 340/1641 Loss: 0.558843
2026-08-23 04:05: Train Epoch 11: 360/1641 Loss: 0.599638
2026-08-23 04:05: Train Epoch 11: 380/1641 Loss: 0.551012
2026-08-23 04:05: Train Epoch 11: 400/1641 Loss: 0.528329
2026-08-23 04:05: Train Epoch 11: 420/1641 Loss: 0.553486
2026-08-23 04:05: Train Epoch 11: 440/1641 Loss: 0.591956
2026-08-23 04:05: Train Epoch 11: 460/1641 Loss: 0.572814
2026-08-23 04:05: Train Epoch 11: 480/1641 Loss: 0.571770
2026-08-23 04:05: Train Epoch 11: 500/1641 Loss: 0.572679
2026-08-23 04:05: Train Epoch 11: 520/1641 Loss: 0.570661
2026-08-23 04:06: Train Epoch 11: 540/1641 Loss: 0.565345
2026-08-23 04:06: Train Epoch 11: 560/1641 Loss: 0.589685
2026-08-23 04:06: Train Epoch 11: 580/1641 Loss: 0.561717
2026-08-23 04:06: Train Epoch 11: 600/1641 Loss: 0.569558
2026-08-23 04:06: Train Epoch 11: 620/1641 Loss: 0.584296
2026-08-23 04:06: Train Epoch 11: 640/1641 Loss: 0.572043
2026-08-23 04:06: Train Epoch 11: 660/1641 Loss: 0.570442
2026-08-23 04:06: Train Epoch 11: 680/1641 Loss: 0.556027
2026-08-23 04:06: Train Epoch 11: 700/1641 Loss: 0.579726
2026-08-23 04:06: Train Epoch 11: 720/1641 Loss: 0.566789
2026-08-23 04:06: Train Epoch 11: 740/1641 Loss: 0.556752
2026-08-23 04:06: Train Epoch 11: 760/1641 Loss: 0.562427
2026-08-23 04:06: Train Epoch 11: 780/1641 Loss: 0.569333
2026-08-23 04:06: Train Epoch 11: 800/1641 Loss: 0.571924
2026-08-23 04:06: Train Epoch 11: 820/1641 Loss: 0.558110
2026-08-23 04:06: Train Epoch 11: 840/1641 Loss: 0.558290
2026-08-23 04:06: Train Epoch 11: 860/1641 Loss: 0.554147
2026-08-23 04:06: Train Epoch 11: 880/1641 Loss: 0.554243
2026-08-23 04:06: Train Epoch 11: 900/1641 Loss: 0.550864
2026-08-23 04:06: Train Epoch 11: 920/1641 Loss: 0.597558
2026-08-23 04:06: Train Epoch 11: 940/1641 Loss: 0.569751
2026-08-23 04:06: Train Epoch 11: 960/1641 Loss: 0.601552
2026-08-23 04:07: Train Epoch 11: 980/1641 Loss: 0.548925
2026-08-23 04:07: Train Epoch 11: 1000/1641 Loss: 0.551995
2026-08-23 04:07: Train Epoch 11: 1020/1641 Loss: 0.559015
2026-08-23 04:07: Train Epoch 11: 1040/1641 Loss: 0.584596
2026-08-23 04:07: Train Epoch 11: 1060/1641 Loss: 0.558386
2026-08-23 04:07: Train Epoch 11: 1080/1641 Loss: 0.561061
2026-08-23 04:07: Train Epoch 11: 1100/1641 Loss: 0.588861
2026-08-23 04:07: Train Epoch 11: 1120/1641 Loss: 0.555506
2026-08-23 04:07: Train Epoch 11: 1140/1641 Loss: 0.580828
2026-08-23 04:07: Train Epoch 11: 1160/1641 Loss: 0.552830
2026-08-23 04:07: Train Epoch 11: 1180/1641 Loss: 0.567677
2026-08-23 04:07: Train Epoch 11: 1200/1641 Loss: 0.552842
2026-08-23 04:07: Train Epoch 11: 1220/1641 Loss: 0.571885
2026-08-23 04:07: Train Epoch 11: 1240/1641 Loss: 0.557657
2026-08-23 04:07: Train Epoch 11: 1260/1641 Loss: 0.572071
2026-08-23 04:07: Train Epoch 11: 1280/1641 Loss: 0.592508
2026-08-23 04:07: Train Epoch 11: 1300/1641 Loss: 0.565578
2026-08-23 04:07: Train Epoch 11: 1320/1641 Loss: 0.561322
2026-08-23 04:07: Train Epoch 11: 1340/1641 Loss: 0.565479
2026-08-23 04:07: Train Epoch 11: 1360/1641 Loss: 0.545146
2026-08-23 04:07: Train Epoch 11: 1380/1641 Loss: 0.587437
2026-08-23 04:07: Train Epoch 11: 1400/1641 Loss: 0.566911
2026-08-23 04:08: Train Epoch 11: 1420/1641 Loss: 0.557938
2026-08-23 04:08: Train Epoch 11: 1440/1641 Loss: 0.570459
2026-08-23 04:08: Train Epoch 11: 1460/1641 Loss: 0.544863
2026-08-23 04:08: Train Epoch 11: 1480/1641 Loss: 0.558538
2026-08-23 04:08: Train Epoch 11: 1500/1641 Loss: 0.558570
2026-08-23 04:08: Train Epoch 11: 1520/1641 Loss: 0.566936
2026-08-23 04:08: Train Epoch 11: 1540/1641 Loss: 0.563799
2026-08-23 04:08: Train Epoch 11: 1560/1641 Loss: 0.544152
2026-08-23 04:08: Train Epoch 11: 1580/1641 Loss: 0.584796
2026-08-23 04:08: Train Epoch 11: 1600/1641 Loss: 0.590851
2026-08-23 04:08: Train Epoch 11: 1620/1641 Loss: 0.560623
2026-08-23 04:08: Train Epoch 11: 1640/1641 Loss: 0.560719
2026-08-23 04:08: **********Train Epoch 11: averaged Loss: 0.567419, tf_ratio: 1.000000
2026-08-23 04:08: **********Val Epoch 11: average Loss: 0.659042
2026-08-23 04:08: Train Epoch 12: 0/1641 Loss: 0.558836
2026-08-23 04:08: Train Epoch 12: 20/1641 Loss: 0.559934
2026-08-23 04:08: Train Epoch 12: 40/1641 Loss: 0.537446
2026-08-23 04:09: Train Epoch 12: 60/1641 Loss: 0.576180
2026-08-23 04:09: Train Epoch 12: 80/1641 Loss: 0.570900
2026-08-23 04:09: Train Epoch 12: 100/1641 Loss: 0.569632
2026-08-23 04:09: Train Epoch 12: 120/1641 Loss: 0.541849
2026-08-23 04:09: Train Epoch 12: 140/1641 Loss: 0.530352
2026-08-23 04:09: Train Epoch 12: 160/1641 Loss: 0.566458
2026-08-23 04:09: Train Epoch 12: 180/1641 Loss: 0.574446
2026-08-23 04:09: Train Epoch 12: 200/1641 Loss: 0.544361
2026-08-23 04:09: Train Epoch 12: 220/1641 Loss: 0.576144
2026-08-23 04:09: Train Epoch 12: 240/1641 Loss: 0.564729
2026-08-23 04:09: Train Epoch 12: 260/1641 Loss: 0.555294
2026-08-23 04:09: Train Epoch 12: 280/1641 Loss: 0.573851
2026-08-23 04:09: Train Epoch 12: 300/1641 Loss: 0.556573
2026-08-23 04:09: Train Epoch 12: 320/1641 Loss: 0.545767
2026-08-23 04:09: Train Epoch 12: 340/1641 Loss: 0.552124
2026-08-23 04:09: Train Epoch 12: 360/1641 Loss: 0.522343
2026-08-23 04:09: Train Epoch 12: 380/1641 Loss: 0.546428
2026-08-23 04:09: Train Epoch 12: 400/1641 Loss: 0.565964
2026-08-23 04:09: Train Epoch 12: 420/1641 Loss: 0.576364
2026-08-23 04:09: Train Epoch 12: 440/1641 Loss: 0.565380
2026-08-23 04:09: Train Epoch 12: 460/1641 Loss: 0.532313
2026-08-23 04:09: Train Epoch 12: 480/1641 Loss: 0.598488
2026-08-23 04:09: Train Epoch 12: 500/1641 Loss: 0.580515
2026-08-23 04:10: Train Epoch 12: 520/1641 Loss: 0.575103
2026-08-23 04:10: Train Epoch 12: 540/1641 Loss: 0.557888
2026-08-23 04:10: Train Epoch 12: 560/1641 Loss: 0.547118
2026-08-23 04:10: Train Epoch 12: 580/1641 Loss: 0.566476
2026-08-23 04:10: Train Epoch 12: 600/1641 Loss: 0.539743
2026-08-23 04:10: Train Epoch 12: 620/1641 Loss: 0.565806
2026-08-23 04:10: Train Epoch 12: 640/1641 Loss: 0.557202
2026-08-23 04:10: Train Epoch 12: 660/1641 Loss: 0.571411
2026-08-23 04:10: Train Epoch 12: 680/1641 Loss: 0.562494
2026-08-23 04:10: Train Epoch 12: 700/1641 Loss: 0.553131
2026-08-23 04:10: Train Epoch 12: 720/1641 Loss: 0.559720
2026-08-23 04:10: Train Epoch 12: 740/1641 Loss: 0.551350
2026-08-23 04:10: Train Epoch 12: 760/1641 Loss: 0.552466
2026-08-23 04:10: Train Epoch 12: 780/1641 Loss: 0.583791
2026-08-23 04:10: Train Epoch 12: 800/1641 Loss: 0.565152
2026-08-23 04:10: Train Epoch 12: 820/1641 Loss: 0.551155
2026-08-23 04:10: Train Epoch 12: 840/1641 Loss: 0.541285
2026-08-23 04:10: Train Epoch 12: 860/1641 Loss: 0.554201
2026-08-23 04:10: Train Epoch 12: 880/1641 Loss: 0.576865
2026-08-23 04:10: Train Epoch 12: 900/1641 Loss: 0.555663
2026-08-23 04:10: Train Epoch 12: 920/1641 Loss: 0.530160
2026-08-23 04:10: Train Epoch 12: 940/1641 Loss: 0.534717
2026-08-23 04:11: Train Epoch 12: 960/1641 Loss: 0.566254
2026-08-23 04:11: Train Epoch 12: 980/1641 Loss: 0.555954
2026-08-23 04:11: Train Epoch 12: 1000/1641 Loss: 0.570392
2026-08-23 04:11: Train Epoch 12: 1020/1641 Loss: 0.544146
2026-08-23 04:11: Train Epoch 12: 1040/1641 Loss: 0.558787
2026-08-23 04:11: Train Epoch 12: 1060/1641 Loss: 0.555564
2026-08-23 04:11: Train Epoch 12: 1080/1641 Loss: 0.579474
2026-08-23 04:11: Train Epoch 12: 1100/1641 Loss: 0.564183
2026-08-23 04:11: Train Epoch 12: 1120/1641 Loss: 0.567296
2026-08-23 04:11: Train Epoch 12: 1140/1641 Loss: 0.551425
2026-08-23 04:11: Train Epoch 12: 1160/1641 Loss: 0.571877
2026-08-23 04:11: Train Epoch 12: 1180/1641 Loss: 0.569862
2026-08-23 04:11: Train Epoch 12: 1200/1641 Loss: 0.561640
2026-08-23 04:11: Train Epoch 12: 1220/1641 Loss: 0.550207
2026-08-23 04:11: Train Epoch 12: 1240/1641 Loss: 0.548308
2026-08-23 04:11: Train Epoch 12: 1260/1641 Loss: 0.554774
2026-08-23 04:11: Train Epoch 12: 1280/1641 Loss: 0.550234
2026-08-23 04:11: Train Epoch 12: 1300/1641 Loss: 0.568534
2026-08-23 04:11: Train Epoch 12: 1320/1641 Loss: 0.551164
2026-08-23 04:11: Train Epoch 12: 1340/1641 Loss: 0.570911
2026-08-23 04:11: Train Epoch 12: 1360/1641 Loss: 0.544554
2026-08-23 04:11: Train Epoch 12: 1380/1641 Loss: 0.592931
2026-08-23 04:12: Train Epoch 12: 1400/1641 Loss: 0.540827
2026-08-23 04:12: Train Epoch 12: 1420/1641 Loss: 0.536377
2026-08-23 04:12: Train Epoch 12: 1440/1641 Loss: 0.555301
2026-08-23 04:12: Train Epoch 12: 1460/1641 Loss: 0.571487
2026-08-23 04:12: Train Epoch 12: 1480/1641 Loss: 0.572149
2026-08-23 04:12: Train Epoch 12: 1500/1641 Loss: 0.554200
2026-08-23 04:12: Train Epoch 12: 1520/1641 Loss: 0.549742
2026-08-23 04:12: Train Epoch 12: 1540/1641 Loss: 0.546455
2026-08-23 04:12: Train Epoch 12: 1560/1641 Loss: 0.554941
2026-08-23 04:12: Train Epoch 12: 1580/1641 Loss: 0.563667
2026-08-23 04:12: Train Epoch 12: 1600/1641 Loss: 0.557387
2026-08-23 04:12: Train Epoch 12: 1620/1641 Loss: 0.545794
2026-08-23 04:12: Train Epoch 12: 1640/1641 Loss: 0.566858
2026-08-23 04:12: **********Train Epoch 12: averaged Loss: 0.559194, tf_ratio: 1.000000
2026-08-23 04:12: **********Val Epoch 12: average Loss: 0.656740
2026-08-23 04:12: Train Epoch 13: 0/1641 Loss: 0.551168
2026-08-23 04:12: Train Epoch 13: 20/1641 Loss: 0.566523
2026-08-23 04:13: Train Epoch 13: 40/1641 Loss: 0.577317
2026-08-23 04:13: Train Epoch 13: 60/1641 Loss: 0.552023
2026-08-23 04:13: Train Epoch 13: 80/1641 Loss: 0.560003
2026-08-23 04:13: Train Epoch 13: 100/1641 Loss: 0.544637
2026-08-23 04:13: Train Epoch 13: 120/1641 Loss: 0.568583
2026-08-23 04:13: Train Epoch 13: 140/1641 Loss: 0.561175
2026-08-23 04:13: Train Epoch 13: 160/1641 Loss: 0.554409
2026-08-23 04:13: Train Epoch 13: 180/1641 Loss: 0.560181
2026-08-23 04:13: Train Epoch 13: 200/1641 Loss: 0.496615
2026-08-23 04:13: Train Epoch 13: 220/1641 Loss: 0.533759
2026-08-23 04:13: Train Epoch 13: 240/1641 Loss: 0.541846
2026-08-23 04:13: Train Epoch 13: 260/1641 Loss: 0.561097
2026-08-23 04:13: Train Epoch 13: 280/1641 Loss: 0.545136
2026-08-23 04:13: Train Epoch 13: 300/1641 Loss: 0.573001
2026-08-23 04:13: Train Epoch 13: 320/1641 Loss: 0.556212
2026-08-23 04:13: Train Epoch 13: 340/1641 Loss: 0.560984
2026-08-23 04:13: Train Epoch 13: 360/1641 Loss: 0.543957
2026-08-23 04:13: Train Epoch 13: 380/1641 Loss: 0.560293
2026-08-23 04:13: Train Epoch 13: 400/1641 Loss: 0.521968
2026-08-23 04:13: Train Epoch 13: 420/1641 Loss: 0.553392
2026-08-23 04:13: Train Epoch 13: 440/1641 Loss: 0.555369
2026-08-23 04:13: Train Epoch 13: 460/1641 Loss: 0.557387
2026-08-23 04:14: Train Epoch 13: 480/1641 Loss: 0.559869
2026-08-23 04:14: Train Epoch 13: 500/1641 Loss: 0.582944
2026-08-23 04:14: Train Epoch 13: 520/1641 Loss: 0.590578
2026-08-23 04:14: Train Epoch 13: 540/1641 Loss: 0.556225
2026-08-23 04:14: Train Epoch 13: 560/1641 Loss: 0.538492
2026-08-23 04:14: Train Epoch 13: 580/1641 Loss: 0.554746
2026-08-23 04:14: Train Epoch 13: 600/1641 Loss: 0.571739
2026-08-23 04:14: Train Epoch 13: 620/1641 Loss: 0.556919
2026-08-23 04:14: Train Epoch 13: 640/1641 Loss: 0.580122
2026-08-23 04:14: Train Epoch 13: 660/1641 Loss: 0.552966
2026-08-23 04:14: Train Epoch 13: 680/1641 Loss: 0.555920
2026-08-23 04:14: Train Epoch 13: 700/1641 Loss: 0.560555
2026-08-23 04:14: Train Epoch 13: 720/1641 Loss: 0.563602
2026-08-23 04:14: Train Epoch 13: 740/1641 Loss: 0.561174
2026-08-23 04:14: Train Epoch 13: 760/1641 Loss: 0.550924
2026-08-23 04:14: Train Epoch 13: 780/1641 Loss: 0.559832
2026-08-23 04:14: Train Epoch 13: 800/1641 Loss: 0.559559
2026-08-23 04:14: Train Epoch 13: 820/1641 Loss: 0.559128
2026-08-23 04:14: Train Epoch 13: 840/1641 Loss: 0.537454
2026-08-23 04:14: Train Epoch 13: 860/1641 Loss: 0.540640
2026-08-23 04:14: Train Epoch 13: 880/1641 Loss: 0.582065
2026-08-23 04:14: Train Epoch 13: 900/1641 Loss: 0.530425
2026-08-23 04:15: Train Epoch 13: 920/1641 Loss: 0.572063
2026-08-23 04:15: Train Epoch 13: 940/1641 Loss: 0.531155
2026-08-23 04:15: Train Epoch 13: 960/1641 Loss: 0.565737
2026-08-23 04:15: Train Epoch 13: 980/1641 Loss: 0.552828
2026-08-23 04:15: Train Epoch 13: 1000/1641 Loss: 0.547867
2026-08-23 04:15: Train Epoch 13: 1020/1641 Loss: 0.558927
2026-08-23 04:15: Train Epoch 13: 1040/1641 Loss: 0.539663
2026-08-23 04:15: Train Epoch 13: 1060/1641 Loss: 0.527027
2026-08-23 04:15: Train Epoch 13: 1080/1641 Loss: 0.566541
2026-08-23 04:15: Train Epoch 13: 1100/1641 Loss: 0.555401
2026-08-23 04:15: Train Epoch 13: 1120/1641 Loss: 0.547109
2026-08-23 04:15: Train Epoch 13: 1140/1641 Loss: 0.524701
2026-08-23 04:15: Train Epoch 13: 1160/1641 Loss: 0.539464
2026-08-23 04:15: Train Epoch 13: 1180/1641 Loss: 0.574948
2026-08-23 04:15: Train Epoch 13: 1200/1641 Loss: 0.544802
2026-08-23 04:15: Train Epoch 13: 1220/1641 Loss: 0.554365
2026-08-23 04:15: Train Epoch 13: 1240/1641 Loss: 0.537024
2026-08-23 04:15: Train Epoch 13: 1260/1641 Loss: 0.540813
2026-08-23 04:15: Train Epoch 13: 1280/1641 Loss: 0.547569
2026-08-23 04:15: Train Epoch 13: 1300/1641 Loss: 0.553496
2026-08-23 04:15: Train Epoch 13: 1320/1641 Loss: 0.570563
2026-08-23 04:15: Train Epoch 13: 1340/1641 Loss: 0.531275
2026-08-23 04:15: Train Epoch 13: 1360/1641 Loss: 0.548429
2026-08-23 04:16: Train Epoch 13: 1380/1641 Loss: 0.547642
2026-08-23 04:16: Train Epoch 13: 1400/1641 Loss: 0.526134
2026-08-23 04:16: Train Epoch 13: 1420/1641 Loss: 0.525017
2026-08-23 04:16: Train Epoch 13: 1440/1641 Loss: 0.543873
2026-08-23 04:16: Train Epoch 13: 1460/1641 Loss: 0.542810
2026-08-23 04:16: Train Epoch 13: 1480/1641 Loss: 0.561145
2026-08-23 04:16: Train Epoch 13: 1500/1641 Loss: 0.560046
2026-08-23 04:16: Train Epoch 13: 1520/1641 Loss: 0.543450
2026-08-23 04:16: Train Epoch 13: 1540/1641 Loss: 0.556307
2026-08-23 04:16: Train Epoch 13: 1560/1641 Loss: 0.547768
2026-08-23 04:16: Train Epoch 13: 1580/1641 Loss: 0.579648
2026-08-23 04:16: Train Epoch 13: 1600/1641 Loss: 0.530582
2026-08-23 04:16: Train Epoch 13: 1620/1641 Loss: 0.541393
2026-08-23 04:16: Train Epoch 13: 1640/1641 Loss: 0.545199
2026-08-23 04:16: **********Train Epoch 13: averaged Loss: 0.551745, tf_ratio: 1.000000
2026-08-23 04:16: **********Val Epoch 13: average Loss: 0.657502
2026-08-23 04:16: Train Epoch 14: 0/1641 Loss: 0.543655
2026-08-23 04:17: Train Epoch 14: 20/1641 Loss: 0.546644
2026-08-23 04:17: Train Epoch 14: 40/1641 Loss: 0.541036
2026-08-23 04:17: Train Epoch 14: 60/1641 Loss: 0.561353
2026-08-23 04:17: Train Epoch 14: 80/1641 Loss: 0.548747
2026-08-23 04:17: Train Epoch 14: 100/1641 Loss: 0.540743
2026-08-23 04:17: Train Epoch 14: 120/1641 Loss: 0.522040
2026-08-23 04:17: Train Epoch 14: 140/1641 Loss: 0.529917
2026-08-23 04:17: Train Epoch 14: 160/1641 Loss: 0.568528
2026-08-23 04:17: Train Epoch 14: 180/1641 Loss: 0.556258
2026-08-23 04:17: Train Epoch 14: 200/1641 Loss: 0.532957
2026-08-23 04:17: Train Epoch 14: 220/1641 Loss: 0.527229
2026-08-23 04:17: Train Epoch 14: 240/1641 Loss: 0.552044
2026-08-23 04:17: Train Epoch 14: 260/1641 Loss: 0.560820
2026-08-23 04:17: Train Epoch 14: 280/1641 Loss: 0.549250
2026-08-23 04:17: Train Epoch 14: 300/1641 Loss: 0.517848
2026-08-23 04:17: Train Epoch 14: 320/1641 Loss: 0.532056
2026-08-23 04:17: Train Epoch 14: 340/1641 Loss: 0.542862
2026-08-23 04:17: Train Epoch 14: 360/1641 Loss: 0.545315
2026-08-23 04:17: Train Epoch 14: 380/1641 Loss: 0.541727
2026-08-23 04:17: Train Epoch 14: 400/1641 Loss: 0.503696
2026-08-23 04:17: Train Epoch 14: 420/1641 Loss: 0.534406
2026-08-23 04:17: Train Epoch 14: 440/1641 Loss: 0.559279
2026-08-23 04:18: Train Epoch 14: 460/1641 Loss: 0.578641
2026-08-23 04:18: Train Epoch 14: 480/1641 Loss: 0.521384
2026-08-23 04:18: Train Epoch 14: 500/1641 Loss: 0.512386
2026-08-23 04:18: Train Epoch 14: 520/1641 Loss: 0.572617
2026-08-23 04:18: Train Epoch 14: 540/1641 Loss: 0.535978
2026-08-23 04:18: Train Epoch 14: 560/1641 Loss: 0.527764
2026-08-23 04:18: Train Epoch 14: 580/1641 Loss: 0.552069
2026-08-23 04:18: Train Epoch 14: 600/1641 Loss: 0.542196
2026-08-23 04:18: Train Epoch 14: 620/1641 Loss: 0.557940
2026-08-23 04:18: Train Epoch 14: 640/1641 Loss: 0.555626
2026-08-23 04:18: Train Epoch 14: 660/1641 Loss: 0.551262
2026-08-23 04:18: Train Epoch 14: 680/1641 Loss: 0.573785
2026-08-23 04:18: Train Epoch 14: 700/1641 Loss: 0.556571
2026-08-23 04:18: Train Epoch 14: 720/1641 Loss: 0.569077
2026-08-23 04:18: Train Epoch 14: 740/1641 Loss: 0.552009
2026-08-23 04:18: Train Epoch 14: 760/1641 Loss: 0.545712
2026-08-23 04:18: Train Epoch 14: 780/1641 Loss: 0.528921
2026-08-23 04:18: Train Epoch 14: 800/1641 Loss: 0.535073
2026-08-23 04:18: Train Epoch 14: 820/1641 Loss: 0.564396
2026-08-23 04:18: Train Epoch 14: 840/1641 Loss: 0.542535
2026-08-23 04:18: Train Epoch 14: 860/1641 Loss: 0.565073
2026-08-23 04:18: Train Epoch 14: 880/1641 Loss: 0.541962
2026-08-23 04:19: Train Epoch 14: 900/1641 Loss: 0.551261
2026-08-23 04:19: Train Epoch 14: 920/1641 Loss: 0.521116
2026-08-23 04:19: Train Epoch 14: 940/1641 Loss: 0.507696
2026-08-23 04:19: Train Epoch 14: 960/1641 Loss: 0.534568
2026-08-23 04:19: Train Epoch 14: 980/1641 Loss: 0.553643
2026-08-23 04:19: Train Epoch 14: 1000/1641 Loss: 0.551369
2026-08-23 04:19: Train Epoch 14: 1020/1641 Loss: 0.534766
2026-08-23 04:19: Train Epoch 14: 1040/1641 Loss: 0.532885
2026-08-23 04:19: Train Epoch 14: 1060/1641 Loss: 0.547186
2026-08-23 04:19: Train Epoch 14: 1080/1641 Loss: 0.538741
2026-08-23 04:19: Train Epoch 14: 1100/1641 Loss: 0.519580
2026-08-23 04:19: Train Epoch 14: 1120/1641 Loss: 0.539433
2026-08-23 04:19: Train Epoch 14: 1140/1641 Loss: 0.539405
2026-08-23 04:19: Train Epoch 14: 1160/1641 Loss: 0.551654
2026-08-23 04:19: Train Epoch 14: 1180/1641 Loss: 0.544969
2026-08-23 04:19: Train Epoch 14: 1200/1641 Loss: 0.560770
2026-08-23 04:19: Train Epoch 14: 1220/1641 Loss: 0.542102
2026-08-23 04:19: Train Epoch 14: 1240/1641 Loss: 0.555057
2026-08-23 04:19: Train Epoch 14: 1260/1641 Loss: 0.552070
2026-08-23 04:19: Train Epoch 14: 1280/1641 Loss: 0.538250
2026-08-23 04:19: Train Epoch 14: 1300/1641 Loss: 0.543757
2026-08-23 04:19: Train Epoch 14: 1320/1641 Loss: 0.577397
2026-08-23 04:19: Train Epoch 14: 1340/1641 Loss: 0.558139
2026-08-23 04:20: Train Epoch 14: 1360/1641 Loss: 0.546126
2026-08-23 04:20: Train Epoch 14: 1380/1641 Loss: 0.544296
2026-08-23 04:20: Train Epoch 14: 1400/1641 Loss: 0.540552
2026-08-23 04:20: Train Epoch 14: 1420/1641 Loss: 0.552252
2026-08-23 04:20: Train Epoch 14: 1440/1641 Loss: 0.557986
2026-08-23 04:20: Train Epoch 14: 1460/1641 Loss: 0.545176
2026-08-23 04:20: Train Epoch 14: 1480/1641 Loss: 0.520269
2026-08-23 04:20: Train Epoch 14: 1500/1641 Loss: 0.542505
2026-08-23 04:20: Train Epoch 14: 1520/1641 Loss: 0.562679
2026-08-23 04:20: Train Epoch 14: 1540/1641 Loss: 0.547869
2026-08-23 04:20: Train Epoch 14: 1560/1641 Loss: 0.551043
2026-08-23 04:20: Train Epoch 14: 1580/1641 Loss: 0.539693
2026-08-23 04:20: Train Epoch 14: 1600/1641 Loss: 0.561205
2026-08-23 04:20: Train Epoch 14: 1620/1641 Loss: 0.510502
2026-08-23 04:20: Train Epoch 14: 1640/1641 Loss: 0.531142
2026-08-23 04:20: **********Train Epoch 14: averaged Loss: 0.545004, tf_ratio: 1.000000
2026-08-23 04:21: **********Val Epoch 14: average Loss: 0.658615
2026-08-23 04:21: Train Epoch 15: 0/1641 Loss: 0.547350
2026-08-23 04:21: Train Epoch 15: 20/1641 Loss: 0.549914
2026-08-23 04:21: Train Epoch 15: 40/1641 Loss: 0.526727
2026-08-23 04:21: Train Epoch 15: 60/1641 Loss: 0.548147
2026-08-23 04:21: Train Epoch 15: 80/1641 Loss: 0.531188
2026-08-23 04:21: Train Epoch 15: 100/1641 Loss: 0.552275
2026-08-23 04:21: Train Epoch 15: 120/1641 Loss: 0.536485
2026-08-23 04:21: Train Epoch 15: 140/1641 Loss: 0.549439
2026-08-23 04:21: Train Epoch 15: 160/1641 Loss: 0.551537
2026-08-23 04:21: Train Epoch 15: 180/1641 Loss: 0.533195
2026-08-23 04:21: Train Epoch 15: 200/1641 Loss: 0.541318
2026-08-23 04:21: Train Epoch 15: 220/1641 Loss: 0.549008
2026-08-23 04:21: Train Epoch 15: 240/1641 Loss: 0.509133
2026-08-23 04:21: Train Epoch 15: 260/1641 Loss: 0.542344
2026-08-23 04:21: Train Epoch 15: 280/1641 Loss: 0.557409
2026-08-23 04:21: Train Epoch 15: 300/1641 Loss: 0.533535
2026-08-23 04:21: Train Epoch 15: 320/1641 Loss: 0.536897
2026-08-23 04:21: Train Epoch 15: 340/1641 Loss: 0.512000
2026-08-23 04:21: Train Epoch 15: 360/1641 Loss: 0.534793
2026-08-23 04:21: Train Epoch 15: 380/1641 Loss: 0.519469
2026-08-23 04:21: Train Epoch 15: 400/1641 Loss: 0.544279
2026-08-23 04:21: Train Epoch 15: 420/1641 Loss: 0.546090
2026-08-23 04:22: Train Epoch 15: 440/1641 Loss: 0.567113
2026-08-23 04:22: Train Epoch 15: 460/1641 Loss: 0.528285
2026-08-23 04:22: Train Epoch 15: 480/1641 Loss: 0.516553
2026-08-23 04:22: Train Epoch 15: 500/1641 Loss: 0.537163
2026-08-23 04:22: Train Epoch 15: 520/1641 Loss: 0.525218
2026-08-23 04:22: Train Epoch 15: 540/1641 Loss: 0.581380
2026-08-23 04:22: Train Epoch 15: 560/1641 Loss: 0.537692
2026-08-23 04:22: Train Epoch 15: 580/1641 Loss: 0.568123
2026-08-23 04:22: Train Epoch 15: 600/1641 Loss: 0.543625
2026-08-23 04:22: Train Epoch 15: 620/1641 Loss: 0.532535
2026-08-23 04:22: Train Epoch 15: 640/1641 Loss: 0.550657
2026-08-23 04:22: Train Epoch 15: 660/1641 Loss: 0.527929
2026-08-23 04:22: Train Epoch 15: 680/1641 Loss: 0.547921
2026-08-23 04:22: Train Epoch 15: 700/1641 Loss: 0.546698
2026-08-23 04:22: Train Epoch 15: 720/1641 Loss: 0.511566
2026-08-23 04:22: Train Epoch 15: 740/1641 Loss: 0.543954
2026-08-23 04:22: Train Epoch 15: 760/1641 Loss: 0.544971
2026-08-23 04:22: Train Epoch 15: 780/1641 Loss: 0.555864
2026-08-23 04:22: Train Epoch 15: 800/1641 Loss: 0.539086
2026-08-23 04:22: Train Epoch 15: 820/1641 Loss: 0.539362
2026-08-23 04:22: Train Epoch 15: 840/1641 Loss: 0.531279
2026-08-23 04:22: Train Epoch 15: 860/1641 Loss: 0.554562
2026-08-23 04:23: Train Epoch 15: 880/1641 Loss: 0.556277
2026-08-23 04:23: Train Epoch 15: 900/1641 Loss: 0.557619
2026-08-23 04:23: Train Epoch 15: 920/1641 Loss: 0.523024
2026-08-23 04:23: Train Epoch 15: 940/1641 Loss: 0.524397
2026-08-23 04:23: Train Epoch 15: 960/1641 Loss: 0.558308
2026-08-23 04:23: Train Epoch 15: 980/1641 Loss: 0.523213
2026-08-23 04:23: Train Epoch 15: 1000/1641 Loss: 0.552634
2026-08-23 04:23: Train Epoch 15: 1020/1641 Loss: 0.530404
2026-08-23 04:23: Train Epoch 15: 1040/1641 Loss: 0.550920
2026-08-23 04:23: Train Epoch 15: 1060/1641 Loss: 0.537242
2026-08-23 04:23: Train Epoch 15: 1080/1641 Loss: 0.528834
2026-08-23 04:23: Train Epoch 15: 1100/1641 Loss: 0.544254
2026-08-23 04:23: Train Epoch 15: 1120/1641 Loss: 0.537894
2026-08-23 04:23: Train Epoch 15: 1140/1641 Loss: 0.530916
2026-08-23 04:23: Train Epoch 15: 1160/1641 Loss: 0.563664
2026-08-23 04:23: Train Epoch 15: 1180/1641 Loss: 0.539628
2026-08-23 04:23: Train Epoch 15: 1200/1641 Loss: 0.509001
2026-08-23 04:23: Train Epoch 15: 1220/1641 Loss: 0.548446
2026-08-23 04:23: Train Epoch 15: 1240/1641 Loss: 0.529816
2026-08-23 04:23: Train Epoch 15: 1260/1641 Loss: 0.544830
2026-08-23 04:23: Train Epoch 15: 1280/1641 Loss: 0.536315
2026-08-23 04:23: Train Epoch 15: 1300/1641 Loss: 0.531755
2026-08-23 04:24: Train Epoch 15: 1320/1641 Loss: 0.537190
2026-08-23 04:24: Train Epoch 15: 1340/1641 Loss: 0.547101
2026-08-23 04:24: Train Epoch 15: 1360/1641 Loss: 0.539567
2026-08-23 04:24: Train Epoch 15: 1380/1641 Loss: 0.559691
2026-08-23 04:24: Train Epoch 15: 1400/1641 Loss: 0.557836
2026-08-23 04:24: Train Epoch 15: 1420/1641 Loss: 0.537682
2026-08-23 04:24: Train Epoch 15: 1440/1641 Loss: 0.536830
2026-08-23 04:24: Train Epoch 15: 1460/1641 Loss: 0.561956
2026-08-23 04:24: Train Epoch 15: 1480/1641 Loss: 0.521916
2026-08-23 04:24: Train Epoch 15: 1500/1641 Loss: 0.554848
2026-08-23 04:24: Train Epoch 15: 1520/1641 Loss: 0.538723
2026-08-23 04:24: Train Epoch 15: 1540/1641 Loss: 0.579229
2026-08-23 04:24: Train Epoch 15: 1560/1641 Loss: 0.519286
2026-08-23 04:24: Train Epoch 15: 1580/1641 Loss: 0.545576
2026-08-23 04:24: Train Epoch 15: 1600/1641 Loss: 0.544507
2026-08-23 04:24: Train Epoch 15: 1620/1641 Loss: 0.552394
2026-08-23 04:24: Train Epoch 15: 1640/1641 Loss: 0.510681
2026-08-23 04:24: **********Train Epoch 15: averaged Loss: 0.538934, tf_ratio: 1.000000
2026-08-23 04:25: **********Val Epoch 15: average Loss: 0.661300
2026-08-23 04:25: Train Epoch 16: 0/1641 Loss: 0.522400
2026-08-23 04:25: Train Epoch 16: 20/1641 Loss: 0.551230
2026-08-23 04:25: Train Epoch 16: 40/1641 Loss: 0.530808
2026-08-23 04:25: Train Epoch 16: 60/1641 Loss: 0.536101
2026-08-23 04:25: Train Epoch 16: 80/1641 Loss: 0.522636
2026-08-23 04:25: Train Epoch 16: 100/1641 Loss: 0.539096
2026-08-23 04:25: Train Epoch 16: 120/1641 Loss: 0.554103
2026-08-23 04:25: Train Epoch 16: 140/1641 Loss: 0.524823
2026-08-23 04:25: Train Epoch 16: 160/1641 Loss: 0.534001
2026-08-23 04:25: Train Epoch 16: 180/1641 Loss: 0.529206
2026-08-23 04:25: Train Epoch 16: 200/1641 Loss: 0.530929
2026-08-23 04:25: Train Epoch 16: 220/1641 Loss: 0.522545
2026-08-23 04:25: Train Epoch 16: 240/1641 Loss: 0.533178
2026-08-23 04:25: Train Epoch 16: 260/1641 Loss: 0.548156
2026-08-23 04:25: Train Epoch 16: 280/1641 Loss: 0.549018
2026-08-23 04:25: Train Epoch 16: 300/1641 Loss: 0.528138
2026-08-23 04:25: Train Epoch 16: 320/1641 Loss: 0.584136
2026-08-23 04:25: Train Epoch 16: 340/1641 Loss: 0.521885
2026-08-23 04:25: Train Epoch 16: 360/1641 Loss: 0.526337
2026-08-23 04:25: Train Epoch 16: 380/1641 Loss: 0.541586
2026-08-23 04:25: Train Epoch 16: 400/1641 Loss: 0.574817
2026-08-23 04:25: Train Epoch 16: 420/1641 Loss: 0.545829
2026-08-23 04:26: Train Epoch 16: 440/1641 Loss: 0.524580
2026-08-23 04:26: Train Epoch 16: 460/1641 Loss: 0.529718
2026-08-23 04:26: Train Epoch 16: 480/1641 Loss: 0.526397
2026-08-23 04:26: Train Epoch 16: 500/1641 Loss: 0.543622
2026-08-23 04:26: Train Epoch 16: 520/1641 Loss: 0.547775
2026-08-23 04:26: Train Epoch 16: 540/1641 Loss: 0.519828
2026-08-23 04:26: Train Epoch 16: 560/1641 Loss: 0.538614
2026-08-23 04:26: Train Epoch 16: 580/1641 Loss: 0.526112
2026-08-23 04:26: Train Epoch 16: 600/1641 Loss: 0.540040
2026-08-23 04:26: Train Epoch 16: 620/1641 Loss: 0.533670
2026-08-23 04:26: Train Epoch 16: 640/1641 Loss: 0.534653
2026-08-23 04:26: Train Epoch 16: 660/1641 Loss: 0.544180
2026-08-23 04:26: Train Epoch 16: 680/1641 Loss: 0.572248
2026-08-23 04:26: Train Epoch 16: 700/1641 Loss: 0.529336
2026-08-23 04:26: Train Epoch 16: 720/1641 Loss: 0.521681
2026-08-23 04:26: Train Epoch 16: 740/1641 Loss: 0.516161
2026-08-23 04:26: Train Epoch 16: 760/1641 Loss: 0.535933
2026-08-23 04:26: Train Epoch 16: 780/1641 Loss: 0.525272
2026-08-23 04:26: Train Epoch 16: 800/1641 Loss: 0.530365
2026-08-23 04:26: Train Epoch 16: 820/1641 Loss: 0.532038
2026-08-23 04:26: Train Epoch 16: 840/1641 Loss: 0.516229
2026-08-23 04:26: Train Epoch 16: 860/1641 Loss: 0.516770
2026-08-23 04:27: Train Epoch 16: 880/1641 Loss: 0.551503
2026-08-23 04:27: Train Epoch 16: 900/1641 Loss: 0.509524
2026-08-23 04:27: Train Epoch 16: 920/1641 Loss: 0.525254
2026-08-23 04:27: Train Epoch 16: 940/1641 Loss: 0.534683
2026-08-23 04:27: Train Epoch 16: 960/1641 Loss: 0.535944
2026-08-23 04:27: Train Epoch 16: 980/1641 Loss: 0.517469
2026-08-23 04:27: Train Epoch 16: 1000/1641 Loss: 0.518226
2026-08-23 04:27: Train Epoch 16: 1020/1641 Loss: 0.519410
2026-08-23 04:27: Train Epoch 16: 1040/1641 Loss: 0.524593
2026-08-23 04:27: Train Epoch 16: 1060/1641 Loss: 0.532073
2026-08-23 04:27: Train Epoch 16: 1080/1641 Loss: 0.533618
2026-08-23 04:27: Train Epoch 16: 1100/1641 Loss: 0.532526
2026-08-23 04:27: Train Epoch 16: 1120/1641 Loss: 0.540649
2026-08-23 04:27: Train Epoch 16: 1140/1641 Loss: 0.522870
2026-08-23 04:27: Train Epoch 16: 1160/1641 Loss: 0.520033
2026-08-23 04:27: Train Epoch 16: 1180/1641 Loss: 0.526825
2026-08-23 04:27: Train Epoch 16: 1200/1641 Loss: 0.548308
2026-08-23 04:27: Train Epoch 16: 1220/1641 Loss: 0.527748
2026-08-23 04:27: Train Epoch 16: 1240/1641 Loss: 0.526282
2026-08-23 04:27: Train Epoch 16: 1260/1641 Loss: 0.551794
2026-08-23 04:27: Train Epoch 16: 1280/1641 Loss: 0.550706
2026-08-23 04:27: Train Epoch 16: 1300/1641 Loss: 0.525778
2026-08-23 04:27: Train Epoch 16: 1320/1641 Loss: 0.528587
2026-08-23 04:28: Train Epoch 16: 1340/1641 Loss: 0.514540
2026-08-23 04:28: Train Epoch 16: 1360/1641 Loss: 0.551214
2026-08-23 04:28: Train Epoch 16: 1380/1641 Loss: 0.551895
2026-08-23 04:28: Train Epoch 16: 1400/1641 Loss: 0.531152
2026-08-23 04:28: Train Epoch 16: 1420/1641 Loss: 0.529199
2026-08-23 04:28: Train Epoch 16: 1440/1641 Loss: 0.550642
2026-08-23 04:28: Train Epoch 16: 1460/1641 Loss: 0.513614
2026-08-23 04:28: Train Epoch 16: 1480/1641 Loss: 0.506301
2026-08-23 04:28: Train Epoch 16: 1500/1641 Loss: 0.484588
2026-08-23 04:28: Train Epoch 16: 1520/1641 Loss: 0.512135
2026-08-23 04:28: Train Epoch 16: 1540/1641 Loss: 0.550696
2026-08-23 04:28: Train Epoch 16: 1560/1641 Loss: 0.513751
2026-08-23 04:28: Train Epoch 16: 1580/1641 Loss: 0.517611
2026-08-23 04:28: Train Epoch 16: 1600/1641 Loss: 0.521042
2026-08-23 04:28: Train Epoch 16: 1620/1641 Loss: 0.527481
2026-08-23 04:28: Train Epoch 16: 1640/1641 Loss: 0.528665
2026-08-23 04:28: **********Train Epoch 16: averaged Loss: 0.533345, tf_ratio: 1.000000
2026-08-23 04:29: **********Val Epoch 16: average Loss: 0.660092
2026-08-23 04:29: Train Epoch 17: 0/1641 Loss: 0.532958
2026-08-23 04:29: Train Epoch 17: 20/1641 Loss: 0.522997
2026-08-23 04:29: Train Epoch 17: 40/1641 Loss: 0.546424
2026-08-23 04:29: Train Epoch 17: 60/1641 Loss: 0.513695
2026-08-23 04:29: Train Epoch 17: 80/1641 Loss: 0.542106
2026-08-23 04:29: Train Epoch 17: 100/1641 Loss: 0.554773
2026-08-23 04:29: Train Epoch 17: 120/1641 Loss: 0.545462
2026-08-23 04:29: Train Epoch 17: 140/1641 Loss: 0.562884
2026-08-23 04:29: Train Epoch 17: 160/1641 Loss: 0.513499
2026-08-23 04:29: Train Epoch 17: 180/1641 Loss: 0.521940
2026-08-23 04:29: Train Epoch 17: 200/1641 Loss: 0.536865
2026-08-23 04:29: Train Epoch 17: 220/1641 Loss: 0.518833
2026-08-23 04:29: Train Epoch 17: 240/1641 Loss: 0.505392
2026-08-23 04:29: Train Epoch 17: 260/1641 Loss: 0.508866
2026-08-23 04:29: Train Epoch 17: 280/1641 Loss: 0.523464
2026-08-23 04:29: Train Epoch 17: 300/1641 Loss: 0.519724
2026-08-23 04:29: Train Epoch 17: 320/1641 Loss: 0.520799
2026-08-23 04:29: Train Epoch 17: 340/1641 Loss: 0.561725
2026-08-23 04:29: Train Epoch 17: 360/1641 Loss: 0.530260
2026-08-23 04:29: Train Epoch 17: 380/1641 Loss: 0.509037
2026-08-23 04:29: Train Epoch 17: 400/1641 Loss: 0.544091
2026-08-23 04:29: Train Epoch 17: 420/1641 Loss: 0.548135
2026-08-23 04:30: Train Epoch 17: 440/1641 Loss: 0.520797
2026-08-23 04:30: Train Epoch 17: 460/1641 Loss: 0.536720
2026-08-23 04:30: Train Epoch 17: 480/1641 Loss: 0.534970
2026-08-23 04:30: Train Epoch 17: 500/1641 Loss: 0.497941
2026-08-23 04:30: Train Epoch 17: 520/1641 Loss: 0.496404
2026-08-23 04:30: Train Epoch 17: 540/1641 Loss: 0.558103
2026-08-23 04:30: Train Epoch 17: 560/1641 Loss: 0.514948
2026-08-23 04:30: Train Epoch 17: 580/1641 Loss: 0.518777
2026-08-23 04:30: Train Epoch 17: 600/1641 Loss: 0.531570
2026-08-23 04:30: Train Epoch 17: 620/1641 Loss: 0.526862
2026-08-23 04:30: Train Epoch 17: 640/1641 Loss: 0.518013
2026-08-23 04:30: Train Epoch 17: 660/1641 Loss: 0.517836
2026-08-23 04:30: Train Epoch 17: 680/1641 Loss: 0.545385
2026-08-23 04:30: Train Epoch 17: 700/1641 Loss: 0.543949
2026-08-23 04:30: Train Epoch 17: 720/1641 Loss: 0.526992
2026-08-23 04:30: Train Epoch 17: 740/1641 Loss: 0.528065
2026-08-23 04:30: Train Epoch 17: 760/1641 Loss: 0.537326
2026-08-23 04:30: Train Epoch 17: 780/1641 Loss: 0.508652
2026-08-23 04:30: Train Epoch 17: 800/1641 Loss: 0.524936
2026-08-23 04:30: Train Epoch 17: 820/1641 Loss: 0.526312
2026-08-23 04:30: Train Epoch 17: 840/1641 Loss: 0.533052
2026-08-23 04:30: Train Epoch 17: 860/1641 Loss: 0.538898
2026-08-23 04:31: Train Epoch 17: 880/1641 Loss: 0.515853
2026-08-23 04:31: Train Epoch 17: 900/1641 Loss: 0.521975
2026-08-23 04:31: Train Epoch 17: 920/1641 Loss: 0.534926
2026-08-23 04:31: Train Epoch 17: 940/1641 Loss: 0.542068
2026-08-23 04:31: Train Epoch 17: 960/1641 Loss: 0.557078
2026-08-23 04:31: Train Epoch 17: 980/1641 Loss: 0.525319
2026-08-23 04:31: Train Epoch 17: 1000/1641 Loss: 0.525577
2026-08-23 04:31: Train Epoch 17: 1020/1641 Loss: 0.513271
2026-08-23 04:31: Train Epoch 17: 1040/1641 Loss: 0.536270
2026-08-23 04:31: Train Epoch 17: 1060/1641 Loss: 0.522492
2026-08-23 04:31: Train Epoch 17: 1080/1641 Loss: 0.551909
2026-08-23 04:31: Train Epoch 17: 1100/1641 Loss: 0.519530
2026-08-23 04:31: Train Epoch 17: 1120/1641 Loss: 0.521633
2026-08-23 04:31: Train Epoch 17: 1140/1641 Loss: 0.543463
2026-08-23 04:31: Train Epoch 17: 1160/1641 Loss: 0.533203
2026-08-23 04:31: Train Epoch 17: 1180/1641 Loss: 0.522793
2026-08-23 04:31: Train Epoch 17: 1200/1641 Loss: 0.549241
2026-08-23 04:31: Train Epoch 17: 1220/1641 Loss: 0.540053
2026-08-23 04:31: Train Epoch 17: 1240/1641 Loss: 0.510975
2026-08-23 04:31: Train Epoch 17: 1260/1641 Loss: 0.523110
2026-08-23 04:31: Train Epoch 17: 1280/1641 Loss: 0.529601
2026-08-23 04:31: Train Epoch 17: 1300/1641 Loss: 0.523464
2026-08-23 04:32: Train Epoch 17: 1320/1641 Loss: 0.523703
2026-08-23 04:32: Train Epoch 17: 1340/1641 Loss: 0.519672
2026-08-23 04:32: Train Epoch 17: 1360/1641 Loss: 0.506154
2026-08-23 04:32: Train Epoch 17: 1380/1641 Loss: 0.524791
2026-08-23 04:32: Train Epoch 17: 1400/1641 Loss: 0.524197
2026-08-23 04:32: Train Epoch 17: 1420/1641 Loss: 0.524091
2026-08-23 04:32: Train Epoch 17: 1440/1641 Loss: 0.533683
2026-08-23 04:32: Train Epoch 17: 1460/1641 Loss: 0.536423
2026-08-23 04:32: Train Epoch 17: 1480/1641 Loss: 0.564123
2026-08-23 04:32: Train Epoch 17: 1500/1641 Loss: 0.515503
2026-08-23 04:32: Train Epoch 17: 1520/1641 Loss: 0.544880
2026-08-23 04:32: Train Epoch 17: 1540/1641 Loss: 0.528422
2026-08-23 04:32: Train Epoch 17: 1560/1641 Loss: 0.517223
2026-08-23 04:32: Train Epoch 17: 1580/1641 Loss: 0.564671
2026-08-23 04:32: Train Epoch 17: 1600/1641 Loss: 0.548974
2026-08-23 04:32: Train Epoch 17: 1620/1641 Loss: 0.519771
2026-08-23 04:32: Train Epoch 17: 1640/1641 Loss: 0.547896
2026-08-23 04:32: **********Train Epoch 17: averaged Loss: 0.528369, tf_ratio: 1.000000
2026-08-23 04:33: **********Val Epoch 17: average Loss: 0.663919
2026-08-23 04:33: Train Epoch 18: 0/1641 Loss: 0.516972
2026-08-23 04:33: Train Epoch 18: 20/1641 Loss: 0.547117
2026-08-23 04:33: Train Epoch 18: 40/1641 Loss: 0.505019
2026-08-23 04:33: Train Epoch 18: 60/1641 Loss: 0.537339
2026-08-23 04:33: Train Epoch 18: 80/1641 Loss: 0.529146
2026-08-23 04:33: Train Epoch 18: 100/1641 Loss: 0.527988
2026-08-23 04:33: Train Epoch 18: 120/1641 Loss: 0.533486
2026-08-23 04:33: Train Epoch 18: 140/1641 Loss: 0.502441
2026-08-23 04:33: Train Epoch 18: 160/1641 Loss: 0.537388
2026-08-23 04:33: Train Epoch 18: 180/1641 Loss: 0.523804
2026-08-23 04:33: Train Epoch 18: 200/1641 Loss: 0.522317
2026-08-23 04:33: Train Epoch 18: 220/1641 Loss: 0.519149
2026-08-23 04:33: Train Epoch 18: 240/1641 Loss: 0.522827
2026-08-23 04:33: Train Epoch 18: 260/1641 Loss: 0.526066
2026-08-23 04:33: Train Epoch 18: 280/1641 Loss: 0.557755
2026-08-23 04:33: Train Epoch 18: 300/1641 Loss: 0.552173
2026-08-23 04:33: Train Epoch 18: 320/1641 Loss: 0.538479
2026-08-23 04:33: Train Epoch 18: 340/1641 Loss: 0.521353
2026-08-23 04:33: Train Epoch 18: 360/1641 Loss: 0.506977
2026-08-23 04:33: Train Epoch 18: 380/1641 Loss: 0.513324
2026-08-23 04:34: Train Epoch 18: 400/1641 Loss: 0.526693
2026-08-23 04:34: Train Epoch 18: 420/1641 Loss: 0.526889
2026-08-23 04:34: Train Epoch 18: 440/1641 Loss: 0.539748
2026-08-23 04:34: Train Epoch 18: 460/1641 Loss: 0.551107
2026-08-23 04:34: Train Epoch 18: 480/1641 Loss: 0.486190
2026-08-23 04:34: Train Epoch 18: 500/1641 Loss: 0.517025
2026-08-23 04:34: Train Epoch 18: 520/1641 Loss: 0.506869
2026-08-23 04:34: Train Epoch 18: 540/1641 Loss: 0.530036
2026-08-23 04:34: Train Epoch 18: 560/1641 Loss: 0.516172
2026-08-23 04:34: Train Epoch 18: 580/1641 Loss: 0.552026
2026-08-23 04:34: Train Epoch 18: 600/1641 Loss: 0.532512
2026-08-23 04:34: Train Epoch 18: 620/1641 Loss: 0.551298
2026-08-23 04:34: Train Epoch 18: 640/1641 Loss: 0.556237
2026-08-23 04:34: Train Epoch 18: 660/1641 Loss: 0.515217
2026-08-23 04:34: Train Epoch 18: 680/1641 Loss: 0.534670
2026-08-23 04:34: Train Epoch 18: 700/1641 Loss: 0.528328
2026-08-23 04:34: Train Epoch 18: 720/1641 Loss: 0.539049
2026-08-23 04:34: Train Epoch 18: 740/1641 Loss: 0.546753
2026-08-23 04:34: Train Epoch 18: 760/1641 Loss: 0.521361
2026-08-23 04:34: Train Epoch 18: 780/1641 Loss: 0.535797
2026-08-23 04:34: Train Epoch 18: 800/1641 Loss: 0.524927
2026-08-23 04:34: Train Epoch 18: 820/1641 Loss: 0.507849
2026-08-23 04:34: Train Epoch 18: 840/1641 Loss: 0.542086
2026-08-23 04:35: Train Epoch 18: 860/1641 Loss: 0.515874
2026-08-23 04:35: Train Epoch 18: 880/1641 Loss: 0.533312
2026-08-23 04:35: Train Epoch 18: 900/1641 Loss: 0.528452
2026-08-23 04:35: Train Epoch 18: 920/1641 Loss: 0.528318
2026-08-23 04:35: Train Epoch 18: 940/1641 Loss: 0.508156
2026-08-23 04:35: Train Epoch 18: 960/1641 Loss: 0.513691
2026-08-23 04:35: Train Epoch 18: 980/1641 Loss: 0.521295
2026-08-23 04:35: Train Epoch 18: 1000/1641 Loss: 0.530913
2026-08-23 04:35: Train Epoch 18: 1020/1641 Loss: 0.544095
2026-08-23 04:35: Train Epoch 18: 1040/1641 Loss: 0.509141
2026-08-23 04:35: Train Epoch 18: 1060/1641 Loss: 0.518454
2026-08-23 04:35: Train Epoch 18: 1080/1641 Loss: 0.534649
2026-08-23 04:35: Train Epoch 18: 1100/1641 Loss: 0.540029
2026-08-23 04:35: Train Epoch 18: 1120/1641 Loss: 0.524602
2026-08-23 04:35: Train Epoch 18: 1140/1641 Loss: 0.502168
2026-08-23 04:35: Train Epoch 18: 1160/1641 Loss: 0.498237
2026-08-23 04:35: Train Epoch 18: 1180/1641 Loss: 0.491556
2026-08-23 04:35: Train Epoch 18: 1200/1641 Loss: 0.521913
2026-08-23 04:35: Train Epoch 18: 1220/1641 Loss: 0.523735
2026-08-23 04:35: Train Epoch 18: 1240/1641 Loss: 0.518512
2026-08-23 04:35: Train Epoch 18: 1260/1641 Loss: 0.525839
2026-08-23 04:35: Train Epoch 18: 1280/1641 Loss: 0.509954
2026-08-23 04:36: Train Epoch 18: 1300/1641 Loss: 0.524555
2026-08-23 04:36: Train Epoch 18: 1320/1641 Loss: 0.535806
2026-08-23 04:36: Train Epoch 18: 1340/1641 Loss: 0.533751
2026-08-23 04:36: Train Epoch 18: 1360/1641 Loss: 0.522221
2026-08-23 04:36: Train Epoch 18: 1380/1641 Loss: 0.508920
2026-08-23 04:36: Train Epoch 18: 1400/1641 Loss: 0.510116
2026-08-23 04:36: Train Epoch 18: 1420/1641 Loss: 0.498225
2026-08-23 04:36: Train Epoch 18: 1440/1641 Loss: 0.504380
2026-08-23 04:36: Train Epoch 18: 1460/1641 Loss: 0.554363
2026-08-23 04:36: Train Epoch 18: 1480/1641 Loss: 0.515368
2026-08-23 04:36: Train Epoch 18: 1500/1641 Loss: 0.547358
2026-08-23 04:36: Train Epoch 18: 1520/1641 Loss: 0.534466
2026-08-23 04:36: Train Epoch 18: 1540/1641 Loss: 0.533010
2026-08-23 04:36: Train Epoch 18: 1560/1641 Loss: 0.497925
2026-08-23 04:36: Train Epoch 18: 1580/1641 Loss: 0.517299
2026-08-23 04:36: Train Epoch 18: 1600/1641 Loss: 0.538447
2026-08-23 04:36: Train Epoch 18: 1620/1641 Loss: 0.525983
2026-08-23 04:36: Train Epoch 18: 1640/1641 Loss: 0.549322
2026-08-23 04:36: **********Train Epoch 18: averaged Loss: 0.523728, tf_ratio: 1.000000
2026-08-23 04:37: **********Val Epoch 18: average Loss: 0.662683
2026-08-23 04:37: Train Epoch 19: 0/1641 Loss: 0.522024
2026-08-23 04:37: Train Epoch 19: 20/1641 Loss: 0.543429
2026-08-23 04:37: Train Epoch 19: 40/1641 Loss: 0.536487
2026-08-23 04:37: Train Epoch 19: 60/1641 Loss: 0.525529
2026-08-23 04:37: Train Epoch 19: 80/1641 Loss: 0.522659
2026-08-23 04:37: Train Epoch 19: 100/1641 Loss: 0.511131
2026-08-23 04:37: Train Epoch 19: 120/1641 Loss: 0.554178
2026-08-23 04:37: Train Epoch 19: 140/1641 Loss: 0.513924
2026-08-23 04:37: Train Epoch 19: 160/1641 Loss: 0.506710
2026-08-23 04:37: Train Epoch 19: 180/1641 Loss: 0.503960
2026-08-23 04:37: Train Epoch 19: 200/1641 Loss: 0.502740
2026-08-23 04:37: Train Epoch 19: 220/1641 Loss: 0.518143
2026-08-23 04:37: Train Epoch 19: 240/1641 Loss: 0.539752
2026-08-23 04:37: Train Epoch 19: 260/1641 Loss: 0.515287
2026-08-23 04:37: Train Epoch 19: 280/1641 Loss: 0.539059
2026-08-23 04:37: Train Epoch 19: 300/1641 Loss: 0.510964
2026-08-23 04:37: Train Epoch 19: 320/1641 Loss: 0.529028
2026-08-23 04:37: Train Epoch 19: 340/1641 Loss: 0.518577
2026-08-23 04:37: Train Epoch 19: 360/1641 Loss: 0.543669
2026-08-23 04:38: Train Epoch 19: 380/1641 Loss: 0.521200
2026-08-23 04:38: Train Epoch 19: 400/1641 Loss: 0.497421
2026-08-23 04:38: Train Epoch 19: 420/1641 Loss: 0.502541
2026-08-23 04:38: Train Epoch 19: 440/1641 Loss: 0.532977
2026-08-23 04:38: Train Epoch 19: 460/1641 Loss: 0.497554
2026-08-23 04:38: Train Epoch 19: 480/1641 Loss: 0.516696
2026-08-23 04:38: Train Epoch 19: 500/1641 Loss: 0.513546
2026-08-23 04:38: Train Epoch 19: 520/1641 Loss: 0.501015
2026-08-23 04:38: Train Epoch 19: 540/1641 Loss: 0.529537
2026-08-23 04:38: Train Epoch 19: 560/1641 Loss: 0.492154
2026-08-23 04:38: Train Epoch 19: 580/1641 Loss: 0.509776
2026-08-23 04:38: Train Epoch 19: 600/1641 Loss: 0.511597
2026-08-23 04:38: Train Epoch 19: 620/1641 Loss: 0.536857
2026-08-23 04:38: Train Epoch 19: 640/1641 Loss: 0.524202
2026-08-23 04:38: Train Epoch 19: 660/1641 Loss: 0.497848
2026-08-23 04:38: Train Epoch 19: 680/1641 Loss: 0.508962
2026-08-23 04:38: Train Epoch 19: 700/1641 Loss: 0.534091
2026-08-23 04:38: Train Epoch 19: 720/1641 Loss: 0.508351
2026-08-23 04:38: Train Epoch 19: 740/1641 Loss: 0.525262
2026-08-23 04:38: Train Epoch 19: 760/1641 Loss: 0.516925
2026-08-23 04:38: Train Epoch 19: 780/1641 Loss: 0.532482
2026-08-23 04:38: Train Epoch 19: 800/1641 Loss: 0.514275
2026-08-23 04:39: Train Epoch 19: 820/1641 Loss: 0.510577
2026-08-23 04:39: Train Epoch 19: 840/1641 Loss: 0.536930
2026-08-23 04:39: Train Epoch 19: 860/1641 Loss: 0.496805
2026-08-23 04:39: Train Epoch 19: 880/1641 Loss: 0.513231
2026-08-23 04:39: Train Epoch 19: 900/1641 Loss: 0.498933
2026-08-23 04:39: Train Epoch 19: 920/1641 Loss: 0.528116
2026-08-23 04:39: Train Epoch 19: 940/1641 Loss: 0.538892
2026-08-23 04:39: Train Epoch 19: 960/1641 Loss: 0.520405
2026-08-23 04:39: Train Epoch 19: 980/1641 Loss: 0.535100
2026-08-23 04:39: Train Epoch 19: 1000/1641 Loss: 0.501585
2026-08-23 04:39: Train Epoch 19: 1020/1641 Loss: 0.514555
2026-08-23 04:39: Train Epoch 19: 1040/1641 Loss: 0.517014
2026-08-23 04:39: Train Epoch 19: 1060/1641 Loss: 0.527285
2026-08-23 04:39: Train Epoch 19: 1080/1641 Loss: 0.513021
2026-08-23 04:39: Train Epoch 19: 1100/1641 Loss: 0.529618
2026-08-23 04:39: Train Epoch 19: 1120/1641 Loss: 0.522719
2026-08-23 04:39: Train Epoch 19: 1140/1641 Loss: 0.507915
2026-08-23 04:39: Train Epoch 19: 1160/1641 Loss: 0.501652
2026-08-23 04:39: Train Epoch 19: 1180/1641 Loss: 0.504476
2026-08-23 04:39: Train Epoch 19: 1200/1641 Loss: 0.546900
2026-08-23 04:39: Train Epoch 19: 1220/1641 Loss: 0.528319
2026-08-23 04:39: Train Epoch 19: 1240/1641 Loss: 0.517611
2026-08-23 04:39: Train Epoch 19: 1260/1641 Loss: 0.508805
2026-08-23 04:40: Train Epoch 19: 1280/1641 Loss: 0.528200
2026-08-23 04:40: Train Epoch 19: 1300/1641 Loss: 0.498923
2026-08-23 04:40: Train Epoch 19: 1320/1641 Loss: 0.509474
2026-08-23 04:40: Train Epoch 19: 1340/1641 Loss: 0.504330
2026-08-23 04:40: Train Epoch 19: 1360/1641 Loss: 0.510238
2026-08-23 04:40: Train Epoch 19: 1380/1641 Loss: 0.516712
2026-08-23 04:40: Train Epoch 19: 1400/1641 Loss: 0.546158
2026-08-23 04:40: Train Epoch 19: 1420/1641 Loss: 0.531795
2026-08-23 04:40: Train Epoch 19: 1440/1641 Loss: 0.519747
2026-08-23 04:40: Train Epoch 19: 1460/1641 Loss: 0.524007
2026-08-23 04:40: Train Epoch 19: 1480/1641 Loss: 0.516129
2026-08-23 04:40: Train Epoch 19: 1500/1641 Loss: 0.493310
2026-08-23 04:40: Train Epoch 19: 1520/1641 Loss: 0.540251
2026-08-23 04:40: Train Epoch 19: 1540/1641 Loss: 0.518138
2026-08-23 04:40: Train Epoch 19: 1560/1641 Loss: 0.506784
2026-08-23 04:40: Train Epoch 19: 1580/1641 Loss: 0.513456
2026-08-23 04:40: Train Epoch 19: 1600/1641 Loss: 0.526817
2026-08-23 04:40: Train Epoch 19: 1620/1641 Loss: 0.528760
2026-08-23 04:40: Train Epoch 19: 1640/1641 Loss: 0.509943
2026-08-23 04:40: **********Train Epoch 19: averaged Loss: 0.519510, tf_ratio: 1.000000
2026-08-23 04:41: **********Val Epoch 19: average Loss: 0.664729
2026-08-23 04:41: Train Epoch 20: 0/1641 Loss: 0.512847
2026-08-23 04:41: Train Epoch 20: 20/1641 Loss: 0.494515
2026-08-23 04:41: Train Epoch 20: 40/1641 Loss: 0.496295
2026-08-23 04:41: Train Epoch 20: 60/1641 Loss: 0.521417
2026-08-23 04:41: Train Epoch 20: 80/1641 Loss: 0.522641
2026-08-23 04:41: Train Epoch 20: 100/1641 Loss: 0.511001
2026-08-23 04:41: Train Epoch 20: 120/1641 Loss: 0.522200
2026-08-23 04:41: Train Epoch 20: 140/1641 Loss: 0.466242
2026-08-23 04:41: Train Epoch 20: 160/1641 Loss: 0.507771
2026-08-23 04:41: Train Epoch 20: 180/1641 Loss: 0.519469
2026-08-23 04:41: Train Epoch 20: 200/1641 Loss: 0.484640
2026-08-23 04:41: Train Epoch 20: 220/1641 Loss: 0.529640
2026-08-23 04:41: Train Epoch 20: 240/1641 Loss: 0.505270
2026-08-23 04:41: Train Epoch 20: 260/1641 Loss: 0.525565
2026-08-23 04:41: Train Epoch 20: 280/1641 Loss: 0.500345
2026-08-23 04:41: Train Epoch 20: 300/1641 Loss: 0.523860
2026-08-23 04:41: Train Epoch 20: 320/1641 Loss: 0.515164
2026-08-23 04:41: Train Epoch 20: 340/1641 Loss: 0.497462
2026-08-23 04:42: Train Epoch 20: 360/1641 Loss: 0.537408
2026-08-23 04:42: Train Epoch 20: 380/1641 Loss: 0.536721
2026-08-23 04:42: Train Epoch 20: 400/1641 Loss: 0.503061
2026-08-23 04:42: Train Epoch 20: 420/1641 Loss: 0.504970
2026-08-23 04:42: Train Epoch 20: 440/1641 Loss: 0.531189
2026-08-23 04:42: Train Epoch 20: 460/1641 Loss: 0.519413
2026-08-23 04:42: Train Epoch 20: 480/1641 Loss: 0.465318
2026-08-23 04:42: Train Epoch 20: 500/1641 Loss: 0.523434
2026-08-23 04:42: Train Epoch 20: 520/1641 Loss: 0.534176
2026-08-23 04:42: Train Epoch 20: 540/1641 Loss: 0.503116
2026-08-23 04:42: Train Epoch 20: 560/1641 Loss: 0.517399
2026-08-23 04:42: Train Epoch 20: 580/1641 Loss: 0.512651
2026-08-23 04:42: Train Epoch 20: 600/1641 Loss: 0.525643
2026-08-23 04:42: Train Epoch 20: 620/1641 Loss: 0.508435
2026-08-23 04:42: Train Epoch 20: 640/1641 Loss: 0.542699
2026-08-23 04:42: Train Epoch 20: 660/1641 Loss: 0.516575
2026-08-23 04:42: Train Epoch 20: 680/1641 Loss: 0.514226
2026-08-23 04:42: Train Epoch 20: 700/1641 Loss: 0.521419
2026-08-23 04:42: Train Epoch 20: 720/1641 Loss: 0.510536
2026-08-23 04:42: Train Epoch 20: 740/1641 Loss: 0.503703
2026-08-23 04:42: Train Epoch 20: 760/1641 Loss: 0.499452
2026-08-23 04:42: Train Epoch 20: 780/1641 Loss: 0.513625
2026-08-23 04:42: Train Epoch 20: 800/1641 Loss: 0.486253
2026-08-23 04:43: Train Epoch 20: 820/1641 Loss: 0.509884
2026-08-23 04:43: Train Epoch 20: 840/1641 Loss: 0.515676
2026-08-23 04:43: Train Epoch 20: 860/1641 Loss: 0.526373
2026-08-23 04:43: Train Epoch 20: 880/1641 Loss: 0.514573
2026-08-23 04:43: Train Epoch 20: 900/1641 Loss: 0.520510
2026-08-23 04:43: Train Epoch 20: 920/1641 Loss: 0.522650
2026-08-23 04:43: Train Epoch 20: 940/1641 Loss: 0.490652
2026-08-23 04:43: Train Epoch 20: 960/1641 Loss: 0.507636
2026-08-23 04:43: Train Epoch 20: 980/1641 Loss: 0.530794
2026-08-23 04:43: Train Epoch 20: 1000/1641 Loss: 0.517550
2026-08-23 04:43: Train Epoch 20: 1020/1641 Loss: 0.512769
2026-08-23 04:43: Train Epoch 20: 1040/1641 Loss: 0.511985
2026-08-23 04:43: Train Epoch 20: 1060/1641 Loss: 0.551533
2026-08-23 04:43: Train Epoch 20: 1080/1641 Loss: 0.518699
2026-08-23 04:43: Train Epoch 20: 1100/1641 Loss: 0.508963
2026-08-23 04:43: Train Epoch 20: 1120/1641 Loss: 0.551220
2026-08-23 04:43: Train Epoch 20: 1140/1641 Loss: 0.511955
2026-08-23 04:43: Train Epoch 20: 1160/1641 Loss: 0.527080
2026-08-23 04:43: Train Epoch 20: 1180/1641 Loss: 0.492938
2026-08-23 04:43: Train Epoch 20: 1200/1641 Loss: 0.510986
2026-08-23 04:43: Train Epoch 20: 1220/1641 Loss: 0.517944
2026-08-23 04:43: Train Epoch 20: 1240/1641 Loss: 0.507703
2026-08-23 04:43: Train Epoch 20: 1260/1641 Loss: 0.481164
2026-08-23 04:44: Train Epoch 20: 1280/1641 Loss: 0.500024
2026-08-23 04:44: Train Epoch 20: 1300/1641 Loss: 0.524569
2026-08-23 04:44: Train Epoch 20: 1320/1641 Loss: 0.512010
2026-08-23 04:44: Train Epoch 20: 1340/1641 Loss: 0.518696
2026-08-23 04:44: Train Epoch 20: 1360/1641 Loss: 0.508669
2026-08-23 04:44: Train Epoch 20: 1380/1641 Loss: 0.508505
2026-08-23 04:44: Train Epoch 20: 1400/1641 Loss: 0.520287
2026-08-23 04:44: Train Epoch 20: 1420/1641 Loss: 0.489078
2026-08-23 04:44: Train Epoch 20: 1440/1641 Loss: 0.519487
2026-08-23 04:44: Train Epoch 20: 1460/1641 Loss: 0.506130
2026-08-23 04:44: Train Epoch 20: 1480/1641 Loss: 0.529102
2026-08-23 04:44: Train Epoch 20: 1500/1641 Loss: 0.501911
2026-08-23 04:44: Train Epoch 20: 1520/1641 Loss: 0.498972
2026-08-23 04:44: Train Epoch 20: 1540/1641 Loss: 0.554259
2026-08-23 04:44: Train Epoch 20: 1560/1641 Loss: 0.525879
2026-08-23 04:44: Train Epoch 20: 1580/1641 Loss: 0.476371
2026-08-23 04:44: Train Epoch 20: 1600/1641 Loss: 0.531399
2026-08-23 04:44: Train Epoch 20: 1620/1641 Loss: 0.514951
2026-08-23 04:44: Train Epoch 20: 1640/1641 Loss: 0.517321
2026-08-23 04:44: **********Train Epoch 20: averaged Loss: 0.515227, tf_ratio: 1.000000
2026-08-23 04:45: **********Val Epoch 20: average Loss: 0.666352
2026-08-23 04:45: Train Epoch 21: 0/1641 Loss: 0.522111
2026-08-23 04:45: Train Epoch 21: 20/1641 Loss: 0.530121
2026-08-23 04:45: Train Epoch 21: 40/1641 Loss: 0.504528
2026-08-23 04:45: Train Epoch 21: 60/1641 Loss: 0.518387
2026-08-23 04:45: Train Epoch 21: 80/1641 Loss: 0.510376
2026-08-23 04:45: Train Epoch 21: 100/1641 Loss: 0.485212
2026-08-23 04:45: Train Epoch 21: 120/1641 Loss: 0.508298
2026-08-23 04:45: Train Epoch 21: 140/1641 Loss: 0.508682
2026-08-23 04:45: Train Epoch 21: 160/1641 Loss: 0.500888
2026-08-23 04:45: Train Epoch 21: 180/1641 Loss: 0.515748
2026-08-23 04:45: Train Epoch 21: 200/1641 Loss: 0.513725
2026-08-23 04:45: Train Epoch 21: 220/1641 Loss: 0.512913
2026-08-23 04:45: Train Epoch 21: 240/1641 Loss: 0.504737
2026-08-23 04:45: Train Epoch 21: 260/1641 Loss: 0.512164
2026-08-23 04:45: Train Epoch 21: 280/1641 Loss: 0.507987
2026-08-23 04:45: Train Epoch 21: 300/1641 Loss: 0.520385
2026-08-23 04:45: Train Epoch 21: 320/1641 Loss: 0.509303
2026-08-23 04:45: Train Epoch 21: 340/1641 Loss: 0.505169
2026-08-23 04:45: Train Epoch 21: 360/1641 Loss: 0.491262
2026-08-23 04:46: Train Epoch 21: 380/1641 Loss: 0.512833
2026-08-23 04:46: Train Epoch 21: 400/1641 Loss: 0.513015
2026-08-23 04:46: Train Epoch 21: 420/1641 Loss: 0.526658
2026-08-23 04:46: Train Epoch 21: 440/1641 Loss: 0.510439
2026-08-23 04:46: Train Epoch 21: 460/1641 Loss: 0.515525
2026-08-23 04:46: Train Epoch 21: 480/1641 Loss: 0.535769
2026-08-23 04:46: Train Epoch 21: 500/1641 Loss: 0.508787
2026-08-23 04:46: Train Epoch 21: 520/1641 Loss: 0.531786
2026-08-23 04:46: Train Epoch 21: 540/1641 Loss: 0.508818
2026-08-23 04:46: Train Epoch 21: 560/1641 Loss: 0.507630
2026-08-23 04:46: Train Epoch 21: 580/1641 Loss: 0.488689
2026-08-23 04:46: Train Epoch 21: 600/1641 Loss: 0.515612
2026-08-23 04:46: Train Epoch 21: 620/1641 Loss: 0.499370
2026-08-23 04:46: Train Epoch 21: 640/1641 Loss: 0.507673
2026-08-23 04:46: Train Epoch 21: 660/1641 Loss: 0.497890
2026-08-23 04:46: Train Epoch 21: 680/1641 Loss: 0.493165
2026-08-23 04:46: Train Epoch 21: 700/1641 Loss: 0.503431
2026-08-23 04:46: Train Epoch 21: 720/1641 Loss: 0.505927
2026-08-23 04:46: Train Epoch 21: 740/1641 Loss: 0.518041
2026-08-23 04:46: Train Epoch 21: 760/1641 Loss: 0.491011
2026-08-23 04:46: Train Epoch 21: 780/1641 Loss: 0.494299
2026-08-23 04:46: Train Epoch 21: 800/1641 Loss: 0.522473
2026-08-23 04:47: Train Epoch 21: 820/1641 Loss: 0.502751
2026-08-23 04:47: Train Epoch 21: 840/1641 Loss: 0.533157
2026-08-23 04:47: Train Epoch 21: 860/1641 Loss: 0.544893
2026-08-23 04:47: Train Epoch 21: 880/1641 Loss: 0.499786
2026-08-23 04:47: Train Epoch 21: 900/1641 Loss: 0.495968
2026-08-23 04:47: Train Epoch 21: 920/1641 Loss: 0.480147
2026-08-23 04:47: Train Epoch 21: 940/1641 Loss: 0.534819
2026-08-23 04:47: Train Epoch 21: 960/1641 Loss: 0.510674
2026-08-23 04:47: Train Epoch 21: 980/1641 Loss: 0.503690
2026-08-23 04:47: Train Epoch 21: 1000/1641 Loss: 0.506189
2026-08-23 04:47: Train Epoch 21: 1020/1641 Loss: 0.504601
2026-08-23 04:47: Train Epoch 21: 1040/1641 Loss: 0.510159
2026-08-23 04:47: Train Epoch 21: 1060/1641 Loss: 0.520540
2026-08-23 04:47: Train Epoch 21: 1080/1641 Loss: 0.499665
2026-08-23 04:47: Train Epoch 21: 1100/1641 Loss: 0.512140
2026-08-23 04:47: Train Epoch 21: 1120/1641 Loss: 0.548152
2026-08-23 04:47: Train Epoch 21: 1140/1641 Loss: 0.482137
2026-08-23 04:47: Train Epoch 21: 1160/1641 Loss: 0.528007
2026-08-23 04:47: Train Epoch 21: 1180/1641 Loss: 0.503970
2026-08-23 04:47: Train Epoch 21: 1200/1641 Loss: 0.519387
2026-08-23 04:47: Train Epoch 21: 1220/1641 Loss: 0.498590
2026-08-23 04:47: Train Epoch 21: 1240/1641 Loss: 0.478540
2026-08-23 04:48: Train Epoch 21: 1260/1641 Loss: 0.519779
2026-08-23 04:48: Train Epoch 21: 1280/1641 Loss: 0.517146
2026-08-23 04:48: Train Epoch 21: 1300/1641 Loss: 0.506921
2026-08-23 04:48: Train Epoch 21: 1320/1641 Loss: 0.533248
2026-08-23 04:48: Train Epoch 21: 1340/1641 Loss: 0.518577
2026-08-23 04:48: Train Epoch 21: 1360/1641 Loss: 0.511102
2026-08-23 04:48: Train Epoch 21: 1380/1641 Loss: 0.510023
2026-08-23 04:48: Train Epoch 21: 1400/1641 Loss: 0.519926
2026-08-23 04:48: Train Epoch 21: 1420/1641 Loss: 0.527686
2026-08-23 04:48: Train Epoch 21: 1440/1641 Loss: 0.500410
2026-08-23 04:48: Train Epoch 21: 1460/1641 Loss: 0.514544
2026-08-23 04:48: Train Epoch 21: 1480/1641 Loss: 0.526021
2026-08-23 04:48: Train Epoch 21: 1500/1641 Loss: 0.513398
2026-08-23 04:48: Train Epoch 21: 1520/1641 Loss: 0.510739
2026-08-23 04:48: Train Epoch 21: 1540/1641 Loss: 0.510012
2026-08-23 04:48: Train Epoch 21: 1560/1641 Loss: 0.508226
2026-08-23 04:48: Train Epoch 21: 1580/1641 Loss: 0.516546
2026-08-23 04:48: Train Epoch 21: 1600/1641 Loss: 0.494813
2026-08-23 04:48: Train Epoch 21: 1620/1641 Loss: 0.485982
2026-08-23 04:48: Train Epoch 21: 1640/1641 Loss: 0.489684
2026-08-23 04:48: **********Train Epoch 21: averaged Loss: 0.511543, tf_ratio: 1.000000
2026-08-23 04:49: **********Val Epoch 21: average Loss: 0.664726
2026-08-23 04:49: Validation performance didn't improve for 15 epochs. Training stops.
2026-08-23 04:49: Total training time: 85.1014min, best loss: 0.645252
2026-08-23 04:49: Saving current best model to /scratch/chkkar002/Diffusion_Based_STGNNs/RealValue/AGCRN/model/experiments/SAWS/20260823032406/best_model.pth
2026-08-23 04:49: Horizon 01, MAE: 0.39, RMSE: 0.73, MAPE: 364.2743%
2026-08-23 04:49: Horizon 02, MAE: 0.48, RMSE: 0.80, MAPE: 442.6541%
2026-08-23 04:49: Horizon 03, MAE: 0.53, RMSE: 0.82, MAPE: 459.6759%
2026-08-23 04:49: Horizon 04, MAE: 0.56, RMSE: 0.85, MAPE: 480.3602%
2026-08-23 04:49: Horizon 05, MAE: 0.58, RMSE: 0.88, MAPE: 499.3195%
2026-08-23 04:49: Horizon 06, MAE: 0.59, RMSE: 0.89, MAPE: 508.1384%
2026-08-23 04:49: Horizon 07, MAE: 0.60, RMSE: 0.90, MAPE: 517.2940%
2026-08-23 04:49: Horizon 08, MAE: 0.61, RMSE: 0.90, MAPE: 512.7109%
2026-08-23 04:49: Horizon 09, MAE: 0.62, RMSE: 0.91, MAPE: 509.0596%
2026-08-23 04:49: Horizon 10, MAE: 0.63, RMSE: 0.91, MAPE: 514.5153%
2026-08-23 04:49: Horizon 11, MAE: 0.63, RMSE: 0.92, MAPE: 521.0464%
2026-08-23 04:49: Horizon 12, MAE: 0.64, RMSE: 0.92, MAPE: 524.5006%
2026-08-23 04:49: Horizon 13, MAE: 0.64, RMSE: 0.93, MAPE: 527.9294%
2026-08-23 04:49: Horizon 14, MAE: 0.64, RMSE: 0.93, MAPE: 529.2444%
2026-08-23 04:49: Horizon 15, MAE: 0.65, RMSE: 0.93, MAPE: 533.2547%
2026-08-23 04:49: Horizon 16, MAE: 0.65, RMSE: 0.93, MAPE: 539.2520%
2026-08-23 04:49: Horizon 17, MAE: 0.65, RMSE: 0.94, MAPE: 543.0470%
2026-08-23 04:49: Horizon 18, MAE: 0.66, RMSE: 0.94, MAPE: 542.7293%
2026-08-23 04:49: Horizon 19, MAE: 0.66, RMSE: 0.94, MAPE: 546.3829%
2026-08-23 04:49: Horizon 20, MAE: 0.67, RMSE: 0.94, MAPE: 541.9664%
2026-08-23 04:49: Horizon 21, MAE: 0.67, RMSE: 0.95, MAPE: 549.5974%
2026-08-23 04:49: Horizon 22, MAE: 0.67, RMSE: 0.95, MAPE: 553.2079%
2026-08-23 04:49: Horizon 23, MAE: 0.68, RMSE: 0.95, MAPE: 551.4272%
2026-08-23 04:49: Horizon 24, MAE: 0.68, RMSE: 0.95, MAPE: 553.9216%
2026-08-23 04:49: Horizon 25, MAE: 0.69, RMSE: 0.96, MAPE: 553.4528%
2026-08-23 04:49: Horizon 26, MAE: 0.70, RMSE: 0.96, MAPE: 554.1423%
2026-08-23 04:49: Horizon 27, MAE: 0.70, RMSE: 0.97, MAPE: 566.1400%
2026-08-23 04:49: Horizon 28, MAE: 0.70, RMSE: 0.98, MAPE: 573.6307%
2026-08-23 04:49: Horizon 29, MAE: 0.71, RMSE: 0.98, MAPE: 574.0425%
2026-08-23 04:49: Horizon 30, MAE: 0.71, RMSE: 0.98, MAPE: 569.4067%
2026-08-23 04:49: Horizon 31, MAE: 0.71, RMSE: 0.98, MAPE: 566.4326%
2026-08-23 04:49: Horizon 32, MAE: 0.72, RMSE: 0.98, MAPE: 559.0895%
2026-08-23 04:49: Horizon 33, MAE: 0.72, RMSE: 0.98, MAPE: 561.3021%
2026-08-23 04:49: Horizon 34, MAE: 0.72, RMSE: 0.99, MAPE: 563.0862%
2026-08-23 04:49: Horizon 35, MAE: 0.72, RMSE: 0.99, MAPE: 564.5939%
2026-08-23 04:49: Horizon 36, MAE: 0.72, RMSE: 0.99, MAPE: 560.4696%
2026-08-23 04:49: Horizon 37, MAE: 0.72, RMSE: 0.99, MAPE: 555.2078%
2026-08-23 04:49: Horizon 38, MAE: 0.72, RMSE: 0.99, MAPE: 551.3241%
2026-08-23 04:49: Horizon 39, MAE: 0.73, RMSE: 0.99, MAPE: 548.9822%
2026-08-23 04:49: Horizon 40, MAE: 0.73, RMSE: 0.99, MAPE: 547.6860%
2026-08-23 04:49: Horizon 41, MAE: 0.73, RMSE: 0.99, MAPE: 548.9077%
2026-08-23 04:49: Horizon 42, MAE: 0.73, RMSE: 0.99, MAPE: 542.2542%
2026-08-23 04:49: Horizon 43, MAE: 0.73, RMSE: 0.99, MAPE: 542.2670%
2026-08-23 04:49: Horizon 44, MAE: 0.73, RMSE: 0.99, MAPE: 545.0841%
2026-08-23 04:49: Horizon 45, MAE: 0.73, RMSE: 0.99, MAPE: 544.1511%
2026-08-23 04:49: Horizon 46, MAE: 0.73, RMSE: 0.98, MAPE: 530.3179%
2026-08-23 04:49: Horizon 47, MAE: 0.73, RMSE: 0.99, MAPE: 537.9686%
2026-08-23 04:49: Horizon 48, MAE: 0.73, RMSE: 0.99, MAPE: 541.9858%
2026-08-23 04:49: Average Horizon, MAE: 0.67, RMSE: 0.94, MAPE: 534.7386%
2026-08-23 04:49: Horizon 01, MAE: 46.03, RMSE: 85.00, MAPE: 443.8210%
2026-08-23 04:49: Horizon 02, MAE: 56.08, RMSE: 92.92, MAPE: 549.4095%
2026-08-23 04:49: Horizon 03, MAE: 62.14, RMSE: 95.86, MAPE: 497.5114%
2026-08-23 04:49: Horizon 04, MAE: 65.66, RMSE: 99.79, MAPE: 432.4586%
2026-08-23 04:49: Horizon 05, MAE: 67.66, RMSE: 102.38, MAPE: 426.0764%
2026-08-23 04:49: Horizon 06, MAE: 69.24, RMSE: 103.75, MAPE: 423.3125%
2026-08-23 04:49: Horizon 07, MAE: 70.53, RMSE: 104.92, MAPE: 419.9545%
2026-08-23 04:49: Horizon 08, MAE: 71.69, RMSE: 105.49, MAPE: 416.2485%
2026-08-23 04:49: Horizon 09, MAE: 72.65, RMSE: 106.04, MAPE: 414.1016%
2026-08-23 04:49: Horizon 10, MAE: 73.31, RMSE: 106.79, MAPE: 415.0934%
2026-08-23 04:49: Horizon 11, MAE: 73.95, RMSE: 107.61, MAPE: 407.4288%
2026-08-23 04:49: Horizon 12, MAE: 74.44, RMSE: 107.99, MAPE: 404.6402%
2026-08-23 04:49: Horizon 13, MAE: 74.84, RMSE: 108.13, MAPE: 394.2997%
2026-08-23 04:49: Horizon 14, MAE: 75.18, RMSE: 108.56, MAPE: 388.2260%
2026-08-23 04:49: Horizon 15, MAE: 75.68, RMSE: 108.73, MAPE: 384.6871%
2026-08-23 04:49: Horizon 16, MAE: 76.12, RMSE: 109.00, MAPE: 382.4500%
2026-08-23 04:49: Horizon 17, MAE: 76.40, RMSE: 109.32, MAPE: 372.6350%
2026-08-23 04:49: Horizon 18, MAE: 76.91, RMSE: 109.50, MAPE: 363.9262%
2026-08-23 04:49: Horizon 19, MAE: 77.54, RMSE: 109.65, MAPE: 353.7153%
2026-08-23 04:49: Horizon 20, MAE: 77.77, RMSE: 109.86, MAPE: 338.0118%
2026-08-23 04:49: Horizon 21, MAE: 78.01, RMSE: 110.47, MAPE: 331.2123%
2026-08-23 04:49: Horizon 22, MAE: 78.59, RMSE: 110.88, MAPE: 338.0744%
2026-08-23 04:49: Horizon 23, MAE: 79.14, RMSE: 110.97, MAPE: 358.0758%
2026-08-23 04:49: Horizon 24, MAE: 79.72, RMSE: 111.24, MAPE: 367.6879%
2026-08-23 04:49: Horizon 25, MAE: 80.54, RMSE: 111.61, MAPE: 355.9878%
2026-08-23 04:49: Horizon 26, MAE: 81.31, RMSE: 112.41, MAPE: 358.3784%
2026-08-23 04:49: Horizon 27, MAE: 81.81, RMSE: 113.47, MAPE: 367.8468%
2026-08-23 04:49: Horizon 28, MAE: 82.28, RMSE: 114.31, MAPE: 391.8836%
2026-08-23 04:49: Horizon 29, MAE: 82.76, RMSE: 114.55, MAPE: 371.4090%
2026-08-23 04:49: Horizon 30, MAE: 83.07, RMSE: 114.53, MAPE: 324.5396%
2026-08-23 04:49: Horizon 31, MAE: 83.32, RMSE: 114.52, MAPE: 351.5145%
2026-08-23 04:49: Horizon 32, MAE: 83.66, RMSE: 114.62, MAPE: 392.6983%
2026-08-23 04:49: Horizon 33, MAE: 83.81, RMSE: 114.73, MAPE: 383.2711%
2026-08-23 04:49: Horizon 34, MAE: 84.06, RMSE: 115.24, MAPE: 361.7968%
2026-08-23 04:49: Horizon 35, MAE: 84.32, RMSE: 115.39, MAPE: 353.7705%
2026-08-23 04:49: Horizon 36, MAE: 84.59, RMSE: 115.28, MAPE: 350.5637%
2026-08-23 04:49: Horizon 37, MAE: 84.64, RMSE: 115.20, MAPE: 344.2656%
2026-08-23 04:49: Horizon 38, MAE: 84.67, RMSE: 115.27, MAPE: 351.8936%
2026-08-23 04:49: Horizon 39, MAE: 84.79, RMSE: 115.36, MAPE: 362.6292%
2026-08-23 04:49: Horizon 40, MAE: 84.91, RMSE: 115.38, MAPE: 374.0818%
2026-08-23 04:49: Horizon 41, MAE: 84.80, RMSE: 115.48, MAPE: 379.4195%
2026-08-23 04:49: Horizon 42, MAE: 84.77, RMSE: 115.38, MAPE: 384.0382%
2026-08-23 04:49: Horizon 43, MAE: 84.84, RMSE: 115.22, MAPE: 372.8101%
2026-08-23 04:49: Horizon 44, MAE: 84.85, RMSE: 115.19, MAPE: 350.9052%
2026-08-23 04:49: Horizon 45, MAE: 84.89, RMSE: 115.30, MAPE: 339.4542%
2026-08-23 04:49: Horizon 46, MAE: 85.01, RMSE: 114.87, MAPE: 330.4720%
2026-08-23 04:49: Horizon 47, MAE: 85.05, RMSE: 115.11, MAPE: 309.7756%
2026-08-23 04:49: Horizon 48, MAE: 85.12, RMSE: 115.14, MAPE: 303.9449%
2026-08-23 04:49: Average Horizon, MAE: 77.98, RMSE: 110.36, MAPE: 378.9645%
2026-08-23 04:49: VPT (threshold=0.50): mean=0.27 steps, median=0.00, std=0.58, range=[0, 6]
wandb: updating run metadata
wandb: updating run metadata; uploading summary, console lines 1796-1894
wandb: uploading output.log; uploading wandb-summary.json; uploading config.yaml
wandb: uploading wandb-summary.json; uploading config.yaml
wandb: uploading data
wandb: 
wandb: Run history:
wandb:          epoch ▁▁▁▁▂▂▂▂▂▂▃▃▃▃▃▃▄▄▄▄▅▅▅▅▅▆▆▆▆▆▆▇▇▇▇▇▇███
wandb:     train/loss █▅▅▅▄▄▄▄▃▃▃▂▂▂▂▂▂▁▁▁▁
wandb: train/tf_ratio ▁▁▁▁▁▁▁▁▁▁▁▁▁▁▁▁▁▁▁▁▁
wandb:       val/loss █▄▂▁▁▁▁▂▂▂▄▃▃▃▄▄▄▄▅▅▅
wandb: 
wandb: Run summary:
wandb:     best_val_loss 0.64525
wandb:             epoch 21
wandb:      test_vpt_max 6
wandb:     test_vpt_mean 0.27086
wandb:   test_vpt_median 0
wandb:      test_vpt_min 0
wandb:      test_vpt_std 0.58179
wandb:        train/loss 0.51154
wandb:    train/tf_ratio 1
wandb: training_time_min 85.10139
wandb:                +1 ...
wandb: 
wandb: 🚀 View run AGCRN_WindSp at: https://wandb.ai/chkkar002-university-of-cape-town/stgnn-weather/runs/r2z2b9xd
wandb: ⭐️ View project at: https://wandb.ai/chkkar002-university-of-cape-town/stgnn-weather
wandb: Synced 5 W&B file(s), 0 media file(s), 0 artifact file(s) and 0 other file(s)
wandb: Find logs at: ./wandb/run-20260823_032407-r2z2b9xd/logs
/scratch/chkkar002/Diffusion_Based_STGNNs/RealValue/AGCRN
Read configuration file: ./SAWS_AGCRN.conf
*****************Model Parameter*****************
node_embeddings torch.Size([32, 30]) True
encoder.dcrnn_cells.0.gate.weights_pool torch.Size([30, 2, 65, 128]) True
encoder.dcrnn_cells.0.gate.bias_pool torch.Size([30, 128]) True
encoder.dcrnn_cells.0.update.weights_pool torch.Size([30, 2, 65, 64]) True
encoder.dcrnn_cells.0.update.bias_pool torch.Size([30, 64]) True
encoder.dcrnn_cells.1.gate.weights_pool torch.Size([30, 2, 128, 128]) True
encoder.dcrnn_cells.1.gate.bias_pool torch.Size([30, 128]) True
encoder.dcrnn_cells.1.update.weights_pool torch.Size([30, 2, 128, 64]) True
encoder.dcrnn_cells.1.update.bias_pool torch.Size([30, 64]) True
end_conv.weight torch.Size([48, 1, 1, 64]) True
end_conv.bias torch.Size([48]) True
Total params num: 2238960
*****************Finish Parameter****************
Load SAWS Dataset shaped:  (87672, 32, 1) 360.0 0.0 149.65622 130.0
Normalize the dataset by Standard Normalization
[[[-0.5106117 ]
  [ 0.43090436]
  [-0.42501935]
  ...
  [ 1.030051  ]
  [-1.280943  ]
  [ 1.5436052 ]]

 [[-0.16824225]
  [ 0.43090436]
  [-0.42501935]
  ...
  [ 1.030051  ]
  [-1.1953508 ]
  [ 1.5436052 ]]

 [[-1.280943  ]
  [ 0.345312  ]
  [-0.5106117 ]
  ...
  [ 1.286828  ]
  [-1.1097584 ]
  [-1.024166  ]]

 ...

 [[-0.5106117 ]
  [ 1.1156434 ]
  [-0.5962041 ]
  ...
  [-0.42501935]
  [-0.40438238]
  [ 1.3724204 ]]

 [[-0.339427  ]
  [ 0.6876815 ]
  [-0.5962041 ]
  ...
  [-0.16824225]
  [-0.37044436]
  [ 1.2012358 ]]

 [[-0.339427  ]
  [-0.08264987]
  [-0.5962041 ]
  ...
  [-0.2538346 ]
  [-0.18086274]
  [-0.16824225]]]
[[[-0.5106117 ]
  [-0.08264987]
  [-0.5962041 ]
  ...
  [-0.16824225]
  [-0.6732241 ]
  [-0.5106117 ]]

 [[-0.6817965 ]
  [ 0.08853487]
  [-0.5962041 ]
  ...
  [-0.2538346 ]
  [-0.43779486]
  [-0.5962041 ]]

 [[-0.5962041 ]
  [-0.16824225]
  [-0.5962041 ]
  ...
  [-0.2538346 ]
  [-1.204972  ]
  [-0.9385736 ]]

 ...

 [[-0.08264987]
  [-0.39652812]
  [-0.5106117 ]
  ...
  [ 0.345312  ]
  [ 0.0029425 ]
  [-1.280943  ]]

 [[-0.2538346 ]
  [-0.18526694]
  [-0.5106117 ]
  ...
  [ 0.2597196 ]
  [ 0.0029425 ]
  [-1.280943  ]]

 [[-0.2538346 ]
  [-0.03387674]
  [-0.5106117 ]
  ...
  [ 0.345312  ]
  [-0.16824225]
  [-0.16824225]]]
[[[-0.16824225]
  [-0.09316059]
  [-0.6817965 ]
  ...
  [ 0.2597196 ]
  [-0.2538346 ]
  [ 0.5164967 ]]

 [[-0.2538346 ]
  [-0.1381133 ]
  [-0.8529812 ]
  ...
  [ 0.2597196 ]
  [-0.339427  ]
  [ 0.6876815 ]]

 [[-0.16824225]
  [-0.24466044]
  [-1.024166  ]
  ...
  [-0.16824225]
  [-0.2538346 ]
  [ 0.6020891 ]]

 ...

 [[ 0.9444586 ]
  [-0.6817965 ]
  [-0.339427  ]
  ...
  [ 1.694559  ]
  [ 0.0029425 ]
  [-1.280943  ]]

 [[-1.280943  ]
  [-1.024166  ]
  [-0.42501935]
  ...
  [ 1.6260344 ]
  [-1.280943  ]
  [-1.280943  ]]

 [[-1.280943  ]
  [-0.5106117 ]
  [-0.339427  ]
  ...
  [ 1.2652082 ]
  [-1.280943  ]
  [-1.280943  ]]]
Train:  (52533, 24, 32, 1) (52533, 48, 32, 1)
Val:  (17463, 24, 32, 1) (17463, 48, 32, 1)
Test:  (17463, 24, 32, 1) (17463, 48, 32, 1)
mae
Creat Log File in:  /scratch/chkkar002/Diffusion_Based_STGNNs/RealValue/AGCRN/model/experiments/SAWS/20260823032406/run.log
=================================================================
Running Run.py | Seed: 2
=================================================================
/scratch/chkkar002/Diffusion_Based_STGNNs/RealValue/AGCRN/lib/dataloader.py:80: UserWarning: The torch.cuda.*DtypeTensor constructors are no longer recommended. It's best to use methods such as torch.tensor(data, dtype=*, device='cuda') to create tensors. (Triggered internally at /pytorch/torch/csrc/tensor/python_tensor.cpp:78.)
  X, Y = TensorFloat(X), TensorFloat(Y)
wandb: [wandb.login()] Loaded credentials for https://api.wandb.ai from /home/chkkar002/.netrc.
wandb: Currently logged in as: chkkar002 (chkkar002-university-of-cape-town) to https://api.wandb.ai. Use `wandb login --relogin` to force relogin
wandb: WARNING Using a boolean value for 'reinit' is deprecated. Use 'return_previous' or 'finish_previous' instead.
wandb: setting up run vl20lomm
wandb: Tracking run with wandb version 0.26.1
wandb: Run data is saved locally in /scratch/chkkar002/Diffusion_Based_STGNNs/RealValue/AGCRN/model/wandb/run-20260823_044948-vl20lomm
wandb: Run `wandb offline` to turn off syncing.
wandb: Syncing run AGCRN_WindSp
wandb: ⭐️ View project at https://wandb.ai/chkkar002-university-of-cape-town/stgnn-weather
wandb: 🚀 View run at https://wandb.ai/chkkar002-university-of-cape-town/stgnn-weather/runs/vl20lomm
2026-08-23 04:49: Experiment log path in: /scratch/chkkar002/Diffusion_Based_STGNNs/RealValue/AGCRN/model/experiments/SAWS/20260823044947
2026-08-23 04:49: Train Epoch 1: 0/1641 Loss: 0.974466
2026-08-23 04:49: Train Epoch 1: 20/1641 Loss: 0.976484
2026-08-23 04:49: Train Epoch 1: 40/1641 Loss: 0.922015
2026-08-23 04:49: Train Epoch 1: 60/1641 Loss: 0.847426
2026-08-23 04:50: Train Epoch 1: 80/1641 Loss: 0.791088
2026-08-23 04:50: Train Epoch 1: 100/1641 Loss: 0.838172
2026-08-23 04:50: Train Epoch 1: 120/1641 Loss: 0.789859
2026-08-23 04:50: Train Epoch 1: 140/1641 Loss: 0.786704
2026-08-23 04:50: Train Epoch 1: 160/1641 Loss: 0.770160
2026-08-23 04:50: Train Epoch 1: 180/1641 Loss: 0.806916
2026-08-23 04:50: Train Epoch 1: 200/1641 Loss: 0.794224
2026-08-23 04:50: Train Epoch 1: 220/1641 Loss: 0.781188
2026-08-23 04:50: Train Epoch 1: 240/1641 Loss: 0.764013
2026-08-23 04:50: Train Epoch 1: 260/1641 Loss: 0.772304
2026-08-23 04:50: Train Epoch 1: 280/1641 Loss: 0.817708
2026-08-23 04:50: Train Epoch 1: 300/1641 Loss: 0.780534
2026-08-23 04:50: Train Epoch 1: 320/1641 Loss: 0.755106
2026-08-23 04:50: Train Epoch 1: 340/1641 Loss: 0.794467
2026-08-23 04:50: Train Epoch 1: 360/1641 Loss: 0.767247
2026-08-23 04:50: Train Epoch 1: 380/1641 Loss: 0.745543
2026-08-23 04:50: Train Epoch 1: 400/1641 Loss: 0.778285
2026-08-23 04:50: Train Epoch 1: 420/1641 Loss: 0.764899
2026-08-23 04:50: Train Epoch 1: 440/1641 Loss: 0.749110
2026-08-23 04:50: Train Epoch 1: 460/1641 Loss: 0.777964
2026-08-23 04:50: Train Epoch 1: 480/1641 Loss: 0.749514
2026-08-23 04:50: Train Epoch 1: 500/1641 Loss: 0.773792
2026-08-23 04:51: Train Epoch 1: 520/1641 Loss: 0.749493
2026-08-23 04:51: Train Epoch 1: 540/1641 Loss: 0.755118
2026-08-23 04:51: Train Epoch 1: 560/1641 Loss: 0.773022
2026-08-23 04:51: Train Epoch 1: 580/1641 Loss: 0.736429
2026-08-23 04:51: Train Epoch 1: 600/1641 Loss: 0.761291
2026-08-23 04:51: Train Epoch 1: 620/1641 Loss: 0.704706
2026-08-23 04:51: Train Epoch 1: 640/1641 Loss: 0.767503
2026-08-23 04:51: Train Epoch 1: 660/1641 Loss: 0.751746
2026-08-23 04:51: Train Epoch 1: 680/1641 Loss: 0.745037
2026-08-23 04:51: Train Epoch 1: 700/1641 Loss: 0.768448
2026-08-23 04:51: Train Epoch 1: 720/1641 Loss: 0.734635
2026-08-23 04:51: Train Epoch 1: 740/1641 Loss: 0.738295
2026-08-23 04:51: Train Epoch 1: 760/1641 Loss: 0.721986
2026-08-23 04:51: Train Epoch 1: 780/1641 Loss: 0.732256
2026-08-23 04:51: Train Epoch 1: 800/1641 Loss: 0.761872
2026-08-23 04:51: Train Epoch 1: 820/1641 Loss: 0.707827
2026-08-23 04:51: Train Epoch 1: 840/1641 Loss: 0.733743
2026-08-23 04:51: Train Epoch 1: 860/1641 Loss: 0.718427
2026-08-23 04:51: Train Epoch 1: 880/1641 Loss: 0.738208
2026-08-23 04:51: Train Epoch 1: 900/1641 Loss: 0.724235
2026-08-23 04:51: Train Epoch 1: 920/1641 Loss: 0.721703
2026-08-23 04:51: Train Epoch 1: 940/1641 Loss: 0.723317
2026-08-23 04:52: Train Epoch 1: 960/1641 Loss: 0.724906
2026-08-23 04:52: Train Epoch 1: 980/1641 Loss: 0.729929
2026-08-23 04:52: Train Epoch 1: 1000/1641 Loss: 0.701710
2026-08-23 04:52: Train Epoch 1: 1020/1641 Loss: 0.677339
2026-08-23 04:52: Train Epoch 1: 1040/1641 Loss: 0.728577
2026-08-23 04:52: Train Epoch 1: 1060/1641 Loss: 0.696474
2026-08-23 04:52: Train Epoch 1: 1080/1641 Loss: 0.672166
2026-08-23 04:52: Train Epoch 1: 1100/1641 Loss: 0.706633
2026-08-23 04:52: Train Epoch 1: 1120/1641 Loss: 0.701309
2026-08-23 04:52: Train Epoch 1: 1140/1641 Loss: 0.687524
2026-08-23 04:52: Train Epoch 1: 1160/1641 Loss: 0.685352
2026-08-23 04:52: Train Epoch 1: 1180/1641 Loss: 0.678610
2026-08-23 04:52: Train Epoch 1: 1200/1641 Loss: 0.710176
2026-08-23 04:52: Train Epoch 1: 1220/1641 Loss: 0.680805
2026-08-23 04:52: Train Epoch 1: 1240/1641 Loss: 0.679946
2026-08-23 04:52: Train Epoch 1: 1260/1641 Loss: 0.667149
2026-08-23 04:52: Train Epoch 1: 1280/1641 Loss: 0.689537
2026-08-23 04:52: Train Epoch 1: 1300/1641 Loss: 0.678622
2026-08-23 04:52: Train Epoch 1: 1320/1641 Loss: 0.691650
2026-08-23 04:52: Train Epoch 1: 1340/1641 Loss: 0.696270
2026-08-23 04:52: Train Epoch 1: 1360/1641 Loss: 0.705748
2026-08-23 04:52: Train Epoch 1: 1380/1641 Loss: 0.652913
2026-08-23 04:53: Train Epoch 1: 1400/1641 Loss: 0.682370
2026-08-23 04:53: Train Epoch 1: 1420/1641 Loss: 0.680672
2026-08-23 04:53: Train Epoch 1: 1440/1641 Loss: 0.659902
2026-08-23 04:53: Train Epoch 1: 1460/1641 Loss: 0.674987
2026-08-23 04:53: Train Epoch 1: 1480/1641 Loss: 0.699372
2026-08-23 04:53: Train Epoch 1: 1500/1641 Loss: 0.681246
2026-08-23 04:53: Train Epoch 1: 1520/1641 Loss: 0.696077
2026-08-23 04:53: Train Epoch 1: 1540/1641 Loss: 0.695677
2026-08-23 04:53: Train Epoch 1: 1560/1641 Loss: 0.666552
2026-08-23 04:53: Train Epoch 1: 1580/1641 Loss: 0.647463
2026-08-23 04:53: Train Epoch 1: 1600/1641 Loss: 0.665074
2026-08-23 04:53: Train Epoch 1: 1620/1641 Loss: 0.660278
2026-08-23 04:53: Train Epoch 1: 1640/1641 Loss: 0.683585
2026-08-23 04:53: **********Train Epoch 1: averaged Loss: 0.735524, tf_ratio: 1.000000
2026-08-23 04:53: **********Val Epoch 1: average Loss: 0.683343
2026-08-23 04:53: *********************************Current best model saved!
2026-08-23 04:53: Train Epoch 2: 0/1641 Loss: 0.691823
2026-08-23 04:53: Train Epoch 2: 20/1641 Loss: 0.689254
2026-08-23 04:54: Train Epoch 2: 40/1641 Loss: 0.647610
2026-08-23 04:54: Train Epoch 2: 60/1641 Loss: 0.651370
2026-08-23 04:54: Train Epoch 2: 80/1641 Loss: 0.662286
2026-08-23 04:54: Train Epoch 2: 100/1641 Loss: 0.666152
2026-08-23 04:54: Train Epoch 2: 120/1641 Loss: 0.676954
2026-08-23 04:54: Train Epoch 2: 140/1641 Loss: 0.658843
2026-08-23 04:54: Train Epoch 2: 160/1641 Loss: 0.658339
2026-08-23 04:54: Train Epoch 2: 180/1641 Loss: 0.668604
2026-08-23 04:54: Train Epoch 2: 200/1641 Loss: 0.672976
2026-08-23 04:54: Train Epoch 2: 220/1641 Loss: 0.658232
2026-08-23 04:54: Train Epoch 2: 240/1641 Loss: 0.660402
2026-08-23 04:54: Train Epoch 2: 260/1641 Loss: 0.682991
2026-08-23 04:54: Train Epoch 2: 280/1641 Loss: 0.662553
2026-08-23 04:54: Train Epoch 2: 300/1641 Loss: 0.675628
2026-08-23 04:54: Train Epoch 2: 320/1641 Loss: 0.658184
2026-08-23 04:54: Train Epoch 2: 340/1641 Loss: 0.675087
2026-08-23 04:54: Train Epoch 2: 360/1641 Loss: 0.663172
2026-08-23 04:54: Train Epoch 2: 380/1641 Loss: 0.681780
2026-08-23 04:54: Train Epoch 2: 400/1641 Loss: 0.662797
2026-08-23 04:54: Train Epoch 2: 420/1641 Loss: 0.628722
2026-08-23 04:54: Train Epoch 2: 440/1641 Loss: 0.655343
2026-08-23 04:54: Train Epoch 2: 460/1641 Loss: 0.663840
2026-08-23 04:54: Train Epoch 2: 480/1641 Loss: 0.667513
2026-08-23 04:55: Train Epoch 2: 500/1641 Loss: 0.673300
2026-08-23 04:55: Train Epoch 2: 520/1641 Loss: 0.647195
2026-08-23 04:55: Train Epoch 2: 540/1641 Loss: 0.676995
2026-08-23 04:55: Train Epoch 2: 560/1641 Loss: 0.663821
2026-08-23 04:55: Train Epoch 2: 580/1641 Loss: 0.656463
2026-08-23 04:55: Train Epoch 2: 600/1641 Loss: 0.639802
2026-08-23 04:55: Train Epoch 2: 620/1641 Loss: 0.652749
2026-08-23 04:55: Train Epoch 2: 640/1641 Loss: 0.651502
2026-08-23 04:55: Train Epoch 2: 660/1641 Loss: 0.640258
2026-08-23 04:55: Train Epoch 2: 680/1641 Loss: 0.663995
2026-08-23 04:55: Train Epoch 2: 700/1641 Loss: 0.673588
2026-08-23 04:55: Train Epoch 2: 720/1641 Loss: 0.658761
2026-08-23 04:55: Train Epoch 2: 740/1641 Loss: 0.638748
2026-08-23 04:55: Train Epoch 2: 760/1641 Loss: 0.665863
2026-08-23 04:55: Train Epoch 2: 780/1641 Loss: 0.654647
2026-08-23 04:55: Train Epoch 2: 800/1641 Loss: 0.661721
2026-08-23 04:55: Train Epoch 2: 820/1641 Loss: 0.637988
2026-08-23 04:55: Train Epoch 2: 840/1641 Loss: 0.629580
2026-08-23 04:55: Train Epoch 2: 860/1641 Loss: 0.664162
2026-08-23 04:55: Train Epoch 2: 880/1641 Loss: 0.643508
2026-08-23 04:55: Train Epoch 2: 900/1641 Loss: 0.637320
2026-08-23 04:55: Train Epoch 2: 920/1641 Loss: 0.672885
2026-08-23 04:56: Train Epoch 2: 940/1641 Loss: 0.651460
2026-08-23 04:56: Train Epoch 2: 960/1641 Loss: 0.654571
2026-08-23 04:56: Train Epoch 2: 980/1641 Loss: 0.662760
2026-08-23 04:56: Train Epoch 2: 1000/1641 Loss: 0.676955
2026-08-23 04:56: Train Epoch 2: 1020/1641 Loss: 0.646031
2026-08-23 04:56: Train Epoch 2: 1040/1641 Loss: 0.645234
2026-08-23 04:56: Train Epoch 2: 1060/1641 Loss: 0.660782
2026-08-23 04:56: Train Epoch 2: 1080/1641 Loss: 0.660754
2026-08-23 04:56: Train Epoch 2: 1100/1641 Loss: 0.644343
2026-08-23 04:56: Train Epoch 2: 1120/1641 Loss: 0.643035
2026-08-23 04:56: Train Epoch 2: 1140/1641 Loss: 0.645081
2026-08-23 04:56: Train Epoch 2: 1160/1641 Loss: 0.650471
2026-08-23 04:56: Train Epoch 2: 1180/1641 Loss: 0.642007
2026-08-23 04:56: Train Epoch 2: 1200/1641 Loss: 0.684387
2026-08-23 04:56: Train Epoch 2: 1220/1641 Loss: 0.680494
2026-08-23 04:56: Train Epoch 2: 1240/1641 Loss: 0.666662
2026-08-23 04:56: Train Epoch 2: 1260/1641 Loss: 0.654946
2026-08-23 04:56: Train Epoch 2: 1280/1641 Loss: 0.636706
2026-08-23 04:56: Train Epoch 2: 1300/1641 Loss: 0.658503
2026-08-23 04:56: Train Epoch 2: 1320/1641 Loss: 0.649975
2026-08-23 04:56: Train Epoch 2: 1340/1641 Loss: 0.654834
2026-08-23 04:56: Train Epoch 2: 1360/1641 Loss: 0.645370
2026-08-23 04:57: Train Epoch 2: 1380/1641 Loss: 0.665657
2026-08-23 04:57: Train Epoch 2: 1400/1641 Loss: 0.645144
2026-08-23 04:57: Train Epoch 2: 1420/1641 Loss: 0.658734
2026-08-23 04:57: Train Epoch 2: 1440/1641 Loss: 0.641477
2026-08-23 04:57: Train Epoch 2: 1460/1641 Loss: 0.640958
2026-08-23 04:57: Train Epoch 2: 1480/1641 Loss: 0.655443
2026-08-23 04:57: Train Epoch 2: 1500/1641 Loss: 0.645236
2026-08-23 04:57: Train Epoch 2: 1520/1641 Loss: 0.651094
2026-08-23 04:57: Train Epoch 2: 1540/1641 Loss: 0.631716
2026-08-23 04:57: Train Epoch 2: 1560/1641 Loss: 0.648925
2026-08-23 04:57: Train Epoch 2: 1580/1641 Loss: 0.631202
2026-08-23 04:57: Train Epoch 2: 1600/1641 Loss: 0.606281
2026-08-23 04:57: Train Epoch 2: 1620/1641 Loss: 0.646730
2026-08-23 04:57: Train Epoch 2: 1640/1641 Loss: 0.644437
2026-08-23 04:57: **********Train Epoch 2: averaged Loss: 0.657394, tf_ratio: 1.000000
2026-08-23 04:57: **********Val Epoch 2: average Loss: 0.660495
2026-08-23 04:57: *********************************Current best model saved!
2026-08-23 04:57: Train Epoch 3: 0/1641 Loss: 0.643704
2026-08-23 04:58: Train Epoch 3: 20/1641 Loss: 0.616600
2026-08-23 04:58: Train Epoch 3: 40/1641 Loss: 0.670680
2026-08-23 04:58: Train Epoch 3: 60/1641 Loss: 0.639548
2026-08-23 04:58: Train Epoch 3: 80/1641 Loss: 0.656012
2026-08-23 04:58: Train Epoch 3: 100/1641 Loss: 0.634861
2026-08-23 04:58: Train Epoch 3: 120/1641 Loss: 0.639092
2026-08-23 04:58: Train Epoch 3: 140/1641 Loss: 0.649618
2026-08-23 04:58: Train Epoch 3: 160/1641 Loss: 0.632850
2026-08-23 04:58: Train Epoch 3: 180/1641 Loss: 0.655832
2026-08-23 04:58: Train Epoch 3: 200/1641 Loss: 0.653947
2026-08-23 04:58: Train Epoch 3: 220/1641 Loss: 0.620961
2026-08-23 04:58: Train Epoch 3: 240/1641 Loss: 0.608868
2026-08-23 04:58: Train Epoch 3: 260/1641 Loss: 0.640105
2026-08-23 04:58: Train Epoch 3: 280/1641 Loss: 0.634730
2026-08-23 04:58: Train Epoch 3: 300/1641 Loss: 0.658782
2026-08-23 04:58: Train Epoch 3: 320/1641 Loss: 0.670759
2026-08-23 04:58: Train Epoch 3: 340/1641 Loss: 0.629886
2026-08-23 04:58: Train Epoch 3: 360/1641 Loss: 0.641111
2026-08-23 04:58: Train Epoch 3: 380/1641 Loss: 0.634583
2026-08-23 04:58: Train Epoch 3: 400/1641 Loss: 0.609695
2026-08-23 04:58: Train Epoch 3: 420/1641 Loss: 0.619477
2026-08-23 04:58: Train Epoch 3: 440/1641 Loss: 0.651363
2026-08-23 04:59: Train Epoch 3: 460/1641 Loss: 0.641335
2026-08-23 04:59: Train Epoch 3: 480/1641 Loss: 0.631301
2026-08-23 04:59: Train Epoch 3: 500/1641 Loss: 0.647570
2026-08-23 04:59: Train Epoch 3: 520/1641 Loss: 0.626170
2026-08-23 04:59: Train Epoch 3: 540/1641 Loss: 0.644482
2026-08-23 04:59: Train Epoch 3: 560/1641 Loss: 0.643854
2026-08-23 04:59: Train Epoch 3: 580/1641 Loss: 0.638974
2026-08-23 04:59: Train Epoch 3: 600/1641 Loss: 0.618455
2026-08-23 04:59: Train Epoch 3: 620/1641 Loss: 0.622060
2026-08-23 04:59: Train Epoch 3: 640/1641 Loss: 0.647226
2026-08-23 04:59: Train Epoch 3: 660/1641 Loss: 0.659835
2026-08-23 04:59: Train Epoch 3: 680/1641 Loss: 0.614087
2026-08-23 04:59: Train Epoch 3: 700/1641 Loss: 0.660760
2026-08-23 04:59: Train Epoch 3: 720/1641 Loss: 0.647888
2026-08-23 04:59: Train Epoch 3: 740/1641 Loss: 0.620123
2026-08-23 04:59: Train Epoch 3: 760/1641 Loss: 0.625040
2026-08-23 04:59: Train Epoch 3: 780/1641 Loss: 0.619030
2026-08-23 04:59: Train Epoch 3: 800/1641 Loss: 0.658812
2026-08-23 04:59: Train Epoch 3: 820/1641 Loss: 0.646285
2026-08-23 04:59: Train Epoch 3: 840/1641 Loss: 0.629160
2026-08-23 04:59: Train Epoch 3: 860/1641 Loss: 0.654654
2026-08-23 04:59: Train Epoch 3: 880/1641 Loss: 0.625668
2026-08-23 04:59: Train Epoch 3: 900/1641 Loss: 0.626395
2026-08-23 05:00: Train Epoch 3: 920/1641 Loss: 0.634631
2026-08-23 05:00: Train Epoch 3: 940/1641 Loss: 0.612194
2026-08-23 05:00: Train Epoch 3: 960/1641 Loss: 0.623448
2026-08-23 05:00: Train Epoch 3: 980/1641 Loss: 0.624365
2026-08-23 05:00: Train Epoch 3: 1000/1641 Loss: 0.635902
2026-08-23 05:00: Train Epoch 3: 1020/1641 Loss: 0.623309
2026-08-23 05:00: Train Epoch 3: 1040/1641 Loss: 0.631782
2026-08-23 05:00: Train Epoch 3: 1060/1641 Loss: 0.620244
2026-08-23 05:00: Train Epoch 3: 1080/1641 Loss: 0.633995
2026-08-23 05:00: Train Epoch 3: 1100/1641 Loss: 0.656047
2026-08-23 05:00: Train Epoch 3: 1120/1641 Loss: 0.641612
2026-08-23 05:00: Train Epoch 3: 1140/1641 Loss: 0.608798
2026-08-23 05:00: Train Epoch 3: 1160/1641 Loss: 0.627866
2026-08-23 05:00: Train Epoch 3: 1180/1641 Loss: 0.612793
2026-08-23 05:00: Train Epoch 3: 1200/1641 Loss: 0.653363
2026-08-23 05:00: Train Epoch 3: 1220/1641 Loss: 0.641571
2026-08-23 05:00: Train Epoch 3: 1240/1641 Loss: 0.647546
2026-08-23 05:00: Train Epoch 3: 1260/1641 Loss: 0.612478
2026-08-23 05:00: Train Epoch 3: 1280/1641 Loss: 0.640017
2026-08-23 05:00: Train Epoch 3: 1300/1641 Loss: 0.638086
2026-08-23 05:00: Train Epoch 3: 1320/1641 Loss: 0.638743
2026-08-23 05:00: Train Epoch 3: 1340/1641 Loss: 0.618749
2026-08-23 05:01: Train Epoch 3: 1360/1641 Loss: 0.629314
2026-08-23 05:01: Train Epoch 3: 1380/1641 Loss: 0.638598
2026-08-23 05:01: Train Epoch 3: 1400/1641 Loss: 0.629524
2026-08-23 05:01: Train Epoch 3: 1420/1641 Loss: 0.620063
2026-08-23 05:01: Train Epoch 3: 1440/1641 Loss: 0.637501
2026-08-23 05:01: Train Epoch 3: 1460/1641 Loss: 0.613960
2026-08-23 05:01: Train Epoch 3: 1480/1641 Loss: 0.651251
2026-08-23 05:01: Train Epoch 3: 1500/1641 Loss: 0.636518
2026-08-23 05:01: Train Epoch 3: 1520/1641 Loss: 0.632605
2026-08-23 05:01: Train Epoch 3: 1540/1641 Loss: 0.611950
2026-08-23 05:01: Train Epoch 3: 1560/1641 Loss: 0.635776
2026-08-23 05:01: Train Epoch 3: 1580/1641 Loss: 0.617365
2026-08-23 05:01: Train Epoch 3: 1600/1641 Loss: 0.630897
2026-08-23 05:01: Train Epoch 3: 1620/1641 Loss: 0.634458
2026-08-23 05:01: Train Epoch 3: 1640/1641 Loss: 0.641138
2026-08-23 05:01: **********Train Epoch 3: averaged Loss: 0.637815, tf_ratio: 1.000000
2026-08-23 05:01: **********Val Epoch 3: average Loss: 0.652931
2026-08-23 05:01: *********************************Current best model saved!
2026-08-23 05:01: Train Epoch 4: 0/1641 Loss: 0.636592
2026-08-23 05:02: Train Epoch 4: 20/1641 Loss: 0.607422
2026-08-23 05:02: Train Epoch 4: 40/1641 Loss: 0.611776
2026-08-23 05:02: Train Epoch 4: 60/1641 Loss: 0.666959
2026-08-23 05:02: Train Epoch 4: 80/1641 Loss: 0.648610
2026-08-23 05:02: Train Epoch 4: 100/1641 Loss: 0.619197
2026-08-23 05:02: Train Epoch 4: 120/1641 Loss: 0.663129
2026-08-23 05:02: Train Epoch 4: 140/1641 Loss: 0.634150
2026-08-23 05:02: Train Epoch 4: 160/1641 Loss: 0.628298
2026-08-23 05:02: Train Epoch 4: 180/1641 Loss: 0.635668
2026-08-23 05:02: Train Epoch 4: 200/1641 Loss: 0.617170
2026-08-23 05:02: Train Epoch 4: 220/1641 Loss: 0.603014
2026-08-23 05:02: Train Epoch 4: 240/1641 Loss: 0.645539
2026-08-23 05:02: Train Epoch 4: 260/1641 Loss: 0.647692
2026-08-23 05:02: Train Epoch 4: 280/1641 Loss: 0.632593
2026-08-23 05:02: Train Epoch 4: 300/1641 Loss: 0.643623
2026-08-23 05:02: Train Epoch 4: 320/1641 Loss: 0.596010
2026-08-23 05:02: Train Epoch 4: 340/1641 Loss: 0.627767
2026-08-23 05:02: Train Epoch 4: 360/1641 Loss: 0.612259
2026-08-23 05:02: Train Epoch 4: 380/1641 Loss: 0.633206
2026-08-23 05:02: Train Epoch 4: 400/1641 Loss: 0.615747
2026-08-23 05:02: Train Epoch 4: 420/1641 Loss: 0.646484
2026-08-23 05:02: Train Epoch 4: 440/1641 Loss: 0.637553
2026-08-23 05:03: Train Epoch 4: 460/1641 Loss: 0.648947
2026-08-23 05:03: Train Epoch 4: 480/1641 Loss: 0.623053
2026-08-23 05:03: Train Epoch 4: 500/1641 Loss: 0.649619
2026-08-23 05:03: Train Epoch 4: 520/1641 Loss: 0.630060
2026-08-23 05:03: Train Epoch 4: 540/1641 Loss: 0.658575
2026-08-23 05:03: Train Epoch 4: 560/1641 Loss: 0.623309
2026-08-23 05:03: Train Epoch 4: 580/1641 Loss: 0.638579
2026-08-23 05:03: Train Epoch 4: 600/1641 Loss: 0.611503
2026-08-23 05:03: Train Epoch 4: 620/1641 Loss: 0.600236
2026-08-23 05:03: Train Epoch 4: 640/1641 Loss: 0.630781
2026-08-23 05:03: Train Epoch 4: 660/1641 Loss: 0.609340
2026-08-23 05:03: Train Epoch 4: 680/1641 Loss: 0.637329
2026-08-23 05:03: Train Epoch 4: 700/1641 Loss: 0.624434
2026-08-23 05:03: Train Epoch 4: 720/1641 Loss: 0.617292
2026-08-23 05:03: Train Epoch 4: 740/1641 Loss: 0.628123
2026-08-23 05:03: Train Epoch 4: 760/1641 Loss: 0.605064
2026-08-23 05:03: Train Epoch 4: 780/1641 Loss: 0.668662
2026-08-23 05:03: Train Epoch 4: 800/1641 Loss: 0.654113
2026-08-23 05:03: Train Epoch 4: 820/1641 Loss: 0.644010
2026-08-23 05:03: Train Epoch 4: 840/1641 Loss: 0.643288
2026-08-23 05:03: Train Epoch 4: 860/1641 Loss: 0.639634
2026-08-23 05:03: Train Epoch 4: 880/1641 Loss: 0.623385
2026-08-23 05:04: Train Epoch 4: 900/1641 Loss: 0.633838
2026-08-23 05:04: Train Epoch 4: 920/1641 Loss: 0.600621
2026-08-23 05:04: Train Epoch 4: 940/1641 Loss: 0.642816
2026-08-23 05:04: Train Epoch 4: 960/1641 Loss: 0.627174
2026-08-23 05:04: Train Epoch 4: 980/1641 Loss: 0.612868
2026-08-23 05:04: Train Epoch 4: 1000/1641 Loss: 0.618642
2026-08-23 05:04: Train Epoch 4: 1020/1641 Loss: 0.633047
2026-08-23 05:04: Train Epoch 4: 1040/1641 Loss: 0.616410
2026-08-23 05:04: Train Epoch 4: 1060/1641 Loss: 0.603944
2026-08-23 05:04: Train Epoch 4: 1080/1641 Loss: 0.647300
2026-08-23 05:04: Train Epoch 4: 1100/1641 Loss: 0.621845
2026-08-23 05:04: Train Epoch 4: 1120/1641 Loss: 0.623425
2026-08-23 05:04: Train Epoch 4: 1140/1641 Loss: 0.633964
2026-08-23 05:04: Train Epoch 4: 1160/1641 Loss: 0.610152
2026-08-23 05:04: Train Epoch 4: 1180/1641 Loss: 0.646224
2026-08-23 05:04: Train Epoch 4: 1200/1641 Loss: 0.612151
2026-08-23 05:04: Train Epoch 4: 1220/1641 Loss: 0.613423
2026-08-23 05:04: Train Epoch 4: 1240/1641 Loss: 0.613683
2026-08-23 05:04: Train Epoch 4: 1260/1641 Loss: 0.632842
2026-08-23 05:04: Train Epoch 4: 1280/1641 Loss: 0.606405
2026-08-23 05:04: Train Epoch 4: 1300/1641 Loss: 0.633929
2026-08-23 05:04: Train Epoch 4: 1320/1641 Loss: 0.600560
2026-08-23 05:05: Train Epoch 4: 1340/1641 Loss: 0.615949
2026-08-23 05:05: Train Epoch 4: 1360/1641 Loss: 0.581348
2026-08-23 05:05: Train Epoch 4: 1380/1641 Loss: 0.608343
2026-08-23 05:05: Train Epoch 4: 1400/1641 Loss: 0.626676
2026-08-23 05:05: Train Epoch 4: 1420/1641 Loss: 0.597305
2026-08-23 05:05: Train Epoch 4: 1440/1641 Loss: 0.637646
2026-08-23 05:05: Train Epoch 4: 1460/1641 Loss: 0.641432
2026-08-23 05:05: Train Epoch 4: 1480/1641 Loss: 0.619944
2026-08-23 05:05: Train Epoch 4: 1500/1641 Loss: 0.627006
2026-08-23 05:05: Train Epoch 4: 1520/1641 Loss: 0.619016
2026-08-23 05:05: Train Epoch 4: 1540/1641 Loss: 0.640036
2026-08-23 05:05: Train Epoch 4: 1560/1641 Loss: 0.623302
2026-08-23 05:05: Train Epoch 4: 1580/1641 Loss: 0.596419
2026-08-23 05:05: Train Epoch 4: 1600/1641 Loss: 0.604217
2026-08-23 05:05: Train Epoch 4: 1620/1641 Loss: 0.627226
2026-08-23 05:05: Train Epoch 4: 1640/1641 Loss: 0.617408
2026-08-23 05:05: **********Train Epoch 4: averaged Loss: 0.625844, tf_ratio: 1.000000
2026-08-23 05:06: **********Val Epoch 4: average Loss: 0.647900
2026-08-23 05:06: *********************************Current best model saved!
2026-08-23 05:06: Train Epoch 5: 0/1641 Loss: 0.619658
2026-08-23 05:06: Train Epoch 5: 20/1641 Loss: 0.596548
2026-08-23 05:06: Train Epoch 5: 40/1641 Loss: 0.641073
2026-08-23 05:06: Train Epoch 5: 60/1641 Loss: 0.565481
2026-08-23 05:06: Train Epoch 5: 80/1641 Loss: 0.607404
2026-08-23 05:06: Train Epoch 5: 100/1641 Loss: 0.607876
2026-08-23 05:06: Train Epoch 5: 120/1641 Loss: 0.600873
2026-08-23 05:06: Train Epoch 5: 140/1641 Loss: 0.622570
2026-08-23 05:06: Train Epoch 5: 160/1641 Loss: 0.587657
2026-08-23 05:06: Train Epoch 5: 180/1641 Loss: 0.627013
2026-08-23 05:06: Train Epoch 5: 200/1641 Loss: 0.635215
2026-08-23 05:06: Train Epoch 5: 220/1641 Loss: 0.613657
2026-08-23 05:06: Train Epoch 5: 240/1641 Loss: 0.616821
2026-08-23 05:06: Train Epoch 5: 260/1641 Loss: 0.587535
2026-08-23 05:06: Train Epoch 5: 280/1641 Loss: 0.621205
2026-08-23 05:06: Train Epoch 5: 300/1641 Loss: 0.590927
2026-08-23 05:06: Train Epoch 5: 320/1641 Loss: 0.585869
2026-08-23 05:06: Train Epoch 5: 340/1641 Loss: 0.633586
2026-08-23 05:06: Train Epoch 5: 360/1641 Loss: 0.607929
2026-08-23 05:06: Train Epoch 5: 380/1641 Loss: 0.597209
2026-08-23 05:06: Train Epoch 5: 400/1641 Loss: 0.616055
2026-08-23 05:06: Train Epoch 5: 420/1641 Loss: 0.641819
2026-08-23 05:07: Train Epoch 5: 440/1641 Loss: 0.599430
2026-08-23 05:07: Train Epoch 5: 460/1641 Loss: 0.611995
2026-08-23 05:07: Train Epoch 5: 480/1641 Loss: 0.610590
2026-08-23 05:07: Train Epoch 5: 500/1641 Loss: 0.630045
2026-08-23 05:07: Train Epoch 5: 520/1641 Loss: 0.618506
2026-08-23 05:07: Train Epoch 5: 540/1641 Loss: 0.585372
2026-08-23 05:07: Train Epoch 5: 560/1641 Loss: 0.628707
2026-08-23 05:07: Train Epoch 5: 580/1641 Loss: 0.616869
2026-08-23 05:07: Train Epoch 5: 600/1641 Loss: 0.633768
2026-08-23 05:07: Train Epoch 5: 620/1641 Loss: 0.651810
2026-08-23 05:07: Train Epoch 5: 640/1641 Loss: 0.640717
2026-08-23 05:07: Train Epoch 5: 660/1641 Loss: 0.626519
2026-08-23 05:07: Train Epoch 5: 680/1641 Loss: 0.611916
2026-08-23 05:07: Train Epoch 5: 700/1641 Loss: 0.628520
2026-08-23 05:07: Train Epoch 5: 720/1641 Loss: 0.635691
2026-08-23 05:07: Train Epoch 5: 740/1641 Loss: 0.618135
2026-08-23 05:07: Train Epoch 5: 760/1641 Loss: 0.633802
2026-08-23 05:07: Train Epoch 5: 780/1641 Loss: 0.601203
2026-08-23 05:07: Train Epoch 5: 800/1641 Loss: 0.630206
2026-08-23 05:07: Train Epoch 5: 820/1641 Loss: 0.626637
2026-08-23 05:07: Train Epoch 5: 840/1641 Loss: 0.624313
2026-08-23 05:07: Train Epoch 5: 860/1641 Loss: 0.632411
2026-08-23 05:08: Train Epoch 5: 880/1641 Loss: 0.615926
2026-08-23 05:08: Train Epoch 5: 900/1641 Loss: 0.622574
2026-08-23 05:08: Train Epoch 5: 920/1641 Loss: 0.609346
2026-08-23 05:08: Train Epoch 5: 940/1641 Loss: 0.643022
2026-08-23 05:08: Train Epoch 5: 960/1641 Loss: 0.634141
2026-08-23 05:08: Train Epoch 5: 980/1641 Loss: 0.609385
2026-08-23 05:08: Train Epoch 5: 1000/1641 Loss: 0.630423
2026-08-23 05:08: Train Epoch 5: 1020/1641 Loss: 0.606189
2026-08-23 05:08: Train Epoch 5: 1040/1641 Loss: 0.614155
2026-08-23 05:08: Train Epoch 5: 1060/1641 Loss: 0.618710
2026-08-23 05:08: Train Epoch 5: 1080/1641 Loss: 0.634344
2026-08-23 05:08: Train Epoch 5: 1100/1641 Loss: 0.616195
2026-08-23 05:08: Train Epoch 5: 1120/1641 Loss: 0.613054
2026-08-23 05:08: Train Epoch 5: 1140/1641 Loss: 0.606298
2026-08-23 05:08: Train Epoch 5: 1160/1641 Loss: 0.614581
2026-08-23 05:08: Train Epoch 5: 1180/1641 Loss: 0.598841
2026-08-23 05:08: Train Epoch 5: 1200/1641 Loss: 0.603231
2026-08-23 05:08: Train Epoch 5: 1220/1641 Loss: 0.602137
2026-08-23 05:08: Train Epoch 5: 1240/1641 Loss: 0.631053
2026-08-23 05:08: Train Epoch 5: 1260/1641 Loss: 0.606864
2026-08-23 05:08: Train Epoch 5: 1280/1641 Loss: 0.632282
2026-08-23 05:08: Train Epoch 5: 1300/1641 Loss: 0.588437
2026-08-23 05:09: Train Epoch 5: 1320/1641 Loss: 0.642696
2026-08-23 05:09: Train Epoch 5: 1340/1641 Loss: 0.620078
2026-08-23 05:09: Train Epoch 5: 1360/1641 Loss: 0.618966
2026-08-23 05:09: Train Epoch 5: 1380/1641 Loss: 0.596241
2026-08-23 05:09: Train Epoch 5: 1400/1641 Loss: 0.623295
2026-08-23 05:09: Train Epoch 5: 1420/1641 Loss: 0.624271
2026-08-23 05:09: Train Epoch 5: 1440/1641 Loss: 0.605504
2026-08-23 05:09: Train Epoch 5: 1460/1641 Loss: 0.610276
2026-08-23 05:09: Train Epoch 5: 1480/1641 Loss: 0.615793
2026-08-23 05:09: Train Epoch 5: 1500/1641 Loss: 0.621388
2026-08-23 05:09: Train Epoch 5: 1520/1641 Loss: 0.614019
2026-08-23 05:09: Train Epoch 5: 1540/1641 Loss: 0.603575
2026-08-23 05:09: Train Epoch 5: 1560/1641 Loss: 0.612230
2026-08-23 05:09: Train Epoch 5: 1580/1641 Loss: 0.601568
2026-08-23 05:09: Train Epoch 5: 1600/1641 Loss: 0.626007
2026-08-23 05:09: Train Epoch 5: 1620/1641 Loss: 0.612049
2026-08-23 05:09: Train Epoch 5: 1640/1641 Loss: 0.616933
2026-08-23 05:09: **********Train Epoch 5: averaged Loss: 0.616416, tf_ratio: 1.000000
2026-08-23 05:10: **********Val Epoch 5: average Loss: 0.647665
2026-08-23 05:10: *********************************Current best model saved!
2026-08-23 05:10: Train Epoch 6: 0/1641 Loss: 0.629249
2026-08-23 05:10: Train Epoch 6: 20/1641 Loss: 0.594145
2026-08-23 05:10: Train Epoch 6: 40/1641 Loss: 0.612282
2026-08-23 05:10: Train Epoch 6: 60/1641 Loss: 0.634689
2026-08-23 05:10: Train Epoch 6: 80/1641 Loss: 0.618048
2026-08-23 05:10: Train Epoch 6: 100/1641 Loss: 0.632131
2026-08-23 05:10: Train Epoch 6: 120/1641 Loss: 0.625987
2026-08-23 05:10: Train Epoch 6: 140/1641 Loss: 0.594198
2026-08-23 05:10: Train Epoch 6: 160/1641 Loss: 0.603929
2026-08-23 05:10: Train Epoch 6: 180/1641 Loss: 0.613177
2026-08-23 05:10: Train Epoch 6: 200/1641 Loss: 0.591619
2026-08-23 05:10: Train Epoch 6: 220/1641 Loss: 0.608254
2026-08-23 05:10: Train Epoch 6: 240/1641 Loss: 0.618122
2026-08-23 05:10: Train Epoch 6: 260/1641 Loss: 0.594117
2026-08-23 05:10: Train Epoch 6: 280/1641 Loss: 0.596939
2026-08-23 05:10: Train Epoch 6: 300/1641 Loss: 0.588770
2026-08-23 05:10: Train Epoch 6: 320/1641 Loss: 0.599410
2026-08-23 05:10: Train Epoch 6: 340/1641 Loss: 0.596286
2026-08-23 05:10: Train Epoch 6: 360/1641 Loss: 0.631992
2026-08-23 05:10: Train Epoch 6: 380/1641 Loss: 0.618285
2026-08-23 05:10: Train Epoch 6: 400/1641 Loss: 0.631129
2026-08-23 05:11: Train Epoch 6: 420/1641 Loss: 0.609232
2026-08-23 05:11: Train Epoch 6: 440/1641 Loss: 0.602523
2026-08-23 05:11: Train Epoch 6: 460/1641 Loss: 0.661510
2026-08-23 05:11: Train Epoch 6: 480/1641 Loss: 0.621894
2026-08-23 05:11: Train Epoch 6: 500/1641 Loss: 0.616242
2026-08-23 05:11: Train Epoch 6: 520/1641 Loss: 0.638844
2026-08-23 05:11: Train Epoch 6: 540/1641 Loss: 0.631216
2026-08-23 05:11: Train Epoch 6: 560/1641 Loss: 0.614706
2026-08-23 05:11: Train Epoch 6: 580/1641 Loss: 0.623543
2026-08-23 05:11: Train Epoch 6: 600/1641 Loss: 0.595387
2026-08-23 05:11: Train Epoch 6: 620/1641 Loss: 0.615450
2026-08-23 05:11: Train Epoch 6: 640/1641 Loss: 0.608841
2026-08-23 05:11: Train Epoch 6: 660/1641 Loss: 0.618005
2026-08-23 05:11: Train Epoch 6: 680/1641 Loss: 0.623322
2026-08-23 05:11: Train Epoch 6: 700/1641 Loss: 0.630338
2026-08-23 05:11: Train Epoch 6: 720/1641 Loss: 0.593874
2026-08-23 05:11: Train Epoch 6: 740/1641 Loss: 0.590160
2026-08-23 05:11: Train Epoch 6: 760/1641 Loss: 0.624780
2026-08-23 05:11: Train Epoch 6: 780/1641 Loss: 0.615354
2026-08-23 05:11: Train Epoch 6: 800/1641 Loss: 0.623599
2026-08-23 05:11: Train Epoch 6: 820/1641 Loss: 0.594282
2026-08-23 05:11: Train Epoch 6: 840/1641 Loss: 0.603293
2026-08-23 05:11: Train Epoch 6: 860/1641 Loss: 0.604631
2026-08-23 05:12: Train Epoch 6: 880/1641 Loss: 0.631767
2026-08-23 05:12: Train Epoch 6: 900/1641 Loss: 0.606161
2026-08-23 05:12: Train Epoch 6: 920/1641 Loss: 0.637775
2026-08-23 05:12: Train Epoch 6: 940/1641 Loss: 0.620082
2026-08-23 05:12: Train Epoch 6: 960/1641 Loss: 0.611997
2026-08-23 05:12: Train Epoch 6: 980/1641 Loss: 0.598603
2026-08-23 05:12: Train Epoch 6: 1000/1641 Loss: 0.609387
2026-08-23 05:12: Train Epoch 6: 1020/1641 Loss: 0.582359
2026-08-23 05:12: Train Epoch 6: 1040/1641 Loss: 0.617672
2026-08-23 05:12: Train Epoch 6: 1060/1641 Loss: 0.605900
2026-08-23 05:12: Train Epoch 6: 1080/1641 Loss: 0.594482
2026-08-23 05:12: Train Epoch 6: 1100/1641 Loss: 0.591812
2026-08-23 05:12: Train Epoch 6: 1120/1641 Loss: 0.584298
2026-08-23 05:12: Train Epoch 6: 1140/1641 Loss: 0.611299
2026-08-23 05:12: Train Epoch 6: 1160/1641 Loss: 0.603659
2026-08-23 05:12: Train Epoch 6: 1180/1641 Loss: 0.609227
2026-08-23 05:12: Train Epoch 6: 1200/1641 Loss: 0.606708
2026-08-23 05:12: Train Epoch 6: 1220/1641 Loss: 0.609959
2026-08-23 05:12: Train Epoch 6: 1240/1641 Loss: 0.599156
2026-08-23 05:12: Train Epoch 6: 1260/1641 Loss: 0.605438
2026-08-23 05:12: Train Epoch 6: 1280/1641 Loss: 0.604454
2026-08-23 05:12: Train Epoch 6: 1300/1641 Loss: 0.593468
2026-08-23 05:12: Train Epoch 6: 1320/1641 Loss: 0.590523
2026-08-23 05:13: Train Epoch 6: 1340/1641 Loss: 0.590100
2026-08-23 05:13: Train Epoch 6: 1360/1641 Loss: 0.601854
2026-08-23 05:13: Train Epoch 6: 1380/1641 Loss: 0.603562
2026-08-23 05:13: Train Epoch 6: 1400/1641 Loss: 0.617039
2026-08-23 05:13: Train Epoch 6: 1420/1641 Loss: 0.589777
2026-08-23 05:13: Train Epoch 6: 1440/1641 Loss: 0.605293
2026-08-23 05:13: Train Epoch 6: 1460/1641 Loss: 0.616773
2026-08-23 05:13: Train Epoch 6: 1480/1641 Loss: 0.578925
2026-08-23 05:13: Train Epoch 6: 1500/1641 Loss: 0.602033
2026-08-23 05:13: Train Epoch 6: 1520/1641 Loss: 0.612765
2026-08-23 05:13: Train Epoch 6: 1540/1641 Loss: 0.618536
2026-08-23 05:13: Train Epoch 6: 1560/1641 Loss: 0.598259
2026-08-23 05:13: Train Epoch 6: 1580/1641 Loss: 0.613085
2026-08-23 05:13: Train Epoch 6: 1600/1641 Loss: 0.588340
2026-08-23 05:13: Train Epoch 6: 1620/1641 Loss: 0.596980
2026-08-23 05:13: Train Epoch 6: 1640/1641 Loss: 0.607475
2026-08-23 05:13: **********Train Epoch 6: averaged Loss: 0.607468, tf_ratio: 1.000000
2026-08-23 05:14: **********Val Epoch 6: average Loss: 0.648306
2026-08-23 05:14: Train Epoch 7: 0/1641 Loss: 0.595930
2026-08-23 05:14: Train Epoch 7: 20/1641 Loss: 0.625703
2026-08-23 05:14: Train Epoch 7: 40/1641 Loss: 0.601081
2026-08-23 05:14: Train Epoch 7: 60/1641 Loss: 0.599136
2026-08-23 05:14: Train Epoch 7: 80/1641 Loss: 0.578169
2026-08-23 05:14: Train Epoch 7: 100/1641 Loss: 0.607722
2026-08-23 05:14: Train Epoch 7: 120/1641 Loss: 0.610549
2026-08-23 05:14: Train Epoch 7: 140/1641 Loss: 0.581865
2026-08-23 05:14: Train Epoch 7: 160/1641 Loss: 0.605085
2026-08-23 05:14: Train Epoch 7: 180/1641 Loss: 0.604125
2026-08-23 05:14: Train Epoch 7: 200/1641 Loss: 0.596007
2026-08-23 05:14: Train Epoch 7: 220/1641 Loss: 0.600466
2026-08-23 05:14: Train Epoch 7: 240/1641 Loss: 0.608156
2026-08-23 05:14: Train Epoch 7: 260/1641 Loss: 0.627366
2026-08-23 05:14: Train Epoch 7: 280/1641 Loss: 0.614547
2026-08-23 05:14: Train Epoch 7: 300/1641 Loss: 0.601996
2026-08-23 05:14: Train Epoch 7: 320/1641 Loss: 0.604482
2026-08-23 05:14: Train Epoch 7: 340/1641 Loss: 0.621504
2026-08-23 05:14: Train Epoch 7: 360/1641 Loss: 0.625832
2026-08-23 05:14: Train Epoch 7: 380/1641 Loss: 0.593017
2026-08-23 05:14: Train Epoch 7: 400/1641 Loss: 0.616329
2026-08-23 05:15: Train Epoch 7: 420/1641 Loss: 0.599775
2026-08-23 05:15: Train Epoch 7: 440/1641 Loss: 0.608173
2026-08-23 05:15: Train Epoch 7: 460/1641 Loss: 0.601148
2026-08-23 05:15: Train Epoch 7: 480/1641 Loss: 0.608537
2026-08-23 05:15: Train Epoch 7: 500/1641 Loss: 0.611625
2026-08-23 05:15: Train Epoch 7: 520/1641 Loss: 0.614824
2026-08-23 05:15: Train Epoch 7: 540/1641 Loss: 0.569894
2026-08-23 05:15: Train Epoch 7: 560/1641 Loss: 0.621286
2026-08-23 05:15: Train Epoch 7: 580/1641 Loss: 0.601811
2026-08-23 05:15: Train Epoch 7: 600/1641 Loss: 0.608386
2026-08-23 05:15: Train Epoch 7: 620/1641 Loss: 0.587230
2026-08-23 05:15: Train Epoch 7: 640/1641 Loss: 0.614755
2026-08-23 05:15: Train Epoch 7: 660/1641 Loss: 0.605406
2026-08-23 05:15: Train Epoch 7: 680/1641 Loss: 0.605968
2026-08-23 05:15: Train Epoch 7: 700/1641 Loss: 0.612182
2026-08-23 05:15: Train Epoch 7: 720/1641 Loss: 0.590296
2026-08-23 05:15: Train Epoch 7: 740/1641 Loss: 0.604045
2026-08-23 05:15: Train Epoch 7: 760/1641 Loss: 0.571552
2026-08-23 05:15: Train Epoch 7: 780/1641 Loss: 0.609878
2026-08-23 05:15: Train Epoch 7: 800/1641 Loss: 0.573381
2026-08-23 05:15: Train Epoch 7: 820/1641 Loss: 0.578870
2026-08-23 05:15: Train Epoch 7: 840/1641 Loss: 0.626164
2026-08-23 05:15: Train Epoch 7: 860/1641 Loss: 0.616791
2026-08-23 05:16: Train Epoch 7: 880/1641 Loss: 0.590048
2026-08-23 05:16: Train Epoch 7: 900/1641 Loss: 0.625533
2026-08-23 05:16: Train Epoch 7: 920/1641 Loss: 0.609199
2026-08-23 05:16: Train Epoch 7: 940/1641 Loss: 0.605259
2026-08-23 05:16: Train Epoch 7: 960/1641 Loss: 0.596605
2026-08-23 05:16: Train Epoch 7: 980/1641 Loss: 0.591111
2026-08-23 05:16: Train Epoch 7: 1000/1641 Loss: 0.630002
2026-08-23 05:16: Train Epoch 7: 1020/1641 Loss: 0.573468
2026-08-23 05:16: Train Epoch 7: 1040/1641 Loss: 0.619929
2026-08-23 05:16: Train Epoch 7: 1060/1641 Loss: 0.614257
2026-08-23 05:16: Train Epoch 7: 1080/1641 Loss: 0.579669
2026-08-23 05:16: Train Epoch 7: 1100/1641 Loss: 0.609339
2026-08-23 05:16: Train Epoch 7: 1120/1641 Loss: 0.590807
2026-08-23 05:16: Train Epoch 7: 1140/1641 Loss: 0.625289
2026-08-23 05:16: Train Epoch 7: 1160/1641 Loss: 0.597434
2026-08-23 05:16: Train Epoch 7: 1180/1641 Loss: 0.614073
2026-08-23 05:16: Train Epoch 7: 1200/1641 Loss: 0.592741
2026-08-23 05:16: Train Epoch 7: 1220/1641 Loss: 0.573335
2026-08-23 05:16: Train Epoch 7: 1240/1641 Loss: 0.578627
2026-08-23 05:16: Train Epoch 7: 1260/1641 Loss: 0.589746
2026-08-23 05:16: Train Epoch 7: 1280/1641 Loss: 0.600593
2026-08-23 05:16: Train Epoch 7: 1300/1641 Loss: 0.581988
2026-08-23 05:16: Train Epoch 7: 1320/1641 Loss: 0.601298
2026-08-23 05:17: Train Epoch 7: 1340/1641 Loss: 0.577182
2026-08-23 05:17: Train Epoch 7: 1360/1641 Loss: 0.591092
2026-08-23 05:17: Train Epoch 7: 1380/1641 Loss: 0.594588
2026-08-23 05:17: Train Epoch 7: 1400/1641 Loss: 0.601006
2026-08-23 05:17: Train Epoch 7: 1420/1641 Loss: 0.623345
2026-08-23 05:17: Train Epoch 7: 1440/1641 Loss: 0.551156
2026-08-23 05:17: Train Epoch 7: 1460/1641 Loss: 0.604784
2026-08-23 05:17: Train Epoch 7: 1480/1641 Loss: 0.581092
2026-08-23 05:17: Train Epoch 7: 1500/1641 Loss: 0.592925
2026-08-23 05:17: Train Epoch 7: 1520/1641 Loss: 0.609019
2026-08-23 05:17: Train Epoch 7: 1540/1641 Loss: 0.599365
2026-08-23 05:17: Train Epoch 7: 1560/1641 Loss: 0.594275
2026-08-23 05:17: Train Epoch 7: 1580/1641 Loss: 0.603423
2026-08-23 05:17: Train Epoch 7: 1600/1641 Loss: 0.610534
2026-08-23 05:17: Train Epoch 7: 1620/1641 Loss: 0.603118
2026-08-23 05:17: Train Epoch 7: 1640/1641 Loss: 0.626136
2026-08-23 05:17: **********Train Epoch 7: averaged Loss: 0.598657, tf_ratio: 1.000000
2026-08-23 05:18: **********Val Epoch 7: average Loss: 0.647721
2026-08-23 05:18: Train Epoch 8: 0/1641 Loss: 0.586988
2026-08-23 05:18: Train Epoch 8: 20/1641 Loss: 0.573258
2026-08-23 05:18: Train Epoch 8: 40/1641 Loss: 0.587050
2026-08-23 05:18: Train Epoch 8: 60/1641 Loss: 0.570266
2026-08-23 05:18: Train Epoch 8: 80/1641 Loss: 0.578980
2026-08-23 05:18: Train Epoch 8: 100/1641 Loss: 0.563317
2026-08-23 05:18: Train Epoch 8: 120/1641 Loss: 0.591583
2026-08-23 05:18: Train Epoch 8: 140/1641 Loss: 0.582144
2026-08-23 05:18: Train Epoch 8: 160/1641 Loss: 0.560845
2026-08-23 05:18: Train Epoch 8: 180/1641 Loss: 0.603819
2026-08-23 05:18: Train Epoch 8: 200/1641 Loss: 0.589916
2026-08-23 05:18: Train Epoch 8: 220/1641 Loss: 0.577297
2026-08-23 05:18: Train Epoch 8: 240/1641 Loss: 0.567090
2026-08-23 05:18: Train Epoch 8: 260/1641 Loss: 0.600014
2026-08-23 05:18: Train Epoch 8: 280/1641 Loss: 0.605808
2026-08-23 05:18: Train Epoch 8: 300/1641 Loss: 0.605846
2026-08-23 05:18: Train Epoch 8: 320/1641 Loss: 0.599294
2026-08-23 05:18: Train Epoch 8: 340/1641 Loss: 0.593671
2026-08-23 05:18: Train Epoch 8: 360/1641 Loss: 0.582460
2026-08-23 05:18: Train Epoch 8: 380/1641 Loss: 0.586285
2026-08-23 05:18: Train Epoch 8: 400/1641 Loss: 0.596910
2026-08-23 05:18: Train Epoch 8: 420/1641 Loss: 0.586984
2026-08-23 05:18: Train Epoch 8: 440/1641 Loss: 0.583880
2026-08-23 05:19: Train Epoch 8: 460/1641 Loss: 0.581625
2026-08-23 05:19: Train Epoch 8: 480/1641 Loss: 0.584410
2026-08-23 05:19: Train Epoch 8: 500/1641 Loss: 0.571747
2026-08-23 05:19: Train Epoch 8: 520/1641 Loss: 0.583942
2026-08-23 05:19: Train Epoch 8: 540/1641 Loss: 0.605044
2026-08-23 05:19: Train Epoch 8: 560/1641 Loss: 0.601360
2026-08-23 05:19: Train Epoch 8: 580/1641 Loss: 0.592658
2026-08-23 05:19: Train Epoch 8: 600/1641 Loss: 0.580794
2026-08-23 05:19: Train Epoch 8: 620/1641 Loss: 0.589033
2026-08-23 05:19: Train Epoch 8: 640/1641 Loss: 0.584640
2026-08-23 05:19: Train Epoch 8: 660/1641 Loss: 0.558299
2026-08-23 05:19: Train Epoch 8: 680/1641 Loss: 0.579241
2026-08-23 05:19: Train Epoch 8: 700/1641 Loss: 0.601440
2026-08-23 05:19: Train Epoch 8: 720/1641 Loss: 0.585099
2026-08-23 05:19: Train Epoch 8: 740/1641 Loss: 0.576552
2026-08-23 05:19: Train Epoch 8: 760/1641 Loss: 0.565206
2026-08-23 05:19: Train Epoch 8: 780/1641 Loss: 0.582467
2026-08-23 05:19: Train Epoch 8: 800/1641 Loss: 0.595957
2026-08-23 05:19: Train Epoch 8: 820/1641 Loss: 0.584250
2026-08-23 05:19: Train Epoch 8: 840/1641 Loss: 0.594347
2026-08-23 05:19: Train Epoch 8: 860/1641 Loss: 0.582075
2026-08-23 05:19: Train Epoch 8: 880/1641 Loss: 0.588563
2026-08-23 05:19: Train Epoch 8: 900/1641 Loss: 0.589153
2026-08-23 05:19: Train Epoch 8: 920/1641 Loss: 0.592039
2026-08-23 05:20: Train Epoch 8: 940/1641 Loss: 0.606397
2026-08-23 05:20: Train Epoch 8: 960/1641 Loss: 0.577575
2026-08-23 05:20: Train Epoch 8: 980/1641 Loss: 0.579182
2026-08-23 05:20: Train Epoch 8: 1000/1641 Loss: 0.615706
2026-08-23 05:20: Train Epoch 8: 1020/1641 Loss: 0.578949
2026-08-23 05:20: Train Epoch 8: 1040/1641 Loss: 0.584219
2026-08-23 05:20: Train Epoch 8: 1060/1641 Loss: 0.575153
2026-08-23 05:20: Train Epoch 8: 1080/1641 Loss: 0.584790
2026-08-23 05:20: Train Epoch 8: 1100/1641 Loss: 0.586172
2026-08-23 05:20: Train Epoch 8: 1120/1641 Loss: 0.572982
2026-08-23 05:20: Train Epoch 8: 1140/1641 Loss: 0.587695
2026-08-23 05:20: Train Epoch 8: 1160/1641 Loss: 0.583406
2026-08-23 05:20: Train Epoch 8: 1180/1641 Loss: 0.572749
2026-08-23 05:20: Train Epoch 8: 1200/1641 Loss: 0.597127
2026-08-23 05:20: Train Epoch 8: 1220/1641 Loss: 0.595222
2026-08-23 05:20: Train Epoch 8: 1240/1641 Loss: 0.610862
2026-08-23 05:20: Train Epoch 8: 1260/1641 Loss: 0.614590
2026-08-23 05:20: Train Epoch 8: 1280/1641 Loss: 0.599896
2026-08-23 05:20: Train Epoch 8: 1300/1641 Loss: 0.592688
2026-08-23 05:20: Train Epoch 8: 1320/1641 Loss: 0.559779
2026-08-23 05:20: Train Epoch 8: 1340/1641 Loss: 0.602019
2026-08-23 05:20: Train Epoch 8: 1360/1641 Loss: 0.570064
2026-08-23 05:20: Train Epoch 8: 1380/1641 Loss: 0.592544
2026-08-23 05:21: Train Epoch 8: 1400/1641 Loss: 0.614411
2026-08-23 05:21: Train Epoch 8: 1420/1641 Loss: 0.573055
2026-08-23 05:21: Train Epoch 8: 1440/1641 Loss: 0.607955
2026-08-23 05:21: Train Epoch 8: 1460/1641 Loss: 0.576480
2026-08-23 05:21: Train Epoch 8: 1480/1641 Loss: 0.590862
2026-08-23 05:21: Train Epoch 8: 1500/1641 Loss: 0.572420
2026-08-23 05:21: Train Epoch 8: 1520/1641 Loss: 0.584224
2026-08-23 05:21: Train Epoch 8: 1540/1641 Loss: 0.582772
2026-08-23 05:21: Train Epoch 8: 1560/1641 Loss: 0.568319
2026-08-23 05:21: Train Epoch 8: 1580/1641 Loss: 0.577726
2026-08-23 05:21: Train Epoch 8: 1600/1641 Loss: 0.566021
2026-08-23 05:21: Train Epoch 8: 1620/1641 Loss: 0.587416
2026-08-23 05:21: Train Epoch 8: 1640/1641 Loss: 0.585760
2026-08-23 05:21: **********Train Epoch 8: averaged Loss: 0.589668, tf_ratio: 1.000000
2026-08-23 05:21: **********Val Epoch 8: average Loss: 0.653790
2026-08-23 05:21: Train Epoch 9: 0/1641 Loss: 0.598342
2026-08-23 05:21: Train Epoch 9: 20/1641 Loss: 0.577577
2026-08-23 05:21: Train Epoch 9: 40/1641 Loss: 0.634145
2026-08-23 05:22: Train Epoch 9: 60/1641 Loss: 0.606771
2026-08-23 05:22: Train Epoch 9: 80/1641 Loss: 0.589631
2026-08-23 05:22: Train Epoch 9: 100/1641 Loss: 0.585963
2026-08-23 05:22: Train Epoch 9: 120/1641 Loss: 0.572006
2026-08-23 05:22: Train Epoch 9: 140/1641 Loss: 0.584381
2026-08-23 05:22: Train Epoch 9: 160/1641 Loss: 0.573826
2026-08-23 05:22: Train Epoch 9: 180/1641 Loss: 0.595966
2026-08-23 05:22: Train Epoch 9: 200/1641 Loss: 0.547540
2026-08-23 05:22: Train Epoch 9: 220/1641 Loss: 0.566356
2026-08-23 05:22: Train Epoch 9: 240/1641 Loss: 0.568939
2026-08-23 05:22: Train Epoch 9: 260/1641 Loss: 0.576556
2026-08-23 05:22: Train Epoch 9: 280/1641 Loss: 0.577947
2026-08-23 05:22: Train Epoch 9: 300/1641 Loss: 0.588741
2026-08-23 05:22: Train Epoch 9: 320/1641 Loss: 0.583200
2026-08-23 05:22: Train Epoch 9: 340/1641 Loss: 0.593923
2026-08-23 05:22: Train Epoch 9: 360/1641 Loss: 0.580455
2026-08-23 05:22: Train Epoch 9: 380/1641 Loss: 0.563652
2026-08-23 05:22: Train Epoch 9: 400/1641 Loss: 0.578694
2026-08-23 05:22: Train Epoch 9: 420/1641 Loss: 0.573647
2026-08-23 05:22: Train Epoch 9: 440/1641 Loss: 0.600684
2026-08-23 05:22: Train Epoch 9: 460/1641 Loss: 0.600065
2026-08-23 05:22: Train Epoch 9: 480/1641 Loss: 0.572816
2026-08-23 05:22: Train Epoch 9: 500/1641 Loss: 0.585420
2026-08-23 05:23: Train Epoch 9: 520/1641 Loss: 0.565082
2026-08-23 05:23: Train Epoch 9: 540/1641 Loss: 0.553180
2026-08-23 05:23: Train Epoch 9: 560/1641 Loss: 0.587294
2026-08-23 05:23: Train Epoch 9: 580/1641 Loss: 0.578530
2026-08-23 05:23: Train Epoch 9: 600/1641 Loss: 0.585650
2026-08-23 05:23: Train Epoch 9: 620/1641 Loss: 0.597716
2026-08-23 05:23: Train Epoch 9: 640/1641 Loss: 0.595453
2026-08-23 05:23: Train Epoch 9: 660/1641 Loss: 0.604224
2026-08-23 05:23: Train Epoch 9: 680/1641 Loss: 0.574186
2026-08-23 05:23: Train Epoch 9: 700/1641 Loss: 0.549310
2026-08-23 05:23: Train Epoch 9: 720/1641 Loss: 0.590601
2026-08-23 05:23: Train Epoch 9: 740/1641 Loss: 0.594936
2026-08-23 05:23: Train Epoch 9: 760/1641 Loss: 0.577102
2026-08-23 05:23: Train Epoch 9: 780/1641 Loss: 0.584317
2026-08-23 05:23: Train Epoch 9: 800/1641 Loss: 0.565493
2026-08-23 05:23: Train Epoch 9: 820/1641 Loss: 0.578159
2026-08-23 05:23: Train Epoch 9: 840/1641 Loss: 0.607532
2026-08-23 05:23: Train Epoch 9: 860/1641 Loss: 0.571046
2026-08-23 05:23: Train Epoch 9: 880/1641 Loss: 0.600350
2026-08-23 05:23: Train Epoch 9: 900/1641 Loss: 0.564140
2026-08-23 05:23: Train Epoch 9: 920/1641 Loss: 0.572517
2026-08-23 05:23: Train Epoch 9: 940/1641 Loss: 0.562553
2026-08-23 05:23: Train Epoch 9: 960/1641 Loss: 0.593462
2026-08-23 05:24: Train Epoch 9: 980/1641 Loss: 0.572142
2026-08-23 05:24: Train Epoch 9: 1000/1641 Loss: 0.569124
2026-08-23 05:24: Train Epoch 9: 1020/1641 Loss: 0.577781
2026-08-23 05:24: Train Epoch 9: 1040/1641 Loss: 0.544917
2026-08-23 05:24: Train Epoch 9: 1060/1641 Loss: 0.584109
2026-08-23 05:24: Train Epoch 9: 1080/1641 Loss: 0.546551
2026-08-23 05:24: Train Epoch 9: 1100/1641 Loss: 0.571422
2026-08-23 05:24: Train Epoch 9: 1120/1641 Loss: 0.585264
2026-08-23 05:24: Train Epoch 9: 1140/1641 Loss: 0.568494
2026-08-23 05:24: Train Epoch 9: 1160/1641 Loss: 0.568935
2026-08-23 05:24: Train Epoch 9: 1180/1641 Loss: 0.590160
2026-08-23 05:24: Train Epoch 9: 1200/1641 Loss: 0.591977
2026-08-23 05:24: Train Epoch 9: 1220/1641 Loss: 0.574150
2026-08-23 05:24: Train Epoch 9: 1240/1641 Loss: 0.571802
2026-08-23 05:24: Train Epoch 9: 1260/1641 Loss: 0.586663
2026-08-23 05:24: Train Epoch 9: 1280/1641 Loss: 0.598659
2026-08-23 05:24: Train Epoch 9: 1300/1641 Loss: 0.587324
2026-08-23 05:24: Train Epoch 9: 1320/1641 Loss: 0.583018
2026-08-23 05:24: Train Epoch 9: 1340/1641 Loss: 0.572127
2026-08-23 05:24: Train Epoch 9: 1360/1641 Loss: 0.573512
2026-08-23 05:24: Train Epoch 9: 1380/1641 Loss: 0.562993
2026-08-23 05:24: Train Epoch 9: 1400/1641 Loss: 0.598898
2026-08-23 05:24: Train Epoch 9: 1420/1641 Loss: 0.587856
2026-08-23 05:25: Train Epoch 9: 1440/1641 Loss: 0.581200
2026-08-23 05:25: Train Epoch 9: 1460/1641 Loss: 0.586493
2026-08-23 05:25: Train Epoch 9: 1480/1641 Loss: 0.579960
2026-08-23 05:25: Train Epoch 9: 1500/1641 Loss: 0.579811
2026-08-23 05:25: Train Epoch 9: 1520/1641 Loss: 0.578545
2026-08-23 05:25: Train Epoch 9: 1540/1641 Loss: 0.570264
2026-08-23 05:25: Train Epoch 9: 1560/1641 Loss: 0.573886
2026-08-23 05:25: Train Epoch 9: 1580/1641 Loss: 0.589637
2026-08-23 05:25: Train Epoch 9: 1600/1641 Loss: 0.606403
2026-08-23 05:25: Train Epoch 9: 1620/1641 Loss: 0.528011
2026-08-23 05:25: Train Epoch 9: 1640/1641 Loss: 0.572909
2026-08-23 05:25: **********Train Epoch 9: averaged Loss: 0.581107, tf_ratio: 1.000000
2026-08-23 05:25: **********Val Epoch 9: average Loss: 0.654700
2026-08-23 05:25: Train Epoch 10: 0/1641 Loss: 0.614226
2026-08-23 05:25: Train Epoch 10: 20/1641 Loss: 0.586565
2026-08-23 05:25: Train Epoch 10: 40/1641 Loss: 0.575369
2026-08-23 05:25: Train Epoch 10: 60/1641 Loss: 0.537355
2026-08-23 05:25: Train Epoch 10: 80/1641 Loss: 0.583859
2026-08-23 05:26: Train Epoch 10: 100/1641 Loss: 0.571521
2026-08-23 05:26: Train Epoch 10: 120/1641 Loss: 0.570903
2026-08-23 05:26: Train Epoch 10: 140/1641 Loss: 0.599090
2026-08-23 05:26: Train Epoch 10: 160/1641 Loss: 0.581731
2026-08-23 05:26: Train Epoch 10: 180/1641 Loss: 0.562723
2026-08-23 05:26: Train Epoch 10: 200/1641 Loss: 0.549514
2026-08-23 05:26: Train Epoch 10: 220/1641 Loss: 0.594142
2026-08-23 05:26: Train Epoch 10: 240/1641 Loss: 0.567240
2026-08-23 05:26: Train Epoch 10: 260/1641 Loss: 0.593918
2026-08-23 05:26: Train Epoch 10: 280/1641 Loss: 0.566441
2026-08-23 05:26: Train Epoch 10: 300/1641 Loss: 0.570971
2026-08-23 05:26: Train Epoch 10: 320/1641 Loss: 0.584381
2026-08-23 05:26: Train Epoch 10: 340/1641 Loss: 0.548229
2026-08-23 05:26: Train Epoch 10: 360/1641 Loss: 0.579548
2026-08-23 05:26: Train Epoch 10: 380/1641 Loss: 0.601062
2026-08-23 05:26: Train Epoch 10: 400/1641 Loss: 0.559476
2026-08-23 05:26: Train Epoch 10: 420/1641 Loss: 0.573622
2026-08-23 05:26: Train Epoch 10: 440/1641 Loss: 0.543561
2026-08-23 05:26: Train Epoch 10: 460/1641 Loss: 0.564680
2026-08-23 05:26: Train Epoch 10: 480/1641 Loss: 0.570752
2026-08-23 05:26: Train Epoch 10: 500/1641 Loss: 0.577121
2026-08-23 05:26: Train Epoch 10: 520/1641 Loss: 0.589759
2026-08-23 05:26: Train Epoch 10: 540/1641 Loss: 0.558923
2026-08-23 05:27: Train Epoch 10: 560/1641 Loss: 0.584968
2026-08-23 05:27: Train Epoch 10: 580/1641 Loss: 0.611605
2026-08-23 05:27: Train Epoch 10: 600/1641 Loss: 0.567874
2026-08-23 05:27: Train Epoch 10: 620/1641 Loss: 0.581051
2026-08-23 05:27: Train Epoch 10: 640/1641 Loss: 0.564467
2026-08-23 05:27: Train Epoch 10: 660/1641 Loss: 0.586023
2026-08-23 05:27: Train Epoch 10: 680/1641 Loss: 0.550415
2026-08-23 05:27: Train Epoch 10: 700/1641 Loss: 0.570143
2026-08-23 05:27: Train Epoch 10: 720/1641 Loss: 0.555333
2026-08-23 05:27: Train Epoch 10: 740/1641 Loss: 0.604966
2026-08-23 05:27: Train Epoch 10: 760/1641 Loss: 0.564290
2026-08-23 05:27: Train Epoch 10: 780/1641 Loss: 0.558416
2026-08-23 05:27: Train Epoch 10: 800/1641 Loss: 0.601425
2026-08-23 05:27: Train Epoch 10: 820/1641 Loss: 0.561620
2026-08-23 05:27: Train Epoch 10: 840/1641 Loss: 0.575129
2026-08-23 05:27: Train Epoch 10: 860/1641 Loss: 0.561147
2026-08-23 05:27: Train Epoch 10: 880/1641 Loss: 0.554792
2026-08-23 05:27: Train Epoch 10: 900/1641 Loss: 0.554229
2026-08-23 05:27: Train Epoch 10: 920/1641 Loss: 0.566672
2026-08-23 05:27: Train Epoch 10: 940/1641 Loss: 0.561676
2026-08-23 05:27: Train Epoch 10: 960/1641 Loss: 0.578617
2026-08-23 05:27: Train Epoch 10: 980/1641 Loss: 0.564961
2026-08-23 05:27: Train Epoch 10: 1000/1641 Loss: 0.564047
2026-08-23 05:28: Train Epoch 10: 1020/1641 Loss: 0.589900
2026-08-23 05:28: Train Epoch 10: 1040/1641 Loss: 0.557693
2026-08-23 05:28: Train Epoch 10: 1060/1641 Loss: 0.559193
2026-08-23 05:28: Train Epoch 10: 1080/1641 Loss: 0.534861
2026-08-23 05:28: Train Epoch 10: 1100/1641 Loss: 0.591526
2026-08-23 05:28: Train Epoch 10: 1120/1641 Loss: 0.584717
2026-08-23 05:28: Train Epoch 10: 1140/1641 Loss: 0.566504
2026-08-23 05:28: Train Epoch 10: 1160/1641 Loss: 0.561250
2026-08-23 05:28: Train Epoch 10: 1180/1641 Loss: 0.568789
2026-08-23 05:28: Train Epoch 10: 1200/1641 Loss: 0.581165
2026-08-23 05:28: Train Epoch 10: 1220/1641 Loss: 0.569480
2026-08-23 05:28: Train Epoch 10: 1240/1641 Loss: 0.562031
2026-08-23 05:28: Train Epoch 10: 1260/1641 Loss: 0.573551
2026-08-23 05:28: Train Epoch 10: 1280/1641 Loss: 0.559106
2026-08-23 05:28: Train Epoch 10: 1300/1641 Loss: 0.549662
2026-08-23 05:28: Train Epoch 10: 1320/1641 Loss: 0.570241
2026-08-23 05:28: Train Epoch 10: 1340/1641 Loss: 0.573436
2026-08-23 05:28: Train Epoch 10: 1360/1641 Loss: 0.570278
2026-08-23 05:28: Train Epoch 10: 1380/1641 Loss: 0.584027
2026-08-23 05:28: Train Epoch 10: 1400/1641 Loss: 0.521930
2026-08-23 05:28: Train Epoch 10: 1420/1641 Loss: 0.558676
2026-08-23 05:28: Train Epoch 10: 1440/1641 Loss: 0.541411
2026-08-23 05:29: Train Epoch 10: 1460/1641 Loss: 0.578225
2026-08-23 05:29: Train Epoch 10: 1480/1641 Loss: 0.556051
2026-08-23 05:29: Train Epoch 10: 1500/1641 Loss: 0.549111
2026-08-23 05:29: Train Epoch 10: 1520/1641 Loss: 0.560164
2026-08-23 05:29: Train Epoch 10: 1540/1641 Loss: 0.570634
2026-08-23 05:29: Train Epoch 10: 1560/1641 Loss: 0.540447
2026-08-23 05:29: Train Epoch 10: 1580/1641 Loss: 0.550877
2026-08-23 05:29: Train Epoch 10: 1600/1641 Loss: 0.570421
2026-08-23 05:29: Train Epoch 10: 1620/1641 Loss: 0.579248
2026-08-23 05:29: Train Epoch 10: 1640/1641 Loss: 0.591676
2026-08-23 05:29: **********Train Epoch 10: averaged Loss: 0.572787, tf_ratio: 1.000000
2026-08-23 05:29: **********Val Epoch 10: average Loss: 0.655034
2026-08-23 05:29: Train Epoch 11: 0/1641 Loss: 0.580185
2026-08-23 05:29: Train Epoch 11: 20/1641 Loss: 0.560515
2026-08-23 05:29: Train Epoch 11: 40/1641 Loss: 0.548635
2026-08-23 05:29: Train Epoch 11: 60/1641 Loss: 0.550199
2026-08-23 05:29: Train Epoch 11: 80/1641 Loss: 0.551665
2026-08-23 05:29: Train Epoch 11: 100/1641 Loss: 0.552977
2026-08-23 05:30: Train Epoch 11: 120/1641 Loss: 0.563903
2026-08-23 05:30: Train Epoch 11: 140/1641 Loss: 0.573148
2026-08-23 05:30: Train Epoch 11: 160/1641 Loss: 0.578418
2026-08-23 05:30: Train Epoch 11: 180/1641 Loss: 0.559343
2026-08-23 05:30: Train Epoch 11: 200/1641 Loss: 0.590109
2026-08-23 05:30: Train Epoch 11: 220/1641 Loss: 0.556885
2026-08-23 05:30: Train Epoch 11: 240/1641 Loss: 0.550863
2026-08-23 05:30: Train Epoch 11: 260/1641 Loss: 0.567538
2026-08-23 05:30: Train Epoch 11: 280/1641 Loss: 0.558260
2026-08-23 05:30: Train Epoch 11: 300/1641 Loss: 0.554069
2026-08-23 05:30: Train Epoch 11: 320/1641 Loss: 0.577139
2026-08-23 05:30: Train Epoch 11: 340/1641 Loss: 0.551181
2026-08-23 05:30: Train Epoch 11: 360/1641 Loss: 0.584347
2026-08-23 05:30: Train Epoch 11: 380/1641 Loss: 0.568718
2026-08-23 05:30: Train Epoch 11: 400/1641 Loss: 0.543414
2026-08-23 05:30: Train Epoch 11: 420/1641 Loss: 0.574737
2026-08-23 05:30: Train Epoch 11: 440/1641 Loss: 0.568876
2026-08-23 05:30: Train Epoch 11: 460/1641 Loss: 0.566780
2026-08-23 05:30: Train Epoch 11: 480/1641 Loss: 0.559065
2026-08-23 05:30: Train Epoch 11: 500/1641 Loss: 0.570139
2026-08-23 05:30: Train Epoch 11: 520/1641 Loss: 0.554455
2026-08-23 05:30: Train Epoch 11: 540/1641 Loss: 0.557602
2026-08-23 05:30: Train Epoch 11: 560/1641 Loss: 0.575564
2026-08-23 05:31: Train Epoch 11: 580/1641 Loss: 0.566317
2026-08-23 05:31: Train Epoch 11: 600/1641 Loss: 0.576851
2026-08-23 05:31: Train Epoch 11: 620/1641 Loss: 0.578989
2026-08-23 05:31: Train Epoch 11: 640/1641 Loss: 0.578831
2026-08-23 05:31: Train Epoch 11: 660/1641 Loss: 0.564056
2026-08-23 05:31: Train Epoch 11: 680/1641 Loss: 0.598050
2026-08-23 05:31: Train Epoch 11: 700/1641 Loss: 0.531102
2026-08-23 05:31: Train Epoch 11: 720/1641 Loss: 0.550454
2026-08-23 05:31: Train Epoch 11: 740/1641 Loss: 0.591132
2026-08-23 05:31: Train Epoch 11: 760/1641 Loss: 0.561419
2026-08-23 05:31: Train Epoch 11: 780/1641 Loss: 0.578723
2026-08-23 05:31: Train Epoch 11: 800/1641 Loss: 0.561869
2026-08-23 05:31: Train Epoch 11: 820/1641 Loss: 0.569667
2026-08-23 05:31: Train Epoch 11: 840/1641 Loss: 0.574428
2026-08-23 05:31: Train Epoch 11: 860/1641 Loss: 0.568096
2026-08-23 05:31: Train Epoch 11: 880/1641 Loss: 0.547109
2026-08-23 05:31: Train Epoch 11: 900/1641 Loss: 0.566927
2026-08-23 05:31: Train Epoch 11: 920/1641 Loss: 0.558807
2026-08-23 05:31: Train Epoch 11: 940/1641 Loss: 0.534699
2026-08-23 05:31: Train Epoch 11: 960/1641 Loss: 0.602002
2026-08-23 05:31: Train Epoch 11: 980/1641 Loss: 0.574459
2026-08-23 05:31: Train Epoch 11: 1000/1641 Loss: 0.589718
2026-08-23 05:31: Train Epoch 11: 1020/1641 Loss: 0.559574
2026-08-23 05:32: Train Epoch 11: 1040/1641 Loss: 0.553008
2026-08-23 05:32: Train Epoch 11: 1060/1641 Loss: 0.564142
2026-08-23 05:32: Train Epoch 11: 1080/1641 Loss: 0.529686
2026-08-23 05:32: Train Epoch 11: 1100/1641 Loss: 0.575661
2026-08-23 05:32: Train Epoch 11: 1120/1641 Loss: 0.573848
2026-08-23 05:32: Train Epoch 11: 1140/1641 Loss: 0.588627
2026-08-23 05:32: Train Epoch 11: 1160/1641 Loss: 0.556795
2026-08-23 05:32: Train Epoch 11: 1180/1641 Loss: 0.563941
2026-08-23 05:32: Train Epoch 11: 1200/1641 Loss: 0.560009
2026-08-23 05:32: Train Epoch 11: 1220/1641 Loss: 0.563317
2026-08-23 05:32: Train Epoch 11: 1240/1641 Loss: 0.556789
2026-08-23 05:32: Train Epoch 11: 1260/1641 Loss: 0.574152
2026-08-23 05:32: Train Epoch 11: 1280/1641 Loss: 0.574589
2026-08-23 05:32: Train Epoch 11: 1300/1641 Loss: 0.573702
2026-08-23 05:32: Train Epoch 11: 1320/1641 Loss: 0.546473
2026-08-23 05:32: Train Epoch 11: 1340/1641 Loss: 0.539576
2026-08-23 05:32: Train Epoch 11: 1360/1641 Loss: 0.529482
2026-08-23 05:32: Train Epoch 11: 1380/1641 Loss: 0.572535
2026-08-23 05:32: Train Epoch 11: 1400/1641 Loss: 0.548090
2026-08-23 05:32: Train Epoch 11: 1420/1641 Loss: 0.564529
2026-08-23 05:32: Train Epoch 11: 1440/1641 Loss: 0.569657
2026-08-23 05:32: Train Epoch 11: 1460/1641 Loss: 0.588395
2026-08-23 05:32: Train Epoch 11: 1480/1641 Loss: 0.577001
2026-08-23 05:33: Train Epoch 11: 1500/1641 Loss: 0.560856
2026-08-23 05:33: Train Epoch 11: 1520/1641 Loss: 0.578892
2026-08-23 05:33: Train Epoch 11: 1540/1641 Loss: 0.526428
2026-08-23 05:33: Train Epoch 11: 1560/1641 Loss: 0.546467
2026-08-23 05:33: Train Epoch 11: 1580/1641 Loss: 0.540292
2026-08-23 05:33: Train Epoch 11: 1600/1641 Loss: 0.556164
2026-08-23 05:33: Train Epoch 11: 1620/1641 Loss: 0.552412
2026-08-23 05:33: Train Epoch 11: 1640/1641 Loss: 0.543346
2026-08-23 05:33: **********Train Epoch 11: averaged Loss: 0.564839, tf_ratio: 1.000000
2026-08-23 05:33: **********Val Epoch 11: average Loss: 0.658357
2026-08-23 05:33: Train Epoch 12: 0/1641 Loss: 0.570735
2026-08-23 05:33: Train Epoch 12: 20/1641 Loss: 0.551824
2026-08-23 05:33: Train Epoch 12: 40/1641 Loss: 0.587509
2026-08-23 05:33: Train Epoch 12: 60/1641 Loss: 0.558975
2026-08-23 05:33: Train Epoch 12: 80/1641 Loss: 0.543155
2026-08-23 05:33: Train Epoch 12: 100/1641 Loss: 0.540117
2026-08-23 05:33: Train Epoch 12: 120/1641 Loss: 0.541123
2026-08-23 05:33: Train Epoch 12: 140/1641 Loss: 0.524646
2026-08-23 05:34: Train Epoch 12: 160/1641 Loss: 0.561442
2026-08-23 05:34: Train Epoch 12: 180/1641 Loss: 0.537656
2026-08-23 05:34: Train Epoch 12: 200/1641 Loss: 0.551356
2026-08-23 05:34: Train Epoch 12: 220/1641 Loss: 0.555755
2026-08-23 05:34: Train Epoch 12: 240/1641 Loss: 0.574248
2026-08-23 05:34: Train Epoch 12: 260/1641 Loss: 0.540066
2026-08-23 05:34: Train Epoch 12: 280/1641 Loss: 0.566951
2026-08-23 05:34: Train Epoch 12: 300/1641 Loss: 0.558855
2026-08-23 05:34: Train Epoch 12: 320/1641 Loss: 0.565453
2026-08-23 05:34: Train Epoch 12: 340/1641 Loss: 0.547927
2026-08-23 05:34: Train Epoch 12: 360/1641 Loss: 0.555648
2026-08-23 05:34: Train Epoch 12: 380/1641 Loss: 0.580150
2026-08-23 05:34: Train Epoch 12: 400/1641 Loss: 0.583581
2026-08-23 05:34: Train Epoch 12: 420/1641 Loss: 0.567012
2026-08-23 05:34: Train Epoch 12: 440/1641 Loss: 0.561475
2026-08-23 05:34: Train Epoch 12: 460/1641 Loss: 0.549837
2026-08-23 05:34: Train Epoch 12: 480/1641 Loss: 0.576394
2026-08-23 05:34: Train Epoch 12: 500/1641 Loss: 0.531306
2026-08-23 05:34: Train Epoch 12: 520/1641 Loss: 0.539772
2026-08-23 05:34: Train Epoch 12: 540/1641 Loss: 0.565647
2026-08-23 05:34: Train Epoch 12: 560/1641 Loss: 0.587082
2026-08-23 05:34: Train Epoch 12: 580/1641 Loss: 0.536519
2026-08-23 05:34: Train Epoch 12: 600/1641 Loss: 0.571406
2026-08-23 05:35: Train Epoch 12: 620/1641 Loss: 0.562267
2026-08-23 05:35: Train Epoch 12: 640/1641 Loss: 0.557065
2026-08-23 05:35: Train Epoch 12: 660/1641 Loss: 0.551485
2026-08-23 05:35: Train Epoch 12: 680/1641 Loss: 0.534038
2026-08-23 05:35: Train Epoch 12: 700/1641 Loss: 0.553442
2026-08-23 05:35: Train Epoch 12: 720/1641 Loss: 0.552379
2026-08-23 05:35: Train Epoch 12: 740/1641 Loss: 0.561825
2026-08-23 05:35: Train Epoch 12: 760/1641 Loss: 0.537720
2026-08-23 05:35: Train Epoch 12: 780/1641 Loss: 0.571580
2026-08-23 05:35: Train Epoch 12: 800/1641 Loss: 0.575859
2026-08-23 05:35: Train Epoch 12: 820/1641 Loss: 0.600929
2026-08-23 05:35: Train Epoch 12: 840/1641 Loss: 0.582600
2026-08-23 05:35: Train Epoch 12: 860/1641 Loss: 0.543188
2026-08-23 05:35: Train Epoch 12: 880/1641 Loss: 0.586352
2026-08-23 05:35: Train Epoch 12: 900/1641 Loss: 0.566879
2026-08-23 05:35: Train Epoch 12: 920/1641 Loss: 0.532599
2026-08-23 05:35: Train Epoch 12: 940/1641 Loss: 0.541160
2026-08-23 05:35: Train Epoch 12: 960/1641 Loss: 0.564534
2026-08-23 05:35: Train Epoch 12: 980/1641 Loss: 0.546241
2026-08-23 05:35: Train Epoch 12: 1000/1641 Loss: 0.550483
2026-08-23 05:35: Train Epoch 12: 1020/1641 Loss: 0.572109
2026-08-23 05:35: Train Epoch 12: 1040/1641 Loss: 0.558753
2026-08-23 05:35: Train Epoch 12: 1060/1641 Loss: 0.535756
2026-08-23 05:36: Train Epoch 12: 1080/1641 Loss: 0.551274
2026-08-23 05:36: Train Epoch 12: 1100/1641 Loss: 0.571059
2026-08-23 05:36: Train Epoch 12: 1120/1641 Loss: 0.534497
2026-08-23 05:36: Train Epoch 12: 1140/1641 Loss: 0.551335
2026-08-23 05:36: Train Epoch 12: 1160/1641 Loss: 0.567847
2026-08-23 05:36: Train Epoch 12: 1180/1641 Loss: 0.543380
2026-08-23 05:36: Train Epoch 12: 1200/1641 Loss: 0.559458
2026-08-23 05:36: Train Epoch 12: 1220/1641 Loss: 0.540745
2026-08-23 05:36: Train Epoch 12: 1240/1641 Loss: 0.577961
2026-08-23 05:36: Train Epoch 12: 1260/1641 Loss: 0.570809
2026-08-23 05:36: Train Epoch 12: 1280/1641 Loss: 0.547702
2026-08-23 05:36: Train Epoch 12: 1300/1641 Loss: 0.536752
2026-08-23 05:36: Train Epoch 12: 1320/1641 Loss: 0.576430
2026-08-23 05:36: Train Epoch 12: 1340/1641 Loss: 0.539443
2026-08-23 05:36: Train Epoch 12: 1360/1641 Loss: 0.535892
2026-08-23 05:36: Train Epoch 12: 1380/1641 Loss: 0.565452
2026-08-23 05:36: Train Epoch 12: 1400/1641 Loss: 0.569145
2026-08-23 05:36: Train Epoch 12: 1420/1641 Loss: 0.554892
2026-08-23 05:36: Train Epoch 12: 1440/1641 Loss: 0.567943
2026-08-23 05:36: Train Epoch 12: 1460/1641 Loss: 0.545636
2026-08-23 05:36: Train Epoch 12: 1480/1641 Loss: 0.571032
2026-08-23 05:36: Train Epoch 12: 1500/1641 Loss: 0.573966
2026-08-23 05:37: Train Epoch 12: 1520/1641 Loss: 0.550949
2026-08-23 05:37: Train Epoch 12: 1540/1641 Loss: 0.544420
2026-08-23 05:37: Train Epoch 12: 1560/1641 Loss: 0.563214
2026-08-23 05:37: Train Epoch 12: 1580/1641 Loss: 0.553755
2026-08-23 05:37: Train Epoch 12: 1600/1641 Loss: 0.577554
2026-08-23 05:37: Train Epoch 12: 1620/1641 Loss: 0.549593
2026-08-23 05:37: Train Epoch 12: 1640/1641 Loss: 0.583679
2026-08-23 05:37: **********Train Epoch 12: averaged Loss: 0.557592, tf_ratio: 1.000000
2026-08-23 05:37: **********Val Epoch 12: average Loss: 0.661926
2026-08-23 05:37: Train Epoch 13: 0/1641 Loss: 0.558027
2026-08-23 05:37: Train Epoch 13: 20/1641 Loss: 0.539725
2026-08-23 05:37: Train Epoch 13: 40/1641 Loss: 0.575604
2026-08-23 05:37: Train Epoch 13: 60/1641 Loss: 0.584551
2026-08-23 05:37: Train Epoch 13: 80/1641 Loss: 0.555338
2026-08-23 05:37: Train Epoch 13: 100/1641 Loss: 0.536326
2026-08-23 05:37: Train Epoch 13: 120/1641 Loss: 0.542951
2026-08-23 05:37: Train Epoch 13: 140/1641 Loss: 0.536529
2026-08-23 05:37: Train Epoch 13: 160/1641 Loss: 0.564261
2026-08-23 05:38: Train Epoch 13: 180/1641 Loss: 0.563866
2026-08-23 05:38: Train Epoch 13: 200/1641 Loss: 0.531381
2026-08-23 05:38: Train Epoch 13: 220/1641 Loss: 0.574894
2026-08-23 05:38: Train Epoch 13: 240/1641 Loss: 0.553714
2026-08-23 05:38: Train Epoch 13: 260/1641 Loss: 0.532236
2026-08-23 05:38: Train Epoch 13: 280/1641 Loss: 0.551327
2026-08-23 05:38: Train Epoch 13: 300/1641 Loss: 0.568274
2026-08-23 05:38: Train Epoch 13: 320/1641 Loss: 0.541562
2026-08-23 05:38: Train Epoch 13: 340/1641 Loss: 0.590006
2026-08-23 05:38: Train Epoch 13: 360/1641 Loss: 0.548078
2026-08-23 05:38: Train Epoch 13: 380/1641 Loss: 0.531268
2026-08-23 05:38: Train Epoch 13: 400/1641 Loss: 0.567344
2026-08-23 05:38: Train Epoch 13: 420/1641 Loss: 0.537034
2026-08-23 05:38: Train Epoch 13: 440/1641 Loss: 0.530581
2026-08-23 05:38: Train Epoch 13: 460/1641 Loss: 0.570497
2026-08-23 05:38: Train Epoch 13: 480/1641 Loss: 0.539933
2026-08-23 05:38: Train Epoch 13: 500/1641 Loss: 0.553838
2026-08-23 05:38: Train Epoch 13: 520/1641 Loss: 0.560002
2026-08-23 05:38: Train Epoch 13: 540/1641 Loss: 0.559994
2026-08-23 05:38: Train Epoch 13: 560/1641 Loss: 0.552091
2026-08-23 05:38: Train Epoch 13: 580/1641 Loss: 0.554085
2026-08-23 05:38: Train Epoch 13: 600/1641 Loss: 0.590363
2026-08-23 05:38: Train Epoch 13: 620/1641 Loss: 0.576805
2026-08-23 05:39: Train Epoch 13: 640/1641 Loss: 0.539163
2026-08-23 05:39: Train Epoch 13: 660/1641 Loss: 0.546916
2026-08-23 05:39: Train Epoch 13: 680/1641 Loss: 0.569952
2026-08-23 05:39: Train Epoch 13: 700/1641 Loss: 0.548361
2026-08-23 05:39: Train Epoch 13: 720/1641 Loss: 0.550480
2026-08-23 05:39: Train Epoch 13: 740/1641 Loss: 0.551690
2026-08-23 05:39: Train Epoch 13: 760/1641 Loss: 0.565646
2026-08-23 05:39: Train Epoch 13: 780/1641 Loss: 0.519784
2026-08-23 05:39: Train Epoch 13: 800/1641 Loss: 0.557625
2026-08-23 05:39: Train Epoch 13: 820/1641 Loss: 0.555606
2026-08-23 05:39: Train Epoch 13: 840/1641 Loss: 0.542384
2026-08-23 05:39: Train Epoch 13: 860/1641 Loss: 0.551286
2026-08-23 05:39: Train Epoch 13: 880/1641 Loss: 0.535788
2026-08-23 05:39: Train Epoch 13: 900/1641 Loss: 0.542252
2026-08-23 05:39: Train Epoch 13: 920/1641 Loss: 0.539232
2026-08-23 05:39: Train Epoch 13: 940/1641 Loss: 0.547839
2026-08-23 05:39: Train Epoch 13: 960/1641 Loss: 0.554890
2026-08-23 05:39: Train Epoch 13: 980/1641 Loss: 0.529160
2026-08-23 05:39: Train Epoch 13: 1000/1641 Loss: 0.563077
2026-08-23 05:39: Train Epoch 13: 1020/1641 Loss: 0.560484
2026-08-23 05:39: Train Epoch 13: 1040/1641 Loss: 0.533007
2026-08-23 05:39: Train Epoch 13: 1060/1641 Loss: 0.530225
2026-08-23 05:39: Train Epoch 13: 1080/1641 Loss: 0.562854
2026-08-23 05:40: Train Epoch 13: 1100/1641 Loss: 0.528896
2026-08-23 05:40: Train Epoch 13: 1120/1641 Loss: 0.548982
2026-08-23 05:40: Train Epoch 13: 1140/1641 Loss: 0.545593
2026-08-23 05:40: Train Epoch 13: 1160/1641 Loss: 0.539782
2026-08-23 05:40: Train Epoch 13: 1180/1641 Loss: 0.540339
2026-08-23 05:40: Train Epoch 13: 1200/1641 Loss: 0.558253
2026-08-23 05:40: Train Epoch 13: 1220/1641 Loss: 0.528498
2026-08-23 05:40: Train Epoch 13: 1240/1641 Loss: 0.566529
2026-08-23 05:40: Train Epoch 13: 1260/1641 Loss: 0.550537
2026-08-23 05:40: Train Epoch 13: 1280/1641 Loss: 0.556325
2026-08-23 05:40: Train Epoch 13: 1300/1641 Loss: 0.549716
2026-08-23 05:40: Train Epoch 13: 1320/1641 Loss: 0.533522
2026-08-23 05:40: Train Epoch 13: 1340/1641 Loss: 0.572362
2026-08-23 05:40: Train Epoch 13: 1360/1641 Loss: 0.539034
2026-08-23 05:40: Train Epoch 13: 1380/1641 Loss: 0.550365
2026-08-23 05:40: Train Epoch 13: 1400/1641 Loss: 0.565912
2026-08-23 05:40: Train Epoch 13: 1420/1641 Loss: 0.547123
2026-08-23 05:40: Train Epoch 13: 1440/1641 Loss: 0.549797
2026-08-23 05:40: Train Epoch 13: 1460/1641 Loss: 0.552945
2026-08-23 05:40: Train Epoch 13: 1480/1641 Loss: 0.536586
2026-08-23 05:40: Train Epoch 13: 1500/1641 Loss: 0.556920
2026-08-23 05:40: Train Epoch 13: 1520/1641 Loss: 0.567484
2026-08-23 05:41: Train Epoch 13: 1540/1641 Loss: 0.567724
2026-08-23 05:41: Train Epoch 13: 1560/1641 Loss: 0.539490
2026-08-23 05:41: Train Epoch 13: 1580/1641 Loss: 0.549010
2026-08-23 05:41: Train Epoch 13: 1600/1641 Loss: 0.542381
2026-08-23 05:41: Train Epoch 13: 1620/1641 Loss: 0.528019
2026-08-23 05:41: Train Epoch 13: 1640/1641 Loss: 0.504702
2026-08-23 05:41: **********Train Epoch 13: averaged Loss: 0.550575, tf_ratio: 1.000000
2026-08-23 05:41: **********Val Epoch 13: average Loss: 0.664071
2026-08-23 05:41: Train Epoch 14: 0/1641 Loss: 0.519542
2026-08-23 05:41: Train Epoch 14: 20/1641 Loss: 0.548774
2026-08-23 05:41: Train Epoch 14: 40/1641 Loss: 0.529424
2026-08-23 05:41: Train Epoch 14: 60/1641 Loss: 0.538280
2026-08-23 05:41: Train Epoch 14: 80/1641 Loss: 0.532223
2026-08-23 05:41: Train Epoch 14: 100/1641 Loss: 0.575388
2026-08-23 05:41: Train Epoch 14: 120/1641 Loss: 0.559901
2026-08-23 05:41: Train Epoch 14: 140/1641 Loss: 0.518598
2026-08-23 05:41: Train Epoch 14: 160/1641 Loss: 0.510608
2026-08-23 05:41: Train Epoch 14: 180/1641 Loss: 0.543973
2026-08-23 05:42: Train Epoch 14: 200/1641 Loss: 0.528799
2026-08-23 05:42: Train Epoch 14: 220/1641 Loss: 0.558688
2026-08-23 05:42: Train Epoch 14: 240/1641 Loss: 0.509977
2026-08-23 05:42: Train Epoch 14: 260/1641 Loss: 0.566272
2026-08-23 05:42: Train Epoch 14: 280/1641 Loss: 0.547814
2026-08-23 05:42: Train Epoch 14: 300/1641 Loss: 0.552376
2026-08-23 05:42: Train Epoch 14: 320/1641 Loss: 0.528336
2026-08-23 05:42: Train Epoch 14: 340/1641 Loss: 0.554273
2026-08-23 05:42: Train Epoch 14: 360/1641 Loss: 0.549050
2026-08-23 05:42: Train Epoch 14: 380/1641 Loss: 0.576174
2026-08-23 05:42: Train Epoch 14: 400/1641 Loss: 0.537420
2026-08-23 05:42: Train Epoch 14: 420/1641 Loss: 0.538416
2026-08-23 05:42: Train Epoch 14: 440/1641 Loss: 0.537616
2026-08-23 05:42: Train Epoch 14: 460/1641 Loss: 0.533524
2026-08-23 05:42: Train Epoch 14: 480/1641 Loss: 0.583301
2026-08-23 05:42: Train Epoch 14: 500/1641 Loss: 0.534452
2026-08-23 05:42: Train Epoch 14: 520/1641 Loss: 0.549825
2026-08-23 05:42: Train Epoch 14: 540/1641 Loss: 0.548850
2026-08-23 05:42: Train Epoch 14: 560/1641 Loss: 0.535334
2026-08-23 05:42: Train Epoch 14: 580/1641 Loss: 0.542721
2026-08-23 05:42: Train Epoch 14: 600/1641 Loss: 0.509842
2026-08-23 05:42: Train Epoch 14: 620/1641 Loss: 0.535903
2026-08-23 05:42: Train Epoch 14: 640/1641 Loss: 0.571084
2026-08-23 05:43: Train Epoch 14: 660/1641 Loss: 0.565088
2026-08-23 05:43: Train Epoch 14: 680/1641 Loss: 0.520549
2026-08-23 05:43: Train Epoch 14: 700/1641 Loss: 0.555154
2026-08-23 05:43: Train Epoch 14: 720/1641 Loss: 0.532928
2026-08-23 05:43: Train Epoch 14: 740/1641 Loss: 0.557346
2026-08-23 05:43: Train Epoch 14: 760/1641 Loss: 0.533177
2026-08-23 05:43: Train Epoch 14: 780/1641 Loss: 0.525735
2026-08-23 05:43: Train Epoch 14: 800/1641 Loss: 0.550490
2026-08-23 05:43: Train Epoch 14: 820/1641 Loss: 0.543977
2026-08-23 05:43: Train Epoch 14: 840/1641 Loss: 0.547106
2026-08-23 05:43: Train Epoch 14: 860/1641 Loss: 0.532783
2026-08-23 05:43: Train Epoch 14: 880/1641 Loss: 0.543012
2026-08-23 05:43: Train Epoch 14: 900/1641 Loss: 0.531542
2026-08-23 05:43: Train Epoch 14: 920/1641 Loss: 0.519168
2026-08-23 05:43: Train Epoch 14: 940/1641 Loss: 0.532899
2026-08-23 05:43: Train Epoch 14: 960/1641 Loss: 0.555663
2026-08-23 05:43: Train Epoch 14: 980/1641 Loss: 0.544483
2026-08-23 05:43: Train Epoch 14: 1000/1641 Loss: 0.552363
2026-08-23 05:43: Train Epoch 14: 1020/1641 Loss: 0.536124
2026-08-23 05:43: Train Epoch 14: 1040/1641 Loss: 0.547692
2026-08-23 05:43: Train Epoch 14: 1060/1641 Loss: 0.564888
2026-08-23 05:43: Train Epoch 14: 1080/1641 Loss: 0.582678
2026-08-23 05:43: Train Epoch 14: 1100/1641 Loss: 0.554240
2026-08-23 05:44: Train Epoch 14: 1120/1641 Loss: 0.569380
2026-08-23 05:44: Train Epoch 14: 1140/1641 Loss: 0.538571
2026-08-23 05:44: Train Epoch 14: 1160/1641 Loss: 0.535353
2026-08-23 05:44: Train Epoch 14: 1180/1641 Loss: 0.543659
2026-08-23 05:44: Train Epoch 14: 1200/1641 Loss: 0.537753
2026-08-23 05:44: Train Epoch 14: 1220/1641 Loss: 0.541469
2026-08-23 05:44: Train Epoch 14: 1240/1641 Loss: 0.553200
2026-08-23 05:44: Train Epoch 14: 1260/1641 Loss: 0.556168
2026-08-23 05:44: Train Epoch 14: 1280/1641 Loss: 0.529204
2026-08-23 05:44: Train Epoch 14: 1300/1641 Loss: 0.545259
2026-08-23 05:44: Train Epoch 14: 1320/1641 Loss: 0.525525
2026-08-23 05:44: Train Epoch 14: 1340/1641 Loss: 0.538763
2026-08-23 05:44: Train Epoch 14: 1360/1641 Loss: 0.520656
2026-08-23 05:44: Train Epoch 14: 1380/1641 Loss: 0.542529
2026-08-23 05:44: Train Epoch 14: 1400/1641 Loss: 0.561950
2026-08-23 05:44: Train Epoch 14: 1420/1641 Loss: 0.560802
2026-08-23 05:44: Train Epoch 14: 1440/1641 Loss: 0.554287
2026-08-23 05:44: Train Epoch 14: 1460/1641 Loss: 0.537246
2026-08-23 05:44: Train Epoch 14: 1480/1641 Loss: 0.523853
2026-08-23 05:44: Train Epoch 14: 1500/1641 Loss: 0.543462
2026-08-23 05:44: Train Epoch 14: 1520/1641 Loss: 0.542693
2026-08-23 05:44: Train Epoch 14: 1540/1641 Loss: 0.529623
2026-08-23 05:44: Train Epoch 14: 1560/1641 Loss: 0.543368
2026-08-23 05:45: Train Epoch 14: 1580/1641 Loss: 0.544705
2026-08-23 05:45: Train Epoch 14: 1600/1641 Loss: 0.515887
2026-08-23 05:45: Train Epoch 14: 1620/1641 Loss: 0.533639
2026-08-23 05:45: Train Epoch 14: 1640/1641 Loss: 0.527333
2026-08-23 05:45: **********Train Epoch 14: averaged Loss: 0.544269, tf_ratio: 1.000000
2026-08-23 05:45: **********Val Epoch 14: average Loss: 0.667076
2026-08-23 05:45: Train Epoch 15: 0/1641 Loss: 0.548614
2026-08-23 05:45: Train Epoch 15: 20/1641 Loss: 0.531733
2026-08-23 05:45: Train Epoch 15: 40/1641 Loss: 0.524779
2026-08-23 05:45: Train Epoch 15: 60/1641 Loss: 0.518800
2026-08-23 05:45: Train Epoch 15: 80/1641 Loss: 0.502365
2026-08-23 05:45: Train Epoch 15: 100/1641 Loss: 0.573168
2026-08-23 05:45: Train Epoch 15: 120/1641 Loss: 0.542964
2026-08-23 05:45: Train Epoch 15: 140/1641 Loss: 0.527578
2026-08-23 05:45: Train Epoch 15: 160/1641 Loss: 0.551015
2026-08-23 05:45: Train Epoch 15: 180/1641 Loss: 0.522056
2026-08-23 05:45: Train Epoch 15: 200/1641 Loss: 0.553022
2026-08-23 05:46: Train Epoch 15: 220/1641 Loss: 0.512428
2026-08-23 05:46: Train Epoch 15: 240/1641 Loss: 0.540107
2026-08-23 05:46: Train Epoch 15: 260/1641 Loss: 0.522341
2026-08-23 05:46: Train Epoch 15: 280/1641 Loss: 0.518144
2026-08-23 05:46: Train Epoch 15: 300/1641 Loss: 0.537319
2026-08-23 05:46: Train Epoch 15: 320/1641 Loss: 0.530119
2026-08-23 05:46: Train Epoch 15: 340/1641 Loss: 0.551528
2026-08-23 05:46: Train Epoch 15: 360/1641 Loss: 0.528084
2026-08-23 05:46: Train Epoch 15: 380/1641 Loss: 0.535177
2026-08-23 05:46: Train Epoch 15: 400/1641 Loss: 0.556567
2026-08-23 05:46: Train Epoch 15: 420/1641 Loss: 0.531589
2026-08-23 05:46: Train Epoch 15: 440/1641 Loss: 0.515219
2026-08-23 05:46: Train Epoch 15: 460/1641 Loss: 0.537238
2026-08-23 05:46: Train Epoch 15: 480/1641 Loss: 0.514087
2026-08-23 05:46: Train Epoch 15: 500/1641 Loss: 0.528523
2026-08-23 05:46: Train Epoch 15: 520/1641 Loss: 0.537613
2026-08-23 05:46: Train Epoch 15: 540/1641 Loss: 0.504835
2026-08-23 05:46: Train Epoch 15: 560/1641 Loss: 0.560041
2026-08-23 05:46: Train Epoch 15: 580/1641 Loss: 0.554831
2026-08-23 05:46: Train Epoch 15: 600/1641 Loss: 0.549483
2026-08-23 05:46: Train Epoch 15: 620/1641 Loss: 0.518287
2026-08-23 05:46: Train Epoch 15: 640/1641 Loss: 0.540638
2026-08-23 05:46: Train Epoch 15: 660/1641 Loss: 0.533312
2026-08-23 05:47: Train Epoch 15: 680/1641 Loss: 0.577015
2026-08-23 05:47: Train Epoch 15: 700/1641 Loss: 0.552195
2026-08-23 05:47: Train Epoch 15: 720/1641 Loss: 0.554895
2026-08-23 05:47: Train Epoch 15: 740/1641 Loss: 0.541662
2026-08-23 05:47: Train Epoch 15: 760/1641 Loss: 0.552979
2026-08-23 05:47: Train Epoch 15: 780/1641 Loss: 0.516174
2026-08-23 05:47: Train Epoch 15: 800/1641 Loss: 0.534912
2026-08-23 05:47: Train Epoch 15: 820/1641 Loss: 0.555586
2026-08-23 05:47: Train Epoch 15: 840/1641 Loss: 0.565764
2026-08-23 05:47: Train Epoch 15: 860/1641 Loss: 0.541103
2026-08-23 05:47: Train Epoch 15: 880/1641 Loss: 0.543124
2026-08-23 05:47: Train Epoch 15: 900/1641 Loss: 0.525475
2026-08-23 05:47: Train Epoch 15: 920/1641 Loss: 0.551611
2026-08-23 05:47: Train Epoch 15: 940/1641 Loss: 0.557748
2026-08-23 05:47: Train Epoch 15: 960/1641 Loss: 0.529644
2026-08-23 05:47: Train Epoch 15: 980/1641 Loss: 0.537958
2026-08-23 05:47: Train Epoch 15: 1000/1641 Loss: 0.554046
2026-08-23 05:47: Train Epoch 15: 1020/1641 Loss: 0.554092
2026-08-23 05:47: Train Epoch 15: 1040/1641 Loss: 0.521848
2026-08-23 05:47: Train Epoch 15: 1060/1641 Loss: 0.553637
2026-08-23 05:47: Train Epoch 15: 1080/1641 Loss: 0.541687
2026-08-23 05:47: Train Epoch 15: 1100/1641 Loss: 0.506867
2026-08-23 05:47: Train Epoch 15: 1120/1641 Loss: 0.534577
2026-08-23 05:48: Train Epoch 15: 1140/1641 Loss: 0.525038
2026-08-23 05:48: Train Epoch 15: 1160/1641 Loss: 0.534736
2026-08-23 05:48: Train Epoch 15: 1180/1641 Loss: 0.528393
2026-08-23 05:48: Train Epoch 15: 1200/1641 Loss: 0.543263
2026-08-23 05:48: Train Epoch 15: 1220/1641 Loss: 0.546247
2026-08-23 05:48: Train Epoch 15: 1240/1641 Loss: 0.538805
2026-08-23 05:48: Train Epoch 15: 1260/1641 Loss: 0.542315
2026-08-23 05:48: Train Epoch 15: 1280/1641 Loss: 0.522265
2026-08-23 05:48: Train Epoch 15: 1300/1641 Loss: 0.544333
2026-08-23 05:48: Train Epoch 15: 1320/1641 Loss: 0.516783
2026-08-23 05:48: Train Epoch 15: 1340/1641 Loss: 0.526190
2026-08-23 05:48: Train Epoch 15: 1360/1641 Loss: 0.525679
2026-08-23 05:48: Train Epoch 15: 1380/1641 Loss: 0.526295
2026-08-23 05:48: Train Epoch 15: 1400/1641 Loss: 0.520268
2026-08-23 05:48: Train Epoch 15: 1420/1641 Loss: 0.543105
2026-08-23 05:48: Train Epoch 15: 1440/1641 Loss: 0.527323
2026-08-23 05:48: Train Epoch 15: 1460/1641 Loss: 0.520220
2026-08-23 05:48: Train Epoch 15: 1480/1641 Loss: 0.535279
2026-08-23 05:48: Train Epoch 15: 1500/1641 Loss: 0.531233
2026-08-23 05:48: Train Epoch 15: 1520/1641 Loss: 0.537075
2026-08-23 05:48: Train Epoch 15: 1540/1641 Loss: 0.531574
2026-08-23 05:48: Train Epoch 15: 1560/1641 Loss: 0.560901
2026-08-23 05:48: Train Epoch 15: 1580/1641 Loss: 0.545280
2026-08-23 05:49: Train Epoch 15: 1600/1641 Loss: 0.527511
2026-08-23 05:49: Train Epoch 15: 1620/1641 Loss: 0.539245
2026-08-23 05:49: Train Epoch 15: 1640/1641 Loss: 0.542628
2026-08-23 05:49: **********Train Epoch 15: averaged Loss: 0.538863, tf_ratio: 1.000000
2026-08-23 05:49: **********Val Epoch 15: average Loss: 0.667555
2026-08-23 05:49: Train Epoch 16: 0/1641 Loss: 0.534831
2026-08-23 05:49: Train Epoch 16: 20/1641 Loss: 0.562952
2026-08-23 05:49: Train Epoch 16: 40/1641 Loss: 0.538215
2026-08-23 05:49: Train Epoch 16: 60/1641 Loss: 0.515014
2026-08-23 05:49: Train Epoch 16: 80/1641 Loss: 0.535817
2026-08-23 05:49: Train Epoch 16: 100/1641 Loss: 0.544498
2026-08-23 05:49: Train Epoch 16: 120/1641 Loss: 0.538822
2026-08-23 05:49: Train Epoch 16: 140/1641 Loss: 0.536465
2026-08-23 05:49: Train Epoch 16: 160/1641 Loss: 0.521532
2026-08-23 05:49: Train Epoch 16: 180/1641 Loss: 0.530137
2026-08-23 05:49: Train Epoch 16: 200/1641 Loss: 0.500252
2026-08-23 05:49: Train Epoch 16: 220/1641 Loss: 0.523073
2026-08-23 05:49: Train Epoch 16: 240/1641 Loss: 0.553422
2026-08-23 05:50: Train Epoch 16: 260/1641 Loss: 0.533869
2026-08-23 05:50: Train Epoch 16: 280/1641 Loss: 0.515215
2026-08-23 05:50: Train Epoch 16: 300/1641 Loss: 0.550076
2026-08-23 05:50: Train Epoch 16: 320/1641 Loss: 0.538911
2026-08-23 05:50: Train Epoch 16: 340/1641 Loss: 0.532409
2026-08-23 05:50: Train Epoch 16: 360/1641 Loss: 0.545710
2026-08-23 05:50: Train Epoch 16: 380/1641 Loss: 0.555288
2026-08-23 05:50: Train Epoch 16: 400/1641 Loss: 0.511427
2026-08-23 05:50: Train Epoch 16: 420/1641 Loss: 0.546143
2026-08-23 05:50: Train Epoch 16: 440/1641 Loss: 0.523624
2026-08-23 05:50: Train Epoch 16: 460/1641 Loss: 0.571372
2026-08-23 05:50: Train Epoch 16: 480/1641 Loss: 0.534274
2026-08-23 05:50: Train Epoch 16: 500/1641 Loss: 0.544365
2026-08-23 05:50: Train Epoch 16: 520/1641 Loss: 0.532724
2026-08-23 05:50: Train Epoch 16: 540/1641 Loss: 0.534687
2026-08-23 05:50: Train Epoch 16: 560/1641 Loss: 0.528877
2026-08-23 05:50: Train Epoch 16: 580/1641 Loss: 0.546241
2026-08-23 05:50: Train Epoch 16: 600/1641 Loss: 0.525199
2026-08-23 05:50: Train Epoch 16: 620/1641 Loss: 0.541093
2026-08-23 05:50: Train Epoch 16: 640/1641 Loss: 0.532204
2026-08-23 05:50: Train Epoch 16: 660/1641 Loss: 0.536656
2026-08-23 05:50: Train Epoch 16: 680/1641 Loss: 0.537839
2026-08-23 05:51: Train Epoch 16: 700/1641 Loss: 0.548698
2026-08-23 05:51: Train Epoch 16: 720/1641 Loss: 0.521816
2026-08-23 05:51: Train Epoch 16: 740/1641 Loss: 0.512934
2026-08-23 05:51: Train Epoch 16: 760/1641 Loss: 0.521278
2026-08-23 05:51: Train Epoch 16: 780/1641 Loss: 0.538940
2026-08-23 05:51: Train Epoch 16: 800/1641 Loss: 0.542018
2026-08-23 05:51: Train Epoch 16: 820/1641 Loss: 0.548374
2026-08-23 05:51: Train Epoch 16: 840/1641 Loss: 0.518962
2026-08-23 05:51: Train Epoch 16: 860/1641 Loss: 0.539939
2026-08-23 05:51: Train Epoch 16: 880/1641 Loss: 0.541435
2026-08-23 05:51: Train Epoch 16: 900/1641 Loss: 0.543226
2026-08-23 05:51: Train Epoch 16: 920/1641 Loss: 0.529954
2026-08-23 05:51: Train Epoch 16: 940/1641 Loss: 0.526585
2026-08-23 05:51: Train Epoch 16: 960/1641 Loss: 0.529497
2026-08-23 05:51: Train Epoch 16: 980/1641 Loss: 0.556274
2026-08-23 05:51: Train Epoch 16: 1000/1641 Loss: 0.520309
2026-08-23 05:51: Train Epoch 16: 1020/1641 Loss: 0.527812
2026-08-23 05:51: Train Epoch 16: 1040/1641 Loss: 0.537192
2026-08-23 05:51: Train Epoch 16: 1060/1641 Loss: 0.559084
2026-08-23 05:51: Train Epoch 16: 1080/1641 Loss: 0.542467
2026-08-23 05:51: Train Epoch 16: 1100/1641 Loss: 0.540789
2026-08-23 05:51: Train Epoch 16: 1120/1641 Loss: 0.530897
2026-08-23 05:51: Train Epoch 16: 1140/1641 Loss: 0.521353
2026-08-23 05:52: Train Epoch 16: 1160/1641 Loss: 0.556857
2026-08-23 05:52: Train Epoch 16: 1180/1641 Loss: 0.524298
2026-08-23 05:52: Train Epoch 16: 1200/1641 Loss: 0.536672
2026-08-23 05:52: Train Epoch 16: 1220/1641 Loss: 0.536351
2026-08-23 05:52: Train Epoch 16: 1240/1641 Loss: 0.545870
2026-08-23 05:52: Train Epoch 16: 1260/1641 Loss: 0.523484
2026-08-23 05:52: Train Epoch 16: 1280/1641 Loss: 0.520747
2026-08-23 05:52: Train Epoch 16: 1300/1641 Loss: 0.519762
2026-08-23 05:52: Train Epoch 16: 1320/1641 Loss: 0.551829
2026-08-23 05:52: Train Epoch 16: 1340/1641 Loss: 0.546668
2026-08-23 05:52: Train Epoch 16: 1360/1641 Loss: 0.508204
2026-08-23 05:52: Train Epoch 16: 1380/1641 Loss: 0.522924
2026-08-23 05:52: Train Epoch 16: 1400/1641 Loss: 0.541617
2026-08-23 05:52: Train Epoch 16: 1420/1641 Loss: 0.526347
2026-08-23 05:52: Train Epoch 16: 1440/1641 Loss: 0.539088
2026-08-23 05:52: Train Epoch 16: 1460/1641 Loss: 0.532113
2026-08-23 05:52: Train Epoch 16: 1480/1641 Loss: 0.527092
2026-08-23 05:52: Train Epoch 16: 1500/1641 Loss: 0.531690
2026-08-23 05:52: Train Epoch 16: 1520/1641 Loss: 0.548704
2026-08-23 05:52: Train Epoch 16: 1540/1641 Loss: 0.535410
2026-08-23 05:52: Train Epoch 16: 1560/1641 Loss: 0.529580
2026-08-23 05:52: Train Epoch 16: 1580/1641 Loss: 0.517609
2026-08-23 05:52: Train Epoch 16: 1600/1641 Loss: 0.528358
2026-08-23 05:53: Train Epoch 16: 1620/1641 Loss: 0.529825
2026-08-23 05:53: Train Epoch 16: 1640/1641 Loss: 0.529496
2026-08-23 05:53: **********Train Epoch 16: averaged Loss: 0.533261, tf_ratio: 1.000000
2026-08-23 05:53: **********Val Epoch 16: average Loss: 0.669812
2026-08-23 05:53: Train Epoch 17: 0/1641 Loss: 0.522464
2026-08-23 05:53: Train Epoch 17: 20/1641 Loss: 0.529559
2026-08-23 05:53: Train Epoch 17: 40/1641 Loss: 0.516787
2026-08-23 05:53: Train Epoch 17: 60/1641 Loss: 0.505151
2026-08-23 05:53: Train Epoch 17: 80/1641 Loss: 0.526706
2026-08-23 05:53: Train Epoch 17: 100/1641 Loss: 0.563720
2026-08-23 05:53: Train Epoch 17: 120/1641 Loss: 0.544435
2026-08-23 05:53: Train Epoch 17: 140/1641 Loss: 0.518151
2026-08-23 05:53: Train Epoch 17: 160/1641 Loss: 0.545401
2026-08-23 05:53: Train Epoch 17: 180/1641 Loss: 0.529426
2026-08-23 05:53: Train Epoch 17: 200/1641 Loss: 0.522021
2026-08-23 05:53: Train Epoch 17: 220/1641 Loss: 0.521952
2026-08-23 05:53: Train Epoch 17: 240/1641 Loss: 0.517781
2026-08-23 05:53: Train Epoch 17: 260/1641 Loss: 0.530134
2026-08-23 05:54: Train Epoch 17: 280/1641 Loss: 0.526545
2026-08-23 05:54: Train Epoch 17: 300/1641 Loss: 0.522944
2026-08-23 05:54: Train Epoch 17: 320/1641 Loss: 0.534093
2026-08-23 05:54: Train Epoch 17: 340/1641 Loss: 0.533172
2026-08-23 05:54: Train Epoch 17: 360/1641 Loss: 0.526911
2026-08-23 05:54: Train Epoch 17: 380/1641 Loss: 0.535717
2026-08-23 05:54: Train Epoch 17: 400/1641 Loss: 0.525415
2026-08-23 05:54: Train Epoch 17: 420/1641 Loss: 0.526750
2026-08-23 05:54: Train Epoch 17: 440/1641 Loss: 0.518252
2026-08-23 05:54: Train Epoch 17: 460/1641 Loss: 0.542212
2026-08-23 05:54: Train Epoch 17: 480/1641 Loss: 0.521182
2026-08-23 05:54: Train Epoch 17: 500/1641 Loss: 0.535466
2026-08-23 05:54: Train Epoch 17: 520/1641 Loss: 0.512133
2026-08-23 05:54: Train Epoch 17: 540/1641 Loss: 0.512660
2026-08-23 05:54: Train Epoch 17: 560/1641 Loss: 0.543271
2026-08-23 05:54: Train Epoch 17: 580/1641 Loss: 0.536044
2026-08-23 05:54: Train Epoch 17: 600/1641 Loss: 0.513159
2026-08-23 05:54: Train Epoch 17: 620/1641 Loss: 0.521081
2026-08-23 05:54: Train Epoch 17: 640/1641 Loss: 0.526504
2026-08-23 05:54: Train Epoch 17: 660/1641 Loss: 0.526680
2026-08-23 05:54: Train Epoch 17: 680/1641 Loss: 0.553294
2026-08-23 05:54: Train Epoch 17: 700/1641 Loss: 0.517665
2026-08-23 05:55: Train Epoch 17: 720/1641 Loss: 0.516197
2026-08-23 05:55: Train Epoch 17: 740/1641 Loss: 0.550858
2026-08-23 05:55: Train Epoch 17: 760/1641 Loss: 0.544235
2026-08-23 05:55: Train Epoch 17: 780/1641 Loss: 0.504766
2026-08-23 05:55: Train Epoch 17: 800/1641 Loss: 0.535696
2026-08-23 05:55: Train Epoch 17: 820/1641 Loss: 0.544152
2026-08-23 05:55: Train Epoch 17: 840/1641 Loss: 0.521257
2026-08-23 05:55: Train Epoch 17: 860/1641 Loss: 0.500602
2026-08-23 05:55: Train Epoch 17: 880/1641 Loss: 0.513892
2026-08-23 05:55: Train Epoch 17: 900/1641 Loss: 0.508478
2026-08-23 05:55: Train Epoch 17: 920/1641 Loss: 0.534733
2026-08-23 05:55: Train Epoch 17: 940/1641 Loss: 0.544167
2026-08-23 05:55: Train Epoch 17: 960/1641 Loss: 0.534168
2026-08-23 05:55: Train Epoch 17: 980/1641 Loss: 0.543694
2026-08-23 05:55: Train Epoch 17: 1000/1641 Loss: 0.541918
2026-08-23 05:55: Train Epoch 17: 1020/1641 Loss: 0.528316
2026-08-23 05:55: Train Epoch 17: 1040/1641 Loss: 0.512422
2026-08-23 05:55: Train Epoch 17: 1060/1641 Loss: 0.551684
2026-08-23 05:55: Train Epoch 17: 1080/1641 Loss: 0.527296
2026-08-23 05:55: Train Epoch 17: 1100/1641 Loss: 0.534145
2026-08-23 05:55: Train Epoch 17: 1120/1641 Loss: 0.565180
2026-08-23 05:55: Train Epoch 17: 1140/1641 Loss: 0.519375
2026-08-23 05:55: Train Epoch 17: 1160/1641 Loss: 0.537958
2026-08-23 05:56: Train Epoch 17: 1180/1641 Loss: 0.517074
2026-08-23 05:56: Train Epoch 17: 1200/1641 Loss: 0.521551
2026-08-23 05:56: Train Epoch 17: 1220/1641 Loss: 0.560334
2026-08-23 05:56: Train Epoch 17: 1240/1641 Loss: 0.492899
2026-08-23 05:56: Train Epoch 17: 1260/1641 Loss: 0.515330
2026-08-23 05:56: Train Epoch 17: 1280/1641 Loss: 0.523677
2026-08-23 05:56: Train Epoch 17: 1300/1641 Loss: 0.524246
2026-08-23 05:56: Train Epoch 17: 1320/1641 Loss: 0.539992
2026-08-23 05:56: Train Epoch 17: 1340/1641 Loss: 0.528763
2026-08-23 05:56: Train Epoch 17: 1360/1641 Loss: 0.518607
2026-08-23 05:56: Train Epoch 17: 1380/1641 Loss: 0.546173
2026-08-23 05:56: Train Epoch 17: 1400/1641 Loss: 0.530624
2026-08-23 05:56: Train Epoch 17: 1420/1641 Loss: 0.518528
2026-08-23 05:56: Train Epoch 17: 1440/1641 Loss: 0.491746
2026-08-23 05:56: Train Epoch 17: 1460/1641 Loss: 0.518322
2026-08-23 05:56: Train Epoch 17: 1480/1641 Loss: 0.534094
2026-08-23 05:56: Train Epoch 17: 1500/1641 Loss: 0.499816
2026-08-23 05:56: Train Epoch 17: 1520/1641 Loss: 0.523964
2026-08-23 05:56: Train Epoch 17: 1540/1641 Loss: 0.524792
2026-08-23 05:56: Train Epoch 17: 1560/1641 Loss: 0.524852
2026-08-23 05:56: Train Epoch 17: 1580/1641 Loss: 0.538156
2026-08-23 05:56: Train Epoch 17: 1600/1641 Loss: 0.544541
2026-08-23 05:57: Train Epoch 17: 1620/1641 Loss: 0.547891
2026-08-23 05:57: Train Epoch 17: 1640/1641 Loss: 0.513681
2026-08-23 05:57: **********Train Epoch 17: averaged Loss: 0.528554, tf_ratio: 1.000000
2026-08-23 05:57: **********Val Epoch 17: average Loss: 0.665029
2026-08-23 05:57: Train Epoch 18: 0/1641 Loss: 0.497103
2026-08-23 05:57: Train Epoch 18: 20/1641 Loss: 0.527766
2026-08-23 05:57: Train Epoch 18: 40/1641 Loss: 0.519815
2026-08-23 05:57: Train Epoch 18: 60/1641 Loss: 0.546324
2026-08-23 05:57: Train Epoch 18: 80/1641 Loss: 0.530182
2026-08-23 05:57: Train Epoch 18: 100/1641 Loss: 0.528335
2026-08-23 05:57: Train Epoch 18: 120/1641 Loss: 0.504968
2026-08-23 05:57: Train Epoch 18: 140/1641 Loss: 0.526976
2026-08-23 05:57: Train Epoch 18: 160/1641 Loss: 0.518641
2026-08-23 05:57: Train Epoch 18: 180/1641 Loss: 0.549474
2026-08-23 05:57: Train Epoch 18: 200/1641 Loss: 0.513309
2026-08-23 05:57: Train Epoch 18: 220/1641 Loss: 0.527100
2026-08-23 05:57: Train Epoch 18: 240/1641 Loss: 0.498005
2026-08-23 05:57: Train Epoch 18: 260/1641 Loss: 0.517308
2026-08-23 05:58: Train Epoch 18: 280/1641 Loss: 0.505793
2026-08-23 05:58: Train Epoch 18: 300/1641 Loss: 0.546917
2026-08-23 05:58: Train Epoch 18: 320/1641 Loss: 0.500128
2026-08-23 05:58: Train Epoch 18: 340/1641 Loss: 0.530196
2026-08-23 05:58: Train Epoch 18: 360/1641 Loss: 0.539377
2026-08-23 05:58: Train Epoch 18: 380/1641 Loss: 0.527931
2026-08-23 05:58: Train Epoch 18: 400/1641 Loss: 0.534031
2026-08-23 05:58: Train Epoch 18: 420/1641 Loss: 0.530300
2026-08-23 05:58: Train Epoch 18: 440/1641 Loss: 0.525746
2026-08-23 05:58: Train Epoch 18: 460/1641 Loss: 0.522702
2026-08-23 05:58: Train Epoch 18: 480/1641 Loss: 0.507184
2026-08-23 05:58: Train Epoch 18: 500/1641 Loss: 0.539618
2026-08-23 05:58: Train Epoch 18: 520/1641 Loss: 0.525829
2026-08-23 05:58: Train Epoch 18: 540/1641 Loss: 0.515712
2026-08-23 05:58: Train Epoch 18: 560/1641 Loss: 0.506335
2026-08-23 05:58: Train Epoch 18: 580/1641 Loss: 0.531873
2026-08-23 05:58: Train Epoch 18: 600/1641 Loss: 0.527558
2026-08-23 05:58: Train Epoch 18: 620/1641 Loss: 0.537588
2026-08-23 05:58: Train Epoch 18: 640/1641 Loss: 0.545648
2026-08-23 05:58: Train Epoch 18: 660/1641 Loss: 0.528823
2026-08-23 05:58: Train Epoch 18: 680/1641 Loss: 0.522892
2026-08-23 05:58: Train Epoch 18: 700/1641 Loss: 0.520125
2026-08-23 05:58: Train Epoch 18: 720/1641 Loss: 0.514892
2026-08-23 05:59: Train Epoch 18: 740/1641 Loss: 0.521991
2026-08-23 05:59: Train Epoch 18: 760/1641 Loss: 0.532758
2026-08-23 05:59: Train Epoch 18: 780/1641 Loss: 0.524896
2026-08-23 05:59: Train Epoch 18: 800/1641 Loss: 0.531894
2026-08-23 05:59: Train Epoch 18: 820/1641 Loss: 0.519005
2026-08-23 05:59: Train Epoch 18: 840/1641 Loss: 0.512508
2026-08-23 05:59: Train Epoch 18: 860/1641 Loss: 0.503609
2026-08-23 05:59: Train Epoch 18: 880/1641 Loss: 0.511655
2026-08-23 05:59: Train Epoch 18: 900/1641 Loss: 0.532537
2026-08-23 05:59: Train Epoch 18: 920/1641 Loss: 0.504373
2026-08-23 05:59: Train Epoch 18: 940/1641 Loss: 0.530637
2026-08-23 05:59: Train Epoch 18: 960/1641 Loss: 0.492353
2026-08-23 05:59: Train Epoch 18: 980/1641 Loss: 0.530278
2026-08-23 05:59: Train Epoch 18: 1000/1641 Loss: 0.509708
2026-08-23 05:59: Train Epoch 18: 1020/1641 Loss: 0.532216
2026-08-23 05:59: Train Epoch 18: 1040/1641 Loss: 0.524197
2026-08-23 05:59: Train Epoch 18: 1060/1641 Loss: 0.525762
2026-08-23 05:59: Train Epoch 18: 1080/1641 Loss: 0.524709
2026-08-23 05:59: Train Epoch 18: 1100/1641 Loss: 0.494560
2026-08-23 05:59: Train Epoch 18: 1120/1641 Loss: 0.543526
2026-08-23 05:59: Train Epoch 18: 1140/1641 Loss: 0.560059
2026-08-23 05:59: Train Epoch 18: 1160/1641 Loss: 0.512656
2026-08-23 06:00: Train Epoch 18: 1180/1641 Loss: 0.533812
2026-08-23 06:00: Train Epoch 18: 1200/1641 Loss: 0.536273
2026-08-23 06:00: Train Epoch 18: 1220/1641 Loss: 0.514365
2026-08-23 06:00: Train Epoch 18: 1240/1641 Loss: 0.523975
2026-08-23 06:00: Train Epoch 18: 1260/1641 Loss: 0.512532
2026-08-23 06:00: Train Epoch 18: 1280/1641 Loss: 0.511788
2026-08-23 06:00: Train Epoch 18: 1300/1641 Loss: 0.540635
2026-08-23 06:00: Train Epoch 18: 1320/1641 Loss: 0.506584
2026-08-23 06:00: Train Epoch 18: 1340/1641 Loss: 0.506714
2026-08-23 06:00: Train Epoch 18: 1360/1641 Loss: 0.525383
2026-08-23 06:00: Train Epoch 18: 1380/1641 Loss: 0.508498
2026-08-23 06:00: Train Epoch 18: 1400/1641 Loss: 0.527653
2026-08-23 06:00: Train Epoch 18: 1420/1641 Loss: 0.497568
2026-08-23 06:00: Train Epoch 18: 1440/1641 Loss: 0.510957
2026-08-23 06:00: Train Epoch 18: 1460/1641 Loss: 0.512040
2026-08-23 06:00: Train Epoch 18: 1480/1641 Loss: 0.499335
2026-08-23 06:00: Train Epoch 18: 1500/1641 Loss: 0.520612
2026-08-23 06:00: Train Epoch 18: 1520/1641 Loss: 0.484140
2026-08-23 06:00: Train Epoch 18: 1540/1641 Loss: 0.526912
2026-08-23 06:00: Train Epoch 18: 1560/1641 Loss: 0.512268
2026-08-23 06:00: Train Epoch 18: 1580/1641 Loss: 0.511932
2026-08-23 06:00: Train Epoch 18: 1600/1641 Loss: 0.545085
2026-08-23 06:00: Train Epoch 18: 1620/1641 Loss: 0.537851
2026-08-23 06:01: Train Epoch 18: 1640/1641 Loss: 0.524083
2026-08-23 06:01: **********Train Epoch 18: averaged Loss: 0.524007, tf_ratio: 1.000000
2026-08-23 06:01: **********Val Epoch 18: average Loss: 0.670326
2026-08-23 06:01: Train Epoch 19: 0/1641 Loss: 0.503491
2026-08-23 06:01: Train Epoch 19: 20/1641 Loss: 0.514726
2026-08-23 06:01: Train Epoch 19: 40/1641 Loss: 0.521120
2026-08-23 06:01: Train Epoch 19: 60/1641 Loss: 0.531402
2026-08-23 06:01: Train Epoch 19: 80/1641 Loss: 0.517998
2026-08-23 06:01: Train Epoch 19: 100/1641 Loss: 0.537491
2026-08-23 06:01: Train Epoch 19: 120/1641 Loss: 0.515969
2026-08-23 06:01: Train Epoch 19: 140/1641 Loss: 0.528387
2026-08-23 06:01: Train Epoch 19: 160/1641 Loss: 0.525785
2026-08-23 06:01: Train Epoch 19: 180/1641 Loss: 0.505718
2026-08-23 06:01: Train Epoch 19: 200/1641 Loss: 0.527237
2026-08-23 06:01: Train Epoch 19: 220/1641 Loss: 0.544701
2026-08-23 06:01: Train Epoch 19: 240/1641 Loss: 0.525598
2026-08-23 06:01: Train Epoch 19: 260/1641 Loss: 0.525168
2026-08-23 06:02: Train Epoch 19: 280/1641 Loss: 0.529115
2026-08-23 06:02: Train Epoch 19: 300/1641 Loss: 0.532122
2026-08-23 06:02: Train Epoch 19: 320/1641 Loss: 0.528345
2026-08-23 06:02: Train Epoch 19: 340/1641 Loss: 0.528575
2026-08-23 06:02: Train Epoch 19: 360/1641 Loss: 0.525231
2026-08-23 06:02: Train Epoch 19: 380/1641 Loss: 0.519283
2026-08-23 06:02: Train Epoch 19: 400/1641 Loss: 0.501772
2026-08-23 06:02: Train Epoch 19: 420/1641 Loss: 0.510122
2026-08-23 06:02: Train Epoch 19: 440/1641 Loss: 0.508469
2026-08-23 06:02: Train Epoch 19: 460/1641 Loss: 0.523050
2026-08-23 06:02: Train Epoch 19: 480/1641 Loss: 0.530019
2026-08-23 06:02: Train Epoch 19: 500/1641 Loss: 0.533313
2026-08-23 06:02: Train Epoch 19: 520/1641 Loss: 0.500734
2026-08-23 06:02: Train Epoch 19: 540/1641 Loss: 0.512749
2026-08-23 06:02: Train Epoch 19: 560/1641 Loss: 0.531647
2026-08-23 06:02: Train Epoch 19: 580/1641 Loss: 0.542458
2026-08-23 06:02: Train Epoch 19: 600/1641 Loss: 0.493856
2026-08-23 06:02: Train Epoch 19: 620/1641 Loss: 0.517247
2026-08-23 06:02: Train Epoch 19: 640/1641 Loss: 0.505023
2026-08-23 06:02: Train Epoch 19: 660/1641 Loss: 0.509039
2026-08-23 06:02: Train Epoch 19: 680/1641 Loss: 0.501389
2026-08-23 06:02: Train Epoch 19: 700/1641 Loss: 0.494430
2026-08-23 06:02: Train Epoch 19: 720/1641 Loss: 0.511548
2026-08-23 06:03: Train Epoch 19: 740/1641 Loss: 0.512679
2026-08-23 06:03: Train Epoch 19: 760/1641 Loss: 0.505000
2026-08-23 06:03: Train Epoch 19: 780/1641 Loss: 0.515340
2026-08-23 06:03: Train Epoch 19: 800/1641 Loss: 0.513505
2026-08-23 06:03: Train Epoch 19: 820/1641 Loss: 0.484080
2026-08-23 06:03: Train Epoch 19: 840/1641 Loss: 0.500305
2026-08-23 06:03: Train Epoch 19: 860/1641 Loss: 0.506353
2026-08-23 06:03: Train Epoch 19: 880/1641 Loss: 0.504368
2026-08-23 06:03: Train Epoch 19: 900/1641 Loss: 0.520610
2026-08-23 06:03: Train Epoch 19: 920/1641 Loss: 0.517345
2026-08-23 06:03: Train Epoch 19: 940/1641 Loss: 0.519686
2026-08-23 06:03: Train Epoch 19: 960/1641 Loss: 0.516274
2026-08-23 06:03: Train Epoch 19: 980/1641 Loss: 0.526402
2026-08-23 06:03: Train Epoch 19: 1000/1641 Loss: 0.505060
2026-08-23 06:03: Train Epoch 19: 1020/1641 Loss: 0.509714
2026-08-23 06:03: Train Epoch 19: 1040/1641 Loss: 0.499988
2026-08-23 06:03: Train Epoch 19: 1060/1641 Loss: 0.514151
2026-08-23 06:03: Train Epoch 19: 1080/1641 Loss: 0.514351
2026-08-23 06:03: Train Epoch 19: 1100/1641 Loss: 0.505584
2026-08-23 06:03: Train Epoch 19: 1120/1641 Loss: 0.512615
2026-08-23 06:03: Train Epoch 19: 1140/1641 Loss: 0.539407
2026-08-23 06:03: Train Epoch 19: 1160/1641 Loss: 0.522072
2026-08-23 06:04: Train Epoch 19: 1180/1641 Loss: 0.513303
2026-08-23 06:04: Train Epoch 19: 1200/1641 Loss: 0.504106
2026-08-23 06:04: Train Epoch 19: 1220/1641 Loss: 0.499623
2026-08-23 06:04: Train Epoch 19: 1240/1641 Loss: 0.499021
2026-08-23 06:04: Train Epoch 19: 1260/1641 Loss: 0.513530
2026-08-23 06:04: Train Epoch 19: 1280/1641 Loss: 0.533724
2026-08-23 06:04: Train Epoch 19: 1300/1641 Loss: 0.533479
2026-08-23 06:04: Train Epoch 19: 1320/1641 Loss: 0.522907
2026-08-23 06:04: Train Epoch 19: 1340/1641 Loss: 0.518464
2026-08-23 06:04: Train Epoch 19: 1360/1641 Loss: 0.517393
2026-08-23 06:04: Train Epoch 19: 1380/1641 Loss: 0.502516
2026-08-23 06:04: Train Epoch 19: 1400/1641 Loss: 0.507451
2026-08-23 06:04: Train Epoch 19: 1420/1641 Loss: 0.537538
2026-08-23 06:04: Train Epoch 19: 1440/1641 Loss: 0.511562
2026-08-23 06:04: Train Epoch 19: 1460/1641 Loss: 0.530566
2026-08-23 06:04: Train Epoch 19: 1480/1641 Loss: 0.527058
2026-08-23 06:04: Train Epoch 19: 1500/1641 Loss: 0.499827
2026-08-23 06:04: Train Epoch 19: 1520/1641 Loss: 0.524639
2026-08-23 06:04: Train Epoch 19: 1540/1641 Loss: 0.520482
2026-08-23 06:04: Train Epoch 19: 1560/1641 Loss: 0.499707
2026-08-23 06:04: Train Epoch 19: 1580/1641 Loss: 0.494569
2026-08-23 06:04: Train Epoch 19: 1600/1641 Loss: 0.532029
2026-08-23 06:05: Train Epoch 19: 1620/1641 Loss: 0.502310
2026-08-23 06:05: Train Epoch 19: 1640/1641 Loss: 0.531362
2026-08-23 06:05: **********Train Epoch 19: averaged Loss: 0.519561, tf_ratio: 1.000000
2026-08-23 06:05: **********Val Epoch 19: average Loss: 0.670102
2026-08-23 06:05: Train Epoch 20: 0/1641 Loss: 0.522340
2026-08-23 06:05: Train Epoch 20: 20/1641 Loss: 0.522527
2026-08-23 06:05: Train Epoch 20: 40/1641 Loss: 0.542491
2026-08-23 06:05: Train Epoch 20: 60/1641 Loss: 0.525663
2026-08-23 06:05: Train Epoch 20: 80/1641 Loss: 0.471972
2026-08-23 06:05: Train Epoch 20: 100/1641 Loss: 0.541386
2026-08-23 06:05: Train Epoch 20: 120/1641 Loss: 0.503180
2026-08-23 06:05: Train Epoch 20: 140/1641 Loss: 0.530761
2026-08-23 06:05: Train Epoch 20: 160/1641 Loss: 0.501171
2026-08-23 06:05: Train Epoch 20: 180/1641 Loss: 0.541368
2026-08-23 06:05: Train Epoch 20: 200/1641 Loss: 0.519506
2026-08-23 06:05: Train Epoch 20: 220/1641 Loss: 0.509885
2026-08-23 06:05: Train Epoch 20: 240/1641 Loss: 0.543262
2026-08-23 06:06: Train Epoch 20: 260/1641 Loss: 0.533692
2026-08-23 06:06: Train Epoch 20: 280/1641 Loss: 0.523687
2026-08-23 06:06: Train Epoch 20: 300/1641 Loss: 0.512432
2026-08-23 06:06: Train Epoch 20: 320/1641 Loss: 0.513895
2026-08-23 06:06: Train Epoch 20: 340/1641 Loss: 0.519778
2026-08-23 06:06: Train Epoch 20: 360/1641 Loss: 0.513185
2026-08-23 06:06: Train Epoch 20: 380/1641 Loss: 0.509612
2026-08-23 06:06: Train Epoch 20: 400/1641 Loss: 0.522255
2026-08-23 06:06: Train Epoch 20: 420/1641 Loss: 0.501434
2026-08-23 06:06: Train Epoch 20: 440/1641 Loss: 0.515794
2026-08-23 06:06: Train Epoch 20: 460/1641 Loss: 0.509268
2026-08-23 06:06: Train Epoch 20: 480/1641 Loss: 0.497169
2026-08-23 06:06: Train Epoch 20: 500/1641 Loss: 0.528777
2026-08-23 06:06: Train Epoch 20: 520/1641 Loss: 0.526441
2026-08-23 06:06: Train Epoch 20: 540/1641 Loss: 0.531868
2026-08-23 06:06: Train Epoch 20: 560/1641 Loss: 0.518384
2026-08-23 06:06: Train Epoch 20: 580/1641 Loss: 0.513670
2026-08-23 06:06: Train Epoch 20: 600/1641 Loss: 0.530500
2026-08-23 06:06: Train Epoch 20: 620/1641 Loss: 0.492086
2026-08-23 06:06: Train Epoch 20: 640/1641 Loss: 0.520576
2026-08-23 06:06: Train Epoch 20: 660/1641 Loss: 0.526597
2026-08-23 06:06: Train Epoch 20: 680/1641 Loss: 0.518928
2026-08-23 06:06: Train Epoch 20: 700/1641 Loss: 0.511826
2026-08-23 06:07: Train Epoch 20: 720/1641 Loss: 0.511246
2026-08-23 06:07: Train Epoch 20: 740/1641 Loss: 0.501246
2026-08-23 06:07: Train Epoch 20: 760/1641 Loss: 0.535074
2026-08-23 06:07: Train Epoch 20: 780/1641 Loss: 0.528543
2026-08-23 06:07: Train Epoch 20: 800/1641 Loss: 0.509518
2026-08-23 06:07: Train Epoch 20: 820/1641 Loss: 0.505371
2026-08-23 06:07: Train Epoch 20: 840/1641 Loss: 0.529519
2026-08-23 06:07: Train Epoch 20: 860/1641 Loss: 0.515730
2026-08-23 06:07: Train Epoch 20: 880/1641 Loss: 0.518483
2026-08-23 06:07: Train Epoch 20: 900/1641 Loss: 0.530267
2026-08-23 06:07: Train Epoch 20: 920/1641 Loss: 0.510885
2026-08-23 06:07: Train Epoch 20: 940/1641 Loss: 0.508314
2026-08-23 06:07: Train Epoch 20: 960/1641 Loss: 0.503841
2026-08-23 06:07: Train Epoch 20: 980/1641 Loss: 0.500640
2026-08-23 06:07: Train Epoch 20: 1000/1641 Loss: 0.515903
2026-08-23 06:07: Train Epoch 20: 1020/1641 Loss: 0.517659
2026-08-23 06:07: Train Epoch 20: 1040/1641 Loss: 0.513028
2026-08-23 06:07: Train Epoch 20: 1060/1641 Loss: 0.521341
2026-08-23 06:07: Train Epoch 20: 1080/1641 Loss: 0.522716
2026-08-23 06:07: Train Epoch 20: 1100/1641 Loss: 0.518876
2026-08-23 06:07: Train Epoch 20: 1120/1641 Loss: 0.532230
2026-08-23 06:07: Train Epoch 20: 1140/1641 Loss: 0.522975
2026-08-23 06:07: Train Epoch 20: 1160/1641 Loss: 0.515794
2026-08-23 06:08: Train Epoch 20: 1180/1641 Loss: 0.529070
2026-08-23 06:08: Train Epoch 20: 1200/1641 Loss: 0.514123
2026-08-23 06:08: Train Epoch 20: 1220/1641 Loss: 0.514502
2026-08-23 06:08: Train Epoch 20: 1240/1641 Loss: 0.511735
2026-08-23 06:08: Train Epoch 20: 1260/1641 Loss: 0.525683
2026-08-23 06:08: Train Epoch 20: 1280/1641 Loss: 0.512874
2026-08-23 06:08: Train Epoch 20: 1300/1641 Loss: 0.527573
2026-08-23 06:08: Train Epoch 20: 1320/1641 Loss: 0.498020
2026-08-23 06:08: Train Epoch 20: 1340/1641 Loss: 0.510348
2026-08-23 06:08: Train Epoch 20: 1360/1641 Loss: 0.516758
2026-08-23 06:08: Train Epoch 20: 1380/1641 Loss: 0.501819
2026-08-23 06:08: Train Epoch 20: 1400/1641 Loss: 0.525523
2026-08-23 06:08: Train Epoch 20: 1420/1641 Loss: 0.522794
2026-08-23 06:08: Train Epoch 20: 1440/1641 Loss: 0.508217
2026-08-23 06:08: Train Epoch 20: 1460/1641 Loss: 0.512525
2026-08-23 06:08: Train Epoch 20: 1480/1641 Loss: 0.504497
2026-08-23 06:08: Train Epoch 20: 1500/1641 Loss: 0.529327
2026-08-23 06:08: Train Epoch 20: 1520/1641 Loss: 0.535529
2026-08-23 06:08: Train Epoch 20: 1540/1641 Loss: 0.530721
2026-08-23 06:08: Train Epoch 20: 1560/1641 Loss: 0.512605
2026-08-23 06:08: Train Epoch 20: 1580/1641 Loss: 0.519309
2026-08-23 06:08: Train Epoch 20: 1600/1641 Loss: 0.519746
2026-08-23 06:09: Train Epoch 20: 1620/1641 Loss: 0.531428
2026-08-23 06:09: Train Epoch 20: 1640/1641 Loss: 0.501881
2026-08-23 06:09: **********Train Epoch 20: averaged Loss: 0.515767, tf_ratio: 1.000000
2026-08-23 06:09: **********Val Epoch 20: average Loss: 0.669417
2026-08-23 06:09: Validation performance didn't improve for 15 epochs. Training stops.
2026-08-23 06:09: Total training time: 79.5602min, best loss: 0.647665
2026-08-23 06:09: Saving current best model to /scratch/chkkar002/Diffusion_Based_STGNNs/RealValue/AGCRN/model/experiments/SAWS/20260823044947/best_model.pth
2026-08-23 06:09: Horizon 01, MAE: 0.39, RMSE: 0.73, MAPE: 366.7887%
2026-08-23 06:09: Horizon 02, MAE: 0.48, RMSE: 0.80, MAPE: 452.2214%
2026-08-23 06:09: Horizon 03, MAE: 0.53, RMSE: 0.82, MAPE: 481.5507%
2026-08-23 06:09: Horizon 04, MAE: 0.56, RMSE: 0.85, MAPE: 493.8512%
2026-08-23 06:09: Horizon 05, MAE: 0.58, RMSE: 0.87, MAPE: 501.0882%
2026-08-23 06:09: Horizon 06, MAE: 0.59, RMSE: 0.88, MAPE: 511.0291%
2026-08-23 06:09: Horizon 07, MAE: 0.60, RMSE: 0.89, MAPE: 519.5001%
2026-08-23 06:09: Horizon 08, MAE: 0.61, RMSE: 0.90, MAPE: 528.6814%
2026-08-23 06:09: Horizon 09, MAE: 0.62, RMSE: 0.91, MAPE: 536.8569%
2026-08-23 06:09: Horizon 10, MAE: 0.62, RMSE: 0.91, MAPE: 544.5289%
2026-08-23 06:09: Horizon 11, MAE: 0.63, RMSE: 0.92, MAPE: 542.4594%
2026-08-23 06:09: Horizon 12, MAE: 0.63, RMSE: 0.92, MAPE: 538.2521%
2026-08-23 06:09: Horizon 13, MAE: 0.64, RMSE: 0.92, MAPE: 537.3242%
2026-08-23 06:09: Horizon 14, MAE: 0.64, RMSE: 0.92, MAPE: 526.7075%
2026-08-23 06:09: Horizon 15, MAE: 0.65, RMSE: 0.92, MAPE: 524.9698%
2026-08-23 06:09: Horizon 16, MAE: 0.65, RMSE: 0.93, MAPE: 524.8094%
2026-08-23 06:09: Horizon 17, MAE: 0.65, RMSE: 0.93, MAPE: 526.9894%
2026-08-23 06:09: Horizon 18, MAE: 0.66, RMSE: 0.93, MAPE: 521.4910%
2026-08-23 06:09: Horizon 19, MAE: 0.66, RMSE: 0.93, MAPE: 514.6271%
2026-08-23 06:09: Horizon 20, MAE: 0.66, RMSE: 0.93, MAPE: 514.1953%
2026-08-23 06:09: Horizon 21, MAE: 0.67, RMSE: 0.93, MAPE: 516.1869%
2026-08-23 06:09: Horizon 22, MAE: 0.67, RMSE: 0.94, MAPE: 522.2526%
2026-08-23 06:09: Horizon 23, MAE: 0.67, RMSE: 0.94, MAPE: 521.4120%
2026-08-23 06:09: Horizon 24, MAE: 0.68, RMSE: 0.94, MAPE: 519.1425%
2026-08-23 06:09: Horizon 25, MAE: 0.69, RMSE: 0.95, MAPE: 526.1176%
2026-08-23 06:09: Horizon 26, MAE: 0.69, RMSE: 0.95, MAPE: 535.8711%
2026-08-23 06:09: Horizon 27, MAE: 0.70, RMSE: 0.96, MAPE: 547.2251%
2026-08-23 06:09: Horizon 28, MAE: 0.70, RMSE: 0.96, MAPE: 552.2477%
2026-08-23 06:09: Horizon 29, MAE: 0.71, RMSE: 0.96, MAPE: 550.8193%
2026-08-23 06:09: Horizon 30, MAE: 0.71, RMSE: 0.97, MAPE: 545.5352%
2026-08-23 06:09: Horizon 31, MAE: 0.71, RMSE: 0.97, MAPE: 542.9413%
2026-08-23 06:09: Horizon 32, MAE: 0.71, RMSE: 0.97, MAPE: 537.0457%
2026-08-23 06:09: Horizon 33, MAE: 0.71, RMSE: 0.97, MAPE: 533.4937%
2026-08-23 06:09: Horizon 34, MAE: 0.72, RMSE: 0.97, MAPE: 535.0652%
2026-08-23 06:09: Horizon 35, MAE: 0.72, RMSE: 0.97, MAPE: 529.6415%
2026-08-23 06:09: Horizon 36, MAE: 0.72, RMSE: 0.97, MAPE: 523.7191%
2026-08-23 06:09: Horizon 37, MAE: 0.72, RMSE: 0.97, MAPE: 511.8626%
2026-08-23 06:09: Horizon 38, MAE: 0.72, RMSE: 0.97, MAPE: 517.4006%
2026-08-23 06:09: Horizon 39, MAE: 0.72, RMSE: 0.97, MAPE: 510.3564%
2026-08-23 06:09: Horizon 40, MAE: 0.72, RMSE: 0.97, MAPE: 514.3427%
2026-08-23 06:09: Horizon 41, MAE: 0.72, RMSE: 0.97, MAPE: 517.5773%
2026-08-23 06:09: Horizon 42, MAE: 0.72, RMSE: 0.98, MAPE: 514.7110%
2026-08-23 06:09: Horizon 43, MAE: 0.72, RMSE: 0.97, MAPE: 516.3144%
2026-08-23 06:09: Horizon 44, MAE: 0.72, RMSE: 0.97, MAPE: 519.2358%
2026-08-23 06:09: Horizon 45, MAE: 0.73, RMSE: 0.98, MAPE: 528.4728%
2026-08-23 06:09: Horizon 46, MAE: 0.73, RMSE: 0.97, MAPE: 526.4331%
2026-08-23 06:09: Horizon 47, MAE: 0.73, RMSE: 0.97, MAPE: 523.7360%
2026-08-23 06:09: Horizon 48, MAE: 0.73, RMSE: 0.98, MAPE: 527.9630%
2026-08-23 06:09: Average Horizon, MAE: 0.66, RMSE: 0.94, MAPE: 520.3132%
2026-08-23 06:09: Horizon 01, MAE: 45.91, RMSE: 85.10, MAPE: 452.0606%
2026-08-23 06:09: Horizon 02, MAE: 56.17, RMSE: 93.26, MAPE: 511.8779%
2026-08-23 06:09: Horizon 03, MAE: 62.20, RMSE: 96.34, MAPE: 418.5493%
2026-08-23 06:09: Horizon 04, MAE: 65.55, RMSE: 99.76, MAPE: 366.8577%
2026-08-23 06:09: Horizon 05, MAE: 67.58, RMSE: 101.96, MAPE: 372.8725%
2026-08-23 06:09: Horizon 06, MAE: 69.06, RMSE: 103.30, MAPE: 405.2275%
2026-08-23 06:09: Horizon 07, MAE: 70.20, RMSE: 104.45, MAPE: 381.7729%
2026-08-23 06:09: Horizon 08, MAE: 71.08, RMSE: 105.21, MAPE: 363.2062%
2026-08-23 06:09: Horizon 09, MAE: 71.87, RMSE: 105.97, MAPE: 353.6852%
2026-08-23 06:09: Horizon 10, MAE: 72.71, RMSE: 106.63, MAPE: 337.7696%
2026-08-23 06:09: Horizon 11, MAE: 73.37, RMSE: 106.96, MAPE: 330.6404%
2026-08-23 06:09: Horizon 12, MAE: 73.90, RMSE: 107.21, MAPE: 340.8228%
2026-08-23 06:09: Horizon 13, MAE: 74.42, RMSE: 107.53, MAPE: 337.7187%
2026-08-23 06:09: Horizon 14, MAE: 74.90, RMSE: 107.65, MAPE: 338.0538%
2026-08-23 06:09: Horizon 15, MAE: 75.37, RMSE: 107.96, MAPE: 337.9785%
2026-08-23 06:09: Horizon 16, MAE: 75.88, RMSE: 108.20, MAPE: 341.1617%
2026-08-23 06:09: Horizon 17, MAE: 76.29, RMSE: 108.52, MAPE: 336.2898%
2026-08-23 06:09: Horizon 18, MAE: 76.61, RMSE: 108.72, MAPE: 331.7263%
2026-08-23 06:09: Horizon 19, MAE: 76.97, RMSE: 108.84, MAPE: 328.0497%
2026-08-23 06:09: Horizon 20, MAE: 77.31, RMSE: 109.01, MAPE: 328.3822%
2026-08-23 06:09: Horizon 21, MAE: 77.71, RMSE: 109.23, MAPE: 325.0838%
2026-08-23 06:09: Horizon 22, MAE: 78.12, RMSE: 109.49, MAPE: 326.7853%
2026-08-23 06:09: Horizon 23, MAE: 78.62, RMSE: 109.67, MAPE: 336.1186%
2026-08-23 06:09: Horizon 24, MAE: 79.35, RMSE: 109.82, MAPE: 350.0377%
2026-08-23 06:09: Horizon 25, MAE: 80.18, RMSE: 110.46, MAPE: 351.0654%
2026-08-23 06:09: Horizon 26, MAE: 80.86, RMSE: 111.25, MAPE: 335.9983%
2026-08-23 06:09: Horizon 27, MAE: 81.54, RMSE: 111.79, MAPE: 322.4337%
2026-08-23 06:09: Horizon 28, MAE: 82.03, RMSE: 112.25, MAPE: 322.5378%
2026-08-23 06:09: Horizon 29, MAE: 82.39, RMSE: 112.68, MAPE: 314.0934%
2026-08-23 06:09: Horizon 30, MAE: 82.68, RMSE: 113.02, MAPE: 315.9558%
2026-08-23 06:09: Horizon 31, MAE: 82.99, RMSE: 113.12, MAPE: 321.4836%
2026-08-23 06:09: Horizon 32, MAE: 83.34, RMSE: 113.11, MAPE: 322.4254%
2026-08-23 06:09: Horizon 33, MAE: 83.48, RMSE: 113.25, MAPE: 318.7350%
2026-08-23 06:09: Horizon 34, MAE: 83.67, RMSE: 113.52, MAPE: 317.3288%
2026-08-23 06:09: Horizon 35, MAE: 83.88, RMSE: 113.59, MAPE: 317.3852%
2026-08-23 06:09: Horizon 36, MAE: 83.97, RMSE: 113.57, MAPE: 321.1580%
2026-08-23 06:09: Horizon 37, MAE: 84.05, RMSE: 113.51, MAPE: 328.8878%
2026-08-23 06:09: Horizon 38, MAE: 84.10, RMSE: 113.68, MAPE: 344.0016%
2026-08-23 06:09: Horizon 39, MAE: 84.15, RMSE: 113.64, MAPE: 348.6063%
2026-08-23 06:09: Horizon 40, MAE: 84.36, RMSE: 113.71, MAPE: 357.7394%
2026-08-23 06:09: Horizon 41, MAE: 84.36, RMSE: 113.79, MAPE: 357.6240%
2026-08-23 06:09: Horizon 42, MAE: 84.45, RMSE: 113.93, MAPE: 360.7352%
2026-08-23 06:09: Horizon 43, MAE: 84.48, RMSE: 113.87, MAPE: 361.1015%
2026-08-23 06:09: Horizon 44, MAE: 84.61, RMSE: 113.91, MAPE: 360.4421%
2026-08-23 06:09: Horizon 45, MAE: 84.81, RMSE: 114.06, MAPE: 348.2694%
2026-08-23 06:09: Horizon 46, MAE: 84.85, RMSE: 113.90, MAPE: 337.3997%
2026-08-23 06:09: Horizon 47, MAE: 85.00, RMSE: 113.85, MAPE: 323.0834%
2026-08-23 06:09: Horizon 48, MAE: 85.28, RMSE: 113.96, MAPE: 329.1064%
2026-08-23 06:09: Average Horizon, MAE: 77.64, RMSE: 109.29, MAPE: 347.7144%
2026-08-23 06:09: VPT (threshold=0.50): mean=0.28 steps, median=0.00, std=0.59, range=[0, 7]
wandb: updating run metadata
wandb: uploading output.log; uploading wandb-summary.json; uploading config.yaml
wandb: uploading output.log; uploading wandb-summary.json
wandb: uploading output.log
wandb: uploading data
wandb: 
wandb: Run history:
wandb:          epoch ▁▁▁▁▂▂▂▂▂▂▃▃▃▃▄▄▄▄▄▄▅▅▅▅▅▅▆▆▆▆▇▇▇▇▇▇████
wandb:     train/loss █▆▅▅▄▄▄▃▃▃▃▂▂▂▂▂▁▁▁▁
wandb: train/tf_ratio ▁▁▁▁▁▁▁▁▁▁▁▁▁▁▁▁▁▁▁▁
wandb:       val/loss █▄▂▁▁▁▁▂▂▂▃▄▄▅▅▅▄▅▅▅
wandb: 
wandb: Run summary:
wandb:     best_val_loss 0.64767
wandb:             epoch 20
wandb:      test_vpt_max 7
wandb:     test_vpt_mean 0.27521
wandb:   test_vpt_median 0
wandb:      test_vpt_min 0
wandb:      test_vpt_std 0.59408
wandb:        train/loss 0.51577
wandb:    train/tf_ratio 1
wandb: training_time_min 79.56018
wandb:                +1 ...
wandb: 
wandb: 🚀 View run AGCRN_WindSp at: https://wandb.ai/chkkar002-university-of-cape-town/stgnn-weather/runs/vl20lomm
wandb: ⭐️ View project at: https://wandb.ai/chkkar002-university-of-cape-town/stgnn-weather
wandb: Synced 5 W&B file(s), 0 media file(s), 0 artifact file(s) and 0 other file(s)
wandb: Find logs at: ./wandb/run-20260823_044948-vl20lomm/logs
/scratch/chkkar002/Diffusion_Based_STGNNs/RealValue/AGCRN
Read configuration file: ./SAWS_AGCRN.conf
*****************Model Parameter*****************
node_embeddings torch.Size([32, 30]) True
encoder.dcrnn_cells.0.gate.weights_pool torch.Size([30, 2, 65, 128]) True
encoder.dcrnn_cells.0.gate.bias_pool torch.Size([30, 128]) True
encoder.dcrnn_cells.0.update.weights_pool torch.Size([30, 2, 65, 64]) True
encoder.dcrnn_cells.0.update.bias_pool torch.Size([30, 64]) True
encoder.dcrnn_cells.1.gate.weights_pool torch.Size([30, 2, 128, 128]) True
encoder.dcrnn_cells.1.gate.bias_pool torch.Size([30, 128]) True
encoder.dcrnn_cells.1.update.weights_pool torch.Size([30, 2, 128, 64]) True
encoder.dcrnn_cells.1.update.bias_pool torch.Size([30, 64]) True
end_conv.weight torch.Size([48, 1, 1, 64]) True
end_conv.bias torch.Size([48]) True
Total params num: 2238960
*****************Finish Parameter****************
Load SAWS Dataset shaped:  (87672, 32, 1) 360.0 0.0 149.65622 130.0
Normalize the dataset by Standard Normalization
[[[-0.5106117 ]
  [ 0.43090436]
  [-0.42501935]
  ...
  [ 1.030051  ]
  [-1.280943  ]
  [ 1.5436052 ]]

 [[-0.16824225]
  [ 0.43090436]
  [-0.42501935]
  ...
  [ 1.030051  ]
  [-1.1953508 ]
  [ 1.5436052 ]]

 [[-1.280943  ]
  [ 0.345312  ]
  [-0.5106117 ]
  ...
  [ 1.286828  ]
  [-1.1097584 ]
  [-1.024166  ]]

 ...

 [[-0.5106117 ]
  [ 1.1156434 ]
  [-0.5962041 ]
  ...
  [-0.42501935]
  [-0.40438238]
  [ 1.3724204 ]]

 [[-0.339427  ]
  [ 0.6876815 ]
  [-0.5962041 ]
  ...
  [-0.16824225]
  [-0.37044436]
  [ 1.2012358 ]]

 [[-0.339427  ]
  [-0.08264987]
  [-0.5962041 ]
  ...
  [-0.2538346 ]
  [-0.18086274]
  [-0.16824225]]]
[[[-0.5106117 ]
  [-0.08264987]
  [-0.5962041 ]
  ...
  [-0.16824225]
  [-0.6732241 ]
  [-0.5106117 ]]

 [[-0.6817965 ]
  [ 0.08853487]
  [-0.5962041 ]
  ...
  [-0.2538346 ]
  [-0.43779486]
  [-0.5962041 ]]

 [[-0.5962041 ]
  [-0.16824225]
  [-0.5962041 ]
  ...
  [-0.2538346 ]
  [-1.204972  ]
  [-0.9385736 ]]

 ...

 [[-0.08264987]
  [-0.39652812]
  [-0.5106117 ]
  ...
  [ 0.345312  ]
  [ 0.0029425 ]
  [-1.280943  ]]

 [[-0.2538346 ]
  [-0.18526694]
  [-0.5106117 ]
  ...
  [ 0.2597196 ]
  [ 0.0029425 ]
  [-1.280943  ]]

 [[-0.2538346 ]
  [-0.03387674]
  [-0.5106117 ]
  ...
  [ 0.345312  ]
  [-0.16824225]
  [-0.16824225]]]
[[[-0.16824225]
  [-0.09316059]
  [-0.6817965 ]
  ...
  [ 0.2597196 ]
  [-0.2538346 ]
  [ 0.5164967 ]]

 [[-0.2538346 ]
  [-0.1381133 ]
  [-0.8529812 ]
  ...
  [ 0.2597196 ]
  [-0.339427  ]
  [ 0.6876815 ]]

 [[-0.16824225]
  [-0.24466044]
  [-1.024166  ]
  ...
  [-0.16824225]
  [-0.2538346 ]
  [ 0.6020891 ]]

 ...

 [[ 0.9444586 ]
  [-0.6817965 ]
  [-0.339427  ]
  ...
  [ 1.694559  ]
  [ 0.0029425 ]
  [-1.280943  ]]

 [[-1.280943  ]
  [-1.024166  ]
  [-0.42501935]
  ...
  [ 1.6260344 ]
  [-1.280943  ]
  [-1.280943  ]]

 [[-1.280943  ]
  [-0.5106117 ]
  [-0.339427  ]
  ...
  [ 1.2652082 ]
  [-1.280943  ]
  [-1.280943  ]]]
Train:  (52533, 24, 32, 1) (52533, 48, 32, 1)
Val:  (17463, 24, 32, 1) (17463, 48, 32, 1)
Test:  (17463, 24, 32, 1) (17463, 48, 32, 1)
mae
Creat Log File in:  /scratch/chkkar002/Diffusion_Based_STGNNs/RealValue/AGCRN/model/experiments/SAWS/20260823044947/run.log
=================================================================
Running Run.py | Seed: 3
=================================================================
/scratch/chkkar002/Diffusion_Based_STGNNs/RealValue/AGCRN/lib/dataloader.py:80: UserWarning: The torch.cuda.*DtypeTensor constructors are no longer recommended. It's best to use methods such as torch.tensor(data, dtype=*, device='cuda') to create tensors. (Triggered internally at /pytorch/torch/csrc/tensor/python_tensor.cpp:78.)
  X, Y = TensorFloat(X), TensorFloat(Y)
wandb: [wandb.login()] Loaded credentials for https://api.wandb.ai from /home/chkkar002/.netrc.
wandb: Currently logged in as: chkkar002 (chkkar002-university-of-cape-town) to https://api.wandb.ai. Use `wandb login --relogin` to force relogin
wandb: WARNING Using a boolean value for 'reinit' is deprecated. Use 'return_previous' or 'finish_previous' instead.
wandb: setting up run uaqlw8zk
wandb: Tracking run with wandb version 0.26.1
wandb: Run data is saved locally in /scratch/chkkar002/Diffusion_Based_STGNNs/RealValue/AGCRN/model/wandb/run-20260823_060957-uaqlw8zk
wandb: Run `wandb offline` to turn off syncing.
wandb: Syncing run AGCRN_WindSp
wandb: ⭐️ View project at https://wandb.ai/chkkar002-university-of-cape-town/stgnn-weather
wandb: 🚀 View run at https://wandb.ai/chkkar002-university-of-cape-town/stgnn-weather/runs/uaqlw8zk
2026-08-23 06:09: Experiment log path in: /scratch/chkkar002/Diffusion_Based_STGNNs/RealValue/AGCRN/model/experiments/SAWS/20260823060957
2026-08-23 06:10: Train Epoch 1: 0/1641 Loss: 1.006889
2026-08-23 06:10: Train Epoch 1: 20/1641 Loss: 0.945663
2026-08-23 06:10: Train Epoch 1: 40/1641 Loss: 0.927428
2026-08-23 06:10: Train Epoch 1: 60/1641 Loss: 0.819233
2026-08-23 06:10: Train Epoch 1: 80/1641 Loss: 0.802757
2026-08-23 06:10: Train Epoch 1: 100/1641 Loss: 0.830718
2026-08-23 06:10: Train Epoch 1: 120/1641 Loss: 0.770175
2026-08-23 06:10: Train Epoch 1: 140/1641 Loss: 0.796238
2026-08-23 06:10: Train Epoch 1: 160/1641 Loss: 0.795935
2026-08-23 06:10: Train Epoch 1: 180/1641 Loss: 0.783570
2026-08-23 06:10: Train Epoch 1: 200/1641 Loss: 0.788211
2026-08-23 06:10: Train Epoch 1: 220/1641 Loss: 0.808471
2026-08-23 06:10: Train Epoch 1: 240/1641 Loss: 0.802029
2026-08-23 06:10: Train Epoch 1: 260/1641 Loss: 0.781774
2026-08-23 06:10: Train Epoch 1: 280/1641 Loss: 0.755151
2026-08-23 06:10: Train Epoch 1: 300/1641 Loss: 0.784905
2026-08-23 06:10: Train Epoch 1: 320/1641 Loss: 0.761537
2026-08-23 06:10: Train Epoch 1: 340/1641 Loss: 0.751136
2026-08-23 06:10: Train Epoch 1: 360/1641 Loss: 0.761714
2026-08-23 06:10: Train Epoch 1: 380/1641 Loss: 0.806531
2026-08-23 06:10: Train Epoch 1: 400/1641 Loss: 0.774920
2026-08-23 06:10: Train Epoch 1: 420/1641 Loss: 0.771498
2026-08-23 06:11: Train Epoch 1: 440/1641 Loss: 0.760322
2026-08-23 06:11: Train Epoch 1: 460/1641 Loss: 0.759372
2026-08-23 06:11: Train Epoch 1: 480/1641 Loss: 0.764317
2026-08-23 06:11: Train Epoch 1: 500/1641 Loss: 0.749123
2026-08-23 06:11: Train Epoch 1: 520/1641 Loss: 0.750476
2026-08-23 06:11: Train Epoch 1: 540/1641 Loss: 0.745814
2026-08-23 06:11: Train Epoch 1: 560/1641 Loss: 0.760306
2026-08-23 06:11: Train Epoch 1: 580/1641 Loss: 0.768076
2026-08-23 06:11: Train Epoch 1: 600/1641 Loss: 0.756793
2026-08-23 06:11: Train Epoch 1: 620/1641 Loss: 0.754348
2026-08-23 06:11: Train Epoch 1: 640/1641 Loss: 0.748153
2026-08-23 06:11: Train Epoch 1: 660/1641 Loss: 0.767994
2026-08-23 06:11: Train Epoch 1: 680/1641 Loss: 0.729159
2026-08-23 06:11: Train Epoch 1: 700/1641 Loss: 0.760562
2026-08-23 06:11: Train Epoch 1: 720/1641 Loss: 0.733617
2026-08-23 06:11: Train Epoch 1: 740/1641 Loss: 0.746664
2026-08-23 06:11: Train Epoch 1: 760/1641 Loss: 0.722259
2026-08-23 06:11: Train Epoch 1: 780/1641 Loss: 0.797825
2026-08-23 06:11: Train Epoch 1: 800/1641 Loss: 0.753011
2026-08-23 06:11: Train Epoch 1: 820/1641 Loss: 0.731472
2026-08-23 06:11: Train Epoch 1: 840/1641 Loss: 0.775812
2026-08-23 06:11: Train Epoch 1: 860/1641 Loss: 0.742720
2026-08-23 06:12: Train Epoch 1: 880/1641 Loss: 0.727139
2026-08-23 06:12: Train Epoch 1: 900/1641 Loss: 0.751708
2026-08-23 06:12: Train Epoch 1: 920/1641 Loss: 0.746933
2026-08-23 06:12: Train Epoch 1: 940/1641 Loss: 0.715976
2026-08-23 06:12: Train Epoch 1: 960/1641 Loss: 0.722468
2026-08-23 06:12: Train Epoch 1: 980/1641 Loss: 0.730752
2026-08-23 06:12: Train Epoch 1: 1000/1641 Loss: 0.752874
2026-08-23 06:12: Train Epoch 1: 1020/1641 Loss: 0.721968
2026-08-23 06:12: Train Epoch 1: 1040/1641 Loss: 0.704068
2026-08-23 06:12: Train Epoch 1: 1060/1641 Loss: 0.753550
2026-08-23 06:12: Train Epoch 1: 1080/1641 Loss: 0.725336
2026-08-23 06:12: Train Epoch 1: 1100/1641 Loss: 0.709191
2026-08-23 06:12: Train Epoch 1: 1120/1641 Loss: 0.699390
2026-08-23 06:12: Train Epoch 1: 1140/1641 Loss: 0.696352
2026-08-23 06:12: Train Epoch 1: 1160/1641 Loss: 0.692825
2026-08-23 06:12: Train Epoch 1: 1180/1641 Loss: 0.690978
2026-08-23 06:12: Train Epoch 1: 1200/1641 Loss: 0.703460
2026-08-23 06:12: Train Epoch 1: 1220/1641 Loss: 0.714218
2026-08-23 06:12: Train Epoch 1: 1240/1641 Loss: 0.692762
2026-08-23 06:12: Train Epoch 1: 1260/1641 Loss: 0.707991
2026-08-23 06:12: Train Epoch 1: 1280/1641 Loss: 0.696355
2026-08-23 06:12: Train Epoch 1: 1300/1641 Loss: 0.695099
2026-08-23 06:13: Train Epoch 1: 1320/1641 Loss: 0.664027
2026-08-23 06:13: Train Epoch 1: 1340/1641 Loss: 0.686193
2026-08-23 06:13: Train Epoch 1: 1360/1641 Loss: 0.690728
2026-08-23 06:13: Train Epoch 1: 1380/1641 Loss: 0.691514
2026-08-23 06:13: Train Epoch 1: 1400/1641 Loss: 0.681897
2026-08-23 06:13: Train Epoch 1: 1420/1641 Loss: 0.712243
2026-08-23 06:13: Train Epoch 1: 1440/1641 Loss: 0.689913
2026-08-23 06:13: Train Epoch 1: 1460/1641 Loss: 0.694438
2026-08-23 06:13: Train Epoch 1: 1480/1641 Loss: 0.682347
2026-08-23 06:13: Train Epoch 1: 1500/1641 Loss: 0.711925
2026-08-23 06:13: Train Epoch 1: 1520/1641 Loss: 0.681770
2026-08-23 06:13: Train Epoch 1: 1540/1641 Loss: 0.688589
2026-08-23 06:13: Train Epoch 1: 1560/1641 Loss: 0.675763
2026-08-23 06:13: Train Epoch 1: 1580/1641 Loss: 0.681409
2026-08-23 06:13: Train Epoch 1: 1600/1641 Loss: 0.672375
2026-08-23 06:13: Train Epoch 1: 1620/1641 Loss: 0.667405
2026-08-23 06:13: Train Epoch 1: 1640/1641 Loss: 0.695481
2026-08-23 06:13: **********Train Epoch 1: averaged Loss: 0.742697, tf_ratio: 1.000000
2026-08-23 06:14: **********Val Epoch 1: average Loss: 0.687693
2026-08-23 06:14: *********************************Current best model saved!
2026-08-23 06:14: Train Epoch 2: 0/1641 Loss: 0.715468
2026-08-23 06:14: Train Epoch 2: 20/1641 Loss: 0.671846
2026-08-23 06:14: Train Epoch 2: 40/1641 Loss: 0.667917
2026-08-23 06:14: Train Epoch 2: 60/1641 Loss: 0.710655
2026-08-23 06:14: Train Epoch 2: 80/1641 Loss: 0.642081
2026-08-23 06:14: Train Epoch 2: 100/1641 Loss: 0.676166
2026-08-23 06:14: Train Epoch 2: 120/1641 Loss: 0.683321
2026-08-23 06:14: Train Epoch 2: 140/1641 Loss: 0.687626
2026-08-23 06:14: Train Epoch 2: 160/1641 Loss: 0.678415
2026-08-23 06:14: Train Epoch 2: 180/1641 Loss: 0.647912
2026-08-23 06:14: Train Epoch 2: 200/1641 Loss: 0.671246
2026-08-23 06:14: Train Epoch 2: 220/1641 Loss: 0.671482
2026-08-23 06:14: Train Epoch 2: 240/1641 Loss: 0.667446
2026-08-23 06:14: Train Epoch 2: 260/1641 Loss: 0.681783
2026-08-23 06:14: Train Epoch 2: 280/1641 Loss: 0.650933
2026-08-23 06:14: Train Epoch 2: 300/1641 Loss: 0.660652
2026-08-23 06:14: Train Epoch 2: 320/1641 Loss: 0.668476
2026-08-23 06:14: Train Epoch 2: 340/1641 Loss: 0.669167
2026-08-23 06:14: Train Epoch 2: 360/1641 Loss: 0.661870
2026-08-23 06:14: Train Epoch 2: 380/1641 Loss: 0.654699
2026-08-23 06:15: Train Epoch 2: 400/1641 Loss: 0.645262
2026-08-23 06:15: Train Epoch 2: 420/1641 Loss: 0.695834
2026-08-23 06:15: Train Epoch 2: 440/1641 Loss: 0.674352
2026-08-23 06:15: Train Epoch 2: 460/1641 Loss: 0.648012
2026-08-23 06:15: Train Epoch 2: 480/1641 Loss: 0.687527
2026-08-23 06:15: Train Epoch 2: 500/1641 Loss: 0.656398
2026-08-23 06:15: Train Epoch 2: 520/1641 Loss: 0.671443
2026-08-23 06:15: Train Epoch 2: 540/1641 Loss: 0.672250
2026-08-23 06:15: Train Epoch 2: 560/1641 Loss: 0.670861
2026-08-23 06:15: Train Epoch 2: 580/1641 Loss: 0.669453
2026-08-23 06:15: Train Epoch 2: 600/1641 Loss: 0.664499
2026-08-23 06:15: Train Epoch 2: 620/1641 Loss: 0.673296
2026-08-23 06:15: Train Epoch 2: 640/1641 Loss: 0.685944
2026-08-23 06:15: Train Epoch 2: 660/1641 Loss: 0.653419
2026-08-23 06:15: Train Epoch 2: 680/1641 Loss: 0.664769
2026-08-23 06:15: Train Epoch 2: 700/1641 Loss: 0.634530
2026-08-23 06:15: Train Epoch 2: 720/1641 Loss: 0.648538
2026-08-23 06:15: Train Epoch 2: 740/1641 Loss: 0.644080
2026-08-23 06:15: Train Epoch 2: 760/1641 Loss: 0.673341
2026-08-23 06:15: Train Epoch 2: 780/1641 Loss: 0.643083
2026-08-23 06:15: Train Epoch 2: 800/1641 Loss: 0.636759
2026-08-23 06:15: Train Epoch 2: 820/1641 Loss: 0.628732
2026-08-23 06:15: Train Epoch 2: 840/1641 Loss: 0.646288
2026-08-23 06:16: Train Epoch 2: 860/1641 Loss: 0.664928
2026-08-23 06:16: Train Epoch 2: 880/1641 Loss: 0.666846
2026-08-23 06:16: Train Epoch 2: 900/1641 Loss: 0.656041
2026-08-23 06:16: Train Epoch 2: 920/1641 Loss: 0.656164
2026-08-23 06:16: Train Epoch 2: 940/1641 Loss: 0.673828
2026-08-23 06:16: Train Epoch 2: 960/1641 Loss: 0.648577
2026-08-23 06:16: Train Epoch 2: 980/1641 Loss: 0.664047
2026-08-23 06:16: Train Epoch 2: 1000/1641 Loss: 0.656964
2026-08-23 06:16: Train Epoch 2: 1020/1641 Loss: 0.650877
2026-08-23 06:16: Train Epoch 2: 1040/1641 Loss: 0.665840
2026-08-23 06:16: Train Epoch 2: 1060/1641 Loss: 0.659713
2026-08-23 06:16: Train Epoch 2: 1080/1641 Loss: 0.646144
2026-08-23 06:16: Train Epoch 2: 1100/1641 Loss: 0.675177
2026-08-23 06:16: Train Epoch 2: 1120/1641 Loss: 0.637567
2026-08-23 06:16: Train Epoch 2: 1140/1641 Loss: 0.667467
2026-08-23 06:16: Train Epoch 2: 1160/1641 Loss: 0.680504
2026-08-23 06:16: Train Epoch 2: 1180/1641 Loss: 0.645628
2026-08-23 06:16: Train Epoch 2: 1200/1641 Loss: 0.653635
2026-08-23 06:16: Train Epoch 2: 1220/1641 Loss: 0.628759
2026-08-23 06:16: Train Epoch 2: 1240/1641 Loss: 0.643276
2026-08-23 06:16: Train Epoch 2: 1260/1641 Loss: 0.664870
2026-08-23 06:16: Train Epoch 2: 1280/1641 Loss: 0.667744
2026-08-23 06:17: Train Epoch 2: 1300/1641 Loss: 0.656215
2026-08-23 06:17: Train Epoch 2: 1320/1641 Loss: 0.657095
2026-08-23 06:17: Train Epoch 2: 1340/1641 Loss: 0.638075
2026-08-23 06:17: Train Epoch 2: 1360/1641 Loss: 0.658979
2026-08-23 06:17: Train Epoch 2: 1380/1641 Loss: 0.633788
2026-08-23 06:17: Train Epoch 2: 1400/1641 Loss: 0.656529
2026-08-23 06:17: Train Epoch 2: 1420/1641 Loss: 0.638433
2026-08-23 06:17: Train Epoch 2: 1440/1641 Loss: 0.649805
2026-08-23 06:17: Train Epoch 2: 1460/1641 Loss: 0.662339
2026-08-23 06:17: Train Epoch 2: 1480/1641 Loss: 0.626196
2026-08-23 06:17: Train Epoch 2: 1500/1641 Loss: 0.618062
2026-08-23 06:17: Train Epoch 2: 1520/1641 Loss: 0.618590
2026-08-23 06:17: Train Epoch 2: 1540/1641 Loss: 0.662177
2026-08-23 06:17: Train Epoch 2: 1560/1641 Loss: 0.638533
2026-08-23 06:17: Train Epoch 2: 1580/1641 Loss: 0.631350
2026-08-23 06:17: Train Epoch 2: 1600/1641 Loss: 0.646798
2026-08-23 06:17: Train Epoch 2: 1620/1641 Loss: 0.631485
2026-08-23 06:17: Train Epoch 2: 1640/1641 Loss: 0.638643
2026-08-23 06:17: **********Train Epoch 2: averaged Loss: 0.658378, tf_ratio: 1.000000
2026-08-23 06:18: **********Val Epoch 2: average Loss: 0.662759
2026-08-23 06:18: *********************************Current best model saved!
2026-08-23 06:18: Train Epoch 3: 0/1641 Loss: 0.632045
2026-08-23 06:18: Train Epoch 3: 20/1641 Loss: 0.634339
2026-08-23 06:18: Train Epoch 3: 40/1641 Loss: 0.639298
2026-08-23 06:18: Train Epoch 3: 60/1641 Loss: 0.616063
2026-08-23 06:18: Train Epoch 3: 80/1641 Loss: 0.653905
2026-08-23 06:18: Train Epoch 3: 100/1641 Loss: 0.644295
2026-08-23 06:18: Train Epoch 3: 120/1641 Loss: 0.632050
2026-08-23 06:18: Train Epoch 3: 140/1641 Loss: 0.655068
2026-08-23 06:18: Train Epoch 3: 160/1641 Loss: 0.617301
2026-08-23 06:18: Train Epoch 3: 180/1641 Loss: 0.650569
2026-08-23 06:18: Train Epoch 3: 200/1641 Loss: 0.658066
2026-08-23 06:18: Train Epoch 3: 220/1641 Loss: 0.640319
2026-08-23 06:18: Train Epoch 3: 240/1641 Loss: 0.638140
2026-08-23 06:18: Train Epoch 3: 260/1641 Loss: 0.651060
2026-08-23 06:18: Train Epoch 3: 280/1641 Loss: 0.646763
2026-08-23 06:18: Train Epoch 3: 300/1641 Loss: 0.657529
2026-08-23 06:18: Train Epoch 3: 320/1641 Loss: 0.650795
2026-08-23 06:18: Train Epoch 3: 340/1641 Loss: 0.639249
2026-08-23 06:19: Train Epoch 3: 360/1641 Loss: 0.630971
2026-08-23 06:19: Train Epoch 3: 380/1641 Loss: 0.636523
2026-08-23 06:19: Train Epoch 3: 400/1641 Loss: 0.640628
2026-08-23 06:19: Train Epoch 3: 420/1641 Loss: 0.615775
2026-08-23 06:19: Train Epoch 3: 440/1641 Loss: 0.637129
2026-08-23 06:19: Train Epoch 3: 460/1641 Loss: 0.634693
2026-08-23 06:19: Train Epoch 3: 480/1641 Loss: 0.627752
2026-08-23 06:19: Train Epoch 3: 500/1641 Loss: 0.635199
2026-08-23 06:19: Train Epoch 3: 520/1641 Loss: 0.635381
2026-08-23 06:19: Train Epoch 3: 540/1641 Loss: 0.604709
2026-08-23 06:19: Train Epoch 3: 560/1641 Loss: 0.631684
2026-08-23 06:19: Train Epoch 3: 580/1641 Loss: 0.635809
2026-08-23 06:19: Train Epoch 3: 600/1641 Loss: 0.639873
2026-08-23 06:19: Train Epoch 3: 620/1641 Loss: 0.647833
2026-08-23 06:19: Train Epoch 3: 640/1641 Loss: 0.627759
2026-08-23 06:19: Train Epoch 3: 660/1641 Loss: 0.618344
2026-08-23 06:19: Train Epoch 3: 680/1641 Loss: 0.656488
2026-08-23 06:19: Train Epoch 3: 700/1641 Loss: 0.635354
2026-08-23 06:19: Train Epoch 3: 720/1641 Loss: 0.664514
2026-08-23 06:19: Train Epoch 3: 740/1641 Loss: 0.651173
2026-08-23 06:19: Train Epoch 3: 760/1641 Loss: 0.652584
2026-08-23 06:19: Train Epoch 3: 780/1641 Loss: 0.638462
2026-08-23 06:19: Train Epoch 3: 800/1641 Loss: 0.637490
2026-08-23 06:20: Train Epoch 3: 820/1641 Loss: 0.641312
2026-08-23 06:20: Train Epoch 3: 840/1641 Loss: 0.661871
2026-08-23 06:20: Train Epoch 3: 860/1641 Loss: 0.650330
2026-08-23 06:20: Train Epoch 3: 880/1641 Loss: 0.640563
2026-08-23 06:20: Train Epoch 3: 900/1641 Loss: 0.634122
2026-08-23 06:20: Train Epoch 3: 920/1641 Loss: 0.660302
2026-08-23 06:20: Train Epoch 3: 940/1641 Loss: 0.617012
2026-08-23 06:20: Train Epoch 3: 960/1641 Loss: 0.637551
2026-08-23 06:20: Train Epoch 3: 980/1641 Loss: 0.638890
2026-08-23 06:20: Train Epoch 3: 1000/1641 Loss: 0.648064
2026-08-23 06:20: Train Epoch 3: 1020/1641 Loss: 0.642245
2026-08-23 06:20: Train Epoch 3: 1040/1641 Loss: 0.639640
2026-08-23 06:20: Train Epoch 3: 1060/1641 Loss: 0.656565
2026-08-23 06:20: Train Epoch 3: 1080/1641 Loss: 0.639793
2026-08-23 06:20: Train Epoch 3: 1100/1641 Loss: 0.632665
2026-08-23 06:20: Train Epoch 3: 1120/1641 Loss: 0.632919
2026-08-23 06:20: Train Epoch 3: 1140/1641 Loss: 0.637537
2026-08-23 06:20: Train Epoch 3: 1160/1641 Loss: 0.641420
2026-08-23 06:20: Train Epoch 3: 1180/1641 Loss: 0.625370
2026-08-23 06:20: Train Epoch 3: 1200/1641 Loss: 0.648576
2026-08-23 06:20: Train Epoch 3: 1220/1641 Loss: 0.611408
2026-08-23 06:20: Train Epoch 3: 1240/1641 Loss: 0.612196
2026-08-23 06:21: Train Epoch 3: 1260/1641 Loss: 0.649668
2026-08-23 06:21: Train Epoch 3: 1280/1641 Loss: 0.642176
2026-08-23 06:21: Train Epoch 3: 1300/1641 Loss: 0.618421
2026-08-23 06:21: Train Epoch 3: 1320/1641 Loss: 0.629633
2026-08-23 06:21: Train Epoch 3: 1340/1641 Loss: 0.635241
2026-08-23 06:21: Train Epoch 3: 1360/1641 Loss: 0.641075
2026-08-23 06:21: Train Epoch 3: 1380/1641 Loss: 0.633873
2026-08-23 06:21: Train Epoch 3: 1400/1641 Loss: 0.640761
2026-08-23 06:21: Train Epoch 3: 1420/1641 Loss: 0.637605
2026-08-23 06:21: Train Epoch 3: 1440/1641 Loss: 0.640610
2026-08-23 06:21: Train Epoch 3: 1460/1641 Loss: 0.611763
2026-08-23 06:21: Train Epoch 3: 1480/1641 Loss: 0.622581
2026-08-23 06:21: Train Epoch 3: 1500/1641 Loss: 0.630671
2026-08-23 06:21: Train Epoch 3: 1520/1641 Loss: 0.629325
2026-08-23 06:21: Train Epoch 3: 1540/1641 Loss: 0.604558
2026-08-23 06:21: Train Epoch 3: 1560/1641 Loss: 0.616618
2026-08-23 06:21: Train Epoch 3: 1580/1641 Loss: 0.612255
2026-08-23 06:21: Train Epoch 3: 1600/1641 Loss: 0.658273
2026-08-23 06:21: Train Epoch 3: 1620/1641 Loss: 0.617401
2026-08-23 06:21: Train Epoch 3: 1640/1641 Loss: 0.612937
2026-08-23 06:21: **********Train Epoch 3: averaged Loss: 0.637784, tf_ratio: 1.000000
2026-08-23 06:22: **********Val Epoch 3: average Loss: 0.652383
2026-08-23 06:22: *********************************Current best model saved!
2026-08-23 06:22: Train Epoch 4: 0/1641 Loss: 0.634895
2026-08-23 06:22: Train Epoch 4: 20/1641 Loss: 0.626867
2026-08-23 06:22: Train Epoch 4: 40/1641 Loss: 0.622579
2026-08-23 06:22: Train Epoch 4: 60/1641 Loss: 0.651809
2026-08-23 06:22: Train Epoch 4: 80/1641 Loss: 0.627978
2026-08-23 06:22: Train Epoch 4: 100/1641 Loss: 0.621040
2026-08-23 06:22: Train Epoch 4: 120/1641 Loss: 0.627940
2026-08-23 06:22: Train Epoch 4: 140/1641 Loss: 0.619626
2026-08-23 06:22: Train Epoch 4: 160/1641 Loss: 0.612356
2026-08-23 06:22: Train Epoch 4: 180/1641 Loss: 0.628570
2026-08-23 06:22: Train Epoch 4: 200/1641 Loss: 0.621523
2026-08-23 06:22: Train Epoch 4: 220/1641 Loss: 0.618699
2026-08-23 06:22: Train Epoch 4: 240/1641 Loss: 0.624110
2026-08-23 06:22: Train Epoch 4: 260/1641 Loss: 0.623709
2026-08-23 06:22: Train Epoch 4: 280/1641 Loss: 0.609348
2026-08-23 06:22: Train Epoch 4: 300/1641 Loss: 0.622095
2026-08-23 06:22: Train Epoch 4: 320/1641 Loss: 0.633755
2026-08-23 06:23: Train Epoch 4: 340/1641 Loss: 0.602374
2026-08-23 06:23: Train Epoch 4: 360/1641 Loss: 0.625482
2026-08-23 06:23: Train Epoch 4: 380/1641 Loss: 0.644212
2026-08-23 06:23: Train Epoch 4: 400/1641 Loss: 0.635083
2026-08-23 06:23: Train Epoch 4: 420/1641 Loss: 0.620624
2026-08-23 06:23: Train Epoch 4: 440/1641 Loss: 0.613566
2026-08-23 06:23: Train Epoch 4: 460/1641 Loss: 0.629226
2026-08-23 06:23: Train Epoch 4: 480/1641 Loss: 0.632392
2026-08-23 06:23: Train Epoch 4: 500/1641 Loss: 0.608409
2026-08-23 06:23: Train Epoch 4: 520/1641 Loss: 0.642120
2026-08-23 06:23: Train Epoch 4: 540/1641 Loss: 0.636599
2026-08-23 06:23: Train Epoch 4: 560/1641 Loss: 0.604656
2026-08-23 06:23: Train Epoch 4: 580/1641 Loss: 0.625287
2026-08-23 06:23: Train Epoch 4: 600/1641 Loss: 0.609588
2026-08-23 06:23: Train Epoch 4: 620/1641 Loss: 0.659039
2026-08-23 06:23: Train Epoch 4: 640/1641 Loss: 0.641842
2026-08-23 06:23: Train Epoch 4: 660/1641 Loss: 0.641107
2026-08-23 06:23: Train Epoch 4: 680/1641 Loss: 0.641807
2026-08-23 06:23: Train Epoch 4: 700/1641 Loss: 0.648573
2026-08-23 06:23: Train Epoch 4: 720/1641 Loss: 0.630350
2026-08-23 06:23: Train Epoch 4: 740/1641 Loss: 0.641482
2026-08-23 06:23: Train Epoch 4: 760/1641 Loss: 0.599290
2026-08-23 06:24: Train Epoch 4: 780/1641 Loss: 0.612767
2026-08-23 06:24: Train Epoch 4: 800/1641 Loss: 0.626803
2026-08-23 06:24: Train Epoch 4: 820/1641 Loss: 0.618107
2026-08-23 06:24: Train Epoch 4: 840/1641 Loss: 0.644154
2026-08-23 06:24: Train Epoch 4: 860/1641 Loss: 0.640093
2026-08-23 06:24: Train Epoch 4: 880/1641 Loss: 0.626937
2026-08-23 06:24: Train Epoch 4: 900/1641 Loss: 0.647435
2026-08-23 06:24: Train Epoch 4: 920/1641 Loss: 0.642114
2026-08-23 06:24: Train Epoch 4: 940/1641 Loss: 0.625322
2026-08-23 06:24: Train Epoch 4: 960/1641 Loss: 0.610855
2026-08-23 06:24: Train Epoch 4: 980/1641 Loss: 0.649194
2026-08-23 06:24: Train Epoch 4: 1000/1641 Loss: 0.649444
2026-08-23 06:24: Train Epoch 4: 1020/1641 Loss: 0.637255
2026-08-23 06:24: Train Epoch 4: 1040/1641 Loss: 0.648720
2026-08-23 06:24: Train Epoch 4: 1060/1641 Loss: 0.627631
2026-08-23 06:24: Train Epoch 4: 1080/1641 Loss: 0.608079
2026-08-23 06:24: Train Epoch 4: 1100/1641 Loss: 0.609773
2026-08-23 06:24: Train Epoch 4: 1120/1641 Loss: 0.635410
2026-08-23 06:24: Train Epoch 4: 1140/1641 Loss: 0.623362
2026-08-23 06:24: Train Epoch 4: 1160/1641 Loss: 0.609515
2026-08-23 06:24: Train Epoch 4: 1180/1641 Loss: 0.618007
2026-08-23 06:24: Train Epoch 4: 1200/1641 Loss: 0.639142
2026-08-23 06:24: Train Epoch 4: 1220/1641 Loss: 0.613691
2026-08-23 06:25: Train Epoch 4: 1240/1641 Loss: 0.623431
2026-08-23 06:25: Train Epoch 4: 1260/1641 Loss: 0.615575
2026-08-23 06:25: Train Epoch 4: 1280/1641 Loss: 0.605162
2026-08-23 06:25: Train Epoch 4: 1300/1641 Loss: 0.637364
2026-08-23 06:25: Train Epoch 4: 1320/1641 Loss: 0.624583
2026-08-23 06:25: Train Epoch 4: 1340/1641 Loss: 0.634750
2026-08-23 06:25: Train Epoch 4: 1360/1641 Loss: 0.615589
2026-08-23 06:25: Train Epoch 4: 1380/1641 Loss: 0.601816
2026-08-23 06:25: Train Epoch 4: 1400/1641 Loss: 0.624003
2026-08-23 06:25: Train Epoch 4: 1420/1641 Loss: 0.642566
2026-08-23 06:25: Train Epoch 4: 1440/1641 Loss: 0.627489
2026-08-23 06:25: Train Epoch 4: 1460/1641 Loss: 0.592829
2026-08-23 06:25: Train Epoch 4: 1480/1641 Loss: 0.610213
2026-08-23 06:25: Train Epoch 4: 1500/1641 Loss: 0.616614
2026-08-23 06:25: Train Epoch 4: 1520/1641 Loss: 0.611745
2026-08-23 06:25: Train Epoch 4: 1540/1641 Loss: 0.645580
2026-08-23 06:25: Train Epoch 4: 1560/1641 Loss: 0.618470
2026-08-23 06:25: Train Epoch 4: 1580/1641 Loss: 0.635080
2026-08-23 06:25: Train Epoch 4: 1600/1641 Loss: 0.626170
2026-08-23 06:25: Train Epoch 4: 1620/1641 Loss: 0.602539
2026-08-23 06:25: Train Epoch 4: 1640/1641 Loss: 0.635307
2026-08-23 06:25: **********Train Epoch 4: averaged Loss: 0.626264, tf_ratio: 1.000000
2026-08-23 06:26: **********Val Epoch 4: average Loss: 0.649046
2026-08-23 06:26: *********************************Current best model saved!
2026-08-23 06:26: Train Epoch 5: 0/1641 Loss: 0.661724
2026-08-23 06:26: Train Epoch 5: 20/1641 Loss: 0.615360
2026-08-23 06:26: Train Epoch 5: 40/1641 Loss: 0.604424
2026-08-23 06:26: Train Epoch 5: 60/1641 Loss: 0.629646
2026-08-23 06:26: Train Epoch 5: 80/1641 Loss: 0.611762
2026-08-23 06:26: Train Epoch 5: 100/1641 Loss: 0.652791
2026-08-23 06:26: Train Epoch 5: 120/1641 Loss: 0.631477
2026-08-23 06:26: Train Epoch 5: 140/1641 Loss: 0.621825
2026-08-23 06:26: Train Epoch 5: 160/1641 Loss: 0.625459
2026-08-23 06:26: Train Epoch 5: 180/1641 Loss: 0.610783
2026-08-23 06:26: Train Epoch 5: 200/1641 Loss: 0.613581
2026-08-23 06:26: Train Epoch 5: 220/1641 Loss: 0.628803
2026-08-23 06:26: Train Epoch 5: 240/1641 Loss: 0.594750
2026-08-23 06:26: Train Epoch 5: 260/1641 Loss: 0.629792
2026-08-23 06:26: Train Epoch 5: 280/1641 Loss: 0.622467
2026-08-23 06:26: Train Epoch 5: 300/1641 Loss: 0.607278
2026-08-23 06:27: Train Epoch 5: 320/1641 Loss: 0.621981
2026-08-23 06:27: Train Epoch 5: 340/1641 Loss: 0.631222
2026-08-23 06:27: Train Epoch 5: 360/1641 Loss: 0.624686
2026-08-23 06:27: Train Epoch 5: 380/1641 Loss: 0.631469
2026-08-23 06:27: Train Epoch 5: 400/1641 Loss: 0.633090
2026-08-23 06:27: Train Epoch 5: 420/1641 Loss: 0.637250
2026-08-23 06:27: Train Epoch 5: 440/1641 Loss: 0.617216
2026-08-23 06:27: Train Epoch 5: 460/1641 Loss: 0.622590
2026-08-23 06:27: Train Epoch 5: 480/1641 Loss: 0.601722
2026-08-23 06:27: Train Epoch 5: 500/1641 Loss: 0.642565
2026-08-23 06:27: Train Epoch 5: 520/1641 Loss: 0.642203
2026-08-23 06:27: Train Epoch 5: 540/1641 Loss: 0.609564
2026-08-23 06:27: Train Epoch 5: 560/1641 Loss: 0.584701
2026-08-23 06:27: Train Epoch 5: 580/1641 Loss: 0.616508
2026-08-23 06:27: Train Epoch 5: 600/1641 Loss: 0.602689
2026-08-23 06:27: Train Epoch 5: 620/1641 Loss: 0.596592
2026-08-23 06:27: Train Epoch 5: 640/1641 Loss: 0.623392
2026-08-23 06:27: Train Epoch 5: 660/1641 Loss: 0.644167
2026-08-23 06:27: Train Epoch 5: 680/1641 Loss: 0.639704
2026-08-23 06:27: Train Epoch 5: 700/1641 Loss: 0.646888
2026-08-23 06:27: Train Epoch 5: 720/1641 Loss: 0.611703
2026-08-23 06:27: Train Epoch 5: 740/1641 Loss: 0.621807
2026-08-23 06:28: Train Epoch 5: 760/1641 Loss: 0.605733
2026-08-23 06:28: Train Epoch 5: 780/1641 Loss: 0.634777
2026-08-23 06:28: Train Epoch 5: 800/1641 Loss: 0.615915
2026-08-23 06:28: Train Epoch 5: 820/1641 Loss: 0.617888
2026-08-23 06:28: Train Epoch 5: 840/1641 Loss: 0.577643
2026-08-23 06:28: Train Epoch 5: 860/1641 Loss: 0.608403
2026-08-23 06:28: Train Epoch 5: 880/1641 Loss: 0.631566
2026-08-23 06:28: Train Epoch 5: 900/1641 Loss: 0.615580
2026-08-23 06:28: Train Epoch 5: 920/1641 Loss: 0.613733
2026-08-23 06:28: Train Epoch 5: 940/1641 Loss: 0.590959
2026-08-23 06:28: Train Epoch 5: 960/1641 Loss: 0.649538
2026-08-23 06:28: Train Epoch 5: 980/1641 Loss: 0.627830
2026-08-23 06:28: Train Epoch 5: 1000/1641 Loss: 0.630009
2026-08-23 06:28: Train Epoch 5: 1020/1641 Loss: 0.610775
2026-08-23 06:28: Train Epoch 5: 1040/1641 Loss: 0.593343
2026-08-23 06:28: Train Epoch 5: 1060/1641 Loss: 0.630270
2026-08-23 06:28: Train Epoch 5: 1080/1641 Loss: 0.608198
2026-08-23 06:28: Train Epoch 5: 1100/1641 Loss: 0.621366
2026-08-23 06:28: Train Epoch 5: 1120/1641 Loss: 0.636499
2026-08-23 06:28: Train Epoch 5: 1140/1641 Loss: 0.592956
2026-08-23 06:28: Train Epoch 5: 1160/1641 Loss: 0.618030
2026-08-23 06:28: Train Epoch 5: 1180/1641 Loss: 0.643538
2026-08-23 06:29: Train Epoch 5: 1200/1641 Loss: 0.609038
2026-08-23 06:29: Train Epoch 5: 1220/1641 Loss: 0.603961
2026-08-23 06:29: Train Epoch 5: 1240/1641 Loss: 0.624351
2026-08-23 06:29: Train Epoch 5: 1260/1641 Loss: 0.651203
2026-08-23 06:29: Train Epoch 5: 1280/1641 Loss: 0.596694
2026-08-23 06:29: Train Epoch 5: 1300/1641 Loss: 0.608452
2026-08-23 06:29: Train Epoch 5: 1320/1641 Loss: 0.626321
2026-08-23 06:29: Train Epoch 5: 1340/1641 Loss: 0.630420
2026-08-23 06:29: Train Epoch 5: 1360/1641 Loss: 0.642111
2026-08-23 06:29: Train Epoch 5: 1380/1641 Loss: 0.605974
2026-08-23 06:29: Train Epoch 5: 1400/1641 Loss: 0.619828
2026-08-23 06:29: Train Epoch 5: 1420/1641 Loss: 0.616332
2026-08-23 06:29: Train Epoch 5: 1440/1641 Loss: 0.608321
2026-08-23 06:29: Train Epoch 5: 1460/1641 Loss: 0.596865
2026-08-23 06:29: Train Epoch 5: 1480/1641 Loss: 0.609095
2026-08-23 06:29: Train Epoch 5: 1500/1641 Loss: 0.610862
2026-08-23 06:29: Train Epoch 5: 1520/1641 Loss: 0.622241
2026-08-23 06:29: Train Epoch 5: 1540/1641 Loss: 0.592493
2026-08-23 06:29: Train Epoch 5: 1560/1641 Loss: 0.630836
2026-08-23 06:29: Train Epoch 5: 1580/1641 Loss: 0.604507
2026-08-23 06:29: Train Epoch 5: 1600/1641 Loss: 0.627598
2026-08-23 06:29: Train Epoch 5: 1620/1641 Loss: 0.622385
2026-08-23 06:30: Train Epoch 5: 1640/1641 Loss: 0.602475
2026-08-23 06:30: **********Train Epoch 5: averaged Loss: 0.617240, tf_ratio: 1.000000
2026-08-23 06:30: **********Val Epoch 5: average Loss: 0.647228
2026-08-23 06:30: *********************************Current best model saved!
2026-08-23 06:30: Train Epoch 6: 0/1641 Loss: 0.583466
2026-08-23 06:30: Train Epoch 6: 20/1641 Loss: 0.606360
2026-08-23 06:30: Train Epoch 6: 40/1641 Loss: 0.623490
2026-08-23 06:30: Train Epoch 6: 60/1641 Loss: 0.581448
2026-08-23 06:30: Train Epoch 6: 80/1641 Loss: 0.612392
2026-08-23 06:30: Train Epoch 6: 100/1641 Loss: 0.611459
2026-08-23 06:30: Train Epoch 6: 120/1641 Loss: 0.637655
2026-08-23 06:30: Train Epoch 6: 140/1641 Loss: 0.625724
2026-08-23 06:30: Train Epoch 6: 160/1641 Loss: 0.601871
2026-08-23 06:30: Train Epoch 6: 180/1641 Loss: 0.652910
2026-08-23 06:30: Train Epoch 6: 200/1641 Loss: 0.615124
2026-08-23 06:30: Train Epoch 6: 220/1641 Loss: 0.603917
2026-08-23 06:30: Train Epoch 6: 240/1641 Loss: 0.601114
2026-08-23 06:30: Train Epoch 6: 260/1641 Loss: 0.623900
2026-08-23 06:31: Train Epoch 6: 280/1641 Loss: 0.585789
2026-08-23 06:31: Train Epoch 6: 300/1641 Loss: 0.604120
2026-08-23 06:31: Train Epoch 6: 320/1641 Loss: 0.633279
2026-08-23 06:31: Train Epoch 6: 340/1641 Loss: 0.587547
2026-08-23 06:31: Train Epoch 6: 360/1641 Loss: 0.614751
2026-08-23 06:31: Train Epoch 6: 380/1641 Loss: 0.591554
2026-08-23 06:31: Train Epoch 6: 400/1641 Loss: 0.641876
2026-08-23 06:31: Train Epoch 6: 420/1641 Loss: 0.608245
2026-08-23 06:31: Train Epoch 6: 440/1641 Loss: 0.642269
2026-08-23 06:31: Train Epoch 6: 460/1641 Loss: 0.582531
2026-08-23 06:31: Train Epoch 6: 480/1641 Loss: 0.629390
2026-08-23 06:31: Train Epoch 6: 500/1641 Loss: 0.631467
2026-08-23 06:31: Train Epoch 6: 520/1641 Loss: 0.605339
2026-08-23 06:31: Train Epoch 6: 540/1641 Loss: 0.606437
2026-08-23 06:31: Train Epoch 6: 560/1641 Loss: 0.640941
2026-08-23 06:31: Train Epoch 6: 580/1641 Loss: 0.602945
2026-08-23 06:31: Train Epoch 6: 600/1641 Loss: 0.599978
2026-08-23 06:31: Train Epoch 6: 620/1641 Loss: 0.631408
2026-08-23 06:31: Train Epoch 6: 640/1641 Loss: 0.612634
2026-08-23 06:31: Train Epoch 6: 660/1641 Loss: 0.590214
2026-08-23 06:31: Train Epoch 6: 680/1641 Loss: 0.606560
2026-08-23 06:31: Train Epoch 6: 700/1641 Loss: 0.622858
2026-08-23 06:32: Train Epoch 6: 720/1641 Loss: 0.629111
2026-08-23 06:32: Train Epoch 6: 740/1641 Loss: 0.614617
2026-08-23 06:32: Train Epoch 6: 760/1641 Loss: 0.575849
2026-08-23 06:32: Train Epoch 6: 780/1641 Loss: 0.625360
2026-08-23 06:32: Train Epoch 6: 800/1641 Loss: 0.612426
2026-08-23 06:32: Train Epoch 6: 820/1641 Loss: 0.614069
2026-08-23 06:32: Train Epoch 6: 840/1641 Loss: 0.646793
2026-08-23 06:32: Train Epoch 6: 860/1641 Loss: 0.576447
2026-08-23 06:32: Train Epoch 6: 880/1641 Loss: 0.606723
2026-08-23 06:32: Train Epoch 6: 900/1641 Loss: 0.609931
2026-08-23 06:32: Train Epoch 6: 920/1641 Loss: 0.612834
2026-08-23 06:32: Train Epoch 6: 940/1641 Loss: 0.635385
2026-08-23 06:32: Train Epoch 6: 960/1641 Loss: 0.593392
2026-08-23 06:32: Train Epoch 6: 980/1641 Loss: 0.633684
2026-08-23 06:32: Train Epoch 6: 1000/1641 Loss: 0.571585
2026-08-23 06:32: Train Epoch 6: 1020/1641 Loss: 0.578733
2026-08-23 06:32: Train Epoch 6: 1040/1641 Loss: 0.611819
2026-08-23 06:32: Train Epoch 6: 1060/1641 Loss: 0.637857
2026-08-23 06:32: Train Epoch 6: 1080/1641 Loss: 0.588764
2026-08-23 06:32: Train Epoch 6: 1100/1641 Loss: 0.610316
2026-08-23 06:32: Train Epoch 6: 1120/1641 Loss: 0.598073
2026-08-23 06:32: Train Epoch 6: 1140/1641 Loss: 0.612182
2026-08-23 06:33: Train Epoch 6: 1160/1641 Loss: 0.610275
2026-08-23 06:33: Train Epoch 6: 1180/1641 Loss: 0.608264
2026-08-23 06:33: Train Epoch 6: 1200/1641 Loss: 0.592088
2026-08-23 06:33: Train Epoch 6: 1220/1641 Loss: 0.605074
2026-08-23 06:33: Train Epoch 6: 1240/1641 Loss: 0.607800
2026-08-23 06:33: Train Epoch 6: 1260/1641 Loss: 0.627756
2026-08-23 06:33: Train Epoch 6: 1280/1641 Loss: 0.605981
2026-08-23 06:33: Train Epoch 6: 1300/1641 Loss: 0.610732
2026-08-23 06:33: Train Epoch 6: 1320/1641 Loss: 0.624728
2026-08-23 06:33: Train Epoch 6: 1340/1641 Loss: 0.614147
2026-08-23 06:33: Train Epoch 6: 1360/1641 Loss: 0.629738
2026-08-23 06:33: Train Epoch 6: 1380/1641 Loss: 0.599554
2026-08-23 06:33: Train Epoch 6: 1400/1641 Loss: 0.593199
2026-08-23 06:33: Train Epoch 6: 1420/1641 Loss: 0.613290
2026-08-23 06:33: Train Epoch 6: 1440/1641 Loss: 0.596453
2026-08-23 06:33: Train Epoch 6: 1460/1641 Loss: 0.588498
2026-08-23 06:33: Train Epoch 6: 1480/1641 Loss: 0.616585
2026-08-23 06:33: Train Epoch 6: 1500/1641 Loss: 0.615044
2026-08-23 06:33: Train Epoch 6: 1520/1641 Loss: 0.625180
2026-08-23 06:33: Train Epoch 6: 1540/1641 Loss: 0.623049
2026-08-23 06:33: Train Epoch 6: 1560/1641 Loss: 0.596343
2026-08-23 06:33: Train Epoch 6: 1580/1641 Loss: 0.611305
2026-08-23 06:33: Train Epoch 6: 1600/1641 Loss: 0.621642
2026-08-23 06:34: Train Epoch 6: 1620/1641 Loss: 0.588108
2026-08-23 06:34: Train Epoch 6: 1640/1641 Loss: 0.627314
2026-08-23 06:34: **********Train Epoch 6: averaged Loss: 0.608963, tf_ratio: 1.000000
2026-08-23 06:34: **********Val Epoch 6: average Loss: 0.647225
2026-08-23 06:34: *********************************Current best model saved!
2026-08-23 06:34: Train Epoch 7: 0/1641 Loss: 0.615883
2026-08-23 06:34: Train Epoch 7: 20/1641 Loss: 0.614758
2026-08-23 06:34: Train Epoch 7: 40/1641 Loss: 0.618766
2026-08-23 06:34: Train Epoch 7: 60/1641 Loss: 0.592125
2026-08-23 06:34: Train Epoch 7: 80/1641 Loss: 0.580644
2026-08-23 06:34: Train Epoch 7: 100/1641 Loss: 0.586155
2026-08-23 06:34: Train Epoch 7: 120/1641 Loss: 0.604653
2026-08-23 06:34: Train Epoch 7: 140/1641 Loss: 0.632418
2026-08-23 06:34: Train Epoch 7: 160/1641 Loss: 0.612461
2026-08-23 06:34: Train Epoch 7: 180/1641 Loss: 0.595496
2026-08-23 06:34: Train Epoch 7: 200/1641 Loss: 0.609526
2026-08-23 06:34: Train Epoch 7: 220/1641 Loss: 0.600386
2026-08-23 06:34: Train Epoch 7: 240/1641 Loss: 0.590466
2026-08-23 06:35: Train Epoch 7: 260/1641 Loss: 0.620094
2026-08-23 06:35: Train Epoch 7: 280/1641 Loss: 0.607923
2026-08-23 06:35: Train Epoch 7: 300/1641 Loss: 0.605485
2026-08-23 06:35: Train Epoch 7: 320/1641 Loss: 0.616438
2026-08-23 06:35: Train Epoch 7: 340/1641 Loss: 0.589512
2026-08-23 06:35: Train Epoch 7: 360/1641 Loss: 0.630867
2026-08-23 06:35: Train Epoch 7: 380/1641 Loss: 0.590632
2026-08-23 06:35: Train Epoch 7: 400/1641 Loss: 0.589837
2026-08-23 06:35: Train Epoch 7: 420/1641 Loss: 0.633401
2026-08-23 06:35: Train Epoch 7: 440/1641 Loss: 0.587907
2026-08-23 06:35: Train Epoch 7: 460/1641 Loss: 0.629747
2026-08-23 06:35: Train Epoch 7: 480/1641 Loss: 0.584109
2026-08-23 06:35: Train Epoch 7: 500/1641 Loss: 0.614272
2026-08-23 06:35: Train Epoch 7: 520/1641 Loss: 0.599919
2026-08-23 06:35: Train Epoch 7: 540/1641 Loss: 0.606207
2026-08-23 06:35: Train Epoch 7: 560/1641 Loss: 0.579207
2026-08-23 06:35: Train Epoch 7: 580/1641 Loss: 0.617025
2026-08-23 06:35: Train Epoch 7: 600/1641 Loss: 0.594596
2026-08-23 06:35: Train Epoch 7: 620/1641 Loss: 0.629188
2026-08-23 06:35: Train Epoch 7: 640/1641 Loss: 0.608221
2026-08-23 06:35: Train Epoch 7: 660/1641 Loss: 0.620273
2026-08-23 06:35: Train Epoch 7: 680/1641 Loss: 0.595427
2026-08-23 06:36: Train Epoch 7: 700/1641 Loss: 0.641267
2026-08-23 06:36: Train Epoch 7: 720/1641 Loss: 0.604751
2026-08-23 06:36: Train Epoch 7: 740/1641 Loss: 0.582036
2026-08-23 06:36: Train Epoch 7: 760/1641 Loss: 0.582099
2026-08-23 06:36: Train Epoch 7: 780/1641 Loss: 0.599326
2026-08-23 06:36: Train Epoch 7: 800/1641 Loss: 0.620889
2026-08-23 06:36: Train Epoch 7: 820/1641 Loss: 0.597080
2026-08-23 06:36: Train Epoch 7: 840/1641 Loss: 0.603387
2026-08-23 06:36: Train Epoch 7: 860/1641 Loss: 0.600805
2026-08-23 06:36: Train Epoch 7: 880/1641 Loss: 0.593900
2026-08-23 06:36: Train Epoch 7: 900/1641 Loss: 0.625280
2026-08-23 06:36: Train Epoch 7: 920/1641 Loss: 0.621194
2026-08-23 06:36: Train Epoch 7: 940/1641 Loss: 0.568792
2026-08-23 06:36: Train Epoch 7: 960/1641 Loss: 0.611844
2026-08-23 06:36: Train Epoch 7: 980/1641 Loss: 0.592863
2026-08-23 06:36: Train Epoch 7: 1000/1641 Loss: 0.589026
2026-08-23 06:36: Train Epoch 7: 1020/1641 Loss: 0.619552
2026-08-23 06:36: Train Epoch 7: 1040/1641 Loss: 0.589647
2026-08-23 06:36: Train Epoch 7: 1060/1641 Loss: 0.590699
2026-08-23 06:36: Train Epoch 7: 1080/1641 Loss: 0.597361
2026-08-23 06:36: Train Epoch 7: 1100/1641 Loss: 0.577266
2026-08-23 06:36: Train Epoch 7: 1120/1641 Loss: 0.608012
2026-08-23 06:37: Train Epoch 7: 1140/1641 Loss: 0.583361
2026-08-23 06:37: Train Epoch 7: 1160/1641 Loss: 0.591055
2026-08-23 06:37: Train Epoch 7: 1180/1641 Loss: 0.587634
2026-08-23 06:37: Train Epoch 7: 1200/1641 Loss: 0.610752
2026-08-23 06:37: Train Epoch 7: 1220/1641 Loss: 0.637350
2026-08-23 06:37: Train Epoch 7: 1240/1641 Loss: 0.630208
2026-08-23 06:37: Train Epoch 7: 1260/1641 Loss: 0.618238
2026-08-23 06:37: Train Epoch 7: 1280/1641 Loss: 0.578891
2026-08-23 06:37: Train Epoch 7: 1300/1641 Loss: 0.594854
2026-08-23 06:37: Train Epoch 7: 1320/1641 Loss: 0.601575
2026-08-23 06:37: Train Epoch 7: 1340/1641 Loss: 0.588425
2026-08-23 06:37: Train Epoch 7: 1360/1641 Loss: 0.618884
2026-08-23 06:37: Train Epoch 7: 1380/1641 Loss: 0.614151
2026-08-23 06:37: Train Epoch 7: 1400/1641 Loss: 0.580325
2026-08-23 06:37: Train Epoch 7: 1420/1641 Loss: 0.588664
2026-08-23 06:37: Train Epoch 7: 1440/1641 Loss: 0.575278
2026-08-23 06:37: Train Epoch 7: 1460/1641 Loss: 0.591577
2026-08-23 06:37: Train Epoch 7: 1480/1641 Loss: 0.594514
2026-08-23 06:37: Train Epoch 7: 1500/1641 Loss: 0.625537
2026-08-23 06:37: Train Epoch 7: 1520/1641 Loss: 0.591406
2026-08-23 06:37: Train Epoch 7: 1540/1641 Loss: 0.595246
2026-08-23 06:37: Train Epoch 7: 1560/1641 Loss: 0.589277
2026-08-23 06:38: Train Epoch 7: 1580/1641 Loss: 0.577046
2026-08-23 06:38: Train Epoch 7: 1600/1641 Loss: 0.568888
2026-08-23 06:38: Train Epoch 7: 1620/1641 Loss: 0.579247
2026-08-23 06:38: Train Epoch 7: 1640/1641 Loss: 0.599020
2026-08-23 06:38: **********Train Epoch 7: averaged Loss: 0.600463, tf_ratio: 1.000000
2026-08-23 06:38: **********Val Epoch 7: average Loss: 0.650591
2026-08-23 06:38: Train Epoch 8: 0/1641 Loss: 0.593445
2026-08-23 06:38: Train Epoch 8: 20/1641 Loss: 0.611228
2026-08-23 06:38: Train Epoch 8: 40/1641 Loss: 0.580183
2026-08-23 06:38: Train Epoch 8: 60/1641 Loss: 0.608466
2026-08-23 06:38: Train Epoch 8: 80/1641 Loss: 0.568527
2026-08-23 06:38: Train Epoch 8: 100/1641 Loss: 0.598105
2026-08-23 06:38: Train Epoch 8: 120/1641 Loss: 0.587504
2026-08-23 06:38: Train Epoch 8: 140/1641 Loss: 0.603408
2026-08-23 06:38: Train Epoch 8: 160/1641 Loss: 0.601640
2026-08-23 06:38: Train Epoch 8: 180/1641 Loss: 0.604150
2026-08-23 06:38: Train Epoch 8: 200/1641 Loss: 0.595108
2026-08-23 06:39: Train Epoch 8: 220/1641 Loss: 0.594868
2026-08-23 06:39: Train Epoch 8: 240/1641 Loss: 0.577179
2026-08-23 06:39: Train Epoch 8: 260/1641 Loss: 0.610822
2026-08-23 06:39: Train Epoch 8: 280/1641 Loss: 0.607030
2026-08-23 06:39: Train Epoch 8: 300/1641 Loss: 0.578803
2026-08-23 06:39: Train Epoch 8: 320/1641 Loss: 0.609604
2026-08-23 06:39: Train Epoch 8: 340/1641 Loss: 0.628166
2026-08-23 06:39: Train Epoch 8: 360/1641 Loss: 0.574426
2026-08-23 06:39: Train Epoch 8: 380/1641 Loss: 0.594107
2026-08-23 06:39: Train Epoch 8: 400/1641 Loss: 0.586249
2026-08-23 06:39: Train Epoch 8: 420/1641 Loss: 0.612429
2026-08-23 06:39: Train Epoch 8: 440/1641 Loss: 0.592780
2026-08-23 06:39: Train Epoch 8: 460/1641 Loss: 0.588321
2026-08-23 06:39: Train Epoch 8: 480/1641 Loss: 0.597212
2026-08-23 06:39: Train Epoch 8: 500/1641 Loss: 0.579930
2026-08-23 06:39: Train Epoch 8: 520/1641 Loss: 0.602161
2026-08-23 06:39: Train Epoch 8: 540/1641 Loss: 0.603832
2026-08-23 06:39: Train Epoch 8: 560/1641 Loss: 0.587845
2026-08-23 06:39: Train Epoch 8: 580/1641 Loss: 0.599668
2026-08-23 06:39: Train Epoch 8: 600/1641 Loss: 0.598033
2026-08-23 06:39: Train Epoch 8: 620/1641 Loss: 0.596278
2026-08-23 06:39: Train Epoch 8: 640/1641 Loss: 0.581985
2026-08-23 06:40: Train Epoch 8: 660/1641 Loss: 0.610910
2026-08-23 06:40: Train Epoch 8: 680/1641 Loss: 0.577053
2026-08-23 06:40: Train Epoch 8: 700/1641 Loss: 0.599925
2026-08-23 06:40: Train Epoch 8: 720/1641 Loss: 0.596015
2026-08-23 06:40: Train Epoch 8: 740/1641 Loss: 0.594890
2026-08-23 06:40: Train Epoch 8: 760/1641 Loss: 0.602989
2026-08-23 06:40: Train Epoch 8: 780/1641 Loss: 0.584253
2026-08-23 06:40: Train Epoch 8: 800/1641 Loss: 0.549152
2026-08-23 06:40: Train Epoch 8: 820/1641 Loss: 0.587301
2026-08-23 06:40: Train Epoch 8: 840/1641 Loss: 0.601486
2026-08-23 06:40: Train Epoch 8: 860/1641 Loss: 0.613644
2026-08-23 06:40: Train Epoch 8: 880/1641 Loss: 0.611929
2026-08-23 06:40: Train Epoch 8: 900/1641 Loss: 0.602750
2026-08-23 06:40: Train Epoch 8: 920/1641 Loss: 0.585246
2026-08-23 06:40: Train Epoch 8: 940/1641 Loss: 0.596559
2026-08-23 06:40: Train Epoch 8: 960/1641 Loss: 0.597592
2026-08-23 06:40: Train Epoch 8: 980/1641 Loss: 0.569933
2026-08-23 06:40: Train Epoch 8: 1000/1641 Loss: 0.570069
2026-08-23 06:40: Train Epoch 8: 1020/1641 Loss: 0.571621
2026-08-23 06:40: Train Epoch 8: 1040/1641 Loss: 0.584761
2026-08-23 06:40: Train Epoch 8: 1060/1641 Loss: 0.611102
2026-08-23 06:40: Train Epoch 8: 1080/1641 Loss: 0.584208
2026-08-23 06:41: Train Epoch 8: 1100/1641 Loss: 0.576875
2026-08-23 06:41: Train Epoch 8: 1120/1641 Loss: 0.591000
2026-08-23 06:41: Train Epoch 8: 1140/1641 Loss: 0.595118
2026-08-23 06:41: Train Epoch 8: 1160/1641 Loss: 0.591164
2026-08-23 06:41: Train Epoch 8: 1180/1641 Loss: 0.617156
2026-08-23 06:41: Train Epoch 8: 1200/1641 Loss: 0.606060
2026-08-23 06:41: Train Epoch 8: 1220/1641 Loss: 0.591442
2026-08-23 06:41: Train Epoch 8: 1240/1641 Loss: 0.591915
2026-08-23 06:41: Train Epoch 8: 1260/1641 Loss: 0.565787
2026-08-23 06:41: Train Epoch 8: 1280/1641 Loss: 0.627601
2026-08-23 06:41: Train Epoch 8: 1300/1641 Loss: 0.582222
2026-08-23 06:41: Train Epoch 8: 1320/1641 Loss: 0.576218
2026-08-23 06:41: Train Epoch 8: 1340/1641 Loss: 0.621590
2026-08-23 06:41: Train Epoch 8: 1360/1641 Loss: 0.602640
2026-08-23 06:41: Train Epoch 8: 1380/1641 Loss: 0.595605
2026-08-23 06:41: Train Epoch 8: 1400/1641 Loss: 0.583726
2026-08-23 06:41: Train Epoch 8: 1420/1641 Loss: 0.596833
2026-08-23 06:41: Train Epoch 8: 1440/1641 Loss: 0.571993
2026-08-23 06:41: Train Epoch 8: 1460/1641 Loss: 0.611903
2026-08-23 06:41: Train Epoch 8: 1480/1641 Loss: 0.592559
2026-08-23 06:41: Train Epoch 8: 1500/1641 Loss: 0.577079
2026-08-23 06:41: Train Epoch 8: 1520/1641 Loss: 0.600460
2026-08-23 06:42: Train Epoch 8: 1540/1641 Loss: 0.617729
2026-08-23 06:42: Train Epoch 8: 1560/1641 Loss: 0.591376
2026-08-23 06:42: Train Epoch 8: 1580/1641 Loss: 0.583578
2026-08-23 06:42: Train Epoch 8: 1600/1641 Loss: 0.591704
2026-08-23 06:42: Train Epoch 8: 1620/1641 Loss: 0.581332
2026-08-23 06:42: Train Epoch 8: 1640/1641 Loss: 0.617774
2026-08-23 06:42: **********Train Epoch 8: averaged Loss: 0.591598, tf_ratio: 1.000000
2026-08-23 06:42: **********Val Epoch 8: average Loss: 0.650785
2026-08-23 06:42: Train Epoch 9: 0/1641 Loss: 0.576962
2026-08-23 06:42: Train Epoch 9: 20/1641 Loss: 0.586102
2026-08-23 06:42: Train Epoch 9: 40/1641 Loss: 0.546121
2026-08-23 06:42: Train Epoch 9: 60/1641 Loss: 0.578850
2026-08-23 06:42: Train Epoch 9: 80/1641 Loss: 0.574686
2026-08-23 06:42: Train Epoch 9: 100/1641 Loss: 0.598395
2026-08-23 06:42: Train Epoch 9: 120/1641 Loss: 0.621343
2026-08-23 06:42: Train Epoch 9: 140/1641 Loss: 0.572851
2026-08-23 06:42: Train Epoch 9: 160/1641 Loss: 0.602981
2026-08-23 06:43: Train Epoch 9: 180/1641 Loss: 0.585217
2026-08-23 06:43: Train Epoch 9: 200/1641 Loss: 0.569540
2026-08-23 06:43: Train Epoch 9: 220/1641 Loss: 0.559390
2026-08-23 06:43: Train Epoch 9: 240/1641 Loss: 0.556038
2026-08-23 06:43: Train Epoch 9: 260/1641 Loss: 0.574281
2026-08-23 06:43: Train Epoch 9: 280/1641 Loss: 0.610087
2026-08-23 06:43: Train Epoch 9: 300/1641 Loss: 0.570318
2026-08-23 06:43: Train Epoch 9: 320/1641 Loss: 0.574826
2026-08-23 06:43: Train Epoch 9: 340/1641 Loss: 0.595922
2026-08-23 06:43: Train Epoch 9: 360/1641 Loss: 0.588993
2026-08-23 06:43: Train Epoch 9: 380/1641 Loss: 0.596324
2026-08-23 06:43: Train Epoch 9: 400/1641 Loss: 0.564522
2026-08-23 06:43: Train Epoch 9: 420/1641 Loss: 0.599187
2026-08-23 06:43: Train Epoch 9: 440/1641 Loss: 0.586404
2026-08-23 06:43: Train Epoch 9: 460/1641 Loss: 0.589572
2026-08-23 06:43: Train Epoch 9: 480/1641 Loss: 0.564141
2026-08-23 06:43: Train Epoch 9: 500/1641 Loss: 0.564870
2026-08-23 06:43: Train Epoch 9: 520/1641 Loss: 0.599136
2026-08-23 06:43: Train Epoch 9: 540/1641 Loss: 0.565058
2026-08-23 06:43: Train Epoch 9: 560/1641 Loss: 0.584748
2026-08-23 06:43: Train Epoch 9: 580/1641 Loss: 0.546639
2026-08-23 06:43: Train Epoch 9: 600/1641 Loss: 0.567322
2026-08-23 06:44: Train Epoch 9: 620/1641 Loss: 0.578653
2026-08-23 06:44: Train Epoch 9: 640/1641 Loss: 0.595101
2026-08-23 06:44: Train Epoch 9: 660/1641 Loss: 0.575416
2026-08-23 06:44: Train Epoch 9: 680/1641 Loss: 0.594319
2026-08-23 06:44: Train Epoch 9: 700/1641 Loss: 0.574042
2026-08-23 06:44: Train Epoch 9: 720/1641 Loss: 0.540932
2026-08-23 06:44: Train Epoch 9: 740/1641 Loss: 0.570220
2026-08-23 06:44: Train Epoch 9: 760/1641 Loss: 0.572496
2026-08-23 06:44: Train Epoch 9: 780/1641 Loss: 0.576727
2026-08-23 06:44: Train Epoch 9: 800/1641 Loss: 0.590526
2026-08-23 06:44: Train Epoch 9: 820/1641 Loss: 0.558611
2026-08-23 06:44: Train Epoch 9: 840/1641 Loss: 0.573570
2026-08-23 06:44: Train Epoch 9: 860/1641 Loss: 0.572679
2026-08-23 06:44: Train Epoch 9: 880/1641 Loss: 0.599780
2026-08-23 06:44: Train Epoch 9: 900/1641 Loss: 0.573457
2026-08-23 06:44: Train Epoch 9: 920/1641 Loss: 0.570723
2026-08-23 06:44: Train Epoch 9: 940/1641 Loss: 0.586160
2026-08-23 06:44: Train Epoch 9: 960/1641 Loss: 0.577967
2026-08-23 06:44: Train Epoch 9: 980/1641 Loss: 0.581101
2026-08-23 06:44: Train Epoch 9: 1000/1641 Loss: 0.564869
2026-08-23 06:44: Train Epoch 9: 1020/1641 Loss: 0.596745
2026-08-23 06:44: Train Epoch 9: 1040/1641 Loss: 0.597545
2026-08-23 06:44: Train Epoch 9: 1060/1641 Loss: 0.604608
2026-08-23 06:45: Train Epoch 9: 1080/1641 Loss: 0.573373
2026-08-23 06:45: Train Epoch 9: 1100/1641 Loss: 0.578255
2026-08-23 06:45: Train Epoch 9: 1120/1641 Loss: 0.567929
2026-08-23 06:45: Train Epoch 9: 1140/1641 Loss: 0.574386
2026-08-23 06:45: Train Epoch 9: 1160/1641 Loss: 0.570450
2026-08-23 06:45: Train Epoch 9: 1180/1641 Loss: 0.578869
2026-08-23 06:45: Train Epoch 9: 1200/1641 Loss: 0.584338
2026-08-23 06:45: Train Epoch 9: 1220/1641 Loss: 0.604212
2026-08-23 06:45: Train Epoch 9: 1240/1641 Loss: 0.598438
2026-08-23 06:45: Train Epoch 9: 1260/1641 Loss: 0.572945
2026-08-23 06:45: Train Epoch 9: 1280/1641 Loss: 0.590634
2026-08-23 06:45: Train Epoch 9: 1300/1641 Loss: 0.586993
2026-08-23 06:45: Train Epoch 9: 1320/1641 Loss: 0.606982
2026-08-23 06:45: Train Epoch 9: 1340/1641 Loss: 0.579214
2026-08-23 06:45: Train Epoch 9: 1360/1641 Loss: 0.603237
2026-08-23 06:45: Train Epoch 9: 1380/1641 Loss: 0.556676
2026-08-23 06:45: Train Epoch 9: 1400/1641 Loss: 0.577999
2026-08-23 06:45: Train Epoch 9: 1420/1641 Loss: 0.572369
2026-08-23 06:45: Train Epoch 9: 1440/1641 Loss: 0.555447
2026-08-23 06:45: Train Epoch 9: 1460/1641 Loss: 0.600065
2026-08-23 06:45: Train Epoch 9: 1480/1641 Loss: 0.567029
2026-08-23 06:45: Train Epoch 9: 1500/1641 Loss: 0.577288
2026-08-23 06:46: Train Epoch 9: 1520/1641 Loss: 0.570555
2026-08-23 06:46: Train Epoch 9: 1540/1641 Loss: 0.578827
2026-08-23 06:46: Train Epoch 9: 1560/1641 Loss: 0.598456
2026-08-23 06:46: Train Epoch 9: 1580/1641 Loss: 0.589330
2026-08-23 06:46: Train Epoch 9: 1600/1641 Loss: 0.568151
2026-08-23 06:46: Train Epoch 9: 1620/1641 Loss: 0.578328
2026-08-23 06:46: Train Epoch 9: 1640/1641 Loss: 0.577965
2026-08-23 06:46: **********Train Epoch 9: averaged Loss: 0.582748, tf_ratio: 1.000000
2026-08-23 06:46: **********Val Epoch 9: average Loss: 0.653362
2026-08-23 06:46: Train Epoch 10: 0/1641 Loss: 0.558647
2026-08-23 06:46: Train Epoch 10: 20/1641 Loss: 0.577893
2026-08-23 06:46: Train Epoch 10: 40/1641 Loss: 0.587787
2026-08-23 06:46: Train Epoch 10: 60/1641 Loss: 0.584615
2026-08-23 06:46: Train Epoch 10: 80/1641 Loss: 0.574301
2026-08-23 06:46: Train Epoch 10: 100/1641 Loss: 0.559026
2026-08-23 06:46: Train Epoch 10: 120/1641 Loss: 0.570018
2026-08-23 06:46: Train Epoch 10: 140/1641 Loss: 0.569309
2026-08-23 06:47: Train Epoch 10: 160/1641 Loss: 0.604352
2026-08-23 06:47: Train Epoch 10: 180/1641 Loss: 0.571909
2026-08-23 06:47: Train Epoch 10: 200/1641 Loss: 0.590295
2026-08-23 06:47: Train Epoch 10: 220/1641 Loss: 0.545467
2026-08-23 06:47: Train Epoch 10: 240/1641 Loss: 0.579552
2026-08-23 06:47: Train Epoch 10: 260/1641 Loss: 0.544703
2026-08-23 06:47: Train Epoch 10: 280/1641 Loss: 0.547030
2026-08-23 06:47: Train Epoch 10: 300/1641 Loss: 0.546937
2026-08-23 06:47: Train Epoch 10: 320/1641 Loss: 0.573357
2026-08-23 06:47: Train Epoch 10: 340/1641 Loss: 0.577401
2026-08-23 06:47: Train Epoch 10: 360/1641 Loss: 0.542431
2026-08-23 06:47: Train Epoch 10: 380/1641 Loss: 0.575720
2026-08-23 06:47: Train Epoch 10: 400/1641 Loss: 0.585709
2026-08-23 06:47: Train Epoch 10: 420/1641 Loss: 0.597129
2026-08-23 06:47: Train Epoch 10: 440/1641 Loss: 0.585593
2026-08-23 06:47: Train Epoch 10: 460/1641 Loss: 0.589561
2026-08-23 06:47: Train Epoch 10: 480/1641 Loss: 0.576885
2026-08-23 06:47: Train Epoch 10: 500/1641 Loss: 0.560139
2026-08-23 06:47: Train Epoch 10: 520/1641 Loss: 0.574134
2026-08-23 06:47: Train Epoch 10: 540/1641 Loss: 0.593350
2026-08-23 06:47: Train Epoch 10: 560/1641 Loss: 0.562747
2026-08-23 06:47: Train Epoch 10: 580/1641 Loss: 0.579008
2026-08-23 06:48: Train Epoch 10: 600/1641 Loss: 0.566910
2026-08-23 06:48: Train Epoch 10: 620/1641 Loss: 0.569733
2026-08-23 06:48: Train Epoch 10: 640/1641 Loss: 0.561347
2026-08-23 06:48: Train Epoch 10: 660/1641 Loss: 0.552438
2026-08-23 06:48: Train Epoch 10: 680/1641 Loss: 0.573194
2026-08-23 06:48: Train Epoch 10: 700/1641 Loss: 0.566128
2026-08-23 06:48: Train Epoch 10: 720/1641 Loss: 0.578000
2026-08-23 06:48: Train Epoch 10: 740/1641 Loss: 0.560210
2026-08-23 06:48: Train Epoch 10: 760/1641 Loss: 0.565602
2026-08-23 06:48: Train Epoch 10: 780/1641 Loss: 0.561825
2026-08-23 06:48: Train Epoch 10: 800/1641 Loss: 0.564736
2026-08-23 06:48: Train Epoch 10: 820/1641 Loss: 0.551743
2026-08-23 06:48: Train Epoch 10: 840/1641 Loss: 0.555882
2026-08-23 06:48: Train Epoch 10: 860/1641 Loss: 0.588763
2026-08-23 06:48: Train Epoch 10: 880/1641 Loss: 0.560659
2026-08-23 06:48: Train Epoch 10: 900/1641 Loss: 0.566549
2026-08-23 06:48: Train Epoch 10: 920/1641 Loss: 0.581416
2026-08-23 06:48: Train Epoch 10: 940/1641 Loss: 0.568940
2026-08-23 06:48: Train Epoch 10: 960/1641 Loss: 0.593984
2026-08-23 06:48: Train Epoch 10: 980/1641 Loss: 0.571232
2026-08-23 06:48: Train Epoch 10: 1000/1641 Loss: 0.577361
2026-08-23 06:48: Train Epoch 10: 1020/1641 Loss: 0.581440
2026-08-23 06:49: Train Epoch 10: 1040/1641 Loss: 0.569733
2026-08-23 06:49: Train Epoch 10: 1060/1641 Loss: 0.603707
2026-08-23 06:49: Train Epoch 10: 1080/1641 Loss: 0.604925
2026-08-23 06:49: Train Epoch 10: 1100/1641 Loss: 0.586198
2026-08-23 06:49: Train Epoch 10: 1120/1641 Loss: 0.544902
2026-08-23 06:49: Train Epoch 10: 1140/1641 Loss: 0.582599
2026-08-23 06:49: Train Epoch 10: 1160/1641 Loss: 0.599506
2026-08-23 06:49: Train Epoch 10: 1180/1641 Loss: 0.589126
2026-08-23 06:49: Train Epoch 10: 1200/1641 Loss: 0.537173
2026-08-23 06:49: Train Epoch 10: 1220/1641 Loss: 0.567566
2026-08-23 06:49: Train Epoch 10: 1240/1641 Loss: 0.544613
2026-08-23 06:49: Train Epoch 10: 1260/1641 Loss: 0.569075
2026-08-23 06:49: Train Epoch 10: 1280/1641 Loss: 0.575159
2026-08-23 06:49: Train Epoch 10: 1300/1641 Loss: 0.567281
2026-08-23 06:49: Train Epoch 10: 1320/1641 Loss: 0.567481
2026-08-23 06:49: Train Epoch 10: 1340/1641 Loss: 0.570661
2026-08-23 06:49: Train Epoch 10: 1360/1641 Loss: 0.580491
2026-08-23 06:49: Train Epoch 10: 1380/1641 Loss: 0.574992
2026-08-23 06:49: Train Epoch 10: 1400/1641 Loss: 0.581752
2026-08-23 06:49: Train Epoch 10: 1420/1641 Loss: 0.576886
2026-08-23 06:49: Train Epoch 10: 1440/1641 Loss: 0.553838
2026-08-23 06:49: Train Epoch 10: 1460/1641 Loss: 0.550014
2026-08-23 06:50: Train Epoch 10: 1480/1641 Loss: 0.572150
2026-08-23 06:50: Train Epoch 10: 1500/1641 Loss: 0.570527
2026-08-23 06:50: Train Epoch 10: 1520/1641 Loss: 0.564760
2026-08-23 06:50: Train Epoch 10: 1540/1641 Loss: 0.554829
2026-08-23 06:50: Train Epoch 10: 1560/1641 Loss: 0.597219
2026-08-23 06:50: Train Epoch 10: 1580/1641 Loss: 0.572150
2026-08-23 06:50: Train Epoch 10: 1600/1641 Loss: 0.576188
2026-08-23 06:50: Train Epoch 10: 1620/1641 Loss: 0.576928
2026-08-23 06:50: Train Epoch 10: 1640/1641 Loss: 0.566146
2026-08-23 06:50: **********Train Epoch 10: averaged Loss: 0.573772, tf_ratio: 1.000000
2026-08-23 06:50: **********Val Epoch 10: average Loss: 0.655671
2026-08-23 06:50: Train Epoch 11: 0/1641 Loss: 0.582545
2026-08-23 06:50: Train Epoch 11: 20/1641 Loss: 0.569225
2026-08-23 06:50: Train Epoch 11: 40/1641 Loss: 0.561506
2026-08-23 06:50: Train Epoch 11: 60/1641 Loss: 0.542093
2026-08-23 06:50: Train Epoch 11: 80/1641 Loss: 0.553044
2026-08-23 06:50: Train Epoch 11: 100/1641 Loss: 0.586534
2026-08-23 06:51: Train Epoch 11: 120/1641 Loss: 0.580404
2026-08-23 06:51: Train Epoch 11: 140/1641 Loss: 0.556252
2026-08-23 06:51: Train Epoch 11: 160/1641 Loss: 0.559913
2026-08-23 06:51: Train Epoch 11: 180/1641 Loss: 0.555283
2026-08-23 06:51: Train Epoch 11: 200/1641 Loss: 0.579799
2026-08-23 06:51: Train Epoch 11: 220/1641 Loss: 0.563413
2026-08-23 06:51: Train Epoch 11: 240/1641 Loss: 0.589897
2026-08-23 06:51: Train Epoch 11: 260/1641 Loss: 0.595090
2026-08-23 06:51: Train Epoch 11: 280/1641 Loss: 0.543739
2026-08-23 06:51: Train Epoch 11: 300/1641 Loss: 0.584593
2026-08-23 06:51: Train Epoch 11: 320/1641 Loss: 0.570806
2026-08-23 06:51: Train Epoch 11: 340/1641 Loss: 0.578567
2026-08-23 06:51: Train Epoch 11: 360/1641 Loss: 0.570221
2026-08-23 06:51: Train Epoch 11: 380/1641 Loss: 0.592059
2026-08-23 06:51: Train Epoch 11: 400/1641 Loss: 0.545416
2026-08-23 06:51: Train Epoch 11: 420/1641 Loss: 0.588485
2026-08-23 06:51: Train Epoch 11: 440/1641 Loss: 0.561290
2026-08-23 06:51: Train Epoch 11: 460/1641 Loss: 0.579061
2026-08-23 06:51: Train Epoch 11: 480/1641 Loss: 0.555923
2026-08-23 06:51: Train Epoch 11: 500/1641 Loss: 0.560461
2026-08-23 06:51: Train Epoch 11: 520/1641 Loss: 0.577762
2026-08-23 06:51: Train Epoch 11: 540/1641 Loss: 0.556093
2026-08-23 06:52: Train Epoch 11: 560/1641 Loss: 0.572423
2026-08-23 06:52: Train Epoch 11: 580/1641 Loss: 0.572176
2026-08-23 06:52: Train Epoch 11: 600/1641 Loss: 0.562271
2026-08-23 06:52: Train Epoch 11: 620/1641 Loss: 0.566959
2026-08-23 06:52: Train Epoch 11: 640/1641 Loss: 0.579585
2026-08-23 06:52: Train Epoch 11: 660/1641 Loss: 0.570911
2026-08-23 06:52: Train Epoch 11: 680/1641 Loss: 0.567856
2026-08-23 06:52: Train Epoch 11: 700/1641 Loss: 0.565473
2026-08-23 06:52: Train Epoch 11: 720/1641 Loss: 0.552450
2026-08-23 06:52: Train Epoch 11: 740/1641 Loss: 0.540527
2026-08-23 06:52: Train Epoch 11: 760/1641 Loss: 0.545221
2026-08-23 06:52: Train Epoch 11: 780/1641 Loss: 0.568035
2026-08-23 06:52: Train Epoch 11: 800/1641 Loss: 0.565832
2026-08-23 06:52: Train Epoch 11: 820/1641 Loss: 0.546943
2026-08-23 06:52: Train Epoch 11: 840/1641 Loss: 0.582772
2026-08-23 06:52: Train Epoch 11: 860/1641 Loss: 0.575725
2026-08-23 06:52: Train Epoch 11: 880/1641 Loss: 0.547451
2026-08-23 06:52: Train Epoch 11: 900/1641 Loss: 0.558239
2026-08-23 06:52: Train Epoch 11: 920/1641 Loss: 0.562274
2026-08-23 06:52: Train Epoch 11: 940/1641 Loss: 0.554651
2026-08-23 06:52: Train Epoch 11: 960/1641 Loss: 0.591569
2026-08-23 06:52: Train Epoch 11: 980/1641 Loss: 0.564130
2026-08-23 06:53: Train Epoch 11: 1000/1641 Loss: 0.553348
2026-08-23 06:53: Train Epoch 11: 1020/1641 Loss: 0.554378
2026-08-23 06:53: Train Epoch 11: 1040/1641 Loss: 0.550983
2026-08-23 06:53: Train Epoch 11: 1060/1641 Loss: 0.562475
2026-08-23 06:53: Train Epoch 11: 1080/1641 Loss: 0.545494
2026-08-23 06:53: Train Epoch 11: 1100/1641 Loss: 0.580998
2026-08-23 06:53: Train Epoch 11: 1120/1641 Loss: 0.548245
2026-08-23 06:53: Train Epoch 11: 1140/1641 Loss: 0.551217
2026-08-23 06:53: Train Epoch 11: 1160/1641 Loss: 0.535068
2026-08-23 06:53: Train Epoch 11: 1180/1641 Loss: 0.591015
2026-08-23 06:53: Train Epoch 11: 1200/1641 Loss: 0.573674
2026-08-23 06:53: Train Epoch 11: 1220/1641 Loss: 0.567435
2026-08-23 06:53: Train Epoch 11: 1240/1641 Loss: 0.541328
2026-08-23 06:53: Train Epoch 11: 1260/1641 Loss: 0.566378
2026-08-23 06:53: Train Epoch 11: 1280/1641 Loss: 0.566424
2026-08-23 06:53: Train Epoch 11: 1300/1641 Loss: 0.540601
2026-08-23 06:53: Train Epoch 11: 1320/1641 Loss: 0.587725
2026-08-23 06:53: Train Epoch 11: 1340/1641 Loss: 0.544620
2026-08-23 06:53: Train Epoch 11: 1360/1641 Loss: 0.584297
2026-08-23 06:53: Train Epoch 11: 1380/1641 Loss: 0.573628
2026-08-23 06:53: Train Epoch 11: 1400/1641 Loss: 0.545966
2026-08-23 06:53: Train Epoch 11: 1420/1641 Loss: 0.551356
2026-08-23 06:54: Train Epoch 11: 1440/1641 Loss: 0.553621
2026-08-23 06:54: Train Epoch 11: 1460/1641 Loss: 0.574240
2026-08-23 06:54: Train Epoch 11: 1480/1641 Loss: 0.567243
2026-08-23 06:54: Train Epoch 11: 1500/1641 Loss: 0.557666
2026-08-23 06:54: Train Epoch 11: 1520/1641 Loss: 0.549076
2026-08-23 06:54: Train Epoch 11: 1540/1641 Loss: 0.604458
2026-08-23 06:54: Train Epoch 11: 1560/1641 Loss: 0.550658
2026-08-23 06:54: Train Epoch 11: 1580/1641 Loss: 0.558173
2026-08-23 06:54: Train Epoch 11: 1600/1641 Loss: 0.562338
2026-08-23 06:54: Train Epoch 11: 1620/1641 Loss: 0.559308
2026-08-23 06:54: Train Epoch 11: 1640/1641 Loss: 0.541361
2026-08-23 06:54: **********Train Epoch 11: averaged Loss: 0.565467, tf_ratio: 1.000000
2026-08-23 06:54: **********Val Epoch 11: average Loss: 0.656210
2026-08-23 06:54: Train Epoch 12: 0/1641 Loss: 0.557283
2026-08-23 06:54: Train Epoch 12: 20/1641 Loss: 0.545819
2026-08-23 06:54: Train Epoch 12: 40/1641 Loss: 0.531726
2026-08-23 06:54: Train Epoch 12: 60/1641 Loss: 0.557252
2026-08-23 06:55: Train Epoch 12: 80/1641 Loss: 0.540576
2026-08-23 06:55: Train Epoch 12: 100/1641 Loss: 0.545301
2026-08-23 06:55: Train Epoch 12: 120/1641 Loss: 0.519337
2026-08-23 06:55: Train Epoch 12: 140/1641 Loss: 0.555094
2026-08-23 06:55: Train Epoch 12: 160/1641 Loss: 0.588220
2026-08-23 06:55: Train Epoch 12: 180/1641 Loss: 0.578404
2026-08-23 06:55: Train Epoch 12: 200/1641 Loss: 0.580859
2026-08-23 06:55: Train Epoch 12: 220/1641 Loss: 0.559779
2026-08-23 06:55: Train Epoch 12: 240/1641 Loss: 0.546279
2026-08-23 06:55: Train Epoch 12: 260/1641 Loss: 0.531709
2026-08-23 06:55: Train Epoch 12: 280/1641 Loss: 0.572722
2026-08-23 06:55: Train Epoch 12: 300/1641 Loss: 0.548629
2026-08-23 06:55: Train Epoch 12: 320/1641 Loss: 0.540718
2026-08-23 06:55: Train Epoch 12: 340/1641 Loss: 0.550372
2026-08-23 06:55: Train Epoch 12: 360/1641 Loss: 0.542585
2026-08-23 06:55: Train Epoch 12: 380/1641 Loss: 0.558616
2026-08-23 06:55: Train Epoch 12: 400/1641 Loss: 0.532076
2026-08-23 06:55: Train Epoch 12: 420/1641 Loss: 0.571283
2026-08-23 06:55: Train Epoch 12: 440/1641 Loss: 0.545461
2026-08-23 06:55: Train Epoch 12: 460/1641 Loss: 0.547063
2026-08-23 06:55: Train Epoch 12: 480/1641 Loss: 0.557585
2026-08-23 06:55: Train Epoch 12: 500/1641 Loss: 0.549709
2026-08-23 06:56: Train Epoch 12: 520/1641 Loss: 0.586473
2026-08-23 06:56: Train Epoch 12: 540/1641 Loss: 0.576916
2026-08-23 06:56: Train Epoch 12: 560/1641 Loss: 0.567698
2026-08-23 06:56: Train Epoch 12: 580/1641 Loss: 0.552031
2026-08-23 06:56: Train Epoch 12: 600/1641 Loss: 0.570562
2026-08-23 06:56: Train Epoch 12: 620/1641 Loss: 0.581594
2026-08-23 06:56: Train Epoch 12: 640/1641 Loss: 0.560464
2026-08-23 06:56: Train Epoch 12: 660/1641 Loss: 0.549546
2026-08-23 06:56: Train Epoch 12: 680/1641 Loss: 0.557245
2026-08-23 06:56: Train Epoch 12: 700/1641 Loss: 0.567849
2026-08-23 06:56: Train Epoch 12: 720/1641 Loss: 0.565631
2026-08-23 06:56: Train Epoch 12: 740/1641 Loss: 0.550632
2026-08-23 06:56: Train Epoch 12: 760/1641 Loss: 0.545686
2026-08-23 06:56: Train Epoch 12: 780/1641 Loss: 0.524451
2026-08-23 06:56: Train Epoch 12: 800/1641 Loss: 0.566519
2026-08-23 06:56: Train Epoch 12: 820/1641 Loss: 0.550452
2026-08-23 06:56: Train Epoch 12: 840/1641 Loss: 0.539531
2026-08-23 06:56: Train Epoch 12: 860/1641 Loss: 0.549172
2026-08-23 06:56: Train Epoch 12: 880/1641 Loss: 0.580110
2026-08-23 06:56: Train Epoch 12: 900/1641 Loss: 0.559337
2026-08-23 06:56: Train Epoch 12: 920/1641 Loss: 0.555226
2026-08-23 06:56: Train Epoch 12: 940/1641 Loss: 0.584699
2026-08-23 06:57: Train Epoch 12: 960/1641 Loss: 0.549217
2026-08-23 06:57: Train Epoch 12: 980/1641 Loss: 0.547751
2026-08-23 06:57: Train Epoch 12: 1000/1641 Loss: 0.542393
2026-08-23 06:57: Train Epoch 12: 1020/1641 Loss: 0.563249
2026-08-23 06:57: Train Epoch 12: 1040/1641 Loss: 0.539075
2026-08-23 06:57: Train Epoch 12: 1060/1641 Loss: 0.592658
2026-08-23 06:57: Train Epoch 12: 1080/1641 Loss: 0.522628
2026-08-23 06:57: Train Epoch 12: 1100/1641 Loss: 0.549690
2026-08-23 06:57: Train Epoch 12: 1120/1641 Loss: 0.563730
2026-08-23 06:57: Train Epoch 12: 1140/1641 Loss: 0.568078
2026-08-23 06:57: Train Epoch 12: 1160/1641 Loss: 0.559004
2026-08-23 06:57: Train Epoch 12: 1180/1641 Loss: 0.561017
2026-08-23 06:57: Train Epoch 12: 1200/1641 Loss: 0.548247
2026-08-23 06:57: Train Epoch 12: 1220/1641 Loss: 0.541155
2026-08-23 06:57: Train Epoch 12: 1240/1641 Loss: 0.574012
2026-08-23 06:57: Train Epoch 12: 1260/1641 Loss: 0.563287
2026-08-23 06:57: Train Epoch 12: 1280/1641 Loss: 0.546270
2026-08-23 06:57: Train Epoch 12: 1300/1641 Loss: 0.572379
2026-08-23 06:57: Train Epoch 12: 1320/1641 Loss: 0.549294
2026-08-23 06:57: Train Epoch 12: 1340/1641 Loss: 0.567082
2026-08-23 06:57: Train Epoch 12: 1360/1641 Loss: 0.553424
2026-08-23 06:57: Train Epoch 12: 1380/1641 Loss: 0.568126
2026-08-23 06:57: Train Epoch 12: 1400/1641 Loss: 0.573596
2026-08-23 06:58: Train Epoch 12: 1420/1641 Loss: 0.531179
2026-08-23 06:58: Train Epoch 12: 1440/1641 Loss: 0.562249
2026-08-23 06:58: Train Epoch 12: 1460/1641 Loss: 0.527208
2026-08-23 06:58: Train Epoch 12: 1480/1641 Loss: 0.556248
2026-08-23 06:58: Train Epoch 12: 1500/1641 Loss: 0.552203
2026-08-23 06:58: Train Epoch 12: 1520/1641 Loss: 0.541623
2026-08-23 06:58: Train Epoch 12: 1540/1641 Loss: 0.562527
2026-08-23 06:58: Train Epoch 12: 1560/1641 Loss: 0.545489
2026-08-23 06:58: Train Epoch 12: 1580/1641 Loss: 0.559465
2026-08-23 06:58: Train Epoch 12: 1600/1641 Loss: 0.553259
2026-08-23 06:58: Train Epoch 12: 1620/1641 Loss: 0.533163
2026-08-23 06:58: Train Epoch 12: 1640/1641 Loss: 0.535360
2026-08-23 06:58: **********Train Epoch 12: averaged Loss: 0.557885, tf_ratio: 1.000000
2026-08-23 06:58: **********Val Epoch 12: average Loss: 0.656393
2026-08-23 06:58: Train Epoch 13: 0/1641 Loss: 0.563816
2026-08-23 06:58: Train Epoch 13: 20/1641 Loss: 0.545367
2026-08-23 06:58: Train Epoch 13: 40/1641 Loss: 0.532022
2026-08-23 06:59: Train Epoch 13: 60/1641 Loss: 0.571236
2026-08-23 06:59: Train Epoch 13: 80/1641 Loss: 0.558560
2026-08-23 06:59: Train Epoch 13: 100/1641 Loss: 0.549329
2026-08-23 06:59: Train Epoch 13: 120/1641 Loss: 0.554928
2026-08-23 06:59: Train Epoch 13: 140/1641 Loss: 0.561302
2026-08-23 06:59: Train Epoch 13: 160/1641 Loss: 0.534007
2026-08-23 06:59: Train Epoch 13: 180/1641 Loss: 0.555752
2026-08-23 06:59: Train Epoch 13: 200/1641 Loss: 0.562437
2026-08-23 06:59: Train Epoch 13: 220/1641 Loss: 0.570833
2026-08-23 06:59: Train Epoch 13: 240/1641 Loss: 0.548503
2026-08-23 06:59: Train Epoch 13: 260/1641 Loss: 0.559473
2026-08-23 06:59: Train Epoch 13: 280/1641 Loss: 0.559454
2026-08-23 06:59: Train Epoch 13: 300/1641 Loss: 0.552407
2026-08-23 06:59: Train Epoch 13: 320/1641 Loss: 0.583209
2026-08-23 06:59: Train Epoch 13: 340/1641 Loss: 0.551592
2026-08-23 06:59: Train Epoch 13: 360/1641 Loss: 0.562152
2026-08-23 06:59: Train Epoch 13: 380/1641 Loss: 0.539641
2026-08-23 06:59: Train Epoch 13: 400/1641 Loss: 0.533043
2026-08-23 06:59: Train Epoch 13: 420/1641 Loss: 0.565389
2026-08-23 06:59: Train Epoch 13: 440/1641 Loss: 0.566133
2026-08-23 06:59: Train Epoch 13: 460/1641 Loss: 0.562934
2026-08-23 06:59: Train Epoch 13: 480/1641 Loss: 0.539235
2026-08-23 07:00: Train Epoch 13: 500/1641 Loss: 0.541884
2026-08-23 07:00: Train Epoch 13: 520/1641 Loss: 0.558646
2026-08-23 07:00: Train Epoch 13: 540/1641 Loss: 0.532370
2026-08-23 07:00: Train Epoch 13: 560/1641 Loss: 0.545189
2026-08-23 07:00: Train Epoch 13: 580/1641 Loss: 0.532225
2026-08-23 07:00: Train Epoch 13: 600/1641 Loss: 0.544850
2026-08-23 07:00: Train Epoch 13: 620/1641 Loss: 0.549405
2026-08-23 07:00: Train Epoch 13: 640/1641 Loss: 0.526400
2026-08-23 07:00: Train Epoch 13: 660/1641 Loss: 0.537377
2026-08-23 07:00: Train Epoch 13: 680/1641 Loss: 0.544054
2026-08-23 07:00: Train Epoch 13: 700/1641 Loss: 0.555058
2026-08-23 07:00: Train Epoch 13: 720/1641 Loss: 0.571319
2026-08-23 07:00: Train Epoch 13: 740/1641 Loss: 0.557194
2026-08-23 07:00: Train Epoch 13: 760/1641 Loss: 0.559805
2026-08-23 07:00: Train Epoch 13: 780/1641 Loss: 0.554556
2026-08-23 07:00: Train Epoch 13: 800/1641 Loss: 0.554929
2026-08-23 07:00: Train Epoch 13: 820/1641 Loss: 0.548091
2026-08-23 07:00: Train Epoch 13: 840/1641 Loss: 0.565806
2026-08-23 07:00: Train Epoch 13: 860/1641 Loss: 0.553125
2026-08-23 07:00: Train Epoch 13: 880/1641 Loss: 0.562663
2026-08-23 07:00: Train Epoch 13: 900/1641 Loss: 0.551804
2026-08-23 07:00: Train Epoch 13: 920/1641 Loss: 0.548723
2026-08-23 07:01: Train Epoch 13: 940/1641 Loss: 0.545065
2026-08-23 07:01: Train Epoch 13: 960/1641 Loss: 0.560803
2026-08-23 07:01: Train Epoch 13: 980/1641 Loss: 0.554165
2026-08-23 07:01: Train Epoch 13: 1000/1641 Loss: 0.557463
2026-08-23 07:01: Train Epoch 13: 1020/1641 Loss: 0.547277
2026-08-23 07:01: Train Epoch 13: 1040/1641 Loss: 0.540727
2026-08-23 07:01: Train Epoch 13: 1060/1641 Loss: 0.563568
2026-08-23 07:01: Train Epoch 13: 1080/1641 Loss: 0.569063
2026-08-23 07:01: Train Epoch 13: 1100/1641 Loss: 0.553583
2026-08-23 07:01: Train Epoch 13: 1120/1641 Loss: 0.559301
2026-08-23 07:01: Train Epoch 13: 1140/1641 Loss: 0.578812
2026-08-23 07:01: Train Epoch 13: 1160/1641 Loss: 0.550632
2026-08-23 07:01: Train Epoch 13: 1180/1641 Loss: 0.544383
2026-08-23 07:01: Train Epoch 13: 1200/1641 Loss: 0.568264
2026-08-23 07:01: Train Epoch 13: 1220/1641 Loss: 0.534397
2026-08-23 07:01: Train Epoch 13: 1240/1641 Loss: 0.533318
2026-08-23 07:01: Train Epoch 13: 1260/1641 Loss: 0.583116
2026-08-23 07:01: Train Epoch 13: 1280/1641 Loss: 0.554712
2026-08-23 07:01: Train Epoch 13: 1300/1641 Loss: 0.559200
2026-08-23 07:01: Train Epoch 13: 1320/1641 Loss: 0.549576
2026-08-23 07:01: Train Epoch 13: 1340/1641 Loss: 0.535019
2026-08-23 07:01: Train Epoch 13: 1360/1641 Loss: 0.552659
2026-08-23 07:02: Train Epoch 13: 1380/1641 Loss: 0.528588
2026-08-23 07:02: Train Epoch 13: 1400/1641 Loss: 0.562523
2026-08-23 07:02: Train Epoch 13: 1420/1641 Loss: 0.562727
2026-08-23 07:02: Train Epoch 13: 1440/1641 Loss: 0.525078
2026-08-23 07:02: Train Epoch 13: 1460/1641 Loss: 0.556389
2026-08-23 07:02: Train Epoch 13: 1480/1641 Loss: 0.528432
2026-08-23 07:02: Train Epoch 13: 1500/1641 Loss: 0.525297
2026-08-23 07:02: Train Epoch 13: 1520/1641 Loss: 0.527237
2026-08-23 07:02: Train Epoch 13: 1540/1641 Loss: 0.537821
2026-08-23 07:02: Train Epoch 13: 1560/1641 Loss: 0.557162
2026-08-23 07:02: Train Epoch 13: 1580/1641 Loss: 0.559599
2026-08-23 07:02: Train Epoch 13: 1600/1641 Loss: 0.551937
2026-08-23 07:02: Train Epoch 13: 1620/1641 Loss: 0.566083
2026-08-23 07:02: Train Epoch 13: 1640/1641 Loss: 0.552137
2026-08-23 07:02: **********Train Epoch 13: averaged Loss: 0.551209, tf_ratio: 1.000000
2026-08-23 07:02: **********Val Epoch 13: average Loss: 0.657757
2026-08-23 07:02: Train Epoch 14: 0/1641 Loss: 0.517608
2026-08-23 07:03: Train Epoch 14: 20/1641 Loss: 0.540762
2026-08-23 07:03: Train Epoch 14: 40/1641 Loss: 0.545512
2026-08-23 07:03: Train Epoch 14: 60/1641 Loss: 0.558486
2026-08-23 07:03: Train Epoch 14: 80/1641 Loss: 0.565522
2026-08-23 07:03: Train Epoch 14: 100/1641 Loss: 0.541060
2026-08-23 07:03: Train Epoch 14: 120/1641 Loss: 0.558442
2026-08-23 07:03: Train Epoch 14: 140/1641 Loss: 0.544601
2026-08-23 07:03: Train Epoch 14: 160/1641 Loss: 0.543895
2026-08-23 07:03: Train Epoch 14: 180/1641 Loss: 0.533275
2026-08-23 07:03: Train Epoch 14: 200/1641 Loss: 0.532460
2026-08-23 07:03: Train Epoch 14: 220/1641 Loss: 0.534670
2026-08-23 07:03: Train Epoch 14: 240/1641 Loss: 0.537488
2026-08-23 07:03: Train Epoch 14: 260/1641 Loss: 0.576360
2026-08-23 07:03: Train Epoch 14: 280/1641 Loss: 0.564075
2026-08-23 07:03: Train Epoch 14: 300/1641 Loss: 0.553592
2026-08-23 07:03: Train Epoch 14: 320/1641 Loss: 0.527196
2026-08-23 07:03: Train Epoch 14: 340/1641 Loss: 0.569214
2026-08-23 07:03: Train Epoch 14: 360/1641 Loss: 0.553068
2026-08-23 07:03: Train Epoch 14: 380/1641 Loss: 0.534767
2026-08-23 07:03: Train Epoch 14: 400/1641 Loss: 0.533102
2026-08-23 07:03: Train Epoch 14: 420/1641 Loss: 0.558100
2026-08-23 07:04: Train Epoch 14: 440/1641 Loss: 0.581196
2026-08-23 07:04: Train Epoch 14: 460/1641 Loss: 0.561739
2026-08-23 07:04: Train Epoch 14: 480/1641 Loss: 0.537967
2026-08-23 07:04: Train Epoch 14: 500/1641 Loss: 0.570672
2026-08-23 07:04: Train Epoch 14: 520/1641 Loss: 0.550739
2026-08-23 07:04: Train Epoch 14: 540/1641 Loss: 0.532737
2026-08-23 07:04: Train Epoch 14: 560/1641 Loss: 0.556134
2026-08-23 07:04: Train Epoch 14: 580/1641 Loss: 0.546163
2026-08-23 07:04: Train Epoch 14: 600/1641 Loss: 0.553751
2026-08-23 07:04: Train Epoch 14: 620/1641 Loss: 0.569640
2026-08-23 07:04: Train Epoch 14: 640/1641 Loss: 0.534196
2026-08-23 07:04: Train Epoch 14: 660/1641 Loss: 0.550833
2026-08-23 07:04: Train Epoch 14: 680/1641 Loss: 0.547578
2026-08-23 07:04: Train Epoch 14: 700/1641 Loss: 0.534517
2026-08-23 07:04: Train Epoch 14: 720/1641 Loss: 0.546384
2026-08-23 07:04: Train Epoch 14: 740/1641 Loss: 0.533250
2026-08-23 07:04: Train Epoch 14: 760/1641 Loss: 0.536196
2026-08-23 07:04: Train Epoch 14: 780/1641 Loss: 0.539068
2026-08-23 07:04: Train Epoch 14: 800/1641 Loss: 0.560432
2026-08-23 07:04: Train Epoch 14: 820/1641 Loss: 0.541398
2026-08-23 07:04: Train Epoch 14: 840/1641 Loss: 0.549142
2026-08-23 07:04: Train Epoch 14: 860/1641 Loss: 0.563327
2026-08-23 07:05: Train Epoch 14: 880/1641 Loss: 0.526595
2026-08-23 07:05: Train Epoch 14: 900/1641 Loss: 0.537088
2026-08-23 07:05: Train Epoch 14: 920/1641 Loss: 0.561923
2026-08-23 07:05: Train Epoch 14: 940/1641 Loss: 0.539648
2026-08-23 07:05: Train Epoch 14: 960/1641 Loss: 0.548983
2026-08-23 07:05: Train Epoch 14: 980/1641 Loss: 0.559449
2026-08-23 07:05: Train Epoch 14: 1000/1641 Loss: 0.544500
2026-08-23 07:05: Train Epoch 14: 1020/1641 Loss: 0.556363
2026-08-23 07:05: Train Epoch 14: 1040/1641 Loss: 0.575179
2026-08-23 07:05: Train Epoch 14: 1060/1641 Loss: 0.537007
2026-08-23 07:05: Train Epoch 14: 1080/1641 Loss: 0.545834
2026-08-23 07:05: Train Epoch 14: 1100/1641 Loss: 0.544664
2026-08-23 07:05: Train Epoch 14: 1120/1641 Loss: 0.526141
2026-08-23 07:05: Train Epoch 14: 1140/1641 Loss: 0.580551
2026-08-23 07:05: Train Epoch 14: 1160/1641 Loss: 0.545673
2026-08-23 07:05: Train Epoch 14: 1180/1641 Loss: 0.580421
2026-08-23 07:05: Train Epoch 14: 1200/1641 Loss: 0.535671
2026-08-23 07:05: Train Epoch 14: 1220/1641 Loss: 0.538145
2026-08-23 07:05: Train Epoch 14: 1240/1641 Loss: 0.574067
2026-08-23 07:05: Train Epoch 14: 1260/1641 Loss: 0.559106
2026-08-23 07:05: Train Epoch 14: 1280/1641 Loss: 0.565941
2026-08-23 07:05: Train Epoch 14: 1300/1641 Loss: 0.530979
2026-08-23 07:06: Train Epoch 14: 1320/1641 Loss: 0.527516
2026-08-23 07:06: Train Epoch 14: 1340/1641 Loss: 0.536340
2026-08-23 07:06: Train Epoch 14: 1360/1641 Loss: 0.541578
2026-08-23 07:06: Train Epoch 14: 1380/1641 Loss: 0.549680
2026-08-23 07:06: Train Epoch 14: 1400/1641 Loss: 0.506858
2026-08-23 07:06: Train Epoch 14: 1420/1641 Loss: 0.541956
2026-08-23 07:06: Train Epoch 14: 1440/1641 Loss: 0.560029
2026-08-23 07:06: Train Epoch 14: 1460/1641 Loss: 0.543885
2026-08-23 07:06: Train Epoch 14: 1480/1641 Loss: 0.535858
2026-08-23 07:06: Train Epoch 14: 1500/1641 Loss: 0.555607
2026-08-23 07:06: Train Epoch 14: 1520/1641 Loss: 0.521212
2026-08-23 07:06: Train Epoch 14: 1540/1641 Loss: 0.549628
2026-08-23 07:06: Train Epoch 14: 1560/1641 Loss: 0.526137
2026-08-23 07:06: Train Epoch 14: 1580/1641 Loss: 0.545591
2026-08-23 07:06: Train Epoch 14: 1600/1641 Loss: 0.515905
2026-08-23 07:06: Train Epoch 14: 1620/1641 Loss: 0.545344
2026-08-23 07:06: Train Epoch 14: 1640/1641 Loss: 0.550871
2026-08-23 07:06: **********Train Epoch 14: averaged Loss: 0.544967, tf_ratio: 1.000000
2026-08-23 07:07: **********Val Epoch 14: average Loss: 0.660823
2026-08-23 07:07: Train Epoch 15: 0/1641 Loss: 0.526958
2026-08-23 07:07: Train Epoch 15: 20/1641 Loss: 0.535923
2026-08-23 07:07: Train Epoch 15: 40/1641 Loss: 0.523586
2026-08-23 07:07: Train Epoch 15: 60/1641 Loss: 0.566725
2026-08-23 07:07: Train Epoch 15: 80/1641 Loss: 0.540448
2026-08-23 07:07: Train Epoch 15: 100/1641 Loss: 0.557642
2026-08-23 07:07: Train Epoch 15: 120/1641 Loss: 0.547268
2026-08-23 07:07: Train Epoch 15: 140/1641 Loss: 0.527731
2026-08-23 07:07: Train Epoch 15: 160/1641 Loss: 0.531494
2026-08-23 07:07: Train Epoch 15: 180/1641 Loss: 0.559148
2026-08-23 07:07: Train Epoch 15: 200/1641 Loss: 0.540819
2026-08-23 07:07: Train Epoch 15: 220/1641 Loss: 0.552876
2026-08-23 07:07: Train Epoch 15: 240/1641 Loss: 0.525936
2026-08-23 07:07: Train Epoch 15: 260/1641 Loss: 0.541959
2026-08-23 07:07: Train Epoch 15: 280/1641 Loss: 0.540480
2026-08-23 07:07: Train Epoch 15: 300/1641 Loss: 0.527895
2026-08-23 07:07: Train Epoch 15: 320/1641 Loss: 0.555664
2026-08-23 07:07: Train Epoch 15: 340/1641 Loss: 0.533696
2026-08-23 07:07: Train Epoch 15: 360/1641 Loss: 0.562496
2026-08-23 07:07: Train Epoch 15: 380/1641 Loss: 0.527867
2026-08-23 07:07: Train Epoch 15: 400/1641 Loss: 0.583312
2026-08-23 07:08: Train Epoch 15: 420/1641 Loss: 0.531263
2026-08-23 07:08: Train Epoch 15: 440/1641 Loss: 0.522647
2026-08-23 07:08: Train Epoch 15: 460/1641 Loss: 0.544535
2026-08-23 07:08: Train Epoch 15: 480/1641 Loss: 0.540430
2026-08-23 07:08: Train Epoch 15: 500/1641 Loss: 0.563381
2026-08-23 07:08: Train Epoch 15: 520/1641 Loss: 0.552169
2026-08-23 07:08: Train Epoch 15: 540/1641 Loss: 0.527920
2026-08-23 07:08: Train Epoch 15: 560/1641 Loss: 0.509486
2026-08-23 07:08: Train Epoch 15: 580/1641 Loss: 0.557155
2026-08-23 07:08: Train Epoch 15: 600/1641 Loss: 0.546013
2026-08-23 07:08: Train Epoch 15: 620/1641 Loss: 0.563944
2026-08-23 07:08: Train Epoch 15: 640/1641 Loss: 0.510889
2026-08-23 07:08: Train Epoch 15: 660/1641 Loss: 0.531078
2026-08-23 07:08: Train Epoch 15: 680/1641 Loss: 0.561905
2026-08-23 07:08: Train Epoch 15: 700/1641 Loss: 0.536096
2026-08-23 07:08: Train Epoch 15: 720/1641 Loss: 0.530713
2026-08-23 07:08: Train Epoch 15: 740/1641 Loss: 0.527552
2026-08-23 07:08: Train Epoch 15: 760/1641 Loss: 0.537055
2026-08-23 07:08: Train Epoch 15: 780/1641 Loss: 0.545642
2026-08-23 07:08: Train Epoch 15: 800/1641 Loss: 0.527151
2026-08-23 07:08: Train Epoch 15: 820/1641 Loss: 0.530966
2026-08-23 07:08: Train Epoch 15: 840/1641 Loss: 0.543632
2026-08-23 07:09: Train Epoch 15: 860/1641 Loss: 0.538155
2026-08-23 07:09: Train Epoch 15: 880/1641 Loss: 0.574705
2026-08-23 07:09: Train Epoch 15: 900/1641 Loss: 0.535727
2026-08-23 07:09: Train Epoch 15: 920/1641 Loss: 0.550693
2026-08-23 07:09: Train Epoch 15: 940/1641 Loss: 0.560142
2026-08-23 07:09: Train Epoch 15: 960/1641 Loss: 0.539513
2026-08-23 07:09: Train Epoch 15: 980/1641 Loss: 0.556787
2026-08-23 07:09: Train Epoch 15: 1000/1641 Loss: 0.558008
2026-08-23 07:09: Train Epoch 15: 1020/1641 Loss: 0.532627
2026-08-23 07:09: Train Epoch 15: 1040/1641 Loss: 0.547437
2026-08-23 07:09: Train Epoch 15: 1060/1641 Loss: 0.537863
2026-08-23 07:09: Train Epoch 15: 1080/1641 Loss: 0.532126
2026-08-23 07:09: Train Epoch 15: 1100/1641 Loss: 0.551740
2026-08-23 07:09: Train Epoch 15: 1120/1641 Loss: 0.531061
2026-08-23 07:09: Train Epoch 15: 1140/1641 Loss: 0.552967
2026-08-23 07:09: Train Epoch 15: 1160/1641 Loss: 0.546145
2026-08-23 07:09: Train Epoch 15: 1180/1641 Loss: 0.554384
2026-08-23 07:09: Train Epoch 15: 1200/1641 Loss: 0.536505
2026-08-23 07:09: Train Epoch 15: 1220/1641 Loss: 0.508158
2026-08-23 07:09: Train Epoch 15: 1240/1641 Loss: 0.525027
2026-08-23 07:09: Train Epoch 15: 1260/1641 Loss: 0.527171
2026-08-23 07:09: Train Epoch 15: 1280/1641 Loss: 0.541603
2026-08-23 07:10: Train Epoch 15: 1300/1641 Loss: 0.550597
2026-08-23 07:10: Train Epoch 15: 1320/1641 Loss: 0.538679
2026-08-23 07:10: Train Epoch 15: 1340/1641 Loss: 0.556349
2026-08-23 07:10: Train Epoch 15: 1360/1641 Loss: 0.574063
2026-08-23 07:10: Train Epoch 15: 1380/1641 Loss: 0.554438
2026-08-23 07:10: Train Epoch 15: 1400/1641 Loss: 0.542885
2026-08-23 07:10: Train Epoch 15: 1420/1641 Loss: 0.538769
2026-08-23 07:10: Train Epoch 15: 1440/1641 Loss: 0.541128
2026-08-23 07:10: Train Epoch 15: 1460/1641 Loss: 0.531531
2026-08-23 07:10: Train Epoch 15: 1480/1641 Loss: 0.525663
2026-08-23 07:10: Train Epoch 15: 1500/1641 Loss: 0.517801
2026-08-23 07:10: Train Epoch 15: 1520/1641 Loss: 0.526443
2026-08-23 07:10: Train Epoch 15: 1540/1641 Loss: 0.503206
2026-08-23 07:10: Train Epoch 15: 1560/1641 Loss: 0.526487
2026-08-23 07:10: Train Epoch 15: 1580/1641 Loss: 0.544443
2026-08-23 07:10: Train Epoch 15: 1600/1641 Loss: 0.520902
2026-08-23 07:10: Train Epoch 15: 1620/1641 Loss: 0.559277
2026-08-23 07:10: Train Epoch 15: 1640/1641 Loss: 0.562016
2026-08-23 07:10: **********Train Epoch 15: averaged Loss: 0.539204, tf_ratio: 1.000000
2026-08-23 07:11: **********Val Epoch 15: average Loss: 0.663598
2026-08-23 07:11: Train Epoch 16: 0/1641 Loss: 0.546009
2026-08-23 07:11: Train Epoch 16: 20/1641 Loss: 0.540990
2026-08-23 07:11: Train Epoch 16: 40/1641 Loss: 0.537364
2026-08-23 07:11: Train Epoch 16: 60/1641 Loss: 0.540952
2026-08-23 07:11: Train Epoch 16: 80/1641 Loss: 0.538510
2026-08-23 07:11: Train Epoch 16: 100/1641 Loss: 0.553978
2026-08-23 07:11: Train Epoch 16: 120/1641 Loss: 0.520526
2026-08-23 07:11: Train Epoch 16: 140/1641 Loss: 0.513679
2026-08-23 07:11: Train Epoch 16: 160/1641 Loss: 0.534469
2026-08-23 07:11: Train Epoch 16: 180/1641 Loss: 0.507972
2026-08-23 07:11: Train Epoch 16: 200/1641 Loss: 0.538300
2026-08-23 07:11: Train Epoch 16: 220/1641 Loss: 0.529504
2026-08-23 07:11: Train Epoch 16: 240/1641 Loss: 0.534933
2026-08-23 07:11: Train Epoch 16: 260/1641 Loss: 0.552535
2026-08-23 07:11: Train Epoch 16: 280/1641 Loss: 0.546570
2026-08-23 07:11: Train Epoch 16: 300/1641 Loss: 0.525636
2026-08-23 07:11: Train Epoch 16: 320/1641 Loss: 0.528188
2026-08-23 07:11: Train Epoch 16: 340/1641 Loss: 0.545016
2026-08-23 07:11: Train Epoch 16: 360/1641 Loss: 0.530150
2026-08-23 07:12: Train Epoch 16: 380/1641 Loss: 0.537390
2026-08-23 07:12: Train Epoch 16: 400/1641 Loss: 0.496629
2026-08-23 07:12: Train Epoch 16: 420/1641 Loss: 0.529635
2026-08-23 07:12: Train Epoch 16: 440/1641 Loss: 0.524278
2026-08-23 07:12: Train Epoch 16: 460/1641 Loss: 0.540981
2026-08-23 07:12: Train Epoch 16: 480/1641 Loss: 0.552792
2026-08-23 07:12: Train Epoch 16: 500/1641 Loss: 0.504795
2026-08-23 07:12: Train Epoch 16: 520/1641 Loss: 0.527394
2026-08-23 07:12: Train Epoch 16: 540/1641 Loss: 0.544614
2026-08-23 07:12: Train Epoch 16: 560/1641 Loss: 0.540524
2026-08-23 07:12: Train Epoch 16: 580/1641 Loss: 0.543538
2026-08-23 07:12: Train Epoch 16: 600/1641 Loss: 0.541977
2026-08-23 07:12: Train Epoch 16: 620/1641 Loss: 0.541531
2026-08-23 07:12: Train Epoch 16: 640/1641 Loss: 0.536590
2026-08-23 07:12: Train Epoch 16: 660/1641 Loss: 0.542828
2026-08-23 07:12: Train Epoch 16: 680/1641 Loss: 0.534436
2026-08-23 07:12: Train Epoch 16: 700/1641 Loss: 0.513194
2026-08-23 07:12: Train Epoch 16: 720/1641 Loss: 0.531846
2026-08-23 07:12: Train Epoch 16: 740/1641 Loss: 0.565856
2026-08-23 07:12: Train Epoch 16: 760/1641 Loss: 0.522187
2026-08-23 07:12: Train Epoch 16: 780/1641 Loss: 0.530884
2026-08-23 07:12: Train Epoch 16: 800/1641 Loss: 0.557103
2026-08-23 07:13: Train Epoch 16: 820/1641 Loss: 0.528088
2026-08-23 07:13: Train Epoch 16: 840/1641 Loss: 0.522053
2026-08-23 07:13: Train Epoch 16: 860/1641 Loss: 0.538244
2026-08-23 07:13: Train Epoch 16: 880/1641 Loss: 0.547389
2026-08-23 07:13: Train Epoch 16: 900/1641 Loss: 0.544146
2026-08-23 07:13: Train Epoch 16: 920/1641 Loss: 0.568916
2026-08-23 07:13: Train Epoch 16: 940/1641 Loss: 0.542171
2026-08-23 07:13: Train Epoch 16: 960/1641 Loss: 0.505582
2026-08-23 07:13: Train Epoch 16: 980/1641 Loss: 0.548918
2026-08-23 07:13: Train Epoch 16: 1000/1641 Loss: 0.546075
2026-08-23 07:13: Train Epoch 16: 1020/1641 Loss: 0.537070
2026-08-23 07:13: Train Epoch 16: 1040/1641 Loss: 0.534937
2026-08-23 07:13: Train Epoch 16: 1060/1641 Loss: 0.544467
2026-08-23 07:13: Train Epoch 16: 1080/1641 Loss: 0.500892
2026-08-23 07:13: Train Epoch 16: 1100/1641 Loss: 0.503426
2026-08-23 07:13: Train Epoch 16: 1120/1641 Loss: 0.538166
2026-08-23 07:13: Train Epoch 16: 1140/1641 Loss: 0.540429
2026-08-23 07:13: Train Epoch 16: 1160/1641 Loss: 0.554836
2026-08-23 07:13: Train Epoch 16: 1180/1641 Loss: 0.548983
2026-08-23 07:13: Train Epoch 16: 1200/1641 Loss: 0.545187
2026-08-23 07:13: Train Epoch 16: 1220/1641 Loss: 0.538383
2026-08-23 07:13: Train Epoch 16: 1240/1641 Loss: 0.543204
2026-08-23 07:13: Train Epoch 16: 1260/1641 Loss: 0.547482
2026-08-23 07:14: Train Epoch 16: 1280/1641 Loss: 0.563011
2026-08-23 07:14: Train Epoch 16: 1300/1641 Loss: 0.530478
2026-08-23 07:14: Train Epoch 16: 1320/1641 Loss: 0.544712
2026-08-23 07:14: Train Epoch 16: 1340/1641 Loss: 0.529686
2026-08-23 07:14: Train Epoch 16: 1360/1641 Loss: 0.535899
2026-08-23 07:14: Train Epoch 16: 1380/1641 Loss: 0.523625
2026-08-23 07:14: Train Epoch 16: 1400/1641 Loss: 0.519616
2026-08-23 07:14: Train Epoch 16: 1420/1641 Loss: 0.557029
2026-08-23 07:14: Train Epoch 16: 1440/1641 Loss: 0.519719
2026-08-23 07:14: Train Epoch 16: 1460/1641 Loss: 0.558704
2026-08-23 07:14: Train Epoch 16: 1480/1641 Loss: 0.561214
2026-08-23 07:14: Train Epoch 16: 1500/1641 Loss: 0.531941
2026-08-23 07:14: Train Epoch 16: 1520/1641 Loss: 0.513790
2026-08-23 07:14: Train Epoch 16: 1540/1641 Loss: 0.543338
2026-08-23 07:14: Train Epoch 16: 1560/1641 Loss: 0.533817
2026-08-23 07:14: Train Epoch 16: 1580/1641 Loss: 0.559057
2026-08-23 07:14: Train Epoch 16: 1600/1641 Loss: 0.555013
2026-08-23 07:14: Train Epoch 16: 1620/1641 Loss: 0.519916
2026-08-23 07:14: Train Epoch 16: 1640/1641 Loss: 0.522683
2026-08-23 07:14: **********Train Epoch 16: averaged Loss: 0.534034, tf_ratio: 1.000000
2026-08-23 07:15: **********Val Epoch 16: average Loss: 0.666477
2026-08-23 07:15: Train Epoch 17: 0/1641 Loss: 0.516227
2026-08-23 07:15: Train Epoch 17: 20/1641 Loss: 0.537040
2026-08-23 07:15: Train Epoch 17: 40/1641 Loss: 0.538348
2026-08-23 07:15: Train Epoch 17: 60/1641 Loss: 0.523884
2026-08-23 07:15: Train Epoch 17: 80/1641 Loss: 0.539122
2026-08-23 07:15: Train Epoch 17: 100/1641 Loss: 0.501059
2026-08-23 07:15: Train Epoch 17: 120/1641 Loss: 0.528187
2026-08-23 07:15: Train Epoch 17: 140/1641 Loss: 0.502080
2026-08-23 07:15: Train Epoch 17: 160/1641 Loss: 0.501404
2026-08-23 07:15: Train Epoch 17: 180/1641 Loss: 0.534946
2026-08-23 07:15: Train Epoch 17: 200/1641 Loss: 0.521695
2026-08-23 07:15: Train Epoch 17: 220/1641 Loss: 0.521776
2026-08-23 07:15: Train Epoch 17: 240/1641 Loss: 0.541774
2026-08-23 07:15: Train Epoch 17: 260/1641 Loss: 0.559499
2026-08-23 07:15: Train Epoch 17: 280/1641 Loss: 0.536642
2026-08-23 07:15: Train Epoch 17: 300/1641 Loss: 0.512490
2026-08-23 07:15: Train Epoch 17: 320/1641 Loss: 0.544700
2026-08-23 07:16: Train Epoch 17: 340/1641 Loss: 0.536037
2026-08-23 07:16: Train Epoch 17: 360/1641 Loss: 0.538324
2026-08-23 07:16: Train Epoch 17: 380/1641 Loss: 0.509841
2026-08-23 07:16: Train Epoch 17: 400/1641 Loss: 0.520887
2026-08-23 07:16: Train Epoch 17: 420/1641 Loss: 0.525090
2026-08-23 07:16: Train Epoch 17: 440/1641 Loss: 0.545891
2026-08-23 07:16: Train Epoch 17: 460/1641 Loss: 0.516668
2026-08-23 07:16: Train Epoch 17: 480/1641 Loss: 0.523624
2026-08-23 07:16: Train Epoch 17: 500/1641 Loss: 0.524767
2026-08-23 07:16: Train Epoch 17: 520/1641 Loss: 0.546053
2026-08-23 07:16: Train Epoch 17: 540/1641 Loss: 0.535351
2026-08-23 07:16: Train Epoch 17: 560/1641 Loss: 0.542572
2026-08-23 07:16: Train Epoch 17: 580/1641 Loss: 0.514818
2026-08-23 07:16: Train Epoch 17: 600/1641 Loss: 0.525750
2026-08-23 07:16: Train Epoch 17: 620/1641 Loss: 0.506560
2026-08-23 07:16: Train Epoch 17: 640/1641 Loss: 0.525625
2026-08-23 07:16: Train Epoch 17: 660/1641 Loss: 0.517608
2026-08-23 07:16: Train Epoch 17: 680/1641 Loss: 0.541380
2026-08-23 07:16: Train Epoch 17: 700/1641 Loss: 0.529031
2026-08-23 07:16: Train Epoch 17: 720/1641 Loss: 0.548270
2026-08-23 07:16: Train Epoch 17: 740/1641 Loss: 0.527395
2026-08-23 07:16: Train Epoch 17: 760/1641 Loss: 0.522115
2026-08-23 07:16: Train Epoch 17: 780/1641 Loss: 0.537652
2026-08-23 07:17: Train Epoch 17: 800/1641 Loss: 0.545806
2026-08-23 07:17: Train Epoch 17: 820/1641 Loss: 0.534718
2026-08-23 07:17: Train Epoch 17: 840/1641 Loss: 0.536495
2026-08-23 07:17: Train Epoch 17: 860/1641 Loss: 0.559772
2026-08-23 07:17: Train Epoch 17: 880/1641 Loss: 0.532155
2026-08-23 07:17: Train Epoch 17: 900/1641 Loss: 0.508961
2026-08-23 07:17: Train Epoch 17: 920/1641 Loss: 0.516775
2026-08-23 07:17: Train Epoch 17: 940/1641 Loss: 0.534090
2026-08-23 07:17: Train Epoch 17: 960/1641 Loss: 0.523542
2026-08-23 07:17: Train Epoch 17: 980/1641 Loss: 0.555622
2026-08-23 07:17: Train Epoch 17: 1000/1641 Loss: 0.529406
2026-08-23 07:17: Train Epoch 17: 1020/1641 Loss: 0.510409
2026-08-23 07:17: Train Epoch 17: 1040/1641 Loss: 0.517594
2026-08-23 07:17: Train Epoch 17: 1060/1641 Loss: 0.525030
2026-08-23 07:17: Train Epoch 17: 1080/1641 Loss: 0.518949
2026-08-23 07:17: Train Epoch 17: 1100/1641 Loss: 0.532425
2026-08-23 07:17: Train Epoch 17: 1120/1641 Loss: 0.526037
2026-08-23 07:17: Train Epoch 17: 1140/1641 Loss: 0.517712
2026-08-23 07:17: Train Epoch 17: 1160/1641 Loss: 0.533387
2026-08-23 07:17: Train Epoch 17: 1180/1641 Loss: 0.525919
2026-08-23 07:17: Train Epoch 17: 1200/1641 Loss: 0.520518
2026-08-23 07:17: Train Epoch 17: 1220/1641 Loss: 0.537575
2026-08-23 07:18: Train Epoch 17: 1240/1641 Loss: 0.509349
2026-08-23 07:18: Train Epoch 17: 1260/1641 Loss: 0.516707
2026-08-23 07:18: Train Epoch 17: 1280/1641 Loss: 0.518483
2026-08-23 07:18: Train Epoch 17: 1300/1641 Loss: 0.509730
2026-08-23 07:18: Train Epoch 17: 1320/1641 Loss: 0.545734
2026-08-23 07:18: Train Epoch 17: 1340/1641 Loss: 0.537003
2026-08-23 07:18: Train Epoch 17: 1360/1641 Loss: 0.489781
2026-08-23 07:18: Train Epoch 17: 1380/1641 Loss: 0.534152
2026-08-23 07:18: Train Epoch 17: 1400/1641 Loss: 0.521356
2026-08-23 07:18: Train Epoch 17: 1420/1641 Loss: 0.526358
2026-08-23 07:18: Train Epoch 17: 1440/1641 Loss: 0.510499
2026-08-23 07:18: Train Epoch 17: 1460/1641 Loss: 0.533721
2026-08-23 07:18: Train Epoch 17: 1480/1641 Loss: 0.510974
2026-08-23 07:18: Train Epoch 17: 1500/1641 Loss: 0.542963
2026-08-23 07:18: Train Epoch 17: 1520/1641 Loss: 0.511361
2026-08-23 07:18: Train Epoch 17: 1540/1641 Loss: 0.524140
2026-08-23 07:18: Train Epoch 17: 1560/1641 Loss: 0.506140
2026-08-23 07:18: Train Epoch 17: 1580/1641 Loss: 0.529915
2026-08-23 07:18: Train Epoch 17: 1600/1641 Loss: 0.520224
2026-08-23 07:18: Train Epoch 17: 1620/1641 Loss: 0.544576
2026-08-23 07:18: Train Epoch 17: 1640/1641 Loss: 0.538227
2026-08-23 07:18: **********Train Epoch 17: averaged Loss: 0.529066, tf_ratio: 1.000000
2026-08-23 07:19: **********Val Epoch 17: average Loss: 0.662973
2026-08-23 07:19: Train Epoch 18: 0/1641 Loss: 0.553259
2026-08-23 07:19: Train Epoch 18: 20/1641 Loss: 0.536040
2026-08-23 07:19: Train Epoch 18: 40/1641 Loss: 0.528727
2026-08-23 07:19: Train Epoch 18: 60/1641 Loss: 0.519413
2026-08-23 07:19: Train Epoch 18: 80/1641 Loss: 0.528744
2026-08-23 07:19: Train Epoch 18: 100/1641 Loss: 0.523744
2026-08-23 07:19: Train Epoch 18: 120/1641 Loss: 0.497668
2026-08-23 07:19: Train Epoch 18: 140/1641 Loss: 0.501733
2026-08-23 07:19: Train Epoch 18: 160/1641 Loss: 0.526127
2026-08-23 07:19: Train Epoch 18: 180/1641 Loss: 0.539166
2026-08-23 07:19: Train Epoch 18: 200/1641 Loss: 0.496873
2026-08-23 07:19: Train Epoch 18: 220/1641 Loss: 0.542533
2026-08-23 07:19: Train Epoch 18: 240/1641 Loss: 0.507736
2026-08-23 07:19: Train Epoch 18: 260/1641 Loss: 0.523994
2026-08-23 07:19: Train Epoch 18: 280/1641 Loss: 0.523992
2026-08-23 07:19: Train Epoch 18: 300/1641 Loss: 0.520114
2026-08-23 07:20: Train Epoch 18: 320/1641 Loss: 0.516115
2026-08-23 07:20: Train Epoch 18: 340/1641 Loss: 0.544491
2026-08-23 07:20: Train Epoch 18: 360/1641 Loss: 0.527236
2026-08-23 07:20: Train Epoch 18: 380/1641 Loss: 0.540624
2026-08-23 07:20: Train Epoch 18: 400/1641 Loss: 0.532369
2026-08-23 07:20: Train Epoch 18: 420/1641 Loss: 0.523593
2026-08-23 07:20: Train Epoch 18: 440/1641 Loss: 0.513728
2026-08-23 07:20: Train Epoch 18: 460/1641 Loss: 0.520434
2026-08-23 07:20: Train Epoch 18: 480/1641 Loss: 0.513310
2026-08-23 07:20: Train Epoch 18: 500/1641 Loss: 0.522984
2026-08-23 07:20: Train Epoch 18: 520/1641 Loss: 0.532812
2026-08-23 07:20: Train Epoch 18: 540/1641 Loss: 0.529588
2026-08-23 07:20: Train Epoch 18: 560/1641 Loss: 0.531998
2026-08-23 07:20: Train Epoch 18: 580/1641 Loss: 0.523745
2026-08-23 07:20: Train Epoch 18: 600/1641 Loss: 0.504704
2026-08-23 07:20: Train Epoch 18: 620/1641 Loss: 0.522770
2026-08-23 07:20: Train Epoch 18: 640/1641 Loss: 0.525633
2026-08-23 07:20: Train Epoch 18: 660/1641 Loss: 0.524760
2026-08-23 07:20: Train Epoch 18: 680/1641 Loss: 0.530051
2026-08-23 07:20: Train Epoch 18: 700/1641 Loss: 0.546690
2026-08-23 07:20: Train Epoch 18: 720/1641 Loss: 0.514411
2026-08-23 07:20: Train Epoch 18: 740/1641 Loss: 0.524927
2026-08-23 07:20: Train Epoch 18: 760/1641 Loss: 0.546701
2026-08-23 07:21: Train Epoch 18: 780/1641 Loss: 0.523138
2026-08-23 07:21: Train Epoch 18: 800/1641 Loss: 0.534730
2026-08-23 07:21: Train Epoch 18: 820/1641 Loss: 0.514145
2026-08-23 07:21: Train Epoch 18: 840/1641 Loss: 0.511710
2026-08-23 07:21: Train Epoch 18: 860/1641 Loss: 0.514637
2026-08-23 07:21: Train Epoch 18: 880/1641 Loss: 0.526473
2026-08-23 07:21: Train Epoch 18: 900/1641 Loss: 0.532474
2026-08-23 07:21: Train Epoch 18: 920/1641 Loss: 0.554234
2026-08-23 07:21: Train Epoch 18: 940/1641 Loss: 0.524831
2026-08-23 07:21: Train Epoch 18: 960/1641 Loss: 0.537902
2026-08-23 07:21: Train Epoch 18: 980/1641 Loss: 0.514161
2026-08-23 07:21: Train Epoch 18: 1000/1641 Loss: 0.556371
2026-08-23 07:21: Train Epoch 18: 1020/1641 Loss: 0.531459
2026-08-23 07:21: Train Epoch 18: 1040/1641 Loss: 0.560112
2026-08-23 07:21: Train Epoch 18: 1060/1641 Loss: 0.514659
2026-08-23 07:21: Train Epoch 18: 1080/1641 Loss: 0.546378
2026-08-23 07:21: Train Epoch 18: 1100/1641 Loss: 0.504140
2026-08-23 07:21: Train Epoch 18: 1120/1641 Loss: 0.480748
2026-08-23 07:21: Train Epoch 18: 1140/1641 Loss: 0.523103
2026-08-23 07:21: Train Epoch 18: 1160/1641 Loss: 0.521167
2026-08-23 07:21: Train Epoch 18: 1180/1641 Loss: 0.551299
2026-08-23 07:21: Train Epoch 18: 1200/1641 Loss: 0.533794
2026-08-23 07:22: Train Epoch 18: 1220/1641 Loss: 0.527108
2026-08-23 07:22: Train Epoch 18: 1240/1641 Loss: 0.536310
2026-08-23 07:22: Train Epoch 18: 1260/1641 Loss: 0.529644
2026-08-23 07:22: Train Epoch 18: 1280/1641 Loss: 0.537566
2026-08-23 07:22: Train Epoch 18: 1300/1641 Loss: 0.518044
2026-08-23 07:22: Train Epoch 18: 1320/1641 Loss: 0.565656
2026-08-23 07:22: Train Epoch 18: 1340/1641 Loss: 0.524441
2026-08-23 07:22: Train Epoch 18: 1360/1641 Loss: 0.506976
2026-08-23 07:22: Train Epoch 18: 1380/1641 Loss: 0.535202
2026-08-23 07:22: Train Epoch 18: 1400/1641 Loss: 0.526901
2026-08-23 07:22: Train Epoch 18: 1420/1641 Loss: 0.521205
2026-08-23 07:22: Train Epoch 18: 1440/1641 Loss: 0.534244
2026-08-23 07:22: Train Epoch 18: 1460/1641 Loss: 0.508596
2026-08-23 07:22: Train Epoch 18: 1480/1641 Loss: 0.518960
2026-08-23 07:22: Train Epoch 18: 1500/1641 Loss: 0.521177
2026-08-23 07:22: Train Epoch 18: 1520/1641 Loss: 0.530776
2026-08-23 07:22: Train Epoch 18: 1540/1641 Loss: 0.519952
2026-08-23 07:22: Train Epoch 18: 1560/1641 Loss: 0.510373
2026-08-23 07:22: Train Epoch 18: 1580/1641 Loss: 0.528518
2026-08-23 07:22: Train Epoch 18: 1600/1641 Loss: 0.511766
2026-08-23 07:22: Train Epoch 18: 1620/1641 Loss: 0.552919
2026-08-23 07:22: Train Epoch 18: 1640/1641 Loss: 0.521286
2026-08-23 07:22: **********Train Epoch 18: averaged Loss: 0.524750, tf_ratio: 1.000000
2026-08-23 07:23: **********Val Epoch 18: average Loss: 0.663587
2026-08-23 07:23: Train Epoch 19: 0/1641 Loss: 0.519836
2026-08-23 07:23: Train Epoch 19: 20/1641 Loss: 0.524627
2026-08-23 07:23: Train Epoch 19: 40/1641 Loss: 0.521052
2026-08-23 07:23: Train Epoch 19: 60/1641 Loss: 0.527755
2026-08-23 07:23: Train Epoch 19: 80/1641 Loss: 0.509079
2026-08-23 07:23: Train Epoch 19: 100/1641 Loss: 0.505994
2026-08-23 07:23: Train Epoch 19: 120/1641 Loss: 0.515856
2026-08-23 07:23: Train Epoch 19: 140/1641 Loss: 0.495538
2026-08-23 07:23: Train Epoch 19: 160/1641 Loss: 0.515915
2026-08-23 07:23: Train Epoch 19: 180/1641 Loss: 0.512383
2026-08-23 07:23: Train Epoch 19: 200/1641 Loss: 0.520251
2026-08-23 07:23: Train Epoch 19: 220/1641 Loss: 0.520647
2026-08-23 07:23: Train Epoch 19: 240/1641 Loss: 0.499273
2026-08-23 07:23: Train Epoch 19: 260/1641 Loss: 0.532751
2026-08-23 07:23: Train Epoch 19: 280/1641 Loss: 0.512328
2026-08-23 07:24: Train Epoch 19: 300/1641 Loss: 0.524220
2026-08-23 07:24: Train Epoch 19: 320/1641 Loss: 0.502943
2026-08-23 07:24: Train Epoch 19: 340/1641 Loss: 0.517970
2026-08-23 07:24: Train Epoch 19: 360/1641 Loss: 0.516027
2026-08-23 07:24: Train Epoch 19: 380/1641 Loss: 0.512649
2026-08-23 07:24: Train Epoch 19: 400/1641 Loss: 0.538308
2026-08-23 07:24: Train Epoch 19: 420/1641 Loss: 0.543892
2026-08-23 07:24: Train Epoch 19: 440/1641 Loss: 0.524372
2026-08-23 07:24: Train Epoch 19: 460/1641 Loss: 0.547467
2026-08-23 07:24: Train Epoch 19: 480/1641 Loss: 0.544031
2026-08-23 07:24: Train Epoch 19: 500/1641 Loss: 0.539217
2026-08-23 07:24: Train Epoch 19: 520/1641 Loss: 0.508047
2026-08-23 07:24: Train Epoch 19: 540/1641 Loss: 0.523978
2026-08-23 07:24: Train Epoch 19: 560/1641 Loss: 0.535202
2026-08-23 07:24: Train Epoch 19: 580/1641 Loss: 0.503439
2026-08-23 07:24: Train Epoch 19: 600/1641 Loss: 0.519479
2026-08-23 07:24: Train Epoch 19: 620/1641 Loss: 0.516544
2026-08-23 07:24: Train Epoch 19: 640/1641 Loss: 0.514803
2026-08-23 07:24: Train Epoch 19: 660/1641 Loss: 0.530249
2026-08-23 07:24: Train Epoch 19: 680/1641 Loss: 0.525201
2026-08-23 07:24: Train Epoch 19: 700/1641 Loss: 0.511577
2026-08-23 07:24: Train Epoch 19: 720/1641 Loss: 0.532373
2026-08-23 07:24: Train Epoch 19: 740/1641 Loss: 0.510905
2026-08-23 07:25: Train Epoch 19: 760/1641 Loss: 0.505915
2026-08-23 07:25: Train Epoch 19: 780/1641 Loss: 0.506468
2026-08-23 07:25: Train Epoch 19: 800/1641 Loss: 0.527645
2026-08-23 07:25: Train Epoch 19: 820/1641 Loss: 0.521454
2026-08-23 07:25: Train Epoch 19: 840/1641 Loss: 0.511707
2026-08-23 07:25: Train Epoch 19: 860/1641 Loss: 0.520270
2026-08-23 07:25: Train Epoch 19: 880/1641 Loss: 0.510496
2026-08-23 07:25: Train Epoch 19: 900/1641 Loss: 0.524854
2026-08-23 07:25: Train Epoch 19: 920/1641 Loss: 0.541464
2026-08-23 07:25: Train Epoch 19: 940/1641 Loss: 0.507079
2026-08-23 07:25: Train Epoch 19: 960/1641 Loss: 0.525142
2026-08-23 07:25: Train Epoch 19: 980/1641 Loss: 0.532457
2026-08-23 07:25: Train Epoch 19: 1000/1641 Loss: 0.501644
2026-08-23 07:25: Train Epoch 19: 1020/1641 Loss: 0.544682
2026-08-23 07:25: Train Epoch 19: 1040/1641 Loss: 0.548064
2026-08-23 07:25: Train Epoch 19: 1060/1641 Loss: 0.512137
2026-08-23 07:25: Train Epoch 19: 1080/1641 Loss: 0.519785
2026-08-23 07:25: Train Epoch 19: 1100/1641 Loss: 0.528444
2026-08-23 07:25: Train Epoch 19: 1120/1641 Loss: 0.502576
2026-08-23 07:25: Train Epoch 19: 1140/1641 Loss: 0.515225
2026-08-23 07:25: Train Epoch 19: 1160/1641 Loss: 0.515326
2026-08-23 07:25: Train Epoch 19: 1180/1641 Loss: 0.531853
2026-08-23 07:26: Train Epoch 19: 1200/1641 Loss: 0.515614
2026-08-23 07:26: Train Epoch 19: 1220/1641 Loss: 0.507927
2026-08-23 07:26: Train Epoch 19: 1240/1641 Loss: 0.506447
2026-08-23 07:26: Train Epoch 19: 1260/1641 Loss: 0.519421
2026-08-23 07:26: Train Epoch 19: 1280/1641 Loss: 0.516051
2026-08-23 07:26: Train Epoch 19: 1300/1641 Loss: 0.483822
2026-08-23 07:26: Train Epoch 19: 1320/1641 Loss: 0.504444
2026-08-23 07:26: Train Epoch 19: 1340/1641 Loss: 0.505778
2026-08-23 07:26: Train Epoch 19: 1360/1641 Loss: 0.525601
2026-08-23 07:26: Train Epoch 19: 1380/1641 Loss: 0.519332
2026-08-23 07:26: Train Epoch 19: 1400/1641 Loss: 0.531347
2026-08-23 07:26: Train Epoch 19: 1420/1641 Loss: 0.527265
2026-08-23 07:26: Train Epoch 19: 1440/1641 Loss: 0.522980
2026-08-23 07:26: Train Epoch 19: 1460/1641 Loss: 0.529961
2026-08-23 07:26: Train Epoch 19: 1480/1641 Loss: 0.494235
2026-08-23 07:26: Train Epoch 19: 1500/1641 Loss: 0.495148
2026-08-23 07:26: Train Epoch 19: 1520/1641 Loss: 0.509669
2026-08-23 07:26: Train Epoch 19: 1540/1641 Loss: 0.501678
2026-08-23 07:26: Train Epoch 19: 1560/1641 Loss: 0.511222
2026-08-23 07:26: Train Epoch 19: 1580/1641 Loss: 0.522007
2026-08-23 07:26: Train Epoch 19: 1600/1641 Loss: 0.510195
2026-08-23 07:26: Train Epoch 19: 1620/1641 Loss: 0.521621
2026-08-23 07:27: Train Epoch 19: 1640/1641 Loss: 0.524884
2026-08-23 07:27: **********Train Epoch 19: averaged Loss: 0.520555, tf_ratio: 1.000000
2026-08-23 07:27: **********Val Epoch 19: average Loss: 0.667330
2026-08-23 07:27: Train Epoch 20: 0/1641 Loss: 0.496405
2026-08-23 07:27: Train Epoch 20: 20/1641 Loss: 0.495393
2026-08-23 07:27: Train Epoch 20: 40/1641 Loss: 0.527441
2026-08-23 07:27: Train Epoch 20: 60/1641 Loss: 0.513078
2026-08-23 07:27: Train Epoch 20: 80/1641 Loss: 0.502417
2026-08-23 07:27: Train Epoch 20: 100/1641 Loss: 0.525258
2026-08-23 07:27: Train Epoch 20: 120/1641 Loss: 0.537465
2026-08-23 07:27: Train Epoch 20: 140/1641 Loss: 0.513753
2026-08-23 07:27: Train Epoch 20: 160/1641 Loss: 0.527403
2026-08-23 07:27: Train Epoch 20: 180/1641 Loss: 0.530224
2026-08-23 07:27: Train Epoch 20: 200/1641 Loss: 0.519301
2026-08-23 07:27: Train Epoch 20: 220/1641 Loss: 0.550364
2026-08-23 07:27: Train Epoch 20: 240/1641 Loss: 0.520315
2026-08-23 07:28: Train Epoch 20: 260/1641 Loss: 0.521778
2026-08-23 07:28: Train Epoch 20: 280/1641 Loss: 0.512464
2026-08-23 07:28: Train Epoch 20: 300/1641 Loss: 0.508641
2026-08-23 07:28: Train Epoch 20: 320/1641 Loss: 0.527560
2026-08-23 07:28: Train Epoch 20: 340/1641 Loss: 0.513671
2026-08-23 07:28: Train Epoch 20: 360/1641 Loss: 0.509599
2026-08-23 07:28: Train Epoch 20: 380/1641 Loss: 0.502117
2026-08-23 07:28: Train Epoch 20: 400/1641 Loss: 0.487107
2026-08-23 07:28: Train Epoch 20: 420/1641 Loss: 0.492101
2026-08-23 07:28: Train Epoch 20: 440/1641 Loss: 0.516716
2026-08-23 07:28: Train Epoch 20: 460/1641 Loss: 0.498979
2026-08-23 07:28: Train Epoch 20: 480/1641 Loss: 0.529406
2026-08-23 07:28: Train Epoch 20: 500/1641 Loss: 0.529766
2026-08-23 07:28: Train Epoch 20: 520/1641 Loss: 0.531923
2026-08-23 07:28: Train Epoch 20: 540/1641 Loss: 0.524487
2026-08-23 07:28: Train Epoch 20: 560/1641 Loss: 0.518244
2026-08-23 07:28: Train Epoch 20: 580/1641 Loss: 0.508343
2026-08-23 07:28: Train Epoch 20: 600/1641 Loss: 0.543185
2026-08-23 07:28: Train Epoch 20: 620/1641 Loss: 0.540561
2026-08-23 07:28: Train Epoch 20: 640/1641 Loss: 0.513460
2026-08-23 07:28: Train Epoch 20: 660/1641 Loss: 0.514953
2026-08-23 07:28: Train Epoch 20: 680/1641 Loss: 0.511928
2026-08-23 07:29: Train Epoch 20: 700/1641 Loss: 0.523220
2026-08-23 07:29: Train Epoch 20: 720/1641 Loss: 0.522119
2026-08-23 07:29: Train Epoch 20: 740/1641 Loss: 0.509907
2026-08-23 07:29: Train Epoch 20: 760/1641 Loss: 0.502071
2026-08-23 07:29: Train Epoch 20: 780/1641 Loss: 0.533144
2026-08-23 07:29: Train Epoch 20: 800/1641 Loss: 0.510475
2026-08-23 07:29: Train Epoch 20: 820/1641 Loss: 0.535292
2026-08-23 07:29: Train Epoch 20: 840/1641 Loss: 0.540321
2026-08-23 07:29: Train Epoch 20: 860/1641 Loss: 0.509947
2026-08-23 07:29: Train Epoch 20: 880/1641 Loss: 0.509296
2026-08-23 07:29: Train Epoch 20: 900/1641 Loss: 0.532005
2026-08-23 07:29: Train Epoch 20: 920/1641 Loss: 0.515344
2026-08-23 07:29: Train Epoch 20: 940/1641 Loss: 0.506436
2026-08-23 07:29: Train Epoch 20: 960/1641 Loss: 0.517453
2026-08-23 07:29: Train Epoch 20: 980/1641 Loss: 0.529186
2026-08-23 07:29: Train Epoch 20: 1000/1641 Loss: 0.526602
2026-08-23 07:29: Train Epoch 20: 1020/1641 Loss: 0.518169
2026-08-23 07:29: Train Epoch 20: 1040/1641 Loss: 0.510784
2026-08-23 07:29: Train Epoch 20: 1060/1641 Loss: 0.523341
2026-08-23 07:29: Train Epoch 20: 1080/1641 Loss: 0.507766
2026-08-23 07:29: Train Epoch 20: 1100/1641 Loss: 0.519220
2026-08-23 07:29: Train Epoch 20: 1120/1641 Loss: 0.523003
2026-08-23 07:30: Train Epoch 20: 1140/1641 Loss: 0.509717
2026-08-23 07:30: Train Epoch 20: 1160/1641 Loss: 0.525474
2026-08-23 07:30: Train Epoch 20: 1180/1641 Loss: 0.479919
2026-08-23 07:30: Train Epoch 20: 1200/1641 Loss: 0.534129
2026-08-23 07:30: Train Epoch 20: 1220/1641 Loss: 0.488388
2026-08-23 07:30: Train Epoch 20: 1240/1641 Loss: 0.515912
2026-08-23 07:30: Train Epoch 20: 1260/1641 Loss: 0.521461
2026-08-23 07:30: Train Epoch 20: 1280/1641 Loss: 0.502805
2026-08-23 07:30: Train Epoch 20: 1300/1641 Loss: 0.499437
2026-08-23 07:30: Train Epoch 20: 1320/1641 Loss: 0.503884
2026-08-23 07:30: Train Epoch 20: 1340/1641 Loss: 0.510355
2026-08-23 07:30: Train Epoch 20: 1360/1641 Loss: 0.518508
2026-08-23 07:30: Train Epoch 20: 1380/1641 Loss: 0.508257
2026-08-23 07:30: Train Epoch 20: 1400/1641 Loss: 0.496718
2026-08-23 07:30: Train Epoch 20: 1420/1641 Loss: 0.508135
2026-08-23 07:30: Train Epoch 20: 1440/1641 Loss: 0.486207
2026-08-23 07:30: Train Epoch 20: 1460/1641 Loss: 0.545949
2026-08-23 07:30: Train Epoch 20: 1480/1641 Loss: 0.532006
2026-08-23 07:30: Train Epoch 20: 1500/1641 Loss: 0.506589
2026-08-23 07:30: Train Epoch 20: 1520/1641 Loss: 0.525518
2026-08-23 07:30: Train Epoch 20: 1540/1641 Loss: 0.523110
2026-08-23 07:30: Train Epoch 20: 1560/1641 Loss: 0.503887
2026-08-23 07:31: Train Epoch 20: 1580/1641 Loss: 0.518173
2026-08-23 07:31: Train Epoch 20: 1600/1641 Loss: 0.533751
2026-08-23 07:31: Train Epoch 20: 1620/1641 Loss: 0.513306
2026-08-23 07:31: Train Epoch 20: 1640/1641 Loss: 0.521647
2026-08-23 07:31: **********Train Epoch 20: averaged Loss: 0.516748, tf_ratio: 1.000000
2026-08-23 07:31: **********Val Epoch 20: average Loss: 0.669390
2026-08-23 07:31: Train Epoch 21: 0/1641 Loss: 0.516395
2026-08-23 07:31: Train Epoch 21: 20/1641 Loss: 0.517966
2026-08-23 07:31: Train Epoch 21: 40/1641 Loss: 0.511097
2026-08-23 07:31: Train Epoch 21: 60/1641 Loss: 0.536535
2026-08-23 07:31: Train Epoch 21: 80/1641 Loss: 0.517811
2026-08-23 07:31: Train Epoch 21: 100/1641 Loss: 0.501362
2026-08-23 07:31: Train Epoch 21: 120/1641 Loss: 0.497348
2026-08-23 07:31: Train Epoch 21: 140/1641 Loss: 0.529242
2026-08-23 07:31: Train Epoch 21: 160/1641 Loss: 0.532860
2026-08-23 07:31: Train Epoch 21: 180/1641 Loss: 0.533538
2026-08-23 07:31: Train Epoch 21: 200/1641 Loss: 0.503882
2026-08-23 07:32: Train Epoch 21: 220/1641 Loss: 0.517096
2026-08-23 07:32: Train Epoch 21: 240/1641 Loss: 0.520951
2026-08-23 07:32: Train Epoch 21: 260/1641 Loss: 0.510786
2026-08-23 07:32: Train Epoch 21: 280/1641 Loss: 0.504655
2026-08-23 07:32: Train Epoch 21: 300/1641 Loss: 0.486649
2026-08-23 07:32: Train Epoch 21: 320/1641 Loss: 0.497717
2026-08-23 07:32: Train Epoch 21: 340/1641 Loss: 0.521595
2026-08-23 07:32: Train Epoch 21: 360/1641 Loss: 0.488723
2026-08-23 07:32: Train Epoch 21: 380/1641 Loss: 0.514553
2026-08-23 07:32: Train Epoch 21: 400/1641 Loss: 0.521729
2026-08-23 07:32: Train Epoch 21: 420/1641 Loss: 0.533465
2026-08-23 07:32: Train Epoch 21: 440/1641 Loss: 0.499088
2026-08-23 07:32: Train Epoch 21: 460/1641 Loss: 0.526863
2026-08-23 07:32: Train Epoch 21: 480/1641 Loss: 0.519244
2026-08-23 07:32: Train Epoch 21: 500/1641 Loss: 0.512903
2026-08-23 07:32: Train Epoch 21: 520/1641 Loss: 0.531492
2026-08-23 07:32: Train Epoch 21: 540/1641 Loss: 0.517674
2026-08-23 07:32: Train Epoch 21: 560/1641 Loss: 0.519286
2026-08-23 07:32: Train Epoch 21: 580/1641 Loss: 0.514460
2026-08-23 07:32: Train Epoch 21: 600/1641 Loss: 0.504050
2026-08-23 07:32: Train Epoch 21: 620/1641 Loss: 0.500683
2026-08-23 07:32: Train Epoch 21: 640/1641 Loss: 0.495748
2026-08-23 07:33: Train Epoch 21: 660/1641 Loss: 0.497277
2026-08-23 07:33: Train Epoch 21: 680/1641 Loss: 0.514929
2026-08-23 07:33: Train Epoch 21: 700/1641 Loss: 0.536754
2026-08-23 07:33: Train Epoch 21: 720/1641 Loss: 0.505112
2026-08-23 07:33: Train Epoch 21: 740/1641 Loss: 0.531723
2026-08-23 07:33: Train Epoch 21: 760/1641 Loss: 0.529055
2026-08-23 07:33: Train Epoch 21: 780/1641 Loss: 0.511658
2026-08-23 07:33: Train Epoch 21: 800/1641 Loss: 0.515602
2026-08-23 07:33: Train Epoch 21: 820/1641 Loss: 0.521286
2026-08-23 07:33: Train Epoch 21: 840/1641 Loss: 0.528585
2026-08-23 07:33: Train Epoch 21: 860/1641 Loss: 0.531023
2026-08-23 07:33: Train Epoch 21: 880/1641 Loss: 0.514630
2026-08-23 07:33: Train Epoch 21: 900/1641 Loss: 0.518655
2026-08-23 07:33: Train Epoch 21: 920/1641 Loss: 0.517009
2026-08-23 07:33: Train Epoch 21: 940/1641 Loss: 0.529033
2026-08-23 07:33: Train Epoch 21: 960/1641 Loss: 0.508991
2026-08-23 07:33: Train Epoch 21: 980/1641 Loss: 0.506363
2026-08-23 07:33: Train Epoch 21: 1000/1641 Loss: 0.508532
2026-08-23 07:33: Train Epoch 21: 1020/1641 Loss: 0.507720
2026-08-23 07:33: Train Epoch 21: 1040/1641 Loss: 0.504860
2026-08-23 07:33: Train Epoch 21: 1060/1641 Loss: 0.518778
2026-08-23 07:33: Train Epoch 21: 1080/1641 Loss: 0.527985
2026-08-23 07:34: Train Epoch 21: 1100/1641 Loss: 0.507612
2026-08-23 07:34: Train Epoch 21: 1120/1641 Loss: 0.516799
2026-08-23 07:34: Train Epoch 21: 1140/1641 Loss: 0.502629
2026-08-23 07:34: Train Epoch 21: 1160/1641 Loss: 0.526413
2026-08-23 07:34: Train Epoch 21: 1180/1641 Loss: 0.499551
2026-08-23 07:34: Train Epoch 21: 1200/1641 Loss: 0.498487
2026-08-23 07:34: Train Epoch 21: 1220/1641 Loss: 0.513349
2026-08-23 07:34: Train Epoch 21: 1240/1641 Loss: 0.524535
2026-08-23 07:34: Train Epoch 21: 1260/1641 Loss: 0.486744
2026-08-23 07:34: Train Epoch 21: 1280/1641 Loss: 0.507734
2026-08-23 07:34: Train Epoch 21: 1300/1641 Loss: 0.525819
2026-08-23 07:34: Train Epoch 21: 1320/1641 Loss: 0.519068
2026-08-23 07:34: Train Epoch 21: 1340/1641 Loss: 0.517121
2026-08-23 07:34: Train Epoch 21: 1360/1641 Loss: 0.513074
2026-08-23 07:34: Train Epoch 21: 1380/1641 Loss: 0.529670
2026-08-23 07:34: Train Epoch 21: 1400/1641 Loss: 0.500101
2026-08-23 07:34: Train Epoch 21: 1420/1641 Loss: 0.521692
2026-08-23 07:34: Train Epoch 21: 1440/1641 Loss: 0.515780
2026-08-23 07:34: Train Epoch 21: 1460/1641 Loss: 0.510755
2026-08-23 07:34: Train Epoch 21: 1480/1641 Loss: 0.508373
2026-08-23 07:34: Train Epoch 21: 1500/1641 Loss: 0.520318
2026-08-23 07:34: Train Epoch 21: 1520/1641 Loss: 0.507964
2026-08-23 07:35: Train Epoch 21: 1540/1641 Loss: 0.509429
2026-08-23 07:35: Train Epoch 21: 1560/1641 Loss: 0.522204
2026-08-23 07:35: Train Epoch 21: 1580/1641 Loss: 0.527201
2026-08-23 07:35: Train Epoch 21: 1600/1641 Loss: 0.500484
2026-08-23 07:35: Train Epoch 21: 1620/1641 Loss: 0.536228
2026-08-23 07:35: Train Epoch 21: 1640/1641 Loss: 0.531771
2026-08-23 07:35: **********Train Epoch 21: averaged Loss: 0.513119, tf_ratio: 1.000000
2026-08-23 07:35: **********Val Epoch 21: average Loss: 0.668626
2026-08-23 07:35: Validation performance didn't improve for 15 epochs. Training stops.
2026-08-23 07:35: Total training time: 85.6389min, best loss: 0.647225
2026-08-23 07:35: Saving current best model to /scratch/chkkar002/Diffusion_Based_STGNNs/RealValue/AGCRN/model/experiments/SAWS/20260823060957/best_model.pth
2026-08-23 07:36: Horizon 01, MAE: 0.40, RMSE: 0.72, MAPE: 376.7589%
2026-08-23 07:36: Horizon 02, MAE: 0.48, RMSE: 0.79, MAPE: 439.7713%
2026-08-23 07:36: Horizon 03, MAE: 0.53, RMSE: 0.82, MAPE: 463.2461%
2026-08-23 07:36: Horizon 04, MAE: 0.56, RMSE: 0.85, MAPE: 486.5492%
2026-08-23 07:36: Horizon 05, MAE: 0.57, RMSE: 0.87, MAPE: 498.2306%
2026-08-23 07:36: Horizon 06, MAE: 0.59, RMSE: 0.88, MAPE: 504.0415%
2026-08-23 07:36: Horizon 07, MAE: 0.60, RMSE: 0.89, MAPE: 508.4188%
2026-08-23 07:36: Horizon 08, MAE: 0.61, RMSE: 0.90, MAPE: 517.8867%
2026-08-23 07:36: Horizon 09, MAE: 0.62, RMSE: 0.90, MAPE: 526.8766%
2026-08-23 07:36: Horizon 10, MAE: 0.62, RMSE: 0.91, MAPE: 533.0837%
2026-08-23 07:36: Horizon 11, MAE: 0.63, RMSE: 0.91, MAPE: 533.5883%
2026-08-23 07:36: Horizon 12, MAE: 0.63, RMSE: 0.91, MAPE: 536.3753%
2026-08-23 07:36: Horizon 13, MAE: 0.64, RMSE: 0.91, MAPE: 535.4700%
2026-08-23 07:36: Horizon 14, MAE: 0.64, RMSE: 0.92, MAPE: 534.2831%
2026-08-23 07:36: Horizon 15, MAE: 0.65, RMSE: 0.92, MAPE: 539.2842%
2026-08-23 07:36: Horizon 16, MAE: 0.65, RMSE: 0.92, MAPE: 541.5919%
2026-08-23 07:36: Horizon 17, MAE: 0.65, RMSE: 0.93, MAPE: 545.1895%
2026-08-23 07:36: Horizon 18, MAE: 0.66, RMSE: 0.93, MAPE: 546.1898%
2026-08-23 07:36: Horizon 19, MAE: 0.66, RMSE: 0.93, MAPE: 543.1606%
2026-08-23 07:36: Horizon 20, MAE: 0.66, RMSE: 0.94, MAPE: 538.5464%
2026-08-23 07:36: Horizon 21, MAE: 0.67, RMSE: 0.94, MAPE: 531.7992%
2026-08-23 07:36: Horizon 22, MAE: 0.67, RMSE: 0.94, MAPE: 534.6534%
2026-08-23 07:36: Horizon 23, MAE: 0.67, RMSE: 0.94, MAPE: 536.4097%
2026-08-23 07:36: Horizon 24, MAE: 0.68, RMSE: 0.94, MAPE: 545.2378%
2026-08-23 07:36: Horizon 25, MAE: 0.69, RMSE: 0.95, MAPE: 554.7133%
2026-08-23 07:36: Horizon 26, MAE: 0.69, RMSE: 0.96, MAPE: 566.0038%
2026-08-23 07:36: Horizon 27, MAE: 0.70, RMSE: 0.97, MAPE: 573.5511%
2026-08-23 07:36: Horizon 28, MAE: 0.70, RMSE: 0.97, MAPE: 558.0896%
2026-08-23 07:36: Horizon 29, MAE: 0.71, RMSE: 0.97, MAPE: 548.4317%
2026-08-23 07:36: Horizon 30, MAE: 0.71, RMSE: 0.97, MAPE: 545.9564%
2026-08-23 07:36: Horizon 31, MAE: 0.71, RMSE: 0.97, MAPE: 541.8196%
2026-08-23 07:36: Horizon 32, MAE: 0.71, RMSE: 0.98, MAPE: 544.5899%
2026-08-23 07:36: Horizon 33, MAE: 0.72, RMSE: 0.98, MAPE: 549.4175%
2026-08-23 07:36: Horizon 34, MAE: 0.72, RMSE: 0.98, MAPE: 547.6125%
2026-08-23 07:36: Horizon 35, MAE: 0.72, RMSE: 0.98, MAPE: 543.8234%
2026-08-23 07:36: Horizon 36, MAE: 0.72, RMSE: 0.98, MAPE: 539.2076%
2026-08-23 07:36: Horizon 37, MAE: 0.72, RMSE: 0.98, MAPE: 544.5225%
2026-08-23 07:36: Horizon 38, MAE: 0.72, RMSE: 0.98, MAPE: 543.6921%
2026-08-23 07:36: Horizon 39, MAE: 0.72, RMSE: 0.98, MAPE: 547.4803%
2026-08-23 07:36: Horizon 40, MAE: 0.72, RMSE: 0.98, MAPE: 550.0894%
2026-08-23 07:36: Horizon 41, MAE: 0.72, RMSE: 0.98, MAPE: 550.4643%
2026-08-23 07:36: Horizon 42, MAE: 0.72, RMSE: 0.98, MAPE: 547.2379%
2026-08-23 07:36: Horizon 43, MAE: 0.73, RMSE: 0.98, MAPE: 547.2929%
2026-08-23 07:36: Horizon 44, MAE: 0.73, RMSE: 0.98, MAPE: 538.9920%
2026-08-23 07:36: Horizon 45, MAE: 0.73, RMSE: 0.98, MAPE: 532.0945%
2026-08-23 07:36: Horizon 46, MAE: 0.73, RMSE: 0.98, MAPE: 531.1528%
2026-08-23 07:36: Horizon 47, MAE: 0.73, RMSE: 0.98, MAPE: 525.7701%
2026-08-23 07:36: Horizon 48, MAE: 0.73, RMSE: 0.98, MAPE: 523.0201%
2026-08-23 07:36: Average Horizon, MAE: 0.67, RMSE: 0.94, MAPE: 531.0768%
2026-08-23 07:36: Horizon 01, MAE: 46.71, RMSE: 84.61, MAPE: 448.7342%
2026-08-23 07:36: Horizon 02, MAE: 56.52, RMSE: 92.15, MAPE: 524.4658%
2026-08-23 07:36: Horizon 03, MAE: 62.13, RMSE: 95.75, MAPE: 441.4000%
2026-08-23 07:36: Horizon 04, MAE: 65.10, RMSE: 99.35, MAPE: 353.3744%
2026-08-23 07:36: Horizon 05, MAE: 67.14, RMSE: 101.56, MAPE: 350.2201%
2026-08-23 07:36: Horizon 06, MAE: 68.88, RMSE: 102.88, MAPE: 363.8034%
2026-08-23 07:36: Horizon 07, MAE: 70.35, RMSE: 103.75, MAPE: 354.2227%
2026-08-23 07:36: Horizon 08, MAE: 71.32, RMSE: 104.66, MAPE: 355.2106%
2026-08-23 07:36: Horizon 09, MAE: 72.08, RMSE: 105.49, MAPE: 353.8815%
2026-08-23 07:36: Horizon 10, MAE: 72.80, RMSE: 106.12, MAPE: 351.0327%
2026-08-23 07:36: Horizon 11, MAE: 73.51, RMSE: 106.47, MAPE: 356.3214%
2026-08-23 07:36: Horizon 12, MAE: 74.18, RMSE: 106.67, MAPE: 366.8023%
2026-08-23 07:36: Horizon 13, MAE: 74.74, RMSE: 106.86, MAPE: 369.2477%
2026-08-23 07:36: Horizon 14, MAE: 75.16, RMSE: 107.17, MAPE: 372.3085%
2026-08-23 07:36: Horizon 15, MAE: 75.54, RMSE: 107.56, MAPE: 357.3019%
2026-08-23 07:36: Horizon 16, MAE: 75.78, RMSE: 107.97, MAPE: 349.1345%
2026-08-23 07:36: Horizon 17, MAE: 76.26, RMSE: 108.30, MAPE: 338.0428%
2026-08-23 07:36: Horizon 18, MAE: 76.70, RMSE: 108.49, MAPE: 335.9911%
2026-08-23 07:36: Horizon 19, MAE: 76.97, RMSE: 108.84, MAPE: 328.7320%
2026-08-23 07:36: Horizon 20, MAE: 77.27, RMSE: 109.25, MAPE: 322.0488%
2026-08-23 07:36: Horizon 21, MAE: 77.74, RMSE: 109.49, MAPE: 338.2834%
2026-08-23 07:36: Horizon 22, MAE: 78.21, RMSE: 109.76, MAPE: 355.9148%
2026-08-23 07:36: Horizon 23, MAE: 78.74, RMSE: 109.89, MAPE: 389.7423%
2026-08-23 07:36: Horizon 24, MAE: 79.43, RMSE: 110.29, MAPE: 397.4989%
2026-08-23 07:36: Horizon 25, MAE: 80.18, RMSE: 110.99, MAPE: 415.9209%
2026-08-23 07:36: Horizon 26, MAE: 80.80, RMSE: 111.98, MAPE: 384.3462%
2026-08-23 07:36: Horizon 27, MAE: 81.47, RMSE: 112.85, MAPE: 360.1397%
2026-08-23 07:36: Horizon 28, MAE: 82.00, RMSE: 113.07, MAPE: 346.2346%
2026-08-23 07:36: Horizon 29, MAE: 82.46, RMSE: 113.30, MAPE: 314.1793%
2026-08-23 07:36: Horizon 30, MAE: 82.81, RMSE: 113.59, MAPE: 301.5418%
2026-08-23 07:36: Horizon 31, MAE: 83.09, RMSE: 113.75, MAPE: 293.7533%
2026-08-23 07:36: Horizon 32, MAE: 83.41, RMSE: 114.10, MAPE: 291.6824%
2026-08-23 07:36: Horizon 33, MAE: 83.63, RMSE: 114.58, MAPE: 284.7741%
2026-08-23 07:36: Horizon 34, MAE: 83.91, RMSE: 114.57, MAPE: 288.3450%
2026-08-23 07:36: Horizon 35, MAE: 84.10, RMSE: 114.34, MAPE: 290.6923%
2026-08-23 07:36: Horizon 36, MAE: 84.23, RMSE: 114.08, MAPE: 294.5282%
2026-08-23 07:36: Horizon 37, MAE: 84.38, RMSE: 114.15, MAPE: 301.0128%
2026-08-23 07:36: Horizon 38, MAE: 84.54, RMSE: 114.00, MAPE: 316.1212%
2026-08-23 07:36: Horizon 39, MAE: 84.54, RMSE: 114.09, MAPE: 326.1347%
2026-08-23 07:36: Horizon 40, MAE: 84.47, RMSE: 114.26, MAPE: 325.7686%
2026-08-23 07:36: Horizon 41, MAE: 84.55, RMSE: 114.20, MAPE: 326.3979%
2026-08-23 07:36: Horizon 42, MAE: 84.62, RMSE: 114.17, MAPE: 314.8686%
2026-08-23 07:36: Horizon 43, MAE: 84.71, RMSE: 114.19, MAPE: 317.4279%
2026-08-23 07:36: Horizon 44, MAE: 84.79, RMSE: 114.28, MAPE: 311.3863%
2026-08-23 07:36: Horizon 45, MAE: 84.82, RMSE: 114.27, MAPE: 321.6280%
2026-08-23 07:36: Horizon 46, MAE: 84.74, RMSE: 114.44, MAPE: 329.2144%
2026-08-23 07:36: Horizon 47, MAE: 84.73, RMSE: 114.51, MAPE: 331.4130%
2026-08-23 07:36: Horizon 48, MAE: 85.09, RMSE: 114.36, MAPE: 339.7359%
2026-08-23 07:36: Average Horizon, MAE: 77.74, RMSE: 109.46, MAPE: 345.8527%
2026-08-23 07:36: VPT (threshold=0.50): mean=0.27 steps, median=0.00, std=0.58, range=[0, 7]
wandb: updating run metadata
wandb: uploading output.log; uploading wandb-summary.json; uploading config.yaml
wandb: uploading output.log; uploading wandb-summary.json
wandb: uploading wandb-summary.json
wandb: uploading summary, console lines 1796-1894
wandb: 
wandb: Run history:
wandb:          epoch ▁▁▁▁▂▂▂▂▂▂▃▃▃▃▃▃▄▄▄▄▅▅▅▅▅▆▆▆▆▆▆▇▇▇▇▇▇███
wandb:     train/loss █▅▅▄▄▄▄▃▃▃▃▂▂▂▂▂▁▁▁▁▁
wandb: train/tf_ratio ▁▁▁▁▁▁▁▁▁▁▁▁▁▁▁▁▁▁▁▁▁
wandb:       val/loss █▄▂▁▁▁▂▂▂▂▃▃▃▃▄▄▄▄▄▅▅
wandb: 
wandb: Run summary:
wandb:     best_val_loss 0.64723
wandb:             epoch 21
wandb:      test_vpt_max 7
wandb:     test_vpt_mean 0.26908
wandb:   test_vpt_median 0
wandb:      test_vpt_min 0
wandb:      test_vpt_std 0.58079
wandb:        train/loss 0.51312
wandb:    train/tf_ratio 1
wandb: training_time_min 85.63893
wandb:                +1 ...
wandb: 
wandb: 🚀 View run AGCRN_WindSp at: https://wandb.ai/chkkar002-university-of-cape-town/stgnn-weather/runs/uaqlw8zk
wandb: ⭐️ View project at: https://wandb.ai/chkkar002-university-of-cape-town/stgnn-weather
wandb: Synced 5 W&B file(s), 0 media file(s), 0 artifact file(s) and 0 other file(s)
wandb: Find logs at: ./wandb/run-20260823_060957-uaqlw8zk/logs
/scratch/chkkar002/Diffusion_Based_STGNNs/RealValue/AGCRN
Read configuration file: ./SAWS_AGCRN.conf
*****************Model Parameter*****************
node_embeddings torch.Size([32, 30]) True
encoder.dcrnn_cells.0.gate.weights_pool torch.Size([30, 2, 65, 128]) True
encoder.dcrnn_cells.0.gate.bias_pool torch.Size([30, 128]) True
encoder.dcrnn_cells.0.update.weights_pool torch.Size([30, 2, 65, 64]) True
encoder.dcrnn_cells.0.update.bias_pool torch.Size([30, 64]) True
encoder.dcrnn_cells.1.gate.weights_pool torch.Size([30, 2, 128, 128]) True
encoder.dcrnn_cells.1.gate.bias_pool torch.Size([30, 128]) True
encoder.dcrnn_cells.1.update.weights_pool torch.Size([30, 2, 128, 64]) True
encoder.dcrnn_cells.1.update.bias_pool torch.Size([30, 64]) True
end_conv.weight torch.Size([48, 1, 1, 64]) True
end_conv.bias torch.Size([48]) True
Total params num: 2238960
*****************Finish Parameter****************
Load SAWS Dataset shaped:  (87672, 32, 1) 360.0 0.0 149.65622 130.0
Normalize the dataset by Standard Normalization
[[[-0.5106117 ]
  [ 0.43090436]
  [-0.42501935]
  ...
  [ 1.030051  ]
  [-1.280943  ]
  [ 1.5436052 ]]

 [[-0.16824225]
  [ 0.43090436]
  [-0.42501935]
  ...
  [ 1.030051  ]
  [-1.1953508 ]
  [ 1.5436052 ]]

 [[-1.280943  ]
  [ 0.345312  ]
  [-0.5106117 ]
  ...
  [ 1.286828  ]
  [-1.1097584 ]
  [-1.024166  ]]

 ...

 [[-0.5106117 ]
  [ 1.1156434 ]
  [-0.5962041 ]
  ...
  [-0.42501935]
  [-0.40438238]
  [ 1.3724204 ]]

 [[-0.339427  ]
  [ 0.6876815 ]
  [-0.5962041 ]
  ...
  [-0.16824225]
  [-0.37044436]
  [ 1.2012358 ]]

 [[-0.339427  ]
  [-0.08264987]
  [-0.5962041 ]
  ...
  [-0.2538346 ]
  [-0.18086274]
  [-0.16824225]]]
[[[-0.5106117 ]
  [-0.08264987]
  [-0.5962041 ]
  ...
  [-0.16824225]
  [-0.6732241 ]
  [-0.5106117 ]]

 [[-0.6817965 ]
  [ 0.08853487]
  [-0.5962041 ]
  ...
  [-0.2538346 ]
  [-0.43779486]
  [-0.5962041 ]]

 [[-0.5962041 ]
  [-0.16824225]
  [-0.5962041 ]
  ...
  [-0.2538346 ]
  [-1.204972  ]
  [-0.9385736 ]]

 ...

 [[-0.08264987]
  [-0.39652812]
  [-0.5106117 ]
  ...
  [ 0.345312  ]
  [ 0.0029425 ]
  [-1.280943  ]]

 [[-0.2538346 ]
  [-0.18526694]
  [-0.5106117 ]
  ...
  [ 0.2597196 ]
  [ 0.0029425 ]
  [-1.280943  ]]

 [[-0.2538346 ]
  [-0.03387674]
  [-0.5106117 ]
  ...
  [ 0.345312  ]
  [-0.16824225]
  [-0.16824225]]]
[[[-0.16824225]
  [-0.09316059]
  [-0.6817965 ]
  ...
  [ 0.2597196 ]
  [-0.2538346 ]
  [ 0.5164967 ]]

 [[-0.2538346 ]
  [-0.1381133 ]
  [-0.8529812 ]
  ...
  [ 0.2597196 ]
  [-0.339427  ]
  [ 0.6876815 ]]

 [[-0.16824225]
  [-0.24466044]
  [-1.024166  ]
  ...
  [-0.16824225]
  [-0.2538346 ]
  [ 0.6020891 ]]

 ...

 [[ 0.9444586 ]
  [-0.6817965 ]
  [-0.339427  ]
  ...
  [ 1.694559  ]
  [ 0.0029425 ]
  [-1.280943  ]]

 [[-1.280943  ]
  [-1.024166  ]
  [-0.42501935]
  ...
  [ 1.6260344 ]
  [-1.280943  ]
  [-1.280943  ]]

 [[-1.280943  ]
  [-0.5106117 ]
  [-0.339427  ]
  ...
  [ 1.2652082 ]
  [-1.280943  ]
  [-1.280943  ]]]
Train:  (52533, 24, 32, 1) (52533, 48, 32, 1)
Val:  (17463, 24, 32, 1) (17463, 48, 32, 1)
Test:  (17463, 24, 32, 1) (17463, 48, 32, 1)
mae
Creat Log File in:  /scratch/chkkar002/Diffusion_Based_STGNNs/RealValue/AGCRN/model/experiments/SAWS/20260823060957/run.log
