2026-08-17 16:53: Experiment log path in: /scratch/chkkar002/Diffusion_Based_STGNNs/AGCRN/model/experiments/SAWS/trial2_20260817165312
2026-08-17 16:53: Train Epoch 1: 0/1641 Loss: 0.913473
2026-08-17 16:53: Train Epoch 1: 20/1641 Loss: 0.917521
2026-08-17 16:53: Train Epoch 1: 40/1641 Loss: 0.964529
2026-08-17 16:53: Train Epoch 1: 60/1641 Loss: 0.988988
2026-08-17 16:53: Train Epoch 1: 80/1641 Loss: 0.913269
2026-08-17 16:53: Train Epoch 1: 100/1641 Loss: 0.875029
2026-08-17 16:53: Train Epoch 1: 120/1641 Loss: 0.717053
2026-08-17 16:53: Train Epoch 1: 140/1641 Loss: 0.681439
2026-08-17 16:53: Train Epoch 1: 160/1641 Loss: 0.770817
2026-08-17 16:53: Train Epoch 1: 180/1641 Loss: 0.763086
2026-08-17 16:53: Train Epoch 1: 200/1641 Loss: 0.775776
2026-08-17 16:53: Train Epoch 1: 220/1641 Loss: 0.722703
2026-08-17 16:53: Train Epoch 1: 240/1641 Loss: 0.722593
2026-08-17 16:53: Train Epoch 1: 260/1641 Loss: 0.657472
2026-08-17 16:53: Train Epoch 1: 280/1641 Loss: 0.750430
2026-08-17 16:53: Train Epoch 1: 300/1641 Loss: 0.703614
2026-08-17 16:53: Train Epoch 1: 320/1641 Loss: 0.715392
2026-08-17 16:54: Train Epoch 1: 340/1641 Loss: 0.705252
2026-08-17 16:54: Train Epoch 1: 360/1641 Loss: 0.648980
2026-08-17 16:54: Train Epoch 1: 380/1641 Loss: 0.678478
2026-08-17 16:54: Train Epoch 1: 400/1641 Loss: 0.663075
2026-08-17 16:54: Train Epoch 1: 420/1641 Loss: 0.715722
2026-08-17 16:54: Train Epoch 1: 440/1641 Loss: 0.699803
2026-08-17 16:54: Train Epoch 1: 460/1641 Loss: 0.675096
2026-08-17 16:54: Train Epoch 1: 480/1641 Loss: 0.680808
2026-08-17 16:54: Train Epoch 1: 500/1641 Loss: 0.694282
2026-08-17 16:54: Train Epoch 1: 520/1641 Loss: 0.701339
2026-08-17 16:54: Train Epoch 1: 540/1641 Loss: 0.629871
2026-08-17 16:54: Train Epoch 1: 560/1641 Loss: 0.665963
2026-08-17 16:54: Train Epoch 1: 580/1641 Loss: 0.657849
2026-08-17 16:54: Train Epoch 1: 600/1641 Loss: 0.685922
2026-08-17 16:54: Train Epoch 1: 620/1641 Loss: 0.644174
2026-08-17 16:54: Train Epoch 1: 640/1641 Loss: 0.637883
2026-08-17 16:54: Train Epoch 1: 660/1641 Loss: 0.661775
2026-08-17 16:54: Train Epoch 1: 680/1641 Loss: 0.655478
2026-08-17 16:54: Train Epoch 1: 700/1641 Loss: 0.640168
2026-08-17 16:54: Train Epoch 1: 720/1641 Loss: 0.661057
2026-08-17 16:54: Train Epoch 1: 740/1641 Loss: 0.629343
2026-08-17 16:54: Train Epoch 1: 760/1641 Loss: 0.647511
2026-08-17 16:55: Train Epoch 1: 780/1641 Loss: 0.672232
2026-08-17 16:55: Train Epoch 1: 800/1641 Loss: 0.625208
2026-08-17 16:55: Train Epoch 1: 820/1641 Loss: 0.634378
2026-08-17 16:55: Train Epoch 1: 840/1641 Loss: 0.639899
2026-08-17 16:55: Train Epoch 1: 860/1641 Loss: 0.679741
2026-08-17 16:55: Train Epoch 1: 880/1641 Loss: 0.632070
2026-08-17 16:55: Train Epoch 1: 900/1641 Loss: 0.655686
2026-08-17 16:55: Train Epoch 1: 920/1641 Loss: 0.665407
2026-08-17 16:55: Train Epoch 1: 940/1641 Loss: 0.618748
2026-08-17 16:55: Train Epoch 1: 960/1641 Loss: 0.654294
2026-08-17 16:55: Train Epoch 1: 980/1641 Loss: 0.658910
2026-08-17 16:55: Train Epoch 1: 1000/1641 Loss: 0.608907
2026-08-17 16:55: Train Epoch 1: 1020/1641 Loss: 0.643424
2026-08-17 16:55: Train Epoch 1: 1040/1641 Loss: 0.641535
2026-08-17 16:55: Train Epoch 1: 1060/1641 Loss: 0.642763
2026-08-17 16:55: Train Epoch 1: 1080/1641 Loss: 0.630946
2026-08-17 16:55: Train Epoch 1: 1100/1641 Loss: 0.629191
2026-08-17 16:55: Train Epoch 1: 1120/1641 Loss: 0.618642
2026-08-17 16:55: Train Epoch 1: 1140/1641 Loss: 0.653031
2026-08-17 16:55: Train Epoch 1: 1160/1641 Loss: 0.630988
2026-08-17 16:55: Train Epoch 1: 1180/1641 Loss: 0.643827
2026-08-17 16:55: Train Epoch 1: 1200/1641 Loss: 0.562479
2026-08-17 16:56: Train Epoch 1: 1220/1641 Loss: 0.626340
2026-08-17 16:56: Train Epoch 1: 1240/1641 Loss: 0.608762
2026-08-17 16:56: Train Epoch 1: 1260/1641 Loss: 0.592251
2026-08-17 16:56: Train Epoch 1: 1280/1641 Loss: 0.590218
2026-08-17 16:56: Train Epoch 1: 1300/1641 Loss: 0.586738
2026-08-17 16:56: Train Epoch 1: 1320/1641 Loss: 0.540708
2026-08-17 16:56: Train Epoch 1: 1340/1641 Loss: 0.582922
2026-08-17 16:56: Train Epoch 1: 1360/1641 Loss: 0.600344
2026-08-17 16:56: Train Epoch 1: 1380/1641 Loss: 0.580856
2026-08-17 16:56: Train Epoch 1: 1400/1641 Loss: 0.545384
2026-08-17 16:56: Train Epoch 1: 1420/1641 Loss: 0.583924
2026-08-17 16:56: Train Epoch 1: 1440/1641 Loss: 0.509927
2026-08-17 16:56: Train Epoch 1: 1460/1641 Loss: 0.528187
2026-08-17 16:56: Train Epoch 1: 1480/1641 Loss: 0.503105
2026-08-17 16:56: Train Epoch 1: 1500/1641 Loss: 0.508642
2026-08-17 16:56: Train Epoch 1: 1520/1641 Loss: 0.505858
2026-08-17 16:56: Train Epoch 1: 1540/1641 Loss: 0.499993
2026-08-17 16:56: Train Epoch 1: 1560/1641 Loss: 0.467406
2026-08-17 16:56: Train Epoch 1: 1580/1641 Loss: 0.493515
2026-08-17 16:56: Train Epoch 1: 1600/1641 Loss: 0.496347
2026-08-17 16:56: Train Epoch 1: 1620/1641 Loss: 0.497716
2026-08-17 16:57: Train Epoch 1: 1640/1641 Loss: 0.470519
2026-08-17 16:57: **********Train Epoch 1: averaged Loss: 0.648836, tf_ratio: 1.000000
2026-08-17 16:57: **********Val Epoch 1: average Loss: 0.452171
2026-08-17 16:57: *********************************Current best model saved!
2026-08-17 16:57: Train Epoch 2: 0/1641 Loss: 0.461996
2026-08-17 16:57: Train Epoch 2: 20/1641 Loss: 0.433541
2026-08-17 16:57: Train Epoch 2: 40/1641 Loss: 0.427684
2026-08-17 16:57: Train Epoch 2: 60/1641 Loss: 0.429687
2026-08-17 16:57: Train Epoch 2: 80/1641 Loss: 0.439914
2026-08-17 16:57: Train Epoch 2: 100/1641 Loss: 0.439097
2026-08-17 16:57: Train Epoch 2: 120/1641 Loss: 0.449728
2026-08-17 16:57: Train Epoch 2: 140/1641 Loss: 0.429925
2026-08-17 16:57: Train Epoch 2: 160/1641 Loss: 0.456075
2026-08-17 16:57: Train Epoch 2: 180/1641 Loss: 0.418768
2026-08-17 16:57: Train Epoch 2: 200/1641 Loss: 0.454314
2026-08-17 16:57: Train Epoch 2: 220/1641 Loss: 0.440388
2026-08-17 16:57: Train Epoch 2: 240/1641 Loss: 0.445694
2026-08-17 16:57: Train Epoch 2: 260/1641 Loss: 0.416886
2026-08-17 16:58: Train Epoch 2: 280/1641 Loss: 0.416812
2026-08-17 16:58: Train Epoch 2: 300/1641 Loss: 0.438061
2026-08-17 16:58: Train Epoch 2: 320/1641 Loss: 0.423105
2026-08-17 16:58: Train Epoch 2: 340/1641 Loss: 0.438124
2026-08-17 16:58: Train Epoch 2: 360/1641 Loss: 0.426528
2026-08-17 16:58: Train Epoch 2: 380/1641 Loss: 0.430612
2026-08-17 16:58: Train Epoch 2: 400/1641 Loss: 0.429870
2026-08-17 16:58: Train Epoch 2: 420/1641 Loss: 0.405600
2026-08-17 16:58: Train Epoch 2: 440/1641 Loss: 0.424019
2026-08-17 16:58: Train Epoch 2: 460/1641 Loss: 0.413425
2026-08-17 16:58: Train Epoch 2: 480/1641 Loss: 0.409753
2026-08-17 16:58: Train Epoch 2: 500/1641 Loss: 0.444278
2026-08-17 16:58: Train Epoch 2: 520/1641 Loss: 0.398402
2026-08-17 16:58: Train Epoch 2: 540/1641 Loss: 0.419464
2026-08-17 16:58: Train Epoch 2: 560/1641 Loss: 0.431361
2026-08-17 16:58: Train Epoch 2: 580/1641 Loss: 0.400542
2026-08-17 16:58: Train Epoch 2: 600/1641 Loss: 0.424007
2026-08-17 16:58: Train Epoch 2: 620/1641 Loss: 0.420735
2026-08-17 16:58: Train Epoch 2: 640/1641 Loss: 0.431348
2026-08-17 16:58: Train Epoch 2: 660/1641 Loss: 0.394910
2026-08-17 16:58: Train Epoch 2: 680/1641 Loss: 0.401364
2026-08-17 16:58: Train Epoch 2: 700/1641 Loss: 0.447499
2026-08-17 16:59: Train Epoch 2: 720/1641 Loss: 0.397520
2026-08-17 16:59: Train Epoch 2: 740/1641 Loss: 0.442869
2026-08-17 16:59: Train Epoch 2: 760/1641 Loss: 0.419830
2026-08-17 16:59: Train Epoch 2: 780/1641 Loss: 0.416126
2026-08-17 16:59: Train Epoch 2: 800/1641 Loss: 0.396341
2026-08-17 16:59: Train Epoch 2: 820/1641 Loss: 0.396281
2026-08-17 16:59: Train Epoch 2: 840/1641 Loss: 0.450569
2026-08-17 16:59: Train Epoch 2: 860/1641 Loss: 0.426383
2026-08-17 16:59: Train Epoch 2: 880/1641 Loss: 0.398534
2026-08-17 16:59: Train Epoch 2: 900/1641 Loss: 0.426864
2026-08-17 16:59: Train Epoch 2: 920/1641 Loss: 0.394267
2026-08-17 16:59: Train Epoch 2: 940/1641 Loss: 0.385008
2026-08-17 16:59: Train Epoch 2: 960/1641 Loss: 0.378491
2026-08-17 16:59: Train Epoch 2: 980/1641 Loss: 0.395414
2026-08-17 16:59: Train Epoch 2: 1000/1641 Loss: 0.439610
2026-08-17 16:59: Train Epoch 2: 1020/1641 Loss: 0.374768
2026-08-17 16:59: Train Epoch 2: 1040/1641 Loss: 0.374894
2026-08-17 16:59: Train Epoch 2: 1060/1641 Loss: 0.395259
2026-08-17 16:59: Train Epoch 2: 1080/1641 Loss: 0.403096
2026-08-17 16:59: Train Epoch 2: 1100/1641 Loss: 0.369805
2026-08-17 16:59: Train Epoch 2: 1120/1641 Loss: 0.373274
2026-08-17 16:59: Train Epoch 2: 1140/1641 Loss: 0.394828
2026-08-17 17:00: Train Epoch 2: 1160/1641 Loss: 0.395385
2026-08-17 17:00: Train Epoch 2: 1180/1641 Loss: 0.420936
2026-08-17 17:00: Train Epoch 2: 1200/1641 Loss: 0.394423
2026-08-17 17:00: Train Epoch 2: 1220/1641 Loss: 0.400716
2026-08-17 17:00: Train Epoch 2: 1240/1641 Loss: 0.391829
2026-08-17 17:00: Train Epoch 2: 1260/1641 Loss: 0.399656
2026-08-17 17:00: Train Epoch 2: 1280/1641 Loss: 0.382027
2026-08-17 17:00: Train Epoch 2: 1300/1641 Loss: 0.421708
2026-08-17 17:00: Train Epoch 2: 1320/1641 Loss: 0.418038
2026-08-17 17:00: Train Epoch 2: 1340/1641 Loss: 0.424949
2026-08-17 17:00: Train Epoch 2: 1360/1641 Loss: 0.365669
2026-08-17 17:00: Train Epoch 2: 1380/1641 Loss: 0.392026
2026-08-17 17:00: Train Epoch 2: 1400/1641 Loss: 0.407770
2026-08-17 17:00: Train Epoch 2: 1420/1641 Loss: 0.385244
2026-08-17 17:00: Train Epoch 2: 1440/1641 Loss: 0.378865
2026-08-17 17:00: Train Epoch 2: 1460/1641 Loss: 0.390520
2026-08-17 17:00: Train Epoch 2: 1480/1641 Loss: 0.377473
2026-08-17 17:00: Train Epoch 2: 1500/1641 Loss: 0.428130
2026-08-17 17:00: Train Epoch 2: 1520/1641 Loss: 0.377571
2026-08-17 17:00: Train Epoch 2: 1540/1641 Loss: 0.387656
2026-08-17 17:00: Train Epoch 2: 1560/1641 Loss: 0.365057
2026-08-17 17:01: Train Epoch 2: 1580/1641 Loss: 0.364923
2026-08-17 17:01: Train Epoch 2: 1600/1641 Loss: 0.438598
2026-08-17 17:01: Train Epoch 2: 1620/1641 Loss: 0.403456
2026-08-17 17:01: Train Epoch 2: 1640/1641 Loss: 0.372435
2026-08-17 17:01: **********Train Epoch 2: averaged Loss: 0.411690, tf_ratio: 1.000000
2026-08-17 17:01: **********Val Epoch 2: average Loss: 0.384014
2026-08-17 17:01: *********************************Current best model saved!
2026-08-17 17:01: Train Epoch 3: 0/1641 Loss: 0.407216
2026-08-17 17:01: Train Epoch 3: 20/1641 Loss: 0.421856
2026-08-17 17:01: Train Epoch 3: 40/1641 Loss: 0.372794
2026-08-17 17:01: Train Epoch 3: 60/1641 Loss: 0.425892
2026-08-17 17:01: Train Epoch 3: 80/1641 Loss: 0.385439
2026-08-17 17:01: Train Epoch 3: 100/1641 Loss: 0.402900
2026-08-17 17:01: Train Epoch 3: 120/1641 Loss: 0.400844
2026-08-17 17:01: Train Epoch 3: 140/1641 Loss: 0.409439
2026-08-17 17:01: Train Epoch 3: 160/1641 Loss: 0.369417
2026-08-17 17:01: Train Epoch 3: 180/1641 Loss: 0.401687
2026-08-17 17:01: Train Epoch 3: 200/1641 Loss: 0.406520
2026-08-17 17:02: Train Epoch 3: 220/1641 Loss: 0.377827
2026-08-17 17:02: Train Epoch 3: 240/1641 Loss: 0.375394
2026-08-17 17:02: Train Epoch 3: 260/1641 Loss: 0.404452
2026-08-17 17:02: Train Epoch 3: 280/1641 Loss: 0.369088
2026-08-17 17:02: Train Epoch 3: 300/1641 Loss: 0.388119
2026-08-17 17:02: Train Epoch 3: 320/1641 Loss: 0.402386
2026-08-17 17:02: Train Epoch 3: 340/1641 Loss: 0.382187
2026-08-17 17:02: Train Epoch 3: 360/1641 Loss: 0.410517
2026-08-17 17:02: Train Epoch 3: 380/1641 Loss: 0.401486
2026-08-17 17:02: Train Epoch 3: 400/1641 Loss: 0.366067
2026-08-17 17:02: Train Epoch 3: 420/1641 Loss: 0.392607
2026-08-17 17:02: Train Epoch 3: 440/1641 Loss: 0.372354
2026-08-17 17:02: Train Epoch 3: 460/1641 Loss: 0.368527
2026-08-17 17:02: Train Epoch 3: 480/1641 Loss: 0.342196
2026-08-17 17:02: Train Epoch 3: 500/1641 Loss: 0.397412
2026-08-17 17:02: Train Epoch 3: 520/1641 Loss: 0.386794
2026-08-17 17:02: Train Epoch 3: 540/1641 Loss: 0.356717
2026-08-17 17:02: Train Epoch 3: 560/1641 Loss: 0.375006
2026-08-17 17:02: Train Epoch 3: 580/1641 Loss: 0.369811
2026-08-17 17:02: Train Epoch 3: 600/1641 Loss: 0.382294
2026-08-17 17:02: Train Epoch 3: 620/1641 Loss: 0.357876
2026-08-17 17:03: Train Epoch 3: 640/1641 Loss: 0.392575
2026-08-17 17:03: Train Epoch 3: 660/1641 Loss: 0.373340
2026-08-17 17:03: Train Epoch 3: 680/1641 Loss: 0.375985
2026-08-17 17:03: Train Epoch 3: 700/1641 Loss: 0.400809
2026-08-17 17:03: Train Epoch 3: 720/1641 Loss: 0.391519
2026-08-17 17:03: Train Epoch 3: 740/1641 Loss: 0.350599
2026-08-17 17:03: Train Epoch 3: 760/1641 Loss: 0.407367
2026-08-17 17:03: Train Epoch 3: 780/1641 Loss: 0.359497
2026-08-17 17:03: Train Epoch 3: 800/1641 Loss: 0.391852
2026-08-17 17:03: Train Epoch 3: 820/1641 Loss: 0.398767
2026-08-17 17:03: Train Epoch 3: 840/1641 Loss: 0.342842
2026-08-17 17:03: Train Epoch 3: 860/1641 Loss: 0.391960
2026-08-17 17:03: Train Epoch 3: 880/1641 Loss: 0.361901
2026-08-17 17:03: Train Epoch 3: 900/1641 Loss: 0.388594
2026-08-17 17:03: Train Epoch 3: 920/1641 Loss: 0.358908
2026-08-17 17:03: Train Epoch 3: 940/1641 Loss: 0.396677
2026-08-17 17:03: Train Epoch 3: 960/1641 Loss: 0.355248
2026-08-17 17:03: Train Epoch 3: 980/1641 Loss: 0.386227
2026-08-17 17:03: Train Epoch 3: 1000/1641 Loss: 0.371373
2026-08-17 17:03: Train Epoch 3: 1020/1641 Loss: 0.333437
2026-08-17 17:03: Train Epoch 3: 1040/1641 Loss: 0.370528
2026-08-17 17:03: Train Epoch 3: 1060/1641 Loss: 0.366072
2026-08-17 17:04: Train Epoch 3: 1080/1641 Loss: 0.346172
2026-08-17 17:04: Train Epoch 3: 1100/1641 Loss: 0.373709
2026-08-17 17:04: Train Epoch 3: 1120/1641 Loss: 0.355401
2026-08-17 17:04: Train Epoch 3: 1140/1641 Loss: 0.369609
2026-08-17 17:04: Train Epoch 3: 1160/1641 Loss: 0.364456
2026-08-17 17:04: Train Epoch 3: 1180/1641 Loss: 0.363105
2026-08-17 17:04: Train Epoch 3: 1200/1641 Loss: 0.369805
2026-08-17 17:04: Train Epoch 3: 1220/1641 Loss: 0.384466
2026-08-17 17:04: Train Epoch 3: 1240/1641 Loss: 0.368777
2026-08-17 17:04: Train Epoch 3: 1260/1641 Loss: 0.352660
2026-08-17 17:04: Train Epoch 3: 1280/1641 Loss: 0.367528
2026-08-17 17:04: Train Epoch 3: 1300/1641 Loss: 0.425717
2026-08-17 17:04: Train Epoch 3: 1320/1641 Loss: 0.390184
2026-08-17 17:04: Train Epoch 3: 1340/1641 Loss: 0.371201
2026-08-17 17:04: Train Epoch 3: 1360/1641 Loss: 0.375920
2026-08-17 17:04: Train Epoch 3: 1380/1641 Loss: 0.356263
2026-08-17 17:04: Train Epoch 3: 1400/1641 Loss: 0.377161
2026-08-17 17:04: Train Epoch 3: 1420/1641 Loss: 0.378937
2026-08-17 17:04: Train Epoch 3: 1440/1641 Loss: 0.352835
2026-08-17 17:04: Train Epoch 3: 1460/1641 Loss: 0.366425
2026-08-17 17:04: Train Epoch 3: 1480/1641 Loss: 0.364258
2026-08-17 17:05: Train Epoch 3: 1500/1641 Loss: 0.373954
2026-08-17 17:05: Train Epoch 3: 1520/1641 Loss: 0.373459
2026-08-17 17:05: Train Epoch 3: 1540/1641 Loss: 0.370728
2026-08-17 17:05: Train Epoch 3: 1560/1641 Loss: 0.360466
2026-08-17 17:05: Train Epoch 3: 1580/1641 Loss: 0.374193
2026-08-17 17:05: Train Epoch 3: 1600/1641 Loss: 0.390975
2026-08-17 17:05: Train Epoch 3: 1620/1641 Loss: 0.393409
2026-08-17 17:05: Train Epoch 3: 1640/1641 Loss: 0.376907
2026-08-17 17:05: **********Train Epoch 3: averaged Loss: 0.376015, tf_ratio: 1.000000
2026-08-17 17:05: **********Val Epoch 3: average Loss: 0.360450
2026-08-17 17:05: *********************************Current best model saved!
2026-08-17 17:05: Train Epoch 4: 0/1641 Loss: 0.397944
2026-08-17 17:05: Train Epoch 4: 20/1641 Loss: 0.379458
2026-08-17 17:05: Train Epoch 4: 40/1641 Loss: 0.396843
2026-08-17 17:05: Train Epoch 4: 60/1641 Loss: 0.365673
2026-08-17 17:05: Train Epoch 4: 80/1641 Loss: 0.374719
2026-08-17 17:05: Train Epoch 4: 100/1641 Loss: 0.378220
2026-08-17 17:05: Train Epoch 4: 120/1641 Loss: 0.366478
2026-08-17 17:06: Train Epoch 4: 140/1641 Loss: 0.421040
2026-08-17 17:06: Train Epoch 4: 160/1641 Loss: 0.366658
2026-08-17 17:06: Train Epoch 4: 180/1641 Loss: 0.359514
2026-08-17 17:06: Train Epoch 4: 200/1641 Loss: 0.347181
2026-08-17 17:06: Train Epoch 4: 220/1641 Loss: 0.341855
2026-08-17 17:06: Train Epoch 4: 240/1641 Loss: 0.332329
2026-08-17 17:06: Train Epoch 4: 260/1641 Loss: 0.353879
2026-08-17 17:06: Train Epoch 4: 280/1641 Loss: 0.341091
2026-08-17 17:06: Train Epoch 4: 300/1641 Loss: 0.358285
2026-08-17 17:06: Train Epoch 4: 320/1641 Loss: 0.384025
2026-08-17 17:06: Train Epoch 4: 340/1641 Loss: 0.356079
2026-08-17 17:06: Train Epoch 4: 360/1641 Loss: 0.356992
2026-08-17 17:06: Train Epoch 4: 380/1641 Loss: 0.385309
2026-08-17 17:06: Train Epoch 4: 400/1641 Loss: 0.346342
2026-08-17 17:06: Train Epoch 4: 420/1641 Loss: 0.395760
2026-08-17 17:06: Train Epoch 4: 440/1641 Loss: 0.370231
2026-08-17 17:06: Train Epoch 4: 460/1641 Loss: 0.384162
2026-08-17 17:06: Train Epoch 4: 480/1641 Loss: 0.343570
2026-08-17 17:06: Train Epoch 4: 500/1641 Loss: 0.339166
2026-08-17 17:06: Train Epoch 4: 520/1641 Loss: 0.332601
2026-08-17 17:06: Train Epoch 4: 540/1641 Loss: 0.358652
2026-08-17 17:07: Train Epoch 4: 560/1641 Loss: 0.333279
2026-08-17 17:07: Train Epoch 4: 580/1641 Loss: 0.373610
2026-08-17 17:07: Train Epoch 4: 600/1641 Loss: 0.359830
2026-08-17 17:07: Train Epoch 4: 620/1641 Loss: 0.384855
2026-08-17 17:07: Train Epoch 4: 640/1641 Loss: 0.348068
2026-08-17 17:07: Train Epoch 4: 660/1641 Loss: 0.370620
2026-08-17 17:07: Train Epoch 4: 680/1641 Loss: 0.343464
2026-08-17 17:07: Train Epoch 4: 700/1641 Loss: 0.366369
2026-08-17 17:07: Train Epoch 4: 720/1641 Loss: 0.343779
2026-08-17 17:07: Train Epoch 4: 740/1641 Loss: 0.394944
2026-08-17 17:07: Train Epoch 4: 760/1641 Loss: 0.333960
2026-08-17 17:07: Train Epoch 4: 780/1641 Loss: 0.377462
2026-08-17 17:07: Train Epoch 4: 800/1641 Loss: 0.353664
2026-08-17 17:07: Train Epoch 4: 820/1641 Loss: 0.335750
2026-08-17 17:07: Train Epoch 4: 840/1641 Loss: 0.386578
2026-08-17 17:07: Train Epoch 4: 860/1641 Loss: 0.353356
2026-08-17 17:07: Train Epoch 4: 880/1641 Loss: 0.347024
2026-08-17 17:07: Train Epoch 4: 900/1641 Loss: 0.335419
2026-08-17 17:07: Train Epoch 4: 920/1641 Loss: 0.341701
2026-08-17 17:07: Train Epoch 4: 940/1641 Loss: 0.328925
2026-08-17 17:07: Train Epoch 4: 960/1641 Loss: 0.377687
2026-08-17 17:07: Train Epoch 4: 980/1641 Loss: 0.345295
2026-08-17 17:08: Train Epoch 4: 1000/1641 Loss: 0.352106
2026-08-17 17:08: Train Epoch 4: 1020/1641 Loss: 0.400433
2026-08-17 17:08: Train Epoch 4: 1040/1641 Loss: 0.356349
2026-08-17 17:08: Train Epoch 4: 1060/1641 Loss: 0.351894
2026-08-17 17:08: Train Epoch 4: 1080/1641 Loss: 0.361260
2026-08-17 17:08: Train Epoch 4: 1100/1641 Loss: 0.383247
2026-08-17 17:08: Train Epoch 4: 1120/1641 Loss: 0.350930
2026-08-17 17:08: Train Epoch 4: 1140/1641 Loss: 0.337421
2026-08-17 17:08: Train Epoch 4: 1160/1641 Loss: 0.351292
2026-08-17 17:08: Train Epoch 4: 1180/1641 Loss: 0.350903
2026-08-17 17:08: Train Epoch 4: 1200/1641 Loss: 0.383914
2026-08-17 17:08: Train Epoch 4: 1220/1641 Loss: 0.375082
2026-08-17 17:08: Train Epoch 4: 1240/1641 Loss: 0.347169
2026-08-17 17:08: Train Epoch 4: 1260/1641 Loss: 0.338107
2026-08-17 17:08: Train Epoch 4: 1280/1641 Loss: 0.374853
2026-08-17 17:08: Train Epoch 4: 1300/1641 Loss: 0.368064
2026-08-17 17:08: Train Epoch 4: 1320/1641 Loss: 0.359561
2026-08-17 17:08: Train Epoch 4: 1340/1641 Loss: 0.367067
2026-08-17 17:08: Train Epoch 4: 1360/1641 Loss: 0.355829
2026-08-17 17:08: Train Epoch 4: 1380/1641 Loss: 0.353055
2026-08-17 17:08: Train Epoch 4: 1400/1641 Loss: 0.378385
2026-08-17 17:08: Train Epoch 4: 1420/1641 Loss: 0.328469
2026-08-17 17:09: Train Epoch 4: 1440/1641 Loss: 0.336418
2026-08-17 17:09: Train Epoch 4: 1460/1641 Loss: 0.363286
2026-08-17 17:09: Train Epoch 4: 1480/1641 Loss: 0.331290
2026-08-17 17:09: Train Epoch 4: 1500/1641 Loss: 0.363976
2026-08-17 17:09: Train Epoch 4: 1520/1641 Loss: 0.375476
2026-08-17 17:09: Train Epoch 4: 1540/1641 Loss: 0.363736
2026-08-17 17:09: Train Epoch 4: 1560/1641 Loss: 0.360248
2026-08-17 17:09: Train Epoch 4: 1580/1641 Loss: 0.360969
2026-08-17 17:09: Train Epoch 4: 1600/1641 Loss: 0.369361
2026-08-17 17:09: Train Epoch 4: 1620/1641 Loss: 0.354258
2026-08-17 17:09: Train Epoch 4: 1640/1641 Loss: 0.371657
2026-08-17 17:09: **********Train Epoch 4: averaged Loss: 0.359270, tf_ratio: 1.000000
2026-08-17 17:09: **********Val Epoch 4: average Loss: 0.347304
2026-08-17 17:09: *********************************Current best model saved!
2026-08-17 17:09: Train Epoch 5: 0/1641 Loss: 0.346062
2026-08-17 17:09: Train Epoch 5: 20/1641 Loss: 0.330421
2026-08-17 17:09: Train Epoch 5: 40/1641 Loss: 0.347912
2026-08-17 17:09: Train Epoch 5: 60/1641 Loss: 0.377588
2026-08-17 17:10: Train Epoch 5: 80/1641 Loss: 0.328779
2026-08-17 17:10: Train Epoch 5: 100/1641 Loss: 0.351976
2026-08-17 17:10: Train Epoch 5: 120/1641 Loss: 0.371958
2026-08-17 17:10: Train Epoch 5: 140/1641 Loss: 0.360707
2026-08-17 17:10: Train Epoch 5: 160/1641 Loss: 0.378486
2026-08-17 17:10: Train Epoch 5: 180/1641 Loss: 0.342663
2026-08-17 17:10: Train Epoch 5: 200/1641 Loss: 0.330294
2026-08-17 17:10: Train Epoch 5: 220/1641 Loss: 0.379513
2026-08-17 17:10: Train Epoch 5: 240/1641 Loss: 0.338004
2026-08-17 17:10: Train Epoch 5: 260/1641 Loss: 0.356472
2026-08-17 17:10: Train Epoch 5: 280/1641 Loss: 0.358626
2026-08-17 17:10: Train Epoch 5: 300/1641 Loss: 0.360700
2026-08-17 17:10: Train Epoch 5: 320/1641 Loss: 0.354102
2026-08-17 17:10: Train Epoch 5: 340/1641 Loss: 0.365032
2026-08-17 17:10: Train Epoch 5: 360/1641 Loss: 0.350662
2026-08-17 17:10: Train Epoch 5: 380/1641 Loss: 0.348239
2026-08-17 17:10: Train Epoch 5: 400/1641 Loss: 0.342290
2026-08-17 17:10: Train Epoch 5: 420/1641 Loss: 0.336039
2026-08-17 17:10: Train Epoch 5: 440/1641 Loss: 0.364551
2026-08-17 17:10: Train Epoch 5: 460/1641 Loss: 0.355552
2026-08-17 17:10: Train Epoch 5: 480/1641 Loss: 0.350286
2026-08-17 17:11: Train Epoch 5: 500/1641 Loss: 0.351505
2026-08-17 17:11: Train Epoch 5: 520/1641 Loss: 0.343470
2026-08-17 17:11: Train Epoch 5: 540/1641 Loss: 0.337564
2026-08-17 17:11: Train Epoch 5: 560/1641 Loss: 0.337180
2026-08-17 17:11: Train Epoch 5: 580/1641 Loss: 0.346423
2026-08-17 17:11: Train Epoch 5: 600/1641 Loss: 0.334267
2026-08-17 17:11: Train Epoch 5: 620/1641 Loss: 0.367908
2026-08-17 17:11: Train Epoch 5: 640/1641 Loss: 0.336185
2026-08-17 17:11: Train Epoch 5: 660/1641 Loss: 0.367495
2026-08-17 17:11: Train Epoch 5: 680/1641 Loss: 0.375484
2026-08-17 17:11: Train Epoch 5: 700/1641 Loss: 0.351960
2026-08-17 17:11: Train Epoch 5: 720/1641 Loss: 0.344150
2026-08-17 17:11: Train Epoch 5: 740/1641 Loss: 0.375691
2026-08-17 17:11: Train Epoch 5: 760/1641 Loss: 0.367999
2026-08-17 17:11: Train Epoch 5: 780/1641 Loss: 0.365326
2026-08-17 17:11: Train Epoch 5: 800/1641 Loss: 0.349879
2026-08-17 17:11: Train Epoch 5: 820/1641 Loss: 0.354450
2026-08-17 17:11: Train Epoch 5: 840/1641 Loss: 0.340481
2026-08-17 17:11: Train Epoch 5: 860/1641 Loss: 0.331303
2026-08-17 17:11: Train Epoch 5: 880/1641 Loss: 0.333267
2026-08-17 17:11: Train Epoch 5: 900/1641 Loss: 0.358436
2026-08-17 17:12: Train Epoch 5: 920/1641 Loss: 0.352222
2026-08-17 17:12: Train Epoch 5: 940/1641 Loss: 0.372847
2026-08-17 17:12: Train Epoch 5: 960/1641 Loss: 0.356139
2026-08-17 17:12: Train Epoch 5: 980/1641 Loss: 0.337153
2026-08-17 17:12: Train Epoch 5: 1000/1641 Loss: 0.361085
2026-08-17 17:12: Train Epoch 5: 1020/1641 Loss: 0.339545
2026-08-17 17:12: Train Epoch 5: 1040/1641 Loss: 0.352382
2026-08-17 17:12: Train Epoch 5: 1060/1641 Loss: 0.356625
2026-08-17 17:12: Train Epoch 5: 1080/1641 Loss: 0.364710
2026-08-17 17:12: Train Epoch 5: 1100/1641 Loss: 0.360449
2026-08-17 17:12: Train Epoch 5: 1120/1641 Loss: 0.359357
2026-08-17 17:12: Train Epoch 5: 1140/1641 Loss: 0.343239
2026-08-17 17:12: Train Epoch 5: 1160/1641 Loss: 0.363050
2026-08-17 17:12: Train Epoch 5: 1180/1641 Loss: 0.365654
2026-08-17 17:12: Train Epoch 5: 1200/1641 Loss: 0.340918
2026-08-17 17:12: Train Epoch 5: 1220/1641 Loss: 0.320930
2026-08-17 17:12: Train Epoch 5: 1240/1641 Loss: 0.338930
2026-08-17 17:12: Train Epoch 5: 1260/1641 Loss: 0.333331
2026-08-17 17:12: Train Epoch 5: 1280/1641 Loss: 0.337317
2026-08-17 17:12: Train Epoch 5: 1300/1641 Loss: 0.339956
2026-08-17 17:12: Train Epoch 5: 1320/1641 Loss: 0.315562
2026-08-17 17:12: Train Epoch 5: 1340/1641 Loss: 0.330553
2026-08-17 17:13: Train Epoch 5: 1360/1641 Loss: 0.370529
2026-08-17 17:13: Train Epoch 5: 1380/1641 Loss: 0.325769
2026-08-17 17:13: Train Epoch 5: 1400/1641 Loss: 0.370973
2026-08-17 17:13: Train Epoch 5: 1420/1641 Loss: 0.358799
2026-08-17 17:13: Train Epoch 5: 1440/1641 Loss: 0.352981
2026-08-17 17:13: Train Epoch 5: 1460/1641 Loss: 0.356695
2026-08-17 17:13: Train Epoch 5: 1480/1641 Loss: 0.328879
2026-08-17 17:13: Train Epoch 5: 1500/1641 Loss: 0.365234
2026-08-17 17:13: Train Epoch 5: 1520/1641 Loss: 0.334955
2026-08-17 17:13: Train Epoch 5: 1540/1641 Loss: 0.353298
2026-08-17 17:13: Train Epoch 5: 1560/1641 Loss: 0.349880
2026-08-17 17:13: Train Epoch 5: 1580/1641 Loss: 0.339538
2026-08-17 17:13: Train Epoch 5: 1600/1641 Loss: 0.353389
2026-08-17 17:13: Train Epoch 5: 1620/1641 Loss: 0.344789
2026-08-17 17:13: Train Epoch 5: 1640/1641 Loss: 0.356451
2026-08-17 17:13: **********Train Epoch 5: averaged Loss: 0.349155, tf_ratio: 1.000000
2026-08-17 17:14: **********Val Epoch 5: average Loss: 0.340476
2026-08-17 17:14: *********************************Current best model saved!
2026-08-17 17:14: Train Epoch 6: 0/1641 Loss: 0.354421
2026-08-17 17:14: Train Epoch 6: 20/1641 Loss: 0.342151
2026-08-17 17:14: Train Epoch 6: 40/1641 Loss: 0.339318
2026-08-17 17:14: Train Epoch 6: 60/1641 Loss: 0.375372
2026-08-17 17:14: Train Epoch 6: 80/1641 Loss: 0.326838
2026-08-17 17:14: Train Epoch 6: 100/1641 Loss: 0.343739
2026-08-17 17:14: Train Epoch 6: 120/1641 Loss: 0.358577
2026-08-17 17:14: Train Epoch 6: 140/1641 Loss: 0.345733
2026-08-17 17:14: Train Epoch 6: 160/1641 Loss: 0.358336
2026-08-17 17:14: Train Epoch 6: 180/1641 Loss: 0.339810
2026-08-17 17:14: Train Epoch 6: 200/1641 Loss: 0.340141
2026-08-17 17:14: Train Epoch 6: 220/1641 Loss: 0.326941
2026-08-17 17:14: Train Epoch 6: 240/1641 Loss: 0.349366
2026-08-17 17:14: Train Epoch 6: 260/1641 Loss: 0.363826
2026-08-17 17:14: Train Epoch 6: 280/1641 Loss: 0.335059
2026-08-17 17:14: Train Epoch 6: 300/1641 Loss: 0.332532
2026-08-17 17:14: Train Epoch 6: 320/1641 Loss: 0.349523
2026-08-17 17:14: Train Epoch 6: 340/1641 Loss: 0.335690
2026-08-17 17:14: Train Epoch 6: 360/1641 Loss: 0.359562
2026-08-17 17:14: Train Epoch 6: 380/1641 Loss: 0.352821
2026-08-17 17:15: Train Epoch 6: 400/1641 Loss: 0.332520
2026-08-17 17:15: Train Epoch 6: 420/1641 Loss: 0.340697
2026-08-17 17:15: Train Epoch 6: 440/1641 Loss: 0.342281
2026-08-17 17:15: Train Epoch 6: 460/1641 Loss: 0.327411
2026-08-17 17:15: Train Epoch 6: 480/1641 Loss: 0.348697
2026-08-17 17:15: Train Epoch 6: 500/1641 Loss: 0.341595
2026-08-17 17:15: Train Epoch 6: 520/1641 Loss: 0.331357
2026-08-17 17:15: Train Epoch 6: 540/1641 Loss: 0.349585
2026-08-17 17:15: Train Epoch 6: 560/1641 Loss: 0.357370
2026-08-17 17:15: Train Epoch 6: 580/1641 Loss: 0.349996
2026-08-17 17:15: Train Epoch 6: 600/1641 Loss: 0.343504
2026-08-17 17:15: Train Epoch 6: 620/1641 Loss: 0.348950
2026-08-17 17:15: Train Epoch 6: 640/1641 Loss: 0.328068
2026-08-17 17:15: Train Epoch 6: 660/1641 Loss: 0.327725
2026-08-17 17:15: Train Epoch 6: 680/1641 Loss: 0.334308
2026-08-17 17:15: Train Epoch 6: 700/1641 Loss: 0.350158
2026-08-17 17:15: Train Epoch 6: 720/1641 Loss: 0.339433
2026-08-17 17:15: Train Epoch 6: 740/1641 Loss: 0.344492
2026-08-17 17:15: Train Epoch 6: 760/1641 Loss: 0.311052
2026-08-17 17:15: Train Epoch 6: 780/1641 Loss: 0.330341
2026-08-17 17:15: Train Epoch 6: 800/1641 Loss: 0.330561
2026-08-17 17:16: Train Epoch 6: 820/1641 Loss: 0.348328
2026-08-17 17:16: Train Epoch 6: 840/1641 Loss: 0.328828
2026-08-17 17:16: Train Epoch 6: 860/1641 Loss: 0.322325
2026-08-17 17:16: Train Epoch 6: 880/1641 Loss: 0.340418
2026-08-17 17:16: Train Epoch 6: 900/1641 Loss: 0.359046
2026-08-17 17:16: Train Epoch 6: 920/1641 Loss: 0.339882
2026-08-17 17:16: Train Epoch 6: 940/1641 Loss: 0.358719
2026-08-17 17:16: Train Epoch 6: 960/1641 Loss: 0.340475
2026-08-17 17:16: Train Epoch 6: 980/1641 Loss: 0.334596
2026-08-17 17:16: Train Epoch 6: 1000/1641 Loss: 0.359690
2026-08-17 17:16: Train Epoch 6: 1020/1641 Loss: 0.315328
2026-08-17 17:16: Train Epoch 6: 1040/1641 Loss: 0.330279
2026-08-17 17:16: Train Epoch 6: 1060/1641 Loss: 0.347402
2026-08-17 17:16: Train Epoch 6: 1080/1641 Loss: 0.326102
2026-08-17 17:16: Train Epoch 6: 1100/1641 Loss: 0.334770
2026-08-17 17:16: Train Epoch 6: 1120/1641 Loss: 0.344345
2026-08-17 17:16: Train Epoch 6: 1140/1641 Loss: 0.329165
2026-08-17 17:16: Train Epoch 6: 1160/1641 Loss: 0.336703
2026-08-17 17:16: Train Epoch 6: 1180/1641 Loss: 0.332016
2026-08-17 17:16: Train Epoch 6: 1200/1641 Loss: 0.346328
2026-08-17 17:16: Train Epoch 6: 1220/1641 Loss: 0.327036
2026-08-17 17:16: Train Epoch 6: 1240/1641 Loss: 0.346042
2026-08-17 17:17: Train Epoch 6: 1260/1641 Loss: 0.326226
2026-08-17 17:17: Train Epoch 6: 1280/1641 Loss: 0.349212
2026-08-17 17:17: Train Epoch 6: 1300/1641 Loss: 0.333846
2026-08-17 17:17: Train Epoch 6: 1320/1641 Loss: 0.336026
2026-08-17 17:17: Train Epoch 6: 1340/1641 Loss: 0.345684
2026-08-17 17:17: Train Epoch 6: 1360/1641 Loss: 0.314810
2026-08-17 17:17: Train Epoch 6: 1380/1641 Loss: 0.341853
2026-08-17 17:17: Train Epoch 6: 1400/1641 Loss: 0.355404
2026-08-17 17:17: Train Epoch 6: 1420/1641 Loss: 0.352292
2026-08-17 17:17: Train Epoch 6: 1440/1641 Loss: 0.329696
2026-08-17 17:17: Train Epoch 6: 1460/1641 Loss: 0.349712
2026-08-17 17:17: Train Epoch 6: 1480/1641 Loss: 0.361246
2026-08-17 17:17: Train Epoch 6: 1500/1641 Loss: 0.322458
2026-08-17 17:17: Train Epoch 6: 1520/1641 Loss: 0.328766
2026-08-17 17:17: Train Epoch 6: 1540/1641 Loss: 0.340927
2026-08-17 17:17: Train Epoch 6: 1560/1641 Loss: 0.338358
2026-08-17 17:17: Train Epoch 6: 1580/1641 Loss: 0.350074
2026-08-17 17:17: Train Epoch 6: 1600/1641 Loss: 0.329968
2026-08-17 17:17: Train Epoch 6: 1620/1641 Loss: 0.327840
2026-08-17 17:17: Train Epoch 6: 1640/1641 Loss: 0.350557
2026-08-17 17:17: **********Train Epoch 6: averaged Loss: 0.342650, tf_ratio: 1.000000
2026-08-17 17:18: **********Val Epoch 6: average Loss: 0.336989
2026-08-17 17:18: *********************************Current best model saved!
2026-08-17 17:18: Train Epoch 7: 0/1641 Loss: 0.343033
2026-08-17 17:18: Train Epoch 7: 20/1641 Loss: 0.332104
2026-08-17 17:18: Train Epoch 7: 40/1641 Loss: 0.342418
2026-08-17 17:18: Train Epoch 7: 60/1641 Loss: 0.334628
2026-08-17 17:18: Train Epoch 7: 80/1641 Loss: 0.327427
2026-08-17 17:18: Train Epoch 7: 100/1641 Loss: 0.348417
2026-08-17 17:18: Train Epoch 7: 120/1641 Loss: 0.347010
2026-08-17 17:18: Train Epoch 7: 140/1641 Loss: 0.335271
2026-08-17 17:18: Train Epoch 7: 160/1641 Loss: 0.338870
2026-08-17 17:18: Train Epoch 7: 180/1641 Loss: 0.327790
2026-08-17 17:18: Train Epoch 7: 200/1641 Loss: 0.333927
2026-08-17 17:18: Train Epoch 7: 220/1641 Loss: 0.344226
2026-08-17 17:18: Train Epoch 7: 240/1641 Loss: 0.345079
2026-08-17 17:18: Train Epoch 7: 260/1641 Loss: 0.332798
2026-08-17 17:18: Train Epoch 7: 280/1641 Loss: 0.357812
2026-08-17 17:18: Train Epoch 7: 300/1641 Loss: 0.346362
2026-08-17 17:19: Train Epoch 7: 320/1641 Loss: 0.349393
2026-08-17 17:19: Train Epoch 7: 340/1641 Loss: 0.337704
2026-08-17 17:19: Train Epoch 7: 360/1641 Loss: 0.324647
2026-08-17 17:19: Train Epoch 7: 380/1641 Loss: 0.318357
2026-08-17 17:19: Train Epoch 7: 400/1641 Loss: 0.329807
2026-08-17 17:19: Train Epoch 7: 420/1641 Loss: 0.321176
2026-08-17 17:19: Train Epoch 7: 440/1641 Loss: 0.339067
2026-08-17 17:19: Train Epoch 7: 460/1641 Loss: 0.331499
2026-08-17 17:19: Train Epoch 7: 480/1641 Loss: 0.343331
2026-08-17 17:19: Train Epoch 7: 500/1641 Loss: 0.336509
2026-08-17 17:19: Train Epoch 7: 520/1641 Loss: 0.348243
2026-08-17 17:19: Train Epoch 7: 540/1641 Loss: 0.316721
2026-08-17 17:19: Train Epoch 7: 560/1641 Loss: 0.331668
2026-08-17 17:19: Train Epoch 7: 580/1641 Loss: 0.355930
2026-08-17 17:19: Train Epoch 7: 600/1641 Loss: 0.379957
2026-08-17 17:19: Train Epoch 7: 620/1641 Loss: 0.332395
2026-08-17 17:19: Train Epoch 7: 640/1641 Loss: 0.319286
2026-08-17 17:19: Train Epoch 7: 660/1641 Loss: 0.334273
2026-08-17 17:19: Train Epoch 7: 680/1641 Loss: 0.369849
2026-08-17 17:19: Train Epoch 7: 700/1641 Loss: 0.324253
2026-08-17 17:19: Train Epoch 7: 720/1641 Loss: 0.325785
2026-08-17 17:19: Train Epoch 7: 740/1641 Loss: 0.357475
2026-08-17 17:20: Train Epoch 7: 760/1641 Loss: 0.316998
2026-08-17 17:20: Train Epoch 7: 780/1641 Loss: 0.321156
2026-08-17 17:20: Train Epoch 7: 800/1641 Loss: 0.348463
2026-08-17 17:20: Train Epoch 7: 820/1641 Loss: 0.347713
2026-08-17 17:20: Train Epoch 7: 840/1641 Loss: 0.310597
2026-08-17 17:20: Train Epoch 7: 860/1641 Loss: 0.336398
2026-08-17 17:20: Train Epoch 7: 880/1641 Loss: 0.328363
2026-08-17 17:20: Train Epoch 7: 900/1641 Loss: 0.335702
2026-08-17 17:20: Train Epoch 7: 920/1641 Loss: 0.373981
2026-08-17 17:20: Train Epoch 7: 940/1641 Loss: 0.342039
2026-08-17 17:20: Train Epoch 7: 960/1641 Loss: 0.320261
2026-08-17 17:20: Train Epoch 7: 980/1641 Loss: 0.353724
2026-08-17 17:20: Train Epoch 7: 1000/1641 Loss: 0.366239
2026-08-17 17:20: Train Epoch 7: 1020/1641 Loss: 0.329278
2026-08-17 17:20: Train Epoch 7: 1040/1641 Loss: 0.324493
2026-08-17 17:20: Train Epoch 7: 1060/1641 Loss: 0.337463
2026-08-17 17:20: Train Epoch 7: 1080/1641 Loss: 0.348954
2026-08-17 17:20: Train Epoch 7: 1100/1641 Loss: 0.321720
2026-08-17 17:20: Train Epoch 7: 1120/1641 Loss: 0.347212
2026-08-17 17:20: Train Epoch 7: 1140/1641 Loss: 0.324157
2026-08-17 17:20: Train Epoch 7: 1160/1641 Loss: 0.337170
2026-08-17 17:21: Train Epoch 7: 1180/1641 Loss: 0.355161
2026-08-17 17:21: Train Epoch 7: 1200/1641 Loss: 0.347283
2026-08-17 17:21: Train Epoch 7: 1220/1641 Loss: 0.327000
2026-08-17 17:21: Train Epoch 7: 1240/1641 Loss: 0.336983
2026-08-17 17:21: Train Epoch 7: 1260/1641 Loss: 0.346680
2026-08-17 17:21: Train Epoch 7: 1280/1641 Loss: 0.296119
2026-08-17 17:21: Train Epoch 7: 1300/1641 Loss: 0.352127
2026-08-17 17:21: Train Epoch 7: 1320/1641 Loss: 0.341766
2026-08-17 17:21: Train Epoch 7: 1340/1641 Loss: 0.357793
2026-08-17 17:21: Train Epoch 7: 1360/1641 Loss: 0.357311
2026-08-17 17:21: Train Epoch 7: 1380/1641 Loss: 0.317284
2026-08-17 17:21: Train Epoch 7: 1400/1641 Loss: 0.329683
2026-08-17 17:21: Train Epoch 7: 1420/1641 Loss: 0.342506
2026-08-17 17:21: Train Epoch 7: 1440/1641 Loss: 0.323204
2026-08-17 17:21: Train Epoch 7: 1460/1641 Loss: 0.346045
2026-08-17 17:21: Train Epoch 7: 1480/1641 Loss: 0.326155
2026-08-17 17:21: Train Epoch 7: 1500/1641 Loss: 0.319863
2026-08-17 17:21: Train Epoch 7: 1520/1641 Loss: 0.355642
2026-08-17 17:21: Train Epoch 7: 1540/1641 Loss: 0.361151
2026-08-17 17:21: Train Epoch 7: 1560/1641 Loss: 0.315971
2026-08-17 17:21: Train Epoch 7: 1580/1641 Loss: 0.345397
2026-08-17 17:21: Train Epoch 7: 1600/1641 Loss: 0.358626
2026-08-17 17:21: Train Epoch 7: 1620/1641 Loss: 0.340516
2026-08-17 17:22: Train Epoch 7: 1640/1641 Loss: 0.311980
2026-08-17 17:22: **********Train Epoch 7: averaged Loss: 0.338277, tf_ratio: 1.000000
2026-08-17 17:22: **********Val Epoch 7: average Loss: 0.333251
2026-08-17 17:22: *********************************Current best model saved!
2026-08-17 17:22: Train Epoch 8: 0/1641 Loss: 0.320014
2026-08-17 17:22: Train Epoch 8: 20/1641 Loss: 0.321989
2026-08-17 17:22: Train Epoch 8: 40/1641 Loss: 0.372687
2026-08-17 17:22: Train Epoch 8: 60/1641 Loss: 0.343010
2026-08-17 17:22: Train Epoch 8: 80/1641 Loss: 0.342618
2026-08-17 17:22: Train Epoch 8: 100/1641 Loss: 0.341147
2026-08-17 17:22: Train Epoch 8: 120/1641 Loss: 0.368497
2026-08-17 17:22: Train Epoch 8: 140/1641 Loss: 0.344738
2026-08-17 17:22: Train Epoch 8: 160/1641 Loss: 0.327774
2026-08-17 17:22: Train Epoch 8: 180/1641 Loss: 0.324141
2026-08-17 17:22: Train Epoch 8: 200/1641 Loss: 0.334357
2026-08-17 17:22: Train Epoch 8: 220/1641 Loss: 0.329985
2026-08-17 17:22: Train Epoch 8: 240/1641 Loss: 0.344687
2026-08-17 17:23: Train Epoch 8: 260/1641 Loss: 0.320566
2026-08-17 17:23: Train Epoch 8: 280/1641 Loss: 0.336786
2026-08-17 17:23: Train Epoch 8: 300/1641 Loss: 0.317711
2026-08-17 17:23: Train Epoch 8: 320/1641 Loss: 0.333854
2026-08-17 17:23: Train Epoch 8: 340/1641 Loss: 0.325377
2026-08-17 17:23: Train Epoch 8: 360/1641 Loss: 0.333228
2026-08-17 17:23: Train Epoch 8: 380/1641 Loss: 0.341467
2026-08-17 17:23: Train Epoch 8: 400/1641 Loss: 0.351572
2026-08-17 17:23: Train Epoch 8: 420/1641 Loss: 0.328968
2026-08-17 17:23: Train Epoch 8: 440/1641 Loss: 0.330926
2026-08-17 17:23: Train Epoch 8: 460/1641 Loss: 0.344117
2026-08-17 17:23: Train Epoch 8: 480/1641 Loss: 0.334029
2026-08-17 17:23: Train Epoch 8: 500/1641 Loss: 0.336100
2026-08-17 17:23: Train Epoch 8: 520/1641 Loss: 0.339906
2026-08-17 17:23: Train Epoch 8: 540/1641 Loss: 0.342537
2026-08-17 17:23: Train Epoch 8: 560/1641 Loss: 0.349839
2026-08-17 17:23: Train Epoch 8: 580/1641 Loss: 0.327035
2026-08-17 17:23: Train Epoch 8: 600/1641 Loss: 0.313245
2026-08-17 17:23: Train Epoch 8: 620/1641 Loss: 0.340649
2026-08-17 17:23: Train Epoch 8: 640/1641 Loss: 0.316407
2026-08-17 17:23: Train Epoch 8: 660/1641 Loss: 0.332867
2026-08-17 17:23: Train Epoch 8: 680/1641 Loss: 0.322819
2026-08-17 17:23: Train Epoch 8: 700/1641 Loss: 0.307397
2026-08-17 17:24: Train Epoch 8: 720/1641 Loss: 0.356555
2026-08-17 17:24: Train Epoch 8: 740/1641 Loss: 0.357776
2026-08-17 17:24: Train Epoch 8: 760/1641 Loss: 0.327783
2026-08-17 17:24: Train Epoch 8: 780/1641 Loss: 0.332329
2026-08-17 17:24: Train Epoch 8: 800/1641 Loss: 0.321216
2026-08-17 17:24: Train Epoch 8: 820/1641 Loss: 0.328763
2026-08-17 17:24: Train Epoch 8: 840/1641 Loss: 0.344875
2026-08-17 17:24: Train Epoch 8: 860/1641 Loss: 0.331667
2026-08-17 17:24: Train Epoch 8: 880/1641 Loss: 0.317341
2026-08-17 17:24: Train Epoch 8: 900/1641 Loss: 0.328962
2026-08-17 17:24: Train Epoch 8: 920/1641 Loss: 0.347040
2026-08-17 17:24: Train Epoch 8: 940/1641 Loss: 0.312429
2026-08-17 17:24: Train Epoch 8: 960/1641 Loss: 0.354356
2026-08-17 17:24: Train Epoch 8: 980/1641 Loss: 0.324535
2026-08-17 17:24: Train Epoch 8: 1000/1641 Loss: 0.327005
2026-08-17 17:24: Train Epoch 8: 1020/1641 Loss: 0.317263
2026-08-17 17:24: Train Epoch 8: 1040/1641 Loss: 0.316651
2026-08-17 17:24: Train Epoch 8: 1060/1641 Loss: 0.334487
2026-08-17 17:24: Train Epoch 8: 1080/1641 Loss: 0.319813
2026-08-17 17:24: Train Epoch 8: 1100/1641 Loss: 0.316545
2026-08-17 17:24: Train Epoch 8: 1120/1641 Loss: 0.362467
2026-08-17 17:24: Train Epoch 8: 1140/1641 Loss: 0.328034
2026-08-17 17:25: Train Epoch 8: 1160/1641 Loss: 0.317690
2026-08-17 17:25: Train Epoch 8: 1180/1641 Loss: 0.335179
2026-08-17 17:25: Train Epoch 8: 1200/1641 Loss: 0.305235
2026-08-17 17:25: Train Epoch 8: 1220/1641 Loss: 0.340811
2026-08-17 17:25: Train Epoch 8: 1240/1641 Loss: 0.343511
2026-08-17 17:25: Train Epoch 8: 1260/1641 Loss: 0.341304
2026-08-17 17:25: Train Epoch 8: 1280/1641 Loss: 0.334898
2026-08-17 17:25: Train Epoch 8: 1300/1641 Loss: 0.312065
2026-08-17 17:25: Train Epoch 8: 1320/1641 Loss: 0.364965
2026-08-17 17:25: Train Epoch 8: 1340/1641 Loss: 0.328400
2026-08-17 17:25: Train Epoch 8: 1360/1641 Loss: 0.332183
2026-08-17 17:25: Train Epoch 8: 1380/1641 Loss: 0.337892
2026-08-17 17:25: Train Epoch 8: 1400/1641 Loss: 0.349524
2026-08-17 17:25: Train Epoch 8: 1420/1641 Loss: 0.327030
2026-08-17 17:25: Train Epoch 8: 1440/1641 Loss: 0.319699
2026-08-17 17:25: Train Epoch 8: 1460/1641 Loss: 0.348848
2026-08-17 17:25: Train Epoch 8: 1480/1641 Loss: 0.362112
2026-08-17 17:25: Train Epoch 8: 1500/1641 Loss: 0.323043
2026-08-17 17:25: Train Epoch 8: 1520/1641 Loss: 0.338955
2026-08-17 17:25: Train Epoch 8: 1540/1641 Loss: 0.328368
2026-08-17 17:25: Train Epoch 8: 1560/1641 Loss: 0.344554
2026-08-17 17:25: Train Epoch 8: 1580/1641 Loss: 0.320620
2026-08-17 17:26: Train Epoch 8: 1600/1641 Loss: 0.334711
2026-08-17 17:26: Train Epoch 8: 1620/1641 Loss: 0.337898
2026-08-17 17:26: Train Epoch 8: 1640/1641 Loss: 0.326644
2026-08-17 17:26: **********Train Epoch 8: averaged Loss: 0.334708, tf_ratio: 1.000000
2026-08-17 17:26: **********Val Epoch 8: average Loss: 0.330157
2026-08-17 17:26: *********************************Current best model saved!
2026-08-17 17:26: Train Epoch 9: 0/1641 Loss: 0.318302
2026-08-17 17:26: Train Epoch 9: 20/1641 Loss: 0.314680
2026-08-17 17:26: Train Epoch 9: 40/1641 Loss: 0.323822
2026-08-17 17:26: Train Epoch 9: 60/1641 Loss: 0.328737
2026-08-17 17:26: Train Epoch 9: 80/1641 Loss: 0.341041
2026-08-17 17:26: Train Epoch 9: 100/1641 Loss: 0.308279
2026-08-17 17:26: Train Epoch 9: 120/1641 Loss: 0.324161
2026-08-17 17:26: Train Epoch 9: 140/1641 Loss: 0.334553
2026-08-17 17:26: Train Epoch 9: 160/1641 Loss: 0.335231
2026-08-17 17:26: Train Epoch 9: 180/1641 Loss: 0.329102
2026-08-17 17:26: Train Epoch 9: 200/1641 Loss: 0.329005
2026-08-17 17:26: Train Epoch 9: 220/1641 Loss: 0.323933
2026-08-17 17:27: Train Epoch 9: 240/1641 Loss: 0.325371
2026-08-17 17:27: Train Epoch 9: 260/1641 Loss: 0.338962
2026-08-17 17:27: Train Epoch 9: 280/1641 Loss: 0.332209
2026-08-17 17:27: Train Epoch 9: 300/1641 Loss: 0.311146
2026-08-17 17:27: Train Epoch 9: 320/1641 Loss: 0.320407
2026-08-17 17:27: Train Epoch 9: 340/1641 Loss: 0.319552
2026-08-17 17:27: Train Epoch 9: 360/1641 Loss: 0.305148
2026-08-17 17:27: Train Epoch 9: 380/1641 Loss: 0.334414
2026-08-17 17:27: Train Epoch 9: 400/1641 Loss: 0.328061
2026-08-17 17:27: Train Epoch 9: 420/1641 Loss: 0.362258
2026-08-17 17:27: Train Epoch 9: 440/1641 Loss: 0.355988
2026-08-17 17:27: Train Epoch 9: 460/1641 Loss: 0.335741
2026-08-17 17:27: Train Epoch 9: 480/1641 Loss: 0.349560
2026-08-17 17:27: Train Epoch 9: 500/1641 Loss: 0.311248
2026-08-17 17:27: Train Epoch 9: 520/1641 Loss: 0.327188
2026-08-17 17:27: Train Epoch 9: 540/1641 Loss: 0.337380
2026-08-17 17:27: Train Epoch 9: 560/1641 Loss: 0.294934
2026-08-17 17:27: Train Epoch 9: 580/1641 Loss: 0.341615
2026-08-17 17:27: Train Epoch 9: 600/1641 Loss: 0.328785
2026-08-17 17:27: Train Epoch 9: 620/1641 Loss: 0.346369
2026-08-17 17:27: Train Epoch 9: 640/1641 Loss: 0.307965
2026-08-17 17:27: Train Epoch 9: 660/1641 Loss: 0.320688
2026-08-17 17:28: Train Epoch 9: 680/1641 Loss: 0.321421
2026-08-17 17:28: Train Epoch 9: 700/1641 Loss: 0.338589
2026-08-17 17:28: Train Epoch 9: 720/1641 Loss: 0.342983
2026-08-17 17:28: Train Epoch 9: 740/1641 Loss: 0.326155
2026-08-17 17:28: Train Epoch 9: 760/1641 Loss: 0.337332
2026-08-17 17:28: Train Epoch 9: 780/1641 Loss: 0.322448
2026-08-17 17:28: Train Epoch 9: 800/1641 Loss: 0.335440
2026-08-17 17:28: Train Epoch 9: 820/1641 Loss: 0.340657
2026-08-17 17:28: Train Epoch 9: 840/1641 Loss: 0.345166
2026-08-17 17:28: Train Epoch 9: 860/1641 Loss: 0.324586
2026-08-17 17:28: Train Epoch 9: 880/1641 Loss: 0.343574
2026-08-17 17:28: Train Epoch 9: 900/1641 Loss: 0.338757
2026-08-17 17:28: Train Epoch 9: 920/1641 Loss: 0.335474
2026-08-17 17:28: Train Epoch 9: 940/1641 Loss: 0.348710
2026-08-17 17:28: Train Epoch 9: 960/1641 Loss: 0.330976
2026-08-17 17:28: Train Epoch 9: 980/1641 Loss: 0.335039
2026-08-17 17:28: Train Epoch 9: 1000/1641 Loss: 0.319498
2026-08-17 17:28: Train Epoch 9: 1020/1641 Loss: 0.322022
2026-08-17 17:28: Train Epoch 9: 1040/1641 Loss: 0.327054
2026-08-17 17:28: Train Epoch 9: 1060/1641 Loss: 0.339079
2026-08-17 17:28: Train Epoch 9: 1080/1641 Loss: 0.349920
2026-08-17 17:28: Train Epoch 9: 1100/1641 Loss: 0.329143
2026-08-17 17:29: Train Epoch 9: 1120/1641 Loss: 0.325291
2026-08-17 17:29: Train Epoch 9: 1140/1641 Loss: 0.346873
2026-08-17 17:29: Train Epoch 9: 1160/1641 Loss: 0.317202
2026-08-17 17:29: Train Epoch 9: 1180/1641 Loss: 0.331505
2026-08-17 17:29: Train Epoch 9: 1200/1641 Loss: 0.317072
2026-08-17 17:29: Train Epoch 9: 1220/1641 Loss: 0.327288
2026-08-17 17:29: Train Epoch 9: 1240/1641 Loss: 0.328854
2026-08-17 17:29: Train Epoch 9: 1260/1641 Loss: 0.335069
2026-08-17 17:29: Train Epoch 9: 1280/1641 Loss: 0.322477
2026-08-17 17:29: Train Epoch 9: 1300/1641 Loss: 0.318211
2026-08-17 17:29: Train Epoch 9: 1320/1641 Loss: 0.351472
2026-08-17 17:29: Train Epoch 9: 1340/1641 Loss: 0.336752
2026-08-17 17:29: Train Epoch 9: 1360/1641 Loss: 0.341348
2026-08-17 17:29: Train Epoch 9: 1380/1641 Loss: 0.330057
2026-08-17 17:29: Train Epoch 9: 1400/1641 Loss: 0.325237
2026-08-17 17:29: Train Epoch 9: 1420/1641 Loss: 0.330443
2026-08-17 17:29: Train Epoch 9: 1440/1641 Loss: 0.353633
2026-08-17 17:29: Train Epoch 9: 1460/1641 Loss: 0.307189
2026-08-17 17:29: Train Epoch 9: 1480/1641 Loss: 0.322894
2026-08-17 17:29: Train Epoch 9: 1500/1641 Loss: 0.337487
2026-08-17 17:29: Train Epoch 9: 1520/1641 Loss: 0.340508
2026-08-17 17:29: Train Epoch 9: 1540/1641 Loss: 0.301411
2026-08-17 17:30: Train Epoch 9: 1560/1641 Loss: 0.329872
2026-08-17 17:30: Train Epoch 9: 1580/1641 Loss: 0.343389
2026-08-17 17:30: Train Epoch 9: 1600/1641 Loss: 0.313970
2026-08-17 17:30: Train Epoch 9: 1620/1641 Loss: 0.342211
2026-08-17 17:30: Train Epoch 9: 1640/1641 Loss: 0.320075
2026-08-17 17:30: **********Train Epoch 9: averaged Loss: 0.331994, tf_ratio: 1.000000
2026-08-17 17:30: **********Val Epoch 9: average Loss: 0.334561
2026-08-17 17:30: Train Epoch 10: 0/1641 Loss: 0.327002
2026-08-17 17:30: Train Epoch 10: 20/1641 Loss: 0.319320
2026-08-17 17:30: Train Epoch 10: 40/1641 Loss: 0.322739
2026-08-17 17:30: Train Epoch 10: 60/1641 Loss: 0.336129
2026-08-17 17:30: Train Epoch 10: 80/1641 Loss: 0.332156
2026-08-17 17:30: Train Epoch 10: 100/1641 Loss: 0.308715
2026-08-17 17:30: Train Epoch 10: 120/1641 Loss: 0.338098
2026-08-17 17:30: Train Epoch 10: 140/1641 Loss: 0.313539
2026-08-17 17:30: Train Epoch 10: 160/1641 Loss: 0.313909
2026-08-17 17:30: Train Epoch 10: 180/1641 Loss: 0.342648
2026-08-17 17:31: Train Epoch 10: 200/1641 Loss: 0.316916
2026-08-17 17:31: Train Epoch 10: 220/1641 Loss: 0.323196
2026-08-17 17:31: Train Epoch 10: 240/1641 Loss: 0.347001
2026-08-17 17:31: Train Epoch 10: 260/1641 Loss: 0.341437
2026-08-17 17:31: Train Epoch 10: 280/1641 Loss: 0.348624
2026-08-17 17:31: Train Epoch 10: 300/1641 Loss: 0.328054
2026-08-17 17:31: Train Epoch 10: 320/1641 Loss: 0.338805
2026-08-17 17:31: Train Epoch 10: 340/1641 Loss: 0.328909
2026-08-17 17:31: Train Epoch 10: 360/1641 Loss: 0.324758
2026-08-17 17:31: Train Epoch 10: 380/1641 Loss: 0.371562
2026-08-17 17:31: Train Epoch 10: 400/1641 Loss: 0.318131
2026-08-17 17:31: Train Epoch 10: 420/1641 Loss: 0.354137
2026-08-17 17:31: Train Epoch 10: 440/1641 Loss: 0.317180
2026-08-17 17:31: Train Epoch 10: 460/1641 Loss: 0.347932
2026-08-17 17:31: Train Epoch 10: 480/1641 Loss: 0.325398
2026-08-17 17:31: Train Epoch 10: 500/1641 Loss: 0.321061
2026-08-17 17:31: Train Epoch 10: 520/1641 Loss: 0.326527
2026-08-17 17:31: Train Epoch 10: 540/1641 Loss: 0.323240
2026-08-17 17:31: Train Epoch 10: 560/1641 Loss: 0.329266
2026-08-17 17:31: Train Epoch 10: 580/1641 Loss: 0.351784
2026-08-17 17:31: Train Epoch 10: 600/1641 Loss: 0.326643
2026-08-17 17:32: Train Epoch 10: 620/1641 Loss: 0.312717
2026-08-17 17:32: Train Epoch 10: 640/1641 Loss: 0.330899
2026-08-17 17:32: Train Epoch 10: 660/1641 Loss: 0.300568
2026-08-17 17:32: Train Epoch 10: 680/1641 Loss: 0.347430
2026-08-17 17:32: Train Epoch 10: 700/1641 Loss: 0.333150
2026-08-17 17:32: Train Epoch 10: 720/1641 Loss: 0.345965
2026-08-17 17:32: Train Epoch 10: 740/1641 Loss: 0.330367
2026-08-17 17:32: Train Epoch 10: 760/1641 Loss: 0.330994
2026-08-17 17:32: Train Epoch 10: 780/1641 Loss: 0.343530
2026-08-17 17:32: Train Epoch 10: 800/1641 Loss: 0.342467
2026-08-17 17:32: Train Epoch 10: 820/1641 Loss: 0.308654
2026-08-17 17:32: Train Epoch 10: 840/1641 Loss: 0.319495
2026-08-17 17:32: Train Epoch 10: 860/1641 Loss: 0.325122
2026-08-17 17:32: Train Epoch 10: 880/1641 Loss: 0.304267
2026-08-17 17:32: Train Epoch 10: 900/1641 Loss: 0.324433
2026-08-17 17:32: Train Epoch 10: 920/1641 Loss: 0.300856
2026-08-17 17:32: Train Epoch 10: 940/1641 Loss: 0.334114
2026-08-17 17:32: Train Epoch 10: 960/1641 Loss: 0.305364
2026-08-17 17:32: Train Epoch 10: 980/1641 Loss: 0.299022
2026-08-17 17:32: Train Epoch 10: 1000/1641 Loss: 0.332523
2026-08-17 17:32: Train Epoch 10: 1020/1641 Loss: 0.327804
2026-08-17 17:32: Train Epoch 10: 1040/1641 Loss: 0.349486
2026-08-17 17:32: Train Epoch 10: 1060/1641 Loss: 0.288080
2026-08-17 17:33: Train Epoch 10: 1080/1641 Loss: 0.347313
2026-08-17 17:33: Train Epoch 10: 1100/1641 Loss: 0.336548
2026-08-17 17:33: Train Epoch 10: 1120/1641 Loss: 0.304309
2026-08-17 17:33: Train Epoch 10: 1140/1641 Loss: 0.345892
2026-08-17 17:33: Train Epoch 10: 1160/1641 Loss: 0.335814
2026-08-17 17:33: Train Epoch 10: 1180/1641 Loss: 0.349019
2026-08-17 17:33: Train Epoch 10: 1200/1641 Loss: 0.296546
2026-08-17 17:33: Train Epoch 10: 1220/1641 Loss: 0.313805
2026-08-17 17:33: Train Epoch 10: 1240/1641 Loss: 0.319363
2026-08-17 17:33: Train Epoch 10: 1260/1641 Loss: 0.342653
2026-08-17 17:33: Train Epoch 10: 1280/1641 Loss: 0.330001
2026-08-17 17:33: Train Epoch 10: 1300/1641 Loss: 0.329091
2026-08-17 17:33: Train Epoch 10: 1320/1641 Loss: 0.330261
2026-08-17 17:33: Train Epoch 10: 1340/1641 Loss: 0.334014
2026-08-17 17:33: Train Epoch 10: 1360/1641 Loss: 0.311774
2026-08-17 17:33: Train Epoch 10: 1380/1641 Loss: 0.314669
2026-08-17 17:33: Train Epoch 10: 1400/1641 Loss: 0.314321
2026-08-17 17:33: Train Epoch 10: 1420/1641 Loss: 0.291390
2026-08-17 17:33: Train Epoch 10: 1440/1641 Loss: 0.302501
2026-08-17 17:33: Train Epoch 10: 1460/1641 Loss: 0.318969
2026-08-17 17:33: Train Epoch 10: 1480/1641 Loss: 0.343303
2026-08-17 17:33: Train Epoch 10: 1500/1641 Loss: 0.373546
2026-08-17 17:34: Train Epoch 10: 1520/1641 Loss: 0.305760
2026-08-17 17:34: Train Epoch 10: 1540/1641 Loss: 0.313659
2026-08-17 17:34: Train Epoch 10: 1560/1641 Loss: 0.338485
2026-08-17 17:34: Train Epoch 10: 1580/1641 Loss: 0.329103
2026-08-17 17:34: Train Epoch 10: 1600/1641 Loss: 0.347637
2026-08-17 17:34: Train Epoch 10: 1620/1641 Loss: 0.339210
2026-08-17 17:34: Train Epoch 10: 1640/1641 Loss: 0.338552
2026-08-17 17:34: **********Train Epoch 10: averaged Loss: 0.329821, tf_ratio: 1.000000
2026-08-17 17:34: **********Val Epoch 10: average Loss: 0.326382
2026-08-17 17:34: *********************************Current best model saved!
2026-08-17 17:34: Train Epoch 11: 0/1641 Loss: 0.333709
2026-08-17 17:34: Train Epoch 11: 20/1641 Loss: 0.330905
2026-08-17 17:34: Train Epoch 11: 40/1641 Loss: 0.327241
2026-08-17 17:34: Train Epoch 11: 60/1641 Loss: 0.318484
2026-08-17 17:34: Train Epoch 11: 80/1641 Loss: 0.328061
2026-08-17 17:34: Train Epoch 11: 100/1641 Loss: 0.312430
2026-08-17 17:34: Train Epoch 11: 120/1641 Loss: 0.367483
2026-08-17 17:34: Train Epoch 11: 140/1641 Loss: 0.325100
2026-08-17 17:35: Train Epoch 11: 160/1641 Loss: 0.290816
2026-08-17 17:35: Train Epoch 11: 180/1641 Loss: 0.325788
2026-08-17 17:35: Train Epoch 11: 200/1641 Loss: 0.321772
2026-08-17 17:35: Train Epoch 11: 220/1641 Loss: 0.317790
2026-08-17 17:35: Train Epoch 11: 240/1641 Loss: 0.327868
2026-08-17 17:35: Train Epoch 11: 260/1641 Loss: 0.306341
2026-08-17 17:35: Train Epoch 11: 280/1641 Loss: 0.324349
2026-08-17 17:35: Train Epoch 11: 300/1641 Loss: 0.323735
2026-08-17 17:35: Train Epoch 11: 320/1641 Loss: 0.350585
2026-08-17 17:35: Train Epoch 11: 340/1641 Loss: 0.352112
2026-08-17 17:35: Train Epoch 11: 360/1641 Loss: 0.341871
2026-08-17 17:35: Train Epoch 11: 380/1641 Loss: 0.325989
2026-08-17 17:35: Train Epoch 11: 400/1641 Loss: 0.328745
2026-08-17 17:35: Train Epoch 11: 420/1641 Loss: 0.332452
2026-08-17 17:35: Train Epoch 11: 440/1641 Loss: 0.317476
2026-08-17 17:35: Train Epoch 11: 460/1641 Loss: 0.350288
2026-08-17 17:35: Train Epoch 11: 480/1641 Loss: 0.310290
2026-08-17 17:35: Train Epoch 11: 500/1641 Loss: 0.317957
2026-08-17 17:35: Train Epoch 11: 520/1641 Loss: 0.350401
2026-08-17 17:35: Train Epoch 11: 540/1641 Loss: 0.348307
2026-08-17 17:35: Train Epoch 11: 560/1641 Loss: 0.349596
2026-08-17 17:35: Train Epoch 11: 580/1641 Loss: 0.344101
2026-08-17 17:35: Train Epoch 11: 600/1641 Loss: 0.360029
2026-08-17 17:36: Train Epoch 11: 620/1641 Loss: 0.331567
2026-08-17 17:36: Train Epoch 11: 640/1641 Loss: 0.322562
2026-08-17 17:36: Train Epoch 11: 660/1641 Loss: 0.292981
2026-08-17 17:36: Train Epoch 11: 680/1641 Loss: 0.319132
2026-08-17 17:36: Train Epoch 11: 700/1641 Loss: 0.335381
2026-08-17 17:36: Train Epoch 11: 720/1641 Loss: 0.313897
2026-08-17 17:36: Train Epoch 11: 740/1641 Loss: 0.298035
2026-08-17 17:36: Train Epoch 11: 760/1641 Loss: 0.311526
2026-08-17 17:36: Train Epoch 11: 780/1641 Loss: 0.300346
2026-08-17 17:36: Train Epoch 11: 800/1641 Loss: 0.322351
2026-08-17 17:36: Train Epoch 11: 820/1641 Loss: 0.317849
2026-08-17 17:36: Train Epoch 11: 840/1641 Loss: 0.301293
2026-08-17 17:36: Train Epoch 11: 860/1641 Loss: 0.338382
2026-08-17 17:36: Train Epoch 11: 880/1641 Loss: 0.327863
2026-08-17 17:36: Train Epoch 11: 900/1641 Loss: 0.304252
2026-08-17 17:36: Train Epoch 11: 920/1641 Loss: 0.330316
2026-08-17 17:36: Train Epoch 11: 940/1641 Loss: 0.342539
2026-08-17 17:36: Train Epoch 11: 960/1641 Loss: 0.348978
2026-08-17 17:36: Train Epoch 11: 980/1641 Loss: 0.328898
2026-08-17 17:36: Train Epoch 11: 1000/1641 Loss: 0.311612
2026-08-17 17:36: Train Epoch 11: 1020/1641 Loss: 0.312492
2026-08-17 17:36: Train Epoch 11: 1040/1641 Loss: 0.311823
2026-08-17 17:37: Train Epoch 11: 1060/1641 Loss: 0.311008
2026-08-17 17:37: Train Epoch 11: 1080/1641 Loss: 0.342532
2026-08-17 17:37: Train Epoch 11: 1100/1641 Loss: 0.345682
2026-08-17 17:37: Train Epoch 11: 1120/1641 Loss: 0.345309
2026-08-17 17:37: Train Epoch 11: 1140/1641 Loss: 0.336449
2026-08-17 17:37: Train Epoch 11: 1160/1641 Loss: 0.312231
2026-08-17 17:37: Train Epoch 11: 1180/1641 Loss: 0.355848
2026-08-17 17:37: Train Epoch 11: 1200/1641 Loss: 0.335161
2026-08-17 17:37: Train Epoch 11: 1220/1641 Loss: 0.327128
2026-08-17 17:37: Train Epoch 11: 1240/1641 Loss: 0.299694
2026-08-17 17:37: Train Epoch 11: 1260/1641 Loss: 0.351888
2026-08-17 17:37: Train Epoch 11: 1280/1641 Loss: 0.326617
2026-08-17 17:37: Train Epoch 11: 1300/1641 Loss: 0.298068
2026-08-17 17:37: Train Epoch 11: 1320/1641 Loss: 0.342053
2026-08-17 17:37: Train Epoch 11: 1340/1641 Loss: 0.341068
2026-08-17 17:37: Train Epoch 11: 1360/1641 Loss: 0.296456
2026-08-17 17:37: Train Epoch 11: 1380/1641 Loss: 0.330806
2026-08-17 17:37: Train Epoch 11: 1400/1641 Loss: 0.342436
2026-08-17 17:37: Train Epoch 11: 1420/1641 Loss: 0.316703
2026-08-17 17:37: Train Epoch 11: 1440/1641 Loss: 0.306341
2026-08-17 17:37: Train Epoch 11: 1460/1641 Loss: 0.330407
2026-08-17 17:37: Train Epoch 11: 1480/1641 Loss: 0.323473
2026-08-17 17:38: Train Epoch 11: 1500/1641 Loss: 0.332095
2026-08-17 17:38: Train Epoch 11: 1520/1641 Loss: 0.307566
2026-08-17 17:38: Train Epoch 11: 1540/1641 Loss: 0.314257
2026-08-17 17:38: Train Epoch 11: 1560/1641 Loss: 0.312089
2026-08-17 17:38: Train Epoch 11: 1580/1641 Loss: 0.327838
2026-08-17 17:38: Train Epoch 11: 1600/1641 Loss: 0.305137
2026-08-17 17:38: Train Epoch 11: 1620/1641 Loss: 0.306118
2026-08-17 17:38: Train Epoch 11: 1640/1641 Loss: 0.319648
2026-08-17 17:38: **********Train Epoch 11: averaged Loss: 0.327598, tf_ratio: 1.000000
2026-08-17 17:38: **********Val Epoch 11: average Loss: 0.326396
2026-08-17 17:38: Train Epoch 12: 0/1641 Loss: 0.322226
2026-08-17 17:38: Train Epoch 12: 20/1641 Loss: 0.313839
2026-08-17 17:38: Train Epoch 12: 40/1641 Loss: 0.346205
2026-08-17 17:38: Train Epoch 12: 60/1641 Loss: 0.299412
2026-08-17 17:38: Train Epoch 12: 80/1641 Loss: 0.320006
2026-08-17 17:38: Train Epoch 12: 100/1641 Loss: 0.324127
2026-08-17 17:38: Train Epoch 12: 120/1641 Loss: 0.328251
2026-08-17 17:39: Train Epoch 12: 140/1641 Loss: 0.336940
2026-08-17 17:39: Train Epoch 12: 160/1641 Loss: 0.326376
2026-08-17 17:39: Train Epoch 12: 180/1641 Loss: 0.317250
2026-08-17 17:39: Train Epoch 12: 200/1641 Loss: 0.305273
2026-08-17 17:39: Train Epoch 12: 220/1641 Loss: 0.304569
2026-08-17 17:39: Train Epoch 12: 240/1641 Loss: 0.363592
2026-08-17 17:39: Train Epoch 12: 260/1641 Loss: 0.324007
2026-08-17 17:39: Train Epoch 12: 280/1641 Loss: 0.316823
2026-08-17 17:39: Train Epoch 12: 300/1641 Loss: 0.351918
2026-08-17 17:39: Train Epoch 12: 320/1641 Loss: 0.330052
2026-08-17 17:39: Train Epoch 12: 340/1641 Loss: 0.328944
2026-08-17 17:39: Train Epoch 12: 360/1641 Loss: 0.319709
2026-08-17 17:39: Train Epoch 12: 380/1641 Loss: 0.318096
2026-08-17 17:39: Train Epoch 12: 400/1641 Loss: 0.319490
2026-08-17 17:39: Train Epoch 12: 420/1641 Loss: 0.338415
2026-08-17 17:39: Train Epoch 12: 440/1641 Loss: 0.314578
2026-08-17 17:39: Train Epoch 12: 460/1641 Loss: 0.323003
2026-08-17 17:39: Train Epoch 12: 480/1641 Loss: 0.316597
2026-08-17 17:39: Train Epoch 12: 500/1641 Loss: 0.328886
2026-08-17 17:39: Train Epoch 12: 520/1641 Loss: 0.330519
2026-08-17 17:39: Train Epoch 12: 540/1641 Loss: 0.335158
2026-08-17 17:39: Train Epoch 12: 560/1641 Loss: 0.349490
2026-08-17 17:39: Train Epoch 12: 580/1641 Loss: 0.327802
2026-08-17 17:40: Train Epoch 12: 600/1641 Loss: 0.352894
2026-08-17 17:40: Train Epoch 12: 620/1641 Loss: 0.326322
2026-08-17 17:40: Train Epoch 12: 640/1641 Loss: 0.314602
2026-08-17 17:40: Train Epoch 12: 660/1641 Loss: 0.317561
2026-08-17 17:40: Train Epoch 12: 680/1641 Loss: 0.337535
2026-08-17 17:40: Train Epoch 12: 700/1641 Loss: 0.328682
2026-08-17 17:40: Train Epoch 12: 720/1641 Loss: 0.318840
2026-08-17 17:40: Train Epoch 12: 740/1641 Loss: 0.329843
2026-08-17 17:40: Train Epoch 12: 760/1641 Loss: 0.314381
2026-08-17 17:40: Train Epoch 12: 780/1641 Loss: 0.341968
2026-08-17 17:40: Train Epoch 12: 800/1641 Loss: 0.330823
2026-08-17 17:40: Train Epoch 12: 820/1641 Loss: 0.328700
2026-08-17 17:40: Train Epoch 12: 840/1641 Loss: 0.328639
2026-08-17 17:40: Train Epoch 12: 860/1641 Loss: 0.320743
2026-08-17 17:40: Train Epoch 12: 880/1641 Loss: 0.323510
2026-08-17 17:40: Train Epoch 12: 900/1641 Loss: 0.336284
2026-08-17 17:40: Train Epoch 12: 920/1641 Loss: 0.296557
2026-08-17 17:40: Train Epoch 12: 940/1641 Loss: 0.346016
2026-08-17 17:40: Train Epoch 12: 960/1641 Loss: 0.310770
2026-08-17 17:40: Train Epoch 12: 980/1641 Loss: 0.315954
2026-08-17 17:40: Train Epoch 12: 1000/1641 Loss: 0.309303
2026-08-17 17:40: Train Epoch 12: 1020/1641 Loss: 0.308536
2026-08-17 17:41: Train Epoch 12: 1040/1641 Loss: 0.333322
2026-08-17 17:41: Train Epoch 12: 1060/1641 Loss: 0.344869
2026-08-17 17:41: Train Epoch 12: 1080/1641 Loss: 0.309527
2026-08-17 17:41: Train Epoch 12: 1100/1641 Loss: 0.307088
2026-08-17 17:41: Train Epoch 12: 1120/1641 Loss: 0.314022
2026-08-17 17:41: Train Epoch 12: 1140/1641 Loss: 0.308698
2026-08-17 17:41: Train Epoch 12: 1160/1641 Loss: 0.294435
2026-08-17 17:41: Train Epoch 12: 1180/1641 Loss: 0.332977
2026-08-17 17:41: Train Epoch 12: 1200/1641 Loss: 0.310417
2026-08-17 17:41: Train Epoch 12: 1220/1641 Loss: 0.326061
2026-08-17 17:41: Train Epoch 12: 1240/1641 Loss: 0.330471
2026-08-17 17:41: Train Epoch 12: 1260/1641 Loss: 0.302494
2026-08-17 17:41: Train Epoch 12: 1280/1641 Loss: 0.330051
2026-08-17 17:41: Train Epoch 12: 1300/1641 Loss: 0.314118
2026-08-17 17:41: Train Epoch 12: 1320/1641 Loss: 0.310529
2026-08-17 17:41: Train Epoch 12: 1340/1641 Loss: 0.315609
2026-08-17 17:41: Train Epoch 12: 1360/1641 Loss: 0.339597
2026-08-17 17:41: Train Epoch 12: 1380/1641 Loss: 0.325431
2026-08-17 17:41: Train Epoch 12: 1400/1641 Loss: 0.339267
2026-08-17 17:41: Train Epoch 12: 1420/1641 Loss: 0.332112
2026-08-17 17:41: Train Epoch 12: 1440/1641 Loss: 0.316064
2026-08-17 17:41: Train Epoch 12: 1460/1641 Loss: 0.345492
2026-08-17 17:42: Train Epoch 12: 1480/1641 Loss: 0.315424
2026-08-17 17:42: Train Epoch 12: 1500/1641 Loss: 0.324403
2026-08-17 17:42: Train Epoch 12: 1520/1641 Loss: 0.302780
2026-08-17 17:42: Train Epoch 12: 1540/1641 Loss: 0.328858
2026-08-17 17:42: Train Epoch 12: 1560/1641 Loss: 0.342250
2026-08-17 17:42: Train Epoch 12: 1580/1641 Loss: 0.315584
2026-08-17 17:42: Train Epoch 12: 1600/1641 Loss: 0.332227
2026-08-17 17:42: Train Epoch 12: 1620/1641 Loss: 0.310563
2026-08-17 17:42: Train Epoch 12: 1640/1641 Loss: 0.327268
2026-08-17 17:42: **********Train Epoch 12: averaged Loss: 0.325659, tf_ratio: 1.000000
2026-08-17 17:42: **********Val Epoch 12: average Loss: 0.323226
2026-08-17 17:42: *********************************Current best model saved!
2026-08-17 17:42: Train Epoch 13: 0/1641 Loss: 0.317508
2026-08-17 17:42: Train Epoch 13: 20/1641 Loss: 0.310333
2026-08-17 17:42: Train Epoch 13: 40/1641 Loss: 0.302465
2026-08-17 17:42: Train Epoch 13: 60/1641 Loss: 0.336135
2026-08-17 17:42: Train Epoch 13: 80/1641 Loss: 0.308288
2026-08-17 17:42: Train Epoch 13: 100/1641 Loss: 0.311014
2026-08-17 17:42: Train Epoch 13: 120/1641 Loss: 0.307932
2026-08-17 17:43: Train Epoch 13: 140/1641 Loss: 0.345012
2026-08-17 17:43: Train Epoch 13: 160/1641 Loss: 0.334523
2026-08-17 17:43: Train Epoch 13: 180/1641 Loss: 0.306170
2026-08-17 17:43: Train Epoch 13: 200/1641 Loss: 0.302687
2026-08-17 17:43: Train Epoch 13: 220/1641 Loss: 0.309509
2026-08-17 17:43: Train Epoch 13: 240/1641 Loss: 0.329410
2026-08-17 17:43: Train Epoch 13: 260/1641 Loss: 0.319585
2026-08-17 17:43: Train Epoch 13: 280/1641 Loss: 0.322190
2026-08-17 17:43: Train Epoch 13: 300/1641 Loss: 0.335600
2026-08-17 17:43: Train Epoch 13: 320/1641 Loss: 0.325361
2026-08-17 17:43: Train Epoch 13: 340/1641 Loss: 0.354479
2026-08-17 17:43: Train Epoch 13: 360/1641 Loss: 0.323387
2026-08-17 17:43: Train Epoch 13: 380/1641 Loss: 0.288281
2026-08-17 17:43: Train Epoch 13: 400/1641 Loss: 0.327849
2026-08-17 17:43: Train Epoch 13: 420/1641 Loss: 0.331959
2026-08-17 17:43: Train Epoch 13: 440/1641 Loss: 0.317675
2026-08-17 17:43: Train Epoch 13: 460/1641 Loss: 0.317803
2026-08-17 17:43: Train Epoch 13: 480/1641 Loss: 0.341935
2026-08-17 17:43: Train Epoch 13: 500/1641 Loss: 0.330202
2026-08-17 17:43: Train Epoch 13: 520/1641 Loss: 0.325455
2026-08-17 17:43: Train Epoch 13: 540/1641 Loss: 0.296369
2026-08-17 17:43: Train Epoch 13: 560/1641 Loss: 0.319634
2026-08-17 17:44: Train Epoch 13: 580/1641 Loss: 0.296511
2026-08-17 17:44: Train Epoch 13: 600/1641 Loss: 0.309854
2026-08-17 17:44: Train Epoch 13: 620/1641 Loss: 0.321342
2026-08-17 17:44: Train Epoch 13: 640/1641 Loss: 0.320042
2026-08-17 17:44: Train Epoch 13: 660/1641 Loss: 0.314009
2026-08-17 17:44: Train Epoch 13: 680/1641 Loss: 0.327790
2026-08-17 17:44: Train Epoch 13: 700/1641 Loss: 0.317132
2026-08-17 17:44: Train Epoch 13: 720/1641 Loss: 0.319431
2026-08-17 17:44: Train Epoch 13: 740/1641 Loss: 0.323334
2026-08-17 17:44: Train Epoch 13: 760/1641 Loss: 0.316348
2026-08-17 17:44: Train Epoch 13: 780/1641 Loss: 0.308032
2026-08-17 17:44: Train Epoch 13: 800/1641 Loss: 0.315562
2026-08-17 17:44: Train Epoch 13: 820/1641 Loss: 0.313033
2026-08-17 17:44: Train Epoch 13: 840/1641 Loss: 0.338598
2026-08-17 17:44: Train Epoch 13: 860/1641 Loss: 0.333457
2026-08-17 17:44: Train Epoch 13: 880/1641 Loss: 0.308860
2026-08-17 17:44: Train Epoch 13: 900/1641 Loss: 0.341584
2026-08-17 17:44: Train Epoch 13: 920/1641 Loss: 0.327413
2026-08-17 17:44: Train Epoch 13: 940/1641 Loss: 0.320181
2026-08-17 17:44: Train Epoch 13: 960/1641 Loss: 0.316753
2026-08-17 17:44: Train Epoch 13: 980/1641 Loss: 0.308421
2026-08-17 17:44: Train Epoch 13: 1000/1641 Loss: 0.321824
2026-08-17 17:45: Train Epoch 13: 1020/1641 Loss: 0.346374
2026-08-17 17:45: Train Epoch 13: 1040/1641 Loss: 0.309152
2026-08-17 17:45: Train Epoch 13: 1060/1641 Loss: 0.319771
2026-08-17 17:45: Train Epoch 13: 1080/1641 Loss: 0.296698
2026-08-17 17:45: Train Epoch 13: 1100/1641 Loss: 0.315751
2026-08-17 17:45: Train Epoch 13: 1120/1641 Loss: 0.316259
2026-08-17 17:45: Train Epoch 13: 1140/1641 Loss: 0.313117
2026-08-17 17:45: Train Epoch 13: 1160/1641 Loss: 0.309409
2026-08-17 17:45: Train Epoch 13: 1180/1641 Loss: 0.312841
2026-08-17 17:45: Train Epoch 13: 1200/1641 Loss: 0.314941
2026-08-17 17:45: Train Epoch 13: 1220/1641 Loss: 0.324974
2026-08-17 17:45: Train Epoch 13: 1240/1641 Loss: 0.342620
2026-08-17 17:45: Train Epoch 13: 1260/1641 Loss: 0.310756
2026-08-17 17:45: Train Epoch 13: 1280/1641 Loss: 0.351394
2026-08-17 17:45: Train Epoch 13: 1300/1641 Loss: 0.328272
2026-08-17 17:45: Train Epoch 13: 1320/1641 Loss: 0.327185
2026-08-17 17:45: Train Epoch 13: 1340/1641 Loss: 0.303046
2026-08-17 17:45: Train Epoch 13: 1360/1641 Loss: 0.304503
2026-08-17 17:45: Train Epoch 13: 1380/1641 Loss: 0.343318
2026-08-17 17:45: Train Epoch 13: 1400/1641 Loss: 0.318943
2026-08-17 17:45: Train Epoch 13: 1420/1641 Loss: 0.330604
2026-08-17 17:45: Train Epoch 13: 1440/1641 Loss: 0.322659
2026-08-17 17:45: Train Epoch 13: 1460/1641 Loss: 0.301767
2026-08-17 17:46: Train Epoch 13: 1480/1641 Loss: 0.323001
2026-08-17 17:46: Train Epoch 13: 1500/1641 Loss: 0.330880
2026-08-17 17:46: Train Epoch 13: 1520/1641 Loss: 0.315513
2026-08-17 17:46: Train Epoch 13: 1540/1641 Loss: 0.317120
2026-08-17 17:46: Train Epoch 13: 1560/1641 Loss: 0.329960
2026-08-17 17:46: Train Epoch 13: 1580/1641 Loss: 0.334589
2026-08-17 17:46: Train Epoch 13: 1600/1641 Loss: 0.342130
2026-08-17 17:46: Train Epoch 13: 1620/1641 Loss: 0.350756
2026-08-17 17:46: Train Epoch 13: 1640/1641 Loss: 0.333622
2026-08-17 17:46: **********Train Epoch 13: averaged Loss: 0.323915, tf_ratio: 1.000000
2026-08-17 17:46: **********Val Epoch 13: average Loss: 0.324558
2026-08-17 17:46: Train Epoch 14: 0/1641 Loss: 0.327959
2026-08-17 17:46: Train Epoch 14: 20/1641 Loss: 0.342633
2026-08-17 17:46: Train Epoch 14: 40/1641 Loss: 0.321935
2026-08-17 17:46: Train Epoch 14: 60/1641 Loss: 0.322245
2026-08-17 17:46: Train Epoch 14: 80/1641 Loss: 0.328125
2026-08-17 17:46: Train Epoch 14: 100/1641 Loss: 0.336804
2026-08-17 17:47: Train Epoch 14: 120/1641 Loss: 0.315930
2026-08-17 17:47: Train Epoch 14: 140/1641 Loss: 0.333097
2026-08-17 17:47: Train Epoch 14: 160/1641 Loss: 0.314553
2026-08-17 17:47: Train Epoch 14: 180/1641 Loss: 0.315267
2026-08-17 17:47: Train Epoch 14: 200/1641 Loss: 0.306835
2026-08-17 17:47: Train Epoch 14: 220/1641 Loss: 0.333176
2026-08-17 17:47: Train Epoch 14: 240/1641 Loss: 0.327390
2026-08-17 17:47: Train Epoch 14: 260/1641 Loss: 0.325319
2026-08-17 17:47: Train Epoch 14: 280/1641 Loss: 0.348493
2026-08-17 17:47: Train Epoch 14: 300/1641 Loss: 0.311053
2026-08-17 17:47: Train Epoch 14: 320/1641 Loss: 0.319541
2026-08-17 17:47: Train Epoch 14: 340/1641 Loss: 0.321093
2026-08-17 17:47: Train Epoch 14: 360/1641 Loss: 0.337886
2026-08-17 17:47: Train Epoch 14: 380/1641 Loss: 0.314086
2026-08-17 17:47: Train Epoch 14: 400/1641 Loss: 0.298897
2026-08-17 17:47: Train Epoch 14: 420/1641 Loss: 0.318301
2026-08-17 17:47: Train Epoch 14: 440/1641 Loss: 0.315993
2026-08-17 17:47: Train Epoch 14: 460/1641 Loss: 0.326921
2026-08-17 17:47: Train Epoch 14: 480/1641 Loss: 0.318181
2026-08-17 17:47: Train Epoch 14: 500/1641 Loss: 0.317582
2026-08-17 17:47: Train Epoch 14: 520/1641 Loss: 0.326262
2026-08-17 17:47: Train Epoch 14: 540/1641 Loss: 0.313317
2026-08-17 17:48: Train Epoch 14: 560/1641 Loss: 0.323934
2026-08-17 17:48: Train Epoch 14: 580/1641 Loss: 0.300759
2026-08-17 17:48: Train Epoch 14: 600/1641 Loss: 0.312355
2026-08-17 17:48: Train Epoch 14: 620/1641 Loss: 0.310194
2026-08-17 17:48: Train Epoch 14: 640/1641 Loss: 0.323355
2026-08-17 17:48: Train Epoch 14: 660/1641 Loss: 0.297776
2026-08-17 17:48: Train Epoch 14: 680/1641 Loss: 0.332780
2026-08-17 17:48: Train Epoch 14: 700/1641 Loss: 0.328306
2026-08-17 17:48: Train Epoch 14: 720/1641 Loss: 0.318632
2026-08-17 17:48: Train Epoch 14: 740/1641 Loss: 0.332361
2026-08-17 17:48: Train Epoch 14: 760/1641 Loss: 0.306677
2026-08-17 17:48: Train Epoch 14: 780/1641 Loss: 0.312147
2026-08-17 17:48: Train Epoch 14: 800/1641 Loss: 0.305996
2026-08-17 17:48: Train Epoch 14: 820/1641 Loss: 0.316580
2026-08-17 17:48: Train Epoch 14: 840/1641 Loss: 0.316077
2026-08-17 17:48: Train Epoch 14: 860/1641 Loss: 0.332449
2026-08-17 17:48: Train Epoch 14: 880/1641 Loss: 0.300601
2026-08-17 17:48: Train Epoch 14: 900/1641 Loss: 0.330769
2026-08-17 17:48: Train Epoch 14: 920/1641 Loss: 0.317907
2026-08-17 17:48: Train Epoch 14: 940/1641 Loss: 0.340425
2026-08-17 17:48: Train Epoch 14: 960/1641 Loss: 0.304986
2026-08-17 17:48: Train Epoch 14: 980/1641 Loss: 0.331705
2026-08-17 17:49: Train Epoch 14: 1000/1641 Loss: 0.313297
2026-08-17 17:49: Train Epoch 14: 1020/1641 Loss: 0.317622
2026-08-17 17:49: Train Epoch 14: 1040/1641 Loss: 0.333077
2026-08-17 17:49: Train Epoch 14: 1060/1641 Loss: 0.311839
2026-08-17 17:49: Train Epoch 14: 1080/1641 Loss: 0.319594
2026-08-17 17:49: Train Epoch 14: 1100/1641 Loss: 0.332935
2026-08-17 17:49: Train Epoch 14: 1120/1641 Loss: 0.306038
2026-08-17 17:49: Train Epoch 14: 1140/1641 Loss: 0.321861
2026-08-17 17:49: Train Epoch 14: 1160/1641 Loss: 0.309231
2026-08-17 17:49: Train Epoch 14: 1180/1641 Loss: 0.302557
2026-08-17 17:49: Train Epoch 14: 1200/1641 Loss: 0.326314
2026-08-17 17:49: Train Epoch 14: 1220/1641 Loss: 0.314538
2026-08-17 17:49: Train Epoch 14: 1240/1641 Loss: 0.316098
2026-08-17 17:49: Train Epoch 14: 1260/1641 Loss: 0.329093
2026-08-17 17:49: Train Epoch 14: 1280/1641 Loss: 0.329615
2026-08-17 17:49: Train Epoch 14: 1300/1641 Loss: 0.321797
2026-08-17 17:49: Train Epoch 14: 1320/1641 Loss: 0.328310
2026-08-17 17:49: Train Epoch 14: 1340/1641 Loss: 0.318385
2026-08-17 17:49: Train Epoch 14: 1360/1641 Loss: 0.311005
2026-08-17 17:49: Train Epoch 14: 1380/1641 Loss: 0.303434
2026-08-17 17:49: Train Epoch 14: 1400/1641 Loss: 0.332578
2026-08-17 17:49: Train Epoch 14: 1420/1641 Loss: 0.353432
2026-08-17 17:50: Train Epoch 14: 1440/1641 Loss: 0.307623
2026-08-17 17:50: Train Epoch 14: 1460/1641 Loss: 0.324042
2026-08-17 17:50: Train Epoch 14: 1480/1641 Loss: 0.293463
2026-08-17 17:50: Train Epoch 14: 1500/1641 Loss: 0.327366
2026-08-17 17:50: Train Epoch 14: 1520/1641 Loss: 0.342695
2026-08-17 17:50: Train Epoch 14: 1540/1641 Loss: 0.319001
2026-08-17 17:50: Train Epoch 14: 1560/1641 Loss: 0.313495
2026-08-17 17:50: Train Epoch 14: 1580/1641 Loss: 0.340980
2026-08-17 17:50: Train Epoch 14: 1600/1641 Loss: 0.336102
2026-08-17 17:50: Train Epoch 14: 1620/1641 Loss: 0.310925
2026-08-17 17:50: Train Epoch 14: 1640/1641 Loss: 0.292433
2026-08-17 17:50: **********Train Epoch 14: averaged Loss: 0.322097, tf_ratio: 1.000000
2026-08-17 17:50: **********Val Epoch 14: average Loss: 0.321329
2026-08-17 17:50: *********************************Current best model saved!
2026-08-17 17:50: Train Epoch 15: 0/1641 Loss: 0.294626
2026-08-17 17:50: Train Epoch 15: 20/1641 Loss: 0.317079
2026-08-17 17:50: Train Epoch 15: 40/1641 Loss: 0.336092
2026-08-17 17:50: Train Epoch 15: 60/1641 Loss: 0.326896
2026-08-17 17:51: Train Epoch 15: 80/1641 Loss: 0.327599
2026-08-17 17:51: Train Epoch 15: 100/1641 Loss: 0.309835
2026-08-17 17:51: Train Epoch 15: 120/1641 Loss: 0.324645
2026-08-17 17:51: Train Epoch 15: 140/1641 Loss: 0.318837
2026-08-17 17:51: Train Epoch 15: 160/1641 Loss: 0.347866
2026-08-17 17:51: Train Epoch 15: 180/1641 Loss: 0.310401
2026-08-17 17:51: Train Epoch 15: 200/1641 Loss: 0.357888
2026-08-17 17:51: Train Epoch 15: 220/1641 Loss: 0.318853
2026-08-17 17:51: Train Epoch 15: 240/1641 Loss: 0.333188
2026-08-17 17:51: Train Epoch 15: 260/1641 Loss: 0.306384
2026-08-17 17:51: Train Epoch 15: 280/1641 Loss: 0.323094
2026-08-17 17:51: Train Epoch 15: 300/1641 Loss: 0.348462
2026-08-17 17:51: Train Epoch 15: 320/1641 Loss: 0.324064
2026-08-17 17:51: Train Epoch 15: 340/1641 Loss: 0.334183
2026-08-17 17:51: Train Epoch 15: 360/1641 Loss: 0.306027
2026-08-17 17:51: Train Epoch 15: 380/1641 Loss: 0.299057
2026-08-17 17:51: Train Epoch 15: 400/1641 Loss: 0.300711
2026-08-17 17:51: Train Epoch 15: 420/1641 Loss: 0.318000
2026-08-17 17:51: Train Epoch 15: 440/1641 Loss: 0.319162
2026-08-17 17:51: Train Epoch 15: 460/1641 Loss: 0.308437
2026-08-17 17:51: Train Epoch 15: 480/1641 Loss: 0.307642
2026-08-17 17:51: Train Epoch 15: 500/1641 Loss: 0.328751
2026-08-17 17:52: Train Epoch 15: 520/1641 Loss: 0.322794
2026-08-17 17:52: Train Epoch 15: 540/1641 Loss: 0.317733
2026-08-17 17:52: Train Epoch 15: 560/1641 Loss: 0.327464
2026-08-17 17:52: Train Epoch 15: 580/1641 Loss: 0.339047
2026-08-17 17:52: Train Epoch 15: 600/1641 Loss: 0.339178
2026-08-17 17:52: Train Epoch 15: 620/1641 Loss: 0.319603
2026-08-17 17:52: Train Epoch 15: 640/1641 Loss: 0.317596
2026-08-17 17:52: Train Epoch 15: 660/1641 Loss: 0.324505
2026-08-17 17:52: Train Epoch 15: 680/1641 Loss: 0.317361
2026-08-17 17:52: Train Epoch 15: 700/1641 Loss: 0.302830
2026-08-17 17:52: Train Epoch 15: 720/1641 Loss: 0.339824
2026-08-17 17:52: Train Epoch 15: 740/1641 Loss: 0.334383
2026-08-17 17:52: Train Epoch 15: 760/1641 Loss: 0.298737
2026-08-17 17:52: Train Epoch 15: 780/1641 Loss: 0.301574
2026-08-17 17:52: Train Epoch 15: 800/1641 Loss: 0.336047
2026-08-17 17:52: Train Epoch 15: 820/1641 Loss: 0.331671
2026-08-17 17:52: Train Epoch 15: 840/1641 Loss: 0.338477
2026-08-17 17:52: Train Epoch 15: 860/1641 Loss: 0.330808
2026-08-17 17:52: Train Epoch 15: 880/1641 Loss: 0.323240
2026-08-17 17:52: Train Epoch 15: 900/1641 Loss: 0.308084
2026-08-17 17:52: Train Epoch 15: 920/1641 Loss: 0.317992
2026-08-17 17:52: Train Epoch 15: 940/1641 Loss: 0.314751
2026-08-17 17:53: Train Epoch 15: 960/1641 Loss: 0.319631
2026-08-17 17:53: Train Epoch 15: 980/1641 Loss: 0.318471
2026-08-17 17:53: Train Epoch 15: 1000/1641 Loss: 0.305329
2026-08-17 17:53: Train Epoch 15: 1020/1641 Loss: 0.310132
2026-08-17 17:53: Train Epoch 15: 1040/1641 Loss: 0.340631
2026-08-17 17:53: Train Epoch 15: 1060/1641 Loss: 0.328940
2026-08-17 17:53: Train Epoch 15: 1080/1641 Loss: 0.319240
2026-08-17 17:53: Train Epoch 15: 1100/1641 Loss: 0.298745
2026-08-17 17:53: Train Epoch 15: 1120/1641 Loss: 0.323655
2026-08-17 17:53: Train Epoch 15: 1140/1641 Loss: 0.319869
2026-08-17 17:53: Train Epoch 15: 1160/1641 Loss: 0.315693
2026-08-17 17:53: Train Epoch 15: 1180/1641 Loss: 0.293929
2026-08-17 17:53: Train Epoch 15: 1200/1641 Loss: 0.320113
2026-08-17 17:53: Train Epoch 15: 1220/1641 Loss: 0.339400
2026-08-17 17:53: Train Epoch 15: 1240/1641 Loss: 0.306802
2026-08-17 17:53: Train Epoch 15: 1260/1641 Loss: 0.298480
2026-08-17 17:53: Train Epoch 15: 1280/1641 Loss: 0.315607
2026-08-17 17:53: Train Epoch 15: 1300/1641 Loss: 0.317363
2026-08-17 17:53: Train Epoch 15: 1320/1641 Loss: 0.334541
2026-08-17 17:53: Train Epoch 15: 1340/1641 Loss: 0.326230
2026-08-17 17:53: Train Epoch 15: 1360/1641 Loss: 0.331805
2026-08-17 17:53: Train Epoch 15: 1380/1641 Loss: 0.327831
2026-08-17 17:54: Train Epoch 15: 1400/1641 Loss: 0.313800
2026-08-17 17:54: Train Epoch 15: 1420/1641 Loss: 0.301535
2026-08-17 17:54: Train Epoch 15: 1440/1641 Loss: 0.295509
2026-08-17 17:54: Train Epoch 15: 1460/1641 Loss: 0.310454
2026-08-17 17:54: Train Epoch 15: 1480/1641 Loss: 0.330163
2026-08-17 17:54: Train Epoch 15: 1500/1641 Loss: 0.304404
2026-08-17 17:54: Train Epoch 15: 1520/1641 Loss: 0.314190
2026-08-17 17:54: Train Epoch 15: 1540/1641 Loss: 0.323038
2026-08-17 17:54: Train Epoch 15: 1560/1641 Loss: 0.314480
2026-08-17 17:54: Train Epoch 15: 1580/1641 Loss: 0.291482
2026-08-17 17:54: Train Epoch 15: 1600/1641 Loss: 0.297129
2026-08-17 17:54: Train Epoch 15: 1620/1641 Loss: 0.308392
2026-08-17 17:54: Train Epoch 15: 1640/1641 Loss: 0.316167
2026-08-17 17:54: **********Train Epoch 15: averaged Loss: 0.320664, tf_ratio: 1.000000
2026-08-17 17:54: **********Val Epoch 15: average Loss: 0.320992
2026-08-17 17:54: *********************************Current best model saved!
2026-08-17 17:54: Train Epoch 16: 0/1641 Loss: 0.316970
2026-08-17 17:54: Train Epoch 16: 20/1641 Loss: 0.337926
2026-08-17 17:55: Train Epoch 16: 40/1641 Loss: 0.315270
2026-08-17 17:55: Train Epoch 16: 60/1641 Loss: 0.307575
2026-08-17 17:55: Train Epoch 16: 80/1641 Loss: 0.301672
2026-08-17 17:55: Train Epoch 16: 100/1641 Loss: 0.318908
2026-08-17 17:55: Train Epoch 16: 120/1641 Loss: 0.310018
2026-08-17 17:55: Train Epoch 16: 140/1641 Loss: 0.306343
2026-08-17 17:55: Train Epoch 16: 160/1641 Loss: 0.317044
2026-08-17 17:55: Train Epoch 16: 180/1641 Loss: 0.314779
2026-08-17 17:55: Train Epoch 16: 200/1641 Loss: 0.294665
2026-08-17 17:55: Train Epoch 16: 220/1641 Loss: 0.356537
2026-08-17 17:55: Train Epoch 16: 240/1641 Loss: 0.309038
2026-08-17 17:55: Train Epoch 16: 260/1641 Loss: 0.321524
2026-08-17 17:55: Train Epoch 16: 280/1641 Loss: 0.311162
2026-08-17 17:55: Train Epoch 16: 300/1641 Loss: 0.337753
2026-08-17 17:55: Train Epoch 16: 320/1641 Loss: 0.298057
2026-08-17 17:55: Train Epoch 16: 340/1641 Loss: 0.315105
2026-08-17 17:55: Train Epoch 16: 360/1641 Loss: 0.316833
2026-08-17 17:55: Train Epoch 16: 380/1641 Loss: 0.327316
2026-08-17 17:55: Train Epoch 16: 400/1641 Loss: 0.316095
2026-08-17 17:55: Train Epoch 16: 420/1641 Loss: 0.311172
2026-08-17 17:55: Train Epoch 16: 440/1641 Loss: 0.297906
2026-08-17 17:55: Train Epoch 16: 460/1641 Loss: 0.335284
2026-08-17 17:56: Train Epoch 16: 480/1641 Loss: 0.332422
2026-08-17 17:56: Train Epoch 16: 500/1641 Loss: 0.324955
2026-08-17 17:56: Train Epoch 16: 520/1641 Loss: 0.306844
2026-08-17 17:56: Train Epoch 16: 540/1641 Loss: 0.307669
2026-08-17 17:56: Train Epoch 16: 560/1641 Loss: 0.316451
2026-08-17 17:56: Train Epoch 16: 580/1641 Loss: 0.310196
2026-08-17 17:56: Train Epoch 16: 600/1641 Loss: 0.319784
2026-08-17 17:56: Train Epoch 16: 620/1641 Loss: 0.305178
2026-08-17 17:56: Train Epoch 16: 640/1641 Loss: 0.298110
2026-08-17 17:56: Train Epoch 16: 660/1641 Loss: 0.315714
2026-08-17 17:56: Train Epoch 16: 680/1641 Loss: 0.290358
2026-08-17 17:56: Train Epoch 16: 700/1641 Loss: 0.319731
2026-08-17 17:56: Train Epoch 16: 720/1641 Loss: 0.316556
2026-08-17 17:56: Train Epoch 16: 740/1641 Loss: 0.318920
2026-08-17 17:56: Train Epoch 16: 760/1641 Loss: 0.320350
2026-08-17 17:56: Train Epoch 16: 780/1641 Loss: 0.329447
2026-08-17 17:56: Train Epoch 16: 800/1641 Loss: 0.324989
2026-08-17 17:56: Train Epoch 16: 820/1641 Loss: 0.285541
2026-08-17 17:56: Train Epoch 16: 840/1641 Loss: 0.315889
2026-08-17 17:56: Train Epoch 16: 860/1641 Loss: 0.356544
2026-08-17 17:56: Train Epoch 16: 880/1641 Loss: 0.344599
2026-08-17 17:56: Train Epoch 16: 900/1641 Loss: 0.320382
2026-08-17 17:57: Train Epoch 16: 920/1641 Loss: 0.343262
2026-08-17 17:57: Train Epoch 16: 940/1641 Loss: 0.306509
2026-08-17 17:57: Train Epoch 16: 960/1641 Loss: 0.326524
2026-08-17 17:57: Train Epoch 16: 980/1641 Loss: 0.299695
2026-08-17 17:57: Train Epoch 16: 1000/1641 Loss: 0.341820
2026-08-17 17:57: Train Epoch 16: 1020/1641 Loss: 0.304580
2026-08-17 17:57: Train Epoch 16: 1040/1641 Loss: 0.317817
2026-08-17 17:57: Train Epoch 16: 1060/1641 Loss: 0.323939
2026-08-17 17:57: Train Epoch 16: 1080/1641 Loss: 0.342693
2026-08-17 17:57: Train Epoch 16: 1100/1641 Loss: 0.310279
2026-08-17 17:57: Train Epoch 16: 1120/1641 Loss: 0.319994
2026-08-17 17:57: Train Epoch 16: 1140/1641 Loss: 0.316894
2026-08-17 17:57: Train Epoch 16: 1160/1641 Loss: 0.336193
2026-08-17 17:57: Train Epoch 16: 1180/1641 Loss: 0.316358
2026-08-17 17:57: Train Epoch 16: 1200/1641 Loss: 0.317745
2026-08-17 17:57: Train Epoch 16: 1220/1641 Loss: 0.299353
2026-08-17 17:57: Train Epoch 16: 1240/1641 Loss: 0.323312
2026-08-17 17:57: Train Epoch 16: 1260/1641 Loss: 0.306641
2026-08-17 17:57: Train Epoch 16: 1280/1641 Loss: 0.311318
2026-08-17 17:57: Train Epoch 16: 1300/1641 Loss: 0.304586
2026-08-17 17:57: Train Epoch 16: 1320/1641 Loss: 0.292044
2026-08-17 17:57: Train Epoch 16: 1340/1641 Loss: 0.321167
2026-08-17 17:57: Train Epoch 16: 1360/1641 Loss: 0.309272
2026-08-17 17:58: Train Epoch 16: 1380/1641 Loss: 0.332510
2026-08-17 17:58: Train Epoch 16: 1400/1641 Loss: 0.341114
2026-08-17 17:58: Train Epoch 16: 1420/1641 Loss: 0.310207
2026-08-17 17:58: Train Epoch 16: 1440/1641 Loss: 0.352569
2026-08-17 17:58: Train Epoch 16: 1460/1641 Loss: 0.327593
2026-08-17 17:58: Train Epoch 16: 1480/1641 Loss: 0.324537
2026-08-17 17:58: Train Epoch 16: 1500/1641 Loss: 0.318013
2026-08-17 17:58: Train Epoch 16: 1520/1641 Loss: 0.314571
2026-08-17 17:58: Train Epoch 16: 1540/1641 Loss: 0.337848
2026-08-17 17:58: Train Epoch 16: 1560/1641 Loss: 0.311727
2026-08-17 17:58: Train Epoch 16: 1580/1641 Loss: 0.294199
2026-08-17 17:58: Train Epoch 16: 1600/1641 Loss: 0.316615
2026-08-17 17:58: Train Epoch 16: 1620/1641 Loss: 0.296270
2026-08-17 17:58: Train Epoch 16: 1640/1641 Loss: 0.321579
2026-08-17 17:58: **********Train Epoch 16: averaged Loss: 0.319191, tf_ratio: 1.000000
2026-08-17 17:58: **********Val Epoch 16: average Loss: 0.322406
2026-08-17 17:58: Train Epoch 17: 0/1641 Loss: 0.306917
2026-08-17 17:59: Train Epoch 17: 20/1641 Loss: 0.324762
2026-08-17 17:59: Train Epoch 17: 40/1641 Loss: 0.326983
2026-08-17 17:59: Train Epoch 17: 60/1641 Loss: 0.327589
2026-08-17 17:59: Train Epoch 17: 80/1641 Loss: 0.321568
2026-08-17 17:59: Train Epoch 17: 100/1641 Loss: 0.338118
2026-08-17 17:59: Train Epoch 17: 120/1641 Loss: 0.321185
2026-08-17 17:59: Train Epoch 17: 140/1641 Loss: 0.322442
2026-08-17 17:59: Train Epoch 17: 160/1641 Loss: 0.339983
2026-08-17 17:59: Train Epoch 17: 180/1641 Loss: 0.327502
2026-08-17 17:59: Train Epoch 17: 200/1641 Loss: 0.312566
2026-08-17 17:59: Train Epoch 17: 220/1641 Loss: 0.319512
2026-08-17 17:59: Train Epoch 17: 240/1641 Loss: 0.322720
2026-08-17 17:59: Train Epoch 17: 260/1641 Loss: 0.346541
2026-08-17 17:59: Train Epoch 17: 280/1641 Loss: 0.315937
2026-08-17 17:59: Train Epoch 17: 300/1641 Loss: 0.302188
2026-08-17 17:59: Train Epoch 17: 320/1641 Loss: 0.326085
2026-08-17 17:59: Train Epoch 17: 340/1641 Loss: 0.314806
2026-08-17 17:59: Train Epoch 17: 360/1641 Loss: 0.290142
2026-08-17 17:59: Train Epoch 17: 380/1641 Loss: 0.316685
2026-08-17 17:59: Train Epoch 17: 400/1641 Loss: 0.322461
2026-08-17 17:59: Train Epoch 17: 420/1641 Loss: 0.306674
2026-08-17 17:59: Train Epoch 17: 440/1641 Loss: 0.351843
2026-08-17 18:00: Train Epoch 17: 460/1641 Loss: 0.287012
2026-08-17 18:00: Train Epoch 17: 480/1641 Loss: 0.303820
2026-08-17 18:00: Train Epoch 17: 500/1641 Loss: 0.308143
2026-08-17 18:00: Train Epoch 17: 520/1641 Loss: 0.323302
2026-08-17 18:00: Train Epoch 17: 540/1641 Loss: 0.315755
2026-08-17 18:00: Train Epoch 17: 560/1641 Loss: 0.318107
2026-08-17 18:00: Train Epoch 17: 580/1641 Loss: 0.379026
2026-08-17 18:00: Train Epoch 17: 600/1641 Loss: 0.312781
2026-08-17 18:00: Train Epoch 17: 620/1641 Loss: 0.299789
2026-08-17 18:00: Train Epoch 17: 640/1641 Loss: 0.298488
2026-08-17 18:00: Train Epoch 17: 660/1641 Loss: 0.327937
2026-08-17 18:00: Train Epoch 17: 680/1641 Loss: 0.314737
2026-08-17 18:00: Train Epoch 17: 700/1641 Loss: 0.330350
2026-08-17 18:00: Train Epoch 17: 720/1641 Loss: 0.339525
2026-08-17 18:00: Train Epoch 17: 740/1641 Loss: 0.324481
2026-08-17 18:00: Train Epoch 17: 760/1641 Loss: 0.325739
2026-08-17 18:00: Train Epoch 17: 780/1641 Loss: 0.322301
2026-08-17 18:00: Train Epoch 17: 800/1641 Loss: 0.301573
2026-08-17 18:00: Train Epoch 17: 820/1641 Loss: 0.321202
2026-08-17 18:00: Train Epoch 17: 840/1641 Loss: 0.321714
2026-08-17 18:00: Train Epoch 17: 860/1641 Loss: 0.303148
2026-08-17 18:00: Train Epoch 17: 880/1641 Loss: 0.325363
2026-08-17 18:01: Train Epoch 17: 900/1641 Loss: 0.317807
2026-08-17 18:01: Train Epoch 17: 920/1641 Loss: 0.320799
2026-08-17 18:01: Train Epoch 17: 940/1641 Loss: 0.330172
2026-08-17 18:01: Train Epoch 17: 960/1641 Loss: 0.330374
2026-08-17 18:01: Train Epoch 17: 980/1641 Loss: 0.332151
2026-08-17 18:01: Train Epoch 17: 1000/1641 Loss: 0.322455
2026-08-17 18:01: Train Epoch 17: 1020/1641 Loss: 0.308096
2026-08-17 18:01: Train Epoch 17: 1040/1641 Loss: 0.337947
2026-08-17 18:01: Train Epoch 17: 1060/1641 Loss: 0.302755
2026-08-17 18:01: Train Epoch 17: 1080/1641 Loss: 0.306935
2026-08-17 18:01: Train Epoch 17: 1100/1641 Loss: 0.302650
2026-08-17 18:01: Train Epoch 17: 1120/1641 Loss: 0.316122
2026-08-17 18:01: Train Epoch 17: 1140/1641 Loss: 0.324311
2026-08-17 18:01: Train Epoch 17: 1160/1641 Loss: 0.327258
2026-08-17 18:01: Train Epoch 17: 1180/1641 Loss: 0.315026
2026-08-17 18:01: Train Epoch 17: 1200/1641 Loss: 0.316769
2026-08-17 18:01: Train Epoch 17: 1220/1641 Loss: 0.316039
2026-08-17 18:01: Train Epoch 17: 1240/1641 Loss: 0.310767
2026-08-17 18:01: Train Epoch 17: 1260/1641 Loss: 0.321889
2026-08-17 18:01: Train Epoch 17: 1280/1641 Loss: 0.296449
2026-08-17 18:01: Train Epoch 17: 1300/1641 Loss: 0.335155
2026-08-17 18:01: Train Epoch 17: 1320/1641 Loss: 0.327657
2026-08-17 18:02: Train Epoch 17: 1340/1641 Loss: 0.325983
2026-08-17 18:02: Train Epoch 17: 1360/1641 Loss: 0.310046
2026-08-17 18:02: Train Epoch 17: 1380/1641 Loss: 0.313452
2026-08-17 18:02: Train Epoch 17: 1400/1641 Loss: 0.329465
2026-08-17 18:02: Train Epoch 17: 1420/1641 Loss: 0.342181
2026-08-17 18:02: Train Epoch 17: 1440/1641 Loss: 0.292147
2026-08-17 18:02: Train Epoch 17: 1460/1641 Loss: 0.365655
2026-08-17 18:02: Train Epoch 17: 1480/1641 Loss: 0.337432
2026-08-17 18:02: Train Epoch 17: 1500/1641 Loss: 0.311862
2026-08-17 18:02: Train Epoch 17: 1520/1641 Loss: 0.339154
2026-08-17 18:02: Train Epoch 17: 1540/1641 Loss: 0.333344
2026-08-17 18:02: Train Epoch 17: 1560/1641 Loss: 0.320926
2026-08-17 18:02: Train Epoch 17: 1580/1641 Loss: 0.298370
2026-08-17 18:02: Train Epoch 17: 1600/1641 Loss: 0.289254
2026-08-17 18:02: Train Epoch 17: 1620/1641 Loss: 0.307851
2026-08-17 18:02: Train Epoch 17: 1640/1641 Loss: 0.303095
2026-08-17 18:02: **********Train Epoch 17: averaged Loss: 0.317979, tf_ratio: 1.000000
2026-08-17 18:03: **********Val Epoch 17: average Loss: 0.319300
2026-08-17 18:03: *********************************Current best model saved!
2026-08-17 18:03: Train Epoch 18: 0/1641 Loss: 0.342459
2026-08-17 18:03: Train Epoch 18: 20/1641 Loss: 0.312138
2026-08-17 18:03: Train Epoch 18: 40/1641 Loss: 0.308467
2026-08-17 18:03: Train Epoch 18: 60/1641 Loss: 0.319426
2026-08-17 18:03: Train Epoch 18: 80/1641 Loss: 0.330416
2026-08-17 18:03: Train Epoch 18: 100/1641 Loss: 0.311332
2026-08-17 18:03: Train Epoch 18: 120/1641 Loss: 0.295079
2026-08-17 18:03: Train Epoch 18: 140/1641 Loss: 0.320936
2026-08-17 18:03: Train Epoch 18: 160/1641 Loss: 0.301099
2026-08-17 18:03: Train Epoch 18: 180/1641 Loss: 0.295079
2026-08-17 18:03: Train Epoch 18: 200/1641 Loss: 0.324941
2026-08-17 18:03: Train Epoch 18: 220/1641 Loss: 0.325575
2026-08-17 18:03: Train Epoch 18: 240/1641 Loss: 0.292592
2026-08-17 18:03: Train Epoch 18: 260/1641 Loss: 0.302592
2026-08-17 18:03: Train Epoch 18: 280/1641 Loss: 0.300926
2026-08-17 18:03: Train Epoch 18: 300/1641 Loss: 0.300940
2026-08-17 18:03: Train Epoch 18: 320/1641 Loss: 0.318892
2026-08-17 18:03: Train Epoch 18: 340/1641 Loss: 0.304302
2026-08-17 18:03: Train Epoch 18: 360/1641 Loss: 0.308853
2026-08-17 18:03: Train Epoch 18: 380/1641 Loss: 0.330537
2026-08-17 18:03: Train Epoch 18: 400/1641 Loss: 0.324216
2026-08-17 18:04: Train Epoch 18: 420/1641 Loss: 0.314387
2026-08-17 18:04: Train Epoch 18: 440/1641 Loss: 0.309084
2026-08-17 18:04: Train Epoch 18: 460/1641 Loss: 0.339833
2026-08-17 18:04: Train Epoch 18: 480/1641 Loss: 0.320119
2026-08-17 18:04: Train Epoch 18: 500/1641 Loss: 0.315259
2026-08-17 18:04: Train Epoch 18: 520/1641 Loss: 0.311866
2026-08-17 18:04: Train Epoch 18: 540/1641 Loss: 0.314588
2026-08-17 18:04: Train Epoch 18: 560/1641 Loss: 0.282242
2026-08-17 18:04: Train Epoch 18: 580/1641 Loss: 0.350929
2026-08-17 18:04: Train Epoch 18: 600/1641 Loss: 0.295044
2026-08-17 18:04: Train Epoch 18: 620/1641 Loss: 0.325185
2026-08-17 18:04: Train Epoch 18: 640/1641 Loss: 0.305666
2026-08-17 18:04: Train Epoch 18: 660/1641 Loss: 0.337374
2026-08-17 18:04: Train Epoch 18: 680/1641 Loss: 0.323802
2026-08-17 18:04: Train Epoch 18: 700/1641 Loss: 0.307490
2026-08-17 18:04: Train Epoch 18: 720/1641 Loss: 0.316327
2026-08-17 18:04: Train Epoch 18: 740/1641 Loss: 0.330995
2026-08-17 18:04: Train Epoch 18: 760/1641 Loss: 0.323013
2026-08-17 18:04: Train Epoch 18: 780/1641 Loss: 0.321761
2026-08-17 18:04: Train Epoch 18: 800/1641 Loss: 0.334390
2026-08-17 18:04: Train Epoch 18: 820/1641 Loss: 0.310833
2026-08-17 18:04: Train Epoch 18: 840/1641 Loss: 0.300245
2026-08-17 18:05: Train Epoch 18: 860/1641 Loss: 0.330515
2026-08-17 18:05: Train Epoch 18: 880/1641 Loss: 0.317967
2026-08-17 18:05: Train Epoch 18: 900/1641 Loss: 0.346583
2026-08-17 18:05: Train Epoch 18: 920/1641 Loss: 0.325862
2026-08-17 18:05: Train Epoch 18: 940/1641 Loss: 0.317400
2026-08-17 18:05: Train Epoch 18: 960/1641 Loss: 0.336873
2026-08-17 18:05: Train Epoch 18: 980/1641 Loss: 0.325668
2026-08-17 18:05: Train Epoch 18: 1000/1641 Loss: 0.332560
2026-08-17 18:05: Train Epoch 18: 1020/1641 Loss: 0.313869
2026-08-17 18:05: Train Epoch 18: 1040/1641 Loss: 0.342351
2026-08-17 18:05: Train Epoch 18: 1060/1641 Loss: 0.307155
2026-08-17 18:05: Train Epoch 18: 1080/1641 Loss: 0.311141
2026-08-17 18:05: Train Epoch 18: 1100/1641 Loss: 0.316012
2026-08-17 18:05: Train Epoch 18: 1120/1641 Loss: 0.319588
2026-08-17 18:05: Train Epoch 18: 1140/1641 Loss: 0.316562
2026-08-17 18:05: Train Epoch 18: 1160/1641 Loss: 0.317129
2026-08-17 18:05: Train Epoch 18: 1180/1641 Loss: 0.309144
2026-08-17 18:05: Train Epoch 18: 1200/1641 Loss: 0.299317
2026-08-17 18:05: Train Epoch 18: 1220/1641 Loss: 0.293794
2026-08-17 18:05: Train Epoch 18: 1240/1641 Loss: 0.307349
2026-08-17 18:05: Train Epoch 18: 1260/1641 Loss: 0.302703
2026-08-17 18:05: Train Epoch 18: 1280/1641 Loss: 0.332302
2026-08-17 18:06: Train Epoch 18: 1300/1641 Loss: 0.330311
2026-08-17 18:06: Train Epoch 18: 1320/1641 Loss: 0.288063
2026-08-17 18:06: Train Epoch 18: 1340/1641 Loss: 0.316757
2026-08-17 18:06: Train Epoch 18: 1360/1641 Loss: 0.308376
2026-08-17 18:06: Train Epoch 18: 1380/1641 Loss: 0.337948
2026-08-17 18:06: Train Epoch 18: 1400/1641 Loss: 0.311000
2026-08-17 18:06: Train Epoch 18: 1420/1641 Loss: 0.297755
2026-08-17 18:06: Train Epoch 18: 1440/1641 Loss: 0.342102
2026-08-17 18:06: Train Epoch 18: 1460/1641 Loss: 0.333500
2026-08-17 18:06: Train Epoch 18: 1480/1641 Loss: 0.308574
2026-08-17 18:06: Train Epoch 18: 1500/1641 Loss: 0.308529
2026-08-17 18:06: Train Epoch 18: 1520/1641 Loss: 0.319863
2026-08-17 18:06: Train Epoch 18: 1540/1641 Loss: 0.323681
2026-08-17 18:06: Train Epoch 18: 1560/1641 Loss: 0.342516
2026-08-17 18:06: Train Epoch 18: 1580/1641 Loss: 0.297424
2026-08-17 18:06: Train Epoch 18: 1600/1641 Loss: 0.283567
2026-08-17 18:06: Train Epoch 18: 1620/1641 Loss: 0.335912
2026-08-17 18:06: Train Epoch 18: 1640/1641 Loss: 0.311500
2026-08-17 18:06: **********Train Epoch 18: averaged Loss: 0.316740, tf_ratio: 1.000000
2026-08-17 18:07: **********Val Epoch 18: average Loss: 0.317206
2026-08-17 18:07: *********************************Current best model saved!
2026-08-17 18:07: Train Epoch 19: 0/1641 Loss: 0.285540
2026-08-17 18:07: Train Epoch 19: 20/1641 Loss: 0.315756
2026-08-17 18:07: Train Epoch 19: 40/1641 Loss: 0.283394
2026-08-17 18:07: Train Epoch 19: 60/1641 Loss: 0.319286
2026-08-17 18:07: Train Epoch 19: 80/1641 Loss: 0.324623
2026-08-17 18:07: Train Epoch 19: 100/1641 Loss: 0.307567
2026-08-17 18:07: Train Epoch 19: 120/1641 Loss: 0.329730
2026-08-17 18:07: Train Epoch 19: 140/1641 Loss: 0.318712
2026-08-17 18:07: Train Epoch 19: 160/1641 Loss: 0.316944
2026-08-17 18:07: Train Epoch 19: 180/1641 Loss: 0.309785
2026-08-17 18:07: Train Epoch 19: 200/1641 Loss: 0.326080
2026-08-17 18:07: Train Epoch 19: 220/1641 Loss: 0.304920
2026-08-17 18:07: Train Epoch 19: 240/1641 Loss: 0.331771
2026-08-17 18:07: Train Epoch 19: 260/1641 Loss: 0.303543
2026-08-17 18:07: Train Epoch 19: 280/1641 Loss: 0.323712
2026-08-17 18:07: Train Epoch 19: 300/1641 Loss: 0.291822
2026-08-17 18:07: Train Epoch 19: 320/1641 Loss: 0.308568
2026-08-17 18:07: Train Epoch 19: 340/1641 Loss: 0.302628
2026-08-17 18:07: Train Epoch 19: 360/1641 Loss: 0.318526
2026-08-17 18:07: Train Epoch 19: 380/1641 Loss: 0.315133
2026-08-17 18:08: Train Epoch 19: 400/1641 Loss: 0.310949
2026-08-17 18:08: Train Epoch 19: 420/1641 Loss: 0.311459
2026-08-17 18:08: Train Epoch 19: 440/1641 Loss: 0.305336
2026-08-17 18:08: Train Epoch 19: 460/1641 Loss: 0.315238
2026-08-17 18:08: Train Epoch 19: 480/1641 Loss: 0.324493
2026-08-17 18:08: Train Epoch 19: 500/1641 Loss: 0.295622
2026-08-17 18:08: Train Epoch 19: 520/1641 Loss: 0.313903
2026-08-17 18:08: Train Epoch 19: 540/1641 Loss: 0.304173
2026-08-17 18:08: Train Epoch 19: 560/1641 Loss: 0.306358
2026-08-17 18:08: Train Epoch 19: 580/1641 Loss: 0.355211
2026-08-17 18:08: Train Epoch 19: 600/1641 Loss: 0.296700
2026-08-17 18:08: Train Epoch 19: 620/1641 Loss: 0.326580
2026-08-17 18:08: Train Epoch 19: 640/1641 Loss: 0.314691
2026-08-17 18:08: Train Epoch 19: 660/1641 Loss: 0.328666
2026-08-17 18:08: Train Epoch 19: 680/1641 Loss: 0.287834
2026-08-17 18:08: Train Epoch 19: 700/1641 Loss: 0.293474
2026-08-17 18:08: Train Epoch 19: 720/1641 Loss: 0.326317
2026-08-17 18:08: Train Epoch 19: 740/1641 Loss: 0.286585
2026-08-17 18:08: Train Epoch 19: 760/1641 Loss: 0.343302
2026-08-17 18:08: Train Epoch 19: 780/1641 Loss: 0.319441
2026-08-17 18:08: Train Epoch 19: 800/1641 Loss: 0.332777
2026-08-17 18:08: Train Epoch 19: 820/1641 Loss: 0.335958
2026-08-17 18:09: Train Epoch 19: 840/1641 Loss: 0.288497
2026-08-17 18:09: Train Epoch 19: 860/1641 Loss: 0.289924
2026-08-17 18:09: Train Epoch 19: 880/1641 Loss: 0.316743
2026-08-17 18:09: Train Epoch 19: 900/1641 Loss: 0.320127
2026-08-17 18:09: Train Epoch 19: 920/1641 Loss: 0.287196
2026-08-17 18:09: Train Epoch 19: 940/1641 Loss: 0.331876
2026-08-17 18:09: Train Epoch 19: 960/1641 Loss: 0.337212
2026-08-17 18:09: Train Epoch 19: 980/1641 Loss: 0.345362
2026-08-17 18:09: Train Epoch 19: 1000/1641 Loss: 0.322582
2026-08-17 18:09: Train Epoch 19: 1020/1641 Loss: 0.324964
2026-08-17 18:09: Train Epoch 19: 1040/1641 Loss: 0.316515
2026-08-17 18:09: Train Epoch 19: 1060/1641 Loss: 0.309219
2026-08-17 18:09: Train Epoch 19: 1080/1641 Loss: 0.323965
2026-08-17 18:09: Train Epoch 19: 1100/1641 Loss: 0.306657
2026-08-17 18:09: Train Epoch 19: 1120/1641 Loss: 0.319001
2026-08-17 18:09: Train Epoch 19: 1140/1641 Loss: 0.303651
2026-08-17 18:09: Train Epoch 19: 1160/1641 Loss: 0.294487
2026-08-17 18:09: Train Epoch 19: 1180/1641 Loss: 0.300653
2026-08-17 18:09: Train Epoch 19: 1200/1641 Loss: 0.314815
2026-08-17 18:09: Train Epoch 19: 1220/1641 Loss: 0.307602
2026-08-17 18:09: Train Epoch 19: 1240/1641 Loss: 0.319025
2026-08-17 18:09: Train Epoch 19: 1260/1641 Loss: 0.328645
2026-08-17 18:10: Train Epoch 19: 1280/1641 Loss: 0.335407
2026-08-17 18:10: Train Epoch 19: 1300/1641 Loss: 0.305542
2026-08-17 18:10: Train Epoch 19: 1320/1641 Loss: 0.299296
2026-08-17 18:10: Train Epoch 19: 1340/1641 Loss: 0.316073
2026-08-17 18:10: Train Epoch 19: 1360/1641 Loss: 0.322057
2026-08-17 18:10: Train Epoch 19: 1380/1641 Loss: 0.332748
2026-08-17 18:10: Train Epoch 19: 1400/1641 Loss: 0.334416
2026-08-17 18:10: Train Epoch 19: 1420/1641 Loss: 0.304105
2026-08-17 18:10: Train Epoch 19: 1440/1641 Loss: 0.316278
2026-08-17 18:10: Train Epoch 19: 1460/1641 Loss: 0.294078
2026-08-17 18:10: Train Epoch 19: 1480/1641 Loss: 0.305815
2026-08-17 18:10: Train Epoch 19: 1500/1641 Loss: 0.333750
2026-08-17 18:10: Train Epoch 19: 1520/1641 Loss: 0.303998
2026-08-17 18:10: Train Epoch 19: 1540/1641 Loss: 0.320054
2026-08-17 18:10: Train Epoch 19: 1560/1641 Loss: 0.319181
2026-08-17 18:10: Train Epoch 19: 1580/1641 Loss: 0.305649
2026-08-17 18:10: Train Epoch 19: 1600/1641 Loss: 0.313927
2026-08-17 18:10: Train Epoch 19: 1620/1641 Loss: 0.287679
2026-08-17 18:10: Train Epoch 19: 1640/1641 Loss: 0.318594
2026-08-17 18:10: **********Train Epoch 19: averaged Loss: 0.315476, tf_ratio: 1.000000
2026-08-17 18:11: **********Val Epoch 19: average Loss: 0.316569
2026-08-17 18:11: *********************************Current best model saved!
2026-08-17 18:11: Train Epoch 20: 0/1641 Loss: 0.316286
2026-08-17 18:11: Train Epoch 20: 20/1641 Loss: 0.330040
2026-08-17 18:11: Train Epoch 20: 40/1641 Loss: 0.312754
2026-08-17 18:11: Train Epoch 20: 60/1641 Loss: 0.299840
2026-08-17 18:11: Train Epoch 20: 80/1641 Loss: 0.304900
2026-08-17 18:11: Train Epoch 20: 100/1641 Loss: 0.285559
2026-08-17 18:11: Train Epoch 20: 120/1641 Loss: 0.270128
2026-08-17 18:11: Train Epoch 20: 140/1641 Loss: 0.342387
2026-08-17 18:11: Train Epoch 20: 160/1641 Loss: 0.318090
2026-08-17 18:11: Train Epoch 20: 180/1641 Loss: 0.322181
2026-08-17 18:11: Train Epoch 20: 200/1641 Loss: 0.326644
2026-08-17 18:11: Train Epoch 20: 220/1641 Loss: 0.332501
2026-08-17 18:11: Train Epoch 20: 240/1641 Loss: 0.306170
2026-08-17 18:11: Train Epoch 20: 260/1641 Loss: 0.319970
2026-08-17 18:11: Train Epoch 20: 280/1641 Loss: 0.311273
2026-08-17 18:11: Train Epoch 20: 300/1641 Loss: 0.348933
2026-08-17 18:11: Train Epoch 20: 320/1641 Loss: 0.319839
2026-08-17 18:11: Train Epoch 20: 340/1641 Loss: 0.329533
2026-08-17 18:11: Train Epoch 20: 360/1641 Loss: 0.320449
2026-08-17 18:12: Train Epoch 20: 380/1641 Loss: 0.332378
2026-08-17 18:12: Train Epoch 20: 400/1641 Loss: 0.295838
2026-08-17 18:12: Train Epoch 20: 420/1641 Loss: 0.316732
2026-08-17 18:12: Train Epoch 20: 440/1641 Loss: 0.322702
2026-08-17 18:12: Train Epoch 20: 460/1641 Loss: 0.314153
2026-08-17 18:12: Train Epoch 20: 480/1641 Loss: 0.324102
2026-08-17 18:12: Train Epoch 20: 500/1641 Loss: 0.314105
2026-08-17 18:12: Train Epoch 20: 520/1641 Loss: 0.317051
2026-08-17 18:12: Train Epoch 20: 540/1641 Loss: 0.340860
2026-08-17 18:12: Train Epoch 20: 560/1641 Loss: 0.303293
2026-08-17 18:12: Train Epoch 20: 580/1641 Loss: 0.307490
2026-08-17 18:12: Train Epoch 20: 600/1641 Loss: 0.312305
2026-08-17 18:12: Train Epoch 20: 620/1641 Loss: 0.305773
2026-08-17 18:12: Train Epoch 20: 640/1641 Loss: 0.310986
2026-08-17 18:12: Train Epoch 20: 660/1641 Loss: 0.315436
2026-08-17 18:12: Train Epoch 20: 680/1641 Loss: 0.298861
2026-08-17 18:12: Train Epoch 20: 700/1641 Loss: 0.332576
2026-08-17 18:12: Train Epoch 20: 720/1641 Loss: 0.287175
2026-08-17 18:12: Train Epoch 20: 740/1641 Loss: 0.308007
2026-08-17 18:12: Train Epoch 20: 760/1641 Loss: 0.286371
2026-08-17 18:12: Train Epoch 20: 780/1641 Loss: 0.324642
2026-08-17 18:12: Train Epoch 20: 800/1641 Loss: 0.322869
2026-08-17 18:13: Train Epoch 20: 820/1641 Loss: 0.323633
2026-08-17 18:13: Train Epoch 20: 840/1641 Loss: 0.325067
2026-08-17 18:13: Train Epoch 20: 860/1641 Loss: 0.315803
2026-08-17 18:13: Train Epoch 20: 880/1641 Loss: 0.319688
2026-08-17 18:13: Train Epoch 20: 900/1641 Loss: 0.310506
2026-08-17 18:13: Train Epoch 20: 920/1641 Loss: 0.293641
2026-08-17 18:13: Train Epoch 20: 940/1641 Loss: 0.335732
2026-08-17 18:13: Train Epoch 20: 960/1641 Loss: 0.328764
2026-08-17 18:13: Train Epoch 20: 980/1641 Loss: 0.312580
2026-08-17 18:13: Train Epoch 20: 1000/1641 Loss: 0.337536
2026-08-17 18:13: Train Epoch 20: 1020/1641 Loss: 0.332389
2026-08-17 18:13: Train Epoch 20: 1040/1641 Loss: 0.305512
2026-08-17 18:13: Train Epoch 20: 1060/1641 Loss: 0.329806
2026-08-17 18:13: Train Epoch 20: 1080/1641 Loss: 0.303671
2026-08-17 18:13: Train Epoch 20: 1100/1641 Loss: 0.326479
2026-08-17 18:13: Train Epoch 20: 1120/1641 Loss: 0.301608
2026-08-17 18:13: Train Epoch 20: 1140/1641 Loss: 0.302299
2026-08-17 18:13: Train Epoch 20: 1160/1641 Loss: 0.325769
2026-08-17 18:13: Train Epoch 20: 1180/1641 Loss: 0.322983
2026-08-17 18:13: Train Epoch 20: 1200/1641 Loss: 0.308616
2026-08-17 18:13: Train Epoch 20: 1220/1641 Loss: 0.288264
2026-08-17 18:13: Train Epoch 20: 1240/1641 Loss: 0.293264
2026-08-17 18:14: Train Epoch 20: 1260/1641 Loss: 0.311836
2026-08-17 18:14: Train Epoch 20: 1280/1641 Loss: 0.292247
2026-08-17 18:14: Train Epoch 20: 1300/1641 Loss: 0.307781
2026-08-17 18:14: Train Epoch 20: 1320/1641 Loss: 0.303128
2026-08-17 18:14: Train Epoch 20: 1340/1641 Loss: 0.307412
2026-08-17 18:14: Train Epoch 20: 1360/1641 Loss: 0.303473
2026-08-17 18:14: Train Epoch 20: 1380/1641 Loss: 0.329115
2026-08-17 18:14: Train Epoch 20: 1400/1641 Loss: 0.309043
2026-08-17 18:14: Train Epoch 20: 1420/1641 Loss: 0.311700
2026-08-17 18:14: Train Epoch 20: 1440/1641 Loss: 0.321915
2026-08-17 18:14: Train Epoch 20: 1460/1641 Loss: 0.308002
2026-08-17 18:14: Train Epoch 20: 1480/1641 Loss: 0.336124
2026-08-17 18:14: Train Epoch 20: 1500/1641 Loss: 0.312185
2026-08-17 18:14: Train Epoch 20: 1520/1641 Loss: 0.317153
2026-08-17 18:14: Train Epoch 20: 1540/1641 Loss: 0.306488
2026-08-17 18:14: Train Epoch 20: 1560/1641 Loss: 0.313782
2026-08-17 18:14: Train Epoch 20: 1580/1641 Loss: 0.312026
2026-08-17 18:14: Train Epoch 20: 1600/1641 Loss: 0.345966
2026-08-17 18:14: Train Epoch 20: 1620/1641 Loss: 0.331285
2026-08-17 18:14: Train Epoch 20: 1640/1641 Loss: 0.315013
2026-08-17 18:14: **********Train Epoch 20: averaged Loss: 0.314219, tf_ratio: 1.000000
2026-08-17 18:15: **********Val Epoch 20: average Loss: 0.317349
2026-08-17 18:15: Train Epoch 21: 0/1641 Loss: 0.318164
2026-08-17 18:15: Train Epoch 21: 20/1641 Loss: 0.321136
2026-08-17 18:15: Train Epoch 21: 40/1641 Loss: 0.324092
2026-08-17 18:15: Train Epoch 21: 60/1641 Loss: 0.314126
2026-08-17 18:15: Train Epoch 21: 80/1641 Loss: 0.288966
2026-08-17 18:15: Train Epoch 21: 100/1641 Loss: 0.323819
2026-08-17 18:15: Train Epoch 21: 120/1641 Loss: 0.327769
2026-08-17 18:15: Train Epoch 21: 140/1641 Loss: 0.305575
2026-08-17 18:15: Train Epoch 21: 160/1641 Loss: 0.302868
2026-08-17 18:15: Train Epoch 21: 180/1641 Loss: 0.319536
2026-08-17 18:15: Train Epoch 21: 200/1641 Loss: 0.306553
2026-08-17 18:15: Train Epoch 21: 220/1641 Loss: 0.322049
2026-08-17 18:15: Train Epoch 21: 240/1641 Loss: 0.303439
2026-08-17 18:15: Train Epoch 21: 260/1641 Loss: 0.305119
2026-08-17 18:15: Train Epoch 21: 280/1641 Loss: 0.328336
2026-08-17 18:15: Train Epoch 21: 300/1641 Loss: 0.310656
2026-08-17 18:15: Train Epoch 21: 320/1641 Loss: 0.334429
2026-08-17 18:16: Train Epoch 21: 340/1641 Loss: 0.297853
2026-08-17 18:16: Train Epoch 21: 360/1641 Loss: 0.363196
2026-08-17 18:16: Train Epoch 21: 380/1641 Loss: 0.284273
2026-08-17 18:16: Train Epoch 21: 400/1641 Loss: 0.308384
2026-08-17 18:16: Train Epoch 21: 420/1641 Loss: 0.311771
2026-08-17 18:16: Train Epoch 21: 440/1641 Loss: 0.327696
2026-08-17 18:16: Train Epoch 21: 460/1641 Loss: 0.305698
2026-08-17 18:16: Train Epoch 21: 480/1641 Loss: 0.300754
2026-08-17 18:16: Train Epoch 21: 500/1641 Loss: 0.290010
2026-08-17 18:16: Train Epoch 21: 520/1641 Loss: 0.330149
2026-08-17 18:16: Train Epoch 21: 540/1641 Loss: 0.304784
2026-08-17 18:16: Train Epoch 21: 560/1641 Loss: 0.342347
2026-08-17 18:16: Train Epoch 21: 580/1641 Loss: 0.329224
2026-08-17 18:16: Train Epoch 21: 600/1641 Loss: 0.319694
2026-08-17 18:16: Train Epoch 21: 620/1641 Loss: 0.318893
2026-08-17 18:16: Train Epoch 21: 640/1641 Loss: 0.310943
2026-08-17 18:16: Train Epoch 21: 660/1641 Loss: 0.306605
2026-08-17 18:16: Train Epoch 21: 680/1641 Loss: 0.319874
2026-08-17 18:16: Train Epoch 21: 700/1641 Loss: 0.316922
2026-08-17 18:16: Train Epoch 21: 720/1641 Loss: 0.294562
2026-08-17 18:16: Train Epoch 21: 740/1641 Loss: 0.314957
2026-08-17 18:16: Train Epoch 21: 760/1641 Loss: 0.319299
2026-08-17 18:17: Train Epoch 21: 780/1641 Loss: 0.323698
2026-08-17 18:17: Train Epoch 21: 800/1641 Loss: 0.318590
2026-08-17 18:17: Train Epoch 21: 820/1641 Loss: 0.314431
2026-08-17 18:17: Train Epoch 21: 840/1641 Loss: 0.297366
2026-08-17 18:17: Train Epoch 21: 860/1641 Loss: 0.317104
2026-08-17 18:17: Train Epoch 21: 880/1641 Loss: 0.307953
2026-08-17 18:17: Train Epoch 21: 900/1641 Loss: 0.337386
2026-08-17 18:17: Train Epoch 21: 920/1641 Loss: 0.289915
2026-08-17 18:17: Train Epoch 21: 940/1641 Loss: 0.304714
2026-08-17 18:17: Train Epoch 21: 960/1641 Loss: 0.308697
2026-08-17 18:17: Train Epoch 21: 980/1641 Loss: 0.297909
2026-08-17 18:17: Train Epoch 21: 1000/1641 Loss: 0.308895
2026-08-17 18:17: Train Epoch 21: 1020/1641 Loss: 0.320952
2026-08-17 18:17: Train Epoch 21: 1040/1641 Loss: 0.323187
2026-08-17 18:17: Train Epoch 21: 1060/1641 Loss: 0.338457
2026-08-17 18:17: Train Epoch 21: 1080/1641 Loss: 0.315263
2026-08-17 18:17: Train Epoch 21: 1100/1641 Loss: 0.313274
2026-08-17 18:17: Train Epoch 21: 1120/1641 Loss: 0.326370
2026-08-17 18:17: Train Epoch 21: 1140/1641 Loss: 0.281236
2026-08-17 18:17: Train Epoch 21: 1160/1641 Loss: 0.321494
2026-08-17 18:17: Train Epoch 21: 1180/1641 Loss: 0.313141
2026-08-17 18:17: Train Epoch 21: 1200/1641 Loss: 0.349693
2026-08-17 18:18: Train Epoch 21: 1220/1641 Loss: 0.296588
2026-08-17 18:18: Train Epoch 21: 1240/1641 Loss: 0.329004
2026-08-17 18:18: Train Epoch 21: 1260/1641 Loss: 0.321841
2026-08-17 18:18: Train Epoch 21: 1280/1641 Loss: 0.306311
2026-08-17 18:18: Train Epoch 21: 1300/1641 Loss: 0.317246
2026-08-17 18:18: Train Epoch 21: 1320/1641 Loss: 0.348307
2026-08-17 18:18: Train Epoch 21: 1340/1641 Loss: 0.321144
2026-08-17 18:18: Train Epoch 21: 1360/1641 Loss: 0.308298
2026-08-17 18:18: Train Epoch 21: 1380/1641 Loss: 0.322273
2026-08-17 18:18: Train Epoch 21: 1400/1641 Loss: 0.299624
2026-08-17 18:18: Train Epoch 21: 1420/1641 Loss: 0.343191
2026-08-17 18:18: Train Epoch 21: 1440/1641 Loss: 0.323736
2026-08-17 18:18: Train Epoch 21: 1460/1641 Loss: 0.307141
2026-08-17 18:18: Train Epoch 21: 1480/1641 Loss: 0.334346
2026-08-17 18:18: Train Epoch 21: 1500/1641 Loss: 0.303824
2026-08-17 18:18: Train Epoch 21: 1520/1641 Loss: 0.332035
2026-08-17 18:18: Train Epoch 21: 1540/1641 Loss: 0.333062
2026-08-17 18:18: Train Epoch 21: 1560/1641 Loss: 0.308015
2026-08-17 18:18: Train Epoch 21: 1580/1641 Loss: 0.342584
2026-08-17 18:18: Train Epoch 21: 1600/1641 Loss: 0.295335
2026-08-17 18:18: Train Epoch 21: 1620/1641 Loss: 0.309882
2026-08-17 18:18: Train Epoch 21: 1640/1641 Loss: 0.295495
2026-08-17 18:18: **********Train Epoch 21: averaged Loss: 0.313179, tf_ratio: 1.000000
2026-08-17 18:19: **********Val Epoch 21: average Loss: 0.319054
2026-08-17 18:19: Train Epoch 22: 0/1641 Loss: 0.317622
2026-08-17 18:19: Train Epoch 22: 20/1641 Loss: 0.315208
2026-08-17 18:19: Train Epoch 22: 40/1641 Loss: 0.313144
2026-08-17 18:19: Train Epoch 22: 60/1641 Loss: 0.294838
2026-08-17 18:19: Train Epoch 22: 80/1641 Loss: 0.346025
2026-08-17 18:19: Train Epoch 22: 100/1641 Loss: 0.324659
2026-08-17 18:19: Train Epoch 22: 120/1641 Loss: 0.315084
2026-08-17 18:19: Train Epoch 22: 140/1641 Loss: 0.296645
2026-08-17 18:19: Train Epoch 22: 160/1641 Loss: 0.317573
2026-08-17 18:19: Train Epoch 22: 180/1641 Loss: 0.305451
2026-08-17 18:19: Train Epoch 22: 200/1641 Loss: 0.344096
2026-08-17 18:19: Train Epoch 22: 220/1641 Loss: 0.325670
2026-08-17 18:19: Train Epoch 22: 240/1641 Loss: 0.313020
2026-08-17 18:19: Train Epoch 22: 260/1641 Loss: 0.311988
2026-08-17 18:19: Train Epoch 22: 280/1641 Loss: 0.319356
2026-08-17 18:20: Train Epoch 22: 300/1641 Loss: 0.295890
2026-08-17 18:20: Train Epoch 22: 320/1641 Loss: 0.288430
2026-08-17 18:20: Train Epoch 22: 340/1641 Loss: 0.290308
2026-08-17 18:20: Train Epoch 22: 360/1641 Loss: 0.343454
2026-08-17 18:20: Train Epoch 22: 380/1641 Loss: 0.304226
2026-08-17 18:20: Train Epoch 22: 400/1641 Loss: 0.306762
2026-08-17 18:20: Train Epoch 22: 420/1641 Loss: 0.304268
2026-08-17 18:20: Train Epoch 22: 440/1641 Loss: 0.309173
2026-08-17 18:20: Train Epoch 22: 460/1641 Loss: 0.324656
2026-08-17 18:20: Train Epoch 22: 480/1641 Loss: 0.342214
2026-08-17 18:20: Train Epoch 22: 500/1641 Loss: 0.311531
2026-08-17 18:20: Train Epoch 22: 520/1641 Loss: 0.310047
2026-08-17 18:20: Train Epoch 22: 540/1641 Loss: 0.314436
2026-08-17 18:20: Train Epoch 22: 560/1641 Loss: 0.313040
2026-08-17 18:20: Train Epoch 22: 580/1641 Loss: 0.299287
2026-08-17 18:20: Train Epoch 22: 600/1641 Loss: 0.304548
2026-08-17 18:20: Train Epoch 22: 620/1641 Loss: 0.300698
2026-08-17 18:20: Train Epoch 22: 640/1641 Loss: 0.289035
2026-08-17 18:20: Train Epoch 22: 660/1641 Loss: 0.329225
2026-08-17 18:20: Train Epoch 22: 680/1641 Loss: 0.323909
2026-08-17 18:20: Train Epoch 22: 700/1641 Loss: 0.301392
2026-08-17 18:20: Train Epoch 22: 720/1641 Loss: 0.290813
2026-08-17 18:20: Train Epoch 22: 740/1641 Loss: 0.322620
2026-08-17 18:21: Train Epoch 22: 760/1641 Loss: 0.325347
2026-08-17 18:21: Train Epoch 22: 780/1641 Loss: 0.328057
2026-08-17 18:21: Train Epoch 22: 800/1641 Loss: 0.311716
2026-08-17 18:21: Train Epoch 22: 820/1641 Loss: 0.316393
2026-08-17 18:21: Train Epoch 22: 840/1641 Loss: 0.306840
2026-08-17 18:21: Train Epoch 22: 860/1641 Loss: 0.320700
2026-08-17 18:21: Train Epoch 22: 880/1641 Loss: 0.323116
2026-08-17 18:21: Train Epoch 22: 900/1641 Loss: 0.347075
2026-08-17 18:21: Train Epoch 22: 920/1641 Loss: 0.303973
2026-08-17 18:21: Train Epoch 22: 940/1641 Loss: 0.324489
2026-08-17 18:21: Train Epoch 22: 960/1641 Loss: 0.293907
2026-08-17 18:21: Train Epoch 22: 980/1641 Loss: 0.305986
2026-08-17 18:21: Train Epoch 22: 1000/1641 Loss: 0.312565
2026-08-17 18:21: Train Epoch 22: 1020/1641 Loss: 0.315351
2026-08-17 18:21: Train Epoch 22: 1040/1641 Loss: 0.294143
2026-08-17 18:21: Train Epoch 22: 1060/1641 Loss: 0.327311
2026-08-17 18:21: Train Epoch 22: 1080/1641 Loss: 0.324603
2026-08-17 18:21: Train Epoch 22: 1100/1641 Loss: 0.321325
2026-08-17 18:21: Train Epoch 22: 1120/1641 Loss: 0.331416
2026-08-17 18:21: Train Epoch 22: 1140/1641 Loss: 0.304756
2026-08-17 18:21: Train Epoch 22: 1160/1641 Loss: 0.350919
2026-08-17 18:21: Train Epoch 22: 1180/1641 Loss: 0.299873
2026-08-17 18:22: Train Epoch 22: 1200/1641 Loss: 0.311841
2026-08-17 18:22: Train Epoch 22: 1220/1641 Loss: 0.328259
2026-08-17 18:22: Train Epoch 22: 1240/1641 Loss: 0.330876
2026-08-17 18:22: Train Epoch 22: 1260/1641 Loss: 0.297680
2026-08-17 18:22: Train Epoch 22: 1280/1641 Loss: 0.299301
2026-08-17 18:22: Train Epoch 22: 1300/1641 Loss: 0.316956
2026-08-17 18:22: Train Epoch 22: 1320/1641 Loss: 0.319529
2026-08-17 18:22: Train Epoch 22: 1340/1641 Loss: 0.293710
2026-08-17 18:22: Train Epoch 22: 1360/1641 Loss: 0.306366
2026-08-17 18:22: Train Epoch 22: 1380/1641 Loss: 0.298484
2026-08-17 18:22: Train Epoch 22: 1400/1641 Loss: 0.334410
2026-08-17 18:22: Train Epoch 22: 1420/1641 Loss: 0.327576
2026-08-17 18:22: Train Epoch 22: 1440/1641 Loss: 0.325405
2026-08-17 18:22: Train Epoch 22: 1460/1641 Loss: 0.286938
2026-08-17 18:22: Train Epoch 22: 1480/1641 Loss: 0.326675
2026-08-17 18:22: Train Epoch 22: 1500/1641 Loss: 0.317221
2026-08-17 18:22: Train Epoch 22: 1520/1641 Loss: 0.304215
2026-08-17 18:22: Train Epoch 22: 1540/1641 Loss: 0.303433
2026-08-17 18:22: Train Epoch 22: 1560/1641 Loss: 0.339643
2026-08-17 18:22: Train Epoch 22: 1580/1641 Loss: 0.321998
2026-08-17 18:22: Train Epoch 22: 1600/1641 Loss: 0.281227
2026-08-17 18:22: Train Epoch 22: 1620/1641 Loss: 0.283277
2026-08-17 18:23: Train Epoch 22: 1640/1641 Loss: 0.324477
2026-08-17 18:23: **********Train Epoch 22: averaged Loss: 0.312073, tf_ratio: 1.000000
2026-08-17 18:23: **********Val Epoch 22: average Loss: 0.316235
2026-08-17 18:23: *********************************Current best model saved!
2026-08-17 18:23: Train Epoch 23: 0/1641 Loss: 0.306336
2026-08-17 18:23: Train Epoch 23: 20/1641 Loss: 0.310858
2026-08-17 18:23: Train Epoch 23: 40/1641 Loss: 0.311351
2026-08-17 18:23: Train Epoch 23: 60/1641 Loss: 0.321282
2026-08-17 18:23: Train Epoch 23: 80/1641 Loss: 0.322025
2026-08-17 18:23: Train Epoch 23: 100/1641 Loss: 0.341090
2026-08-17 18:23: Train Epoch 23: 120/1641 Loss: 0.287548
2026-08-17 18:23: Train Epoch 23: 140/1641 Loss: 0.282707
2026-08-17 18:23: Train Epoch 23: 160/1641 Loss: 0.309058
2026-08-17 18:23: Train Epoch 23: 180/1641 Loss: 0.322928
2026-08-17 18:23: Train Epoch 23: 200/1641 Loss: 0.319368
2026-08-17 18:23: Train Epoch 23: 220/1641 Loss: 0.329488
2026-08-17 18:23: Train Epoch 23: 240/1641 Loss: 0.313001
2026-08-17 18:23: Train Epoch 23: 260/1641 Loss: 0.314483
2026-08-17 18:24: Train Epoch 23: 280/1641 Loss: 0.303604
2026-08-17 18:24: Train Epoch 23: 300/1641 Loss: 0.292815
2026-08-17 18:24: Train Epoch 23: 320/1641 Loss: 0.310247
2026-08-17 18:24: Train Epoch 23: 340/1641 Loss: 0.315864
2026-08-17 18:24: Train Epoch 23: 360/1641 Loss: 0.332149
2026-08-17 18:24: Train Epoch 23: 380/1641 Loss: 0.316768
2026-08-17 18:24: Train Epoch 23: 400/1641 Loss: 0.317505
2026-08-17 18:24: Train Epoch 23: 420/1641 Loss: 0.320215
2026-08-17 18:24: Train Epoch 23: 440/1641 Loss: 0.312400
2026-08-17 18:24: Train Epoch 23: 460/1641 Loss: 0.303412
2026-08-17 18:24: Train Epoch 23: 480/1641 Loss: 0.304742
2026-08-17 18:24: Train Epoch 23: 500/1641 Loss: 0.330486
2026-08-17 18:24: Train Epoch 23: 520/1641 Loss: 0.308240
2026-08-17 18:24: Train Epoch 23: 540/1641 Loss: 0.299707
2026-08-17 18:24: Train Epoch 23: 560/1641 Loss: 0.330180
2026-08-17 18:24: Train Epoch 23: 580/1641 Loss: 0.311570
2026-08-17 18:24: Train Epoch 23: 600/1641 Loss: 0.303449
2026-08-17 18:24: Train Epoch 23: 620/1641 Loss: 0.291608
2026-08-17 18:24: Train Epoch 23: 640/1641 Loss: 0.319128
2026-08-17 18:24: Train Epoch 23: 660/1641 Loss: 0.284628
2026-08-17 18:24: Train Epoch 23: 680/1641 Loss: 0.294122
2026-08-17 18:24: Train Epoch 23: 700/1641 Loss: 0.291854
2026-08-17 18:25: Train Epoch 23: 720/1641 Loss: 0.297196
2026-08-17 18:25: Train Epoch 23: 740/1641 Loss: 0.326282
2026-08-17 18:25: Train Epoch 23: 760/1641 Loss: 0.313188
2026-08-17 18:25: Train Epoch 23: 780/1641 Loss: 0.297079
2026-08-17 18:25: Train Epoch 23: 800/1641 Loss: 0.293825
2026-08-17 18:25: Train Epoch 23: 820/1641 Loss: 0.353953
2026-08-17 18:25: Train Epoch 23: 840/1641 Loss: 0.314811
2026-08-17 18:25: Train Epoch 23: 860/1641 Loss: 0.314252
2026-08-17 18:25: Train Epoch 23: 880/1641 Loss: 0.302355
2026-08-17 18:25: Train Epoch 23: 900/1641 Loss: 0.321828
2026-08-17 18:25: Train Epoch 23: 920/1641 Loss: 0.309874
2026-08-17 18:25: Train Epoch 23: 940/1641 Loss: 0.305873
2026-08-17 18:25: Train Epoch 23: 960/1641 Loss: 0.283185
2026-08-17 18:25: Train Epoch 23: 980/1641 Loss: 0.301297
2026-08-17 18:25: Train Epoch 23: 1000/1641 Loss: 0.331862
2026-08-17 18:25: Train Epoch 23: 1020/1641 Loss: 0.310248
2026-08-17 18:25: Train Epoch 23: 1040/1641 Loss: 0.328469
2026-08-17 18:25: Train Epoch 23: 1060/1641 Loss: 0.288047
2026-08-17 18:25: Train Epoch 23: 1080/1641 Loss: 0.330898
2026-08-17 18:25: Train Epoch 23: 1100/1641 Loss: 0.307186
2026-08-17 18:25: Train Epoch 23: 1120/1641 Loss: 0.340471
2026-08-17 18:25: Train Epoch 23: 1140/1641 Loss: 0.314697
2026-08-17 18:26: Train Epoch 23: 1160/1641 Loss: 0.328875
2026-08-17 18:26: Train Epoch 23: 1180/1641 Loss: 0.292919
2026-08-17 18:26: Train Epoch 23: 1200/1641 Loss: 0.303830
2026-08-17 18:26: Train Epoch 23: 1220/1641 Loss: 0.330892
2026-08-17 18:26: Train Epoch 23: 1240/1641 Loss: 0.296511
2026-08-17 18:26: Train Epoch 23: 1260/1641 Loss: 0.329426
2026-08-17 18:26: Train Epoch 23: 1280/1641 Loss: 0.327079
2026-08-17 18:26: Train Epoch 23: 1300/1641 Loss: 0.341526
2026-08-17 18:26: Train Epoch 23: 1320/1641 Loss: 0.316128
2026-08-17 18:26: Train Epoch 23: 1340/1641 Loss: 0.301894
2026-08-17 18:26: Train Epoch 23: 1360/1641 Loss: 0.320946
2026-08-17 18:26: Train Epoch 23: 1380/1641 Loss: 0.296258
2026-08-17 18:26: Train Epoch 23: 1400/1641 Loss: 0.314467
2026-08-17 18:26: Train Epoch 23: 1420/1641 Loss: 0.323111
2026-08-17 18:26: Train Epoch 23: 1440/1641 Loss: 0.282177
2026-08-17 18:26: Train Epoch 23: 1460/1641 Loss: 0.300083
2026-08-17 18:26: Train Epoch 23: 1480/1641 Loss: 0.326943
2026-08-17 18:26: Train Epoch 23: 1500/1641 Loss: 0.311131
2026-08-17 18:26: Train Epoch 23: 1520/1641 Loss: 0.311355
2026-08-17 18:26: Train Epoch 23: 1540/1641 Loss: 0.318264
2026-08-17 18:26: Train Epoch 23: 1560/1641 Loss: 0.306735
2026-08-17 18:26: Train Epoch 23: 1580/1641 Loss: 0.344312
2026-08-17 18:27: Train Epoch 23: 1600/1641 Loss: 0.315080
2026-08-17 18:27: Train Epoch 23: 1620/1641 Loss: 0.315158
2026-08-17 18:27: Train Epoch 23: 1640/1641 Loss: 0.338463
2026-08-17 18:27: **********Train Epoch 23: averaged Loss: 0.311068, tf_ratio: 1.000000
2026-08-17 18:27: **********Val Epoch 23: average Loss: 0.317212
2026-08-17 18:27: Train Epoch 24: 0/1641 Loss: 0.313930
2026-08-17 18:27: Train Epoch 24: 20/1641 Loss: 0.281521
2026-08-17 18:27: Train Epoch 24: 40/1641 Loss: 0.285680
2026-08-17 18:27: Train Epoch 24: 60/1641 Loss: 0.319814
2026-08-17 18:27: Train Epoch 24: 80/1641 Loss: 0.317288
2026-08-17 18:27: Train Epoch 24: 100/1641 Loss: 0.313478
2026-08-17 18:27: Train Epoch 24: 120/1641 Loss: 0.331374
2026-08-17 18:27: Train Epoch 24: 140/1641 Loss: 0.352585
2026-08-17 18:27: Train Epoch 24: 160/1641 Loss: 0.311912
2026-08-17 18:27: Train Epoch 24: 180/1641 Loss: 0.298551
2026-08-17 18:27: Train Epoch 24: 200/1641 Loss: 0.315185
2026-08-17 18:27: Train Epoch 24: 220/1641 Loss: 0.282436
2026-08-17 18:28: Train Epoch 24: 240/1641 Loss: 0.312155
2026-08-17 18:28: Train Epoch 24: 260/1641 Loss: 0.294676
2026-08-17 18:28: Train Epoch 24: 280/1641 Loss: 0.337100
2026-08-17 18:28: Train Epoch 24: 300/1641 Loss: 0.304350
2026-08-17 18:28: Train Epoch 24: 320/1641 Loss: 0.306375
2026-08-17 18:28: Train Epoch 24: 340/1641 Loss: 0.298287
2026-08-17 18:28: Train Epoch 24: 360/1641 Loss: 0.301496
2026-08-17 18:28: Train Epoch 24: 380/1641 Loss: 0.296830
2026-08-17 18:28: Train Epoch 24: 400/1641 Loss: 0.279888
2026-08-17 18:28: Train Epoch 24: 420/1641 Loss: 0.313489
2026-08-17 18:28: Train Epoch 24: 440/1641 Loss: 0.329350
2026-08-17 18:28: Train Epoch 24: 460/1641 Loss: 0.298024
2026-08-17 18:28: Train Epoch 24: 480/1641 Loss: 0.313651
2026-08-17 18:28: Train Epoch 24: 500/1641 Loss: 0.295797
2026-08-17 18:28: Train Epoch 24: 520/1641 Loss: 0.307648
2026-08-17 18:28: Train Epoch 24: 540/1641 Loss: 0.310064
2026-08-17 18:28: Train Epoch 24: 560/1641 Loss: 0.312129
2026-08-17 18:28: Train Epoch 24: 580/1641 Loss: 0.302611
2026-08-17 18:28: Train Epoch 24: 600/1641 Loss: 0.312309
2026-08-17 18:28: Train Epoch 24: 620/1641 Loss: 0.306568
2026-08-17 18:28: Train Epoch 24: 640/1641 Loss: 0.284185
2026-08-17 18:28: Train Epoch 24: 660/1641 Loss: 0.301049
2026-08-17 18:28: Train Epoch 24: 680/1641 Loss: 0.310707
2026-08-17 18:29: Train Epoch 24: 700/1641 Loss: 0.314175
2026-08-17 18:29: Train Epoch 24: 720/1641 Loss: 0.305287
2026-08-17 18:29: Train Epoch 24: 740/1641 Loss: 0.308583
2026-08-17 18:29: Train Epoch 24: 760/1641 Loss: 0.320877
2026-08-17 18:29: Train Epoch 24: 780/1641 Loss: 0.267458
2026-08-17 18:29: Train Epoch 24: 800/1641 Loss: 0.300200
2026-08-17 18:29: Train Epoch 24: 820/1641 Loss: 0.298165
2026-08-17 18:29: Train Epoch 24: 840/1641 Loss: 0.305897
2026-08-17 18:29: Train Epoch 24: 860/1641 Loss: 0.315251
2026-08-17 18:29: Train Epoch 24: 880/1641 Loss: 0.312433
2026-08-17 18:29: Train Epoch 24: 900/1641 Loss: 0.312418
2026-08-17 18:29: Train Epoch 24: 920/1641 Loss: 0.295653
2026-08-17 18:29: Train Epoch 24: 940/1641 Loss: 0.292667
2026-08-17 18:29: Train Epoch 24: 960/1641 Loss: 0.308845
2026-08-17 18:29: Train Epoch 24: 980/1641 Loss: 0.302176
2026-08-17 18:29: Train Epoch 24: 1000/1641 Loss: 0.307976
2026-08-17 18:29: Train Epoch 24: 1020/1641 Loss: 0.303776
2026-08-17 18:29: Train Epoch 24: 1040/1641 Loss: 0.334595
2026-08-17 18:29: Train Epoch 24: 1060/1641 Loss: 0.331584
2026-08-17 18:29: Train Epoch 24: 1080/1641 Loss: 0.303192
2026-08-17 18:29: Train Epoch 24: 1100/1641 Loss: 0.325255
2026-08-17 18:29: Train Epoch 24: 1120/1641 Loss: 0.317129
2026-08-17 18:30: Train Epoch 24: 1140/1641 Loss: 0.322058
2026-08-17 18:30: Train Epoch 24: 1160/1641 Loss: 0.296603
2026-08-17 18:30: Train Epoch 24: 1180/1641 Loss: 0.310542
2026-08-17 18:30: Train Epoch 24: 1200/1641 Loss: 0.294181
2026-08-17 18:30: Train Epoch 24: 1220/1641 Loss: 0.307558
2026-08-17 18:30: Train Epoch 24: 1240/1641 Loss: 0.330180
2026-08-17 18:30: Train Epoch 24: 1260/1641 Loss: 0.311009
2026-08-17 18:30: Train Epoch 24: 1280/1641 Loss: 0.288666
2026-08-17 18:30: Train Epoch 24: 1300/1641 Loss: 0.281080
2026-08-17 18:30: Train Epoch 24: 1320/1641 Loss: 0.311409
2026-08-17 18:30: Train Epoch 24: 1340/1641 Loss: 0.309932
2026-08-17 18:30: Train Epoch 24: 1360/1641 Loss: 0.289777
2026-08-17 18:30: Train Epoch 24: 1380/1641 Loss: 0.295349
2026-08-17 18:30: Train Epoch 24: 1400/1641 Loss: 0.317407
2026-08-17 18:30: Train Epoch 24: 1420/1641 Loss: 0.303635
2026-08-17 18:30: Train Epoch 24: 1440/1641 Loss: 0.302557
2026-08-17 18:30: Train Epoch 24: 1460/1641 Loss: 0.296027
2026-08-17 18:30: Train Epoch 24: 1480/1641 Loss: 0.288078
2026-08-17 18:30: Train Epoch 24: 1500/1641 Loss: 0.293616
2026-08-17 18:30: Train Epoch 24: 1520/1641 Loss: 0.306664
2026-08-17 18:30: Train Epoch 24: 1540/1641 Loss: 0.281066
2026-08-17 18:30: Train Epoch 24: 1560/1641 Loss: 0.314137
2026-08-17 18:31: Train Epoch 24: 1580/1641 Loss: 0.314069
2026-08-17 18:31: Train Epoch 24: 1600/1641 Loss: 0.311280
2026-08-17 18:31: Train Epoch 24: 1620/1641 Loss: 0.312515
2026-08-17 18:31: Train Epoch 24: 1640/1641 Loss: 0.315787
2026-08-17 18:31: **********Train Epoch 24: averaged Loss: 0.309979, tf_ratio: 1.000000
2026-08-17 18:31: **********Val Epoch 24: average Loss: 0.316336
2026-08-17 18:31: Train Epoch 25: 0/1641 Loss: 0.286182
2026-08-17 18:31: Train Epoch 25: 20/1641 Loss: 0.293080
2026-08-17 18:31: Train Epoch 25: 40/1641 Loss: 0.311413
2026-08-17 18:31: Train Epoch 25: 60/1641 Loss: 0.302472
2026-08-17 18:31: Train Epoch 25: 80/1641 Loss: 0.330110
2026-08-17 18:31: Train Epoch 25: 100/1641 Loss: 0.312833
2026-08-17 18:31: Train Epoch 25: 120/1641 Loss: 0.296690
2026-08-17 18:31: Train Epoch 25: 140/1641 Loss: 0.304005
2026-08-17 18:31: Train Epoch 25: 160/1641 Loss: 0.313878
2026-08-17 18:31: Train Epoch 25: 180/1641 Loss: 0.311705
2026-08-17 18:31: Train Epoch 25: 200/1641 Loss: 0.303646
2026-08-17 18:32: Train Epoch 25: 220/1641 Loss: 0.305101
2026-08-17 18:32: Train Epoch 25: 240/1641 Loss: 0.293649
2026-08-17 18:32: Train Epoch 25: 260/1641 Loss: 0.313944
2026-08-17 18:32: Train Epoch 25: 280/1641 Loss: 0.317401
2026-08-17 18:32: Train Epoch 25: 300/1641 Loss: 0.311130
2026-08-17 18:32: Train Epoch 25: 320/1641 Loss: 0.315585
2026-08-17 18:32: Train Epoch 25: 340/1641 Loss: 0.311936
2026-08-17 18:32: Train Epoch 25: 360/1641 Loss: 0.303289
2026-08-17 18:32: Train Epoch 25: 380/1641 Loss: 0.294430
2026-08-17 18:32: Train Epoch 25: 400/1641 Loss: 0.295450
2026-08-17 18:32: Train Epoch 25: 420/1641 Loss: 0.310332
2026-08-17 18:32: Train Epoch 25: 440/1641 Loss: 0.311277
2026-08-17 18:32: Train Epoch 25: 460/1641 Loss: 0.309100
2026-08-17 18:32: Train Epoch 25: 480/1641 Loss: 0.293296
2026-08-17 18:32: Train Epoch 25: 500/1641 Loss: 0.295520
2026-08-17 18:32: Train Epoch 25: 520/1641 Loss: 0.328931
2026-08-17 18:32: Train Epoch 25: 540/1641 Loss: 0.294450
2026-08-17 18:32: Train Epoch 25: 560/1641 Loss: 0.301226
2026-08-17 18:32: Train Epoch 25: 580/1641 Loss: 0.310900
2026-08-17 18:32: Train Epoch 25: 600/1641 Loss: 0.335278
2026-08-17 18:32: Train Epoch 25: 620/1641 Loss: 0.318651
2026-08-17 18:32: Train Epoch 25: 640/1641 Loss: 0.314173
2026-08-17 18:33: Train Epoch 25: 660/1641 Loss: 0.328267
2026-08-17 18:33: Train Epoch 25: 680/1641 Loss: 0.293911
2026-08-17 18:33: Train Epoch 25: 700/1641 Loss: 0.307469
2026-08-17 18:33: Train Epoch 25: 720/1641 Loss: 0.315612
2026-08-17 18:33: Train Epoch 25: 740/1641 Loss: 0.312248
2026-08-17 18:33: Train Epoch 25: 760/1641 Loss: 0.292139
2026-08-17 18:33: Train Epoch 25: 780/1641 Loss: 0.281729
2026-08-17 18:33: Train Epoch 25: 800/1641 Loss: 0.288523
2026-08-17 18:33: Train Epoch 25: 820/1641 Loss: 0.299599
2026-08-17 18:33: Train Epoch 25: 840/1641 Loss: 0.302876
2026-08-17 18:33: Train Epoch 25: 860/1641 Loss: 0.311094
2026-08-17 18:33: Train Epoch 25: 880/1641 Loss: 0.279929
2026-08-17 18:33: Train Epoch 25: 900/1641 Loss: 0.302317
2026-08-17 18:33: Train Epoch 25: 920/1641 Loss: 0.309241
2026-08-17 18:33: Train Epoch 25: 940/1641 Loss: 0.291974
2026-08-17 18:33: Train Epoch 25: 960/1641 Loss: 0.297419
2026-08-17 18:33: Train Epoch 25: 980/1641 Loss: 0.293814
2026-08-17 18:33: Train Epoch 25: 1000/1641 Loss: 0.314301
2026-08-17 18:33: Train Epoch 25: 1020/1641 Loss: 0.315733
2026-08-17 18:33: Train Epoch 25: 1040/1641 Loss: 0.312102
2026-08-17 18:33: Train Epoch 25: 1060/1641 Loss: 0.319365
2026-08-17 18:33: Train Epoch 25: 1080/1641 Loss: 0.324031
2026-08-17 18:34: Train Epoch 25: 1100/1641 Loss: 0.351313
2026-08-17 18:34: Train Epoch 25: 1120/1641 Loss: 0.302441
2026-08-17 18:34: Train Epoch 25: 1140/1641 Loss: 0.319276
2026-08-17 18:34: Train Epoch 25: 1160/1641 Loss: 0.300705
2026-08-17 18:34: Train Epoch 25: 1180/1641 Loss: 0.295409
2026-08-17 18:34: Train Epoch 25: 1200/1641 Loss: 0.316882
2026-08-17 18:34: Train Epoch 25: 1220/1641 Loss: 0.323294
2026-08-17 18:34: Train Epoch 25: 1240/1641 Loss: 0.280902
2026-08-17 18:34: Train Epoch 25: 1260/1641 Loss: 0.288065
2026-08-17 18:34: Train Epoch 25: 1280/1641 Loss: 0.336681
2026-08-17 18:34: Train Epoch 25: 1300/1641 Loss: 0.303787
2026-08-17 18:34: Train Epoch 25: 1320/1641 Loss: 0.303697
2026-08-17 18:34: Train Epoch 25: 1340/1641 Loss: 0.313552
2026-08-17 18:34: Train Epoch 25: 1360/1641 Loss: 0.320783
2026-08-17 18:34: Train Epoch 25: 1380/1641 Loss: 0.285285
2026-08-17 18:34: Train Epoch 25: 1400/1641 Loss: 0.325146
2026-08-17 18:34: Train Epoch 25: 1420/1641 Loss: 0.296729
2026-08-17 18:34: Train Epoch 25: 1440/1641 Loss: 0.304539
2026-08-17 18:34: Train Epoch 25: 1460/1641 Loss: 0.305561
2026-08-17 18:34: Train Epoch 25: 1480/1641 Loss: 0.325998
2026-08-17 18:34: Train Epoch 25: 1500/1641 Loss: 0.296870
2026-08-17 18:34: Train Epoch 25: 1520/1641 Loss: 0.312733
2026-08-17 18:35: Train Epoch 25: 1540/1641 Loss: 0.322090
2026-08-17 18:35: Train Epoch 25: 1560/1641 Loss: 0.305504
2026-08-17 18:35: Train Epoch 25: 1580/1641 Loss: 0.294449
2026-08-17 18:35: Train Epoch 25: 1600/1641 Loss: 0.309725
2026-08-17 18:35: Train Epoch 25: 1620/1641 Loss: 0.320010
2026-08-17 18:35: Train Epoch 25: 1640/1641 Loss: 0.312629
2026-08-17 18:35: **********Train Epoch 25: averaged Loss: 0.309084, tf_ratio: 1.000000
2026-08-17 18:35: **********Val Epoch 25: average Loss: 0.315691
2026-08-17 18:35: *********************************Current best model saved!
2026-08-17 18:35: Train Epoch 26: 0/1641 Loss: 0.338502
2026-08-17 18:35: Train Epoch 26: 20/1641 Loss: 0.304828
2026-08-17 18:35: Train Epoch 26: 40/1641 Loss: 0.316407
2026-08-17 18:35: Train Epoch 26: 60/1641 Loss: 0.316487
2026-08-17 18:35: Train Epoch 26: 80/1641 Loss: 0.306150
2026-08-17 18:35: Train Epoch 26: 100/1641 Loss: 0.339056
2026-08-17 18:35: Train Epoch 26: 120/1641 Loss: 0.319346
2026-08-17 18:35: Train Epoch 26: 140/1641 Loss: 0.286420
2026-08-17 18:35: Train Epoch 26: 160/1641 Loss: 0.294380
2026-08-17 18:35: Train Epoch 26: 180/1641 Loss: 0.300360
2026-08-17 18:36: Train Epoch 26: 200/1641 Loss: 0.332929
2026-08-17 18:36: Train Epoch 26: 220/1641 Loss: 0.292826
2026-08-17 18:36: Train Epoch 26: 240/1641 Loss: 0.312800
2026-08-17 18:36: Train Epoch 26: 260/1641 Loss: 0.286789
2026-08-17 18:36: Train Epoch 26: 280/1641 Loss: 0.320565
2026-08-17 18:36: Train Epoch 26: 300/1641 Loss: 0.326772
2026-08-17 18:36: Train Epoch 26: 320/1641 Loss: 0.301248
2026-08-17 18:36: Train Epoch 26: 340/1641 Loss: 0.318717
2026-08-17 18:36: Train Epoch 26: 360/1641 Loss: 0.288134
2026-08-17 18:36: Train Epoch 26: 380/1641 Loss: 0.291043
2026-08-17 18:36: Train Epoch 26: 400/1641 Loss: 0.331460
2026-08-17 18:36: Train Epoch 26: 420/1641 Loss: 0.313803
2026-08-17 18:36: Train Epoch 26: 440/1641 Loss: 0.309040
2026-08-17 18:36: Train Epoch 26: 460/1641 Loss: 0.278647
2026-08-17 18:36: Train Epoch 26: 480/1641 Loss: 0.298964
2026-08-17 18:36: Train Epoch 26: 500/1641 Loss: 0.295254
2026-08-17 18:36: Train Epoch 26: 520/1641 Loss: 0.312744
2026-08-17 18:36: Train Epoch 26: 540/1641 Loss: 0.318727
2026-08-17 18:36: Train Epoch 26: 560/1641 Loss: 0.311341
2026-08-17 18:36: Train Epoch 26: 580/1641 Loss: 0.314790
2026-08-17 18:36: Train Epoch 26: 600/1641 Loss: 0.285844
2026-08-17 18:36: Train Epoch 26: 620/1641 Loss: 0.300210
2026-08-17 18:37: Train Epoch 26: 640/1641 Loss: 0.301732
2026-08-17 18:37: Train Epoch 26: 660/1641 Loss: 0.298562
2026-08-17 18:37: Train Epoch 26: 680/1641 Loss: 0.317510
2026-08-17 18:37: Train Epoch 26: 700/1641 Loss: 0.353920
2026-08-17 18:37: Train Epoch 26: 720/1641 Loss: 0.314210
2026-08-17 18:37: Train Epoch 26: 740/1641 Loss: 0.322976
2026-08-17 18:37: Train Epoch 26: 760/1641 Loss: 0.334029
2026-08-17 18:37: Train Epoch 26: 780/1641 Loss: 0.305953
2026-08-17 18:37: Train Epoch 26: 800/1641 Loss: 0.341869
2026-08-17 18:37: Train Epoch 26: 820/1641 Loss: 0.309042
2026-08-17 18:37: Train Epoch 26: 840/1641 Loss: 0.316592
2026-08-17 18:37: Train Epoch 26: 860/1641 Loss: 0.301310
2026-08-17 18:37: Train Epoch 26: 880/1641 Loss: 0.309966
2026-08-17 18:37: Train Epoch 26: 900/1641 Loss: 0.306527
2026-08-17 18:37: Train Epoch 26: 920/1641 Loss: 0.309826
2026-08-17 18:37: Train Epoch 26: 940/1641 Loss: 0.300559
2026-08-17 18:37: Train Epoch 26: 960/1641 Loss: 0.310768
2026-08-17 18:37: Train Epoch 26: 980/1641 Loss: 0.287711
2026-08-17 18:37: Train Epoch 26: 1000/1641 Loss: 0.319128
2026-08-17 18:37: Train Epoch 26: 1020/1641 Loss: 0.285796
2026-08-17 18:37: Train Epoch 26: 1040/1641 Loss: 0.335519
2026-08-17 18:37: Train Epoch 26: 1060/1641 Loss: 0.290537
2026-08-17 18:38: Train Epoch 26: 1080/1641 Loss: 0.310955
2026-08-17 18:38: Train Epoch 26: 1100/1641 Loss: 0.309730
2026-08-17 18:38: Train Epoch 26: 1120/1641 Loss: 0.292229
2026-08-17 18:38: Train Epoch 26: 1140/1641 Loss: 0.308349
2026-08-17 18:38: Train Epoch 26: 1160/1641 Loss: 0.284147
2026-08-17 18:38: Train Epoch 26: 1180/1641 Loss: 0.295350
2026-08-17 18:38: Train Epoch 26: 1200/1641 Loss: 0.316541
2026-08-17 18:38: Train Epoch 26: 1220/1641 Loss: 0.303697
2026-08-17 18:38: Train Epoch 26: 1240/1641 Loss: 0.332360
2026-08-17 18:38: Train Epoch 26: 1260/1641 Loss: 0.278081
2026-08-17 18:38: Train Epoch 26: 1280/1641 Loss: 0.301320
2026-08-17 18:38: Train Epoch 26: 1300/1641 Loss: 0.294914
2026-08-17 18:38: Train Epoch 26: 1320/1641 Loss: 0.306708
2026-08-17 18:38: Train Epoch 26: 1340/1641 Loss: 0.304333
2026-08-17 18:38: Train Epoch 26: 1360/1641 Loss: 0.341375
2026-08-17 18:38: Train Epoch 26: 1380/1641 Loss: 0.288776
2026-08-17 18:38: Train Epoch 26: 1400/1641 Loss: 0.308582
2026-08-17 18:38: Train Epoch 26: 1420/1641 Loss: 0.297725
2026-08-17 18:38: Train Epoch 26: 1440/1641 Loss: 0.297873
2026-08-17 18:38: Train Epoch 26: 1460/1641 Loss: 0.301946
2026-08-17 18:38: Train Epoch 26: 1480/1641 Loss: 0.306809
2026-08-17 18:38: Train Epoch 26: 1500/1641 Loss: 0.294701
2026-08-17 18:38: Train Epoch 26: 1520/1641 Loss: 0.279521
2026-08-17 18:39: Train Epoch 26: 1540/1641 Loss: 0.305089
2026-08-17 18:39: Train Epoch 26: 1560/1641 Loss: 0.297310
2026-08-17 18:39: Train Epoch 26: 1580/1641 Loss: 0.294499
2026-08-17 18:39: Train Epoch 26: 1600/1641 Loss: 0.326969
2026-08-17 18:39: Train Epoch 26: 1620/1641 Loss: 0.312127
2026-08-17 18:39: Train Epoch 26: 1640/1641 Loss: 0.309505
2026-08-17 18:39: **********Train Epoch 26: averaged Loss: 0.308244, tf_ratio: 1.000000
2026-08-17 18:39: **********Val Epoch 26: average Loss: 0.323763
2026-08-17 18:39: Train Epoch 27: 0/1641 Loss: 0.311947
2026-08-17 18:39: Train Epoch 27: 20/1641 Loss: 0.296188
2026-08-17 18:39: Train Epoch 27: 40/1641 Loss: 0.275893
2026-08-17 18:39: Train Epoch 27: 60/1641 Loss: 0.304574
2026-08-17 18:39: Train Epoch 27: 80/1641 Loss: 0.327977
2026-08-17 18:39: Train Epoch 27: 100/1641 Loss: 0.324127
2026-08-17 18:39: Train Epoch 27: 120/1641 Loss: 0.305850
2026-08-17 18:39: Train Epoch 27: 140/1641 Loss: 0.312544
2026-08-17 18:39: Train Epoch 27: 160/1641 Loss: 0.303659
2026-08-17 18:40: Train Epoch 27: 180/1641 Loss: 0.309728
2026-08-17 18:40: Train Epoch 27: 200/1641 Loss: 0.314232
2026-08-17 18:40: Train Epoch 27: 220/1641 Loss: 0.294649
2026-08-17 18:40: Train Epoch 27: 240/1641 Loss: 0.300344
2026-08-17 18:40: Train Epoch 27: 260/1641 Loss: 0.308246
2026-08-17 18:40: Train Epoch 27: 280/1641 Loss: 0.320405
2026-08-17 18:40: Train Epoch 27: 300/1641 Loss: 0.321648
2026-08-17 18:40: Train Epoch 27: 320/1641 Loss: 0.299984
2026-08-17 18:40: Train Epoch 27: 340/1641 Loss: 0.274734
2026-08-17 18:40: Train Epoch 27: 360/1641 Loss: 0.306370
2026-08-17 18:40: Train Epoch 27: 380/1641 Loss: 0.314501
2026-08-17 18:40: Train Epoch 27: 400/1641 Loss: 0.292537
2026-08-17 18:40: Train Epoch 27: 420/1641 Loss: 0.307617
2026-08-17 18:40: Train Epoch 27: 440/1641 Loss: 0.331932
2026-08-17 18:40: Train Epoch 27: 460/1641 Loss: 0.328367
2026-08-17 18:40: Train Epoch 27: 480/1641 Loss: 0.304720
2026-08-17 18:40: Train Epoch 27: 500/1641 Loss: 0.316821
2026-08-17 18:40: Train Epoch 27: 520/1641 Loss: 0.311784
2026-08-17 18:40: Train Epoch 27: 540/1641 Loss: 0.324317
2026-08-17 18:40: Train Epoch 27: 560/1641 Loss: 0.290523
2026-08-17 18:40: Train Epoch 27: 580/1641 Loss: 0.333865
2026-08-17 18:40: Train Epoch 27: 600/1641 Loss: 0.300683
2026-08-17 18:41: Train Epoch 27: 620/1641 Loss: 0.316583
2026-08-17 18:41: Train Epoch 27: 640/1641 Loss: 0.312207
2026-08-17 18:41: Train Epoch 27: 660/1641 Loss: 0.298803
2026-08-17 18:41: Train Epoch 27: 680/1641 Loss: 0.302102
2026-08-17 18:41: Train Epoch 27: 700/1641 Loss: 0.324284
2026-08-17 18:41: Train Epoch 27: 720/1641 Loss: 0.319067
2026-08-17 18:41: Train Epoch 27: 740/1641 Loss: 0.281648
2026-08-17 18:41: Train Epoch 27: 760/1641 Loss: 0.309124
2026-08-17 18:41: Train Epoch 27: 780/1641 Loss: 0.313507
2026-08-17 18:41: Train Epoch 27: 800/1641 Loss: 0.322735
2026-08-17 18:41: Train Epoch 27: 820/1641 Loss: 0.294325
2026-08-17 18:41: Train Epoch 27: 840/1641 Loss: 0.312302
2026-08-17 18:41: Train Epoch 27: 860/1641 Loss: 0.284702
2026-08-17 18:41: Train Epoch 27: 880/1641 Loss: 0.306695
2026-08-17 18:41: Train Epoch 27: 900/1641 Loss: 0.282754
2026-08-17 18:41: Train Epoch 27: 920/1641 Loss: 0.311938
2026-08-17 18:41: Train Epoch 27: 940/1641 Loss: 0.314514
2026-08-17 18:41: Train Epoch 27: 960/1641 Loss: 0.316668
2026-08-17 18:41: Train Epoch 27: 980/1641 Loss: 0.311483
2026-08-17 18:41: Train Epoch 27: 1000/1641 Loss: 0.293786
2026-08-17 18:41: Train Epoch 27: 1020/1641 Loss: 0.306892
2026-08-17 18:41: Train Epoch 27: 1040/1641 Loss: 0.300300
2026-08-17 18:41: Train Epoch 27: 1060/1641 Loss: 0.331248
2026-08-17 18:42: Train Epoch 27: 1080/1641 Loss: 0.307687
2026-08-17 18:42: Train Epoch 27: 1100/1641 Loss: 0.291740
2026-08-17 18:42: Train Epoch 27: 1120/1641 Loss: 0.295055
2026-08-17 18:42: Train Epoch 27: 1140/1641 Loss: 0.287939
2026-08-17 18:42: Train Epoch 27: 1160/1641 Loss: 0.346801
2026-08-17 18:42: Train Epoch 27: 1180/1641 Loss: 0.308616
2026-08-17 18:42: Train Epoch 27: 1200/1641 Loss: 0.297532
2026-08-17 18:42: Train Epoch 27: 1220/1641 Loss: 0.285312
2026-08-17 18:42: Train Epoch 27: 1240/1641 Loss: 0.321404
2026-08-17 18:42: Train Epoch 27: 1260/1641 Loss: 0.284938
2026-08-17 18:42: Train Epoch 27: 1280/1641 Loss: 0.297438
2026-08-17 18:42: Train Epoch 27: 1300/1641 Loss: 0.303621
2026-08-17 18:42: Train Epoch 27: 1320/1641 Loss: 0.293737
2026-08-17 18:42: Train Epoch 27: 1340/1641 Loss: 0.311661
2026-08-17 18:42: Train Epoch 27: 1360/1641 Loss: 0.310494
2026-08-17 18:42: Train Epoch 27: 1380/1641 Loss: 0.307615
2026-08-17 18:42: Train Epoch 27: 1400/1641 Loss: 0.289847
2026-08-17 18:42: Train Epoch 27: 1420/1641 Loss: 0.300572
2026-08-17 18:42: Train Epoch 27: 1440/1641 Loss: 0.320698
2026-08-17 18:42: Train Epoch 27: 1460/1641 Loss: 0.330491
2026-08-17 18:42: Train Epoch 27: 1480/1641 Loss: 0.313314
2026-08-17 18:42: Train Epoch 27: 1500/1641 Loss: 0.315140
2026-08-17 18:43: Train Epoch 27: 1520/1641 Loss: 0.303211
2026-08-17 18:43: Train Epoch 27: 1540/1641 Loss: 0.305526
2026-08-17 18:43: Train Epoch 27: 1560/1641 Loss: 0.305316
2026-08-17 18:43: Train Epoch 27: 1580/1641 Loss: 0.278131
2026-08-17 18:43: Train Epoch 27: 1600/1641 Loss: 0.296767
2026-08-17 18:43: Train Epoch 27: 1620/1641 Loss: 0.325891
2026-08-17 18:43: Train Epoch 27: 1640/1641 Loss: 0.321708
2026-08-17 18:43: **********Train Epoch 27: averaged Loss: 0.307285, tf_ratio: 1.000000
2026-08-17 18:43: **********Val Epoch 27: average Loss: 0.320577
2026-08-17 18:43: Train Epoch 28: 0/1641 Loss: 0.299154
2026-08-17 18:43: Train Epoch 28: 20/1641 Loss: 0.303465
2026-08-17 18:43: Train Epoch 28: 40/1641 Loss: 0.290518
2026-08-17 18:43: Train Epoch 28: 60/1641 Loss: 0.312522
2026-08-17 18:43: Train Epoch 28: 80/1641 Loss: 0.318816
2026-08-17 18:43: Train Epoch 28: 100/1641 Loss: 0.308988
2026-08-17 18:43: Train Epoch 28: 120/1641 Loss: 0.278389
2026-08-17 18:43: Train Epoch 28: 140/1641 Loss: 0.304851
2026-08-17 18:44: Train Epoch 28: 160/1641 Loss: 0.277400
2026-08-17 18:44: Train Epoch 28: 180/1641 Loss: 0.355731
2026-08-17 18:44: Train Epoch 28: 200/1641 Loss: 0.304300
2026-08-17 18:44: Train Epoch 28: 220/1641 Loss: 0.300906
2026-08-17 18:44: Train Epoch 28: 240/1641 Loss: 0.334396
2026-08-17 18:44: Train Epoch 28: 260/1641 Loss: 0.314575
2026-08-17 18:44: Train Epoch 28: 280/1641 Loss: 0.292322
2026-08-17 18:44: Train Epoch 28: 300/1641 Loss: 0.323493
2026-08-17 18:44: Train Epoch 28: 320/1641 Loss: 0.290968
2026-08-17 18:44: Train Epoch 28: 340/1641 Loss: 0.290593
2026-08-17 18:44: Train Epoch 28: 360/1641 Loss: 0.304001
2026-08-17 18:44: Train Epoch 28: 380/1641 Loss: 0.291471
2026-08-17 18:44: Train Epoch 28: 400/1641 Loss: 0.289790
2026-08-17 18:44: Train Epoch 28: 420/1641 Loss: 0.327832
2026-08-17 18:44: Train Epoch 28: 440/1641 Loss: 0.308630
2026-08-17 18:44: Train Epoch 28: 460/1641 Loss: 0.307793
2026-08-17 18:44: Train Epoch 28: 480/1641 Loss: 0.304621
2026-08-17 18:44: Train Epoch 28: 500/1641 Loss: 0.330219
2026-08-17 18:44: Train Epoch 28: 520/1641 Loss: 0.317852
2026-08-17 18:44: Train Epoch 28: 540/1641 Loss: 0.317805
2026-08-17 18:44: Train Epoch 28: 560/1641 Loss: 0.287024
2026-08-17 18:44: Train Epoch 28: 580/1641 Loss: 0.301701
2026-08-17 18:45: Train Epoch 28: 600/1641 Loss: 0.310637
2026-08-17 18:45: Train Epoch 28: 620/1641 Loss: 0.324010
2026-08-17 18:45: Train Epoch 28: 640/1641 Loss: 0.314159
2026-08-17 18:45: Train Epoch 28: 660/1641 Loss: 0.314329
2026-08-17 18:45: Train Epoch 28: 680/1641 Loss: 0.290862
2026-08-17 18:45: Train Epoch 28: 700/1641 Loss: 0.288667
2026-08-17 18:45: Train Epoch 28: 720/1641 Loss: 0.318203
2026-08-17 18:45: Train Epoch 28: 740/1641 Loss: 0.314093
2026-08-17 18:45: Train Epoch 28: 760/1641 Loss: 0.312723
2026-08-17 18:45: Train Epoch 28: 780/1641 Loss: 0.306795
2026-08-17 18:45: Train Epoch 28: 800/1641 Loss: 0.303730
2026-08-17 18:45: Train Epoch 28: 820/1641 Loss: 0.296500
2026-08-17 18:45: Train Epoch 28: 840/1641 Loss: 0.279159
2026-08-17 18:45: Train Epoch 28: 860/1641 Loss: 0.293592
2026-08-17 18:45: Train Epoch 28: 880/1641 Loss: 0.303125
2026-08-17 18:45: Train Epoch 28: 900/1641 Loss: 0.298073
2026-08-17 18:45: Train Epoch 28: 920/1641 Loss: 0.311663
2026-08-17 18:45: Train Epoch 28: 940/1641 Loss: 0.318274
2026-08-17 18:45: Train Epoch 28: 960/1641 Loss: 0.311856
2026-08-17 18:45: Train Epoch 28: 980/1641 Loss: 0.310529
2026-08-17 18:45: Train Epoch 28: 1000/1641 Loss: 0.321811
2026-08-17 18:45: Train Epoch 28: 1020/1641 Loss: 0.314807
2026-08-17 18:46: Train Epoch 28: 1040/1641 Loss: 0.323438
2026-08-17 18:46: Train Epoch 28: 1060/1641 Loss: 0.295437
2026-08-17 18:46: Train Epoch 28: 1080/1641 Loss: 0.301983
2026-08-17 18:46: Train Epoch 28: 1100/1641 Loss: 0.286755
2026-08-17 18:46: Train Epoch 28: 1120/1641 Loss: 0.334201
2026-08-17 18:46: Train Epoch 28: 1140/1641 Loss: 0.322847
2026-08-17 18:46: Train Epoch 28: 1160/1641 Loss: 0.330209
2026-08-17 18:46: Train Epoch 28: 1180/1641 Loss: 0.290988
2026-08-17 18:46: Train Epoch 28: 1200/1641 Loss: 0.288050
2026-08-17 18:46: Train Epoch 28: 1220/1641 Loss: 0.280185
2026-08-17 18:46: Train Epoch 28: 1240/1641 Loss: 0.292880
2026-08-17 18:46: Train Epoch 28: 1260/1641 Loss: 0.280701
2026-08-17 18:46: Train Epoch 28: 1280/1641 Loss: 0.293588
2026-08-17 18:46: Train Epoch 28: 1300/1641 Loss: 0.287868
2026-08-17 18:46: Train Epoch 28: 1320/1641 Loss: 0.327585
2026-08-17 18:46: Train Epoch 28: 1340/1641 Loss: 0.315391
2026-08-17 18:46: Train Epoch 28: 1360/1641 Loss: 0.302673
2026-08-17 18:46: Train Epoch 28: 1380/1641 Loss: 0.293301
2026-08-17 18:46: Train Epoch 28: 1400/1641 Loss: 0.310554
2026-08-17 18:46: Train Epoch 28: 1420/1641 Loss: 0.279154
2026-08-17 18:46: Train Epoch 28: 1440/1641 Loss: 0.303570
2026-08-17 18:46: Train Epoch 28: 1460/1641 Loss: 0.296736
2026-08-17 18:47: Train Epoch 28: 1480/1641 Loss: 0.316518
2026-08-17 18:47: Train Epoch 28: 1500/1641 Loss: 0.277726
2026-08-17 18:47: Train Epoch 28: 1520/1641 Loss: 0.295417
2026-08-17 18:47: Train Epoch 28: 1540/1641 Loss: 0.319272
2026-08-17 18:47: Train Epoch 28: 1560/1641 Loss: 0.315688
2026-08-17 18:47: Train Epoch 28: 1580/1641 Loss: 0.304968
2026-08-17 18:47: Train Epoch 28: 1600/1641 Loss: 0.304951
2026-08-17 18:47: Train Epoch 28: 1620/1641 Loss: 0.323132
2026-08-17 18:47: Train Epoch 28: 1640/1641 Loss: 0.308137
2026-08-17 18:47: **********Train Epoch 28: averaged Loss: 0.306294, tf_ratio: 1.000000
2026-08-17 18:47: **********Val Epoch 28: average Loss: 0.315573
2026-08-17 18:47: *********************************Current best model saved!
2026-08-17 18:47: Train Epoch 29: 0/1641 Loss: 0.308453
2026-08-17 18:47: Train Epoch 29: 20/1641 Loss: 0.299781
2026-08-17 18:47: Train Epoch 29: 40/1641 Loss: 0.286677
2026-08-17 18:47: Train Epoch 29: 60/1641 Loss: 0.350077
2026-08-17 18:47: Train Epoch 29: 80/1641 Loss: 0.314422
2026-08-17 18:47: Train Epoch 29: 100/1641 Loss: 0.289452
2026-08-17 18:48: Train Epoch 29: 120/1641 Loss: 0.269408
2026-08-17 18:48: Train Epoch 29: 140/1641 Loss: 0.303429
2026-08-17 18:48: Train Epoch 29: 160/1641 Loss: 0.308432
2026-08-17 18:48: Train Epoch 29: 180/1641 Loss: 0.289249
2026-08-17 18:48: Train Epoch 29: 200/1641 Loss: 0.300421
2026-08-17 18:48: Train Epoch 29: 220/1641 Loss: 0.291981
2026-08-17 18:48: Train Epoch 29: 240/1641 Loss: 0.282770
2026-08-17 18:48: Train Epoch 29: 260/1641 Loss: 0.314211
2026-08-17 18:48: Train Epoch 29: 280/1641 Loss: 0.280219
2026-08-17 18:48: Train Epoch 29: 300/1641 Loss: 0.333412
2026-08-17 18:48: Train Epoch 29: 320/1641 Loss: 0.334046
2026-08-17 18:48: Train Epoch 29: 340/1641 Loss: 0.307070
2026-08-17 18:48: Train Epoch 29: 360/1641 Loss: 0.307054
2026-08-17 18:48: Train Epoch 29: 380/1641 Loss: 0.304302
2026-08-17 18:48: Train Epoch 29: 400/1641 Loss: 0.334221
2026-08-17 18:48: Train Epoch 29: 420/1641 Loss: 0.314764
2026-08-17 18:48: Train Epoch 29: 440/1641 Loss: 0.283082
2026-08-17 18:48: Train Epoch 29: 460/1641 Loss: 0.284472
2026-08-17 18:48: Train Epoch 29: 480/1641 Loss: 0.299580
2026-08-17 18:48: Train Epoch 29: 500/1641 Loss: 0.309819
2026-08-17 18:48: Train Epoch 29: 520/1641 Loss: 0.310160
2026-08-17 18:48: Train Epoch 29: 540/1641 Loss: 0.292231
2026-08-17 18:49: Train Epoch 29: 560/1641 Loss: 0.295159
2026-08-17 18:49: Train Epoch 29: 580/1641 Loss: 0.306048
2026-08-17 18:49: Train Epoch 29: 600/1641 Loss: 0.296127
2026-08-17 18:49: Train Epoch 29: 620/1641 Loss: 0.290442
2026-08-17 18:49: Train Epoch 29: 640/1641 Loss: 0.295389
2026-08-17 18:49: Train Epoch 29: 660/1641 Loss: 0.310301
2026-08-17 18:49: Train Epoch 29: 680/1641 Loss: 0.296844
2026-08-17 18:49: Train Epoch 29: 700/1641 Loss: 0.313128
2026-08-17 18:49: Train Epoch 29: 720/1641 Loss: 0.317381
2026-08-17 18:49: Train Epoch 29: 740/1641 Loss: 0.310004
2026-08-17 18:49: Train Epoch 29: 760/1641 Loss: 0.309388
2026-08-17 18:49: Train Epoch 29: 780/1641 Loss: 0.278637
2026-08-17 18:49: Train Epoch 29: 800/1641 Loss: 0.317397
2026-08-17 18:49: Train Epoch 29: 820/1641 Loss: 0.323796
2026-08-17 18:49: Train Epoch 29: 840/1641 Loss: 0.310376
2026-08-17 18:49: Train Epoch 29: 860/1641 Loss: 0.314034
2026-08-17 18:49: Train Epoch 29: 880/1641 Loss: 0.290017
2026-08-17 18:49: Train Epoch 29: 900/1641 Loss: 0.295512
2026-08-17 18:49: Train Epoch 29: 920/1641 Loss: 0.290096
2026-08-17 18:49: Train Epoch 29: 940/1641 Loss: 0.304903
2026-08-17 18:49: Train Epoch 29: 960/1641 Loss: 0.306781
2026-08-17 18:49: Train Epoch 29: 980/1641 Loss: 0.315877
2026-08-17 18:50: Train Epoch 29: 1000/1641 Loss: 0.288841
2026-08-17 18:50: Train Epoch 29: 1020/1641 Loss: 0.319207
2026-08-17 18:50: Train Epoch 29: 1040/1641 Loss: 0.281165
2026-08-17 18:50: Train Epoch 29: 1060/1641 Loss: 0.324470
2026-08-17 18:50: Train Epoch 29: 1080/1641 Loss: 0.309087
2026-08-17 18:50: Train Epoch 29: 1100/1641 Loss: 0.313197
2026-08-17 18:50: Train Epoch 29: 1120/1641 Loss: 0.297205
2026-08-17 18:50: Train Epoch 29: 1140/1641 Loss: 0.324133
2026-08-17 18:50: Train Epoch 29: 1160/1641 Loss: 0.287740
2026-08-17 18:50: Train Epoch 29: 1180/1641 Loss: 0.322161
2026-08-17 18:50: Train Epoch 29: 1200/1641 Loss: 0.295619
2026-08-17 18:50: Train Epoch 29: 1220/1641 Loss: 0.308129
2026-08-17 18:50: Train Epoch 29: 1240/1641 Loss: 0.304535
2026-08-17 18:50: Train Epoch 29: 1260/1641 Loss: 0.308369
2026-08-17 18:50: Train Epoch 29: 1280/1641 Loss: 0.297181
2026-08-17 18:50: Train Epoch 29: 1300/1641 Loss: 0.317861
2026-08-17 18:50: Train Epoch 29: 1320/1641 Loss: 0.335518
2026-08-17 18:50: Train Epoch 29: 1340/1641 Loss: 0.294921
2026-08-17 18:50: Train Epoch 29: 1360/1641 Loss: 0.294229
2026-08-17 18:50: Train Epoch 29: 1380/1641 Loss: 0.295642
2026-08-17 18:50: Train Epoch 29: 1400/1641 Loss: 0.276920
2026-08-17 18:51: Train Epoch 29: 1420/1641 Loss: 0.302007
2026-08-17 18:51: Train Epoch 29: 1440/1641 Loss: 0.324397
2026-08-17 18:51: Train Epoch 29: 1460/1641 Loss: 0.319860
2026-08-17 18:51: Train Epoch 29: 1480/1641 Loss: 0.303862
2026-08-17 18:51: Train Epoch 29: 1500/1641 Loss: 0.313310
2026-08-17 18:51: Train Epoch 29: 1520/1641 Loss: 0.352478
2026-08-17 18:51: Train Epoch 29: 1540/1641 Loss: 0.310806
2026-08-17 18:51: Train Epoch 29: 1560/1641 Loss: 0.323379
2026-08-17 18:51: Train Epoch 29: 1580/1641 Loss: 0.310068
2026-08-17 18:51: Train Epoch 29: 1600/1641 Loss: 0.324133
2026-08-17 18:51: Train Epoch 29: 1620/1641 Loss: 0.316994
2026-08-17 18:51: Train Epoch 29: 1640/1641 Loss: 0.311797
2026-08-17 18:51: **********Train Epoch 29: averaged Loss: 0.305279, tf_ratio: 1.000000
2026-08-17 18:51: **********Val Epoch 29: average Loss: 0.319109
2026-08-17 18:51: Train Epoch 30: 0/1641 Loss: 0.323138
2026-08-17 18:51: Train Epoch 30: 20/1641 Loss: 0.336565
2026-08-17 18:51: Train Epoch 30: 40/1641 Loss: 0.311794
2026-08-17 18:52: Train Epoch 30: 60/1641 Loss: 0.301152
2026-08-17 18:52: Train Epoch 30: 80/1641 Loss: 0.283108
2026-08-17 18:52: Train Epoch 30: 100/1641 Loss: 0.296617
2026-08-17 18:52: Train Epoch 30: 120/1641 Loss: 0.302064
2026-08-17 18:52: Train Epoch 30: 140/1641 Loss: 0.306373
2026-08-17 18:52: Train Epoch 30: 160/1641 Loss: 0.296182
2026-08-17 18:52: Train Epoch 30: 180/1641 Loss: 0.310976
2026-08-17 18:52: Train Epoch 30: 200/1641 Loss: 0.301190
2026-08-17 18:52: Train Epoch 30: 220/1641 Loss: 0.303652
2026-08-17 18:52: Train Epoch 30: 240/1641 Loss: 0.316843
2026-08-17 18:52: Train Epoch 30: 260/1641 Loss: 0.300143
2026-08-17 18:52: Train Epoch 30: 280/1641 Loss: 0.328325
2026-08-17 18:52: Train Epoch 30: 300/1641 Loss: 0.295728
2026-08-17 18:52: Train Epoch 30: 320/1641 Loss: 0.305962
2026-08-17 18:52: Train Epoch 30: 340/1641 Loss: 0.290741
2026-08-17 18:52: Train Epoch 30: 360/1641 Loss: 0.319887
2026-08-17 18:52: Train Epoch 30: 380/1641 Loss: 0.326631
2026-08-17 18:52: Train Epoch 30: 400/1641 Loss: 0.326697
2026-08-17 18:52: Train Epoch 30: 420/1641 Loss: 0.298425
2026-08-17 18:52: Train Epoch 30: 440/1641 Loss: 0.293707
2026-08-17 18:52: Train Epoch 30: 460/1641 Loss: 0.309087
2026-08-17 18:52: Train Epoch 30: 480/1641 Loss: 0.318232
2026-08-17 18:53: Train Epoch 30: 500/1641 Loss: 0.287038
2026-08-17 18:53: Train Epoch 30: 520/1641 Loss: 0.300868
2026-08-17 18:53: Train Epoch 30: 540/1641 Loss: 0.305258
2026-08-17 18:53: Train Epoch 30: 560/1641 Loss: 0.302757
2026-08-17 18:53: Train Epoch 30: 580/1641 Loss: 0.292204
2026-08-17 18:53: Train Epoch 30: 600/1641 Loss: 0.278787
2026-08-17 18:53: Train Epoch 30: 620/1641 Loss: 0.294188
2026-08-17 18:53: Train Epoch 30: 640/1641 Loss: 0.294960
2026-08-17 18:53: Train Epoch 30: 660/1641 Loss: 0.307785
2026-08-17 18:53: Train Epoch 30: 680/1641 Loss: 0.278486
2026-08-17 18:53: Train Epoch 30: 700/1641 Loss: 0.303193
2026-08-17 18:53: Train Epoch 30: 720/1641 Loss: 0.276365
2026-08-17 18:53: Train Epoch 30: 740/1641 Loss: 0.298236
2026-08-17 18:53: Train Epoch 30: 760/1641 Loss: 0.329744
2026-08-17 18:53: Train Epoch 30: 780/1641 Loss: 0.306929
2026-08-17 18:53: Train Epoch 30: 800/1641 Loss: 0.294906
2026-08-17 18:53: Train Epoch 30: 820/1641 Loss: 0.297136
2026-08-17 18:53: Train Epoch 30: 840/1641 Loss: 0.298254
2026-08-17 18:53: Train Epoch 30: 860/1641 Loss: 0.300358
2026-08-17 18:53: Train Epoch 30: 880/1641 Loss: 0.297139
2026-08-17 18:53: Train Epoch 30: 900/1641 Loss: 0.311882
2026-08-17 18:53: Train Epoch 30: 920/1641 Loss: 0.298328
2026-08-17 18:54: Train Epoch 30: 940/1641 Loss: 0.305294
2026-08-17 18:54: Train Epoch 30: 960/1641 Loss: 0.295011
2026-08-17 18:54: Train Epoch 30: 980/1641 Loss: 0.290206
2026-08-17 18:54: Train Epoch 30: 1000/1641 Loss: 0.317553
2026-08-17 18:54: Train Epoch 30: 1020/1641 Loss: 0.309197
2026-08-17 18:54: Train Epoch 30: 1040/1641 Loss: 0.303158
2026-08-17 18:54: Train Epoch 30: 1060/1641 Loss: 0.305595
2026-08-17 18:54: Train Epoch 30: 1080/1641 Loss: 0.307582
2026-08-17 18:54: Train Epoch 30: 1100/1641 Loss: 0.317733
2026-08-17 18:54: Train Epoch 30: 1120/1641 Loss: 0.325122
2026-08-17 18:54: Train Epoch 30: 1140/1641 Loss: 0.297165
2026-08-17 18:54: Train Epoch 30: 1160/1641 Loss: 0.297054
2026-08-17 18:54: Train Epoch 30: 1180/1641 Loss: 0.287065
2026-08-17 18:54: Train Epoch 30: 1200/1641 Loss: 0.294928
2026-08-17 18:54: Train Epoch 30: 1220/1641 Loss: 0.331780
2026-08-17 18:54: Train Epoch 30: 1240/1641 Loss: 0.317977
2026-08-17 18:54: Train Epoch 30: 1260/1641 Loss: 0.308685
2026-08-17 18:54: Train Epoch 30: 1280/1641 Loss: 0.296189
2026-08-17 18:54: Train Epoch 30: 1300/1641 Loss: 0.293978
2026-08-17 18:54: Train Epoch 30: 1320/1641 Loss: 0.317731
2026-08-17 18:54: Train Epoch 30: 1340/1641 Loss: 0.285370
2026-08-17 18:54: Train Epoch 30: 1360/1641 Loss: 0.272146
2026-08-17 18:55: Train Epoch 30: 1380/1641 Loss: 0.302277
2026-08-17 18:55: Train Epoch 30: 1400/1641 Loss: 0.288257
2026-08-17 18:55: Train Epoch 30: 1420/1641 Loss: 0.307968
2026-08-17 18:55: Train Epoch 30: 1440/1641 Loss: 0.299471
2026-08-17 18:55: Train Epoch 30: 1460/1641 Loss: 0.319523
2026-08-17 18:55: Train Epoch 30: 1480/1641 Loss: 0.305371
2026-08-17 18:55: Train Epoch 30: 1500/1641 Loss: 0.308588
2026-08-17 18:55: Train Epoch 30: 1520/1641 Loss: 0.308185
2026-08-17 18:55: Train Epoch 30: 1540/1641 Loss: 0.310517
2026-08-17 18:55: Train Epoch 30: 1560/1641 Loss: 0.286894
2026-08-17 18:55: Train Epoch 30: 1580/1641 Loss: 0.293746
2026-08-17 18:55: Train Epoch 30: 1600/1641 Loss: 0.284980
2026-08-17 18:55: Train Epoch 30: 1620/1641 Loss: 0.310390
2026-08-17 18:55: Train Epoch 30: 1640/1641 Loss: 0.302850
2026-08-17 18:55: **********Train Epoch 30: averaged Loss: 0.304323, tf_ratio: 1.000000
2026-08-17 18:55: **********Val Epoch 30: average Loss: 0.314441
2026-08-17 18:55: *********************************Current best model saved!
2026-08-17 18:55: Train Epoch 31: 0/1641 Loss: 0.288837
2026-08-17 18:56: Train Epoch 31: 20/1641 Loss: 0.326115
2026-08-17 18:56: Train Epoch 31: 40/1641 Loss: 0.305094
2026-08-17 18:56: Train Epoch 31: 60/1641 Loss: 0.308201
2026-08-17 18:56: Train Epoch 31: 80/1641 Loss: 0.307945
2026-08-17 18:56: Train Epoch 31: 100/1641 Loss: 0.327871
2026-08-17 18:56: Train Epoch 31: 120/1641 Loss: 0.283646
2026-08-17 18:56: Train Epoch 31: 140/1641 Loss: 0.294395
2026-08-17 18:56: Train Epoch 31: 160/1641 Loss: 0.298223
2026-08-17 18:56: Train Epoch 31: 180/1641 Loss: 0.313623
2026-08-17 18:56: Train Epoch 31: 200/1641 Loss: 0.311676
2026-08-17 18:56: Train Epoch 31: 220/1641 Loss: 0.328674
2026-08-17 18:56: Train Epoch 31: 240/1641 Loss: 0.299943
2026-08-17 18:56: Train Epoch 31: 260/1641 Loss: 0.287957
2026-08-17 18:56: Train Epoch 31: 280/1641 Loss: 0.283220
2026-08-17 18:56: Train Epoch 31: 300/1641 Loss: 0.299329
2026-08-17 18:56: Train Epoch 31: 320/1641 Loss: 0.308741
2026-08-17 18:56: Train Epoch 31: 340/1641 Loss: 0.315574
2026-08-17 18:56: Train Epoch 31: 360/1641 Loss: 0.308426
2026-08-17 18:56: Train Epoch 31: 380/1641 Loss: 0.293604
2026-08-17 18:56: Train Epoch 31: 400/1641 Loss: 0.306544
2026-08-17 18:56: Train Epoch 31: 420/1641 Loss: 0.287814
2026-08-17 18:56: Train Epoch 31: 440/1641 Loss: 0.311643
2026-08-17 18:57: Train Epoch 31: 460/1641 Loss: 0.303942
2026-08-17 18:57: Train Epoch 31: 480/1641 Loss: 0.301140
2026-08-17 18:57: Train Epoch 31: 500/1641 Loss: 0.311663
2026-08-17 18:57: Train Epoch 31: 520/1641 Loss: 0.292562
2026-08-17 18:57: Train Epoch 31: 540/1641 Loss: 0.315606
2026-08-17 18:57: Train Epoch 31: 560/1641 Loss: 0.296473
2026-08-17 18:57: Train Epoch 31: 580/1641 Loss: 0.290816
2026-08-17 18:57: Train Epoch 31: 600/1641 Loss: 0.306626
2026-08-17 18:57: Train Epoch 31: 620/1641 Loss: 0.312152
2026-08-17 18:57: Train Epoch 31: 640/1641 Loss: 0.291663
2026-08-17 18:57: Train Epoch 31: 660/1641 Loss: 0.311941
2026-08-17 18:57: Train Epoch 31: 680/1641 Loss: 0.341494
2026-08-17 18:57: Train Epoch 31: 700/1641 Loss: 0.300691
2026-08-17 18:57: Train Epoch 31: 720/1641 Loss: 0.296774
2026-08-17 18:57: Train Epoch 31: 740/1641 Loss: 0.311393
2026-08-17 18:57: Train Epoch 31: 760/1641 Loss: 0.333177
2026-08-17 18:57: Train Epoch 31: 780/1641 Loss: 0.290203
2026-08-17 18:57: Train Epoch 31: 800/1641 Loss: 0.309229
2026-08-17 18:57: Train Epoch 31: 820/1641 Loss: 0.285514
2026-08-17 18:57: Train Epoch 31: 840/1641 Loss: 0.296926
2026-08-17 18:57: Train Epoch 31: 860/1641 Loss: 0.309515
2026-08-17 18:58: Train Epoch 31: 880/1641 Loss: 0.319060
2026-08-17 18:58: Train Epoch 31: 900/1641 Loss: 0.323268
2026-08-17 18:58: Train Epoch 31: 920/1641 Loss: 0.290095
2026-08-17 18:58: Train Epoch 31: 940/1641 Loss: 0.323152
2026-08-17 18:58: Train Epoch 31: 960/1641 Loss: 0.292343
2026-08-17 18:58: Train Epoch 31: 980/1641 Loss: 0.295668
2026-08-17 18:58: Train Epoch 31: 1000/1641 Loss: 0.283557
2026-08-17 18:58: Train Epoch 31: 1020/1641 Loss: 0.296676
2026-08-17 18:58: Train Epoch 31: 1040/1641 Loss: 0.312193
2026-08-17 18:58: Train Epoch 31: 1060/1641 Loss: 0.292944
2026-08-17 18:58: Train Epoch 31: 1080/1641 Loss: 0.277784
2026-08-17 18:58: Train Epoch 31: 1100/1641 Loss: 0.284531
2026-08-17 18:58: Train Epoch 31: 1120/1641 Loss: 0.320747
2026-08-17 18:58: Train Epoch 31: 1140/1641 Loss: 0.289783
2026-08-17 18:58: Train Epoch 31: 1160/1641 Loss: 0.286791
2026-08-17 18:58: Train Epoch 31: 1180/1641 Loss: 0.324933
2026-08-17 18:58: Train Epoch 31: 1200/1641 Loss: 0.298032
2026-08-17 18:58: Train Epoch 31: 1220/1641 Loss: 0.283791
2026-08-17 18:58: Train Epoch 31: 1240/1641 Loss: 0.287496
2026-08-17 18:58: Train Epoch 31: 1260/1641 Loss: 0.293760
2026-08-17 18:58: Train Epoch 31: 1280/1641 Loss: 0.305194
2026-08-17 18:58: Train Epoch 31: 1300/1641 Loss: 0.316513
2026-08-17 18:59: Train Epoch 31: 1320/1641 Loss: 0.306862
2026-08-17 18:59: Train Epoch 31: 1340/1641 Loss: 0.277848
2026-08-17 18:59: Train Epoch 31: 1360/1641 Loss: 0.322912
2026-08-17 18:59: Train Epoch 31: 1380/1641 Loss: 0.293853
2026-08-17 18:59: Train Epoch 31: 1400/1641 Loss: 0.319836
2026-08-17 18:59: Train Epoch 31: 1420/1641 Loss: 0.291264
2026-08-17 18:59: Train Epoch 31: 1440/1641 Loss: 0.272978
2026-08-17 18:59: Train Epoch 31: 1460/1641 Loss: 0.290603
2026-08-17 18:59: Train Epoch 31: 1480/1641 Loss: 0.280328
2026-08-17 18:59: Train Epoch 31: 1500/1641 Loss: 0.314703
2026-08-17 18:59: Train Epoch 31: 1520/1641 Loss: 0.313649
2026-08-17 18:59: Train Epoch 31: 1540/1641 Loss: 0.299717
2026-08-17 18:59: Train Epoch 31: 1560/1641 Loss: 0.289708
2026-08-17 18:59: Train Epoch 31: 1580/1641 Loss: 0.308268
2026-08-17 18:59: Train Epoch 31: 1600/1641 Loss: 0.299297
2026-08-17 18:59: Train Epoch 31: 1620/1641 Loss: 0.316520
2026-08-17 18:59: Train Epoch 31: 1640/1641 Loss: 0.284676
2026-08-17 18:59: **********Train Epoch 31: averaged Loss: 0.303345, tf_ratio: 1.000000
2026-08-17 19:00: **********Val Epoch 31: average Loss: 0.316362
2026-08-17 19:00: Train Epoch 32: 0/1641 Loss: 0.288708
2026-08-17 19:00: Train Epoch 32: 20/1641 Loss: 0.305442
2026-08-17 19:00: Train Epoch 32: 40/1641 Loss: 0.301280
2026-08-17 19:00: Train Epoch 32: 60/1641 Loss: 0.313723
2026-08-17 19:00: Train Epoch 32: 80/1641 Loss: 0.313868
2026-08-17 19:00: Train Epoch 32: 100/1641 Loss: 0.289408
2026-08-17 19:00: Train Epoch 32: 120/1641 Loss: 0.312008
2026-08-17 19:00: Train Epoch 32: 140/1641 Loss: 0.284892
2026-08-17 19:00: Train Epoch 32: 160/1641 Loss: 0.308278
2026-08-17 19:00: Train Epoch 32: 180/1641 Loss: 0.292362
2026-08-17 19:00: Train Epoch 32: 200/1641 Loss: 0.298624
2026-08-17 19:00: Train Epoch 32: 220/1641 Loss: 0.299841
2026-08-17 19:00: Train Epoch 32: 240/1641 Loss: 0.296014
2026-08-17 19:00: Train Epoch 32: 260/1641 Loss: 0.313804
2026-08-17 19:00: Train Epoch 32: 280/1641 Loss: 0.309956
2026-08-17 19:00: Train Epoch 32: 300/1641 Loss: 0.312540
2026-08-17 19:00: Train Epoch 32: 320/1641 Loss: 0.314092
2026-08-17 19:00: Train Epoch 32: 340/1641 Loss: 0.301382
2026-08-17 19:00: Train Epoch 32: 360/1641 Loss: 0.284575
2026-08-17 19:00: Train Epoch 32: 380/1641 Loss: 0.293962
2026-08-17 19:01: Train Epoch 32: 400/1641 Loss: 0.311196
2026-08-17 19:01: Train Epoch 32: 420/1641 Loss: 0.286730
2026-08-17 19:01: Train Epoch 32: 440/1641 Loss: 0.332852
2026-08-17 19:01: Train Epoch 32: 460/1641 Loss: 0.312839
2026-08-17 19:01: Train Epoch 32: 480/1641 Loss: 0.300684
2026-08-17 19:01: Train Epoch 32: 500/1641 Loss: 0.296549
2026-08-17 19:01: Train Epoch 32: 520/1641 Loss: 0.305602
2026-08-17 19:01: Train Epoch 32: 540/1641 Loss: 0.304233
2026-08-17 19:01: Train Epoch 32: 560/1641 Loss: 0.284805
2026-08-17 19:01: Train Epoch 32: 580/1641 Loss: 0.326370
2026-08-17 19:01: Train Epoch 32: 600/1641 Loss: 0.315291
2026-08-17 19:01: Train Epoch 32: 620/1641 Loss: 0.337478
2026-08-17 19:01: Train Epoch 32: 640/1641 Loss: 0.312387
2026-08-17 19:01: Train Epoch 32: 660/1641 Loss: 0.323105
2026-08-17 19:01: Train Epoch 32: 680/1641 Loss: 0.305780
2026-08-17 19:01: Train Epoch 32: 700/1641 Loss: 0.305990
2026-08-17 19:01: Train Epoch 32: 720/1641 Loss: 0.292705
2026-08-17 19:01: Train Epoch 32: 740/1641 Loss: 0.296320
2026-08-17 19:01: Train Epoch 32: 760/1641 Loss: 0.303404
2026-08-17 19:01: Train Epoch 32: 780/1641 Loss: 0.310548
2026-08-17 19:01: Train Epoch 32: 800/1641 Loss: 0.319511
2026-08-17 19:01: Train Epoch 32: 820/1641 Loss: 0.297238
2026-08-17 19:01: Train Epoch 32: 840/1641 Loss: 0.278780
2026-08-17 19:02: Train Epoch 32: 860/1641 Loss: 0.328363
2026-08-17 19:02: Train Epoch 32: 880/1641 Loss: 0.297726
2026-08-17 19:02: Train Epoch 32: 900/1641 Loss: 0.290339
2026-08-17 19:02: Train Epoch 32: 920/1641 Loss: 0.323868
2026-08-17 19:02: Train Epoch 32: 940/1641 Loss: 0.289275
2026-08-17 19:02: Train Epoch 32: 960/1641 Loss: 0.302339
2026-08-17 19:02: Train Epoch 32: 980/1641 Loss: 0.297882
2026-08-17 19:02: Train Epoch 32: 1000/1641 Loss: 0.287496
2026-08-17 19:02: Train Epoch 32: 1020/1641 Loss: 0.302043
2026-08-17 19:02: Train Epoch 32: 1040/1641 Loss: 0.286750
2026-08-17 19:02: Train Epoch 32: 1060/1641 Loss: 0.296946
2026-08-17 19:02: Train Epoch 32: 1080/1641 Loss: 0.305985
2026-08-17 19:02: Train Epoch 32: 1100/1641 Loss: 0.318055
2026-08-17 19:02: Train Epoch 32: 1120/1641 Loss: 0.320401
2026-08-17 19:02: Train Epoch 32: 1140/1641 Loss: 0.285922
2026-08-17 19:02: Train Epoch 32: 1160/1641 Loss: 0.280983
2026-08-17 19:02: Train Epoch 32: 1180/1641 Loss: 0.293595
2026-08-17 19:02: Train Epoch 32: 1200/1641 Loss: 0.295399
2026-08-17 19:02: Train Epoch 32: 1220/1641 Loss: 0.301101
2026-08-17 19:02: Train Epoch 32: 1240/1641 Loss: 0.288373
2026-08-17 19:02: Train Epoch 32: 1260/1641 Loss: 0.319297
2026-08-17 19:02: Train Epoch 32: 1280/1641 Loss: 0.298673
2026-08-17 19:03: Train Epoch 32: 1300/1641 Loss: 0.323863
2026-08-17 19:03: Train Epoch 32: 1320/1641 Loss: 0.295068
2026-08-17 19:03: Train Epoch 32: 1340/1641 Loss: 0.306985
2026-08-17 19:03: Train Epoch 32: 1360/1641 Loss: 0.288874
2026-08-17 19:03: Train Epoch 32: 1380/1641 Loss: 0.284227
2026-08-17 19:03: Train Epoch 32: 1400/1641 Loss: 0.300654
2026-08-17 19:03: Train Epoch 32: 1420/1641 Loss: 0.314015
2026-08-17 19:03: Train Epoch 32: 1440/1641 Loss: 0.300563
2026-08-17 19:03: Train Epoch 32: 1460/1641 Loss: 0.303423
2026-08-17 19:03: Train Epoch 32: 1480/1641 Loss: 0.313017
2026-08-17 19:03: Train Epoch 32: 1500/1641 Loss: 0.292147
2026-08-17 19:03: Train Epoch 32: 1520/1641 Loss: 0.305677
2026-08-17 19:03: Train Epoch 32: 1540/1641 Loss: 0.337091
2026-08-17 19:03: Train Epoch 32: 1560/1641 Loss: 0.320691
2026-08-17 19:03: Train Epoch 32: 1580/1641 Loss: 0.312609
2026-08-17 19:03: Train Epoch 32: 1600/1641 Loss: 0.307634
2026-08-17 19:03: Train Epoch 32: 1620/1641 Loss: 0.319093
2026-08-17 19:03: Train Epoch 32: 1640/1641 Loss: 0.289126
2026-08-17 19:03: **********Train Epoch 32: averaged Loss: 0.302522, tf_ratio: 1.000000
2026-08-17 19:04: **********Val Epoch 32: average Loss: 0.316998
2026-08-17 19:04: Train Epoch 33: 0/1641 Loss: 0.316917
2026-08-17 19:04: Train Epoch 33: 20/1641 Loss: 0.312940
2026-08-17 19:04: Train Epoch 33: 40/1641 Loss: 0.290343
2026-08-17 19:04: Train Epoch 33: 60/1641 Loss: 0.300330
2026-08-17 19:04: Train Epoch 33: 80/1641 Loss: 0.307823
2026-08-17 19:04: Train Epoch 33: 100/1641 Loss: 0.298753
2026-08-17 19:04: Train Epoch 33: 120/1641 Loss: 0.288020
2026-08-17 19:04: Train Epoch 33: 140/1641 Loss: 0.300647
2026-08-17 19:04: Train Epoch 33: 160/1641 Loss: 0.317510
2026-08-17 19:04: Train Epoch 33: 180/1641 Loss: 0.311009
2026-08-17 19:04: Train Epoch 33: 200/1641 Loss: 0.302539
2026-08-17 19:04: Train Epoch 33: 220/1641 Loss: 0.330903
2026-08-17 19:04: Train Epoch 33: 240/1641 Loss: 0.329084
2026-08-17 19:04: Train Epoch 33: 260/1641 Loss: 0.306739
2026-08-17 19:04: Train Epoch 33: 280/1641 Loss: 0.293603
2026-08-17 19:04: Train Epoch 33: 300/1641 Loss: 0.298363
2026-08-17 19:04: Train Epoch 33: 320/1641 Loss: 0.309263
2026-08-17 19:04: Train Epoch 33: 340/1641 Loss: 0.284765
2026-08-17 19:04: Train Epoch 33: 360/1641 Loss: 0.284950
2026-08-17 19:05: Train Epoch 33: 380/1641 Loss: 0.287964
2026-08-17 19:05: Train Epoch 33: 400/1641 Loss: 0.287544
2026-08-17 19:05: Train Epoch 33: 420/1641 Loss: 0.313873
2026-08-17 19:05: Train Epoch 33: 440/1641 Loss: 0.305869
2026-08-17 19:05: Train Epoch 33: 460/1641 Loss: 0.307509
2026-08-17 19:05: Train Epoch 33: 480/1641 Loss: 0.305401
2026-08-17 19:05: Train Epoch 33: 500/1641 Loss: 0.299077
2026-08-17 19:05: Train Epoch 33: 520/1641 Loss: 0.309352
2026-08-17 19:05: Train Epoch 33: 540/1641 Loss: 0.285219
2026-08-17 19:05: Train Epoch 33: 560/1641 Loss: 0.285293
2026-08-17 19:05: Train Epoch 33: 580/1641 Loss: 0.314635
2026-08-17 19:05: Train Epoch 33: 600/1641 Loss: 0.321297
2026-08-17 19:05: Train Epoch 33: 620/1641 Loss: 0.298536
2026-08-17 19:05: Train Epoch 33: 640/1641 Loss: 0.312471
2026-08-17 19:05: Train Epoch 33: 660/1641 Loss: 0.294222
2026-08-17 19:05: Train Epoch 33: 680/1641 Loss: 0.306709
2026-08-17 19:05: Train Epoch 33: 700/1641 Loss: 0.295748
2026-08-17 19:05: Train Epoch 33: 720/1641 Loss: 0.300734
2026-08-17 19:05: Train Epoch 33: 740/1641 Loss: 0.311824
2026-08-17 19:05: Train Epoch 33: 760/1641 Loss: 0.333029
2026-08-17 19:05: Train Epoch 33: 780/1641 Loss: 0.288825
2026-08-17 19:05: Train Epoch 33: 800/1641 Loss: 0.312189
2026-08-17 19:06: Train Epoch 33: 820/1641 Loss: 0.299613
2026-08-17 19:06: Train Epoch 33: 840/1641 Loss: 0.287076
2026-08-17 19:06: Train Epoch 33: 860/1641 Loss: 0.298590
2026-08-17 19:06: Train Epoch 33: 880/1641 Loss: 0.311926
2026-08-17 19:06: Train Epoch 33: 900/1641 Loss: 0.309256
2026-08-17 19:06: Train Epoch 33: 920/1641 Loss: 0.280417
2026-08-17 19:06: Train Epoch 33: 940/1641 Loss: 0.300100
2026-08-17 19:06: Train Epoch 33: 960/1641 Loss: 0.284795
2026-08-17 19:06: Train Epoch 33: 980/1641 Loss: 0.295940
2026-08-17 19:06: Train Epoch 33: 1000/1641 Loss: 0.284789
2026-08-17 19:06: Train Epoch 33: 1020/1641 Loss: 0.284318
2026-08-17 19:06: Train Epoch 33: 1040/1641 Loss: 0.294782
2026-08-17 19:06: Train Epoch 33: 1060/1641 Loss: 0.308099
2026-08-17 19:06: Train Epoch 33: 1080/1641 Loss: 0.314642
2026-08-17 19:06: Train Epoch 33: 1100/1641 Loss: 0.291994
2026-08-17 19:06: Train Epoch 33: 1120/1641 Loss: 0.312075
2026-08-17 19:06: Train Epoch 33: 1140/1641 Loss: 0.301197
2026-08-17 19:06: Train Epoch 33: 1160/1641 Loss: 0.286273
2026-08-17 19:06: Train Epoch 33: 1180/1641 Loss: 0.293860
2026-08-17 19:06: Train Epoch 33: 1200/1641 Loss: 0.322773
2026-08-17 19:06: Train Epoch 33: 1220/1641 Loss: 0.303031
2026-08-17 19:06: Train Epoch 33: 1240/1641 Loss: 0.296065
2026-08-17 19:07: Train Epoch 33: 1260/1641 Loss: 0.304699
2026-08-17 19:07: Train Epoch 33: 1280/1641 Loss: 0.279977
2026-08-17 19:07: Train Epoch 33: 1300/1641 Loss: 0.299524
2026-08-17 19:07: Train Epoch 33: 1320/1641 Loss: 0.301207
2026-08-17 19:07: Train Epoch 33: 1340/1641 Loss: 0.296403
2026-08-17 19:07: Train Epoch 33: 1360/1641 Loss: 0.327616
2026-08-17 19:07: Train Epoch 33: 1380/1641 Loss: 0.309057
2026-08-17 19:07: Train Epoch 33: 1400/1641 Loss: 0.294951
2026-08-17 19:07: Train Epoch 33: 1420/1641 Loss: 0.291920
2026-08-17 19:07: Train Epoch 33: 1440/1641 Loss: 0.303663
2026-08-17 19:07: Train Epoch 33: 1460/1641 Loss: 0.302102
2026-08-17 19:07: Train Epoch 33: 1480/1641 Loss: 0.309255
2026-08-17 19:07: Train Epoch 33: 1500/1641 Loss: 0.297285
2026-08-17 19:07: Train Epoch 33: 1520/1641 Loss: 0.290902
2026-08-17 19:07: Train Epoch 33: 1540/1641 Loss: 0.330582
2026-08-17 19:07: Train Epoch 33: 1560/1641 Loss: 0.296837
2026-08-17 19:07: Train Epoch 33: 1580/1641 Loss: 0.306997
2026-08-17 19:07: Train Epoch 33: 1600/1641 Loss: 0.302255
2026-08-17 19:07: Train Epoch 33: 1620/1641 Loss: 0.289151
2026-08-17 19:07: Train Epoch 33: 1640/1641 Loss: 0.291816
2026-08-17 19:07: **********Train Epoch 33: averaged Loss: 0.301484, tf_ratio: 1.000000
2026-08-17 19:08: **********Val Epoch 33: average Loss: 0.315487
2026-08-17 19:08: Train Epoch 34: 0/1641 Loss: 0.316089
2026-08-17 19:08: Train Epoch 34: 20/1641 Loss: 0.308147
2026-08-17 19:08: Train Epoch 34: 40/1641 Loss: 0.310474
2026-08-17 19:08: Train Epoch 34: 60/1641 Loss: 0.294980
2026-08-17 19:08: Train Epoch 34: 80/1641 Loss: 0.282366
2026-08-17 19:08: Train Epoch 34: 100/1641 Loss: 0.293588
2026-08-17 19:08: Train Epoch 34: 120/1641 Loss: 0.294549
2026-08-17 19:08: Train Epoch 34: 140/1641 Loss: 0.316790
2026-08-17 19:08: Train Epoch 34: 160/1641 Loss: 0.310579
2026-08-17 19:08: Train Epoch 34: 180/1641 Loss: 0.330861
2026-08-17 19:08: Train Epoch 34: 200/1641 Loss: 0.307283
2026-08-17 19:08: Train Epoch 34: 220/1641 Loss: 0.300270
2026-08-17 19:08: Train Epoch 34: 240/1641 Loss: 0.289019
2026-08-17 19:08: Train Epoch 34: 260/1641 Loss: 0.310760
2026-08-17 19:08: Train Epoch 34: 280/1641 Loss: 0.302666
2026-08-17 19:08: Train Epoch 34: 300/1641 Loss: 0.311276
2026-08-17 19:08: Train Epoch 34: 320/1641 Loss: 0.301932
2026-08-17 19:09: Train Epoch 34: 340/1641 Loss: 0.318821
2026-08-17 19:09: Train Epoch 34: 360/1641 Loss: 0.312360
2026-08-17 19:09: Train Epoch 34: 380/1641 Loss: 0.297456
2026-08-17 19:09: Train Epoch 34: 400/1641 Loss: 0.286309
2026-08-17 19:09: Train Epoch 34: 420/1641 Loss: 0.290625
2026-08-17 19:09: Train Epoch 34: 440/1641 Loss: 0.290592
2026-08-17 19:09: Train Epoch 34: 460/1641 Loss: 0.307402
2026-08-17 19:09: Train Epoch 34: 480/1641 Loss: 0.309165
2026-08-17 19:09: Train Epoch 34: 500/1641 Loss: 0.316051
2026-08-17 19:09: Train Epoch 34: 520/1641 Loss: 0.308299
2026-08-17 19:09: Train Epoch 34: 540/1641 Loss: 0.295663
2026-08-17 19:09: Train Epoch 34: 560/1641 Loss: 0.300683
2026-08-17 19:09: Train Epoch 34: 580/1641 Loss: 0.299303
2026-08-17 19:09: Train Epoch 34: 600/1641 Loss: 0.292790
2026-08-17 19:09: Train Epoch 34: 620/1641 Loss: 0.298219
2026-08-17 19:09: Train Epoch 34: 640/1641 Loss: 0.277915
2026-08-17 19:09: Train Epoch 34: 660/1641 Loss: 0.317990
2026-08-17 19:09: Train Epoch 34: 680/1641 Loss: 0.317338
2026-08-17 19:09: Train Epoch 34: 700/1641 Loss: 0.279533
2026-08-17 19:09: Train Epoch 34: 720/1641 Loss: 0.304589
2026-08-17 19:09: Train Epoch 34: 740/1641 Loss: 0.304868
2026-08-17 19:09: Train Epoch 34: 760/1641 Loss: 0.296717
2026-08-17 19:10: Train Epoch 34: 780/1641 Loss: 0.306790
2026-08-17 19:10: Train Epoch 34: 800/1641 Loss: 0.311371
2026-08-17 19:10: Train Epoch 34: 820/1641 Loss: 0.276901
2026-08-17 19:10: Train Epoch 34: 840/1641 Loss: 0.343283
2026-08-17 19:10: Train Epoch 34: 860/1641 Loss: 0.296156
2026-08-17 19:10: Train Epoch 34: 880/1641 Loss: 0.281554
2026-08-17 19:10: Train Epoch 34: 900/1641 Loss: 0.310581
2026-08-17 19:10: Train Epoch 34: 920/1641 Loss: 0.302718
2026-08-17 19:10: Train Epoch 34: 940/1641 Loss: 0.283251
2026-08-17 19:10: Train Epoch 34: 960/1641 Loss: 0.291179
2026-08-17 19:10: Train Epoch 34: 980/1641 Loss: 0.276861
2026-08-17 19:10: Train Epoch 34: 1000/1641 Loss: 0.283515
2026-08-17 19:10: Train Epoch 34: 1020/1641 Loss: 0.339849
2026-08-17 19:10: Train Epoch 34: 1040/1641 Loss: 0.311241
2026-08-17 19:10: Train Epoch 34: 1060/1641 Loss: 0.311447
2026-08-17 19:10: Train Epoch 34: 1080/1641 Loss: 0.291809
2026-08-17 19:10: Train Epoch 34: 1100/1641 Loss: 0.311958
2026-08-17 19:10: Train Epoch 34: 1120/1641 Loss: 0.305620
2026-08-17 19:10: Train Epoch 34: 1140/1641 Loss: 0.294292
2026-08-17 19:10: Train Epoch 34: 1160/1641 Loss: 0.293952
2026-08-17 19:10: Train Epoch 34: 1180/1641 Loss: 0.286969
2026-08-17 19:10: Train Epoch 34: 1200/1641 Loss: 0.287655
2026-08-17 19:10: Train Epoch 34: 1220/1641 Loss: 0.291629
2026-08-17 19:11: Train Epoch 34: 1240/1641 Loss: 0.322380
2026-08-17 19:11: Train Epoch 34: 1260/1641 Loss: 0.307513
2026-08-17 19:11: Train Epoch 34: 1280/1641 Loss: 0.298558
2026-08-17 19:11: Train Epoch 34: 1300/1641 Loss: 0.319858
2026-08-17 19:11: Train Epoch 34: 1320/1641 Loss: 0.302251
2026-08-17 19:11: Train Epoch 34: 1340/1641 Loss: 0.298514
2026-08-17 19:11: Train Epoch 34: 1360/1641 Loss: 0.319623
2026-08-17 19:11: Train Epoch 34: 1380/1641 Loss: 0.315402
2026-08-17 19:11: Train Epoch 34: 1400/1641 Loss: 0.294645
2026-08-17 19:11: Train Epoch 34: 1420/1641 Loss: 0.297868
2026-08-17 19:11: Train Epoch 34: 1440/1641 Loss: 0.301875
2026-08-17 19:11: Train Epoch 34: 1460/1641 Loss: 0.296871
2026-08-17 19:11: Train Epoch 34: 1480/1641 Loss: 0.277521
2026-08-17 19:11: Train Epoch 34: 1500/1641 Loss: 0.297787
2026-08-17 19:11: Train Epoch 34: 1520/1641 Loss: 0.282301
2026-08-17 19:11: Train Epoch 34: 1540/1641 Loss: 0.308157
2026-08-17 19:11: Train Epoch 34: 1560/1641 Loss: 0.292789
2026-08-17 19:11: Train Epoch 34: 1580/1641 Loss: 0.323844
2026-08-17 19:11: Train Epoch 34: 1600/1641 Loss: 0.299371
2026-08-17 19:11: Train Epoch 34: 1620/1641 Loss: 0.302436
2026-08-17 19:11: Train Epoch 34: 1640/1641 Loss: 0.303669
2026-08-17 19:11: **********Train Epoch 34: averaged Loss: 0.300631, tf_ratio: 1.000000
2026-08-17 19:12: **********Val Epoch 34: average Loss: 0.315496
2026-08-17 19:12: Train Epoch 35: 0/1641 Loss: 0.315304
2026-08-17 19:12: Train Epoch 35: 20/1641 Loss: 0.285078
2026-08-17 19:12: Train Epoch 35: 40/1641 Loss: 0.289233
2026-08-17 19:12: Train Epoch 35: 60/1641 Loss: 0.300019
2026-08-17 19:12: Train Epoch 35: 80/1641 Loss: 0.305920
2026-08-17 19:12: Train Epoch 35: 100/1641 Loss: 0.320621
2026-08-17 19:12: Train Epoch 35: 120/1641 Loss: 0.311339
2026-08-17 19:12: Train Epoch 35: 140/1641 Loss: 0.291807
2026-08-17 19:12: Train Epoch 35: 160/1641 Loss: 0.284661
2026-08-17 19:12: Train Epoch 35: 180/1641 Loss: 0.295521
2026-08-17 19:12: Train Epoch 35: 200/1641 Loss: 0.307927
2026-08-17 19:12: Train Epoch 35: 220/1641 Loss: 0.277240
2026-08-17 19:12: Train Epoch 35: 240/1641 Loss: 0.271222
2026-08-17 19:12: Train Epoch 35: 260/1641 Loss: 0.303926
2026-08-17 19:12: Train Epoch 35: 280/1641 Loss: 0.291579
2026-08-17 19:12: Train Epoch 35: 300/1641 Loss: 0.307427
2026-08-17 19:13: Train Epoch 35: 320/1641 Loss: 0.296096
2026-08-17 19:13: Train Epoch 35: 340/1641 Loss: 0.306471
2026-08-17 19:13: Train Epoch 35: 360/1641 Loss: 0.314854
2026-08-17 19:13: Train Epoch 35: 380/1641 Loss: 0.298785
2026-08-17 19:13: Train Epoch 35: 400/1641 Loss: 0.293641
2026-08-17 19:13: Train Epoch 35: 420/1641 Loss: 0.318812
2026-08-17 19:13: Train Epoch 35: 440/1641 Loss: 0.300348
2026-08-17 19:13: Train Epoch 35: 460/1641 Loss: 0.296257
2026-08-17 19:13: Train Epoch 35: 480/1641 Loss: 0.282027
2026-08-17 19:13: Train Epoch 35: 500/1641 Loss: 0.278131
2026-08-17 19:13: Train Epoch 35: 520/1641 Loss: 0.281585
2026-08-17 19:13: Train Epoch 35: 540/1641 Loss: 0.293130
2026-08-17 19:13: Train Epoch 35: 560/1641 Loss: 0.305221
2026-08-17 19:13: Train Epoch 35: 580/1641 Loss: 0.288075
2026-08-17 19:13: Train Epoch 35: 600/1641 Loss: 0.303287
2026-08-17 19:13: Train Epoch 35: 620/1641 Loss: 0.296583
2026-08-17 19:13: Train Epoch 35: 640/1641 Loss: 0.294935
2026-08-17 19:13: Train Epoch 35: 660/1641 Loss: 0.285410
2026-08-17 19:13: Train Epoch 35: 680/1641 Loss: 0.310763
2026-08-17 19:13: Train Epoch 35: 700/1641 Loss: 0.310960
2026-08-17 19:13: Train Epoch 35: 720/1641 Loss: 0.306584
2026-08-17 19:14: Train Epoch 35: 740/1641 Loss: 0.293199
2026-08-17 19:14: Train Epoch 35: 760/1641 Loss: 0.306514
2026-08-17 19:14: Train Epoch 35: 780/1641 Loss: 0.289815
2026-08-17 19:14: Train Epoch 35: 800/1641 Loss: 0.337997
2026-08-17 19:14: Train Epoch 35: 820/1641 Loss: 0.298651
2026-08-17 19:14: Train Epoch 35: 840/1641 Loss: 0.285843
2026-08-17 19:14: Train Epoch 35: 860/1641 Loss: 0.299460
2026-08-17 19:14: Train Epoch 35: 880/1641 Loss: 0.295171
2026-08-17 19:14: Train Epoch 35: 900/1641 Loss: 0.303373
2026-08-17 19:14: Train Epoch 35: 920/1641 Loss: 0.296933
2026-08-17 19:14: Train Epoch 35: 940/1641 Loss: 0.295867
2026-08-17 19:14: Train Epoch 35: 960/1641 Loss: 0.305552
2026-08-17 19:14: Train Epoch 35: 980/1641 Loss: 0.256996
2026-08-17 19:14: Train Epoch 35: 1000/1641 Loss: 0.323325
2026-08-17 19:14: Train Epoch 35: 1020/1641 Loss: 0.327083
2026-08-17 19:14: Train Epoch 35: 1040/1641 Loss: 0.282216
2026-08-17 19:14: Train Epoch 35: 1060/1641 Loss: 0.339917
2026-08-17 19:14: Train Epoch 35: 1080/1641 Loss: 0.307928
2026-08-17 19:14: Train Epoch 35: 1100/1641 Loss: 0.294772
2026-08-17 19:14: Train Epoch 35: 1120/1641 Loss: 0.306399
2026-08-17 19:14: Train Epoch 35: 1140/1641 Loss: 0.307369
2026-08-17 19:14: Train Epoch 35: 1160/1641 Loss: 0.296576
2026-08-17 19:15: Train Epoch 35: 1180/1641 Loss: 0.310850
2026-08-17 19:15: Train Epoch 35: 1200/1641 Loss: 0.303972
2026-08-17 19:15: Train Epoch 35: 1220/1641 Loss: 0.315949
2026-08-17 19:15: Train Epoch 35: 1240/1641 Loss: 0.287395
2026-08-17 19:15: Train Epoch 35: 1260/1641 Loss: 0.295978
2026-08-17 19:15: Train Epoch 35: 1280/1641 Loss: 0.298173
2026-08-17 19:15: Train Epoch 35: 1300/1641 Loss: 0.287805
2026-08-17 19:15: Train Epoch 35: 1320/1641 Loss: 0.312338
2026-08-17 19:15: Train Epoch 35: 1340/1641 Loss: 0.287202
2026-08-17 19:15: Train Epoch 35: 1360/1641 Loss: 0.291038
2026-08-17 19:15: Train Epoch 35: 1380/1641 Loss: 0.275646
2026-08-17 19:15: Train Epoch 35: 1400/1641 Loss: 0.303268
2026-08-17 19:15: Train Epoch 35: 1420/1641 Loss: 0.296740
2026-08-17 19:15: Train Epoch 35: 1440/1641 Loss: 0.269327
2026-08-17 19:15: Train Epoch 35: 1460/1641 Loss: 0.289792
2026-08-17 19:15: Train Epoch 35: 1480/1641 Loss: 0.300455
2026-08-17 19:15: Train Epoch 35: 1500/1641 Loss: 0.301195
2026-08-17 19:15: Train Epoch 35: 1520/1641 Loss: 0.301629
2026-08-17 19:15: Train Epoch 35: 1540/1641 Loss: 0.279881
2026-08-17 19:15: Train Epoch 35: 1560/1641 Loss: 0.291629
2026-08-17 19:15: Train Epoch 35: 1580/1641 Loss: 0.306791
2026-08-17 19:15: Train Epoch 35: 1600/1641 Loss: 0.281387
2026-08-17 19:16: Train Epoch 35: 1620/1641 Loss: 0.298605
2026-08-17 19:16: Train Epoch 35: 1640/1641 Loss: 0.300916
2026-08-17 19:16: **********Train Epoch 35: averaged Loss: 0.299740, tf_ratio: 1.000000
2026-08-17 19:16: **********Val Epoch 35: average Loss: 0.315857
2026-08-17 19:16: Train Epoch 36: 0/1641 Loss: 0.322506
2026-08-17 19:16: Train Epoch 36: 20/1641 Loss: 0.312560
2026-08-17 19:16: Train Epoch 36: 40/1641 Loss: 0.290660
2026-08-17 19:16: Train Epoch 36: 60/1641 Loss: 0.276572
2026-08-17 19:16: Train Epoch 36: 80/1641 Loss: 0.280854
2026-08-17 19:16: Train Epoch 36: 100/1641 Loss: 0.326080
2026-08-17 19:16: Train Epoch 36: 120/1641 Loss: 0.297651
2026-08-17 19:16: Train Epoch 36: 140/1641 Loss: 0.282782
2026-08-17 19:16: Train Epoch 36: 160/1641 Loss: 0.306555
2026-08-17 19:16: Train Epoch 36: 180/1641 Loss: 0.278645
2026-08-17 19:16: Train Epoch 36: 200/1641 Loss: 0.309900
2026-08-17 19:16: Train Epoch 36: 220/1641 Loss: 0.308579
2026-08-17 19:16: Train Epoch 36: 240/1641 Loss: 0.276675
2026-08-17 19:17: Train Epoch 36: 260/1641 Loss: 0.307283
2026-08-17 19:17: Train Epoch 36: 280/1641 Loss: 0.303058
2026-08-17 19:17: Train Epoch 36: 300/1641 Loss: 0.310164
2026-08-17 19:17: Train Epoch 36: 320/1641 Loss: 0.287590
2026-08-17 19:17: Train Epoch 36: 340/1641 Loss: 0.317241
2026-08-17 19:17: Train Epoch 36: 360/1641 Loss: 0.287599
2026-08-17 19:17: Train Epoch 36: 380/1641 Loss: 0.298633
2026-08-17 19:17: Train Epoch 36: 400/1641 Loss: 0.286760
2026-08-17 19:17: Train Epoch 36: 420/1641 Loss: 0.279426
2026-08-17 19:17: Train Epoch 36: 440/1641 Loss: 0.296004
2026-08-17 19:17: Train Epoch 36: 460/1641 Loss: 0.315478
2026-08-17 19:17: Train Epoch 36: 480/1641 Loss: 0.316908
2026-08-17 19:17: Train Epoch 36: 500/1641 Loss: 0.300056
2026-08-17 19:17: Train Epoch 36: 520/1641 Loss: 0.293265
2026-08-17 19:17: Train Epoch 36: 540/1641 Loss: 0.317755
2026-08-17 19:17: Train Epoch 36: 560/1641 Loss: 0.290997
2026-08-17 19:17: Train Epoch 36: 580/1641 Loss: 0.318663
2026-08-17 19:17: Train Epoch 36: 600/1641 Loss: 0.317286
2026-08-17 19:17: Train Epoch 36: 620/1641 Loss: 0.301760
2026-08-17 19:17: Train Epoch 36: 640/1641 Loss: 0.290924
2026-08-17 19:17: Train Epoch 36: 660/1641 Loss: 0.335347
2026-08-17 19:17: Train Epoch 36: 680/1641 Loss: 0.299150
2026-08-17 19:17: Train Epoch 36: 700/1641 Loss: 0.282662
2026-08-17 19:18: Train Epoch 36: 720/1641 Loss: 0.288001
2026-08-17 19:18: Train Epoch 36: 740/1641 Loss: 0.289440
2026-08-17 19:18: Train Epoch 36: 760/1641 Loss: 0.303312
2026-08-17 19:18: Train Epoch 36: 780/1641 Loss: 0.296355
2026-08-17 19:18: Train Epoch 36: 800/1641 Loss: 0.265340
2026-08-17 19:18: Train Epoch 36: 820/1641 Loss: 0.286252
2026-08-17 19:18: Train Epoch 36: 840/1641 Loss: 0.289436
2026-08-17 19:18: Train Epoch 36: 860/1641 Loss: 0.306982
2026-08-17 19:18: Train Epoch 36: 880/1641 Loss: 0.322327
2026-08-17 19:18: Train Epoch 36: 900/1641 Loss: 0.297947
2026-08-17 19:18: Train Epoch 36: 920/1641 Loss: 0.285805
2026-08-17 19:18: Train Epoch 36: 940/1641 Loss: 0.291349
2026-08-17 19:18: Train Epoch 36: 960/1641 Loss: 0.286143
2026-08-17 19:18: Train Epoch 36: 980/1641 Loss: 0.313677
2026-08-17 19:18: Train Epoch 36: 1000/1641 Loss: 0.293188
2026-08-17 19:18: Train Epoch 36: 1020/1641 Loss: 0.302172
2026-08-17 19:18: Train Epoch 36: 1040/1641 Loss: 0.301986
2026-08-17 19:18: Train Epoch 36: 1060/1641 Loss: 0.304720
2026-08-17 19:18: Train Epoch 36: 1080/1641 Loss: 0.296258
2026-08-17 19:18: Train Epoch 36: 1100/1641 Loss: 0.275267
2026-08-17 19:18: Train Epoch 36: 1120/1641 Loss: 0.295626
2026-08-17 19:18: Train Epoch 36: 1140/1641 Loss: 0.307297
2026-08-17 19:19: Train Epoch 36: 1160/1641 Loss: 0.301298
2026-08-17 19:19: Train Epoch 36: 1180/1641 Loss: 0.282745
2026-08-17 19:19: Train Epoch 36: 1200/1641 Loss: 0.308557
2026-08-17 19:19: Train Epoch 36: 1220/1641 Loss: 0.300337
2026-08-17 19:19: Train Epoch 36: 1240/1641 Loss: 0.276913
2026-08-17 19:19: Train Epoch 36: 1260/1641 Loss: 0.299729
2026-08-17 19:19: Train Epoch 36: 1280/1641 Loss: 0.301074
2026-08-17 19:19: Train Epoch 36: 1300/1641 Loss: 0.325495
2026-08-17 19:19: Train Epoch 36: 1320/1641 Loss: 0.300695
2026-08-17 19:19: Train Epoch 36: 1340/1641 Loss: 0.279965
2026-08-17 19:19: Train Epoch 36: 1360/1641 Loss: 0.306228
2026-08-17 19:19: Train Epoch 36: 1380/1641 Loss: 0.300311
2026-08-17 19:19: Train Epoch 36: 1400/1641 Loss: 0.308266
2026-08-17 19:19: Train Epoch 36: 1420/1641 Loss: 0.308764
2026-08-17 19:19: Train Epoch 36: 1440/1641 Loss: 0.292413
2026-08-17 19:19: Train Epoch 36: 1460/1641 Loss: 0.321400
2026-08-17 19:19: Train Epoch 36: 1480/1641 Loss: 0.310661
2026-08-17 19:19: Train Epoch 36: 1500/1641 Loss: 0.311273
2026-08-17 19:19: Train Epoch 36: 1520/1641 Loss: 0.316556
2026-08-17 19:19: Train Epoch 36: 1540/1641 Loss: 0.273863
2026-08-17 19:19: Train Epoch 36: 1560/1641 Loss: 0.326626
2026-08-17 19:19: Train Epoch 36: 1580/1641 Loss: 0.312921
2026-08-17 19:20: Train Epoch 36: 1600/1641 Loss: 0.301610
2026-08-17 19:20: Train Epoch 36: 1620/1641 Loss: 0.333064
2026-08-17 19:20: Train Epoch 36: 1640/1641 Loss: 0.290079
2026-08-17 19:20: **********Train Epoch 36: averaged Loss: 0.298888, tf_ratio: 1.000000
2026-08-17 19:20: **********Val Epoch 36: average Loss: 0.325401
2026-08-17 19:20: Train Epoch 37: 0/1641 Loss: 0.309083
2026-08-17 19:20: Train Epoch 37: 20/1641 Loss: 0.285186
2026-08-17 19:20: Train Epoch 37: 40/1641 Loss: 0.287311
2026-08-17 19:20: Train Epoch 37: 60/1641 Loss: 0.288360
2026-08-17 19:20: Train Epoch 37: 80/1641 Loss: 0.293688
2026-08-17 19:20: Train Epoch 37: 100/1641 Loss: 0.310907
2026-08-17 19:20: Train Epoch 37: 120/1641 Loss: 0.303918
2026-08-17 19:20: Train Epoch 37: 140/1641 Loss: 0.290636
2026-08-17 19:20: Train Epoch 37: 160/1641 Loss: 0.309405
2026-08-17 19:20: Train Epoch 37: 180/1641 Loss: 0.302241
2026-08-17 19:20: Train Epoch 37: 200/1641 Loss: 0.308679
2026-08-17 19:20: Train Epoch 37: 220/1641 Loss: 0.306401
2026-08-17 19:20: Train Epoch 37: 240/1641 Loss: 0.285906
2026-08-17 19:21: Train Epoch 37: 260/1641 Loss: 0.295398
2026-08-17 19:21: Train Epoch 37: 280/1641 Loss: 0.299891
2026-08-17 19:21: Train Epoch 37: 300/1641 Loss: 0.306540
2026-08-17 19:21: Train Epoch 37: 320/1641 Loss: 0.296104
2026-08-17 19:21: Train Epoch 37: 340/1641 Loss: 0.297694
2026-08-17 19:21: Train Epoch 37: 360/1641 Loss: 0.293986
2026-08-17 19:21: Train Epoch 37: 380/1641 Loss: 0.298382
2026-08-17 19:21: Train Epoch 37: 400/1641 Loss: 0.308269
2026-08-17 19:21: Train Epoch 37: 420/1641 Loss: 0.280191
2026-08-17 19:21: Train Epoch 37: 440/1641 Loss: 0.297487
2026-08-17 19:21: Train Epoch 37: 460/1641 Loss: 0.303295
2026-08-17 19:21: Train Epoch 37: 480/1641 Loss: 0.298393
2026-08-17 19:21: Train Epoch 37: 500/1641 Loss: 0.286698
2026-08-17 19:21: Train Epoch 37: 520/1641 Loss: 0.258276
2026-08-17 19:21: Train Epoch 37: 540/1641 Loss: 0.302890
2026-08-17 19:21: Train Epoch 37: 560/1641 Loss: 0.301011
2026-08-17 19:21: Train Epoch 37: 580/1641 Loss: 0.308662
2026-08-17 19:21: Train Epoch 37: 600/1641 Loss: 0.292809
2026-08-17 19:21: Train Epoch 37: 620/1641 Loss: 0.277022
2026-08-17 19:21: Train Epoch 37: 640/1641 Loss: 0.303002
2026-08-17 19:21: Train Epoch 37: 660/1641 Loss: 0.284621
2026-08-17 19:21: Train Epoch 37: 680/1641 Loss: 0.276011
2026-08-17 19:22: Train Epoch 37: 700/1641 Loss: 0.285121
2026-08-17 19:22: Train Epoch 37: 720/1641 Loss: 0.295193
2026-08-17 19:22: Train Epoch 37: 740/1641 Loss: 0.280468
2026-08-17 19:22: Train Epoch 37: 760/1641 Loss: 0.302112
2026-08-17 19:22: Train Epoch 37: 780/1641 Loss: 0.289606
2026-08-17 19:22: Train Epoch 37: 800/1641 Loss: 0.301418
2026-08-17 19:22: Train Epoch 37: 820/1641 Loss: 0.297840
2026-08-17 19:22: Train Epoch 37: 840/1641 Loss: 0.288215
2026-08-17 19:22: Train Epoch 37: 860/1641 Loss: 0.295998
2026-08-17 19:22: Train Epoch 37: 880/1641 Loss: 0.298207
2026-08-17 19:22: Train Epoch 37: 900/1641 Loss: 0.311765
2026-08-17 19:22: Train Epoch 37: 920/1641 Loss: 0.293631
2026-08-17 19:22: Train Epoch 37: 940/1641 Loss: 0.279977
2026-08-17 19:22: Train Epoch 37: 960/1641 Loss: 0.287310
2026-08-17 19:22: Train Epoch 37: 980/1641 Loss: 0.302180
2026-08-17 19:22: Train Epoch 37: 1000/1641 Loss: 0.305257
2026-08-17 19:22: Train Epoch 37: 1020/1641 Loss: 0.290861
2026-08-17 19:22: Train Epoch 37: 1040/1641 Loss: 0.308835
2026-08-17 19:22: Train Epoch 37: 1060/1641 Loss: 0.315605
2026-08-17 19:22: Train Epoch 37: 1080/1641 Loss: 0.328092
2026-08-17 19:22: Train Epoch 37: 1100/1641 Loss: 0.289558
2026-08-17 19:22: Train Epoch 37: 1120/1641 Loss: 0.292020
2026-08-17 19:23: Train Epoch 37: 1140/1641 Loss: 0.290669
2026-08-17 19:23: Train Epoch 37: 1160/1641 Loss: 0.305944
2026-08-17 19:23: Train Epoch 37: 1180/1641 Loss: 0.281579
2026-08-17 19:23: Train Epoch 37: 1200/1641 Loss: 0.313162
2026-08-17 19:23: Train Epoch 37: 1220/1641 Loss: 0.304301
2026-08-17 19:23: Train Epoch 37: 1240/1641 Loss: 0.303104
2026-08-17 19:23: Train Epoch 37: 1260/1641 Loss: 0.314103
2026-08-17 19:23: Train Epoch 37: 1280/1641 Loss: 0.300784
2026-08-17 19:23: Train Epoch 37: 1300/1641 Loss: 0.280663
2026-08-17 19:23: Train Epoch 37: 1320/1641 Loss: 0.296062
2026-08-17 19:23: Train Epoch 37: 1340/1641 Loss: 0.336093
2026-08-17 19:23: Train Epoch 37: 1360/1641 Loss: 0.298610
2026-08-17 19:23: Train Epoch 37: 1380/1641 Loss: 0.315099
2026-08-17 19:23: Train Epoch 37: 1400/1641 Loss: 0.286085
2026-08-17 19:23: Train Epoch 37: 1420/1641 Loss: 0.300149
2026-08-17 19:23: Train Epoch 37: 1440/1641 Loss: 0.302646
2026-08-17 19:23: Train Epoch 37: 1460/1641 Loss: 0.304618
2026-08-17 19:23: Train Epoch 37: 1480/1641 Loss: 0.287762
2026-08-17 19:23: Train Epoch 37: 1500/1641 Loss: 0.291880
2026-08-17 19:23: Train Epoch 37: 1520/1641 Loss: 0.285480
2026-08-17 19:23: Train Epoch 37: 1540/1641 Loss: 0.294837
2026-08-17 19:23: Train Epoch 37: 1560/1641 Loss: 0.331871
2026-08-17 19:23: Train Epoch 37: 1580/1641 Loss: 0.295459
2026-08-17 19:24: Train Epoch 37: 1600/1641 Loss: 0.276619
2026-08-17 19:24: Train Epoch 37: 1620/1641 Loss: 0.302252
2026-08-17 19:24: Train Epoch 37: 1640/1641 Loss: 0.288468
2026-08-17 19:24: **********Train Epoch 37: averaged Loss: 0.297987, tf_ratio: 1.000000
2026-08-17 19:24: **********Val Epoch 37: average Loss: 0.319805
2026-08-17 19:24: Train Epoch 38: 0/1641 Loss: 0.280622
2026-08-17 19:24: Train Epoch 38: 20/1641 Loss: 0.290184
2026-08-17 19:24: Train Epoch 38: 40/1641 Loss: 0.297908
2026-08-17 19:24: Train Epoch 38: 60/1641 Loss: 0.292748
2026-08-17 19:24: Train Epoch 38: 80/1641 Loss: 0.288209
2026-08-17 19:24: Train Epoch 38: 100/1641 Loss: 0.280314
2026-08-17 19:24: Train Epoch 38: 120/1641 Loss: 0.323897
2026-08-17 19:24: Train Epoch 38: 140/1641 Loss: 0.303570
2026-08-17 19:24: Train Epoch 38: 160/1641 Loss: 0.302246
2026-08-17 19:24: Train Epoch 38: 180/1641 Loss: 0.288863
2026-08-17 19:24: Train Epoch 38: 200/1641 Loss: 0.291745
2026-08-17 19:24: Train Epoch 38: 220/1641 Loss: 0.303688
2026-08-17 19:25: Train Epoch 38: 240/1641 Loss: 0.287238
2026-08-17 19:25: Train Epoch 38: 260/1641 Loss: 0.275517
2026-08-17 19:25: Train Epoch 38: 280/1641 Loss: 0.299481
2026-08-17 19:25: Train Epoch 38: 300/1641 Loss: 0.284742
2026-08-17 19:25: Train Epoch 38: 320/1641 Loss: 0.281431
2026-08-17 19:25: Train Epoch 38: 340/1641 Loss: 0.277103
2026-08-17 19:25: Train Epoch 38: 360/1641 Loss: 0.285610
2026-08-17 19:25: Train Epoch 38: 380/1641 Loss: 0.313783
2026-08-17 19:25: Train Epoch 38: 400/1641 Loss: 0.292270
2026-08-17 19:25: Train Epoch 38: 420/1641 Loss: 0.310126
2026-08-17 19:25: Train Epoch 38: 440/1641 Loss: 0.303662
2026-08-17 19:25: Train Epoch 38: 460/1641 Loss: 0.293292
2026-08-17 19:25: Train Epoch 38: 480/1641 Loss: 0.287883
2026-08-17 19:25: Train Epoch 38: 500/1641 Loss: 0.291679
2026-08-17 19:25: Train Epoch 38: 520/1641 Loss: 0.296992
2026-08-17 19:25: Train Epoch 38: 540/1641 Loss: 0.319004
2026-08-17 19:25: Train Epoch 38: 560/1641 Loss: 0.280040
2026-08-17 19:25: Train Epoch 38: 580/1641 Loss: 0.271399
2026-08-17 19:25: Train Epoch 38: 600/1641 Loss: 0.289006
2026-08-17 19:25: Train Epoch 38: 620/1641 Loss: 0.289862
2026-08-17 19:25: Train Epoch 38: 640/1641 Loss: 0.298599
2026-08-17 19:25: Train Epoch 38: 660/1641 Loss: 0.286122
2026-08-17 19:26: Train Epoch 38: 680/1641 Loss: 0.320913
2026-08-17 19:26: Train Epoch 38: 700/1641 Loss: 0.317947
2026-08-17 19:26: Train Epoch 38: 720/1641 Loss: 0.286598
2026-08-17 19:26: Train Epoch 38: 740/1641 Loss: 0.307456
2026-08-17 19:26: Train Epoch 38: 760/1641 Loss: 0.286916
2026-08-17 19:26: Train Epoch 38: 780/1641 Loss: 0.313381
2026-08-17 19:26: Train Epoch 38: 800/1641 Loss: 0.334556
2026-08-17 19:26: Train Epoch 38: 820/1641 Loss: 0.298436
2026-08-17 19:26: Train Epoch 38: 840/1641 Loss: 0.315514
2026-08-17 19:26: Train Epoch 38: 860/1641 Loss: 0.299422
2026-08-17 19:26: Train Epoch 38: 880/1641 Loss: 0.296091
2026-08-17 19:26: Train Epoch 38: 900/1641 Loss: 0.292271
2026-08-17 19:26: Train Epoch 38: 920/1641 Loss: 0.297405
2026-08-17 19:26: Train Epoch 38: 940/1641 Loss: 0.284033
2026-08-17 19:26: Train Epoch 38: 960/1641 Loss: 0.297394
2026-08-17 19:26: Train Epoch 38: 980/1641 Loss: 0.303271
2026-08-17 19:26: Train Epoch 38: 1000/1641 Loss: 0.287593
2026-08-17 19:26: Train Epoch 38: 1020/1641 Loss: 0.303090
2026-08-17 19:26: Train Epoch 38: 1040/1641 Loss: 0.292565
2026-08-17 19:26: Train Epoch 38: 1060/1641 Loss: 0.308049
2026-08-17 19:26: Train Epoch 38: 1080/1641 Loss: 0.335328
2026-08-17 19:26: Train Epoch 38: 1100/1641 Loss: 0.292298
2026-08-17 19:27: Train Epoch 38: 1120/1641 Loss: 0.298609
2026-08-17 19:27: Train Epoch 38: 1140/1641 Loss: 0.299833
2026-08-17 19:27: Train Epoch 38: 1160/1641 Loss: 0.298410
2026-08-17 19:27: Train Epoch 38: 1180/1641 Loss: 0.275965
2026-08-17 19:27: Train Epoch 38: 1200/1641 Loss: 0.288636
2026-08-17 19:27: Train Epoch 38: 1220/1641 Loss: 0.306688
2026-08-17 19:27: Train Epoch 38: 1240/1641 Loss: 0.295912
2026-08-17 19:27: Train Epoch 38: 1260/1641 Loss: 0.286148
2026-08-17 19:27: Train Epoch 38: 1280/1641 Loss: 0.302449
2026-08-17 19:27: Train Epoch 38: 1300/1641 Loss: 0.296875
2026-08-17 19:27: Train Epoch 38: 1320/1641 Loss: 0.309051
2026-08-17 19:27: Train Epoch 38: 1340/1641 Loss: 0.298134
2026-08-17 19:27: Train Epoch 38: 1360/1641 Loss: 0.297370
2026-08-17 19:27: Train Epoch 38: 1380/1641 Loss: 0.317202
2026-08-17 19:27: Train Epoch 38: 1400/1641 Loss: 0.306219
2026-08-17 19:27: Train Epoch 38: 1420/1641 Loss: 0.285281
2026-08-17 19:27: Train Epoch 38: 1440/1641 Loss: 0.299575
2026-08-17 19:27: Train Epoch 38: 1460/1641 Loss: 0.277501
2026-08-17 19:27: Train Epoch 38: 1480/1641 Loss: 0.302854
2026-08-17 19:27: Train Epoch 38: 1500/1641 Loss: 0.302377
2026-08-17 19:27: Train Epoch 38: 1520/1641 Loss: 0.287845
2026-08-17 19:27: Train Epoch 38: 1540/1641 Loss: 0.316401
2026-08-17 19:28: Train Epoch 38: 1560/1641 Loss: 0.293319
2026-08-17 19:28: Train Epoch 38: 1580/1641 Loss: 0.292669
2026-08-17 19:28: Train Epoch 38: 1600/1641 Loss: 0.310163
2026-08-17 19:28: Train Epoch 38: 1620/1641 Loss: 0.296046
2026-08-17 19:28: Train Epoch 38: 1640/1641 Loss: 0.283294
2026-08-17 19:28: **********Train Epoch 38: averaged Loss: 0.296828, tf_ratio: 1.000000
2026-08-17 19:28: **********Val Epoch 38: average Loss: 0.316200
2026-08-17 19:28: Train Epoch 39: 0/1641 Loss: 0.286432
2026-08-17 19:28: Train Epoch 39: 20/1641 Loss: 0.295443
2026-08-17 19:28: Train Epoch 39: 40/1641 Loss: 0.281858
2026-08-17 19:28: Train Epoch 39: 60/1641 Loss: 0.312224
2026-08-17 19:28: Train Epoch 39: 80/1641 Loss: 0.290143
2026-08-17 19:28: Train Epoch 39: 100/1641 Loss: 0.304527
2026-08-17 19:28: Train Epoch 39: 120/1641 Loss: 0.287157
2026-08-17 19:28: Train Epoch 39: 140/1641 Loss: 0.328018
2026-08-17 19:28: Train Epoch 39: 160/1641 Loss: 0.274042
2026-08-17 19:28: Train Epoch 39: 180/1641 Loss: 0.293489
2026-08-17 19:29: Train Epoch 39: 200/1641 Loss: 0.314157
2026-08-17 19:29: Train Epoch 39: 220/1641 Loss: 0.302549
2026-08-17 19:29: Train Epoch 39: 240/1641 Loss: 0.296413
2026-08-17 19:29: Train Epoch 39: 260/1641 Loss: 0.344125
2026-08-17 19:29: Train Epoch 39: 280/1641 Loss: 0.301759
2026-08-17 19:29: Train Epoch 39: 300/1641 Loss: 0.319083
2026-08-17 19:29: Train Epoch 39: 320/1641 Loss: 0.318132
2026-08-17 19:29: Train Epoch 39: 340/1641 Loss: 0.294316
2026-08-17 19:29: Train Epoch 39: 360/1641 Loss: 0.281856
2026-08-17 19:29: Train Epoch 39: 380/1641 Loss: 0.292850
2026-08-17 19:29: Train Epoch 39: 400/1641 Loss: 0.276387
2026-08-17 19:29: Train Epoch 39: 420/1641 Loss: 0.268860
2026-08-17 19:29: Train Epoch 39: 440/1641 Loss: 0.283056
2026-08-17 19:29: Train Epoch 39: 460/1641 Loss: 0.270944
2026-08-17 19:29: Train Epoch 39: 480/1641 Loss: 0.311175
2026-08-17 19:29: Train Epoch 39: 500/1641 Loss: 0.293160
2026-08-17 19:29: Train Epoch 39: 520/1641 Loss: 0.292751
2026-08-17 19:29: Train Epoch 39: 540/1641 Loss: 0.307387
2026-08-17 19:29: Train Epoch 39: 560/1641 Loss: 0.302167
2026-08-17 19:29: Train Epoch 39: 580/1641 Loss: 0.296935
2026-08-17 19:29: Train Epoch 39: 600/1641 Loss: 0.307845
2026-08-17 19:29: Train Epoch 39: 620/1641 Loss: 0.314918
2026-08-17 19:30: Train Epoch 39: 640/1641 Loss: 0.297337
2026-08-17 19:30: Train Epoch 39: 660/1641 Loss: 0.291492
2026-08-17 19:30: Train Epoch 39: 680/1641 Loss: 0.310891
2026-08-17 19:30: Train Epoch 39: 700/1641 Loss: 0.281300
2026-08-17 19:30: Train Epoch 39: 720/1641 Loss: 0.311534
2026-08-17 19:30: Train Epoch 39: 740/1641 Loss: 0.292544
2026-08-17 19:30: Train Epoch 39: 760/1641 Loss: 0.307443
2026-08-17 19:30: Train Epoch 39: 780/1641 Loss: 0.303838
2026-08-17 19:30: Train Epoch 39: 800/1641 Loss: 0.324594
2026-08-17 19:30: Train Epoch 39: 820/1641 Loss: 0.301186
2026-08-17 19:30: Train Epoch 39: 840/1641 Loss: 0.301430
2026-08-17 19:30: Train Epoch 39: 860/1641 Loss: 0.289534
2026-08-17 19:30: Train Epoch 39: 880/1641 Loss: 0.294466
2026-08-17 19:30: Train Epoch 39: 900/1641 Loss: 0.287235
2026-08-17 19:30: Train Epoch 39: 920/1641 Loss: 0.293355
2026-08-17 19:30: Train Epoch 39: 940/1641 Loss: 0.298024
2026-08-17 19:30: Train Epoch 39: 960/1641 Loss: 0.278447
2026-08-17 19:30: Train Epoch 39: 980/1641 Loss: 0.307852
2026-08-17 19:30: Train Epoch 39: 1000/1641 Loss: 0.294947
2026-08-17 19:30: Train Epoch 39: 1020/1641 Loss: 0.280637
2026-08-17 19:30: Train Epoch 39: 1040/1641 Loss: 0.312469
2026-08-17 19:30: Train Epoch 39: 1060/1641 Loss: 0.283709
2026-08-17 19:31: Train Epoch 39: 1080/1641 Loss: 0.278816
2026-08-17 19:31: Train Epoch 39: 1100/1641 Loss: 0.298859
2026-08-17 19:31: Train Epoch 39: 1120/1641 Loss: 0.287298
2026-08-17 19:31: Train Epoch 39: 1140/1641 Loss: 0.297547
2026-08-17 19:31: Train Epoch 39: 1160/1641 Loss: 0.307806
2026-08-17 19:31: Train Epoch 39: 1180/1641 Loss: 0.282842
2026-08-17 19:31: Train Epoch 39: 1200/1641 Loss: 0.271841
2026-08-17 19:31: Train Epoch 39: 1220/1641 Loss: 0.314621
2026-08-17 19:31: Train Epoch 39: 1240/1641 Loss: 0.276683
2026-08-17 19:31: Train Epoch 39: 1260/1641 Loss: 0.299808
2026-08-17 19:31: Train Epoch 39: 1280/1641 Loss: 0.272268
2026-08-17 19:31: Train Epoch 39: 1300/1641 Loss: 0.315132
2026-08-17 19:31: Train Epoch 39: 1320/1641 Loss: 0.275827
2026-08-17 19:31: Train Epoch 39: 1340/1641 Loss: 0.306625
2026-08-17 19:31: Train Epoch 39: 1360/1641 Loss: 0.309942
2026-08-17 19:31: Train Epoch 39: 1380/1641 Loss: 0.290933
2026-08-17 19:31: Train Epoch 39: 1400/1641 Loss: 0.297020
2026-08-17 19:31: Train Epoch 39: 1420/1641 Loss: 0.300554
2026-08-17 19:31: Train Epoch 39: 1440/1641 Loss: 0.291360
2026-08-17 19:31: Train Epoch 39: 1460/1641 Loss: 0.314389
2026-08-17 19:31: Train Epoch 39: 1480/1641 Loss: 0.298789
2026-08-17 19:31: Train Epoch 39: 1500/1641 Loss: 0.333087
2026-08-17 19:31: Train Epoch 39: 1520/1641 Loss: 0.277386
2026-08-17 19:32: Train Epoch 39: 1540/1641 Loss: 0.285872
2026-08-17 19:32: Train Epoch 39: 1560/1641 Loss: 0.284793
2026-08-17 19:32: Train Epoch 39: 1580/1641 Loss: 0.275396
2026-08-17 19:32: Train Epoch 39: 1600/1641 Loss: 0.300383
2026-08-17 19:32: Train Epoch 39: 1620/1641 Loss: 0.274168
2026-08-17 19:32: Train Epoch 39: 1640/1641 Loss: 0.308316
2026-08-17 19:32: **********Train Epoch 39: averaged Loss: 0.295918, tf_ratio: 1.000000
2026-08-17 19:32: **********Val Epoch 39: average Loss: 0.315697
2026-08-17 19:32: Train Epoch 40: 0/1641 Loss: 0.280951
2026-08-17 19:32: Train Epoch 40: 20/1641 Loss: 0.293137
2026-08-17 19:32: Train Epoch 40: 40/1641 Loss: 0.302766
2026-08-17 19:32: Train Epoch 40: 60/1641 Loss: 0.310968
2026-08-17 19:32: Train Epoch 40: 80/1641 Loss: 0.307121
2026-08-17 19:32: Train Epoch 40: 100/1641 Loss: 0.310001
2026-08-17 19:32: Train Epoch 40: 120/1641 Loss: 0.288360
2026-08-17 19:32: Train Epoch 40: 140/1641 Loss: 0.294134
2026-08-17 19:32: Train Epoch 40: 160/1641 Loss: 0.292496
2026-08-17 19:33: Train Epoch 40: 180/1641 Loss: 0.298564
2026-08-17 19:33: Train Epoch 40: 200/1641 Loss: 0.305821
2026-08-17 19:33: Train Epoch 40: 220/1641 Loss: 0.296836
2026-08-17 19:33: Train Epoch 40: 240/1641 Loss: 0.283869
2026-08-17 19:33: Train Epoch 40: 260/1641 Loss: 0.299815
2026-08-17 19:33: Train Epoch 40: 280/1641 Loss: 0.290536
2026-08-17 19:33: Train Epoch 40: 300/1641 Loss: 0.289556
2026-08-17 19:33: Train Epoch 40: 320/1641 Loss: 0.304534
2026-08-17 19:33: Train Epoch 40: 340/1641 Loss: 0.294322
2026-08-17 19:33: Train Epoch 40: 360/1641 Loss: 0.277212
2026-08-17 19:33: Train Epoch 40: 380/1641 Loss: 0.306063
2026-08-17 19:33: Train Epoch 40: 400/1641 Loss: 0.314753
2026-08-17 19:33: Train Epoch 40: 420/1641 Loss: 0.293773
2026-08-17 19:33: Train Epoch 40: 440/1641 Loss: 0.298221
2026-08-17 19:33: Train Epoch 40: 460/1641 Loss: 0.300504
2026-08-17 19:33: Train Epoch 40: 480/1641 Loss: 0.284765
2026-08-17 19:33: Train Epoch 40: 500/1641 Loss: 0.280855
2026-08-17 19:33: Train Epoch 40: 520/1641 Loss: 0.300519
2026-08-17 19:33: Train Epoch 40: 540/1641 Loss: 0.268841
2026-08-17 19:33: Train Epoch 40: 560/1641 Loss: 0.288016
2026-08-17 19:33: Train Epoch 40: 580/1641 Loss: 0.278940
2026-08-17 19:33: Train Epoch 40: 600/1641 Loss: 0.322977
2026-08-17 19:34: Train Epoch 40: 620/1641 Loss: 0.302437
2026-08-17 19:34: Train Epoch 40: 640/1641 Loss: 0.295460
2026-08-17 19:34: Train Epoch 40: 660/1641 Loss: 0.301839
2026-08-17 19:34: Train Epoch 40: 680/1641 Loss: 0.305366
2026-08-17 19:34: Train Epoch 40: 700/1641 Loss: 0.286764
2026-08-17 19:34: Train Epoch 40: 720/1641 Loss: 0.297273
2026-08-17 19:34: Train Epoch 40: 740/1641 Loss: 0.322316
2026-08-17 19:34: Train Epoch 40: 760/1641 Loss: 0.291870
2026-08-17 19:34: Train Epoch 40: 780/1641 Loss: 0.303607
2026-08-17 19:34: Train Epoch 40: 800/1641 Loss: 0.287820
2026-08-17 19:34: Train Epoch 40: 820/1641 Loss: 0.291594
2026-08-17 19:34: Train Epoch 40: 840/1641 Loss: 0.297101
2026-08-17 19:34: Train Epoch 40: 860/1641 Loss: 0.293033
2026-08-17 19:34: Train Epoch 40: 880/1641 Loss: 0.291499
2026-08-17 19:34: Train Epoch 40: 900/1641 Loss: 0.300862
2026-08-17 19:34: Train Epoch 40: 920/1641 Loss: 0.287311
2026-08-17 19:34: Train Epoch 40: 940/1641 Loss: 0.290916
2026-08-17 19:34: Train Epoch 40: 960/1641 Loss: 0.334954
2026-08-17 19:34: Train Epoch 40: 980/1641 Loss: 0.276968
2026-08-17 19:34: Train Epoch 40: 1000/1641 Loss: 0.312143
2026-08-17 19:34: Train Epoch 40: 1020/1641 Loss: 0.293224
2026-08-17 19:34: Train Epoch 40: 1040/1641 Loss: 0.293515
2026-08-17 19:34: Train Epoch 40: 1060/1641 Loss: 0.296014
2026-08-17 19:35: Train Epoch 40: 1080/1641 Loss: 0.291361
2026-08-17 19:35: Train Epoch 40: 1100/1641 Loss: 0.317660
2026-08-17 19:35: Train Epoch 40: 1120/1641 Loss: 0.289179
2026-08-17 19:35: Train Epoch 40: 1140/1641 Loss: 0.285256
2026-08-17 19:35: Train Epoch 40: 1160/1641 Loss: 0.285126
2026-08-17 19:35: Train Epoch 40: 1180/1641 Loss: 0.286181
2026-08-17 19:35: Train Epoch 40: 1200/1641 Loss: 0.268421
2026-08-17 19:35: Train Epoch 40: 1220/1641 Loss: 0.279380
2026-08-17 19:35: Train Epoch 40: 1240/1641 Loss: 0.291902
2026-08-17 19:35: Train Epoch 40: 1260/1641 Loss: 0.281886
2026-08-17 19:35: Train Epoch 40: 1280/1641 Loss: 0.318588
2026-08-17 19:35: Train Epoch 40: 1300/1641 Loss: 0.299996
2026-08-17 19:35: Train Epoch 40: 1320/1641 Loss: 0.313085
2026-08-17 19:35: Train Epoch 40: 1340/1641 Loss: 0.298307
2026-08-17 19:35: Train Epoch 40: 1360/1641 Loss: 0.287625
2026-08-17 19:35: Train Epoch 40: 1380/1641 Loss: 0.296393
2026-08-17 19:35: Train Epoch 40: 1400/1641 Loss: 0.290346
2026-08-17 19:35: Train Epoch 40: 1420/1641 Loss: 0.294208
2026-08-17 19:35: Train Epoch 40: 1440/1641 Loss: 0.284918
2026-08-17 19:35: Train Epoch 40: 1460/1641 Loss: 0.321654
2026-08-17 19:35: Train Epoch 40: 1480/1641 Loss: 0.291005
2026-08-17 19:35: Train Epoch 40: 1500/1641 Loss: 0.292783
2026-08-17 19:36: Train Epoch 40: 1520/1641 Loss: 0.295218
2026-08-17 19:36: Train Epoch 40: 1540/1641 Loss: 0.301323
2026-08-17 19:36: Train Epoch 40: 1560/1641 Loss: 0.307674
2026-08-17 19:36: Train Epoch 40: 1580/1641 Loss: 0.314890
2026-08-17 19:36: Train Epoch 40: 1600/1641 Loss: 0.295725
2026-08-17 19:36: Train Epoch 40: 1620/1641 Loss: 0.322823
2026-08-17 19:36: Train Epoch 40: 1640/1641 Loss: 0.274492
2026-08-17 19:36: **********Train Epoch 40: averaged Loss: 0.295268, tf_ratio: 1.000000
2026-08-17 19:36: **********Val Epoch 40: average Loss: 0.317357
2026-08-17 19:36: Train Epoch 41: 0/1641 Loss: 0.297664
2026-08-17 19:36: Train Epoch 41: 20/1641 Loss: 0.283453
2026-08-17 19:36: Train Epoch 41: 40/1641 Loss: 0.294594
2026-08-17 19:36: Train Epoch 41: 60/1641 Loss: 0.296362
2026-08-17 19:36: Train Epoch 41: 80/1641 Loss: 0.285938
2026-08-17 19:36: Train Epoch 41: 100/1641 Loss: 0.288521
2026-08-17 19:36: Train Epoch 41: 120/1641 Loss: 0.309959
2026-08-17 19:36: Train Epoch 41: 140/1641 Loss: 0.317138
2026-08-17 19:37: Train Epoch 41: 160/1641 Loss: 0.305355
2026-08-17 19:37: Train Epoch 41: 180/1641 Loss: 0.312964
2026-08-17 19:37: Train Epoch 41: 200/1641 Loss: 0.284591
2026-08-17 19:37: Train Epoch 41: 220/1641 Loss: 0.299235
2026-08-17 19:37: Train Epoch 41: 240/1641 Loss: 0.289129
2026-08-17 19:37: Train Epoch 41: 260/1641 Loss: 0.288555
2026-08-17 19:37: Train Epoch 41: 280/1641 Loss: 0.297659
2026-08-17 19:37: Train Epoch 41: 300/1641 Loss: 0.306273
2026-08-17 19:37: Train Epoch 41: 320/1641 Loss: 0.296525
2026-08-17 19:37: Train Epoch 41: 340/1641 Loss: 0.276806
2026-08-17 19:37: Train Epoch 41: 360/1641 Loss: 0.290708
2026-08-17 19:37: Train Epoch 41: 380/1641 Loss: 0.324873
2026-08-17 19:37: Train Epoch 41: 400/1641 Loss: 0.293177
2026-08-17 19:37: Train Epoch 41: 420/1641 Loss: 0.297516
2026-08-17 19:37: Train Epoch 41: 440/1641 Loss: 0.307458
2026-08-17 19:37: Train Epoch 41: 460/1641 Loss: 0.291456
2026-08-17 19:37: Train Epoch 41: 480/1641 Loss: 0.293744
2026-08-17 19:37: Train Epoch 41: 500/1641 Loss: 0.293483
2026-08-17 19:37: Train Epoch 41: 520/1641 Loss: 0.297258
2026-08-17 19:37: Train Epoch 41: 540/1641 Loss: 0.297063
2026-08-17 19:37: Train Epoch 41: 560/1641 Loss: 0.279687
2026-08-17 19:37: Train Epoch 41: 580/1641 Loss: 0.310061
2026-08-17 19:37: Train Epoch 41: 600/1641 Loss: 0.279746
2026-08-17 19:38: Train Epoch 41: 620/1641 Loss: 0.280454
2026-08-17 19:38: Train Epoch 41: 640/1641 Loss: 0.287903
2026-08-17 19:38: Train Epoch 41: 660/1641 Loss: 0.290229
2026-08-17 19:38: Train Epoch 41: 680/1641 Loss: 0.283188
2026-08-17 19:38: Train Epoch 41: 700/1641 Loss: 0.282014
2026-08-17 19:38: Train Epoch 41: 720/1641 Loss: 0.299699
2026-08-17 19:38: Train Epoch 41: 740/1641 Loss: 0.289345
2026-08-17 19:38: Train Epoch 41: 760/1641 Loss: 0.285367
2026-08-17 19:38: Train Epoch 41: 780/1641 Loss: 0.292792
2026-08-17 19:38: Train Epoch 41: 800/1641 Loss: 0.305519
2026-08-17 19:38: Train Epoch 41: 820/1641 Loss: 0.289223
2026-08-17 19:38: Train Epoch 41: 840/1641 Loss: 0.301624
2026-08-17 19:38: Train Epoch 41: 860/1641 Loss: 0.299020
2026-08-17 19:38: Train Epoch 41: 880/1641 Loss: 0.279189
2026-08-17 19:38: Train Epoch 41: 900/1641 Loss: 0.301308
2026-08-17 19:38: Train Epoch 41: 920/1641 Loss: 0.288878
2026-08-17 19:38: Train Epoch 41: 940/1641 Loss: 0.275762
2026-08-17 19:38: Train Epoch 41: 960/1641 Loss: 0.281854
2026-08-17 19:38: Train Epoch 41: 980/1641 Loss: 0.284733
2026-08-17 19:38: Train Epoch 41: 1000/1641 Loss: 0.298328
2026-08-17 19:38: Train Epoch 41: 1020/1641 Loss: 0.294079
2026-08-17 19:38: Train Epoch 41: 1040/1641 Loss: 0.322388
2026-08-17 19:39: Train Epoch 41: 1060/1641 Loss: 0.275724
2026-08-17 19:39: Train Epoch 41: 1080/1641 Loss: 0.288054
2026-08-17 19:39: Train Epoch 41: 1100/1641 Loss: 0.288491
2026-08-17 19:39: Train Epoch 41: 1120/1641 Loss: 0.289478
2026-08-17 19:39: Train Epoch 41: 1140/1641 Loss: 0.303499
2026-08-17 19:39: Train Epoch 41: 1160/1641 Loss: 0.305437
2026-08-17 19:39: Train Epoch 41: 1180/1641 Loss: 0.300252
2026-08-17 19:39: Train Epoch 41: 1200/1641 Loss: 0.304039
2026-08-17 19:39: Train Epoch 41: 1220/1641 Loss: 0.276897
2026-08-17 19:39: Train Epoch 41: 1240/1641 Loss: 0.307294
2026-08-17 19:39: Train Epoch 41: 1260/1641 Loss: 0.296030
2026-08-17 19:39: Train Epoch 41: 1280/1641 Loss: 0.320228
2026-08-17 19:39: Train Epoch 41: 1300/1641 Loss: 0.285429
2026-08-17 19:39: Train Epoch 41: 1320/1641 Loss: 0.284868
2026-08-17 19:39: Train Epoch 41: 1340/1641 Loss: 0.303748
2026-08-17 19:39: Train Epoch 41: 1360/1641 Loss: 0.303220
2026-08-17 19:39: Train Epoch 41: 1380/1641 Loss: 0.288027
2026-08-17 19:39: Train Epoch 41: 1400/1641 Loss: 0.302311
2026-08-17 19:39: Train Epoch 41: 1420/1641 Loss: 0.297688
2026-08-17 19:39: Train Epoch 41: 1440/1641 Loss: 0.292621
2026-08-17 19:39: Train Epoch 41: 1460/1641 Loss: 0.285237
2026-08-17 19:39: Train Epoch 41: 1480/1641 Loss: 0.300302
2026-08-17 19:40: Train Epoch 41: 1500/1641 Loss: 0.292544
2026-08-17 19:40: Train Epoch 41: 1520/1641 Loss: 0.327983
2026-08-17 19:40: Train Epoch 41: 1540/1641 Loss: 0.282914
2026-08-17 19:40: Train Epoch 41: 1560/1641 Loss: 0.259345
2026-08-17 19:40: Train Epoch 41: 1580/1641 Loss: 0.284257
2026-08-17 19:40: Train Epoch 41: 1600/1641 Loss: 0.290062
2026-08-17 19:40: Train Epoch 41: 1620/1641 Loss: 0.303256
2026-08-17 19:40: Train Epoch 41: 1640/1641 Loss: 0.293622
2026-08-17 19:40: **********Train Epoch 41: averaged Loss: 0.294197, tf_ratio: 1.000000
2026-08-17 19:40: **********Val Epoch 41: average Loss: 0.315171
2026-08-17 19:40: Train Epoch 42: 0/1641 Loss: 0.266797
2026-08-17 19:40: Train Epoch 42: 20/1641 Loss: 0.272732
2026-08-17 19:40: Train Epoch 42: 40/1641 Loss: 0.281964
2026-08-17 19:40: Train Epoch 42: 60/1641 Loss: 0.282077
2026-08-17 19:40: Train Epoch 42: 80/1641 Loss: 0.292493
2026-08-17 19:40: Train Epoch 42: 100/1641 Loss: 0.311069
2026-08-17 19:40: Train Epoch 42: 120/1641 Loss: 0.316508
2026-08-17 19:41: Train Epoch 42: 140/1641 Loss: 0.320418
2026-08-17 19:41: Train Epoch 42: 160/1641 Loss: 0.293148
2026-08-17 19:41: Train Epoch 42: 180/1641 Loss: 0.289266
2026-08-17 19:41: Train Epoch 42: 200/1641 Loss: 0.291838
2026-08-17 19:41: Train Epoch 42: 220/1641 Loss: 0.296898
2026-08-17 19:41: Train Epoch 42: 240/1641 Loss: 0.290596
2026-08-17 19:41: Train Epoch 42: 260/1641 Loss: 0.303565
2026-08-17 19:41: Train Epoch 42: 280/1641 Loss: 0.298259
2026-08-17 19:41: Train Epoch 42: 300/1641 Loss: 0.303879
2026-08-17 19:41: Train Epoch 42: 320/1641 Loss: 0.272878
2026-08-17 19:41: Train Epoch 42: 340/1641 Loss: 0.294364
2026-08-17 19:41: Train Epoch 42: 360/1641 Loss: 0.292241
2026-08-17 19:41: Train Epoch 42: 380/1641 Loss: 0.280612
2026-08-17 19:41: Train Epoch 42: 400/1641 Loss: 0.329678
2026-08-17 19:41: Train Epoch 42: 420/1641 Loss: 0.287757
2026-08-17 19:41: Train Epoch 42: 440/1641 Loss: 0.260747
2026-08-17 19:41: Train Epoch 42: 460/1641 Loss: 0.281596
2026-08-17 19:41: Train Epoch 42: 480/1641 Loss: 0.319171
2026-08-17 19:41: Train Epoch 42: 500/1641 Loss: 0.296959
2026-08-17 19:41: Train Epoch 42: 520/1641 Loss: 0.293924
2026-08-17 19:41: Train Epoch 42: 540/1641 Loss: 0.293271
2026-08-17 19:41: Train Epoch 42: 560/1641 Loss: 0.297372
2026-08-17 19:41: Train Epoch 42: 580/1641 Loss: 0.298802
2026-08-17 19:42: Train Epoch 42: 600/1641 Loss: 0.289425
2026-08-17 19:42: Train Epoch 42: 620/1641 Loss: 0.277258
2026-08-17 19:42: Train Epoch 42: 640/1641 Loss: 0.300687
2026-08-17 19:42: Train Epoch 42: 660/1641 Loss: 0.281360
2026-08-17 19:42: Train Epoch 42: 680/1641 Loss: 0.299485
2026-08-17 19:42: Train Epoch 42: 700/1641 Loss: 0.282265
2026-08-17 19:42: Train Epoch 42: 720/1641 Loss: 0.278112
2026-08-17 19:42: Train Epoch 42: 740/1641 Loss: 0.280949
2026-08-17 19:42: Train Epoch 42: 760/1641 Loss: 0.308188
2026-08-17 19:42: Train Epoch 42: 780/1641 Loss: 0.287427
2026-08-17 19:42: Train Epoch 42: 800/1641 Loss: 0.293878
2026-08-17 19:42: Train Epoch 42: 820/1641 Loss: 0.293903
2026-08-17 19:42: Train Epoch 42: 840/1641 Loss: 0.311676
2026-08-17 19:42: Train Epoch 42: 860/1641 Loss: 0.301374
2026-08-17 19:42: Train Epoch 42: 880/1641 Loss: 0.285057
2026-08-17 19:42: Train Epoch 42: 900/1641 Loss: 0.273060
2026-08-17 19:42: Train Epoch 42: 920/1641 Loss: 0.307945
2026-08-17 19:42: Train Epoch 42: 940/1641 Loss: 0.285062
2026-08-17 19:42: Train Epoch 42: 960/1641 Loss: 0.322118
2026-08-17 19:42: Train Epoch 42: 980/1641 Loss: 0.281964
2026-08-17 19:42: Train Epoch 42: 1000/1641 Loss: 0.286010
2026-08-17 19:42: Train Epoch 42: 1020/1641 Loss: 0.300209
2026-08-17 19:43: Train Epoch 42: 1040/1641 Loss: 0.291764
2026-08-17 19:43: Train Epoch 42: 1060/1641 Loss: 0.292950
2026-08-17 19:43: Train Epoch 42: 1080/1641 Loss: 0.312446
2026-08-17 19:43: Train Epoch 42: 1100/1641 Loss: 0.308681
2026-08-17 19:43: Train Epoch 42: 1120/1641 Loss: 0.291868
2026-08-17 19:43: Train Epoch 42: 1140/1641 Loss: 0.288886
2026-08-17 19:43: Train Epoch 42: 1160/1641 Loss: 0.326184
2026-08-17 19:43: Train Epoch 42: 1180/1641 Loss: 0.300860
2026-08-17 19:43: Train Epoch 42: 1200/1641 Loss: 0.282109
2026-08-17 19:43: Train Epoch 42: 1220/1641 Loss: 0.310560
2026-08-17 19:43: Train Epoch 42: 1240/1641 Loss: 0.306754
2026-08-17 19:43: Train Epoch 42: 1260/1641 Loss: 0.301276
2026-08-17 19:43: Train Epoch 42: 1280/1641 Loss: 0.273463
2026-08-17 19:43: Train Epoch 42: 1300/1641 Loss: 0.324200
2026-08-17 19:43: Train Epoch 42: 1320/1641 Loss: 0.293764
2026-08-17 19:43: Train Epoch 42: 1340/1641 Loss: 0.294902
2026-08-17 19:43: Train Epoch 42: 1360/1641 Loss: 0.297314
2026-08-17 19:43: Train Epoch 42: 1380/1641 Loss: 0.270802
2026-08-17 19:43: Train Epoch 42: 1400/1641 Loss: 0.306553
2026-08-17 19:43: Train Epoch 42: 1420/1641 Loss: 0.284670
2026-08-17 19:43: Train Epoch 42: 1440/1641 Loss: 0.311853
2026-08-17 19:43: Train Epoch 42: 1460/1641 Loss: 0.291177
2026-08-17 19:44: Train Epoch 42: 1480/1641 Loss: 0.281920
2026-08-17 19:44: Train Epoch 42: 1500/1641 Loss: 0.280490
2026-08-17 19:44: Train Epoch 42: 1520/1641 Loss: 0.318937
2026-08-17 19:44: Train Epoch 42: 1540/1641 Loss: 0.290995
2026-08-17 19:44: Train Epoch 42: 1560/1641 Loss: 0.311921
2026-08-17 19:44: Train Epoch 42: 1580/1641 Loss: 0.288996
2026-08-17 19:44: Train Epoch 42: 1600/1641 Loss: 0.288812
2026-08-17 19:44: Train Epoch 42: 1620/1641 Loss: 0.292307
2026-08-17 19:44: Train Epoch 42: 1640/1641 Loss: 0.286304
2026-08-17 19:44: **********Train Epoch 42: averaged Loss: 0.293087, tf_ratio: 1.000000
2026-08-17 19:44: **********Val Epoch 42: average Loss: 0.315465
2026-08-17 19:44: Train Epoch 43: 0/1641 Loss: 0.313986
2026-08-17 19:44: Train Epoch 43: 20/1641 Loss: 0.306941
2026-08-17 19:44: Train Epoch 43: 40/1641 Loss: 0.315804
2026-08-17 19:44: Train Epoch 43: 60/1641 Loss: 0.305834
2026-08-17 19:44: Train Epoch 43: 80/1641 Loss: 0.302557
2026-08-17 19:44: Train Epoch 43: 100/1641 Loss: 0.303498
2026-08-17 19:45: Train Epoch 43: 120/1641 Loss: 0.274073
2026-08-17 19:45: Train Epoch 43: 140/1641 Loss: 0.302054
2026-08-17 19:45: Train Epoch 43: 160/1641 Loss: 0.299424
2026-08-17 19:45: Train Epoch 43: 180/1641 Loss: 0.287952
2026-08-17 19:45: Train Epoch 43: 200/1641 Loss: 0.288834
2026-08-17 19:45: Train Epoch 43: 220/1641 Loss: 0.294003
2026-08-17 19:45: Train Epoch 43: 240/1641 Loss: 0.290054
2026-08-17 19:45: Train Epoch 43: 260/1641 Loss: 0.286118
2026-08-17 19:45: Train Epoch 43: 280/1641 Loss: 0.268609
2026-08-17 19:45: Train Epoch 43: 300/1641 Loss: 0.325355
2026-08-17 19:45: Train Epoch 43: 320/1641 Loss: 0.305883
2026-08-17 19:45: Train Epoch 43: 340/1641 Loss: 0.282950
2026-08-17 19:45: Train Epoch 43: 360/1641 Loss: 0.294467
2026-08-17 19:45: Train Epoch 43: 380/1641 Loss: 0.271375
2026-08-17 19:45: Train Epoch 43: 400/1641 Loss: 0.288926
2026-08-17 19:45: Train Epoch 43: 420/1641 Loss: 0.305856
2026-08-17 19:45: Train Epoch 43: 440/1641 Loss: 0.284064
2026-08-17 19:45: Train Epoch 43: 460/1641 Loss: 0.281749
2026-08-17 19:45: Train Epoch 43: 480/1641 Loss: 0.289030
2026-08-17 19:45: Train Epoch 43: 500/1641 Loss: 0.305558
2026-08-17 19:45: Train Epoch 43: 520/1641 Loss: 0.294118
2026-08-17 19:45: Train Epoch 43: 540/1641 Loss: 0.278763
2026-08-17 19:45: Train Epoch 43: 560/1641 Loss: 0.298669
2026-08-17 19:46: Train Epoch 43: 580/1641 Loss: 0.272045
2026-08-17 19:46: Train Epoch 43: 600/1641 Loss: 0.300892
2026-08-17 19:46: Train Epoch 43: 620/1641 Loss: 0.286106
2026-08-17 19:46: Train Epoch 43: 640/1641 Loss: 0.293608
2026-08-17 19:46: Train Epoch 43: 660/1641 Loss: 0.271753
2026-08-17 19:46: Train Epoch 43: 680/1641 Loss: 0.304718
2026-08-17 19:46: Train Epoch 43: 700/1641 Loss: 0.296397
2026-08-17 19:46: Train Epoch 43: 720/1641 Loss: 0.316270
2026-08-17 19:46: Train Epoch 43: 740/1641 Loss: 0.296372
2026-08-17 19:46: Train Epoch 43: 760/1641 Loss: 0.296036
2026-08-17 19:46: Train Epoch 43: 780/1641 Loss: 0.300558
2026-08-17 19:46: Train Epoch 43: 800/1641 Loss: 0.287849
2026-08-17 19:46: Train Epoch 43: 820/1641 Loss: 0.286762
2026-08-17 19:46: Train Epoch 43: 840/1641 Loss: 0.277829
2026-08-17 19:46: Train Epoch 43: 860/1641 Loss: 0.303370
2026-08-17 19:46: Train Epoch 43: 880/1641 Loss: 0.301579
2026-08-17 19:46: Train Epoch 43: 900/1641 Loss: 0.304971
2026-08-17 19:46: Train Epoch 43: 920/1641 Loss: 0.304345
2026-08-17 19:46: Train Epoch 43: 940/1641 Loss: 0.296902
2026-08-17 19:46: Train Epoch 43: 960/1641 Loss: 0.294961
2026-08-17 19:46: Train Epoch 43: 980/1641 Loss: 0.318979
2026-08-17 19:46: Train Epoch 43: 1000/1641 Loss: 0.288449
2026-08-17 19:47: Train Epoch 43: 1020/1641 Loss: 0.282609
2026-08-17 19:47: Train Epoch 43: 1040/1641 Loss: 0.283882
2026-08-17 19:47: Train Epoch 43: 1060/1641 Loss: 0.278676
2026-08-17 19:47: Train Epoch 43: 1080/1641 Loss: 0.294444
2026-08-17 19:47: Train Epoch 43: 1100/1641 Loss: 0.307869
2026-08-17 19:47: Train Epoch 43: 1120/1641 Loss: 0.279519
2026-08-17 19:47: Train Epoch 43: 1140/1641 Loss: 0.303631
2026-08-17 19:47: Train Epoch 43: 1160/1641 Loss: 0.283994
2026-08-17 19:47: Train Epoch 43: 1180/1641 Loss: 0.274976
2026-08-17 19:47: Train Epoch 43: 1200/1641 Loss: 0.319287
2026-08-17 19:47: Train Epoch 43: 1220/1641 Loss: 0.291080
2026-08-17 19:47: Train Epoch 43: 1240/1641 Loss: 0.290850
2026-08-17 19:47: Train Epoch 43: 1260/1641 Loss: 0.289836
2026-08-17 19:47: Train Epoch 43: 1280/1641 Loss: 0.284532
2026-08-17 19:47: Train Epoch 43: 1300/1641 Loss: 0.281032
2026-08-17 19:47: Train Epoch 43: 1320/1641 Loss: 0.310555
2026-08-17 19:47: Train Epoch 43: 1340/1641 Loss: 0.296415
2026-08-17 19:47: Train Epoch 43: 1360/1641 Loss: 0.291918
2026-08-17 19:47: Train Epoch 43: 1380/1641 Loss: 0.294681
2026-08-17 19:47: Train Epoch 43: 1400/1641 Loss: 0.295622
2026-08-17 19:47: Train Epoch 43: 1420/1641 Loss: 0.302183
2026-08-17 19:47: Train Epoch 43: 1440/1641 Loss: 0.290666
2026-08-17 19:48: Train Epoch 43: 1460/1641 Loss: 0.311384
2026-08-17 19:48: Train Epoch 43: 1480/1641 Loss: 0.283660
2026-08-17 19:48: Train Epoch 43: 1500/1641 Loss: 0.282405
2026-08-17 19:48: Train Epoch 43: 1520/1641 Loss: 0.295322
2026-08-17 19:48: Train Epoch 43: 1540/1641 Loss: 0.292178
2026-08-17 19:48: Train Epoch 43: 1560/1641 Loss: 0.292658
2026-08-17 19:48: Train Epoch 43: 1580/1641 Loss: 0.274549
2026-08-17 19:48: Train Epoch 43: 1600/1641 Loss: 0.315679
2026-08-17 19:48: Train Epoch 43: 1620/1641 Loss: 0.286564
2026-08-17 19:48: Train Epoch 43: 1640/1641 Loss: 0.286709
2026-08-17 19:48: **********Train Epoch 43: averaged Loss: 0.292235, tf_ratio: 1.000000
2026-08-17 19:48: **********Val Epoch 43: average Loss: 0.318105
2026-08-17 19:48: Train Epoch 44: 0/1641 Loss: 0.308434
2026-08-17 19:48: Train Epoch 44: 20/1641 Loss: 0.305948
2026-08-17 19:48: Train Epoch 44: 40/1641 Loss: 0.293748
2026-08-17 19:48: Train Epoch 44: 60/1641 Loss: 0.281932
2026-08-17 19:48: Train Epoch 44: 80/1641 Loss: 0.270332
2026-08-17 19:49: Train Epoch 44: 100/1641 Loss: 0.292969
2026-08-17 19:49: Train Epoch 44: 120/1641 Loss: 0.299428
2026-08-17 19:49: Train Epoch 44: 140/1641 Loss: 0.279322
2026-08-17 19:49: Train Epoch 44: 160/1641 Loss: 0.284727
2026-08-17 19:49: Train Epoch 44: 180/1641 Loss: 0.293666
2026-08-17 19:49: Train Epoch 44: 200/1641 Loss: 0.283446
2026-08-17 19:49: Train Epoch 44: 220/1641 Loss: 0.287281
2026-08-17 19:49: Train Epoch 44: 240/1641 Loss: 0.297118
2026-08-17 19:49: Train Epoch 44: 260/1641 Loss: 0.306602
2026-08-17 19:49: Train Epoch 44: 280/1641 Loss: 0.297490
2026-08-17 19:49: Train Epoch 44: 300/1641 Loss: 0.290606
2026-08-17 19:49: Train Epoch 44: 320/1641 Loss: 0.301846
2026-08-17 19:49: Train Epoch 44: 340/1641 Loss: 0.296409
2026-08-17 19:49: Train Epoch 44: 360/1641 Loss: 0.281483
2026-08-17 19:49: Train Epoch 44: 380/1641 Loss: 0.275601
2026-08-17 19:49: Train Epoch 44: 400/1641 Loss: 0.287675
2026-08-17 19:49: Train Epoch 44: 420/1641 Loss: 0.279482
2026-08-17 19:49: Train Epoch 44: 440/1641 Loss: 0.281808
2026-08-17 19:49: Train Epoch 44: 460/1641 Loss: 0.272998
2026-08-17 19:49: Train Epoch 44: 480/1641 Loss: 0.302867
2026-08-17 19:49: Train Epoch 44: 500/1641 Loss: 0.286142
2026-08-17 19:50: Train Epoch 44: 520/1641 Loss: 0.298302
2026-08-17 19:50: Train Epoch 44: 540/1641 Loss: 0.275375
2026-08-17 19:50: Train Epoch 44: 560/1641 Loss: 0.293690
2026-08-17 19:50: Train Epoch 44: 580/1641 Loss: 0.296139
2026-08-17 19:50: Train Epoch 44: 600/1641 Loss: 0.295342
2026-08-17 19:50: Train Epoch 44: 620/1641 Loss: 0.289698
2026-08-17 19:50: Train Epoch 44: 640/1641 Loss: 0.286283
2026-08-17 19:50: Train Epoch 44: 660/1641 Loss: 0.300531
2026-08-17 19:50: Train Epoch 44: 680/1641 Loss: 0.292794
2026-08-17 19:50: Train Epoch 44: 700/1641 Loss: 0.287432
2026-08-17 19:50: Train Epoch 44: 720/1641 Loss: 0.313846
2026-08-17 19:50: Train Epoch 44: 740/1641 Loss: 0.294025
2026-08-17 19:50: Train Epoch 44: 760/1641 Loss: 0.273732
2026-08-17 19:50: Train Epoch 44: 780/1641 Loss: 0.290724
2026-08-17 19:50: Train Epoch 44: 800/1641 Loss: 0.285695
2026-08-17 19:50: Train Epoch 44: 820/1641 Loss: 0.289794
2026-08-17 19:50: Train Epoch 44: 840/1641 Loss: 0.287926
2026-08-17 19:50: Train Epoch 44: 860/1641 Loss: 0.264200
2026-08-17 19:50: Train Epoch 44: 880/1641 Loss: 0.302442
2026-08-17 19:50: Train Epoch 44: 900/1641 Loss: 0.276820
2026-08-17 19:50: Train Epoch 44: 920/1641 Loss: 0.305600
2026-08-17 19:50: Train Epoch 44: 940/1641 Loss: 0.293151
2026-08-17 19:51: Train Epoch 44: 960/1641 Loss: 0.278840
2026-08-17 19:51: Train Epoch 44: 980/1641 Loss: 0.291830
2026-08-17 19:51: Train Epoch 44: 1000/1641 Loss: 0.297414
2026-08-17 19:51: Train Epoch 44: 1020/1641 Loss: 0.294709
2026-08-17 19:51: Train Epoch 44: 1040/1641 Loss: 0.286177
2026-08-17 19:51: Train Epoch 44: 1060/1641 Loss: 0.275007
2026-08-17 19:51: Train Epoch 44: 1080/1641 Loss: 0.315499
2026-08-17 19:51: Train Epoch 44: 1100/1641 Loss: 0.273747
2026-08-17 19:51: Train Epoch 44: 1120/1641 Loss: 0.290437
2026-08-17 19:51: Train Epoch 44: 1140/1641 Loss: 0.285826
2026-08-17 19:51: Train Epoch 44: 1160/1641 Loss: 0.295270
2026-08-17 19:51: Train Epoch 44: 1180/1641 Loss: 0.279194
2026-08-17 19:51: Train Epoch 44: 1200/1641 Loss: 0.299582
2026-08-17 19:51: Train Epoch 44: 1220/1641 Loss: 0.281977
2026-08-17 19:51: Train Epoch 44: 1240/1641 Loss: 0.283424
2026-08-17 19:51: Train Epoch 44: 1260/1641 Loss: 0.300127
2026-08-17 19:51: Train Epoch 44: 1280/1641 Loss: 0.291626
2026-08-17 19:51: Train Epoch 44: 1300/1641 Loss: 0.288482
2026-08-17 19:51: Train Epoch 44: 1320/1641 Loss: 0.288867
2026-08-17 19:51: Train Epoch 44: 1340/1641 Loss: 0.289374
2026-08-17 19:51: Train Epoch 44: 1360/1641 Loss: 0.283909
2026-08-17 19:52: Train Epoch 44: 1380/1641 Loss: 0.290578
2026-08-17 19:52: Train Epoch 44: 1400/1641 Loss: 0.311880
2026-08-17 19:52: Train Epoch 44: 1420/1641 Loss: 0.298674
2026-08-17 19:52: Train Epoch 44: 1440/1641 Loss: 0.302518
2026-08-17 19:52: Train Epoch 44: 1460/1641 Loss: 0.326197
2026-08-17 19:52: Train Epoch 44: 1480/1641 Loss: 0.287719
2026-08-17 19:52: Train Epoch 44: 1500/1641 Loss: 0.273537
2026-08-17 19:52: Train Epoch 44: 1520/1641 Loss: 0.290875
2026-08-17 19:52: Train Epoch 44: 1540/1641 Loss: 0.304560
2026-08-17 19:52: Train Epoch 44: 1560/1641 Loss: 0.285908
2026-08-17 19:52: Train Epoch 44: 1580/1641 Loss: 0.271576
2026-08-17 19:52: Train Epoch 44: 1600/1641 Loss: 0.284162
2026-08-17 19:52: Train Epoch 44: 1620/1641 Loss: 0.299564
2026-08-17 19:52: Train Epoch 44: 1640/1641 Loss: 0.296983
2026-08-17 19:52: **********Train Epoch 44: averaged Loss: 0.291428, tf_ratio: 1.000000
2026-08-17 19:52: **********Val Epoch 44: average Loss: 0.319571
2026-08-17 19:52: Train Epoch 45: 0/1641 Loss: 0.282792
2026-08-17 19:53: Train Epoch 45: 20/1641 Loss: 0.298002
2026-08-17 19:53: Train Epoch 45: 40/1641 Loss: 0.290492
2026-08-17 19:53: Train Epoch 45: 60/1641 Loss: 0.317060
2026-08-17 19:53: Train Epoch 45: 80/1641 Loss: 0.266047
2026-08-17 19:53: Train Epoch 45: 100/1641 Loss: 0.286503
2026-08-17 19:53: Train Epoch 45: 120/1641 Loss: 0.299314
2026-08-17 19:53: Train Epoch 45: 140/1641 Loss: 0.290057
2026-08-17 19:53: Train Epoch 45: 160/1641 Loss: 0.282703
2026-08-17 19:53: Train Epoch 45: 180/1641 Loss: 0.290964
2026-08-17 19:53: Train Epoch 45: 200/1641 Loss: 0.286846
2026-08-17 19:53: Train Epoch 45: 220/1641 Loss: 0.320191
2026-08-17 19:53: Train Epoch 45: 240/1641 Loss: 0.274639
2026-08-17 19:53: Train Epoch 45: 260/1641 Loss: 0.286369
2026-08-17 19:53: Train Epoch 45: 280/1641 Loss: 0.285405
2026-08-17 19:53: Train Epoch 45: 300/1641 Loss: 0.293613
2026-08-17 19:53: Train Epoch 45: 320/1641 Loss: 0.301060
2026-08-17 19:53: Train Epoch 45: 340/1641 Loss: 0.300084
2026-08-17 19:53: Train Epoch 45: 360/1641 Loss: 0.284204
2026-08-17 19:53: Train Epoch 45: 380/1641 Loss: 0.274802
2026-08-17 19:53: Train Epoch 45: 400/1641 Loss: 0.293314
2026-08-17 19:53: Train Epoch 45: 420/1641 Loss: 0.274374
2026-08-17 19:53: Train Epoch 45: 440/1641 Loss: 0.275886
2026-08-17 19:54: Train Epoch 45: 460/1641 Loss: 0.306078
2026-08-17 19:54: Train Epoch 45: 480/1641 Loss: 0.297796
2026-08-17 19:54: Train Epoch 45: 500/1641 Loss: 0.293150
2026-08-17 19:54: Train Epoch 45: 520/1641 Loss: 0.272470
2026-08-17 19:54: Train Epoch 45: 540/1641 Loss: 0.302352
2026-08-17 19:54: Train Epoch 45: 560/1641 Loss: 0.320777
2026-08-17 19:54: Train Epoch 45: 580/1641 Loss: 0.299518
2026-08-17 19:54: Train Epoch 45: 600/1641 Loss: 0.282418
2026-08-17 19:54: Train Epoch 45: 620/1641 Loss: 0.286086
2026-08-17 19:54: Train Epoch 45: 640/1641 Loss: 0.284091
2026-08-17 19:54: Train Epoch 45: 660/1641 Loss: 0.284363
2026-08-17 19:54: Train Epoch 45: 680/1641 Loss: 0.287909
2026-08-17 19:54: Train Epoch 45: 700/1641 Loss: 0.279889
2026-08-17 19:54: Train Epoch 45: 720/1641 Loss: 0.305208
2026-08-17 19:54: Train Epoch 45: 740/1641 Loss: 0.288564
2026-08-17 19:54: Train Epoch 45: 760/1641 Loss: 0.309536
2026-08-17 19:54: Train Epoch 45: 780/1641 Loss: 0.285959
2026-08-17 19:54: Train Epoch 45: 800/1641 Loss: 0.275068
2026-08-17 19:54: Train Epoch 45: 820/1641 Loss: 0.300603
2026-08-17 19:54: Train Epoch 45: 840/1641 Loss: 0.298025
2026-08-17 19:54: Train Epoch 45: 860/1641 Loss: 0.295373
2026-08-17 19:54: Train Epoch 45: 880/1641 Loss: 0.287542
2026-08-17 19:55: Train Epoch 45: 900/1641 Loss: 0.275898
2026-08-17 19:55: Train Epoch 45: 920/1641 Loss: 0.286568
2026-08-17 19:55: Train Epoch 45: 940/1641 Loss: 0.303908
2026-08-17 19:55: Train Epoch 45: 960/1641 Loss: 0.285445
2026-08-17 19:55: Train Epoch 45: 980/1641 Loss: 0.304242
2026-08-17 19:55: Train Epoch 45: 1000/1641 Loss: 0.295002
2026-08-17 19:55: Train Epoch 45: 1020/1641 Loss: 0.292127
2026-08-17 19:55: Train Epoch 45: 1040/1641 Loss: 0.293880
2026-08-17 19:55: Train Epoch 45: 1060/1641 Loss: 0.296246
2026-08-17 19:55: Train Epoch 45: 1080/1641 Loss: 0.279421
2026-08-17 19:55: Train Epoch 45: 1100/1641 Loss: 0.299312
2026-08-17 19:55: Train Epoch 45: 1120/1641 Loss: 0.279038
2026-08-17 19:55: Train Epoch 45: 1140/1641 Loss: 0.282807
2026-08-17 19:55: Train Epoch 45: 1160/1641 Loss: 0.274408
2026-08-17 19:55: Train Epoch 45: 1180/1641 Loss: 0.298181
2026-08-17 19:55: Train Epoch 45: 1200/1641 Loss: 0.290689
2026-08-17 19:55: Train Epoch 45: 1220/1641 Loss: 0.285700
2026-08-17 19:55: Train Epoch 45: 1240/1641 Loss: 0.296387
2026-08-17 19:55: Train Epoch 45: 1260/1641 Loss: 0.279318
2026-08-17 19:55: Train Epoch 45: 1280/1641 Loss: 0.260734
2026-08-17 19:55: Train Epoch 45: 1300/1641 Loss: 0.285676
2026-08-17 19:55: Train Epoch 45: 1320/1641 Loss: 0.287106
2026-08-17 19:56: Train Epoch 45: 1340/1641 Loss: 0.293864
2026-08-17 19:56: Train Epoch 45: 1360/1641 Loss: 0.281172
2026-08-17 19:56: Train Epoch 45: 1380/1641 Loss: 0.291941
2026-08-17 19:56: Train Epoch 45: 1400/1641 Loss: 0.287963
2026-08-17 19:56: Train Epoch 45: 1420/1641 Loss: 0.285941
2026-08-17 19:56: Train Epoch 45: 1440/1641 Loss: 0.295284
2026-08-17 19:56: Train Epoch 45: 1460/1641 Loss: 0.272533
2026-08-17 19:56: Train Epoch 45: 1480/1641 Loss: 0.284268
2026-08-17 19:56: Train Epoch 45: 1500/1641 Loss: 0.301888
2026-08-17 19:56: Train Epoch 45: 1520/1641 Loss: 0.283793
2026-08-17 19:56: Train Epoch 45: 1540/1641 Loss: 0.296011
2026-08-17 19:56: Train Epoch 45: 1560/1641 Loss: 0.279753
2026-08-17 19:56: Train Epoch 45: 1580/1641 Loss: 0.305161
2026-08-17 19:56: Train Epoch 45: 1600/1641 Loss: 0.312330
2026-08-17 19:56: Train Epoch 45: 1620/1641 Loss: 0.278124
2026-08-17 19:56: Train Epoch 45: 1640/1641 Loss: 0.287222
2026-08-17 19:56: **********Train Epoch 45: averaged Loss: 0.290577, tf_ratio: 1.000000
2026-08-17 19:57: **********Val Epoch 45: average Loss: 0.319634
2026-08-17 19:57: Validation performance didn't improve for 15 epochs. Training stops.
2026-08-17 19:57: Total training time: 183.8422min, best loss: 0.314441
2026-08-17 19:57: Saving current best model to /scratch/chkkar002/Diffusion_Based_STGNNs/AGCRN/model/experiments/SAWS/trial2_20260817165312/best_model.pth
2026-08-17 19:57: Horizon 01, MAE: 0.13, RMSE: 0.18, MAPE: 66.3080%
2026-08-17 19:57: Horizon 02, MAE: 0.16, RMSE: 0.23, MAPE: 90.2546%
2026-08-17 19:57: Horizon 03, MAE: 0.19, RMSE: 0.26, MAPE: 103.5513%
2026-08-17 19:57: Horizon 04, MAE: 0.21, RMSE: 0.29, MAPE: 117.0404%
2026-08-17 19:57: Horizon 05, MAE: 0.23, RMSE: 0.32, MAPE: 127.9097%
2026-08-17 19:57: Horizon 06, MAE: 0.25, RMSE: 0.34, MAPE: 136.3976%
2026-08-17 19:57: Horizon 07, MAE: 0.26, RMSE: 0.35, MAPE: 140.8792%
2026-08-17 19:57: Horizon 08, MAE: 0.27, RMSE: 0.37, MAPE: 146.0492%
2026-08-17 19:57: Horizon 09, MAE: 0.28, RMSE: 0.38, MAPE: 151.5211%
2026-08-17 19:57: Horizon 10, MAE: 0.29, RMSE: 0.39, MAPE: 158.7514%
2026-08-17 19:57: Horizon 11, MAE: 0.29, RMSE: 0.39, MAPE: 162.1384%
2026-08-17 19:57: Horizon 12, MAE: 0.30, RMSE: 0.40, MAPE: 164.5453%
2026-08-17 19:57: Horizon 13, MAE: 0.30, RMSE: 0.41, MAPE: 169.4109%
2026-08-17 19:57: Horizon 14, MAE: 0.30, RMSE: 0.41, MAPE: 173.9859%
2026-08-17 19:57: Horizon 15, MAE: 0.31, RMSE: 0.42, MAPE: 178.8989%
2026-08-17 19:57: Horizon 16, MAE: 0.31, RMSE: 0.42, MAPE: 181.4857%
2026-08-17 19:57: Horizon 17, MAE: 0.31, RMSE: 0.42, MAPE: 181.6189%
2026-08-17 19:57: Horizon 18, MAE: 0.31, RMSE: 0.43, MAPE: 182.2925%
2026-08-17 19:57: Horizon 19, MAE: 0.32, RMSE: 0.43, MAPE: 180.6111%
2026-08-17 19:57: Horizon 20, MAE: 0.32, RMSE: 0.43, MAPE: 181.9239%
2026-08-17 19:57: Horizon 21, MAE: 0.32, RMSE: 0.44, MAPE: 184.2219%
2026-08-17 19:57: Horizon 22, MAE: 0.32, RMSE: 0.44, MAPE: 183.0863%
2026-08-17 19:57: Horizon 23, MAE: 0.33, RMSE: 0.44, MAPE: 182.1068%
2026-08-17 19:57: Horizon 24, MAE: 0.33, RMSE: 0.45, MAPE: 183.3042%
2026-08-17 19:57: Horizon 25, MAE: 0.34, RMSE: 0.45, MAPE: 183.8669%
2026-08-17 19:57: Horizon 26, MAE: 0.34, RMSE: 0.46, MAPE: 185.1718%
2026-08-17 19:57: Horizon 27, MAE: 0.35, RMSE: 0.47, MAPE: 186.7763%
2026-08-17 19:57: Horizon 28, MAE: 0.35, RMSE: 0.47, MAPE: 187.2580%
2026-08-17 19:57: Horizon 29, MAE: 0.36, RMSE: 0.48, MAPE: 187.4851%
2026-08-17 19:57: Horizon 30, MAE: 0.36, RMSE: 0.48, MAPE: 187.7940%
2026-08-17 19:57: Horizon 31, MAE: 0.36, RMSE: 0.49, MAPE: 189.7009%
2026-08-17 19:57: Horizon 32, MAE: 0.37, RMSE: 0.49, MAPE: 191.1301%
2026-08-17 19:57: Horizon 33, MAE: 0.37, RMSE: 0.50, MAPE: 192.9591%
2026-08-17 19:57: Horizon 34, MAE: 0.37, RMSE: 0.50, MAPE: 193.6889%
2026-08-17 19:57: Horizon 35, MAE: 0.38, RMSE: 0.50, MAPE: 193.9484%
2026-08-17 19:57: Horizon 36, MAE: 0.38, RMSE: 0.51, MAPE: 193.0680%
2026-08-17 19:57: Horizon 37, MAE: 0.38, RMSE: 0.51, MAPE: 193.2964%
2026-08-17 19:57: Horizon 38, MAE: 0.38, RMSE: 0.51, MAPE: 197.9790%
2026-08-17 19:57: Horizon 39, MAE: 0.38, RMSE: 0.51, MAPE: 200.5533%
2026-08-17 19:57: Horizon 40, MAE: 0.38, RMSE: 0.51, MAPE: 201.3477%
2026-08-17 19:57: Horizon 41, MAE: 0.38, RMSE: 0.51, MAPE: 202.9781%
2026-08-17 19:57: Horizon 42, MAE: 0.39, RMSE: 0.52, MAPE: 203.0585%
2026-08-17 19:57: Horizon 43, MAE: 0.39, RMSE: 0.52, MAPE: 202.6551%
2026-08-17 19:57: Horizon 44, MAE: 0.39, RMSE: 0.52, MAPE: 205.3201%
2026-08-17 19:57: Horizon 45, MAE: 0.39, RMSE: 0.52, MAPE: 207.5224%
2026-08-17 19:57: Horizon 46, MAE: 0.39, RMSE: 0.52, MAPE: 209.0302%
2026-08-17 19:57: Horizon 47, MAE: 0.39, RMSE: 0.52, MAPE: 209.1180%
2026-08-17 19:57: Horizon 48, MAE: 0.39, RMSE: 0.52, MAPE: 212.2679%
2026-08-17 19:57: Average Horizon, MAE: 0.33, RMSE: 0.45, MAPE: 175.9687%
