2026-08-19 14:12: Experiment log path in: /scratch/chkkar002/Diffusion_Based_STGNNs/AGCRN/model/experiments/SAWS/20260819141209
2026-08-19 14:12: Train Epoch 1: 0/1641 Loss: 0.977491
2026-08-19 14:12: Train Epoch 1: 20/1641 Loss: 0.995180
2026-08-19 14:12: Train Epoch 1: 40/1641 Loss: 0.910968
2026-08-19 14:12: Train Epoch 1: 60/1641 Loss: 0.778808
2026-08-19 14:12: Train Epoch 1: 80/1641 Loss: 0.735974
2026-08-19 14:12: Train Epoch 1: 100/1641 Loss: 0.796897
2026-08-19 14:12: Train Epoch 1: 120/1641 Loss: 0.717937
2026-08-19 14:12: Train Epoch 1: 140/1641 Loss: 0.682364
2026-08-19 14:12: Train Epoch 1: 160/1641 Loss: 0.669975
2026-08-19 14:12: Train Epoch 1: 180/1641 Loss: 0.648712
2026-08-19 14:12: Train Epoch 1: 200/1641 Loss: 0.655015
2026-08-19 14:12: Train Epoch 1: 220/1641 Loss: 0.641000
2026-08-19 14:12: Train Epoch 1: 240/1641 Loss: 0.667467
2026-08-19 14:12: Train Epoch 1: 260/1641 Loss: 0.639697
2026-08-19 14:12: Train Epoch 1: 280/1641 Loss: 0.624460
2026-08-19 14:12: Train Epoch 1: 300/1641 Loss: 0.606225
2026-08-19 14:12: Train Epoch 1: 320/1641 Loss: 0.664368
2026-08-19 14:13: Train Epoch 1: 340/1641 Loss: 0.582976
2026-08-19 14:13: Train Epoch 1: 360/1641 Loss: 0.630713
2026-08-19 14:13: Train Epoch 1: 380/1641 Loss: 0.593978
2026-08-19 14:13: Train Epoch 1: 400/1641 Loss: 0.577921
2026-08-19 14:13: Train Epoch 1: 420/1641 Loss: 0.543102
2026-08-19 14:13: Train Epoch 1: 440/1641 Loss: 0.471952
2026-08-19 14:13: Train Epoch 1: 460/1641 Loss: 0.503802
2026-08-19 14:13: Train Epoch 1: 480/1641 Loss: 0.462771
2026-08-19 14:13: Train Epoch 1: 500/1641 Loss: 0.442463
2026-08-19 14:13: Train Epoch 1: 520/1641 Loss: 0.458858
2026-08-19 14:13: Train Epoch 1: 540/1641 Loss: 0.451959
2026-08-19 14:13: Train Epoch 1: 560/1641 Loss: 0.450216
2026-08-19 14:13: Train Epoch 1: 580/1641 Loss: 0.382166
2026-08-19 14:13: Train Epoch 1: 600/1641 Loss: 0.419935
2026-08-19 14:13: Train Epoch 1: 620/1641 Loss: 0.394104
2026-08-19 14:13: Train Epoch 1: 640/1641 Loss: 0.429162
2026-08-19 14:13: Train Epoch 1: 660/1641 Loss: 0.434513
2026-08-19 14:13: Train Epoch 1: 680/1641 Loss: 0.419502
2026-08-19 14:13: Train Epoch 1: 700/1641 Loss: 0.429935
2026-08-19 14:13: Train Epoch 1: 720/1641 Loss: 0.408960
2026-08-19 14:13: Train Epoch 1: 740/1641 Loss: 0.396257
2026-08-19 14:14: Train Epoch 1: 760/1641 Loss: 0.373629
2026-08-19 14:14: Train Epoch 1: 780/1641 Loss: 0.384223
2026-08-19 14:14: Train Epoch 1: 800/1641 Loss: 0.402045
2026-08-19 14:14: Train Epoch 1: 820/1641 Loss: 0.403886
2026-08-19 14:14: Train Epoch 1: 840/1641 Loss: 0.436524
2026-08-19 14:14: Train Epoch 1: 860/1641 Loss: 0.399718
2026-08-19 14:14: Train Epoch 1: 880/1641 Loss: 0.405479
2026-08-19 14:14: Train Epoch 1: 900/1641 Loss: 0.394154
2026-08-19 14:14: Train Epoch 1: 920/1641 Loss: 0.358494
2026-08-19 14:14: Train Epoch 1: 940/1641 Loss: 0.387496
2026-08-19 14:14: Train Epoch 1: 960/1641 Loss: 0.369540
2026-08-19 14:14: Train Epoch 1: 980/1641 Loss: 0.399287
2026-08-19 14:14: Train Epoch 1: 1000/1641 Loss: 0.382881
2026-08-19 14:14: Train Epoch 1: 1020/1641 Loss: 0.398444
2026-08-19 14:14: Train Epoch 1: 1040/1641 Loss: 0.363522
2026-08-19 14:14: Train Epoch 1: 1060/1641 Loss: 0.381444
2026-08-19 14:14: Train Epoch 1: 1080/1641 Loss: 0.398362
2026-08-19 14:14: Train Epoch 1: 1100/1641 Loss: 0.376016
2026-08-19 14:14: Train Epoch 1: 1120/1641 Loss: 0.374007
2026-08-19 14:14: Train Epoch 1: 1140/1641 Loss: 0.364481
2026-08-19 14:14: Train Epoch 1: 1160/1641 Loss: 0.371338
2026-08-19 14:15: Train Epoch 1: 1180/1641 Loss: 0.423371
2026-08-19 14:15: Train Epoch 1: 1200/1641 Loss: 0.366280
2026-08-19 14:15: Train Epoch 1: 1220/1641 Loss: 0.367717
2026-08-19 14:15: Train Epoch 1: 1240/1641 Loss: 0.354540
2026-08-19 14:15: Train Epoch 1: 1260/1641 Loss: 0.342564
2026-08-19 14:15: Train Epoch 1: 1280/1641 Loss: 0.353526
2026-08-19 14:15: Train Epoch 1: 1300/1641 Loss: 0.350980
2026-08-19 14:15: Train Epoch 1: 1320/1641 Loss: 0.363061
2026-08-19 14:15: Train Epoch 1: 1340/1641 Loss: 0.393415
2026-08-19 14:15: Train Epoch 1: 1360/1641 Loss: 0.347395
2026-08-19 14:15: Train Epoch 1: 1380/1641 Loss: 0.376188
2026-08-19 14:15: Train Epoch 1: 1400/1641 Loss: 0.353501
2026-08-19 14:15: Train Epoch 1: 1420/1641 Loss: 0.339045
2026-08-19 14:15: Train Epoch 1: 1440/1641 Loss: 0.348135
2026-08-19 14:15: Train Epoch 1: 1460/1641 Loss: 0.356450
2026-08-19 14:15: Train Epoch 1: 1480/1641 Loss: 0.363815
2026-08-19 14:15: Train Epoch 1: 1500/1641 Loss: 0.361312
2026-08-19 14:15: Train Epoch 1: 1520/1641 Loss: 0.390085
2026-08-19 14:15: Train Epoch 1: 1540/1641 Loss: 0.368671
2026-08-19 14:15: Train Epoch 1: 1560/1641 Loss: 0.386411
2026-08-19 14:15: Train Epoch 1: 1580/1641 Loss: 0.373134
2026-08-19 14:15: Train Epoch 1: 1600/1641 Loss: 0.355342
2026-08-19 14:16: Train Epoch 1: 1620/1641 Loss: 0.345791
2026-08-19 14:16: Train Epoch 1: 1640/1641 Loss: 0.379139
2026-08-19 14:16: **********Train Epoch 1: averaged Loss: 0.466525, tf_ratio: 0.998866
2026-08-19 14:16: **********Val Epoch 1: average Loss: 0.352032
2026-08-19 14:16: *********************************Current best model saved!
2026-08-19 14:16: Train Epoch 2: 0/1641 Loss: 0.330382
2026-08-19 14:16: Train Epoch 2: 20/1641 Loss: 0.356416
2026-08-19 14:16: Train Epoch 2: 40/1641 Loss: 0.343792
2026-08-19 14:16: Train Epoch 2: 60/1641 Loss: 0.357086
2026-08-19 14:16: Train Epoch 2: 80/1641 Loss: 0.389985
2026-08-19 14:16: Train Epoch 2: 100/1641 Loss: 0.367231
2026-08-19 14:16: Train Epoch 2: 120/1641 Loss: 0.342638
2026-08-19 14:16: Train Epoch 2: 140/1641 Loss: 0.329353
2026-08-19 14:16: Train Epoch 2: 160/1641 Loss: 0.390240
2026-08-19 14:16: Train Epoch 2: 180/1641 Loss: 0.382197
2026-08-19 14:16: Train Epoch 2: 200/1641 Loss: 0.322263
2026-08-19 14:16: Train Epoch 2: 220/1641 Loss: 0.358545
2026-08-19 14:17: Train Epoch 2: 240/1641 Loss: 0.331129
2026-08-19 14:17: Train Epoch 2: 260/1641 Loss: 0.340558
2026-08-19 14:17: Train Epoch 2: 280/1641 Loss: 0.350401
2026-08-19 14:17: Train Epoch 2: 300/1641 Loss: 0.354045
2026-08-19 14:17: Train Epoch 2: 320/1641 Loss: 0.373397
2026-08-19 14:17: Train Epoch 2: 340/1641 Loss: 0.329264
2026-08-19 14:17: Train Epoch 2: 360/1641 Loss: 0.357242
2026-08-19 14:17: Train Epoch 2: 380/1641 Loss: 0.350777
2026-08-19 14:17: Train Epoch 2: 400/1641 Loss: 0.354089
2026-08-19 14:17: Train Epoch 2: 420/1641 Loss: 0.334442
2026-08-19 14:17: Train Epoch 2: 440/1641 Loss: 0.364045
2026-08-19 14:17: Train Epoch 2: 460/1641 Loss: 0.358874
2026-08-19 14:17: Train Epoch 2: 480/1641 Loss: 0.334219
2026-08-19 14:17: Train Epoch 2: 500/1641 Loss: 0.337109
2026-08-19 14:17: Train Epoch 2: 520/1641 Loss: 0.341571
2026-08-19 14:17: Train Epoch 2: 540/1641 Loss: 0.352002
2026-08-19 14:17: Train Epoch 2: 560/1641 Loss: 0.357833
2026-08-19 14:17: Train Epoch 2: 580/1641 Loss: 0.356706
2026-08-19 14:17: Train Epoch 2: 600/1641 Loss: 0.361254
2026-08-19 14:17: Train Epoch 2: 620/1641 Loss: 0.355934
2026-08-19 14:17: Train Epoch 2: 640/1641 Loss: 0.328330
2026-08-19 14:18: Train Epoch 2: 660/1641 Loss: 0.326889
2026-08-19 14:18: Train Epoch 2: 680/1641 Loss: 0.339635
2026-08-19 14:18: Train Epoch 2: 700/1641 Loss: 0.346436
2026-08-19 14:18: Train Epoch 2: 720/1641 Loss: 0.331585
2026-08-19 14:18: Train Epoch 2: 740/1641 Loss: 0.309344
2026-08-19 14:18: Train Epoch 2: 760/1641 Loss: 0.358911
2026-08-19 14:18: Train Epoch 2: 780/1641 Loss: 0.368662
2026-08-19 14:18: Train Epoch 2: 800/1641 Loss: 0.346761
2026-08-19 14:18: Train Epoch 2: 820/1641 Loss: 0.391562
2026-08-19 14:18: Train Epoch 2: 840/1641 Loss: 0.315241
2026-08-19 14:18: Train Epoch 2: 860/1641 Loss: 0.321035
2026-08-19 14:18: Train Epoch 2: 880/1641 Loss: 0.352326
2026-08-19 14:18: Train Epoch 2: 900/1641 Loss: 0.327974
2026-08-19 14:18: Train Epoch 2: 920/1641 Loss: 0.354379
2026-08-19 14:18: Train Epoch 2: 940/1641 Loss: 0.363248
2026-08-19 14:18: Train Epoch 2: 960/1641 Loss: 0.321007
2026-08-19 14:18: Train Epoch 2: 980/1641 Loss: 0.331416
2026-08-19 14:18: Train Epoch 2: 1000/1641 Loss: 0.373176
2026-08-19 14:18: Train Epoch 2: 1020/1641 Loss: 0.359306
2026-08-19 14:18: Train Epoch 2: 1040/1641 Loss: 0.342203
2026-08-19 14:18: Train Epoch 2: 1060/1641 Loss: 0.336816
2026-08-19 14:18: Train Epoch 2: 1080/1641 Loss: 0.328189
2026-08-19 14:19: Train Epoch 2: 1100/1641 Loss: 0.321823
2026-08-19 14:19: Train Epoch 2: 1120/1641 Loss: 0.349534
2026-08-19 14:19: Train Epoch 2: 1140/1641 Loss: 0.342762
2026-08-19 14:19: Train Epoch 2: 1160/1641 Loss: 0.343960
2026-08-19 14:19: Train Epoch 2: 1180/1641 Loss: 0.333230
2026-08-19 14:19: Train Epoch 2: 1200/1641 Loss: 0.382630
2026-08-19 14:19: Train Epoch 2: 1220/1641 Loss: 0.353287
2026-08-19 14:19: Train Epoch 2: 1240/1641 Loss: 0.345000
2026-08-19 14:19: Train Epoch 2: 1260/1641 Loss: 0.333017
2026-08-19 14:19: Train Epoch 2: 1280/1641 Loss: 0.312024
2026-08-19 14:19: Train Epoch 2: 1300/1641 Loss: 0.349831
2026-08-19 14:19: Train Epoch 2: 1320/1641 Loss: 0.332332
2026-08-19 14:19: Train Epoch 2: 1340/1641 Loss: 0.338764
2026-08-19 14:19: Train Epoch 2: 1360/1641 Loss: 0.316312
2026-08-19 14:19: Train Epoch 2: 1380/1641 Loss: 0.338753
2026-08-19 14:19: Train Epoch 2: 1400/1641 Loss: 0.345193
2026-08-19 14:19: Train Epoch 2: 1420/1641 Loss: 0.340043
2026-08-19 14:19: Train Epoch 2: 1440/1641 Loss: 0.320755
2026-08-19 14:19: Train Epoch 2: 1460/1641 Loss: 0.340781
2026-08-19 14:19: Train Epoch 2: 1480/1641 Loss: 0.327050
2026-08-19 14:20: Train Epoch 2: 1500/1641 Loss: 0.319103
2026-08-19 14:20: Train Epoch 2: 1520/1641 Loss: 0.347266
2026-08-19 14:20: Train Epoch 2: 1540/1641 Loss: 0.347818
2026-08-19 14:20: Train Epoch 2: 1560/1641 Loss: 0.322054
2026-08-19 14:20: Train Epoch 2: 1580/1641 Loss: 0.348289
2026-08-19 14:20: Train Epoch 2: 1600/1641 Loss: 0.325954
2026-08-19 14:20: Train Epoch 2: 1620/1641 Loss: 0.344439
2026-08-19 14:20: Train Epoch 2: 1640/1641 Loss: 0.360549
2026-08-19 14:20: **********Train Epoch 2: averaged Loss: 0.344154, tf_ratio: 0.997428
2026-08-19 14:20: **********Val Epoch 2: average Loss: 0.332214
2026-08-19 14:20: *********************************Current best model saved!
2026-08-19 14:20: Train Epoch 3: 0/1641 Loss: 0.328622
2026-08-19 14:20: Train Epoch 3: 20/1641 Loss: 0.331543
2026-08-19 14:20: Train Epoch 3: 40/1641 Loss: 0.335144
2026-08-19 14:20: Train Epoch 3: 60/1641 Loss: 0.339107
2026-08-19 14:20: Train Epoch 3: 80/1641 Loss: 0.335260
2026-08-19 14:20: Train Epoch 3: 100/1641 Loss: 0.332244
2026-08-19 14:20: Train Epoch 3: 120/1641 Loss: 0.341317
2026-08-19 14:21: Train Epoch 3: 140/1641 Loss: 0.331902
2026-08-19 14:21: Train Epoch 3: 160/1641 Loss: 0.332353
2026-08-19 14:21: Train Epoch 3: 180/1641 Loss: 0.332474
2026-08-19 14:21: Train Epoch 3: 200/1641 Loss: 0.316928
2026-08-19 14:21: Train Epoch 3: 220/1641 Loss: 0.336938
2026-08-19 14:21: Train Epoch 3: 240/1641 Loss: 0.325724
2026-08-19 14:21: Train Epoch 3: 260/1641 Loss: 0.352103
2026-08-19 14:21: Train Epoch 3: 280/1641 Loss: 0.324483
2026-08-19 14:21: Train Epoch 3: 300/1641 Loss: 0.323147
2026-08-19 14:21: Train Epoch 3: 320/1641 Loss: 0.335291
2026-08-19 14:21: Train Epoch 3: 340/1641 Loss: 0.335923
2026-08-19 14:21: Train Epoch 3: 360/1641 Loss: 0.342583
2026-08-19 14:21: Train Epoch 3: 380/1641 Loss: 0.365795
2026-08-19 14:21: Train Epoch 3: 400/1641 Loss: 0.316351
2026-08-19 14:21: Train Epoch 3: 420/1641 Loss: 0.350908
2026-08-19 14:21: Train Epoch 3: 440/1641 Loss: 0.346533
2026-08-19 14:21: Train Epoch 3: 460/1641 Loss: 0.350302
2026-08-19 14:21: Train Epoch 3: 480/1641 Loss: 0.339626
2026-08-19 14:21: Train Epoch 3: 500/1641 Loss: 0.305804
2026-08-19 14:21: Train Epoch 3: 520/1641 Loss: 0.321023
2026-08-19 14:21: Train Epoch 3: 540/1641 Loss: 0.347029
2026-08-19 14:22: Train Epoch 3: 560/1641 Loss: 0.296745
2026-08-19 14:22: Train Epoch 3: 580/1641 Loss: 0.314894
2026-08-19 14:22: Train Epoch 3: 600/1641 Loss: 0.342778
2026-08-19 14:22: Train Epoch 3: 620/1641 Loss: 0.305317
2026-08-19 14:22: Train Epoch 3: 640/1641 Loss: 0.337680
2026-08-19 14:22: Train Epoch 3: 660/1641 Loss: 0.332902
2026-08-19 14:22: Train Epoch 3: 680/1641 Loss: 0.311332
2026-08-19 14:22: Train Epoch 3: 700/1641 Loss: 0.327282
2026-08-19 14:22: Train Epoch 3: 720/1641 Loss: 0.351019
2026-08-19 14:22: Train Epoch 3: 740/1641 Loss: 0.315776
2026-08-19 14:22: Train Epoch 3: 760/1641 Loss: 0.329069
2026-08-19 14:22: Train Epoch 3: 780/1641 Loss: 0.332924
2026-08-19 14:22: Train Epoch 3: 800/1641 Loss: 0.342790
2026-08-19 14:22: Train Epoch 3: 820/1641 Loss: 0.355292
2026-08-19 14:22: Train Epoch 3: 840/1641 Loss: 0.319603
2026-08-19 14:22: Train Epoch 3: 860/1641 Loss: 0.340993
2026-08-19 14:22: Train Epoch 3: 880/1641 Loss: 0.348057
2026-08-19 14:22: Train Epoch 3: 900/1641 Loss: 0.321276
2026-08-19 14:22: Train Epoch 3: 920/1641 Loss: 0.349856
2026-08-19 14:22: Train Epoch 3: 940/1641 Loss: 0.321511
2026-08-19 14:22: Train Epoch 3: 960/1641 Loss: 0.328039
2026-08-19 14:23: Train Epoch 3: 980/1641 Loss: 0.357543
2026-08-19 14:23: Train Epoch 3: 1000/1641 Loss: 0.309274
2026-08-19 14:23: Train Epoch 3: 1020/1641 Loss: 0.312264
2026-08-19 14:23: Train Epoch 3: 1040/1641 Loss: 0.334383
2026-08-19 14:23: Train Epoch 3: 1060/1641 Loss: 0.332749
2026-08-19 14:23: Train Epoch 3: 1080/1641 Loss: 0.327641
2026-08-19 14:23: Train Epoch 3: 1100/1641 Loss: 0.327367
2026-08-19 14:23: Train Epoch 3: 1120/1641 Loss: 0.325466
2026-08-19 14:23: Train Epoch 3: 1140/1641 Loss: 0.345125
2026-08-19 14:23: Train Epoch 3: 1160/1641 Loss: 0.342651
2026-08-19 14:23: Train Epoch 3: 1180/1641 Loss: 0.309944
2026-08-19 14:23: Train Epoch 3: 1200/1641 Loss: 0.342921
2026-08-19 14:23: Train Epoch 3: 1220/1641 Loss: 0.285418
2026-08-19 14:23: Train Epoch 3: 1240/1641 Loss: 0.313373
2026-08-19 14:23: Train Epoch 3: 1260/1641 Loss: 0.320736
2026-08-19 14:23: Train Epoch 3: 1280/1641 Loss: 0.310687
2026-08-19 14:23: Train Epoch 3: 1300/1641 Loss: 0.323070
2026-08-19 14:23: Train Epoch 3: 1320/1641 Loss: 0.324574
2026-08-19 14:23: Train Epoch 3: 1340/1641 Loss: 0.321807
2026-08-19 14:23: Train Epoch 3: 1360/1641 Loss: 0.310297
2026-08-19 14:23: Train Epoch 3: 1380/1641 Loss: 0.338495
2026-08-19 14:23: Train Epoch 3: 1400/1641 Loss: 0.338116
2026-08-19 14:24: Train Epoch 3: 1420/1641 Loss: 0.309503
2026-08-19 14:24: Train Epoch 3: 1440/1641 Loss: 0.305023
2026-08-19 14:24: Train Epoch 3: 1460/1641 Loss: 0.334263
2026-08-19 14:24: Train Epoch 3: 1480/1641 Loss: 0.328981
2026-08-19 14:24: Train Epoch 3: 1500/1641 Loss: 0.347675
2026-08-19 14:24: Train Epoch 3: 1520/1641 Loss: 0.295018
2026-08-19 14:24: Train Epoch 3: 1540/1641 Loss: 0.356890
2026-08-19 14:24: Train Epoch 3: 1560/1641 Loss: 0.340958
2026-08-19 14:24: Train Epoch 3: 1580/1641 Loss: 0.333312
2026-08-19 14:24: Train Epoch 3: 1600/1641 Loss: 0.315829
2026-08-19 14:24: Train Epoch 3: 1620/1641 Loss: 0.328266
2026-08-19 14:24: Train Epoch 3: 1640/1641 Loss: 0.325717
2026-08-19 14:24: **********Train Epoch 3: averaged Loss: 0.329419, tf_ratio: 0.994176
2026-08-19 14:24: **********Val Epoch 3: average Loss: 0.324271
2026-08-19 14:24: *********************************Current best model saved!
2026-08-19 14:24: Train Epoch 4: 0/1641 Loss: 0.324374
2026-08-19 14:24: Train Epoch 4: 20/1641 Loss: 0.321618
2026-08-19 14:25: Train Epoch 4: 40/1641 Loss: 0.313954
2026-08-19 14:25: Train Epoch 4: 60/1641 Loss: 0.292607
2026-08-19 14:25: Train Epoch 4: 80/1641 Loss: 0.296830
2026-08-19 14:25: Train Epoch 4: 100/1641 Loss: 0.393281
2026-08-19 14:25: Train Epoch 4: 120/1641 Loss: 0.319624
2026-08-19 14:25: Train Epoch 4: 140/1641 Loss: 0.339262
2026-08-19 14:25: Train Epoch 4: 160/1641 Loss: 0.303089
2026-08-19 14:25: Train Epoch 4: 180/1641 Loss: 0.288431
2026-08-19 14:25: Train Epoch 4: 200/1641 Loss: 0.351312
2026-08-19 14:25: Train Epoch 4: 220/1641 Loss: 0.332727
2026-08-19 14:25: Train Epoch 4: 240/1641 Loss: 0.333488
2026-08-19 14:25: Train Epoch 4: 260/1641 Loss: 0.324974
2026-08-19 14:25: Train Epoch 4: 280/1641 Loss: 0.324807
2026-08-19 14:25: Train Epoch 4: 300/1641 Loss: 0.316916
2026-08-19 14:25: Train Epoch 4: 320/1641 Loss: 0.319562
2026-08-19 14:25: Train Epoch 4: 340/1641 Loss: 0.329073
2026-08-19 14:25: Train Epoch 4: 360/1641 Loss: 0.314120
2026-08-19 14:25: Train Epoch 4: 380/1641 Loss: 0.347213
2026-08-19 14:25: Train Epoch 4: 400/1641 Loss: 0.336702
2026-08-19 14:25: Train Epoch 4: 420/1641 Loss: 0.308060
2026-08-19 14:25: Train Epoch 4: 440/1641 Loss: 0.334593
2026-08-19 14:26: Train Epoch 4: 460/1641 Loss: 0.305568
2026-08-19 14:26: Train Epoch 4: 480/1641 Loss: 0.336733
2026-08-19 14:26: Train Epoch 4: 500/1641 Loss: 0.326965
2026-08-19 14:26: Train Epoch 4: 520/1641 Loss: 0.334652
2026-08-19 14:26: Train Epoch 4: 540/1641 Loss: 0.308762
2026-08-19 14:26: Train Epoch 4: 560/1641 Loss: 0.308910
2026-08-19 14:26: Train Epoch 4: 580/1641 Loss: 0.279387
2026-08-19 14:26: Train Epoch 4: 600/1641 Loss: 0.312910
2026-08-19 14:26: Train Epoch 4: 620/1641 Loss: 0.338651
2026-08-19 14:26: Train Epoch 4: 640/1641 Loss: 0.327979
2026-08-19 14:26: Train Epoch 4: 660/1641 Loss: 0.334298
2026-08-19 14:26: Train Epoch 4: 680/1641 Loss: 0.339191
2026-08-19 14:26: Train Epoch 4: 700/1641 Loss: 0.356891
2026-08-19 14:26: Train Epoch 4: 720/1641 Loss: 0.309458
2026-08-19 14:26: Train Epoch 4: 740/1641 Loss: 0.314707
2026-08-19 14:26: Train Epoch 4: 760/1641 Loss: 0.335079
2026-08-19 14:26: Train Epoch 4: 780/1641 Loss: 0.290245
2026-08-19 14:26: Train Epoch 4: 800/1641 Loss: 0.323710
2026-08-19 14:26: Train Epoch 4: 820/1641 Loss: 0.312923
2026-08-19 14:26: Train Epoch 4: 840/1641 Loss: 0.338646
2026-08-19 14:26: Train Epoch 4: 860/1641 Loss: 0.320236
2026-08-19 14:27: Train Epoch 4: 880/1641 Loss: 0.337832
2026-08-19 14:27: Train Epoch 4: 900/1641 Loss: 0.301448
2026-08-19 14:27: Train Epoch 4: 920/1641 Loss: 0.330767
2026-08-19 14:27: Train Epoch 4: 940/1641 Loss: 0.325320
2026-08-19 14:27: Train Epoch 4: 960/1641 Loss: 0.326645
2026-08-19 14:27: Train Epoch 4: 980/1641 Loss: 0.302271
2026-08-19 14:27: Train Epoch 4: 1000/1641 Loss: 0.313167
2026-08-19 14:27: Train Epoch 4: 1020/1641 Loss: 0.306827
2026-08-19 14:27: Train Epoch 4: 1040/1641 Loss: 0.311241
2026-08-19 14:27: Train Epoch 4: 1060/1641 Loss: 0.324547
2026-08-19 14:27: Train Epoch 4: 1080/1641 Loss: 0.309649
2026-08-19 14:27: Train Epoch 4: 1100/1641 Loss: 0.338791
2026-08-19 14:27: Train Epoch 4: 1120/1641 Loss: 0.338321
2026-08-19 14:27: Train Epoch 4: 1140/1641 Loss: 0.332741
2026-08-19 14:27: Train Epoch 4: 1160/1641 Loss: 0.320357
2026-08-19 14:27: Train Epoch 4: 1180/1641 Loss: 0.320985
2026-08-19 14:27: Train Epoch 4: 1200/1641 Loss: 0.326321
2026-08-19 14:27: Train Epoch 4: 1220/1641 Loss: 0.302559
2026-08-19 14:27: Train Epoch 4: 1240/1641 Loss: 0.291689
2026-08-19 14:27: Train Epoch 4: 1260/1641 Loss: 0.324542
2026-08-19 14:27: Train Epoch 4: 1280/1641 Loss: 0.354031
2026-08-19 14:28: Train Epoch 4: 1300/1641 Loss: 0.333662
2026-08-19 14:28: Train Epoch 4: 1320/1641 Loss: 0.303293
2026-08-19 14:28: Train Epoch 4: 1340/1641 Loss: 0.314788
2026-08-19 14:28: Train Epoch 4: 1360/1641 Loss: 0.298655
2026-08-19 14:28: Train Epoch 4: 1380/1641 Loss: 0.330666
2026-08-19 14:28: Train Epoch 4: 1400/1641 Loss: 0.326203
2026-08-19 14:28: Train Epoch 4: 1420/1641 Loss: 0.297201
2026-08-19 14:28: Train Epoch 4: 1440/1641 Loss: 0.330004
2026-08-19 14:28: Train Epoch 4: 1460/1641 Loss: 0.326368
2026-08-19 14:28: Train Epoch 4: 1480/1641 Loss: 0.309170
2026-08-19 14:28: Train Epoch 4: 1500/1641 Loss: 0.332838
2026-08-19 14:28: Train Epoch 4: 1520/1641 Loss: 0.324494
2026-08-19 14:28: Train Epoch 4: 1540/1641 Loss: 0.329363
2026-08-19 14:28: Train Epoch 4: 1560/1641 Loss: 0.294622
2026-08-19 14:28: Train Epoch 4: 1580/1641 Loss: 0.325364
2026-08-19 14:28: Train Epoch 4: 1600/1641 Loss: 0.332209
2026-08-19 14:28: Train Epoch 4: 1620/1641 Loss: 0.330096
2026-08-19 14:28: Train Epoch 4: 1640/1641 Loss: 0.324292
2026-08-19 14:28: **********Train Epoch 4: averaged Loss: 0.320885, tf_ratio: 0.986867
2026-08-19 14:29: **********Val Epoch 4: average Loss: 0.317780
2026-08-19 14:29: *********************************Current best model saved!
2026-08-19 14:29: Train Epoch 5: 0/1641 Loss: 0.321459
2026-08-19 14:29: Train Epoch 5: 20/1641 Loss: 0.366947
2026-08-19 14:29: Train Epoch 5: 40/1641 Loss: 0.322136
2026-08-19 14:29: Train Epoch 5: 60/1641 Loss: 0.333727
2026-08-19 14:29: Train Epoch 5: 80/1641 Loss: 0.318270
2026-08-19 14:29: Train Epoch 5: 100/1641 Loss: 0.324604
2026-08-19 14:29: Train Epoch 5: 120/1641 Loss: 0.308104
2026-08-19 14:29: Train Epoch 5: 140/1641 Loss: 0.298067
2026-08-19 14:29: Train Epoch 5: 160/1641 Loss: 0.334312
2026-08-19 14:29: Train Epoch 5: 180/1641 Loss: 0.312675
2026-08-19 14:29: Train Epoch 5: 200/1641 Loss: 0.326289
2026-08-19 14:29: Train Epoch 5: 220/1641 Loss: 0.313113
2026-08-19 14:29: Train Epoch 5: 240/1641 Loss: 0.300082
2026-08-19 14:29: Train Epoch 5: 260/1641 Loss: 0.322805
2026-08-19 14:29: Train Epoch 5: 280/1641 Loss: 0.348907
2026-08-19 14:29: Train Epoch 5: 300/1641 Loss: 0.324784
2026-08-19 14:29: Train Epoch 5: 320/1641 Loss: 0.321615
2026-08-19 14:29: Train Epoch 5: 340/1641 Loss: 0.314126
2026-08-19 14:30: Train Epoch 5: 360/1641 Loss: 0.302175
2026-08-19 14:30: Train Epoch 5: 380/1641 Loss: 0.316716
2026-08-19 14:30: Train Epoch 5: 400/1641 Loss: 0.319004
2026-08-19 14:30: Train Epoch 5: 420/1641 Loss: 0.300113
2026-08-19 14:30: Train Epoch 5: 440/1641 Loss: 0.311232
2026-08-19 14:30: Train Epoch 5: 460/1641 Loss: 0.316032
2026-08-19 14:30: Train Epoch 5: 480/1641 Loss: 0.308899
2026-08-19 14:30: Train Epoch 5: 500/1641 Loss: 0.325561
2026-08-19 14:30: Train Epoch 5: 520/1641 Loss: 0.316434
2026-08-19 14:30: Train Epoch 5: 540/1641 Loss: 0.309274
2026-08-19 14:30: Train Epoch 5: 560/1641 Loss: 0.320033
2026-08-19 14:30: Train Epoch 5: 580/1641 Loss: 0.316236
2026-08-19 14:30: Train Epoch 5: 600/1641 Loss: 0.309732
2026-08-19 14:30: Train Epoch 5: 620/1641 Loss: 0.312101
2026-08-19 14:30: Train Epoch 5: 640/1641 Loss: 0.313723
2026-08-19 14:30: Train Epoch 5: 660/1641 Loss: 0.313517
2026-08-19 14:30: Train Epoch 5: 680/1641 Loss: 0.309533
2026-08-19 14:30: Train Epoch 5: 700/1641 Loss: 0.309719
2026-08-19 14:30: Train Epoch 5: 720/1641 Loss: 0.324239
2026-08-19 14:30: Train Epoch 5: 740/1641 Loss: 0.301256
2026-08-19 14:31: Train Epoch 5: 760/1641 Loss: 0.321750
2026-08-19 14:31: Train Epoch 5: 780/1641 Loss: 0.315422
2026-08-19 14:31: Train Epoch 5: 800/1641 Loss: 0.326777
2026-08-19 14:31: Train Epoch 5: 820/1641 Loss: 0.303616
2026-08-19 14:31: Train Epoch 5: 840/1641 Loss: 0.302900
2026-08-19 14:31: Train Epoch 5: 860/1641 Loss: 0.301765
2026-08-19 14:31: Train Epoch 5: 880/1641 Loss: 0.325266
2026-08-19 14:31: Train Epoch 5: 900/1641 Loss: 0.341126
2026-08-19 14:31: Train Epoch 5: 920/1641 Loss: 0.334950
2026-08-19 14:31: Train Epoch 5: 940/1641 Loss: 0.315176
2026-08-19 14:31: Train Epoch 5: 960/1641 Loss: 0.321060
2026-08-19 14:31: Train Epoch 5: 980/1641 Loss: 0.339075
2026-08-19 14:31: Train Epoch 5: 1000/1641 Loss: 0.303134
2026-08-19 14:31: Train Epoch 5: 1020/1641 Loss: 0.318395
2026-08-19 14:31: Train Epoch 5: 1040/1641 Loss: 0.313106
2026-08-19 14:31: Train Epoch 5: 1060/1641 Loss: 0.313716
2026-08-19 14:31: Train Epoch 5: 1080/1641 Loss: 0.303843
2026-08-19 14:31: Train Epoch 5: 1100/1641 Loss: 0.307768
2026-08-19 14:31: Train Epoch 5: 1120/1641 Loss: 0.319928
2026-08-19 14:31: Train Epoch 5: 1140/1641 Loss: 0.331511
2026-08-19 14:31: Train Epoch 5: 1160/1641 Loss: 0.281944
2026-08-19 14:31: Train Epoch 5: 1180/1641 Loss: 0.319960
2026-08-19 14:32: Train Epoch 5: 1200/1641 Loss: 0.306029
2026-08-19 14:32: Train Epoch 5: 1220/1641 Loss: 0.309509
2026-08-19 14:32: Train Epoch 5: 1240/1641 Loss: 0.316092
2026-08-19 14:32: Train Epoch 5: 1260/1641 Loss: 0.327052
2026-08-19 14:32: Train Epoch 5: 1280/1641 Loss: 0.317004
2026-08-19 14:32: Train Epoch 5: 1300/1641 Loss: 0.336439
2026-08-19 14:32: Train Epoch 5: 1320/1641 Loss: 0.308306
2026-08-19 14:32: Train Epoch 5: 1340/1641 Loss: 0.307432
2026-08-19 14:32: Train Epoch 5: 1360/1641 Loss: 0.310312
2026-08-19 14:32: Train Epoch 5: 1380/1641 Loss: 0.302362
2026-08-19 14:32: Train Epoch 5: 1400/1641 Loss: 0.312176
2026-08-19 14:32: Train Epoch 5: 1420/1641 Loss: 0.310034
2026-08-19 14:32: Train Epoch 5: 1440/1641 Loss: 0.298927
2026-08-19 14:32: Train Epoch 5: 1460/1641 Loss: 0.299386
2026-08-19 14:32: Train Epoch 5: 1480/1641 Loss: 0.316481
2026-08-19 14:32: Train Epoch 5: 1500/1641 Loss: 0.308421
2026-08-19 14:32: Train Epoch 5: 1520/1641 Loss: 0.304549
2026-08-19 14:32: Train Epoch 5: 1540/1641 Loss: 0.299538
2026-08-19 14:32: Train Epoch 5: 1560/1641 Loss: 0.293794
2026-08-19 14:32: Train Epoch 5: 1580/1641 Loss: 0.286102
2026-08-19 14:32: Train Epoch 5: 1600/1641 Loss: 0.306817
2026-08-19 14:33: Train Epoch 5: 1620/1641 Loss: 0.314628
2026-08-19 14:33: Train Epoch 5: 1640/1641 Loss: 0.334992
2026-08-19 14:33: **********Train Epoch 5: averaged Loss: 0.314776, tf_ratio: 0.970657
2026-08-19 14:33: **********Val Epoch 5: average Loss: 0.315347
2026-08-19 14:33: *********************************Current best model saved!
2026-08-19 14:33: Train Epoch 6: 0/1641 Loss: 0.319317
2026-08-19 14:33: Train Epoch 6: 20/1641 Loss: 0.303413
2026-08-19 14:33: Train Epoch 6: 40/1641 Loss: 0.334041
2026-08-19 14:33: Train Epoch 6: 60/1641 Loss: 0.280814
2026-08-19 14:33: Train Epoch 6: 80/1641 Loss: 0.305565
2026-08-19 14:33: Train Epoch 6: 100/1641 Loss: 0.289157
2026-08-19 14:33: Train Epoch 6: 120/1641 Loss: 0.330650
2026-08-19 14:33: Train Epoch 6: 140/1641 Loss: 0.318091
2026-08-19 14:33: Train Epoch 6: 160/1641 Loss: 0.301844
2026-08-19 14:33: Train Epoch 6: 180/1641 Loss: 0.309058
2026-08-19 14:33: Train Epoch 6: 200/1641 Loss: 0.318868
2026-08-19 14:33: Train Epoch 6: 220/1641 Loss: 0.337116
2026-08-19 14:34: Train Epoch 6: 240/1641 Loss: 0.307593
2026-08-19 14:34: Train Epoch 6: 260/1641 Loss: 0.326355
2026-08-19 14:34: Train Epoch 6: 280/1641 Loss: 0.310982
2026-08-19 14:34: Train Epoch 6: 300/1641 Loss: 0.323600
2026-08-19 14:34: Train Epoch 6: 320/1641 Loss: 0.298266
2026-08-19 14:34: Train Epoch 6: 340/1641 Loss: 0.296012
2026-08-19 14:34: Train Epoch 6: 360/1641 Loss: 0.300921
2026-08-19 14:34: Train Epoch 6: 380/1641 Loss: 0.302482
2026-08-19 14:34: Train Epoch 6: 400/1641 Loss: 0.299340
2026-08-19 14:34: Train Epoch 6: 420/1641 Loss: 0.298901
2026-08-19 14:34: Train Epoch 6: 440/1641 Loss: 0.343986
2026-08-19 14:34: Train Epoch 6: 460/1641 Loss: 0.322308
2026-08-19 14:34: Train Epoch 6: 480/1641 Loss: 0.305282
2026-08-19 14:34: Train Epoch 6: 500/1641 Loss: 0.284749
2026-08-19 14:34: Train Epoch 6: 520/1641 Loss: 0.331027
2026-08-19 14:34: Train Epoch 6: 540/1641 Loss: 0.327192
2026-08-19 14:34: Train Epoch 6: 560/1641 Loss: 0.308543
2026-08-19 14:34: Train Epoch 6: 580/1641 Loss: 0.288671
2026-08-19 14:34: Train Epoch 6: 600/1641 Loss: 0.286631
2026-08-19 14:34: Train Epoch 6: 620/1641 Loss: 0.304723
2026-08-19 14:34: Train Epoch 6: 640/1641 Loss: 0.318867
2026-08-19 14:35: Train Epoch 6: 660/1641 Loss: 0.340361
2026-08-19 14:35: Train Epoch 6: 680/1641 Loss: 0.307826
2026-08-19 14:35: Train Epoch 6: 700/1641 Loss: 0.310425
2026-08-19 14:35: Train Epoch 6: 720/1641 Loss: 0.329709
2026-08-19 14:35: Train Epoch 6: 740/1641 Loss: 0.317806
2026-08-19 14:35: Train Epoch 6: 760/1641 Loss: 0.304417
2026-08-19 14:35: Train Epoch 6: 780/1641 Loss: 0.329812
2026-08-19 14:35: Train Epoch 6: 800/1641 Loss: 0.338437
2026-08-19 14:35: Train Epoch 6: 820/1641 Loss: 0.295743
2026-08-19 14:35: Train Epoch 6: 840/1641 Loss: 0.310059
2026-08-19 14:35: Train Epoch 6: 860/1641 Loss: 0.317463
2026-08-19 14:35: Train Epoch 6: 880/1641 Loss: 0.298785
2026-08-19 14:35: Train Epoch 6: 900/1641 Loss: 0.306067
2026-08-19 14:35: Train Epoch 6: 920/1641 Loss: 0.307766
2026-08-19 14:35: Train Epoch 6: 940/1641 Loss: 0.302938
2026-08-19 14:35: Train Epoch 6: 960/1641 Loss: 0.289301
2026-08-19 14:35: Train Epoch 6: 980/1641 Loss: 0.314198
2026-08-19 14:35: Train Epoch 6: 1000/1641 Loss: 0.314427
2026-08-19 14:35: Train Epoch 6: 1020/1641 Loss: 0.313046
2026-08-19 14:35: Train Epoch 6: 1040/1641 Loss: 0.332108
2026-08-19 14:35: Train Epoch 6: 1060/1641 Loss: 0.312380
2026-08-19 14:35: Train Epoch 6: 1080/1641 Loss: 0.300011
2026-08-19 14:36: Train Epoch 6: 1100/1641 Loss: 0.300897
2026-08-19 14:36: Train Epoch 6: 1120/1641 Loss: 0.308657
2026-08-19 14:36: Train Epoch 6: 1140/1641 Loss: 0.312013
2026-08-19 14:36: Train Epoch 6: 1160/1641 Loss: 0.265300
2026-08-19 14:36: Train Epoch 6: 1180/1641 Loss: 0.302083
2026-08-19 14:36: Train Epoch 6: 1200/1641 Loss: 0.304579
2026-08-19 14:36: Train Epoch 6: 1220/1641 Loss: 0.290408
2026-08-19 14:36: Train Epoch 6: 1240/1641 Loss: 0.316356
2026-08-19 14:36: Train Epoch 6: 1260/1641 Loss: 0.351882
2026-08-19 14:36: Train Epoch 6: 1280/1641 Loss: 0.295394
2026-08-19 14:36: Train Epoch 6: 1300/1641 Loss: 0.305854
2026-08-19 14:36: Train Epoch 6: 1320/1641 Loss: 0.295977
2026-08-19 14:36: Train Epoch 6: 1340/1641 Loss: 0.305601
2026-08-19 14:36: Train Epoch 6: 1360/1641 Loss: 0.287109
2026-08-19 14:36: Train Epoch 6: 1380/1641 Loss: 0.291631
2026-08-19 14:36: Train Epoch 6: 1400/1641 Loss: 0.311495
2026-08-19 14:36: Train Epoch 6: 1420/1641 Loss: 0.317482
2026-08-19 14:36: Train Epoch 6: 1440/1641 Loss: 0.311292
2026-08-19 14:36: Train Epoch 6: 1460/1641 Loss: 0.300397
2026-08-19 14:36: Train Epoch 6: 1480/1641 Loss: 0.312040
2026-08-19 14:36: Train Epoch 6: 1500/1641 Loss: 0.335088
2026-08-19 14:37: Train Epoch 6: 1520/1641 Loss: 0.323078
2026-08-19 14:37: Train Epoch 6: 1540/1641 Loss: 0.311401
2026-08-19 14:37: Train Epoch 6: 1560/1641 Loss: 0.321847
2026-08-19 14:37: Train Epoch 6: 1580/1641 Loss: 0.296863
2026-08-19 14:37: Train Epoch 6: 1600/1641 Loss: 0.302986
2026-08-19 14:37: Train Epoch 6: 1620/1641 Loss: 0.306164
2026-08-19 14:37: Train Epoch 6: 1640/1641 Loss: 0.333056
2026-08-19 14:37: **********Train Epoch 6: averaged Loss: 0.309859, tf_ratio: 0.935740
2026-08-19 14:37: **********Val Epoch 6: average Loss: 0.313148
2026-08-19 14:37: *********************************Current best model saved!
2026-08-19 14:37: Train Epoch 7: 0/1641 Loss: 0.318852
2026-08-19 14:37: Train Epoch 7: 20/1641 Loss: 0.311898
2026-08-19 14:37: Train Epoch 7: 40/1641 Loss: 0.301888
2026-08-19 14:37: Train Epoch 7: 60/1641 Loss: 0.299809
2026-08-19 14:37: Train Epoch 7: 80/1641 Loss: 0.320738
2026-08-19 14:37: Train Epoch 7: 100/1641 Loss: 0.312276
2026-08-19 14:37: Train Epoch 7: 120/1641 Loss: 0.296119
2026-08-19 14:38: Train Epoch 7: 140/1641 Loss: 0.295540
2026-08-19 14:38: Train Epoch 7: 160/1641 Loss: 0.315739
2026-08-19 14:38: Train Epoch 7: 180/1641 Loss: 0.296897
2026-08-19 14:38: Train Epoch 7: 200/1641 Loss: 0.312947
2026-08-19 14:38: Train Epoch 7: 220/1641 Loss: 0.297750
2026-08-19 14:38: Train Epoch 7: 240/1641 Loss: 0.331286
2026-08-19 14:38: Train Epoch 7: 260/1641 Loss: 0.302580
2026-08-19 14:38: Train Epoch 7: 280/1641 Loss: 0.306863
2026-08-19 14:38: Train Epoch 7: 300/1641 Loss: 0.324861
2026-08-19 14:38: Train Epoch 7: 320/1641 Loss: 0.293157
2026-08-19 14:38: Train Epoch 7: 340/1641 Loss: 0.301391
2026-08-19 14:38: Train Epoch 7: 360/1641 Loss: 0.312614
2026-08-19 14:38: Train Epoch 7: 380/1641 Loss: 0.312370
2026-08-19 14:38: Train Epoch 7: 400/1641 Loss: 0.342076
2026-08-19 14:38: Train Epoch 7: 420/1641 Loss: 0.304638
2026-08-19 14:38: Train Epoch 7: 440/1641 Loss: 0.342562
2026-08-19 14:38: Train Epoch 7: 460/1641 Loss: 0.309909
2026-08-19 14:38: Train Epoch 7: 480/1641 Loss: 0.286959
2026-08-19 14:38: Train Epoch 7: 500/1641 Loss: 0.292967
2026-08-19 14:38: Train Epoch 7: 520/1641 Loss: 0.289963
2026-08-19 14:38: Train Epoch 7: 540/1641 Loss: 0.286363
2026-08-19 14:39: Train Epoch 7: 560/1641 Loss: 0.296816
2026-08-19 14:39: Train Epoch 7: 580/1641 Loss: 0.333877
2026-08-19 14:39: Train Epoch 7: 600/1641 Loss: 0.313697
2026-08-19 14:39: Train Epoch 7: 620/1641 Loss: 0.316942
2026-08-19 14:39: Train Epoch 7: 640/1641 Loss: 0.303787
2026-08-19 14:39: Train Epoch 7: 660/1641 Loss: 0.319868
2026-08-19 14:39: Train Epoch 7: 680/1641 Loss: 0.324512
2026-08-19 14:39: Train Epoch 7: 700/1641 Loss: 0.311715
2026-08-19 14:39: Train Epoch 7: 720/1641 Loss: 0.328618
2026-08-19 14:39: Train Epoch 7: 740/1641 Loss: 0.297212
2026-08-19 14:39: Train Epoch 7: 760/1641 Loss: 0.297096
2026-08-19 14:39: Train Epoch 7: 780/1641 Loss: 0.293653
2026-08-19 14:39: Train Epoch 7: 800/1641 Loss: 0.302798
2026-08-19 14:39: Train Epoch 7: 820/1641 Loss: 0.305192
2026-08-19 14:39: Train Epoch 7: 840/1641 Loss: 0.306546
2026-08-19 14:39: Train Epoch 7: 860/1641 Loss: 0.289117
2026-08-19 14:39: Train Epoch 7: 880/1641 Loss: 0.309607
2026-08-19 14:39: Train Epoch 7: 900/1641 Loss: 0.317298
2026-08-19 14:39: Train Epoch 7: 920/1641 Loss: 0.297514
2026-08-19 14:39: Train Epoch 7: 940/1641 Loss: 0.313131
2026-08-19 14:39: Train Epoch 7: 960/1641 Loss: 0.289808
2026-08-19 14:40: Train Epoch 7: 980/1641 Loss: 0.301275
2026-08-19 14:40: Train Epoch 7: 1000/1641 Loss: 0.306586
2026-08-19 14:40: Train Epoch 7: 1020/1641 Loss: 0.311590
2026-08-19 14:40: Train Epoch 7: 1040/1641 Loss: 0.310358
2026-08-19 14:40: Train Epoch 7: 1060/1641 Loss: 0.331448
2026-08-19 14:40: Train Epoch 7: 1080/1641 Loss: 0.309133
2026-08-19 14:40: Train Epoch 7: 1100/1641 Loss: 0.302476
2026-08-19 14:40: Train Epoch 7: 1120/1641 Loss: 0.299446
2026-08-19 14:40: Train Epoch 7: 1140/1641 Loss: 0.312463
2026-08-19 14:40: Train Epoch 7: 1160/1641 Loss: 0.290893
2026-08-19 14:40: Train Epoch 7: 1180/1641 Loss: 0.288156
2026-08-19 14:40: Train Epoch 7: 1200/1641 Loss: 0.285423
2026-08-19 14:40: Train Epoch 7: 1220/1641 Loss: 0.305864
2026-08-19 14:40: Train Epoch 7: 1240/1641 Loss: 0.306948
2026-08-19 14:40: Train Epoch 7: 1260/1641 Loss: 0.314981
2026-08-19 14:40: Train Epoch 7: 1280/1641 Loss: 0.302813
2026-08-19 14:40: Train Epoch 7: 1300/1641 Loss: 0.289224
2026-08-19 14:40: Train Epoch 7: 1320/1641 Loss: 0.297763
2026-08-19 14:40: Train Epoch 7: 1340/1641 Loss: 0.316273
2026-08-19 14:40: Train Epoch 7: 1360/1641 Loss: 0.300996
2026-08-19 14:40: Train Epoch 7: 1380/1641 Loss: 0.290327
2026-08-19 14:41: Train Epoch 7: 1400/1641 Loss: 0.302578
2026-08-19 14:41: Train Epoch 7: 1420/1641 Loss: 0.313228
2026-08-19 14:41: Train Epoch 7: 1440/1641 Loss: 0.297761
2026-08-19 14:41: Train Epoch 7: 1460/1641 Loss: 0.306830
2026-08-19 14:41: Train Epoch 7: 1480/1641 Loss: 0.298566
2026-08-19 14:41: Train Epoch 7: 1500/1641 Loss: 0.300642
2026-08-19 14:41: Train Epoch 7: 1520/1641 Loss: 0.339736
2026-08-19 14:41: Train Epoch 7: 1540/1641 Loss: 0.309742
2026-08-19 14:41: Train Epoch 7: 1560/1641 Loss: 0.296918
2026-08-19 14:41: Train Epoch 7: 1580/1641 Loss: 0.312321
2026-08-19 14:41: Train Epoch 7: 1600/1641 Loss: 0.296600
2026-08-19 14:41: Train Epoch 7: 1620/1641 Loss: 0.345393
2026-08-19 14:41: Train Epoch 7: 1640/1641 Loss: 0.307636
2026-08-19 14:41: **********Train Epoch 7: averaged Loss: 0.305281, tf_ratio: 0.865052
2026-08-19 14:41: **********Val Epoch 7: average Loss: 0.312616
2026-08-19 14:41: *********************************Current best model saved!
2026-08-19 14:41: Train Epoch 8: 0/1641 Loss: 0.303674
2026-08-19 14:41: Train Epoch 8: 20/1641 Loss: 0.290418
2026-08-19 14:42: Train Epoch 8: 40/1641 Loss: 0.287878
2026-08-19 14:42: Train Epoch 8: 60/1641 Loss: 0.289189
2026-08-19 14:42: Train Epoch 8: 80/1641 Loss: 0.289109
2026-08-19 14:42: Train Epoch 8: 100/1641 Loss: 0.308450
2026-08-19 14:42: Train Epoch 8: 120/1641 Loss: 0.303934
2026-08-19 14:42: Train Epoch 8: 140/1641 Loss: 0.310361
2026-08-19 14:42: Train Epoch 8: 160/1641 Loss: 0.299782
2026-08-19 14:42: Train Epoch 8: 180/1641 Loss: 0.303780
2026-08-19 14:42: Train Epoch 8: 200/1641 Loss: 0.317110
2026-08-19 14:42: Train Epoch 8: 220/1641 Loss: 0.303734
2026-08-19 14:42: Train Epoch 8: 240/1641 Loss: 0.291911
2026-08-19 14:42: Train Epoch 8: 260/1641 Loss: 0.302516
2026-08-19 14:42: Train Epoch 8: 280/1641 Loss: 0.290528
2026-08-19 14:42: Train Epoch 8: 300/1641 Loss: 0.303685
2026-08-19 14:42: Train Epoch 8: 320/1641 Loss: 0.318212
2026-08-19 14:42: Train Epoch 8: 340/1641 Loss: 0.305501
2026-08-19 14:42: Train Epoch 8: 360/1641 Loss: 0.288053
2026-08-19 14:42: Train Epoch 8: 380/1641 Loss: 0.292085
2026-08-19 14:42: Train Epoch 8: 400/1641 Loss: 0.305398
2026-08-19 14:42: Train Epoch 8: 420/1641 Loss: 0.292369
2026-08-19 14:42: Train Epoch 8: 440/1641 Loss: 0.338467
2026-08-19 14:43: Train Epoch 8: 460/1641 Loss: 0.305814
2026-08-19 14:43: Train Epoch 8: 480/1641 Loss: 0.305236
2026-08-19 14:43: Train Epoch 8: 500/1641 Loss: 0.308115
2026-08-19 14:43: Train Epoch 8: 520/1641 Loss: 0.322819
2026-08-19 14:43: Train Epoch 8: 540/1641 Loss: 0.296596
2026-08-19 14:43: Train Epoch 8: 560/1641 Loss: 0.312483
2026-08-19 14:43: Train Epoch 8: 580/1641 Loss: 0.306532
2026-08-19 14:43: Train Epoch 8: 600/1641 Loss: 0.321342
2026-08-19 14:43: Train Epoch 8: 620/1641 Loss: 0.290868
2026-08-19 14:43: Train Epoch 8: 640/1641 Loss: 0.303382
2026-08-19 14:43: Train Epoch 8: 660/1641 Loss: 0.323461
2026-08-19 14:43: Train Epoch 8: 680/1641 Loss: 0.307947
2026-08-19 14:43: Train Epoch 8: 700/1641 Loss: 0.302039
2026-08-19 14:43: Train Epoch 8: 720/1641 Loss: 0.297353
2026-08-19 14:43: Train Epoch 8: 740/1641 Loss: 0.277440
2026-08-19 14:43: Train Epoch 8: 760/1641 Loss: 0.299025
2026-08-19 14:43: Train Epoch 8: 780/1641 Loss: 0.288096
2026-08-19 14:43: Train Epoch 8: 800/1641 Loss: 0.283276
2026-08-19 14:43: Train Epoch 8: 820/1641 Loss: 0.286121
2026-08-19 14:43: Train Epoch 8: 840/1641 Loss: 0.306954
2026-08-19 14:43: Train Epoch 8: 860/1641 Loss: 0.300037
2026-08-19 14:43: Train Epoch 8: 880/1641 Loss: 0.300555
2026-08-19 14:44: Train Epoch 8: 900/1641 Loss: 0.299740
2026-08-19 14:44: Train Epoch 8: 920/1641 Loss: 0.286414
2026-08-19 14:44: Train Epoch 8: 940/1641 Loss: 0.269785
2026-08-19 14:44: Train Epoch 8: 960/1641 Loss: 0.318542
2026-08-19 14:44: Train Epoch 8: 980/1641 Loss: 0.300795
2026-08-19 14:44: Train Epoch 8: 1000/1641 Loss: 0.301678
2026-08-19 14:44: Train Epoch 8: 1020/1641 Loss: 0.297838
2026-08-19 14:44: Train Epoch 8: 1040/1641 Loss: 0.301462
2026-08-19 14:44: Train Epoch 8: 1060/1641 Loss: 0.300094
2026-08-19 14:44: Train Epoch 8: 1080/1641 Loss: 0.300540
2026-08-19 14:44: Train Epoch 8: 1100/1641 Loss: 0.290326
2026-08-19 14:44: Train Epoch 8: 1120/1641 Loss: 0.314919
2026-08-19 14:44: Train Epoch 8: 1140/1641 Loss: 0.304761
2026-08-19 14:44: Train Epoch 8: 1160/1641 Loss: 0.314445
2026-08-19 14:44: Train Epoch 8: 1180/1641 Loss: 0.303106
2026-08-19 14:44: Train Epoch 8: 1200/1641 Loss: 0.307036
2026-08-19 14:44: Train Epoch 8: 1220/1641 Loss: 0.311067
2026-08-19 14:44: Train Epoch 8: 1240/1641 Loss: 0.307131
2026-08-19 14:44: Train Epoch 8: 1260/1641 Loss: 0.322703
2026-08-19 14:44: Train Epoch 8: 1280/1641 Loss: 0.327549
2026-08-19 14:44: Train Epoch 8: 1300/1641 Loss: 0.293590
2026-08-19 14:45: Train Epoch 8: 1320/1641 Loss: 0.287606
2026-08-19 14:45: Train Epoch 8: 1340/1641 Loss: 0.298299
2026-08-19 14:45: Train Epoch 8: 1360/1641 Loss: 0.297202
2026-08-19 14:45: Train Epoch 8: 1380/1641 Loss: 0.283224
2026-08-19 14:45: Train Epoch 8: 1400/1641 Loss: 0.291981
2026-08-19 14:45: Train Epoch 8: 1420/1641 Loss: 0.301537
2026-08-19 14:45: Train Epoch 8: 1440/1641 Loss: 0.311205
2026-08-19 14:45: Train Epoch 8: 1460/1641 Loss: 0.303628
2026-08-19 14:45: Train Epoch 8: 1480/1641 Loss: 0.300665
2026-08-19 14:45: Train Epoch 8: 1500/1641 Loss: 0.299998
2026-08-19 14:45: Train Epoch 8: 1520/1641 Loss: 0.273767
2026-08-19 14:45: Train Epoch 8: 1540/1641 Loss: 0.297936
2026-08-19 14:45: Train Epoch 8: 1560/1641 Loss: 0.295040
2026-08-19 14:45: Train Epoch 8: 1580/1641 Loss: 0.287242
2026-08-19 14:45: Train Epoch 8: 1600/1641 Loss: 0.307621
2026-08-19 14:45: Train Epoch 8: 1620/1641 Loss: 0.270735
2026-08-19 14:45: Train Epoch 8: 1640/1641 Loss: 0.297310
2026-08-19 14:45: **********Train Epoch 8: averaged Loss: 0.300985, tf_ratio: 0.738348
2026-08-19 14:46: **********Val Epoch 8: average Loss: 0.311678
2026-08-19 14:46: *********************************Current best model saved!
2026-08-19 14:46: Train Epoch 9: 0/1641 Loss: 0.293906
2026-08-19 14:46: Train Epoch 9: 20/1641 Loss: 0.286665
2026-08-19 14:46: Train Epoch 9: 40/1641 Loss: 0.293120
2026-08-19 14:46: Train Epoch 9: 60/1641 Loss: 0.315433
2026-08-19 14:46: Train Epoch 9: 80/1641 Loss: 0.292362
2026-08-19 14:46: Train Epoch 9: 100/1641 Loss: 0.311999
2026-08-19 14:46: Train Epoch 9: 120/1641 Loss: 0.309169
2026-08-19 14:46: Train Epoch 9: 140/1641 Loss: 0.296874
2026-08-19 14:46: Train Epoch 9: 160/1641 Loss: 0.296860
2026-08-19 14:46: Train Epoch 9: 180/1641 Loss: 0.294870
2026-08-19 14:46: Train Epoch 9: 200/1641 Loss: 0.298491
2026-08-19 14:46: Train Epoch 9: 220/1641 Loss: 0.290306
2026-08-19 14:46: Train Epoch 9: 240/1641 Loss: 0.320671
2026-08-19 14:46: Train Epoch 9: 260/1641 Loss: 0.281640
2026-08-19 14:46: Train Epoch 9: 280/1641 Loss: 0.289371
2026-08-19 14:46: Train Epoch 9: 300/1641 Loss: 0.283458
2026-08-19 14:46: Train Epoch 9: 320/1641 Loss: 0.297967
2026-08-19 14:46: Train Epoch 9: 340/1641 Loss: 0.314873
2026-08-19 14:46: Train Epoch 9: 360/1641 Loss: 0.286785
2026-08-19 14:47: Train Epoch 9: 380/1641 Loss: 0.280891
2026-08-19 14:47: Train Epoch 9: 400/1641 Loss: 0.305764
2026-08-19 14:47: Train Epoch 9: 420/1641 Loss: 0.306406
2026-08-19 14:47: Train Epoch 9: 440/1641 Loss: 0.310946
2026-08-19 14:47: Train Epoch 9: 460/1641 Loss: 0.298003
2026-08-19 14:47: Train Epoch 9: 480/1641 Loss: 0.305509
2026-08-19 14:47: Train Epoch 9: 500/1641 Loss: 0.308527
2026-08-19 14:47: Train Epoch 9: 520/1641 Loss: 0.294019
2026-08-19 14:47: Train Epoch 9: 540/1641 Loss: 0.256868
2026-08-19 14:47: Train Epoch 9: 560/1641 Loss: 0.287363
2026-08-19 14:47: Train Epoch 9: 580/1641 Loss: 0.276147
2026-08-19 14:47: Train Epoch 9: 600/1641 Loss: 0.292748
2026-08-19 14:47: Train Epoch 9: 620/1641 Loss: 0.296295
2026-08-19 14:47: Train Epoch 9: 640/1641 Loss: 0.312054
2026-08-19 14:47: Train Epoch 9: 660/1641 Loss: 0.296113
2026-08-19 14:47: Train Epoch 9: 680/1641 Loss: 0.296423
2026-08-19 14:47: Train Epoch 9: 700/1641 Loss: 0.300128
2026-08-19 14:47: Train Epoch 9: 720/1641 Loss: 0.266302
2026-08-19 14:47: Train Epoch 9: 740/1641 Loss: 0.293059
2026-08-19 14:47: Train Epoch 9: 760/1641 Loss: 0.294826
2026-08-19 14:47: Train Epoch 9: 780/1641 Loss: 0.314956
2026-08-19 14:48: Train Epoch 9: 800/1641 Loss: 0.301967
2026-08-19 14:48: Train Epoch 9: 820/1641 Loss: 0.302264
2026-08-19 14:48: Train Epoch 9: 840/1641 Loss: 0.306221
2026-08-19 14:48: Train Epoch 9: 860/1641 Loss: 0.267411
2026-08-19 14:48: Train Epoch 9: 880/1641 Loss: 0.292864
2026-08-19 14:48: Train Epoch 9: 900/1641 Loss: 0.293124
2026-08-19 14:48: Train Epoch 9: 920/1641 Loss: 0.288182
2026-08-19 14:48: Train Epoch 9: 940/1641 Loss: 0.284652
2026-08-19 14:48: Train Epoch 9: 960/1641 Loss: 0.289610
2026-08-19 14:48: Train Epoch 9: 980/1641 Loss: 0.296472
2026-08-19 14:48: Train Epoch 9: 1000/1641 Loss: 0.313825
2026-08-19 14:48: Train Epoch 9: 1020/1641 Loss: 0.296629
2026-08-19 14:48: Train Epoch 9: 1040/1641 Loss: 0.296855
2026-08-19 14:48: Train Epoch 9: 1060/1641 Loss: 0.311442
2026-08-19 14:48: Train Epoch 9: 1080/1641 Loss: 0.299986
2026-08-19 14:48: Train Epoch 9: 1100/1641 Loss: 0.304801
2026-08-19 14:48: Train Epoch 9: 1120/1641 Loss: 0.311996
2026-08-19 14:48: Train Epoch 9: 1140/1641 Loss: 0.324335
2026-08-19 14:48: Train Epoch 9: 1160/1641 Loss: 0.297406
2026-08-19 14:48: Train Epoch 9: 1180/1641 Loss: 0.280729
2026-08-19 14:48: Train Epoch 9: 1200/1641 Loss: 0.303372
2026-08-19 14:49: Train Epoch 9: 1220/1641 Loss: 0.272271
2026-08-19 14:49: Train Epoch 9: 1240/1641 Loss: 0.277661
2026-08-19 14:49: Train Epoch 9: 1260/1641 Loss: 0.286955
2026-08-19 14:49: Train Epoch 9: 1280/1641 Loss: 0.302128
2026-08-19 14:49: Train Epoch 9: 1300/1641 Loss: 0.285289
2026-08-19 14:49: Train Epoch 9: 1320/1641 Loss: 0.285550
2026-08-19 14:49: Train Epoch 9: 1340/1641 Loss: 0.295665
2026-08-19 14:49: Train Epoch 9: 1360/1641 Loss: 0.283422
2026-08-19 14:49: Train Epoch 9: 1380/1641 Loss: 0.295206
2026-08-19 14:49: Train Epoch 9: 1400/1641 Loss: 0.310733
2026-08-19 14:49: Train Epoch 9: 1420/1641 Loss: 0.304647
2026-08-19 14:49: Train Epoch 9: 1440/1641 Loss: 0.294136
2026-08-19 14:49: Train Epoch 9: 1460/1641 Loss: 0.328858
2026-08-19 14:49: Train Epoch 9: 1480/1641 Loss: 0.283635
2026-08-19 14:49: Train Epoch 9: 1500/1641 Loss: 0.270531
2026-08-19 14:49: Train Epoch 9: 1520/1641 Loss: 0.278828
2026-08-19 14:49: Train Epoch 9: 1540/1641 Loss: 0.298040
2026-08-19 14:49: Train Epoch 9: 1560/1641 Loss: 0.278648
2026-08-19 14:49: Train Epoch 9: 1580/1641 Loss: 0.305555
2026-08-19 14:49: Train Epoch 9: 1600/1641 Loss: 0.286728
2026-08-19 14:49: Train Epoch 9: 1620/1641 Loss: 0.270354
2026-08-19 14:49: Train Epoch 9: 1640/1641 Loss: 0.309173
2026-08-19 14:49: **********Train Epoch 9: averaged Loss: 0.297141, tf_ratio: 0.554014
2026-08-19 14:50: **********Val Epoch 9: average Loss: 0.310634
2026-08-19 14:50: *********************************Current best model saved!
2026-08-19 14:50: Train Epoch 10: 0/1641 Loss: 0.299312
2026-08-19 14:50: Train Epoch 10: 20/1641 Loss: 0.295440
2026-08-19 14:50: Train Epoch 10: 40/1641 Loss: 0.272008
2026-08-19 14:50: Train Epoch 10: 60/1641 Loss: 0.278570
2026-08-19 14:50: Train Epoch 10: 80/1641 Loss: 0.280101
2026-08-19 14:50: Train Epoch 10: 100/1641 Loss: 0.288031
2026-08-19 14:50: Train Epoch 10: 120/1641 Loss: 0.284835
2026-08-19 14:50: Train Epoch 10: 140/1641 Loss: 0.273898
2026-08-19 14:50: Train Epoch 10: 160/1641 Loss: 0.265773
2026-08-19 14:50: Train Epoch 10: 180/1641 Loss: 0.303324
2026-08-19 14:50: Train Epoch 10: 200/1641 Loss: 0.308493
2026-08-19 14:50: Train Epoch 10: 220/1641 Loss: 0.311687
2026-08-19 14:50: Train Epoch 10: 240/1641 Loss: 0.298379
2026-08-19 14:50: Train Epoch 10: 260/1641 Loss: 0.302892
2026-08-19 14:51: Train Epoch 10: 280/1641 Loss: 0.298654
2026-08-19 14:51: Train Epoch 10: 300/1641 Loss: 0.313323
2026-08-19 14:51: Train Epoch 10: 320/1641 Loss: 0.289243
2026-08-19 14:51: Train Epoch 10: 340/1641 Loss: 0.280967
2026-08-19 14:51: Train Epoch 10: 360/1641 Loss: 0.281173
2026-08-19 14:51: Train Epoch 10: 380/1641 Loss: 0.264536
2026-08-19 14:51: Train Epoch 10: 400/1641 Loss: 0.298293
2026-08-19 14:51: Train Epoch 10: 420/1641 Loss: 0.321199
2026-08-19 14:51: Train Epoch 10: 440/1641 Loss: 0.288132
2026-08-19 14:51: Train Epoch 10: 460/1641 Loss: 0.295183
2026-08-19 14:51: Train Epoch 10: 480/1641 Loss: 0.289831
2026-08-19 14:51: Train Epoch 10: 500/1641 Loss: 0.286995
2026-08-19 14:51: Train Epoch 10: 520/1641 Loss: 0.292500
2026-08-19 14:51: Train Epoch 10: 540/1641 Loss: 0.312077
2026-08-19 14:51: Train Epoch 10: 560/1641 Loss: 0.276975
2026-08-19 14:51: Train Epoch 10: 580/1641 Loss: 0.295745
2026-08-19 14:51: Train Epoch 10: 600/1641 Loss: 0.298989
2026-08-19 14:51: Train Epoch 10: 620/1641 Loss: 0.286396
2026-08-19 14:51: Train Epoch 10: 640/1641 Loss: 0.301753
2026-08-19 14:51: Train Epoch 10: 660/1641 Loss: 0.301517
2026-08-19 14:51: Train Epoch 10: 680/1641 Loss: 0.279436
2026-08-19 14:52: Train Epoch 10: 700/1641 Loss: 0.323055
2026-08-19 14:52: Train Epoch 10: 720/1641 Loss: 0.303570
2026-08-19 14:52: Train Epoch 10: 740/1641 Loss: 0.277612
2026-08-19 14:52: Train Epoch 10: 760/1641 Loss: 0.281906
2026-08-19 14:52: Train Epoch 10: 780/1641 Loss: 0.269221
2026-08-19 14:52: Train Epoch 10: 800/1641 Loss: 0.270294
2026-08-19 14:52: Train Epoch 10: 820/1641 Loss: 0.279732
2026-08-19 14:52: Train Epoch 10: 840/1641 Loss: 0.314148
2026-08-19 14:52: Train Epoch 10: 860/1641 Loss: 0.304723
2026-08-19 14:52: Train Epoch 10: 880/1641 Loss: 0.293954
2026-08-19 14:52: Train Epoch 10: 900/1641 Loss: 0.299337
2026-08-19 14:52: Train Epoch 10: 920/1641 Loss: 0.266212
2026-08-19 14:52: Train Epoch 10: 940/1641 Loss: 0.288943
2026-08-19 14:52: Train Epoch 10: 960/1641 Loss: 0.311488
2026-08-19 14:52: Train Epoch 10: 980/1641 Loss: 0.297373
2026-08-19 14:52: Train Epoch 10: 1000/1641 Loss: 0.286372
2026-08-19 14:52: Train Epoch 10: 1020/1641 Loss: 0.304399
2026-08-19 14:52: Train Epoch 10: 1040/1641 Loss: 0.291674
2026-08-19 14:52: Train Epoch 10: 1060/1641 Loss: 0.267949
2026-08-19 14:52: Train Epoch 10: 1080/1641 Loss: 0.308399
2026-08-19 14:52: Train Epoch 10: 1100/1641 Loss: 0.324268
2026-08-19 14:52: Train Epoch 10: 1120/1641 Loss: 0.299801
2026-08-19 14:53: Train Epoch 10: 1140/1641 Loss: 0.302068
2026-08-19 14:53: Train Epoch 10: 1160/1641 Loss: 0.317328
2026-08-19 14:53: Train Epoch 10: 1180/1641 Loss: 0.294678
2026-08-19 14:53: Train Epoch 10: 1200/1641 Loss: 0.288212
2026-08-19 14:53: Train Epoch 10: 1220/1641 Loss: 0.293563
2026-08-19 14:53: Train Epoch 10: 1240/1641 Loss: 0.295595
2026-08-19 14:53: Train Epoch 10: 1260/1641 Loss: 0.315718
2026-08-19 14:53: Train Epoch 10: 1280/1641 Loss: 0.302939
2026-08-19 14:53: Train Epoch 10: 1300/1641 Loss: 0.288521
2026-08-19 14:53: Train Epoch 10: 1320/1641 Loss: 0.288717
2026-08-19 14:53: Train Epoch 10: 1340/1641 Loss: 0.298604
2026-08-19 14:53: Train Epoch 10: 1360/1641 Loss: 0.308024
2026-08-19 14:53: Train Epoch 10: 1380/1641 Loss: 0.280453
2026-08-19 14:53: Train Epoch 10: 1400/1641 Loss: 0.322951
2026-08-19 14:53: Train Epoch 10: 1420/1641 Loss: 0.287201
2026-08-19 14:53: Train Epoch 10: 1440/1641 Loss: 0.280097
2026-08-19 14:53: Train Epoch 10: 1460/1641 Loss: 0.286503
2026-08-19 14:53: Train Epoch 10: 1480/1641 Loss: 0.294468
2026-08-19 14:53: Train Epoch 10: 1500/1641 Loss: 0.278607
2026-08-19 14:53: Train Epoch 10: 1520/1641 Loss: 0.293812
2026-08-19 14:53: Train Epoch 10: 1540/1641 Loss: 0.291810
2026-08-19 14:54: Train Epoch 10: 1560/1641 Loss: 0.264753
2026-08-19 14:54: Train Epoch 10: 1580/1641 Loss: 0.301541
2026-08-19 14:54: Train Epoch 10: 1600/1641 Loss: 0.298125
2026-08-19 14:54: Train Epoch 10: 1620/1641 Loss: 0.278970
2026-08-19 14:54: Train Epoch 10: 1640/1641 Loss: 0.288109
2026-08-19 14:54: **********Train Epoch 10: averaged Loss: 0.292996, tf_ratio: 0.353521
2026-08-19 14:54: **********Val Epoch 10: average Loss: 0.314654
2026-08-19 14:54: Train Epoch 11: 0/1641 Loss: 0.305168
2026-08-19 14:54: Train Epoch 11: 20/1641 Loss: 0.281842
2026-08-19 14:54: Train Epoch 11: 40/1641 Loss: 0.267496
2026-08-19 14:54: Train Epoch 11: 60/1641 Loss: 0.298975
2026-08-19 14:54: Train Epoch 11: 80/1641 Loss: 0.286801
2026-08-19 14:54: Train Epoch 11: 100/1641 Loss: 0.299002
2026-08-19 14:54: Train Epoch 11: 120/1641 Loss: 0.290191
2026-08-19 14:54: Train Epoch 11: 140/1641 Loss: 0.282206
2026-08-19 14:54: Train Epoch 11: 160/1641 Loss: 0.288656
2026-08-19 14:55: Train Epoch 11: 180/1641 Loss: 0.286244
2026-08-19 14:55: Train Epoch 11: 200/1641 Loss: 0.269731
2026-08-19 14:55: Train Epoch 11: 220/1641 Loss: 0.294532
2026-08-19 14:55: Train Epoch 11: 240/1641 Loss: 0.278639
2026-08-19 14:55: Train Epoch 11: 260/1641 Loss: 0.296647
2026-08-19 14:55: Train Epoch 11: 280/1641 Loss: 0.267793
2026-08-19 14:55: Train Epoch 11: 300/1641 Loss: 0.281952
2026-08-19 14:55: Train Epoch 11: 320/1641 Loss: 0.296284
2026-08-19 14:55: Train Epoch 11: 340/1641 Loss: 0.296516
2026-08-19 14:55: Train Epoch 11: 360/1641 Loss: 0.312594
2026-08-19 14:55: Train Epoch 11: 380/1641 Loss: 0.299474
2026-08-19 14:55: Train Epoch 11: 400/1641 Loss: 0.287577
2026-08-19 14:55: Train Epoch 11: 420/1641 Loss: 0.274884
2026-08-19 14:55: Train Epoch 11: 440/1641 Loss: 0.269606
2026-08-19 14:55: Train Epoch 11: 460/1641 Loss: 0.294163
2026-08-19 14:55: Train Epoch 11: 480/1641 Loss: 0.283538
2026-08-19 14:55: Train Epoch 11: 500/1641 Loss: 0.285861
2026-08-19 14:55: Train Epoch 11: 520/1641 Loss: 0.286986
2026-08-19 14:55: Train Epoch 11: 540/1641 Loss: 0.303125
2026-08-19 14:55: Train Epoch 11: 560/1641 Loss: 0.305182
2026-08-19 14:55: Train Epoch 11: 580/1641 Loss: 0.290647
2026-08-19 14:56: Train Epoch 11: 600/1641 Loss: 0.287846
2026-08-19 14:56: Train Epoch 11: 620/1641 Loss: 0.276418
2026-08-19 14:56: Train Epoch 11: 640/1641 Loss: 0.301359
2026-08-19 14:56: Train Epoch 11: 660/1641 Loss: 0.286668
2026-08-19 14:56: Train Epoch 11: 680/1641 Loss: 0.263637
2026-08-19 14:56: Train Epoch 11: 700/1641 Loss: 0.313204
2026-08-19 14:56: Train Epoch 11: 720/1641 Loss: 0.271035
2026-08-19 14:56: Train Epoch 11: 740/1641 Loss: 0.284437
2026-08-19 14:56: Train Epoch 11: 760/1641 Loss: 0.304453
2026-08-19 14:56: Train Epoch 11: 780/1641 Loss: 0.294154
2026-08-19 14:56: Train Epoch 11: 800/1641 Loss: 0.308372
2026-08-19 14:56: Train Epoch 11: 820/1641 Loss: 0.290065
2026-08-19 14:56: Train Epoch 11: 840/1641 Loss: 0.306640
2026-08-19 14:56: Train Epoch 11: 860/1641 Loss: 0.275459
2026-08-19 14:56: Train Epoch 11: 880/1641 Loss: 0.282057
2026-08-19 14:56: Train Epoch 11: 900/1641 Loss: 0.272707
2026-08-19 14:56: Train Epoch 11: 920/1641 Loss: 0.293446
2026-08-19 14:56: Train Epoch 11: 940/1641 Loss: 0.281783
2026-08-19 14:56: Train Epoch 11: 960/1641 Loss: 0.300658
2026-08-19 14:56: Train Epoch 11: 980/1641 Loss: 0.276288
2026-08-19 14:56: Train Epoch 11: 1000/1641 Loss: 0.274704
2026-08-19 14:57: Train Epoch 11: 1020/1641 Loss: 0.285742
2026-08-19 14:57: Train Epoch 11: 1040/1641 Loss: 0.294940
2026-08-19 14:57: Train Epoch 11: 1060/1641 Loss: 0.288337
2026-08-19 14:57: Train Epoch 11: 1080/1641 Loss: 0.307169
2026-08-19 14:57: Train Epoch 11: 1100/1641 Loss: 0.322353
2026-08-19 14:57: Train Epoch 11: 1120/1641 Loss: 0.299192
2026-08-19 14:57: Train Epoch 11: 1140/1641 Loss: 0.302009
2026-08-19 14:57: Train Epoch 11: 1160/1641 Loss: 0.277857
2026-08-19 14:57: Train Epoch 11: 1180/1641 Loss: 0.306217
2026-08-19 14:57: Train Epoch 11: 1200/1641 Loss: 0.282029
2026-08-19 14:57: Train Epoch 11: 1220/1641 Loss: 0.290678
2026-08-19 14:57: Train Epoch 11: 1240/1641 Loss: 0.279571
2026-08-19 14:57: Train Epoch 11: 1260/1641 Loss: 0.293405
2026-08-19 14:57: Train Epoch 11: 1280/1641 Loss: 0.302065
2026-08-19 14:57: Train Epoch 11: 1300/1641 Loss: 0.300425
2026-08-19 14:57: Train Epoch 11: 1320/1641 Loss: 0.286557
2026-08-19 14:57: Train Epoch 11: 1340/1641 Loss: 0.303460
2026-08-19 14:57: Train Epoch 11: 1360/1641 Loss: 0.284405
2026-08-19 14:57: Train Epoch 11: 1380/1641 Loss: 0.312333
2026-08-19 14:57: Train Epoch 11: 1400/1641 Loss: 0.283213
2026-08-19 14:57: Train Epoch 11: 1420/1641 Loss: 0.262399
2026-08-19 14:57: Train Epoch 11: 1440/1641 Loss: 0.285297
2026-08-19 14:58: Train Epoch 11: 1460/1641 Loss: 0.281681
2026-08-19 14:58: Train Epoch 11: 1480/1641 Loss: 0.284584
2026-08-19 14:58: Train Epoch 11: 1500/1641 Loss: 0.272399
2026-08-19 14:58: Train Epoch 11: 1520/1641 Loss: 0.279042
2026-08-19 14:58: Train Epoch 11: 1540/1641 Loss: 0.318589
2026-08-19 14:58: Train Epoch 11: 1560/1641 Loss: 0.273082
2026-08-19 14:58: Train Epoch 11: 1580/1641 Loss: 0.272338
2026-08-19 14:58: Train Epoch 11: 1600/1641 Loss: 0.291512
2026-08-19 14:58: Train Epoch 11: 1620/1641 Loss: 0.288053
2026-08-19 14:58: Train Epoch 11: 1640/1641 Loss: 0.288142
2026-08-19 14:58: **********Train Epoch 11: averaged Loss: 0.288716, tf_ratio: 0.194020
2026-08-19 14:58: **********Val Epoch 11: average Loss: 0.315395
2026-08-19 14:58: Train Epoch 12: 0/1641 Loss: 0.302533
2026-08-19 14:58: Train Epoch 12: 20/1641 Loss: 0.295737
2026-08-19 14:58: Train Epoch 12: 40/1641 Loss: 0.276678
2026-08-19 14:58: Train Epoch 12: 60/1641 Loss: 0.312388
2026-08-19 14:59: Train Epoch 12: 80/1641 Loss: 0.277020
2026-08-19 14:59: Train Epoch 12: 100/1641 Loss: 0.286250
2026-08-19 14:59: Train Epoch 12: 120/1641 Loss: 0.293763
2026-08-19 14:59: Train Epoch 12: 140/1641 Loss: 0.282105
2026-08-19 14:59: Train Epoch 12: 160/1641 Loss: 0.301554
2026-08-19 14:59: Train Epoch 12: 180/1641 Loss: 0.292946
2026-08-19 14:59: Train Epoch 12: 200/1641 Loss: 0.281857
2026-08-19 14:59: Train Epoch 12: 220/1641 Loss: 0.286041
2026-08-19 14:59: Train Epoch 12: 240/1641 Loss: 0.283067
2026-08-19 14:59: Train Epoch 12: 260/1641 Loss: 0.291019
2026-08-19 14:59: Train Epoch 12: 280/1641 Loss: 0.280587
2026-08-19 14:59: Train Epoch 12: 300/1641 Loss: 0.268600
2026-08-19 14:59: Train Epoch 12: 320/1641 Loss: 0.293470
2026-08-19 14:59: Train Epoch 12: 340/1641 Loss: 0.264496
2026-08-19 14:59: Train Epoch 12: 360/1641 Loss: 0.289677
2026-08-19 14:59: Train Epoch 12: 380/1641 Loss: 0.296597
2026-08-19 14:59: Train Epoch 12: 400/1641 Loss: 0.293352
2026-08-19 14:59: Train Epoch 12: 420/1641 Loss: 0.290730
2026-08-19 14:59: Train Epoch 12: 440/1641 Loss: 0.266315
2026-08-19 14:59: Train Epoch 12: 460/1641 Loss: 0.280220
2026-08-19 14:59: Train Epoch 12: 480/1641 Loss: 0.288880
2026-08-19 15:00: Train Epoch 12: 500/1641 Loss: 0.283334
2026-08-19 15:00: Train Epoch 12: 520/1641 Loss: 0.290646
2026-08-19 15:00: Train Epoch 12: 540/1641 Loss: 0.287361
2026-08-19 15:00: Train Epoch 12: 560/1641 Loss: 0.282913
2026-08-19 15:00: Train Epoch 12: 580/1641 Loss: 0.299481
2026-08-19 15:00: Train Epoch 12: 600/1641 Loss: 0.265642
2026-08-19 15:00: Train Epoch 12: 620/1641 Loss: 0.268426
2026-08-19 15:00: Train Epoch 12: 640/1641 Loss: 0.282847
2026-08-19 15:00: Train Epoch 12: 660/1641 Loss: 0.279882
2026-08-19 15:00: Train Epoch 12: 680/1641 Loss: 0.288158
2026-08-19 15:00: Train Epoch 12: 700/1641 Loss: 0.281248
2026-08-19 15:00: Train Epoch 12: 720/1641 Loss: 0.281879
2026-08-19 15:00: Train Epoch 12: 740/1641 Loss: 0.275571
2026-08-19 15:00: Train Epoch 12: 760/1641 Loss: 0.289359
2026-08-19 15:00: Train Epoch 12: 780/1641 Loss: 0.290687
2026-08-19 15:00: Train Epoch 12: 800/1641 Loss: 0.273202
2026-08-19 15:00: Train Epoch 12: 820/1641 Loss: 0.280195
2026-08-19 15:00: Train Epoch 12: 840/1641 Loss: 0.279237
2026-08-19 15:00: Train Epoch 12: 860/1641 Loss: 0.300419
2026-08-19 15:00: Train Epoch 12: 880/1641 Loss: 0.265634
2026-08-19 15:00: Train Epoch 12: 900/1641 Loss: 0.305244
2026-08-19 15:01: Train Epoch 12: 920/1641 Loss: 0.293293
2026-08-19 15:01: Train Epoch 12: 940/1641 Loss: 0.274364
2026-08-19 15:01: Train Epoch 12: 960/1641 Loss: 0.278713
2026-08-19 15:01: Train Epoch 12: 980/1641 Loss: 0.281579
2026-08-19 15:01: Train Epoch 12: 1000/1641 Loss: 0.292662
2026-08-19 15:01: Train Epoch 12: 1020/1641 Loss: 0.279661
2026-08-19 15:01: Train Epoch 12: 1040/1641 Loss: 0.284006
2026-08-19 15:01: Train Epoch 12: 1060/1641 Loss: 0.281097
2026-08-19 15:01: Train Epoch 12: 1080/1641 Loss: 0.287941
2026-08-19 15:01: Train Epoch 12: 1100/1641 Loss: 0.288800
2026-08-19 15:01: Train Epoch 12: 1120/1641 Loss: 0.278862
2026-08-19 15:01: Train Epoch 12: 1140/1641 Loss: 0.278340
2026-08-19 15:01: Train Epoch 12: 1160/1641 Loss: 0.294255
2026-08-19 15:01: Train Epoch 12: 1180/1641 Loss: 0.278713
2026-08-19 15:01: Train Epoch 12: 1200/1641 Loss: 0.281560
2026-08-19 15:01: Train Epoch 12: 1220/1641 Loss: 0.291423
2026-08-19 15:01: Train Epoch 12: 1240/1641 Loss: 0.292159
2026-08-19 15:01: Train Epoch 12: 1260/1641 Loss: 0.271687
2026-08-19 15:01: Train Epoch 12: 1280/1641 Loss: 0.266717
2026-08-19 15:01: Train Epoch 12: 1300/1641 Loss: 0.292118
2026-08-19 15:01: Train Epoch 12: 1320/1641 Loss: 0.297142
2026-08-19 15:02: Train Epoch 12: 1340/1641 Loss: 0.271455
2026-08-19 15:02: Train Epoch 12: 1360/1641 Loss: 0.272805
2026-08-19 15:02: Train Epoch 12: 1380/1641 Loss: 0.264967
2026-08-19 15:02: Train Epoch 12: 1400/1641 Loss: 0.289462
2026-08-19 15:02: Train Epoch 12: 1420/1641 Loss: 0.267518
2026-08-19 15:02: Train Epoch 12: 1440/1641 Loss: 0.290760
2026-08-19 15:02: Train Epoch 12: 1460/1641 Loss: 0.287581
2026-08-19 15:02: Train Epoch 12: 1480/1641 Loss: 0.279581
2026-08-19 15:02: Train Epoch 12: 1500/1641 Loss: 0.290800
2026-08-19 15:02: Train Epoch 12: 1520/1641 Loss: 0.317237
2026-08-19 15:02: Train Epoch 12: 1540/1641 Loss: 0.286177
2026-08-19 15:02: Train Epoch 12: 1560/1641 Loss: 0.266511
2026-08-19 15:02: Train Epoch 12: 1580/1641 Loss: 0.276313
2026-08-19 15:02: Train Epoch 12: 1600/1641 Loss: 0.268133
2026-08-19 15:02: Train Epoch 12: 1620/1641 Loss: 0.287308
2026-08-19 15:02: Train Epoch 12: 1640/1641 Loss: 0.285615
2026-08-19 15:02: **********Train Epoch 12: averaged Loss: 0.284186, tf_ratio: 0.095816
2026-08-19 15:03: **********Val Epoch 12: average Loss: 0.315301
2026-08-19 15:03: Train Epoch 13: 0/1641 Loss: 0.301903
2026-08-19 15:03: Train Epoch 13: 20/1641 Loss: 0.265613
2026-08-19 15:03: Train Epoch 13: 40/1641 Loss: 0.279302
2026-08-19 15:03: Train Epoch 13: 60/1641 Loss: 0.267457
2026-08-19 15:03: Train Epoch 13: 80/1641 Loss: 0.295600
2026-08-19 15:03: Train Epoch 13: 100/1641 Loss: 0.296013
2026-08-19 15:03: Train Epoch 13: 120/1641 Loss: 0.283304
2026-08-19 15:03: Train Epoch 13: 140/1641 Loss: 0.310176
2026-08-19 15:03: Train Epoch 13: 160/1641 Loss: 0.277513
2026-08-19 15:03: Train Epoch 13: 180/1641 Loss: 0.297093
2026-08-19 15:03: Train Epoch 13: 200/1641 Loss: 0.278396
2026-08-19 15:03: Train Epoch 13: 220/1641 Loss: 0.261546
2026-08-19 15:03: Train Epoch 13: 240/1641 Loss: 0.278917
2026-08-19 15:03: Train Epoch 13: 260/1641 Loss: 0.284811
2026-08-19 15:03: Train Epoch 13: 280/1641 Loss: 0.274009
2026-08-19 15:03: Train Epoch 13: 300/1641 Loss: 0.299357
2026-08-19 15:03: Train Epoch 13: 320/1641 Loss: 0.271639
2026-08-19 15:03: Train Epoch 13: 340/1641 Loss: 0.283100
2026-08-19 15:03: Train Epoch 13: 360/1641 Loss: 0.271243
2026-08-19 15:03: Train Epoch 13: 380/1641 Loss: 0.285420
2026-08-19 15:04: Train Epoch 13: 400/1641 Loss: 0.267830
2026-08-19 15:04: Train Epoch 13: 420/1641 Loss: 0.281650
2026-08-19 15:04: Train Epoch 13: 440/1641 Loss: 0.271103
2026-08-19 15:04: Train Epoch 13: 460/1641 Loss: 0.282982
2026-08-19 15:04: Train Epoch 13: 480/1641 Loss: 0.293857
2026-08-19 15:04: Train Epoch 13: 500/1641 Loss: 0.281563
2026-08-19 15:04: Train Epoch 13: 520/1641 Loss: 0.295145
2026-08-19 15:04: Train Epoch 13: 540/1641 Loss: 0.266353
2026-08-19 15:04: Train Epoch 13: 560/1641 Loss: 0.269919
2026-08-19 15:04: Train Epoch 13: 580/1641 Loss: 0.273481
2026-08-19 15:04: Train Epoch 13: 600/1641 Loss: 0.281788
2026-08-19 15:04: Train Epoch 13: 620/1641 Loss: 0.284801
2026-08-19 15:04: Train Epoch 13: 640/1641 Loss: 0.275299
2026-08-19 15:04: Train Epoch 13: 660/1641 Loss: 0.277185
2026-08-19 15:04: Train Epoch 13: 680/1641 Loss: 0.285862
2026-08-19 15:04: Train Epoch 13: 700/1641 Loss: 0.294304
2026-08-19 15:04: Train Epoch 13: 720/1641 Loss: 0.287012
2026-08-19 15:04: Train Epoch 13: 740/1641 Loss: 0.274559
2026-08-19 15:04: Train Epoch 13: 760/1641 Loss: 0.277242
2026-08-19 15:04: Train Epoch 13: 780/1641 Loss: 0.276154
2026-08-19 15:04: Train Epoch 13: 800/1641 Loss: 0.290959
2026-08-19 15:05: Train Epoch 13: 820/1641 Loss: 0.275839
2026-08-19 15:05: Train Epoch 13: 840/1641 Loss: 0.261577
2026-08-19 15:05: Train Epoch 13: 860/1641 Loss: 0.275019
2026-08-19 15:05: Train Epoch 13: 880/1641 Loss: 0.267520
2026-08-19 15:05: Train Epoch 13: 900/1641 Loss: 0.268177
2026-08-19 15:05: Train Epoch 13: 920/1641 Loss: 0.272902
2026-08-19 15:05: Train Epoch 13: 940/1641 Loss: 0.269056
2026-08-19 15:05: Train Epoch 13: 960/1641 Loss: 0.298512
2026-08-19 15:05: Train Epoch 13: 980/1641 Loss: 0.282677
2026-08-19 15:05: Train Epoch 13: 1000/1641 Loss: 0.272377
2026-08-19 15:05: Train Epoch 13: 1020/1641 Loss: 0.283584
2026-08-19 15:05: Train Epoch 13: 1040/1641 Loss: 0.272636
2026-08-19 15:05: Train Epoch 13: 1060/1641 Loss: 0.262465
2026-08-19 15:05: Train Epoch 13: 1080/1641 Loss: 0.279660
2026-08-19 15:05: Train Epoch 13: 1100/1641 Loss: 0.282600
2026-08-19 15:05: Train Epoch 13: 1120/1641 Loss: 0.292499
2026-08-19 15:05: Train Epoch 13: 1140/1641 Loss: 0.267431
2026-08-19 15:05: Train Epoch 13: 1160/1641 Loss: 0.262108
2026-08-19 15:05: Train Epoch 13: 1180/1641 Loss: 0.283922
2026-08-19 15:05: Train Epoch 13: 1200/1641 Loss: 0.275510
2026-08-19 15:05: Train Epoch 13: 1220/1641 Loss: 0.272879
2026-08-19 15:05: Train Epoch 13: 1240/1641 Loss: 0.265186
2026-08-19 15:06: Train Epoch 13: 1260/1641 Loss: 0.284947
2026-08-19 15:06: Train Epoch 13: 1280/1641 Loss: 0.272656
2026-08-19 15:06: Train Epoch 13: 1300/1641 Loss: 0.266222
2026-08-19 15:06: Train Epoch 13: 1320/1641 Loss: 0.274529
2026-08-19 15:06: Train Epoch 13: 1340/1641 Loss: 0.291353
2026-08-19 15:06: Train Epoch 13: 1360/1641 Loss: 0.297011
2026-08-19 15:06: Train Epoch 13: 1380/1641 Loss: 0.270178
2026-08-19 15:06: Train Epoch 13: 1400/1641 Loss: 0.271615
2026-08-19 15:06: Train Epoch 13: 1420/1641 Loss: 0.276023
2026-08-19 15:06: Train Epoch 13: 1440/1641 Loss: 0.270537
2026-08-19 15:06: Train Epoch 13: 1460/1641 Loss: 0.291922
2026-08-19 15:06: Train Epoch 13: 1480/1641 Loss: 0.255460
2026-08-19 15:06: Train Epoch 13: 1500/1641 Loss: 0.285715
2026-08-19 15:06: Train Epoch 13: 1520/1641 Loss: 0.265812
2026-08-19 15:06: Train Epoch 13: 1540/1641 Loss: 0.280313
2026-08-19 15:06: Train Epoch 13: 1560/1641 Loss: 0.284389
2026-08-19 15:06: Train Epoch 13: 1580/1641 Loss: 0.282739
2026-08-19 15:06: Train Epoch 13: 1600/1641 Loss: 0.288040
2026-08-19 15:06: Train Epoch 13: 1620/1641 Loss: 0.289151
2026-08-19 15:06: Train Epoch 13: 1640/1641 Loss: 0.261010
2026-08-19 15:06: **********Train Epoch 13: averaged Loss: 0.279967, tf_ratio: 0.044570
2026-08-19 15:07: **********Val Epoch 13: average Loss: 0.322984
2026-08-19 15:07: Train Epoch 14: 0/1641 Loss: 0.297591
2026-08-19 15:07: Train Epoch 14: 20/1641 Loss: 0.273248
2026-08-19 15:07: Train Epoch 14: 40/1641 Loss: 0.279112
2026-08-19 15:07: Train Epoch 14: 60/1641 Loss: 0.301406
2026-08-19 15:07: Train Epoch 14: 80/1641 Loss: 0.275199
2026-08-19 15:07: Train Epoch 14: 100/1641 Loss: 0.262426
2026-08-19 15:07: Train Epoch 14: 120/1641 Loss: 0.276219
2026-08-19 15:07: Train Epoch 14: 140/1641 Loss: 0.283775
2026-08-19 15:07: Train Epoch 14: 160/1641 Loss: 0.276630
2026-08-19 15:07: Train Epoch 14: 180/1641 Loss: 0.279141
2026-08-19 15:07: Train Epoch 14: 200/1641 Loss: 0.272792
2026-08-19 15:07: Train Epoch 14: 220/1641 Loss: 0.277373
2026-08-19 15:07: Train Epoch 14: 240/1641 Loss: 0.300630
2026-08-19 15:07: Train Epoch 14: 260/1641 Loss: 0.270990
2026-08-19 15:07: Train Epoch 14: 280/1641 Loss: 0.279460
2026-08-19 15:07: Train Epoch 14: 300/1641 Loss: 0.281413
2026-08-19 15:08: Train Epoch 14: 320/1641 Loss: 0.282932
2026-08-19 15:08: Train Epoch 14: 340/1641 Loss: 0.270611
2026-08-19 15:08: Train Epoch 14: 360/1641 Loss: 0.279219
2026-08-19 15:08: Train Epoch 14: 380/1641 Loss: 0.266448
2026-08-19 15:08: Train Epoch 14: 400/1641 Loss: 0.279318
2026-08-19 15:08: Train Epoch 14: 420/1641 Loss: 0.275021
2026-08-19 15:08: Train Epoch 14: 440/1641 Loss: 0.288231
2026-08-19 15:08: Train Epoch 14: 460/1641 Loss: 0.276203
2026-08-19 15:08: Train Epoch 14: 480/1641 Loss: 0.278320
2026-08-19 15:08: Train Epoch 14: 500/1641 Loss: 0.262238
2026-08-19 15:08: Train Epoch 14: 520/1641 Loss: 0.291799
2026-08-19 15:08: Train Epoch 14: 540/1641 Loss: 0.275984
2026-08-19 15:08: Train Epoch 14: 560/1641 Loss: 0.278930
2026-08-19 15:08: Train Epoch 14: 580/1641 Loss: 0.272764
2026-08-19 15:08: Train Epoch 14: 600/1641 Loss: 0.273765
2026-08-19 15:08: Train Epoch 14: 620/1641 Loss: 0.311268
2026-08-19 15:08: Train Epoch 14: 640/1641 Loss: 0.254396
2026-08-19 15:08: Train Epoch 14: 660/1641 Loss: 0.282933
2026-08-19 15:08: Train Epoch 14: 680/1641 Loss: 0.282777
2026-08-19 15:08: Train Epoch 14: 700/1641 Loss: 0.276090
2026-08-19 15:08: Train Epoch 14: 720/1641 Loss: 0.277875
2026-08-19 15:09: Train Epoch 14: 740/1641 Loss: 0.278996
2026-08-19 15:09: Train Epoch 14: 760/1641 Loss: 0.276560
2026-08-19 15:09: Train Epoch 14: 780/1641 Loss: 0.267372
2026-08-19 15:09: Train Epoch 14: 800/1641 Loss: 0.275840
2026-08-19 15:09: Train Epoch 14: 820/1641 Loss: 0.297075
2026-08-19 15:09: Train Epoch 14: 840/1641 Loss: 0.268154
2026-08-19 15:09: Train Epoch 14: 860/1641 Loss: 0.281038
2026-08-19 15:09: Train Epoch 14: 880/1641 Loss: 0.269128
2026-08-19 15:09: Train Epoch 14: 900/1641 Loss: 0.257704
2026-08-19 15:09: Train Epoch 14: 920/1641 Loss: 0.264424
2026-08-19 15:09: Train Epoch 14: 940/1641 Loss: 0.286445
2026-08-19 15:09: Train Epoch 14: 960/1641 Loss: 0.272018
2026-08-19 15:09: Train Epoch 14: 980/1641 Loss: 0.284212
2026-08-19 15:09: Train Epoch 14: 1000/1641 Loss: 0.257675
2026-08-19 15:09: Train Epoch 14: 1020/1641 Loss: 0.284519
2026-08-19 15:09: Train Epoch 14: 1040/1641 Loss: 0.286182
2026-08-19 15:09: Train Epoch 14: 1060/1641 Loss: 0.270203
2026-08-19 15:09: Train Epoch 14: 1080/1641 Loss: 0.267926
2026-08-19 15:09: Train Epoch 14: 1100/1641 Loss: 0.275330
2026-08-19 15:09: Train Epoch 14: 1120/1641 Loss: 0.282892
2026-08-19 15:09: Train Epoch 14: 1140/1641 Loss: 0.261234
2026-08-19 15:10: Train Epoch 14: 1160/1641 Loss: 0.274193
2026-08-19 15:10: Train Epoch 14: 1180/1641 Loss: 0.283027
2026-08-19 15:10: Train Epoch 14: 1200/1641 Loss: 0.287242
2026-08-19 15:10: Train Epoch 14: 1220/1641 Loss: 0.287992
2026-08-19 15:10: Train Epoch 14: 1240/1641 Loss: 0.267088
2026-08-19 15:10: Train Epoch 14: 1260/1641 Loss: 0.268197
2026-08-19 15:10: Train Epoch 14: 1280/1641 Loss: 0.291434
2026-08-19 15:10: Train Epoch 14: 1300/1641 Loss: 0.283130
2026-08-19 15:10: Train Epoch 14: 1320/1641 Loss: 0.266533
2026-08-19 15:10: Train Epoch 14: 1340/1641 Loss: 0.263065
2026-08-19 15:10: Train Epoch 14: 1360/1641 Loss: 0.285792
2026-08-19 15:10: Train Epoch 14: 1380/1641 Loss: 0.263593
2026-08-19 15:10: Train Epoch 14: 1400/1641 Loss: 0.263077
2026-08-19 15:10: Train Epoch 14: 1420/1641 Loss: 0.290348
2026-08-19 15:10: Train Epoch 14: 1440/1641 Loss: 0.269560
2026-08-19 15:10: Train Epoch 14: 1460/1641 Loss: 0.280285
2026-08-19 15:10: Train Epoch 14: 1480/1641 Loss: 0.269698
2026-08-19 15:10: Train Epoch 14: 1500/1641 Loss: 0.269196
2026-08-19 15:10: Train Epoch 14: 1520/1641 Loss: 0.298088
2026-08-19 15:10: Train Epoch 14: 1540/1641 Loss: 0.282457
2026-08-19 15:10: Train Epoch 14: 1560/1641 Loss: 0.264948
2026-08-19 15:10: Train Epoch 14: 1580/1641 Loss: 0.296178
2026-08-19 15:11: Train Epoch 14: 1600/1641 Loss: 0.268043
2026-08-19 15:11: Train Epoch 14: 1620/1641 Loss: 0.283237
2026-08-19 15:11: Train Epoch 14: 1640/1641 Loss: 0.252581
2026-08-19 15:11: **********Train Epoch 14: averaged Loss: 0.275420, tf_ratio: 0.020122
2026-08-19 15:11: **********Val Epoch 14: average Loss: 0.319978
2026-08-19 15:11: Train Epoch 15: 0/1641 Loss: 0.269900
2026-08-19 15:11: Train Epoch 15: 20/1641 Loss: 0.273561
2026-08-19 15:11: Train Epoch 15: 40/1641 Loss: 0.275296
2026-08-19 15:11: Train Epoch 15: 60/1641 Loss: 0.279831
2026-08-19 15:11: Train Epoch 15: 80/1641 Loss: 0.277812
2026-08-19 15:11: Train Epoch 15: 100/1641 Loss: 0.277137
2026-08-19 15:11: Train Epoch 15: 120/1641 Loss: 0.271527
2026-08-19 15:11: Train Epoch 15: 140/1641 Loss: 0.273498
2026-08-19 15:11: Train Epoch 15: 160/1641 Loss: 0.263023
2026-08-19 15:11: Train Epoch 15: 180/1641 Loss: 0.267833
2026-08-19 15:11: Train Epoch 15: 200/1641 Loss: 0.267055
2026-08-19 15:12: Train Epoch 15: 220/1641 Loss: 0.265293
2026-08-19 15:12: Train Epoch 15: 240/1641 Loss: 0.260718
2026-08-19 15:12: Train Epoch 15: 260/1641 Loss: 0.271362
2026-08-19 15:12: Train Epoch 15: 280/1641 Loss: 0.288437
2026-08-19 15:12: Train Epoch 15: 300/1641 Loss: 0.266268
2026-08-19 15:12: Train Epoch 15: 320/1641 Loss: 0.272593
2026-08-19 15:12: Train Epoch 15: 340/1641 Loss: 0.262601
2026-08-19 15:12: Train Epoch 15: 360/1641 Loss: 0.270923
2026-08-19 15:12: Train Epoch 15: 380/1641 Loss: 0.287795
2026-08-19 15:12: Train Epoch 15: 400/1641 Loss: 0.271079
2026-08-19 15:12: Train Epoch 15: 420/1641 Loss: 0.278414
2026-08-19 15:12: Train Epoch 15: 440/1641 Loss: 0.274547
2026-08-19 15:12: Train Epoch 15: 460/1641 Loss: 0.256535
2026-08-19 15:12: Train Epoch 15: 480/1641 Loss: 0.290087
2026-08-19 15:12: Train Epoch 15: 500/1641 Loss: 0.284129
2026-08-19 15:12: Train Epoch 15: 520/1641 Loss: 0.252454
2026-08-19 15:12: Train Epoch 15: 540/1641 Loss: 0.265471
2026-08-19 15:12: Train Epoch 15: 560/1641 Loss: 0.272098
2026-08-19 15:12: Train Epoch 15: 580/1641 Loss: 0.281139
2026-08-19 15:12: Train Epoch 15: 600/1641 Loss: 0.286518
2026-08-19 15:12: Train Epoch 15: 620/1641 Loss: 0.272613
2026-08-19 15:13: Train Epoch 15: 640/1641 Loss: 0.275939
2026-08-19 15:13: Train Epoch 15: 660/1641 Loss: 0.268549
2026-08-19 15:13: Train Epoch 15: 680/1641 Loss: 0.289221
2026-08-19 15:13: Train Epoch 15: 700/1641 Loss: 0.286901
2026-08-19 15:13: Train Epoch 15: 720/1641 Loss: 0.253826
2026-08-19 15:13: Train Epoch 15: 740/1641 Loss: 0.277693
2026-08-19 15:13: Train Epoch 15: 760/1641 Loss: 0.258676
2026-08-19 15:13: Train Epoch 15: 780/1641 Loss: 0.266645
2026-08-19 15:13: Train Epoch 15: 800/1641 Loss: 0.262765
2026-08-19 15:13: Train Epoch 15: 820/1641 Loss: 0.297247
2026-08-19 15:13: Train Epoch 15: 840/1641 Loss: 0.269510
2026-08-19 15:13: Train Epoch 15: 860/1641 Loss: 0.249923
2026-08-19 15:13: Train Epoch 15: 880/1641 Loss: 0.261973
2026-08-19 15:13: Train Epoch 15: 900/1641 Loss: 0.287293
2026-08-19 15:13: Train Epoch 15: 920/1641 Loss: 0.259092
2026-08-19 15:13: Train Epoch 15: 940/1641 Loss: 0.283893
2026-08-19 15:13: Train Epoch 15: 960/1641 Loss: 0.269547
2026-08-19 15:13: Train Epoch 15: 980/1641 Loss: 0.278185
2026-08-19 15:13: Train Epoch 15: 1000/1641 Loss: 0.285675
2026-08-19 15:13: Train Epoch 15: 1020/1641 Loss: 0.263883
2026-08-19 15:13: Train Epoch 15: 1040/1641 Loss: 0.266428
2026-08-19 15:14: Train Epoch 15: 1060/1641 Loss: 0.283015
2026-08-19 15:14: Train Epoch 15: 1080/1641 Loss: 0.267367
2026-08-19 15:14: Train Epoch 15: 1100/1641 Loss: 0.270587
2026-08-19 15:14: Train Epoch 15: 1120/1641 Loss: 0.265061
2026-08-19 15:14: Train Epoch 15: 1140/1641 Loss: 0.282730
2026-08-19 15:14: Train Epoch 15: 1160/1641 Loss: 0.269783
2026-08-19 15:14: Train Epoch 15: 1180/1641 Loss: 0.267503
2026-08-19 15:14: Train Epoch 15: 1200/1641 Loss: 0.255674
2026-08-19 15:14: Train Epoch 15: 1220/1641 Loss: 0.269168
2026-08-19 15:14: Train Epoch 15: 1240/1641 Loss: 0.271110
2026-08-19 15:14: Train Epoch 15: 1260/1641 Loss: 0.255829
2026-08-19 15:14: Train Epoch 15: 1280/1641 Loss: 0.245892
2026-08-19 15:14: Train Epoch 15: 1300/1641 Loss: 0.274920
2026-08-19 15:14: Train Epoch 15: 1320/1641 Loss: 0.262002
2026-08-19 15:14: Train Epoch 15: 1340/1641 Loss: 0.280634
2026-08-19 15:14: Train Epoch 15: 1360/1641 Loss: 0.282534
2026-08-19 15:14: Train Epoch 15: 1380/1641 Loss: 0.272547
2026-08-19 15:14: Train Epoch 15: 1400/1641 Loss: 0.265014
2026-08-19 15:14: Train Epoch 15: 1420/1641 Loss: 0.280927
2026-08-19 15:14: Train Epoch 15: 1440/1641 Loss: 0.269507
2026-08-19 15:14: Train Epoch 15: 1460/1641 Loss: 0.274143
2026-08-19 15:15: Train Epoch 15: 1480/1641 Loss: 0.272444
2026-08-19 15:15: Train Epoch 15: 1500/1641 Loss: 0.269987
2026-08-19 15:15: Train Epoch 15: 1520/1641 Loss: 0.258655
2026-08-19 15:15: Train Epoch 15: 1540/1641 Loss: 0.280760
2026-08-19 15:15: Train Epoch 15: 1560/1641 Loss: 0.244827
2026-08-19 15:15: Train Epoch 15: 1580/1641 Loss: 0.273060
2026-08-19 15:15: Train Epoch 15: 1600/1641 Loss: 0.266716
2026-08-19 15:15: Train Epoch 15: 1620/1641 Loss: 0.273156
2026-08-19 15:15: Train Epoch 15: 1640/1641 Loss: 0.278792
2026-08-19 15:15: **********Train Epoch 15: averaged Loss: 0.270879, tf_ratio: 0.008959
2026-08-19 15:15: **********Val Epoch 15: average Loss: 0.316689
2026-08-19 15:15: Train Epoch 16: 0/1641 Loss: 0.249501
2026-08-19 15:15: Train Epoch 16: 20/1641 Loss: 0.271721
2026-08-19 15:15: Train Epoch 16: 40/1641 Loss: 0.276915
2026-08-19 15:15: Train Epoch 16: 60/1641 Loss: 0.277878
2026-08-19 15:15: Train Epoch 16: 80/1641 Loss: 0.259001
2026-08-19 15:16: Train Epoch 16: 100/1641 Loss: 0.260212
2026-08-19 15:16: Train Epoch 16: 120/1641 Loss: 0.283043
2026-08-19 15:16: Train Epoch 16: 140/1641 Loss: 0.271719
2026-08-19 15:16: Train Epoch 16: 160/1641 Loss: 0.251595
2026-08-19 15:16: Train Epoch 16: 180/1641 Loss: 0.269577
2026-08-19 15:16: Train Epoch 16: 200/1641 Loss: 0.273699
2026-08-19 15:16: Train Epoch 16: 220/1641 Loss: 0.277382
2026-08-19 15:16: Train Epoch 16: 240/1641 Loss: 0.269867
2026-08-19 15:16: Train Epoch 16: 260/1641 Loss: 0.279329
2026-08-19 15:16: Train Epoch 16: 280/1641 Loss: 0.295148
2026-08-19 15:16: Train Epoch 16: 300/1641 Loss: 0.245968
2026-08-19 15:16: Train Epoch 16: 320/1641 Loss: 0.279593
2026-08-19 15:16: Train Epoch 16: 340/1641 Loss: 0.260020
2026-08-19 15:16: Train Epoch 16: 360/1641 Loss: 0.267060
2026-08-19 15:16: Train Epoch 16: 380/1641 Loss: 0.278405
2026-08-19 15:16: Train Epoch 16: 400/1641 Loss: 0.285164
2026-08-19 15:16: Train Epoch 16: 420/1641 Loss: 0.258794
2026-08-19 15:16: Train Epoch 16: 440/1641 Loss: 0.264172
2026-08-19 15:16: Train Epoch 16: 460/1641 Loss: 0.265856
2026-08-19 15:16: Train Epoch 16: 480/1641 Loss: 0.271873
2026-08-19 15:16: Train Epoch 16: 500/1641 Loss: 0.272052
2026-08-19 15:16: Train Epoch 16: 520/1641 Loss: 0.273948
2026-08-19 15:17: Train Epoch 16: 540/1641 Loss: 0.257915
2026-08-19 15:17: Train Epoch 16: 560/1641 Loss: 0.275402
2026-08-19 15:17: Train Epoch 16: 580/1641 Loss: 0.265657
2026-08-19 15:17: Train Epoch 16: 600/1641 Loss: 0.269386
2026-08-19 15:17: Train Epoch 16: 620/1641 Loss: 0.255047
2026-08-19 15:17: Train Epoch 16: 640/1641 Loss: 0.258727
2026-08-19 15:17: Train Epoch 16: 660/1641 Loss: 0.264781
2026-08-19 15:17: Train Epoch 16: 680/1641 Loss: 0.264176
2026-08-19 15:17: Train Epoch 16: 700/1641 Loss: 0.271137
2026-08-19 15:17: Train Epoch 16: 720/1641 Loss: 0.264234
2026-08-19 15:17: Train Epoch 16: 740/1641 Loss: 0.273499
2026-08-19 15:17: Train Epoch 16: 760/1641 Loss: 0.280130
2026-08-19 15:17: Train Epoch 16: 780/1641 Loss: 0.262277
2026-08-19 15:17: Train Epoch 16: 800/1641 Loss: 0.278173
2026-08-19 15:17: Train Epoch 16: 820/1641 Loss: 0.289538
2026-08-19 15:17: Train Epoch 16: 840/1641 Loss: 0.264047
2026-08-19 15:17: Train Epoch 16: 860/1641 Loss: 0.261291
2026-08-19 15:17: Train Epoch 16: 880/1641 Loss: 0.259817
2026-08-19 15:17: Train Epoch 16: 900/1641 Loss: 0.248853
2026-08-19 15:17: Train Epoch 16: 920/1641 Loss: 0.265422
2026-08-19 15:17: Train Epoch 16: 940/1641 Loss: 0.273323
2026-08-19 15:18: Train Epoch 16: 960/1641 Loss: 0.261256
2026-08-19 15:18: Train Epoch 16: 980/1641 Loss: 0.255069
2026-08-19 15:18: Train Epoch 16: 1000/1641 Loss: 0.254985
2026-08-19 15:18: Train Epoch 16: 1020/1641 Loss: 0.268601
2026-08-19 15:18: Train Epoch 16: 1040/1641 Loss: 0.255986
2026-08-19 15:18: Train Epoch 16: 1060/1641 Loss: 0.264428
2026-08-19 15:18: Train Epoch 16: 1080/1641 Loss: 0.280237
2026-08-19 15:18: Train Epoch 16: 1100/1641 Loss: 0.267429
2026-08-19 15:18: Train Epoch 16: 1120/1641 Loss: 0.261380
2026-08-19 15:18: Train Epoch 16: 1140/1641 Loss: 0.279705
2026-08-19 15:18: Train Epoch 16: 1160/1641 Loss: 0.261619
2026-08-19 15:18: Train Epoch 16: 1180/1641 Loss: 0.247721
2026-08-19 15:18: Train Epoch 16: 1200/1641 Loss: 0.286914
2026-08-19 15:18: Train Epoch 16: 1220/1641 Loss: 0.274673
2026-08-19 15:18: Train Epoch 16: 1240/1641 Loss: 0.252587
2026-08-19 15:18: Train Epoch 16: 1260/1641 Loss: 0.261800
2026-08-19 15:18: Train Epoch 16: 1280/1641 Loss: 0.278248
2026-08-19 15:18: Train Epoch 16: 1300/1641 Loss: 0.261275
2026-08-19 15:18: Train Epoch 16: 1320/1641 Loss: 0.250056
2026-08-19 15:18: Train Epoch 16: 1340/1641 Loss: 0.270018
2026-08-19 15:18: Train Epoch 16: 1360/1641 Loss: 0.281429
2026-08-19 15:19: Train Epoch 16: 1380/1641 Loss: 0.263932
2026-08-19 15:19: Train Epoch 16: 1400/1641 Loss: 0.268466
2026-08-19 15:19: Train Epoch 16: 1420/1641 Loss: 0.276281
2026-08-19 15:19: Train Epoch 16: 1440/1641 Loss: 0.265279
2026-08-19 15:19: Train Epoch 16: 1460/1641 Loss: 0.267818
2026-08-19 15:19: Train Epoch 16: 1480/1641 Loss: 0.270724
2026-08-19 15:19: Train Epoch 16: 1500/1641 Loss: 0.246678
2026-08-19 15:19: Train Epoch 16: 1520/1641 Loss: 0.261475
2026-08-19 15:19: Train Epoch 16: 1540/1641 Loss: 0.284522
2026-08-19 15:19: Train Epoch 16: 1560/1641 Loss: 0.266325
2026-08-19 15:19: Train Epoch 16: 1580/1641 Loss: 0.245520
2026-08-19 15:19: Train Epoch 16: 1600/1641 Loss: 0.265613
2026-08-19 15:19: Train Epoch 16: 1620/1641 Loss: 0.265642
2026-08-19 15:19: Train Epoch 16: 1640/1641 Loss: 0.263136
2026-08-19 15:19: **********Train Epoch 16: averaged Loss: 0.266503, tf_ratio: 0.003964
2026-08-19 15:19: **********Val Epoch 16: average Loss: 0.317657
2026-08-19 15:19: Train Epoch 17: 0/1641 Loss: 0.255618
2026-08-19 15:20: Train Epoch 17: 20/1641 Loss: 0.259636
2026-08-19 15:20: Train Epoch 17: 40/1641 Loss: 0.265662
2026-08-19 15:20: Train Epoch 17: 60/1641 Loss: 0.264982
2026-08-19 15:20: Train Epoch 17: 80/1641 Loss: 0.252754
2026-08-19 15:20: Train Epoch 17: 100/1641 Loss: 0.288767
2026-08-19 15:20: Train Epoch 17: 120/1641 Loss: 0.259360
2026-08-19 15:20: Train Epoch 17: 140/1641 Loss: 0.259407
2026-08-19 15:20: Train Epoch 17: 160/1641 Loss: 0.241898
2026-08-19 15:20: Train Epoch 17: 180/1641 Loss: 0.266253
2026-08-19 15:20: Train Epoch 17: 200/1641 Loss: 0.273986
2026-08-19 15:20: Train Epoch 17: 220/1641 Loss: 0.273860
2026-08-19 15:20: Train Epoch 17: 240/1641 Loss: 0.258808
2026-08-19 15:20: Train Epoch 17: 260/1641 Loss: 0.273237
2026-08-19 15:20: Train Epoch 17: 280/1641 Loss: 0.249626
2026-08-19 15:20: Train Epoch 17: 300/1641 Loss: 0.277500
2026-08-19 15:20: Train Epoch 17: 320/1641 Loss: 0.268450
2026-08-19 15:20: Train Epoch 17: 340/1641 Loss: 0.267944
2026-08-19 15:20: Train Epoch 17: 360/1641 Loss: 0.257429
2026-08-19 15:20: Train Epoch 17: 380/1641 Loss: 0.285258
2026-08-19 15:20: Train Epoch 17: 400/1641 Loss: 0.262163
2026-08-19 15:20: Train Epoch 17: 420/1641 Loss: 0.273442
2026-08-19 15:21: Train Epoch 17: 440/1641 Loss: 0.261058
2026-08-19 15:21: Train Epoch 17: 460/1641 Loss: 0.273178
2026-08-19 15:21: Train Epoch 17: 480/1641 Loss: 0.263810
2026-08-19 15:21: Train Epoch 17: 500/1641 Loss: 0.244309
2026-08-19 15:21: Train Epoch 17: 520/1641 Loss: 0.278144
2026-08-19 15:21: Train Epoch 17: 540/1641 Loss: 0.260868
2026-08-19 15:21: Train Epoch 17: 560/1641 Loss: 0.275745
2026-08-19 15:21: Train Epoch 17: 580/1641 Loss: 0.261308
2026-08-19 15:21: Train Epoch 17: 600/1641 Loss: 0.232059
2026-08-19 15:21: Train Epoch 17: 620/1641 Loss: 0.251827
2026-08-19 15:21: Train Epoch 17: 640/1641 Loss: 0.269688
2026-08-19 15:21: Train Epoch 17: 660/1641 Loss: 0.265503
2026-08-19 15:21: Train Epoch 17: 680/1641 Loss: 0.244451
2026-08-19 15:21: Train Epoch 17: 700/1641 Loss: 0.269041
2026-08-19 15:21: Train Epoch 17: 720/1641 Loss: 0.250528
2026-08-19 15:21: Train Epoch 17: 740/1641 Loss: 0.263160
2026-08-19 15:21: Train Epoch 17: 760/1641 Loss: 0.252518
2026-08-19 15:21: Train Epoch 17: 780/1641 Loss: 0.262699
2026-08-19 15:21: Train Epoch 17: 800/1641 Loss: 0.270064
2026-08-19 15:21: Train Epoch 17: 820/1641 Loss: 0.277528
2026-08-19 15:21: Train Epoch 17: 840/1641 Loss: 0.271083
2026-08-19 15:22: Train Epoch 17: 860/1641 Loss: 0.253039
2026-08-19 15:22: Train Epoch 17: 880/1641 Loss: 0.247755
2026-08-19 15:22: Train Epoch 17: 900/1641 Loss: 0.273227
2026-08-19 15:22: Train Epoch 17: 920/1641 Loss: 0.256348
2026-08-19 15:22: Train Epoch 17: 940/1641 Loss: 0.276049
2026-08-19 15:22: Train Epoch 17: 960/1641 Loss: 0.266452
2026-08-19 15:22: Train Epoch 17: 980/1641 Loss: 0.263921
2026-08-19 15:22: Train Epoch 17: 1000/1641 Loss: 0.258543
2026-08-19 15:22: Train Epoch 17: 1020/1641 Loss: 0.265617
2026-08-19 15:22: Train Epoch 17: 1040/1641 Loss: 0.273248
2026-08-19 15:22: Train Epoch 17: 1060/1641 Loss: 0.272096
2026-08-19 15:22: Train Epoch 17: 1080/1641 Loss: 0.264099
2026-08-19 15:22: Train Epoch 17: 1100/1641 Loss: 0.282495
2026-08-19 15:22: Train Epoch 17: 1120/1641 Loss: 0.254317
2026-08-19 15:22: Train Epoch 17: 1140/1641 Loss: 0.272876
2026-08-19 15:22: Train Epoch 17: 1160/1641 Loss: 0.264059
2026-08-19 15:22: Train Epoch 17: 1180/1641 Loss: 0.272262
2026-08-19 15:22: Train Epoch 17: 1200/1641 Loss: 0.273652
2026-08-19 15:22: Train Epoch 17: 1220/1641 Loss: 0.284652
2026-08-19 15:22: Train Epoch 17: 1240/1641 Loss: 0.260688
2026-08-19 15:22: Train Epoch 17: 1260/1641 Loss: 0.271574
2026-08-19 15:22: Train Epoch 17: 1280/1641 Loss: 0.249286
2026-08-19 15:23: Train Epoch 17: 1300/1641 Loss: 0.258888
2026-08-19 15:23: Train Epoch 17: 1320/1641 Loss: 0.263179
2026-08-19 15:23: Train Epoch 17: 1340/1641 Loss: 0.267830
2026-08-19 15:23: Train Epoch 17: 1360/1641 Loss: 0.250113
2026-08-19 15:23: Train Epoch 17: 1380/1641 Loss: 0.271944
2026-08-19 15:23: Train Epoch 17: 1400/1641 Loss: 0.258393
2026-08-19 15:23: Train Epoch 17: 1420/1641 Loss: 0.254849
2026-08-19 15:23: Train Epoch 17: 1440/1641 Loss: 0.256229
2026-08-19 15:23: Train Epoch 17: 1460/1641 Loss: 0.260512
2026-08-19 15:23: Train Epoch 17: 1480/1641 Loss: 0.274153
2026-08-19 15:23: Train Epoch 17: 1500/1641 Loss: 0.285576
2026-08-19 15:23: Train Epoch 17: 1520/1641 Loss: 0.263445
2026-08-19 15:23: Train Epoch 17: 1540/1641 Loss: 0.251674
2026-08-19 15:23: Train Epoch 17: 1560/1641 Loss: 0.263621
2026-08-19 15:23: Train Epoch 17: 1580/1641 Loss: 0.269227
2026-08-19 15:23: Train Epoch 17: 1600/1641 Loss: 0.249394
2026-08-19 15:23: Train Epoch 17: 1620/1641 Loss: 0.248589
2026-08-19 15:23: Train Epoch 17: 1640/1641 Loss: 0.263290
2026-08-19 15:23: **********Train Epoch 17: averaged Loss: 0.262050, tf_ratio: 0.001749
2026-08-19 15:24: **********Val Epoch 17: average Loss: 0.321148
2026-08-19 15:24: Train Epoch 18: 0/1641 Loss: 0.267016
2026-08-19 15:24: Train Epoch 18: 20/1641 Loss: 0.242947
2026-08-19 15:24: Train Epoch 18: 40/1641 Loss: 0.259643
2026-08-19 15:24: Train Epoch 18: 60/1641 Loss: 0.257267
2026-08-19 15:24: Train Epoch 18: 80/1641 Loss: 0.248808
2026-08-19 15:24: Train Epoch 18: 100/1641 Loss: 0.268048
2026-08-19 15:24: Train Epoch 18: 120/1641 Loss: 0.244985
2026-08-19 15:24: Train Epoch 18: 140/1641 Loss: 0.236033
2026-08-19 15:24: Train Epoch 18: 160/1641 Loss: 0.266587
2026-08-19 15:24: Train Epoch 18: 180/1641 Loss: 0.246676
2026-08-19 15:24: Train Epoch 18: 200/1641 Loss: 0.263697
2026-08-19 15:24: Train Epoch 18: 220/1641 Loss: 0.265846
2026-08-19 15:24: Train Epoch 18: 240/1641 Loss: 0.277435
2026-08-19 15:24: Train Epoch 18: 260/1641 Loss: 0.251526
2026-08-19 15:24: Train Epoch 18: 280/1641 Loss: 0.248766
2026-08-19 15:24: Train Epoch 18: 300/1641 Loss: 0.249269
2026-08-19 15:24: Train Epoch 18: 320/1641 Loss: 0.247749
2026-08-19 15:25: Train Epoch 18: 340/1641 Loss: 0.257317
2026-08-19 15:25: Train Epoch 18: 360/1641 Loss: 0.252635
2026-08-19 15:25: Train Epoch 18: 380/1641 Loss: 0.249601
2026-08-19 15:25: Train Epoch 18: 400/1641 Loss: 0.273127
2026-08-19 15:25: Train Epoch 18: 420/1641 Loss: 0.258262
2026-08-19 15:25: Train Epoch 18: 440/1641 Loss: 0.239638
2026-08-19 15:25: Train Epoch 18: 460/1641 Loss: 0.261617
2026-08-19 15:25: Train Epoch 18: 480/1641 Loss: 0.261493
2026-08-19 15:25: Train Epoch 18: 500/1641 Loss: 0.251384
2026-08-19 15:25: Train Epoch 18: 520/1641 Loss: 0.257250
2026-08-19 15:25: Train Epoch 18: 540/1641 Loss: 0.253576
2026-08-19 15:25: Train Epoch 18: 560/1641 Loss: 0.261565
2026-08-19 15:25: Train Epoch 18: 580/1641 Loss: 0.251786
2026-08-19 15:25: Train Epoch 18: 600/1641 Loss: 0.262233
2026-08-19 15:25: Train Epoch 18: 620/1641 Loss: 0.274750
2026-08-19 15:25: Train Epoch 18: 640/1641 Loss: 0.262492
2026-08-19 15:25: Train Epoch 18: 660/1641 Loss: 0.257334
2026-08-19 15:25: Train Epoch 18: 680/1641 Loss: 0.254495
2026-08-19 15:25: Train Epoch 18: 700/1641 Loss: 0.252972
2026-08-19 15:25: Train Epoch 18: 720/1641 Loss: 0.273712
2026-08-19 15:25: Train Epoch 18: 740/1641 Loss: 0.281742
2026-08-19 15:26: Train Epoch 18: 760/1641 Loss: 0.256379
2026-08-19 15:26: Train Epoch 18: 780/1641 Loss: 0.259058
2026-08-19 15:26: Train Epoch 18: 800/1641 Loss: 0.245656
2026-08-19 15:26: Train Epoch 18: 820/1641 Loss: 0.248573
2026-08-19 15:26: Train Epoch 18: 840/1641 Loss: 0.266540
2026-08-19 15:26: Train Epoch 18: 860/1641 Loss: 0.258596
2026-08-19 15:26: Train Epoch 18: 880/1641 Loss: 0.264551
2026-08-19 15:26: Train Epoch 18: 900/1641 Loss: 0.253216
2026-08-19 15:26: Train Epoch 18: 920/1641 Loss: 0.253746
2026-08-19 15:26: Train Epoch 18: 940/1641 Loss: 0.246302
2026-08-19 15:26: Train Epoch 18: 960/1641 Loss: 0.257725
2026-08-19 15:26: Train Epoch 18: 980/1641 Loss: 0.266114
2026-08-19 15:26: Train Epoch 18: 1000/1641 Loss: 0.256665
2026-08-19 15:26: Train Epoch 18: 1020/1641 Loss: 0.258014
2026-08-19 15:26: Train Epoch 18: 1040/1641 Loss: 0.257768
2026-08-19 15:26: Train Epoch 18: 1060/1641 Loss: 0.241992
2026-08-19 15:26: Train Epoch 18: 1080/1641 Loss: 0.252070
2026-08-19 15:26: Train Epoch 18: 1100/1641 Loss: 0.265058
2026-08-19 15:26: Train Epoch 18: 1120/1641 Loss: 0.255241
2026-08-19 15:26: Train Epoch 18: 1140/1641 Loss: 0.259373
2026-08-19 15:26: Train Epoch 18: 1160/1641 Loss: 0.254491
2026-08-19 15:26: Train Epoch 18: 1180/1641 Loss: 0.259980
2026-08-19 15:27: Train Epoch 18: 1200/1641 Loss: 0.254348
2026-08-19 15:27: Train Epoch 18: 1220/1641 Loss: 0.242261
2026-08-19 15:27: Train Epoch 18: 1240/1641 Loss: 0.249792
2026-08-19 15:27: Train Epoch 18: 1260/1641 Loss: 0.247115
2026-08-19 15:27: Train Epoch 18: 1280/1641 Loss: 0.252119
2026-08-19 15:27: Train Epoch 18: 1300/1641 Loss: 0.249465
2026-08-19 15:27: Train Epoch 18: 1320/1641 Loss: 0.259693
2026-08-19 15:27: Train Epoch 18: 1340/1641 Loss: 0.259174
2026-08-19 15:27: Train Epoch 18: 1360/1641 Loss: 0.250210
2026-08-19 15:27: Train Epoch 18: 1380/1641 Loss: 0.263238
2026-08-19 15:27: Train Epoch 18: 1400/1641 Loss: 0.244244
2026-08-19 15:27: Train Epoch 18: 1420/1641 Loss: 0.261453
2026-08-19 15:27: Train Epoch 18: 1440/1641 Loss: 0.260435
2026-08-19 15:27: Train Epoch 18: 1460/1641 Loss: 0.269774
2026-08-19 15:27: Train Epoch 18: 1480/1641 Loss: 0.269875
2026-08-19 15:27: Train Epoch 18: 1500/1641 Loss: 0.268130
2026-08-19 15:27: Train Epoch 18: 1520/1641 Loss: 0.272416
2026-08-19 15:27: Train Epoch 18: 1540/1641 Loss: 0.275968
2026-08-19 15:27: Train Epoch 18: 1560/1641 Loss: 0.244643
2026-08-19 15:27: Train Epoch 18: 1580/1641 Loss: 0.262680
2026-08-19 15:27: Train Epoch 18: 1600/1641 Loss: 0.272949
2026-08-19 15:28: Train Epoch 18: 1620/1641 Loss: 0.254550
2026-08-19 15:28: Train Epoch 18: 1640/1641 Loss: 0.265408
2026-08-19 15:28: **********Train Epoch 18: averaged Loss: 0.258000, tf_ratio: 0.000771
2026-08-19 15:28: **********Val Epoch 18: average Loss: 0.319079
2026-08-19 15:28: Train Epoch 19: 0/1641 Loss: 0.250481
2026-08-19 15:28: Train Epoch 19: 20/1641 Loss: 0.262260
2026-08-19 15:28: Train Epoch 19: 40/1641 Loss: 0.250201
2026-08-19 15:28: Train Epoch 19: 60/1641 Loss: 0.250590
2026-08-19 15:28: Train Epoch 19: 80/1641 Loss: 0.252406
2026-08-19 15:28: Train Epoch 19: 100/1641 Loss: 0.233999
2026-08-19 15:28: Train Epoch 19: 120/1641 Loss: 0.262481
2026-08-19 15:28: Train Epoch 19: 140/1641 Loss: 0.247072
2026-08-19 15:28: Train Epoch 19: 160/1641 Loss: 0.248048
2026-08-19 15:28: Train Epoch 19: 180/1641 Loss: 0.261982
2026-08-19 15:28: Train Epoch 19: 200/1641 Loss: 0.248381
2026-08-19 15:28: Train Epoch 19: 220/1641 Loss: 0.256229
2026-08-19 15:29: Train Epoch 19: 240/1641 Loss: 0.253886
2026-08-19 15:29: Train Epoch 19: 260/1641 Loss: 0.265666
2026-08-19 15:29: Train Epoch 19: 280/1641 Loss: 0.251458
2026-08-19 15:29: Train Epoch 19: 300/1641 Loss: 0.255199
2026-08-19 15:29: Train Epoch 19: 320/1641 Loss: 0.245767
2026-08-19 15:29: Train Epoch 19: 340/1641 Loss: 0.247747
2026-08-19 15:29: Train Epoch 19: 360/1641 Loss: 0.250942
2026-08-19 15:29: Train Epoch 19: 380/1641 Loss: 0.237364
2026-08-19 15:29: Train Epoch 19: 400/1641 Loss: 0.258641
2026-08-19 15:29: Train Epoch 19: 420/1641 Loss: 0.237228
2026-08-19 15:29: Train Epoch 19: 440/1641 Loss: 0.261276
2026-08-19 15:29: Train Epoch 19: 460/1641 Loss: 0.249902
2026-08-19 15:29: Train Epoch 19: 480/1641 Loss: 0.260629
2026-08-19 15:29: Train Epoch 19: 500/1641 Loss: 0.237360
2026-08-19 15:29: Train Epoch 19: 520/1641 Loss: 0.256614
2026-08-19 15:29: Train Epoch 19: 540/1641 Loss: 0.274190
2026-08-19 15:29: Train Epoch 19: 560/1641 Loss: 0.247340
2026-08-19 15:29: Train Epoch 19: 580/1641 Loss: 0.257017
2026-08-19 15:29: Train Epoch 19: 600/1641 Loss: 0.250962
2026-08-19 15:29: Train Epoch 19: 620/1641 Loss: 0.255197
2026-08-19 15:29: Train Epoch 19: 640/1641 Loss: 0.257608
2026-08-19 15:29: Train Epoch 19: 660/1641 Loss: 0.259415
2026-08-19 15:30: Train Epoch 19: 680/1641 Loss: 0.246579
2026-08-19 15:30: Train Epoch 19: 700/1641 Loss: 0.250837
2026-08-19 15:30: Train Epoch 19: 720/1641 Loss: 0.270173
2026-08-19 15:30: Train Epoch 19: 740/1641 Loss: 0.238971
2026-08-19 15:30: Train Epoch 19: 760/1641 Loss: 0.247358
2026-08-19 15:30: Train Epoch 19: 780/1641 Loss: 0.251393
2026-08-19 15:30: Train Epoch 19: 800/1641 Loss: 0.240085
2026-08-19 15:30: Train Epoch 19: 820/1641 Loss: 0.274911
2026-08-19 15:30: Train Epoch 19: 840/1641 Loss: 0.263568
2026-08-19 15:30: Train Epoch 19: 860/1641 Loss: 0.237060
2026-08-19 15:30: Train Epoch 19: 880/1641 Loss: 0.260893
2026-08-19 15:30: Train Epoch 19: 900/1641 Loss: 0.237930
2026-08-19 15:30: Train Epoch 19: 920/1641 Loss: 0.258685
2026-08-19 15:30: Train Epoch 19: 940/1641 Loss: 0.249814
2026-08-19 15:30: Train Epoch 19: 960/1641 Loss: 0.275433
2026-08-19 15:30: Train Epoch 19: 980/1641 Loss: 0.233746
2026-08-19 15:30: Train Epoch 19: 1000/1641 Loss: 0.233008
2026-08-19 15:30: Train Epoch 19: 1020/1641 Loss: 0.257406
2026-08-19 15:30: Train Epoch 19: 1040/1641 Loss: 0.254701
2026-08-19 15:30: Train Epoch 19: 1060/1641 Loss: 0.261916
2026-08-19 15:30: Train Epoch 19: 1080/1641 Loss: 0.249853
2026-08-19 15:30: Train Epoch 19: 1100/1641 Loss: 0.256262
2026-08-19 15:31: Train Epoch 19: 1120/1641 Loss: 0.253187
2026-08-19 15:31: Train Epoch 19: 1140/1641 Loss: 0.257545
2026-08-19 15:31: Train Epoch 19: 1160/1641 Loss: 0.237308
2026-08-19 15:31: Train Epoch 19: 1180/1641 Loss: 0.251454
2026-08-19 15:31: Train Epoch 19: 1200/1641 Loss: 0.265226
2026-08-19 15:31: Train Epoch 19: 1220/1641 Loss: 0.262360
2026-08-19 15:31: Train Epoch 19: 1240/1641 Loss: 0.267426
2026-08-19 15:31: Train Epoch 19: 1260/1641 Loss: 0.246684
2026-08-19 15:31: Train Epoch 19: 1280/1641 Loss: 0.234403
2026-08-19 15:31: Train Epoch 19: 1300/1641 Loss: 0.255953
2026-08-19 15:31: Train Epoch 19: 1320/1641 Loss: 0.239562
2026-08-19 15:31: Train Epoch 19: 1340/1641 Loss: 0.247116
2026-08-19 15:31: Train Epoch 19: 1360/1641 Loss: 0.261438
2026-08-19 15:31: Train Epoch 19: 1380/1641 Loss: 0.254968
2026-08-19 15:31: Train Epoch 19: 1400/1641 Loss: 0.250449
2026-08-19 15:31: Train Epoch 19: 1420/1641 Loss: 0.253971
2026-08-19 15:31: Train Epoch 19: 1440/1641 Loss: 0.256762
2026-08-19 15:31: Train Epoch 19: 1460/1641 Loss: 0.249232
2026-08-19 15:31: Train Epoch 19: 1480/1641 Loss: 0.257198
2026-08-19 15:31: Train Epoch 19: 1500/1641 Loss: 0.266278
2026-08-19 15:31: Train Epoch 19: 1520/1641 Loss: 0.253543
2026-08-19 15:32: Train Epoch 19: 1540/1641 Loss: 0.246880
2026-08-19 15:32: Train Epoch 19: 1560/1641 Loss: 0.250900
2026-08-19 15:32: Train Epoch 19: 1580/1641 Loss: 0.263584
2026-08-19 15:32: Train Epoch 19: 1600/1641 Loss: 0.250959
2026-08-19 15:32: Train Epoch 19: 1620/1641 Loss: 0.261820
2026-08-19 15:32: Train Epoch 19: 1640/1641 Loss: 0.251134
2026-08-19 15:32: **********Train Epoch 19: averaged Loss: 0.254088, tf_ratio: 0.000339
2026-08-19 15:32: **********Val Epoch 19: average Loss: 0.318355
2026-08-19 15:32: Train Epoch 20: 0/1641 Loss: 0.254037
2026-08-19 15:32: Train Epoch 20: 20/1641 Loss: 0.254084
2026-08-19 15:32: Train Epoch 20: 40/1641 Loss: 0.249812
2026-08-19 15:32: Train Epoch 20: 60/1641 Loss: 0.257329
2026-08-19 15:32: Train Epoch 20: 80/1641 Loss: 0.257310
2026-08-19 15:32: Train Epoch 20: 100/1641 Loss: 0.263010
2026-08-19 15:32: Train Epoch 20: 120/1641 Loss: 0.248755
2026-08-19 15:32: Train Epoch 20: 140/1641 Loss: 0.236791
2026-08-19 15:33: Train Epoch 20: 160/1641 Loss: 0.245013
2026-08-19 15:33: Train Epoch 20: 180/1641 Loss: 0.256436
2026-08-19 15:33: Train Epoch 20: 200/1641 Loss: 0.242265
2026-08-19 15:33: Train Epoch 20: 220/1641 Loss: 0.250733
2026-08-19 15:33: Train Epoch 20: 240/1641 Loss: 0.236380
2026-08-19 15:33: Train Epoch 20: 260/1641 Loss: 0.250760
2026-08-19 15:33: Train Epoch 20: 280/1641 Loss: 0.264149
2026-08-19 15:33: Train Epoch 20: 300/1641 Loss: 0.260315
2026-08-19 15:33: Train Epoch 20: 320/1641 Loss: 0.253552
2026-08-19 15:33: Train Epoch 20: 340/1641 Loss: 0.237078
2026-08-19 15:33: Train Epoch 20: 360/1641 Loss: 0.253626
2026-08-19 15:33: Train Epoch 20: 380/1641 Loss: 0.270938
2026-08-19 15:33: Train Epoch 20: 400/1641 Loss: 0.249614
2026-08-19 15:33: Train Epoch 20: 420/1641 Loss: 0.243944
2026-08-19 15:33: Train Epoch 20: 440/1641 Loss: 0.262745
2026-08-19 15:33: Train Epoch 20: 460/1641 Loss: 0.259016
2026-08-19 15:33: Train Epoch 20: 480/1641 Loss: 0.244493
2026-08-19 15:33: Train Epoch 20: 500/1641 Loss: 0.254092
2026-08-19 15:33: Train Epoch 20: 520/1641 Loss: 0.252946
2026-08-19 15:33: Train Epoch 20: 540/1641 Loss: 0.248384
2026-08-19 15:33: Train Epoch 20: 560/1641 Loss: 0.248352
2026-08-19 15:34: Train Epoch 20: 580/1641 Loss: 0.249306
2026-08-19 15:34: Train Epoch 20: 600/1641 Loss: 0.257599
2026-08-19 15:34: Train Epoch 20: 620/1641 Loss: 0.263243
2026-08-19 15:34: Train Epoch 20: 640/1641 Loss: 0.253627
2026-08-19 15:34: Train Epoch 20: 660/1641 Loss: 0.249368
2026-08-19 15:34: Train Epoch 20: 680/1641 Loss: 0.255535
2026-08-19 15:34: Train Epoch 20: 700/1641 Loss: 0.246680
2026-08-19 15:34: Train Epoch 20: 720/1641 Loss: 0.256641
2026-08-19 15:34: Train Epoch 20: 740/1641 Loss: 0.240445
2026-08-19 15:34: Train Epoch 20: 760/1641 Loss: 0.257778
2026-08-19 15:34: Train Epoch 20: 780/1641 Loss: 0.247036
2026-08-19 15:34: Train Epoch 20: 800/1641 Loss: 0.245581
2026-08-19 15:34: Train Epoch 20: 820/1641 Loss: 0.242141
2026-08-19 15:34: Train Epoch 20: 840/1641 Loss: 0.255241
2026-08-19 15:34: Train Epoch 20: 860/1641 Loss: 0.273336
2026-08-19 15:34: Train Epoch 20: 880/1641 Loss: 0.237064
2026-08-19 15:34: Train Epoch 20: 900/1641 Loss: 0.238849
2026-08-19 15:34: Train Epoch 20: 920/1641 Loss: 0.254998
2026-08-19 15:34: Train Epoch 20: 940/1641 Loss: 0.246296
2026-08-19 15:34: Train Epoch 20: 960/1641 Loss: 0.237838
2026-08-19 15:34: Train Epoch 20: 980/1641 Loss: 0.237972
2026-08-19 15:34: Train Epoch 20: 1000/1641 Loss: 0.243231
2026-08-19 15:35: Train Epoch 20: 1020/1641 Loss: 0.240111
2026-08-19 15:35: Train Epoch 20: 1040/1641 Loss: 0.246727
2026-08-19 15:35: Train Epoch 20: 1060/1641 Loss: 0.243690
2026-08-19 15:35: Train Epoch 20: 1080/1641 Loss: 0.244527
2026-08-19 15:35: Train Epoch 20: 1100/1641 Loss: 0.230427
2026-08-19 15:35: Train Epoch 20: 1120/1641 Loss: 0.256743
2026-08-19 15:35: Train Epoch 20: 1140/1641 Loss: 0.254229
2026-08-19 15:35: Train Epoch 20: 1160/1641 Loss: 0.233983
2026-08-19 15:35: Train Epoch 20: 1180/1641 Loss: 0.235970
2026-08-19 15:35: Train Epoch 20: 1200/1641 Loss: 0.231659
2026-08-19 15:35: Train Epoch 20: 1220/1641 Loss: 0.260517
2026-08-19 15:35: Train Epoch 20: 1240/1641 Loss: 0.233356
2026-08-19 15:35: Train Epoch 20: 1260/1641 Loss: 0.252682
2026-08-19 15:35: Train Epoch 20: 1280/1641 Loss: 0.262935
2026-08-19 15:35: Train Epoch 20: 1300/1641 Loss: 0.250336
2026-08-19 15:35: Train Epoch 20: 1320/1641 Loss: 0.243350
2026-08-19 15:35: Train Epoch 20: 1340/1641 Loss: 0.251847
2026-08-19 15:35: Train Epoch 20: 1360/1641 Loss: 0.241951
2026-08-19 15:35: Train Epoch 20: 1380/1641 Loss: 0.258348
2026-08-19 15:35: Train Epoch 20: 1400/1641 Loss: 0.246286
2026-08-19 15:35: Train Epoch 20: 1420/1641 Loss: 0.239023
2026-08-19 15:36: Train Epoch 20: 1440/1641 Loss: 0.249987
2026-08-19 15:36: Train Epoch 20: 1460/1641 Loss: 0.255959
2026-08-19 15:36: Train Epoch 20: 1480/1641 Loss: 0.250909
2026-08-19 15:36: Train Epoch 20: 1500/1641 Loss: 0.245378
2026-08-19 15:36: Train Epoch 20: 1520/1641 Loss: 0.229137
2026-08-19 15:36: Train Epoch 20: 1540/1641 Loss: 0.249353
2026-08-19 15:36: Train Epoch 20: 1560/1641 Loss: 0.252369
2026-08-19 15:36: Train Epoch 20: 1580/1641 Loss: 0.249216
2026-08-19 15:36: Train Epoch 20: 1600/1641 Loss: 0.246154
2026-08-19 15:36: Train Epoch 20: 1620/1641 Loss: 0.255608
2026-08-19 15:36: Train Epoch 20: 1640/1641 Loss: 0.230732
2026-08-19 15:36: **********Train Epoch 20: averaged Loss: 0.250387, tf_ratio: 0.000149
2026-08-19 15:36: **********Val Epoch 20: average Loss: 0.322133
2026-08-19 15:36: Train Epoch 21: 0/1641 Loss: 0.256636
2026-08-19 15:36: Train Epoch 21: 20/1641 Loss: 0.239167
2026-08-19 15:36: Train Epoch 21: 40/1641 Loss: 0.237219
2026-08-19 15:37: Train Epoch 21: 60/1641 Loss: 0.238375
2026-08-19 15:37: Train Epoch 21: 80/1641 Loss: 0.268205
2026-08-19 15:37: Train Epoch 21: 100/1641 Loss: 0.247428
2026-08-19 15:37: Train Epoch 21: 120/1641 Loss: 0.250051
2026-08-19 15:37: Train Epoch 21: 140/1641 Loss: 0.261831
2026-08-19 15:37: Train Epoch 21: 160/1641 Loss: 0.249012
2026-08-19 15:37: Train Epoch 21: 180/1641 Loss: 0.249995
2026-08-19 15:37: Train Epoch 21: 200/1641 Loss: 0.256114
2026-08-19 15:37: Train Epoch 21: 220/1641 Loss: 0.254811
2026-08-19 15:37: Train Epoch 21: 240/1641 Loss: 0.262213
2026-08-19 15:37: Train Epoch 21: 260/1641 Loss: 0.236209
2026-08-19 15:37: Train Epoch 21: 280/1641 Loss: 0.252269
2026-08-19 15:37: Train Epoch 21: 300/1641 Loss: 0.249634
2026-08-19 15:37: Train Epoch 21: 320/1641 Loss: 0.249832
2026-08-19 15:37: Train Epoch 21: 340/1641 Loss: 0.264210
2026-08-19 15:37: Train Epoch 21: 360/1641 Loss: 0.250692
2026-08-19 15:37: Train Epoch 21: 380/1641 Loss: 0.245273
2026-08-19 15:37: Train Epoch 21: 400/1641 Loss: 0.243787
2026-08-19 15:37: Train Epoch 21: 420/1641 Loss: 0.258346
2026-08-19 15:37: Train Epoch 21: 440/1641 Loss: 0.255521
2026-08-19 15:37: Train Epoch 21: 460/1641 Loss: 0.247965
2026-08-19 15:37: Train Epoch 21: 480/1641 Loss: 0.251800
2026-08-19 15:38: Train Epoch 21: 500/1641 Loss: 0.250922
2026-08-19 15:38: Train Epoch 21: 520/1641 Loss: 0.261181
2026-08-19 15:38: Train Epoch 21: 540/1641 Loss: 0.235300
2026-08-19 15:38: Train Epoch 21: 560/1641 Loss: 0.233331
2026-08-19 15:38: Train Epoch 21: 580/1641 Loss: 0.234137
2026-08-19 15:38: Train Epoch 21: 600/1641 Loss: 0.235439
2026-08-19 15:38: Train Epoch 21: 620/1641 Loss: 0.246048
2026-08-19 15:38: Train Epoch 21: 640/1641 Loss: 0.253787
2026-08-19 15:38: Train Epoch 21: 660/1641 Loss: 0.257060
2026-08-19 15:38: Train Epoch 21: 680/1641 Loss: 0.248591
2026-08-19 15:38: Train Epoch 21: 700/1641 Loss: 0.247886
2026-08-19 15:38: Train Epoch 21: 720/1641 Loss: 0.248645
2026-08-19 15:38: Train Epoch 21: 740/1641 Loss: 0.253416
2026-08-19 15:38: Train Epoch 21: 760/1641 Loss: 0.240902
2026-08-19 15:38: Train Epoch 21: 780/1641 Loss: 0.245866
2026-08-19 15:38: Train Epoch 21: 800/1641 Loss: 0.263040
2026-08-19 15:38: Train Epoch 21: 820/1641 Loss: 0.234104
2026-08-19 15:38: Train Epoch 21: 840/1641 Loss: 0.266224
2026-08-19 15:38: Train Epoch 21: 860/1641 Loss: 0.252936
2026-08-19 15:38: Train Epoch 21: 880/1641 Loss: 0.251171
2026-08-19 15:38: Train Epoch 21: 900/1641 Loss: 0.227385
2026-08-19 15:39: Train Epoch 21: 920/1641 Loss: 0.238338
2026-08-19 15:39: Train Epoch 21: 940/1641 Loss: 0.241668
2026-08-19 15:39: Train Epoch 21: 960/1641 Loss: 0.229549
2026-08-19 15:39: Train Epoch 21: 980/1641 Loss: 0.255088
2026-08-19 15:39: Train Epoch 21: 1000/1641 Loss: 0.253132
2026-08-19 15:39: Train Epoch 21: 1020/1641 Loss: 0.236963
2026-08-19 15:39: Train Epoch 21: 1040/1641 Loss: 0.246331
2026-08-19 15:39: Train Epoch 21: 1060/1641 Loss: 0.244568
2026-08-19 15:39: Train Epoch 21: 1080/1641 Loss: 0.254413
2026-08-19 15:39: Train Epoch 21: 1100/1641 Loss: 0.260645
2026-08-19 15:39: Train Epoch 21: 1120/1641 Loss: 0.269487
2026-08-19 15:39: Train Epoch 21: 1140/1641 Loss: 0.237502
2026-08-19 15:39: Train Epoch 21: 1160/1641 Loss: 0.259798
2026-08-19 15:39: Train Epoch 21: 1180/1641 Loss: 0.254552
2026-08-19 15:39: Train Epoch 21: 1200/1641 Loss: 0.245178
2026-08-19 15:39: Train Epoch 21: 1220/1641 Loss: 0.240094
2026-08-19 15:39: Train Epoch 21: 1240/1641 Loss: 0.257473
2026-08-19 15:39: Train Epoch 21: 1260/1641 Loss: 0.233417
2026-08-19 15:39: Train Epoch 21: 1280/1641 Loss: 0.248238
2026-08-19 15:39: Train Epoch 21: 1300/1641 Loss: 0.245779
2026-08-19 15:39: Train Epoch 21: 1320/1641 Loss: 0.232405
2026-08-19 15:39: Train Epoch 21: 1340/1641 Loss: 0.246901
2026-08-19 15:40: Train Epoch 21: 1360/1641 Loss: 0.243119
2026-08-19 15:40: Train Epoch 21: 1380/1641 Loss: 0.243502
2026-08-19 15:40: Train Epoch 21: 1400/1641 Loss: 0.238099
2026-08-19 15:40: Train Epoch 21: 1420/1641 Loss: 0.260745
2026-08-19 15:40: Train Epoch 21: 1440/1641 Loss: 0.243215
2026-08-19 15:40: Train Epoch 21: 1460/1641 Loss: 0.233409
2026-08-19 15:40: Train Epoch 21: 1480/1641 Loss: 0.251979
2026-08-19 15:40: Train Epoch 21: 1500/1641 Loss: 0.228493
2026-08-19 15:40: Train Epoch 21: 1520/1641 Loss: 0.241036
2026-08-19 15:40: Train Epoch 21: 1540/1641 Loss: 0.239556
2026-08-19 15:40: Train Epoch 21: 1560/1641 Loss: 0.249083
2026-08-19 15:40: Train Epoch 21: 1580/1641 Loss: 0.246670
2026-08-19 15:40: Train Epoch 21: 1600/1641 Loss: 0.252222
2026-08-19 15:40: Train Epoch 21: 1620/1641 Loss: 0.263340
2026-08-19 15:40: Train Epoch 21: 1640/1641 Loss: 0.233997
2026-08-19 15:40: **********Train Epoch 21: averaged Loss: 0.246620, tf_ratio: 0.000066
2026-08-19 15:41: **********Val Epoch 21: average Loss: 0.324950
2026-08-19 15:41: Train Epoch 22: 0/1641 Loss: 0.248911
2026-08-19 15:41: Train Epoch 22: 20/1641 Loss: 0.245311
2026-08-19 15:41: Train Epoch 22: 40/1641 Loss: 0.247739
2026-08-19 15:41: Train Epoch 22: 60/1641 Loss: 0.250613
2026-08-19 15:41: Train Epoch 22: 80/1641 Loss: 0.242482
2026-08-19 15:41: Train Epoch 22: 100/1641 Loss: 0.250562
2026-08-19 15:41: Train Epoch 22: 120/1641 Loss: 0.253042
2026-08-19 15:41: Train Epoch 22: 140/1641 Loss: 0.235157
2026-08-19 15:41: Train Epoch 22: 160/1641 Loss: 0.240764
2026-08-19 15:41: Train Epoch 22: 180/1641 Loss: 0.247309
2026-08-19 15:41: Train Epoch 22: 200/1641 Loss: 0.247409
2026-08-19 15:41: Train Epoch 22: 220/1641 Loss: 0.238648
2026-08-19 15:41: Train Epoch 22: 240/1641 Loss: 0.248580
2026-08-19 15:41: Train Epoch 22: 260/1641 Loss: 0.257581
2026-08-19 15:41: Train Epoch 22: 280/1641 Loss: 0.242522
2026-08-19 15:41: Train Epoch 22: 300/1641 Loss: 0.253682
2026-08-19 15:41: Train Epoch 22: 320/1641 Loss: 0.250255
2026-08-19 15:41: Train Epoch 22: 340/1641 Loss: 0.243305
2026-08-19 15:41: Train Epoch 22: 360/1641 Loss: 0.251964
2026-08-19 15:41: Train Epoch 22: 380/1641 Loss: 0.244889
2026-08-19 15:42: Train Epoch 22: 400/1641 Loss: 0.232289
2026-08-19 15:42: Train Epoch 22: 420/1641 Loss: 0.244569
2026-08-19 15:42: Train Epoch 22: 440/1641 Loss: 0.242722
2026-08-19 15:42: Train Epoch 22: 460/1641 Loss: 0.244273
2026-08-19 15:42: Train Epoch 22: 480/1641 Loss: 0.257452
2026-08-19 15:42: Train Epoch 22: 500/1641 Loss: 0.238125
2026-08-19 15:42: Train Epoch 22: 520/1641 Loss: 0.241753
2026-08-19 15:42: Train Epoch 22: 540/1641 Loss: 0.243596
2026-08-19 15:42: Train Epoch 22: 560/1641 Loss: 0.260965
2026-08-19 15:42: Train Epoch 22: 580/1641 Loss: 0.240935
2026-08-19 15:42: Train Epoch 22: 600/1641 Loss: 0.236333
2026-08-19 15:42: Train Epoch 22: 620/1641 Loss: 0.231128
2026-08-19 15:42: Train Epoch 22: 640/1641 Loss: 0.254151
2026-08-19 15:42: Train Epoch 22: 660/1641 Loss: 0.235109
2026-08-19 15:42: Train Epoch 22: 680/1641 Loss: 0.246201
2026-08-19 15:42: Train Epoch 22: 700/1641 Loss: 0.234219
2026-08-19 15:42: Train Epoch 22: 720/1641 Loss: 0.274386
2026-08-19 15:42: Train Epoch 22: 740/1641 Loss: 0.231615
2026-08-19 15:42: Train Epoch 22: 760/1641 Loss: 0.244299
2026-08-19 15:42: Train Epoch 22: 780/1641 Loss: 0.256518
2026-08-19 15:42: Train Epoch 22: 800/1641 Loss: 0.243886
2026-08-19 15:42: Train Epoch 22: 820/1641 Loss: 0.247734
2026-08-19 15:43: Train Epoch 22: 840/1641 Loss: 0.231571
2026-08-19 15:43: Train Epoch 22: 860/1641 Loss: 0.237064
2026-08-19 15:43: Train Epoch 22: 880/1641 Loss: 0.243374
2026-08-19 15:43: Train Epoch 22: 900/1641 Loss: 0.245042
2026-08-19 15:43: Train Epoch 22: 920/1641 Loss: 0.259103
2026-08-19 15:43: Train Epoch 22: 940/1641 Loss: 0.229157
2026-08-19 15:43: Train Epoch 22: 960/1641 Loss: 0.230006
2026-08-19 15:43: Train Epoch 22: 980/1641 Loss: 0.223964
2026-08-19 15:43: Train Epoch 22: 1000/1641 Loss: 0.251929
2026-08-19 15:43: Train Epoch 22: 1020/1641 Loss: 0.235804
2026-08-19 15:43: Train Epoch 22: 1040/1641 Loss: 0.250677
2026-08-19 15:43: Train Epoch 22: 1060/1641 Loss: 0.245000
2026-08-19 15:43: Train Epoch 22: 1080/1641 Loss: 0.238145
2026-08-19 15:43: Train Epoch 22: 1100/1641 Loss: 0.249051
2026-08-19 15:43: Train Epoch 22: 1120/1641 Loss: 0.249600
2026-08-19 15:43: Train Epoch 22: 1140/1641 Loss: 0.236997
2026-08-19 15:43: Train Epoch 22: 1160/1641 Loss: 0.239467
2026-08-19 15:43: Train Epoch 22: 1180/1641 Loss: 0.241855
2026-08-19 15:43: Train Epoch 22: 1200/1641 Loss: 0.234101
2026-08-19 15:43: Train Epoch 22: 1220/1641 Loss: 0.245610
2026-08-19 15:43: Train Epoch 22: 1240/1641 Loss: 0.252210
2026-08-19 15:44: Train Epoch 22: 1260/1641 Loss: 0.240447
2026-08-19 15:44: Train Epoch 22: 1280/1641 Loss: 0.241925
2026-08-19 15:44: Train Epoch 22: 1300/1641 Loss: 0.237740
2026-08-19 15:44: Train Epoch 22: 1320/1641 Loss: 0.230760
2026-08-19 15:44: Train Epoch 22: 1340/1641 Loss: 0.256073
2026-08-19 15:44: Train Epoch 22: 1360/1641 Loss: 0.242073
2026-08-19 15:44: Train Epoch 22: 1380/1641 Loss: 0.244433
2026-08-19 15:44: Train Epoch 22: 1400/1641 Loss: 0.242990
2026-08-19 15:44: Train Epoch 22: 1420/1641 Loss: 0.232071
2026-08-19 15:44: Train Epoch 22: 1440/1641 Loss: 0.242538
2026-08-19 15:44: Train Epoch 22: 1460/1641 Loss: 0.239932
2026-08-19 15:44: Train Epoch 22: 1480/1641 Loss: 0.240794
2026-08-19 15:44: Train Epoch 22: 1500/1641 Loss: 0.247081
2026-08-19 15:44: Train Epoch 22: 1520/1641 Loss: 0.247720
2026-08-19 15:44: Train Epoch 22: 1540/1641 Loss: 0.231758
2026-08-19 15:44: Train Epoch 22: 1560/1641 Loss: 0.235480
2026-08-19 15:44: Train Epoch 22: 1580/1641 Loss: 0.243421
2026-08-19 15:44: Train Epoch 22: 1600/1641 Loss: 0.231945
2026-08-19 15:44: Train Epoch 22: 1620/1641 Loss: 0.241248
2026-08-19 15:44: Train Epoch 22: 1640/1641 Loss: 0.243490
2026-08-19 15:44: **********Train Epoch 22: averaged Loss: 0.243123, tf_ratio: 0.000029
2026-08-19 15:45: **********Val Epoch 22: average Loss: 0.322669
2026-08-19 15:45: Train Epoch 23: 0/1641 Loss: 0.230208
2026-08-19 15:45: Train Epoch 23: 20/1641 Loss: 0.254114
2026-08-19 15:45: Train Epoch 23: 40/1641 Loss: 0.246051
2026-08-19 15:45: Train Epoch 23: 60/1641 Loss: 0.235319
2026-08-19 15:45: Train Epoch 23: 80/1641 Loss: 0.234247
2026-08-19 15:45: Train Epoch 23: 100/1641 Loss: 0.249927
2026-08-19 15:45: Train Epoch 23: 120/1641 Loss: 0.241676
2026-08-19 15:45: Train Epoch 23: 140/1641 Loss: 0.236494
2026-08-19 15:45: Train Epoch 23: 160/1641 Loss: 0.253771
2026-08-19 15:45: Train Epoch 23: 180/1641 Loss: 0.230868
2026-08-19 15:45: Train Epoch 23: 200/1641 Loss: 0.246095
2026-08-19 15:45: Train Epoch 23: 220/1641 Loss: 0.225960
2026-08-19 15:45: Train Epoch 23: 240/1641 Loss: 0.240862
2026-08-19 15:45: Train Epoch 23: 260/1641 Loss: 0.243712
2026-08-19 15:45: Train Epoch 23: 280/1641 Loss: 0.239964
2026-08-19 15:45: Train Epoch 23: 300/1641 Loss: 0.236720
2026-08-19 15:46: Train Epoch 23: 320/1641 Loss: 0.236845
2026-08-19 15:46: Train Epoch 23: 340/1641 Loss: 0.239509
2026-08-19 15:46: Train Epoch 23: 360/1641 Loss: 0.231685
2026-08-19 15:46: Train Epoch 23: 380/1641 Loss: 0.245213
2026-08-19 15:46: Train Epoch 23: 400/1641 Loss: 0.244436
2026-08-19 15:46: Train Epoch 23: 420/1641 Loss: 0.229701
2026-08-19 15:46: Train Epoch 23: 440/1641 Loss: 0.228323
2026-08-19 15:46: Train Epoch 23: 460/1641 Loss: 0.244290
2026-08-19 15:46: Train Epoch 23: 480/1641 Loss: 0.245039
2026-08-19 15:46: Train Epoch 23: 500/1641 Loss: 0.237275
2026-08-19 15:46: Train Epoch 23: 520/1641 Loss: 0.245465
2026-08-19 15:46: Train Epoch 23: 540/1641 Loss: 0.243541
2026-08-19 15:46: Train Epoch 23: 560/1641 Loss: 0.232357
2026-08-19 15:46: Train Epoch 23: 580/1641 Loss: 0.238341
2026-08-19 15:46: Train Epoch 23: 600/1641 Loss: 0.246514
2026-08-19 15:46: Train Epoch 23: 620/1641 Loss: 0.249555
2026-08-19 15:46: Train Epoch 23: 640/1641 Loss: 0.236222
2026-08-19 15:46: Train Epoch 23: 660/1641 Loss: 0.234192
2026-08-19 15:46: Train Epoch 23: 680/1641 Loss: 0.234201
2026-08-19 15:46: Train Epoch 23: 700/1641 Loss: 0.230308
2026-08-19 15:46: Train Epoch 23: 720/1641 Loss: 0.228727
2026-08-19 15:47: Train Epoch 23: 740/1641 Loss: 0.243458
2026-08-19 15:47: Train Epoch 23: 760/1641 Loss: 0.236170
2026-08-19 15:47: Train Epoch 23: 780/1641 Loss: 0.240741
2026-08-19 15:47: Train Epoch 23: 800/1641 Loss: 0.239540
2026-08-19 15:47: Train Epoch 23: 820/1641 Loss: 0.243352
2026-08-19 15:47: Train Epoch 23: 840/1641 Loss: 0.235916
2026-08-19 15:47: Train Epoch 23: 860/1641 Loss: 0.245816
2026-08-19 15:47: Train Epoch 23: 880/1641 Loss: 0.232465
2026-08-19 15:47: Train Epoch 23: 900/1641 Loss: 0.246421
2026-08-19 15:47: Train Epoch 23: 920/1641 Loss: 0.232440
2026-08-19 15:47: Train Epoch 23: 940/1641 Loss: 0.242081
2026-08-19 15:47: Train Epoch 23: 960/1641 Loss: 0.254138
2026-08-19 15:47: Train Epoch 23: 980/1641 Loss: 0.247062
2026-08-19 15:47: Train Epoch 23: 1000/1641 Loss: 0.239124
2026-08-19 15:47: Train Epoch 23: 1020/1641 Loss: 0.238856
2026-08-19 15:47: Train Epoch 23: 1040/1641 Loss: 0.236027
2026-08-19 15:47: Train Epoch 23: 1060/1641 Loss: 0.229570
2026-08-19 15:47: Train Epoch 23: 1080/1641 Loss: 0.228044
2026-08-19 15:47: Train Epoch 23: 1100/1641 Loss: 0.237128
2026-08-19 15:47: Train Epoch 23: 1120/1641 Loss: 0.236109
2026-08-19 15:47: Train Epoch 23: 1140/1641 Loss: 0.240154
2026-08-19 15:48: Train Epoch 23: 1160/1641 Loss: 0.249869
2026-08-19 15:48: Train Epoch 23: 1180/1641 Loss: 0.237454
2026-08-19 15:48: Train Epoch 23: 1200/1641 Loss: 0.240261
2026-08-19 15:48: Train Epoch 23: 1220/1641 Loss: 0.224554
2026-08-19 15:48: Train Epoch 23: 1240/1641 Loss: 0.247515
2026-08-19 15:48: Train Epoch 23: 1260/1641 Loss: 0.235570
2026-08-19 15:48: Train Epoch 23: 1280/1641 Loss: 0.239292
2026-08-19 15:48: Train Epoch 23: 1300/1641 Loss: 0.243654
2026-08-19 15:48: Train Epoch 23: 1320/1641 Loss: 0.230051
2026-08-19 15:48: Train Epoch 23: 1340/1641 Loss: 0.224292
2026-08-19 15:48: Train Epoch 23: 1360/1641 Loss: 0.234462
2026-08-19 15:48: Train Epoch 23: 1380/1641 Loss: 0.252307
2026-08-19 15:48: Train Epoch 23: 1400/1641 Loss: 0.241352
2026-08-19 15:48: Train Epoch 23: 1420/1641 Loss: 0.237575
2026-08-19 15:48: Train Epoch 23: 1440/1641 Loss: 0.246682
2026-08-19 15:48: Train Epoch 23: 1460/1641 Loss: 0.242420
2026-08-19 15:48: Train Epoch 23: 1480/1641 Loss: 0.234003
2026-08-19 15:48: Train Epoch 23: 1500/1641 Loss: 0.237787
2026-08-19 15:48: Train Epoch 23: 1520/1641 Loss: 0.228486
2026-08-19 15:48: Train Epoch 23: 1540/1641 Loss: 0.242180
2026-08-19 15:48: Train Epoch 23: 1560/1641 Loss: 0.243361
2026-08-19 15:49: Train Epoch 23: 1580/1641 Loss: 0.246889
2026-08-19 15:49: Train Epoch 23: 1600/1641 Loss: 0.248192
2026-08-19 15:49: Train Epoch 23: 1620/1641 Loss: 0.239518
2026-08-19 15:49: Train Epoch 23: 1640/1641 Loss: 0.231985
2026-08-19 15:49: **********Train Epoch 23: averaged Loss: 0.239832, tf_ratio: 0.000013
2026-08-19 15:49: **********Val Epoch 23: average Loss: 0.324133
2026-08-19 15:49: Train Epoch 24: 0/1641 Loss: 0.238596
2026-08-19 15:49: Train Epoch 24: 20/1641 Loss: 0.249909
2026-08-19 15:49: Train Epoch 24: 40/1641 Loss: 0.233451
2026-08-19 15:49: Train Epoch 24: 60/1641 Loss: 0.262614
2026-08-19 15:49: Train Epoch 24: 80/1641 Loss: 0.241076
2026-08-19 15:49: Train Epoch 24: 100/1641 Loss: 0.244644
2026-08-19 15:49: Train Epoch 24: 120/1641 Loss: 0.236226
2026-08-19 15:49: Train Epoch 24: 140/1641 Loss: 0.235741
2026-08-19 15:49: Train Epoch 24: 160/1641 Loss: 0.221289
2026-08-19 15:49: Train Epoch 24: 180/1641 Loss: 0.242345
2026-08-19 15:50: Train Epoch 24: 200/1641 Loss: 0.229010
2026-08-19 15:50: Train Epoch 24: 220/1641 Loss: 0.246255
2026-08-19 15:50: Train Epoch 24: 240/1641 Loss: 0.242933
2026-08-19 15:50: Train Epoch 24: 260/1641 Loss: 0.228469
2026-08-19 15:50: Train Epoch 24: 280/1641 Loss: 0.238912
2026-08-19 15:50: Train Epoch 24: 300/1641 Loss: 0.229791
2026-08-19 15:50: Train Epoch 24: 320/1641 Loss: 0.225276
2026-08-19 15:50: Train Epoch 24: 340/1641 Loss: 0.242408
2026-08-19 15:50: Train Epoch 24: 360/1641 Loss: 0.247544
2026-08-19 15:50: Train Epoch 24: 380/1641 Loss: 0.227705
2026-08-19 15:50: Train Epoch 24: 400/1641 Loss: 0.223886
2026-08-19 15:50: Train Epoch 24: 420/1641 Loss: 0.217891
2026-08-19 15:50: Train Epoch 24: 440/1641 Loss: 0.226721
2026-08-19 15:50: Train Epoch 24: 460/1641 Loss: 0.240997
2026-08-19 15:50: Train Epoch 24: 480/1641 Loss: 0.241026
2026-08-19 15:50: Train Epoch 24: 500/1641 Loss: 0.246410
2026-08-19 15:50: Train Epoch 24: 520/1641 Loss: 0.239436
2026-08-19 15:50: Train Epoch 24: 540/1641 Loss: 0.247225
2026-08-19 15:50: Train Epoch 24: 560/1641 Loss: 0.241353
2026-08-19 15:50: Train Epoch 24: 580/1641 Loss: 0.236041
2026-08-19 15:50: Train Epoch 24: 600/1641 Loss: 0.224152
2026-08-19 15:50: Train Epoch 24: 620/1641 Loss: 0.251788
2026-08-19 15:51: Train Epoch 24: 640/1641 Loss: 0.241665
2026-08-19 15:51: Train Epoch 24: 660/1641 Loss: 0.229316
2026-08-19 15:51: Train Epoch 24: 680/1641 Loss: 0.242574
2026-08-19 15:51: Train Epoch 24: 700/1641 Loss: 0.229920
2026-08-19 15:51: Train Epoch 24: 720/1641 Loss: 0.255528
2026-08-19 15:51: Train Epoch 24: 740/1641 Loss: 0.227115
2026-08-19 15:51: Train Epoch 24: 760/1641 Loss: 0.238675
2026-08-19 15:51: Train Epoch 24: 780/1641 Loss: 0.253421
2026-08-19 15:51: Train Epoch 24: 800/1641 Loss: 0.234016
2026-08-19 15:51: Train Epoch 24: 820/1641 Loss: 0.244168
2026-08-19 15:51: Train Epoch 24: 840/1641 Loss: 0.227851
2026-08-19 15:51: Train Epoch 24: 860/1641 Loss: 0.246493
2026-08-19 15:51: Train Epoch 24: 880/1641 Loss: 0.225486
2026-08-19 15:51: Train Epoch 24: 900/1641 Loss: 0.237156
2026-08-19 15:51: Train Epoch 24: 920/1641 Loss: 0.231073
2026-08-19 15:51: Train Epoch 24: 940/1641 Loss: 0.225288
2026-08-19 15:51: Train Epoch 24: 960/1641 Loss: 0.237138
2026-08-19 15:51: Train Epoch 24: 980/1641 Loss: 0.238435
2026-08-19 15:51: Train Epoch 24: 1000/1641 Loss: 0.235730
2026-08-19 15:51: Train Epoch 24: 1020/1641 Loss: 0.236899
2026-08-19 15:51: Train Epoch 24: 1040/1641 Loss: 0.241608
2026-08-19 15:52: Train Epoch 24: 1060/1641 Loss: 0.237947
2026-08-19 15:52: Train Epoch 24: 1080/1641 Loss: 0.225932
2026-08-19 15:52: Train Epoch 24: 1100/1641 Loss: 0.230302
2026-08-19 15:52: Train Epoch 24: 1120/1641 Loss: 0.253967
2026-08-19 15:52: Train Epoch 24: 1140/1641 Loss: 0.229787
2026-08-19 15:52: Train Epoch 24: 1160/1641 Loss: 0.234373
2026-08-19 15:52: Train Epoch 24: 1180/1641 Loss: 0.241977
2026-08-19 15:52: Train Epoch 24: 1200/1641 Loss: 0.231134
2026-08-19 15:52: Train Epoch 24: 1220/1641 Loss: 0.230965
2026-08-19 15:52: Train Epoch 24: 1240/1641 Loss: 0.244889
2026-08-19 15:52: Train Epoch 24: 1260/1641 Loss: 0.233645
2026-08-19 15:52: Train Epoch 24: 1280/1641 Loss: 0.225078
2026-08-19 15:52: Train Epoch 24: 1300/1641 Loss: 0.235924
2026-08-19 15:52: Train Epoch 24: 1320/1641 Loss: 0.238561
2026-08-19 15:52: Train Epoch 24: 1340/1641 Loss: 0.239770
2026-08-19 15:52: Train Epoch 24: 1360/1641 Loss: 0.248277
2026-08-19 15:52: Train Epoch 24: 1380/1641 Loss: 0.228731
2026-08-19 15:52: Train Epoch 24: 1400/1641 Loss: 0.238289
2026-08-19 15:52: Train Epoch 24: 1420/1641 Loss: 0.234572
2026-08-19 15:52: Train Epoch 24: 1440/1641 Loss: 0.246001
2026-08-19 15:52: Train Epoch 24: 1460/1641 Loss: 0.233917
2026-08-19 15:52: Train Epoch 24: 1480/1641 Loss: 0.224401
2026-08-19 15:53: Train Epoch 24: 1500/1641 Loss: 0.239504
2026-08-19 15:53: Train Epoch 24: 1520/1641 Loss: 0.239819
2026-08-19 15:53: Train Epoch 24: 1540/1641 Loss: 0.239464
2026-08-19 15:53: Train Epoch 24: 1560/1641 Loss: 0.227854
2026-08-19 15:53: Train Epoch 24: 1580/1641 Loss: 0.243485
2026-08-19 15:53: Train Epoch 24: 1600/1641 Loss: 0.239946
2026-08-19 15:53: Train Epoch 24: 1620/1641 Loss: 0.241592
2026-08-19 15:53: Train Epoch 24: 1640/1641 Loss: 0.232376
2026-08-19 15:53: **********Train Epoch 24: averaged Loss: 0.236564, tf_ratio: 0.000006
2026-08-19 15:53: **********Val Epoch 24: average Loss: 0.326517
2026-08-19 15:53: Validation performance didn't improve for 15 epochs. Training stops.
2026-08-19 15:53: Total training time: 101.5305min, best loss: 0.310634
2026-08-19 15:53: Saving current best model to /scratch/chkkar002/Diffusion_Based_STGNNs/AGCRN/model/experiments/SAWS/20260819141209/best_model.pth
2026-08-19 15:54: Horizon 01, MAE: 0.12, RMSE: 0.17, MAPE: 64.5332%
2026-08-19 15:54: Horizon 02, MAE: 0.16, RMSE: 0.22, MAPE: 85.7806%
2026-08-19 15:54: Horizon 03, MAE: 0.18, RMSE: 0.26, MAPE: 101.2306%
2026-08-19 15:54: Horizon 04, MAE: 0.21, RMSE: 0.29, MAPE: 115.8738%
2026-08-19 15:54: Horizon 05, MAE: 0.23, RMSE: 0.31, MAPE: 122.2301%
2026-08-19 15:54: Horizon 06, MAE: 0.24, RMSE: 0.33, MAPE: 131.6521%
2026-08-19 15:54: Horizon 07, MAE: 0.25, RMSE: 0.34, MAPE: 137.5572%
2026-08-19 15:54: Horizon 08, MAE: 0.26, RMSE: 0.36, MAPE: 141.2527%
2026-08-19 15:54: Horizon 09, MAE: 0.27, RMSE: 0.37, MAPE: 143.8390%
2026-08-19 15:54: Horizon 10, MAE: 0.28, RMSE: 0.38, MAPE: 147.4353%
2026-08-19 15:54: Horizon 11, MAE: 0.28, RMSE: 0.39, MAPE: 149.8555%
2026-08-19 15:54: Horizon 12, MAE: 0.29, RMSE: 0.39, MAPE: 153.4024%
2026-08-19 15:54: Horizon 13, MAE: 0.29, RMSE: 0.40, MAPE: 157.8471%
2026-08-19 15:54: Horizon 14, MAE: 0.30, RMSE: 0.40, MAPE: 160.6076%
2026-08-19 15:54: Horizon 15, MAE: 0.30, RMSE: 0.41, MAPE: 161.7245%
2026-08-19 15:54: Horizon 16, MAE: 0.30, RMSE: 0.41, MAPE: 166.5172%
2026-08-19 15:54: Horizon 17, MAE: 0.31, RMSE: 0.42, MAPE: 169.9585%
2026-08-19 15:54: Horizon 18, MAE: 0.31, RMSE: 0.42, MAPE: 170.4183%
2026-08-19 15:54: Horizon 19, MAE: 0.31, RMSE: 0.42, MAPE: 167.7107%
2026-08-19 15:54: Horizon 20, MAE: 0.31, RMSE: 0.43, MAPE: 170.8951%
2026-08-19 15:54: Horizon 21, MAE: 0.32, RMSE: 0.43, MAPE: 171.9271%
2026-08-19 15:54: Horizon 22, MAE: 0.32, RMSE: 0.44, MAPE: 169.6485%
2026-08-19 15:54: Horizon 23, MAE: 0.32, RMSE: 0.44, MAPE: 169.5452%
2026-08-19 15:54: Horizon 24, MAE: 0.33, RMSE: 0.44, MAPE: 170.7724%
2026-08-19 15:54: Horizon 25, MAE: 0.34, RMSE: 0.45, MAPE: 173.2645%
2026-08-19 15:54: Horizon 26, MAE: 0.34, RMSE: 0.46, MAPE: 176.2945%
2026-08-19 15:54: Horizon 27, MAE: 0.35, RMSE: 0.47, MAPE: 180.4055%
2026-08-19 15:54: Horizon 28, MAE: 0.35, RMSE: 0.48, MAPE: 181.9628%
2026-08-19 15:54: Horizon 29, MAE: 0.36, RMSE: 0.48, MAPE: 184.3726%
2026-08-19 15:54: Horizon 30, MAE: 0.36, RMSE: 0.49, MAPE: 187.4812%
2026-08-19 15:54: Horizon 31, MAE: 0.37, RMSE: 0.49, MAPE: 188.1203%
2026-08-19 15:54: Horizon 32, MAE: 0.37, RMSE: 0.50, MAPE: 186.8197%
2026-08-19 15:54: Horizon 33, MAE: 0.37, RMSE: 0.50, MAPE: 188.4915%
2026-08-19 15:54: Horizon 34, MAE: 0.37, RMSE: 0.50, MAPE: 187.4498%
2026-08-19 15:54: Horizon 35, MAE: 0.38, RMSE: 0.50, MAPE: 189.2381%
2026-08-19 15:54: Horizon 36, MAE: 0.38, RMSE: 0.51, MAPE: 189.5368%
2026-08-19 15:54: Horizon 37, MAE: 0.38, RMSE: 0.51, MAPE: 188.6833%
2026-08-19 15:54: Horizon 38, MAE: 0.38, RMSE: 0.51, MAPE: 191.7574%
2026-08-19 15:54: Horizon 39, MAE: 0.38, RMSE: 0.51, MAPE: 193.8631%
2026-08-19 15:54: Horizon 40, MAE: 0.38, RMSE: 0.51, MAPE: 195.0381%
2026-08-19 15:54: Horizon 41, MAE: 0.38, RMSE: 0.51, MAPE: 195.0040%
2026-08-19 15:54: Horizon 42, MAE: 0.38, RMSE: 0.51, MAPE: 196.0473%
2026-08-19 15:54: Horizon 43, MAE: 0.38, RMSE: 0.51, MAPE: 196.5062%
2026-08-19 15:54: Horizon 44, MAE: 0.39, RMSE: 0.51, MAPE: 200.3521%
2026-08-19 15:54: Horizon 45, MAE: 0.39, RMSE: 0.52, MAPE: 201.6163%
2026-08-19 15:54: Horizon 46, MAE: 0.39, RMSE: 0.52, MAPE: 197.7886%
2026-08-19 15:54: Horizon 47, MAE: 0.39, RMSE: 0.52, MAPE: 196.6906%
2026-08-19 15:54: Horizon 48, MAE: 0.39, RMSE: 0.52, MAPE: 197.6155%
2026-08-19 15:54: Average Horizon, MAE: 0.32, RMSE: 0.44, MAPE: 168.0592%
2026-08-19 15:54: VPT (threshold=0.50): mean=7.36 steps, median=4.00, std=9.63, range=[0, 48]
