2026-08-15 22:09: Experiment log path in: /scratch/chkkar002/Diffusion_Based_STGNNs/AGCRN/model/experiments/SAWS/20260815220950
2026-08-15 22:09: Train Epoch 1: 0/958 Loss: 17.040680
2026-08-15 22:09: Train Epoch 1: 20/958 Loss: 7.047414
2026-08-15 22:09: Train Epoch 1: 40/958 Loss: 5.623093
2026-08-15 22:09: Train Epoch 1: 60/958 Loss: 5.258596
2026-08-15 22:09: Train Epoch 1: 80/958 Loss: 5.171853
2026-08-15 22:10: Train Epoch 1: 100/958 Loss: 4.964617
2026-08-15 22:10: Train Epoch 1: 120/958 Loss: 4.564036
2026-08-15 22:10: Train Epoch 1: 140/958 Loss: 4.424650
2026-08-15 22:10: Train Epoch 1: 160/958 Loss: 4.009809
2026-08-15 22:10: Train Epoch 1: 180/958 Loss: 4.026522
2026-08-15 22:10: Train Epoch 1: 200/958 Loss: 4.114818
2026-08-15 22:10: Train Epoch 1: 220/958 Loss: 3.631887
2026-08-15 22:10: Train Epoch 1: 240/958 Loss: 3.479682
2026-08-15 22:10: Train Epoch 1: 260/958 Loss: 3.594632
2026-08-15 22:10: Train Epoch 1: 280/958 Loss: 3.456253
2026-08-15 22:10: Train Epoch 1: 300/958 Loss: 3.441905
2026-08-15 22:10: Train Epoch 1: 320/958 Loss: 3.161600
2026-08-15 22:10: Train Epoch 1: 340/958 Loss: 3.054368
2026-08-15 22:10: Train Epoch 1: 360/958 Loss: 3.013863
2026-08-15 22:10: Train Epoch 1: 380/958 Loss: 2.800310
2026-08-15 22:10: Train Epoch 1: 400/958 Loss: 2.658231
2026-08-15 22:10: Train Epoch 1: 420/958 Loss: 2.783890
2026-08-15 22:10: Train Epoch 1: 440/958 Loss: 2.743394
2026-08-15 22:10: Train Epoch 1: 460/958 Loss: 2.714935
2026-08-15 22:10: Train Epoch 1: 480/958 Loss: 2.534557
2026-08-15 22:10: Train Epoch 1: 500/958 Loss: 2.587001
2026-08-15 22:10: Train Epoch 1: 520/958 Loss: 2.583521
2026-08-15 22:10: Train Epoch 1: 540/958 Loss: 2.473254
2026-08-15 22:10: Train Epoch 1: 560/958 Loss: 2.755480
2026-08-15 22:10: Train Epoch 1: 580/958 Loss: 2.472371
2026-08-15 22:10: Train Epoch 1: 600/958 Loss: 2.392338
2026-08-15 22:10: Train Epoch 1: 620/958 Loss: 2.327669
2026-08-15 22:10: Train Epoch 1: 640/958 Loss: 2.334913
2026-08-15 22:10: Train Epoch 1: 660/958 Loss: 2.405101
2026-08-15 22:10: Train Epoch 1: 680/958 Loss: 2.385858
2026-08-15 22:10: Train Epoch 1: 700/958 Loss: 2.453528
2026-08-15 22:10: Train Epoch 1: 720/958 Loss: 2.357471
2026-08-15 22:10: Train Epoch 1: 740/958 Loss: 2.440989
2026-08-15 22:10: Train Epoch 1: 760/958 Loss: 2.347130
2026-08-15 22:10: Train Epoch 1: 780/958 Loss: 2.298247
2026-08-15 22:10: Train Epoch 1: 800/958 Loss: 2.420746
2026-08-15 22:10: Train Epoch 1: 820/958 Loss: 2.436695
2026-08-15 22:10: Train Epoch 1: 840/958 Loss: 2.285018
2026-08-15 22:10: Train Epoch 1: 860/958 Loss: 2.287038
2026-08-15 22:10: Train Epoch 1: 880/958 Loss: 2.314340
2026-08-15 22:10: Train Epoch 1: 900/958 Loss: 2.263472
2026-08-15 22:11: Train Epoch 1: 920/958 Loss: 2.275494
2026-08-15 22:11: Train Epoch 1: 940/958 Loss: 2.369627
2026-08-15 22:11: **********Train Epoch 1: averaged Loss: 3.291282, tf_ratio: 0.999194
2026-08-15 22:11: **********Val Epoch 1: average Loss: 2.353514
2026-08-15 22:11: *********************************Current best model saved!
2026-08-15 22:11: Train Epoch 2: 0/958 Loss: 2.254400
2026-08-15 22:11: Train Epoch 2: 20/958 Loss: 2.192202
2026-08-15 22:11: Train Epoch 2: 40/958 Loss: 2.200795
2026-08-15 22:11: Train Epoch 2: 60/958 Loss: 2.208775
2026-08-15 22:11: Train Epoch 2: 80/958 Loss: 2.302948
2026-08-15 22:11: Train Epoch 2: 100/958 Loss: 2.312444
2026-08-15 22:11: Train Epoch 2: 120/958 Loss: 2.251323
2026-08-15 22:11: Train Epoch 2: 140/958 Loss: 2.281128
2026-08-15 22:11: Train Epoch 2: 160/958 Loss: 2.250642
2026-08-15 22:11: Train Epoch 2: 180/958 Loss: 2.251959
2026-08-15 22:11: Train Epoch 2: 200/958 Loss: 2.217980
2026-08-15 22:11: Train Epoch 2: 220/958 Loss: 2.132940
2026-08-15 22:11: Train Epoch 2: 240/958 Loss: 2.321348
2026-08-15 22:11: Train Epoch 2: 260/958 Loss: 2.128279
2026-08-15 22:11: Train Epoch 2: 280/958 Loss: 2.278185
2026-08-15 22:11: Train Epoch 2: 300/958 Loss: 2.134414
2026-08-15 22:11: Train Epoch 2: 320/958 Loss: 2.210287
2026-08-15 22:11: Train Epoch 2: 340/958 Loss: 2.145569
2026-08-15 22:11: Train Epoch 2: 360/958 Loss: 2.295041
2026-08-15 22:11: Train Epoch 2: 380/958 Loss: 2.113730
2026-08-15 22:11: Train Epoch 2: 400/958 Loss: 2.178248
2026-08-15 22:11: Train Epoch 2: 420/958 Loss: 2.172305
2026-08-15 22:11: Train Epoch 2: 440/958 Loss: 2.142521
2026-08-15 22:11: Train Epoch 2: 460/958 Loss: 2.234071
2026-08-15 22:11: Train Epoch 2: 480/958 Loss: 2.301321
2026-08-15 22:11: Train Epoch 2: 500/958 Loss: 2.104624
2026-08-15 22:11: Train Epoch 2: 520/958 Loss: 2.054913
2026-08-15 22:11: Train Epoch 2: 540/958 Loss: 2.286874
2026-08-15 22:11: Train Epoch 2: 560/958 Loss: 2.111372
2026-08-15 22:11: Train Epoch 2: 580/958 Loss: 2.147129
2026-08-15 22:11: Train Epoch 2: 600/958 Loss: 2.207721
2026-08-15 22:11: Train Epoch 2: 620/958 Loss: 2.122408
2026-08-15 22:11: Train Epoch 2: 640/958 Loss: 2.203908
2026-08-15 22:11: Train Epoch 2: 660/958 Loss: 2.222686
2026-08-15 22:11: Train Epoch 2: 680/958 Loss: 2.113843
2026-08-15 22:11: Train Epoch 2: 700/958 Loss: 2.109624
2026-08-15 22:11: Train Epoch 2: 720/958 Loss: 2.130153
2026-08-15 22:12: Train Epoch 2: 740/958 Loss: 2.149626
2026-08-15 22:12: Train Epoch 2: 760/958 Loss: 2.243407
2026-08-15 22:12: Train Epoch 2: 780/958 Loss: 2.038935
2026-08-15 22:12: Train Epoch 2: 800/958 Loss: 2.195156
2026-08-15 22:12: Train Epoch 2: 820/958 Loss: 2.085908
2026-08-15 22:12: Train Epoch 2: 840/958 Loss: 2.190160
2026-08-15 22:12: Train Epoch 2: 860/958 Loss: 2.071136
2026-08-15 22:12: Train Epoch 2: 880/958 Loss: 2.104970
2026-08-15 22:12: Train Epoch 2: 900/958 Loss: 2.068849
2026-08-15 22:12: Train Epoch 2: 920/958 Loss: 2.132921
2026-08-15 22:12: Train Epoch 2: 940/958 Loss: 2.188424
2026-08-15 22:12: **********Train Epoch 2: averaged Loss: 2.180927, tf_ratio: 0.998699
2026-08-15 22:12: **********Val Epoch 2: average Loss: 2.139363
2026-08-15 22:12: *********************************Current best model saved!
2026-08-15 22:12: Train Epoch 3: 0/958 Loss: 2.212914
2026-08-15 22:12: Train Epoch 3: 20/958 Loss: 2.100510
2026-08-15 22:12: Train Epoch 3: 40/958 Loss: 1.921032
2026-08-15 22:12: Train Epoch 3: 60/958 Loss: 2.072915
2026-08-15 22:12: Train Epoch 3: 80/958 Loss: 1.955261
2026-08-15 22:12: Train Epoch 3: 100/958 Loss: 2.189940
2026-08-15 22:12: Train Epoch 3: 120/958 Loss: 2.007081
2026-08-15 22:12: Train Epoch 3: 140/958 Loss: 2.085799
2026-08-15 22:12: Train Epoch 3: 160/958 Loss: 2.093698
2026-08-15 22:12: Train Epoch 3: 180/958 Loss: 2.080045
2026-08-15 22:12: Train Epoch 3: 200/958 Loss: 1.987208
2026-08-15 22:12: Train Epoch 3: 220/958 Loss: 2.047220
2026-08-15 22:12: Train Epoch 3: 240/958 Loss: 2.180774
2026-08-15 22:12: Train Epoch 3: 260/958 Loss: 2.166735
2026-08-15 22:12: Train Epoch 3: 280/958 Loss: 1.964336
2026-08-15 22:12: Train Epoch 3: 300/958 Loss: 2.184915
2026-08-15 22:12: Train Epoch 3: 320/958 Loss: 2.020370
2026-08-15 22:12: Train Epoch 3: 340/958 Loss: 1.988238
2026-08-15 22:12: Train Epoch 3: 360/958 Loss: 2.056234
2026-08-15 22:12: Train Epoch 3: 380/958 Loss: 2.085971
2026-08-15 22:12: Train Epoch 3: 400/958 Loss: 2.032859
2026-08-15 22:12: Train Epoch 3: 420/958 Loss: 2.074887
2026-08-15 22:12: Train Epoch 3: 440/958 Loss: 2.009054
2026-08-15 22:12: Train Epoch 3: 460/958 Loss: 1.929314
2026-08-15 22:12: Train Epoch 3: 480/958 Loss: 2.105635
2026-08-15 22:12: Train Epoch 3: 500/958 Loss: 2.118100
2026-08-15 22:12: Train Epoch 3: 520/958 Loss: 1.962392
2026-08-15 22:12: Train Epoch 3: 540/958 Loss: 2.026611
2026-08-15 22:12: Train Epoch 3: 560/958 Loss: 2.003498
2026-08-15 22:13: Train Epoch 3: 580/958 Loss: 1.877717
2026-08-15 22:13: Train Epoch 3: 600/958 Loss: 2.064096
2026-08-15 22:13: Train Epoch 3: 620/958 Loss: 2.179662
2026-08-15 22:13: Train Epoch 3: 640/958 Loss: 2.144463
2026-08-15 22:13: Train Epoch 3: 660/958 Loss: 2.053524
2026-08-15 22:13: Train Epoch 3: 680/958 Loss: 1.994763
2026-08-15 22:13: Train Epoch 3: 700/958 Loss: 2.030199
2026-08-15 22:13: Train Epoch 3: 720/958 Loss: 2.028621
2026-08-15 22:13: Train Epoch 3: 740/958 Loss: 2.010762
2026-08-15 22:13: Train Epoch 3: 760/958 Loss: 2.012550
2026-08-15 22:13: Train Epoch 3: 780/958 Loss: 2.017072
2026-08-15 22:13: Train Epoch 3: 800/958 Loss: 2.025951
2026-08-15 22:13: Train Epoch 3: 820/958 Loss: 1.973189
2026-08-15 22:13: Train Epoch 3: 840/958 Loss: 2.156631
2026-08-15 22:13: Train Epoch 3: 860/958 Loss: 1.919501
2026-08-15 22:13: Train Epoch 3: 880/958 Loss: 2.188187
2026-08-15 22:13: Train Epoch 3: 900/958 Loss: 2.008902
2026-08-15 22:13: Train Epoch 3: 920/958 Loss: 1.985857
2026-08-15 22:13: Train Epoch 3: 940/958 Loss: 1.990112
2026-08-15 22:13: **********Train Epoch 3: averaged Loss: 2.064500, tf_ratio: 0.997901
2026-08-15 22:13: **********Val Epoch 3: average Loss: 2.085765
2026-08-15 22:13: *********************************Current best model saved!
2026-08-15 22:13: Train Epoch 4: 0/958 Loss: 2.138668
2026-08-15 22:13: Train Epoch 4: 20/958 Loss: 2.075538
2026-08-15 22:13: Train Epoch 4: 40/958 Loss: 2.020919
2026-08-15 22:13: Train Epoch 4: 60/958 Loss: 1.951372
2026-08-15 22:13: Train Epoch 4: 80/958 Loss: 2.058654
2026-08-15 22:13: Train Epoch 4: 100/958 Loss: 2.001514
2026-08-15 22:13: Train Epoch 4: 120/958 Loss: 1.959633
2026-08-15 22:13: Train Epoch 4: 140/958 Loss: 2.051698
2026-08-15 22:13: Train Epoch 4: 160/958 Loss: 2.211856
2026-08-15 22:13: Train Epoch 4: 180/958 Loss: 1.969685
2026-08-15 22:13: Train Epoch 4: 200/958 Loss: 1.988583
2026-08-15 22:13: Train Epoch 4: 220/958 Loss: 1.967006
2026-08-15 22:13: Train Epoch 4: 240/958 Loss: 2.026840
2026-08-15 22:13: Train Epoch 4: 260/958 Loss: 2.037984
2026-08-15 22:13: Train Epoch 4: 280/958 Loss: 1.816999
2026-08-15 22:13: Train Epoch 4: 300/958 Loss: 1.979743
2026-08-15 22:13: Train Epoch 4: 320/958 Loss: 2.049098
2026-08-15 22:13: Train Epoch 4: 340/958 Loss: 1.867606
2026-08-15 22:13: Train Epoch 4: 360/958 Loss: 2.016717
2026-08-15 22:13: Train Epoch 4: 380/958 Loss: 2.041665
2026-08-15 22:14: Train Epoch 4: 400/958 Loss: 1.987798
2026-08-15 22:14: Train Epoch 4: 420/958 Loss: 2.040689
2026-08-15 22:14: Train Epoch 4: 440/958 Loss: 1.933215
2026-08-15 22:14: Train Epoch 4: 460/958 Loss: 2.045041
2026-08-15 22:14: Train Epoch 4: 480/958 Loss: 1.988285
2026-08-15 22:14: Train Epoch 4: 500/958 Loss: 1.972091
2026-08-15 22:14: Train Epoch 4: 520/958 Loss: 1.978130
2026-08-15 22:14: Train Epoch 4: 540/958 Loss: 1.971264
2026-08-15 22:14: Train Epoch 4: 560/958 Loss: 1.949665
2026-08-15 22:14: Train Epoch 4: 580/958 Loss: 2.004073
2026-08-15 22:14: Train Epoch 4: 600/958 Loss: 1.977323
2026-08-15 22:14: Train Epoch 4: 620/958 Loss: 1.944419
2026-08-15 22:14: Train Epoch 4: 640/958 Loss: 2.001944
2026-08-15 22:14: Train Epoch 4: 660/958 Loss: 2.082816
2026-08-15 22:14: Train Epoch 4: 680/958 Loss: 2.007528
2026-08-15 22:14: Train Epoch 4: 700/958 Loss: 1.953244
2026-08-15 22:14: Train Epoch 4: 720/958 Loss: 1.964531
2026-08-15 22:14: Train Epoch 4: 740/958 Loss: 2.081424
2026-08-15 22:14: Train Epoch 4: 760/958 Loss: 1.956334
2026-08-15 22:14: Train Epoch 4: 780/958 Loss: 1.954747
2026-08-15 22:14: Train Epoch 4: 800/958 Loss: 2.089778
2026-08-15 22:14: Train Epoch 4: 820/958 Loss: 2.017371
2026-08-15 22:14: Train Epoch 4: 840/958 Loss: 1.979882
2026-08-15 22:14: Train Epoch 4: 860/958 Loss: 1.981144
2026-08-15 22:14: Train Epoch 4: 880/958 Loss: 2.033172
2026-08-15 22:14: Train Epoch 4: 900/958 Loss: 1.958984
2026-08-15 22:14: Train Epoch 4: 920/958 Loss: 1.971368
2026-08-15 22:14: Train Epoch 4: 940/958 Loss: 1.958696
2026-08-15 22:14: **********Train Epoch 4: averaged Loss: 1.998858, tf_ratio: 0.996616
2026-08-15 22:14: **********Val Epoch 4: average Loss: 2.046698
2026-08-15 22:14: *********************************Current best model saved!
2026-08-15 22:14: Train Epoch 5: 0/958 Loss: 1.953062
2026-08-15 22:14: Train Epoch 5: 20/958 Loss: 1.948548
2026-08-15 22:14: Train Epoch 5: 40/958 Loss: 1.903270
2026-08-15 22:14: Train Epoch 5: 60/958 Loss: 1.871460
2026-08-15 22:14: Train Epoch 5: 80/958 Loss: 1.886671
2026-08-15 22:14: Train Epoch 5: 100/958 Loss: 1.949441
2026-08-15 22:14: Train Epoch 5: 120/958 Loss: 1.969026
2026-08-15 22:14: Train Epoch 5: 140/958 Loss: 2.085999
2026-08-15 22:14: Train Epoch 5: 160/958 Loss: 1.990419
2026-08-15 22:14: Train Epoch 5: 180/958 Loss: 1.947056
2026-08-15 22:14: Train Epoch 5: 200/958 Loss: 2.012224
2026-08-15 22:15: Train Epoch 5: 220/958 Loss: 2.041268
2026-08-15 22:15: Train Epoch 5: 240/958 Loss: 1.993043
2026-08-15 22:15: Train Epoch 5: 260/958 Loss: 1.957342
2026-08-15 22:15: Train Epoch 5: 280/958 Loss: 2.040616
2026-08-15 22:15: Train Epoch 5: 300/958 Loss: 1.955425
2026-08-15 22:15: Train Epoch 5: 320/958 Loss: 2.015461
2026-08-15 22:15: Train Epoch 5: 340/958 Loss: 2.025273
2026-08-15 22:15: Train Epoch 5: 360/958 Loss: 1.985242
2026-08-15 22:15: Train Epoch 5: 380/958 Loss: 1.894851
2026-08-15 22:15: Train Epoch 5: 400/958 Loss: 1.886972
2026-08-15 22:15: Train Epoch 5: 420/958 Loss: 1.996818
2026-08-15 22:15: Train Epoch 5: 440/958 Loss: 1.966454
2026-08-15 22:15: Train Epoch 5: 460/958 Loss: 1.946342
2026-08-15 22:15: Train Epoch 5: 480/958 Loss: 2.027164
2026-08-15 22:15: Train Epoch 5: 500/958 Loss: 1.872117
2026-08-15 22:15: Train Epoch 5: 520/958 Loss: 1.923476
2026-08-15 22:15: Train Epoch 5: 540/958 Loss: 1.898801
2026-08-15 22:15: Train Epoch 5: 560/958 Loss: 1.873226
2026-08-15 22:15: Train Epoch 5: 580/958 Loss: 1.906379
2026-08-15 22:15: Train Epoch 5: 600/958 Loss: 1.878162
2026-08-15 22:15: Train Epoch 5: 620/958 Loss: 1.954466
2026-08-15 22:15: Train Epoch 5: 640/958 Loss: 1.931445
2026-08-15 22:15: Train Epoch 5: 660/958 Loss: 1.988767
2026-08-15 22:15: Train Epoch 5: 680/958 Loss: 1.921342
2026-08-15 22:15: Train Epoch 5: 700/958 Loss: 2.069422
2026-08-15 22:15: Train Epoch 5: 720/958 Loss: 1.912921
2026-08-15 22:15: Train Epoch 5: 740/958 Loss: 1.929541
2026-08-15 22:15: Train Epoch 5: 760/958 Loss: 1.891305
2026-08-15 22:15: Train Epoch 5: 780/958 Loss: 2.019521
2026-08-15 22:15: Train Epoch 5: 800/958 Loss: 1.880269
2026-08-15 22:15: Train Epoch 5: 820/958 Loss: 1.991451
2026-08-15 22:15: Train Epoch 5: 840/958 Loss: 1.917940
2026-08-15 22:15: Train Epoch 5: 860/958 Loss: 2.042040
2026-08-15 22:15: Train Epoch 5: 880/958 Loss: 2.021162
2026-08-15 22:15: Train Epoch 5: 900/958 Loss: 1.964496
2026-08-15 22:15: Train Epoch 5: 920/958 Loss: 1.934501
2026-08-15 22:15: Train Epoch 5: 940/958 Loss: 1.952061
2026-08-15 22:15: **********Train Epoch 5: averaged Loss: 1.953337, tf_ratio: 0.994549
2026-08-15 22:15: **********Val Epoch 5: average Loss: 2.063028
2026-08-15 22:15: Train Epoch 6: 0/958 Loss: 1.884052
2026-08-15 22:15: Train Epoch 6: 20/958 Loss: 1.836020
2026-08-15 22:15: Train Epoch 6: 40/958 Loss: 1.968474
2026-08-15 22:16: Train Epoch 6: 60/958 Loss: 1.870840
2026-08-15 22:16: Train Epoch 6: 80/958 Loss: 1.822739
2026-08-15 22:16: Train Epoch 6: 100/958 Loss: 1.861342
2026-08-15 22:16: Train Epoch 6: 120/958 Loss: 1.917014
2026-08-15 22:16: Train Epoch 6: 140/958 Loss: 1.838463
2026-08-15 22:16: Train Epoch 6: 160/958 Loss: 1.849248
2026-08-15 22:16: Train Epoch 6: 180/958 Loss: 1.942227
2026-08-15 22:16: Train Epoch 6: 200/958 Loss: 1.865554
2026-08-15 22:16: Train Epoch 6: 220/958 Loss: 1.806131
2026-08-15 22:16: Train Epoch 6: 240/958 Loss: 1.851442
2026-08-15 22:16: Train Epoch 6: 260/958 Loss: 1.825767
2026-08-15 22:16: Train Epoch 6: 280/958 Loss: 1.901052
2026-08-15 22:16: Train Epoch 6: 300/958 Loss: 1.821654
2026-08-15 22:16: Train Epoch 6: 320/958 Loss: 1.745080
2026-08-15 22:16: Train Epoch 6: 340/958 Loss: 1.823378
2026-08-15 22:16: Train Epoch 6: 360/958 Loss: 1.999266
2026-08-15 22:16: Train Epoch 6: 380/958 Loss: 1.847060
2026-08-15 22:16: Train Epoch 6: 400/958 Loss: 1.763599
2026-08-15 22:16: Train Epoch 6: 420/958 Loss: 1.904763
2026-08-15 22:16: Train Epoch 6: 440/958 Loss: 1.840770
2026-08-15 22:16: Train Epoch 6: 460/958 Loss: 1.726527
2026-08-15 22:16: Train Epoch 6: 480/958 Loss: 1.943775
2026-08-15 22:16: Train Epoch 6: 500/958 Loss: 1.897400
2026-08-15 22:16: Train Epoch 6: 520/958 Loss: 1.990155
2026-08-15 22:16: Train Epoch 6: 540/958 Loss: 1.787758
2026-08-15 22:16: Train Epoch 6: 560/958 Loss: 1.927100
2026-08-15 22:16: Train Epoch 6: 580/958 Loss: 1.941467
2026-08-15 22:16: Train Epoch 6: 600/958 Loss: 1.949908
2026-08-15 22:16: Train Epoch 6: 620/958 Loss: 1.837818
2026-08-15 22:16: Train Epoch 6: 640/958 Loss: 1.828696
2026-08-15 22:16: Train Epoch 6: 660/958 Loss: 1.809970
2026-08-15 22:16: Train Epoch 6: 680/958 Loss: 1.858018
2026-08-15 22:16: Train Epoch 6: 700/958 Loss: 1.822995
2026-08-15 22:16: Train Epoch 6: 720/958 Loss: 1.889379
2026-08-15 22:16: Train Epoch 6: 740/958 Loss: 1.861489
2026-08-15 22:16: Train Epoch 6: 760/958 Loss: 1.862822
2026-08-15 22:16: Train Epoch 6: 780/958 Loss: 1.903051
2026-08-15 22:16: Train Epoch 6: 800/958 Loss: 1.865612
2026-08-15 22:16: Train Epoch 6: 820/958 Loss: 1.786790
2026-08-15 22:16: Train Epoch 6: 840/958 Loss: 1.747157
2026-08-15 22:16: Train Epoch 6: 860/958 Loss: 1.977167
2026-08-15 22:16: Train Epoch 6: 880/958 Loss: 1.873132
2026-08-15 22:17: Train Epoch 6: 900/958 Loss: 1.724049
2026-08-15 22:17: Train Epoch 6: 920/958 Loss: 1.891421
2026-08-15 22:17: Train Epoch 6: 940/958 Loss: 1.839743
2026-08-15 22:17: **********Train Epoch 6: averaged Loss: 1.868275, tf_ratio: 0.991228
2026-08-15 22:17: **********Val Epoch 6: average Loss: 1.972975
2026-08-15 22:17: *********************************Current best model saved!
2026-08-15 22:17: Train Epoch 7: 0/958 Loss: 1.888370
2026-08-15 22:17: Train Epoch 7: 20/958 Loss: 1.908146
2026-08-15 22:17: Train Epoch 7: 40/958 Loss: 1.871491
2026-08-15 22:17: Train Epoch 7: 60/958 Loss: 1.853839
2026-08-15 22:17: Train Epoch 7: 80/958 Loss: 1.846957
2026-08-15 22:17: Train Epoch 7: 100/958 Loss: 1.911930
2026-08-15 22:17: Train Epoch 7: 120/958 Loss: 1.898872
2026-08-15 22:17: Train Epoch 7: 140/958 Loss: 1.907344
2026-08-15 22:17: Train Epoch 7: 160/958 Loss: 1.987659
2026-08-15 22:17: Train Epoch 7: 180/958 Loss: 1.879649
2026-08-15 22:17: Train Epoch 7: 200/958 Loss: 1.874207
2026-08-15 22:17: Train Epoch 7: 220/958 Loss: 1.849735
2026-08-15 22:17: Train Epoch 7: 240/958 Loss: 1.785893
2026-08-15 22:17: Train Epoch 7: 260/958 Loss: 1.828080
2026-08-15 22:17: Train Epoch 7: 280/958 Loss: 1.752064
2026-08-15 22:17: Train Epoch 7: 300/958 Loss: 1.805078
2026-08-15 22:17: Train Epoch 7: 320/958 Loss: 1.806933
2026-08-15 22:17: Train Epoch 7: 340/958 Loss: 1.891679
2026-08-15 22:17: Train Epoch 7: 360/958 Loss: 1.848181
2026-08-15 22:17: Train Epoch 7: 380/958 Loss: 1.752925
2026-08-15 22:17: Train Epoch 7: 400/958 Loss: 1.815984
2026-08-15 22:17: Train Epoch 7: 420/958 Loss: 1.783779
2026-08-15 22:17: Train Epoch 7: 440/958 Loss: 1.885815
2026-08-15 22:17: Train Epoch 7: 460/958 Loss: 1.834536
2026-08-15 22:17: Train Epoch 7: 480/958 Loss: 1.910295
2026-08-15 22:17: Train Epoch 7: 500/958 Loss: 1.827927
2026-08-15 22:17: Train Epoch 7: 520/958 Loss: 1.729328
2026-08-15 22:17: Train Epoch 7: 540/958 Loss: 1.806612
2026-08-15 22:17: Train Epoch 7: 560/958 Loss: 1.891348
2026-08-15 22:17: Train Epoch 7: 580/958 Loss: 1.834100
2026-08-15 22:17: Train Epoch 7: 600/958 Loss: 1.832041
2026-08-15 22:17: Train Epoch 7: 620/958 Loss: 1.784484
2026-08-15 22:17: Train Epoch 7: 640/958 Loss: 1.694277
2026-08-15 22:17: Train Epoch 7: 660/958 Loss: 1.879810
2026-08-15 22:17: Train Epoch 7: 680/958 Loss: 1.904795
2026-08-15 22:17: Train Epoch 7: 700/958 Loss: 1.788181
2026-08-15 22:18: Train Epoch 7: 720/958 Loss: 1.770573
2026-08-15 22:18: Train Epoch 7: 740/958 Loss: 1.948322
2026-08-15 22:18: Train Epoch 7: 760/958 Loss: 1.897053
2026-08-15 22:18: Train Epoch 7: 780/958 Loss: 1.914122
2026-08-15 22:18: Train Epoch 7: 800/958 Loss: 1.847573
2026-08-15 22:18: Train Epoch 7: 820/958 Loss: 1.855161
2026-08-15 22:18: Train Epoch 7: 840/958 Loss: 1.811370
2026-08-15 22:18: Train Epoch 7: 860/958 Loss: 1.944801
2026-08-15 22:18: Train Epoch 7: 880/958 Loss: 1.834468
2026-08-15 22:18: Train Epoch 7: 900/958 Loss: 1.804532
2026-08-15 22:18: Train Epoch 7: 920/958 Loss: 1.869506
2026-08-15 22:18: Train Epoch 7: 940/958 Loss: 1.811335
2026-08-15 22:18: **********Train Epoch 7: averaged Loss: 1.848997, tf_ratio: 0.985914
2026-08-15 22:18: **********Val Epoch 7: average Loss: 1.936178
2026-08-15 22:18: *********************************Current best model saved!
2026-08-15 22:18: Train Epoch 8: 0/958 Loss: 1.842605
2026-08-15 22:18: Train Epoch 8: 20/958 Loss: 1.879794
2026-08-15 22:18: Train Epoch 8: 40/958 Loss: 1.899746
2026-08-15 22:18: Train Epoch 8: 60/958 Loss: 1.837521
2026-08-15 22:18: Train Epoch 8: 80/958 Loss: 1.857439
2026-08-15 22:18: Train Epoch 8: 100/958 Loss: 1.832742
2026-08-15 22:18: Train Epoch 8: 120/958 Loss: 1.848384
2026-08-15 22:18: Train Epoch 8: 140/958 Loss: 1.814341
2026-08-15 22:18: Train Epoch 8: 160/958 Loss: 1.759116
2026-08-15 22:18: Train Epoch 8: 180/958 Loss: 1.769825
2026-08-15 22:18: Train Epoch 8: 200/958 Loss: 1.854138
2026-08-15 22:18: Train Epoch 8: 220/958 Loss: 1.824617
2026-08-15 22:18: Train Epoch 8: 240/958 Loss: 1.775708
2026-08-15 22:18: Train Epoch 8: 260/958 Loss: 1.886530
2026-08-15 22:18: Train Epoch 8: 280/958 Loss: 1.845241
2026-08-15 22:18: Train Epoch 8: 300/958 Loss: 1.816183
2026-08-15 22:18: Train Epoch 8: 320/958 Loss: 1.781317
2026-08-15 22:18: Train Epoch 8: 340/958 Loss: 1.889419
2026-08-15 22:18: Train Epoch 8: 360/958 Loss: 1.858991
2026-08-15 22:18: Train Epoch 8: 380/958 Loss: 1.849107
2026-08-15 22:18: Train Epoch 8: 400/958 Loss: 1.755508
2026-08-15 22:18: Train Epoch 8: 420/958 Loss: 1.951346
2026-08-15 22:18: Train Epoch 8: 440/958 Loss: 1.860109
2026-08-15 22:18: Train Epoch 8: 460/958 Loss: 1.829939
2026-08-15 22:18: Train Epoch 8: 480/958 Loss: 1.822432
2026-08-15 22:18: Train Epoch 8: 500/958 Loss: 1.907382
2026-08-15 22:18: Train Epoch 8: 520/958 Loss: 1.798947
2026-08-15 22:18: Train Epoch 8: 540/958 Loss: 1.850233
2026-08-15 22:19: Train Epoch 8: 560/958 Loss: 1.799402
2026-08-15 22:19: Train Epoch 8: 580/958 Loss: 1.916484
2026-08-15 22:19: Train Epoch 8: 600/958 Loss: 1.829842
2026-08-15 22:19: Train Epoch 8: 620/958 Loss: 1.820536
2026-08-15 22:19: Train Epoch 8: 640/958 Loss: 1.863645
2026-08-15 22:19: Train Epoch 8: 660/958 Loss: 1.813046
2026-08-15 22:19: Train Epoch 8: 680/958 Loss: 1.805615
2026-08-15 22:19: Train Epoch 8: 700/958 Loss: 1.817637
2026-08-15 22:19: Train Epoch 8: 720/958 Loss: 1.841498
2026-08-15 22:19: Train Epoch 8: 740/958 Loss: 1.832139
2026-08-15 22:19: Train Epoch 8: 760/958 Loss: 1.869612
2026-08-15 22:19: Train Epoch 8: 780/958 Loss: 1.929509
2026-08-15 22:19: Train Epoch 8: 800/958 Loss: 1.933676
2026-08-15 22:19: Train Epoch 8: 820/958 Loss: 1.842964
2026-08-15 22:19: Train Epoch 8: 840/958 Loss: 1.849173
2026-08-15 22:19: Train Epoch 8: 860/958 Loss: 1.851250
2026-08-15 22:19: Train Epoch 8: 880/958 Loss: 1.901430
2026-08-15 22:19: Train Epoch 8: 900/958 Loss: 1.907784
2026-08-15 22:19: Train Epoch 8: 920/958 Loss: 1.808799
2026-08-15 22:19: Train Epoch 8: 940/958 Loss: 1.883129
2026-08-15 22:19: **********Train Epoch 8: averaged Loss: 1.836073, tf_ratio: 0.977454
2026-08-15 22:19: **********Val Epoch 8: average Loss: 1.926972
2026-08-15 22:19: *********************************Current best model saved!
2026-08-15 22:19: Train Epoch 9: 0/958 Loss: 1.932540
2026-08-15 22:19: Train Epoch 9: 20/958 Loss: 1.801594
2026-08-15 22:19: Train Epoch 9: 40/958 Loss: 1.726351
2026-08-15 22:19: Train Epoch 9: 60/958 Loss: 1.848867
2026-08-15 22:19: Train Epoch 9: 80/958 Loss: 1.737055
2026-08-15 22:19: Train Epoch 9: 100/958 Loss: 1.883448
2026-08-15 22:19: Train Epoch 9: 120/958 Loss: 1.888786
2026-08-15 22:19: Train Epoch 9: 140/958 Loss: 1.847837
2026-08-15 22:19: Train Epoch 9: 160/958 Loss: 1.810559
2026-08-15 22:19: Train Epoch 9: 180/958 Loss: 1.888684
2026-08-15 22:19: Train Epoch 9: 200/958 Loss: 1.746435
2026-08-15 22:19: Train Epoch 9: 220/958 Loss: 1.907081
2026-08-15 22:19: Train Epoch 9: 240/958 Loss: 1.830476
2026-08-15 22:19: Train Epoch 9: 260/958 Loss: 1.758444
2026-08-15 22:19: Train Epoch 9: 280/958 Loss: 1.710677
2026-08-15 22:19: Train Epoch 9: 300/958 Loss: 1.860145
2026-08-15 22:19: Train Epoch 9: 320/958 Loss: 1.792201
2026-08-15 22:19: Train Epoch 9: 340/958 Loss: 1.734576
2026-08-15 22:19: Train Epoch 9: 360/958 Loss: 1.781372
2026-08-15 22:19: Train Epoch 9: 380/958 Loss: 1.741493
2026-08-15 22:20: Train Epoch 9: 400/958 Loss: 1.788502
2026-08-15 22:20: Train Epoch 9: 420/958 Loss: 1.816689
2026-08-15 22:20: Train Epoch 9: 440/958 Loss: 1.817688
2026-08-15 22:20: Train Epoch 9: 460/958 Loss: 1.851430
2026-08-15 22:20: Train Epoch 9: 480/958 Loss: 1.902969
2026-08-15 22:20: Train Epoch 9: 500/958 Loss: 1.836199
2026-08-15 22:20: Train Epoch 9: 520/958 Loss: 1.871043
2026-08-15 22:20: Train Epoch 9: 540/958 Loss: 1.797810
2026-08-15 22:20: Train Epoch 9: 560/958 Loss: 1.832901
2026-08-15 22:20: Train Epoch 9: 580/958 Loss: 1.809998
2026-08-15 22:20: Train Epoch 9: 600/958 Loss: 1.796810
2026-08-15 22:20: Train Epoch 9: 620/958 Loss: 1.810437
2026-08-15 22:20: Train Epoch 9: 640/958 Loss: 1.855799
2026-08-15 22:20: Train Epoch 9: 660/958 Loss: 1.909334
2026-08-15 22:20: Train Epoch 9: 680/958 Loss: 1.822814
2026-08-15 22:20: Train Epoch 9: 700/958 Loss: 1.722980
2026-08-15 22:20: Train Epoch 9: 720/958 Loss: 1.791329
2026-08-15 22:20: Train Epoch 9: 740/958 Loss: 1.749081
2026-08-15 22:20: Train Epoch 9: 760/958 Loss: 1.785874
2026-08-15 22:20: Train Epoch 9: 780/958 Loss: 1.799243
2026-08-15 22:20: Train Epoch 9: 800/958 Loss: 1.815808
2026-08-15 22:20: Train Epoch 9: 820/958 Loss: 1.820043
2026-08-15 22:20: Train Epoch 9: 840/958 Loss: 1.769212
2026-08-15 22:20: Train Epoch 9: 860/958 Loss: 1.866333
2026-08-15 22:20: Train Epoch 9: 880/958 Loss: 1.889834
2026-08-15 22:20: Train Epoch 9: 900/958 Loss: 1.718933
2026-08-15 22:20: Train Epoch 9: 920/958 Loss: 1.778527
2026-08-15 22:20: Train Epoch 9: 940/958 Loss: 1.701246
2026-08-15 22:20: **********Train Epoch 9: averaged Loss: 1.822637, tf_ratio: 0.964098
2026-08-15 22:20: **********Val Epoch 9: average Loss: 1.942183
2026-08-15 22:20: Train Epoch 10: 0/958 Loss: 1.848503
2026-08-15 22:20: Train Epoch 10: 20/958 Loss: 1.742671
2026-08-15 22:20: Train Epoch 10: 40/958 Loss: 1.751887
2026-08-15 22:20: Train Epoch 10: 60/958 Loss: 1.901095
2026-08-15 22:20: Train Epoch 10: 80/958 Loss: 1.819925
2026-08-15 22:20: Train Epoch 10: 100/958 Loss: 1.870964
2026-08-15 22:20: Train Epoch 10: 120/958 Loss: 1.767608
2026-08-15 22:20: Train Epoch 10: 140/958 Loss: 1.784483
2026-08-15 22:20: Train Epoch 10: 160/958 Loss: 1.789315
2026-08-15 22:20: Train Epoch 10: 180/958 Loss: 1.810399
2026-08-15 22:20: Train Epoch 10: 200/958 Loss: 1.882655
2026-08-15 22:20: Train Epoch 10: 220/958 Loss: 1.885602
2026-08-15 22:21: Train Epoch 10: 240/958 Loss: 1.798302
2026-08-15 22:21: Train Epoch 10: 260/958 Loss: 1.729521
2026-08-15 22:21: Train Epoch 10: 280/958 Loss: 1.836062
2026-08-15 22:21: Train Epoch 10: 300/958 Loss: 1.773481
2026-08-15 22:21: Train Epoch 10: 320/958 Loss: 1.754066
2026-08-15 22:21: Train Epoch 10: 340/958 Loss: 1.806189
2026-08-15 22:21: Train Epoch 10: 360/958 Loss: 1.797814
2026-08-15 22:21: Train Epoch 10: 380/958 Loss: 1.762751
2026-08-15 22:21: Train Epoch 10: 400/958 Loss: 1.812709
2026-08-15 22:21: Train Epoch 10: 420/958 Loss: 1.894007
2026-08-15 22:21: Train Epoch 10: 440/958 Loss: 1.735274
2026-08-15 22:21: Train Epoch 10: 460/958 Loss: 1.739346
2026-08-15 22:21: Train Epoch 10: 480/958 Loss: 1.687013
2026-08-15 22:21: Train Epoch 10: 500/958 Loss: 1.805537
2026-08-15 22:21: Train Epoch 10: 520/958 Loss: 1.797486
2026-08-15 22:21: Train Epoch 10: 540/958 Loss: 1.804955
2026-08-15 22:21: Train Epoch 10: 560/958 Loss: 1.734109
2026-08-15 22:21: Train Epoch 10: 580/958 Loss: 1.732887
2026-08-15 22:21: Train Epoch 10: 600/958 Loss: 1.894950
2026-08-15 22:21: Train Epoch 10: 620/958 Loss: 1.831858
2026-08-15 22:21: Train Epoch 10: 640/958 Loss: 1.840679
2026-08-15 22:21: Train Epoch 10: 660/958 Loss: 1.888562
2026-08-15 22:21: Train Epoch 10: 680/958 Loss: 1.785709
2026-08-15 22:21: Train Epoch 10: 700/958 Loss: 1.976668
2026-08-15 22:21: Train Epoch 10: 720/958 Loss: 1.715062
2026-08-15 22:21: Train Epoch 10: 740/958 Loss: 1.876132
2026-08-15 22:21: Train Epoch 10: 760/958 Loss: 1.823061
2026-08-15 22:21: Train Epoch 10: 780/958 Loss: 1.791415
2026-08-15 22:21: Train Epoch 10: 800/958 Loss: 1.767865
2026-08-15 22:21: Train Epoch 10: 820/958 Loss: 1.805659
2026-08-15 22:21: Train Epoch 10: 840/958 Loss: 1.806357
2026-08-15 22:21: Train Epoch 10: 860/958 Loss: 1.803908
2026-08-15 22:21: Train Epoch 10: 880/958 Loss: 1.962099
2026-08-15 22:21: Train Epoch 10: 900/958 Loss: 1.892782
2026-08-15 22:21: Train Epoch 10: 920/958 Loss: 1.823989
2026-08-15 22:21: Train Epoch 10: 940/958 Loss: 1.749588
2026-08-15 22:21: **********Train Epoch 10: averaged Loss: 1.812809, tf_ratio: 0.943289
2026-08-15 22:21: **********Val Epoch 10: average Loss: 1.948713
2026-08-15 22:21: Train Epoch 11: 0/958 Loss: 1.742428
2026-08-15 22:21: Train Epoch 11: 20/958 Loss: 1.783879
2026-08-15 22:21: Train Epoch 11: 40/958 Loss: 1.812269
2026-08-15 22:22: Train Epoch 11: 60/958 Loss: 1.776030
2026-08-15 22:22: Train Epoch 11: 80/958 Loss: 1.846124
2026-08-15 22:22: Train Epoch 11: 100/958 Loss: 1.860503
2026-08-15 22:22: Train Epoch 11: 120/958 Loss: 1.786988
2026-08-15 22:22: Train Epoch 11: 140/958 Loss: 1.820446
2026-08-15 22:22: Train Epoch 11: 160/958 Loss: 1.740521
2026-08-15 22:22: Train Epoch 11: 180/958 Loss: 1.880724
2026-08-15 22:22: Train Epoch 11: 200/958 Loss: 1.824752
2026-08-15 22:22: Train Epoch 11: 220/958 Loss: 1.781637
2026-08-15 22:22: Train Epoch 11: 240/958 Loss: 1.729078
2026-08-15 22:22: Train Epoch 11: 260/958 Loss: 1.755386
2026-08-15 22:22: Train Epoch 11: 280/958 Loss: 1.794912
2026-08-15 22:22: Train Epoch 11: 300/958 Loss: 1.693338
2026-08-15 22:22: Train Epoch 11: 320/958 Loss: 1.822664
2026-08-15 22:22: Train Epoch 11: 340/958 Loss: 1.781470
2026-08-15 22:22: Train Epoch 11: 360/958 Loss: 1.839447
2026-08-15 22:22: Train Epoch 11: 380/958 Loss: 1.809495
2026-08-15 22:22: Train Epoch 11: 400/958 Loss: 1.819254
2026-08-15 22:22: Train Epoch 11: 420/958 Loss: 1.756407
2026-08-15 22:22: Train Epoch 11: 440/958 Loss: 1.740934
2026-08-15 22:22: Train Epoch 11: 460/958 Loss: 1.837862
2026-08-15 22:22: Train Epoch 11: 480/958 Loss: 1.802623
2026-08-15 22:22: Train Epoch 11: 500/958 Loss: 1.699914
2026-08-15 22:22: Train Epoch 11: 520/958 Loss: 1.855414
2026-08-15 22:22: Train Epoch 11: 540/958 Loss: 1.738130
2026-08-15 22:22: Train Epoch 11: 560/958 Loss: 1.743880
2026-08-15 22:22: Train Epoch 11: 580/958 Loss: 1.823599
2026-08-15 22:22: Train Epoch 11: 600/958 Loss: 1.803391
2026-08-15 22:22: Train Epoch 11: 620/958 Loss: 1.861072
2026-08-15 22:22: Train Epoch 11: 640/958 Loss: 1.789454
2026-08-15 22:22: Train Epoch 11: 660/958 Loss: 1.740935
2026-08-15 22:22: Train Epoch 11: 680/958 Loss: 1.704882
2026-08-15 22:22: Train Epoch 11: 700/958 Loss: 1.911793
2026-08-15 22:22: Train Epoch 11: 720/958 Loss: 1.768961
2026-08-15 22:22: Train Epoch 11: 740/958 Loss: 1.832150
2026-08-15 22:22: Train Epoch 11: 760/958 Loss: 1.735458
2026-08-15 22:22: Train Epoch 11: 780/958 Loss: 1.672932
2026-08-15 22:22: Train Epoch 11: 800/958 Loss: 1.782006
2026-08-15 22:22: Train Epoch 11: 820/958 Loss: 1.772830
2026-08-15 22:22: Train Epoch 11: 840/958 Loss: 1.817150
2026-08-15 22:22: Train Epoch 11: 860/958 Loss: 1.722813
2026-08-15 22:22: Train Epoch 11: 880/958 Loss: 1.835052
2026-08-15 22:23: Train Epoch 11: 900/958 Loss: 1.759531
2026-08-15 22:23: Train Epoch 11: 920/958 Loss: 1.804341
2026-08-15 22:23: Train Epoch 11: 940/958 Loss: 1.833251
2026-08-15 22:23: **********Train Epoch 11: averaged Loss: 1.804330, tf_ratio: 0.911525
2026-08-15 22:23: **********Val Epoch 11: average Loss: 1.908118
2026-08-15 22:23: *********************************Current best model saved!
2026-08-15 22:23: Train Epoch 12: 0/958 Loss: 1.804925
2026-08-15 22:23: Train Epoch 12: 20/958 Loss: 1.794005
2026-08-15 22:23: Train Epoch 12: 40/958 Loss: 1.793208
2026-08-15 22:23: Train Epoch 12: 60/958 Loss: 1.771236
2026-08-15 22:23: Train Epoch 12: 80/958 Loss: 1.737790
2026-08-15 22:23: Train Epoch 12: 100/958 Loss: 1.752784
2026-08-15 22:23: Train Epoch 12: 120/958 Loss: 1.811157
2026-08-15 22:23: Train Epoch 12: 140/958 Loss: 1.776988
2026-08-15 22:23: Train Epoch 12: 160/958 Loss: 1.856743
2026-08-15 22:23: Train Epoch 12: 180/958 Loss: 1.646348
2026-08-15 22:23: Train Epoch 12: 200/958 Loss: 1.712597
2026-08-15 22:23: Train Epoch 12: 220/958 Loss: 1.676156
2026-08-15 22:23: Train Epoch 12: 240/958 Loss: 1.809689
2026-08-15 22:23: Train Epoch 12: 260/958 Loss: 1.858388
2026-08-15 22:23: Train Epoch 12: 280/958 Loss: 1.829035
2026-08-15 22:23: Train Epoch 12: 300/958 Loss: 1.846038
2026-08-15 22:23: Train Epoch 12: 320/958 Loss: 1.850666
2026-08-15 22:23: Train Epoch 12: 340/958 Loss: 1.811082
2026-08-15 22:23: Train Epoch 12: 360/958 Loss: 1.822254
2026-08-15 22:23: Train Epoch 12: 380/958 Loss: 1.755918
2026-08-15 22:23: Train Epoch 12: 400/958 Loss: 1.838677
2026-08-15 22:23: Train Epoch 12: 420/958 Loss: 1.792173
2026-08-15 22:23: Train Epoch 12: 440/958 Loss: 1.696945
2026-08-15 22:23: Train Epoch 12: 460/958 Loss: 1.781166
2026-08-15 22:23: Train Epoch 12: 480/958 Loss: 1.761761
2026-08-15 22:23: Train Epoch 12: 500/958 Loss: 1.729969
2026-08-15 22:23: Train Epoch 12: 520/958 Loss: 1.857952
2026-08-15 22:23: Train Epoch 12: 540/958 Loss: 1.726752
2026-08-15 22:23: Train Epoch 12: 560/958 Loss: 1.804805
2026-08-15 22:23: Train Epoch 12: 580/958 Loss: 1.836685
2026-08-15 22:23: Train Epoch 12: 600/958 Loss: 1.751923
2026-08-15 22:23: Train Epoch 12: 620/958 Loss: 1.914082
2026-08-15 22:23: Train Epoch 12: 640/958 Loss: 1.853355
2026-08-15 22:23: Train Epoch 12: 660/958 Loss: 1.743142
2026-08-15 22:23: Train Epoch 12: 680/958 Loss: 1.806706
2026-08-15 22:23: Train Epoch 12: 700/958 Loss: 1.829134
2026-08-15 22:23: Train Epoch 12: 720/958 Loss: 1.731907
2026-08-15 22:24: Train Epoch 12: 740/958 Loss: 1.792585
2026-08-15 22:24: Train Epoch 12: 760/958 Loss: 1.760518
2026-08-15 22:24: Train Epoch 12: 780/958 Loss: 1.816016
2026-08-15 22:24: Train Epoch 12: 800/958 Loss: 1.728782
2026-08-15 22:24: Train Epoch 12: 820/958 Loss: 1.696397
2026-08-15 22:24: Train Epoch 12: 840/958 Loss: 1.886646
2026-08-15 22:24: Train Epoch 12: 860/958 Loss: 1.851583
2026-08-15 22:24: Train Epoch 12: 880/958 Loss: 1.807387
2026-08-15 22:24: Train Epoch 12: 900/958 Loss: 1.752162
2026-08-15 22:24: Train Epoch 12: 920/958 Loss: 1.750796
2026-08-15 22:24: Train Epoch 12: 940/958 Loss: 1.782368
2026-08-15 22:24: **********Train Epoch 12: averaged Loss: 1.793386, tf_ratio: 0.864526
2026-08-15 22:24: **********Val Epoch 12: average Loss: 1.937738
2026-08-15 22:24: Train Epoch 13: 0/958 Loss: 1.817581
2026-08-15 22:24: Train Epoch 13: 20/958 Loss: 1.800847
2026-08-15 22:24: Train Epoch 13: 40/958 Loss: 1.768866
2026-08-15 22:24: Train Epoch 13: 60/958 Loss: 1.793457
2026-08-15 22:24: Train Epoch 13: 80/958 Loss: 1.826342
2026-08-15 22:24: Train Epoch 13: 100/958 Loss: 1.834124
2026-08-15 22:24: Train Epoch 13: 120/958 Loss: 1.744801
2026-08-15 22:24: Train Epoch 13: 140/958 Loss: 1.819460
2026-08-15 22:24: Train Epoch 13: 160/958 Loss: 1.823173
2026-08-15 22:24: Train Epoch 13: 180/958 Loss: 1.712913
2026-08-15 22:24: Train Epoch 13: 200/958 Loss: 1.744354
2026-08-15 22:24: Train Epoch 13: 220/958 Loss: 1.623662
2026-08-15 22:24: Train Epoch 13: 240/958 Loss: 1.734959
2026-08-15 22:24: Train Epoch 13: 260/958 Loss: 1.744562
2026-08-15 22:24: Train Epoch 13: 280/958 Loss: 1.875413
2026-08-15 22:24: Train Epoch 13: 300/958 Loss: 1.886442
2026-08-15 22:24: Train Epoch 13: 320/958 Loss: 1.816605
2026-08-15 22:24: Train Epoch 13: 340/958 Loss: 1.750216
2026-08-15 22:24: Train Epoch 13: 360/958 Loss: 1.771057
2026-08-15 22:24: Train Epoch 13: 380/958 Loss: 1.863142
2026-08-15 22:24: Train Epoch 13: 400/958 Loss: 1.771555
2026-08-15 22:24: Train Epoch 13: 420/958 Loss: 1.820770
2026-08-15 22:24: Train Epoch 13: 440/958 Loss: 1.768707
2026-08-15 22:24: Train Epoch 13: 460/958 Loss: 1.728717
2026-08-15 22:24: Train Epoch 13: 480/958 Loss: 1.784295
2026-08-15 22:24: Train Epoch 13: 500/958 Loss: 1.837357
2026-08-15 22:24: Train Epoch 13: 520/958 Loss: 1.754454
2026-08-15 22:24: Train Epoch 13: 540/958 Loss: 1.805904
2026-08-15 22:25: Train Epoch 13: 560/958 Loss: 1.824237
2026-08-15 22:25: Train Epoch 13: 580/958 Loss: 1.738685
2026-08-15 22:25: Train Epoch 13: 600/958 Loss: 1.679979
2026-08-15 22:25: Train Epoch 13: 620/958 Loss: 1.807491
2026-08-15 22:25: Train Epoch 13: 640/958 Loss: 1.788353
2026-08-15 22:25: Train Epoch 13: 660/958 Loss: 1.770745
2026-08-15 22:25: Train Epoch 13: 680/958 Loss: 1.724264
2026-08-15 22:25: Train Epoch 13: 700/958 Loss: 1.832623
2026-08-15 22:25: Train Epoch 13: 720/958 Loss: 1.687606
2026-08-15 22:25: Train Epoch 13: 740/958 Loss: 1.777734
2026-08-15 22:25: Train Epoch 13: 760/958 Loss: 1.799982
2026-08-15 22:25: Train Epoch 13: 780/958 Loss: 1.852867
2026-08-15 22:25: Train Epoch 13: 800/958 Loss: 1.758673
2026-08-15 22:25: Train Epoch 13: 820/958 Loss: 1.833827
2026-08-15 22:25: Train Epoch 13: 840/958 Loss: 1.772501
2026-08-15 22:25: Train Epoch 13: 860/958 Loss: 1.805933
2026-08-15 22:25: Train Epoch 13: 880/958 Loss: 1.763499
2026-08-15 22:25: Train Epoch 13: 900/958 Loss: 1.809854
2026-08-15 22:25: Train Epoch 13: 920/958 Loss: 1.749484
2026-08-15 22:25: Train Epoch 13: 940/958 Loss: 1.802573
2026-08-15 22:25: **********Train Epoch 13: averaged Loss: 1.785183, tf_ratio: 0.798091
2026-08-15 22:25: **********Val Epoch 13: average Loss: 1.925038
2026-08-15 22:25: Train Epoch 14: 0/958 Loss: 1.765596
2026-08-15 22:25: Train Epoch 14: 20/958 Loss: 1.866478
2026-08-15 22:25: Train Epoch 14: 40/958 Loss: 1.772931
2026-08-15 22:25: Train Epoch 14: 60/958 Loss: 1.704304
2026-08-15 22:25: Train Epoch 14: 80/958 Loss: 1.650220
2026-08-15 22:25: Train Epoch 14: 100/958 Loss: 1.803826
2026-08-15 22:25: Train Epoch 14: 120/958 Loss: 1.825335
2026-08-15 22:25: Train Epoch 14: 140/958 Loss: 1.734471
2026-08-15 22:25: Train Epoch 14: 160/958 Loss: 1.808786
2026-08-15 22:25: Train Epoch 14: 180/958 Loss: 1.683481
2026-08-15 22:25: Train Epoch 14: 200/958 Loss: 1.814492
2026-08-15 22:25: Train Epoch 14: 220/958 Loss: 1.839215
2026-08-15 22:25: Train Epoch 14: 240/958 Loss: 1.759533
2026-08-15 22:25: Train Epoch 14: 260/958 Loss: 1.838318
2026-08-15 22:25: Train Epoch 14: 280/958 Loss: 1.750115
2026-08-15 22:25: Train Epoch 14: 300/958 Loss: 1.787629
2026-08-15 22:25: Train Epoch 14: 320/958 Loss: 1.803170
2026-08-15 22:25: Train Epoch 14: 340/958 Loss: 1.711410
2026-08-15 22:25: Train Epoch 14: 360/958 Loss: 1.739448
2026-08-15 22:25: Train Epoch 14: 380/958 Loss: 1.709846
2026-08-15 22:26: Train Epoch 14: 400/958 Loss: 1.770916
2026-08-15 22:26: Train Epoch 14: 420/958 Loss: 1.743125
2026-08-15 22:26: Train Epoch 14: 440/958 Loss: 1.883407
2026-08-15 22:26: Train Epoch 14: 460/958 Loss: 1.752273
2026-08-15 22:26: Train Epoch 14: 480/958 Loss: 1.711319
2026-08-15 22:26: Train Epoch 14: 500/958 Loss: 1.757728
2026-08-15 22:26: Train Epoch 14: 520/958 Loss: 1.838907
2026-08-15 22:26: Train Epoch 14: 540/958 Loss: 1.778005
2026-08-15 22:26: Train Epoch 14: 560/958 Loss: 1.715181
2026-08-15 22:26: Train Epoch 14: 580/958 Loss: 1.745705
2026-08-15 22:26: Train Epoch 14: 600/958 Loss: 1.846599
2026-08-15 22:26: Train Epoch 14: 620/958 Loss: 1.688649
2026-08-15 22:26: Train Epoch 14: 640/958 Loss: 1.706657
2026-08-15 22:26: Train Epoch 14: 660/958 Loss: 1.775241
2026-08-15 22:26: Train Epoch 14: 680/958 Loss: 1.855649
2026-08-15 22:26: Train Epoch 14: 700/958 Loss: 1.803991
2026-08-15 22:26: Train Epoch 14: 720/958 Loss: 1.823844
2026-08-15 22:26: Train Epoch 14: 740/958 Loss: 1.789245
2026-08-15 22:26: Train Epoch 14: 760/958 Loss: 1.798580
2026-08-15 22:26: Train Epoch 14: 780/958 Loss: 1.682832
2026-08-15 22:26: Train Epoch 14: 800/958 Loss: 1.811439
2026-08-15 22:26: Train Epoch 14: 820/958 Loss: 1.783204
2026-08-15 22:26: Train Epoch 14: 840/958 Loss: 1.894680
2026-08-15 22:26: Train Epoch 14: 860/958 Loss: 1.818545
2026-08-15 22:26: Train Epoch 14: 880/958 Loss: 1.769615
2026-08-15 22:26: Train Epoch 14: 900/958 Loss: 1.744963
2026-08-15 22:26: Train Epoch 14: 920/958 Loss: 1.704743
2026-08-15 22:26: Train Epoch 14: 940/958 Loss: 1.866210
2026-08-15 22:26: **********Train Epoch 14: averaged Loss: 1.778137, tf_ratio: 0.710004
2026-08-15 22:26: **********Val Epoch 14: average Loss: 1.922695
2026-08-15 22:26: Train Epoch 15: 0/958 Loss: 1.778285
2026-08-15 22:26: Train Epoch 15: 20/958 Loss: 1.795008
2026-08-15 22:26: Train Epoch 15: 40/958 Loss: 1.716119
2026-08-15 22:26: Train Epoch 15: 60/958 Loss: 1.818616
2026-08-15 22:26: Train Epoch 15: 80/958 Loss: 1.723079
2026-08-15 22:26: Train Epoch 15: 100/958 Loss: 1.797660
2026-08-15 22:26: Train Epoch 15: 120/958 Loss: 1.786975
2026-08-15 22:26: Train Epoch 15: 140/958 Loss: 1.725327
2026-08-15 22:26: Train Epoch 15: 160/958 Loss: 1.749998
2026-08-15 22:26: Train Epoch 15: 180/958 Loss: 1.770943
2026-08-15 22:26: Train Epoch 15: 200/958 Loss: 1.711688
2026-08-15 22:26: Train Epoch 15: 220/958 Loss: 1.798576
2026-08-15 22:27: Train Epoch 15: 240/958 Loss: 1.768118
2026-08-15 22:27: Train Epoch 15: 260/958 Loss: 1.771934
2026-08-15 22:27: Train Epoch 15: 280/958 Loss: 1.826485
2026-08-15 22:27: Train Epoch 15: 300/958 Loss: 1.804720
2026-08-15 22:27: Train Epoch 15: 320/958 Loss: 1.741575
2026-08-15 22:27: Train Epoch 15: 340/958 Loss: 1.818721
2026-08-15 22:27: Train Epoch 15: 360/958 Loss: 1.836564
2026-08-15 22:27: Train Epoch 15: 380/958 Loss: 1.744941
2026-08-15 22:27: Train Epoch 15: 400/958 Loss: 1.757339
2026-08-15 22:27: Train Epoch 15: 420/958 Loss: 1.722986
2026-08-15 22:27: Train Epoch 15: 440/958 Loss: 1.659564
2026-08-15 22:27: Train Epoch 15: 460/958 Loss: 1.799851
2026-08-15 22:27: Train Epoch 15: 480/958 Loss: 1.872530
2026-08-15 22:27: Train Epoch 15: 500/958 Loss: 1.679736
2026-08-15 22:27: Train Epoch 15: 520/958 Loss: 1.755644
2026-08-15 22:27: Train Epoch 15: 540/958 Loss: 1.779954
2026-08-15 22:27: Train Epoch 15: 560/958 Loss: 1.792020
2026-08-15 22:27: Train Epoch 15: 580/958 Loss: 1.852742
2026-08-15 22:27: Train Epoch 15: 600/958 Loss: 1.801063
2026-08-15 22:27: Train Epoch 15: 620/958 Loss: 1.653299
2026-08-15 22:27: Train Epoch 15: 640/958 Loss: 1.764818
2026-08-15 22:27: Train Epoch 15: 660/958 Loss: 1.753095
2026-08-15 22:27: Train Epoch 15: 680/958 Loss: 1.810545
2026-08-15 22:27: Train Epoch 15: 700/958 Loss: 1.823655
2026-08-15 22:27: Train Epoch 15: 720/958 Loss: 1.732174
2026-08-15 22:27: Train Epoch 15: 740/958 Loss: 1.796175
2026-08-15 22:27: Train Epoch 15: 760/958 Loss: 1.785934
2026-08-15 22:27: Train Epoch 15: 780/958 Loss: 1.777813
2026-08-15 22:27: Train Epoch 15: 800/958 Loss: 1.814930
2026-08-15 22:27: Train Epoch 15: 820/958 Loss: 1.772503
2026-08-15 22:27: Train Epoch 15: 840/958 Loss: 1.805613
2026-08-15 22:27: Train Epoch 15: 860/958 Loss: 1.791685
2026-08-15 22:27: Train Epoch 15: 880/958 Loss: 1.778580
2026-08-15 22:27: Train Epoch 15: 900/958 Loss: 1.766329
2026-08-15 22:27: Train Epoch 15: 920/958 Loss: 1.632095
2026-08-15 22:27: Train Epoch 15: 940/958 Loss: 1.760200
2026-08-15 22:27: **********Train Epoch 15: averaged Loss: 1.771426, tf_ratio: 0.602622
2026-08-15 22:27: **********Val Epoch 15: average Loss: 1.890888
2026-08-15 22:27: *********************************Current best model saved!
2026-08-15 22:27: Train Epoch 16: 0/958 Loss: 1.727856
2026-08-15 22:27: Train Epoch 16: 20/958 Loss: 1.761226
2026-08-15 22:27: Train Epoch 16: 40/958 Loss: 1.683468
2026-08-15 22:27: Train Epoch 16: 60/958 Loss: 1.806628
2026-08-15 22:28: Train Epoch 16: 80/958 Loss: 1.802302
2026-08-15 22:28: Train Epoch 16: 100/958 Loss: 1.820218
2026-08-15 22:28: Train Epoch 16: 120/958 Loss: 1.732364
2026-08-15 22:28: Train Epoch 16: 140/958 Loss: 1.747616
2026-08-15 22:28: Train Epoch 16: 160/958 Loss: 1.743065
2026-08-15 22:28: Train Epoch 16: 180/958 Loss: 1.709007
2026-08-15 22:28: Train Epoch 16: 200/958 Loss: 1.807589
2026-08-15 22:28: Train Epoch 16: 220/958 Loss: 1.744558
2026-08-15 22:28: Train Epoch 16: 240/958 Loss: 1.822540
2026-08-15 22:28: Train Epoch 16: 260/958 Loss: 1.830930
2026-08-15 22:28: Train Epoch 16: 280/958 Loss: 1.838174
2026-08-15 22:28: Train Epoch 16: 300/958 Loss: 1.728040
2026-08-15 22:28: Train Epoch 16: 320/958 Loss: 1.733659
2026-08-15 22:28: Train Epoch 16: 340/958 Loss: 1.700976
2026-08-15 22:28: Train Epoch 16: 360/958 Loss: 1.797103
2026-08-15 22:28: Train Epoch 16: 380/958 Loss: 1.775176
2026-08-15 22:28: Train Epoch 16: 400/958 Loss: 1.682307
2026-08-15 22:28: Train Epoch 16: 420/958 Loss: 1.751673
2026-08-15 22:28: Train Epoch 16: 440/958 Loss: 1.730939
2026-08-15 22:28: Train Epoch 16: 460/958 Loss: 1.732161
2026-08-15 22:28: Train Epoch 16: 480/958 Loss: 1.823794
2026-08-15 22:28: Train Epoch 16: 500/958 Loss: 1.709705
2026-08-15 22:28: Train Epoch 16: 520/958 Loss: 1.773289
2026-08-15 22:28: Train Epoch 16: 540/958 Loss: 1.797001
2026-08-15 22:28: Train Epoch 16: 560/958 Loss: 1.781215
2026-08-15 22:28: Train Epoch 16: 580/958 Loss: 1.781030
2026-08-15 22:28: Train Epoch 16: 600/958 Loss: 1.748368
2026-08-15 22:28: Train Epoch 16: 620/958 Loss: 1.778784
2026-08-15 22:28: Train Epoch 16: 640/958 Loss: 1.745818
2026-08-15 22:28: Train Epoch 16: 660/958 Loss: 1.823041
2026-08-15 22:28: Train Epoch 16: 680/958 Loss: 1.751528
2026-08-15 22:28: Train Epoch 16: 700/958 Loss: 1.736706
2026-08-15 22:28: Train Epoch 16: 720/958 Loss: 1.724835
2026-08-15 22:28: Train Epoch 16: 740/958 Loss: 1.727406
2026-08-15 22:28: Train Epoch 16: 760/958 Loss: 1.823960
2026-08-15 22:28: Train Epoch 16: 780/958 Loss: 1.776360
2026-08-15 22:28: Train Epoch 16: 800/958 Loss: 1.807967
2026-08-15 22:28: Train Epoch 16: 820/958 Loss: 1.822716
2026-08-15 22:28: Train Epoch 16: 840/958 Loss: 1.799598
2026-08-15 22:28: Train Epoch 16: 860/958 Loss: 1.828428
2026-08-15 22:28: Train Epoch 16: 880/958 Loss: 1.734512
2026-08-15 22:29: Train Epoch 16: 900/958 Loss: 1.770463
2026-08-15 22:29: Train Epoch 16: 920/958 Loss: 1.800376
2026-08-15 22:29: Train Epoch 16: 940/958 Loss: 1.740984
2026-08-15 22:29: **********Train Epoch 16: averaged Loss: 1.762973, tf_ratio: 0.484356
2026-08-15 22:29: **********Val Epoch 16: average Loss: 1.901104
2026-08-15 22:29: Train Epoch 17: 0/958 Loss: 1.736865
2026-08-15 22:29: Train Epoch 17: 20/958 Loss: 1.763312
2026-08-15 22:29: Train Epoch 17: 40/958 Loss: 1.761661
2026-08-15 22:29: Train Epoch 17: 60/958 Loss: 1.770995
2026-08-15 22:29: Train Epoch 17: 80/958 Loss: 1.768027
2026-08-15 22:29: Train Epoch 17: 100/958 Loss: 1.714802
2026-08-15 22:29: Train Epoch 17: 120/958 Loss: 1.768379
2026-08-15 22:29: Train Epoch 17: 140/958 Loss: 1.792821
2026-08-15 22:29: Train Epoch 17: 160/958 Loss: 1.740994
2026-08-15 22:29: Train Epoch 17: 180/958 Loss: 1.791880
2026-08-15 22:29: Train Epoch 17: 200/958 Loss: 1.742494
2026-08-15 22:29: Train Epoch 17: 220/958 Loss: 1.755242
2026-08-15 22:29: Train Epoch 17: 240/958 Loss: 1.768294
2026-08-15 22:29: Train Epoch 17: 260/958 Loss: 1.691567
2026-08-15 22:29: Train Epoch 17: 280/958 Loss: 1.800263
2026-08-15 22:29: Train Epoch 17: 300/958 Loss: 1.637944
2026-08-15 22:29: Train Epoch 17: 320/958 Loss: 1.716303
2026-08-15 22:29: Train Epoch 17: 340/958 Loss: 1.770614
2026-08-15 22:29: Train Epoch 17: 360/958 Loss: 1.717415
2026-08-15 22:29: Train Epoch 17: 380/958 Loss: 1.692362
2026-08-15 22:29: Train Epoch 17: 400/958 Loss: 1.806429
2026-08-15 22:29: Train Epoch 17: 420/958 Loss: 1.863043
2026-08-15 22:29: Train Epoch 17: 440/958 Loss: 1.716831
2026-08-15 22:29: Train Epoch 17: 460/958 Loss: 1.733768
2026-08-15 22:29: Train Epoch 17: 480/958 Loss: 1.741189
2026-08-15 22:29: Train Epoch 17: 500/958 Loss: 1.696763
2026-08-15 22:29: Train Epoch 17: 520/958 Loss: 1.769933
2026-08-15 22:29: Train Epoch 17: 540/958 Loss: 1.863291
2026-08-15 22:29: Train Epoch 17: 560/958 Loss: 1.770440
2026-08-15 22:29: Train Epoch 17: 580/958 Loss: 1.800660
2026-08-15 22:29: Train Epoch 17: 600/958 Loss: 1.730306
2026-08-15 22:29: Train Epoch 17: 620/958 Loss: 1.713740
2026-08-15 22:29: Train Epoch 17: 640/958 Loss: 1.761649
2026-08-15 22:29: Train Epoch 17: 660/958 Loss: 1.723496
2026-08-15 22:29: Train Epoch 17: 680/958 Loss: 1.734775
2026-08-15 22:29: Train Epoch 17: 700/958 Loss: 1.769836
2026-08-15 22:29: Train Epoch 17: 720/958 Loss: 1.801535
2026-08-15 22:30: Train Epoch 17: 740/958 Loss: 1.839463
2026-08-15 22:30: Train Epoch 17: 760/958 Loss: 1.776767
2026-08-15 22:30: Train Epoch 17: 780/958 Loss: 1.809953
2026-08-15 22:30: Train Epoch 17: 800/958 Loss: 1.677439
2026-08-15 22:30: Train Epoch 17: 820/958 Loss: 1.706510
2026-08-15 22:30: Train Epoch 17: 840/958 Loss: 1.726297
2026-08-15 22:30: Train Epoch 17: 860/958 Loss: 1.738167
2026-08-15 22:30: Train Epoch 17: 880/958 Loss: 1.837508
2026-08-15 22:30: Train Epoch 17: 900/958 Loss: 1.710097
2026-08-15 22:30: Train Epoch 17: 920/958 Loss: 1.799212
2026-08-15 22:30: Train Epoch 17: 940/958 Loss: 1.819489
2026-08-15 22:30: **********Train Epoch 17: averaged Loss: 1.756193, tf_ratio: 0.367816
2026-08-15 22:30: **********Val Epoch 17: average Loss: 1.911014
2026-08-15 22:30: Train Epoch 18: 0/958 Loss: 1.761221
2026-08-15 22:30: Train Epoch 18: 20/958 Loss: 1.682182
2026-08-15 22:30: Train Epoch 18: 40/958 Loss: 1.693286
2026-08-15 22:30: Train Epoch 18: 60/958 Loss: 1.749098
2026-08-15 22:30: Train Epoch 18: 80/958 Loss: 1.715888
2026-08-15 22:30: Train Epoch 18: 100/958 Loss: 1.763324
2026-08-15 22:30: Train Epoch 18: 120/958 Loss: 1.719951
2026-08-15 22:30: Train Epoch 18: 140/958 Loss: 1.791039
2026-08-15 22:30: Train Epoch 18: 160/958 Loss: 1.676966
2026-08-15 22:30: Train Epoch 18: 180/958 Loss: 1.799650
2026-08-15 22:30: Train Epoch 18: 200/958 Loss: 1.729799
2026-08-15 22:30: Train Epoch 18: 220/958 Loss: 1.718370
2026-08-15 22:30: Train Epoch 18: 240/958 Loss: 1.761636
2026-08-15 22:30: Train Epoch 18: 260/958 Loss: 1.759947
2026-08-15 22:30: Train Epoch 18: 280/958 Loss: 1.648628
2026-08-15 22:30: Train Epoch 18: 300/958 Loss: 1.683956
2026-08-15 22:30: Train Epoch 18: 320/958 Loss: 1.756166
2026-08-15 22:30: Train Epoch 18: 340/958 Loss: 1.767498
2026-08-15 22:30: Train Epoch 18: 360/958 Loss: 1.723784
2026-08-15 22:30: Train Epoch 18: 380/958 Loss: 1.786085
2026-08-15 22:30: Train Epoch 18: 400/958 Loss: 1.715179
2026-08-15 22:30: Train Epoch 18: 420/958 Loss: 1.757371
2026-08-15 22:30: Train Epoch 18: 440/958 Loss: 1.729282
2026-08-15 22:30: Train Epoch 18: 460/958 Loss: 1.880073
2026-08-15 22:30: Train Epoch 18: 480/958 Loss: 1.724412
2026-08-15 22:30: Train Epoch 18: 500/958 Loss: 1.697677
2026-08-15 22:30: Train Epoch 18: 520/958 Loss: 1.777563
2026-08-15 22:31: Train Epoch 18: 540/958 Loss: 1.904029
2026-08-15 22:31: Train Epoch 18: 560/958 Loss: 1.719887
2026-08-15 22:31: Train Epoch 18: 580/958 Loss: 1.775988
2026-08-15 22:31: Train Epoch 18: 600/958 Loss: 1.831422
2026-08-15 22:31: Train Epoch 18: 620/958 Loss: 1.750714
2026-08-15 22:31: Train Epoch 18: 640/958 Loss: 1.746195
2026-08-15 22:31: Train Epoch 18: 660/958 Loss: 1.680659
2026-08-15 22:31: Train Epoch 18: 680/958 Loss: 1.648328
2026-08-15 22:31: Train Epoch 18: 700/958 Loss: 1.794094
2026-08-15 22:31: Train Epoch 18: 720/958 Loss: 1.706767
2026-08-15 22:31: Train Epoch 18: 740/958 Loss: 1.701726
2026-08-15 22:31: Train Epoch 18: 760/958 Loss: 1.817427
2026-08-15 22:31: Train Epoch 18: 780/958 Loss: 1.745026
2026-08-15 22:31: Train Epoch 18: 800/958 Loss: 1.797791
2026-08-15 22:31: Train Epoch 18: 820/958 Loss: 1.731268
2026-08-15 22:31: Train Epoch 18: 840/958 Loss: 1.752064
2026-08-15 22:31: Train Epoch 18: 860/958 Loss: 1.719967
2026-08-15 22:31: Train Epoch 18: 880/958 Loss: 1.808729
2026-08-15 22:31: Train Epoch 18: 900/958 Loss: 1.730015
2026-08-15 22:31: Train Epoch 18: 920/958 Loss: 1.738484
2026-08-15 22:31: Train Epoch 18: 940/958 Loss: 1.779212
2026-08-15 22:31: **********Train Epoch 18: averaged Loss: 1.750105, tf_ratio: 0.264911
2026-08-15 22:31: **********Val Epoch 18: average Loss: 1.897235
2026-08-15 22:31: Train Epoch 19: 0/958 Loss: 1.701480
2026-08-15 22:31: Train Epoch 19: 20/958 Loss: 1.749552
2026-08-15 22:31: Train Epoch 19: 40/958 Loss: 1.671252
2026-08-15 22:31: Train Epoch 19: 60/958 Loss: 1.737157
2026-08-15 22:31: Train Epoch 19: 80/958 Loss: 1.796168
2026-08-15 22:31: Train Epoch 19: 100/958 Loss: 1.764135
2026-08-15 22:31: Train Epoch 19: 120/958 Loss: 1.725644
2026-08-15 22:31: Train Epoch 19: 140/958 Loss: 1.708175
2026-08-15 22:31: Train Epoch 19: 160/958 Loss: 1.698136
2026-08-15 22:31: Train Epoch 19: 180/958 Loss: 1.761305
2026-08-15 22:31: Train Epoch 19: 200/958 Loss: 1.674048
2026-08-15 22:31: Train Epoch 19: 220/958 Loss: 1.703720
2026-08-15 22:31: Train Epoch 19: 240/958 Loss: 1.679757
2026-08-15 22:31: Train Epoch 19: 260/958 Loss: 1.837391
2026-08-15 22:31: Train Epoch 19: 280/958 Loss: 1.743459
2026-08-15 22:31: Train Epoch 19: 300/958 Loss: 1.834227
2026-08-15 22:32: Train Epoch 19: 320/958 Loss: 1.699599
2026-08-15 22:32: Train Epoch 19: 340/958 Loss: 1.726173
2026-08-15 22:32: Train Epoch 19: 360/958 Loss: 1.739074
2026-08-15 22:32: Train Epoch 19: 380/958 Loss: 1.834123
2026-08-15 22:32: Train Epoch 19: 400/958 Loss: 1.732418
2026-08-15 22:32: Train Epoch 19: 420/958 Loss: 1.780044
2026-08-15 22:32: Train Epoch 19: 440/958 Loss: 1.711976
2026-08-15 22:32: Train Epoch 19: 460/958 Loss: 1.821903
2026-08-15 22:32: Train Epoch 19: 480/958 Loss: 1.844867
2026-08-15 22:32: Train Epoch 19: 500/958 Loss: 1.697180
2026-08-15 22:32: Train Epoch 19: 520/958 Loss: 1.672771
2026-08-15 22:32: Train Epoch 19: 540/958 Loss: 1.759388
2026-08-15 22:32: Train Epoch 19: 560/958 Loss: 1.757034
2026-08-15 22:32: Train Epoch 19: 580/958 Loss: 1.768153
2026-08-15 22:32: Train Epoch 19: 600/958 Loss: 1.800507
2026-08-15 22:32: Train Epoch 19: 620/958 Loss: 1.753483
2026-08-15 22:32: Train Epoch 19: 640/958 Loss: 1.791858
2026-08-15 22:32: Train Epoch 19: 660/958 Loss: 1.753929
2026-08-15 22:32: Train Epoch 19: 680/958 Loss: 1.790286
2026-08-15 22:32: Train Epoch 19: 700/958 Loss: 1.775892
2026-08-15 22:32: Train Epoch 19: 720/958 Loss: 1.736068
2026-08-15 22:32: Train Epoch 19: 740/958 Loss: 1.736124
2026-08-15 22:32: Train Epoch 19: 760/958 Loss: 1.721372
2026-08-15 22:32: Train Epoch 19: 780/958 Loss: 1.843460
2026-08-15 22:32: Train Epoch 19: 800/958 Loss: 1.772281
2026-08-15 22:32: Train Epoch 19: 820/958 Loss: 1.714993
2026-08-15 22:32: Train Epoch 19: 840/958 Loss: 1.660573
2026-08-15 22:32: Train Epoch 19: 860/958 Loss: 1.757670
2026-08-15 22:32: Train Epoch 19: 880/958 Loss: 1.663849
2026-08-15 22:32: Train Epoch 19: 900/958 Loss: 1.756529
2026-08-15 22:32: Train Epoch 19: 920/958 Loss: 1.734377
2026-08-15 22:32: Train Epoch 19: 940/958 Loss: 1.768785
2026-08-15 22:32: **********Train Epoch 19: averaged Loss: 1.742933, tf_ratio: 0.182486
2026-08-15 22:32: **********Val Epoch 19: average Loss: 1.909637
2026-08-15 22:32: Train Epoch 20: 0/958 Loss: 1.780403
2026-08-15 22:32: Train Epoch 20: 20/958 Loss: 1.761068
2026-08-15 22:32: Train Epoch 20: 40/958 Loss: 1.741796
2026-08-15 22:32: Train Epoch 20: 60/958 Loss: 1.765701
2026-08-15 22:32: Train Epoch 20: 80/958 Loss: 1.696188
2026-08-15 22:32: Train Epoch 20: 100/958 Loss: 1.712268
2026-08-15 22:33: Train Epoch 20: 120/958 Loss: 1.822915
2026-08-15 22:33: Train Epoch 20: 140/958 Loss: 1.756941
2026-08-15 22:33: Train Epoch 20: 160/958 Loss: 1.762983
2026-08-15 22:33: Train Epoch 20: 180/958 Loss: 1.703823
2026-08-15 22:33: Train Epoch 20: 200/958 Loss: 1.677920
2026-08-15 22:33: Train Epoch 20: 220/958 Loss: 1.762085
2026-08-15 22:33: Train Epoch 20: 240/958 Loss: 1.704900
2026-08-15 22:33: Train Epoch 20: 260/958 Loss: 1.697196
2026-08-15 22:33: Train Epoch 20: 280/958 Loss: 1.800474
2026-08-15 22:33: Train Epoch 20: 300/958 Loss: 1.808367
2026-08-15 22:33: Train Epoch 20: 320/958 Loss: 1.809965
2026-08-15 22:33: Train Epoch 20: 340/958 Loss: 1.826261
2026-08-15 22:33: Train Epoch 20: 360/958 Loss: 1.847165
2026-08-15 22:33: Train Epoch 20: 380/958 Loss: 1.726599
2026-08-15 22:33: Train Epoch 20: 400/958 Loss: 1.707566
2026-08-15 22:33: Train Epoch 20: 420/958 Loss: 1.788584
2026-08-15 22:33: Train Epoch 20: 440/958 Loss: 1.731734
2026-08-15 22:33: Train Epoch 20: 460/958 Loss: 1.706908
2026-08-15 22:33: Train Epoch 20: 480/958 Loss: 1.741005
2026-08-15 22:33: Train Epoch 20: 500/958 Loss: 1.645318
2026-08-15 22:33: Train Epoch 20: 520/958 Loss: 1.785929
2026-08-15 22:33: Train Epoch 20: 540/958 Loss: 1.748205
2026-08-15 22:33: Train Epoch 20: 560/958 Loss: 1.680288
2026-08-15 22:33: Train Epoch 20: 580/958 Loss: 1.747663
2026-08-15 22:33: Train Epoch 20: 600/958 Loss: 1.722195
2026-08-15 22:33: Train Epoch 20: 620/958 Loss: 1.752591
2026-08-15 22:33: Train Epoch 20: 640/958 Loss: 1.822521
2026-08-15 22:33: Train Epoch 20: 660/958 Loss: 1.648648
2026-08-15 22:33: Train Epoch 20: 680/958 Loss: 1.720872
2026-08-15 22:33: Train Epoch 20: 700/958 Loss: 1.703109
2026-08-15 22:33: Train Epoch 20: 720/958 Loss: 1.674259
2026-08-15 22:33: Train Epoch 20: 740/958 Loss: 1.691931
2026-08-15 22:33: Train Epoch 20: 760/958 Loss: 1.737797
2026-08-15 22:33: Train Epoch 20: 780/958 Loss: 1.783274
2026-08-15 22:33: Train Epoch 20: 800/958 Loss: 1.684722
2026-08-15 22:33: Train Epoch 20: 820/958 Loss: 1.718355
2026-08-15 22:33: Train Epoch 20: 840/958 Loss: 1.725821
2026-08-15 22:33: Train Epoch 20: 860/958 Loss: 1.770300
2026-08-15 22:34: Train Epoch 20: 880/958 Loss: 1.834663
2026-08-15 22:34: Train Epoch 20: 900/958 Loss: 1.687977
2026-08-15 22:34: Train Epoch 20: 920/958 Loss: 1.690317
2026-08-15 22:34: Train Epoch 20: 940/958 Loss: 1.740554
2026-08-15 22:34: **********Train Epoch 20: averaged Loss: 1.737852, tf_ratio: 0.121468
2026-08-15 22:34: **********Val Epoch 20: average Loss: 1.891168
2026-08-15 22:34: Train Epoch 21: 0/958 Loss: 1.685511
2026-08-15 22:34: Train Epoch 21: 20/958 Loss: 1.775803
2026-08-15 22:34: Train Epoch 21: 40/958 Loss: 1.626649
2026-08-15 22:34: Train Epoch 21: 60/958 Loss: 1.823073
2026-08-15 22:34: Train Epoch 21: 80/958 Loss: 1.665658
2026-08-15 22:34: Train Epoch 21: 100/958 Loss: 1.677149
2026-08-15 22:34: Train Epoch 21: 120/958 Loss: 1.715026
2026-08-15 22:34: Train Epoch 21: 140/958 Loss: 1.706863
2026-08-15 22:34: Train Epoch 21: 160/958 Loss: 1.623591
2026-08-15 22:34: Train Epoch 21: 180/958 Loss: 1.684763
2026-08-15 22:34: Train Epoch 21: 200/958 Loss: 1.624620
2026-08-15 22:34: Train Epoch 21: 220/958 Loss: 1.715492
2026-08-15 22:34: Train Epoch 21: 240/958 Loss: 1.706689
2026-08-15 22:34: Train Epoch 21: 260/958 Loss: 1.703367
2026-08-15 22:34: Train Epoch 21: 280/958 Loss: 1.661312
2026-08-15 22:34: Train Epoch 21: 300/958 Loss: 1.651707
2026-08-15 22:34: Train Epoch 21: 320/958 Loss: 1.683168
2026-08-15 22:34: Train Epoch 21: 340/958 Loss: 1.681177
2026-08-15 22:34: Train Epoch 21: 360/958 Loss: 1.634902
2026-08-15 22:34: Train Epoch 21: 380/958 Loss: 1.711433
2026-08-15 22:34: Train Epoch 21: 400/958 Loss: 1.769750
2026-08-15 22:34: Train Epoch 21: 420/958 Loss: 1.683417
2026-08-15 22:34: Train Epoch 21: 440/958 Loss: 1.758408
2026-08-15 22:34: Train Epoch 21: 460/958 Loss: 1.690832
2026-08-15 22:34: Train Epoch 21: 480/958 Loss: 1.688658
2026-08-15 22:34: Train Epoch 21: 500/958 Loss: 1.700049
2026-08-15 22:34: Train Epoch 21: 520/958 Loss: 1.771247
2026-08-15 22:34: Train Epoch 21: 540/958 Loss: 1.728933
2026-08-15 22:34: Train Epoch 21: 560/958 Loss: 1.699024
2026-08-15 22:34: Train Epoch 21: 580/958 Loss: 1.687480
2026-08-15 22:34: Train Epoch 21: 600/958 Loss: 1.670186
2026-08-15 22:34: Train Epoch 21: 620/958 Loss: 1.641471
2026-08-15 22:34: Train Epoch 21: 640/958 Loss: 1.677224
2026-08-15 22:34: Train Epoch 21: 660/958 Loss: 1.680791
2026-08-15 22:35: Train Epoch 21: 680/958 Loss: 1.775404
2026-08-15 22:35: Train Epoch 21: 700/958 Loss: 1.688703
2026-08-15 22:35: Train Epoch 21: 720/958 Loss: 1.652082
2026-08-15 22:35: Train Epoch 21: 740/958 Loss: 1.742382
2026-08-15 22:35: Train Epoch 21: 760/958 Loss: 1.638205
2026-08-15 22:35: Train Epoch 21: 780/958 Loss: 1.722589
2026-08-15 22:35: Train Epoch 21: 800/958 Loss: 1.708587
2026-08-15 22:35: Train Epoch 21: 820/958 Loss: 1.670547
2026-08-15 22:35: Train Epoch 21: 840/958 Loss: 1.687930
2026-08-15 22:35: Train Epoch 21: 860/958 Loss: 1.674764
2026-08-15 22:35: Train Epoch 21: 880/958 Loss: 1.695795
2026-08-15 22:35: Train Epoch 21: 900/958 Loss: 1.745174
2026-08-15 22:35: Train Epoch 21: 920/958 Loss: 1.681153
2026-08-15 22:35: Train Epoch 21: 940/958 Loss: 1.682344
2026-08-15 22:35: **********Train Epoch 21: averaged Loss: 1.703012, tf_ratio: 0.078885
2026-08-15 22:35: **********Val Epoch 21: average Loss: 1.870935
2026-08-15 22:35: *********************************Current best model saved!
2026-08-15 22:35: Train Epoch 22: 0/958 Loss: 1.675674
2026-08-15 22:35: Train Epoch 22: 20/958 Loss: 1.648964
2026-08-15 22:35: Train Epoch 22: 40/958 Loss: 1.710095
2026-08-15 22:35: Train Epoch 22: 60/958 Loss: 1.682532
2026-08-15 22:35: Train Epoch 22: 80/958 Loss: 1.734569
2026-08-15 22:35: Train Epoch 22: 100/958 Loss: 1.672423
2026-08-15 22:35: Train Epoch 22: 120/958 Loss: 1.733607
2026-08-15 22:35: Train Epoch 22: 140/958 Loss: 1.726408
2026-08-15 22:35: Train Epoch 22: 160/958 Loss: 1.766025
2026-08-15 22:35: Train Epoch 22: 180/958 Loss: 1.721320
2026-08-15 22:35: Train Epoch 22: 200/958 Loss: 1.686301
2026-08-15 22:35: Train Epoch 22: 220/958 Loss: 1.674851
2026-08-15 22:35: Train Epoch 22: 240/958 Loss: 1.655096
2026-08-15 22:35: Train Epoch 22: 260/958 Loss: 1.654383
2026-08-15 22:35: Train Epoch 22: 280/958 Loss: 1.702218
2026-08-15 22:35: Train Epoch 22: 300/958 Loss: 1.794179
2026-08-15 22:35: Train Epoch 22: 320/958 Loss: 1.633960
2026-08-15 22:35: Train Epoch 22: 340/958 Loss: 1.715004
2026-08-15 22:35: Train Epoch 22: 360/958 Loss: 1.708950
2026-08-15 22:35: Train Epoch 22: 380/958 Loss: 1.721892
2026-08-15 22:35: Train Epoch 22: 400/958 Loss: 1.787607
2026-08-15 22:35: Train Epoch 22: 420/958 Loss: 1.638008
2026-08-15 22:35: Train Epoch 22: 440/958 Loss: 1.701179
2026-08-15 22:36: Train Epoch 22: 460/958 Loss: 1.734605
2026-08-15 22:36: Train Epoch 22: 480/958 Loss: 1.712174
2026-08-15 22:36: Train Epoch 22: 500/958 Loss: 1.624217
2026-08-15 22:36: Train Epoch 22: 520/958 Loss: 1.691812
2026-08-15 22:36: Train Epoch 22: 540/958 Loss: 1.831507
2026-08-15 22:36: Train Epoch 22: 560/958 Loss: 1.681288
2026-08-15 22:36: Train Epoch 22: 580/958 Loss: 1.808160
2026-08-15 22:36: Train Epoch 22: 600/958 Loss: 1.708769
2026-08-15 22:36: Train Epoch 22: 620/958 Loss: 1.694168
2026-08-15 22:36: Train Epoch 22: 640/958 Loss: 1.759854
2026-08-15 22:36: Train Epoch 22: 660/958 Loss: 1.755409
2026-08-15 22:36: Train Epoch 22: 680/958 Loss: 1.643986
2026-08-15 22:36: Train Epoch 22: 700/958 Loss: 1.758124
2026-08-15 22:36: Train Epoch 22: 720/958 Loss: 1.710159
2026-08-15 22:36: Train Epoch 22: 740/958 Loss: 1.665869
2026-08-15 22:36: Train Epoch 22: 760/958 Loss: 1.754962
2026-08-15 22:36: Train Epoch 22: 780/958 Loss: 1.716777
2026-08-15 22:36: Train Epoch 22: 800/958 Loss: 1.774812
2026-08-15 22:36: Train Epoch 22: 820/958 Loss: 1.704823
2026-08-15 22:36: Train Epoch 22: 840/958 Loss: 1.702898
2026-08-15 22:36: Train Epoch 22: 860/958 Loss: 1.642483
2026-08-15 22:36: Train Epoch 22: 880/958 Loss: 1.738941
2026-08-15 22:36: Train Epoch 22: 900/958 Loss: 1.673507
2026-08-15 22:36: Train Epoch 22: 920/958 Loss: 1.759291
2026-08-15 22:36: Train Epoch 22: 940/958 Loss: 1.608217
2026-08-15 22:36: **********Train Epoch 22: averaged Loss: 1.699374, tf_ratio: 0.050374
2026-08-15 22:36: **********Val Epoch 22: average Loss: 1.876577
2026-08-15 22:36: Train Epoch 23: 0/958 Loss: 1.721747
2026-08-15 22:36: Train Epoch 23: 20/958 Loss: 1.649242
2026-08-15 22:36: Train Epoch 23: 40/958 Loss: 1.701686
2026-08-15 22:36: Train Epoch 23: 60/958 Loss: 1.649944
2026-08-15 22:36: Train Epoch 23: 80/958 Loss: 1.688795
2026-08-15 22:36: Train Epoch 23: 100/958 Loss: 1.701558
2026-08-15 22:36: Train Epoch 23: 120/958 Loss: 1.712551
2026-08-15 22:36: Train Epoch 23: 140/958 Loss: 1.641659
2026-08-15 22:36: Train Epoch 23: 160/958 Loss: 1.703478
2026-08-15 22:36: Train Epoch 23: 180/958 Loss: 1.721768
2026-08-15 22:36: Train Epoch 23: 200/958 Loss: 1.669951
2026-08-15 22:36: Train Epoch 23: 220/958 Loss: 1.675253
2026-08-15 22:37: Train Epoch 23: 240/958 Loss: 1.679335
2026-08-15 22:37: Train Epoch 23: 260/958 Loss: 1.727635
2026-08-15 22:37: Train Epoch 23: 280/958 Loss: 1.668855
2026-08-15 22:37: Train Epoch 23: 300/958 Loss: 1.681903
2026-08-15 22:37: Train Epoch 23: 320/958 Loss: 1.776458
2026-08-15 22:37: Train Epoch 23: 340/958 Loss: 1.718592
2026-08-15 22:37: Train Epoch 23: 360/958 Loss: 1.705985
2026-08-15 22:37: Train Epoch 23: 380/958 Loss: 1.630997
2026-08-15 22:37: Train Epoch 23: 400/958 Loss: 1.685711
2026-08-15 22:37: Train Epoch 23: 420/958 Loss: 1.761955
2026-08-15 22:37: Train Epoch 23: 440/958 Loss: 1.751473
2026-08-15 22:37: Train Epoch 23: 460/958 Loss: 1.709351
2026-08-15 22:37: Train Epoch 23: 480/958 Loss: 1.652897
2026-08-15 22:37: Train Epoch 23: 500/958 Loss: 1.646549
2026-08-15 22:37: Train Epoch 23: 520/958 Loss: 1.639800
2026-08-15 22:37: Train Epoch 23: 540/958 Loss: 1.764522
2026-08-15 22:37: Train Epoch 23: 560/958 Loss: 1.629103
2026-08-15 22:37: Train Epoch 23: 580/958 Loss: 1.751648
2026-08-15 22:37: Train Epoch 23: 600/958 Loss: 1.713478
2026-08-15 22:37: Train Epoch 23: 620/958 Loss: 1.748337
2026-08-15 22:37: Train Epoch 23: 640/958 Loss: 1.698920
2026-08-15 22:37: Train Epoch 23: 660/958 Loss: 1.683856
2026-08-15 22:37: Train Epoch 23: 680/958 Loss: 1.645139
2026-08-15 22:37: Train Epoch 23: 700/958 Loss: 1.676366
2026-08-15 22:37: Train Epoch 23: 720/958 Loss: 1.694797
2026-08-15 22:37: Train Epoch 23: 740/958 Loss: 1.722573
2026-08-15 22:37: Train Epoch 23: 760/958 Loss: 1.691836
2026-08-15 22:37: Train Epoch 23: 780/958 Loss: 1.731848
2026-08-15 22:37: Train Epoch 23: 800/958 Loss: 1.661451
2026-08-15 22:37: Train Epoch 23: 820/958 Loss: 1.684224
2026-08-15 22:37: Train Epoch 23: 840/958 Loss: 1.682940
2026-08-15 22:37: Train Epoch 23: 860/958 Loss: 1.720680
2026-08-15 22:37: Train Epoch 23: 880/958 Loss: 1.728668
2026-08-15 22:37: Train Epoch 23: 900/958 Loss: 1.666207
2026-08-15 22:37: Train Epoch 23: 920/958 Loss: 1.764858
2026-08-15 22:37: Train Epoch 23: 940/958 Loss: 1.647606
2026-08-15 22:37: **********Train Epoch 23: averaged Loss: 1.696679, tf_ratio: 0.031812
2026-08-15 22:37: **********Val Epoch 23: average Loss: 1.878241
2026-08-15 22:37: Train Epoch 24: 0/958 Loss: 1.733904
2026-08-15 22:38: Train Epoch 24: 20/958 Loss: 1.584511
2026-08-15 22:38: Train Epoch 24: 40/958 Loss: 1.715425
2026-08-15 22:38: Train Epoch 24: 60/958 Loss: 1.658480
2026-08-15 22:38: Train Epoch 24: 80/958 Loss: 1.685749
2026-08-15 22:38: Train Epoch 24: 100/958 Loss: 1.831287
2026-08-15 22:38: Train Epoch 24: 120/958 Loss: 1.694573
2026-08-15 22:38: Train Epoch 24: 140/958 Loss: 1.766828
2026-08-15 22:38: Train Epoch 24: 160/958 Loss: 1.714983
2026-08-15 22:38: Train Epoch 24: 180/958 Loss: 1.735243
2026-08-15 22:38: Train Epoch 24: 200/958 Loss: 1.691628
2026-08-15 22:38: Train Epoch 24: 220/958 Loss: 1.614559
2026-08-15 22:38: Train Epoch 24: 240/958 Loss: 1.698557
2026-08-15 22:38: Train Epoch 24: 260/958 Loss: 1.681727
2026-08-15 22:38: Train Epoch 24: 280/958 Loss: 1.832633
2026-08-15 22:38: Train Epoch 24: 300/958 Loss: 1.670248
2026-08-15 22:38: Train Epoch 24: 320/958 Loss: 1.705894
2026-08-15 22:38: Train Epoch 24: 340/958 Loss: 1.681386
2026-08-15 22:38: Train Epoch 24: 360/958 Loss: 1.691955
2026-08-15 22:38: Train Epoch 24: 380/958 Loss: 1.708829
2026-08-15 22:38: Train Epoch 24: 400/958 Loss: 1.691133
2026-08-15 22:38: Train Epoch 24: 420/958 Loss: 1.562717
2026-08-15 22:38: Train Epoch 24: 440/958 Loss: 1.705339
2026-08-15 22:38: Train Epoch 24: 460/958 Loss: 1.654544
2026-08-15 22:38: Train Epoch 24: 480/958 Loss: 1.672630
2026-08-15 22:38: Train Epoch 24: 500/958 Loss: 1.737670
2026-08-15 22:38: Train Epoch 24: 520/958 Loss: 1.654653
2026-08-15 22:38: Train Epoch 24: 540/958 Loss: 1.721753
2026-08-15 22:38: Train Epoch 24: 560/958 Loss: 1.703312
2026-08-15 22:38: Train Epoch 24: 580/958 Loss: 1.680544
2026-08-15 22:38: Train Epoch 24: 600/958 Loss: 1.651475
2026-08-15 22:38: Train Epoch 24: 620/958 Loss: 1.606956
2026-08-15 22:38: Train Epoch 24: 640/958 Loss: 1.616002
2026-08-15 22:38: Train Epoch 24: 660/958 Loss: 1.709567
2026-08-15 22:38: Train Epoch 24: 680/958 Loss: 1.674114
2026-08-15 22:38: Train Epoch 24: 700/958 Loss: 1.660011
2026-08-15 22:38: Train Epoch 24: 720/958 Loss: 1.663608
2026-08-15 22:38: Train Epoch 24: 740/958 Loss: 1.622812
2026-08-15 22:38: Train Epoch 24: 760/958 Loss: 1.672791
2026-08-15 22:38: Train Epoch 24: 780/958 Loss: 1.708592
2026-08-15 22:39: Train Epoch 24: 800/958 Loss: 1.699319
2026-08-15 22:39: Train Epoch 24: 820/958 Loss: 1.665380
2026-08-15 22:39: Train Epoch 24: 840/958 Loss: 1.735534
2026-08-15 22:39: Train Epoch 24: 860/958 Loss: 1.731845
2026-08-15 22:39: Train Epoch 24: 880/958 Loss: 1.673854
2026-08-15 22:39: Train Epoch 24: 900/958 Loss: 1.699262
2026-08-15 22:39: Train Epoch 24: 920/958 Loss: 1.683180
2026-08-15 22:39: Train Epoch 24: 940/958 Loss: 1.695393
2026-08-15 22:39: **********Train Epoch 24: averaged Loss: 1.693036, tf_ratio: 0.019946
2026-08-15 22:39: **********Val Epoch 24: average Loss: 1.883060
2026-08-15 22:39: Train Epoch 25: 0/958 Loss: 1.634083
2026-08-15 22:39: Train Epoch 25: 20/958 Loss: 1.652860
2026-08-15 22:39: Train Epoch 25: 40/958 Loss: 1.738911
2026-08-15 22:39: Train Epoch 25: 60/958 Loss: 1.655003
2026-08-15 22:39: Train Epoch 25: 80/958 Loss: 1.715147
2026-08-15 22:39: Train Epoch 25: 100/958 Loss: 1.656157
2026-08-15 22:39: Train Epoch 25: 120/958 Loss: 1.592879
2026-08-15 22:39: Train Epoch 25: 140/958 Loss: 1.692903
2026-08-15 22:39: Train Epoch 25: 160/958 Loss: 1.662458
2026-08-15 22:39: Train Epoch 25: 180/958 Loss: 1.764463
2026-08-15 22:39: Train Epoch 25: 200/958 Loss: 1.647551
2026-08-15 22:39: Train Epoch 25: 220/958 Loss: 1.662968
2026-08-15 22:39: Train Epoch 25: 240/958 Loss: 1.683839
2026-08-15 22:39: Train Epoch 25: 260/958 Loss: 1.744336
2026-08-15 22:39: Train Epoch 25: 280/958 Loss: 1.667176
2026-08-15 22:39: Train Epoch 25: 300/958 Loss: 1.792558
2026-08-15 22:39: Train Epoch 25: 320/958 Loss: 1.688738
2026-08-15 22:39: Train Epoch 25: 340/958 Loss: 1.612574
2026-08-15 22:39: Train Epoch 25: 360/958 Loss: 1.666268
2026-08-15 22:39: Train Epoch 25: 380/958 Loss: 1.729440
2026-08-15 22:39: Train Epoch 25: 400/958 Loss: 1.680853
2026-08-15 22:39: Train Epoch 25: 420/958 Loss: 1.702678
2026-08-15 22:39: Train Epoch 25: 440/958 Loss: 1.636803
2026-08-15 22:39: Train Epoch 25: 460/958 Loss: 1.629622
2026-08-15 22:39: Train Epoch 25: 480/958 Loss: 1.664410
2026-08-15 22:39: Train Epoch 25: 500/958 Loss: 1.633299
2026-08-15 22:39: Train Epoch 25: 520/958 Loss: 1.706582
2026-08-15 22:39: Train Epoch 25: 540/958 Loss: 1.694005
2026-08-15 22:39: Train Epoch 25: 560/958 Loss: 1.622588
2026-08-15 22:39: Train Epoch 25: 580/958 Loss: 1.671233
2026-08-15 22:40: Train Epoch 25: 600/958 Loss: 1.787752
2026-08-15 22:40: Train Epoch 25: 620/958 Loss: 1.719823
2026-08-15 22:40: Train Epoch 25: 640/958 Loss: 1.725278
2026-08-15 22:40: Train Epoch 25: 660/958 Loss: 1.754381
2026-08-15 22:40: Train Epoch 25: 680/958 Loss: 1.780761
2026-08-15 22:40: Train Epoch 25: 700/958 Loss: 1.702743
2026-08-15 22:40: Train Epoch 25: 720/958 Loss: 1.685850
2026-08-15 22:40: Train Epoch 25: 740/958 Loss: 1.641326
2026-08-15 22:40: Train Epoch 25: 760/958 Loss: 1.668157
2026-08-15 22:40: Train Epoch 25: 780/958 Loss: 1.628204
2026-08-15 22:40: Train Epoch 25: 800/958 Loss: 1.654652
2026-08-15 22:40: Train Epoch 25: 820/958 Loss: 1.690960
2026-08-15 22:40: Train Epoch 25: 840/958 Loss: 1.777218
2026-08-15 22:40: Train Epoch 25: 860/958 Loss: 1.644855
2026-08-15 22:40: Train Epoch 25: 880/958 Loss: 1.709873
2026-08-15 22:40: Train Epoch 25: 900/958 Loss: 1.631277
2026-08-15 22:40: Train Epoch 25: 920/958 Loss: 1.715828
2026-08-15 22:40: Train Epoch 25: 940/958 Loss: 1.697392
2026-08-15 22:40: **********Train Epoch 25: averaged Loss: 1.690989, tf_ratio: 0.012449
2026-08-15 22:40: **********Val Epoch 25: average Loss: 1.876330
2026-08-15 22:40: Train Epoch 26: 0/958 Loss: 1.707255
2026-08-15 22:40: Train Epoch 26: 20/958 Loss: 1.735197
2026-08-15 22:40: Train Epoch 26: 40/958 Loss: 1.648779
2026-08-15 22:40: Train Epoch 26: 60/958 Loss: 1.742581
2026-08-15 22:40: Train Epoch 26: 80/958 Loss: 1.643817
2026-08-15 22:40: Train Epoch 26: 100/958 Loss: 1.692609
2026-08-15 22:40: Train Epoch 26: 120/958 Loss: 1.694220
2026-08-15 22:40: Train Epoch 26: 140/958 Loss: 1.691529
2026-08-15 22:40: Train Epoch 26: 160/958 Loss: 1.743242
2026-08-15 22:40: Train Epoch 26: 180/958 Loss: 1.693696
2026-08-15 22:40: Train Epoch 26: 200/958 Loss: 1.673427
2026-08-15 22:40: Train Epoch 26: 220/958 Loss: 1.660427
2026-08-15 22:40: Train Epoch 26: 240/958 Loss: 1.668094
2026-08-15 22:40: Train Epoch 26: 260/958 Loss: 1.667525
2026-08-15 22:40: Train Epoch 26: 280/958 Loss: 1.684370
2026-08-15 22:40: Train Epoch 26: 300/958 Loss: 1.748816
2026-08-15 22:40: Train Epoch 26: 320/958 Loss: 1.645773
2026-08-15 22:40: Train Epoch 26: 340/958 Loss: 1.726724
2026-08-15 22:40: Train Epoch 26: 360/958 Loss: 1.695042
2026-08-15 22:41: Train Epoch 26: 380/958 Loss: 1.690978
2026-08-15 22:41: Train Epoch 26: 400/958 Loss: 1.590458
2026-08-15 22:41: Train Epoch 26: 420/958 Loss: 1.667209
2026-08-15 22:41: Train Epoch 26: 440/958 Loss: 1.729972
2026-08-15 22:41: Train Epoch 26: 460/958 Loss: 1.683503
2026-08-15 22:41: Train Epoch 26: 480/958 Loss: 1.688996
2026-08-15 22:41: Train Epoch 26: 500/958 Loss: 1.620115
2026-08-15 22:41: Train Epoch 26: 520/958 Loss: 1.668204
2026-08-15 22:41: Train Epoch 26: 540/958 Loss: 1.695933
2026-08-15 22:41: Train Epoch 26: 560/958 Loss: 1.681332
2026-08-15 22:41: Train Epoch 26: 580/958 Loss: 1.596477
2026-08-15 22:41: Train Epoch 26: 600/958 Loss: 1.611639
2026-08-15 22:41: Train Epoch 26: 620/958 Loss: 1.594909
2026-08-15 22:41: Train Epoch 26: 640/958 Loss: 1.696926
2026-08-15 22:41: Train Epoch 26: 660/958 Loss: 1.688862
2026-08-15 22:41: Train Epoch 26: 680/958 Loss: 1.648744
2026-08-15 22:41: Train Epoch 26: 700/958 Loss: 1.687788
2026-08-15 22:41: Train Epoch 26: 720/958 Loss: 1.716963
2026-08-15 22:41: Train Epoch 26: 740/958 Loss: 1.583462
2026-08-15 22:41: Train Epoch 26: 760/958 Loss: 1.649134
2026-08-15 22:41: Train Epoch 26: 780/958 Loss: 1.631104
2026-08-15 22:41: Train Epoch 26: 800/958 Loss: 1.744111
2026-08-15 22:41: Train Epoch 26: 820/958 Loss: 1.673465
2026-08-15 22:41: Train Epoch 26: 840/958 Loss: 1.729106
2026-08-15 22:41: Train Epoch 26: 860/958 Loss: 1.700108
2026-08-15 22:41: Train Epoch 26: 880/958 Loss: 1.602707
2026-08-15 22:41: Train Epoch 26: 900/958 Loss: 1.734992
2026-08-15 22:41: Train Epoch 26: 920/958 Loss: 1.726711
2026-08-15 22:41: Train Epoch 26: 940/958 Loss: 1.677325
2026-08-15 22:41: **********Train Epoch 26: averaged Loss: 1.688098, tf_ratio: 0.007748
2026-08-15 22:41: **********Val Epoch 26: average Loss: 1.876139
2026-08-15 22:41: Train Epoch 27: 0/958 Loss: 1.753069
2026-08-15 22:41: Train Epoch 27: 20/958 Loss: 1.708103
2026-08-15 22:41: Train Epoch 27: 40/958 Loss: 1.682476
2026-08-15 22:41: Train Epoch 27: 60/958 Loss: 1.633136
2026-08-15 22:41: Train Epoch 27: 80/958 Loss: 1.722129
2026-08-15 22:41: Train Epoch 27: 100/958 Loss: 1.585416
2026-08-15 22:41: Train Epoch 27: 120/958 Loss: 1.658679
2026-08-15 22:41: Train Epoch 27: 140/958 Loss: 1.580857
2026-08-15 22:41: Train Epoch 27: 160/958 Loss: 1.787281
2026-08-15 22:41: Train Epoch 27: 180/958 Loss: 1.674433
2026-08-15 22:42: Train Epoch 27: 200/958 Loss: 1.752379
2026-08-15 22:42: Train Epoch 27: 220/958 Loss: 1.681814
2026-08-15 22:42: Train Epoch 27: 240/958 Loss: 1.695761
2026-08-15 22:42: Train Epoch 27: 260/958 Loss: 1.704543
2026-08-15 22:42: Train Epoch 27: 280/958 Loss: 1.640001
2026-08-15 22:42: Train Epoch 27: 300/958 Loss: 1.702258
2026-08-15 22:42: Train Epoch 27: 320/958 Loss: 1.640077
2026-08-15 22:42: Train Epoch 27: 340/958 Loss: 1.744602
2026-08-15 22:42: Train Epoch 27: 360/958 Loss: 1.654489
2026-08-15 22:42: Train Epoch 27: 380/958 Loss: 1.670100
2026-08-15 22:42: Train Epoch 27: 400/958 Loss: 1.662804
2026-08-15 22:42: Train Epoch 27: 420/958 Loss: 1.703501
2026-08-15 22:42: Train Epoch 27: 440/958 Loss: 1.616182
2026-08-15 22:42: Train Epoch 27: 460/958 Loss: 1.683797
2026-08-15 22:42: Train Epoch 27: 480/958 Loss: 1.784167
2026-08-15 22:42: Train Epoch 27: 500/958 Loss: 1.657684
2026-08-15 22:42: Train Epoch 27: 520/958 Loss: 1.625009
2026-08-15 22:42: Train Epoch 27: 540/958 Loss: 1.720429
2026-08-15 22:42: Train Epoch 27: 560/958 Loss: 1.665222
2026-08-15 22:42: Train Epoch 27: 580/958 Loss: 1.668933
2026-08-15 22:42: Train Epoch 27: 600/958 Loss: 1.657333
2026-08-15 22:42: Train Epoch 27: 620/958 Loss: 1.798351
2026-08-15 22:42: Train Epoch 27: 640/958 Loss: 1.657495
2026-08-15 22:42: Train Epoch 27: 660/958 Loss: 1.678504
2026-08-15 22:42: Train Epoch 27: 680/958 Loss: 1.650748
2026-08-15 22:42: Train Epoch 27: 700/958 Loss: 1.655056
2026-08-15 22:42: Train Epoch 27: 720/958 Loss: 1.604669
2026-08-15 22:42: Train Epoch 27: 740/958 Loss: 1.642175
2026-08-15 22:42: Train Epoch 27: 760/958 Loss: 1.669765
2026-08-15 22:42: Train Epoch 27: 780/958 Loss: 1.696498
2026-08-15 22:42: Train Epoch 27: 800/958 Loss: 1.682178
2026-08-15 22:42: Train Epoch 27: 820/958 Loss: 1.675448
2026-08-15 22:42: Train Epoch 27: 840/958 Loss: 1.707947
2026-08-15 22:42: Train Epoch 27: 860/958 Loss: 1.653401
2026-08-15 22:42: Train Epoch 27: 880/958 Loss: 1.674747
2026-08-15 22:42: Train Epoch 27: 900/958 Loss: 1.754034
2026-08-15 22:42: Train Epoch 27: 920/958 Loss: 1.577539
2026-08-15 22:42: Train Epoch 27: 940/958 Loss: 1.689329
2026-08-15 22:42: **********Train Epoch 27: averaged Loss: 1.685419, tf_ratio: 0.004813
2026-08-15 22:42: **********Val Epoch 27: average Loss: 1.897864
2026-08-15 22:42: Train Epoch 28: 0/958 Loss: 1.687315
2026-08-15 22:43: Train Epoch 28: 20/958 Loss: 1.647112
2026-08-15 22:43: Train Epoch 28: 40/958 Loss: 1.684428
2026-08-15 22:43: Train Epoch 28: 60/958 Loss: 1.628888
2026-08-15 22:43: Train Epoch 28: 80/958 Loss: 1.797552
2026-08-15 22:43: Train Epoch 28: 100/958 Loss: 1.584839
2026-08-15 22:43: Train Epoch 28: 120/958 Loss: 1.708156
2026-08-15 22:43: Train Epoch 28: 140/958 Loss: 1.657062
2026-08-15 22:43: Train Epoch 28: 160/958 Loss: 1.593733
2026-08-15 22:43: Train Epoch 28: 180/958 Loss: 1.702956
2026-08-15 22:43: Train Epoch 28: 200/958 Loss: 1.676607
2026-08-15 22:43: Train Epoch 28: 220/958 Loss: 1.727218
2026-08-15 22:43: Train Epoch 28: 240/958 Loss: 1.686618
2026-08-15 22:43: Train Epoch 28: 260/958 Loss: 1.642850
2026-08-15 22:43: Train Epoch 28: 280/958 Loss: 1.710259
2026-08-15 22:43: Train Epoch 28: 300/958 Loss: 1.641557
2026-08-15 22:43: Train Epoch 28: 320/958 Loss: 1.625902
2026-08-15 22:43: Train Epoch 28: 340/958 Loss: 1.762680
2026-08-15 22:43: Train Epoch 28: 360/958 Loss: 1.594007
2026-08-15 22:43: Train Epoch 28: 380/958 Loss: 1.721090
2026-08-15 22:43: Train Epoch 28: 400/958 Loss: 1.659588
2026-08-15 22:43: Train Epoch 28: 420/958 Loss: 1.643620
2026-08-15 22:43: Train Epoch 28: 440/958 Loss: 1.658412
2026-08-15 22:43: Train Epoch 28: 460/958 Loss: 1.713514
2026-08-15 22:43: Train Epoch 28: 480/958 Loss: 1.685364
2026-08-15 22:43: Train Epoch 28: 500/958 Loss: 1.735683
2026-08-15 22:43: Train Epoch 28: 520/958 Loss: 1.743506
2026-08-15 22:43: Train Epoch 28: 540/958 Loss: 1.676183
2026-08-15 22:43: Train Epoch 28: 560/958 Loss: 1.705501
2026-08-15 22:43: Train Epoch 28: 580/958 Loss: 1.647803
2026-08-15 22:43: Train Epoch 28: 600/958 Loss: 1.616870
2026-08-15 22:43: Train Epoch 28: 620/958 Loss: 1.679135
2026-08-15 22:43: Train Epoch 28: 640/958 Loss: 1.668872
2026-08-15 22:43: Train Epoch 28: 660/958 Loss: 1.672290
2026-08-15 22:43: Train Epoch 28: 680/958 Loss: 1.627758
2026-08-15 22:43: Train Epoch 28: 700/958 Loss: 1.652344
2026-08-15 22:43: Train Epoch 28: 720/958 Loss: 1.669667
2026-08-15 22:43: Train Epoch 28: 740/958 Loss: 1.691154
2026-08-15 22:43: Train Epoch 28: 760/958 Loss: 1.664908
2026-08-15 22:43: Train Epoch 28: 780/958 Loss: 1.670210
2026-08-15 22:43: Train Epoch 28: 800/958 Loss: 1.693968
2026-08-15 22:43: Train Epoch 28: 820/958 Loss: 1.732772
2026-08-15 22:44: Train Epoch 28: 840/958 Loss: 1.651392
2026-08-15 22:44: Train Epoch 28: 860/958 Loss: 1.676110
2026-08-15 22:44: Train Epoch 28: 880/958 Loss: 1.602838
2026-08-15 22:44: Train Epoch 28: 900/958 Loss: 1.659230
2026-08-15 22:44: Train Epoch 28: 920/958 Loss: 1.703268
2026-08-15 22:44: Train Epoch 28: 940/958 Loss: 1.762275
2026-08-15 22:44: **********Train Epoch 28: averaged Loss: 1.682577, tf_ratio: 0.002987
2026-08-15 22:44: **********Val Epoch 28: average Loss: 1.881683
2026-08-15 22:44: Train Epoch 29: 0/958 Loss: 1.663078
2026-08-15 22:44: Train Epoch 29: 20/958 Loss: 1.664273
2026-08-15 22:44: Train Epoch 29: 40/958 Loss: 1.668713
2026-08-15 22:44: Train Epoch 29: 60/958 Loss: 1.813574
2026-08-15 22:44: Train Epoch 29: 80/958 Loss: 1.732221
2026-08-15 22:44: Train Epoch 29: 100/958 Loss: 1.633631
2026-08-15 22:44: Train Epoch 29: 120/958 Loss: 1.668108
2026-08-15 22:44: Train Epoch 29: 140/958 Loss: 1.692063
2026-08-15 22:44: Train Epoch 29: 160/958 Loss: 1.685148
2026-08-15 22:44: Train Epoch 29: 180/958 Loss: 1.643994
2026-08-15 22:44: Train Epoch 29: 200/958 Loss: 1.668836
2026-08-15 22:44: Train Epoch 29: 220/958 Loss: 1.766216
2026-08-15 22:44: Train Epoch 29: 240/958 Loss: 1.701205
2026-08-15 22:44: Train Epoch 29: 260/958 Loss: 1.626550
2026-08-15 22:44: Train Epoch 29: 280/958 Loss: 1.692270
2026-08-15 22:44: Train Epoch 29: 300/958 Loss: 1.659559
2026-08-15 22:44: Train Epoch 29: 320/958 Loss: 1.691089
2026-08-15 22:44: Train Epoch 29: 340/958 Loss: 1.632679
2026-08-15 22:44: Train Epoch 29: 360/958 Loss: 1.699642
2026-08-15 22:44: Train Epoch 29: 380/958 Loss: 1.731744
2026-08-15 22:44: Train Epoch 29: 400/958 Loss: 1.726796
2026-08-15 22:44: Train Epoch 29: 420/958 Loss: 1.786442
2026-08-15 22:44: Train Epoch 29: 440/958 Loss: 1.750778
2026-08-15 22:44: Train Epoch 29: 460/958 Loss: 1.730380
2026-08-15 22:44: Train Epoch 29: 480/958 Loss: 1.735443
2026-08-15 22:44: Train Epoch 29: 500/958 Loss: 1.678571
2026-08-15 22:44: Train Epoch 29: 520/958 Loss: 1.702681
2026-08-15 22:44: Train Epoch 29: 540/958 Loss: 1.632108
2026-08-15 22:44: Train Epoch 29: 560/958 Loss: 1.648398
2026-08-15 22:44: Train Epoch 29: 580/958 Loss: 1.582341
2026-08-15 22:44: Train Epoch 29: 600/958 Loss: 1.808987
2026-08-15 22:44: Train Epoch 29: 620/958 Loss: 1.638944
2026-08-15 22:44: Train Epoch 29: 640/958 Loss: 1.714085
2026-08-15 22:45: Train Epoch 29: 660/958 Loss: 1.660425
2026-08-15 22:45: Train Epoch 29: 680/958 Loss: 1.648052
2026-08-15 22:45: Train Epoch 29: 700/958 Loss: 1.751521
2026-08-15 22:45: Train Epoch 29: 720/958 Loss: 1.680666
2026-08-15 22:45: Train Epoch 29: 740/958 Loss: 1.709504
2026-08-15 22:45: Train Epoch 29: 760/958 Loss: 1.623330
2026-08-15 22:45: Train Epoch 29: 780/958 Loss: 1.715659
2026-08-15 22:45: Train Epoch 29: 800/958 Loss: 1.647312
2026-08-15 22:45: Train Epoch 29: 820/958 Loss: 1.577463
2026-08-15 22:45: Train Epoch 29: 840/958 Loss: 1.657212
2026-08-15 22:45: Train Epoch 29: 860/958 Loss: 1.652949
2026-08-15 22:45: Train Epoch 29: 880/958 Loss: 1.633925
2026-08-15 22:45: Train Epoch 29: 900/958 Loss: 1.656186
2026-08-15 22:45: Train Epoch 29: 920/958 Loss: 1.614061
2026-08-15 22:45: Train Epoch 29: 940/958 Loss: 1.686938
2026-08-15 22:45: **********Train Epoch 29: averaged Loss: 1.680585, tf_ratio: 0.001852
2026-08-15 22:45: **********Val Epoch 29: average Loss: 1.875528
2026-08-15 22:45: Train Epoch 30: 0/958 Loss: 1.745631
2026-08-15 22:45: Train Epoch 30: 20/958 Loss: 1.767166
2026-08-15 22:45: Train Epoch 30: 40/958 Loss: 1.708646
2026-08-15 22:45: Train Epoch 30: 60/958 Loss: 1.745579
2026-08-15 22:45: Train Epoch 30: 80/958 Loss: 1.731009
2026-08-15 22:45: Train Epoch 30: 100/958 Loss: 1.737640
2026-08-15 22:45: Train Epoch 30: 120/958 Loss: 1.722303
2026-08-15 22:45: Train Epoch 30: 140/958 Loss: 1.551086
2026-08-15 22:45: Train Epoch 30: 160/958 Loss: 1.730432
2026-08-15 22:45: Train Epoch 30: 180/958 Loss: 1.684459
2026-08-15 22:45: Train Epoch 30: 200/958 Loss: 1.701274
2026-08-15 22:45: Train Epoch 30: 220/958 Loss: 1.564293
2026-08-15 22:45: Train Epoch 30: 240/958 Loss: 1.604373
2026-08-15 22:45: Train Epoch 30: 260/958 Loss: 1.662649
2026-08-15 22:45: Train Epoch 30: 280/958 Loss: 1.634201
2026-08-15 22:45: Train Epoch 30: 300/958 Loss: 1.740213
2026-08-15 22:45: Train Epoch 30: 320/958 Loss: 1.662626
2026-08-15 22:45: Train Epoch 30: 340/958 Loss: 1.721026
2026-08-15 22:45: Train Epoch 30: 360/958 Loss: 1.659035
2026-08-15 22:45: Train Epoch 30: 380/958 Loss: 1.595251
2026-08-15 22:45: Train Epoch 30: 400/958 Loss: 1.722650
2026-08-15 22:45: Train Epoch 30: 420/958 Loss: 1.636729
2026-08-15 22:45: Train Epoch 30: 440/958 Loss: 1.670717
2026-08-15 22:45: Train Epoch 30: 460/958 Loss: 1.668397
2026-08-15 22:46: Train Epoch 30: 480/958 Loss: 1.652576
2026-08-15 22:46: Train Epoch 30: 500/958 Loss: 1.698748
2026-08-15 22:46: Train Epoch 30: 520/958 Loss: 1.633385
2026-08-15 22:46: Train Epoch 30: 540/958 Loss: 1.693864
2026-08-15 22:46: Train Epoch 30: 560/958 Loss: 1.666855
2026-08-15 22:46: Train Epoch 30: 580/958 Loss: 1.691821
2026-08-15 22:46: Train Epoch 30: 600/958 Loss: 1.745093
2026-08-15 22:46: Train Epoch 30: 620/958 Loss: 1.708629
2026-08-15 22:46: Train Epoch 30: 640/958 Loss: 1.703199
2026-08-15 22:46: Train Epoch 30: 660/958 Loss: 1.655066
2026-08-15 22:46: Train Epoch 30: 680/958 Loss: 1.685122
2026-08-15 22:46: Train Epoch 30: 700/958 Loss: 1.642736
2026-08-15 22:46: Train Epoch 30: 720/958 Loss: 1.743423
2026-08-15 22:46: Train Epoch 30: 740/958 Loss: 1.682405
2026-08-15 22:46: Train Epoch 30: 760/958 Loss: 1.728801
2026-08-15 22:46: Train Epoch 30: 780/958 Loss: 1.683806
2026-08-15 22:46: Train Epoch 30: 800/958 Loss: 1.780399
2026-08-15 22:46: Train Epoch 30: 820/958 Loss: 1.639958
2026-08-15 22:46: Train Epoch 30: 840/958 Loss: 1.690213
2026-08-15 22:46: Train Epoch 30: 860/958 Loss: 1.693347
2026-08-15 22:46: Train Epoch 30: 880/958 Loss: 1.678018
2026-08-15 22:46: Train Epoch 30: 900/958 Loss: 1.721741
2026-08-15 22:46: Train Epoch 30: 920/958 Loss: 1.637575
2026-08-15 22:46: Train Epoch 30: 940/958 Loss: 1.657358
2026-08-15 22:46: **********Train Epoch 30: averaged Loss: 1.678888, tf_ratio: 0.001148
2026-08-15 22:46: **********Val Epoch 30: average Loss: 1.886314
2026-08-15 22:46: Train Epoch 31: 0/958 Loss: 1.722806
2026-08-15 22:46: Train Epoch 31: 20/958 Loss: 1.614560
2026-08-15 22:46: Train Epoch 31: 40/958 Loss: 1.758301
2026-08-15 22:46: Train Epoch 31: 60/958 Loss: 1.657368
2026-08-15 22:46: Train Epoch 31: 80/958 Loss: 1.642167
2026-08-15 22:46: Train Epoch 31: 100/958 Loss: 1.637076
2026-08-15 22:46: Train Epoch 31: 120/958 Loss: 1.727699
2026-08-15 22:46: Train Epoch 31: 140/958 Loss: 1.619986
2026-08-15 22:46: Train Epoch 31: 160/958 Loss: 1.664133
2026-08-15 22:46: Train Epoch 31: 180/958 Loss: 1.707756
2026-08-15 22:46: Train Epoch 31: 200/958 Loss: 1.657541
2026-08-15 22:46: Train Epoch 31: 220/958 Loss: 1.723379
2026-08-15 22:46: Train Epoch 31: 240/958 Loss: 1.654902
2026-08-15 22:46: Train Epoch 31: 260/958 Loss: 1.579437
2026-08-15 22:46: Train Epoch 31: 280/958 Loss: 1.685574
2026-08-15 22:47: Train Epoch 31: 300/958 Loss: 1.693631
2026-08-15 22:47: Train Epoch 31: 320/958 Loss: 1.714011
2026-08-15 22:47: Train Epoch 31: 340/958 Loss: 1.695553
2026-08-15 22:47: Train Epoch 31: 360/958 Loss: 1.653870
2026-08-15 22:47: Train Epoch 31: 380/958 Loss: 1.680164
2026-08-15 22:47: Train Epoch 31: 400/958 Loss: 1.617879
2026-08-15 22:47: Train Epoch 31: 420/958 Loss: 1.724668
2026-08-15 22:47: Train Epoch 31: 440/958 Loss: 1.604863
2026-08-15 22:47: Train Epoch 31: 460/958 Loss: 1.709666
2026-08-15 22:47: Train Epoch 31: 480/958 Loss: 1.685606
2026-08-15 22:47: Train Epoch 31: 500/958 Loss: 1.669815
2026-08-15 22:47: Train Epoch 31: 520/958 Loss: 1.727643
2026-08-15 22:47: Train Epoch 31: 540/958 Loss: 1.718899
2026-08-15 22:47: Train Epoch 31: 560/958 Loss: 1.742649
2026-08-15 22:47: Train Epoch 31: 580/958 Loss: 1.593536
2026-08-15 22:47: Train Epoch 31: 600/958 Loss: 1.707143
2026-08-15 22:47: Train Epoch 31: 620/958 Loss: 1.640726
2026-08-15 22:47: Train Epoch 31: 640/958 Loss: 1.636045
2026-08-15 22:47: Train Epoch 31: 660/958 Loss: 1.737872
2026-08-15 22:47: Train Epoch 31: 680/958 Loss: 1.732471
2026-08-15 22:47: Train Epoch 31: 700/958 Loss: 1.654220
2026-08-15 22:47: Train Epoch 31: 720/958 Loss: 1.627934
2026-08-15 22:47: Train Epoch 31: 740/958 Loss: 1.650717
2026-08-15 22:47: Train Epoch 31: 760/958 Loss: 1.636854
2026-08-15 22:47: Train Epoch 31: 780/958 Loss: 1.649655
2026-08-15 22:47: Train Epoch 31: 800/958 Loss: 1.625851
2026-08-15 22:47: Train Epoch 31: 820/958 Loss: 1.673614
2026-08-15 22:47: Train Epoch 31: 840/958 Loss: 1.623033
2026-08-15 22:47: Train Epoch 31: 860/958 Loss: 1.650955
2026-08-15 22:47: Train Epoch 31: 880/958 Loss: 1.702854
2026-08-15 22:47: Train Epoch 31: 900/958 Loss: 1.795211
2026-08-15 22:47: Train Epoch 31: 920/958 Loss: 1.665076
2026-08-15 22:47: Train Epoch 31: 940/958 Loss: 1.680397
2026-08-15 22:47: **********Train Epoch 31: averaged Loss: 1.675780, tf_ratio: 0.000711
2026-08-15 22:47: **********Val Epoch 31: average Loss: 1.871814
2026-08-15 22:47: Train Epoch 32: 0/958 Loss: 1.656382
2026-08-15 22:47: Train Epoch 32: 20/958 Loss: 1.689447
2026-08-15 22:47: Train Epoch 32: 40/958 Loss: 1.633408
2026-08-15 22:47: Train Epoch 32: 60/958 Loss: 1.669904
2026-08-15 22:47: Train Epoch 32: 80/958 Loss: 1.634129
2026-08-15 22:47: Train Epoch 32: 100/958 Loss: 1.564113
2026-08-15 22:47: Train Epoch 32: 120/958 Loss: 1.677828
2026-08-15 22:48: Train Epoch 32: 140/958 Loss: 1.636724
2026-08-15 22:48: Train Epoch 32: 160/958 Loss: 1.617766
2026-08-15 22:48: Train Epoch 32: 180/958 Loss: 1.699323
2026-08-15 22:48: Train Epoch 32: 200/958 Loss: 1.686159
2026-08-15 22:48: Train Epoch 32: 220/958 Loss: 1.734226
2026-08-15 22:48: Train Epoch 32: 240/958 Loss: 1.671154
2026-08-15 22:48: Train Epoch 32: 260/958 Loss: 1.632515
2026-08-15 22:48: Train Epoch 32: 280/958 Loss: 1.658270
2026-08-15 22:48: Train Epoch 32: 300/958 Loss: 1.768068
2026-08-15 22:48: Train Epoch 32: 320/958 Loss: 1.635666
2026-08-15 22:48: Train Epoch 32: 340/958 Loss: 1.731002
2026-08-15 22:48: Train Epoch 32: 360/958 Loss: 1.699193
2026-08-15 22:48: Train Epoch 32: 380/958 Loss: 1.721133
2026-08-15 22:48: Train Epoch 32: 400/958 Loss: 1.687150
2026-08-15 22:48: Train Epoch 32: 420/958 Loss: 1.658286
2026-08-15 22:48: Train Epoch 32: 440/958 Loss: 1.730455
2026-08-15 22:48: Train Epoch 32: 460/958 Loss: 1.646969
2026-08-15 22:48: Train Epoch 32: 480/958 Loss: 1.830120
2026-08-15 22:48: Train Epoch 32: 500/958 Loss: 1.650296
2026-08-15 22:48: Train Epoch 32: 520/958 Loss: 1.715785
2026-08-15 22:48: Train Epoch 32: 540/958 Loss: 1.705956
2026-08-15 22:48: Train Epoch 32: 560/958 Loss: 1.703766
2026-08-15 22:48: Train Epoch 32: 580/958 Loss: 1.712728
2026-08-15 22:48: Train Epoch 32: 600/958 Loss: 1.726254
2026-08-15 22:48: Train Epoch 32: 620/958 Loss: 1.585621
2026-08-15 22:48: Train Epoch 32: 640/958 Loss: 1.677044
2026-08-15 22:48: Train Epoch 32: 660/958 Loss: 1.623608
2026-08-15 22:48: Train Epoch 32: 680/958 Loss: 1.738607
2026-08-15 22:48: Train Epoch 32: 700/958 Loss: 1.739878
2026-08-15 22:48: Train Epoch 32: 720/958 Loss: 1.596434
2026-08-15 22:48: Train Epoch 32: 740/958 Loss: 1.640434
2026-08-15 22:48: Train Epoch 32: 760/958 Loss: 1.661083
2026-08-15 22:48: Train Epoch 32: 780/958 Loss: 1.783787
2026-08-15 22:48: Train Epoch 32: 800/958 Loss: 1.695638
2026-08-15 22:48: Train Epoch 32: 820/958 Loss: 1.631214
2026-08-15 22:48: Train Epoch 32: 840/958 Loss: 1.652093
2026-08-15 22:48: Train Epoch 32: 860/958 Loss: 1.700382
2026-08-15 22:48: Train Epoch 32: 880/958 Loss: 1.690011
2026-08-15 22:48: Train Epoch 32: 900/958 Loss: 1.621293
2026-08-15 22:48: Train Epoch 32: 920/958 Loss: 1.717386
2026-08-15 22:48: Train Epoch 32: 940/958 Loss: 1.659156
2026-08-15 22:49: **********Train Epoch 32: averaged Loss: 1.673599, tf_ratio: 0.000441
2026-08-15 22:49: **********Val Epoch 32: average Loss: 1.878657
2026-08-15 22:49: Train Epoch 33: 0/958 Loss: 1.700751
2026-08-15 22:49: Train Epoch 33: 20/958 Loss: 1.590515
2026-08-15 22:49: Train Epoch 33: 40/958 Loss: 1.581609
2026-08-15 22:49: Train Epoch 33: 60/958 Loss: 1.718122
2026-08-15 22:49: Train Epoch 33: 80/958 Loss: 1.710262
2026-08-15 22:49: Train Epoch 33: 100/958 Loss: 1.644821
2026-08-15 22:49: Train Epoch 33: 120/958 Loss: 1.693308
2026-08-15 22:49: Train Epoch 33: 140/958 Loss: 1.735965
2026-08-15 22:49: Train Epoch 33: 160/958 Loss: 1.658986
2026-08-15 22:49: Train Epoch 33: 180/958 Loss: 1.708685
2026-08-15 22:49: Train Epoch 33: 200/958 Loss: 1.654833
2026-08-15 22:49: Train Epoch 33: 220/958 Loss: 1.735734
2026-08-15 22:49: Train Epoch 33: 240/958 Loss: 1.680506
2026-08-15 22:49: Train Epoch 33: 260/958 Loss: 1.709265
2026-08-15 22:49: Train Epoch 33: 280/958 Loss: 1.639818
2026-08-15 22:49: Train Epoch 33: 300/958 Loss: 1.691696
2026-08-15 22:49: Train Epoch 33: 320/958 Loss: 1.624030
2026-08-15 22:49: Train Epoch 33: 340/958 Loss: 1.661430
2026-08-15 22:49: Train Epoch 33: 360/958 Loss: 1.700211
2026-08-15 22:49: Train Epoch 33: 380/958 Loss: 1.612465
2026-08-15 22:49: Train Epoch 33: 400/958 Loss: 1.675165
2026-08-15 22:49: Train Epoch 33: 420/958 Loss: 1.712220
2026-08-15 22:49: Train Epoch 33: 440/958 Loss: 1.660905
2026-08-15 22:49: Train Epoch 33: 460/958 Loss: 1.652029
2026-08-15 22:49: Train Epoch 33: 480/958 Loss: 1.705441
2026-08-15 22:49: Train Epoch 33: 500/958 Loss: 1.688646
2026-08-15 22:49: Train Epoch 33: 520/958 Loss: 1.732221
2026-08-15 22:49: Train Epoch 33: 540/958 Loss: 1.636355
2026-08-15 22:49: Train Epoch 33: 560/958 Loss: 1.659232
2026-08-15 22:49: Train Epoch 33: 580/958 Loss: 1.724878
2026-08-15 22:49: Train Epoch 33: 600/958 Loss: 1.548067
2026-08-15 22:49: Train Epoch 33: 620/958 Loss: 1.628362
2026-08-15 22:49: Train Epoch 33: 640/958 Loss: 1.683070
2026-08-15 22:49: Train Epoch 33: 660/958 Loss: 1.745112
2026-08-15 22:49: Train Epoch 33: 680/958 Loss: 1.681964
2026-08-15 22:49: Train Epoch 33: 700/958 Loss: 1.656590
2026-08-15 22:49: Train Epoch 33: 720/958 Loss: 1.708459
2026-08-15 22:49: Train Epoch 33: 740/958 Loss: 1.765955
2026-08-15 22:50: Train Epoch 33: 760/958 Loss: 1.769033
2026-08-15 22:50: Train Epoch 33: 780/958 Loss: 1.682966
2026-08-15 22:50: Train Epoch 33: 800/958 Loss: 1.613094
2026-08-15 22:50: Train Epoch 33: 820/958 Loss: 1.603771
2026-08-15 22:50: Train Epoch 33: 840/958 Loss: 1.658712
2026-08-15 22:50: Train Epoch 33: 860/958 Loss: 1.689368
2026-08-15 22:50: Train Epoch 33: 880/958 Loss: 1.714102
2026-08-15 22:50: Train Epoch 33: 900/958 Loss: 1.671275
2026-08-15 22:50: Train Epoch 33: 920/958 Loss: 1.606388
2026-08-15 22:50: Train Epoch 33: 940/958 Loss: 1.673290
2026-08-15 22:50: **********Train Epoch 33: averaged Loss: 1.671092, tf_ratio: 0.000273
2026-08-15 22:50: **********Val Epoch 33: average Loss: 1.875955
2026-08-15 22:50: Train Epoch 34: 0/958 Loss: 1.653308
2026-08-15 22:50: Train Epoch 34: 20/958 Loss: 1.704272
2026-08-15 22:50: Train Epoch 34: 40/958 Loss: 1.759633
2026-08-15 22:50: Train Epoch 34: 60/958 Loss: 1.585558
2026-08-15 22:50: Train Epoch 34: 80/958 Loss: 1.595992
2026-08-15 22:50: Train Epoch 34: 100/958 Loss: 1.685157
2026-08-15 22:50: Train Epoch 34: 120/958 Loss: 1.701658
2026-08-15 22:50: Train Epoch 34: 140/958 Loss: 1.705290
2026-08-15 22:50: Train Epoch 34: 160/958 Loss: 1.751894
2026-08-15 22:50: Train Epoch 34: 180/958 Loss: 1.565360
2026-08-15 22:50: Train Epoch 34: 200/958 Loss: 1.628851
2026-08-15 22:50: Train Epoch 34: 220/958 Loss: 1.737898
2026-08-15 22:50: Train Epoch 34: 240/958 Loss: 1.691287
2026-08-15 22:50: Train Epoch 34: 260/958 Loss: 1.634208
2026-08-15 22:50: Train Epoch 34: 280/958 Loss: 1.671869
2026-08-15 22:50: Train Epoch 34: 300/958 Loss: 1.648618
2026-08-15 22:50: Train Epoch 34: 320/958 Loss: 1.596906
2026-08-15 22:50: Train Epoch 34: 340/958 Loss: 1.618153
2026-08-15 22:50: Train Epoch 34: 360/958 Loss: 1.749284
2026-08-15 22:50: Train Epoch 34: 380/958 Loss: 1.648685
2026-08-15 22:50: Train Epoch 34: 400/958 Loss: 1.664668
2026-08-15 22:50: Train Epoch 34: 420/958 Loss: 1.605183
2026-08-15 22:50: Train Epoch 34: 440/958 Loss: 1.716957
2026-08-15 22:50: Train Epoch 34: 460/958 Loss: 1.582967
2026-08-15 22:50: Train Epoch 34: 480/958 Loss: 1.623094
2026-08-15 22:50: Train Epoch 34: 500/958 Loss: 1.668462
2026-08-15 22:50: Train Epoch 34: 520/958 Loss: 1.610158
2026-08-15 22:50: Train Epoch 34: 540/958 Loss: 1.705431
2026-08-15 22:50: Train Epoch 34: 560/958 Loss: 1.635739
2026-08-15 22:50: Train Epoch 34: 580/958 Loss: 1.654573
2026-08-15 22:51: Train Epoch 34: 600/958 Loss: 1.706492
2026-08-15 22:51: Train Epoch 34: 620/958 Loss: 1.702527
2026-08-15 22:51: Train Epoch 34: 640/958 Loss: 1.615323
2026-08-15 22:51: Train Epoch 34: 660/958 Loss: 1.729304
2026-08-15 22:51: Train Epoch 34: 680/958 Loss: 1.592541
2026-08-15 22:51: Train Epoch 34: 700/958 Loss: 1.681435
2026-08-15 22:51: Train Epoch 34: 720/958 Loss: 1.622804
2026-08-15 22:51: Train Epoch 34: 740/958 Loss: 1.629688
2026-08-15 22:51: Train Epoch 34: 760/958 Loss: 1.669204
2026-08-15 22:51: Train Epoch 34: 780/958 Loss: 1.635994
2026-08-15 22:51: Train Epoch 34: 800/958 Loss: 1.629780
2026-08-15 22:51: Train Epoch 34: 820/958 Loss: 1.744213
2026-08-15 22:51: Train Epoch 34: 840/958 Loss: 1.656203
2026-08-15 22:51: Train Epoch 34: 860/958 Loss: 1.672161
2026-08-15 22:51: Train Epoch 34: 880/958 Loss: 1.650519
2026-08-15 22:51: Train Epoch 34: 900/958 Loss: 1.626039
2026-08-15 22:51: Train Epoch 34: 920/958 Loss: 1.696135
2026-08-15 22:51: Train Epoch 34: 940/958 Loss: 1.787536
2026-08-15 22:51: **********Train Epoch 34: averaged Loss: 1.668538, tf_ratio: 0.000169
2026-08-15 22:51: **********Val Epoch 34: average Loss: 1.882438
2026-08-15 22:51: Train Epoch 35: 0/958 Loss: 1.627496
2026-08-15 22:51: Train Epoch 35: 20/958 Loss: 1.581430
2026-08-15 22:51: Train Epoch 35: 40/958 Loss: 1.665811
2026-08-15 22:51: Train Epoch 35: 60/958 Loss: 1.637825
2026-08-15 22:51: Train Epoch 35: 80/958 Loss: 1.769275
2026-08-15 22:51: Train Epoch 35: 100/958 Loss: 1.640749
2026-08-15 22:51: Train Epoch 35: 120/958 Loss: 1.692441
2026-08-15 22:51: Train Epoch 35: 140/958 Loss: 1.665262
2026-08-15 22:51: Train Epoch 35: 160/958 Loss: 1.697672
2026-08-15 22:51: Train Epoch 35: 180/958 Loss: 1.683749
2026-08-15 22:51: Train Epoch 35: 200/958 Loss: 1.642562
2026-08-15 22:51: Train Epoch 35: 220/958 Loss: 1.690880
2026-08-15 22:51: Train Epoch 35: 240/958 Loss: 1.626499
2026-08-15 22:51: Train Epoch 35: 260/958 Loss: 1.655145
2026-08-15 22:51: Train Epoch 35: 280/958 Loss: 1.637420
2026-08-15 22:51: Train Epoch 35: 300/958 Loss: 1.664793
2026-08-15 22:51: Train Epoch 35: 320/958 Loss: 1.588913
2026-08-15 22:51: Train Epoch 35: 340/958 Loss: 1.661577
2026-08-15 22:51: Train Epoch 35: 360/958 Loss: 1.706825
2026-08-15 22:51: Train Epoch 35: 380/958 Loss: 1.643209
2026-08-15 22:51: Train Epoch 35: 400/958 Loss: 1.773371
2026-08-15 22:52: Train Epoch 35: 420/958 Loss: 1.592169
2026-08-15 22:52: Train Epoch 35: 440/958 Loss: 1.689254
2026-08-15 22:52: Train Epoch 35: 460/958 Loss: 1.630170
2026-08-15 22:52: Train Epoch 35: 480/958 Loss: 1.660646
2026-08-15 22:52: Train Epoch 35: 500/958 Loss: 1.667397
2026-08-15 22:52: Train Epoch 35: 520/958 Loss: 1.671321
2026-08-15 22:52: Train Epoch 35: 540/958 Loss: 1.618028
2026-08-15 22:52: Train Epoch 35: 560/958 Loss: 1.683294
2026-08-15 22:52: Train Epoch 35: 580/958 Loss: 1.584911
2026-08-15 22:52: Train Epoch 35: 600/958 Loss: 1.642798
2026-08-15 22:52: Train Epoch 35: 620/958 Loss: 1.694146
2026-08-15 22:52: Train Epoch 35: 640/958 Loss: 1.618842
2026-08-15 22:52: Train Epoch 35: 660/958 Loss: 1.623830
2026-08-15 22:52: Train Epoch 35: 680/958 Loss: 1.695852
2026-08-15 22:52: Train Epoch 35: 700/958 Loss: 1.646451
2026-08-15 22:52: Train Epoch 35: 720/958 Loss: 1.655487
2026-08-15 22:52: Train Epoch 35: 740/958 Loss: 1.662708
2026-08-15 22:52: Train Epoch 35: 760/958 Loss: 1.679996
2026-08-15 22:52: Train Epoch 35: 780/958 Loss: 1.749681
2026-08-15 22:52: Train Epoch 35: 800/958 Loss: 1.590819
2026-08-15 22:52: Train Epoch 35: 820/958 Loss: 1.774673
2026-08-15 22:52: Train Epoch 35: 840/958 Loss: 1.632662
2026-08-15 22:52: Train Epoch 35: 860/958 Loss: 1.590356
2026-08-15 22:52: Train Epoch 35: 880/958 Loss: 1.682549
2026-08-15 22:52: Train Epoch 35: 900/958 Loss: 1.704071
2026-08-15 22:52: Train Epoch 35: 920/958 Loss: 1.641554
2026-08-15 22:52: Train Epoch 35: 940/958 Loss: 1.554015
2026-08-15 22:52: **********Train Epoch 35: averaged Loss: 1.667272, tf_ratio: 0.000105
2026-08-15 22:52: **********Val Epoch 35: average Loss: 1.884132
2026-08-15 22:52: Train Epoch 36: 0/958 Loss: 1.578817
2026-08-15 22:52: Train Epoch 36: 20/958 Loss: 1.666390
2026-08-15 22:52: Train Epoch 36: 40/958 Loss: 1.746775
2026-08-15 22:52: Train Epoch 36: 60/958 Loss: 1.693821
2026-08-15 22:52: Train Epoch 36: 80/958 Loss: 1.652525
2026-08-15 22:52: Train Epoch 36: 100/958 Loss: 1.686940
2026-08-15 22:52: Train Epoch 36: 120/958 Loss: 1.637836
2026-08-15 22:52: Train Epoch 36: 140/958 Loss: 1.634464
2026-08-15 22:52: Train Epoch 36: 160/958 Loss: 1.620987
2026-08-15 22:52: Train Epoch 36: 180/958 Loss: 1.604506
2026-08-15 22:52: Train Epoch 36: 200/958 Loss: 1.642707
2026-08-15 22:52: Train Epoch 36: 220/958 Loss: 1.642399
2026-08-15 22:52: Train Epoch 36: 240/958 Loss: 1.699651
2026-08-15 22:53: Train Epoch 36: 260/958 Loss: 1.667367
2026-08-15 22:53: Train Epoch 36: 280/958 Loss: 1.661070
2026-08-15 22:53: Train Epoch 36: 300/958 Loss: 1.639631
2026-08-15 22:53: Train Epoch 36: 320/958 Loss: 1.673697
2026-08-15 22:53: Train Epoch 36: 340/958 Loss: 1.598557
2026-08-15 22:53: Train Epoch 36: 360/958 Loss: 1.689302
2026-08-15 22:53: Train Epoch 36: 380/958 Loss: 1.664930
2026-08-15 22:53: Train Epoch 36: 400/958 Loss: 1.658586
2026-08-15 22:53: Train Epoch 36: 420/958 Loss: 1.743623
2026-08-15 22:53: Train Epoch 36: 440/958 Loss: 1.609390
2026-08-15 22:53: Train Epoch 36: 460/958 Loss: 1.679791
2026-08-15 22:53: Train Epoch 36: 480/958 Loss: 1.685316
2026-08-15 22:53: Train Epoch 36: 500/958 Loss: 1.637347
2026-08-15 22:53: Train Epoch 36: 520/958 Loss: 1.739280
2026-08-15 22:53: Train Epoch 36: 540/958 Loss: 1.655575
2026-08-15 22:53: Train Epoch 36: 560/958 Loss: 1.700134
2026-08-15 22:53: Train Epoch 36: 580/958 Loss: 1.725183
2026-08-15 22:53: Train Epoch 36: 600/958 Loss: 1.676072
2026-08-15 22:53: Train Epoch 36: 620/958 Loss: 1.623876
2026-08-15 22:53: Train Epoch 36: 640/958 Loss: 1.679931
2026-08-15 22:53: Train Epoch 36: 660/958 Loss: 1.608824
2026-08-15 22:53: Train Epoch 36: 680/958 Loss: 1.629673
2026-08-15 22:53: Train Epoch 36: 700/958 Loss: 1.617344
2026-08-15 22:53: Train Epoch 36: 720/958 Loss: 1.674311
2026-08-15 22:53: Train Epoch 36: 740/958 Loss: 1.562795
2026-08-15 22:53: Train Epoch 36: 760/958 Loss: 1.631868
2026-08-15 22:53: Train Epoch 36: 780/958 Loss: 1.626713
2026-08-15 22:53: Train Epoch 36: 800/958 Loss: 1.631575
2026-08-15 22:53: Train Epoch 36: 820/958 Loss: 1.688327
2026-08-15 22:53: Train Epoch 36: 840/958 Loss: 1.667712
2026-08-15 22:53: Train Epoch 36: 860/958 Loss: 1.682267
2026-08-15 22:53: Train Epoch 36: 880/958 Loss: 1.658378
2026-08-15 22:53: Train Epoch 36: 900/958 Loss: 1.707278
2026-08-15 22:53: Train Epoch 36: 920/958 Loss: 1.674746
2026-08-15 22:53: Train Epoch 36: 940/958 Loss: 1.665095
2026-08-15 22:53: **********Train Epoch 36: averaged Loss: 1.664935, tf_ratio: 0.000065
2026-08-15 22:53: **********Val Epoch 36: average Loss: 1.889816
2026-08-15 22:53: Validation performance didn't improve for 15 epochs. Training stops.
2026-08-15 22:53: Total training time: 44.0448min, best loss: 1.870935
2026-08-15 22:53: Saving current best model to /scratch/chkkar002/Diffusion_Based_STGNNs/AGCRN/model/experiments/SAWS/20260815220950/best_model.pth
2026-08-15 22:54: Horizon 01, MAE: 0.82, RMSE: 1.18, MAPE: 2363.6265%
2026-08-15 22:54: Horizon 02, MAE: 1.11, RMSE: 1.59, MAPE: 3991.4905%
2026-08-15 22:54: Horizon 03, MAE: 1.34, RMSE: 1.88, MAPE: 3125.7908%
2026-08-15 22:54: Horizon 04, MAE: 1.51, RMSE: 2.08, MAPE: 2906.1943%
2026-08-15 22:54: Horizon 05, MAE: 1.64, RMSE: 2.24, MAPE: 4112.0928%
2026-08-15 22:54: Horizon 06, MAE: 1.73, RMSE: 2.35, MAPE: 4051.0591%
2026-08-15 22:54: Horizon 07, MAE: 1.81, RMSE: 2.44, MAPE: 4852.7393%
2026-08-15 22:54: Horizon 08, MAE: 1.87, RMSE: 2.51, MAPE: 5997.8931%
2026-08-15 22:54: Horizon 09, MAE: 1.91, RMSE: 2.57, MAPE: 6472.8013%
2026-08-15 22:54: Horizon 10, MAE: 1.94, RMSE: 2.61, MAPE: 7180.0791%
2026-08-15 22:54: Horizon 11, MAE: 1.96, RMSE: 2.64, MAPE: 7452.4771%
2026-08-15 22:54: Horizon 12, MAE: 1.98, RMSE: 2.66, MAPE: 6758.0063%
2026-08-15 22:54: Horizon 13, MAE: 1.99, RMSE: 2.69, MAPE: 6791.6123%
2026-08-15 22:54: Horizon 14, MAE: 2.01, RMSE: 2.72, MAPE: 7012.3018%
2026-08-15 22:54: Horizon 15, MAE: 2.02, RMSE: 2.74, MAPE: 6720.0049%
2026-08-15 22:54: Horizon 16, MAE: 2.04, RMSE: 2.76, MAPE: 6896.2305%
2026-08-15 22:54: Horizon 17, MAE: 2.07, RMSE: 2.79, MAPE: 7314.9741%
2026-08-15 22:54: Horizon 18, MAE: 2.09, RMSE: 2.82, MAPE: 7883.5586%
2026-08-15 22:54: Horizon 19, MAE: 2.10, RMSE: 2.84, MAPE: 8265.1084%
2026-08-15 22:54: Horizon 20, MAE: 2.11, RMSE: 2.86, MAPE: 8077.4355%
2026-08-15 22:54: Horizon 21, MAE: 2.13, RMSE: 2.89, MAPE: 8432.9434%
2026-08-15 22:54: Horizon 22, MAE: 2.16, RMSE: 2.92, MAPE: 7351.1191%
2026-08-15 22:54: Horizon 23, MAE: 2.18, RMSE: 2.95, MAPE: 7110.9604%
2026-08-15 22:54: Horizon 24, MAE: 2.21, RMSE: 3.00, MAPE: 6821.9912%
2026-08-15 22:54: Average Horizon, MAE: 1.86, RMSE: 2.57, MAPE: 6164.2695%
