2026-08-21 21:36: Experiment log path in: /scratch/chkkar002/Diffusion_Based_STGNNs/RealValue/AGCRN/model/experiments/SAWS/20260821213631
2026-08-21 21:36: Train Epoch 1: 0/1641 Loss: 0.947019
2026-08-21 21:36: Train Epoch 1: 20/1641 Loss: 0.926692
2026-08-21 21:36: Train Epoch 1: 40/1641 Loss: 0.815182
2026-08-21 21:36: Train Epoch 1: 60/1641 Loss: 0.749054
2026-08-21 21:36: Train Epoch 1: 80/1641 Loss: 0.685278
2026-08-21 21:36: Train Epoch 1: 100/1641 Loss: 0.705479
2026-08-21 21:36: Train Epoch 1: 120/1641 Loss: 0.694987
2026-08-21 21:36: Train Epoch 1: 140/1641 Loss: 0.649081
2026-08-21 21:36: Train Epoch 1: 160/1641 Loss: 0.668861
2026-08-21 21:36: Train Epoch 1: 180/1641 Loss: 0.686579
2026-08-21 21:37: Train Epoch 1: 200/1641 Loss: 0.661113
2026-08-21 21:37: Train Epoch 1: 220/1641 Loss: 0.666815
2026-08-21 21:37: Train Epoch 1: 240/1641 Loss: 0.685996
2026-08-21 21:37: Train Epoch 1: 260/1641 Loss: 0.635578
2026-08-21 21:37: Train Epoch 1: 280/1641 Loss: 0.648798
2026-08-21 21:37: Train Epoch 1: 300/1641 Loss: 0.637342
2026-08-21 21:37: Train Epoch 1: 320/1641 Loss: 0.639746
2026-08-21 21:37: Train Epoch 1: 340/1641 Loss: 0.646250
2026-08-21 21:37: Train Epoch 1: 360/1641 Loss: 0.658926
2026-08-21 21:37: Train Epoch 1: 380/1641 Loss: 0.662233
2026-08-21 21:37: Train Epoch 1: 400/1641 Loss: 0.667081
2026-08-21 21:37: Train Epoch 1: 420/1641 Loss: 0.680320
2026-08-21 21:37: Train Epoch 1: 440/1641 Loss: 0.621589
2026-08-21 21:37: Train Epoch 1: 460/1641 Loss: 0.658244
2026-08-21 21:37: Train Epoch 1: 480/1641 Loss: 0.619011
2026-08-21 21:37: Train Epoch 1: 500/1641 Loss: 0.670401
2026-08-21 21:37: Train Epoch 1: 520/1641 Loss: 0.624988
2026-08-21 21:37: Train Epoch 1: 540/1641 Loss: 0.607274
2026-08-21 21:37: Train Epoch 1: 560/1641 Loss: 0.643802
2026-08-21 21:37: Train Epoch 1: 580/1641 Loss: 0.592300
2026-08-21 21:37: Train Epoch 1: 600/1641 Loss: 0.610037
2026-08-21 21:37: Train Epoch 1: 620/1641 Loss: 0.599158
2026-08-21 21:38: Train Epoch 1: 640/1641 Loss: 0.636886
2026-08-21 21:38: Train Epoch 1: 660/1641 Loss: 0.625270
2026-08-21 21:38: Train Epoch 1: 680/1641 Loss: 0.599306
2026-08-21 21:38: Train Epoch 1: 700/1641 Loss: 0.630601
2026-08-21 21:38: Train Epoch 1: 720/1641 Loss: 0.601873
2026-08-21 21:38: Train Epoch 1: 740/1641 Loss: 0.587150
2026-08-21 21:38: Train Epoch 1: 760/1641 Loss: 0.563501
2026-08-21 21:38: Train Epoch 1: 780/1641 Loss: 0.580636
2026-08-21 21:38: Train Epoch 1: 800/1641 Loss: 0.583602
2026-08-21 21:38: Train Epoch 1: 820/1641 Loss: 0.553675
2026-08-21 21:38: Train Epoch 1: 840/1641 Loss: 0.568728
2026-08-21 21:38: Train Epoch 1: 860/1641 Loss: 0.561750
2026-08-21 21:38: Train Epoch 1: 880/1641 Loss: 0.553453
2026-08-21 21:38: Train Epoch 1: 900/1641 Loss: 0.544519
2026-08-21 21:38: Train Epoch 1: 920/1641 Loss: 0.537257
2026-08-21 21:38: Train Epoch 1: 940/1641 Loss: 0.573464
2026-08-21 21:38: Train Epoch 1: 960/1641 Loss: 0.548523
2026-08-21 21:38: Train Epoch 1: 980/1641 Loss: 0.567065
2026-08-21 21:38: Train Epoch 1: 1000/1641 Loss: 0.550990
2026-08-21 21:38: Train Epoch 1: 1020/1641 Loss: 0.554702
2026-08-21 21:38: Train Epoch 1: 1040/1641 Loss: 0.554557
2026-08-21 21:38: Train Epoch 1: 1060/1641 Loss: 0.554708
2026-08-21 21:38: Train Epoch 1: 1080/1641 Loss: 0.575880
2026-08-21 21:39: Train Epoch 1: 1100/1641 Loss: 0.569310
2026-08-21 21:39: Train Epoch 1: 1120/1641 Loss: 0.549449
2026-08-21 21:39: Train Epoch 1: 1140/1641 Loss: 0.539925
2026-08-21 21:39: Train Epoch 1: 1160/1641 Loss: 0.550148
2026-08-21 21:39: Train Epoch 1: 1180/1641 Loss: 0.577762
2026-08-21 21:39: Train Epoch 1: 1200/1641 Loss: 0.561050
2026-08-21 21:39: Train Epoch 1: 1220/1641 Loss: 0.537294
2026-08-21 21:39: Train Epoch 1: 1240/1641 Loss: 0.569286
2026-08-21 21:39: Train Epoch 1: 1260/1641 Loss: 0.514702
2026-08-21 21:39: Train Epoch 1: 1280/1641 Loss: 0.537711
2026-08-21 21:39: Train Epoch 1: 1300/1641 Loss: 0.559768
2026-08-21 21:39: Train Epoch 1: 1320/1641 Loss: 0.558780
2026-08-21 21:39: Train Epoch 1: 1340/1641 Loss: 0.562141
2026-08-21 21:39: Train Epoch 1: 1360/1641 Loss: 0.518858
2026-08-21 21:39: Train Epoch 1: 1380/1641 Loss: 0.553484
2026-08-21 21:39: Train Epoch 1: 1400/1641 Loss: 0.514171
2026-08-21 21:39: Train Epoch 1: 1420/1641 Loss: 0.547855
2026-08-21 21:39: Train Epoch 1: 1440/1641 Loss: 0.535093
2026-08-21 21:39: Train Epoch 1: 1460/1641 Loss: 0.530154
2026-08-21 21:39: Train Epoch 1: 1480/1641 Loss: 0.573424
2026-08-21 21:39: Train Epoch 1: 1500/1641 Loss: 0.549810
2026-08-21 21:39: Train Epoch 1: 1520/1641 Loss: 0.560643
2026-08-21 21:40: Train Epoch 1: 1540/1641 Loss: 0.551895
2026-08-21 21:40: Train Epoch 1: 1560/1641 Loss: 0.556687
2026-08-21 21:40: Train Epoch 1: 1580/1641 Loss: 0.540511
2026-08-21 21:40: Train Epoch 1: 1600/1641 Loss: 0.525796
2026-08-21 21:40: Train Epoch 1: 1620/1641 Loss: 0.526655
2026-08-21 21:40: Train Epoch 1: 1640/1641 Loss: 0.525805
2026-08-21 21:40: **********Train Epoch 1: averaged Loss: 0.603515, tf_ratio: 1.000000
2026-08-21 21:40: **********Val Epoch 1: average Loss: 0.524287
2026-08-21 21:40: *********************************Current best model saved!
2026-08-21 21:40: Train Epoch 2: 0/1641 Loss: 0.566643
2026-08-21 21:40: Train Epoch 2: 20/1641 Loss: 0.541302
2026-08-21 21:40: Train Epoch 2: 40/1641 Loss: 0.500867
2026-08-21 21:40: Train Epoch 2: 60/1641 Loss: 0.538048
2026-08-21 21:40: Train Epoch 2: 80/1641 Loss: 0.549143
2026-08-21 21:40: Train Epoch 2: 100/1641 Loss: 0.557432
2026-08-21 21:40: Train Epoch 2: 120/1641 Loss: 0.524954
2026-08-21 21:40: Train Epoch 2: 140/1641 Loss: 0.528297
2026-08-21 21:40: Train Epoch 2: 160/1641 Loss: 0.561272
2026-08-21 21:41: Train Epoch 2: 180/1641 Loss: 0.544752
2026-08-21 21:41: Train Epoch 2: 200/1641 Loss: 0.497240
2026-08-21 21:41: Train Epoch 2: 220/1641 Loss: 0.535843
2026-08-21 21:41: Train Epoch 2: 240/1641 Loss: 0.515696
2026-08-21 21:41: Train Epoch 2: 260/1641 Loss: 0.523759
2026-08-21 21:41: Train Epoch 2: 280/1641 Loss: 0.526328
2026-08-21 21:41: Train Epoch 2: 300/1641 Loss: 0.547995
2026-08-21 21:41: Train Epoch 2: 320/1641 Loss: 0.560100
2026-08-21 21:41: Train Epoch 2: 340/1641 Loss: 0.524145
2026-08-21 21:41: Train Epoch 2: 360/1641 Loss: 0.556184
2026-08-21 21:41: Train Epoch 2: 380/1641 Loss: 0.533651
2026-08-21 21:41: Train Epoch 2: 400/1641 Loss: 0.555091
2026-08-21 21:41: Train Epoch 2: 420/1641 Loss: 0.507628
2026-08-21 21:41: Train Epoch 2: 440/1641 Loss: 0.517830
2026-08-21 21:41: Train Epoch 2: 460/1641 Loss: 0.601284
2026-08-21 21:41: Train Epoch 2: 480/1641 Loss: 0.536311
2026-08-21 21:41: Train Epoch 2: 500/1641 Loss: 0.507433
2026-08-21 21:41: Train Epoch 2: 520/1641 Loss: 0.535615
2026-08-21 21:41: Train Epoch 2: 540/1641 Loss: 0.542054
2026-08-21 21:41: Train Epoch 2: 560/1641 Loss: 0.561546
2026-08-21 21:41: Train Epoch 2: 580/1641 Loss: 0.576049
2026-08-21 21:41: Train Epoch 2: 600/1641 Loss: 0.541186
2026-08-21 21:42: Train Epoch 2: 620/1641 Loss: 0.560526
2026-08-21 21:42: Train Epoch 2: 640/1641 Loss: 0.522281
2026-08-21 21:42: Train Epoch 2: 660/1641 Loss: 0.517773
2026-08-21 21:42: Train Epoch 2: 680/1641 Loss: 0.542197
2026-08-21 21:42: Train Epoch 2: 700/1641 Loss: 0.538959
2026-08-21 21:42: Train Epoch 2: 720/1641 Loss: 0.521444
2026-08-21 21:42: Train Epoch 2: 740/1641 Loss: 0.494554
2026-08-21 21:42: Train Epoch 2: 760/1641 Loss: 0.559613
2026-08-21 21:42: Train Epoch 2: 780/1641 Loss: 0.578917
2026-08-21 21:42: Train Epoch 2: 800/1641 Loss: 0.500192
2026-08-21 21:42: Train Epoch 2: 820/1641 Loss: 0.598403
2026-08-21 21:42: Train Epoch 2: 840/1641 Loss: 0.504207
2026-08-21 21:42: Train Epoch 2: 860/1641 Loss: 0.532419
2026-08-21 21:42: Train Epoch 2: 880/1641 Loss: 0.556584
2026-08-21 21:42: Train Epoch 2: 900/1641 Loss: 0.498549
2026-08-21 21:42: Train Epoch 2: 920/1641 Loss: 0.517045
2026-08-21 21:42: Train Epoch 2: 940/1641 Loss: 0.546350
2026-08-21 21:42: Train Epoch 2: 960/1641 Loss: 0.493021
2026-08-21 21:42: Train Epoch 2: 980/1641 Loss: 0.569020
2026-08-21 21:42: Train Epoch 2: 1000/1641 Loss: 0.550331
2026-08-21 21:42: Train Epoch 2: 1020/1641 Loss: 0.571240
2026-08-21 21:42: Train Epoch 2: 1040/1641 Loss: 0.541639
2026-08-21 21:43: Train Epoch 2: 1060/1641 Loss: 0.543798
2026-08-21 21:43: Train Epoch 2: 1080/1641 Loss: 0.509545
2026-08-21 21:43: Train Epoch 2: 1100/1641 Loss: 0.517715
2026-08-21 21:43: Train Epoch 2: 1120/1641 Loss: 0.531873
2026-08-21 21:43: Train Epoch 2: 1140/1641 Loss: 0.547088
2026-08-21 21:43: Train Epoch 2: 1160/1641 Loss: 0.530272
2026-08-21 21:43: Train Epoch 2: 1180/1641 Loss: 0.536034
2026-08-21 21:43: Train Epoch 2: 1200/1641 Loss: 0.581438
2026-08-21 21:43: Train Epoch 2: 1220/1641 Loss: 0.513454
2026-08-21 21:43: Train Epoch 2: 1240/1641 Loss: 0.526590
2026-08-21 21:43: Train Epoch 2: 1260/1641 Loss: 0.523998
2026-08-21 21:43: Train Epoch 2: 1280/1641 Loss: 0.494781
2026-08-21 21:43: Train Epoch 2: 1300/1641 Loss: 0.542542
2026-08-21 21:43: Train Epoch 2: 1320/1641 Loss: 0.525511
2026-08-21 21:43: Train Epoch 2: 1340/1641 Loss: 0.525987
2026-08-21 21:43: Train Epoch 2: 1360/1641 Loss: 0.503770
2026-08-21 21:43: Train Epoch 2: 1380/1641 Loss: 0.550672
2026-08-21 21:43: Train Epoch 2: 1400/1641 Loss: 0.563160
2026-08-21 21:43: Train Epoch 2: 1420/1641 Loss: 0.504096
2026-08-21 21:43: Train Epoch 2: 1440/1641 Loss: 0.504672
2026-08-21 21:43: Train Epoch 2: 1460/1641 Loss: 0.551152
2026-08-21 21:44: Train Epoch 2: 1480/1641 Loss: 0.519678
2026-08-21 21:44: Train Epoch 2: 1500/1641 Loss: 0.538910
2026-08-21 21:44: Train Epoch 2: 1520/1641 Loss: 0.549170
2026-08-21 21:44: Train Epoch 2: 1540/1641 Loss: 0.530500
2026-08-21 21:44: Train Epoch 2: 1560/1641 Loss: 0.534187
2026-08-21 21:44: Train Epoch 2: 1580/1641 Loss: 0.514119
2026-08-21 21:44: Train Epoch 2: 1600/1641 Loss: 0.530367
2026-08-21 21:44: Train Epoch 2: 1620/1641 Loss: 0.527367
2026-08-21 21:44: Train Epoch 2: 1640/1641 Loss: 0.589405
2026-08-21 21:44: **********Train Epoch 2: averaged Loss: 0.537293, tf_ratio: 1.000000
2026-08-21 21:44: **********Val Epoch 2: average Loss: 0.515575
2026-08-21 21:44: *********************************Current best model saved!
2026-08-21 21:44: Train Epoch 3: 0/1641 Loss: 0.558182
2026-08-21 21:44: Train Epoch 3: 20/1641 Loss: 0.556366
2026-08-21 21:44: Train Epoch 3: 40/1641 Loss: 0.518450
2026-08-21 21:44: Train Epoch 3: 60/1641 Loss: 0.539796
2026-08-21 21:44: Train Epoch 3: 80/1641 Loss: 0.538393
2026-08-21 21:44: Train Epoch 3: 100/1641 Loss: 0.527638
2026-08-21 21:45: Train Epoch 3: 120/1641 Loss: 0.521167
2026-08-21 21:45: Train Epoch 3: 140/1641 Loss: 0.512780
2026-08-21 21:45: Train Epoch 3: 160/1641 Loss: 0.572175
2026-08-21 21:45: Train Epoch 3: 180/1641 Loss: 0.526037
2026-08-21 21:45: Train Epoch 3: 200/1641 Loss: 0.488090
2026-08-21 21:45: Train Epoch 3: 220/1641 Loss: 0.499628
2026-08-21 21:45: Train Epoch 3: 240/1641 Loss: 0.519901
2026-08-21 21:45: Train Epoch 3: 260/1641 Loss: 0.523946
2026-08-21 21:45: Train Epoch 3: 280/1641 Loss: 0.515959
2026-08-21 21:45: Train Epoch 3: 300/1641 Loss: 0.536277
2026-08-21 21:45: Train Epoch 3: 320/1641 Loss: 0.525732
2026-08-21 21:45: Train Epoch 3: 340/1641 Loss: 0.529669
2026-08-21 21:45: Train Epoch 3: 360/1641 Loss: 0.552031
2026-08-21 21:45: Train Epoch 3: 380/1641 Loss: 0.541579
2026-08-21 21:45: Train Epoch 3: 400/1641 Loss: 0.530871
2026-08-21 21:45: Train Epoch 3: 420/1641 Loss: 0.537393
2026-08-21 21:45: Train Epoch 3: 440/1641 Loss: 0.535998
2026-08-21 21:45: Train Epoch 3: 460/1641 Loss: 0.535434
2026-08-21 21:45: Train Epoch 3: 480/1641 Loss: 0.550209
2026-08-21 21:45: Train Epoch 3: 500/1641 Loss: 0.487719
2026-08-21 21:45: Train Epoch 3: 520/1641 Loss: 0.505028
2026-08-21 21:45: Train Epoch 3: 540/1641 Loss: 0.569932
2026-08-21 21:46: Train Epoch 3: 560/1641 Loss: 0.491623
2026-08-21 21:46: Train Epoch 3: 580/1641 Loss: 0.520109
2026-08-21 21:46: Train Epoch 3: 600/1641 Loss: 0.538206
2026-08-21 21:46: Train Epoch 3: 620/1641 Loss: 0.506404
2026-08-21 21:46: Train Epoch 3: 640/1641 Loss: 0.541069
2026-08-21 21:46: Train Epoch 3: 660/1641 Loss: 0.567721
2026-08-21 21:46: Train Epoch 3: 680/1641 Loss: 0.491845
2026-08-21 21:46: Train Epoch 3: 700/1641 Loss: 0.512617
2026-08-21 21:46: Train Epoch 3: 720/1641 Loss: 0.536029
2026-08-21 21:46: Train Epoch 3: 740/1641 Loss: 0.521663
2026-08-21 21:46: Train Epoch 3: 760/1641 Loss: 0.527152
2026-08-21 21:46: Train Epoch 3: 780/1641 Loss: 0.515599
2026-08-21 21:46: Train Epoch 3: 800/1641 Loss: 0.562935
2026-08-21 21:46: Train Epoch 3: 820/1641 Loss: 0.544269
2026-08-21 21:46: Train Epoch 3: 840/1641 Loss: 0.499969
2026-08-21 21:46: Train Epoch 3: 860/1641 Loss: 0.569137
2026-08-21 21:46: Train Epoch 3: 880/1641 Loss: 0.538545
2026-08-21 21:46: Train Epoch 3: 900/1641 Loss: 0.502334
2026-08-21 21:46: Train Epoch 3: 920/1641 Loss: 0.548141
2026-08-21 21:46: Train Epoch 3: 940/1641 Loss: 0.530953
2026-08-21 21:46: Train Epoch 3: 960/1641 Loss: 0.503439
2026-08-21 21:46: Train Epoch 3: 980/1641 Loss: 0.547332
2026-08-21 21:47: Train Epoch 3: 1000/1641 Loss: 0.536425
2026-08-21 21:47: Train Epoch 3: 1020/1641 Loss: 0.517142
2026-08-21 21:47: Train Epoch 3: 1040/1641 Loss: 0.516668
2026-08-21 21:47: Train Epoch 3: 1060/1641 Loss: 0.509999
2026-08-21 21:47: Train Epoch 3: 1080/1641 Loss: 0.571402
2026-08-21 21:47: Train Epoch 3: 1100/1641 Loss: 0.533687
2026-08-21 21:47: Train Epoch 3: 1120/1641 Loss: 0.521996
2026-08-21 21:47: Train Epoch 3: 1140/1641 Loss: 0.545655
2026-08-21 21:47: Train Epoch 3: 1160/1641 Loss: 0.560634
2026-08-21 21:47: Train Epoch 3: 1180/1641 Loss: 0.514002
2026-08-21 21:47: Train Epoch 3: 1200/1641 Loss: 0.526974
2026-08-21 21:47: Train Epoch 3: 1220/1641 Loss: 0.495872
2026-08-21 21:47: Train Epoch 3: 1240/1641 Loss: 0.521755
2026-08-21 21:47: Train Epoch 3: 1260/1641 Loss: 0.487897
2026-08-21 21:47: Train Epoch 3: 1280/1641 Loss: 0.500809
2026-08-21 21:47: Train Epoch 3: 1300/1641 Loss: 0.532012
2026-08-21 21:47: Train Epoch 3: 1320/1641 Loss: 0.529383
2026-08-21 21:47: Train Epoch 3: 1340/1641 Loss: 0.522017
2026-08-21 21:47: Train Epoch 3: 1360/1641 Loss: 0.546844
2026-08-21 21:47: Train Epoch 3: 1380/1641 Loss: 0.520666
2026-08-21 21:47: Train Epoch 3: 1400/1641 Loss: 0.547722
2026-08-21 21:47: Train Epoch 3: 1420/1641 Loss: 0.505599
2026-08-21 21:48: Train Epoch 3: 1440/1641 Loss: 0.478701
2026-08-21 21:48: Train Epoch 3: 1460/1641 Loss: 0.512225
2026-08-21 21:48: Train Epoch 3: 1480/1641 Loss: 0.511172
2026-08-21 21:48: Train Epoch 3: 1500/1641 Loss: 0.563202
2026-08-21 21:48: Train Epoch 3: 1520/1641 Loss: 0.521730
2026-08-21 21:48: Train Epoch 3: 1540/1641 Loss: 0.576059
2026-08-21 21:48: Train Epoch 3: 1560/1641 Loss: 0.540993
2026-08-21 21:48: Train Epoch 3: 1580/1641 Loss: 0.569673
2026-08-21 21:48: Train Epoch 3: 1600/1641 Loss: 0.502094
2026-08-21 21:48: Train Epoch 3: 1620/1641 Loss: 0.513813
2026-08-21 21:48: Train Epoch 3: 1640/1641 Loss: 0.530043
2026-08-21 21:48: **********Train Epoch 3: averaged Loss: 0.528411, tf_ratio: 1.000000
2026-08-21 21:48: **********Val Epoch 3: average Loss: 0.511779
2026-08-21 21:48: *********************************Current best model saved!
2026-08-21 21:48: Train Epoch 4: 0/1641 Loss: 0.547850
2026-08-21 21:48: Train Epoch 4: 20/1641 Loss: 0.533478
2026-08-21 21:48: Train Epoch 4: 40/1641 Loss: 0.502838
2026-08-21 21:48: Train Epoch 4: 60/1641 Loss: 0.500177
2026-08-21 21:49: Train Epoch 4: 80/1641 Loss: 0.522128
2026-08-21 21:49: Train Epoch 4: 100/1641 Loss: 0.553427
2026-08-21 21:49: Train Epoch 4: 120/1641 Loss: 0.523302
2026-08-21 21:49: Train Epoch 4: 140/1641 Loss: 0.541119
2026-08-21 21:49: Train Epoch 4: 160/1641 Loss: 0.508435
2026-08-21 21:49: Train Epoch 4: 180/1641 Loss: 0.484127
2026-08-21 21:49: Train Epoch 4: 200/1641 Loss: 0.562076
2026-08-21 21:49: Train Epoch 4: 220/1641 Loss: 0.516600
2026-08-21 21:49: Train Epoch 4: 240/1641 Loss: 0.529317
2026-08-21 21:49: Train Epoch 4: 260/1641 Loss: 0.511653
2026-08-21 21:49: Train Epoch 4: 280/1641 Loss: 0.540008
2026-08-21 21:49: Train Epoch 4: 300/1641 Loss: 0.565989
2026-08-21 21:49: Train Epoch 4: 320/1641 Loss: 0.521759
2026-08-21 21:49: Train Epoch 4: 340/1641 Loss: 0.544890
2026-08-21 21:49: Train Epoch 4: 360/1641 Loss: 0.523790
2026-08-21 21:49: Train Epoch 4: 380/1641 Loss: 0.599358
2026-08-21 21:49: Train Epoch 4: 400/1641 Loss: 0.550691
2026-08-21 21:49: Train Epoch 4: 420/1641 Loss: 0.521473
2026-08-21 21:49: Train Epoch 4: 440/1641 Loss: 0.523703
2026-08-21 21:49: Train Epoch 4: 460/1641 Loss: 0.495162
2026-08-21 21:49: Train Epoch 4: 480/1641 Loss: 0.548117
2026-08-21 21:49: Train Epoch 4: 500/1641 Loss: 0.526059
2026-08-21 21:50: Train Epoch 4: 520/1641 Loss: 0.526645
2026-08-21 21:50: Train Epoch 4: 540/1641 Loss: 0.528587
2026-08-21 21:50: Train Epoch 4: 560/1641 Loss: 0.506792
2026-08-21 21:50: Train Epoch 4: 580/1641 Loss: 0.469742
2026-08-21 21:50: Train Epoch 4: 600/1641 Loss: 0.527351
2026-08-21 21:50: Train Epoch 4: 620/1641 Loss: 0.561348
2026-08-21 21:50: Train Epoch 4: 640/1641 Loss: 0.542952
2026-08-21 21:50: Train Epoch 4: 660/1641 Loss: 0.511204
2026-08-21 21:50: Train Epoch 4: 680/1641 Loss: 0.535152
2026-08-21 21:50: Train Epoch 4: 700/1641 Loss: 0.540492
2026-08-21 21:50: Train Epoch 4: 720/1641 Loss: 0.524926
2026-08-21 21:50: Train Epoch 4: 740/1641 Loss: 0.484692
2026-08-21 21:50: Train Epoch 4: 760/1641 Loss: 0.531406
2026-08-21 21:50: Train Epoch 4: 780/1641 Loss: 0.482563
2026-08-21 21:50: Train Epoch 4: 800/1641 Loss: 0.504128
2026-08-21 21:50: Train Epoch 4: 820/1641 Loss: 0.507683
2026-08-21 21:50: Train Epoch 4: 840/1641 Loss: 0.528232
2026-08-21 21:50: Train Epoch 4: 860/1641 Loss: 0.495312
2026-08-21 21:50: Train Epoch 4: 880/1641 Loss: 0.538282
2026-08-21 21:50: Train Epoch 4: 900/1641 Loss: 0.491399
2026-08-21 21:50: Train Epoch 4: 920/1641 Loss: 0.569069
2026-08-21 21:51: Train Epoch 4: 940/1641 Loss: 0.503373
2026-08-21 21:51: Train Epoch 4: 960/1641 Loss: 0.520782
2026-08-21 21:51: Train Epoch 4: 980/1641 Loss: 0.505531
2026-08-21 21:51: Train Epoch 4: 1000/1641 Loss: 0.505057
2026-08-21 21:51: Train Epoch 4: 1020/1641 Loss: 0.510981
2026-08-21 21:51: Train Epoch 4: 1040/1641 Loss: 0.498593
2026-08-21 21:51: Train Epoch 4: 1060/1641 Loss: 0.550008
2026-08-21 21:51: Train Epoch 4: 1080/1641 Loss: 0.519892
2026-08-21 21:51: Train Epoch 4: 1100/1641 Loss: 0.530255
2026-08-21 21:51: Train Epoch 4: 1120/1641 Loss: 0.555755
2026-08-21 21:51: Train Epoch 4: 1140/1641 Loss: 0.545792
2026-08-21 21:51: Train Epoch 4: 1160/1641 Loss: 0.529314
2026-08-21 21:51: Train Epoch 4: 1180/1641 Loss: 0.526158
2026-08-21 21:51: Train Epoch 4: 1200/1641 Loss: 0.536515
2026-08-21 21:51: Train Epoch 4: 1220/1641 Loss: 0.545546
2026-08-21 21:51: Train Epoch 4: 1240/1641 Loss: 0.523133
2026-08-21 21:51: Train Epoch 4: 1260/1641 Loss: 0.523794
2026-08-21 21:51: Train Epoch 4: 1280/1641 Loss: 0.594963
2026-08-21 21:51: Train Epoch 4: 1300/1641 Loss: 0.527056
2026-08-21 21:51: Train Epoch 4: 1320/1641 Loss: 0.497856
2026-08-21 21:51: Train Epoch 4: 1340/1641 Loss: 0.514925
2026-08-21 21:51: Train Epoch 4: 1360/1641 Loss: 0.484692
2026-08-21 21:52: Train Epoch 4: 1380/1641 Loss: 0.520722
2026-08-21 21:52: Train Epoch 4: 1400/1641 Loss: 0.515215
2026-08-21 21:52: Train Epoch 4: 1420/1641 Loss: 0.513275
2026-08-21 21:52: Train Epoch 4: 1440/1641 Loss: 0.485341
2026-08-21 21:52: Train Epoch 4: 1460/1641 Loss: 0.565492
2026-08-21 21:52: Train Epoch 4: 1480/1641 Loss: 0.522313
2026-08-21 21:52: Train Epoch 4: 1500/1641 Loss: 0.526876
2026-08-21 21:52: Train Epoch 4: 1520/1641 Loss: 0.534448
2026-08-21 21:52: Train Epoch 4: 1540/1641 Loss: 0.553051
2026-08-21 21:52: Train Epoch 4: 1560/1641 Loss: 0.521584
2026-08-21 21:52: Train Epoch 4: 1580/1641 Loss: 0.485242
2026-08-21 21:52: Train Epoch 4: 1600/1641 Loss: 0.550056
2026-08-21 21:52: Train Epoch 4: 1620/1641 Loss: 0.527348
2026-08-21 21:52: Train Epoch 4: 1640/1641 Loss: 0.540070
2026-08-21 21:52: **********Train Epoch 4: averaged Loss: 0.521192, tf_ratio: 1.000000
2026-08-21 21:52: **********Val Epoch 4: average Loss: 0.509791
2026-08-21 21:52: *********************************Current best model saved!
2026-08-21 21:52: Train Epoch 5: 0/1641 Loss: 0.511931
2026-08-21 21:53: Train Epoch 5: 20/1641 Loss: 0.554601
2026-08-21 21:53: Train Epoch 5: 40/1641 Loss: 0.506767
2026-08-21 21:53: Train Epoch 5: 60/1641 Loss: 0.565372
2026-08-21 21:53: Train Epoch 5: 80/1641 Loss: 0.523648
2026-08-21 21:53: Train Epoch 5: 100/1641 Loss: 0.532655
2026-08-21 21:53: Train Epoch 5: 120/1641 Loss: 0.508813
2026-08-21 21:53: Train Epoch 5: 140/1641 Loss: 0.495221
2026-08-21 21:53: Train Epoch 5: 160/1641 Loss: 0.525010
2026-08-21 21:53: Train Epoch 5: 180/1641 Loss: 0.517983
2026-08-21 21:53: Train Epoch 5: 200/1641 Loss: 0.546708
2026-08-21 21:53: Train Epoch 5: 220/1641 Loss: 0.524470
2026-08-21 21:53: Train Epoch 5: 240/1641 Loss: 0.486798
2026-08-21 21:53: Train Epoch 5: 260/1641 Loss: 0.522966
2026-08-21 21:53: Train Epoch 5: 280/1641 Loss: 0.534159
2026-08-21 21:53: Train Epoch 5: 300/1641 Loss: 0.539962
2026-08-21 21:53: Train Epoch 5: 320/1641 Loss: 0.518124
2026-08-21 21:53: Train Epoch 5: 340/1641 Loss: 0.522551
2026-08-21 21:53: Train Epoch 5: 360/1641 Loss: 0.478755
2026-08-21 21:53: Train Epoch 5: 380/1641 Loss: 0.526687
2026-08-21 21:53: Train Epoch 5: 400/1641 Loss: 0.531196
2026-08-21 21:53: Train Epoch 5: 420/1641 Loss: 0.498957
2026-08-21 21:53: Train Epoch 5: 440/1641 Loss: 0.518615
2026-08-21 21:54: Train Epoch 5: 460/1641 Loss: 0.516272
2026-08-21 21:54: Train Epoch 5: 480/1641 Loss: 0.528765
2026-08-21 21:54: Train Epoch 5: 500/1641 Loss: 0.524341
2026-08-21 21:54: Train Epoch 5: 520/1641 Loss: 0.524998
2026-08-21 21:54: Train Epoch 5: 540/1641 Loss: 0.521619
2026-08-21 21:54: Train Epoch 5: 560/1641 Loss: 0.484565
2026-08-21 21:54: Train Epoch 5: 580/1641 Loss: 0.508186
2026-08-21 21:54: Train Epoch 5: 600/1641 Loss: 0.530537
2026-08-21 21:54: Train Epoch 5: 620/1641 Loss: 0.506475
2026-08-21 21:54: Train Epoch 5: 640/1641 Loss: 0.486682
2026-08-21 21:54: Train Epoch 5: 660/1641 Loss: 0.510637
2026-08-21 21:54: Train Epoch 5: 680/1641 Loss: 0.486140
2026-08-21 21:54: Train Epoch 5: 700/1641 Loss: 0.521606
2026-08-21 21:54: Train Epoch 5: 720/1641 Loss: 0.534487
2026-08-21 21:54: Train Epoch 5: 740/1641 Loss: 0.507350
2026-08-21 21:54: Train Epoch 5: 760/1641 Loss: 0.532834
2026-08-21 21:54: Train Epoch 5: 780/1641 Loss: 0.501739
2026-08-21 21:54: Train Epoch 5: 800/1641 Loss: 0.529344
2026-08-21 21:54: Train Epoch 5: 820/1641 Loss: 0.532519
2026-08-21 21:54: Train Epoch 5: 840/1641 Loss: 0.513637
2026-08-21 21:54: Train Epoch 5: 860/1641 Loss: 0.492624
2026-08-21 21:54: Train Epoch 5: 880/1641 Loss: 0.539481
2026-08-21 21:55: Train Epoch 5: 900/1641 Loss: 0.518342
2026-08-21 21:55: Train Epoch 5: 920/1641 Loss: 0.542569
2026-08-21 21:55: Train Epoch 5: 940/1641 Loss: 0.496180
2026-08-21 21:55: Train Epoch 5: 960/1641 Loss: 0.540202
2026-08-21 21:55: Train Epoch 5: 980/1641 Loss: 0.506038
2026-08-21 21:55: Train Epoch 5: 1000/1641 Loss: 0.501929
2026-08-21 21:55: Train Epoch 5: 1020/1641 Loss: 0.504892
2026-08-21 21:55: Train Epoch 5: 1040/1641 Loss: 0.510641
2026-08-21 21:55: Train Epoch 5: 1060/1641 Loss: 0.498168
2026-08-21 21:55: Train Epoch 5: 1080/1641 Loss: 0.501659
2026-08-21 21:55: Train Epoch 5: 1100/1641 Loss: 0.512544
2026-08-21 21:55: Train Epoch 5: 1120/1641 Loss: 0.526339
2026-08-21 21:55: Train Epoch 5: 1140/1641 Loss: 0.520049
2026-08-21 21:55: Train Epoch 5: 1160/1641 Loss: 0.453785
2026-08-21 21:55: Train Epoch 5: 1180/1641 Loss: 0.521710
2026-08-21 21:55: Train Epoch 5: 1200/1641 Loss: 0.527939
2026-08-21 21:55: Train Epoch 5: 1220/1641 Loss: 0.493523
2026-08-21 21:55: Train Epoch 5: 1240/1641 Loss: 0.523049
2026-08-21 21:55: Train Epoch 5: 1260/1641 Loss: 0.517946
2026-08-21 21:55: Train Epoch 5: 1280/1641 Loss: 0.538595
2026-08-21 21:55: Train Epoch 5: 1300/1641 Loss: 0.515358
2026-08-21 21:56: Train Epoch 5: 1320/1641 Loss: 0.516587
2026-08-21 21:56: Train Epoch 5: 1340/1641 Loss: 0.499546
2026-08-21 21:56: Train Epoch 5: 1360/1641 Loss: 0.489077
2026-08-21 21:56: Train Epoch 5: 1380/1641 Loss: 0.526212
2026-08-21 21:56: Train Epoch 5: 1400/1641 Loss: 0.536635
2026-08-21 21:56: Train Epoch 5: 1420/1641 Loss: 0.523869
2026-08-21 21:56: Train Epoch 5: 1440/1641 Loss: 0.518514
2026-08-21 21:56: Train Epoch 5: 1460/1641 Loss: 0.479433
2026-08-21 21:56: Train Epoch 5: 1480/1641 Loss: 0.530734
2026-08-21 21:56: Train Epoch 5: 1500/1641 Loss: 0.485569
2026-08-21 21:56: Train Epoch 5: 1520/1641 Loss: 0.512985
2026-08-21 21:56: Train Epoch 5: 1540/1641 Loss: 0.484696
2026-08-21 21:56: Train Epoch 5: 1560/1641 Loss: 0.475926
2026-08-21 21:56: Train Epoch 5: 1580/1641 Loss: 0.498118
2026-08-21 21:56: Train Epoch 5: 1600/1641 Loss: 0.512872
2026-08-21 21:56: Train Epoch 5: 1620/1641 Loss: 0.504397
2026-08-21 21:56: Train Epoch 5: 1640/1641 Loss: 0.551643
2026-08-21 21:56: **********Train Epoch 5: averaged Loss: 0.515190, tf_ratio: 1.000000
2026-08-21 21:57: **********Val Epoch 5: average Loss: 0.510178
2026-08-21 21:57: Train Epoch 6: 0/1641 Loss: 0.524198
2026-08-21 21:57: Train Epoch 6: 20/1641 Loss: 0.502279
2026-08-21 21:57: Train Epoch 6: 40/1641 Loss: 0.550117
2026-08-21 21:57: Train Epoch 6: 60/1641 Loss: 0.485165
2026-08-21 21:57: Train Epoch 6: 80/1641 Loss: 0.498560
2026-08-21 21:57: Train Epoch 6: 100/1641 Loss: 0.470740
2026-08-21 21:57: Train Epoch 6: 120/1641 Loss: 0.537810
2026-08-21 21:57: Train Epoch 6: 140/1641 Loss: 0.485438
2026-08-21 21:57: Train Epoch 6: 160/1641 Loss: 0.527563
2026-08-21 21:57: Train Epoch 6: 180/1641 Loss: 0.508653
2026-08-21 21:57: Train Epoch 6: 200/1641 Loss: 0.540952
2026-08-21 21:57: Train Epoch 6: 220/1641 Loss: 0.533461
2026-08-21 21:57: Train Epoch 6: 240/1641 Loss: 0.515076
2026-08-21 21:57: Train Epoch 6: 260/1641 Loss: 0.488195
2026-08-21 21:57: Train Epoch 6: 280/1641 Loss: 0.525162
2026-08-21 21:57: Train Epoch 6: 300/1641 Loss: 0.535745
2026-08-21 21:57: Train Epoch 6: 320/1641 Loss: 0.509186
2026-08-21 21:57: Train Epoch 6: 340/1641 Loss: 0.501917
2026-08-21 21:57: Train Epoch 6: 360/1641 Loss: 0.506043
2026-08-21 21:57: Train Epoch 6: 380/1641 Loss: 0.506877
2026-08-21 21:58: Train Epoch 6: 400/1641 Loss: 0.521395
2026-08-21 21:58: Train Epoch 6: 420/1641 Loss: 0.507261
2026-08-21 21:58: Train Epoch 6: 440/1641 Loss: 0.516266
2026-08-21 21:58: Train Epoch 6: 460/1641 Loss: 0.496971
2026-08-21 21:58: Train Epoch 6: 480/1641 Loss: 0.504512
2026-08-21 21:58: Train Epoch 6: 500/1641 Loss: 0.488494
2026-08-21 21:58: Train Epoch 6: 520/1641 Loss: 0.521653
2026-08-21 21:58: Train Epoch 6: 540/1641 Loss: 0.520500
2026-08-21 21:58: Train Epoch 6: 560/1641 Loss: 0.479425
2026-08-21 21:58: Train Epoch 6: 580/1641 Loss: 0.449963
2026-08-21 21:58: Train Epoch 6: 600/1641 Loss: 0.488150
2026-08-21 21:58: Train Epoch 6: 620/1641 Loss: 0.500277
2026-08-21 21:58: Train Epoch 6: 640/1641 Loss: 0.541145
2026-08-21 21:58: Train Epoch 6: 660/1641 Loss: 0.516109
2026-08-21 21:58: Train Epoch 6: 680/1641 Loss: 0.510788
2026-08-21 21:58: Train Epoch 6: 700/1641 Loss: 0.526522
2026-08-21 21:58: Train Epoch 6: 720/1641 Loss: 0.509355
2026-08-21 21:58: Train Epoch 6: 740/1641 Loss: 0.508903
2026-08-21 21:58: Train Epoch 6: 760/1641 Loss: 0.508081
2026-08-21 21:58: Train Epoch 6: 780/1641 Loss: 0.519623
2026-08-21 21:58: Train Epoch 6: 800/1641 Loss: 0.523616
2026-08-21 21:59: Train Epoch 6: 820/1641 Loss: 0.481570
2026-08-21 21:59: Train Epoch 6: 840/1641 Loss: 0.501404
2026-08-21 21:59: Train Epoch 6: 860/1641 Loss: 0.546361
2026-08-21 21:59: Train Epoch 6: 880/1641 Loss: 0.475809
2026-08-21 21:59: Train Epoch 6: 900/1641 Loss: 0.490184
2026-08-21 21:59: Train Epoch 6: 920/1641 Loss: 0.490326
2026-08-21 21:59: Train Epoch 6: 940/1641 Loss: 0.473903
2026-08-21 21:59: Train Epoch 6: 960/1641 Loss: 0.494857
2026-08-21 21:59: Train Epoch 6: 980/1641 Loss: 0.507409
2026-08-21 21:59: Train Epoch 6: 1000/1641 Loss: 0.526822
2026-08-21 21:59: Train Epoch 6: 1020/1641 Loss: 0.488087
2026-08-21 21:59: Train Epoch 6: 1040/1641 Loss: 0.544044
2026-08-21 21:59: Train Epoch 6: 1060/1641 Loss: 0.520539
2026-08-21 21:59: Train Epoch 6: 1080/1641 Loss: 0.466770
2026-08-21 21:59: Train Epoch 6: 1100/1641 Loss: 0.498631
2026-08-21 21:59: Train Epoch 6: 1120/1641 Loss: 0.495167
2026-08-21 21:59: Train Epoch 6: 1140/1641 Loss: 0.508867
2026-08-21 21:59: Train Epoch 6: 1160/1641 Loss: 0.458159
2026-08-21 21:59: Train Epoch 6: 1180/1641 Loss: 0.513733
2026-08-21 21:59: Train Epoch 6: 1200/1641 Loss: 0.505278
2026-08-21 21:59: Train Epoch 6: 1220/1641 Loss: 0.498627
2026-08-21 22:00: Train Epoch 6: 1240/1641 Loss: 0.533871
2026-08-21 22:00: Train Epoch 6: 1260/1641 Loss: 0.567053
2026-08-21 22:00: Train Epoch 6: 1280/1641 Loss: 0.513245
2026-08-21 22:00: Train Epoch 6: 1300/1641 Loss: 0.508995
2026-08-21 22:00: Train Epoch 6: 1320/1641 Loss: 0.479406
2026-08-21 22:00: Train Epoch 6: 1340/1641 Loss: 0.525823
2026-08-21 22:00: Train Epoch 6: 1360/1641 Loss: 0.494773
2026-08-21 22:00: Train Epoch 6: 1380/1641 Loss: 0.503943
2026-08-21 22:00: Train Epoch 6: 1400/1641 Loss: 0.549359
2026-08-21 22:00: Train Epoch 6: 1420/1641 Loss: 0.495480
2026-08-21 22:00: Train Epoch 6: 1440/1641 Loss: 0.503227
2026-08-21 22:00: Train Epoch 6: 1460/1641 Loss: 0.483708
2026-08-21 22:00: Train Epoch 6: 1480/1641 Loss: 0.491728
2026-08-21 22:00: Train Epoch 6: 1500/1641 Loss: 0.544035
2026-08-21 22:00: Train Epoch 6: 1520/1641 Loss: 0.530581
2026-08-21 22:00: Train Epoch 6: 1540/1641 Loss: 0.505814
2026-08-21 22:00: Train Epoch 6: 1560/1641 Loss: 0.535730
2026-08-21 22:00: Train Epoch 6: 1580/1641 Loss: 0.493377
2026-08-21 22:00: Train Epoch 6: 1600/1641 Loss: 0.494273
2026-08-21 22:00: Train Epoch 6: 1620/1641 Loss: 0.527667
2026-08-21 22:00: Train Epoch 6: 1640/1641 Loss: 0.564116
2026-08-21 22:00: **********Train Epoch 6: averaged Loss: 0.509636, tf_ratio: 1.000000
2026-08-21 22:01: **********Val Epoch 6: average Loss: 0.506364
2026-08-21 22:01: *********************************Current best model saved!
2026-08-21 22:01: Train Epoch 7: 0/1641 Loss: 0.502700
2026-08-21 22:01: Train Epoch 7: 20/1641 Loss: 0.497659
2026-08-21 22:01: Train Epoch 7: 40/1641 Loss: 0.499681
2026-08-21 22:01: Train Epoch 7: 60/1641 Loss: 0.474081
2026-08-21 22:01: Train Epoch 7: 80/1641 Loss: 0.507644
2026-08-21 22:01: Train Epoch 7: 100/1641 Loss: 0.502925
2026-08-21 22:01: Train Epoch 7: 120/1641 Loss: 0.496932
2026-08-21 22:01: Train Epoch 7: 140/1641 Loss: 0.478121
2026-08-21 22:01: Train Epoch 7: 160/1641 Loss: 0.498304
2026-08-21 22:01: Train Epoch 7: 180/1641 Loss: 0.488920
2026-08-21 22:01: Train Epoch 7: 200/1641 Loss: 0.503945
2026-08-21 22:01: Train Epoch 7: 220/1641 Loss: 0.508411
2026-08-21 22:01: Train Epoch 7: 240/1641 Loss: 0.528591
2026-08-21 22:01: Train Epoch 7: 260/1641 Loss: 0.504006
2026-08-21 22:01: Train Epoch 7: 280/1641 Loss: 0.516576
2026-08-21 22:02: Train Epoch 7: 300/1641 Loss: 0.500878
2026-08-21 22:02: Train Epoch 7: 320/1641 Loss: 0.473484
2026-08-21 22:02: Train Epoch 7: 340/1641 Loss: 0.504184
2026-08-21 22:02: Train Epoch 7: 360/1641 Loss: 0.500109
2026-08-21 22:02: Train Epoch 7: 380/1641 Loss: 0.517362
2026-08-21 22:02: Train Epoch 7: 400/1641 Loss: 0.537075
2026-08-21 22:02: Train Epoch 7: 420/1641 Loss: 0.497155
2026-08-21 22:02: Train Epoch 7: 440/1641 Loss: 0.525908
2026-08-21 22:02: Train Epoch 7: 460/1641 Loss: 0.522065
2026-08-21 22:02: Train Epoch 7: 480/1641 Loss: 0.493025
2026-08-21 22:02: Train Epoch 7: 500/1641 Loss: 0.525251
2026-08-21 22:02: Train Epoch 7: 520/1641 Loss: 0.493470
2026-08-21 22:02: Train Epoch 7: 540/1641 Loss: 0.474375
2026-08-21 22:02: Train Epoch 7: 560/1641 Loss: 0.497974
2026-08-21 22:02: Train Epoch 7: 580/1641 Loss: 0.515029
2026-08-21 22:02: Train Epoch 7: 600/1641 Loss: 0.489556
2026-08-21 22:02: Train Epoch 7: 620/1641 Loss: 0.503055
2026-08-21 22:02: Train Epoch 7: 640/1641 Loss: 0.518971
2026-08-21 22:02: Train Epoch 7: 660/1641 Loss: 0.509244
2026-08-21 22:02: Train Epoch 7: 680/1641 Loss: 0.514494
2026-08-21 22:02: Train Epoch 7: 700/1641 Loss: 0.511652
2026-08-21 22:02: Train Epoch 7: 720/1641 Loss: 0.518612
2026-08-21 22:03: Train Epoch 7: 740/1641 Loss: 0.468972
2026-08-21 22:03: Train Epoch 7: 760/1641 Loss: 0.507074
2026-08-21 22:03: Train Epoch 7: 780/1641 Loss: 0.497910
2026-08-21 22:03: Train Epoch 7: 800/1641 Loss: 0.494529
2026-08-21 22:03: Train Epoch 7: 820/1641 Loss: 0.479169
2026-08-21 22:03: Train Epoch 7: 840/1641 Loss: 0.494419
2026-08-21 22:03: Train Epoch 7: 860/1641 Loss: 0.506062
2026-08-21 22:03: Train Epoch 7: 880/1641 Loss: 0.513940
2026-08-21 22:03: Train Epoch 7: 900/1641 Loss: 0.511626
2026-08-21 22:03: Train Epoch 7: 920/1641 Loss: 0.487399
2026-08-21 22:03: Train Epoch 7: 940/1641 Loss: 0.525877
2026-08-21 22:03: Train Epoch 7: 960/1641 Loss: 0.512408
2026-08-21 22:03: Train Epoch 7: 980/1641 Loss: 0.519113
2026-08-21 22:03: Train Epoch 7: 1000/1641 Loss: 0.497178
2026-08-21 22:03: Train Epoch 7: 1020/1641 Loss: 0.527919
2026-08-21 22:03: Train Epoch 7: 1040/1641 Loss: 0.516364
2026-08-21 22:03: Train Epoch 7: 1060/1641 Loss: 0.569863
2026-08-21 22:03: Train Epoch 7: 1080/1641 Loss: 0.517089
2026-08-21 22:03: Train Epoch 7: 1100/1641 Loss: 0.508652
2026-08-21 22:03: Train Epoch 7: 1120/1641 Loss: 0.488056
2026-08-21 22:03: Train Epoch 7: 1140/1641 Loss: 0.511131
2026-08-21 22:03: Train Epoch 7: 1160/1641 Loss: 0.487754
2026-08-21 22:04: Train Epoch 7: 1180/1641 Loss: 0.495030
2026-08-21 22:04: Train Epoch 7: 1200/1641 Loss: 0.470991
2026-08-21 22:04: Train Epoch 7: 1220/1641 Loss: 0.535304
2026-08-21 22:04: Train Epoch 7: 1240/1641 Loss: 0.494019
2026-08-21 22:04: Train Epoch 7: 1260/1641 Loss: 0.515857
2026-08-21 22:04: Train Epoch 7: 1280/1641 Loss: 0.504895
2026-08-21 22:04: Train Epoch 7: 1300/1641 Loss: 0.499086
2026-08-21 22:04: Train Epoch 7: 1320/1641 Loss: 0.494109
2026-08-21 22:04: Train Epoch 7: 1340/1641 Loss: 0.500597
2026-08-21 22:04: Train Epoch 7: 1360/1641 Loss: 0.494369
2026-08-21 22:04: Train Epoch 7: 1380/1641 Loss: 0.489396
2026-08-21 22:04: Train Epoch 7: 1400/1641 Loss: 0.512227
2026-08-21 22:04: Train Epoch 7: 1420/1641 Loss: 0.482950
2026-08-21 22:04: Train Epoch 7: 1440/1641 Loss: 0.475368
2026-08-21 22:04: Train Epoch 7: 1460/1641 Loss: 0.506763
2026-08-21 22:04: Train Epoch 7: 1480/1641 Loss: 0.484159
2026-08-21 22:04: Train Epoch 7: 1500/1641 Loss: 0.500441
2026-08-21 22:04: Train Epoch 7: 1520/1641 Loss: 0.546634
2026-08-21 22:04: Train Epoch 7: 1540/1641 Loss: 0.519451
2026-08-21 22:04: Train Epoch 7: 1560/1641 Loss: 0.504505
2026-08-21 22:04: Train Epoch 7: 1580/1641 Loss: 0.482177
2026-08-21 22:05: Train Epoch 7: 1600/1641 Loss: 0.515435
2026-08-21 22:05: Train Epoch 7: 1620/1641 Loss: 0.534179
2026-08-21 22:05: Train Epoch 7: 1640/1641 Loss: 0.471645
2026-08-21 22:05: **********Train Epoch 7: averaged Loss: 0.503892, tf_ratio: 1.000000
2026-08-21 22:05: **********Val Epoch 7: average Loss: 0.509571
2026-08-21 22:05: Train Epoch 8: 0/1641 Loss: 0.531664
2026-08-21 22:05: Train Epoch 8: 20/1641 Loss: 0.497153
2026-08-21 22:05: Train Epoch 8: 40/1641 Loss: 0.509271
2026-08-21 22:05: Train Epoch 8: 60/1641 Loss: 0.489228
2026-08-21 22:05: Train Epoch 8: 80/1641 Loss: 0.495357
2026-08-21 22:05: Train Epoch 8: 100/1641 Loss: 0.507525
2026-08-21 22:05: Train Epoch 8: 120/1641 Loss: 0.512681
2026-08-21 22:05: Train Epoch 8: 140/1641 Loss: 0.515300
2026-08-21 22:05: Train Epoch 8: 160/1641 Loss: 0.509980
2026-08-21 22:05: Train Epoch 8: 180/1641 Loss: 0.496258
2026-08-21 22:05: Train Epoch 8: 200/1641 Loss: 0.500734
2026-08-21 22:05: Train Epoch 8: 220/1641 Loss: 0.477025
2026-08-21 22:06: Train Epoch 8: 240/1641 Loss: 0.518145
2026-08-21 22:06: Train Epoch 8: 260/1641 Loss: 0.501184
2026-08-21 22:06: Train Epoch 8: 280/1641 Loss: 0.513296
2026-08-21 22:06: Train Epoch 8: 300/1641 Loss: 0.519489
2026-08-21 22:06: Train Epoch 8: 320/1641 Loss: 0.550318
2026-08-21 22:06: Train Epoch 8: 340/1641 Loss: 0.511626
2026-08-21 22:06: Train Epoch 8: 360/1641 Loss: 0.482549
2026-08-21 22:06: Train Epoch 8: 380/1641 Loss: 0.479816
2026-08-21 22:06: Train Epoch 8: 400/1641 Loss: 0.474288
2026-08-21 22:06: Train Epoch 8: 420/1641 Loss: 0.500868
2026-08-21 22:06: Train Epoch 8: 440/1641 Loss: 0.500442
2026-08-21 22:06: Train Epoch 8: 460/1641 Loss: 0.525539
2026-08-21 22:06: Train Epoch 8: 480/1641 Loss: 0.515306
2026-08-21 22:06: Train Epoch 8: 500/1641 Loss: 0.478085
2026-08-21 22:06: Train Epoch 8: 520/1641 Loss: 0.516114
2026-08-21 22:06: Train Epoch 8: 540/1641 Loss: 0.501409
2026-08-21 22:06: Train Epoch 8: 560/1641 Loss: 0.522588
2026-08-21 22:06: Train Epoch 8: 580/1641 Loss: 0.517400
2026-08-21 22:06: Train Epoch 8: 600/1641 Loss: 0.509101
2026-08-21 22:06: Train Epoch 8: 620/1641 Loss: 0.481463
2026-08-21 22:06: Train Epoch 8: 640/1641 Loss: 0.489943
2026-08-21 22:06: Train Epoch 8: 660/1641 Loss: 0.523239
2026-08-21 22:07: Train Epoch 8: 680/1641 Loss: 0.506485
2026-08-21 22:07: Train Epoch 8: 700/1641 Loss: 0.491783
2026-08-21 22:07: Train Epoch 8: 720/1641 Loss: 0.501702
2026-08-21 22:07: Train Epoch 8: 740/1641 Loss: 0.478049
2026-08-21 22:07: Train Epoch 8: 760/1641 Loss: 0.509466
2026-08-21 22:07: Train Epoch 8: 780/1641 Loss: 0.501190
2026-08-21 22:07: Train Epoch 8: 800/1641 Loss: 0.483218
2026-08-21 22:07: Train Epoch 8: 820/1641 Loss: 0.476739
2026-08-21 22:07: Train Epoch 8: 840/1641 Loss: 0.502773
2026-08-21 22:07: Train Epoch 8: 860/1641 Loss: 0.500166
2026-08-21 22:07: Train Epoch 8: 880/1641 Loss: 0.491150
2026-08-21 22:07: Train Epoch 8: 900/1641 Loss: 0.486605
2026-08-21 22:07: Train Epoch 8: 920/1641 Loss: 0.466323
2026-08-21 22:07: Train Epoch 8: 940/1641 Loss: 0.483254
2026-08-21 22:07: Train Epoch 8: 960/1641 Loss: 0.518149
2026-08-21 22:07: Train Epoch 8: 980/1641 Loss: 0.513609
2026-08-21 22:07: Train Epoch 8: 1000/1641 Loss: 0.519628
2026-08-21 22:07: Train Epoch 8: 1020/1641 Loss: 0.489784
2026-08-21 22:07: Train Epoch 8: 1040/1641 Loss: 0.489588
2026-08-21 22:07: Train Epoch 8: 1060/1641 Loss: 0.476248
2026-08-21 22:07: Train Epoch 8: 1080/1641 Loss: 0.473671
2026-08-21 22:08: Train Epoch 8: 1100/1641 Loss: 0.504897
2026-08-21 22:08: Train Epoch 8: 1120/1641 Loss: 0.523691
2026-08-21 22:08: Train Epoch 8: 1140/1641 Loss: 0.502294
2026-08-21 22:08: Train Epoch 8: 1160/1641 Loss: 0.496694
2026-08-21 22:08: Train Epoch 8: 1180/1641 Loss: 0.490982
2026-08-21 22:08: Train Epoch 8: 1200/1641 Loss: 0.495172
2026-08-21 22:08: Train Epoch 8: 1220/1641 Loss: 0.502688
2026-08-21 22:08: Train Epoch 8: 1240/1641 Loss: 0.519883
2026-08-21 22:08: Train Epoch 8: 1260/1641 Loss: 0.494263
2026-08-21 22:08: Train Epoch 8: 1280/1641 Loss: 0.501333
2026-08-21 22:08: Train Epoch 8: 1300/1641 Loss: 0.479005
2026-08-21 22:08: Train Epoch 8: 1320/1641 Loss: 0.493250
2026-08-21 22:08: Train Epoch 8: 1340/1641 Loss: 0.505788
2026-08-21 22:08: Train Epoch 8: 1360/1641 Loss: 0.497912
2026-08-21 22:08: Train Epoch 8: 1380/1641 Loss: 0.476801
2026-08-21 22:08: Train Epoch 8: 1400/1641 Loss: 0.495836
2026-08-21 22:08: Train Epoch 8: 1420/1641 Loss: 0.488836
2026-08-21 22:08: Train Epoch 8: 1440/1641 Loss: 0.535658
2026-08-21 22:08: Train Epoch 8: 1460/1641 Loss: 0.468104
2026-08-21 22:08: Train Epoch 8: 1480/1641 Loss: 0.506512
2026-08-21 22:08: Train Epoch 8: 1500/1641 Loss: 0.488308
2026-08-21 22:08: Train Epoch 8: 1520/1641 Loss: 0.481359
2026-08-21 22:09: Train Epoch 8: 1540/1641 Loss: 0.469517
2026-08-21 22:09: Train Epoch 8: 1560/1641 Loss: 0.482752
2026-08-21 22:09: Train Epoch 8: 1580/1641 Loss: 0.483241
2026-08-21 22:09: Train Epoch 8: 1600/1641 Loss: 0.469043
2026-08-21 22:09: Train Epoch 8: 1620/1641 Loss: 0.467728
2026-08-21 22:09: Train Epoch 8: 1640/1641 Loss: 0.490578
2026-08-21 22:09: **********Train Epoch 8: averaged Loss: 0.497669, tf_ratio: 1.000000
2026-08-21 22:09: **********Val Epoch 8: average Loss: 0.507566
2026-08-21 22:09: Train Epoch 9: 0/1641 Loss: 0.497693
2026-08-21 22:09: Train Epoch 9: 20/1641 Loss: 0.496859
2026-08-21 22:09: Train Epoch 9: 40/1641 Loss: 0.466360
2026-08-21 22:09: Train Epoch 9: 60/1641 Loss: 0.504596
2026-08-21 22:09: Train Epoch 9: 80/1641 Loss: 0.529945
2026-08-21 22:09: Train Epoch 9: 100/1641 Loss: 0.501586
2026-08-21 22:09: Train Epoch 9: 120/1641 Loss: 0.539638
2026-08-21 22:09: Train Epoch 9: 140/1641 Loss: 0.489662
2026-08-21 22:10: Train Epoch 9: 160/1641 Loss: 0.493010
2026-08-21 22:10: Train Epoch 9: 180/1641 Loss: 0.492835
2026-08-21 22:10: Train Epoch 9: 200/1641 Loss: 0.493287
2026-08-21 22:10: Train Epoch 9: 220/1641 Loss: 0.458017
2026-08-21 22:10: Train Epoch 9: 240/1641 Loss: 0.496774
2026-08-21 22:10: Train Epoch 9: 260/1641 Loss: 0.492428
2026-08-21 22:10: Train Epoch 9: 280/1641 Loss: 0.490408
2026-08-21 22:10: Train Epoch 9: 300/1641 Loss: 0.470384
2026-08-21 22:10: Train Epoch 9: 320/1641 Loss: 0.505197
2026-08-21 22:10: Train Epoch 9: 340/1641 Loss: 0.501223
2026-08-21 22:10: Train Epoch 9: 360/1641 Loss: 0.479035
2026-08-21 22:10: Train Epoch 9: 380/1641 Loss: 0.509835
2026-08-21 22:10: Train Epoch 9: 400/1641 Loss: 0.507874
2026-08-21 22:10: Train Epoch 9: 420/1641 Loss: 0.521411
2026-08-21 22:10: Train Epoch 9: 440/1641 Loss: 0.495111
2026-08-21 22:10: Train Epoch 9: 460/1641 Loss: 0.473870
2026-08-21 22:10: Train Epoch 9: 480/1641 Loss: 0.492556
2026-08-21 22:10: Train Epoch 9: 500/1641 Loss: 0.515210
2026-08-21 22:10: Train Epoch 9: 520/1641 Loss: 0.486458
2026-08-21 22:10: Train Epoch 9: 540/1641 Loss: 0.439465
2026-08-21 22:10: Train Epoch 9: 560/1641 Loss: 0.492530
2026-08-21 22:10: Train Epoch 9: 580/1641 Loss: 0.468079
2026-08-21 22:11: Train Epoch 9: 600/1641 Loss: 0.489559
2026-08-21 22:11: Train Epoch 9: 620/1641 Loss: 0.482162
2026-08-21 22:11: Train Epoch 9: 640/1641 Loss: 0.513845
2026-08-21 22:11: Train Epoch 9: 660/1641 Loss: 0.487460
2026-08-21 22:11: Train Epoch 9: 680/1641 Loss: 0.493039
2026-08-21 22:11: Train Epoch 9: 700/1641 Loss: 0.478431
2026-08-21 22:11: Train Epoch 9: 720/1641 Loss: 0.459396
2026-08-21 22:11: Train Epoch 9: 740/1641 Loss: 0.523608
2026-08-21 22:11: Train Epoch 9: 760/1641 Loss: 0.486067
2026-08-21 22:11: Train Epoch 9: 780/1641 Loss: 0.499604
2026-08-21 22:11: Train Epoch 9: 800/1641 Loss: 0.513754
2026-08-21 22:11: Train Epoch 9: 820/1641 Loss: 0.484899
2026-08-21 22:11: Train Epoch 9: 840/1641 Loss: 0.511989
2026-08-21 22:11: Train Epoch 9: 860/1641 Loss: 0.457212
2026-08-21 22:11: Train Epoch 9: 880/1641 Loss: 0.484997
2026-08-21 22:11: Train Epoch 9: 900/1641 Loss: 0.494530
2026-08-21 22:11: Train Epoch 9: 920/1641 Loss: 0.488239
2026-08-21 22:11: Train Epoch 9: 940/1641 Loss: 0.504093
2026-08-21 22:11: Train Epoch 9: 960/1641 Loss: 0.481142
2026-08-21 22:11: Train Epoch 9: 980/1641 Loss: 0.473153
2026-08-21 22:11: Train Epoch 9: 1000/1641 Loss: 0.529931
2026-08-21 22:11: Train Epoch 9: 1020/1641 Loss: 0.466851
2026-08-21 22:12: Train Epoch 9: 1040/1641 Loss: 0.489795
2026-08-21 22:12: Train Epoch 9: 1060/1641 Loss: 0.500237
2026-08-21 22:12: Train Epoch 9: 1080/1641 Loss: 0.487967
2026-08-21 22:12: Train Epoch 9: 1100/1641 Loss: 0.503182
2026-08-21 22:12: Train Epoch 9: 1120/1641 Loss: 0.503386
2026-08-21 22:12: Train Epoch 9: 1140/1641 Loss: 0.514431
2026-08-21 22:12: Train Epoch 9: 1160/1641 Loss: 0.484596
2026-08-21 22:12: Train Epoch 9: 1180/1641 Loss: 0.474585
2026-08-21 22:12: Train Epoch 9: 1200/1641 Loss: 0.462890
2026-08-21 22:12: Train Epoch 9: 1220/1641 Loss: 0.503326
2026-08-21 22:12: Train Epoch 9: 1240/1641 Loss: 0.463982
2026-08-21 22:12: Train Epoch 9: 1260/1641 Loss: 0.488389
2026-08-21 22:12: Train Epoch 9: 1280/1641 Loss: 0.492865
2026-08-21 22:12: Train Epoch 9: 1300/1641 Loss: 0.480088
2026-08-21 22:12: Train Epoch 9: 1320/1641 Loss: 0.463535
2026-08-21 22:12: Train Epoch 9: 1340/1641 Loss: 0.468711
2026-08-21 22:12: Train Epoch 9: 1360/1641 Loss: 0.484377
2026-08-21 22:12: Train Epoch 9: 1380/1641 Loss: 0.495077
2026-08-21 22:12: Train Epoch 9: 1400/1641 Loss: 0.498814
2026-08-21 22:12: Train Epoch 9: 1420/1641 Loss: 0.491209
2026-08-21 22:12: Train Epoch 9: 1440/1641 Loss: 0.471587
2026-08-21 22:13: Train Epoch 9: 1460/1641 Loss: 0.482500
2026-08-21 22:13: Train Epoch 9: 1480/1641 Loss: 0.485635
2026-08-21 22:13: Train Epoch 9: 1500/1641 Loss: 0.461729
2026-08-21 22:13: Train Epoch 9: 1520/1641 Loss: 0.462141
2026-08-21 22:13: Train Epoch 9: 1540/1641 Loss: 0.473276
2026-08-21 22:13: Train Epoch 9: 1560/1641 Loss: 0.480876
2026-08-21 22:13: Train Epoch 9: 1580/1641 Loss: 0.517162
2026-08-21 22:13: Train Epoch 9: 1600/1641 Loss: 0.456037
2026-08-21 22:13: Train Epoch 9: 1620/1641 Loss: 0.482275
2026-08-21 22:13: Train Epoch 9: 1640/1641 Loss: 0.500811
2026-08-21 22:13: **********Train Epoch 9: averaged Loss: 0.491124, tf_ratio: 1.000000
2026-08-21 22:13: **********Val Epoch 9: average Loss: 0.513567
2026-08-21 22:13: Train Epoch 10: 0/1641 Loss: 0.466866
2026-08-21 22:13: Train Epoch 10: 20/1641 Loss: 0.500740
2026-08-21 22:13: Train Epoch 10: 40/1641 Loss: 0.467918
2026-08-21 22:13: Train Epoch 10: 60/1641 Loss: 0.461988
2026-08-21 22:13: Train Epoch 10: 80/1641 Loss: 0.474138
2026-08-21 22:14: Train Epoch 10: 100/1641 Loss: 0.473950
2026-08-21 22:14: Train Epoch 10: 120/1641 Loss: 0.477458
2026-08-21 22:14: Train Epoch 10: 140/1641 Loss: 0.455344
2026-08-21 22:14: Train Epoch 10: 160/1641 Loss: 0.468626
2026-08-21 22:14: Train Epoch 10: 180/1641 Loss: 0.506036
2026-08-21 22:14: Train Epoch 10: 200/1641 Loss: 0.466882
2026-08-21 22:14: Train Epoch 10: 220/1641 Loss: 0.507859
2026-08-21 22:14: Train Epoch 10: 240/1641 Loss: 0.491126
2026-08-21 22:14: Train Epoch 10: 260/1641 Loss: 0.476968
2026-08-21 22:14: Train Epoch 10: 280/1641 Loss: 0.491419
2026-08-21 22:14: Train Epoch 10: 300/1641 Loss: 0.473629
2026-08-21 22:14: Train Epoch 10: 320/1641 Loss: 0.476766
2026-08-21 22:14: Train Epoch 10: 340/1641 Loss: 0.474484
2026-08-21 22:14: Train Epoch 10: 360/1641 Loss: 0.438642
2026-08-21 22:14: Train Epoch 10: 380/1641 Loss: 0.447311
2026-08-21 22:14: Train Epoch 10: 400/1641 Loss: 0.491698
2026-08-21 22:14: Train Epoch 10: 420/1641 Loss: 0.495590
2026-08-21 22:14: Train Epoch 10: 440/1641 Loss: 0.492179
2026-08-21 22:14: Train Epoch 10: 460/1641 Loss: 0.492343
2026-08-21 22:14: Train Epoch 10: 480/1641 Loss: 0.486053
2026-08-21 22:14: Train Epoch 10: 500/1641 Loss: 0.471262
2026-08-21 22:14: Train Epoch 10: 520/1641 Loss: 0.469313
2026-08-21 22:15: Train Epoch 10: 540/1641 Loss: 0.501640
2026-08-21 22:15: Train Epoch 10: 560/1641 Loss: 0.496800
2026-08-21 22:15: Train Epoch 10: 580/1641 Loss: 0.488102
2026-08-21 22:15: Train Epoch 10: 600/1641 Loss: 0.489271
2026-08-21 22:15: Train Epoch 10: 620/1641 Loss: 0.473166
2026-08-21 22:15: Train Epoch 10: 640/1641 Loss: 0.512514
2026-08-21 22:15: Train Epoch 10: 660/1641 Loss: 0.486820
2026-08-21 22:15: Train Epoch 10: 680/1641 Loss: 0.479512
2026-08-21 22:15: Train Epoch 10: 700/1641 Loss: 0.485332
2026-08-21 22:15: Train Epoch 10: 720/1641 Loss: 0.523238
2026-08-21 22:15: Train Epoch 10: 740/1641 Loss: 0.453618
2026-08-21 22:15: Train Epoch 10: 760/1641 Loss: 0.481513
2026-08-21 22:15: Train Epoch 10: 780/1641 Loss: 0.467381
2026-08-21 22:15: Train Epoch 10: 800/1641 Loss: 0.468823
2026-08-21 22:15: Train Epoch 10: 820/1641 Loss: 0.490296
2026-08-21 22:15: Train Epoch 10: 840/1641 Loss: 0.507775
2026-08-21 22:15: Train Epoch 10: 860/1641 Loss: 0.494615
2026-08-21 22:15: Train Epoch 10: 880/1641 Loss: 0.516918
2026-08-21 22:15: Train Epoch 10: 900/1641 Loss: 0.488624
2026-08-21 22:15: Train Epoch 10: 920/1641 Loss: 0.459475
2026-08-21 22:15: Train Epoch 10: 940/1641 Loss: 0.480976
2026-08-21 22:15: Train Epoch 10: 960/1641 Loss: 0.508363
2026-08-21 22:16: Train Epoch 10: 980/1641 Loss: 0.516050
2026-08-21 22:16: Train Epoch 10: 1000/1641 Loss: 0.454401
2026-08-21 22:16: Train Epoch 10: 1020/1641 Loss: 0.496307
2026-08-21 22:16: Train Epoch 10: 1040/1641 Loss: 0.490393
2026-08-21 22:16: Train Epoch 10: 1060/1641 Loss: 0.483405
2026-08-21 22:16: Train Epoch 10: 1080/1641 Loss: 0.489214
2026-08-21 22:16: Train Epoch 10: 1100/1641 Loss: 0.480591
2026-08-21 22:16: Train Epoch 10: 1120/1641 Loss: 0.481083
2026-08-21 22:16: Train Epoch 10: 1140/1641 Loss: 0.504690
2026-08-21 22:16: Train Epoch 10: 1160/1641 Loss: 0.483692
2026-08-21 22:16: Train Epoch 10: 1180/1641 Loss: 0.484389
2026-08-21 22:16: Train Epoch 10: 1200/1641 Loss: 0.448607
2026-08-21 22:16: Train Epoch 10: 1220/1641 Loss: 0.495168
2026-08-21 22:16: Train Epoch 10: 1240/1641 Loss: 0.494219
2026-08-21 22:16: Train Epoch 10: 1260/1641 Loss: 0.497868
2026-08-21 22:16: Train Epoch 10: 1280/1641 Loss: 0.495353
2026-08-21 22:16: Train Epoch 10: 1300/1641 Loss: 0.474489
2026-08-21 22:16: Train Epoch 10: 1320/1641 Loss: 0.468447
2026-08-21 22:16: Train Epoch 10: 1340/1641 Loss: 0.469164
2026-08-21 22:16: Train Epoch 10: 1360/1641 Loss: 0.485032
2026-08-21 22:16: Train Epoch 10: 1380/1641 Loss: 0.485075
2026-08-21 22:16: Train Epoch 10: 1400/1641 Loss: 0.510322
2026-08-21 22:17: Train Epoch 10: 1420/1641 Loss: 0.485518
2026-08-21 22:17: Train Epoch 10: 1440/1641 Loss: 0.463984
2026-08-21 22:17: Train Epoch 10: 1460/1641 Loss: 0.487603
2026-08-21 22:17: Train Epoch 10: 1480/1641 Loss: 0.482016
2026-08-21 22:17: Train Epoch 10: 1500/1641 Loss: 0.447703
2026-08-21 22:17: Train Epoch 10: 1520/1641 Loss: 0.512062
2026-08-21 22:17: Train Epoch 10: 1540/1641 Loss: 0.511260
2026-08-21 22:17: Train Epoch 10: 1560/1641 Loss: 0.468317
2026-08-21 22:17: Train Epoch 10: 1580/1641 Loss: 0.476725
2026-08-21 22:17: Train Epoch 10: 1600/1641 Loss: 0.483536
2026-08-21 22:17: Train Epoch 10: 1620/1641 Loss: 0.458983
2026-08-21 22:17: Train Epoch 10: 1640/1641 Loss: 0.484481
2026-08-21 22:17: **********Train Epoch 10: averaged Loss: 0.484284, tf_ratio: 1.000000
2026-08-21 22:17: **********Val Epoch 10: average Loss: 0.515369
2026-08-21 22:17: Train Epoch 11: 0/1641 Loss: 0.489298
2026-08-21 22:17: Train Epoch 11: 20/1641 Loss: 0.482246
2026-08-21 22:17: Train Epoch 11: 40/1641 Loss: 0.490383
2026-08-21 22:18: Train Epoch 11: 60/1641 Loss: 0.511964
2026-08-21 22:18: Train Epoch 11: 80/1641 Loss: 0.468878
2026-08-21 22:18: Train Epoch 11: 100/1641 Loss: 0.477109
2026-08-21 22:18: Train Epoch 11: 120/1641 Loss: 0.490497
2026-08-21 22:18: Train Epoch 11: 140/1641 Loss: 0.466228
2026-08-21 22:18: Train Epoch 11: 160/1641 Loss: 0.459782
2026-08-21 22:18: Train Epoch 11: 180/1641 Loss: 0.486922
2026-08-21 22:18: Train Epoch 11: 200/1641 Loss: 0.462191
2026-08-21 22:18: Train Epoch 11: 220/1641 Loss: 0.477697
2026-08-21 22:18: Train Epoch 11: 240/1641 Loss: 0.474918
2026-08-21 22:18: Train Epoch 11: 260/1641 Loss: 0.486593
2026-08-21 22:18: Train Epoch 11: 280/1641 Loss: 0.469931
2026-08-21 22:18: Train Epoch 11: 300/1641 Loss: 0.469370
2026-08-21 22:18: Train Epoch 11: 320/1641 Loss: 0.477191
2026-08-21 22:18: Train Epoch 11: 340/1641 Loss: 0.476842
2026-08-21 22:18: Train Epoch 11: 360/1641 Loss: 0.480404
2026-08-21 22:18: Train Epoch 11: 380/1641 Loss: 0.476171
2026-08-21 22:18: Train Epoch 11: 400/1641 Loss: 0.447383
2026-08-21 22:18: Train Epoch 11: 420/1641 Loss: 0.473466
2026-08-21 22:18: Train Epoch 11: 440/1641 Loss: 0.469691
2026-08-21 22:18: Train Epoch 11: 460/1641 Loss: 0.467345
2026-08-21 22:18: Train Epoch 11: 480/1641 Loss: 0.470243
2026-08-21 22:19: Train Epoch 11: 500/1641 Loss: 0.484556
2026-08-21 22:19: Train Epoch 11: 520/1641 Loss: 0.499040
2026-08-21 22:19: Train Epoch 11: 540/1641 Loss: 0.493949
2026-08-21 22:19: Train Epoch 11: 560/1641 Loss: 0.504503
2026-08-21 22:19: Train Epoch 11: 580/1641 Loss: 0.472458
2026-08-21 22:19: Train Epoch 11: 600/1641 Loss: 0.478432
2026-08-21 22:19: Train Epoch 11: 620/1641 Loss: 0.475703
2026-08-21 22:19: Train Epoch 11: 640/1641 Loss: 0.468432
2026-08-21 22:19: Train Epoch 11: 660/1641 Loss: 0.469269
2026-08-21 22:19: Train Epoch 11: 680/1641 Loss: 0.462626
2026-08-21 22:19: Train Epoch 11: 700/1641 Loss: 0.482963
2026-08-21 22:19: Train Epoch 11: 720/1641 Loss: 0.458045
2026-08-21 22:19: Train Epoch 11: 740/1641 Loss: 0.441690
2026-08-21 22:19: Train Epoch 11: 760/1641 Loss: 0.474580
2026-08-21 22:19: Train Epoch 11: 780/1641 Loss: 0.474346
2026-08-21 22:19: Train Epoch 11: 800/1641 Loss: 0.517132
2026-08-21 22:19: Train Epoch 11: 820/1641 Loss: 0.478008
2026-08-21 22:19: Train Epoch 11: 840/1641 Loss: 0.491726
2026-08-21 22:19: Train Epoch 11: 860/1641 Loss: 0.477998
2026-08-21 22:19: Train Epoch 11: 880/1641 Loss: 0.459587
2026-08-21 22:19: Train Epoch 11: 900/1641 Loss: 0.497524
2026-08-21 22:19: Train Epoch 11: 920/1641 Loss: 0.482823
2026-08-21 22:20: Train Epoch 11: 940/1641 Loss: 0.471736
2026-08-21 22:20: Train Epoch 11: 960/1641 Loss: 0.481628
2026-08-21 22:20: Train Epoch 11: 980/1641 Loss: 0.452708
2026-08-21 22:20: Train Epoch 11: 1000/1641 Loss: 0.476505
2026-08-21 22:20: Train Epoch 11: 1020/1641 Loss: 0.489198
2026-08-21 22:20: Train Epoch 11: 1040/1641 Loss: 0.498673
2026-08-21 22:20: Train Epoch 11: 1060/1641 Loss: 0.489213
2026-08-21 22:20: Train Epoch 11: 1080/1641 Loss: 0.508138
2026-08-21 22:20: Train Epoch 11: 1100/1641 Loss: 0.489667
2026-08-21 22:20: Train Epoch 11: 1120/1641 Loss: 0.469375
2026-08-21 22:20: Train Epoch 11: 1140/1641 Loss: 0.480401
2026-08-21 22:20: Train Epoch 11: 1160/1641 Loss: 0.454896
2026-08-21 22:20: Train Epoch 11: 1180/1641 Loss: 0.481213
2026-08-21 22:20: Train Epoch 11: 1200/1641 Loss: 0.490789
2026-08-21 22:20: Train Epoch 11: 1220/1641 Loss: 0.473040
2026-08-21 22:20: Train Epoch 11: 1240/1641 Loss: 0.471327
2026-08-21 22:20: Train Epoch 11: 1260/1641 Loss: 0.454700
2026-08-21 22:20: Train Epoch 11: 1280/1641 Loss: 0.480699
2026-08-21 22:20: Train Epoch 11: 1300/1641 Loss: 0.478673
2026-08-21 22:20: Train Epoch 11: 1320/1641 Loss: 0.482053
2026-08-21 22:20: Train Epoch 11: 1340/1641 Loss: 0.456993
2026-08-21 22:21: Train Epoch 11: 1360/1641 Loss: 0.463462
2026-08-21 22:21: Train Epoch 11: 1380/1641 Loss: 0.466631
2026-08-21 22:21: Train Epoch 11: 1400/1641 Loss: 0.474573
2026-08-21 22:21: Train Epoch 11: 1420/1641 Loss: 0.447009
2026-08-21 22:21: Train Epoch 11: 1440/1641 Loss: 0.479325
2026-08-21 22:21: Train Epoch 11: 1460/1641 Loss: 0.462362
2026-08-21 22:21: Train Epoch 11: 1480/1641 Loss: 0.485323
2026-08-21 22:21: Train Epoch 11: 1500/1641 Loss: 0.470022
2026-08-21 22:21: Train Epoch 11: 1520/1641 Loss: 0.470111
2026-08-21 22:21: Train Epoch 11: 1540/1641 Loss: 0.519948
2026-08-21 22:21: Train Epoch 11: 1560/1641 Loss: 0.458175
2026-08-21 22:21: Train Epoch 11: 1580/1641 Loss: 0.466737
2026-08-21 22:21: Train Epoch 11: 1600/1641 Loss: 0.468950
2026-08-21 22:21: Train Epoch 11: 1620/1641 Loss: 0.460852
2026-08-21 22:21: Train Epoch 11: 1640/1641 Loss: 0.477182
2026-08-21 22:21: **********Train Epoch 11: averaged Loss: 0.477736, tf_ratio: 1.000000
2026-08-21 22:22: **********Val Epoch 11: average Loss: 0.518047
2026-08-21 22:22: Train Epoch 12: 0/1641 Loss: 0.493252
2026-08-21 22:22: Train Epoch 12: 20/1641 Loss: 0.474688
2026-08-21 22:22: Train Epoch 12: 40/1641 Loss: 0.476127
2026-08-21 22:22: Train Epoch 12: 60/1641 Loss: 0.500760
2026-08-21 22:22: Train Epoch 12: 80/1641 Loss: 0.479228
2026-08-21 22:22: Train Epoch 12: 100/1641 Loss: 0.494890
2026-08-21 22:22: Train Epoch 12: 120/1641 Loss: 0.477007
2026-08-21 22:22: Train Epoch 12: 140/1641 Loss: 0.473529
2026-08-21 22:22: Train Epoch 12: 160/1641 Loss: 0.492184
2026-08-21 22:22: Train Epoch 12: 180/1641 Loss: 0.463087
2026-08-21 22:22: Train Epoch 12: 200/1641 Loss: 0.490620
2026-08-21 22:22: Train Epoch 12: 220/1641 Loss: 0.486186
2026-08-21 22:22: Train Epoch 12: 240/1641 Loss: 0.491355
2026-08-21 22:22: Train Epoch 12: 260/1641 Loss: 0.470432
2026-08-21 22:22: Train Epoch 12: 280/1641 Loss: 0.496195
2026-08-21 22:22: Train Epoch 12: 300/1641 Loss: 0.463879
2026-08-21 22:22: Train Epoch 12: 320/1641 Loss: 0.476237
2026-08-21 22:22: Train Epoch 12: 340/1641 Loss: 0.448524
2026-08-21 22:22: Train Epoch 12: 360/1641 Loss: 0.465279
2026-08-21 22:22: Train Epoch 12: 380/1641 Loss: 0.506535
2026-08-21 22:22: Train Epoch 12: 400/1641 Loss: 0.487720
2026-08-21 22:23: Train Epoch 12: 420/1641 Loss: 0.476215
2026-08-21 22:23: Train Epoch 12: 440/1641 Loss: 0.455324
2026-08-21 22:23: Train Epoch 12: 460/1641 Loss: 0.455529
2026-08-21 22:23: Train Epoch 12: 480/1641 Loss: 0.458181
2026-08-21 22:23: Train Epoch 12: 500/1641 Loss: 0.458885
2026-08-21 22:23: Train Epoch 12: 520/1641 Loss: 0.462442
2026-08-21 22:23: Train Epoch 12: 540/1641 Loss: 0.477700
2026-08-21 22:23: Train Epoch 12: 560/1641 Loss: 0.440873
2026-08-21 22:23: Train Epoch 12: 580/1641 Loss: 0.486356
2026-08-21 22:23: Train Epoch 12: 600/1641 Loss: 0.473184
2026-08-21 22:23: Train Epoch 12: 620/1641 Loss: 0.457015
2026-08-21 22:23: Train Epoch 12: 640/1641 Loss: 0.453514
2026-08-21 22:23: Train Epoch 12: 660/1641 Loss: 0.473003
2026-08-21 22:23: Train Epoch 12: 680/1641 Loss: 0.490211
2026-08-21 22:23: Train Epoch 12: 700/1641 Loss: 0.457566
2026-08-21 22:23: Train Epoch 12: 720/1641 Loss: 0.469742
2026-08-21 22:23: Train Epoch 12: 740/1641 Loss: 0.475525
2026-08-21 22:23: Train Epoch 12: 760/1641 Loss: 0.493475
2026-08-21 22:23: Train Epoch 12: 780/1641 Loss: 0.470183
2026-08-21 22:23: Train Epoch 12: 800/1641 Loss: 0.470525
2026-08-21 22:23: Train Epoch 12: 820/1641 Loss: 0.480573
2026-08-21 22:23: Train Epoch 12: 840/1641 Loss: 0.493481
2026-08-21 22:24: Train Epoch 12: 860/1641 Loss: 0.499339
2026-08-21 22:24: Train Epoch 12: 880/1641 Loss: 0.449891
2026-08-21 22:24: Train Epoch 12: 900/1641 Loss: 0.487535
2026-08-21 22:24: Train Epoch 12: 920/1641 Loss: 0.458250
2026-08-21 22:24: Train Epoch 12: 940/1641 Loss: 0.450989
2026-08-21 22:24: Train Epoch 12: 960/1641 Loss: 0.490246
2026-08-21 22:24: Train Epoch 12: 980/1641 Loss: 0.463182
2026-08-21 22:24: Train Epoch 12: 1000/1641 Loss: 0.442406
2026-08-21 22:24: Train Epoch 12: 1020/1641 Loss: 0.481210
2026-08-21 22:24: Train Epoch 12: 1040/1641 Loss: 0.489251
2026-08-21 22:24: Train Epoch 12: 1060/1641 Loss: 0.467864
2026-08-21 22:24: Train Epoch 12: 1080/1641 Loss: 0.454197
2026-08-21 22:24: Train Epoch 12: 1100/1641 Loss: 0.465617
2026-08-21 22:24: Train Epoch 12: 1120/1641 Loss: 0.444560
2026-08-21 22:24: Train Epoch 12: 1140/1641 Loss: 0.453835
2026-08-21 22:24: Train Epoch 12: 1160/1641 Loss: 0.477437
2026-08-21 22:24: Train Epoch 12: 1180/1641 Loss: 0.464558
2026-08-21 22:24: Train Epoch 12: 1200/1641 Loss: 0.454427
2026-08-21 22:24: Train Epoch 12: 1220/1641 Loss: 0.470055
2026-08-21 22:24: Train Epoch 12: 1240/1641 Loss: 0.486222
2026-08-21 22:24: Train Epoch 12: 1260/1641 Loss: 0.473719
2026-08-21 22:25: Train Epoch 12: 1280/1641 Loss: 0.460103
2026-08-21 22:25: Train Epoch 12: 1300/1641 Loss: 0.468402
2026-08-21 22:25: Train Epoch 12: 1320/1641 Loss: 0.473415
2026-08-21 22:25: Train Epoch 12: 1340/1641 Loss: 0.459523
2026-08-21 22:25: Train Epoch 12: 1360/1641 Loss: 0.434760
2026-08-21 22:25: Train Epoch 12: 1380/1641 Loss: 0.448695
2026-08-21 22:25: Train Epoch 12: 1400/1641 Loss: 0.496858
2026-08-21 22:25: Train Epoch 12: 1420/1641 Loss: 0.470551
2026-08-21 22:25: Train Epoch 12: 1440/1641 Loss: 0.456427
2026-08-21 22:25: Train Epoch 12: 1460/1641 Loss: 0.473565
2026-08-21 22:25: Train Epoch 12: 1480/1641 Loss: 0.463048
2026-08-21 22:25: Train Epoch 12: 1500/1641 Loss: 0.473429
2026-08-21 22:25: Train Epoch 12: 1520/1641 Loss: 0.484592
2026-08-21 22:25: Train Epoch 12: 1540/1641 Loss: 0.478296
2026-08-21 22:25: Train Epoch 12: 1560/1641 Loss: 0.457111
2026-08-21 22:25: Train Epoch 12: 1580/1641 Loss: 0.451161
2026-08-21 22:25: Train Epoch 12: 1600/1641 Loss: 0.456653
2026-08-21 22:25: Train Epoch 12: 1620/1641 Loss: 0.467983
2026-08-21 22:25: Train Epoch 12: 1640/1641 Loss: 0.472745
2026-08-21 22:25: **********Train Epoch 12: averaged Loss: 0.471554, tf_ratio: 1.000000
2026-08-21 22:26: **********Val Epoch 12: average Loss: 0.524125
2026-08-21 22:26: Train Epoch 13: 0/1641 Loss: 0.463030
2026-08-21 22:26: Train Epoch 13: 20/1641 Loss: 0.441182
2026-08-21 22:26: Train Epoch 13: 40/1641 Loss: 0.465214
2026-08-21 22:26: Train Epoch 13: 60/1641 Loss: 0.455963
2026-08-21 22:26: Train Epoch 13: 80/1641 Loss: 0.462793
2026-08-21 22:26: Train Epoch 13: 100/1641 Loss: 0.469324
2026-08-21 22:26: Train Epoch 13: 120/1641 Loss: 0.467696
2026-08-21 22:26: Train Epoch 13: 140/1641 Loss: 0.499308
2026-08-21 22:26: Train Epoch 13: 160/1641 Loss: 0.480833
2026-08-21 22:26: Train Epoch 13: 180/1641 Loss: 0.472495
2026-08-21 22:26: Train Epoch 13: 200/1641 Loss: 0.486561
2026-08-21 22:26: Train Epoch 13: 220/1641 Loss: 0.454202
2026-08-21 22:26: Train Epoch 13: 240/1641 Loss: 0.467660
2026-08-21 22:26: Train Epoch 13: 260/1641 Loss: 0.463547
2026-08-21 22:26: Train Epoch 13: 280/1641 Loss: 0.474691
2026-08-21 22:26: Train Epoch 13: 300/1641 Loss: 0.506204
2026-08-21 22:26: Train Epoch 13: 320/1641 Loss: 0.447849
2026-08-21 22:27: Train Epoch 13: 340/1641 Loss: 0.446095
2026-08-21 22:27: Train Epoch 13: 360/1641 Loss: 0.466821
2026-08-21 22:27: Train Epoch 13: 380/1641 Loss: 0.454330
2026-08-21 22:27: Train Epoch 13: 400/1641 Loss: 0.442596
2026-08-21 22:27: Train Epoch 13: 420/1641 Loss: 0.466700
2026-08-21 22:27: Train Epoch 13: 440/1641 Loss: 0.459927
2026-08-21 22:27: Train Epoch 13: 460/1641 Loss: 0.451385
2026-08-21 22:27: Train Epoch 13: 480/1641 Loss: 0.482334
2026-08-21 22:27: Train Epoch 13: 500/1641 Loss: 0.478468
2026-08-21 22:27: Train Epoch 13: 520/1641 Loss: 0.466996
2026-08-21 22:27: Train Epoch 13: 540/1641 Loss: 0.443402
2026-08-21 22:27: Train Epoch 13: 560/1641 Loss: 0.461725
2026-08-21 22:27: Train Epoch 13: 580/1641 Loss: 0.443055
2026-08-21 22:27: Train Epoch 13: 600/1641 Loss: 0.472179
2026-08-21 22:27: Train Epoch 13: 620/1641 Loss: 0.433667
2026-08-21 22:27: Train Epoch 13: 640/1641 Loss: 0.457686
2026-08-21 22:27: Train Epoch 13: 660/1641 Loss: 0.432096
2026-08-21 22:27: Train Epoch 13: 680/1641 Loss: 0.478866
2026-08-21 22:27: Train Epoch 13: 700/1641 Loss: 0.460279
2026-08-21 22:27: Train Epoch 13: 720/1641 Loss: 0.465416
2026-08-21 22:27: Train Epoch 13: 740/1641 Loss: 0.451632
2026-08-21 22:27: Train Epoch 13: 760/1641 Loss: 0.494836
2026-08-21 22:28: Train Epoch 13: 780/1641 Loss: 0.440867
2026-08-21 22:28: Train Epoch 13: 800/1641 Loss: 0.485466
2026-08-21 22:28: Train Epoch 13: 820/1641 Loss: 0.472171
2026-08-21 22:28: Train Epoch 13: 840/1641 Loss: 0.458498
2026-08-21 22:28: Train Epoch 13: 860/1641 Loss: 0.459222
2026-08-21 22:28: Train Epoch 13: 880/1641 Loss: 0.462041
2026-08-21 22:28: Train Epoch 13: 900/1641 Loss: 0.456372
2026-08-21 22:28: Train Epoch 13: 920/1641 Loss: 0.468781
2026-08-21 22:28: Train Epoch 13: 940/1641 Loss: 0.464063
2026-08-21 22:28: Train Epoch 13: 960/1641 Loss: 0.483577
2026-08-21 22:28: Train Epoch 13: 980/1641 Loss: 0.474011
2026-08-21 22:28: Train Epoch 13: 1000/1641 Loss: 0.471686
2026-08-21 22:28: Train Epoch 13: 1020/1641 Loss: 0.454602
2026-08-21 22:28: Train Epoch 13: 1040/1641 Loss: 0.457593
2026-08-21 22:28: Train Epoch 13: 1060/1641 Loss: 0.447614
2026-08-21 22:28: Train Epoch 13: 1080/1641 Loss: 0.471112
2026-08-21 22:28: Train Epoch 13: 1100/1641 Loss: 0.469002
2026-08-21 22:28: Train Epoch 13: 1120/1641 Loss: 0.500219
2026-08-21 22:28: Train Epoch 13: 1140/1641 Loss: 0.454620
2026-08-21 22:28: Train Epoch 13: 1160/1641 Loss: 0.458290
2026-08-21 22:28: Train Epoch 13: 1180/1641 Loss: 0.459058
2026-08-21 22:28: Train Epoch 13: 1200/1641 Loss: 0.458850
2026-08-21 22:29: Train Epoch 13: 1220/1641 Loss: 0.450228
2026-08-21 22:29: Train Epoch 13: 1240/1641 Loss: 0.449806
2026-08-21 22:29: Train Epoch 13: 1260/1641 Loss: 0.460061
2026-08-21 22:29: Train Epoch 13: 1280/1641 Loss: 0.459210
2026-08-21 22:29: Train Epoch 13: 1300/1641 Loss: 0.460717
2026-08-21 22:29: Train Epoch 13: 1320/1641 Loss: 0.463075
2026-08-21 22:29: Train Epoch 13: 1340/1641 Loss: 0.473828
2026-08-21 22:29: Train Epoch 13: 1360/1641 Loss: 0.467073
2026-08-21 22:29: Train Epoch 13: 1380/1641 Loss: 0.457301
2026-08-21 22:29: Train Epoch 13: 1400/1641 Loss: 0.460399
2026-08-21 22:29: Train Epoch 13: 1420/1641 Loss: 0.480671
2026-08-21 22:29: Train Epoch 13: 1440/1641 Loss: 0.451550
2026-08-21 22:29: Train Epoch 13: 1460/1641 Loss: 0.481630
2026-08-21 22:29: Train Epoch 13: 1480/1641 Loss: 0.438616
2026-08-21 22:29: Train Epoch 13: 1500/1641 Loss: 0.484560
2026-08-21 22:29: Train Epoch 13: 1520/1641 Loss: 0.451448
2026-08-21 22:29: Train Epoch 13: 1540/1641 Loss: 0.463516
2026-08-21 22:29: Train Epoch 13: 1560/1641 Loss: 0.459711
2026-08-21 22:29: Train Epoch 13: 1580/1641 Loss: 0.442615
2026-08-21 22:29: Train Epoch 13: 1600/1641 Loss: 0.475571
2026-08-21 22:29: Train Epoch 13: 1620/1641 Loss: 0.477903
2026-08-21 22:29: Train Epoch 13: 1640/1641 Loss: 0.463457
2026-08-21 22:29: **********Train Epoch 13: averaged Loss: 0.465329, tf_ratio: 1.000000
2026-08-21 22:30: **********Val Epoch 13: average Loss: 0.523412
2026-08-21 22:30: Train Epoch 14: 0/1641 Loss: 0.471432
2026-08-21 22:30: Train Epoch 14: 20/1641 Loss: 0.454826
2026-08-21 22:30: Train Epoch 14: 40/1641 Loss: 0.476201
2026-08-21 22:30: Train Epoch 14: 60/1641 Loss: 0.453055
2026-08-21 22:30: Train Epoch 14: 80/1641 Loss: 0.469207
2026-08-21 22:30: Train Epoch 14: 100/1641 Loss: 0.449718
2026-08-21 22:30: Train Epoch 14: 120/1641 Loss: 0.464418
2026-08-21 22:30: Train Epoch 14: 140/1641 Loss: 0.475037
2026-08-21 22:30: Train Epoch 14: 160/1641 Loss: 0.480024
2026-08-21 22:30: Train Epoch 14: 180/1641 Loss: 0.452189
2026-08-21 22:30: Train Epoch 14: 200/1641 Loss: 0.468615
2026-08-21 22:30: Train Epoch 14: 220/1641 Loss: 0.470544
2026-08-21 22:30: Train Epoch 14: 240/1641 Loss: 0.449738
2026-08-21 22:30: Train Epoch 14: 260/1641 Loss: 0.466320
2026-08-21 22:30: Train Epoch 14: 280/1641 Loss: 0.464253
2026-08-21 22:31: Train Epoch 14: 300/1641 Loss: 0.459317
2026-08-21 22:31: Train Epoch 14: 320/1641 Loss: 0.478582
2026-08-21 22:31: Train Epoch 14: 340/1641 Loss: 0.468315
2026-08-21 22:31: Train Epoch 14: 360/1641 Loss: 0.451528
2026-08-21 22:31: Train Epoch 14: 380/1641 Loss: 0.465275
2026-08-21 22:31: Train Epoch 14: 400/1641 Loss: 0.455872
2026-08-21 22:31: Train Epoch 14: 420/1641 Loss: 0.453602
2026-08-21 22:31: Train Epoch 14: 440/1641 Loss: 0.485846
2026-08-21 22:31: Train Epoch 14: 460/1641 Loss: 0.462253
2026-08-21 22:31: Train Epoch 14: 480/1641 Loss: 0.460583
2026-08-21 22:31: Train Epoch 14: 500/1641 Loss: 0.464031
2026-08-21 22:31: Train Epoch 14: 520/1641 Loss: 0.480118
2026-08-21 22:31: Train Epoch 14: 540/1641 Loss: 0.451965
2026-08-21 22:31: Train Epoch 14: 560/1641 Loss: 0.454953
2026-08-21 22:31: Train Epoch 14: 580/1641 Loss: 0.456599
2026-08-21 22:31: Train Epoch 14: 600/1641 Loss: 0.447939
2026-08-21 22:31: Train Epoch 14: 620/1641 Loss: 0.484025
2026-08-21 22:31: Train Epoch 14: 640/1641 Loss: 0.460005
2026-08-21 22:31: Train Epoch 14: 660/1641 Loss: 0.442832
2026-08-21 22:31: Train Epoch 14: 680/1641 Loss: 0.474153
2026-08-21 22:31: Train Epoch 14: 700/1641 Loss: 0.465303
2026-08-21 22:31: Train Epoch 14: 720/1641 Loss: 0.455896
2026-08-21 22:32: Train Epoch 14: 740/1641 Loss: 0.464138
2026-08-21 22:32: Train Epoch 14: 760/1641 Loss: 0.466227
2026-08-21 22:32: Train Epoch 14: 780/1641 Loss: 0.469442
2026-08-21 22:32: Train Epoch 14: 800/1641 Loss: 0.461746
2026-08-21 22:32: Train Epoch 14: 820/1641 Loss: 0.451211
2026-08-21 22:32: Train Epoch 14: 840/1641 Loss: 0.446795
2026-08-21 22:32: Train Epoch 14: 860/1641 Loss: 0.468569
2026-08-21 22:32: Train Epoch 14: 880/1641 Loss: 0.461474
2026-08-21 22:32: Train Epoch 14: 900/1641 Loss: 0.431395
2026-08-21 22:32: Train Epoch 14: 920/1641 Loss: 0.470789
2026-08-21 22:32: Train Epoch 14: 940/1641 Loss: 0.483317
2026-08-21 22:32: Train Epoch 14: 960/1641 Loss: 0.472868
2026-08-21 22:32: Train Epoch 14: 980/1641 Loss: 0.460202
2026-08-21 22:32: Train Epoch 14: 1000/1641 Loss: 0.446031
2026-08-21 22:32: Train Epoch 14: 1020/1641 Loss: 0.461694
2026-08-21 22:32: Train Epoch 14: 1040/1641 Loss: 0.468077
2026-08-21 22:32: Train Epoch 14: 1060/1641 Loss: 0.466451
2026-08-21 22:32: Train Epoch 14: 1080/1641 Loss: 0.435208
2026-08-21 22:32: Train Epoch 14: 1100/1641 Loss: 0.469942
2026-08-21 22:32: Train Epoch 14: 1120/1641 Loss: 0.460691
2026-08-21 22:32: Train Epoch 14: 1140/1641 Loss: 0.461388
2026-08-21 22:32: Train Epoch 14: 1160/1641 Loss: 0.463868
2026-08-21 22:33: Train Epoch 14: 1180/1641 Loss: 0.464085
2026-08-21 22:33: Train Epoch 14: 1200/1641 Loss: 0.447967
2026-08-21 22:33: Train Epoch 14: 1220/1641 Loss: 0.473568
2026-08-21 22:33: Train Epoch 14: 1240/1641 Loss: 0.432335
2026-08-21 22:33: Train Epoch 14: 1260/1641 Loss: 0.463109
2026-08-21 22:33: Train Epoch 14: 1280/1641 Loss: 0.461171
2026-08-21 22:33: Train Epoch 14: 1300/1641 Loss: 0.467700
2026-08-21 22:33: Train Epoch 14: 1320/1641 Loss: 0.430493
2026-08-21 22:33: Train Epoch 14: 1340/1641 Loss: 0.446620
2026-08-21 22:33: Train Epoch 14: 1360/1641 Loss: 0.467772
2026-08-21 22:33: Train Epoch 14: 1380/1641 Loss: 0.451050
2026-08-21 22:33: Train Epoch 14: 1400/1641 Loss: 0.439922
2026-08-21 22:33: Train Epoch 14: 1420/1641 Loss: 0.449427
2026-08-21 22:33: Train Epoch 14: 1440/1641 Loss: 0.447218
2026-08-21 22:33: Train Epoch 14: 1460/1641 Loss: 0.486168
2026-08-21 22:33: Train Epoch 14: 1480/1641 Loss: 0.457852
2026-08-21 22:33: Train Epoch 14: 1500/1641 Loss: 0.446625
2026-08-21 22:33: Train Epoch 14: 1520/1641 Loss: 0.467300
2026-08-21 22:33: Train Epoch 14: 1540/1641 Loss: 0.452959
2026-08-21 22:33: Train Epoch 14: 1560/1641 Loss: 0.478950
2026-08-21 22:33: Train Epoch 14: 1580/1641 Loss: 0.481669
2026-08-21 22:34: Train Epoch 14: 1600/1641 Loss: 0.446837
2026-08-21 22:34: Train Epoch 14: 1620/1641 Loss: 0.465655
2026-08-21 22:34: Train Epoch 14: 1640/1641 Loss: 0.430548
2026-08-21 22:34: **********Train Epoch 14: averaged Loss: 0.459661, tf_ratio: 1.000000
2026-08-21 22:34: **********Val Epoch 14: average Loss: 0.525334
2026-08-21 22:34: Train Epoch 15: 0/1641 Loss: 0.454132
2026-08-21 22:34: Train Epoch 15: 20/1641 Loss: 0.462710
2026-08-21 22:34: Train Epoch 15: 40/1641 Loss: 0.461254
2026-08-21 22:34: Train Epoch 15: 60/1641 Loss: 0.464713
2026-08-21 22:34: Train Epoch 15: 80/1641 Loss: 0.464816
2026-08-21 22:34: Train Epoch 15: 100/1641 Loss: 0.456724
2026-08-21 22:34: Train Epoch 15: 120/1641 Loss: 0.451948
2026-08-21 22:34: Train Epoch 15: 140/1641 Loss: 0.471108
2026-08-21 22:34: Train Epoch 15: 160/1641 Loss: 0.442221
2026-08-21 22:34: Train Epoch 15: 180/1641 Loss: 0.462204
2026-08-21 22:34: Train Epoch 15: 200/1641 Loss: 0.441680
2026-08-21 22:34: Train Epoch 15: 220/1641 Loss: 0.441568
2026-08-21 22:35: Train Epoch 15: 240/1641 Loss: 0.446734
2026-08-21 22:35: Train Epoch 15: 260/1641 Loss: 0.447124
2026-08-21 22:35: Train Epoch 15: 280/1641 Loss: 0.461259
2026-08-21 22:35: Train Epoch 15: 300/1641 Loss: 0.457274
2026-08-21 22:35: Train Epoch 15: 320/1641 Loss: 0.458756
2026-08-21 22:35: Train Epoch 15: 340/1641 Loss: 0.458677
2026-08-21 22:35: Train Epoch 15: 360/1641 Loss: 0.457295
2026-08-21 22:35: Train Epoch 15: 380/1641 Loss: 0.481347
2026-08-21 22:35: Train Epoch 15: 400/1641 Loss: 0.468686
2026-08-21 22:35: Train Epoch 15: 420/1641 Loss: 0.440994
2026-08-21 22:35: Train Epoch 15: 440/1641 Loss: 0.452020
2026-08-21 22:35: Train Epoch 15: 460/1641 Loss: 0.433030
2026-08-21 22:35: Train Epoch 15: 480/1641 Loss: 0.464814
2026-08-21 22:35: Train Epoch 15: 500/1641 Loss: 0.453944
2026-08-21 22:35: Train Epoch 15: 520/1641 Loss: 0.454192
2026-08-21 22:35: Train Epoch 15: 540/1641 Loss: 0.450488
2026-08-21 22:35: Train Epoch 15: 560/1641 Loss: 0.448895
2026-08-21 22:35: Train Epoch 15: 580/1641 Loss: 0.453688
2026-08-21 22:35: Train Epoch 15: 600/1641 Loss: 0.464656
2026-08-21 22:35: Train Epoch 15: 620/1641 Loss: 0.458513
2026-08-21 22:35: Train Epoch 15: 640/1641 Loss: 0.450254
2026-08-21 22:35: Train Epoch 15: 660/1641 Loss: 0.469767
2026-08-21 22:36: Train Epoch 15: 680/1641 Loss: 0.450306
2026-08-21 22:36: Train Epoch 15: 700/1641 Loss: 0.475774
2026-08-21 22:36: Train Epoch 15: 720/1641 Loss: 0.452562
2026-08-21 22:36: Train Epoch 15: 740/1641 Loss: 0.458151
2026-08-21 22:36: Train Epoch 15: 760/1641 Loss: 0.448430
2026-08-21 22:36: Train Epoch 15: 780/1641 Loss: 0.464288
2026-08-21 22:36: Train Epoch 15: 800/1641 Loss: 0.439892
2026-08-21 22:36: Train Epoch 15: 820/1641 Loss: 0.457843
2026-08-21 22:36: Train Epoch 15: 840/1641 Loss: 0.442926
2026-08-21 22:36: Train Epoch 15: 860/1641 Loss: 0.413423
2026-08-21 22:36: Train Epoch 15: 880/1641 Loss: 0.436925
2026-08-21 22:36: Train Epoch 15: 900/1641 Loss: 0.488827
2026-08-21 22:36: Train Epoch 15: 920/1641 Loss: 0.443549
2026-08-21 22:36: Train Epoch 15: 940/1641 Loss: 0.472769
2026-08-21 22:36: Train Epoch 15: 960/1641 Loss: 0.441264
2026-08-21 22:36: Train Epoch 15: 980/1641 Loss: 0.456591
2026-08-21 22:36: Train Epoch 15: 1000/1641 Loss: 0.477950
2026-08-21 22:36: Train Epoch 15: 1020/1641 Loss: 0.449649
2026-08-21 22:36: Train Epoch 15: 1040/1641 Loss: 0.452481
2026-08-21 22:36: Train Epoch 15: 1060/1641 Loss: 0.492400
2026-08-21 22:36: Train Epoch 15: 1080/1641 Loss: 0.446352
2026-08-21 22:37: Train Epoch 15: 1100/1641 Loss: 0.455997
2026-08-21 22:37: Train Epoch 15: 1120/1641 Loss: 0.452069
2026-08-21 22:37: Train Epoch 15: 1140/1641 Loss: 0.452761
2026-08-21 22:37: Train Epoch 15: 1160/1641 Loss: 0.440527
2026-08-21 22:37: Train Epoch 15: 1180/1641 Loss: 0.450584
2026-08-21 22:37: Train Epoch 15: 1200/1641 Loss: 0.439956
2026-08-21 22:37: Train Epoch 15: 1220/1641 Loss: 0.447797
2026-08-21 22:37: Train Epoch 15: 1240/1641 Loss: 0.457510
2026-08-21 22:37: Train Epoch 15: 1260/1641 Loss: 0.439686
2026-08-21 22:37: Train Epoch 15: 1280/1641 Loss: 0.437128
2026-08-21 22:37: Train Epoch 15: 1300/1641 Loss: 0.462627
2026-08-21 22:37: Train Epoch 15: 1320/1641 Loss: 0.461868
2026-08-21 22:37: Train Epoch 15: 1340/1641 Loss: 0.470189
2026-08-21 22:37: Train Epoch 15: 1360/1641 Loss: 0.429708
2026-08-21 22:37: Train Epoch 15: 1380/1641 Loss: 0.449428
2026-08-21 22:37: Train Epoch 15: 1400/1641 Loss: 0.442432
2026-08-21 22:37: Train Epoch 15: 1420/1641 Loss: 0.464234
2026-08-21 22:37: Train Epoch 15: 1440/1641 Loss: 0.437511
2026-08-21 22:37: Train Epoch 15: 1460/1641 Loss: 0.452922
2026-08-21 22:37: Train Epoch 15: 1480/1641 Loss: 0.462797
2026-08-21 22:37: Train Epoch 15: 1500/1641 Loss: 0.428117
2026-08-21 22:37: Train Epoch 15: 1520/1641 Loss: 0.435796
2026-08-21 22:38: Train Epoch 15: 1540/1641 Loss: 0.468469
2026-08-21 22:38: Train Epoch 15: 1560/1641 Loss: 0.441420
2026-08-21 22:38: Train Epoch 15: 1580/1641 Loss: 0.460045
2026-08-21 22:38: Train Epoch 15: 1600/1641 Loss: 0.451902
2026-08-21 22:38: Train Epoch 15: 1620/1641 Loss: 0.454753
2026-08-21 22:38: Train Epoch 15: 1640/1641 Loss: 0.448348
2026-08-21 22:38: **********Train Epoch 15: averaged Loss: 0.454036, tf_ratio: 1.000000
2026-08-21 22:38: **********Val Epoch 15: average Loss: 0.530604
2026-08-21 22:38: Train Epoch 16: 0/1641 Loss: 0.437936
2026-08-21 22:38: Train Epoch 16: 20/1641 Loss: 0.452245
2026-08-21 22:38: Train Epoch 16: 40/1641 Loss: 0.461920
2026-08-21 22:38: Train Epoch 16: 60/1641 Loss: 0.454175
2026-08-21 22:38: Train Epoch 16: 80/1641 Loss: 0.437015
2026-08-21 22:38: Train Epoch 16: 100/1641 Loss: 0.429012
2026-08-21 22:38: Train Epoch 16: 120/1641 Loss: 0.459501
2026-08-21 22:38: Train Epoch 16: 140/1641 Loss: 0.458171
2026-08-21 22:38: Train Epoch 16: 160/1641 Loss: 0.446631
2026-08-21 22:39: Train Epoch 16: 180/1641 Loss: 0.459703
2026-08-21 22:39: Train Epoch 16: 200/1641 Loss: 0.452925
2026-08-21 22:39: Train Epoch 16: 220/1641 Loss: 0.454424
2026-08-21 22:39: Train Epoch 16: 240/1641 Loss: 0.451515
2026-08-21 22:39: Train Epoch 16: 260/1641 Loss: 0.458502
2026-08-21 22:39: Train Epoch 16: 280/1641 Loss: 0.468358
2026-08-21 22:39: Train Epoch 16: 300/1641 Loss: 0.428778
2026-08-21 22:39: Train Epoch 16: 320/1641 Loss: 0.467582
2026-08-21 22:39: Train Epoch 16: 340/1641 Loss: 0.461918
2026-08-21 22:39: Train Epoch 16: 360/1641 Loss: 0.463711
2026-08-21 22:39: Train Epoch 16: 380/1641 Loss: 0.453632
2026-08-21 22:39: Train Epoch 16: 400/1641 Loss: 0.477274
2026-08-21 22:39: Train Epoch 16: 420/1641 Loss: 0.444026
2026-08-21 22:39: Train Epoch 16: 440/1641 Loss: 0.454592
2026-08-21 22:39: Train Epoch 16: 460/1641 Loss: 0.428785
2026-08-21 22:39: Train Epoch 16: 480/1641 Loss: 0.445740
2026-08-21 22:39: Train Epoch 16: 500/1641 Loss: 0.452133
2026-08-21 22:39: Train Epoch 16: 520/1641 Loss: 0.442755
2026-08-21 22:39: Train Epoch 16: 540/1641 Loss: 0.452094
2026-08-21 22:39: Train Epoch 16: 560/1641 Loss: 0.444711
2026-08-21 22:39: Train Epoch 16: 580/1641 Loss: 0.448367
2026-08-21 22:39: Train Epoch 16: 600/1641 Loss: 0.449698
2026-08-21 22:40: Train Epoch 16: 620/1641 Loss: 0.436625
2026-08-21 22:40: Train Epoch 16: 640/1641 Loss: 0.458836
2026-08-21 22:40: Train Epoch 16: 660/1641 Loss: 0.457413
2026-08-21 22:40: Train Epoch 16: 680/1641 Loss: 0.439633
2026-08-21 22:40: Train Epoch 16: 700/1641 Loss: 0.453757
2026-08-21 22:40: Train Epoch 16: 720/1641 Loss: 0.439205
2026-08-21 22:40: Train Epoch 16: 740/1641 Loss: 0.453098
2026-08-21 22:40: Train Epoch 16: 760/1641 Loss: 0.449401
2026-08-21 22:40: Train Epoch 16: 780/1641 Loss: 0.427904
2026-08-21 22:40: Train Epoch 16: 800/1641 Loss: 0.447109
2026-08-21 22:40: Train Epoch 16: 820/1641 Loss: 0.467406
2026-08-21 22:40: Train Epoch 16: 840/1641 Loss: 0.457650
2026-08-21 22:40: Train Epoch 16: 860/1641 Loss: 0.439365
2026-08-21 22:40: Train Epoch 16: 880/1641 Loss: 0.444265
2026-08-21 22:40: Train Epoch 16: 900/1641 Loss: 0.413122
2026-08-21 22:40: Train Epoch 16: 920/1641 Loss: 0.456782
2026-08-21 22:40: Train Epoch 16: 940/1641 Loss: 0.458554
2026-08-21 22:40: Train Epoch 16: 960/1641 Loss: 0.456065
2026-08-21 22:40: Train Epoch 16: 980/1641 Loss: 0.444859
2026-08-21 22:40: Train Epoch 16: 1000/1641 Loss: 0.443368
2026-08-21 22:40: Train Epoch 16: 1020/1641 Loss: 0.447125
2026-08-21 22:41: Train Epoch 16: 1040/1641 Loss: 0.439693
2026-08-21 22:41: Train Epoch 16: 1060/1641 Loss: 0.450682
2026-08-21 22:41: Train Epoch 16: 1080/1641 Loss: 0.458559
2026-08-21 22:41: Train Epoch 16: 1100/1641 Loss: 0.426985
2026-08-21 22:41: Train Epoch 16: 1120/1641 Loss: 0.433845
2026-08-21 22:41: Train Epoch 16: 1140/1641 Loss: 0.449007
2026-08-21 22:41: Train Epoch 16: 1160/1641 Loss: 0.445591
2026-08-21 22:41: Train Epoch 16: 1180/1641 Loss: 0.435413
2026-08-21 22:41: Train Epoch 16: 1200/1641 Loss: 0.471488
2026-08-21 22:41: Train Epoch 16: 1220/1641 Loss: 0.453444
2026-08-21 22:41: Train Epoch 16: 1240/1641 Loss: 0.445097
2026-08-21 22:41: Train Epoch 16: 1260/1641 Loss: 0.443797
2026-08-21 22:41: Train Epoch 16: 1280/1641 Loss: 0.460232
2026-08-21 22:41: Train Epoch 16: 1300/1641 Loss: 0.433225
2026-08-21 22:41: Train Epoch 16: 1320/1641 Loss: 0.445055
2026-08-21 22:41: Train Epoch 16: 1340/1641 Loss: 0.472027
2026-08-21 22:41: Train Epoch 16: 1360/1641 Loss: 0.464164
2026-08-21 22:41: Train Epoch 16: 1380/1641 Loss: 0.455709
2026-08-21 22:41: Train Epoch 16: 1400/1641 Loss: 0.458553
2026-08-21 22:41: Train Epoch 16: 1420/1641 Loss: 0.458481
2026-08-21 22:41: Train Epoch 16: 1440/1641 Loss: 0.446200
2026-08-21 22:41: Train Epoch 16: 1460/1641 Loss: 0.478964
2026-08-21 22:42: Train Epoch 16: 1480/1641 Loss: 0.453767
2026-08-21 22:42: Train Epoch 16: 1500/1641 Loss: 0.457867
2026-08-21 22:42: Train Epoch 16: 1520/1641 Loss: 0.462349
2026-08-21 22:42: Train Epoch 16: 1540/1641 Loss: 0.452145
2026-08-21 22:42: Train Epoch 16: 1560/1641 Loss: 0.454974
2026-08-21 22:42: Train Epoch 16: 1580/1641 Loss: 0.425705
2026-08-21 22:42: Train Epoch 16: 1600/1641 Loss: 0.448759
2026-08-21 22:42: Train Epoch 16: 1620/1641 Loss: 0.460644
2026-08-21 22:42: Train Epoch 16: 1640/1641 Loss: 0.452037
2026-08-21 22:42: **********Train Epoch 16: averaged Loss: 0.448748, tf_ratio: 1.000000
2026-08-21 22:42: **********Val Epoch 16: average Loss: 0.528072
2026-08-21 22:42: Train Epoch 17: 0/1641 Loss: 0.431211
2026-08-21 22:42: Train Epoch 17: 20/1641 Loss: 0.450155
2026-08-21 22:42: Train Epoch 17: 40/1641 Loss: 0.438295
2026-08-21 22:42: Train Epoch 17: 60/1641 Loss: 0.472515
2026-08-21 22:42: Train Epoch 17: 80/1641 Loss: 0.427920
2026-08-21 22:42: Train Epoch 17: 100/1641 Loss: 0.457899
2026-08-21 22:43: Train Epoch 17: 120/1641 Loss: 0.442973
2026-08-21 22:43: Train Epoch 17: 140/1641 Loss: 0.426410
2026-08-21 22:43: Train Epoch 17: 160/1641 Loss: 0.432741
2026-08-21 22:43: Train Epoch 17: 180/1641 Loss: 0.442251
2026-08-21 22:43: Train Epoch 17: 200/1641 Loss: 0.436203
2026-08-21 22:43: Train Epoch 17: 220/1641 Loss: 0.462262
2026-08-21 22:43: Train Epoch 17: 240/1641 Loss: 0.438194
2026-08-21 22:43: Train Epoch 17: 260/1641 Loss: 0.461469
2026-08-21 22:43: Train Epoch 17: 280/1641 Loss: 0.440815
2026-08-21 22:43: Train Epoch 17: 300/1641 Loss: 0.446238
2026-08-21 22:43: Train Epoch 17: 320/1641 Loss: 0.453796
2026-08-21 22:43: Train Epoch 17: 340/1641 Loss: 0.446047
2026-08-21 22:43: Train Epoch 17: 360/1641 Loss: 0.439091
2026-08-21 22:43: Train Epoch 17: 380/1641 Loss: 0.466998
2026-08-21 22:43: Train Epoch 17: 400/1641 Loss: 0.441825
2026-08-21 22:43: Train Epoch 17: 420/1641 Loss: 0.438115
2026-08-21 22:43: Train Epoch 17: 440/1641 Loss: 0.437205
2026-08-21 22:43: Train Epoch 17: 460/1641 Loss: 0.459879
2026-08-21 22:43: Train Epoch 17: 480/1641 Loss: 0.450298
2026-08-21 22:43: Train Epoch 17: 500/1641 Loss: 0.450597
2026-08-21 22:43: Train Epoch 17: 520/1641 Loss: 0.465541
2026-08-21 22:43: Train Epoch 17: 540/1641 Loss: 0.459254
2026-08-21 22:44: Train Epoch 17: 560/1641 Loss: 0.432073
2026-08-21 22:44: Train Epoch 17: 580/1641 Loss: 0.446220
2026-08-21 22:44: Train Epoch 17: 600/1641 Loss: 0.432870
2026-08-21 22:44: Train Epoch 17: 620/1641 Loss: 0.423745
2026-08-21 22:44: Train Epoch 17: 640/1641 Loss: 0.439021
2026-08-21 22:44: Train Epoch 17: 660/1641 Loss: 0.438636
2026-08-21 22:44: Train Epoch 17: 680/1641 Loss: 0.420018
2026-08-21 22:44: Train Epoch 17: 700/1641 Loss: 0.458005
2026-08-21 22:44: Train Epoch 17: 720/1641 Loss: 0.414284
2026-08-21 22:44: Train Epoch 17: 740/1641 Loss: 0.471341
2026-08-21 22:44: Train Epoch 17: 760/1641 Loss: 0.441123
2026-08-21 22:44: Train Epoch 17: 780/1641 Loss: 0.451501
2026-08-21 22:44: Train Epoch 17: 800/1641 Loss: 0.442363
2026-08-21 22:44: Train Epoch 17: 820/1641 Loss: 0.468277
2026-08-21 22:44: Train Epoch 17: 840/1641 Loss: 0.478691
2026-08-21 22:44: Train Epoch 17: 860/1641 Loss: 0.422760
2026-08-21 22:44: Train Epoch 17: 880/1641 Loss: 0.442746
2026-08-21 22:44: Train Epoch 17: 900/1641 Loss: 0.448535
2026-08-21 22:44: Train Epoch 17: 920/1641 Loss: 0.461427
2026-08-21 22:44: Train Epoch 17: 940/1641 Loss: 0.438697
2026-08-21 22:44: Train Epoch 17: 960/1641 Loss: 0.448731
2026-08-21 22:45: Train Epoch 17: 980/1641 Loss: 0.454621
2026-08-21 22:45: Train Epoch 17: 1000/1641 Loss: 0.447505
2026-08-21 22:45: Train Epoch 17: 1020/1641 Loss: 0.456250
2026-08-21 22:45: Train Epoch 17: 1040/1641 Loss: 0.432849
2026-08-21 22:45: Train Epoch 17: 1060/1641 Loss: 0.450930
2026-08-21 22:45: Train Epoch 17: 1080/1641 Loss: 0.454370
2026-08-21 22:45: Train Epoch 17: 1100/1641 Loss: 0.470863
2026-08-21 22:45: Train Epoch 17: 1120/1641 Loss: 0.427868
2026-08-21 22:45: Train Epoch 17: 1140/1641 Loss: 0.459808
2026-08-21 22:45: Train Epoch 17: 1160/1641 Loss: 0.432092
2026-08-21 22:45: Train Epoch 17: 1180/1641 Loss: 0.438726
2026-08-21 22:45: Train Epoch 17: 1200/1641 Loss: 0.438316
2026-08-21 22:45: Train Epoch 17: 1220/1641 Loss: 0.463372
2026-08-21 22:45: Train Epoch 17: 1240/1641 Loss: 0.457082
2026-08-21 22:45: Train Epoch 17: 1260/1641 Loss: 0.454983
2026-08-21 22:45: Train Epoch 17: 1280/1641 Loss: 0.439517
2026-08-21 22:45: Train Epoch 17: 1300/1641 Loss: 0.427177
2026-08-21 22:45: Train Epoch 17: 1320/1641 Loss: 0.443934
2026-08-21 22:45: Train Epoch 17: 1340/1641 Loss: 0.449624
2026-08-21 22:45: Train Epoch 17: 1360/1641 Loss: 0.442234
2026-08-21 22:45: Train Epoch 17: 1380/1641 Loss: 0.454207
2026-08-21 22:45: Train Epoch 17: 1400/1641 Loss: 0.452796
2026-08-21 22:46: Train Epoch 17: 1420/1641 Loss: 0.430049
2026-08-21 22:46: Train Epoch 17: 1440/1641 Loss: 0.443853
2026-08-21 22:46: Train Epoch 17: 1460/1641 Loss: 0.446989
2026-08-21 22:46: Train Epoch 17: 1480/1641 Loss: 0.448671
2026-08-21 22:46: Train Epoch 17: 1500/1641 Loss: 0.485844
2026-08-21 22:46: Train Epoch 17: 1520/1641 Loss: 0.435739
2026-08-21 22:46: Train Epoch 17: 1540/1641 Loss: 0.455054
2026-08-21 22:46: Train Epoch 17: 1560/1641 Loss: 0.456004
2026-08-21 22:46: Train Epoch 17: 1580/1641 Loss: 0.462615
2026-08-21 22:46: Train Epoch 17: 1600/1641 Loss: 0.438683
2026-08-21 22:46: Train Epoch 17: 1620/1641 Loss: 0.420975
2026-08-21 22:46: Train Epoch 17: 1640/1641 Loss: 0.430575
2026-08-21 22:46: **********Train Epoch 17: averaged Loss: 0.443589, tf_ratio: 1.000000
2026-08-21 22:46: **********Val Epoch 17: average Loss: 0.532686
2026-08-21 22:46: Train Epoch 18: 0/1641 Loss: 0.450296
2026-08-21 22:46: Train Epoch 18: 20/1641 Loss: 0.399242
2026-08-21 22:46: Train Epoch 18: 40/1641 Loss: 0.439897
2026-08-21 22:47: Train Epoch 18: 60/1641 Loss: 0.416430
2026-08-21 22:47: Train Epoch 18: 80/1641 Loss: 0.441555
2026-08-21 22:47: Train Epoch 18: 100/1641 Loss: 0.426374
2026-08-21 22:47: Train Epoch 18: 120/1641 Loss: 0.428789
2026-08-21 22:47: Train Epoch 18: 140/1641 Loss: 0.415041
2026-08-21 22:47: Train Epoch 18: 160/1641 Loss: 0.458301
2026-08-21 22:47: Train Epoch 18: 180/1641 Loss: 0.450389
2026-08-21 22:47: Train Epoch 18: 200/1641 Loss: 0.438319
2026-08-21 22:47: Train Epoch 18: 220/1641 Loss: 0.447081
2026-08-21 22:47: Train Epoch 18: 240/1641 Loss: 0.448055
2026-08-21 22:47: Train Epoch 18: 260/1641 Loss: 0.452703
2026-08-21 22:47: Train Epoch 18: 280/1641 Loss: 0.428835
2026-08-21 22:47: Train Epoch 18: 300/1641 Loss: 0.393619
2026-08-21 22:47: Train Epoch 18: 320/1641 Loss: 0.433196
2026-08-21 22:47: Train Epoch 18: 340/1641 Loss: 0.449648
2026-08-21 22:47: Train Epoch 18: 360/1641 Loss: 0.440463
2026-08-21 22:47: Train Epoch 18: 380/1641 Loss: 0.418356
2026-08-21 22:47: Train Epoch 18: 400/1641 Loss: 0.460526
2026-08-21 22:47: Train Epoch 18: 420/1641 Loss: 0.429331
2026-08-21 22:47: Train Epoch 18: 440/1641 Loss: 0.427008
2026-08-21 22:47: Train Epoch 18: 460/1641 Loss: 0.443664
2026-08-21 22:48: Train Epoch 18: 480/1641 Loss: 0.424123
2026-08-21 22:48: Train Epoch 18: 500/1641 Loss: 0.428723
2026-08-21 22:48: Train Epoch 18: 520/1641 Loss: 0.436926
2026-08-21 22:48: Train Epoch 18: 540/1641 Loss: 0.413790
2026-08-21 22:48: Train Epoch 18: 560/1641 Loss: 0.438139
2026-08-21 22:48: Train Epoch 18: 580/1641 Loss: 0.424146
2026-08-21 22:48: Train Epoch 18: 600/1641 Loss: 0.462717
2026-08-21 22:48: Train Epoch 18: 620/1641 Loss: 0.437511
2026-08-21 22:48: Train Epoch 18: 640/1641 Loss: 0.424929
2026-08-21 22:48: Train Epoch 18: 660/1641 Loss: 0.445608
2026-08-21 22:48: Train Epoch 18: 680/1641 Loss: 0.438650
2026-08-21 22:48: Train Epoch 18: 700/1641 Loss: 0.431196
2026-08-21 22:48: Train Epoch 18: 720/1641 Loss: 0.452891
2026-08-21 22:48: Train Epoch 18: 740/1641 Loss: 0.453753
2026-08-21 22:48: Train Epoch 18: 760/1641 Loss: 0.443208
2026-08-21 22:48: Train Epoch 18: 780/1641 Loss: 0.437598
2026-08-21 22:48: Train Epoch 18: 800/1641 Loss: 0.399658
2026-08-21 22:48: Train Epoch 18: 820/1641 Loss: 0.446802
2026-08-21 22:48: Train Epoch 18: 840/1641 Loss: 0.464300
2026-08-21 22:48: Train Epoch 18: 860/1641 Loss: 0.434085
2026-08-21 22:48: Train Epoch 18: 880/1641 Loss: 0.444970
2026-08-21 22:48: Train Epoch 18: 900/1641 Loss: 0.446552
2026-08-21 22:49: Train Epoch 18: 920/1641 Loss: 0.442096
2026-08-21 22:49: Train Epoch 18: 940/1641 Loss: 0.434500
2026-08-21 22:49: Train Epoch 18: 960/1641 Loss: 0.453809
2026-08-21 22:49: Train Epoch 18: 980/1641 Loss: 0.448411
2026-08-21 22:49: Train Epoch 18: 1000/1641 Loss: 0.449792
2026-08-21 22:49: Train Epoch 18: 1020/1641 Loss: 0.420086
2026-08-21 22:49: Train Epoch 18: 1040/1641 Loss: 0.440734
2026-08-21 22:49: Train Epoch 18: 1060/1641 Loss: 0.408395
2026-08-21 22:49: Train Epoch 18: 1080/1641 Loss: 0.422414
2026-08-21 22:49: Train Epoch 18: 1100/1641 Loss: 0.453952
2026-08-21 22:49: Train Epoch 18: 1120/1641 Loss: 0.423459
2026-08-21 22:49: Train Epoch 18: 1140/1641 Loss: 0.448436
2026-08-21 22:49: Train Epoch 18: 1160/1641 Loss: 0.454323
2026-08-21 22:49: Train Epoch 18: 1180/1641 Loss: 0.465410
2026-08-21 22:49: Train Epoch 18: 1200/1641 Loss: 0.434507
2026-08-21 22:49: Train Epoch 18: 1220/1641 Loss: 0.441693
2026-08-21 22:49: Train Epoch 18: 1240/1641 Loss: 0.447211
2026-08-21 22:49: Train Epoch 18: 1260/1641 Loss: 0.429621
2026-08-21 22:49: Train Epoch 18: 1280/1641 Loss: 0.446654
2026-08-21 22:49: Train Epoch 18: 1300/1641 Loss: 0.421227
2026-08-21 22:49: Train Epoch 18: 1320/1641 Loss: 0.433672
2026-08-21 22:49: Train Epoch 18: 1340/1641 Loss: 0.453300
2026-08-21 22:50: Train Epoch 18: 1360/1641 Loss: 0.424890
2026-08-21 22:50: Train Epoch 18: 1380/1641 Loss: 0.427002
2026-08-21 22:50: Train Epoch 18: 1400/1641 Loss: 0.435167
2026-08-21 22:50: Train Epoch 18: 1420/1641 Loss: 0.438229
2026-08-21 22:50: Train Epoch 18: 1440/1641 Loss: 0.455545
2026-08-21 22:50: Train Epoch 18: 1460/1641 Loss: 0.447054
2026-08-21 22:50: Train Epoch 18: 1480/1641 Loss: 0.467188
2026-08-21 22:50: Train Epoch 18: 1500/1641 Loss: 0.444060
2026-08-21 22:50: Train Epoch 18: 1520/1641 Loss: 0.467981
2026-08-21 22:50: Train Epoch 18: 1540/1641 Loss: 0.462479
2026-08-21 22:50: Train Epoch 18: 1560/1641 Loss: 0.421035
2026-08-21 22:50: Train Epoch 18: 1580/1641 Loss: 0.451761
2026-08-21 22:50: Train Epoch 18: 1600/1641 Loss: 0.463864
2026-08-21 22:50: Train Epoch 18: 1620/1641 Loss: 0.433057
2026-08-21 22:50: Train Epoch 18: 1640/1641 Loss: 0.441310
2026-08-21 22:50: **********Train Epoch 18: averaged Loss: 0.438989, tf_ratio: 1.000000
2026-08-21 22:51: **********Val Epoch 18: average Loss: 0.529694
2026-08-21 22:51: Train Epoch 19: 0/1641 Loss: 0.425801
2026-08-21 22:51: Train Epoch 19: 20/1641 Loss: 0.433310
2026-08-21 22:51: Train Epoch 19: 40/1641 Loss: 0.421424
2026-08-21 22:51: Train Epoch 19: 60/1641 Loss: 0.405546
2026-08-21 22:51: Train Epoch 19: 80/1641 Loss: 0.448155
2026-08-21 22:51: Train Epoch 19: 100/1641 Loss: 0.407955
2026-08-21 22:51: Train Epoch 19: 120/1641 Loss: 0.428844
2026-08-21 22:51: Train Epoch 19: 140/1641 Loss: 0.437703
2026-08-21 22:51: Train Epoch 19: 160/1641 Loss: 0.439740
2026-08-21 22:51: Train Epoch 19: 180/1641 Loss: 0.449358
2026-08-21 22:51: Train Epoch 19: 200/1641 Loss: 0.435408
2026-08-21 22:51: Train Epoch 19: 220/1641 Loss: 0.433591
2026-08-21 22:51: Train Epoch 19: 240/1641 Loss: 0.418932
2026-08-21 22:51: Train Epoch 19: 260/1641 Loss: 0.430724
2026-08-21 22:51: Train Epoch 19: 280/1641 Loss: 0.441009
2026-08-21 22:51: Train Epoch 19: 300/1641 Loss: 0.436480
2026-08-21 22:51: Train Epoch 19: 320/1641 Loss: 0.423382
2026-08-21 22:51: Train Epoch 19: 340/1641 Loss: 0.410728
2026-08-21 22:51: Train Epoch 19: 360/1641 Loss: 0.426801
2026-08-21 22:52: Train Epoch 19: 380/1641 Loss: 0.420230
2026-08-21 22:52: Train Epoch 19: 400/1641 Loss: 0.448151
2026-08-21 22:52: Train Epoch 19: 420/1641 Loss: 0.423923
2026-08-21 22:52: Train Epoch 19: 440/1641 Loss: 0.468872
2026-08-21 22:52: Train Epoch 19: 460/1641 Loss: 0.430918
2026-08-21 22:52: Train Epoch 19: 480/1641 Loss: 0.426232
2026-08-21 22:52: Train Epoch 19: 500/1641 Loss: 0.428353
2026-08-21 22:52: Train Epoch 19: 520/1641 Loss: 0.435617
2026-08-21 22:52: Train Epoch 19: 540/1641 Loss: 0.454300
2026-08-21 22:52: Train Epoch 19: 560/1641 Loss: 0.444172
2026-08-21 22:52: Train Epoch 19: 580/1641 Loss: 0.454772
2026-08-21 22:52: Train Epoch 19: 600/1641 Loss: 0.453251
2026-08-21 22:52: Train Epoch 19: 620/1641 Loss: 0.416783
2026-08-21 22:52: Train Epoch 19: 640/1641 Loss: 0.420636
2026-08-21 22:52: Train Epoch 19: 660/1641 Loss: 0.455019
2026-08-21 22:52: Train Epoch 19: 680/1641 Loss: 0.421364
2026-08-21 22:52: Train Epoch 19: 700/1641 Loss: 0.436189
2026-08-21 22:52: Train Epoch 19: 720/1641 Loss: 0.451255
2026-08-21 22:52: Train Epoch 19: 740/1641 Loss: 0.427605
2026-08-21 22:52: Train Epoch 19: 760/1641 Loss: 0.424411
2026-08-21 22:52: Train Epoch 19: 780/1641 Loss: 0.433079
2026-08-21 22:52: Train Epoch 19: 800/1641 Loss: 0.421580
2026-08-21 22:52: Train Epoch 19: 820/1641 Loss: 0.459672
2026-08-21 22:53: Train Epoch 19: 840/1641 Loss: 0.447911
2026-08-21 22:53: Train Epoch 19: 860/1641 Loss: 0.413461
2026-08-21 22:53: Train Epoch 19: 880/1641 Loss: 0.437140
2026-08-21 22:53: Train Epoch 19: 900/1641 Loss: 0.415575
2026-08-21 22:53: Train Epoch 19: 920/1641 Loss: 0.409257
2026-08-21 22:53: Train Epoch 19: 940/1641 Loss: 0.412148
2026-08-21 22:53: Train Epoch 19: 960/1641 Loss: 0.451561
2026-08-21 22:53: Train Epoch 19: 980/1641 Loss: 0.414961
2026-08-21 22:53: Train Epoch 19: 1000/1641 Loss: 0.405276
2026-08-21 22:53: Train Epoch 19: 1020/1641 Loss: 0.439258
2026-08-21 22:53: Train Epoch 19: 1040/1641 Loss: 0.418711
2026-08-21 22:53: Train Epoch 19: 1060/1641 Loss: 0.442605
2026-08-21 22:53: Train Epoch 19: 1080/1641 Loss: 0.442924
2026-08-21 22:53: Train Epoch 19: 1100/1641 Loss: 0.440023
2026-08-21 22:53: Train Epoch 19: 1120/1641 Loss: 0.433831
2026-08-21 22:53: Train Epoch 19: 1140/1641 Loss: 0.434900
2026-08-21 22:53: Train Epoch 19: 1160/1641 Loss: 0.411710
2026-08-21 22:53: Train Epoch 19: 1180/1641 Loss: 0.444786
2026-08-21 22:53: Train Epoch 19: 1200/1641 Loss: 0.437901
2026-08-21 22:53: Train Epoch 19: 1220/1641 Loss: 0.422173
2026-08-21 22:53: Train Epoch 19: 1240/1641 Loss: 0.467645
2026-08-21 22:53: Train Epoch 19: 1260/1641 Loss: 0.420635
2026-08-21 22:54: Train Epoch 19: 1280/1641 Loss: 0.435826
2026-08-21 22:54: Train Epoch 19: 1300/1641 Loss: 0.437778
2026-08-21 22:54: Train Epoch 19: 1320/1641 Loss: 0.426513
2026-08-21 22:54: Train Epoch 19: 1340/1641 Loss: 0.428941
2026-08-21 22:54: Train Epoch 19: 1360/1641 Loss: 0.425934
2026-08-21 22:54: Train Epoch 19: 1380/1641 Loss: 0.431680
2026-08-21 22:54: Train Epoch 19: 1400/1641 Loss: 0.419291
2026-08-21 22:54: Train Epoch 19: 1420/1641 Loss: 0.431450
2026-08-21 22:54: Train Epoch 19: 1440/1641 Loss: 0.443349
2026-08-21 22:54: Train Epoch 19: 1460/1641 Loss: 0.433247
2026-08-21 22:54: Train Epoch 19: 1480/1641 Loss: 0.429698
2026-08-21 22:54: Train Epoch 19: 1500/1641 Loss: 0.454563
2026-08-21 22:54: Train Epoch 19: 1520/1641 Loss: 0.415532
2026-08-21 22:54: Train Epoch 19: 1540/1641 Loss: 0.429837
2026-08-21 22:54: Train Epoch 19: 1560/1641 Loss: 0.443601
2026-08-21 22:54: Train Epoch 19: 1580/1641 Loss: 0.447772
2026-08-21 22:54: Train Epoch 19: 1600/1641 Loss: 0.442232
2026-08-21 22:54: Train Epoch 19: 1620/1641 Loss: 0.435433
2026-08-21 22:54: Train Epoch 19: 1640/1641 Loss: 0.424126
2026-08-21 22:54: **********Train Epoch 19: averaged Loss: 0.434382, tf_ratio: 1.000000
2026-08-21 22:55: **********Val Epoch 19: average Loss: 0.537864
2026-08-21 22:55: Train Epoch 20: 0/1641 Loss: 0.437418
2026-08-21 22:55: Train Epoch 20: 20/1641 Loss: 0.441043
2026-08-21 22:55: Train Epoch 20: 40/1641 Loss: 0.433141
2026-08-21 22:55: Train Epoch 20: 60/1641 Loss: 0.427854
2026-08-21 22:55: Train Epoch 20: 80/1641 Loss: 0.434874
2026-08-21 22:55: Train Epoch 20: 100/1641 Loss: 0.443743
2026-08-21 22:55: Train Epoch 20: 120/1641 Loss: 0.415898
2026-08-21 22:55: Train Epoch 20: 140/1641 Loss: 0.423984
2026-08-21 22:55: Train Epoch 20: 160/1641 Loss: 0.430798
2026-08-21 22:55: Train Epoch 20: 180/1641 Loss: 0.422545
2026-08-21 22:55: Train Epoch 20: 200/1641 Loss: 0.431322
2026-08-21 22:55: Train Epoch 20: 220/1641 Loss: 0.427694
2026-08-21 22:55: Train Epoch 20: 240/1641 Loss: 0.422922
2026-08-21 22:55: Train Epoch 20: 260/1641 Loss: 0.434125
2026-08-21 22:55: Train Epoch 20: 280/1641 Loss: 0.442551
2026-08-21 22:55: Train Epoch 20: 300/1641 Loss: 0.446111
2026-08-21 22:55: Train Epoch 20: 320/1641 Loss: 0.436101
2026-08-21 22:55: Train Epoch 20: 340/1641 Loss: 0.405810
2026-08-21 22:56: Train Epoch 20: 360/1641 Loss: 0.436744
2026-08-21 22:56: Train Epoch 20: 380/1641 Loss: 0.430218
2026-08-21 22:56: Train Epoch 20: 400/1641 Loss: 0.420867
2026-08-21 22:56: Train Epoch 20: 420/1641 Loss: 0.431463
2026-08-21 22:56: Train Epoch 20: 440/1641 Loss: 0.445506
2026-08-21 22:56: Train Epoch 20: 460/1641 Loss: 0.443280
2026-08-21 22:56: Train Epoch 20: 480/1641 Loss: 0.433696
2026-08-21 22:56: Train Epoch 20: 500/1641 Loss: 0.437442
2026-08-21 22:56: Train Epoch 20: 520/1641 Loss: 0.417636
2026-08-21 22:56: Train Epoch 20: 540/1641 Loss: 0.441515
2026-08-21 22:56: Train Epoch 20: 560/1641 Loss: 0.426252
2026-08-21 22:56: Train Epoch 20: 580/1641 Loss: 0.412887
2026-08-21 22:56: Train Epoch 20: 600/1641 Loss: 0.425154
2026-08-21 22:56: Train Epoch 20: 620/1641 Loss: 0.446328
2026-08-21 22:56: Train Epoch 20: 640/1641 Loss: 0.439695
2026-08-21 22:56: Train Epoch 20: 660/1641 Loss: 0.442054
2026-08-21 22:56: Train Epoch 20: 680/1641 Loss: 0.446949
2026-08-21 22:56: Train Epoch 20: 700/1641 Loss: 0.422683
2026-08-21 22:56: Train Epoch 20: 720/1641 Loss: 0.449462
2026-08-21 22:56: Train Epoch 20: 740/1641 Loss: 0.418618
2026-08-21 22:56: Train Epoch 20: 760/1641 Loss: 0.421012
2026-08-21 22:57: Train Epoch 20: 780/1641 Loss: 0.416123
2026-08-21 22:57: Train Epoch 20: 800/1641 Loss: 0.425747
2026-08-21 22:57: Train Epoch 20: 820/1641 Loss: 0.422966
2026-08-21 22:57: Train Epoch 20: 840/1641 Loss: 0.449232
2026-08-21 22:57: Train Epoch 20: 860/1641 Loss: 0.434945
2026-08-21 22:57: Train Epoch 20: 880/1641 Loss: 0.426758
2026-08-21 22:57: Train Epoch 20: 900/1641 Loss: 0.420898
2026-08-21 22:57: Train Epoch 20: 920/1641 Loss: 0.415590
2026-08-21 22:57: Train Epoch 20: 940/1641 Loss: 0.429371
2026-08-21 22:57: Train Epoch 20: 960/1641 Loss: 0.436709
2026-08-21 22:57: Train Epoch 20: 980/1641 Loss: 0.404413
2026-08-21 22:57: Train Epoch 20: 1000/1641 Loss: 0.421840
2026-08-21 22:57: Train Epoch 20: 1020/1641 Loss: 0.446242
2026-08-21 22:57: Train Epoch 20: 1040/1641 Loss: 0.441691
2026-08-21 22:57: Train Epoch 20: 1060/1641 Loss: 0.425400
2026-08-21 22:57: Train Epoch 20: 1080/1641 Loss: 0.436892
2026-08-21 22:57: Train Epoch 20: 1100/1641 Loss: 0.424240
2026-08-21 22:57: Train Epoch 20: 1120/1641 Loss: 0.418830
2026-08-21 22:57: Train Epoch 20: 1140/1641 Loss: 0.434555
2026-08-21 22:57: Train Epoch 20: 1160/1641 Loss: 0.406141
2026-08-21 22:57: Train Epoch 20: 1180/1641 Loss: 0.417874
2026-08-21 22:57: Train Epoch 20: 1200/1641 Loss: 0.411249
2026-08-21 22:58: Train Epoch 20: 1220/1641 Loss: 0.448012
2026-08-21 22:58: Train Epoch 20: 1240/1641 Loss: 0.423759
2026-08-21 22:58: Train Epoch 20: 1260/1641 Loss: 0.437155
2026-08-21 22:58: Train Epoch 20: 1280/1641 Loss: 0.424923
2026-08-21 22:58: Train Epoch 20: 1300/1641 Loss: 0.417478
2026-08-21 22:58: Train Epoch 20: 1320/1641 Loss: 0.432018
2026-08-21 22:58: Train Epoch 20: 1340/1641 Loss: 0.437762
2026-08-21 22:58: Train Epoch 20: 1360/1641 Loss: 0.407289
2026-08-21 22:58: Train Epoch 20: 1380/1641 Loss: 0.420128
2026-08-21 22:58: Train Epoch 20: 1400/1641 Loss: 0.447338
2026-08-21 22:58: Train Epoch 20: 1420/1641 Loss: 0.418389
2026-08-21 22:58: Train Epoch 20: 1440/1641 Loss: 0.449644
2026-08-21 22:58: Train Epoch 20: 1460/1641 Loss: 0.439402
2026-08-21 22:58: Train Epoch 20: 1480/1641 Loss: 0.432256
2026-08-21 22:58: Train Epoch 20: 1500/1641 Loss: 0.439003
2026-08-21 22:58: Train Epoch 20: 1520/1641 Loss: 0.428539
2026-08-21 22:58: Train Epoch 20: 1540/1641 Loss: 0.421398
2026-08-21 22:58: Train Epoch 20: 1560/1641 Loss: 0.443606
2026-08-21 22:58: Train Epoch 20: 1580/1641 Loss: 0.445622
2026-08-21 22:58: Train Epoch 20: 1600/1641 Loss: 0.429852
2026-08-21 22:58: Train Epoch 20: 1620/1641 Loss: 0.435155
2026-08-21 22:58: Train Epoch 20: 1640/1641 Loss: 0.422410
2026-08-21 22:58: **********Train Epoch 20: averaged Loss: 0.430212, tf_ratio: 1.000000
2026-08-21 22:59: **********Val Epoch 20: average Loss: 0.538001
2026-08-21 22:59: Train Epoch 21: 0/1641 Loss: 0.432444
2026-08-21 22:59: Train Epoch 21: 20/1641 Loss: 0.411975
2026-08-21 22:59: Train Epoch 21: 40/1641 Loss: 0.428488
2026-08-21 22:59: Train Epoch 21: 60/1641 Loss: 0.423711
2026-08-21 22:59: Train Epoch 21: 80/1641 Loss: 0.453842
2026-08-21 22:59: Train Epoch 21: 100/1641 Loss: 0.428196
2026-08-21 22:59: Train Epoch 21: 120/1641 Loss: 0.439010
2026-08-21 22:59: Train Epoch 21: 140/1641 Loss: 0.450506
2026-08-21 22:59: Train Epoch 21: 160/1641 Loss: 0.429340
2026-08-21 22:59: Train Epoch 21: 180/1641 Loss: 0.420657
2026-08-21 22:59: Train Epoch 21: 200/1641 Loss: 0.442468
2026-08-21 22:59: Train Epoch 21: 220/1641 Loss: 0.437166
2026-08-21 22:59: Train Epoch 21: 240/1641 Loss: 0.450086
2026-08-21 22:59: Train Epoch 21: 260/1641 Loss: 0.412312
2026-08-21 23:00: Train Epoch 21: 280/1641 Loss: 0.444509
2026-08-21 23:00: Train Epoch 21: 300/1641 Loss: 0.412420
2026-08-21 23:00: Train Epoch 21: 320/1641 Loss: 0.434959
2026-08-21 23:00: Train Epoch 21: 340/1641 Loss: 0.434600
2026-08-21 23:00: Train Epoch 21: 360/1641 Loss: 0.434344
2026-08-21 23:00: Train Epoch 21: 380/1641 Loss: 0.426238
2026-08-21 23:00: Train Epoch 21: 400/1641 Loss: 0.432447
2026-08-21 23:00: Train Epoch 21: 420/1641 Loss: 0.429907
2026-08-21 23:00: Train Epoch 21: 440/1641 Loss: 0.421978
2026-08-21 23:00: Train Epoch 21: 460/1641 Loss: 0.428020
2026-08-21 23:00: Train Epoch 21: 480/1641 Loss: 0.428858
2026-08-21 23:00: Train Epoch 21: 500/1641 Loss: 0.431397
2026-08-21 23:00: Train Epoch 21: 520/1641 Loss: 0.439682
2026-08-21 23:00: Train Epoch 21: 540/1641 Loss: 0.442093
2026-08-21 23:00: Train Epoch 21: 560/1641 Loss: 0.410999
2026-08-21 23:00: Train Epoch 21: 580/1641 Loss: 0.429922
2026-08-21 23:00: Train Epoch 21: 600/1641 Loss: 0.425118
2026-08-21 23:00: Train Epoch 21: 620/1641 Loss: 0.439300
2026-08-21 23:00: Train Epoch 21: 640/1641 Loss: 0.450017
2026-08-21 23:00: Train Epoch 21: 660/1641 Loss: 0.446852
2026-08-21 23:00: Train Epoch 21: 680/1641 Loss: 0.430599
2026-08-21 23:00: Train Epoch 21: 700/1641 Loss: 0.428396
2026-08-21 23:01: Train Epoch 21: 720/1641 Loss: 0.429775
2026-08-21 23:01: Train Epoch 21: 740/1641 Loss: 0.426601
2026-08-21 23:01: Train Epoch 21: 760/1641 Loss: 0.410844
2026-08-21 23:01: Train Epoch 21: 780/1641 Loss: 0.422266
2026-08-21 23:01: Train Epoch 21: 800/1641 Loss: 0.454866
2026-08-21 23:01: Train Epoch 21: 820/1641 Loss: 0.413238
2026-08-21 23:01: Train Epoch 21: 840/1641 Loss: 0.445847
2026-08-21 23:01: Train Epoch 21: 860/1641 Loss: 0.410103
2026-08-21 23:01: Train Epoch 21: 880/1641 Loss: 0.427008
2026-08-21 23:01: Train Epoch 21: 900/1641 Loss: 0.415774
2026-08-21 23:01: Train Epoch 21: 920/1641 Loss: 0.432082
2026-08-21 23:01: Train Epoch 21: 940/1641 Loss: 0.408992
2026-08-21 23:01: Train Epoch 21: 960/1641 Loss: 0.414169
2026-08-21 23:01: Train Epoch 21: 980/1641 Loss: 0.427370
2026-08-21 23:01: Train Epoch 21: 1000/1641 Loss: 0.433629
2026-08-21 23:01: Train Epoch 21: 1020/1641 Loss: 0.420545
2026-08-21 23:01: Train Epoch 21: 1040/1641 Loss: 0.435354
2026-08-21 23:01: Train Epoch 21: 1060/1641 Loss: 0.416380
2026-08-21 23:01: Train Epoch 21: 1080/1641 Loss: 0.444292
2026-08-21 23:01: Train Epoch 21: 1100/1641 Loss: 0.451044
2026-08-21 23:01: Train Epoch 21: 1120/1641 Loss: 0.441314
2026-08-21 23:02: Train Epoch 21: 1140/1641 Loss: 0.426960
2026-08-21 23:02: Train Epoch 21: 1160/1641 Loss: 0.433352
2026-08-21 23:02: Train Epoch 21: 1180/1641 Loss: 0.433244
2026-08-21 23:02: Train Epoch 21: 1200/1641 Loss: 0.426484
2026-08-21 23:02: Train Epoch 21: 1220/1641 Loss: 0.418878
2026-08-21 23:02: Train Epoch 21: 1240/1641 Loss: 0.423451
2026-08-21 23:02: Train Epoch 21: 1260/1641 Loss: 0.419133
2026-08-21 23:02: Train Epoch 21: 1280/1641 Loss: 0.415871
2026-08-21 23:02: Train Epoch 21: 1300/1641 Loss: 0.429419
2026-08-21 23:02: Train Epoch 21: 1320/1641 Loss: 0.417903
2026-08-21 23:02: Train Epoch 21: 1340/1641 Loss: 0.422611
2026-08-21 23:02: Train Epoch 21: 1360/1641 Loss: 0.440741
2026-08-21 23:02: Train Epoch 21: 1380/1641 Loss: 0.424039
2026-08-21 23:02: Train Epoch 21: 1400/1641 Loss: 0.410947
2026-08-21 23:02: Train Epoch 21: 1420/1641 Loss: 0.448713
2026-08-21 23:02: Train Epoch 21: 1440/1641 Loss: 0.416628
2026-08-21 23:02: Train Epoch 21: 1460/1641 Loss: 0.432404
2026-08-21 23:02: Train Epoch 21: 1480/1641 Loss: 0.439382
2026-08-21 23:02: Train Epoch 21: 1500/1641 Loss: 0.399887
2026-08-21 23:02: Train Epoch 21: 1520/1641 Loss: 0.414657
2026-08-21 23:02: Train Epoch 21: 1540/1641 Loss: 0.417656
2026-08-21 23:02: Train Epoch 21: 1560/1641 Loss: 0.419939
2026-08-21 23:03: Train Epoch 21: 1580/1641 Loss: 0.417169
2026-08-21 23:03: Train Epoch 21: 1600/1641 Loss: 0.421242
2026-08-21 23:03: Train Epoch 21: 1620/1641 Loss: 0.441995
2026-08-21 23:03: Train Epoch 21: 1640/1641 Loss: 0.428687
2026-08-21 23:03: **********Train Epoch 21: averaged Loss: 0.426018, tf_ratio: 1.000000
2026-08-21 23:03: **********Val Epoch 21: average Loss: 0.543674
2026-08-21 23:03: Validation performance didn't improve for 15 epochs. Training stops.
2026-08-21 23:03: Total training time: 86.9553min, best loss: 0.506364
2026-08-21 23:03: Saving current best model to /scratch/chkkar002/Diffusion_Based_STGNNs/RealValue/AGCRN/model/experiments/SAWS/20260821213631/best_model.pth
2026-08-21 23:03: Horizon 01, MAE: 0.27, RMSE: 0.38, MAPE: 232.1237%
2026-08-21 23:03: Horizon 02, MAE: 0.35, RMSE: 0.49, MAPE: 287.8050%
2026-08-21 23:03: Horizon 03, MAE: 0.39, RMSE: 0.55, MAPE: 319.2637%
2026-08-21 23:03: Horizon 04, MAE: 0.42, RMSE: 0.59, MAPE: 331.4830%
2026-08-21 23:03: Horizon 05, MAE: 0.44, RMSE: 0.62, MAPE: 341.0611%
2026-08-21 23:03: Horizon 06, MAE: 0.46, RMSE: 0.64, MAPE: 347.6480%
2026-08-21 23:03: Horizon 07, MAE: 0.47, RMSE: 0.66, MAPE: 353.7133%
2026-08-21 23:03: Horizon 08, MAE: 0.48, RMSE: 0.67, MAPE: 358.0979%
2026-08-21 23:03: Horizon 09, MAE: 0.49, RMSE: 0.69, MAPE: 364.8130%
2026-08-21 23:03: Horizon 10, MAE: 0.49, RMSE: 0.70, MAPE: 366.0125%
2026-08-21 23:03: Horizon 11, MAE: 0.50, RMSE: 0.71, MAPE: 368.7663%
2026-08-21 23:03: Horizon 12, MAE: 0.51, RMSE: 0.71, MAPE: 368.2273%
2026-08-21 23:03: Horizon 13, MAE: 0.51, RMSE: 0.72, MAPE: 366.6286%
2026-08-21 23:03: Horizon 14, MAE: 0.51, RMSE: 0.72, MAPE: 366.4062%
2026-08-21 23:03: Horizon 15, MAE: 0.51, RMSE: 0.73, MAPE: 366.4548%
2026-08-21 23:03: Horizon 16, MAE: 0.52, RMSE: 0.73, MAPE: 367.8851%
2026-08-21 23:03: Horizon 17, MAE: 0.52, RMSE: 0.73, MAPE: 367.9266%
2026-08-21 23:03: Horizon 18, MAE: 0.52, RMSE: 0.74, MAPE: 368.8284%
2026-08-21 23:03: Horizon 19, MAE: 0.52, RMSE: 0.74, MAPE: 369.3659%
2026-08-21 23:03: Horizon 20, MAE: 0.52, RMSE: 0.74, MAPE: 369.3022%
2026-08-21 23:03: Horizon 21, MAE: 0.52, RMSE: 0.74, MAPE: 370.6720%
2026-08-21 23:03: Horizon 22, MAE: 0.52, RMSE: 0.74, MAPE: 372.5688%
2026-08-21 23:03: Horizon 23, MAE: 0.52, RMSE: 0.74, MAPE: 377.1196%
2026-08-21 23:03: Horizon 24, MAE: 0.52, RMSE: 0.75, MAPE: 383.4137%
2026-08-21 23:03: Horizon 25, MAE: 0.53, RMSE: 0.75, MAPE: 386.1218%
2026-08-21 23:03: Horizon 26, MAE: 0.53, RMSE: 0.75, MAPE: 389.4147%
2026-08-21 23:03: Horizon 27, MAE: 0.53, RMSE: 0.76, MAPE: 394.9205%
2026-08-21 23:03: Horizon 28, MAE: 0.54, RMSE: 0.76, MAPE: 396.9439%
2026-08-21 23:03: Horizon 29, MAE: 0.54, RMSE: 0.76, MAPE: 394.3320%
2026-08-21 23:03: Horizon 30, MAE: 0.54, RMSE: 0.76, MAPE: 396.5714%
2026-08-21 23:03: Horizon 31, MAE: 0.54, RMSE: 0.77, MAPE: 395.9396%
2026-08-21 23:03: Horizon 32, MAE: 0.54, RMSE: 0.77, MAPE: 392.3902%
2026-08-21 23:03: Horizon 33, MAE: 0.54, RMSE: 0.77, MAPE: 390.3358%
2026-08-21 23:03: Horizon 34, MAE: 0.54, RMSE: 0.77, MAPE: 391.3196%
2026-08-21 23:03: Horizon 35, MAE: 0.54, RMSE: 0.77, MAPE: 392.3140%
2026-08-21 23:03: Horizon 36, MAE: 0.54, RMSE: 0.77, MAPE: 392.0253%
2026-08-21 23:03: Horizon 37, MAE: 0.54, RMSE: 0.77, MAPE: 392.0095%
2026-08-21 23:03: Horizon 38, MAE: 0.54, RMSE: 0.77, MAPE: 385.6780%
2026-08-21 23:03: Horizon 39, MAE: 0.54, RMSE: 0.77, MAPE: 383.6938%
2026-08-21 23:03: Horizon 40, MAE: 0.54, RMSE: 0.77, MAPE: 382.3984%
2026-08-21 23:03: Horizon 41, MAE: 0.54, RMSE: 0.77, MAPE: 381.1025%
2026-08-21 23:03: Horizon 42, MAE: 0.54, RMSE: 0.77, MAPE: 376.2854%
2026-08-21 23:03: Horizon 43, MAE: 0.54, RMSE: 0.77, MAPE: 375.5539%
2026-08-21 23:03: Horizon 44, MAE: 0.54, RMSE: 0.77, MAPE: 375.9971%
2026-08-21 23:03: Horizon 45, MAE: 0.54, RMSE: 0.77, MAPE: 378.6441%
2026-08-21 23:03: Horizon 46, MAE: 0.54, RMSE: 0.77, MAPE: 376.8364%
2026-08-21 23:03: Horizon 47, MAE: 0.54, RMSE: 0.77, MAPE: 375.8026%
2026-08-21 23:03: Horizon 48, MAE: 0.54, RMSE: 0.77, MAPE: 377.4359%
2026-08-21 23:03: Average Horizon, MAE: 0.51, RMSE: 0.73, MAPE: 369.9971%
2026-08-21 23:03: Horizon 01, MAE: 0.60, RMSE: 0.85, MAPE: 37.0924%
2026-08-21 23:03: Horizon 02, MAE: 0.77, RMSE: 1.07, MAPE: 46.9428%
2026-08-21 23:03: Horizon 03, MAE: 0.86, RMSE: 1.20, MAPE: 50.4194%
2026-08-21 23:03: Horizon 04, MAE: 0.93, RMSE: 1.29, MAPE: 53.5623%
2026-08-21 23:03: Horizon 05, MAE: 0.97, RMSE: 1.36, MAPE: 55.4269%
2026-08-21 23:03: Horizon 06, MAE: 1.01, RMSE: 1.41, MAPE: 56.7352%
2026-08-21 23:03: Horizon 07, MAE: 1.04, RMSE: 1.45, MAPE: 58.0334%
2026-08-21 23:03: Horizon 08, MAE: 1.06, RMSE: 1.49, MAPE: 57.8954%
2026-08-21 23:03: Horizon 09, MAE: 1.08, RMSE: 1.52, MAPE: 56.6902%
2026-08-21 23:03: Horizon 10, MAE: 1.09, RMSE: 1.54, MAPE: 56.7519%
2026-08-21 23:03: Horizon 11, MAE: 1.11, RMSE: 1.56, MAPE: 56.8437%
2026-08-21 23:03: Horizon 12, MAE: 1.12, RMSE: 1.58, MAPE: 57.9823%
2026-08-21 23:03: Horizon 13, MAE: 1.12, RMSE: 1.59, MAPE: 58.8134%
2026-08-21 23:03: Horizon 14, MAE: 1.13, RMSE: 1.60, MAPE: 59.1479%
2026-08-21 23:03: Horizon 15, MAE: 1.13, RMSE: 1.60, MAPE: 59.3537%
2026-08-21 23:03: Horizon 16, MAE: 1.14, RMSE: 1.61, MAPE: 58.9256%
2026-08-21 23:03: Horizon 17, MAE: 1.14, RMSE: 1.62, MAPE: 58.1735%
2026-08-21 23:03: Horizon 18, MAE: 1.14, RMSE: 1.63, MAPE: 58.8667%
2026-08-21 23:03: Horizon 19, MAE: 1.15, RMSE: 1.63, MAPE: 60.5366%
2026-08-21 23:03: Horizon 20, MAE: 1.15, RMSE: 1.63, MAPE: 59.7857%
2026-08-21 23:03: Horizon 21, MAE: 1.15, RMSE: 1.63, MAPE: 58.7557%
2026-08-21 23:03: Horizon 22, MAE: 1.15, RMSE: 1.64, MAPE: 57.9750%
2026-08-21 23:03: Horizon 23, MAE: 1.15, RMSE: 1.64, MAPE: 57.1525%
2026-08-21 23:03: Horizon 24, MAE: 1.15, RMSE: 1.65, MAPE: 55.1584%
2026-08-21 23:03: Horizon 25, MAE: 1.16, RMSE: 1.66, MAPE: 55.7051%
2026-08-21 23:03: Horizon 26, MAE: 1.17, RMSE: 1.66, MAPE: 56.8178%
2026-08-21 23:03: Horizon 27, MAE: 1.18, RMSE: 1.67, MAPE: 57.0161%
2026-08-21 23:03: Horizon 28, MAE: 1.18, RMSE: 1.68, MAPE: 57.4663%
2026-08-21 23:03: Horizon 29, MAE: 1.19, RMSE: 1.68, MAPE: 57.9878%
2026-08-21 23:03: Horizon 30, MAE: 1.19, RMSE: 1.69, MAPE: 58.5788%
2026-08-21 23:03: Horizon 31, MAE: 1.19, RMSE: 1.69, MAPE: 59.0404%
2026-08-21 23:03: Horizon 32, MAE: 1.19, RMSE: 1.69, MAPE: 59.1616%
2026-08-21 23:03: Horizon 33, MAE: 1.19, RMSE: 1.69, MAPE: 57.4930%
2026-08-21 23:03: Horizon 34, MAE: 1.20, RMSE: 1.70, MAPE: 57.3596%
2026-08-21 23:03: Horizon 35, MAE: 1.20, RMSE: 1.70, MAPE: 56.7098%
2026-08-21 23:03: Horizon 36, MAE: 1.20, RMSE: 1.70, MAPE: 56.7692%
2026-08-21 23:03: Horizon 37, MAE: 1.20, RMSE: 1.70, MAPE: 56.9209%
2026-08-21 23:03: Horizon 38, MAE: 1.20, RMSE: 1.70, MAPE: 57.4065%
2026-08-21 23:03: Horizon 39, MAE: 1.20, RMSE: 1.70, MAPE: 57.1374%
2026-08-21 23:03: Horizon 40, MAE: 1.20, RMSE: 1.71, MAPE: 57.0241%
2026-08-21 23:03: Horizon 41, MAE: 1.20, RMSE: 1.71, MAPE: 56.2103%
2026-08-21 23:03: Horizon 42, MAE: 1.20, RMSE: 1.71, MAPE: 57.8803%
2026-08-21 23:03: Horizon 43, MAE: 1.20, RMSE: 1.71, MAPE: 59.9526%
2026-08-21 23:03: Horizon 44, MAE: 1.20, RMSE: 1.71, MAPE: 60.8436%
2026-08-21 23:03: Horizon 45, MAE: 1.20, RMSE: 1.71, MAPE: 60.7555%
2026-08-21 23:03: Horizon 46, MAE: 1.20, RMSE: 1.70, MAPE: 60.2332%
2026-08-21 23:03: Horizon 47, MAE: 1.20, RMSE: 1.70, MAPE: 60.6112%
2026-08-21 23:03: Horizon 48, MAE: 1.20, RMSE: 1.70, MAPE: 60.3291%
2026-08-21 23:03: Average Horizon, MAE: 1.12, RMSE: 1.60, MAPE: 57.1341%
2026-08-21 23:03: VPT (threshold=0.50): mean=1.73 steps, median=1.00, std=2.48, range=[0, 27]
