2026-08-18 06:13: Experiment log path in: /scratch/chkkar002/Diffusion_Based_STGNNs/AGCRN/model/experiments/SAWS/trial15_20260818061317
2026-08-18 06:13: Train Epoch 1: 0/1641 Loss: 0.881307
2026-08-18 06:13: Train Epoch 1: 20/1641 Loss: 0.882608
2026-08-18 06:13: Train Epoch 1: 40/1641 Loss: 0.824886
2026-08-18 06:13: Train Epoch 1: 60/1641 Loss: 0.745894
2026-08-18 06:13: Train Epoch 1: 80/1641 Loss: 0.702550
2026-08-18 06:13: Train Epoch 1: 100/1641 Loss: 0.685009
2026-08-18 06:13: Train Epoch 1: 120/1641 Loss: 0.703290
2026-08-18 06:13: Train Epoch 1: 140/1641 Loss: 0.681666
2026-08-18 06:13: Train Epoch 1: 160/1641 Loss: 0.641013
2026-08-18 06:13: Train Epoch 1: 180/1641 Loss: 0.656780
2026-08-18 06:13: Train Epoch 1: 200/1641 Loss: 0.684536
2026-08-18 06:13: Train Epoch 1: 220/1641 Loss: 0.667622
2026-08-18 06:13: Train Epoch 1: 240/1641 Loss: 0.601913
2026-08-18 06:13: Train Epoch 1: 260/1641 Loss: 0.615425
2026-08-18 06:13: Train Epoch 1: 280/1641 Loss: 0.574784
2026-08-18 06:13: Train Epoch 1: 300/1641 Loss: 0.559743
2026-08-18 06:13: Train Epoch 1: 320/1641 Loss: 0.534716
2026-08-18 06:13: Train Epoch 1: 340/1641 Loss: 0.517763
2026-08-18 06:13: Train Epoch 1: 360/1641 Loss: 0.476218
2026-08-18 06:13: Train Epoch 1: 380/1641 Loss: 0.473256
2026-08-18 06:13: Train Epoch 1: 400/1641 Loss: 0.487822
2026-08-18 06:13: Train Epoch 1: 420/1641 Loss: 0.480791
2026-08-18 06:13: Train Epoch 1: 440/1641 Loss: 0.419175
2026-08-18 06:13: Train Epoch 1: 460/1641 Loss: 0.424069
2026-08-18 06:13: Train Epoch 1: 480/1641 Loss: 0.429459
2026-08-18 06:13: Train Epoch 1: 500/1641 Loss: 0.445526
2026-08-18 06:13: Train Epoch 1: 520/1641 Loss: 0.407166
2026-08-18 06:13: Train Epoch 1: 540/1641 Loss: 0.439553
2026-08-18 06:13: Train Epoch 1: 560/1641 Loss: 0.448752
2026-08-18 06:14: Train Epoch 1: 580/1641 Loss: 0.415088
2026-08-18 06:14: Train Epoch 1: 600/1641 Loss: 0.446741
2026-08-18 06:14: Train Epoch 1: 620/1641 Loss: 0.446203
2026-08-18 06:14: Train Epoch 1: 640/1641 Loss: 0.387195
2026-08-18 06:14: Train Epoch 1: 660/1641 Loss: 0.429830
2026-08-18 06:14: Train Epoch 1: 680/1641 Loss: 0.423036
2026-08-18 06:14: Train Epoch 1: 700/1641 Loss: 0.411063
2026-08-18 06:14: Train Epoch 1: 720/1641 Loss: 0.359535
2026-08-18 06:14: Train Epoch 1: 740/1641 Loss: 0.395007
2026-08-18 06:14: Train Epoch 1: 760/1641 Loss: 0.391629
2026-08-18 06:14: Train Epoch 1: 780/1641 Loss: 0.387783
2026-08-18 06:14: Train Epoch 1: 800/1641 Loss: 0.402856
2026-08-18 06:14: Train Epoch 1: 820/1641 Loss: 0.425484
2026-08-18 06:14: Train Epoch 1: 840/1641 Loss: 0.390407
2026-08-18 06:14: Train Epoch 1: 860/1641 Loss: 0.407475
2026-08-18 06:14: Train Epoch 1: 880/1641 Loss: 0.407319
2026-08-18 06:14: Train Epoch 1: 900/1641 Loss: 0.383779
2026-08-18 06:14: Train Epoch 1: 920/1641 Loss: 0.383669
2026-08-18 06:14: Train Epoch 1: 940/1641 Loss: 0.377799
2026-08-18 06:14: Train Epoch 1: 960/1641 Loss: 0.426458
2026-08-18 06:14: Train Epoch 1: 980/1641 Loss: 0.378380
2026-08-18 06:14: Train Epoch 1: 1000/1641 Loss: 0.370698
2026-08-18 06:14: Train Epoch 1: 1020/1641 Loss: 0.358111
2026-08-18 06:14: Train Epoch 1: 1040/1641 Loss: 0.401261
2026-08-18 06:14: Train Epoch 1: 1060/1641 Loss: 0.371776
2026-08-18 06:14: Train Epoch 1: 1080/1641 Loss: 0.373003
2026-08-18 06:14: Train Epoch 1: 1100/1641 Loss: 0.416934
2026-08-18 06:14: Train Epoch 1: 1120/1641 Loss: 0.380162
2026-08-18 06:14: Train Epoch 1: 1140/1641 Loss: 0.369635
2026-08-18 06:14: Train Epoch 1: 1160/1641 Loss: 0.337346
2026-08-18 06:14: Train Epoch 1: 1180/1641 Loss: 0.400765
2026-08-18 06:14: Train Epoch 1: 1200/1641 Loss: 0.366825
2026-08-18 06:14: Train Epoch 1: 1220/1641 Loss: 0.343598
2026-08-18 06:14: Train Epoch 1: 1240/1641 Loss: 0.379647
2026-08-18 06:14: Train Epoch 1: 1260/1641 Loss: 0.380887
2026-08-18 06:14: Train Epoch 1: 1280/1641 Loss: 0.379307
2026-08-18 06:14: Train Epoch 1: 1300/1641 Loss: 0.381001
2026-08-18 06:14: Train Epoch 1: 1320/1641 Loss: 0.376328
2026-08-18 06:14: Train Epoch 1: 1340/1641 Loss: 0.371579
2026-08-18 06:14: Train Epoch 1: 1360/1641 Loss: 0.365187
2026-08-18 06:14: Train Epoch 1: 1380/1641 Loss: 0.377272
2026-08-18 06:14: Train Epoch 1: 1400/1641 Loss: 0.379085
2026-08-18 06:15: Train Epoch 1: 1420/1641 Loss: 0.393865
2026-08-18 06:15: Train Epoch 1: 1440/1641 Loss: 0.351392
2026-08-18 06:15: Train Epoch 1: 1460/1641 Loss: 0.367888
2026-08-18 06:15: Train Epoch 1: 1480/1641 Loss: 0.355065
2026-08-18 06:15: Train Epoch 1: 1500/1641 Loss: 0.367527
2026-08-18 06:15: Train Epoch 1: 1520/1641 Loss: 0.384730
2026-08-18 06:15: Train Epoch 1: 1540/1641 Loss: 0.380967
2026-08-18 06:15: Train Epoch 1: 1560/1641 Loss: 0.370118
2026-08-18 06:15: Train Epoch 1: 1580/1641 Loss: 0.361110
2026-08-18 06:15: Train Epoch 1: 1600/1641 Loss: 0.374117
2026-08-18 06:15: Train Epoch 1: 1620/1641 Loss: 0.368004
2026-08-18 06:15: Train Epoch 1: 1640/1641 Loss: 0.340191
2026-08-18 06:15: **********Train Epoch 1: averaged Loss: 0.454395, tf_ratio: 1.000000
2026-08-18 06:15: **********Val Epoch 1: average Loss: 0.359188
2026-08-18 06:15: *********************************Current best model saved!
2026-08-18 06:15: Train Epoch 2: 0/1641 Loss: 0.358184
2026-08-18 06:15: Train Epoch 2: 20/1641 Loss: 0.347413
2026-08-18 06:15: Train Epoch 2: 40/1641 Loss: 0.352262
2026-08-18 06:15: Train Epoch 2: 60/1641 Loss: 0.372489
2026-08-18 06:15: Train Epoch 2: 80/1641 Loss: 0.336835
2026-08-18 06:15: Train Epoch 2: 100/1641 Loss: 0.378294
2026-08-18 06:15: Train Epoch 2: 120/1641 Loss: 0.355385
2026-08-18 06:15: Train Epoch 2: 140/1641 Loss: 0.349635
2026-08-18 06:15: Train Epoch 2: 160/1641 Loss: 0.345987
2026-08-18 06:15: Train Epoch 2: 180/1641 Loss: 0.343251
2026-08-18 06:15: Train Epoch 2: 200/1641 Loss: 0.355317
2026-08-18 06:15: Train Epoch 2: 220/1641 Loss: 0.345992
2026-08-18 06:15: Train Epoch 2: 240/1641 Loss: 0.351712
2026-08-18 06:15: Train Epoch 2: 260/1641 Loss: 0.341426
2026-08-18 06:15: Train Epoch 2: 280/1641 Loss: 0.363371
2026-08-18 06:15: Train Epoch 2: 300/1641 Loss: 0.382688
2026-08-18 06:15: Train Epoch 2: 320/1641 Loss: 0.350199
2026-08-18 06:15: Train Epoch 2: 340/1641 Loss: 0.321964
2026-08-18 06:15: Train Epoch 2: 360/1641 Loss: 0.373738
2026-08-18 06:15: Train Epoch 2: 380/1641 Loss: 0.339038
2026-08-18 06:15: Train Epoch 2: 400/1641 Loss: 0.322048
2026-08-18 06:16: Train Epoch 2: 420/1641 Loss: 0.382228
2026-08-18 06:16: Train Epoch 2: 440/1641 Loss: 0.368928
2026-08-18 06:16: Train Epoch 2: 460/1641 Loss: 0.335388
2026-08-18 06:16: Train Epoch 2: 480/1641 Loss: 0.392938
2026-08-18 06:16: Train Epoch 2: 500/1641 Loss: 0.376397
2026-08-18 06:16: Train Epoch 2: 520/1641 Loss: 0.325304
2026-08-18 06:16: Train Epoch 2: 540/1641 Loss: 0.369860
2026-08-18 06:16: Train Epoch 2: 560/1641 Loss: 0.406591
2026-08-18 06:16: Train Epoch 2: 580/1641 Loss: 0.357601
2026-08-18 06:16: Train Epoch 2: 600/1641 Loss: 0.356341
2026-08-18 06:16: Train Epoch 2: 620/1641 Loss: 0.356149
2026-08-18 06:16: Train Epoch 2: 640/1641 Loss: 0.336569
2026-08-18 06:16: Train Epoch 2: 660/1641 Loss: 0.343680
2026-08-18 06:16: Train Epoch 2: 680/1641 Loss: 0.379138
2026-08-18 06:16: Train Epoch 2: 700/1641 Loss: 0.379815
2026-08-18 06:16: Train Epoch 2: 720/1641 Loss: 0.346629
2026-08-18 06:16: Train Epoch 2: 740/1641 Loss: 0.358299
2026-08-18 06:16: Train Epoch 2: 760/1641 Loss: 0.389106
2026-08-18 06:16: Train Epoch 2: 780/1641 Loss: 0.363374
2026-08-18 06:16: Train Epoch 2: 800/1641 Loss: 0.335255
2026-08-18 06:16: Train Epoch 2: 820/1641 Loss: 0.352673
2026-08-18 06:16: Train Epoch 2: 840/1641 Loss: 0.350819
2026-08-18 06:16: Train Epoch 2: 860/1641 Loss: 0.365300
2026-08-18 06:16: Train Epoch 2: 880/1641 Loss: 0.374305
2026-08-18 06:16: Train Epoch 2: 900/1641 Loss: 0.350828
2026-08-18 06:16: Train Epoch 2: 920/1641 Loss: 0.335288
2026-08-18 06:16: Train Epoch 2: 940/1641 Loss: 0.346790
2026-08-18 06:16: Train Epoch 2: 960/1641 Loss: 0.357166
2026-08-18 06:16: Train Epoch 2: 980/1641 Loss: 0.336443
2026-08-18 06:16: Train Epoch 2: 1000/1641 Loss: 0.361611
2026-08-18 06:16: Train Epoch 2: 1020/1641 Loss: 0.346445
2026-08-18 06:16: Train Epoch 2: 1040/1641 Loss: 0.378822
2026-08-18 06:16: Train Epoch 2: 1060/1641 Loss: 0.337042
2026-08-18 06:16: Train Epoch 2: 1080/1641 Loss: 0.385918
2026-08-18 06:16: Train Epoch 2: 1100/1641 Loss: 0.327507
2026-08-18 06:16: Train Epoch 2: 1120/1641 Loss: 0.366597
2026-08-18 06:16: Train Epoch 2: 1140/1641 Loss: 0.364447
2026-08-18 06:16: Train Epoch 2: 1160/1641 Loss: 0.342751
2026-08-18 06:16: Train Epoch 2: 1180/1641 Loss: 0.331593
2026-08-18 06:16: Train Epoch 2: 1200/1641 Loss: 0.365924
2026-08-18 06:16: Train Epoch 2: 1220/1641 Loss: 0.350735
2026-08-18 06:17: Train Epoch 2: 1240/1641 Loss: 0.376503
2026-08-18 06:17: Train Epoch 2: 1260/1641 Loss: 0.368637
2026-08-18 06:17: Train Epoch 2: 1280/1641 Loss: 0.351041
2026-08-18 06:17: Train Epoch 2: 1300/1641 Loss: 0.349289
2026-08-18 06:17: Train Epoch 2: 1320/1641 Loss: 0.348716
2026-08-18 06:17: Train Epoch 2: 1340/1641 Loss: 0.322278
2026-08-18 06:17: Train Epoch 2: 1360/1641 Loss: 0.332385
2026-08-18 06:17: Train Epoch 2: 1380/1641 Loss: 0.356512
2026-08-18 06:17: Train Epoch 2: 1400/1641 Loss: 0.332007
2026-08-18 06:17: Train Epoch 2: 1420/1641 Loss: 0.357599
2026-08-18 06:17: Train Epoch 2: 1440/1641 Loss: 0.361541
2026-08-18 06:17: Train Epoch 2: 1460/1641 Loss: 0.376231
2026-08-18 06:17: Train Epoch 2: 1480/1641 Loss: 0.320985
2026-08-18 06:17: Train Epoch 2: 1500/1641 Loss: 0.403459
2026-08-18 06:17: Train Epoch 2: 1520/1641 Loss: 0.319736
2026-08-18 06:17: Train Epoch 2: 1540/1641 Loss: 0.396433
2026-08-18 06:17: Train Epoch 2: 1560/1641 Loss: 0.365947
2026-08-18 06:17: Train Epoch 2: 1580/1641 Loss: 0.348202
2026-08-18 06:17: Train Epoch 2: 1600/1641 Loss: 0.375421
2026-08-18 06:17: Train Epoch 2: 1620/1641 Loss: 0.343394
2026-08-18 06:17: Train Epoch 2: 1640/1641 Loss: 0.363864
2026-08-18 06:17: **********Train Epoch 2: averaged Loss: 0.359374, tf_ratio: 1.000000
2026-08-18 06:17: **********Val Epoch 2: average Loss: 0.350597
2026-08-18 06:17: *********************************Current best model saved!
2026-08-18 06:17: Train Epoch 3: 0/1641 Loss: 0.312817
2026-08-18 06:17: Train Epoch 3: 20/1641 Loss: 0.378733
2026-08-18 06:17: Train Epoch 3: 40/1641 Loss: 0.330444
2026-08-18 06:17: Train Epoch 3: 60/1641 Loss: 0.369653
2026-08-18 06:17: Train Epoch 3: 80/1641 Loss: 0.361110
2026-08-18 06:17: Train Epoch 3: 100/1641 Loss: 0.353790
2026-08-18 06:17: Train Epoch 3: 120/1641 Loss: 0.383841
2026-08-18 06:17: Train Epoch 3: 140/1641 Loss: 0.357065
2026-08-18 06:17: Train Epoch 3: 160/1641 Loss: 0.338644
2026-08-18 06:17: Train Epoch 3: 180/1641 Loss: 0.329330
2026-08-18 06:17: Train Epoch 3: 200/1641 Loss: 0.342079
2026-08-18 06:17: Train Epoch 3: 220/1641 Loss: 0.344537
2026-08-18 06:17: Train Epoch 3: 240/1641 Loss: 0.349055
2026-08-18 06:17: Train Epoch 3: 260/1641 Loss: 0.323213
2026-08-18 06:17: Train Epoch 3: 280/1641 Loss: 0.360632
2026-08-18 06:18: Train Epoch 3: 300/1641 Loss: 0.342939
2026-08-18 06:18: Train Epoch 3: 320/1641 Loss: 0.361773
2026-08-18 06:18: Train Epoch 3: 340/1641 Loss: 0.347159
2026-08-18 06:18: Train Epoch 3: 360/1641 Loss: 0.348206
2026-08-18 06:18: Train Epoch 3: 380/1641 Loss: 0.347344
2026-08-18 06:18: Train Epoch 3: 400/1641 Loss: 0.355345
2026-08-18 06:18: Train Epoch 3: 420/1641 Loss: 0.350512
2026-08-18 06:18: Train Epoch 3: 440/1641 Loss: 0.346815
2026-08-18 06:18: Train Epoch 3: 460/1641 Loss: 0.348863
2026-08-18 06:18: Train Epoch 3: 480/1641 Loss: 0.352506
2026-08-18 06:18: Train Epoch 3: 500/1641 Loss: 0.363462
2026-08-18 06:18: Train Epoch 3: 520/1641 Loss: 0.351100
2026-08-18 06:18: Train Epoch 3: 540/1641 Loss: 0.329693
2026-08-18 06:18: Train Epoch 3: 560/1641 Loss: 0.348344
2026-08-18 06:18: Train Epoch 3: 580/1641 Loss: 0.372852
2026-08-18 06:18: Train Epoch 3: 600/1641 Loss: 0.315059
2026-08-18 06:18: Train Epoch 3: 620/1641 Loss: 0.354845
2026-08-18 06:18: Train Epoch 3: 640/1641 Loss: 0.323993
2026-08-18 06:18: Train Epoch 3: 660/1641 Loss: 0.340316
2026-08-18 06:18: Train Epoch 3: 680/1641 Loss: 0.344447
2026-08-18 06:18: Train Epoch 3: 700/1641 Loss: 0.372492
2026-08-18 06:18: Train Epoch 3: 720/1641 Loss: 0.376234
2026-08-18 06:18: Train Epoch 3: 740/1641 Loss: 0.322123
2026-08-18 06:18: Train Epoch 3: 760/1641 Loss: 0.342960
2026-08-18 06:18: Train Epoch 3: 780/1641 Loss: 0.333741
2026-08-18 06:18: Train Epoch 3: 800/1641 Loss: 0.332741
2026-08-18 06:18: Train Epoch 3: 820/1641 Loss: 0.343423
2026-08-18 06:18: Train Epoch 3: 840/1641 Loss: 0.321553
2026-08-18 06:18: Train Epoch 3: 860/1641 Loss: 0.335501
2026-08-18 06:18: Train Epoch 3: 880/1641 Loss: 0.333634
2026-08-18 06:18: Train Epoch 3: 900/1641 Loss: 0.354432
2026-08-18 06:18: Train Epoch 3: 920/1641 Loss: 0.376281
2026-08-18 06:18: Train Epoch 3: 940/1641 Loss: 0.325561
2026-08-18 06:18: Train Epoch 3: 960/1641 Loss: 0.355585
2026-08-18 06:18: Train Epoch 3: 980/1641 Loss: 0.365462
2026-08-18 06:18: Train Epoch 3: 1000/1641 Loss: 0.345273
2026-08-18 06:18: Train Epoch 3: 1020/1641 Loss: 0.361619
2026-08-18 06:18: Train Epoch 3: 1040/1641 Loss: 0.343304
2026-08-18 06:18: Train Epoch 3: 1060/1641 Loss: 0.344162
2026-08-18 06:18: Train Epoch 3: 1080/1641 Loss: 0.342219
2026-08-18 06:18: Train Epoch 3: 1100/1641 Loss: 0.342678
2026-08-18 06:19: Train Epoch 3: 1120/1641 Loss: 0.346953
2026-08-18 06:19: Train Epoch 3: 1140/1641 Loss: 0.332711
2026-08-18 06:19: Train Epoch 3: 1160/1641 Loss: 0.306948
2026-08-18 06:19: Train Epoch 3: 1180/1641 Loss: 0.330015
2026-08-18 06:19: Train Epoch 3: 1200/1641 Loss: 0.372862
2026-08-18 06:19: Train Epoch 3: 1220/1641 Loss: 0.329825
2026-08-18 06:19: Train Epoch 3: 1240/1641 Loss: 0.337676
2026-08-18 06:19: Train Epoch 3: 1260/1641 Loss: 0.373051
2026-08-18 06:19: Train Epoch 3: 1280/1641 Loss: 0.333659
2026-08-18 06:19: Train Epoch 3: 1300/1641 Loss: 0.322336
2026-08-18 06:19: Train Epoch 3: 1320/1641 Loss: 0.368548
2026-08-18 06:19: Train Epoch 3: 1340/1641 Loss: 0.392303
2026-08-18 06:19: Train Epoch 3: 1360/1641 Loss: 0.325155
2026-08-18 06:19: Train Epoch 3: 1380/1641 Loss: 0.329165
2026-08-18 06:19: Train Epoch 3: 1400/1641 Loss: 0.340298
2026-08-18 06:19: Train Epoch 3: 1420/1641 Loss: 0.340630
2026-08-18 06:19: Train Epoch 3: 1440/1641 Loss: 0.340121
2026-08-18 06:19: Train Epoch 3: 1460/1641 Loss: 0.349265
2026-08-18 06:19: Train Epoch 3: 1480/1641 Loss: 0.332062
2026-08-18 06:19: Train Epoch 3: 1500/1641 Loss: 0.334375
2026-08-18 06:19: Train Epoch 3: 1520/1641 Loss: 0.374705
2026-08-18 06:19: Train Epoch 3: 1540/1641 Loss: 0.320770
2026-08-18 06:19: Train Epoch 3: 1560/1641 Loss: 0.325688
2026-08-18 06:19: Train Epoch 3: 1580/1641 Loss: 0.319910
2026-08-18 06:19: Train Epoch 3: 1600/1641 Loss: 0.340359
2026-08-18 06:19: Train Epoch 3: 1620/1641 Loss: 0.358857
2026-08-18 06:19: Train Epoch 3: 1640/1641 Loss: 0.339283
2026-08-18 06:19: **********Train Epoch 3: averaged Loss: 0.346923, tf_ratio: 1.000000
2026-08-18 06:19: **********Val Epoch 3: average Loss: 0.341602
2026-08-18 06:19: *********************************Current best model saved!
2026-08-18 06:19: Train Epoch 4: 0/1641 Loss: 0.384349
2026-08-18 06:19: Train Epoch 4: 20/1641 Loss: 0.325289
2026-08-18 06:19: Train Epoch 4: 40/1641 Loss: 0.348771
2026-08-18 06:19: Train Epoch 4: 60/1641 Loss: 0.351936
2026-08-18 06:19: Train Epoch 4: 80/1641 Loss: 0.312121
2026-08-18 06:19: Train Epoch 4: 100/1641 Loss: 0.307486
2026-08-18 06:19: Train Epoch 4: 120/1641 Loss: 0.339325
2026-08-18 06:19: Train Epoch 4: 140/1641 Loss: 0.320014
2026-08-18 06:20: Train Epoch 4: 160/1641 Loss: 0.346794
2026-08-18 06:20: Train Epoch 4: 180/1641 Loss: 0.359352
2026-08-18 06:20: Train Epoch 4: 200/1641 Loss: 0.352263
2026-08-18 06:20: Train Epoch 4: 220/1641 Loss: 0.330585
2026-08-18 06:20: Train Epoch 4: 240/1641 Loss: 0.326558
2026-08-18 06:20: Train Epoch 4: 260/1641 Loss: 0.326039
2026-08-18 06:20: Train Epoch 4: 280/1641 Loss: 0.350048
2026-08-18 06:20: Train Epoch 4: 300/1641 Loss: 0.334991
2026-08-18 06:20: Train Epoch 4: 320/1641 Loss: 0.332525
2026-08-18 06:20: Train Epoch 4: 340/1641 Loss: 0.338527
2026-08-18 06:20: Train Epoch 4: 360/1641 Loss: 0.329096
2026-08-18 06:20: Train Epoch 4: 380/1641 Loss: 0.359428
2026-08-18 06:20: Train Epoch 4: 400/1641 Loss: 0.338441
2026-08-18 06:20: Train Epoch 4: 420/1641 Loss: 0.361622
2026-08-18 06:20: Train Epoch 4: 440/1641 Loss: 0.333492
2026-08-18 06:20: Train Epoch 4: 460/1641 Loss: 0.308380
2026-08-18 06:20: Train Epoch 4: 480/1641 Loss: 0.331946
2026-08-18 06:20: Train Epoch 4: 500/1641 Loss: 0.330850
2026-08-18 06:20: Train Epoch 4: 520/1641 Loss: 0.337605
2026-08-18 06:20: Train Epoch 4: 540/1641 Loss: 0.362748
2026-08-18 06:20: Train Epoch 4: 560/1641 Loss: 0.333084
2026-08-18 06:20: Train Epoch 4: 580/1641 Loss: 0.338464
2026-08-18 06:20: Train Epoch 4: 600/1641 Loss: 0.317036
2026-08-18 06:20: Train Epoch 4: 620/1641 Loss: 0.336164
2026-08-18 06:20: Train Epoch 4: 640/1641 Loss: 0.317767
2026-08-18 06:20: Train Epoch 4: 660/1641 Loss: 0.337070
2026-08-18 06:20: Train Epoch 4: 680/1641 Loss: 0.354247
2026-08-18 06:20: Train Epoch 4: 700/1641 Loss: 0.334898
2026-08-18 06:20: Train Epoch 4: 720/1641 Loss: 0.339855
2026-08-18 06:20: Train Epoch 4: 740/1641 Loss: 0.332037
2026-08-18 06:20: Train Epoch 4: 760/1641 Loss: 0.373658
2026-08-18 06:20: Train Epoch 4: 780/1641 Loss: 0.343051
2026-08-18 06:20: Train Epoch 4: 800/1641 Loss: 0.354537
2026-08-18 06:20: Train Epoch 4: 820/1641 Loss: 0.326990
2026-08-18 06:20: Train Epoch 4: 840/1641 Loss: 0.334068
2026-08-18 06:20: Train Epoch 4: 860/1641 Loss: 0.339155
2026-08-18 06:20: Train Epoch 4: 880/1641 Loss: 0.323281
2026-08-18 06:20: Train Epoch 4: 900/1641 Loss: 0.339944
2026-08-18 06:20: Train Epoch 4: 920/1641 Loss: 0.347334
2026-08-18 06:20: Train Epoch 4: 940/1641 Loss: 0.345109
2026-08-18 06:21: Train Epoch 4: 960/1641 Loss: 0.358969
2026-08-18 06:21: Train Epoch 4: 980/1641 Loss: 0.325801
2026-08-18 06:21: Train Epoch 4: 1000/1641 Loss: 0.335390
2026-08-18 06:21: Train Epoch 4: 1020/1641 Loss: 0.330832
2026-08-18 06:21: Train Epoch 4: 1040/1641 Loss: 0.327944
2026-08-18 06:21: Train Epoch 4: 1060/1641 Loss: 0.328339
2026-08-18 06:21: Train Epoch 4: 1080/1641 Loss: 0.315390
2026-08-18 06:21: Train Epoch 4: 1100/1641 Loss: 0.318783
2026-08-18 06:21: Train Epoch 4: 1120/1641 Loss: 0.360514
2026-08-18 06:21: Train Epoch 4: 1140/1641 Loss: 0.349117
2026-08-18 06:21: Train Epoch 4: 1160/1641 Loss: 0.316021
2026-08-18 06:21: Train Epoch 4: 1180/1641 Loss: 0.346717
2026-08-18 06:21: Train Epoch 4: 1200/1641 Loss: 0.321367
2026-08-18 06:21: Train Epoch 4: 1220/1641 Loss: 0.330710
2026-08-18 06:21: Train Epoch 4: 1240/1641 Loss: 0.342559
2026-08-18 06:21: Train Epoch 4: 1260/1641 Loss: 0.341523
2026-08-18 06:21: Train Epoch 4: 1280/1641 Loss: 0.338313
2026-08-18 06:21: Train Epoch 4: 1300/1641 Loss: 0.357389
2026-08-18 06:21: Train Epoch 4: 1320/1641 Loss: 0.323537
2026-08-18 06:21: Train Epoch 4: 1340/1641 Loss: 0.334672
2026-08-18 06:21: Train Epoch 4: 1360/1641 Loss: 0.350785
2026-08-18 06:21: Train Epoch 4: 1380/1641 Loss: 0.342019
2026-08-18 06:21: Train Epoch 4: 1400/1641 Loss: 0.325489
2026-08-18 06:21: Train Epoch 4: 1420/1641 Loss: 0.342548
2026-08-18 06:21: Train Epoch 4: 1440/1641 Loss: 0.340332
2026-08-18 06:21: Train Epoch 4: 1460/1641 Loss: 0.345796
2026-08-18 06:21: Train Epoch 4: 1480/1641 Loss: 0.334416
2026-08-18 06:21: Train Epoch 4: 1500/1641 Loss: 0.342835
2026-08-18 06:21: Train Epoch 4: 1520/1641 Loss: 0.345712
2026-08-18 06:21: Train Epoch 4: 1540/1641 Loss: 0.312650
2026-08-18 06:21: Train Epoch 4: 1560/1641 Loss: 0.359873
2026-08-18 06:21: Train Epoch 4: 1580/1641 Loss: 0.337416
2026-08-18 06:21: Train Epoch 4: 1600/1641 Loss: 0.325291
2026-08-18 06:21: Train Epoch 4: 1620/1641 Loss: 0.335235
2026-08-18 06:21: Train Epoch 4: 1640/1641 Loss: 0.324965
2026-08-18 06:21: **********Train Epoch 4: averaged Loss: 0.339260, tf_ratio: 1.000000
2026-08-18 06:22: **********Val Epoch 4: average Loss: 0.333453
2026-08-18 06:22: *********************************Current best model saved!
2026-08-18 06:22: Train Epoch 5: 0/1641 Loss: 0.372920
2026-08-18 06:22: Train Epoch 5: 20/1641 Loss: 0.318450
2026-08-18 06:22: Train Epoch 5: 40/1641 Loss: 0.331206
2026-08-18 06:22: Train Epoch 5: 60/1641 Loss: 0.318958
2026-08-18 06:22: Train Epoch 5: 80/1641 Loss: 0.352400
2026-08-18 06:22: Train Epoch 5: 100/1641 Loss: 0.316256
2026-08-18 06:22: Train Epoch 5: 120/1641 Loss: 0.372075
2026-08-18 06:22: Train Epoch 5: 140/1641 Loss: 0.325782
2026-08-18 06:22: Train Epoch 5: 160/1641 Loss: 0.333323
2026-08-18 06:22: Train Epoch 5: 180/1641 Loss: 0.334918
2026-08-18 06:22: Train Epoch 5: 200/1641 Loss: 0.340169
2026-08-18 06:22: Train Epoch 5: 220/1641 Loss: 0.328164
2026-08-18 06:22: Train Epoch 5: 240/1641 Loss: 0.377773
2026-08-18 06:22: Train Epoch 5: 260/1641 Loss: 0.340207
2026-08-18 06:22: Train Epoch 5: 280/1641 Loss: 0.313323
2026-08-18 06:22: Train Epoch 5: 300/1641 Loss: 0.344570
2026-08-18 06:22: Train Epoch 5: 320/1641 Loss: 0.333594
2026-08-18 06:22: Train Epoch 5: 340/1641 Loss: 0.343038
2026-08-18 06:22: Train Epoch 5: 360/1641 Loss: 0.332282
2026-08-18 06:22: Train Epoch 5: 380/1641 Loss: 0.347304
2026-08-18 06:22: Train Epoch 5: 400/1641 Loss: 0.345181
2026-08-18 06:22: Train Epoch 5: 420/1641 Loss: 0.334277
2026-08-18 06:22: Train Epoch 5: 440/1641 Loss: 0.322156
2026-08-18 06:22: Train Epoch 5: 460/1641 Loss: 0.372528
2026-08-18 06:22: Train Epoch 5: 480/1641 Loss: 0.351202
2026-08-18 06:22: Train Epoch 5: 500/1641 Loss: 0.331691
2026-08-18 06:22: Train Epoch 5: 520/1641 Loss: 0.351809
2026-08-18 06:22: Train Epoch 5: 540/1641 Loss: 0.340553
2026-08-18 06:22: Train Epoch 5: 560/1641 Loss: 0.330258
2026-08-18 06:22: Train Epoch 5: 580/1641 Loss: 0.335734
2026-08-18 06:22: Train Epoch 5: 600/1641 Loss: 0.325675
2026-08-18 06:22: Train Epoch 5: 620/1641 Loss: 0.332732
2026-08-18 06:22: Train Epoch 5: 640/1641 Loss: 0.329431
2026-08-18 06:22: Train Epoch 5: 660/1641 Loss: 0.317742
2026-08-18 06:22: Train Epoch 5: 680/1641 Loss: 0.346636
2026-08-18 06:22: Train Epoch 5: 700/1641 Loss: 0.336210
2026-08-18 06:22: Train Epoch 5: 720/1641 Loss: 0.314145
2026-08-18 06:22: Train Epoch 5: 740/1641 Loss: 0.335774
2026-08-18 06:22: Train Epoch 5: 760/1641 Loss: 0.319261
2026-08-18 06:22: Train Epoch 5: 780/1641 Loss: 0.340600
2026-08-18 06:22: Train Epoch 5: 800/1641 Loss: 0.319342
2026-08-18 06:23: Train Epoch 5: 820/1641 Loss: 0.326573
2026-08-18 06:23: Train Epoch 5: 840/1641 Loss: 0.346899
2026-08-18 06:23: Train Epoch 5: 860/1641 Loss: 0.326773
2026-08-18 06:23: Train Epoch 5: 880/1641 Loss: 0.349463
2026-08-18 06:23: Train Epoch 5: 900/1641 Loss: 0.318460
2026-08-18 06:23: Train Epoch 5: 920/1641 Loss: 0.342593
2026-08-18 06:23: Train Epoch 5: 940/1641 Loss: 0.331780
2026-08-18 06:23: Train Epoch 5: 960/1641 Loss: 0.325955
2026-08-18 06:23: Train Epoch 5: 980/1641 Loss: 0.319178
2026-08-18 06:23: Train Epoch 5: 1000/1641 Loss: 0.340801
2026-08-18 06:23: Train Epoch 5: 1020/1641 Loss: 0.347173
2026-08-18 06:23: Train Epoch 5: 1040/1641 Loss: 0.315504
2026-08-18 06:23: Train Epoch 5: 1060/1641 Loss: 0.322528
2026-08-18 06:23: Train Epoch 5: 1080/1641 Loss: 0.326223
2026-08-18 06:23: Train Epoch 5: 1100/1641 Loss: 0.323493
2026-08-18 06:23: Train Epoch 5: 1120/1641 Loss: 0.334954
2026-08-18 06:23: Train Epoch 5: 1140/1641 Loss: 0.326976
2026-08-18 06:23: Train Epoch 5: 1160/1641 Loss: 0.348586
2026-08-18 06:23: Train Epoch 5: 1180/1641 Loss: 0.309980
2026-08-18 06:23: Train Epoch 5: 1200/1641 Loss: 0.326282
2026-08-18 06:23: Train Epoch 5: 1220/1641 Loss: 0.326627
2026-08-18 06:23: Train Epoch 5: 1240/1641 Loss: 0.318809
2026-08-18 06:23: Train Epoch 5: 1260/1641 Loss: 0.329461
2026-08-18 06:23: Train Epoch 5: 1280/1641 Loss: 0.334843
2026-08-18 06:23: Train Epoch 5: 1300/1641 Loss: 0.334520
2026-08-18 06:23: Train Epoch 5: 1320/1641 Loss: 0.311142
2026-08-18 06:23: Train Epoch 5: 1340/1641 Loss: 0.321432
2026-08-18 06:23: Train Epoch 5: 1360/1641 Loss: 0.330166
2026-08-18 06:23: Train Epoch 5: 1380/1641 Loss: 0.364177
2026-08-18 06:23: Train Epoch 5: 1400/1641 Loss: 0.338433
2026-08-18 06:23: Train Epoch 5: 1420/1641 Loss: 0.331575
2026-08-18 06:23: Train Epoch 5: 1440/1641 Loss: 0.347544
2026-08-18 06:23: Train Epoch 5: 1460/1641 Loss: 0.331026
2026-08-18 06:23: Train Epoch 5: 1480/1641 Loss: 0.327037
2026-08-18 06:23: Train Epoch 5: 1500/1641 Loss: 0.327292
2026-08-18 06:23: Train Epoch 5: 1520/1641 Loss: 0.353413
2026-08-18 06:23: Train Epoch 5: 1540/1641 Loss: 0.354204
2026-08-18 06:23: Train Epoch 5: 1560/1641 Loss: 0.348231
2026-08-18 06:23: Train Epoch 5: 1580/1641 Loss: 0.371913
2026-08-18 06:23: Train Epoch 5: 1600/1641 Loss: 0.340969
2026-08-18 06:23: Train Epoch 5: 1620/1641 Loss: 0.331587
2026-08-18 06:24: Train Epoch 5: 1640/1641 Loss: 0.342562
2026-08-18 06:24: **********Train Epoch 5: averaged Loss: 0.333675, tf_ratio: 1.000000
2026-08-18 06:24: **********Val Epoch 5: average Loss: 0.327010
2026-08-18 06:24: *********************************Current best model saved!
2026-08-18 06:24: Train Epoch 6: 0/1641 Loss: 0.345458
2026-08-18 06:24: Train Epoch 6: 20/1641 Loss: 0.336082
2026-08-18 06:24: Train Epoch 6: 40/1641 Loss: 0.356679
2026-08-18 06:24: Train Epoch 6: 60/1641 Loss: 0.355956
2026-08-18 06:24: Train Epoch 6: 80/1641 Loss: 0.349147
2026-08-18 06:24: Train Epoch 6: 100/1641 Loss: 0.314099
2026-08-18 06:24: Train Epoch 6: 120/1641 Loss: 0.327963
2026-08-18 06:24: Train Epoch 6: 140/1641 Loss: 0.375016
2026-08-18 06:24: Train Epoch 6: 160/1641 Loss: 0.303177
2026-08-18 06:24: Train Epoch 6: 180/1641 Loss: 0.321090
2026-08-18 06:24: Train Epoch 6: 200/1641 Loss: 0.308354
2026-08-18 06:24: Train Epoch 6: 220/1641 Loss: 0.363220
2026-08-18 06:24: Train Epoch 6: 240/1641 Loss: 0.323113
2026-08-18 06:24: Train Epoch 6: 260/1641 Loss: 0.344089
2026-08-18 06:24: Train Epoch 6: 280/1641 Loss: 0.323229
2026-08-18 06:24: Train Epoch 6: 300/1641 Loss: 0.293816
2026-08-18 06:24: Train Epoch 6: 320/1641 Loss: 0.324380
2026-08-18 06:24: Train Epoch 6: 340/1641 Loss: 0.297619
2026-08-18 06:24: Train Epoch 6: 360/1641 Loss: 0.328372
2026-08-18 06:24: Train Epoch 6: 380/1641 Loss: 0.333801
2026-08-18 06:24: Train Epoch 6: 400/1641 Loss: 0.321437
2026-08-18 06:24: Train Epoch 6: 420/1641 Loss: 0.319350
2026-08-18 06:24: Train Epoch 6: 440/1641 Loss: 0.337788
2026-08-18 06:24: Train Epoch 6: 460/1641 Loss: 0.340173
2026-08-18 06:24: Train Epoch 6: 480/1641 Loss: 0.317344
2026-08-18 06:24: Train Epoch 6: 500/1641 Loss: 0.330711
2026-08-18 06:24: Train Epoch 6: 520/1641 Loss: 0.340855
2026-08-18 06:24: Train Epoch 6: 540/1641 Loss: 0.343830
2026-08-18 06:24: Train Epoch 6: 560/1641 Loss: 0.320003
2026-08-18 06:24: Train Epoch 6: 580/1641 Loss: 0.333414
2026-08-18 06:24: Train Epoch 6: 600/1641 Loss: 0.340128
2026-08-18 06:24: Train Epoch 6: 620/1641 Loss: 0.352859
2026-08-18 06:24: Train Epoch 6: 640/1641 Loss: 0.321084
2026-08-18 06:24: Train Epoch 6: 660/1641 Loss: 0.326669
2026-08-18 06:25: Train Epoch 6: 680/1641 Loss: 0.325724
2026-08-18 06:25: Train Epoch 6: 700/1641 Loss: 0.376186
2026-08-18 06:25: Train Epoch 6: 720/1641 Loss: 0.336020
2026-08-18 06:25: Train Epoch 6: 740/1641 Loss: 0.319396
2026-08-18 06:25: Train Epoch 6: 760/1641 Loss: 0.345041
2026-08-18 06:25: Train Epoch 6: 780/1641 Loss: 0.306713
2026-08-18 06:25: Train Epoch 6: 800/1641 Loss: 0.333637
2026-08-18 06:25: Train Epoch 6: 820/1641 Loss: 0.334697
2026-08-18 06:25: Train Epoch 6: 840/1641 Loss: 0.343136
2026-08-18 06:25: Train Epoch 6: 860/1641 Loss: 0.359815
2026-08-18 06:25: Train Epoch 6: 880/1641 Loss: 0.315334
2026-08-18 06:25: Train Epoch 6: 900/1641 Loss: 0.345917
2026-08-18 06:25: Train Epoch 6: 920/1641 Loss: 0.320115
2026-08-18 06:25: Train Epoch 6: 940/1641 Loss: 0.346156
2026-08-18 06:25: Train Epoch 6: 960/1641 Loss: 0.331564
2026-08-18 06:25: Train Epoch 6: 980/1641 Loss: 0.334717
2026-08-18 06:25: Train Epoch 6: 1000/1641 Loss: 0.313509
2026-08-18 06:25: Train Epoch 6: 1020/1641 Loss: 0.327791
2026-08-18 06:25: Train Epoch 6: 1040/1641 Loss: 0.321833
2026-08-18 06:25: Train Epoch 6: 1060/1641 Loss: 0.302442
2026-08-18 06:25: Train Epoch 6: 1080/1641 Loss: 0.327696
2026-08-18 06:25: Train Epoch 6: 1100/1641 Loss: 0.328488
2026-08-18 06:25: Train Epoch 6: 1120/1641 Loss: 0.314395
2026-08-18 06:25: Train Epoch 6: 1140/1641 Loss: 0.340819
2026-08-18 06:25: Train Epoch 6: 1160/1641 Loss: 0.326478
2026-08-18 06:25: Train Epoch 6: 1180/1641 Loss: 0.324706
2026-08-18 06:25: Train Epoch 6: 1200/1641 Loss: 0.322430
2026-08-18 06:25: Train Epoch 6: 1220/1641 Loss: 0.316291
2026-08-18 06:25: Train Epoch 6: 1240/1641 Loss: 0.346097
2026-08-18 06:25: Train Epoch 6: 1260/1641 Loss: 0.327618
2026-08-18 06:25: Train Epoch 6: 1280/1641 Loss: 0.344645
2026-08-18 06:25: Train Epoch 6: 1300/1641 Loss: 0.357664
2026-08-18 06:25: Train Epoch 6: 1320/1641 Loss: 0.306104
2026-08-18 06:25: Train Epoch 6: 1340/1641 Loss: 0.334377
2026-08-18 06:25: Train Epoch 6: 1360/1641 Loss: 0.355720
2026-08-18 06:25: Train Epoch 6: 1380/1641 Loss: 0.316984
2026-08-18 06:25: Train Epoch 6: 1400/1641 Loss: 0.334836
2026-08-18 06:25: Train Epoch 6: 1420/1641 Loss: 0.337669
2026-08-18 06:25: Train Epoch 6: 1440/1641 Loss: 0.314550
2026-08-18 06:25: Train Epoch 6: 1460/1641 Loss: 0.352331
2026-08-18 06:25: Train Epoch 6: 1480/1641 Loss: 0.325277
2026-08-18 06:26: Train Epoch 6: 1500/1641 Loss: 0.329173
2026-08-18 06:26: Train Epoch 6: 1520/1641 Loss: 0.352378
2026-08-18 06:26: Train Epoch 6: 1540/1641 Loss: 0.303715
2026-08-18 06:26: Train Epoch 6: 1560/1641 Loss: 0.338740
2026-08-18 06:26: Train Epoch 6: 1580/1641 Loss: 0.334096
2026-08-18 06:26: Train Epoch 6: 1600/1641 Loss: 0.333356
2026-08-18 06:26: Train Epoch 6: 1620/1641 Loss: 0.340356
2026-08-18 06:26: Train Epoch 6: 1640/1641 Loss: 0.355731
2026-08-18 06:26: **********Train Epoch 6: averaged Loss: 0.329639, tf_ratio: 1.000000
2026-08-18 06:26: **********Val Epoch 6: average Loss: 0.327876
2026-08-18 06:26: Train Epoch 7: 0/1641 Loss: 0.337003
2026-08-18 06:26: Train Epoch 7: 20/1641 Loss: 0.328093
2026-08-18 06:26: Train Epoch 7: 40/1641 Loss: 0.317130
2026-08-18 06:26: Train Epoch 7: 60/1641 Loss: 0.322489
2026-08-18 06:26: Train Epoch 7: 80/1641 Loss: 0.309524
2026-08-18 06:26: Train Epoch 7: 100/1641 Loss: 0.324403
2026-08-18 06:26: Train Epoch 7: 120/1641 Loss: 0.330100
2026-08-18 06:26: Train Epoch 7: 140/1641 Loss: 0.320994
2026-08-18 06:26: Train Epoch 7: 160/1641 Loss: 0.322144
2026-08-18 06:26: Train Epoch 7: 180/1641 Loss: 0.326315
2026-08-18 06:26: Train Epoch 7: 200/1641 Loss: 0.332166
2026-08-18 06:26: Train Epoch 7: 220/1641 Loss: 0.341281
2026-08-18 06:26: Train Epoch 7: 240/1641 Loss: 0.306724
2026-08-18 06:26: Train Epoch 7: 260/1641 Loss: 0.339974
2026-08-18 06:26: Train Epoch 7: 280/1641 Loss: 0.324663
2026-08-18 06:26: Train Epoch 7: 300/1641 Loss: 0.339698
2026-08-18 06:26: Train Epoch 7: 320/1641 Loss: 0.333114
2026-08-18 06:26: Train Epoch 7: 340/1641 Loss: 0.321832
2026-08-18 06:26: Train Epoch 7: 360/1641 Loss: 0.351139
2026-08-18 06:26: Train Epoch 7: 380/1641 Loss: 0.331409
2026-08-18 06:26: Train Epoch 7: 400/1641 Loss: 0.325928
2026-08-18 06:26: Train Epoch 7: 420/1641 Loss: 0.314064
2026-08-18 06:26: Train Epoch 7: 440/1641 Loss: 0.314346
2026-08-18 06:26: Train Epoch 7: 460/1641 Loss: 0.328710
2026-08-18 06:26: Train Epoch 7: 480/1641 Loss: 0.321926
2026-08-18 06:26: Train Epoch 7: 500/1641 Loss: 0.314824
2026-08-18 06:26: Train Epoch 7: 520/1641 Loss: 0.308454
2026-08-18 06:27: Train Epoch 7: 540/1641 Loss: 0.326911
2026-08-18 06:27: Train Epoch 7: 560/1641 Loss: 0.312429
2026-08-18 06:27: Train Epoch 7: 580/1641 Loss: 0.354286
2026-08-18 06:27: Train Epoch 7: 600/1641 Loss: 0.334720
2026-08-18 06:27: Train Epoch 7: 620/1641 Loss: 0.328773
2026-08-18 06:27: Train Epoch 7: 640/1641 Loss: 0.316523
2026-08-18 06:27: Train Epoch 7: 660/1641 Loss: 0.305062
2026-08-18 06:27: Train Epoch 7: 680/1641 Loss: 0.322277
2026-08-18 06:27: Train Epoch 7: 700/1641 Loss: 0.323037
2026-08-18 06:27: Train Epoch 7: 720/1641 Loss: 0.341647
2026-08-18 06:27: Train Epoch 7: 740/1641 Loss: 0.323312
2026-08-18 06:27: Train Epoch 7: 760/1641 Loss: 0.337927
2026-08-18 06:27: Train Epoch 7: 780/1641 Loss: 0.325842
2026-08-18 06:27: Train Epoch 7: 800/1641 Loss: 0.326670
2026-08-18 06:27: Train Epoch 7: 820/1641 Loss: 0.299023
2026-08-18 06:27: Train Epoch 7: 840/1641 Loss: 0.348088
2026-08-18 06:27: Train Epoch 7: 860/1641 Loss: 0.315083
2026-08-18 06:27: Train Epoch 7: 880/1641 Loss: 0.315914
2026-08-18 06:27: Train Epoch 7: 900/1641 Loss: 0.289960
2026-08-18 06:27: Train Epoch 7: 920/1641 Loss: 0.339041
2026-08-18 06:27: Train Epoch 7: 940/1641 Loss: 0.349303
2026-08-18 06:27: Train Epoch 7: 960/1641 Loss: 0.300836
2026-08-18 06:27: Train Epoch 7: 980/1641 Loss: 0.338554
2026-08-18 06:27: Train Epoch 7: 1000/1641 Loss: 0.329928
2026-08-18 06:27: Train Epoch 7: 1020/1641 Loss: 0.317210
2026-08-18 06:27: Train Epoch 7: 1040/1641 Loss: 0.308704
2026-08-18 06:27: Train Epoch 7: 1060/1641 Loss: 0.325350
2026-08-18 06:27: Train Epoch 7: 1080/1641 Loss: 0.337729
2026-08-18 06:27: Train Epoch 7: 1100/1641 Loss: 0.321259
2026-08-18 06:27: Train Epoch 7: 1120/1641 Loss: 0.318173
2026-08-18 06:27: Train Epoch 7: 1140/1641 Loss: 0.321674
2026-08-18 06:27: Train Epoch 7: 1160/1641 Loss: 0.317397
2026-08-18 06:27: Train Epoch 7: 1180/1641 Loss: 0.371928
2026-08-18 06:27: Train Epoch 7: 1200/1641 Loss: 0.310414
2026-08-18 06:27: Train Epoch 7: 1220/1641 Loss: 0.343110
2026-08-18 06:27: Train Epoch 7: 1240/1641 Loss: 0.340674
2026-08-18 06:27: Train Epoch 7: 1260/1641 Loss: 0.317016
2026-08-18 06:27: Train Epoch 7: 1280/1641 Loss: 0.366072
2026-08-18 06:27: Train Epoch 7: 1300/1641 Loss: 0.312482
2026-08-18 06:27: Train Epoch 7: 1320/1641 Loss: 0.316145
2026-08-18 06:27: Train Epoch 7: 1340/1641 Loss: 0.330141
2026-08-18 06:28: Train Epoch 7: 1360/1641 Loss: 0.326550
2026-08-18 06:28: Train Epoch 7: 1380/1641 Loss: 0.311527
2026-08-18 06:28: Train Epoch 7: 1400/1641 Loss: 0.322986
2026-08-18 06:28: Train Epoch 7: 1420/1641 Loss: 0.332251
2026-08-18 06:28: Train Epoch 7: 1440/1641 Loss: 0.331609
2026-08-18 06:28: Train Epoch 7: 1460/1641 Loss: 0.314517
2026-08-18 06:28: Train Epoch 7: 1480/1641 Loss: 0.330885
2026-08-18 06:28: Train Epoch 7: 1500/1641 Loss: 0.321241
2026-08-18 06:28: Train Epoch 7: 1520/1641 Loss: 0.343243
2026-08-18 06:28: Train Epoch 7: 1540/1641 Loss: 0.330183
2026-08-18 06:28: Train Epoch 7: 1560/1641 Loss: 0.334704
2026-08-18 06:28: Train Epoch 7: 1580/1641 Loss: 0.337788
2026-08-18 06:28: Train Epoch 7: 1600/1641 Loss: 0.333126
2026-08-18 06:28: Train Epoch 7: 1620/1641 Loss: 0.297770
2026-08-18 06:28: Train Epoch 7: 1640/1641 Loss: 0.317402
2026-08-18 06:28: **********Train Epoch 7: averaged Loss: 0.326635, tf_ratio: 1.000000
2026-08-18 06:28: **********Val Epoch 7: average Loss: 0.323175
2026-08-18 06:28: *********************************Current best model saved!
2026-08-18 06:28: Train Epoch 8: 0/1641 Loss: 0.322023
2026-08-18 06:28: Train Epoch 8: 20/1641 Loss: 0.334414
2026-08-18 06:28: Train Epoch 8: 40/1641 Loss: 0.347176
2026-08-18 06:28: Train Epoch 8: 60/1641 Loss: 0.333722
2026-08-18 06:28: Train Epoch 8: 80/1641 Loss: 0.316675
2026-08-18 06:28: Train Epoch 8: 100/1641 Loss: 0.316352
2026-08-18 06:28: Train Epoch 8: 120/1641 Loss: 0.316472
2026-08-18 06:28: Train Epoch 8: 140/1641 Loss: 0.341430
2026-08-18 06:28: Train Epoch 8: 160/1641 Loss: 0.349909
2026-08-18 06:28: Train Epoch 8: 180/1641 Loss: 0.329428
2026-08-18 06:28: Train Epoch 8: 200/1641 Loss: 0.304690
2026-08-18 06:28: Train Epoch 8: 220/1641 Loss: 0.327912
2026-08-18 06:28: Train Epoch 8: 240/1641 Loss: 0.318345
2026-08-18 06:28: Train Epoch 8: 260/1641 Loss: 0.324755
2026-08-18 06:28: Train Epoch 8: 280/1641 Loss: 0.332619
2026-08-18 06:28: Train Epoch 8: 300/1641 Loss: 0.327990
2026-08-18 06:28: Train Epoch 8: 320/1641 Loss: 0.336614
2026-08-18 06:28: Train Epoch 8: 340/1641 Loss: 0.350726
2026-08-18 06:28: Train Epoch 8: 360/1641 Loss: 0.342651
2026-08-18 06:28: Train Epoch 8: 380/1641 Loss: 0.322644
2026-08-18 06:28: Train Epoch 8: 400/1641 Loss: 0.327008
2026-08-18 06:29: Train Epoch 8: 420/1641 Loss: 0.355773
2026-08-18 06:29: Train Epoch 8: 440/1641 Loss: 0.294796
2026-08-18 06:29: Train Epoch 8: 460/1641 Loss: 0.329351
2026-08-18 06:29: Train Epoch 8: 480/1641 Loss: 0.341206
2026-08-18 06:29: Train Epoch 8: 500/1641 Loss: 0.319243
2026-08-18 06:29: Train Epoch 8: 520/1641 Loss: 0.340620
2026-08-18 06:29: Train Epoch 8: 540/1641 Loss: 0.319401
2026-08-18 06:29: Train Epoch 8: 560/1641 Loss: 0.331528
2026-08-18 06:29: Train Epoch 8: 580/1641 Loss: 0.302160
2026-08-18 06:29: Train Epoch 8: 600/1641 Loss: 0.320277
2026-08-18 06:29: Train Epoch 8: 620/1641 Loss: 0.337542
2026-08-18 06:29: Train Epoch 8: 640/1641 Loss: 0.339291
2026-08-18 06:29: Train Epoch 8: 660/1641 Loss: 0.351191
2026-08-18 06:29: Train Epoch 8: 680/1641 Loss: 0.307522
2026-08-18 06:29: Train Epoch 8: 700/1641 Loss: 0.333993
2026-08-18 06:29: Train Epoch 8: 720/1641 Loss: 0.342497
2026-08-18 06:29: Train Epoch 8: 740/1641 Loss: 0.311502
2026-08-18 06:29: Train Epoch 8: 760/1641 Loss: 0.331088
2026-08-18 06:29: Train Epoch 8: 780/1641 Loss: 0.306377
2026-08-18 06:29: Train Epoch 8: 800/1641 Loss: 0.342176
2026-08-18 06:29: Train Epoch 8: 820/1641 Loss: 0.335119
2026-08-18 06:29: Train Epoch 8: 840/1641 Loss: 0.319342
2026-08-18 06:29: Train Epoch 8: 860/1641 Loss: 0.347547
2026-08-18 06:29: Train Epoch 8: 880/1641 Loss: 0.339836
2026-08-18 06:29: Train Epoch 8: 900/1641 Loss: 0.314375
2026-08-18 06:29: Train Epoch 8: 920/1641 Loss: 0.316071
2026-08-18 06:29: Train Epoch 8: 940/1641 Loss: 0.329951
2026-08-18 06:29: Train Epoch 8: 960/1641 Loss: 0.304103
2026-08-18 06:29: Train Epoch 8: 980/1641 Loss: 0.332719
2026-08-18 06:29: Train Epoch 8: 1000/1641 Loss: 0.330749
2026-08-18 06:29: Train Epoch 8: 1020/1641 Loss: 0.359737
2026-08-18 06:29: Train Epoch 8: 1040/1641 Loss: 0.321981
2026-08-18 06:29: Train Epoch 8: 1060/1641 Loss: 0.301765
2026-08-18 06:29: Train Epoch 8: 1080/1641 Loss: 0.333030
2026-08-18 06:29: Train Epoch 8: 1100/1641 Loss: 0.325365
2026-08-18 06:29: Train Epoch 8: 1120/1641 Loss: 0.320520
2026-08-18 06:29: Train Epoch 8: 1140/1641 Loss: 0.314035
2026-08-18 06:29: Train Epoch 8: 1160/1641 Loss: 0.365217
2026-08-18 06:29: Train Epoch 8: 1180/1641 Loss: 0.303850
2026-08-18 06:29: Train Epoch 8: 1200/1641 Loss: 0.314310
2026-08-18 06:29: Train Epoch 8: 1220/1641 Loss: 0.296664
2026-08-18 06:29: Train Epoch 8: 1240/1641 Loss: 0.316575
2026-08-18 06:29: Train Epoch 8: 1260/1641 Loss: 0.317543
2026-08-18 06:29: Train Epoch 8: 1280/1641 Loss: 0.310626
2026-08-18 06:30: Train Epoch 8: 1300/1641 Loss: 0.293242
2026-08-18 06:30: Train Epoch 8: 1320/1641 Loss: 0.320784
2026-08-18 06:30: Train Epoch 8: 1340/1641 Loss: 0.339217
2026-08-18 06:30: Train Epoch 8: 1360/1641 Loss: 0.302106
2026-08-18 06:30: Train Epoch 8: 1380/1641 Loss: 0.344183
2026-08-18 06:30: Train Epoch 8: 1400/1641 Loss: 0.313771
2026-08-18 06:30: Train Epoch 8: 1420/1641 Loss: 0.332208
2026-08-18 06:30: Train Epoch 8: 1440/1641 Loss: 0.313178
2026-08-18 06:30: Train Epoch 8: 1460/1641 Loss: 0.324901
2026-08-18 06:30: Train Epoch 8: 1480/1641 Loss: 0.325962
2026-08-18 06:30: Train Epoch 8: 1500/1641 Loss: 0.319547
2026-08-18 06:30: Train Epoch 8: 1520/1641 Loss: 0.350050
2026-08-18 06:30: Train Epoch 8: 1540/1641 Loss: 0.319635
2026-08-18 06:30: Train Epoch 8: 1560/1641 Loss: 0.311528
2026-08-18 06:30: Train Epoch 8: 1580/1641 Loss: 0.344322
2026-08-18 06:30: Train Epoch 8: 1600/1641 Loss: 0.322803
2026-08-18 06:30: Train Epoch 8: 1620/1641 Loss: 0.333252
2026-08-18 06:30: Train Epoch 8: 1640/1641 Loss: 0.330999
2026-08-18 06:30: **********Train Epoch 8: averaged Loss: 0.323628, tf_ratio: 1.000000
2026-08-18 06:30: **********Val Epoch 8: average Loss: 0.322712
2026-08-18 06:30: *********************************Current best model saved!
2026-08-18 06:30: Train Epoch 9: 0/1641 Loss: 0.301523
2026-08-18 06:30: Train Epoch 9: 20/1641 Loss: 0.323581
2026-08-18 06:30: Train Epoch 9: 40/1641 Loss: 0.322418
2026-08-18 06:30: Train Epoch 9: 60/1641 Loss: 0.316447
2026-08-18 06:30: Train Epoch 9: 80/1641 Loss: 0.320970
2026-08-18 06:30: Train Epoch 9: 100/1641 Loss: 0.332544
2026-08-18 06:30: Train Epoch 9: 120/1641 Loss: 0.327373
2026-08-18 06:30: Train Epoch 9: 140/1641 Loss: 0.326488
2026-08-18 06:30: Train Epoch 9: 160/1641 Loss: 0.306827
2026-08-18 06:30: Train Epoch 9: 180/1641 Loss: 0.331395
2026-08-18 06:30: Train Epoch 9: 200/1641 Loss: 0.300634
2026-08-18 06:30: Train Epoch 9: 220/1641 Loss: 0.323178
2026-08-18 06:30: Train Epoch 9: 240/1641 Loss: 0.318799
2026-08-18 06:30: Train Epoch 9: 260/1641 Loss: 0.299107
2026-08-18 06:30: Train Epoch 9: 280/1641 Loss: 0.293853
2026-08-18 06:30: Train Epoch 9: 300/1641 Loss: 0.317343
2026-08-18 06:31: Train Epoch 9: 320/1641 Loss: 0.329762
2026-08-18 06:31: Train Epoch 9: 340/1641 Loss: 0.301328
2026-08-18 06:31: Train Epoch 9: 360/1641 Loss: 0.332098
2026-08-18 06:31: Train Epoch 9: 380/1641 Loss: 0.339788
2026-08-18 06:31: Train Epoch 9: 400/1641 Loss: 0.301565
2026-08-18 06:31: Train Epoch 9: 420/1641 Loss: 0.326031
2026-08-18 06:31: Train Epoch 9: 440/1641 Loss: 0.313208
2026-08-18 06:31: Train Epoch 9: 460/1641 Loss: 0.311987
2026-08-18 06:31: Train Epoch 9: 480/1641 Loss: 0.318527
2026-08-18 06:31: Train Epoch 9: 500/1641 Loss: 0.327781
2026-08-18 06:31: Train Epoch 9: 520/1641 Loss: 0.330372
2026-08-18 06:31: Train Epoch 9: 540/1641 Loss: 0.312103
2026-08-18 06:31: Train Epoch 9: 560/1641 Loss: 0.319515
2026-08-18 06:31: Train Epoch 9: 580/1641 Loss: 0.304706
2026-08-18 06:31: Train Epoch 9: 600/1641 Loss: 0.321051
2026-08-18 06:31: Train Epoch 9: 620/1641 Loss: 0.295005
2026-08-18 06:31: Train Epoch 9: 640/1641 Loss: 0.308223
2026-08-18 06:31: Train Epoch 9: 660/1641 Loss: 0.330913
2026-08-18 06:31: Train Epoch 9: 680/1641 Loss: 0.305266
2026-08-18 06:31: Train Epoch 9: 700/1641 Loss: 0.332968
2026-08-18 06:31: Train Epoch 9: 720/1641 Loss: 0.313815
2026-08-18 06:31: Train Epoch 9: 740/1641 Loss: 0.285759
2026-08-18 06:31: Train Epoch 9: 760/1641 Loss: 0.316683
2026-08-18 06:31: Train Epoch 9: 780/1641 Loss: 0.312843
2026-08-18 06:31: Train Epoch 9: 800/1641 Loss: 0.303836
2026-08-18 06:31: Train Epoch 9: 820/1641 Loss: 0.364970
2026-08-18 06:31: Train Epoch 9: 840/1641 Loss: 0.298321
2026-08-18 06:31: Train Epoch 9: 860/1641 Loss: 0.339457
2026-08-18 06:31: Train Epoch 9: 880/1641 Loss: 0.305618
2026-08-18 06:31: Train Epoch 9: 900/1641 Loss: 0.343407
2026-08-18 06:31: Train Epoch 9: 920/1641 Loss: 0.338459
2026-08-18 06:31: Train Epoch 9: 940/1641 Loss: 0.284425
2026-08-18 06:31: Train Epoch 9: 960/1641 Loss: 0.335276
2026-08-18 06:31: Train Epoch 9: 980/1641 Loss: 0.345404
2026-08-18 06:31: Train Epoch 9: 1000/1641 Loss: 0.321515
2026-08-18 06:31: Train Epoch 9: 1020/1641 Loss: 0.325498
2026-08-18 06:31: Train Epoch 9: 1040/1641 Loss: 0.314759
2026-08-18 06:31: Train Epoch 9: 1060/1641 Loss: 0.318920
2026-08-18 06:31: Train Epoch 9: 1080/1641 Loss: 0.343635
2026-08-18 06:31: Train Epoch 9: 1100/1641 Loss: 0.299560
2026-08-18 06:31: Train Epoch 9: 1120/1641 Loss: 0.321383
2026-08-18 06:31: Train Epoch 9: 1140/1641 Loss: 0.347758
2026-08-18 06:32: Train Epoch 9: 1160/1641 Loss: 0.314775
2026-08-18 06:32: Train Epoch 9: 1180/1641 Loss: 0.338880
2026-08-18 06:32: Train Epoch 9: 1200/1641 Loss: 0.306684
2026-08-18 06:32: Train Epoch 9: 1220/1641 Loss: 0.330842
2026-08-18 06:32: Train Epoch 9: 1240/1641 Loss: 0.313333
2026-08-18 06:32: Train Epoch 9: 1260/1641 Loss: 0.299932
2026-08-18 06:32: Train Epoch 9: 1280/1641 Loss: 0.318329
2026-08-18 06:32: Train Epoch 9: 1300/1641 Loss: 0.322529
2026-08-18 06:32: Train Epoch 9: 1320/1641 Loss: 0.299811
2026-08-18 06:32: Train Epoch 9: 1340/1641 Loss: 0.288491
2026-08-18 06:32: Train Epoch 9: 1360/1641 Loss: 0.337618
2026-08-18 06:32: Train Epoch 9: 1380/1641 Loss: 0.336674
2026-08-18 06:32: Train Epoch 9: 1400/1641 Loss: 0.307817
2026-08-18 06:32: Train Epoch 9: 1420/1641 Loss: 0.314969
2026-08-18 06:32: Train Epoch 9: 1440/1641 Loss: 0.328945
2026-08-18 06:32: Train Epoch 9: 1460/1641 Loss: 0.315102
2026-08-18 06:32: Train Epoch 9: 1480/1641 Loss: 0.325810
2026-08-18 06:32: Train Epoch 9: 1500/1641 Loss: 0.302731
2026-08-18 06:32: Train Epoch 9: 1520/1641 Loss: 0.340024
2026-08-18 06:32: Train Epoch 9: 1540/1641 Loss: 0.320162
2026-08-18 06:32: Train Epoch 9: 1560/1641 Loss: 0.339185
2026-08-18 06:32: Train Epoch 9: 1580/1641 Loss: 0.322018
2026-08-18 06:32: Train Epoch 9: 1600/1641 Loss: 0.315379
2026-08-18 06:32: Train Epoch 9: 1620/1641 Loss: 0.321378
2026-08-18 06:32: Train Epoch 9: 1640/1641 Loss: 0.307851
2026-08-18 06:32: **********Train Epoch 9: averaged Loss: 0.321142, tf_ratio: 1.000000
2026-08-18 06:32: **********Val Epoch 9: average Loss: 0.323078
2026-08-18 06:32: Train Epoch 10: 0/1641 Loss: 0.341036
2026-08-18 06:32: Train Epoch 10: 20/1641 Loss: 0.329241
2026-08-18 06:32: Train Epoch 10: 40/1641 Loss: 0.334296
2026-08-18 06:32: Train Epoch 10: 60/1641 Loss: 0.324812
2026-08-18 06:32: Train Epoch 10: 80/1641 Loss: 0.294753
2026-08-18 06:32: Train Epoch 10: 100/1641 Loss: 0.327679
2026-08-18 06:32: Train Epoch 10: 120/1641 Loss: 0.369677
2026-08-18 06:32: Train Epoch 10: 140/1641 Loss: 0.321574
2026-08-18 06:32: Train Epoch 10: 160/1641 Loss: 0.309885
2026-08-18 06:32: Train Epoch 10: 180/1641 Loss: 0.325439
2026-08-18 06:32: Train Epoch 10: 200/1641 Loss: 0.313091
2026-08-18 06:33: Train Epoch 10: 220/1641 Loss: 0.342937
2026-08-18 06:33: Train Epoch 10: 240/1641 Loss: 0.319684
2026-08-18 06:33: Train Epoch 10: 260/1641 Loss: 0.319169
2026-08-18 06:33: Train Epoch 10: 280/1641 Loss: 0.323804
2026-08-18 06:33: Train Epoch 10: 300/1641 Loss: 0.317307
2026-08-18 06:33: Train Epoch 10: 320/1641 Loss: 0.323883
2026-08-18 06:33: Train Epoch 10: 340/1641 Loss: 0.303945
2026-08-18 06:33: Train Epoch 10: 360/1641 Loss: 0.300381
2026-08-18 06:33: Train Epoch 10: 380/1641 Loss: 0.315407
2026-08-18 06:33: Train Epoch 10: 400/1641 Loss: 0.316645
2026-08-18 06:33: Train Epoch 10: 420/1641 Loss: 0.311715
2026-08-18 06:33: Train Epoch 10: 440/1641 Loss: 0.319954
2026-08-18 06:33: Train Epoch 10: 460/1641 Loss: 0.321408
2026-08-18 06:33: Train Epoch 10: 480/1641 Loss: 0.308759
2026-08-18 06:33: Train Epoch 10: 500/1641 Loss: 0.329654
2026-08-18 06:33: Train Epoch 10: 520/1641 Loss: 0.300325
2026-08-18 06:33: Train Epoch 10: 540/1641 Loss: 0.324939
2026-08-18 06:33: Train Epoch 10: 560/1641 Loss: 0.335827
2026-08-18 06:33: Train Epoch 10: 580/1641 Loss: 0.318373
2026-08-18 06:33: Train Epoch 10: 600/1641 Loss: 0.310490
2026-08-18 06:33: Train Epoch 10: 620/1641 Loss: 0.322443
2026-08-18 06:33: Train Epoch 10: 640/1641 Loss: 0.308330
2026-08-18 06:33: Train Epoch 10: 660/1641 Loss: 0.323300
2026-08-18 06:33: Train Epoch 10: 680/1641 Loss: 0.354834
2026-08-18 06:33: Train Epoch 10: 700/1641 Loss: 0.318254
2026-08-18 06:33: Train Epoch 10: 720/1641 Loss: 0.300344
2026-08-18 06:33: Train Epoch 10: 740/1641 Loss: 0.303034
2026-08-18 06:33: Train Epoch 10: 760/1641 Loss: 0.322852
2026-08-18 06:33: Train Epoch 10: 780/1641 Loss: 0.338608
2026-08-18 06:33: Train Epoch 10: 800/1641 Loss: 0.311485
2026-08-18 06:33: Train Epoch 10: 820/1641 Loss: 0.310606
2026-08-18 06:33: Train Epoch 10: 840/1641 Loss: 0.312515
2026-08-18 06:33: Train Epoch 10: 860/1641 Loss: 0.309846
2026-08-18 06:33: Train Epoch 10: 880/1641 Loss: 0.312732
2026-08-18 06:33: Train Epoch 10: 900/1641 Loss: 0.303933
2026-08-18 06:33: Train Epoch 10: 920/1641 Loss: 0.324694
2026-08-18 06:33: Train Epoch 10: 940/1641 Loss: 0.353156
2026-08-18 06:33: Train Epoch 10: 960/1641 Loss: 0.323227
2026-08-18 06:33: Train Epoch 10: 980/1641 Loss: 0.326204
2026-08-18 06:33: Train Epoch 10: 1000/1641 Loss: 0.306520
2026-08-18 06:33: Train Epoch 10: 1020/1641 Loss: 0.307236
2026-08-18 06:33: Train Epoch 10: 1040/1641 Loss: 0.310375
2026-08-18 06:33: Train Epoch 10: 1060/1641 Loss: 0.300045
2026-08-18 06:34: Train Epoch 10: 1080/1641 Loss: 0.349446
2026-08-18 06:34: Train Epoch 10: 1100/1641 Loss: 0.310892
2026-08-18 06:34: Train Epoch 10: 1120/1641 Loss: 0.344624
2026-08-18 06:34: Train Epoch 10: 1140/1641 Loss: 0.331004
2026-08-18 06:34: Train Epoch 10: 1160/1641 Loss: 0.321136
2026-08-18 06:34: Train Epoch 10: 1180/1641 Loss: 0.314895
2026-08-18 06:34: Train Epoch 10: 1200/1641 Loss: 0.348648
2026-08-18 06:34: Train Epoch 10: 1220/1641 Loss: 0.318895
2026-08-18 06:34: Train Epoch 10: 1240/1641 Loss: 0.317936
2026-08-18 06:34: Train Epoch 10: 1260/1641 Loss: 0.339354
2026-08-18 06:34: Train Epoch 10: 1280/1641 Loss: 0.318931
2026-08-18 06:34: Train Epoch 10: 1300/1641 Loss: 0.340152
2026-08-18 06:34: Train Epoch 10: 1320/1641 Loss: 0.346971
2026-08-18 06:34: Train Epoch 10: 1340/1641 Loss: 0.339727
2026-08-18 06:34: Train Epoch 10: 1360/1641 Loss: 0.330480
2026-08-18 06:34: Train Epoch 10: 1380/1641 Loss: 0.328703
2026-08-18 06:34: Train Epoch 10: 1400/1641 Loss: 0.324610
2026-08-18 06:34: Train Epoch 10: 1420/1641 Loss: 0.329757
2026-08-18 06:34: Train Epoch 10: 1440/1641 Loss: 0.305441
2026-08-18 06:34: Train Epoch 10: 1460/1641 Loss: 0.304925
2026-08-18 06:34: Train Epoch 10: 1480/1641 Loss: 0.318453
2026-08-18 06:34: Train Epoch 10: 1500/1641 Loss: 0.321767
2026-08-18 06:34: Train Epoch 10: 1520/1641 Loss: 0.314249
2026-08-18 06:34: Train Epoch 10: 1540/1641 Loss: 0.307249
2026-08-18 06:34: Train Epoch 10: 1560/1641 Loss: 0.333914
2026-08-18 06:34: Train Epoch 10: 1580/1641 Loss: 0.310783
2026-08-18 06:34: Train Epoch 10: 1600/1641 Loss: 0.313919
2026-08-18 06:34: Train Epoch 10: 1620/1641 Loss: 0.285677
2026-08-18 06:34: Train Epoch 10: 1640/1641 Loss: 0.298824
2026-08-18 06:34: **********Train Epoch 10: averaged Loss: 0.318903, tf_ratio: 1.000000
2026-08-18 06:34: **********Val Epoch 10: average Loss: 0.319640
2026-08-18 06:34: *********************************Current best model saved!
2026-08-18 06:34: Train Epoch 11: 0/1641 Loss: 0.325431
2026-08-18 06:34: Train Epoch 11: 20/1641 Loss: 0.336168
2026-08-18 06:34: Train Epoch 11: 40/1641 Loss: 0.319967
2026-08-18 06:34: Train Epoch 11: 60/1641 Loss: 0.330384
2026-08-18 06:34: Train Epoch 11: 80/1641 Loss: 0.299716
2026-08-18 06:35: Train Epoch 11: 100/1641 Loss: 0.330684
2026-08-18 06:35: Train Epoch 11: 120/1641 Loss: 0.312528
2026-08-18 06:35: Train Epoch 11: 140/1641 Loss: 0.301059
2026-08-18 06:35: Train Epoch 11: 160/1641 Loss: 0.320355
2026-08-18 06:35: Train Epoch 11: 180/1641 Loss: 0.308129
2026-08-18 06:35: Train Epoch 11: 200/1641 Loss: 0.319776
2026-08-18 06:35: Train Epoch 11: 220/1641 Loss: 0.319828
2026-08-18 06:35: Train Epoch 11: 240/1641 Loss: 0.296689
2026-08-18 06:35: Train Epoch 11: 260/1641 Loss: 0.322562
2026-08-18 06:35: Train Epoch 11: 280/1641 Loss: 0.291715
2026-08-18 06:35: Train Epoch 11: 300/1641 Loss: 0.320546
2026-08-18 06:35: Train Epoch 11: 320/1641 Loss: 0.310624
2026-08-18 06:35: Train Epoch 11: 340/1641 Loss: 0.339733
2026-08-18 06:35: Train Epoch 11: 360/1641 Loss: 0.347915
2026-08-18 06:35: Train Epoch 11: 380/1641 Loss: 0.315568
2026-08-18 06:35: Train Epoch 11: 400/1641 Loss: 0.301610
2026-08-18 06:35: Train Epoch 11: 420/1641 Loss: 0.302931
2026-08-18 06:35: Train Epoch 11: 440/1641 Loss: 0.300661
2026-08-18 06:35: Train Epoch 11: 460/1641 Loss: 0.322872
2026-08-18 06:35: Train Epoch 11: 480/1641 Loss: 0.332083
2026-08-18 06:35: Train Epoch 11: 500/1641 Loss: 0.298245
2026-08-18 06:35: Train Epoch 11: 520/1641 Loss: 0.312518
2026-08-18 06:35: Train Epoch 11: 540/1641 Loss: 0.313493
2026-08-18 06:35: Train Epoch 11: 560/1641 Loss: 0.334559
2026-08-18 06:35: Train Epoch 11: 580/1641 Loss: 0.324695
2026-08-18 06:35: Train Epoch 11: 600/1641 Loss: 0.313758
2026-08-18 06:35: Train Epoch 11: 620/1641 Loss: 0.294560
2026-08-18 06:35: Train Epoch 11: 640/1641 Loss: 0.318116
2026-08-18 06:35: Train Epoch 11: 660/1641 Loss: 0.337061
2026-08-18 06:35: Train Epoch 11: 680/1641 Loss: 0.306156
2026-08-18 06:35: Train Epoch 11: 700/1641 Loss: 0.306324
2026-08-18 06:35: Train Epoch 11: 720/1641 Loss: 0.324302
2026-08-18 06:35: Train Epoch 11: 740/1641 Loss: 0.297371
2026-08-18 06:35: Train Epoch 11: 760/1641 Loss: 0.323115
2026-08-18 06:35: Train Epoch 11: 780/1641 Loss: 0.350673
2026-08-18 06:35: Train Epoch 11: 800/1641 Loss: 0.303494
2026-08-18 06:35: Train Epoch 11: 820/1641 Loss: 0.313445
2026-08-18 06:35: Train Epoch 11: 840/1641 Loss: 0.336412
2026-08-18 06:35: Train Epoch 11: 860/1641 Loss: 0.309933
2026-08-18 06:35: Train Epoch 11: 880/1641 Loss: 0.337610
2026-08-18 06:35: Train Epoch 11: 900/1641 Loss: 0.314690
2026-08-18 06:35: Train Epoch 11: 920/1641 Loss: 0.300577
2026-08-18 06:35: Train Epoch 11: 940/1641 Loss: 0.321374
2026-08-18 06:36: Train Epoch 11: 960/1641 Loss: 0.321286
2026-08-18 06:36: Train Epoch 11: 980/1641 Loss: 0.313806
2026-08-18 06:36: Train Epoch 11: 1000/1641 Loss: 0.328038
2026-08-18 06:36: Train Epoch 11: 1020/1641 Loss: 0.332029
2026-08-18 06:36: Train Epoch 11: 1040/1641 Loss: 0.313527
2026-08-18 06:36: Train Epoch 11: 1060/1641 Loss: 0.313766
2026-08-18 06:36: Train Epoch 11: 1080/1641 Loss: 0.320070
2026-08-18 06:36: Train Epoch 11: 1100/1641 Loss: 0.311621
2026-08-18 06:36: Train Epoch 11: 1120/1641 Loss: 0.308843
2026-08-18 06:36: Train Epoch 11: 1140/1641 Loss: 0.325644
2026-08-18 06:36: Train Epoch 11: 1160/1641 Loss: 0.334059
2026-08-18 06:36: Train Epoch 11: 1180/1641 Loss: 0.322730
2026-08-18 06:36: Train Epoch 11: 1200/1641 Loss: 0.326804
2026-08-18 06:36: Train Epoch 11: 1220/1641 Loss: 0.327789
2026-08-18 06:36: Train Epoch 11: 1240/1641 Loss: 0.311520
2026-08-18 06:36: Train Epoch 11: 1260/1641 Loss: 0.342553
2026-08-18 06:36: Train Epoch 11: 1280/1641 Loss: 0.317983
2026-08-18 06:36: Train Epoch 11: 1300/1641 Loss: 0.321435
2026-08-18 06:36: Train Epoch 11: 1320/1641 Loss: 0.309636
2026-08-18 06:36: Train Epoch 11: 1340/1641 Loss: 0.324073
2026-08-18 06:36: Train Epoch 11: 1360/1641 Loss: 0.307643
2026-08-18 06:36: Train Epoch 11: 1380/1641 Loss: 0.330434
2026-08-18 06:36: Train Epoch 11: 1400/1641 Loss: 0.307045
2026-08-18 06:36: Train Epoch 11: 1420/1641 Loss: 0.319377
2026-08-18 06:36: Train Epoch 11: 1440/1641 Loss: 0.348159
2026-08-18 06:36: Train Epoch 11: 1460/1641 Loss: 0.297947
2026-08-18 06:36: Train Epoch 11: 1480/1641 Loss: 0.351212
2026-08-18 06:36: Train Epoch 11: 1500/1641 Loss: 0.319845
2026-08-18 06:36: Train Epoch 11: 1520/1641 Loss: 0.317869
2026-08-18 06:36: Train Epoch 11: 1540/1641 Loss: 0.310615
2026-08-18 06:36: Train Epoch 11: 1560/1641 Loss: 0.328638
2026-08-18 06:36: Train Epoch 11: 1580/1641 Loss: 0.288359
2026-08-18 06:36: Train Epoch 11: 1600/1641 Loss: 0.329009
2026-08-18 06:36: Train Epoch 11: 1620/1641 Loss: 0.344805
2026-08-18 06:36: Train Epoch 11: 1640/1641 Loss: 0.301002
2026-08-18 06:36: **********Train Epoch 11: averaged Loss: 0.316931, tf_ratio: 1.000000
2026-08-18 06:36: **********Val Epoch 11: average Loss: 0.321677
2026-08-18 06:36: Train Epoch 12: 0/1641 Loss: 0.320643
2026-08-18 06:36: Train Epoch 12: 20/1641 Loss: 0.305450
2026-08-18 06:37: Train Epoch 12: 40/1641 Loss: 0.323115
2026-08-18 06:37: Train Epoch 12: 60/1641 Loss: 0.322287
2026-08-18 06:37: Train Epoch 12: 80/1641 Loss: 0.306848
2026-08-18 06:37: Train Epoch 12: 100/1641 Loss: 0.335377
2026-08-18 06:37: Train Epoch 12: 120/1641 Loss: 0.326367
2026-08-18 06:37: Train Epoch 12: 140/1641 Loss: 0.336302
2026-08-18 06:37: Train Epoch 12: 160/1641 Loss: 0.315297
2026-08-18 06:37: Train Epoch 12: 180/1641 Loss: 0.318499
2026-08-18 06:37: Train Epoch 12: 200/1641 Loss: 0.311151
2026-08-18 06:37: Train Epoch 12: 220/1641 Loss: 0.315368
2026-08-18 06:37: Train Epoch 12: 240/1641 Loss: 0.319769
2026-08-18 06:37: Train Epoch 12: 260/1641 Loss: 0.338621
2026-08-18 06:37: Train Epoch 12: 280/1641 Loss: 0.308262
2026-08-18 06:37: Train Epoch 12: 300/1641 Loss: 0.322082
2026-08-18 06:37: Train Epoch 12: 320/1641 Loss: 0.322290
2026-08-18 06:37: Train Epoch 12: 340/1641 Loss: 0.291448
2026-08-18 06:37: Train Epoch 12: 360/1641 Loss: 0.314834
2026-08-18 06:37: Train Epoch 12: 380/1641 Loss: 0.307478
2026-08-18 06:37: Train Epoch 12: 400/1641 Loss: 0.307253
2026-08-18 06:37: Train Epoch 12: 420/1641 Loss: 0.321179
2026-08-18 06:37: Train Epoch 12: 440/1641 Loss: 0.298838
2026-08-18 06:37: Train Epoch 12: 460/1641 Loss: 0.281400
2026-08-18 06:37: Train Epoch 12: 480/1641 Loss: 0.327477
2026-08-18 06:37: Train Epoch 12: 500/1641 Loss: 0.327140
2026-08-18 06:37: Train Epoch 12: 520/1641 Loss: 0.307358
2026-08-18 06:37: Train Epoch 12: 540/1641 Loss: 0.342550
2026-08-18 06:37: Train Epoch 12: 560/1641 Loss: 0.310649
2026-08-18 06:37: Train Epoch 12: 580/1641 Loss: 0.313581
2026-08-18 06:37: Train Epoch 12: 600/1641 Loss: 0.319409
2026-08-18 06:37: Train Epoch 12: 620/1641 Loss: 0.318816
2026-08-18 06:37: Train Epoch 12: 640/1641 Loss: 0.291001
2026-08-18 06:37: Train Epoch 12: 660/1641 Loss: 0.316665
2026-08-18 06:37: Train Epoch 12: 680/1641 Loss: 0.316848
2026-08-18 06:37: Train Epoch 12: 700/1641 Loss: 0.315329
2026-08-18 06:37: Train Epoch 12: 720/1641 Loss: 0.332820
2026-08-18 06:37: Train Epoch 12: 740/1641 Loss: 0.313391
2026-08-18 06:37: Train Epoch 12: 760/1641 Loss: 0.305008
2026-08-18 06:37: Train Epoch 12: 780/1641 Loss: 0.309606
2026-08-18 06:37: Train Epoch 12: 800/1641 Loss: 0.340556
2026-08-18 06:37: Train Epoch 12: 820/1641 Loss: 0.326486
2026-08-18 06:37: Train Epoch 12: 840/1641 Loss: 0.328380
2026-08-18 06:37: Train Epoch 12: 860/1641 Loss: 0.288992
2026-08-18 06:38: Train Epoch 12: 880/1641 Loss: 0.313327
2026-08-18 06:38: Train Epoch 12: 900/1641 Loss: 0.329530
2026-08-18 06:38: Train Epoch 12: 920/1641 Loss: 0.304660
2026-08-18 06:38: Train Epoch 12: 940/1641 Loss: 0.320063
2026-08-18 06:38: Train Epoch 12: 960/1641 Loss: 0.304551
2026-08-18 06:38: Train Epoch 12: 980/1641 Loss: 0.328792
2026-08-18 06:38: Train Epoch 12: 1000/1641 Loss: 0.305811
2026-08-18 06:38: Train Epoch 12: 1020/1641 Loss: 0.274701
2026-08-18 06:38: Train Epoch 12: 1040/1641 Loss: 0.308540
2026-08-18 06:38: Train Epoch 12: 1060/1641 Loss: 0.329175
2026-08-18 06:38: Train Epoch 12: 1080/1641 Loss: 0.301155
2026-08-18 06:38: Train Epoch 12: 1100/1641 Loss: 0.330442
2026-08-18 06:38: Train Epoch 12: 1120/1641 Loss: 0.319708
2026-08-18 06:38: Train Epoch 12: 1140/1641 Loss: 0.350039
2026-08-18 06:38: Train Epoch 12: 1160/1641 Loss: 0.324173
2026-08-18 06:38: Train Epoch 12: 1180/1641 Loss: 0.316934
2026-08-18 06:38: Train Epoch 12: 1200/1641 Loss: 0.333902
2026-08-18 06:38: Train Epoch 12: 1220/1641 Loss: 0.305796
2026-08-18 06:38: Train Epoch 12: 1240/1641 Loss: 0.336266
2026-08-18 06:38: Train Epoch 12: 1260/1641 Loss: 0.326711
2026-08-18 06:38: Train Epoch 12: 1280/1641 Loss: 0.314620
2026-08-18 06:38: Train Epoch 12: 1300/1641 Loss: 0.314262
2026-08-18 06:38: Train Epoch 12: 1320/1641 Loss: 0.319855
2026-08-18 06:38: Train Epoch 12: 1340/1641 Loss: 0.322458
2026-08-18 06:38: Train Epoch 12: 1360/1641 Loss: 0.325781
2026-08-18 06:38: Train Epoch 12: 1380/1641 Loss: 0.313022
2026-08-18 06:38: Train Epoch 12: 1400/1641 Loss: 0.331643
2026-08-18 06:38: Train Epoch 12: 1420/1641 Loss: 0.295679
2026-08-18 06:38: Train Epoch 12: 1440/1641 Loss: 0.315386
2026-08-18 06:38: Train Epoch 12: 1460/1641 Loss: 0.348411
2026-08-18 06:38: Train Epoch 12: 1480/1641 Loss: 0.296305
2026-08-18 06:38: Train Epoch 12: 1500/1641 Loss: 0.309623
2026-08-18 06:38: Train Epoch 12: 1520/1641 Loss: 0.334958
2026-08-18 06:38: Train Epoch 12: 1540/1641 Loss: 0.310193
2026-08-18 06:38: Train Epoch 12: 1560/1641 Loss: 0.346648
2026-08-18 06:38: Train Epoch 12: 1580/1641 Loss: 0.317022
2026-08-18 06:38: Train Epoch 12: 1600/1641 Loss: 0.321936
2026-08-18 06:38: Train Epoch 12: 1620/1641 Loss: 0.324286
2026-08-18 06:38: Train Epoch 12: 1640/1641 Loss: 0.291325
2026-08-18 06:38: **********Train Epoch 12: averaged Loss: 0.315009, tf_ratio: 1.000000
2026-08-18 06:39: **********Val Epoch 12: average Loss: 0.320296
2026-08-18 06:39: Train Epoch 13: 0/1641 Loss: 0.288809
2026-08-18 06:39: Train Epoch 13: 20/1641 Loss: 0.320305
2026-08-18 06:39: Train Epoch 13: 40/1641 Loss: 0.284002
2026-08-18 06:39: Train Epoch 13: 60/1641 Loss: 0.336459
2026-08-18 06:39: Train Epoch 13: 80/1641 Loss: 0.325842
2026-08-18 06:39: Train Epoch 13: 100/1641 Loss: 0.309980
2026-08-18 06:39: Train Epoch 13: 120/1641 Loss: 0.299579
2026-08-18 06:39: Train Epoch 13: 140/1641 Loss: 0.312925
2026-08-18 06:39: Train Epoch 13: 160/1641 Loss: 0.320947
2026-08-18 06:39: Train Epoch 13: 180/1641 Loss: 0.320908
2026-08-18 06:39: Train Epoch 13: 200/1641 Loss: 0.294619
2026-08-18 06:39: Train Epoch 13: 220/1641 Loss: 0.306258
2026-08-18 06:39: Train Epoch 13: 240/1641 Loss: 0.310504
2026-08-18 06:39: Train Epoch 13: 260/1641 Loss: 0.289845
2026-08-18 06:39: Train Epoch 13: 280/1641 Loss: 0.311949
2026-08-18 06:39: Train Epoch 13: 300/1641 Loss: 0.321393
2026-08-18 06:39: Train Epoch 13: 320/1641 Loss: 0.325308
2026-08-18 06:39: Train Epoch 13: 340/1641 Loss: 0.308053
2026-08-18 06:39: Train Epoch 13: 360/1641 Loss: 0.329132
2026-08-18 06:39: Train Epoch 13: 380/1641 Loss: 0.341130
2026-08-18 06:39: Train Epoch 13: 400/1641 Loss: 0.336683
2026-08-18 06:39: Train Epoch 13: 420/1641 Loss: 0.318440
2026-08-18 06:39: Train Epoch 13: 440/1641 Loss: 0.325910
2026-08-18 06:39: Train Epoch 13: 460/1641 Loss: 0.335627
2026-08-18 06:39: Train Epoch 13: 480/1641 Loss: 0.311483
2026-08-18 06:39: Train Epoch 13: 500/1641 Loss: 0.282105
2026-08-18 06:39: Train Epoch 13: 520/1641 Loss: 0.314978
2026-08-18 06:39: Train Epoch 13: 540/1641 Loss: 0.307245
2026-08-18 06:39: Train Epoch 13: 560/1641 Loss: 0.319878
2026-08-18 06:39: Train Epoch 13: 580/1641 Loss: 0.310732
2026-08-18 06:39: Train Epoch 13: 600/1641 Loss: 0.302295
2026-08-18 06:39: Train Epoch 13: 620/1641 Loss: 0.325535
2026-08-18 06:39: Train Epoch 13: 640/1641 Loss: 0.301187
2026-08-18 06:39: Train Epoch 13: 660/1641 Loss: 0.314644
2026-08-18 06:39: Train Epoch 13: 680/1641 Loss: 0.300041
2026-08-18 06:39: Train Epoch 13: 700/1641 Loss: 0.320657
2026-08-18 06:39: Train Epoch 13: 720/1641 Loss: 0.322014
2026-08-18 06:39: Train Epoch 13: 740/1641 Loss: 0.333750
2026-08-18 06:39: Train Epoch 13: 760/1641 Loss: 0.302088
2026-08-18 06:39: Train Epoch 13: 780/1641 Loss: 0.327066
2026-08-18 06:40: Train Epoch 13: 800/1641 Loss: 0.330990
2026-08-18 06:40: Train Epoch 13: 820/1641 Loss: 0.321974
2026-08-18 06:40: Train Epoch 13: 840/1641 Loss: 0.273821
2026-08-18 06:40: Train Epoch 13: 860/1641 Loss: 0.303975
2026-08-18 06:40: Train Epoch 13: 880/1641 Loss: 0.307588
2026-08-18 06:40: Train Epoch 13: 900/1641 Loss: 0.306123
2026-08-18 06:40: Train Epoch 13: 920/1641 Loss: 0.295126
2026-08-18 06:40: Train Epoch 13: 940/1641 Loss: 0.333861
2026-08-18 06:40: Train Epoch 13: 960/1641 Loss: 0.315829
2026-08-18 06:40: Train Epoch 13: 980/1641 Loss: 0.313123
2026-08-18 06:40: Train Epoch 13: 1000/1641 Loss: 0.305720
2026-08-18 06:40: Train Epoch 13: 1020/1641 Loss: 0.298265
2026-08-18 06:40: Train Epoch 13: 1040/1641 Loss: 0.332750
2026-08-18 06:40: Train Epoch 13: 1060/1641 Loss: 0.302359
2026-08-18 06:40: Train Epoch 13: 1080/1641 Loss: 0.321746
2026-08-18 06:40: Train Epoch 13: 1100/1641 Loss: 0.309720
2026-08-18 06:40: Train Epoch 13: 1120/1641 Loss: 0.349748
2026-08-18 06:40: Train Epoch 13: 1140/1641 Loss: 0.335181
2026-08-18 06:40: Train Epoch 13: 1160/1641 Loss: 0.322003
2026-08-18 06:40: Train Epoch 13: 1180/1641 Loss: 0.289046
2026-08-18 06:40: Train Epoch 13: 1200/1641 Loss: 0.308613
2026-08-18 06:40: Train Epoch 13: 1220/1641 Loss: 0.302728
2026-08-18 06:40: Train Epoch 13: 1240/1641 Loss: 0.304624
2026-08-18 06:40: Train Epoch 13: 1260/1641 Loss: 0.355820
2026-08-18 06:40: Train Epoch 13: 1280/1641 Loss: 0.319634
2026-08-18 06:40: Train Epoch 13: 1300/1641 Loss: 0.299386
2026-08-18 06:40: Train Epoch 13: 1320/1641 Loss: 0.328736
2026-08-18 06:40: Train Epoch 13: 1340/1641 Loss: 0.306921
2026-08-18 06:40: Train Epoch 13: 1360/1641 Loss: 0.319357
2026-08-18 06:40: Train Epoch 13: 1380/1641 Loss: 0.292858
2026-08-18 06:40: Train Epoch 13: 1400/1641 Loss: 0.294353
2026-08-18 06:40: Train Epoch 13: 1420/1641 Loss: 0.313057
2026-08-18 06:40: Train Epoch 13: 1440/1641 Loss: 0.336773
2026-08-18 06:40: Train Epoch 13: 1460/1641 Loss: 0.307201
2026-08-18 06:40: Train Epoch 13: 1480/1641 Loss: 0.320162
2026-08-18 06:40: Train Epoch 13: 1500/1641 Loss: 0.316785
2026-08-18 06:40: Train Epoch 13: 1520/1641 Loss: 0.335711
2026-08-18 06:40: Train Epoch 13: 1540/1641 Loss: 0.331758
2026-08-18 06:40: Train Epoch 13: 1560/1641 Loss: 0.340563
2026-08-18 06:40: Train Epoch 13: 1580/1641 Loss: 0.304539
2026-08-18 06:40: Train Epoch 13: 1600/1641 Loss: 0.304911
2026-08-18 06:41: Train Epoch 13: 1620/1641 Loss: 0.297999
2026-08-18 06:41: Train Epoch 13: 1640/1641 Loss: 0.305220
2026-08-18 06:41: **********Train Epoch 13: averaged Loss: 0.313290, tf_ratio: 1.000000
2026-08-18 06:41: **********Val Epoch 13: average Loss: 0.323026
2026-08-18 06:41: Train Epoch 14: 0/1641 Loss: 0.299654
2026-08-18 06:41: Train Epoch 14: 20/1641 Loss: 0.300211
2026-08-18 06:41: Train Epoch 14: 40/1641 Loss: 0.310603
2026-08-18 06:41: Train Epoch 14: 60/1641 Loss: 0.298510
2026-08-18 06:41: Train Epoch 14: 80/1641 Loss: 0.318646
2026-08-18 06:41: Train Epoch 14: 100/1641 Loss: 0.326920
2026-08-18 06:41: Train Epoch 14: 120/1641 Loss: 0.310189
2026-08-18 06:41: Train Epoch 14: 140/1641 Loss: 0.307288
2026-08-18 06:41: Train Epoch 14: 160/1641 Loss: 0.312380
2026-08-18 06:41: Train Epoch 14: 180/1641 Loss: 0.322682
2026-08-18 06:41: Train Epoch 14: 200/1641 Loss: 0.312951
2026-08-18 06:41: Train Epoch 14: 220/1641 Loss: 0.328734
2026-08-18 06:41: Train Epoch 14: 240/1641 Loss: 0.283617
2026-08-18 06:41: Train Epoch 14: 260/1641 Loss: 0.334261
2026-08-18 06:41: Train Epoch 14: 280/1641 Loss: 0.308840
2026-08-18 06:41: Train Epoch 14: 300/1641 Loss: 0.305879
2026-08-18 06:41: Train Epoch 14: 320/1641 Loss: 0.302362
2026-08-18 06:41: Train Epoch 14: 340/1641 Loss: 0.287726
2026-08-18 06:41: Train Epoch 14: 360/1641 Loss: 0.323161
2026-08-18 06:41: Train Epoch 14: 380/1641 Loss: 0.320819
2026-08-18 06:41: Train Epoch 14: 400/1641 Loss: 0.304784
2026-08-18 06:41: Train Epoch 14: 420/1641 Loss: 0.321918
2026-08-18 06:41: Train Epoch 14: 440/1641 Loss: 0.313120
2026-08-18 06:41: Train Epoch 14: 460/1641 Loss: 0.309143
2026-08-18 06:41: Train Epoch 14: 480/1641 Loss: 0.322348
2026-08-18 06:41: Train Epoch 14: 500/1641 Loss: 0.298476
2026-08-18 06:41: Train Epoch 14: 520/1641 Loss: 0.308756
2026-08-18 06:41: Train Epoch 14: 540/1641 Loss: 0.314651
2026-08-18 06:41: Train Epoch 14: 560/1641 Loss: 0.318726
2026-08-18 06:41: Train Epoch 14: 580/1641 Loss: 0.284435
2026-08-18 06:41: Train Epoch 14: 600/1641 Loss: 0.306778
2026-08-18 06:41: Train Epoch 14: 620/1641 Loss: 0.307572
2026-08-18 06:41: Train Epoch 14: 640/1641 Loss: 0.316290
2026-08-18 06:42: Train Epoch 14: 660/1641 Loss: 0.310737
2026-08-18 06:42: Train Epoch 14: 680/1641 Loss: 0.315309
2026-08-18 06:42: Train Epoch 14: 700/1641 Loss: 0.311232
2026-08-18 06:42: Train Epoch 14: 720/1641 Loss: 0.314165
2026-08-18 06:42: Train Epoch 14: 740/1641 Loss: 0.312630
2026-08-18 06:42: Train Epoch 14: 760/1641 Loss: 0.293542
2026-08-18 06:42: Train Epoch 14: 780/1641 Loss: 0.309260
2026-08-18 06:42: Train Epoch 14: 800/1641 Loss: 0.308938
2026-08-18 06:42: Train Epoch 14: 820/1641 Loss: 0.292163
2026-08-18 06:42: Train Epoch 14: 840/1641 Loss: 0.325545
2026-08-18 06:42: Train Epoch 14: 860/1641 Loss: 0.302164
2026-08-18 06:42: Train Epoch 14: 880/1641 Loss: 0.285305
2026-08-18 06:42: Train Epoch 14: 900/1641 Loss: 0.318474
2026-08-18 06:42: Train Epoch 14: 920/1641 Loss: 0.302122
2026-08-18 06:42: Train Epoch 14: 940/1641 Loss: 0.321966
2026-08-18 06:42: Train Epoch 14: 960/1641 Loss: 0.291894
2026-08-18 06:42: Train Epoch 14: 980/1641 Loss: 0.291988
2026-08-18 06:42: Train Epoch 14: 1000/1641 Loss: 0.279665
2026-08-18 06:42: Train Epoch 14: 1020/1641 Loss: 0.304665
2026-08-18 06:42: Train Epoch 14: 1040/1641 Loss: 0.322756
2026-08-18 06:42: Train Epoch 14: 1060/1641 Loss: 0.297227
2026-08-18 06:42: Train Epoch 14: 1080/1641 Loss: 0.307037
2026-08-18 06:42: Train Epoch 14: 1100/1641 Loss: 0.299991
2026-08-18 06:42: Train Epoch 14: 1120/1641 Loss: 0.298422
2026-08-18 06:42: Train Epoch 14: 1140/1641 Loss: 0.300758
2026-08-18 06:42: Train Epoch 14: 1160/1641 Loss: 0.315034
2026-08-18 06:42: Train Epoch 14: 1180/1641 Loss: 0.309092
2026-08-18 06:42: Train Epoch 14: 1200/1641 Loss: 0.317033
2026-08-18 06:42: Train Epoch 14: 1220/1641 Loss: 0.305844
2026-08-18 06:42: Train Epoch 14: 1240/1641 Loss: 0.345659
2026-08-18 06:42: Train Epoch 14: 1260/1641 Loss: 0.303745
2026-08-18 06:42: Train Epoch 14: 1280/1641 Loss: 0.302929
2026-08-18 06:42: Train Epoch 14: 1300/1641 Loss: 0.307930
2026-08-18 06:42: Train Epoch 14: 1320/1641 Loss: 0.323773
2026-08-18 06:42: Train Epoch 14: 1340/1641 Loss: 0.310870
2026-08-18 06:42: Train Epoch 14: 1360/1641 Loss: 0.333725
2026-08-18 06:42: Train Epoch 14: 1380/1641 Loss: 0.318932
2026-08-18 06:42: Train Epoch 14: 1400/1641 Loss: 0.308557
2026-08-18 06:42: Train Epoch 14: 1420/1641 Loss: 0.320354
2026-08-18 06:42: Train Epoch 14: 1440/1641 Loss: 0.298590
2026-08-18 06:42: Train Epoch 14: 1460/1641 Loss: 0.311452
2026-08-18 06:42: Train Epoch 14: 1480/1641 Loss: 0.308872
2026-08-18 06:43: Train Epoch 14: 1500/1641 Loss: 0.279151
2026-08-18 06:43: Train Epoch 14: 1520/1641 Loss: 0.366724
2026-08-18 06:43: Train Epoch 14: 1540/1641 Loss: 0.311379
2026-08-18 06:43: Train Epoch 14: 1560/1641 Loss: 0.304749
2026-08-18 06:43: Train Epoch 14: 1580/1641 Loss: 0.330798
2026-08-18 06:43: Train Epoch 14: 1600/1641 Loss: 0.334926
2026-08-18 06:43: Train Epoch 14: 1620/1641 Loss: 0.313932
2026-08-18 06:43: Train Epoch 14: 1640/1641 Loss: 0.324703
2026-08-18 06:43: **********Train Epoch 14: averaged Loss: 0.311357, tf_ratio: 1.000000
2026-08-18 06:43: **********Val Epoch 14: average Loss: 0.322064
2026-08-18 06:43: Train Epoch 15: 0/1641 Loss: 0.327100
2026-08-18 06:43: Train Epoch 15: 20/1641 Loss: 0.314982
2026-08-18 06:43: Train Epoch 15: 40/1641 Loss: 0.311892
2026-08-18 06:43: Train Epoch 15: 60/1641 Loss: 0.312316
2026-08-18 06:43: Train Epoch 15: 80/1641 Loss: 0.314038
2026-08-18 06:43: Train Epoch 15: 100/1641 Loss: 0.336909
2026-08-18 06:43: Train Epoch 15: 120/1641 Loss: 0.294104
2026-08-18 06:43: Train Epoch 15: 140/1641 Loss: 0.321084
2026-08-18 06:43: Train Epoch 15: 160/1641 Loss: 0.303949
2026-08-18 06:43: Train Epoch 15: 180/1641 Loss: 0.289256
2026-08-18 06:43: Train Epoch 15: 200/1641 Loss: 0.297997
2026-08-18 06:43: Train Epoch 15: 220/1641 Loss: 0.313553
2026-08-18 06:43: Train Epoch 15: 240/1641 Loss: 0.284946
2026-08-18 06:43: Train Epoch 15: 260/1641 Loss: 0.312524
2026-08-18 06:43: Train Epoch 15: 280/1641 Loss: 0.283417
2026-08-18 06:43: Train Epoch 15: 300/1641 Loss: 0.329145
2026-08-18 06:43: Train Epoch 15: 320/1641 Loss: 0.310874
2026-08-18 06:43: Train Epoch 15: 340/1641 Loss: 0.307339
2026-08-18 06:43: Train Epoch 15: 360/1641 Loss: 0.311013
2026-08-18 06:43: Train Epoch 15: 380/1641 Loss: 0.308405
2026-08-18 06:43: Train Epoch 15: 400/1641 Loss: 0.325713
2026-08-18 06:43: Train Epoch 15: 420/1641 Loss: 0.289674
2026-08-18 06:43: Train Epoch 15: 440/1641 Loss: 0.316844
2026-08-18 06:43: Train Epoch 15: 460/1641 Loss: 0.297663
2026-08-18 06:43: Train Epoch 15: 480/1641 Loss: 0.291436
2026-08-18 06:43: Train Epoch 15: 500/1641 Loss: 0.312261
2026-08-18 06:43: Train Epoch 15: 520/1641 Loss: 0.296284
2026-08-18 06:43: Train Epoch 15: 540/1641 Loss: 0.314560
2026-08-18 06:44: Train Epoch 15: 560/1641 Loss: 0.323991
2026-08-18 06:44: Train Epoch 15: 580/1641 Loss: 0.309633
2026-08-18 06:44: Train Epoch 15: 600/1641 Loss: 0.328488
2026-08-18 06:44: Train Epoch 15: 620/1641 Loss: 0.318150
2026-08-18 06:44: Train Epoch 15: 640/1641 Loss: 0.328310
2026-08-18 06:44: Train Epoch 15: 660/1641 Loss: 0.304560
2026-08-18 06:44: Train Epoch 15: 680/1641 Loss: 0.293970
2026-08-18 06:44: Train Epoch 15: 700/1641 Loss: 0.307118
2026-08-18 06:44: Train Epoch 15: 720/1641 Loss: 0.319493
2026-08-18 06:44: Train Epoch 15: 740/1641 Loss: 0.308317
2026-08-18 06:44: Train Epoch 15: 760/1641 Loss: 0.311372
2026-08-18 06:44: Train Epoch 15: 780/1641 Loss: 0.305843
2026-08-18 06:44: Train Epoch 15: 800/1641 Loss: 0.306218
2026-08-18 06:44: Train Epoch 15: 820/1641 Loss: 0.306871
2026-08-18 06:44: Train Epoch 15: 840/1641 Loss: 0.319250
2026-08-18 06:44: Train Epoch 15: 860/1641 Loss: 0.281813
2026-08-18 06:44: Train Epoch 15: 880/1641 Loss: 0.307425
2026-08-18 06:44: Train Epoch 15: 900/1641 Loss: 0.333983
2026-08-18 06:44: Train Epoch 15: 920/1641 Loss: 0.317126
2026-08-18 06:44: Train Epoch 15: 940/1641 Loss: 0.333660
2026-08-18 06:44: Train Epoch 15: 960/1641 Loss: 0.327913
2026-08-18 06:44: Train Epoch 15: 980/1641 Loss: 0.302494
2026-08-18 06:44: Train Epoch 15: 1000/1641 Loss: 0.296412
2026-08-18 06:44: Train Epoch 15: 1020/1641 Loss: 0.320012
2026-08-18 06:44: Train Epoch 15: 1040/1641 Loss: 0.312115
2026-08-18 06:44: Train Epoch 15: 1060/1641 Loss: 0.324282
2026-08-18 06:44: Train Epoch 15: 1080/1641 Loss: 0.343387
2026-08-18 06:44: Train Epoch 15: 1100/1641 Loss: 0.292195
2026-08-18 06:44: Train Epoch 15: 1120/1641 Loss: 0.292243
2026-08-18 06:44: Train Epoch 15: 1140/1641 Loss: 0.300139
2026-08-18 06:44: Train Epoch 15: 1160/1641 Loss: 0.301410
2026-08-18 06:44: Train Epoch 15: 1180/1641 Loss: 0.289622
2026-08-18 06:44: Train Epoch 15: 1200/1641 Loss: 0.283009
2026-08-18 06:44: Train Epoch 15: 1220/1641 Loss: 0.308337
2026-08-18 06:44: Train Epoch 15: 1240/1641 Loss: 0.290357
2026-08-18 06:44: Train Epoch 15: 1260/1641 Loss: 0.324219
2026-08-18 06:44: Train Epoch 15: 1280/1641 Loss: 0.293442
2026-08-18 06:44: Train Epoch 15: 1300/1641 Loss: 0.286612
2026-08-18 06:44: Train Epoch 15: 1320/1641 Loss: 0.313167
2026-08-18 06:44: Train Epoch 15: 1340/1641 Loss: 0.315383
2026-08-18 06:44: Train Epoch 15: 1360/1641 Loss: 0.297823
2026-08-18 06:45: Train Epoch 15: 1380/1641 Loss: 0.290065
2026-08-18 06:45: Train Epoch 15: 1400/1641 Loss: 0.301077
2026-08-18 06:45: Train Epoch 15: 1420/1641 Loss: 0.308444
2026-08-18 06:45: Train Epoch 15: 1440/1641 Loss: 0.293484
2026-08-18 06:45: Train Epoch 15: 1460/1641 Loss: 0.315679
2026-08-18 06:45: Train Epoch 15: 1480/1641 Loss: 0.354169
2026-08-18 06:45: Train Epoch 15: 1500/1641 Loss: 0.304961
2026-08-18 06:45: Train Epoch 15: 1520/1641 Loss: 0.304528
2026-08-18 06:45: Train Epoch 15: 1540/1641 Loss: 0.287892
2026-08-18 06:45: Train Epoch 15: 1560/1641 Loss: 0.289975
2026-08-18 06:45: Train Epoch 15: 1580/1641 Loss: 0.322093
2026-08-18 06:45: Train Epoch 15: 1600/1641 Loss: 0.326514
2026-08-18 06:45: Train Epoch 15: 1620/1641 Loss: 0.336874
2026-08-18 06:45: Train Epoch 15: 1640/1641 Loss: 0.336944
2026-08-18 06:45: **********Train Epoch 15: averaged Loss: 0.309894, tf_ratio: 1.000000
2026-08-18 06:45: **********Val Epoch 15: average Loss: 0.322186
2026-08-18 06:45: Train Epoch 16: 0/1641 Loss: 0.296979
2026-08-18 06:45: Train Epoch 16: 20/1641 Loss: 0.324722
2026-08-18 06:45: Train Epoch 16: 40/1641 Loss: 0.317157
2026-08-18 06:45: Train Epoch 16: 60/1641 Loss: 0.304827
2026-08-18 06:45: Train Epoch 16: 80/1641 Loss: 0.309943
2026-08-18 06:45: Train Epoch 16: 100/1641 Loss: 0.302877
2026-08-18 06:45: Train Epoch 16: 120/1641 Loss: 0.301622
2026-08-18 06:45: Train Epoch 16: 140/1641 Loss: 0.311908
2026-08-18 06:45: Train Epoch 16: 160/1641 Loss: 0.295281
2026-08-18 06:45: Train Epoch 16: 180/1641 Loss: 0.294892
2026-08-18 06:45: Train Epoch 16: 200/1641 Loss: 0.287800
2026-08-18 06:45: Train Epoch 16: 220/1641 Loss: 0.297312
2026-08-18 06:45: Train Epoch 16: 240/1641 Loss: 0.336113
2026-08-18 06:45: Train Epoch 16: 260/1641 Loss: 0.297342
2026-08-18 06:45: Train Epoch 16: 280/1641 Loss: 0.303826
2026-08-18 06:45: Train Epoch 16: 300/1641 Loss: 0.316945
2026-08-18 06:45: Train Epoch 16: 320/1641 Loss: 0.309338
2026-08-18 06:45: Train Epoch 16: 340/1641 Loss: 0.309538
2026-08-18 06:45: Train Epoch 16: 360/1641 Loss: 0.307878
2026-08-18 06:45: Train Epoch 16: 380/1641 Loss: 0.321828
2026-08-18 06:46: Train Epoch 16: 400/1641 Loss: 0.312967
2026-08-18 06:46: Train Epoch 16: 420/1641 Loss: 0.306890
2026-08-18 06:46: Train Epoch 16: 440/1641 Loss: 0.316583
2026-08-18 06:46: Train Epoch 16: 460/1641 Loss: 0.289359
2026-08-18 06:46: Train Epoch 16: 480/1641 Loss: 0.291927
2026-08-18 06:46: Train Epoch 16: 500/1641 Loss: 0.305094
2026-08-18 06:46: Train Epoch 16: 520/1641 Loss: 0.302306
2026-08-18 06:46: Train Epoch 16: 540/1641 Loss: 0.303158
2026-08-18 06:46: Train Epoch 16: 560/1641 Loss: 0.323941
2026-08-18 06:46: Train Epoch 16: 580/1641 Loss: 0.296045
2026-08-18 06:46: Train Epoch 16: 600/1641 Loss: 0.320692
2026-08-18 06:46: Train Epoch 16: 620/1641 Loss: 0.312525
2026-08-18 06:46: Train Epoch 16: 640/1641 Loss: 0.317771
2026-08-18 06:46: Train Epoch 16: 660/1641 Loss: 0.296099
2026-08-18 06:46: Train Epoch 16: 680/1641 Loss: 0.302063
2026-08-18 06:46: Train Epoch 16: 700/1641 Loss: 0.315174
2026-08-18 06:46: Train Epoch 16: 720/1641 Loss: 0.289244
2026-08-18 06:46: Train Epoch 16: 740/1641 Loss: 0.294729
2026-08-18 06:46: Train Epoch 16: 760/1641 Loss: 0.313518
2026-08-18 06:46: Train Epoch 16: 780/1641 Loss: 0.302026
2026-08-18 06:46: Train Epoch 16: 800/1641 Loss: 0.299448
2026-08-18 06:46: Train Epoch 16: 820/1641 Loss: 0.290949
2026-08-18 06:46: Train Epoch 16: 840/1641 Loss: 0.309813
2026-08-18 06:46: Train Epoch 16: 860/1641 Loss: 0.309626
2026-08-18 06:46: Train Epoch 16: 880/1641 Loss: 0.322785
2026-08-18 06:46: Train Epoch 16: 900/1641 Loss: 0.345607
2026-08-18 06:46: Train Epoch 16: 920/1641 Loss: 0.330430
2026-08-18 06:46: Train Epoch 16: 940/1641 Loss: 0.304739
2026-08-18 06:46: Train Epoch 16: 960/1641 Loss: 0.324372
2026-08-18 06:46: Train Epoch 16: 980/1641 Loss: 0.314572
2026-08-18 06:46: Train Epoch 16: 1000/1641 Loss: 0.317882
2026-08-18 06:46: Train Epoch 16: 1020/1641 Loss: 0.310767
2026-08-18 06:46: Train Epoch 16: 1040/1641 Loss: 0.322759
2026-08-18 06:46: Train Epoch 16: 1060/1641 Loss: 0.309214
2026-08-18 06:46: Train Epoch 16: 1080/1641 Loss: 0.311957
2026-08-18 06:46: Train Epoch 16: 1100/1641 Loss: 0.322381
2026-08-18 06:46: Train Epoch 16: 1120/1641 Loss: 0.305991
2026-08-18 06:46: Train Epoch 16: 1140/1641 Loss: 0.337491
2026-08-18 06:46: Train Epoch 16: 1160/1641 Loss: 0.324074
2026-08-18 06:46: Train Epoch 16: 1180/1641 Loss: 0.312992
2026-08-18 06:46: Train Epoch 16: 1200/1641 Loss: 0.298511
2026-08-18 06:46: Train Epoch 16: 1220/1641 Loss: 0.308531
2026-08-18 06:46: Train Epoch 16: 1240/1641 Loss: 0.311647
2026-08-18 06:47: Train Epoch 16: 1260/1641 Loss: 0.323121
2026-08-18 06:47: Train Epoch 16: 1280/1641 Loss: 0.310704
2026-08-18 06:47: Train Epoch 16: 1300/1641 Loss: 0.322783
2026-08-18 06:47: Train Epoch 16: 1320/1641 Loss: 0.302700
2026-08-18 06:47: Train Epoch 16: 1340/1641 Loss: 0.307195
2026-08-18 06:47: Train Epoch 16: 1360/1641 Loss: 0.305120
2026-08-18 06:47: Train Epoch 16: 1380/1641 Loss: 0.304697
2026-08-18 06:47: Train Epoch 16: 1400/1641 Loss: 0.315016
2026-08-18 06:47: Train Epoch 16: 1420/1641 Loss: 0.305845
2026-08-18 06:47: Train Epoch 16: 1440/1641 Loss: 0.315431
2026-08-18 06:47: Train Epoch 16: 1460/1641 Loss: 0.313381
2026-08-18 06:47: Train Epoch 16: 1480/1641 Loss: 0.301890
2026-08-18 06:47: Train Epoch 16: 1500/1641 Loss: 0.295601
2026-08-18 06:47: Train Epoch 16: 1520/1641 Loss: 0.298681
2026-08-18 06:47: Train Epoch 16: 1540/1641 Loss: 0.308312
2026-08-18 06:47: Train Epoch 16: 1560/1641 Loss: 0.335286
2026-08-18 06:47: Train Epoch 16: 1580/1641 Loss: 0.310654
2026-08-18 06:47: Train Epoch 16: 1600/1641 Loss: 0.310439
2026-08-18 06:47: Train Epoch 16: 1620/1641 Loss: 0.322025
2026-08-18 06:47: Train Epoch 16: 1640/1641 Loss: 0.311641
2026-08-18 06:47: **********Train Epoch 16: averaged Loss: 0.308477, tf_ratio: 1.000000
2026-08-18 06:47: **********Val Epoch 16: average Loss: 0.318445
2026-08-18 06:47: *********************************Current best model saved!
2026-08-18 06:47: Train Epoch 17: 0/1641 Loss: 0.293015
2026-08-18 06:47: Train Epoch 17: 20/1641 Loss: 0.303640
2026-08-18 06:47: Train Epoch 17: 40/1641 Loss: 0.298221
2026-08-18 06:47: Train Epoch 17: 60/1641 Loss: 0.299278
2026-08-18 06:47: Train Epoch 17: 80/1641 Loss: 0.311654
2026-08-18 06:47: Train Epoch 17: 100/1641 Loss: 0.323296
2026-08-18 06:47: Train Epoch 17: 120/1641 Loss: 0.316128
2026-08-18 06:47: Train Epoch 17: 140/1641 Loss: 0.303908
2026-08-18 06:47: Train Epoch 17: 160/1641 Loss: 0.287804
2026-08-18 06:47: Train Epoch 17: 180/1641 Loss: 0.297441
2026-08-18 06:47: Train Epoch 17: 200/1641 Loss: 0.293986
2026-08-18 06:47: Train Epoch 17: 220/1641 Loss: 0.308439
2026-08-18 06:47: Train Epoch 17: 240/1641 Loss: 0.299492
2026-08-18 06:47: Train Epoch 17: 260/1641 Loss: 0.293634
2026-08-18 06:48: Train Epoch 17: 280/1641 Loss: 0.299016
2026-08-18 06:48: Train Epoch 17: 300/1641 Loss: 0.303679
2026-08-18 06:48: Train Epoch 17: 320/1641 Loss: 0.332627
2026-08-18 06:48: Train Epoch 17: 340/1641 Loss: 0.318081
2026-08-18 06:48: Train Epoch 17: 360/1641 Loss: 0.297403
2026-08-18 06:48: Train Epoch 17: 380/1641 Loss: 0.323564
2026-08-18 06:48: Train Epoch 17: 400/1641 Loss: 0.313990
2026-08-18 06:48: Train Epoch 17: 420/1641 Loss: 0.337768
2026-08-18 06:48: Train Epoch 17: 440/1641 Loss: 0.310362
2026-08-18 06:48: Train Epoch 17: 460/1641 Loss: 0.313693
2026-08-18 06:48: Train Epoch 17: 480/1641 Loss: 0.304029
2026-08-18 06:48: Train Epoch 17: 500/1641 Loss: 0.318319
2026-08-18 06:48: Train Epoch 17: 520/1641 Loss: 0.295571
2026-08-18 06:48: Train Epoch 17: 540/1641 Loss: 0.297123
2026-08-18 06:48: Train Epoch 17: 560/1641 Loss: 0.302239
2026-08-18 06:48: Train Epoch 17: 580/1641 Loss: 0.300250
2026-08-18 06:48: Train Epoch 17: 600/1641 Loss: 0.311640
2026-08-18 06:48: Train Epoch 17: 620/1641 Loss: 0.313990
2026-08-18 06:48: Train Epoch 17: 640/1641 Loss: 0.334267
2026-08-18 06:48: Train Epoch 17: 660/1641 Loss: 0.303754
2026-08-18 06:48: Train Epoch 17: 680/1641 Loss: 0.295501
2026-08-18 06:48: Train Epoch 17: 700/1641 Loss: 0.306458
2026-08-18 06:48: Train Epoch 17: 720/1641 Loss: 0.305555
2026-08-18 06:48: Train Epoch 17: 740/1641 Loss: 0.301639
2026-08-18 06:48: Train Epoch 17: 760/1641 Loss: 0.324688
2026-08-18 06:48: Train Epoch 17: 780/1641 Loss: 0.285137
2026-08-18 06:48: Train Epoch 17: 800/1641 Loss: 0.306896
2026-08-18 06:48: Train Epoch 17: 820/1641 Loss: 0.322909
2026-08-18 06:48: Train Epoch 17: 840/1641 Loss: 0.322277
2026-08-18 06:48: Train Epoch 17: 860/1641 Loss: 0.305588
2026-08-18 06:48: Train Epoch 17: 880/1641 Loss: 0.304190
2026-08-18 06:48: Train Epoch 17: 900/1641 Loss: 0.321718
2026-08-18 06:48: Train Epoch 17: 920/1641 Loss: 0.307722
2026-08-18 06:48: Train Epoch 17: 940/1641 Loss: 0.299560
2026-08-18 06:48: Train Epoch 17: 960/1641 Loss: 0.304187
2026-08-18 06:48: Train Epoch 17: 980/1641 Loss: 0.332339
2026-08-18 06:48: Train Epoch 17: 1000/1641 Loss: 0.295783
2026-08-18 06:48: Train Epoch 17: 1020/1641 Loss: 0.301431
2026-08-18 06:48: Train Epoch 17: 1040/1641 Loss: 0.326515
2026-08-18 06:48: Train Epoch 17: 1060/1641 Loss: 0.300187
2026-08-18 06:48: Train Epoch 17: 1080/1641 Loss: 0.312834
2026-08-18 06:48: Train Epoch 17: 1100/1641 Loss: 0.308509
2026-08-18 06:49: Train Epoch 17: 1120/1641 Loss: 0.326779
2026-08-18 06:49: Train Epoch 17: 1140/1641 Loss: 0.316552
2026-08-18 06:49: Train Epoch 17: 1160/1641 Loss: 0.298900
2026-08-18 06:49: Train Epoch 17: 1180/1641 Loss: 0.297719
2026-08-18 06:49: Train Epoch 17: 1200/1641 Loss: 0.300013
2026-08-18 06:49: Train Epoch 17: 1220/1641 Loss: 0.307245
2026-08-18 06:49: Train Epoch 17: 1240/1641 Loss: 0.295947
2026-08-18 06:49: Train Epoch 17: 1260/1641 Loss: 0.285500
2026-08-18 06:49: Train Epoch 17: 1280/1641 Loss: 0.289862
2026-08-18 06:49: Train Epoch 17: 1300/1641 Loss: 0.306499
2026-08-18 06:49: Train Epoch 17: 1320/1641 Loss: 0.316663
2026-08-18 06:49: Train Epoch 17: 1340/1641 Loss: 0.328719
2026-08-18 06:49: Train Epoch 17: 1360/1641 Loss: 0.322949
2026-08-18 06:49: Train Epoch 17: 1380/1641 Loss: 0.321793
2026-08-18 06:49: Train Epoch 17: 1400/1641 Loss: 0.327483
2026-08-18 06:49: Train Epoch 17: 1420/1641 Loss: 0.296230
2026-08-18 06:49: Train Epoch 17: 1440/1641 Loss: 0.301262
2026-08-18 06:49: Train Epoch 17: 1460/1641 Loss: 0.307083
2026-08-18 06:49: Train Epoch 17: 1480/1641 Loss: 0.326516
2026-08-18 06:49: Train Epoch 17: 1500/1641 Loss: 0.301789
2026-08-18 06:49: Train Epoch 17: 1520/1641 Loss: 0.291801
2026-08-18 06:49: Train Epoch 17: 1540/1641 Loss: 0.323809
2026-08-18 06:49: Train Epoch 17: 1560/1641 Loss: 0.291835
2026-08-18 06:49: Train Epoch 17: 1580/1641 Loss: 0.292875
2026-08-18 06:49: Train Epoch 17: 1600/1641 Loss: 0.292057
2026-08-18 06:49: Train Epoch 17: 1620/1641 Loss: 0.314994
2026-08-18 06:49: Train Epoch 17: 1640/1641 Loss: 0.310143
2026-08-18 06:49: **********Train Epoch 17: averaged Loss: 0.306834, tf_ratio: 1.000000
2026-08-18 06:49: **********Val Epoch 17: average Loss: 0.321452
2026-08-18 06:49: Train Epoch 18: 0/1641 Loss: 0.310725
2026-08-18 06:49: Train Epoch 18: 20/1641 Loss: 0.314399
2026-08-18 06:49: Train Epoch 18: 40/1641 Loss: 0.304825
2026-08-18 06:49: Train Epoch 18: 60/1641 Loss: 0.295509
2026-08-18 06:49: Train Epoch 18: 80/1641 Loss: 0.313323
2026-08-18 06:49: Train Epoch 18: 100/1641 Loss: 0.309749
2026-08-18 06:49: Train Epoch 18: 120/1641 Loss: 0.321332
2026-08-18 06:49: Train Epoch 18: 140/1641 Loss: 0.313540
2026-08-18 06:50: Train Epoch 18: 160/1641 Loss: 0.305419
2026-08-18 06:50: Train Epoch 18: 180/1641 Loss: 0.296493
2026-08-18 06:50: Train Epoch 18: 200/1641 Loss: 0.295608
2026-08-18 06:50: Train Epoch 18: 220/1641 Loss: 0.306739
2026-08-18 06:50: Train Epoch 18: 240/1641 Loss: 0.310321
2026-08-18 06:50: Train Epoch 18: 260/1641 Loss: 0.279192
2026-08-18 06:50: Train Epoch 18: 280/1641 Loss: 0.296426
2026-08-18 06:50: Train Epoch 18: 300/1641 Loss: 0.324056
2026-08-18 06:50: Train Epoch 18: 320/1641 Loss: 0.299302
2026-08-18 06:50: Train Epoch 18: 340/1641 Loss: 0.302303
2026-08-18 06:50: Train Epoch 18: 360/1641 Loss: 0.294873
2026-08-18 06:50: Train Epoch 18: 380/1641 Loss: 0.303242
2026-08-18 06:50: Train Epoch 18: 400/1641 Loss: 0.344693
2026-08-18 06:50: Train Epoch 18: 420/1641 Loss: 0.334113
2026-08-18 06:50: Train Epoch 18: 440/1641 Loss: 0.323279
2026-08-18 06:50: Train Epoch 18: 460/1641 Loss: 0.293135
2026-08-18 06:50: Train Epoch 18: 480/1641 Loss: 0.300796
2026-08-18 06:50: Train Epoch 18: 500/1641 Loss: 0.319361
2026-08-18 06:50: Train Epoch 18: 520/1641 Loss: 0.305801
2026-08-18 06:50: Train Epoch 18: 540/1641 Loss: 0.289541
2026-08-18 06:50: Train Epoch 18: 560/1641 Loss: 0.304641
2026-08-18 06:50: Train Epoch 18: 580/1641 Loss: 0.281476
2026-08-18 06:50: Train Epoch 18: 600/1641 Loss: 0.301294
2026-08-18 06:50: Train Epoch 18: 620/1641 Loss: 0.318173
2026-08-18 06:50: Train Epoch 18: 640/1641 Loss: 0.298817
2026-08-18 06:50: Train Epoch 18: 660/1641 Loss: 0.308983
2026-08-18 06:50: Train Epoch 18: 680/1641 Loss: 0.315487
2026-08-18 06:50: Train Epoch 18: 700/1641 Loss: 0.292143
2026-08-18 06:50: Train Epoch 18: 720/1641 Loss: 0.304994
2026-08-18 06:50: Train Epoch 18: 740/1641 Loss: 0.300864
2026-08-18 06:50: Train Epoch 18: 760/1641 Loss: 0.304467
2026-08-18 06:50: Train Epoch 18: 780/1641 Loss: 0.300536
2026-08-18 06:50: Train Epoch 18: 800/1641 Loss: 0.297795
2026-08-18 06:50: Train Epoch 18: 820/1641 Loss: 0.298036
2026-08-18 06:50: Train Epoch 18: 840/1641 Loss: 0.316333
2026-08-18 06:50: Train Epoch 18: 860/1641 Loss: 0.295311
2026-08-18 06:50: Train Epoch 18: 880/1641 Loss: 0.305359
2026-08-18 06:50: Train Epoch 18: 900/1641 Loss: 0.289626
2026-08-18 06:50: Train Epoch 18: 920/1641 Loss: 0.305377
2026-08-18 06:50: Train Epoch 18: 940/1641 Loss: 0.321858
2026-08-18 06:50: Train Epoch 18: 960/1641 Loss: 0.313802
2026-08-18 06:50: Train Epoch 18: 980/1641 Loss: 0.323887
2026-08-18 06:51: Train Epoch 18: 1000/1641 Loss: 0.283026
2026-08-18 06:51: Train Epoch 18: 1020/1641 Loss: 0.318142
2026-08-18 06:51: Train Epoch 18: 1040/1641 Loss: 0.293388
2026-08-18 06:51: Train Epoch 18: 1060/1641 Loss: 0.304761
2026-08-18 06:51: Train Epoch 18: 1080/1641 Loss: 0.275852
2026-08-18 06:51: Train Epoch 18: 1100/1641 Loss: 0.318523
2026-08-18 06:51: Train Epoch 18: 1120/1641 Loss: 0.298742
2026-08-18 06:51: Train Epoch 18: 1140/1641 Loss: 0.301111
2026-08-18 06:51: Train Epoch 18: 1160/1641 Loss: 0.305483
2026-08-18 06:51: Train Epoch 18: 1180/1641 Loss: 0.309475
2026-08-18 06:51: Train Epoch 18: 1200/1641 Loss: 0.310728
2026-08-18 06:51: Train Epoch 18: 1220/1641 Loss: 0.290609
2026-08-18 06:51: Train Epoch 18: 1240/1641 Loss: 0.316927
2026-08-18 06:51: Train Epoch 18: 1260/1641 Loss: 0.302419
2026-08-18 06:51: Train Epoch 18: 1280/1641 Loss: 0.307777
2026-08-18 06:51: Train Epoch 18: 1300/1641 Loss: 0.325599
2026-08-18 06:51: Train Epoch 18: 1320/1641 Loss: 0.305743
2026-08-18 06:51: Train Epoch 18: 1340/1641 Loss: 0.294577
2026-08-18 06:51: Train Epoch 18: 1360/1641 Loss: 0.292037
2026-08-18 06:51: Train Epoch 18: 1380/1641 Loss: 0.294380
2026-08-18 06:51: Train Epoch 18: 1400/1641 Loss: 0.296140
2026-08-18 06:51: Train Epoch 18: 1420/1641 Loss: 0.307124
2026-08-18 06:51: Train Epoch 18: 1440/1641 Loss: 0.316342
2026-08-18 06:51: Train Epoch 18: 1460/1641 Loss: 0.310340
2026-08-18 06:51: Train Epoch 18: 1480/1641 Loss: 0.297214
2026-08-18 06:51: Train Epoch 18: 1500/1641 Loss: 0.299546
2026-08-18 06:51: Train Epoch 18: 1520/1641 Loss: 0.296722
2026-08-18 06:51: Train Epoch 18: 1540/1641 Loss: 0.312194
2026-08-18 06:51: Train Epoch 18: 1560/1641 Loss: 0.288093
2026-08-18 06:51: Train Epoch 18: 1580/1641 Loss: 0.312016
2026-08-18 06:51: Train Epoch 18: 1600/1641 Loss: 0.307931
2026-08-18 06:51: Train Epoch 18: 1620/1641 Loss: 0.340327
2026-08-18 06:51: Train Epoch 18: 1640/1641 Loss: 0.306123
2026-08-18 06:51: **********Train Epoch 18: averaged Loss: 0.305251, tf_ratio: 1.000000
2026-08-18 06:51: **********Val Epoch 18: average Loss: 0.320639
2026-08-18 06:51: Train Epoch 19: 0/1641 Loss: 0.309636
2026-08-18 06:52: Train Epoch 19: 20/1641 Loss: 0.303772
2026-08-18 06:52: Train Epoch 19: 40/1641 Loss: 0.305244
2026-08-18 06:52: Train Epoch 19: 60/1641 Loss: 0.294801
2026-08-18 06:52: Train Epoch 19: 80/1641 Loss: 0.297931
2026-08-18 06:52: Train Epoch 19: 100/1641 Loss: 0.299669
2026-08-18 06:52: Train Epoch 19: 120/1641 Loss: 0.284035
2026-08-18 06:52: Train Epoch 19: 140/1641 Loss: 0.326620
2026-08-18 06:52: Train Epoch 19: 160/1641 Loss: 0.315266
2026-08-18 06:52: Train Epoch 19: 180/1641 Loss: 0.297122
2026-08-18 06:52: Train Epoch 19: 200/1641 Loss: 0.295030
2026-08-18 06:52: Train Epoch 19: 220/1641 Loss: 0.310799
2026-08-18 06:52: Train Epoch 19: 240/1641 Loss: 0.320062
2026-08-18 06:52: Train Epoch 19: 260/1641 Loss: 0.295102
2026-08-18 06:52: Train Epoch 19: 280/1641 Loss: 0.298283
2026-08-18 06:52: Train Epoch 19: 300/1641 Loss: 0.304133
2026-08-18 06:52: Train Epoch 19: 320/1641 Loss: 0.304764
2026-08-18 06:52: Train Epoch 19: 340/1641 Loss: 0.295943
2026-08-18 06:52: Train Epoch 19: 360/1641 Loss: 0.332323
2026-08-18 06:52: Train Epoch 19: 380/1641 Loss: 0.298506
2026-08-18 06:52: Train Epoch 19: 400/1641 Loss: 0.303889
2026-08-18 06:52: Train Epoch 19: 420/1641 Loss: 0.288901
2026-08-18 06:52: Train Epoch 19: 440/1641 Loss: 0.331994
2026-08-18 06:52: Train Epoch 19: 460/1641 Loss: 0.318960
2026-08-18 06:52: Train Epoch 19: 480/1641 Loss: 0.302583
2026-08-18 06:52: Train Epoch 19: 500/1641 Loss: 0.298851
2026-08-18 06:52: Train Epoch 19: 520/1641 Loss: 0.304668
2026-08-18 06:52: Train Epoch 19: 540/1641 Loss: 0.322407
2026-08-18 06:52: Train Epoch 19: 560/1641 Loss: 0.329288
2026-08-18 06:52: Train Epoch 19: 580/1641 Loss: 0.322566
2026-08-18 06:52: Train Epoch 19: 600/1641 Loss: 0.310338
2026-08-18 06:52: Train Epoch 19: 620/1641 Loss: 0.304000
2026-08-18 06:52: Train Epoch 19: 640/1641 Loss: 0.295170
2026-08-18 06:52: Train Epoch 19: 660/1641 Loss: 0.276762
2026-08-18 06:52: Train Epoch 19: 680/1641 Loss: 0.324251
2026-08-18 06:52: Train Epoch 19: 700/1641 Loss: 0.302893
2026-08-18 06:52: Train Epoch 19: 720/1641 Loss: 0.299318
2026-08-18 06:52: Train Epoch 19: 740/1641 Loss: 0.308702
2026-08-18 06:52: Train Epoch 19: 760/1641 Loss: 0.309072
2026-08-18 06:52: Train Epoch 19: 780/1641 Loss: 0.310393
2026-08-18 06:52: Train Epoch 19: 800/1641 Loss: 0.314466
2026-08-18 06:53: Train Epoch 19: 820/1641 Loss: 0.310509
2026-08-18 06:53: Train Epoch 19: 840/1641 Loss: 0.327645
2026-08-18 06:53: Train Epoch 19: 860/1641 Loss: 0.309530
2026-08-18 06:53: Train Epoch 19: 880/1641 Loss: 0.318014
2026-08-18 06:53: Train Epoch 19: 900/1641 Loss: 0.309186
2026-08-18 06:53: Train Epoch 19: 920/1641 Loss: 0.294034
2026-08-18 06:53: Train Epoch 19: 940/1641 Loss: 0.314498
2026-08-18 06:53: Train Epoch 19: 960/1641 Loss: 0.287603
2026-08-18 06:53: Train Epoch 19: 980/1641 Loss: 0.316602
2026-08-18 06:53: Train Epoch 19: 1000/1641 Loss: 0.293458
2026-08-18 06:53: Train Epoch 19: 1020/1641 Loss: 0.315711
2026-08-18 06:53: Train Epoch 19: 1040/1641 Loss: 0.300445
2026-08-18 06:53: Train Epoch 19: 1060/1641 Loss: 0.305366
2026-08-18 06:53: Train Epoch 19: 1080/1641 Loss: 0.290346
2026-08-18 06:53: Train Epoch 19: 1100/1641 Loss: 0.312793
2026-08-18 06:53: Train Epoch 19: 1120/1641 Loss: 0.286367
2026-08-18 06:53: Train Epoch 19: 1140/1641 Loss: 0.311358
2026-08-18 06:53: Train Epoch 19: 1160/1641 Loss: 0.322193
2026-08-18 06:53: Train Epoch 19: 1180/1641 Loss: 0.291169
2026-08-18 06:53: Train Epoch 19: 1200/1641 Loss: 0.289397
2026-08-18 06:53: Train Epoch 19: 1220/1641 Loss: 0.302668
2026-08-18 06:53: Train Epoch 19: 1240/1641 Loss: 0.283564
2026-08-18 06:53: Train Epoch 19: 1260/1641 Loss: 0.290090
2026-08-18 06:53: Train Epoch 19: 1280/1641 Loss: 0.312079
2026-08-18 06:53: Train Epoch 19: 1300/1641 Loss: 0.295548
2026-08-18 06:53: Train Epoch 19: 1320/1641 Loss: 0.318335
2026-08-18 06:53: Train Epoch 19: 1340/1641 Loss: 0.304409
2026-08-18 06:53: Train Epoch 19: 1360/1641 Loss: 0.275673
2026-08-18 06:53: Train Epoch 19: 1380/1641 Loss: 0.303369
2026-08-18 06:53: Train Epoch 19: 1400/1641 Loss: 0.279640
2026-08-18 06:53: Train Epoch 19: 1420/1641 Loss: 0.306880
2026-08-18 06:53: Train Epoch 19: 1440/1641 Loss: 0.286814
2026-08-18 06:53: Train Epoch 19: 1460/1641 Loss: 0.330087
2026-08-18 06:53: Train Epoch 19: 1480/1641 Loss: 0.303942
2026-08-18 06:53: Train Epoch 19: 1500/1641 Loss: 0.288753
2026-08-18 06:53: Train Epoch 19: 1520/1641 Loss: 0.304169
2026-08-18 06:53: Train Epoch 19: 1540/1641 Loss: 0.307767
2026-08-18 06:53: Train Epoch 19: 1560/1641 Loss: 0.306298
2026-08-18 06:53: Train Epoch 19: 1580/1641 Loss: 0.310750
2026-08-18 06:53: Train Epoch 19: 1600/1641 Loss: 0.292072
2026-08-18 06:53: Train Epoch 19: 1620/1641 Loss: 0.278754
2026-08-18 06:53: Train Epoch 19: 1640/1641 Loss: 0.322577
2026-08-18 06:53: **********Train Epoch 19: averaged Loss: 0.304209, tf_ratio: 1.000000
2026-08-18 06:54: **********Val Epoch 19: average Loss: 0.325360
2026-08-18 06:54: Train Epoch 20: 0/1641 Loss: 0.322459
2026-08-18 06:54: Train Epoch 20: 20/1641 Loss: 0.289226
2026-08-18 06:54: Train Epoch 20: 40/1641 Loss: 0.292127
2026-08-18 06:54: Train Epoch 20: 60/1641 Loss: 0.309683
2026-08-18 06:54: Train Epoch 20: 80/1641 Loss: 0.291993
2026-08-18 06:54: Train Epoch 20: 100/1641 Loss: 0.312555
2026-08-18 06:54: Train Epoch 20: 120/1641 Loss: 0.316374
2026-08-18 06:54: Train Epoch 20: 140/1641 Loss: 0.306444
2026-08-18 06:54: Train Epoch 20: 160/1641 Loss: 0.274917
2026-08-18 06:54: Train Epoch 20: 180/1641 Loss: 0.310645
2026-08-18 06:54: Train Epoch 20: 200/1641 Loss: 0.305941
2026-08-18 06:54: Train Epoch 20: 220/1641 Loss: 0.292336
2026-08-18 06:54: Train Epoch 20: 240/1641 Loss: 0.294822
2026-08-18 06:54: Train Epoch 20: 260/1641 Loss: 0.297810
2026-08-18 06:54: Train Epoch 20: 280/1641 Loss: 0.290209
2026-08-18 06:54: Train Epoch 20: 300/1641 Loss: 0.320117
2026-08-18 06:54: Train Epoch 20: 320/1641 Loss: 0.296084
2026-08-18 06:54: Train Epoch 20: 340/1641 Loss: 0.330008
2026-08-18 06:54: Train Epoch 20: 360/1641 Loss: 0.286757
2026-08-18 06:54: Train Epoch 20: 380/1641 Loss: 0.316903
2026-08-18 06:54: Train Epoch 20: 400/1641 Loss: 0.317837
2026-08-18 06:54: Train Epoch 20: 420/1641 Loss: 0.290866
2026-08-18 06:54: Train Epoch 20: 440/1641 Loss: 0.317092
2026-08-18 06:54: Train Epoch 20: 460/1641 Loss: 0.306954
2026-08-18 06:54: Train Epoch 20: 480/1641 Loss: 0.306875
2026-08-18 06:54: Train Epoch 20: 500/1641 Loss: 0.301463
2026-08-18 06:54: Train Epoch 20: 520/1641 Loss: 0.292230
2026-08-18 06:54: Train Epoch 20: 540/1641 Loss: 0.298517
2026-08-18 06:54: Train Epoch 20: 560/1641 Loss: 0.343717
2026-08-18 06:54: Train Epoch 20: 580/1641 Loss: 0.317052
2026-08-18 06:54: Train Epoch 20: 600/1641 Loss: 0.309319
2026-08-18 06:54: Train Epoch 20: 620/1641 Loss: 0.311704
2026-08-18 06:54: Train Epoch 20: 640/1641 Loss: 0.293754
2026-08-18 06:54: Train Epoch 20: 660/1641 Loss: 0.301643
2026-08-18 06:54: Train Epoch 20: 680/1641 Loss: 0.322083
2026-08-18 06:54: Train Epoch 20: 700/1641 Loss: 0.302513
2026-08-18 06:54: Train Epoch 20: 720/1641 Loss: 0.315695
2026-08-18 06:55: Train Epoch 20: 740/1641 Loss: 0.325517
2026-08-18 06:55: Train Epoch 20: 760/1641 Loss: 0.313627
2026-08-18 06:55: Train Epoch 20: 780/1641 Loss: 0.292521
2026-08-18 06:55: Train Epoch 20: 800/1641 Loss: 0.326986
2026-08-18 06:55: Train Epoch 20: 820/1641 Loss: 0.309509
2026-08-18 06:55: Train Epoch 20: 840/1641 Loss: 0.308517
2026-08-18 06:55: Train Epoch 20: 860/1641 Loss: 0.324064
2026-08-18 06:55: Train Epoch 20: 880/1641 Loss: 0.304751
2026-08-18 06:55: Train Epoch 20: 900/1641 Loss: 0.329790
2026-08-18 06:55: Train Epoch 20: 920/1641 Loss: 0.318667
2026-08-18 06:55: Train Epoch 20: 940/1641 Loss: 0.286542
2026-08-18 06:55: Train Epoch 20: 960/1641 Loss: 0.293884
2026-08-18 06:55: Train Epoch 20: 980/1641 Loss: 0.307081
2026-08-18 06:55: Train Epoch 20: 1000/1641 Loss: 0.306334
2026-08-18 06:55: Train Epoch 20: 1020/1641 Loss: 0.290029
2026-08-18 06:55: Train Epoch 20: 1040/1641 Loss: 0.310242
2026-08-18 06:55: Train Epoch 20: 1060/1641 Loss: 0.295895
2026-08-18 06:55: Train Epoch 20: 1080/1641 Loss: 0.319137
2026-08-18 06:55: Train Epoch 20: 1100/1641 Loss: 0.299070
2026-08-18 06:55: Train Epoch 20: 1120/1641 Loss: 0.296312
2026-08-18 06:55: Train Epoch 20: 1140/1641 Loss: 0.315664
2026-08-18 06:55: Train Epoch 20: 1160/1641 Loss: 0.298671
2026-08-18 06:55: Train Epoch 20: 1180/1641 Loss: 0.317379
2026-08-18 06:55: Train Epoch 20: 1200/1641 Loss: 0.280623
2026-08-18 06:55: Train Epoch 20: 1220/1641 Loss: 0.293068
2026-08-18 06:55: Train Epoch 20: 1240/1641 Loss: 0.316328
2026-08-18 06:55: Train Epoch 20: 1260/1641 Loss: 0.298481
2026-08-18 06:55: Train Epoch 20: 1280/1641 Loss: 0.325989
2026-08-18 06:55: Train Epoch 20: 1300/1641 Loss: 0.279292
2026-08-18 06:55: Train Epoch 20: 1320/1641 Loss: 0.291978
2026-08-18 06:55: Train Epoch 20: 1340/1641 Loss: 0.301712
2026-08-18 06:55: Train Epoch 20: 1360/1641 Loss: 0.316800
2026-08-18 06:55: Train Epoch 20: 1380/1641 Loss: 0.322023
2026-08-18 06:55: Train Epoch 20: 1400/1641 Loss: 0.316517
2026-08-18 06:55: Train Epoch 20: 1420/1641 Loss: 0.306371
2026-08-18 06:55: Train Epoch 20: 1440/1641 Loss: 0.299662
2026-08-18 06:55: Train Epoch 20: 1460/1641 Loss: 0.278522
2026-08-18 06:55: Train Epoch 20: 1480/1641 Loss: 0.308952
2026-08-18 06:55: Train Epoch 20: 1500/1641 Loss: 0.311436
2026-08-18 06:55: Train Epoch 20: 1520/1641 Loss: 0.307024
2026-08-18 06:55: Train Epoch 20: 1540/1641 Loss: 0.311766
2026-08-18 06:55: Train Epoch 20: 1560/1641 Loss: 0.291170
2026-08-18 06:56: Train Epoch 20: 1580/1641 Loss: 0.292615
2026-08-18 06:56: Train Epoch 20: 1600/1641 Loss: 0.306905
2026-08-18 06:56: Train Epoch 20: 1620/1641 Loss: 0.309275
2026-08-18 06:56: Train Epoch 20: 1640/1641 Loss: 0.292815
2026-08-18 06:56: **********Train Epoch 20: averaged Loss: 0.302752, tf_ratio: 1.000000
2026-08-18 06:56: **********Val Epoch 20: average Loss: 0.322514
2026-08-18 06:56: Train Epoch 21: 0/1641 Loss: 0.293233
2026-08-18 06:56: Train Epoch 21: 20/1641 Loss: 0.320240
2026-08-18 06:56: Train Epoch 21: 40/1641 Loss: 0.312794
2026-08-18 06:56: Train Epoch 21: 60/1641 Loss: 0.300525
2026-08-18 06:56: Train Epoch 21: 80/1641 Loss: 0.282772
2026-08-18 06:56: Train Epoch 21: 100/1641 Loss: 0.294969
2026-08-18 06:56: Train Epoch 21: 120/1641 Loss: 0.295024
2026-08-18 06:56: Train Epoch 21: 140/1641 Loss: 0.312054
2026-08-18 06:56: Train Epoch 21: 160/1641 Loss: 0.288437
2026-08-18 06:56: Train Epoch 21: 180/1641 Loss: 0.288743
2026-08-18 06:56: Train Epoch 21: 200/1641 Loss: 0.316107
2026-08-18 06:56: Train Epoch 21: 220/1641 Loss: 0.313963
2026-08-18 06:56: Train Epoch 21: 240/1641 Loss: 0.309293
2026-08-18 06:56: Train Epoch 21: 260/1641 Loss: 0.308440
2026-08-18 06:56: Train Epoch 21: 280/1641 Loss: 0.305674
2026-08-18 06:56: Train Epoch 21: 300/1641 Loss: 0.298569
2026-08-18 06:56: Train Epoch 21: 320/1641 Loss: 0.297215
2026-08-18 06:56: Train Epoch 21: 340/1641 Loss: 0.299821
2026-08-18 06:56: Train Epoch 21: 360/1641 Loss: 0.308096
2026-08-18 06:56: Train Epoch 21: 380/1641 Loss: 0.305552
2026-08-18 06:56: Train Epoch 21: 400/1641 Loss: 0.317914
2026-08-18 06:56: Train Epoch 21: 420/1641 Loss: 0.283556
2026-08-18 06:56: Train Epoch 21: 440/1641 Loss: 0.298429
2026-08-18 06:56: Train Epoch 21: 460/1641 Loss: 0.348485
2026-08-18 06:56: Train Epoch 21: 480/1641 Loss: 0.297771
2026-08-18 06:56: Train Epoch 21: 500/1641 Loss: 0.308232
2026-08-18 06:56: Train Epoch 21: 520/1641 Loss: 0.286765
2026-08-18 06:56: Train Epoch 21: 540/1641 Loss: 0.308091
2026-08-18 06:56: Train Epoch 21: 560/1641 Loss: 0.311639
2026-08-18 06:56: Train Epoch 21: 580/1641 Loss: 0.288764
2026-08-18 06:56: Train Epoch 21: 600/1641 Loss: 0.295914
2026-08-18 06:56: Train Epoch 21: 620/1641 Loss: 0.290038
2026-08-18 06:57: Train Epoch 21: 640/1641 Loss: 0.329715
2026-08-18 06:57: Train Epoch 21: 660/1641 Loss: 0.308324
2026-08-18 06:57: Train Epoch 21: 680/1641 Loss: 0.294618
2026-08-18 06:57: Train Epoch 21: 700/1641 Loss: 0.297170
2026-08-18 06:57: Train Epoch 21: 720/1641 Loss: 0.311418
2026-08-18 06:57: Train Epoch 21: 740/1641 Loss: 0.307348
2026-08-18 06:57: Train Epoch 21: 760/1641 Loss: 0.290992
2026-08-18 06:57: Train Epoch 21: 780/1641 Loss: 0.271900
2026-08-18 06:57: Train Epoch 21: 800/1641 Loss: 0.297388
2026-08-18 06:57: Train Epoch 21: 820/1641 Loss: 0.326801
2026-08-18 06:57: Train Epoch 21: 840/1641 Loss: 0.298278
2026-08-18 06:57: Train Epoch 21: 860/1641 Loss: 0.317078
2026-08-18 06:57: Train Epoch 21: 880/1641 Loss: 0.278348
2026-08-18 06:57: Train Epoch 21: 900/1641 Loss: 0.308851
2026-08-18 06:57: Train Epoch 21: 920/1641 Loss: 0.301696
2026-08-18 06:57: Train Epoch 21: 940/1641 Loss: 0.292808
2026-08-18 06:57: Train Epoch 21: 960/1641 Loss: 0.292623
2026-08-18 06:57: Train Epoch 21: 980/1641 Loss: 0.307275
2026-08-18 06:57: Train Epoch 21: 1000/1641 Loss: 0.292524
2026-08-18 06:57: Train Epoch 21: 1020/1641 Loss: 0.307062
2026-08-18 06:57: Train Epoch 21: 1040/1641 Loss: 0.290031
2026-08-18 06:57: Train Epoch 21: 1060/1641 Loss: 0.291703
2026-08-18 06:57: Train Epoch 21: 1080/1641 Loss: 0.291988
2026-08-18 06:57: Train Epoch 21: 1100/1641 Loss: 0.297399
2026-08-18 06:57: Train Epoch 21: 1120/1641 Loss: 0.303987
2026-08-18 06:57: Train Epoch 21: 1140/1641 Loss: 0.294301
2026-08-18 06:57: Train Epoch 21: 1160/1641 Loss: 0.306380
2026-08-18 06:57: Train Epoch 21: 1180/1641 Loss: 0.284850
2026-08-18 06:57: Train Epoch 21: 1200/1641 Loss: 0.275934
2026-08-18 06:57: Train Epoch 21: 1220/1641 Loss: 0.315136
2026-08-18 06:57: Train Epoch 21: 1240/1641 Loss: 0.284028
2026-08-18 06:57: Train Epoch 21: 1260/1641 Loss: 0.286165
2026-08-18 06:57: Train Epoch 21: 1280/1641 Loss: 0.278049
2026-08-18 06:57: Train Epoch 21: 1300/1641 Loss: 0.297566
2026-08-18 06:57: Train Epoch 21: 1320/1641 Loss: 0.307496
2026-08-18 06:57: Train Epoch 21: 1340/1641 Loss: 0.309215
2026-08-18 06:57: Train Epoch 21: 1360/1641 Loss: 0.314021
2026-08-18 06:57: Train Epoch 21: 1380/1641 Loss: 0.292044
2026-08-18 06:57: Train Epoch 21: 1400/1641 Loss: 0.285904
2026-08-18 06:57: Train Epoch 21: 1420/1641 Loss: 0.307812
2026-08-18 06:57: Train Epoch 21: 1440/1641 Loss: 0.273659
2026-08-18 06:57: Train Epoch 21: 1460/1641 Loss: 0.298224
2026-08-18 06:57: Train Epoch 21: 1480/1641 Loss: 0.296324
2026-08-18 06:58: Train Epoch 21: 1500/1641 Loss: 0.319331
2026-08-18 06:58: Train Epoch 21: 1520/1641 Loss: 0.302856
2026-08-18 06:58: Train Epoch 21: 1540/1641 Loss: 0.282960
2026-08-18 06:58: Train Epoch 21: 1560/1641 Loss: 0.310468
2026-08-18 06:58: Train Epoch 21: 1580/1641 Loss: 0.300479
2026-08-18 06:58: Train Epoch 21: 1600/1641 Loss: 0.304279
2026-08-18 06:58: Train Epoch 21: 1620/1641 Loss: 0.282855
2026-08-18 06:58: Train Epoch 21: 1640/1641 Loss: 0.281567
2026-08-18 06:58: **********Train Epoch 21: averaged Loss: 0.301481, tf_ratio: 1.000000
2026-08-18 06:58: **********Val Epoch 21: average Loss: 0.323366
2026-08-18 06:58: Train Epoch 22: 0/1641 Loss: 0.295182
2026-08-18 06:58: Train Epoch 22: 20/1641 Loss: 0.318592
2026-08-18 06:58: Train Epoch 22: 40/1641 Loss: 0.302585
2026-08-18 06:58: Train Epoch 22: 60/1641 Loss: 0.294839
2026-08-18 06:58: Train Epoch 22: 80/1641 Loss: 0.293186
2026-08-18 06:58: Train Epoch 22: 100/1641 Loss: 0.315306
2026-08-18 06:58: Train Epoch 22: 120/1641 Loss: 0.299969
2026-08-18 06:58: Train Epoch 22: 140/1641 Loss: 0.284441
2026-08-18 06:58: Train Epoch 22: 160/1641 Loss: 0.305584
2026-08-18 06:58: Train Epoch 22: 180/1641 Loss: 0.314998
2026-08-18 06:58: Train Epoch 22: 200/1641 Loss: 0.311540
2026-08-18 06:58: Train Epoch 22: 220/1641 Loss: 0.291473
2026-08-18 06:58: Train Epoch 22: 240/1641 Loss: 0.303918
2026-08-18 06:58: Train Epoch 22: 260/1641 Loss: 0.305698
2026-08-18 06:58: Train Epoch 22: 280/1641 Loss: 0.309795
2026-08-18 06:58: Train Epoch 22: 300/1641 Loss: 0.294934
2026-08-18 06:58: Train Epoch 22: 320/1641 Loss: 0.298372
2026-08-18 06:58: Train Epoch 22: 340/1641 Loss: 0.281073
2026-08-18 06:58: Train Epoch 22: 360/1641 Loss: 0.325299
2026-08-18 06:58: Train Epoch 22: 380/1641 Loss: 0.310251
2026-08-18 06:58: Train Epoch 22: 400/1641 Loss: 0.291910
2026-08-18 06:58: Train Epoch 22: 420/1641 Loss: 0.292283
2026-08-18 06:58: Train Epoch 22: 440/1641 Loss: 0.304272
2026-08-18 06:58: Train Epoch 22: 460/1641 Loss: 0.299425
2026-08-18 06:58: Train Epoch 22: 480/1641 Loss: 0.310073
2026-08-18 06:58: Train Epoch 22: 500/1641 Loss: 0.297548
2026-08-18 06:58: Train Epoch 22: 520/1641 Loss: 0.331914
2026-08-18 06:59: Train Epoch 22: 540/1641 Loss: 0.305828
2026-08-18 06:59: Train Epoch 22: 560/1641 Loss: 0.292668
2026-08-18 06:59: Train Epoch 22: 580/1641 Loss: 0.307639
2026-08-18 06:59: Train Epoch 22: 600/1641 Loss: 0.297795
2026-08-18 06:59: Train Epoch 22: 620/1641 Loss: 0.307347
2026-08-18 06:59: Train Epoch 22: 640/1641 Loss: 0.319149
2026-08-18 06:59: Train Epoch 22: 660/1641 Loss: 0.312755
2026-08-18 06:59: Train Epoch 22: 680/1641 Loss: 0.276586
2026-08-18 06:59: Train Epoch 22: 700/1641 Loss: 0.287232
2026-08-18 06:59: Train Epoch 22: 720/1641 Loss: 0.304523
2026-08-18 06:59: Train Epoch 22: 740/1641 Loss: 0.282935
2026-08-18 06:59: Train Epoch 22: 760/1641 Loss: 0.305854
2026-08-18 06:59: Train Epoch 22: 780/1641 Loss: 0.302781
2026-08-18 06:59: Train Epoch 22: 800/1641 Loss: 0.322516
2026-08-18 06:59: Train Epoch 22: 820/1641 Loss: 0.297143
2026-08-18 06:59: Train Epoch 22: 840/1641 Loss: 0.296543
2026-08-18 06:59: Train Epoch 22: 860/1641 Loss: 0.309007
2026-08-18 06:59: Train Epoch 22: 880/1641 Loss: 0.301922
2026-08-18 06:59: Train Epoch 22: 900/1641 Loss: 0.297017
2026-08-18 06:59: Train Epoch 22: 920/1641 Loss: 0.273785
2026-08-18 06:59: Train Epoch 22: 940/1641 Loss: 0.320111
2026-08-18 06:59: Train Epoch 22: 960/1641 Loss: 0.304488
2026-08-18 06:59: Train Epoch 22: 980/1641 Loss: 0.299833
2026-08-18 06:59: Train Epoch 22: 1000/1641 Loss: 0.295451
2026-08-18 06:59: Train Epoch 22: 1020/1641 Loss: 0.300130
2026-08-18 06:59: Train Epoch 22: 1040/1641 Loss: 0.298084
2026-08-18 06:59: Train Epoch 22: 1060/1641 Loss: 0.282680
2026-08-18 06:59: Train Epoch 22: 1080/1641 Loss: 0.287035
2026-08-18 06:59: Train Epoch 22: 1100/1641 Loss: 0.282969
2026-08-18 06:59: Train Epoch 22: 1120/1641 Loss: 0.324251
2026-08-18 06:59: Train Epoch 22: 1140/1641 Loss: 0.299489
2026-08-18 06:59: Train Epoch 22: 1160/1641 Loss: 0.287363
2026-08-18 06:59: Train Epoch 22: 1180/1641 Loss: 0.298780
2026-08-18 06:59: Train Epoch 22: 1200/1641 Loss: 0.290581
2026-08-18 06:59: Train Epoch 22: 1220/1641 Loss: 0.290697
2026-08-18 06:59: Train Epoch 22: 1240/1641 Loss: 0.320612
2026-08-18 06:59: Train Epoch 22: 1260/1641 Loss: 0.300907
2026-08-18 06:59: Train Epoch 22: 1280/1641 Loss: 0.315391
2026-08-18 06:59: Train Epoch 22: 1300/1641 Loss: 0.294935
2026-08-18 06:59: Train Epoch 22: 1320/1641 Loss: 0.298569
2026-08-18 06:59: Train Epoch 22: 1340/1641 Loss: 0.296480
2026-08-18 06:59: Train Epoch 22: 1360/1641 Loss: 0.303678
2026-08-18 06:59: Train Epoch 22: 1380/1641 Loss: 0.309032
2026-08-18 07:00: Train Epoch 22: 1400/1641 Loss: 0.303308
2026-08-18 07:00: Train Epoch 22: 1420/1641 Loss: 0.302534
2026-08-18 07:00: Train Epoch 22: 1440/1641 Loss: 0.320610
2026-08-18 07:00: Train Epoch 22: 1460/1641 Loss: 0.303317
2026-08-18 07:00: Train Epoch 22: 1480/1641 Loss: 0.320725
2026-08-18 07:00: Train Epoch 22: 1500/1641 Loss: 0.302550
2026-08-18 07:00: Train Epoch 22: 1520/1641 Loss: 0.328245
2026-08-18 07:00: Train Epoch 22: 1540/1641 Loss: 0.282187
2026-08-18 07:00: Train Epoch 22: 1560/1641 Loss: 0.287279
2026-08-18 07:00: Train Epoch 22: 1580/1641 Loss: 0.304052
2026-08-18 07:00: Train Epoch 22: 1600/1641 Loss: 0.304179
2026-08-18 07:00: Train Epoch 22: 1620/1641 Loss: 0.308006
2026-08-18 07:00: Train Epoch 22: 1640/1641 Loss: 0.310908
2026-08-18 07:00: **********Train Epoch 22: averaged Loss: 0.299820, tf_ratio: 1.000000
2026-08-18 07:00: **********Val Epoch 22: average Loss: 0.323587
2026-08-18 07:00: Train Epoch 23: 0/1641 Loss: 0.286895
2026-08-18 07:00: Train Epoch 23: 20/1641 Loss: 0.307869
2026-08-18 07:00: Train Epoch 23: 40/1641 Loss: 0.304087
2026-08-18 07:00: Train Epoch 23: 60/1641 Loss: 0.284449
2026-08-18 07:00: Train Epoch 23: 80/1641 Loss: 0.297859
2026-08-18 07:00: Train Epoch 23: 100/1641 Loss: 0.290190
2026-08-18 07:00: Train Epoch 23: 120/1641 Loss: 0.293231
2026-08-18 07:00: Train Epoch 23: 140/1641 Loss: 0.291261
2026-08-18 07:00: Train Epoch 23: 160/1641 Loss: 0.292489
2026-08-18 07:00: Train Epoch 23: 180/1641 Loss: 0.306384
2026-08-18 07:00: Train Epoch 23: 200/1641 Loss: 0.305950
2026-08-18 07:00: Train Epoch 23: 220/1641 Loss: 0.313155
2026-08-18 07:00: Train Epoch 23: 240/1641 Loss: 0.285715
2026-08-18 07:00: Train Epoch 23: 260/1641 Loss: 0.292258
2026-08-18 07:00: Train Epoch 23: 280/1641 Loss: 0.295006
2026-08-18 07:00: Train Epoch 23: 300/1641 Loss: 0.288224
2026-08-18 07:00: Train Epoch 23: 320/1641 Loss: 0.297799
2026-08-18 07:00: Train Epoch 23: 340/1641 Loss: 0.300539
2026-08-18 07:00: Train Epoch 23: 360/1641 Loss: 0.297714
2026-08-18 07:00: Train Epoch 23: 380/1641 Loss: 0.313090
2026-08-18 07:00: Train Epoch 23: 400/1641 Loss: 0.331832
2026-08-18 07:00: Train Epoch 23: 420/1641 Loss: 0.293224
2026-08-18 07:01: Train Epoch 23: 440/1641 Loss: 0.294764
2026-08-18 07:01: Train Epoch 23: 460/1641 Loss: 0.270055
2026-08-18 07:01: Train Epoch 23: 480/1641 Loss: 0.291063
2026-08-18 07:01: Train Epoch 23: 500/1641 Loss: 0.306361
2026-08-18 07:01: Train Epoch 23: 520/1641 Loss: 0.318000
2026-08-18 07:01: Train Epoch 23: 540/1641 Loss: 0.275651
2026-08-18 07:01: Train Epoch 23: 560/1641 Loss: 0.303980
2026-08-18 07:01: Train Epoch 23: 580/1641 Loss: 0.318590
2026-08-18 07:01: Train Epoch 23: 600/1641 Loss: 0.283949
2026-08-18 07:01: Train Epoch 23: 620/1641 Loss: 0.339840
2026-08-18 07:01: Train Epoch 23: 640/1641 Loss: 0.301327
2026-08-18 07:01: Train Epoch 23: 660/1641 Loss: 0.312975
2026-08-18 07:01: Train Epoch 23: 680/1641 Loss: 0.288183
2026-08-18 07:01: Train Epoch 23: 700/1641 Loss: 0.286305
2026-08-18 07:01: Train Epoch 23: 720/1641 Loss: 0.302444
2026-08-18 07:01: Train Epoch 23: 740/1641 Loss: 0.275065
2026-08-18 07:01: Train Epoch 23: 760/1641 Loss: 0.304036
2026-08-18 07:01: Train Epoch 23: 780/1641 Loss: 0.323090
2026-08-18 07:01: Train Epoch 23: 800/1641 Loss: 0.286067
2026-08-18 07:01: Train Epoch 23: 820/1641 Loss: 0.301059
2026-08-18 07:01: Train Epoch 23: 840/1641 Loss: 0.319813
2026-08-18 07:01: Train Epoch 23: 860/1641 Loss: 0.305653
2026-08-18 07:01: Train Epoch 23: 880/1641 Loss: 0.292245
2026-08-18 07:01: Train Epoch 23: 900/1641 Loss: 0.291895
2026-08-18 07:01: Train Epoch 23: 920/1641 Loss: 0.315016
2026-08-18 07:01: Train Epoch 23: 940/1641 Loss: 0.310189
2026-08-18 07:01: Train Epoch 23: 960/1641 Loss: 0.303210
2026-08-18 07:01: Train Epoch 23: 980/1641 Loss: 0.292338
2026-08-18 07:01: Train Epoch 23: 1000/1641 Loss: 0.294452
2026-08-18 07:01: Train Epoch 23: 1020/1641 Loss: 0.288076
2026-08-18 07:01: Train Epoch 23: 1040/1641 Loss: 0.308768
2026-08-18 07:01: Train Epoch 23: 1060/1641 Loss: 0.300518
2026-08-18 07:01: Train Epoch 23: 1080/1641 Loss: 0.287394
2026-08-18 07:01: Train Epoch 23: 1100/1641 Loss: 0.296286
2026-08-18 07:01: Train Epoch 23: 1120/1641 Loss: 0.288726
2026-08-18 07:01: Train Epoch 23: 1140/1641 Loss: 0.294586
2026-08-18 07:01: Train Epoch 23: 1160/1641 Loss: 0.275727
2026-08-18 07:01: Train Epoch 23: 1180/1641 Loss: 0.282383
2026-08-18 07:01: Train Epoch 23: 1200/1641 Loss: 0.294928
2026-08-18 07:01: Train Epoch 23: 1220/1641 Loss: 0.292562
2026-08-18 07:01: Train Epoch 23: 1240/1641 Loss: 0.324976
2026-08-18 07:01: Train Epoch 23: 1260/1641 Loss: 0.292181
2026-08-18 07:02: Train Epoch 23: 1280/1641 Loss: 0.314803
2026-08-18 07:02: Train Epoch 23: 1300/1641 Loss: 0.303174
2026-08-18 07:02: Train Epoch 23: 1320/1641 Loss: 0.310103
2026-08-18 07:02: Train Epoch 23: 1340/1641 Loss: 0.316298
2026-08-18 07:02: Train Epoch 23: 1360/1641 Loss: 0.307934
2026-08-18 07:02: Train Epoch 23: 1380/1641 Loss: 0.318592
2026-08-18 07:02: Train Epoch 23: 1400/1641 Loss: 0.304184
2026-08-18 07:02: Train Epoch 23: 1420/1641 Loss: 0.312830
2026-08-18 07:02: Train Epoch 23: 1440/1641 Loss: 0.288700
2026-08-18 07:02: Train Epoch 23: 1460/1641 Loss: 0.317430
2026-08-18 07:02: Train Epoch 23: 1480/1641 Loss: 0.304826
2026-08-18 07:02: Train Epoch 23: 1500/1641 Loss: 0.280357
2026-08-18 07:02: Train Epoch 23: 1520/1641 Loss: 0.275488
2026-08-18 07:02: Train Epoch 23: 1540/1641 Loss: 0.321951
2026-08-18 07:02: Train Epoch 23: 1560/1641 Loss: 0.288121
2026-08-18 07:02: Train Epoch 23: 1580/1641 Loss: 0.305800
2026-08-18 07:02: Train Epoch 23: 1600/1641 Loss: 0.281830
2026-08-18 07:02: Train Epoch 23: 1620/1641 Loss: 0.297244
2026-08-18 07:02: Train Epoch 23: 1640/1641 Loss: 0.295510
2026-08-18 07:02: **********Train Epoch 23: averaged Loss: 0.298821, tf_ratio: 1.000000
2026-08-18 07:02: **********Val Epoch 23: average Loss: 0.322722
2026-08-18 07:02: Train Epoch 24: 0/1641 Loss: 0.304721
2026-08-18 07:02: Train Epoch 24: 20/1641 Loss: 0.294026
2026-08-18 07:02: Train Epoch 24: 40/1641 Loss: 0.309169
2026-08-18 07:02: Train Epoch 24: 60/1641 Loss: 0.292984
2026-08-18 07:02: Train Epoch 24: 80/1641 Loss: 0.308422
2026-08-18 07:02: Train Epoch 24: 100/1641 Loss: 0.307130
2026-08-18 07:02: Train Epoch 24: 120/1641 Loss: 0.294755
2026-08-18 07:02: Train Epoch 24: 140/1641 Loss: 0.310336
2026-08-18 07:02: Train Epoch 24: 160/1641 Loss: 0.285247
2026-08-18 07:02: Train Epoch 24: 180/1641 Loss: 0.295758
2026-08-18 07:02: Train Epoch 24: 200/1641 Loss: 0.280562
2026-08-18 07:02: Train Epoch 24: 220/1641 Loss: 0.304195
2026-08-18 07:02: Train Epoch 24: 240/1641 Loss: 0.316285
2026-08-18 07:02: Train Epoch 24: 260/1641 Loss: 0.304249
2026-08-18 07:02: Train Epoch 24: 280/1641 Loss: 0.306407
2026-08-18 07:02: Train Epoch 24: 300/1641 Loss: 0.271274
2026-08-18 07:03: Train Epoch 24: 320/1641 Loss: 0.305177
2026-08-18 07:03: Train Epoch 24: 340/1641 Loss: 0.299223
2026-08-18 07:03: Train Epoch 24: 360/1641 Loss: 0.299531
2026-08-18 07:03: Train Epoch 24: 380/1641 Loss: 0.316306
2026-08-18 07:03: Train Epoch 24: 400/1641 Loss: 0.328271
2026-08-18 07:03: Train Epoch 24: 420/1641 Loss: 0.275239
2026-08-18 07:03: Train Epoch 24: 440/1641 Loss: 0.294373
2026-08-18 07:03: Train Epoch 24: 460/1641 Loss: 0.295732
2026-08-18 07:03: Train Epoch 24: 480/1641 Loss: 0.327875
2026-08-18 07:03: Train Epoch 24: 500/1641 Loss: 0.290356
2026-08-18 07:03: Train Epoch 24: 520/1641 Loss: 0.298333
2026-08-18 07:03: Train Epoch 24: 540/1641 Loss: 0.299612
2026-08-18 07:03: Train Epoch 24: 560/1641 Loss: 0.299578
2026-08-18 07:03: Train Epoch 24: 580/1641 Loss: 0.289109
2026-08-18 07:03: Train Epoch 24: 600/1641 Loss: 0.320710
2026-08-18 07:03: Train Epoch 24: 620/1641 Loss: 0.314601
2026-08-18 07:03: Train Epoch 24: 640/1641 Loss: 0.298039
2026-08-18 07:03: Train Epoch 24: 660/1641 Loss: 0.313301
2026-08-18 07:03: Train Epoch 24: 680/1641 Loss: 0.278122
2026-08-18 07:03: Train Epoch 24: 700/1641 Loss: 0.316450
2026-08-18 07:03: Train Epoch 24: 720/1641 Loss: 0.309237
2026-08-18 07:03: Train Epoch 24: 740/1641 Loss: 0.276447
2026-08-18 07:03: Train Epoch 24: 760/1641 Loss: 0.272906
2026-08-18 07:03: Train Epoch 24: 780/1641 Loss: 0.321860
2026-08-18 07:03: Train Epoch 24: 800/1641 Loss: 0.301726
2026-08-18 07:03: Train Epoch 24: 820/1641 Loss: 0.298874
2026-08-18 07:03: Train Epoch 24: 840/1641 Loss: 0.283649
2026-08-18 07:03: Train Epoch 24: 860/1641 Loss: 0.286532
2026-08-18 07:03: Train Epoch 24: 880/1641 Loss: 0.285093
2026-08-18 07:03: Train Epoch 24: 900/1641 Loss: 0.301793
2026-08-18 07:03: Train Epoch 24: 920/1641 Loss: 0.314360
2026-08-18 07:03: Train Epoch 24: 940/1641 Loss: 0.302734
2026-08-18 07:03: Train Epoch 24: 960/1641 Loss: 0.298588
2026-08-18 07:03: Train Epoch 24: 980/1641 Loss: 0.335686
2026-08-18 07:03: Train Epoch 24: 1000/1641 Loss: 0.290164
2026-08-18 07:03: Train Epoch 24: 1020/1641 Loss: 0.278940
2026-08-18 07:03: Train Epoch 24: 1040/1641 Loss: 0.267485
2026-08-18 07:03: Train Epoch 24: 1060/1641 Loss: 0.275038
2026-08-18 07:03: Train Epoch 24: 1080/1641 Loss: 0.280835
2026-08-18 07:03: Train Epoch 24: 1100/1641 Loss: 0.298991
2026-08-18 07:03: Train Epoch 24: 1120/1641 Loss: 0.316197
2026-08-18 07:04: Train Epoch 24: 1140/1641 Loss: 0.291685
2026-08-18 07:04: Train Epoch 24: 1160/1641 Loss: 0.291904
2026-08-18 07:04: Train Epoch 24: 1180/1641 Loss: 0.298462
2026-08-18 07:04: Train Epoch 24: 1200/1641 Loss: 0.301439
2026-08-18 07:04: Train Epoch 24: 1220/1641 Loss: 0.301117
2026-08-18 07:04: Train Epoch 24: 1240/1641 Loss: 0.292295
2026-08-18 07:04: Train Epoch 24: 1260/1641 Loss: 0.299229
2026-08-18 07:04: Train Epoch 24: 1280/1641 Loss: 0.296039
2026-08-18 07:04: Train Epoch 24: 1300/1641 Loss: 0.312859
2026-08-18 07:04: Train Epoch 24: 1320/1641 Loss: 0.284377
2026-08-18 07:04: Train Epoch 24: 1340/1641 Loss: 0.320715
2026-08-18 07:04: Train Epoch 24: 1360/1641 Loss: 0.297562
2026-08-18 07:04: Train Epoch 24: 1380/1641 Loss: 0.289157
2026-08-18 07:04: Train Epoch 24: 1400/1641 Loss: 0.337451
2026-08-18 07:04: Train Epoch 24: 1420/1641 Loss: 0.297919
2026-08-18 07:04: Train Epoch 24: 1440/1641 Loss: 0.301348
2026-08-18 07:04: Train Epoch 24: 1460/1641 Loss: 0.293090
2026-08-18 07:04: Train Epoch 24: 1480/1641 Loss: 0.303245
2026-08-18 07:04: Train Epoch 24: 1500/1641 Loss: 0.279162
2026-08-18 07:04: Train Epoch 24: 1520/1641 Loss: 0.289941
2026-08-18 07:04: Train Epoch 24: 1540/1641 Loss: 0.289361
2026-08-18 07:04: Train Epoch 24: 1560/1641 Loss: 0.299726
2026-08-18 07:04: Train Epoch 24: 1580/1641 Loss: 0.296711
2026-08-18 07:04: Train Epoch 24: 1600/1641 Loss: 0.304809
2026-08-18 07:04: Train Epoch 24: 1620/1641 Loss: 0.297846
2026-08-18 07:04: Train Epoch 24: 1640/1641 Loss: 0.328100
2026-08-18 07:04: **********Train Epoch 24: averaged Loss: 0.297734, tf_ratio: 1.000000
2026-08-18 07:04: **********Val Epoch 24: average Loss: 0.321817
2026-08-18 07:04: Train Epoch 25: 0/1641 Loss: 0.299222
2026-08-18 07:04: Train Epoch 25: 20/1641 Loss: 0.302332
2026-08-18 07:04: Train Epoch 25: 40/1641 Loss: 0.293084
2026-08-18 07:04: Train Epoch 25: 60/1641 Loss: 0.282818
2026-08-18 07:04: Train Epoch 25: 80/1641 Loss: 0.280307
2026-08-18 07:04: Train Epoch 25: 100/1641 Loss: 0.298701
2026-08-18 07:04: Train Epoch 25: 120/1641 Loss: 0.296773
2026-08-18 07:04: Train Epoch 25: 140/1641 Loss: 0.286732
2026-08-18 07:04: Train Epoch 25: 160/1641 Loss: 0.301552
2026-08-18 07:04: Train Epoch 25: 180/1641 Loss: 0.289503
2026-08-18 07:05: Train Epoch 25: 200/1641 Loss: 0.293303
2026-08-18 07:05: Train Epoch 25: 220/1641 Loss: 0.281245
2026-08-18 07:05: Train Epoch 25: 240/1641 Loss: 0.296981
2026-08-18 07:05: Train Epoch 25: 260/1641 Loss: 0.295403
2026-08-18 07:05: Train Epoch 25: 280/1641 Loss: 0.287148
2026-08-18 07:05: Train Epoch 25: 300/1641 Loss: 0.302519
2026-08-18 07:05: Train Epoch 25: 320/1641 Loss: 0.280629
2026-08-18 07:05: Train Epoch 25: 340/1641 Loss: 0.288698
2026-08-18 07:05: Train Epoch 25: 360/1641 Loss: 0.282986
2026-08-18 07:05: Train Epoch 25: 380/1641 Loss: 0.304256
2026-08-18 07:05: Train Epoch 25: 400/1641 Loss: 0.307958
2026-08-18 07:05: Train Epoch 25: 420/1641 Loss: 0.305589
2026-08-18 07:05: Train Epoch 25: 440/1641 Loss: 0.294781
2026-08-18 07:05: Train Epoch 25: 460/1641 Loss: 0.308190
2026-08-18 07:05: Train Epoch 25: 480/1641 Loss: 0.299887
2026-08-18 07:05: Train Epoch 25: 500/1641 Loss: 0.302530
2026-08-18 07:05: Train Epoch 25: 520/1641 Loss: 0.297428
2026-08-18 07:05: Train Epoch 25: 540/1641 Loss: 0.289012
2026-08-18 07:05: Train Epoch 25: 560/1641 Loss: 0.287649
2026-08-18 07:05: Train Epoch 25: 580/1641 Loss: 0.306670
2026-08-18 07:05: Train Epoch 25: 600/1641 Loss: 0.277610
2026-08-18 07:05: Train Epoch 25: 620/1641 Loss: 0.298931
2026-08-18 07:05: Train Epoch 25: 640/1641 Loss: 0.293016
2026-08-18 07:05: Train Epoch 25: 660/1641 Loss: 0.289993
2026-08-18 07:05: Train Epoch 25: 680/1641 Loss: 0.313239
2026-08-18 07:05: Train Epoch 25: 700/1641 Loss: 0.284872
2026-08-18 07:05: Train Epoch 25: 720/1641 Loss: 0.314673
2026-08-18 07:05: Train Epoch 25: 740/1641 Loss: 0.284524
2026-08-18 07:05: Train Epoch 25: 760/1641 Loss: 0.299088
2026-08-18 07:05: Train Epoch 25: 780/1641 Loss: 0.298576
2026-08-18 07:05: Train Epoch 25: 800/1641 Loss: 0.296283
2026-08-18 07:05: Train Epoch 25: 820/1641 Loss: 0.295337
2026-08-18 07:05: Train Epoch 25: 840/1641 Loss: 0.299542
2026-08-18 07:05: Train Epoch 25: 860/1641 Loss: 0.272457
2026-08-18 07:05: Train Epoch 25: 880/1641 Loss: 0.295591
2026-08-18 07:05: Train Epoch 25: 900/1641 Loss: 0.306913
2026-08-18 07:05: Train Epoch 25: 920/1641 Loss: 0.288669
2026-08-18 07:05: Train Epoch 25: 940/1641 Loss: 0.292634
2026-08-18 07:05: Train Epoch 25: 960/1641 Loss: 0.299300
2026-08-18 07:05: Train Epoch 25: 980/1641 Loss: 0.302960
2026-08-18 07:05: Train Epoch 25: 1000/1641 Loss: 0.291171
2026-08-18 07:05: Train Epoch 25: 1020/1641 Loss: 0.299396
2026-08-18 07:06: Train Epoch 25: 1040/1641 Loss: 0.305550
2026-08-18 07:06: Train Epoch 25: 1060/1641 Loss: 0.301816
2026-08-18 07:06: Train Epoch 25: 1080/1641 Loss: 0.306751
2026-08-18 07:06: Train Epoch 25: 1100/1641 Loss: 0.305571
2026-08-18 07:06: Train Epoch 25: 1120/1641 Loss: 0.312010
2026-08-18 07:06: Train Epoch 25: 1140/1641 Loss: 0.328963
2026-08-18 07:06: Train Epoch 25: 1160/1641 Loss: 0.291736
2026-08-18 07:06: Train Epoch 25: 1180/1641 Loss: 0.269025
2026-08-18 07:06: Train Epoch 25: 1200/1641 Loss: 0.281409
2026-08-18 07:06: Train Epoch 25: 1220/1641 Loss: 0.336144
2026-08-18 07:06: Train Epoch 25: 1240/1641 Loss: 0.291799
2026-08-18 07:06: Train Epoch 25: 1260/1641 Loss: 0.290074
2026-08-18 07:06: Train Epoch 25: 1280/1641 Loss: 0.293943
2026-08-18 07:06: Train Epoch 25: 1300/1641 Loss: 0.297642
2026-08-18 07:06: Train Epoch 25: 1320/1641 Loss: 0.313386
2026-08-18 07:06: Train Epoch 25: 1340/1641 Loss: 0.296161
2026-08-18 07:06: Train Epoch 25: 1360/1641 Loss: 0.293151
2026-08-18 07:06: Train Epoch 25: 1380/1641 Loss: 0.279762
2026-08-18 07:06: Train Epoch 25: 1400/1641 Loss: 0.278997
2026-08-18 07:06: Train Epoch 25: 1420/1641 Loss: 0.321457
2026-08-18 07:06: Train Epoch 25: 1440/1641 Loss: 0.300464
2026-08-18 07:06: Train Epoch 25: 1460/1641 Loss: 0.297347
2026-08-18 07:06: Train Epoch 25: 1480/1641 Loss: 0.311479
2026-08-18 07:06: Train Epoch 25: 1500/1641 Loss: 0.271313
2026-08-18 07:06: Train Epoch 25: 1520/1641 Loss: 0.308185
2026-08-18 07:06: Train Epoch 25: 1540/1641 Loss: 0.274662
2026-08-18 07:06: Train Epoch 25: 1560/1641 Loss: 0.287730
2026-08-18 07:06: Train Epoch 25: 1580/1641 Loss: 0.293264
2026-08-18 07:06: Train Epoch 25: 1600/1641 Loss: 0.289047
2026-08-18 07:06: Train Epoch 25: 1620/1641 Loss: 0.322950
2026-08-18 07:06: Train Epoch 25: 1640/1641 Loss: 0.294772
2026-08-18 07:06: **********Train Epoch 25: averaged Loss: 0.296733, tf_ratio: 1.000000
2026-08-18 07:06: **********Val Epoch 25: average Loss: 0.323955
2026-08-18 07:06: Train Epoch 26: 0/1641 Loss: 0.304279
2026-08-18 07:06: Train Epoch 26: 20/1641 Loss: 0.314638
2026-08-18 07:06: Train Epoch 26: 40/1641 Loss: 0.289858
2026-08-18 07:06: Train Epoch 26: 60/1641 Loss: 0.283304
2026-08-18 07:06: Train Epoch 26: 80/1641 Loss: 0.287910
2026-08-18 07:07: Train Epoch 26: 100/1641 Loss: 0.284698
2026-08-18 07:07: Train Epoch 26: 120/1641 Loss: 0.306601
2026-08-18 07:07: Train Epoch 26: 140/1641 Loss: 0.281399
2026-08-18 07:07: Train Epoch 26: 160/1641 Loss: 0.287682
2026-08-18 07:07: Train Epoch 26: 180/1641 Loss: 0.288123
2026-08-18 07:07: Train Epoch 26: 200/1641 Loss: 0.299835
2026-08-18 07:07: Train Epoch 26: 220/1641 Loss: 0.279159
2026-08-18 07:07: Train Epoch 26: 240/1641 Loss: 0.302048
2026-08-18 07:07: Train Epoch 26: 260/1641 Loss: 0.300013
2026-08-18 07:07: Train Epoch 26: 280/1641 Loss: 0.302245
2026-08-18 07:07: Train Epoch 26: 300/1641 Loss: 0.301025
2026-08-18 07:07: Train Epoch 26: 320/1641 Loss: 0.311694
2026-08-18 07:07: Train Epoch 26: 340/1641 Loss: 0.293023
2026-08-18 07:07: Train Epoch 26: 360/1641 Loss: 0.311678
2026-08-18 07:07: Train Epoch 26: 380/1641 Loss: 0.317048
2026-08-18 07:07: Train Epoch 26: 400/1641 Loss: 0.304258
2026-08-18 07:07: Train Epoch 26: 420/1641 Loss: 0.313173
2026-08-18 07:07: Train Epoch 26: 440/1641 Loss: 0.289280
2026-08-18 07:07: Train Epoch 26: 460/1641 Loss: 0.317171
2026-08-18 07:07: Train Epoch 26: 480/1641 Loss: 0.297895
2026-08-18 07:07: Train Epoch 26: 500/1641 Loss: 0.287091
2026-08-18 07:07: Train Epoch 26: 520/1641 Loss: 0.283719
2026-08-18 07:07: Train Epoch 26: 540/1641 Loss: 0.299574
2026-08-18 07:07: Train Epoch 26: 560/1641 Loss: 0.298999
2026-08-18 07:07: Train Epoch 26: 580/1641 Loss: 0.289259
2026-08-18 07:07: Train Epoch 26: 600/1641 Loss: 0.322219
2026-08-18 07:07: Train Epoch 26: 620/1641 Loss: 0.296578
2026-08-18 07:07: Train Epoch 26: 640/1641 Loss: 0.278947
2026-08-18 07:07: Train Epoch 26: 660/1641 Loss: 0.310334
2026-08-18 07:07: Train Epoch 26: 680/1641 Loss: 0.276598
2026-08-18 07:07: Train Epoch 26: 700/1641 Loss: 0.298231
2026-08-18 07:07: Train Epoch 26: 720/1641 Loss: 0.301708
2026-08-18 07:07: Train Epoch 26: 740/1641 Loss: 0.298631
2026-08-18 07:07: Train Epoch 26: 760/1641 Loss: 0.326485
2026-08-18 07:07: Train Epoch 26: 780/1641 Loss: 0.304571
2026-08-18 07:07: Train Epoch 26: 800/1641 Loss: 0.304455
2026-08-18 07:07: Train Epoch 26: 820/1641 Loss: 0.286086
2026-08-18 07:07: Train Epoch 26: 840/1641 Loss: 0.294857
2026-08-18 07:07: Train Epoch 26: 860/1641 Loss: 0.278953
2026-08-18 07:07: Train Epoch 26: 880/1641 Loss: 0.283682
2026-08-18 07:07: Train Epoch 26: 900/1641 Loss: 0.285881
2026-08-18 07:08: Train Epoch 26: 920/1641 Loss: 0.288757
2026-08-18 07:08: Train Epoch 26: 940/1641 Loss: 0.289929
2026-08-18 07:08: Train Epoch 26: 960/1641 Loss: 0.305580
2026-08-18 07:08: Train Epoch 26: 980/1641 Loss: 0.298534
2026-08-18 07:08: Train Epoch 26: 1000/1641 Loss: 0.288582
2026-08-18 07:08: Train Epoch 26: 1020/1641 Loss: 0.286272
2026-08-18 07:08: Train Epoch 26: 1040/1641 Loss: 0.288725
2026-08-18 07:08: Train Epoch 26: 1060/1641 Loss: 0.288114
2026-08-18 07:08: Train Epoch 26: 1080/1641 Loss: 0.294204
2026-08-18 07:08: Train Epoch 26: 1100/1641 Loss: 0.305335
2026-08-18 07:08: Train Epoch 26: 1120/1641 Loss: 0.308891
2026-08-18 07:08: Train Epoch 26: 1140/1641 Loss: 0.297169
2026-08-18 07:08: Train Epoch 26: 1160/1641 Loss: 0.300912
2026-08-18 07:08: Train Epoch 26: 1180/1641 Loss: 0.309650
2026-08-18 07:08: Train Epoch 26: 1200/1641 Loss: 0.311260
2026-08-18 07:08: Train Epoch 26: 1220/1641 Loss: 0.290922
2026-08-18 07:08: Train Epoch 26: 1240/1641 Loss: 0.297624
2026-08-18 07:08: Train Epoch 26: 1260/1641 Loss: 0.290056
2026-08-18 07:08: Train Epoch 26: 1280/1641 Loss: 0.290745
2026-08-18 07:08: Train Epoch 26: 1300/1641 Loss: 0.299185
2026-08-18 07:08: Train Epoch 26: 1320/1641 Loss: 0.286657
2026-08-18 07:08: Train Epoch 26: 1340/1641 Loss: 0.295284
2026-08-18 07:08: Train Epoch 26: 1360/1641 Loss: 0.286700
2026-08-18 07:08: Train Epoch 26: 1380/1641 Loss: 0.290162
2026-08-18 07:08: Train Epoch 26: 1400/1641 Loss: 0.298712
2026-08-18 07:08: Train Epoch 26: 1420/1641 Loss: 0.282218
2026-08-18 07:08: Train Epoch 26: 1440/1641 Loss: 0.283250
2026-08-18 07:08: Train Epoch 26: 1460/1641 Loss: 0.320880
2026-08-18 07:08: Train Epoch 26: 1480/1641 Loss: 0.289808
2026-08-18 07:08: Train Epoch 26: 1500/1641 Loss: 0.283735
2026-08-18 07:08: Train Epoch 26: 1520/1641 Loss: 0.301006
2026-08-18 07:08: Train Epoch 26: 1540/1641 Loss: 0.301203
2026-08-18 07:08: Train Epoch 26: 1560/1641 Loss: 0.294975
2026-08-18 07:08: Train Epoch 26: 1580/1641 Loss: 0.293420
2026-08-18 07:08: Train Epoch 26: 1600/1641 Loss: 0.295724
2026-08-18 07:08: Train Epoch 26: 1620/1641 Loss: 0.316810
2026-08-18 07:08: Train Epoch 26: 1640/1641 Loss: 0.303540
2026-08-18 07:08: **********Train Epoch 26: averaged Loss: 0.295575, tf_ratio: 1.000000
2026-08-18 07:09: **********Val Epoch 26: average Loss: 0.322484
2026-08-18 07:09: Train Epoch 27: 0/1641 Loss: 0.306877
2026-08-18 07:09: Train Epoch 27: 20/1641 Loss: 0.303878
2026-08-18 07:09: Train Epoch 27: 40/1641 Loss: 0.306550
2026-08-18 07:09: Train Epoch 27: 60/1641 Loss: 0.267862
2026-08-18 07:09: Train Epoch 27: 80/1641 Loss: 0.298538
2026-08-18 07:09: Train Epoch 27: 100/1641 Loss: 0.317422
2026-08-18 07:09: Train Epoch 27: 120/1641 Loss: 0.285579
2026-08-18 07:09: Train Epoch 27: 140/1641 Loss: 0.285073
2026-08-18 07:09: Train Epoch 27: 160/1641 Loss: 0.275087
2026-08-18 07:09: Train Epoch 27: 180/1641 Loss: 0.276282
2026-08-18 07:09: Train Epoch 27: 200/1641 Loss: 0.297191
2026-08-18 07:09: Train Epoch 27: 220/1641 Loss: 0.294444
2026-08-18 07:09: Train Epoch 27: 240/1641 Loss: 0.300725
2026-08-18 07:09: Train Epoch 27: 260/1641 Loss: 0.280790
2026-08-18 07:09: Train Epoch 27: 280/1641 Loss: 0.295694
2026-08-18 07:09: Train Epoch 27: 300/1641 Loss: 0.303653
2026-08-18 07:09: Train Epoch 27: 320/1641 Loss: 0.278028
2026-08-18 07:09: Train Epoch 27: 340/1641 Loss: 0.292709
2026-08-18 07:09: Train Epoch 27: 360/1641 Loss: 0.311060
2026-08-18 07:09: Train Epoch 27: 380/1641 Loss: 0.291576
2026-08-18 07:09: Train Epoch 27: 400/1641 Loss: 0.281509
2026-08-18 07:09: Train Epoch 27: 420/1641 Loss: 0.303789
2026-08-18 07:09: Train Epoch 27: 440/1641 Loss: 0.291674
2026-08-18 07:09: Train Epoch 27: 460/1641 Loss: 0.281540
2026-08-18 07:09: Train Epoch 27: 480/1641 Loss: 0.288745
2026-08-18 07:09: Train Epoch 27: 500/1641 Loss: 0.298220
2026-08-18 07:09: Train Epoch 27: 520/1641 Loss: 0.294981
2026-08-18 07:09: Train Epoch 27: 540/1641 Loss: 0.306590
2026-08-18 07:09: Train Epoch 27: 560/1641 Loss: 0.306350
2026-08-18 07:09: Train Epoch 27: 580/1641 Loss: 0.297178
2026-08-18 07:09: Train Epoch 27: 600/1641 Loss: 0.294525
2026-08-18 07:09: Train Epoch 27: 620/1641 Loss: 0.303526
2026-08-18 07:09: Train Epoch 27: 640/1641 Loss: 0.277188
2026-08-18 07:09: Train Epoch 27: 660/1641 Loss: 0.303750
2026-08-18 07:09: Train Epoch 27: 680/1641 Loss: 0.307301
2026-08-18 07:09: Train Epoch 27: 700/1641 Loss: 0.284358
2026-08-18 07:10: Train Epoch 27: 720/1641 Loss: 0.294408
2026-08-18 07:10: Train Epoch 27: 740/1641 Loss: 0.287914
2026-08-18 07:10: Train Epoch 27: 760/1641 Loss: 0.278910
2026-08-18 07:10: Train Epoch 27: 780/1641 Loss: 0.307115
2026-08-18 07:10: Train Epoch 27: 800/1641 Loss: 0.302565
2026-08-18 07:10: Train Epoch 27: 820/1641 Loss: 0.294702
2026-08-18 07:10: Train Epoch 27: 840/1641 Loss: 0.309796
2026-08-18 07:10: Train Epoch 27: 860/1641 Loss: 0.300575
2026-08-18 07:10: Train Epoch 27: 880/1641 Loss: 0.292852
2026-08-18 07:10: Train Epoch 27: 900/1641 Loss: 0.289021
2026-08-18 07:10: Train Epoch 27: 920/1641 Loss: 0.311164
2026-08-18 07:10: Train Epoch 27: 940/1641 Loss: 0.296944
2026-08-18 07:10: Train Epoch 27: 960/1641 Loss: 0.280233
2026-08-18 07:10: Train Epoch 27: 980/1641 Loss: 0.290726
2026-08-18 07:10: Train Epoch 27: 1000/1641 Loss: 0.275772
2026-08-18 07:10: Train Epoch 27: 1020/1641 Loss: 0.301083
2026-08-18 07:10: Train Epoch 27: 1040/1641 Loss: 0.307850
2026-08-18 07:10: Train Epoch 27: 1060/1641 Loss: 0.294843
2026-08-18 07:10: Train Epoch 27: 1080/1641 Loss: 0.291935
2026-08-18 07:10: Train Epoch 27: 1100/1641 Loss: 0.275219
2026-08-18 07:10: Train Epoch 27: 1120/1641 Loss: 0.293242
2026-08-18 07:10: Train Epoch 27: 1140/1641 Loss: 0.284367
2026-08-18 07:10: Train Epoch 27: 1160/1641 Loss: 0.275913
2026-08-18 07:10: Train Epoch 27: 1180/1641 Loss: 0.297358
2026-08-18 07:10: Train Epoch 27: 1200/1641 Loss: 0.295271
2026-08-18 07:10: Train Epoch 27: 1220/1641 Loss: 0.318350
2026-08-18 07:10: Train Epoch 27: 1240/1641 Loss: 0.305496
2026-08-18 07:10: Train Epoch 27: 1260/1641 Loss: 0.288869
2026-08-18 07:10: Train Epoch 27: 1280/1641 Loss: 0.318822
2026-08-18 07:10: Train Epoch 27: 1300/1641 Loss: 0.289944
2026-08-18 07:10: Train Epoch 27: 1320/1641 Loss: 0.299822
2026-08-18 07:10: Train Epoch 27: 1340/1641 Loss: 0.305742
2026-08-18 07:10: Train Epoch 27: 1360/1641 Loss: 0.294494
2026-08-18 07:10: Train Epoch 27: 1380/1641 Loss: 0.290202
2026-08-18 07:10: Train Epoch 27: 1400/1641 Loss: 0.290342
2026-08-18 07:10: Train Epoch 27: 1420/1641 Loss: 0.282616
2026-08-18 07:10: Train Epoch 27: 1440/1641 Loss: 0.280104
2026-08-18 07:10: Train Epoch 27: 1460/1641 Loss: 0.288396
2026-08-18 07:10: Train Epoch 27: 1480/1641 Loss: 0.296917
2026-08-18 07:10: Train Epoch 27: 1500/1641 Loss: 0.289646
2026-08-18 07:11: Train Epoch 27: 1520/1641 Loss: 0.297935
2026-08-18 07:11: Train Epoch 27: 1540/1641 Loss: 0.308920
2026-08-18 07:11: Train Epoch 27: 1560/1641 Loss: 0.292393
2026-08-18 07:11: Train Epoch 27: 1580/1641 Loss: 0.289749
2026-08-18 07:11: Train Epoch 27: 1600/1641 Loss: 0.280283
2026-08-18 07:11: Train Epoch 27: 1620/1641 Loss: 0.316565
2026-08-18 07:11: Train Epoch 27: 1640/1641 Loss: 0.296391
2026-08-18 07:11: **********Train Epoch 27: averaged Loss: 0.294323, tf_ratio: 1.000000
2026-08-18 07:11: **********Val Epoch 27: average Loss: 0.326591
2026-08-18 07:11: Train Epoch 28: 0/1641 Loss: 0.294034
2026-08-18 07:11: Train Epoch 28: 20/1641 Loss: 0.307777
2026-08-18 07:11: Train Epoch 28: 40/1641 Loss: 0.285411
2026-08-18 07:11: Train Epoch 28: 60/1641 Loss: 0.287592
2026-08-18 07:11: Train Epoch 28: 80/1641 Loss: 0.291743
2026-08-18 07:11: Train Epoch 28: 100/1641 Loss: 0.295562
2026-08-18 07:11: Train Epoch 28: 120/1641 Loss: 0.319277
2026-08-18 07:11: Train Epoch 28: 140/1641 Loss: 0.280852
2026-08-18 07:11: Train Epoch 28: 160/1641 Loss: 0.287289
2026-08-18 07:11: Train Epoch 28: 180/1641 Loss: 0.297176
2026-08-18 07:11: Train Epoch 28: 200/1641 Loss: 0.288943
2026-08-18 07:11: Train Epoch 28: 220/1641 Loss: 0.270970
2026-08-18 07:11: Train Epoch 28: 240/1641 Loss: 0.290170
2026-08-18 07:11: Train Epoch 28: 260/1641 Loss: 0.291590
2026-08-18 07:11: Train Epoch 28: 280/1641 Loss: 0.303940
2026-08-18 07:11: Train Epoch 28: 300/1641 Loss: 0.293140
2026-08-18 07:11: Train Epoch 28: 320/1641 Loss: 0.285253
2026-08-18 07:11: Train Epoch 28: 340/1641 Loss: 0.289309
2026-08-18 07:11: Train Epoch 28: 360/1641 Loss: 0.282072
2026-08-18 07:11: Train Epoch 28: 380/1641 Loss: 0.280417
2026-08-18 07:11: Train Epoch 28: 400/1641 Loss: 0.290354
2026-08-18 07:11: Train Epoch 28: 420/1641 Loss: 0.299933
2026-08-18 07:11: Train Epoch 28: 440/1641 Loss: 0.300506
2026-08-18 07:11: Train Epoch 28: 460/1641 Loss: 0.282317
2026-08-18 07:11: Train Epoch 28: 480/1641 Loss: 0.310963
2026-08-18 07:11: Train Epoch 28: 500/1641 Loss: 0.298262
2026-08-18 07:12: Train Epoch 28: 520/1641 Loss: 0.306036
2026-08-18 07:12: Train Epoch 28: 540/1641 Loss: 0.311888
2026-08-18 07:12: Train Epoch 28: 560/1641 Loss: 0.304042
2026-08-18 07:12: Train Epoch 28: 580/1641 Loss: 0.306959
2026-08-18 07:12: Train Epoch 28: 600/1641 Loss: 0.307351
2026-08-18 07:12: Train Epoch 28: 620/1641 Loss: 0.292150
2026-08-18 07:12: Train Epoch 28: 640/1641 Loss: 0.301748
2026-08-18 07:12: Train Epoch 28: 660/1641 Loss: 0.265181
2026-08-18 07:12: Train Epoch 28: 680/1641 Loss: 0.297932
2026-08-18 07:12: Train Epoch 28: 700/1641 Loss: 0.284549
2026-08-18 07:12: Train Epoch 28: 720/1641 Loss: 0.305364
2026-08-18 07:12: Train Epoch 28: 740/1641 Loss: 0.310839
2026-08-18 07:12: Train Epoch 28: 760/1641 Loss: 0.297619
2026-08-18 07:12: Train Epoch 28: 780/1641 Loss: 0.313776
2026-08-18 07:12: Train Epoch 28: 800/1641 Loss: 0.307161
2026-08-18 07:12: Train Epoch 28: 820/1641 Loss: 0.294250
2026-08-18 07:12: Train Epoch 28: 840/1641 Loss: 0.288852
2026-08-18 07:12: Train Epoch 28: 860/1641 Loss: 0.311674
2026-08-18 07:12: Train Epoch 28: 880/1641 Loss: 0.307621
2026-08-18 07:12: Train Epoch 28: 900/1641 Loss: 0.313036
2026-08-18 07:12: Train Epoch 28: 920/1641 Loss: 0.294159
2026-08-18 07:12: Train Epoch 28: 940/1641 Loss: 0.274272
2026-08-18 07:12: Train Epoch 28: 960/1641 Loss: 0.279557
2026-08-18 07:12: Train Epoch 28: 980/1641 Loss: 0.282495
2026-08-18 07:12: Train Epoch 28: 1000/1641 Loss: 0.278830
2026-08-18 07:12: Train Epoch 28: 1020/1641 Loss: 0.309020
2026-08-18 07:12: Train Epoch 28: 1040/1641 Loss: 0.291214
2026-08-18 07:12: Train Epoch 28: 1060/1641 Loss: 0.307861
2026-08-18 07:12: Train Epoch 28: 1080/1641 Loss: 0.297481
2026-08-18 07:12: Train Epoch 28: 1100/1641 Loss: 0.291126
2026-08-18 07:12: Train Epoch 28: 1120/1641 Loss: 0.314882
2026-08-18 07:12: Train Epoch 28: 1140/1641 Loss: 0.262290
2026-08-18 07:12: Train Epoch 28: 1160/1641 Loss: 0.273169
2026-08-18 07:12: Train Epoch 28: 1180/1641 Loss: 0.280929
2026-08-18 07:12: Train Epoch 28: 1200/1641 Loss: 0.295155
2026-08-18 07:12: Train Epoch 28: 1220/1641 Loss: 0.337449
2026-08-18 07:12: Train Epoch 28: 1240/1641 Loss: 0.286237
2026-08-18 07:12: Train Epoch 28: 1260/1641 Loss: 0.302755
2026-08-18 07:12: Train Epoch 28: 1280/1641 Loss: 0.297457
2026-08-18 07:12: Train Epoch 28: 1300/1641 Loss: 0.304704
2026-08-18 07:13: Train Epoch 28: 1320/1641 Loss: 0.291941
2026-08-18 07:13: Train Epoch 28: 1340/1641 Loss: 0.266420
2026-08-18 07:13: Train Epoch 28: 1360/1641 Loss: 0.294760
2026-08-18 07:13: Train Epoch 28: 1380/1641 Loss: 0.292778
2026-08-18 07:13: Train Epoch 28: 1400/1641 Loss: 0.288960
2026-08-18 07:13: Train Epoch 28: 1420/1641 Loss: 0.293186
2026-08-18 07:13: Train Epoch 28: 1440/1641 Loss: 0.300070
2026-08-18 07:13: Train Epoch 28: 1460/1641 Loss: 0.306665
2026-08-18 07:13: Train Epoch 28: 1480/1641 Loss: 0.284809
2026-08-18 07:13: Train Epoch 28: 1500/1641 Loss: 0.286003
2026-08-18 07:13: Train Epoch 28: 1520/1641 Loss: 0.287268
2026-08-18 07:13: Train Epoch 28: 1540/1641 Loss: 0.287531
2026-08-18 07:13: Train Epoch 28: 1560/1641 Loss: 0.288846
2026-08-18 07:13: Train Epoch 28: 1580/1641 Loss: 0.296372
2026-08-18 07:13: Train Epoch 28: 1600/1641 Loss: 0.293713
2026-08-18 07:13: Train Epoch 28: 1620/1641 Loss: 0.327856
2026-08-18 07:13: Train Epoch 28: 1640/1641 Loss: 0.299106
2026-08-18 07:13: **********Train Epoch 28: averaged Loss: 0.293390, tf_ratio: 1.000000
2026-08-18 07:13: **********Val Epoch 28: average Loss: 0.326452
2026-08-18 07:13: Train Epoch 29: 0/1641 Loss: 0.278153
2026-08-18 07:13: Train Epoch 29: 20/1641 Loss: 0.299849
2026-08-18 07:13: Train Epoch 29: 40/1641 Loss: 0.317750
2026-08-18 07:13: Train Epoch 29: 60/1641 Loss: 0.286215
2026-08-18 07:13: Train Epoch 29: 80/1641 Loss: 0.312526
2026-08-18 07:13: Train Epoch 29: 100/1641 Loss: 0.316418
2026-08-18 07:13: Train Epoch 29: 120/1641 Loss: 0.276783
2026-08-18 07:13: Train Epoch 29: 140/1641 Loss: 0.284469
2026-08-18 07:13: Train Epoch 29: 160/1641 Loss: 0.298568
2026-08-18 07:13: Train Epoch 29: 180/1641 Loss: 0.297409
2026-08-18 07:13: Train Epoch 29: 200/1641 Loss: 0.293239
2026-08-18 07:13: Train Epoch 29: 220/1641 Loss: 0.312202
2026-08-18 07:13: Train Epoch 29: 240/1641 Loss: 0.290495
2026-08-18 07:13: Train Epoch 29: 260/1641 Loss: 0.293394
2026-08-18 07:13: Train Epoch 29: 280/1641 Loss: 0.307470
2026-08-18 07:13: Train Epoch 29: 300/1641 Loss: 0.274545
2026-08-18 07:13: Train Epoch 29: 320/1641 Loss: 0.298215
2026-08-18 07:14: Train Epoch 29: 340/1641 Loss: 0.275364
2026-08-18 07:14: Train Epoch 29: 360/1641 Loss: 0.288125
2026-08-18 07:14: Train Epoch 29: 380/1641 Loss: 0.290395
2026-08-18 07:14: Train Epoch 29: 400/1641 Loss: 0.304289
2026-08-18 07:14: Train Epoch 29: 420/1641 Loss: 0.290649
2026-08-18 07:14: Train Epoch 29: 440/1641 Loss: 0.286008
2026-08-18 07:14: Train Epoch 29: 460/1641 Loss: 0.301382
2026-08-18 07:14: Train Epoch 29: 480/1641 Loss: 0.307623
2026-08-18 07:14: Train Epoch 29: 500/1641 Loss: 0.283747
2026-08-18 07:14: Train Epoch 29: 520/1641 Loss: 0.303169
2026-08-18 07:14: Train Epoch 29: 540/1641 Loss: 0.297139
2026-08-18 07:14: Train Epoch 29: 560/1641 Loss: 0.287949
2026-08-18 07:14: Train Epoch 29: 580/1641 Loss: 0.291734
2026-08-18 07:14: Train Epoch 29: 600/1641 Loss: 0.269629
2026-08-18 07:14: Train Epoch 29: 620/1641 Loss: 0.286394
2026-08-18 07:14: Train Epoch 29: 640/1641 Loss: 0.296304
2026-08-18 07:14: Train Epoch 29: 660/1641 Loss: 0.288104
2026-08-18 07:14: Train Epoch 29: 680/1641 Loss: 0.305092
2026-08-18 07:14: Train Epoch 29: 700/1641 Loss: 0.296034
2026-08-18 07:14: Train Epoch 29: 720/1641 Loss: 0.294072
2026-08-18 07:14: Train Epoch 29: 740/1641 Loss: 0.306175
2026-08-18 07:14: Train Epoch 29: 760/1641 Loss: 0.306264
2026-08-18 07:14: Train Epoch 29: 780/1641 Loss: 0.275586
2026-08-18 07:14: Train Epoch 29: 800/1641 Loss: 0.275223
2026-08-18 07:14: Train Epoch 29: 820/1641 Loss: 0.298250
2026-08-18 07:14: Train Epoch 29: 840/1641 Loss: 0.295312
2026-08-18 07:14: Train Epoch 29: 860/1641 Loss: 0.302202
2026-08-18 07:14: Train Epoch 29: 880/1641 Loss: 0.309679
2026-08-18 07:14: Train Epoch 29: 900/1641 Loss: 0.302874
2026-08-18 07:14: Train Epoch 29: 920/1641 Loss: 0.289529
2026-08-18 07:14: Train Epoch 29: 940/1641 Loss: 0.310751
2026-08-18 07:14: Train Epoch 29: 960/1641 Loss: 0.291853
2026-08-18 07:14: Train Epoch 29: 980/1641 Loss: 0.273819
2026-08-18 07:14: Train Epoch 29: 1000/1641 Loss: 0.275376
2026-08-18 07:14: Train Epoch 29: 1020/1641 Loss: 0.272874
2026-08-18 07:14: Train Epoch 29: 1040/1641 Loss: 0.304759
2026-08-18 07:14: Train Epoch 29: 1060/1641 Loss: 0.287702
2026-08-18 07:14: Train Epoch 29: 1080/1641 Loss: 0.278573
2026-08-18 07:14: Train Epoch 29: 1100/1641 Loss: 0.303566
2026-08-18 07:14: Train Epoch 29: 1120/1641 Loss: 0.302813
2026-08-18 07:15: Train Epoch 29: 1140/1641 Loss: 0.297425
2026-08-18 07:15: Train Epoch 29: 1160/1641 Loss: 0.297753
2026-08-18 07:15: Train Epoch 29: 1180/1641 Loss: 0.285932
2026-08-18 07:15: Train Epoch 29: 1200/1641 Loss: 0.294151
2026-08-18 07:15: Train Epoch 29: 1220/1641 Loss: 0.281954
2026-08-18 07:15: Train Epoch 29: 1240/1641 Loss: 0.284553
2026-08-18 07:15: Train Epoch 29: 1260/1641 Loss: 0.278473
2026-08-18 07:15: Train Epoch 29: 1280/1641 Loss: 0.277353
2026-08-18 07:15: Train Epoch 29: 1300/1641 Loss: 0.289527
2026-08-18 07:15: Train Epoch 29: 1320/1641 Loss: 0.307222
2026-08-18 07:15: Train Epoch 29: 1340/1641 Loss: 0.299385
2026-08-18 07:15: Train Epoch 29: 1360/1641 Loss: 0.294618
2026-08-18 07:15: Train Epoch 29: 1380/1641 Loss: 0.286782
2026-08-18 07:15: Train Epoch 29: 1400/1641 Loss: 0.290103
2026-08-18 07:15: Train Epoch 29: 1420/1641 Loss: 0.321432
2026-08-18 07:15: Train Epoch 29: 1440/1641 Loss: 0.283738
2026-08-18 07:15: Train Epoch 29: 1460/1641 Loss: 0.281361
2026-08-18 07:15: Train Epoch 29: 1480/1641 Loss: 0.302242
2026-08-18 07:15: Train Epoch 29: 1500/1641 Loss: 0.262974
2026-08-18 07:15: Train Epoch 29: 1520/1641 Loss: 0.290863
2026-08-18 07:15: Train Epoch 29: 1540/1641 Loss: 0.293881
2026-08-18 07:15: Train Epoch 29: 1560/1641 Loss: 0.320441
2026-08-18 07:15: Train Epoch 29: 1580/1641 Loss: 0.299980
2026-08-18 07:15: Train Epoch 29: 1600/1641 Loss: 0.289472
2026-08-18 07:15: Train Epoch 29: 1620/1641 Loss: 0.295315
2026-08-18 07:15: Train Epoch 29: 1640/1641 Loss: 0.294829
2026-08-18 07:15: **********Train Epoch 29: averaged Loss: 0.292507, tf_ratio: 1.000000
2026-08-18 07:15: **********Val Epoch 29: average Loss: 0.325347
2026-08-18 07:15: Train Epoch 30: 0/1641 Loss: 0.289916
2026-08-18 07:15: Train Epoch 30: 20/1641 Loss: 0.291831
2026-08-18 07:15: Train Epoch 30: 40/1641 Loss: 0.273338
2026-08-18 07:15: Train Epoch 30: 60/1641 Loss: 0.313277
2026-08-18 07:15: Train Epoch 30: 80/1641 Loss: 0.306688
2026-08-18 07:15: Train Epoch 30: 100/1641 Loss: 0.281715
2026-08-18 07:15: Train Epoch 30: 120/1641 Loss: 0.290890
2026-08-18 07:16: Train Epoch 30: 140/1641 Loss: 0.299022
2026-08-18 07:16: Train Epoch 30: 160/1641 Loss: 0.287476
2026-08-18 07:16: Train Epoch 30: 180/1641 Loss: 0.296910
2026-08-18 07:16: Train Epoch 30: 200/1641 Loss: 0.294669
2026-08-18 07:16: Train Epoch 30: 220/1641 Loss: 0.275670
2026-08-18 07:16: Train Epoch 30: 240/1641 Loss: 0.306767
2026-08-18 07:16: Train Epoch 30: 260/1641 Loss: 0.289359
2026-08-18 07:16: Train Epoch 30: 280/1641 Loss: 0.302610
2026-08-18 07:16: Train Epoch 30: 300/1641 Loss: 0.312867
2026-08-18 07:16: Train Epoch 30: 320/1641 Loss: 0.296648
2026-08-18 07:16: Train Epoch 30: 340/1641 Loss: 0.278002
2026-08-18 07:16: Train Epoch 30: 360/1641 Loss: 0.266100
2026-08-18 07:16: Train Epoch 30: 380/1641 Loss: 0.296144
2026-08-18 07:16: Train Epoch 30: 400/1641 Loss: 0.285418
2026-08-18 07:16: Train Epoch 30: 420/1641 Loss: 0.310806
2026-08-18 07:16: Train Epoch 30: 440/1641 Loss: 0.311262
2026-08-18 07:16: Train Epoch 30: 460/1641 Loss: 0.287008
2026-08-18 07:16: Train Epoch 30: 480/1641 Loss: 0.271342
2026-08-18 07:16: Train Epoch 30: 500/1641 Loss: 0.304649
2026-08-18 07:16: Train Epoch 30: 520/1641 Loss: 0.298489
2026-08-18 07:16: Train Epoch 30: 540/1641 Loss: 0.279974
2026-08-18 07:16: Train Epoch 30: 560/1641 Loss: 0.299538
2026-08-18 07:16: Train Epoch 30: 580/1641 Loss: 0.268021
2026-08-18 07:16: Train Epoch 30: 600/1641 Loss: 0.286171
2026-08-18 07:16: Train Epoch 30: 620/1641 Loss: 0.285949
2026-08-18 07:16: Train Epoch 30: 640/1641 Loss: 0.297863
2026-08-18 07:16: Train Epoch 30: 660/1641 Loss: 0.288643
2026-08-18 07:16: Train Epoch 30: 680/1641 Loss: 0.290017
2026-08-18 07:16: Train Epoch 30: 700/1641 Loss: 0.294874
2026-08-18 07:16: Train Epoch 30: 720/1641 Loss: 0.276128
2026-08-18 07:16: Train Epoch 30: 740/1641 Loss: 0.284644
2026-08-18 07:16: Train Epoch 30: 760/1641 Loss: 0.293131
2026-08-18 07:16: Train Epoch 30: 780/1641 Loss: 0.305555
2026-08-18 07:16: Train Epoch 30: 800/1641 Loss: 0.311224
2026-08-18 07:16: Train Epoch 30: 820/1641 Loss: 0.288430
2026-08-18 07:16: Train Epoch 30: 840/1641 Loss: 0.294859
2026-08-18 07:16: Train Epoch 30: 860/1641 Loss: 0.278021
2026-08-18 07:16: Train Epoch 30: 880/1641 Loss: 0.298677
2026-08-18 07:16: Train Epoch 30: 900/1641 Loss: 0.295165
2026-08-18 07:16: Train Epoch 30: 920/1641 Loss: 0.286699
2026-08-18 07:17: Train Epoch 30: 940/1641 Loss: 0.282517
2026-08-18 07:17: Train Epoch 30: 960/1641 Loss: 0.297606
2026-08-18 07:17: Train Epoch 30: 980/1641 Loss: 0.296427
2026-08-18 07:17: Train Epoch 30: 1000/1641 Loss: 0.280952
2026-08-18 07:17: Train Epoch 30: 1020/1641 Loss: 0.303534
2026-08-18 07:17: Train Epoch 30: 1040/1641 Loss: 0.294308
2026-08-18 07:17: Train Epoch 30: 1060/1641 Loss: 0.308017
2026-08-18 07:17: Train Epoch 30: 1080/1641 Loss: 0.294386
2026-08-18 07:17: Train Epoch 30: 1100/1641 Loss: 0.294284
2026-08-18 07:17: Train Epoch 30: 1120/1641 Loss: 0.268643
2026-08-18 07:17: Train Epoch 30: 1140/1641 Loss: 0.277211
2026-08-18 07:17: Train Epoch 30: 1160/1641 Loss: 0.275412
2026-08-18 07:17: Train Epoch 30: 1180/1641 Loss: 0.290723
2026-08-18 07:17: Train Epoch 30: 1200/1641 Loss: 0.294809
2026-08-18 07:17: Train Epoch 30: 1220/1641 Loss: 0.295968
2026-08-18 07:17: Train Epoch 30: 1240/1641 Loss: 0.307393
2026-08-18 07:17: Train Epoch 30: 1260/1641 Loss: 0.310484
2026-08-18 07:17: Train Epoch 30: 1280/1641 Loss: 0.276775
2026-08-18 07:17: Train Epoch 30: 1300/1641 Loss: 0.288485
2026-08-18 07:17: Train Epoch 30: 1320/1641 Loss: 0.284672
2026-08-18 07:17: Train Epoch 30: 1340/1641 Loss: 0.290446
2026-08-18 07:17: Train Epoch 30: 1360/1641 Loss: 0.282964
2026-08-18 07:17: Train Epoch 30: 1380/1641 Loss: 0.292952
2026-08-18 07:17: Train Epoch 30: 1400/1641 Loss: 0.288163
2026-08-18 07:17: Train Epoch 30: 1420/1641 Loss: 0.279095
2026-08-18 07:17: Train Epoch 30: 1440/1641 Loss: 0.293005
2026-08-18 07:17: Train Epoch 30: 1460/1641 Loss: 0.285448
2026-08-18 07:17: Train Epoch 30: 1480/1641 Loss: 0.286265
2026-08-18 07:17: Train Epoch 30: 1500/1641 Loss: 0.282792
2026-08-18 07:17: Train Epoch 30: 1520/1641 Loss: 0.303376
2026-08-18 07:17: Train Epoch 30: 1540/1641 Loss: 0.285181
2026-08-18 07:17: Train Epoch 30: 1560/1641 Loss: 0.281779
2026-08-18 07:17: Train Epoch 30: 1580/1641 Loss: 0.286779
2026-08-18 07:17: Train Epoch 30: 1600/1641 Loss: 0.298098
2026-08-18 07:17: Train Epoch 30: 1620/1641 Loss: 0.297932
2026-08-18 07:17: Train Epoch 30: 1640/1641 Loss: 0.282543
2026-08-18 07:17: **********Train Epoch 30: averaged Loss: 0.291516, tf_ratio: 1.000000
2026-08-18 07:18: **********Val Epoch 30: average Loss: 0.323722
2026-08-18 07:18: Train Epoch 31: 0/1641 Loss: 0.265552
2026-08-18 07:18: Train Epoch 31: 20/1641 Loss: 0.305613
2026-08-18 07:18: Train Epoch 31: 40/1641 Loss: 0.298013
2026-08-18 07:18: Train Epoch 31: 60/1641 Loss: 0.281159
2026-08-18 07:18: Train Epoch 31: 80/1641 Loss: 0.291108
2026-08-18 07:18: Train Epoch 31: 100/1641 Loss: 0.287348
2026-08-18 07:18: Train Epoch 31: 120/1641 Loss: 0.287520
2026-08-18 07:18: Train Epoch 31: 140/1641 Loss: 0.283506
2026-08-18 07:18: Train Epoch 31: 160/1641 Loss: 0.284979
2026-08-18 07:18: Train Epoch 31: 180/1641 Loss: 0.305865
2026-08-18 07:18: Train Epoch 31: 200/1641 Loss: 0.286129
2026-08-18 07:18: Train Epoch 31: 220/1641 Loss: 0.285303
2026-08-18 07:18: Train Epoch 31: 240/1641 Loss: 0.315285
2026-08-18 07:18: Train Epoch 31: 260/1641 Loss: 0.279353
2026-08-18 07:18: Train Epoch 31: 280/1641 Loss: 0.277675
2026-08-18 07:18: Train Epoch 31: 300/1641 Loss: 0.288586
2026-08-18 07:18: Train Epoch 31: 320/1641 Loss: 0.293806
2026-08-18 07:18: Train Epoch 31: 340/1641 Loss: 0.283199
2026-08-18 07:18: Train Epoch 31: 360/1641 Loss: 0.303367
2026-08-18 07:18: Train Epoch 31: 380/1641 Loss: 0.279566
2026-08-18 07:18: Train Epoch 31: 400/1641 Loss: 0.298905
2026-08-18 07:18: Train Epoch 31: 420/1641 Loss: 0.275420
2026-08-18 07:18: Train Epoch 31: 440/1641 Loss: 0.290777
2026-08-18 07:18: Train Epoch 31: 460/1641 Loss: 0.293714
2026-08-18 07:18: Train Epoch 31: 480/1641 Loss: 0.300162
2026-08-18 07:18: Train Epoch 31: 500/1641 Loss: 0.297355
2026-08-18 07:18: Train Epoch 31: 520/1641 Loss: 0.300321
2026-08-18 07:18: Train Epoch 31: 540/1641 Loss: 0.264275
2026-08-18 07:18: Train Epoch 31: 560/1641 Loss: 0.283870
2026-08-18 07:18: Train Epoch 31: 580/1641 Loss: 0.284325
2026-08-18 07:18: Train Epoch 31: 600/1641 Loss: 0.289804
2026-08-18 07:18: Train Epoch 31: 620/1641 Loss: 0.287114
2026-08-18 07:18: Train Epoch 31: 640/1641 Loss: 0.295445
2026-08-18 07:18: Train Epoch 31: 660/1641 Loss: 0.270820
2026-08-18 07:18: Train Epoch 31: 680/1641 Loss: 0.298348
2026-08-18 07:18: Train Epoch 31: 700/1641 Loss: 0.278179
2026-08-18 07:18: Train Epoch 31: 720/1641 Loss: 0.291076
2026-08-18 07:18: Train Epoch 31: 740/1641 Loss: 0.285399
2026-08-18 07:19: Train Epoch 31: 760/1641 Loss: 0.287365
2026-08-18 07:19: Train Epoch 31: 780/1641 Loss: 0.299395
2026-08-18 07:19: Train Epoch 31: 800/1641 Loss: 0.275672
2026-08-18 07:19: Train Epoch 31: 820/1641 Loss: 0.288940
2026-08-18 07:19: Train Epoch 31: 840/1641 Loss: 0.289584
2026-08-18 07:19: Train Epoch 31: 860/1641 Loss: 0.271329
2026-08-18 07:19: Train Epoch 31: 880/1641 Loss: 0.284217
2026-08-18 07:19: Train Epoch 31: 900/1641 Loss: 0.296525
2026-08-18 07:19: Train Epoch 31: 920/1641 Loss: 0.314181
2026-08-18 07:19: Train Epoch 31: 940/1641 Loss: 0.309749
2026-08-18 07:19: Train Epoch 31: 960/1641 Loss: 0.296624
2026-08-18 07:19: Train Epoch 31: 980/1641 Loss: 0.289025
2026-08-18 07:19: Train Epoch 31: 1000/1641 Loss: 0.263467
2026-08-18 07:19: Train Epoch 31: 1020/1641 Loss: 0.284233
2026-08-18 07:19: Train Epoch 31: 1040/1641 Loss: 0.302575
2026-08-18 07:19: Train Epoch 31: 1060/1641 Loss: 0.285770
2026-08-18 07:19: Train Epoch 31: 1080/1641 Loss: 0.286609
2026-08-18 07:19: Train Epoch 31: 1100/1641 Loss: 0.285487
2026-08-18 07:19: Train Epoch 31: 1120/1641 Loss: 0.312089
2026-08-18 07:19: Train Epoch 31: 1140/1641 Loss: 0.290374
2026-08-18 07:19: Train Epoch 31: 1160/1641 Loss: 0.285872
2026-08-18 07:19: Train Epoch 31: 1180/1641 Loss: 0.288898
2026-08-18 07:19: Train Epoch 31: 1200/1641 Loss: 0.279222
2026-08-18 07:19: Train Epoch 31: 1220/1641 Loss: 0.318065
2026-08-18 07:19: Train Epoch 31: 1240/1641 Loss: 0.294145
2026-08-18 07:19: Train Epoch 31: 1260/1641 Loss: 0.278771
2026-08-18 07:19: Train Epoch 31: 1280/1641 Loss: 0.281873
2026-08-18 07:19: Train Epoch 31: 1300/1641 Loss: 0.290315
2026-08-18 07:19: Train Epoch 31: 1320/1641 Loss: 0.295428
2026-08-18 07:19: Train Epoch 31: 1340/1641 Loss: 0.299572
2026-08-18 07:19: Train Epoch 31: 1360/1641 Loss: 0.283754
2026-08-18 07:19: Train Epoch 31: 1380/1641 Loss: 0.300942
2026-08-18 07:19: Train Epoch 31: 1400/1641 Loss: 0.300688
2026-08-18 07:19: Train Epoch 31: 1420/1641 Loss: 0.280320
2026-08-18 07:19: Train Epoch 31: 1440/1641 Loss: 0.281891
2026-08-18 07:19: Train Epoch 31: 1460/1641 Loss: 0.289932
2026-08-18 07:19: Train Epoch 31: 1480/1641 Loss: 0.302645
2026-08-18 07:19: Train Epoch 31: 1500/1641 Loss: 0.315594
2026-08-18 07:19: Train Epoch 31: 1520/1641 Loss: 0.305552
2026-08-18 07:19: Train Epoch 31: 1540/1641 Loss: 0.289739
2026-08-18 07:20: Train Epoch 31: 1560/1641 Loss: 0.294363
2026-08-18 07:20: Train Epoch 31: 1580/1641 Loss: 0.296227
2026-08-18 07:20: Train Epoch 31: 1600/1641 Loss: 0.290917
2026-08-18 07:20: Train Epoch 31: 1620/1641 Loss: 0.280268
2026-08-18 07:20: Train Epoch 31: 1640/1641 Loss: 0.293852
2026-08-18 07:20: **********Train Epoch 31: averaged Loss: 0.290668, tf_ratio: 1.000000
2026-08-18 07:20: **********Val Epoch 31: average Loss: 0.325082
2026-08-18 07:20: Validation performance didn't improve for 15 epochs. Training stops.
2026-08-18 07:20: Total training time: 66.9803min, best loss: 0.318445
2026-08-18 07:20: Saving current best model to /scratch/chkkar002/Diffusion_Based_STGNNs/AGCRN/model/experiments/SAWS/trial15_20260818061317/best_model.pth
2026-08-18 07:20: Horizon 01, MAE: 0.12, RMSE: 0.18, MAPE: 65.5917%
2026-08-18 07:20: Horizon 02, MAE: 0.16, RMSE: 0.23, MAPE: 89.5287%
2026-08-18 07:20: Horizon 03, MAE: 0.19, RMSE: 0.27, MAPE: 103.0125%
2026-08-18 07:20: Horizon 04, MAE: 0.22, RMSE: 0.30, MAPE: 115.9487%
2026-08-18 07:20: Horizon 05, MAE: 0.24, RMSE: 0.32, MAPE: 124.1416%
2026-08-18 07:20: Horizon 06, MAE: 0.25, RMSE: 0.34, MAPE: 132.7645%
2026-08-18 07:20: Horizon 07, MAE: 0.26, RMSE: 0.36, MAPE: 141.1643%
2026-08-18 07:20: Horizon 08, MAE: 0.27, RMSE: 0.37, MAPE: 146.3706%
2026-08-18 07:20: Horizon 09, MAE: 0.28, RMSE: 0.38, MAPE: 146.9772%
2026-08-18 07:20: Horizon 10, MAE: 0.29, RMSE: 0.39, MAPE: 149.9737%
2026-08-18 07:20: Horizon 11, MAE: 0.29, RMSE: 0.40, MAPE: 154.8593%
2026-08-18 07:20: Horizon 12, MAE: 0.30, RMSE: 0.40, MAPE: 154.9379%
2026-08-18 07:20: Horizon 13, MAE: 0.30, RMSE: 0.41, MAPE: 155.2737%
2026-08-18 07:20: Horizon 14, MAE: 0.30, RMSE: 0.41, MAPE: 159.0623%
2026-08-18 07:20: Horizon 15, MAE: 0.31, RMSE: 0.42, MAPE: 162.7010%
2026-08-18 07:20: Horizon 16, MAE: 0.31, RMSE: 0.42, MAPE: 165.0800%
2026-08-18 07:20: Horizon 17, MAE: 0.31, RMSE: 0.42, MAPE: 164.5886%
2026-08-18 07:20: Horizon 18, MAE: 0.31, RMSE: 0.42, MAPE: 163.5743%
2026-08-18 07:20: Horizon 19, MAE: 0.32, RMSE: 0.43, MAPE: 163.3144%
2026-08-18 07:20: Horizon 20, MAE: 0.32, RMSE: 0.43, MAPE: 166.0630%
2026-08-18 07:20: Horizon 21, MAE: 0.32, RMSE: 0.43, MAPE: 167.8537%
2026-08-18 07:20: Horizon 22, MAE: 0.32, RMSE: 0.44, MAPE: 168.3844%
2026-08-18 07:20: Horizon 23, MAE: 0.33, RMSE: 0.44, MAPE: 167.0265%
2026-08-18 07:20: Horizon 24, MAE: 0.33, RMSE: 0.44, MAPE: 167.2789%
2026-08-18 07:20: Horizon 25, MAE: 0.33, RMSE: 0.45, MAPE: 166.5383%
2026-08-18 07:20: Horizon 26, MAE: 0.34, RMSE: 0.46, MAPE: 166.6985%
2026-08-18 07:20: Horizon 27, MAE: 0.35, RMSE: 0.46, MAPE: 169.7092%
2026-08-18 07:20: Horizon 28, MAE: 0.35, RMSE: 0.47, MAPE: 174.1035%
2026-08-18 07:20: Horizon 29, MAE: 0.35, RMSE: 0.48, MAPE: 174.8154%
2026-08-18 07:20: Horizon 30, MAE: 0.36, RMSE: 0.48, MAPE: 176.8788%
2026-08-18 07:20: Horizon 31, MAE: 0.36, RMSE: 0.48, MAPE: 181.2555%
2026-08-18 07:20: Horizon 32, MAE: 0.36, RMSE: 0.49, MAPE: 185.2236%
2026-08-18 07:20: Horizon 33, MAE: 0.37, RMSE: 0.49, MAPE: 185.3210%
2026-08-18 07:20: Horizon 34, MAE: 0.37, RMSE: 0.50, MAPE: 185.5140%
2026-08-18 07:20: Horizon 35, MAE: 0.37, RMSE: 0.50, MAPE: 186.4205%
2026-08-18 07:20: Horizon 36, MAE: 0.37, RMSE: 0.50, MAPE: 187.2891%
2026-08-18 07:20: Horizon 37, MAE: 0.38, RMSE: 0.50, MAPE: 186.4544%
2026-08-18 07:20: Horizon 38, MAE: 0.38, RMSE: 0.51, MAPE: 187.8170%
2026-08-18 07:20: Horizon 39, MAE: 0.38, RMSE: 0.51, MAPE: 189.7190%
2026-08-18 07:20: Horizon 40, MAE: 0.38, RMSE: 0.51, MAPE: 191.8380%
2026-08-18 07:20: Horizon 41, MAE: 0.38, RMSE: 0.51, MAPE: 194.2910%
2026-08-18 07:20: Horizon 42, MAE: 0.38, RMSE: 0.51, MAPE: 197.3848%
2026-08-18 07:20: Horizon 43, MAE: 0.38, RMSE: 0.51, MAPE: 199.4715%
2026-08-18 07:20: Horizon 44, MAE: 0.38, RMSE: 0.51, MAPE: 200.7117%
2026-08-18 07:20: Horizon 45, MAE: 0.39, RMSE: 0.52, MAPE: 201.3431%
2026-08-18 07:20: Horizon 46, MAE: 0.39, RMSE: 0.52, MAPE: 201.1163%
2026-08-18 07:20: Horizon 47, MAE: 0.39, RMSE: 0.52, MAPE: 200.1368%
2026-08-18 07:20: Horizon 48, MAE: 0.39, RMSE: 0.52, MAPE: 200.4983%
2026-08-18 07:20: Average Horizon, MAE: 0.32, RMSE: 0.44, MAPE: 166.3801%
