2026-08-20 05:12: Experiment log path in: /scratch/chkkar002/Diffusion_Based_STGNNs/AGCRN/model/experiments/SAWS/20260820051255
2026-08-20 05:12: Train Epoch 1: 0/1641 Loss: 0.926284
2026-08-20 05:13: Train Epoch 1: 20/1641 Loss: 0.894809
2026-08-20 05:13: Train Epoch 1: 40/1641 Loss: 0.904683
2026-08-20 05:13: Train Epoch 1: 60/1641 Loss: 0.832522
2026-08-20 05:13: Train Epoch 1: 80/1641 Loss: 0.760875
2026-08-20 05:13: Train Epoch 1: 100/1641 Loss: 0.792623
2026-08-20 05:13: Train Epoch 1: 120/1641 Loss: 0.815531
2026-08-20 05:13: Train Epoch 1: 140/1641 Loss: 0.736834
2026-08-20 05:13: Train Epoch 1: 160/1641 Loss: 0.716444
2026-08-20 05:13: Train Epoch 1: 180/1641 Loss: 0.751021
2026-08-20 05:13: Train Epoch 1: 200/1641 Loss: 0.737123
2026-08-20 05:13: Train Epoch 1: 220/1641 Loss: 0.676403
2026-08-20 05:13: Train Epoch 1: 240/1641 Loss: 0.757156
2026-08-20 05:13: Train Epoch 1: 260/1641 Loss: 0.710945
2026-08-20 05:13: Train Epoch 1: 280/1641 Loss: 0.720258
2026-08-20 05:13: Train Epoch 1: 300/1641 Loss: 0.653549
2026-08-20 05:13: Train Epoch 1: 320/1641 Loss: 0.643889
2026-08-20 05:13: Train Epoch 1: 340/1641 Loss: 0.563612
2026-08-20 05:13: Train Epoch 1: 360/1641 Loss: 0.574081
2026-08-20 05:13: Train Epoch 1: 380/1641 Loss: 0.529970
2026-08-20 05:13: Train Epoch 1: 400/1641 Loss: 0.528160
2026-08-20 05:13: Train Epoch 1: 420/1641 Loss: 0.533330
2026-08-20 05:13: Train Epoch 1: 440/1641 Loss: 0.488292
2026-08-20 05:14: Train Epoch 1: 460/1641 Loss: 0.511636
2026-08-20 05:14: Train Epoch 1: 480/1641 Loss: 0.471993
2026-08-20 05:14: Train Epoch 1: 500/1641 Loss: 0.489169
2026-08-20 05:14: Train Epoch 1: 520/1641 Loss: 0.489659
2026-08-20 05:14: Train Epoch 1: 540/1641 Loss: 0.492004
2026-08-20 05:14: Train Epoch 1: 560/1641 Loss: 0.503347
2026-08-20 05:14: Train Epoch 1: 580/1641 Loss: 0.428124
2026-08-20 05:14: Train Epoch 1: 600/1641 Loss: 0.486149
2026-08-20 05:14: Train Epoch 1: 620/1641 Loss: 0.490247
2026-08-20 05:14: Train Epoch 1: 640/1641 Loss: 0.502935
2026-08-20 05:14: Train Epoch 1: 660/1641 Loss: 0.513421
2026-08-20 05:14: Train Epoch 1: 680/1641 Loss: 0.477293
2026-08-20 05:14: Train Epoch 1: 700/1641 Loss: 0.495401
2026-08-20 05:14: Train Epoch 1: 720/1641 Loss: 0.490841
2026-08-20 05:14: Train Epoch 1: 740/1641 Loss: 0.488591
2026-08-20 05:14: Train Epoch 1: 760/1641 Loss: 0.448693
2026-08-20 05:14: Train Epoch 1: 780/1641 Loss: 0.478147
2026-08-20 05:14: Train Epoch 1: 800/1641 Loss: 0.475381
2026-08-20 05:14: Train Epoch 1: 820/1641 Loss: 0.486323
2026-08-20 05:14: Train Epoch 1: 840/1641 Loss: 0.524592
2026-08-20 05:14: Train Epoch 1: 860/1641 Loss: 0.472690
2026-08-20 05:14: Train Epoch 1: 880/1641 Loss: 0.482018
2026-08-20 05:14: Train Epoch 1: 900/1641 Loss: 0.459580
2026-08-20 05:15: Train Epoch 1: 920/1641 Loss: 0.448463
2026-08-20 05:15: Train Epoch 1: 940/1641 Loss: 0.444806
2026-08-20 05:15: Train Epoch 1: 960/1641 Loss: 0.442897
2026-08-20 05:15: Train Epoch 1: 980/1641 Loss: 0.488268
2026-08-20 05:15: Train Epoch 1: 1000/1641 Loss: 0.454615
2026-08-20 05:15: Train Epoch 1: 1020/1641 Loss: 0.487263
2026-08-20 05:15: Train Epoch 1: 1040/1641 Loss: 0.465507
2026-08-20 05:15: Train Epoch 1: 1060/1641 Loss: 0.476061
2026-08-20 05:15: Train Epoch 1: 1080/1641 Loss: 0.439453
2026-08-20 05:15: Train Epoch 1: 1100/1641 Loss: 0.467350
2026-08-20 05:15: Train Epoch 1: 1120/1641 Loss: 0.488444
2026-08-20 05:15: Train Epoch 1: 1140/1641 Loss: 0.437136
2026-08-20 05:15: Train Epoch 1: 1160/1641 Loss: 0.472002
2026-08-20 05:15: Train Epoch 1: 1180/1641 Loss: 0.508907
2026-08-20 05:15: Train Epoch 1: 1200/1641 Loss: 0.439651
2026-08-20 05:15: Train Epoch 1: 1220/1641 Loss: 0.468812
2026-08-20 05:15: Train Epoch 1: 1240/1641 Loss: 0.456523
2026-08-20 05:15: Train Epoch 1: 1260/1641 Loss: 0.440973
2026-08-20 05:15: Train Epoch 1: 1280/1641 Loss: 0.444963
2026-08-20 05:15: Train Epoch 1: 1300/1641 Loss: 0.461686
2026-08-20 05:15: Train Epoch 1: 1320/1641 Loss: 0.479733
2026-08-20 05:15: Train Epoch 1: 1340/1641 Loss: 0.472964
2026-08-20 05:16: Train Epoch 1: 1360/1641 Loss: 0.428637
2026-08-20 05:16: Train Epoch 1: 1380/1641 Loss: 0.478629
2026-08-20 05:16: Train Epoch 1: 1400/1641 Loss: 0.456348
2026-08-20 05:16: Train Epoch 1: 1420/1641 Loss: 0.428090
2026-08-20 05:16: Train Epoch 1: 1440/1641 Loss: 0.437280
2026-08-20 05:16: Train Epoch 1: 1460/1641 Loss: 0.449112
2026-08-20 05:16: Train Epoch 1: 1480/1641 Loss: 0.443094
2026-08-20 05:16: Train Epoch 1: 1500/1641 Loss: 0.443594
2026-08-20 05:16: Train Epoch 1: 1520/1641 Loss: 0.475550
2026-08-20 05:16: Train Epoch 1: 1540/1641 Loss: 0.439069
2026-08-20 05:16: Train Epoch 1: 1560/1641 Loss: 0.443342
2026-08-20 05:16: Train Epoch 1: 1580/1641 Loss: 0.468364
2026-08-20 05:16: Train Epoch 1: 1600/1641 Loss: 0.438068
2026-08-20 05:16: Train Epoch 1: 1620/1641 Loss: 0.404695
2026-08-20 05:16: Train Epoch 1: 1640/1641 Loss: 0.457486
2026-08-20 05:16: **********Train Epoch 1: averaged Loss: 0.535220, tf_ratio: 1.000000
2026-08-20 05:16: **********Val Epoch 1: average Loss: 0.428728
2026-08-20 05:16: *********************************Current best model saved!
2026-08-20 05:16: Train Epoch 2: 0/1641 Loss: 0.432356
2026-08-20 05:17: Train Epoch 2: 20/1641 Loss: 0.448305
2026-08-20 05:17: Train Epoch 2: 40/1641 Loss: 0.423958
2026-08-20 05:17: Train Epoch 2: 60/1641 Loss: 0.416263
2026-08-20 05:17: Train Epoch 2: 80/1641 Loss: 0.451322
2026-08-20 05:17: Train Epoch 2: 100/1641 Loss: 0.483878
2026-08-20 05:17: Train Epoch 2: 120/1641 Loss: 0.421194
2026-08-20 05:17: Train Epoch 2: 140/1641 Loss: 0.413168
2026-08-20 05:17: Train Epoch 2: 160/1641 Loss: 0.461514
2026-08-20 05:17: Train Epoch 2: 180/1641 Loss: 0.466683
2026-08-20 05:17: Train Epoch 2: 200/1641 Loss: 0.403927
2026-08-20 05:17: Train Epoch 2: 220/1641 Loss: 0.459627
2026-08-20 05:17: Train Epoch 2: 240/1641 Loss: 0.427145
2026-08-20 05:17: Train Epoch 2: 260/1641 Loss: 0.455051
2026-08-20 05:17: Train Epoch 2: 280/1641 Loss: 0.440515
2026-08-20 05:17: Train Epoch 2: 300/1641 Loss: 0.474210
2026-08-20 05:17: Train Epoch 2: 320/1641 Loss: 0.482830
2026-08-20 05:17: Train Epoch 2: 340/1641 Loss: 0.425644
2026-08-20 05:17: Train Epoch 2: 360/1641 Loss: 0.442006
2026-08-20 05:17: Train Epoch 2: 380/1641 Loss: 0.471942
2026-08-20 05:17: Train Epoch 2: 400/1641 Loss: 0.463808
2026-08-20 05:17: Train Epoch 2: 420/1641 Loss: 0.447383
2026-08-20 05:17: Train Epoch 2: 440/1641 Loss: 0.456708
2026-08-20 05:18: Train Epoch 2: 460/1641 Loss: 0.481275
2026-08-20 05:18: Train Epoch 2: 480/1641 Loss: 0.408152
2026-08-20 05:18: Train Epoch 2: 500/1641 Loss: 0.450514
2026-08-20 05:18: Train Epoch 2: 520/1641 Loss: 0.422079
2026-08-20 05:18: Train Epoch 2: 540/1641 Loss: 0.435311
2026-08-20 05:18: Train Epoch 2: 560/1641 Loss: 0.433345
2026-08-20 05:18: Train Epoch 2: 580/1641 Loss: 0.429663
2026-08-20 05:18: Train Epoch 2: 600/1641 Loss: 0.431240
2026-08-20 05:18: Train Epoch 2: 620/1641 Loss: 0.449172
2026-08-20 05:18: Train Epoch 2: 640/1641 Loss: 0.420517
2026-08-20 05:18: Train Epoch 2: 660/1641 Loss: 0.436707
2026-08-20 05:18: Train Epoch 2: 680/1641 Loss: 0.409542
2026-08-20 05:18: Train Epoch 2: 700/1641 Loss: 0.423275
2026-08-20 05:18: Train Epoch 2: 720/1641 Loss: 0.413312
2026-08-20 05:18: Train Epoch 2: 740/1641 Loss: 0.419461
2026-08-20 05:18: Train Epoch 2: 760/1641 Loss: 0.453107
2026-08-20 05:18: Train Epoch 2: 780/1641 Loss: 0.451073
2026-08-20 05:18: Train Epoch 2: 800/1641 Loss: 0.404052
2026-08-20 05:18: Train Epoch 2: 820/1641 Loss: 0.483041
2026-08-20 05:18: Train Epoch 2: 840/1641 Loss: 0.435406
2026-08-20 05:18: Train Epoch 2: 860/1641 Loss: 0.452445
2026-08-20 05:18: Train Epoch 2: 880/1641 Loss: 0.470719
2026-08-20 05:19: Train Epoch 2: 900/1641 Loss: 0.457628
2026-08-20 05:19: Train Epoch 2: 920/1641 Loss: 0.427165
2026-08-20 05:19: Train Epoch 2: 940/1641 Loss: 0.449600
2026-08-20 05:19: Train Epoch 2: 960/1641 Loss: 0.384788
2026-08-20 05:19: Train Epoch 2: 980/1641 Loss: 0.440077
2026-08-20 05:19: Train Epoch 2: 1000/1641 Loss: 0.478913
2026-08-20 05:19: Train Epoch 2: 1020/1641 Loss: 0.494745
2026-08-20 05:19: Train Epoch 2: 1040/1641 Loss: 0.437694
2026-08-20 05:19: Train Epoch 2: 1060/1641 Loss: 0.455229
2026-08-20 05:19: Train Epoch 2: 1080/1641 Loss: 0.432165
2026-08-20 05:19: Train Epoch 2: 1100/1641 Loss: 0.406034
2026-08-20 05:19: Train Epoch 2: 1120/1641 Loss: 0.462351
2026-08-20 05:19: Train Epoch 2: 1140/1641 Loss: 0.434728
2026-08-20 05:19: Train Epoch 2: 1160/1641 Loss: 0.430105
2026-08-20 05:19: Train Epoch 2: 1180/1641 Loss: 0.418547
2026-08-20 05:19: Train Epoch 2: 1200/1641 Loss: 0.465572
2026-08-20 05:19: Train Epoch 2: 1220/1641 Loss: 0.427407
2026-08-20 05:19: Train Epoch 2: 1240/1641 Loss: 0.430080
2026-08-20 05:19: Train Epoch 2: 1260/1641 Loss: 0.449139
2026-08-20 05:19: Train Epoch 2: 1280/1641 Loss: 0.427047
2026-08-20 05:19: Train Epoch 2: 1300/1641 Loss: 0.438704
2026-08-20 05:19: Train Epoch 2: 1320/1641 Loss: 0.434815
2026-08-20 05:20: Train Epoch 2: 1340/1641 Loss: 0.446486
2026-08-20 05:20: Train Epoch 2: 1360/1641 Loss: 0.412288
2026-08-20 05:20: Train Epoch 2: 1380/1641 Loss: 0.468227
2026-08-20 05:20: Train Epoch 2: 1400/1641 Loss: 0.442104
2026-08-20 05:20: Train Epoch 2: 1420/1641 Loss: 0.436401
2026-08-20 05:20: Train Epoch 2: 1440/1641 Loss: 0.405880
2026-08-20 05:20: Train Epoch 2: 1460/1641 Loss: 0.458264
2026-08-20 05:20: Train Epoch 2: 1480/1641 Loss: 0.434167
2026-08-20 05:20: Train Epoch 2: 1500/1641 Loss: 0.419221
2026-08-20 05:20: Train Epoch 2: 1520/1641 Loss: 0.445576
2026-08-20 05:20: Train Epoch 2: 1540/1641 Loss: 0.430955
2026-08-20 05:20: Train Epoch 2: 1560/1641 Loss: 0.408482
2026-08-20 05:20: Train Epoch 2: 1580/1641 Loss: 0.428658
2026-08-20 05:20: Train Epoch 2: 1600/1641 Loss: 0.429981
2026-08-20 05:20: Train Epoch 2: 1620/1641 Loss: 0.454136
2026-08-20 05:20: Train Epoch 2: 1640/1641 Loss: 0.458145
2026-08-20 05:20: **********Train Epoch 2: averaged Loss: 0.442402, tf_ratio: 1.000000
2026-08-20 05:21: **********Val Epoch 2: average Loss: 0.416246
2026-08-20 05:21: *********************************Current best model saved!
2026-08-20 05:21: Train Epoch 3: 0/1641 Loss: 0.442620
2026-08-20 05:21: Train Epoch 3: 20/1641 Loss: 0.456992
2026-08-20 05:21: Train Epoch 3: 40/1641 Loss: 0.428077
2026-08-20 05:21: Train Epoch 3: 60/1641 Loss: 0.440359
2026-08-20 05:21: Train Epoch 3: 80/1641 Loss: 0.427007
2026-08-20 05:21: Train Epoch 3: 100/1641 Loss: 0.421689
2026-08-20 05:21: Train Epoch 3: 120/1641 Loss: 0.456624
2026-08-20 05:21: Train Epoch 3: 140/1641 Loss: 0.433645
2026-08-20 05:21: Train Epoch 3: 160/1641 Loss: 0.445976
2026-08-20 05:21: Train Epoch 3: 180/1641 Loss: 0.410197
2026-08-20 05:21: Train Epoch 3: 200/1641 Loss: 0.403094
2026-08-20 05:21: Train Epoch 3: 220/1641 Loss: 0.439182
2026-08-20 05:21: Train Epoch 3: 240/1641 Loss: 0.415891
2026-08-20 05:21: Train Epoch 3: 260/1641 Loss: 0.458349
2026-08-20 05:21: Train Epoch 3: 280/1641 Loss: 0.414070
2026-08-20 05:21: Train Epoch 3: 300/1641 Loss: 0.406470
2026-08-20 05:21: Train Epoch 3: 320/1641 Loss: 0.440291
2026-08-20 05:21: Train Epoch 3: 340/1641 Loss: 0.437182
2026-08-20 05:21: Train Epoch 3: 360/1641 Loss: 0.432117
2026-08-20 05:21: Train Epoch 3: 380/1641 Loss: 0.435763
2026-08-20 05:21: Train Epoch 3: 400/1641 Loss: 0.432498
2026-08-20 05:22: Train Epoch 3: 420/1641 Loss: 0.438751
2026-08-20 05:22: Train Epoch 3: 440/1641 Loss: 0.428455
2026-08-20 05:22: Train Epoch 3: 460/1641 Loss: 0.462892
2026-08-20 05:22: Train Epoch 3: 480/1641 Loss: 0.408314
2026-08-20 05:22: Train Epoch 3: 500/1641 Loss: 0.392361
2026-08-20 05:22: Train Epoch 3: 520/1641 Loss: 0.420335
2026-08-20 05:22: Train Epoch 3: 540/1641 Loss: 0.445744
2026-08-20 05:22: Train Epoch 3: 560/1641 Loss: 0.419945
2026-08-20 05:22: Train Epoch 3: 580/1641 Loss: 0.405347
2026-08-20 05:22: Train Epoch 3: 600/1641 Loss: 0.426862
2026-08-20 05:22: Train Epoch 3: 620/1641 Loss: 0.417904
2026-08-20 05:22: Train Epoch 3: 640/1641 Loss: 0.426292
2026-08-20 05:22: Train Epoch 3: 660/1641 Loss: 0.452448
2026-08-20 05:22: Train Epoch 3: 680/1641 Loss: 0.388534
2026-08-20 05:22: Train Epoch 3: 700/1641 Loss: 0.411701
2026-08-20 05:22: Train Epoch 3: 720/1641 Loss: 0.431406
2026-08-20 05:22: Train Epoch 3: 740/1641 Loss: 0.428913
2026-08-20 05:22: Train Epoch 3: 760/1641 Loss: 0.440371
2026-08-20 05:22: Train Epoch 3: 780/1641 Loss: 0.448364
2026-08-20 05:22: Train Epoch 3: 800/1641 Loss: 0.445834
2026-08-20 05:22: Train Epoch 3: 820/1641 Loss: 0.442741
2026-08-20 05:23: Train Epoch 3: 840/1641 Loss: 0.405996
2026-08-20 05:23: Train Epoch 3: 860/1641 Loss: 0.429549
2026-08-20 05:23: Train Epoch 3: 880/1641 Loss: 0.452620
2026-08-20 05:23: Train Epoch 3: 900/1641 Loss: 0.438381
2026-08-20 05:23: Train Epoch 3: 920/1641 Loss: 0.463964
2026-08-20 05:23: Train Epoch 3: 940/1641 Loss: 0.408486
2026-08-20 05:23: Train Epoch 3: 960/1641 Loss: 0.425720
2026-08-20 05:23: Train Epoch 3: 980/1641 Loss: 0.467783
2026-08-20 05:23: Train Epoch 3: 1000/1641 Loss: 0.409840
2026-08-20 05:23: Train Epoch 3: 1020/1641 Loss: 0.413658
2026-08-20 05:23: Train Epoch 3: 1040/1641 Loss: 0.443682
2026-08-20 05:23: Train Epoch 3: 1060/1641 Loss: 0.408730
2026-08-20 05:23: Train Epoch 3: 1080/1641 Loss: 0.431274
2026-08-20 05:23: Train Epoch 3: 1100/1641 Loss: 0.419527
2026-08-20 05:23: Train Epoch 3: 1120/1641 Loss: 0.437266
2026-08-20 05:23: Train Epoch 3: 1140/1641 Loss: 0.435681
2026-08-20 05:23: Train Epoch 3: 1160/1641 Loss: 0.450738
2026-08-20 05:23: Train Epoch 3: 1180/1641 Loss: 0.423436
2026-08-20 05:23: Train Epoch 3: 1200/1641 Loss: 0.416097
2026-08-20 05:23: Train Epoch 3: 1220/1641 Loss: 0.387574
2026-08-20 05:23: Train Epoch 3: 1240/1641 Loss: 0.413213
2026-08-20 05:23: Train Epoch 3: 1260/1641 Loss: 0.412822
2026-08-20 05:24: Train Epoch 3: 1280/1641 Loss: 0.413580
2026-08-20 05:24: Train Epoch 3: 1300/1641 Loss: 0.464502
2026-08-20 05:24: Train Epoch 3: 1320/1641 Loss: 0.436415
2026-08-20 05:24: Train Epoch 3: 1340/1641 Loss: 0.418553
2026-08-20 05:24: Train Epoch 3: 1360/1641 Loss: 0.389652
2026-08-20 05:24: Train Epoch 3: 1380/1641 Loss: 0.453918
2026-08-20 05:24: Train Epoch 3: 1400/1641 Loss: 0.449509
2026-08-20 05:24: Train Epoch 3: 1420/1641 Loss: 0.410780
2026-08-20 05:24: Train Epoch 3: 1440/1641 Loss: 0.385870
2026-08-20 05:24: Train Epoch 3: 1460/1641 Loss: 0.426513
2026-08-20 05:24: Train Epoch 3: 1480/1641 Loss: 0.412354
2026-08-20 05:24: Train Epoch 3: 1500/1641 Loss: 0.429071
2026-08-20 05:24: Train Epoch 3: 1520/1641 Loss: 0.384377
2026-08-20 05:24: Train Epoch 3: 1540/1641 Loss: 0.459631
2026-08-20 05:24: Train Epoch 3: 1560/1641 Loss: 0.430744
2026-08-20 05:24: Train Epoch 3: 1580/1641 Loss: 0.462487
2026-08-20 05:24: Train Epoch 3: 1600/1641 Loss: 0.397594
2026-08-20 05:24: Train Epoch 3: 1620/1641 Loss: 0.430947
2026-08-20 05:24: Train Epoch 3: 1640/1641 Loss: 0.419989
2026-08-20 05:24: **********Train Epoch 3: averaged Loss: 0.430077, tf_ratio: 1.000000
2026-08-20 05:25: **********Val Epoch 3: average Loss: 0.409272
2026-08-20 05:25: *********************************Current best model saved!
2026-08-20 05:25: Train Epoch 4: 0/1641 Loss: 0.418520
2026-08-20 05:25: Train Epoch 4: 20/1641 Loss: 0.416379
2026-08-20 05:25: Train Epoch 4: 40/1641 Loss: 0.395400
2026-08-20 05:25: Train Epoch 4: 60/1641 Loss: 0.382798
2026-08-20 05:25: Train Epoch 4: 80/1641 Loss: 0.419268
2026-08-20 05:25: Train Epoch 4: 100/1641 Loss: 0.453016
2026-08-20 05:25: Train Epoch 4: 120/1641 Loss: 0.429308
2026-08-20 05:25: Train Epoch 4: 140/1641 Loss: 0.438674
2026-08-20 05:25: Train Epoch 4: 160/1641 Loss: 0.403827
2026-08-20 05:25: Train Epoch 4: 180/1641 Loss: 0.389104
2026-08-20 05:25: Train Epoch 4: 200/1641 Loss: 0.455441
2026-08-20 05:25: Train Epoch 4: 220/1641 Loss: 0.428421
2026-08-20 05:25: Train Epoch 4: 240/1641 Loss: 0.409282
2026-08-20 05:25: Train Epoch 4: 260/1641 Loss: 0.418835
2026-08-20 05:25: Train Epoch 4: 280/1641 Loss: 0.436141
2026-08-20 05:25: Train Epoch 4: 300/1641 Loss: 0.431805
2026-08-20 05:25: Train Epoch 4: 320/1641 Loss: 0.423436
2026-08-20 05:25: Train Epoch 4: 340/1641 Loss: 0.407776
2026-08-20 05:25: Train Epoch 4: 360/1641 Loss: 0.434328
2026-08-20 05:26: Train Epoch 4: 380/1641 Loss: 0.454654
2026-08-20 05:26: Train Epoch 4: 400/1641 Loss: 0.431227
2026-08-20 05:26: Train Epoch 4: 420/1641 Loss: 0.416239
2026-08-20 05:26: Train Epoch 4: 440/1641 Loss: 0.417682
2026-08-20 05:26: Train Epoch 4: 460/1641 Loss: 0.398946
2026-08-20 05:26: Train Epoch 4: 480/1641 Loss: 0.472454
2026-08-20 05:26: Train Epoch 4: 500/1641 Loss: 0.418884
2026-08-20 05:26: Train Epoch 4: 520/1641 Loss: 0.427868
2026-08-20 05:26: Train Epoch 4: 540/1641 Loss: 0.424217
2026-08-20 05:26: Train Epoch 4: 560/1641 Loss: 0.415740
2026-08-20 05:26: Train Epoch 4: 580/1641 Loss: 0.385368
2026-08-20 05:26: Train Epoch 4: 600/1641 Loss: 0.419582
2026-08-20 05:26: Train Epoch 4: 620/1641 Loss: 0.416956
2026-08-20 05:26: Train Epoch 4: 640/1641 Loss: 0.442853
2026-08-20 05:26: Train Epoch 4: 660/1641 Loss: 0.417080
2026-08-20 05:26: Train Epoch 4: 680/1641 Loss: 0.443007
2026-08-20 05:26: Train Epoch 4: 700/1641 Loss: 0.458339
2026-08-20 05:26: Train Epoch 4: 720/1641 Loss: 0.433506
2026-08-20 05:26: Train Epoch 4: 740/1641 Loss: 0.408162
2026-08-20 05:26: Train Epoch 4: 760/1641 Loss: 0.436197
2026-08-20 05:26: Train Epoch 4: 780/1641 Loss: 0.377999
2026-08-20 05:26: Train Epoch 4: 800/1641 Loss: 0.410665
2026-08-20 05:27: Train Epoch 4: 820/1641 Loss: 0.414417
2026-08-20 05:27: Train Epoch 4: 840/1641 Loss: 0.426122
2026-08-20 05:27: Train Epoch 4: 860/1641 Loss: 0.402061
2026-08-20 05:27: Train Epoch 4: 880/1641 Loss: 0.435537
2026-08-20 05:27: Train Epoch 4: 900/1641 Loss: 0.399941
2026-08-20 05:27: Train Epoch 4: 920/1641 Loss: 0.428213
2026-08-20 05:27: Train Epoch 4: 940/1641 Loss: 0.439500
2026-08-20 05:27: Train Epoch 4: 960/1641 Loss: 0.415003
2026-08-20 05:27: Train Epoch 4: 980/1641 Loss: 0.396651
2026-08-20 05:27: Train Epoch 4: 1000/1641 Loss: 0.400750
2026-08-20 05:27: Train Epoch 4: 1020/1641 Loss: 0.423844
2026-08-20 05:27: Train Epoch 4: 1040/1641 Loss: 0.388733
2026-08-20 05:27: Train Epoch 4: 1060/1641 Loss: 0.443487
2026-08-20 05:27: Train Epoch 4: 1080/1641 Loss: 0.434229
2026-08-20 05:27: Train Epoch 4: 1100/1641 Loss: 0.448544
2026-08-20 05:27: Train Epoch 4: 1120/1641 Loss: 0.443279
2026-08-20 05:27: Train Epoch 4: 1140/1641 Loss: 0.444712
2026-08-20 05:27: Train Epoch 4: 1160/1641 Loss: 0.395351
2026-08-20 05:27: Train Epoch 4: 1180/1641 Loss: 0.444113
2026-08-20 05:27: Train Epoch 4: 1200/1641 Loss: 0.423466
2026-08-20 05:27: Train Epoch 4: 1220/1641 Loss: 0.390619
2026-08-20 05:27: Train Epoch 4: 1240/1641 Loss: 0.373396
2026-08-20 05:28: Train Epoch 4: 1260/1641 Loss: 0.415088
2026-08-20 05:28: Train Epoch 4: 1280/1641 Loss: 0.474315
2026-08-20 05:28: Train Epoch 4: 1300/1641 Loss: 0.416087
2026-08-20 05:28: Train Epoch 4: 1320/1641 Loss: 0.426410
2026-08-20 05:28: Train Epoch 4: 1340/1641 Loss: 0.410532
2026-08-20 05:28: Train Epoch 4: 1360/1641 Loss: 0.418173
2026-08-20 05:28: Train Epoch 4: 1380/1641 Loss: 0.447229
2026-08-20 05:28: Train Epoch 4: 1400/1641 Loss: 0.427952
2026-08-20 05:28: Train Epoch 4: 1420/1641 Loss: 0.393171
2026-08-20 05:28: Train Epoch 4: 1440/1641 Loss: 0.399497
2026-08-20 05:28: Train Epoch 4: 1460/1641 Loss: 0.436524
2026-08-20 05:28: Train Epoch 4: 1480/1641 Loss: 0.413335
2026-08-20 05:28: Train Epoch 4: 1500/1641 Loss: 0.419561
2026-08-20 05:28: Train Epoch 4: 1520/1641 Loss: 0.410548
2026-08-20 05:28: Train Epoch 4: 1540/1641 Loss: 0.451446
2026-08-20 05:28: Train Epoch 4: 1560/1641 Loss: 0.407365
2026-08-20 05:28: Train Epoch 4: 1580/1641 Loss: 0.411182
2026-08-20 05:28: Train Epoch 4: 1600/1641 Loss: 0.449467
2026-08-20 05:28: Train Epoch 4: 1620/1641 Loss: 0.424600
2026-08-20 05:28: Train Epoch 4: 1640/1641 Loss: 0.439212
2026-08-20 05:28: **********Train Epoch 4: averaged Loss: 0.422072, tf_ratio: 1.000000
2026-08-20 05:29: **********Val Epoch 4: average Loss: 0.407094
2026-08-20 05:29: *********************************Current best model saved!
2026-08-20 05:29: Train Epoch 5: 0/1641 Loss: 0.422718
2026-08-20 05:29: Train Epoch 5: 20/1641 Loss: 0.423448
2026-08-20 05:29: Train Epoch 5: 40/1641 Loss: 0.400227
2026-08-20 05:29: Train Epoch 5: 60/1641 Loss: 0.453243
2026-08-20 05:29: Train Epoch 5: 80/1641 Loss: 0.404110
2026-08-20 05:29: Train Epoch 5: 100/1641 Loss: 0.445643
2026-08-20 05:29: Train Epoch 5: 120/1641 Loss: 0.409701
2026-08-20 05:29: Train Epoch 5: 140/1641 Loss: 0.392739
2026-08-20 05:29: Train Epoch 5: 160/1641 Loss: 0.431251
2026-08-20 05:29: Train Epoch 5: 180/1641 Loss: 0.420023
2026-08-20 05:29: Train Epoch 5: 200/1641 Loss: 0.422292
2026-08-20 05:29: Train Epoch 5: 220/1641 Loss: 0.403790
2026-08-20 05:29: Train Epoch 5: 240/1641 Loss: 0.394248
2026-08-20 05:29: Train Epoch 5: 260/1641 Loss: 0.404185
2026-08-20 05:29: Train Epoch 5: 280/1641 Loss: 0.433693
2026-08-20 05:29: Train Epoch 5: 300/1641 Loss: 0.442677
2026-08-20 05:29: Train Epoch 5: 320/1641 Loss: 0.428372
2026-08-20 05:29: Train Epoch 5: 340/1641 Loss: 0.408335
2026-08-20 05:30: Train Epoch 5: 360/1641 Loss: 0.403859
2026-08-20 05:30: Train Epoch 5: 380/1641 Loss: 0.425641
2026-08-20 05:30: Train Epoch 5: 400/1641 Loss: 0.406481
2026-08-20 05:30: Train Epoch 5: 420/1641 Loss: 0.379696
2026-08-20 05:30: Train Epoch 5: 440/1641 Loss: 0.430363
2026-08-20 05:30: Train Epoch 5: 460/1641 Loss: 0.421828
2026-08-20 05:30: Train Epoch 5: 480/1641 Loss: 0.408707
2026-08-20 05:30: Train Epoch 5: 500/1641 Loss: 0.428332
2026-08-20 05:30: Train Epoch 5: 520/1641 Loss: 0.398380
2026-08-20 05:30: Train Epoch 5: 540/1641 Loss: 0.403558
2026-08-20 05:30: Train Epoch 5: 560/1641 Loss: 0.412771
2026-08-20 05:30: Train Epoch 5: 580/1641 Loss: 0.415208
2026-08-20 05:30: Train Epoch 5: 600/1641 Loss: 0.396985
2026-08-20 05:30: Train Epoch 5: 620/1641 Loss: 0.440109
2026-08-20 05:30: Train Epoch 5: 640/1641 Loss: 0.413874
2026-08-20 05:30: Train Epoch 5: 660/1641 Loss: 0.416356
2026-08-20 05:30: Train Epoch 5: 680/1641 Loss: 0.397371
2026-08-20 05:30: Train Epoch 5: 700/1641 Loss: 0.399806
2026-08-20 05:30: Train Epoch 5: 720/1641 Loss: 0.435643
2026-08-20 05:30: Train Epoch 5: 740/1641 Loss: 0.385830
2026-08-20 05:30: Train Epoch 5: 760/1641 Loss: 0.413145
2026-08-20 05:30: Train Epoch 5: 780/1641 Loss: 0.376687
2026-08-20 05:31: Train Epoch 5: 800/1641 Loss: 0.417967
2026-08-20 05:31: Train Epoch 5: 820/1641 Loss: 0.414088
2026-08-20 05:31: Train Epoch 5: 840/1641 Loss: 0.420185
2026-08-20 05:31: Train Epoch 5: 860/1641 Loss: 0.401207
2026-08-20 05:31: Train Epoch 5: 880/1641 Loss: 0.422284
2026-08-20 05:31: Train Epoch 5: 900/1641 Loss: 0.408776
2026-08-20 05:31: Train Epoch 5: 920/1641 Loss: 0.454679
2026-08-20 05:31: Train Epoch 5: 940/1641 Loss: 0.405834
2026-08-20 05:31: Train Epoch 5: 960/1641 Loss: 0.430548
2026-08-20 05:31: Train Epoch 5: 980/1641 Loss: 0.429378
2026-08-20 05:31: Train Epoch 5: 1000/1641 Loss: 0.419271
2026-08-20 05:31: Train Epoch 5: 1020/1641 Loss: 0.429173
2026-08-20 05:31: Train Epoch 5: 1040/1641 Loss: 0.416019
2026-08-20 05:31: Train Epoch 5: 1060/1641 Loss: 0.417543
2026-08-20 05:31: Train Epoch 5: 1080/1641 Loss: 0.398247
2026-08-20 05:31: Train Epoch 5: 1100/1641 Loss: 0.419283
2026-08-20 05:31: Train Epoch 5: 1120/1641 Loss: 0.417239
2026-08-20 05:31: Train Epoch 5: 1140/1641 Loss: 0.406947
2026-08-20 05:31: Train Epoch 5: 1160/1641 Loss: 0.384715
2026-08-20 05:31: Train Epoch 5: 1180/1641 Loss: 0.406212
2026-08-20 05:31: Train Epoch 5: 1200/1641 Loss: 0.408823
2026-08-20 05:31: Train Epoch 5: 1220/1641 Loss: 0.401338
2026-08-20 05:32: Train Epoch 5: 1240/1641 Loss: 0.419549
2026-08-20 05:32: Train Epoch 5: 1260/1641 Loss: 0.416329
2026-08-20 05:32: Train Epoch 5: 1280/1641 Loss: 0.401271
2026-08-20 05:32: Train Epoch 5: 1300/1641 Loss: 0.419813
2026-08-20 05:32: Train Epoch 5: 1320/1641 Loss: 0.420632
2026-08-20 05:32: Train Epoch 5: 1340/1641 Loss: 0.384191
2026-08-20 05:32: Train Epoch 5: 1360/1641 Loss: 0.435292
2026-08-20 05:32: Train Epoch 5: 1380/1641 Loss: 0.419955
2026-08-20 05:32: Train Epoch 5: 1400/1641 Loss: 0.415786
2026-08-20 05:32: Train Epoch 5: 1420/1641 Loss: 0.414455
2026-08-20 05:32: Train Epoch 5: 1440/1641 Loss: 0.406220
2026-08-20 05:32: Train Epoch 5: 1460/1641 Loss: 0.413576
2026-08-20 05:32: Train Epoch 5: 1480/1641 Loss: 0.427265
2026-08-20 05:32: Train Epoch 5: 1500/1641 Loss: 0.406761
2026-08-20 05:32: Train Epoch 5: 1520/1641 Loss: 0.415270
2026-08-20 05:32: Train Epoch 5: 1540/1641 Loss: 0.393424
2026-08-20 05:32: Train Epoch 5: 1560/1641 Loss: 0.382513
2026-08-20 05:32: Train Epoch 5: 1580/1641 Loss: 0.389160
2026-08-20 05:32: Train Epoch 5: 1600/1641 Loss: 0.451023
2026-08-20 05:32: Train Epoch 5: 1620/1641 Loss: 0.415753
2026-08-20 05:32: Train Epoch 5: 1640/1641 Loss: 0.439297
2026-08-20 05:32: **********Train Epoch 5: averaged Loss: 0.415527, tf_ratio: 1.000000
2026-08-20 05:33: **********Val Epoch 5: average Loss: 0.402075
2026-08-20 05:33: *********************************Current best model saved!
2026-08-20 05:33: Train Epoch 6: 0/1641 Loss: 0.440167
2026-08-20 05:33: Train Epoch 6: 20/1641 Loss: 0.403582
2026-08-20 05:33: Train Epoch 6: 40/1641 Loss: 0.442816
2026-08-20 05:33: Train Epoch 6: 60/1641 Loss: 0.414653
2026-08-20 05:33: Train Epoch 6: 80/1641 Loss: 0.394896
2026-08-20 05:33: Train Epoch 6: 100/1641 Loss: 0.403808
2026-08-20 05:33: Train Epoch 6: 120/1641 Loss: 0.425342
2026-08-20 05:33: Train Epoch 6: 140/1641 Loss: 0.383803
2026-08-20 05:33: Train Epoch 6: 160/1641 Loss: 0.399579
2026-08-20 05:33: Train Epoch 6: 180/1641 Loss: 0.397433
2026-08-20 05:33: Train Epoch 6: 200/1641 Loss: 0.410327
2026-08-20 05:33: Train Epoch 6: 220/1641 Loss: 0.441734
2026-08-20 05:33: Train Epoch 6: 240/1641 Loss: 0.405008
2026-08-20 05:33: Train Epoch 6: 260/1641 Loss: 0.394803
2026-08-20 05:33: Train Epoch 6: 280/1641 Loss: 0.401577
2026-08-20 05:33: Train Epoch 6: 300/1641 Loss: 0.423444
2026-08-20 05:34: Train Epoch 6: 320/1641 Loss: 0.398441
2026-08-20 05:34: Train Epoch 6: 340/1641 Loss: 0.411578
2026-08-20 05:34: Train Epoch 6: 360/1641 Loss: 0.385803
2026-08-20 05:34: Train Epoch 6: 380/1641 Loss: 0.391166
2026-08-20 05:34: Train Epoch 6: 400/1641 Loss: 0.383769
2026-08-20 05:34: Train Epoch 6: 420/1641 Loss: 0.416785
2026-08-20 05:34: Train Epoch 6: 440/1641 Loss: 0.426045
2026-08-20 05:34: Train Epoch 6: 460/1641 Loss: 0.427379
2026-08-20 05:34: Train Epoch 6: 480/1641 Loss: 0.406680
2026-08-20 05:34: Train Epoch 6: 500/1641 Loss: 0.375438
2026-08-20 05:34: Train Epoch 6: 520/1641 Loss: 0.418397
2026-08-20 05:34: Train Epoch 6: 540/1641 Loss: 0.404704
2026-08-20 05:34: Train Epoch 6: 560/1641 Loss: 0.383572
2026-08-20 05:34: Train Epoch 6: 580/1641 Loss: 0.381115
2026-08-20 05:34: Train Epoch 6: 600/1641 Loss: 0.408969
2026-08-20 05:34: Train Epoch 6: 620/1641 Loss: 0.408552
2026-08-20 05:34: Train Epoch 6: 640/1641 Loss: 0.433086
2026-08-20 05:34: Train Epoch 6: 660/1641 Loss: 0.430547
2026-08-20 05:34: Train Epoch 6: 680/1641 Loss: 0.423036
2026-08-20 05:34: Train Epoch 6: 700/1641 Loss: 0.411734
2026-08-20 05:34: Train Epoch 6: 720/1641 Loss: 0.416167
2026-08-20 05:34: Train Epoch 6: 740/1641 Loss: 0.425502
2026-08-20 05:35: Train Epoch 6: 760/1641 Loss: 0.400687
2026-08-20 05:35: Train Epoch 6: 780/1641 Loss: 0.422351
2026-08-20 05:35: Train Epoch 6: 800/1641 Loss: 0.410825
2026-08-20 05:35: Train Epoch 6: 820/1641 Loss: 0.395969
2026-08-20 05:35: Train Epoch 6: 840/1641 Loss: 0.414163
2026-08-20 05:35: Train Epoch 6: 860/1641 Loss: 0.429517
2026-08-20 05:35: Train Epoch 6: 880/1641 Loss: 0.394175
2026-08-20 05:35: Train Epoch 6: 900/1641 Loss: 0.397561
2026-08-20 05:35: Train Epoch 6: 920/1641 Loss: 0.417129
2026-08-20 05:35: Train Epoch 6: 940/1641 Loss: 0.383278
2026-08-20 05:35: Train Epoch 6: 960/1641 Loss: 0.381083
2026-08-20 05:35: Train Epoch 6: 980/1641 Loss: 0.428489
2026-08-20 05:35: Train Epoch 6: 1000/1641 Loss: 0.431083
2026-08-20 05:35: Train Epoch 6: 1020/1641 Loss: 0.415905
2026-08-20 05:35: Train Epoch 6: 1040/1641 Loss: 0.439649
2026-08-20 05:35: Train Epoch 6: 1060/1641 Loss: 0.410423
2026-08-20 05:35: Train Epoch 6: 1080/1641 Loss: 0.376174
2026-08-20 05:35: Train Epoch 6: 1100/1641 Loss: 0.388251
2026-08-20 05:35: Train Epoch 6: 1120/1641 Loss: 0.398302
2026-08-20 05:35: Train Epoch 6: 1140/1641 Loss: 0.418430
2026-08-20 05:35: Train Epoch 6: 1160/1641 Loss: 0.385466
2026-08-20 05:35: Train Epoch 6: 1180/1641 Loss: 0.372777
2026-08-20 05:36: Train Epoch 6: 1200/1641 Loss: 0.400766
2026-08-20 05:36: Train Epoch 6: 1220/1641 Loss: 0.402240
2026-08-20 05:36: Train Epoch 6: 1240/1641 Loss: 0.424753
2026-08-20 05:36: Train Epoch 6: 1260/1641 Loss: 0.443518
2026-08-20 05:36: Train Epoch 6: 1280/1641 Loss: 0.405449
2026-08-20 05:36: Train Epoch 6: 1300/1641 Loss: 0.426768
2026-08-20 05:36: Train Epoch 6: 1320/1641 Loss: 0.388660
2026-08-20 05:36: Train Epoch 6: 1340/1641 Loss: 0.424402
2026-08-20 05:36: Train Epoch 6: 1360/1641 Loss: 0.409943
2026-08-20 05:36: Train Epoch 6: 1380/1641 Loss: 0.389940
2026-08-20 05:36: Train Epoch 6: 1400/1641 Loss: 0.431500
2026-08-20 05:36: Train Epoch 6: 1420/1641 Loss: 0.404094
2026-08-20 05:36: Train Epoch 6: 1440/1641 Loss: 0.407394
2026-08-20 05:36: Train Epoch 6: 1460/1641 Loss: 0.395791
2026-08-20 05:36: Train Epoch 6: 1480/1641 Loss: 0.386901
2026-08-20 05:36: Train Epoch 6: 1500/1641 Loss: 0.419524
2026-08-20 05:36: Train Epoch 6: 1520/1641 Loss: 0.421931
2026-08-20 05:36: Train Epoch 6: 1540/1641 Loss: 0.404963
2026-08-20 05:36: Train Epoch 6: 1560/1641 Loss: 0.450213
2026-08-20 05:36: Train Epoch 6: 1580/1641 Loss: 0.403143
2026-08-20 05:36: Train Epoch 6: 1600/1641 Loss: 0.402126
2026-08-20 05:37: Train Epoch 6: 1620/1641 Loss: 0.432119
2026-08-20 05:37: Train Epoch 6: 1640/1641 Loss: 0.423339
2026-08-20 05:37: **********Train Epoch 6: averaged Loss: 0.409832, tf_ratio: 1.000000
2026-08-20 05:37: **********Val Epoch 6: average Loss: 0.402907
2026-08-20 05:37: Train Epoch 7: 0/1641 Loss: 0.421470
2026-08-20 05:37: Train Epoch 7: 20/1641 Loss: 0.412654
2026-08-20 05:37: Train Epoch 7: 40/1641 Loss: 0.405262
2026-08-20 05:37: Train Epoch 7: 60/1641 Loss: 0.386477
2026-08-20 05:37: Train Epoch 7: 80/1641 Loss: 0.412542
2026-08-20 05:37: Train Epoch 7: 100/1641 Loss: 0.408791
2026-08-20 05:37: Train Epoch 7: 120/1641 Loss: 0.408346
2026-08-20 05:37: Train Epoch 7: 140/1641 Loss: 0.401269
2026-08-20 05:37: Train Epoch 7: 160/1641 Loss: 0.432951
2026-08-20 05:37: Train Epoch 7: 180/1641 Loss: 0.344252
2026-08-20 05:37: Train Epoch 7: 200/1641 Loss: 0.397997
2026-08-20 05:37: Train Epoch 7: 220/1641 Loss: 0.400392
2026-08-20 05:38: Train Epoch 7: 240/1641 Loss: 0.421167
2026-08-20 05:38: Train Epoch 7: 260/1641 Loss: 0.401731
2026-08-20 05:38: Train Epoch 7: 280/1641 Loss: 0.372467
2026-08-20 05:38: Train Epoch 7: 300/1641 Loss: 0.405829
2026-08-20 05:38: Train Epoch 7: 320/1641 Loss: 0.376070
2026-08-20 05:38: Train Epoch 7: 340/1641 Loss: 0.430089
2026-08-20 05:38: Train Epoch 7: 360/1641 Loss: 0.401579
2026-08-20 05:38: Train Epoch 7: 380/1641 Loss: 0.385696
2026-08-20 05:38: Train Epoch 7: 400/1641 Loss: 0.438075
2026-08-20 05:38: Train Epoch 7: 420/1641 Loss: 0.393152
2026-08-20 05:38: Train Epoch 7: 440/1641 Loss: 0.427504
2026-08-20 05:38: Train Epoch 7: 460/1641 Loss: 0.416503
2026-08-20 05:38: Train Epoch 7: 480/1641 Loss: 0.384718
2026-08-20 05:38: Train Epoch 7: 500/1641 Loss: 0.420823
2026-08-20 05:38: Train Epoch 7: 520/1641 Loss: 0.385112
2026-08-20 05:38: Train Epoch 7: 540/1641 Loss: 0.396072
2026-08-20 05:38: Train Epoch 7: 560/1641 Loss: 0.411851
2026-08-20 05:38: Train Epoch 7: 580/1641 Loss: 0.431913
2026-08-20 05:38: Train Epoch 7: 600/1641 Loss: 0.394430
2026-08-20 05:38: Train Epoch 7: 620/1641 Loss: 0.409650
2026-08-20 05:38: Train Epoch 7: 640/1641 Loss: 0.399846
2026-08-20 05:38: Train Epoch 7: 660/1641 Loss: 0.424081
2026-08-20 05:39: Train Epoch 7: 680/1641 Loss: 0.410608
2026-08-20 05:39: Train Epoch 7: 700/1641 Loss: 0.401504
2026-08-20 05:39: Train Epoch 7: 720/1641 Loss: 0.417675
2026-08-20 05:39: Train Epoch 7: 740/1641 Loss: 0.376247
2026-08-20 05:39: Train Epoch 7: 760/1641 Loss: 0.394618
2026-08-20 05:39: Train Epoch 7: 780/1641 Loss: 0.400680
2026-08-20 05:39: Train Epoch 7: 800/1641 Loss: 0.402456
2026-08-20 05:39: Train Epoch 7: 820/1641 Loss: 0.400984
2026-08-20 05:39: Train Epoch 7: 840/1641 Loss: 0.413346
2026-08-20 05:39: Train Epoch 7: 860/1641 Loss: 0.383200
2026-08-20 05:39: Train Epoch 7: 880/1641 Loss: 0.404914
2026-08-20 05:39: Train Epoch 7: 900/1641 Loss: 0.403843
2026-08-20 05:39: Train Epoch 7: 920/1641 Loss: 0.406200
2026-08-20 05:39: Train Epoch 7: 940/1641 Loss: 0.415089
2026-08-20 05:39: Train Epoch 7: 960/1641 Loss: 0.383869
2026-08-20 05:39: Train Epoch 7: 980/1641 Loss: 0.399395
2026-08-20 05:39: Train Epoch 7: 1000/1641 Loss: 0.409675
2026-08-20 05:39: Train Epoch 7: 1020/1641 Loss: 0.418168
2026-08-20 05:39: Train Epoch 7: 1040/1641 Loss: 0.396079
2026-08-20 05:39: Train Epoch 7: 1060/1641 Loss: 0.416085
2026-08-20 05:39: Train Epoch 7: 1080/1641 Loss: 0.413547
2026-08-20 05:39: Train Epoch 7: 1100/1641 Loss: 0.405311
2026-08-20 05:40: Train Epoch 7: 1120/1641 Loss: 0.389842
2026-08-20 05:40: Train Epoch 7: 1140/1641 Loss: 0.413370
2026-08-20 05:40: Train Epoch 7: 1160/1641 Loss: 0.392626
2026-08-20 05:40: Train Epoch 7: 1180/1641 Loss: 0.403434
2026-08-20 05:40: Train Epoch 7: 1200/1641 Loss: 0.381001
2026-08-20 05:40: Train Epoch 7: 1220/1641 Loss: 0.428077
2026-08-20 05:40: Train Epoch 7: 1240/1641 Loss: 0.424634
2026-08-20 05:40: Train Epoch 7: 1260/1641 Loss: 0.408150
2026-08-20 05:40: Train Epoch 7: 1280/1641 Loss: 0.394201
2026-08-20 05:40: Train Epoch 7: 1300/1641 Loss: 0.381699
2026-08-20 05:40: Train Epoch 7: 1320/1641 Loss: 0.387783
2026-08-20 05:40: Train Epoch 7: 1340/1641 Loss: 0.426821
2026-08-20 05:40: Train Epoch 7: 1360/1641 Loss: 0.386995
2026-08-20 05:40: Train Epoch 7: 1380/1641 Loss: 0.390677
2026-08-20 05:40: Train Epoch 7: 1400/1641 Loss: 0.414187
2026-08-20 05:40: Train Epoch 7: 1420/1641 Loss: 0.393603
2026-08-20 05:40: Train Epoch 7: 1440/1641 Loss: 0.397576
2026-08-20 05:40: Train Epoch 7: 1460/1641 Loss: 0.380772
2026-08-20 05:40: Train Epoch 7: 1480/1641 Loss: 0.413625
2026-08-20 05:40: Train Epoch 7: 1500/1641 Loss: 0.384374
2026-08-20 05:40: Train Epoch 7: 1520/1641 Loss: 0.417033
2026-08-20 05:41: Train Epoch 7: 1540/1641 Loss: 0.414043
2026-08-20 05:41: Train Epoch 7: 1560/1641 Loss: 0.414271
2026-08-20 05:41: Train Epoch 7: 1580/1641 Loss: 0.389503
2026-08-20 05:41: Train Epoch 7: 1600/1641 Loss: 0.398898
2026-08-20 05:41: Train Epoch 7: 1620/1641 Loss: 0.400379
2026-08-20 05:41: Train Epoch 7: 1640/1641 Loss: 0.392566
2026-08-20 05:41: **********Train Epoch 7: averaged Loss: 0.404372, tf_ratio: 1.000000
2026-08-20 05:41: **********Val Epoch 7: average Loss: 0.402603
2026-08-20 05:41: Train Epoch 8: 0/1641 Loss: 0.417641
2026-08-20 05:41: Train Epoch 8: 20/1641 Loss: 0.377126
2026-08-20 05:41: Train Epoch 8: 40/1641 Loss: 0.390766
2026-08-20 05:41: Train Epoch 8: 60/1641 Loss: 0.373839
2026-08-20 05:41: Train Epoch 8: 80/1641 Loss: 0.397389
2026-08-20 05:41: Train Epoch 8: 100/1641 Loss: 0.411646
2026-08-20 05:41: Train Epoch 8: 120/1641 Loss: 0.407773
2026-08-20 05:41: Train Epoch 8: 140/1641 Loss: 0.413908
2026-08-20 05:42: Train Epoch 8: 160/1641 Loss: 0.395910
2026-08-20 05:42: Train Epoch 8: 180/1641 Loss: 0.400083
2026-08-20 05:42: Train Epoch 8: 200/1641 Loss: 0.411428
2026-08-20 05:42: Train Epoch 8: 220/1641 Loss: 0.393354
2026-08-20 05:42: Train Epoch 8: 240/1641 Loss: 0.393159
2026-08-20 05:42: Train Epoch 8: 260/1641 Loss: 0.395565
2026-08-20 05:42: Train Epoch 8: 280/1641 Loss: 0.413971
2026-08-20 05:42: Train Epoch 8: 300/1641 Loss: 0.415654
2026-08-20 05:42: Train Epoch 8: 320/1641 Loss: 0.414236
2026-08-20 05:42: Train Epoch 8: 340/1641 Loss: 0.403111
2026-08-20 05:42: Train Epoch 8: 360/1641 Loss: 0.397128
2026-08-20 05:42: Train Epoch 8: 380/1641 Loss: 0.382764
2026-08-20 05:42: Train Epoch 8: 400/1641 Loss: 0.403891
2026-08-20 05:42: Train Epoch 8: 420/1641 Loss: 0.371608
2026-08-20 05:42: Train Epoch 8: 440/1641 Loss: 0.409188
2026-08-20 05:42: Train Epoch 8: 460/1641 Loss: 0.421805
2026-08-20 05:42: Train Epoch 8: 480/1641 Loss: 0.386073
2026-08-20 05:42: Train Epoch 8: 500/1641 Loss: 0.398913
2026-08-20 05:42: Train Epoch 8: 520/1641 Loss: 0.423110
2026-08-20 05:42: Train Epoch 8: 540/1641 Loss: 0.390896
2026-08-20 05:42: Train Epoch 8: 560/1641 Loss: 0.425141
2026-08-20 05:43: Train Epoch 8: 580/1641 Loss: 0.399223
2026-08-20 05:43: Train Epoch 8: 600/1641 Loss: 0.404250
2026-08-20 05:43: Train Epoch 8: 620/1641 Loss: 0.384408
2026-08-20 05:43: Train Epoch 8: 640/1641 Loss: 0.419101
2026-08-20 05:43: Train Epoch 8: 660/1641 Loss: 0.420440
2026-08-20 05:43: Train Epoch 8: 680/1641 Loss: 0.402636
2026-08-20 05:43: Train Epoch 8: 700/1641 Loss: 0.398425
2026-08-20 05:43: Train Epoch 8: 720/1641 Loss: 0.423362
2026-08-20 05:43: Train Epoch 8: 740/1641 Loss: 0.354199
2026-08-20 05:43: Train Epoch 8: 760/1641 Loss: 0.376136
2026-08-20 05:43: Train Epoch 8: 780/1641 Loss: 0.381954
2026-08-20 05:43: Train Epoch 8: 800/1641 Loss: 0.370805
2026-08-20 05:43: Train Epoch 8: 820/1641 Loss: 0.395751
2026-08-20 05:43: Train Epoch 8: 840/1641 Loss: 0.420317
2026-08-20 05:43: Train Epoch 8: 860/1641 Loss: 0.420279
2026-08-20 05:43: Train Epoch 8: 880/1641 Loss: 0.389405
2026-08-20 05:43: Train Epoch 8: 900/1641 Loss: 0.403483
2026-08-20 05:43: Train Epoch 8: 920/1641 Loss: 0.388972
2026-08-20 05:43: Train Epoch 8: 940/1641 Loss: 0.368769
2026-08-20 05:43: Train Epoch 8: 960/1641 Loss: 0.429243
2026-08-20 05:43: Train Epoch 8: 980/1641 Loss: 0.413988
2026-08-20 05:43: Train Epoch 8: 1000/1641 Loss: 0.377045
2026-08-20 05:44: Train Epoch 8: 1020/1641 Loss: 0.385708
2026-08-20 05:44: Train Epoch 8: 1040/1641 Loss: 0.396837
2026-08-20 05:44: Train Epoch 8: 1060/1641 Loss: 0.385220
2026-08-20 05:44: Train Epoch 8: 1080/1641 Loss: 0.390927
2026-08-20 05:44: Train Epoch 8: 1100/1641 Loss: 0.396384
2026-08-20 05:44: Train Epoch 8: 1120/1641 Loss: 0.425647
2026-08-20 05:44: Train Epoch 8: 1140/1641 Loss: 0.396913
2026-08-20 05:44: Train Epoch 8: 1160/1641 Loss: 0.420743
2026-08-20 05:44: Train Epoch 8: 1180/1641 Loss: 0.396575
2026-08-20 05:44: Train Epoch 8: 1200/1641 Loss: 0.398217
2026-08-20 05:44: Train Epoch 8: 1220/1641 Loss: 0.405777
2026-08-20 05:44: Train Epoch 8: 1240/1641 Loss: 0.389841
2026-08-20 05:44: Train Epoch 8: 1260/1641 Loss: 0.410042
2026-08-20 05:44: Train Epoch 8: 1280/1641 Loss: 0.412412
2026-08-20 05:44: Train Epoch 8: 1300/1641 Loss: 0.393156
2026-08-20 05:44: Train Epoch 8: 1320/1641 Loss: 0.385109
2026-08-20 05:44: Train Epoch 8: 1340/1641 Loss: 0.392801
2026-08-20 05:44: Train Epoch 8: 1360/1641 Loss: 0.401931
2026-08-20 05:44: Train Epoch 8: 1380/1641 Loss: 0.378255
2026-08-20 05:44: Train Epoch 8: 1400/1641 Loss: 0.396324
2026-08-20 05:44: Train Epoch 8: 1420/1641 Loss: 0.403002
2026-08-20 05:45: Train Epoch 8: 1440/1641 Loss: 0.428804
2026-08-20 05:45: Train Epoch 8: 1460/1641 Loss: 0.394936
2026-08-20 05:45: Train Epoch 8: 1480/1641 Loss: 0.398154
2026-08-20 05:45: Train Epoch 8: 1500/1641 Loss: 0.384275
2026-08-20 05:45: Train Epoch 8: 1520/1641 Loss: 0.377568
2026-08-20 05:45: Train Epoch 8: 1540/1641 Loss: 0.385590
2026-08-20 05:45: Train Epoch 8: 1560/1641 Loss: 0.428619
2026-08-20 05:45: Train Epoch 8: 1580/1641 Loss: 0.385275
2026-08-20 05:45: Train Epoch 8: 1600/1641 Loss: 0.407449
2026-08-20 05:45: Train Epoch 8: 1620/1641 Loss: 0.372189
2026-08-20 05:45: Train Epoch 8: 1640/1641 Loss: 0.384636
2026-08-20 05:45: **********Train Epoch 8: averaged Loss: 0.398675, tf_ratio: 1.000000
2026-08-20 05:45: **********Val Epoch 8: average Loss: 0.401148
2026-08-20 05:45: *********************************Current best model saved!
2026-08-20 05:45: Train Epoch 9: 0/1641 Loss: 0.396237
2026-08-20 05:45: Train Epoch 9: 20/1641 Loss: 0.419227
2026-08-20 05:45: Train Epoch 9: 40/1641 Loss: 0.384091
2026-08-20 05:46: Train Epoch 9: 60/1641 Loss: 0.398295
2026-08-20 05:46: Train Epoch 9: 80/1641 Loss: 0.401436
2026-08-20 05:46: Train Epoch 9: 100/1641 Loss: 0.421416
2026-08-20 05:46: Train Epoch 9: 120/1641 Loss: 0.410029
2026-08-20 05:46: Train Epoch 9: 140/1641 Loss: 0.395249
2026-08-20 05:46: Train Epoch 9: 160/1641 Loss: 0.394434
2026-08-20 05:46: Train Epoch 9: 180/1641 Loss: 0.413143
2026-08-20 05:46: Train Epoch 9: 200/1641 Loss: 0.399080
2026-08-20 05:46: Train Epoch 9: 220/1641 Loss: 0.385574
2026-08-20 05:46: Train Epoch 9: 240/1641 Loss: 0.386566
2026-08-20 05:46: Train Epoch 9: 260/1641 Loss: 0.381573
2026-08-20 05:46: Train Epoch 9: 280/1641 Loss: 0.398902
2026-08-20 05:46: Train Epoch 9: 300/1641 Loss: 0.368489
2026-08-20 05:46: Train Epoch 9: 320/1641 Loss: 0.406439
2026-08-20 05:46: Train Epoch 9: 340/1641 Loss: 0.407542
2026-08-20 05:46: Train Epoch 9: 360/1641 Loss: 0.358263
2026-08-20 05:46: Train Epoch 9: 380/1641 Loss: 0.390817
2026-08-20 05:46: Train Epoch 9: 400/1641 Loss: 0.412976
2026-08-20 05:46: Train Epoch 9: 420/1641 Loss: 0.410125
2026-08-20 05:46: Train Epoch 9: 440/1641 Loss: 0.403727
2026-08-20 05:46: Train Epoch 9: 460/1641 Loss: 0.377226
2026-08-20 05:46: Train Epoch 9: 480/1641 Loss: 0.395665
2026-08-20 05:47: Train Epoch 9: 500/1641 Loss: 0.401296
2026-08-20 05:47: Train Epoch 9: 520/1641 Loss: 0.386681
2026-08-20 05:47: Train Epoch 9: 540/1641 Loss: 0.347920
2026-08-20 05:47: Train Epoch 9: 560/1641 Loss: 0.382813
2026-08-20 05:47: Train Epoch 9: 580/1641 Loss: 0.382606
2026-08-20 05:47: Train Epoch 9: 600/1641 Loss: 0.403633
2026-08-20 05:47: Train Epoch 9: 620/1641 Loss: 0.403068
2026-08-20 05:47: Train Epoch 9: 640/1641 Loss: 0.396447
2026-08-20 05:47: Train Epoch 9: 660/1641 Loss: 0.390027
2026-08-20 05:47: Train Epoch 9: 680/1641 Loss: 0.395400
2026-08-20 05:47: Train Epoch 9: 700/1641 Loss: 0.379253
2026-08-20 05:47: Train Epoch 9: 720/1641 Loss: 0.387267
2026-08-20 05:47: Train Epoch 9: 740/1641 Loss: 0.406627
2026-08-20 05:47: Train Epoch 9: 760/1641 Loss: 0.401567
2026-08-20 05:47: Train Epoch 9: 780/1641 Loss: 0.403572
2026-08-20 05:47: Train Epoch 9: 800/1641 Loss: 0.414691
2026-08-20 05:47: Train Epoch 9: 820/1641 Loss: 0.398062
2026-08-20 05:47: Train Epoch 9: 840/1641 Loss: 0.393065
2026-08-20 05:47: Train Epoch 9: 860/1641 Loss: 0.358105
2026-08-20 05:47: Train Epoch 9: 880/1641 Loss: 0.394592
2026-08-20 05:47: Train Epoch 9: 900/1641 Loss: 0.383372
2026-08-20 05:47: Train Epoch 9: 920/1641 Loss: 0.368380
2026-08-20 05:48: Train Epoch 9: 940/1641 Loss: 0.375570
2026-08-20 05:48: Train Epoch 9: 960/1641 Loss: 0.394395
2026-08-20 05:48: Train Epoch 9: 980/1641 Loss: 0.379291
2026-08-20 05:48: Train Epoch 9: 1000/1641 Loss: 0.423850
2026-08-20 05:48: Train Epoch 9: 1020/1641 Loss: 0.411591
2026-08-20 05:48: Train Epoch 9: 1040/1641 Loss: 0.378549
2026-08-20 05:48: Train Epoch 9: 1060/1641 Loss: 0.403939
2026-08-20 05:48: Train Epoch 9: 1080/1641 Loss: 0.388811
2026-08-20 05:48: Train Epoch 9: 1100/1641 Loss: 0.399938
2026-08-20 05:48: Train Epoch 9: 1120/1641 Loss: 0.404056
2026-08-20 05:48: Train Epoch 9: 1140/1641 Loss: 0.420136
2026-08-20 05:48: Train Epoch 9: 1160/1641 Loss: 0.393976
2026-08-20 05:48: Train Epoch 9: 1180/1641 Loss: 0.382599
2026-08-20 05:48: Train Epoch 9: 1200/1641 Loss: 0.376911
2026-08-20 05:48: Train Epoch 9: 1220/1641 Loss: 0.352780
2026-08-20 05:48: Train Epoch 9: 1240/1641 Loss: 0.369463
2026-08-20 05:48: Train Epoch 9: 1260/1641 Loss: 0.401516
2026-08-20 05:48: Train Epoch 9: 1280/1641 Loss: 0.399640
2026-08-20 05:48: Train Epoch 9: 1300/1641 Loss: 0.381964
2026-08-20 05:48: Train Epoch 9: 1320/1641 Loss: 0.379217
2026-08-20 05:48: Train Epoch 9: 1340/1641 Loss: 0.385268
2026-08-20 05:48: Train Epoch 9: 1360/1641 Loss: 0.382910
2026-08-20 05:49: Train Epoch 9: 1380/1641 Loss: 0.366655
2026-08-20 05:49: Train Epoch 9: 1400/1641 Loss: 0.395964
2026-08-20 05:49: Train Epoch 9: 1420/1641 Loss: 0.392733
2026-08-20 05:49: Train Epoch 9: 1440/1641 Loss: 0.418746
2026-08-20 05:49: Train Epoch 9: 1460/1641 Loss: 0.408465
2026-08-20 05:49: Train Epoch 9: 1480/1641 Loss: 0.371212
2026-08-20 05:49: Train Epoch 9: 1500/1641 Loss: 0.389854
2026-08-20 05:49: Train Epoch 9: 1520/1641 Loss: 0.354576
2026-08-20 05:49: Train Epoch 9: 1540/1641 Loss: 0.393092
2026-08-20 05:49: Train Epoch 9: 1560/1641 Loss: 0.390713
2026-08-20 05:49: Train Epoch 9: 1580/1641 Loss: 0.427389
2026-08-20 05:49: Train Epoch 9: 1600/1641 Loss: 0.372388
2026-08-20 05:49: Train Epoch 9: 1620/1641 Loss: 0.372240
2026-08-20 05:49: Train Epoch 9: 1640/1641 Loss: 0.410429
2026-08-20 05:49: **********Train Epoch 9: averaged Loss: 0.392615, tf_ratio: 1.000000
2026-08-20 05:50: **********Val Epoch 9: average Loss: 0.406085
2026-08-20 05:50: Train Epoch 10: 0/1641 Loss: 0.389059
2026-08-20 05:50: Train Epoch 10: 20/1641 Loss: 0.371487
2026-08-20 05:50: Train Epoch 10: 40/1641 Loss: 0.365257
2026-08-20 05:50: Train Epoch 10: 60/1641 Loss: 0.363750
2026-08-20 05:50: Train Epoch 10: 80/1641 Loss: 0.353832
2026-08-20 05:50: Train Epoch 10: 100/1641 Loss: 0.373524
2026-08-20 05:50: Train Epoch 10: 120/1641 Loss: 0.354418
2026-08-20 05:50: Train Epoch 10: 140/1641 Loss: 0.361139
2026-08-20 05:50: Train Epoch 10: 160/1641 Loss: 0.366614
2026-08-20 05:50: Train Epoch 10: 180/1641 Loss: 0.393592
2026-08-20 05:50: Train Epoch 10: 200/1641 Loss: 0.399377
2026-08-20 05:50: Train Epoch 10: 220/1641 Loss: 0.421183
2026-08-20 05:50: Train Epoch 10: 240/1641 Loss: 0.396034
2026-08-20 05:50: Train Epoch 10: 260/1641 Loss: 0.381429
2026-08-20 05:50: Train Epoch 10: 280/1641 Loss: 0.394377
2026-08-20 05:50: Train Epoch 10: 300/1641 Loss: 0.384105
2026-08-20 05:50: Train Epoch 10: 320/1641 Loss: 0.364203
2026-08-20 05:50: Train Epoch 10: 340/1641 Loss: 0.370925
2026-08-20 05:50: Train Epoch 10: 360/1641 Loss: 0.366521
2026-08-20 05:50: Train Epoch 10: 380/1641 Loss: 0.335408
2026-08-20 05:50: Train Epoch 10: 400/1641 Loss: 0.407789
2026-08-20 05:50: Train Epoch 10: 420/1641 Loss: 0.414740
2026-08-20 05:51: Train Epoch 10: 440/1641 Loss: 0.403181
2026-08-20 05:51: Train Epoch 10: 460/1641 Loss: 0.389928
2026-08-20 05:51: Train Epoch 10: 480/1641 Loss: 0.389805
2026-08-20 05:51: Train Epoch 10: 500/1641 Loss: 0.379958
2026-08-20 05:51: Train Epoch 10: 520/1641 Loss: 0.369307
2026-08-20 05:51: Train Epoch 10: 540/1641 Loss: 0.391293
2026-08-20 05:51: Train Epoch 10: 560/1641 Loss: 0.360652
2026-08-20 05:51: Train Epoch 10: 580/1641 Loss: 0.376061
2026-08-20 05:51: Train Epoch 10: 600/1641 Loss: 0.408948
2026-08-20 05:51: Train Epoch 10: 620/1641 Loss: 0.401442
2026-08-20 05:51: Train Epoch 10: 640/1641 Loss: 0.395321
2026-08-20 05:51: Train Epoch 10: 660/1641 Loss: 0.397431
2026-08-20 05:51: Train Epoch 10: 680/1641 Loss: 0.374211
2026-08-20 05:51: Train Epoch 10: 700/1641 Loss: 0.418728
2026-08-20 05:51: Train Epoch 10: 720/1641 Loss: 0.416285
2026-08-20 05:51: Train Epoch 10: 740/1641 Loss: 0.370741
2026-08-20 05:51: Train Epoch 10: 760/1641 Loss: 0.376333
2026-08-20 05:51: Train Epoch 10: 780/1641 Loss: 0.361420
2026-08-20 05:51: Train Epoch 10: 800/1641 Loss: 0.385574
2026-08-20 05:51: Train Epoch 10: 820/1641 Loss: 0.374250
2026-08-20 05:51: Train Epoch 10: 840/1641 Loss: 0.408228
2026-08-20 05:52: Train Epoch 10: 860/1641 Loss: 0.372600
2026-08-20 05:52: Train Epoch 10: 880/1641 Loss: 0.412125
2026-08-20 05:52: Train Epoch 10: 900/1641 Loss: 0.373539
2026-08-20 05:52: Train Epoch 10: 920/1641 Loss: 0.354904
2026-08-20 05:52: Train Epoch 10: 940/1641 Loss: 0.388473
2026-08-20 05:52: Train Epoch 10: 960/1641 Loss: 0.388930
2026-08-20 05:52: Train Epoch 10: 980/1641 Loss: 0.391217
2026-08-20 05:52: Train Epoch 10: 1000/1641 Loss: 0.370117
2026-08-20 05:52: Train Epoch 10: 1020/1641 Loss: 0.393924
2026-08-20 05:52: Train Epoch 10: 1040/1641 Loss: 0.391710
2026-08-20 05:52: Train Epoch 10: 1060/1641 Loss: 0.361280
2026-08-20 05:52: Train Epoch 10: 1080/1641 Loss: 0.404501
2026-08-20 05:52: Train Epoch 10: 1100/1641 Loss: 0.398969
2026-08-20 05:52: Train Epoch 10: 1120/1641 Loss: 0.401912
2026-08-20 05:52: Train Epoch 10: 1140/1641 Loss: 0.400513
2026-08-20 05:52: Train Epoch 10: 1160/1641 Loss: 0.386428
2026-08-20 05:52: Train Epoch 10: 1180/1641 Loss: 0.364186
2026-08-20 05:52: Train Epoch 10: 1200/1641 Loss: 0.368018
2026-08-20 05:52: Train Epoch 10: 1220/1641 Loss: 0.381536
2026-08-20 05:52: Train Epoch 10: 1240/1641 Loss: 0.386887
2026-08-20 05:52: Train Epoch 10: 1260/1641 Loss: 0.408634
2026-08-20 05:53: Train Epoch 10: 1280/1641 Loss: 0.402999
2026-08-20 05:53: Train Epoch 10: 1300/1641 Loss: 0.391707
2026-08-20 05:53: Train Epoch 10: 1320/1641 Loss: 0.370185
2026-08-20 05:53: Train Epoch 10: 1340/1641 Loss: 0.380896
2026-08-20 05:53: Train Epoch 10: 1360/1641 Loss: 0.387232
2026-08-20 05:53: Train Epoch 10: 1380/1641 Loss: 0.382515
2026-08-20 05:53: Train Epoch 10: 1400/1641 Loss: 0.436527
2026-08-20 05:53: Train Epoch 10: 1420/1641 Loss: 0.376508
2026-08-20 05:53: Train Epoch 10: 1440/1641 Loss: 0.375044
2026-08-20 05:53: Train Epoch 10: 1460/1641 Loss: 0.386147
2026-08-20 05:53: Train Epoch 10: 1480/1641 Loss: 0.369774
2026-08-20 05:53: Train Epoch 10: 1500/1641 Loss: 0.354952
2026-08-20 05:53: Train Epoch 10: 1520/1641 Loss: 0.394151
2026-08-20 05:53: Train Epoch 10: 1540/1641 Loss: 0.391259
2026-08-20 05:53: Train Epoch 10: 1560/1641 Loss: 0.347704
2026-08-20 05:53: Train Epoch 10: 1580/1641 Loss: 0.378782
2026-08-20 05:53: Train Epoch 10: 1600/1641 Loss: 0.388752
2026-08-20 05:53: Train Epoch 10: 1620/1641 Loss: 0.362701
2026-08-20 05:53: Train Epoch 10: 1640/1641 Loss: 0.365539
2026-08-20 05:53: **********Train Epoch 10: averaged Loss: 0.386170, tf_ratio: 1.000000
2026-08-20 05:54: **********Val Epoch 10: average Loss: 0.406116
2026-08-20 05:54: Train Epoch 11: 0/1641 Loss: 0.397036
2026-08-20 05:54: Train Epoch 11: 20/1641 Loss: 0.364903
2026-08-20 05:54: Train Epoch 11: 40/1641 Loss: 0.368430
2026-08-20 05:54: Train Epoch 11: 60/1641 Loss: 0.408948
2026-08-20 05:54: Train Epoch 11: 80/1641 Loss: 0.366116
2026-08-20 05:54: Train Epoch 11: 100/1641 Loss: 0.373507
2026-08-20 05:54: Train Epoch 11: 120/1641 Loss: 0.396428
2026-08-20 05:54: Train Epoch 11: 140/1641 Loss: 0.376582
2026-08-20 05:54: Train Epoch 11: 160/1641 Loss: 0.380149
2026-08-20 05:54: Train Epoch 11: 180/1641 Loss: 0.386704
2026-08-20 05:54: Train Epoch 11: 200/1641 Loss: 0.370583
2026-08-20 05:54: Train Epoch 11: 220/1641 Loss: 0.401393
2026-08-20 05:54: Train Epoch 11: 240/1641 Loss: 0.377261
2026-08-20 05:54: Train Epoch 11: 260/1641 Loss: 0.354474
2026-08-20 05:54: Train Epoch 11: 280/1641 Loss: 0.381549
2026-08-20 05:54: Train Epoch 11: 300/1641 Loss: 0.385232
2026-08-20 05:54: Train Epoch 11: 320/1641 Loss: 0.362228
2026-08-20 05:54: Train Epoch 11: 340/1641 Loss: 0.388688
2026-08-20 05:55: Train Epoch 11: 360/1641 Loss: 0.399475
2026-08-20 05:55: Train Epoch 11: 380/1641 Loss: 0.372640
2026-08-20 05:55: Train Epoch 11: 400/1641 Loss: 0.363390
2026-08-20 05:55: Train Epoch 11: 420/1641 Loss: 0.364506
2026-08-20 05:55: Train Epoch 11: 440/1641 Loss: 0.377175
2026-08-20 05:55: Train Epoch 11: 460/1641 Loss: 0.394485
2026-08-20 05:55: Train Epoch 11: 480/1641 Loss: 0.366826
2026-08-20 05:55: Train Epoch 11: 500/1641 Loss: 0.379749
2026-08-20 05:55: Train Epoch 11: 520/1641 Loss: 0.374242
2026-08-20 05:55: Train Epoch 11: 540/1641 Loss: 0.391435
2026-08-20 05:55: Train Epoch 11: 560/1641 Loss: 0.380591
2026-08-20 05:55: Train Epoch 11: 580/1641 Loss: 0.374388
2026-08-20 05:55: Train Epoch 11: 600/1641 Loss: 0.384456
2026-08-20 05:55: Train Epoch 11: 620/1641 Loss: 0.371661
2026-08-20 05:55: Train Epoch 11: 640/1641 Loss: 0.391376
2026-08-20 05:55: Train Epoch 11: 660/1641 Loss: 0.368790
2026-08-20 05:55: Train Epoch 11: 680/1641 Loss: 0.357755
2026-08-20 05:55: Train Epoch 11: 700/1641 Loss: 0.404579
2026-08-20 05:55: Train Epoch 11: 720/1641 Loss: 0.365140
2026-08-20 05:55: Train Epoch 11: 740/1641 Loss: 0.357549
2026-08-20 05:55: Train Epoch 11: 760/1641 Loss: 0.368242
2026-08-20 05:56: Train Epoch 11: 780/1641 Loss: 0.360209
2026-08-20 05:56: Train Epoch 11: 800/1641 Loss: 0.397971
2026-08-20 05:56: Train Epoch 11: 820/1641 Loss: 0.376655
2026-08-20 05:56: Train Epoch 11: 840/1641 Loss: 0.394987
2026-08-20 05:56: Train Epoch 11: 860/1641 Loss: 0.357013
2026-08-20 05:56: Train Epoch 11: 880/1641 Loss: 0.367465
2026-08-20 05:56: Train Epoch 11: 900/1641 Loss: 0.378012
2026-08-20 05:56: Train Epoch 11: 920/1641 Loss: 0.392015
2026-08-20 05:56: Train Epoch 11: 940/1641 Loss: 0.380268
2026-08-20 05:56: Train Epoch 11: 960/1641 Loss: 0.408272
2026-08-20 05:56: Train Epoch 11: 980/1641 Loss: 0.354603
2026-08-20 05:56: Train Epoch 11: 1000/1641 Loss: 0.370250
2026-08-20 05:56: Train Epoch 11: 1020/1641 Loss: 0.383775
2026-08-20 05:56: Train Epoch 11: 1040/1641 Loss: 0.401878
2026-08-20 05:56: Train Epoch 11: 1060/1641 Loss: 0.394569
2026-08-20 05:56: Train Epoch 11: 1080/1641 Loss: 0.397534
2026-08-20 05:56: Train Epoch 11: 1100/1641 Loss: 0.394467
2026-08-20 05:56: Train Epoch 11: 1120/1641 Loss: 0.377604
2026-08-20 05:56: Train Epoch 11: 1140/1641 Loss: 0.381570
2026-08-20 05:56: Train Epoch 11: 1160/1641 Loss: 0.361727
2026-08-20 05:56: Train Epoch 11: 1180/1641 Loss: 0.372074
2026-08-20 05:57: Train Epoch 11: 1200/1641 Loss: 0.384877
2026-08-20 05:57: Train Epoch 11: 1220/1641 Loss: 0.365984
2026-08-20 05:57: Train Epoch 11: 1240/1641 Loss: 0.374899
2026-08-20 05:57: Train Epoch 11: 1260/1641 Loss: 0.358876
2026-08-20 05:57: Train Epoch 11: 1280/1641 Loss: 0.404224
2026-08-20 05:57: Train Epoch 11: 1300/1641 Loss: 0.385207
2026-08-20 05:57: Train Epoch 11: 1320/1641 Loss: 0.381389
2026-08-20 05:57: Train Epoch 11: 1340/1641 Loss: 0.405711
2026-08-20 05:57: Train Epoch 11: 1360/1641 Loss: 0.384124
2026-08-20 05:57: Train Epoch 11: 1380/1641 Loss: 0.389131
2026-08-20 05:57: Train Epoch 11: 1400/1641 Loss: 0.366735
2026-08-20 05:57: Train Epoch 11: 1420/1641 Loss: 0.345247
2026-08-20 05:57: Train Epoch 11: 1440/1641 Loss: 0.392682
2026-08-20 05:57: Train Epoch 11: 1460/1641 Loss: 0.361272
2026-08-20 05:57: Train Epoch 11: 1480/1641 Loss: 0.375638
2026-08-20 05:57: Train Epoch 11: 1500/1641 Loss: 0.344293
2026-08-20 05:57: Train Epoch 11: 1520/1641 Loss: 0.379116
2026-08-20 05:57: Train Epoch 11: 1540/1641 Loss: 0.410693
2026-08-20 05:57: Train Epoch 11: 1560/1641 Loss: 0.364390
2026-08-20 05:57: Train Epoch 11: 1580/1641 Loss: 0.375824
2026-08-20 05:57: Train Epoch 11: 1600/1641 Loss: 0.373483
2026-08-20 05:57: Train Epoch 11: 1620/1641 Loss: 0.384872
2026-08-20 05:58: Train Epoch 11: 1640/1641 Loss: 0.383180
2026-08-20 05:58: **********Train Epoch 11: averaged Loss: 0.379742, tf_ratio: 1.000000
2026-08-20 05:58: **********Val Epoch 11: average Loss: 0.410177
2026-08-20 05:58: Train Epoch 12: 0/1641 Loss: 0.390049
2026-08-20 05:58: Train Epoch 12: 20/1641 Loss: 0.384681
2026-08-20 05:58: Train Epoch 12: 40/1641 Loss: 0.376233
2026-08-20 05:58: Train Epoch 12: 60/1641 Loss: 0.393848
2026-08-20 05:58: Train Epoch 12: 80/1641 Loss: 0.393727
2026-08-20 05:58: Train Epoch 12: 100/1641 Loss: 0.383988
2026-08-20 05:58: Train Epoch 12: 120/1641 Loss: 0.390999
2026-08-20 05:58: Train Epoch 12: 140/1641 Loss: 0.372916
2026-08-20 05:58: Train Epoch 12: 160/1641 Loss: 0.399385
2026-08-20 05:58: Train Epoch 12: 180/1641 Loss: 0.376662
2026-08-20 05:58: Train Epoch 12: 200/1641 Loss: 0.376788
2026-08-20 05:58: Train Epoch 12: 220/1641 Loss: 0.374527
2026-08-20 05:58: Train Epoch 12: 240/1641 Loss: 0.378367
2026-08-20 05:58: Train Epoch 12: 260/1641 Loss: 0.381210
2026-08-20 05:59: Train Epoch 12: 280/1641 Loss: 0.394903
2026-08-20 05:59: Train Epoch 12: 300/1641 Loss: 0.356718
2026-08-20 05:59: Train Epoch 12: 320/1641 Loss: 0.356090
2026-08-20 05:59: Train Epoch 12: 340/1641 Loss: 0.342463
2026-08-20 05:59: Train Epoch 12: 360/1641 Loss: 0.363236
2026-08-20 05:59: Train Epoch 12: 380/1641 Loss: 0.373543
2026-08-20 05:59: Train Epoch 12: 400/1641 Loss: 0.376665
2026-08-20 05:59: Train Epoch 12: 420/1641 Loss: 0.401280
2026-08-20 05:59: Train Epoch 12: 440/1641 Loss: 0.360460
2026-08-20 05:59: Train Epoch 12: 460/1641 Loss: 0.349142
2026-08-20 05:59: Train Epoch 12: 480/1641 Loss: 0.396812
2026-08-20 05:59: Train Epoch 12: 500/1641 Loss: 0.379062
2026-08-20 05:59: Train Epoch 12: 520/1641 Loss: 0.351037
2026-08-20 05:59: Train Epoch 12: 540/1641 Loss: 0.395734
2026-08-20 05:59: Train Epoch 12: 560/1641 Loss: 0.358053
2026-08-20 05:59: Train Epoch 12: 580/1641 Loss: 0.384615
2026-08-20 05:59: Train Epoch 12: 600/1641 Loss: 0.360092
2026-08-20 05:59: Train Epoch 12: 620/1641 Loss: 0.352690
2026-08-20 05:59: Train Epoch 12: 640/1641 Loss: 0.360977
2026-08-20 05:59: Train Epoch 12: 660/1641 Loss: 0.355946
2026-08-20 05:59: Train Epoch 12: 680/1641 Loss: 0.373295
2026-08-20 06:00: Train Epoch 12: 700/1641 Loss: 0.360417
2026-08-20 06:00: Train Epoch 12: 720/1641 Loss: 0.365456
2026-08-20 06:00: Train Epoch 12: 740/1641 Loss: 0.360956
2026-08-20 06:00: Train Epoch 12: 760/1641 Loss: 0.392132
2026-08-20 06:00: Train Epoch 12: 780/1641 Loss: 0.394304
2026-08-20 06:00: Train Epoch 12: 800/1641 Loss: 0.362966
2026-08-20 06:00: Train Epoch 12: 820/1641 Loss: 0.384266
2026-08-20 06:00: Train Epoch 12: 840/1641 Loss: 0.363589
2026-08-20 06:00: Train Epoch 12: 860/1641 Loss: 0.384247
2026-08-20 06:00: Train Epoch 12: 880/1641 Loss: 0.371368
2026-08-20 06:00: Train Epoch 12: 900/1641 Loss: 0.390466
2026-08-20 06:00: Train Epoch 12: 920/1641 Loss: 0.370139
2026-08-20 06:00: Train Epoch 12: 940/1641 Loss: 0.351409
2026-08-20 06:00: Train Epoch 12: 960/1641 Loss: 0.363940
2026-08-20 06:00: Train Epoch 12: 980/1641 Loss: 0.370867
2026-08-20 06:00: Train Epoch 12: 1000/1641 Loss: 0.373731
2026-08-20 06:00: Train Epoch 12: 1020/1641 Loss: 0.384065
2026-08-20 06:00: Train Epoch 12: 1040/1641 Loss: 0.372887
2026-08-20 06:00: Train Epoch 12: 1060/1641 Loss: 0.369355
2026-08-20 06:00: Train Epoch 12: 1080/1641 Loss: 0.379703
2026-08-20 06:00: Train Epoch 12: 1100/1641 Loss: 0.384957
2026-08-20 06:00: Train Epoch 12: 1120/1641 Loss: 0.362064
2026-08-20 06:01: Train Epoch 12: 1140/1641 Loss: 0.350775
2026-08-20 06:01: Train Epoch 12: 1160/1641 Loss: 0.376674
2026-08-20 06:01: Train Epoch 12: 1180/1641 Loss: 0.371624
2026-08-20 06:01: Train Epoch 12: 1200/1641 Loss: 0.377957
2026-08-20 06:01: Train Epoch 12: 1220/1641 Loss: 0.366652
2026-08-20 06:01: Train Epoch 12: 1240/1641 Loss: 0.393110
2026-08-20 06:01: Train Epoch 12: 1260/1641 Loss: 0.360367
2026-08-20 06:01: Train Epoch 12: 1280/1641 Loss: 0.350513
2026-08-20 06:01: Train Epoch 12: 1300/1641 Loss: 0.367121
2026-08-20 06:01: Train Epoch 12: 1320/1641 Loss: 0.378897
2026-08-20 06:01: Train Epoch 12: 1340/1641 Loss: 0.372534
2026-08-20 06:01: Train Epoch 12: 1360/1641 Loss: 0.342227
2026-08-20 06:01: Train Epoch 12: 1380/1641 Loss: 0.358221
2026-08-20 06:01: Train Epoch 12: 1400/1641 Loss: 0.379104
2026-08-20 06:01: Train Epoch 12: 1420/1641 Loss: 0.348250
2026-08-20 06:01: Train Epoch 12: 1440/1641 Loss: 0.364650
2026-08-20 06:01: Train Epoch 12: 1460/1641 Loss: 0.370017
2026-08-20 06:01: Train Epoch 12: 1480/1641 Loss: 0.371566
2026-08-20 06:01: Train Epoch 12: 1500/1641 Loss: 0.383733
2026-08-20 06:01: Train Epoch 12: 1520/1641 Loss: 0.406880
2026-08-20 06:01: Train Epoch 12: 1540/1641 Loss: 0.380493
2026-08-20 06:02: Train Epoch 12: 1560/1641 Loss: 0.355701
2026-08-20 06:02: Train Epoch 12: 1580/1641 Loss: 0.358296
2026-08-20 06:02: Train Epoch 12: 1600/1641 Loss: 0.364115
2026-08-20 06:02: Train Epoch 12: 1620/1641 Loss: 0.387956
2026-08-20 06:02: Train Epoch 12: 1640/1641 Loss: 0.373779
2026-08-20 06:02: **********Train Epoch 12: averaged Loss: 0.373285, tf_ratio: 1.000000
2026-08-20 06:02: **********Val Epoch 12: average Loss: 0.408921
2026-08-20 06:02: Train Epoch 13: 0/1641 Loss: 0.364812
2026-08-20 06:02: Train Epoch 13: 20/1641 Loss: 0.348211
2026-08-20 06:02: Train Epoch 13: 40/1641 Loss: 0.378894
2026-08-20 06:02: Train Epoch 13: 60/1641 Loss: 0.357141
2026-08-20 06:02: Train Epoch 13: 80/1641 Loss: 0.360169
2026-08-20 06:02: Train Epoch 13: 100/1641 Loss: 0.394049
2026-08-20 06:02: Train Epoch 13: 120/1641 Loss: 0.356922
2026-08-20 06:02: Train Epoch 13: 140/1641 Loss: 0.383104
2026-08-20 06:02: Train Epoch 13: 160/1641 Loss: 0.352950
2026-08-20 06:02: Train Epoch 13: 180/1641 Loss: 0.367800
2026-08-20 06:03: Train Epoch 13: 200/1641 Loss: 0.373388
2026-08-20 06:03: Train Epoch 13: 220/1641 Loss: 0.346070
2026-08-20 06:03: Train Epoch 13: 240/1641 Loss: 0.370565
2026-08-20 06:03: Train Epoch 13: 260/1641 Loss: 0.364367
2026-08-20 06:03: Train Epoch 13: 280/1641 Loss: 0.395289
2026-08-20 06:03: Train Epoch 13: 300/1641 Loss: 0.383905
2026-08-20 06:03: Train Epoch 13: 320/1641 Loss: 0.362852
2026-08-20 06:03: Train Epoch 13: 340/1641 Loss: 0.361558
2026-08-20 06:03: Train Epoch 13: 360/1641 Loss: 0.358543
2026-08-20 06:03: Train Epoch 13: 380/1641 Loss: 0.368994
2026-08-20 06:03: Train Epoch 13: 400/1641 Loss: 0.362340
2026-08-20 06:03: Train Epoch 13: 420/1641 Loss: 0.372358
2026-08-20 06:03: Train Epoch 13: 440/1641 Loss: 0.382463
2026-08-20 06:03: Train Epoch 13: 460/1641 Loss: 0.362096
2026-08-20 06:03: Train Epoch 13: 480/1641 Loss: 0.380708
2026-08-20 06:03: Train Epoch 13: 500/1641 Loss: 0.402050
2026-08-20 06:03: Train Epoch 13: 520/1641 Loss: 0.390319
2026-08-20 06:03: Train Epoch 13: 540/1641 Loss: 0.364758
2026-08-20 06:03: Train Epoch 13: 560/1641 Loss: 0.354375
2026-08-20 06:03: Train Epoch 13: 580/1641 Loss: 0.354657
2026-08-20 06:03: Train Epoch 13: 600/1641 Loss: 0.377081
2026-08-20 06:04: Train Epoch 13: 620/1641 Loss: 0.389805
2026-08-20 06:04: Train Epoch 13: 640/1641 Loss: 0.353603
2026-08-20 06:04: Train Epoch 13: 660/1641 Loss: 0.354869
2026-08-20 06:04: Train Epoch 13: 680/1641 Loss: 0.359519
2026-08-20 06:04: Train Epoch 13: 700/1641 Loss: 0.358828
2026-08-20 06:04: Train Epoch 13: 720/1641 Loss: 0.366751
2026-08-20 06:04: Train Epoch 13: 740/1641 Loss: 0.354076
2026-08-20 06:04: Train Epoch 13: 760/1641 Loss: 0.360084
2026-08-20 06:04: Train Epoch 13: 780/1641 Loss: 0.353634
2026-08-20 06:04: Train Epoch 13: 800/1641 Loss: 0.371056
2026-08-20 06:04: Train Epoch 13: 820/1641 Loss: 0.369966
2026-08-20 06:04: Train Epoch 13: 840/1641 Loss: 0.358753
2026-08-20 06:04: Train Epoch 13: 860/1641 Loss: 0.367559
2026-08-20 06:04: Train Epoch 13: 880/1641 Loss: 0.354864
2026-08-20 06:04: Train Epoch 13: 900/1641 Loss: 0.361264
2026-08-20 06:04: Train Epoch 13: 920/1641 Loss: 0.359905
2026-08-20 06:04: Train Epoch 13: 940/1641 Loss: 0.366704
2026-08-20 06:04: Train Epoch 13: 960/1641 Loss: 0.379110
2026-08-20 06:04: Train Epoch 13: 980/1641 Loss: 0.365003
2026-08-20 06:04: Train Epoch 13: 1000/1641 Loss: 0.362717
2026-08-20 06:04: Train Epoch 13: 1020/1641 Loss: 0.360238
2026-08-20 06:04: Train Epoch 13: 1040/1641 Loss: 0.366676
2026-08-20 06:05: Train Epoch 13: 1060/1641 Loss: 0.360418
2026-08-20 06:05: Train Epoch 13: 1080/1641 Loss: 0.367525
2026-08-20 06:05: Train Epoch 13: 1100/1641 Loss: 0.367083
2026-08-20 06:05: Train Epoch 13: 1120/1641 Loss: 0.385985
2026-08-20 06:05: Train Epoch 13: 1140/1641 Loss: 0.354982
2026-08-20 06:05: Train Epoch 13: 1160/1641 Loss: 0.344882
2026-08-20 06:05: Train Epoch 13: 1180/1641 Loss: 0.385472
2026-08-20 06:05: Train Epoch 13: 1200/1641 Loss: 0.357796
2026-08-20 06:05: Train Epoch 13: 1220/1641 Loss: 0.351448
2026-08-20 06:05: Train Epoch 13: 1240/1641 Loss: 0.373062
2026-08-20 06:05: Train Epoch 13: 1260/1641 Loss: 0.353599
2026-08-20 06:05: Train Epoch 13: 1280/1641 Loss: 0.361787
2026-08-20 06:05: Train Epoch 13: 1300/1641 Loss: 0.357897
2026-08-20 06:05: Train Epoch 13: 1320/1641 Loss: 0.372783
2026-08-20 06:05: Train Epoch 13: 1340/1641 Loss: 0.362785
2026-08-20 06:05: Train Epoch 13: 1360/1641 Loss: 0.386904
2026-08-20 06:05: Train Epoch 13: 1380/1641 Loss: 0.368610
2026-08-20 06:05: Train Epoch 13: 1400/1641 Loss: 0.346416
2026-08-20 06:05: Train Epoch 13: 1420/1641 Loss: 0.365800
2026-08-20 06:05: Train Epoch 13: 1440/1641 Loss: 0.356080
2026-08-20 06:05: Train Epoch 13: 1460/1641 Loss: 0.377372
2026-08-20 06:06: Train Epoch 13: 1480/1641 Loss: 0.341756
2026-08-20 06:06: Train Epoch 13: 1500/1641 Loss: 0.392004
2026-08-20 06:06: Train Epoch 13: 1520/1641 Loss: 0.352118
2026-08-20 06:06: Train Epoch 13: 1540/1641 Loss: 0.363011
2026-08-20 06:06: Train Epoch 13: 1560/1641 Loss: 0.357595
2026-08-20 06:06: Train Epoch 13: 1580/1641 Loss: 0.355801
2026-08-20 06:06: Train Epoch 13: 1600/1641 Loss: 0.376592
2026-08-20 06:06: Train Epoch 13: 1620/1641 Loss: 0.369809
2026-08-20 06:06: Train Epoch 13: 1640/1641 Loss: 0.360054
2026-08-20 06:06: **********Train Epoch 13: averaged Loss: 0.367060, tf_ratio: 1.000000
2026-08-20 06:06: **********Val Epoch 13: average Loss: 0.412421
2026-08-20 06:06: Train Epoch 14: 0/1641 Loss: 0.383636
2026-08-20 06:06: Train Epoch 14: 20/1641 Loss: 0.347198
2026-08-20 06:06: Train Epoch 14: 40/1641 Loss: 0.358970
2026-08-20 06:06: Train Epoch 14: 60/1641 Loss: 0.374265
2026-08-20 06:06: Train Epoch 14: 80/1641 Loss: 0.364256
2026-08-20 06:06: Train Epoch 14: 100/1641 Loss: 0.357129
2026-08-20 06:07: Train Epoch 14: 120/1641 Loss: 0.377025
2026-08-20 06:07: Train Epoch 14: 140/1641 Loss: 0.390603
2026-08-20 06:07: Train Epoch 14: 160/1641 Loss: 0.370804
2026-08-20 06:07: Train Epoch 14: 180/1641 Loss: 0.346723
2026-08-20 06:07: Train Epoch 14: 200/1641 Loss: 0.351117
2026-08-20 06:07: Train Epoch 14: 220/1641 Loss: 0.359563
2026-08-20 06:07: Train Epoch 14: 240/1641 Loss: 0.374793
2026-08-20 06:07: Train Epoch 14: 260/1641 Loss: 0.371231
2026-08-20 06:07: Train Epoch 14: 280/1641 Loss: 0.357213
2026-08-20 06:07: Train Epoch 14: 300/1641 Loss: 0.349695
2026-08-20 06:07: Train Epoch 14: 320/1641 Loss: 0.358823
2026-08-20 06:07: Train Epoch 14: 340/1641 Loss: 0.358653
2026-08-20 06:07: Train Epoch 14: 360/1641 Loss: 0.366167
2026-08-20 06:07: Train Epoch 14: 380/1641 Loss: 0.371804
2026-08-20 06:07: Train Epoch 14: 400/1641 Loss: 0.381500
2026-08-20 06:07: Train Epoch 14: 420/1641 Loss: 0.352510
2026-08-20 06:07: Train Epoch 14: 440/1641 Loss: 0.372887
2026-08-20 06:07: Train Epoch 14: 460/1641 Loss: 0.364448
2026-08-20 06:07: Train Epoch 14: 480/1641 Loss: 0.352901
2026-08-20 06:07: Train Epoch 14: 500/1641 Loss: 0.362691
2026-08-20 06:07: Train Epoch 14: 520/1641 Loss: 0.369923
2026-08-20 06:07: Train Epoch 14: 540/1641 Loss: 0.362526
2026-08-20 06:08: Train Epoch 14: 560/1641 Loss: 0.345561
2026-08-20 06:08: Train Epoch 14: 580/1641 Loss: 0.349914
2026-08-20 06:08: Train Epoch 14: 600/1641 Loss: 0.363730
2026-08-20 06:08: Train Epoch 14: 620/1641 Loss: 0.395028
2026-08-20 06:08: Train Epoch 14: 640/1641 Loss: 0.364802
2026-08-20 06:08: Train Epoch 14: 660/1641 Loss: 0.363283
2026-08-20 06:08: Train Epoch 14: 680/1641 Loss: 0.367926
2026-08-20 06:08: Train Epoch 14: 700/1641 Loss: 0.365816
2026-08-20 06:08: Train Epoch 14: 720/1641 Loss: 0.358638
2026-08-20 06:08: Train Epoch 14: 740/1641 Loss: 0.385608
2026-08-20 06:08: Train Epoch 14: 760/1641 Loss: 0.380450
2026-08-20 06:08: Train Epoch 14: 780/1641 Loss: 0.351712
2026-08-20 06:08: Train Epoch 14: 800/1641 Loss: 0.368466
2026-08-20 06:08: Train Epoch 14: 820/1641 Loss: 0.370886
2026-08-20 06:08: Train Epoch 14: 840/1641 Loss: 0.346530
2026-08-20 06:08: Train Epoch 14: 860/1641 Loss: 0.369167
2026-08-20 06:08: Train Epoch 14: 880/1641 Loss: 0.350527
2026-08-20 06:08: Train Epoch 14: 900/1641 Loss: 0.354909
2026-08-20 06:08: Train Epoch 14: 920/1641 Loss: 0.362090
2026-08-20 06:08: Train Epoch 14: 940/1641 Loss: 0.377540
2026-08-20 06:08: Train Epoch 14: 960/1641 Loss: 0.380317
2026-08-20 06:08: Train Epoch 14: 980/1641 Loss: 0.359048
2026-08-20 06:09: Train Epoch 14: 1000/1641 Loss: 0.349834
2026-08-20 06:09: Train Epoch 14: 1020/1641 Loss: 0.346081
2026-08-20 06:09: Train Epoch 14: 1040/1641 Loss: 0.376524
2026-08-20 06:09: Train Epoch 14: 1060/1641 Loss: 0.362325
2026-08-20 06:09: Train Epoch 14: 1080/1641 Loss: 0.348875
2026-08-20 06:09: Train Epoch 14: 1100/1641 Loss: 0.359227
2026-08-20 06:09: Train Epoch 14: 1120/1641 Loss: 0.361464
2026-08-20 06:09: Train Epoch 14: 1140/1641 Loss: 0.344880
2026-08-20 06:09: Train Epoch 14: 1160/1641 Loss: 0.361664
2026-08-20 06:09: Train Epoch 14: 1180/1641 Loss: 0.366893
2026-08-20 06:09: Train Epoch 14: 1200/1641 Loss: 0.360916
2026-08-20 06:09: Train Epoch 14: 1220/1641 Loss: 0.378797
2026-08-20 06:09: Train Epoch 14: 1240/1641 Loss: 0.340807
2026-08-20 06:09: Train Epoch 14: 1260/1641 Loss: 0.365919
2026-08-20 06:09: Train Epoch 14: 1280/1641 Loss: 0.367870
2026-08-20 06:09: Train Epoch 14: 1300/1641 Loss: 0.353189
2026-08-20 06:09: Train Epoch 14: 1320/1641 Loss: 0.355098
2026-08-20 06:09: Train Epoch 14: 1340/1641 Loss: 0.345795
2026-08-20 06:09: Train Epoch 14: 1360/1641 Loss: 0.378668
2026-08-20 06:09: Train Epoch 14: 1380/1641 Loss: 0.349517
2026-08-20 06:09: Train Epoch 14: 1400/1641 Loss: 0.365061
2026-08-20 06:09: Train Epoch 14: 1420/1641 Loss: 0.384802
2026-08-20 06:10: Train Epoch 14: 1440/1641 Loss: 0.356942
2026-08-20 06:10: Train Epoch 14: 1460/1641 Loss: 0.363713
2026-08-20 06:10: Train Epoch 14: 1480/1641 Loss: 0.369042
2026-08-20 06:10: Train Epoch 14: 1500/1641 Loss: 0.361859
2026-08-20 06:10: Train Epoch 14: 1520/1641 Loss: 0.369370
2026-08-20 06:10: Train Epoch 14: 1540/1641 Loss: 0.350917
2026-08-20 06:10: Train Epoch 14: 1560/1641 Loss: 0.356956
2026-08-20 06:10: Train Epoch 14: 1580/1641 Loss: 0.383613
2026-08-20 06:10: Train Epoch 14: 1600/1641 Loss: 0.338050
2026-08-20 06:10: Train Epoch 14: 1620/1641 Loss: 0.349640
2026-08-20 06:10: Train Epoch 14: 1640/1641 Loss: 0.334701
2026-08-20 06:10: **********Train Epoch 14: averaged Loss: 0.361082, tf_ratio: 1.000000
2026-08-20 06:10: **********Val Epoch 14: average Loss: 0.413282
2026-08-20 06:10: Train Epoch 15: 0/1641 Loss: 0.356514
2026-08-20 06:10: Train Epoch 15: 20/1641 Loss: 0.364634
2026-08-20 06:10: Train Epoch 15: 40/1641 Loss: 0.370529
2026-08-20 06:10: Train Epoch 15: 60/1641 Loss: 0.361485
2026-08-20 06:11: Train Epoch 15: 80/1641 Loss: 0.370464
2026-08-20 06:11: Train Epoch 15: 100/1641 Loss: 0.358649
2026-08-20 06:11: Train Epoch 15: 120/1641 Loss: 0.349119
2026-08-20 06:11: Train Epoch 15: 140/1641 Loss: 0.373849
2026-08-20 06:11: Train Epoch 15: 160/1641 Loss: 0.353952
2026-08-20 06:11: Train Epoch 15: 180/1641 Loss: 0.358305
2026-08-20 06:11: Train Epoch 15: 200/1641 Loss: 0.345086
2026-08-20 06:11: Train Epoch 15: 220/1641 Loss: 0.352843
2026-08-20 06:11: Train Epoch 15: 240/1641 Loss: 0.345793
2026-08-20 06:11: Train Epoch 15: 260/1641 Loss: 0.360259
2026-08-20 06:11: Train Epoch 15: 280/1641 Loss: 0.370831
2026-08-20 06:11: Train Epoch 15: 300/1641 Loss: 0.362671
2026-08-20 06:11: Train Epoch 15: 320/1641 Loss: 0.360188
2026-08-20 06:11: Train Epoch 15: 340/1641 Loss: 0.341192
2026-08-20 06:11: Train Epoch 15: 360/1641 Loss: 0.353532
2026-08-20 06:11: Train Epoch 15: 380/1641 Loss: 0.359527
2026-08-20 06:11: Train Epoch 15: 400/1641 Loss: 0.367552
2026-08-20 06:11: Train Epoch 15: 420/1641 Loss: 0.344880
2026-08-20 06:11: Train Epoch 15: 440/1641 Loss: 0.345044
2026-08-20 06:11: Train Epoch 15: 460/1641 Loss: 0.333362
2026-08-20 06:11: Train Epoch 15: 480/1641 Loss: 0.363919
2026-08-20 06:11: Train Epoch 15: 500/1641 Loss: 0.360761
2026-08-20 06:12: Train Epoch 15: 520/1641 Loss: 0.348910
2026-08-20 06:12: Train Epoch 15: 540/1641 Loss: 0.341798
2026-08-20 06:12: Train Epoch 15: 560/1641 Loss: 0.368092
2026-08-20 06:12: Train Epoch 15: 580/1641 Loss: 0.355338
2026-08-20 06:12: Train Epoch 15: 600/1641 Loss: 0.368892
2026-08-20 06:12: Train Epoch 15: 620/1641 Loss: 0.336531
2026-08-20 06:12: Train Epoch 15: 640/1641 Loss: 0.352838
2026-08-20 06:12: Train Epoch 15: 660/1641 Loss: 0.339027
2026-08-20 06:12: Train Epoch 15: 680/1641 Loss: 0.361755
2026-08-20 06:12: Train Epoch 15: 700/1641 Loss: 0.376462
2026-08-20 06:12: Train Epoch 15: 720/1641 Loss: 0.356375
2026-08-20 06:12: Train Epoch 15: 740/1641 Loss: 0.346992
2026-08-20 06:12: Train Epoch 15: 760/1641 Loss: 0.337246
2026-08-20 06:12: Train Epoch 15: 780/1641 Loss: 0.361486
2026-08-20 06:12: Train Epoch 15: 800/1641 Loss: 0.351902
2026-08-20 06:12: Train Epoch 15: 820/1641 Loss: 0.374366
2026-08-20 06:12: Train Epoch 15: 840/1641 Loss: 0.352489
2026-08-20 06:12: Train Epoch 15: 860/1641 Loss: 0.333257
2026-08-20 06:12: Train Epoch 15: 880/1641 Loss: 0.350406
2026-08-20 06:12: Train Epoch 15: 900/1641 Loss: 0.372838
2026-08-20 06:12: Train Epoch 15: 920/1641 Loss: 0.335761
2026-08-20 06:12: Train Epoch 15: 940/1641 Loss: 0.356404
2026-08-20 06:13: Train Epoch 15: 960/1641 Loss: 0.339972
2026-08-20 06:13: Train Epoch 15: 980/1641 Loss: 0.371579
2026-08-20 06:13: Train Epoch 15: 1000/1641 Loss: 0.390710
2026-08-20 06:13: Train Epoch 15: 1020/1641 Loss: 0.344249
2026-08-20 06:13: Train Epoch 15: 1040/1641 Loss: 0.347968
2026-08-20 06:13: Train Epoch 15: 1060/1641 Loss: 0.380412
2026-08-20 06:13: Train Epoch 15: 1080/1641 Loss: 0.353341
2026-08-20 06:13: Train Epoch 15: 1100/1641 Loss: 0.357846
2026-08-20 06:13: Train Epoch 15: 1120/1641 Loss: 0.337727
2026-08-20 06:13: Train Epoch 15: 1140/1641 Loss: 0.348864
2026-08-20 06:13: Train Epoch 15: 1160/1641 Loss: 0.352644
2026-08-20 06:13: Train Epoch 15: 1180/1641 Loss: 0.345995
2026-08-20 06:13: Train Epoch 15: 1200/1641 Loss: 0.339078
2026-08-20 06:13: Train Epoch 15: 1220/1641 Loss: 0.350489
2026-08-20 06:13: Train Epoch 15: 1240/1641 Loss: 0.366892
2026-08-20 06:13: Train Epoch 15: 1260/1641 Loss: 0.331163
2026-08-20 06:13: Train Epoch 15: 1280/1641 Loss: 0.342201
2026-08-20 06:13: Train Epoch 15: 1300/1641 Loss: 0.373804
2026-08-20 06:13: Train Epoch 15: 1320/1641 Loss: 0.349732
2026-08-20 06:13: Train Epoch 15: 1340/1641 Loss: 0.370846
2026-08-20 06:13: Train Epoch 15: 1360/1641 Loss: 0.334826
2026-08-20 06:13: Train Epoch 15: 1380/1641 Loss: 0.361203
2026-08-20 06:13: Train Epoch 15: 1400/1641 Loss: 0.338365
2026-08-20 06:14: Train Epoch 15: 1420/1641 Loss: 0.360521
2026-08-20 06:14: Train Epoch 15: 1440/1641 Loss: 0.342887
2026-08-20 06:14: Train Epoch 15: 1460/1641 Loss: 0.369935
2026-08-20 06:14: Train Epoch 15: 1480/1641 Loss: 0.362238
2026-08-20 06:14: Train Epoch 15: 1500/1641 Loss: 0.347332
2026-08-20 06:14: Train Epoch 15: 1520/1641 Loss: 0.335236
2026-08-20 06:14: Train Epoch 15: 1540/1641 Loss: 0.367227
2026-08-20 06:14: Train Epoch 15: 1560/1641 Loss: 0.336428
2026-08-20 06:14: Train Epoch 15: 1580/1641 Loss: 0.369332
2026-08-20 06:14: Train Epoch 15: 1600/1641 Loss: 0.374725
2026-08-20 06:14: Train Epoch 15: 1620/1641 Loss: 0.366740
2026-08-20 06:14: Train Epoch 15: 1640/1641 Loss: 0.356464
2026-08-20 06:14: **********Train Epoch 15: averaged Loss: 0.355542, tf_ratio: 1.000000
2026-08-20 06:14: **********Val Epoch 15: average Loss: 0.419321
2026-08-20 06:14: Train Epoch 16: 0/1641 Loss: 0.330678
2026-08-20 06:14: Train Epoch 16: 20/1641 Loss: 0.353876
2026-08-20 06:14: Train Epoch 16: 40/1641 Loss: 0.348706
2026-08-20 06:15: Train Epoch 16: 60/1641 Loss: 0.354758
2026-08-20 06:15: Train Epoch 16: 80/1641 Loss: 0.351692
2026-08-20 06:15: Train Epoch 16: 100/1641 Loss: 0.356871
2026-08-20 06:15: Train Epoch 16: 120/1641 Loss: 0.371848
2026-08-20 06:15: Train Epoch 16: 140/1641 Loss: 0.362330
2026-08-20 06:15: Train Epoch 16: 160/1641 Loss: 0.343870
2026-08-20 06:15: Train Epoch 16: 180/1641 Loss: 0.366121
2026-08-20 06:15: Train Epoch 16: 200/1641 Loss: 0.357933
2026-08-20 06:15: Train Epoch 16: 220/1641 Loss: 0.368346
2026-08-20 06:15: Train Epoch 16: 240/1641 Loss: 0.348544
2026-08-20 06:15: Train Epoch 16: 260/1641 Loss: 0.341121
2026-08-20 06:15: Train Epoch 16: 280/1641 Loss: 0.375785
2026-08-20 06:15: Train Epoch 16: 300/1641 Loss: 0.359713
2026-08-20 06:15: Train Epoch 16: 320/1641 Loss: 0.371966
2026-08-20 06:15: Train Epoch 16: 340/1641 Loss: 0.345550
2026-08-20 06:15: Train Epoch 16: 360/1641 Loss: 0.352598
2026-08-20 06:15: Train Epoch 16: 380/1641 Loss: 0.381339
2026-08-20 06:15: Train Epoch 16: 400/1641 Loss: 0.380810
2026-08-20 06:15: Train Epoch 16: 420/1641 Loss: 0.342791
2026-08-20 06:15: Train Epoch 16: 440/1641 Loss: 0.372439
2026-08-20 06:15: Train Epoch 16: 460/1641 Loss: 0.345988
2026-08-20 06:15: Train Epoch 16: 480/1641 Loss: 0.343864
2026-08-20 06:15: Train Epoch 16: 500/1641 Loss: 0.342320
2026-08-20 06:16: Train Epoch 16: 520/1641 Loss: 0.350584
2026-08-20 06:16: Train Epoch 16: 540/1641 Loss: 0.342825
2026-08-20 06:16: Train Epoch 16: 560/1641 Loss: 0.352677
2026-08-20 06:16: Train Epoch 16: 580/1641 Loss: 0.345381
2026-08-20 06:16: Train Epoch 16: 600/1641 Loss: 0.352137
2026-08-20 06:16: Train Epoch 16: 620/1641 Loss: 0.337424
2026-08-20 06:16: Train Epoch 16: 640/1641 Loss: 0.347567
2026-08-20 06:16: Train Epoch 16: 660/1641 Loss: 0.371557
2026-08-20 06:16: Train Epoch 16: 680/1641 Loss: 0.355515
2026-08-20 06:16: Train Epoch 16: 700/1641 Loss: 0.340538
2026-08-20 06:16: Train Epoch 16: 720/1641 Loss: 0.332758
2026-08-20 06:16: Train Epoch 16: 740/1641 Loss: 0.360829
2026-08-20 06:16: Train Epoch 16: 760/1641 Loss: 0.362240
2026-08-20 06:16: Train Epoch 16: 780/1641 Loss: 0.340904
2026-08-20 06:16: Train Epoch 16: 800/1641 Loss: 0.358624
2026-08-20 06:16: Train Epoch 16: 820/1641 Loss: 0.365157
2026-08-20 06:16: Train Epoch 16: 840/1641 Loss: 0.354822
2026-08-20 06:16: Train Epoch 16: 860/1641 Loss: 0.341152
2026-08-20 06:16: Train Epoch 16: 880/1641 Loss: 0.347659
2026-08-20 06:16: Train Epoch 16: 900/1641 Loss: 0.331381
2026-08-20 06:16: Train Epoch 16: 920/1641 Loss: 0.350102
2026-08-20 06:16: Train Epoch 16: 940/1641 Loss: 0.378304
2026-08-20 06:17: Train Epoch 16: 960/1641 Loss: 0.347590
2026-08-20 06:17: Train Epoch 16: 980/1641 Loss: 0.338984
2026-08-20 06:17: Train Epoch 16: 1000/1641 Loss: 0.343157
2026-08-20 06:17: Train Epoch 16: 1020/1641 Loss: 0.350260
2026-08-20 06:17: Train Epoch 16: 1040/1641 Loss: 0.333656
2026-08-20 06:17: Train Epoch 16: 1060/1641 Loss: 0.366784
2026-08-20 06:17: Train Epoch 16: 1080/1641 Loss: 0.355967
2026-08-20 06:17: Train Epoch 16: 1100/1641 Loss: 0.356622
2026-08-20 06:17: Train Epoch 16: 1120/1641 Loss: 0.344258
2026-08-20 06:17: Train Epoch 16: 1140/1641 Loss: 0.334882
2026-08-20 06:17: Train Epoch 16: 1160/1641 Loss: 0.350492
2026-08-20 06:17: Train Epoch 16: 1180/1641 Loss: 0.323479
2026-08-20 06:17: Train Epoch 16: 1200/1641 Loss: 0.366803
2026-08-20 06:17: Train Epoch 16: 1220/1641 Loss: 0.356444
2026-08-20 06:17: Train Epoch 16: 1240/1641 Loss: 0.335122
2026-08-20 06:17: Train Epoch 16: 1260/1641 Loss: 0.356649
2026-08-20 06:17: Train Epoch 16: 1280/1641 Loss: 0.372590
2026-08-20 06:17: Train Epoch 16: 1300/1641 Loss: 0.348969
2026-08-20 06:17: Train Epoch 16: 1320/1641 Loss: 0.340464
2026-08-20 06:17: Train Epoch 16: 1340/1641 Loss: 0.358232
2026-08-20 06:17: Train Epoch 16: 1360/1641 Loss: 0.368374
2026-08-20 06:17: Train Epoch 16: 1380/1641 Loss: 0.357902
2026-08-20 06:18: Train Epoch 16: 1400/1641 Loss: 0.354539
2026-08-20 06:18: Train Epoch 16: 1420/1641 Loss: 0.349895
2026-08-20 06:18: Train Epoch 16: 1440/1641 Loss: 0.356196
2026-08-20 06:18: Train Epoch 16: 1460/1641 Loss: 0.378012
2026-08-20 06:18: Train Epoch 16: 1480/1641 Loss: 0.359121
2026-08-20 06:18: Train Epoch 16: 1500/1641 Loss: 0.338173
2026-08-20 06:18: Train Epoch 16: 1520/1641 Loss: 0.337809
2026-08-20 06:18: Train Epoch 16: 1540/1641 Loss: 0.371139
2026-08-20 06:18: Train Epoch 16: 1560/1641 Loss: 0.342678
2026-08-20 06:18: Train Epoch 16: 1580/1641 Loss: 0.333356
2026-08-20 06:18: Train Epoch 16: 1600/1641 Loss: 0.350271
2026-08-20 06:18: Train Epoch 16: 1620/1641 Loss: 0.341521
2026-08-20 06:18: Train Epoch 16: 1640/1641 Loss: 0.332188
2026-08-20 06:18: **********Train Epoch 16: averaged Loss: 0.349930, tf_ratio: 1.000000
2026-08-20 06:18: **********Val Epoch 16: average Loss: 0.418021
2026-08-20 06:18: Train Epoch 17: 0/1641 Loss: 0.340729
2026-08-20 06:18: Train Epoch 17: 20/1641 Loss: 0.343209
2026-08-20 06:18: Train Epoch 17: 40/1641 Loss: 0.353582
2026-08-20 06:19: Train Epoch 17: 60/1641 Loss: 0.348313
2026-08-20 06:19: Train Epoch 17: 80/1641 Loss: 0.324475
2026-08-20 06:19: Train Epoch 17: 100/1641 Loss: 0.360839
2026-08-20 06:19: Train Epoch 17: 120/1641 Loss: 0.348739
2026-08-20 06:19: Train Epoch 17: 140/1641 Loss: 0.331188
2026-08-20 06:19: Train Epoch 17: 160/1641 Loss: 0.320102
2026-08-20 06:19: Train Epoch 17: 180/1641 Loss: 0.343871
2026-08-20 06:19: Train Epoch 17: 200/1641 Loss: 0.358913
2026-08-20 06:19: Train Epoch 17: 220/1641 Loss: 0.353219
2026-08-20 06:19: Train Epoch 17: 240/1641 Loss: 0.328340
2026-08-20 06:19: Train Epoch 17: 260/1641 Loss: 0.378508
2026-08-20 06:19: Train Epoch 17: 280/1641 Loss: 0.341951
2026-08-20 06:19: Train Epoch 17: 300/1641 Loss: 0.349640
2026-08-20 06:19: Train Epoch 17: 320/1641 Loss: 0.352000
2026-08-20 06:19: Train Epoch 17: 340/1641 Loss: 0.362540
2026-08-20 06:19: Train Epoch 17: 360/1641 Loss: 0.341862
2026-08-20 06:19: Train Epoch 17: 380/1641 Loss: 0.374498
2026-08-20 06:19: Train Epoch 17: 400/1641 Loss: 0.330161
2026-08-20 06:19: Train Epoch 17: 420/1641 Loss: 0.367267
2026-08-20 06:19: Train Epoch 17: 440/1641 Loss: 0.344916
2026-08-20 06:19: Train Epoch 17: 460/1641 Loss: 0.365287
2026-08-20 06:19: Train Epoch 17: 480/1641 Loss: 0.352617
2026-08-20 06:20: Train Epoch 17: 500/1641 Loss: 0.340358
2026-08-20 06:20: Train Epoch 17: 520/1641 Loss: 0.358853
2026-08-20 06:20: Train Epoch 17: 540/1641 Loss: 0.365669
2026-08-20 06:20: Train Epoch 17: 560/1641 Loss: 0.349768
2026-08-20 06:20: Train Epoch 17: 580/1641 Loss: 0.359711
2026-08-20 06:20: Train Epoch 17: 600/1641 Loss: 0.313601
2026-08-20 06:20: Train Epoch 17: 620/1641 Loss: 0.331723
2026-08-20 06:20: Train Epoch 17: 640/1641 Loss: 0.356434
2026-08-20 06:20: Train Epoch 17: 660/1641 Loss: 0.341054
2026-08-20 06:20: Train Epoch 17: 680/1641 Loss: 0.322756
2026-08-20 06:20: Train Epoch 17: 700/1641 Loss: 0.360617
2026-08-20 06:20: Train Epoch 17: 720/1641 Loss: 0.332035
2026-08-20 06:20: Train Epoch 17: 740/1641 Loss: 0.349936
2026-08-20 06:20: Train Epoch 17: 760/1641 Loss: 0.337343
2026-08-20 06:20: Train Epoch 17: 780/1641 Loss: 0.346750
2026-08-20 06:20: Train Epoch 17: 800/1641 Loss: 0.348360
2026-08-20 06:20: Train Epoch 17: 820/1641 Loss: 0.342305
2026-08-20 06:20: Train Epoch 17: 840/1641 Loss: 0.364429
2026-08-20 06:20: Train Epoch 17: 860/1641 Loss: 0.326191
2026-08-20 06:20: Train Epoch 17: 880/1641 Loss: 0.328699
2026-08-20 06:20: Train Epoch 17: 900/1641 Loss: 0.357438
2026-08-20 06:20: Train Epoch 17: 920/1641 Loss: 0.358281
2026-08-20 06:20: Train Epoch 17: 940/1641 Loss: 0.355388
2026-08-20 06:21: Train Epoch 17: 960/1641 Loss: 0.339590
2026-08-20 06:21: Train Epoch 17: 980/1641 Loss: 0.366597
2026-08-20 06:21: Train Epoch 17: 1000/1641 Loss: 0.352175
2026-08-20 06:21: Train Epoch 17: 1020/1641 Loss: 0.339221
2026-08-20 06:21: Train Epoch 17: 1040/1641 Loss: 0.350816
2026-08-20 06:21: Train Epoch 17: 1060/1641 Loss: 0.348156
2026-08-20 06:21: Train Epoch 17: 1080/1641 Loss: 0.369826
2026-08-20 06:21: Train Epoch 17: 1100/1641 Loss: 0.356348
2026-08-20 06:21: Train Epoch 17: 1120/1641 Loss: 0.332543
2026-08-20 06:21: Train Epoch 17: 1140/1641 Loss: 0.346219
2026-08-20 06:21: Train Epoch 17: 1160/1641 Loss: 0.343301
2026-08-20 06:21: Train Epoch 17: 1180/1641 Loss: 0.360890
2026-08-20 06:21: Train Epoch 17: 1200/1641 Loss: 0.361865
2026-08-20 06:21: Train Epoch 17: 1220/1641 Loss: 0.353437
2026-08-20 06:21: Train Epoch 17: 1240/1641 Loss: 0.353453
2026-08-20 06:21: Train Epoch 17: 1260/1641 Loss: 0.353966
2026-08-20 06:21: Train Epoch 17: 1280/1641 Loss: 0.325195
2026-08-20 06:21: Train Epoch 17: 1300/1641 Loss: 0.348592
2026-08-20 06:21: Train Epoch 17: 1320/1641 Loss: 0.343635
2026-08-20 06:21: Train Epoch 17: 1340/1641 Loss: 0.343435
2026-08-20 06:21: Train Epoch 17: 1360/1641 Loss: 0.340798
2026-08-20 06:21: Train Epoch 17: 1380/1641 Loss: 0.349232
2026-08-20 06:22: Train Epoch 17: 1400/1641 Loss: 0.339861
2026-08-20 06:22: Train Epoch 17: 1420/1641 Loss: 0.338987
2026-08-20 06:22: Train Epoch 17: 1440/1641 Loss: 0.347796
2026-08-20 06:22: Train Epoch 17: 1460/1641 Loss: 0.355051
2026-08-20 06:22: Train Epoch 17: 1480/1641 Loss: 0.360081
2026-08-20 06:22: Train Epoch 17: 1500/1641 Loss: 0.366052
2026-08-20 06:22: Train Epoch 17: 1520/1641 Loss: 0.339061
2026-08-20 06:22: Train Epoch 17: 1540/1641 Loss: 0.343747
2026-08-20 06:22: Train Epoch 17: 1560/1641 Loss: 0.363133
2026-08-20 06:22: Train Epoch 17: 1580/1641 Loss: 0.357118
2026-08-20 06:22: Train Epoch 17: 1600/1641 Loss: 0.334930
2026-08-20 06:22: Train Epoch 17: 1620/1641 Loss: 0.329001
2026-08-20 06:22: Train Epoch 17: 1640/1641 Loss: 0.353257
2026-08-20 06:22: **********Train Epoch 17: averaged Loss: 0.344780, tf_ratio: 1.000000
2026-08-20 06:22: **********Val Epoch 17: average Loss: 0.419138
2026-08-20 06:22: Train Epoch 18: 0/1641 Loss: 0.352058
2026-08-20 06:22: Train Epoch 18: 20/1641 Loss: 0.317197
2026-08-20 06:22: Train Epoch 18: 40/1641 Loss: 0.333819
2026-08-20 06:23: Train Epoch 18: 60/1641 Loss: 0.327414
2026-08-20 06:23: Train Epoch 18: 80/1641 Loss: 0.331829
2026-08-20 06:23: Train Epoch 18: 100/1641 Loss: 0.350938
2026-08-20 06:23: Train Epoch 18: 120/1641 Loss: 0.325273
2026-08-20 06:23: Train Epoch 18: 140/1641 Loss: 0.316743
2026-08-20 06:23: Train Epoch 18: 160/1641 Loss: 0.349718
2026-08-20 06:23: Train Epoch 18: 180/1641 Loss: 0.343480
2026-08-20 06:23: Train Epoch 18: 200/1641 Loss: 0.344388
2026-08-20 06:23: Train Epoch 18: 220/1641 Loss: 0.342885
2026-08-20 06:23: Train Epoch 18: 240/1641 Loss: 0.324878
2026-08-20 06:23: Train Epoch 18: 260/1641 Loss: 0.337758
2026-08-20 06:23: Train Epoch 18: 280/1641 Loss: 0.337735
2026-08-20 06:23: Train Epoch 18: 300/1641 Loss: 0.322251
2026-08-20 06:23: Train Epoch 18: 320/1641 Loss: 0.334688
2026-08-20 06:23: Train Epoch 18: 340/1641 Loss: 0.336702
2026-08-20 06:23: Train Epoch 18: 360/1641 Loss: 0.336460
2026-08-20 06:23: Train Epoch 18: 380/1641 Loss: 0.323989
2026-08-20 06:23: Train Epoch 18: 400/1641 Loss: 0.347075
2026-08-20 06:23: Train Epoch 18: 420/1641 Loss: 0.331549
2026-08-20 06:23: Train Epoch 18: 440/1641 Loss: 0.321591
2026-08-20 06:23: Train Epoch 18: 460/1641 Loss: 0.340266
2026-08-20 06:23: Train Epoch 18: 480/1641 Loss: 0.327129
2026-08-20 06:24: Train Epoch 18: 500/1641 Loss: 0.322269
2026-08-20 06:24: Train Epoch 18: 520/1641 Loss: 0.334854
2026-08-20 06:24: Train Epoch 18: 540/1641 Loss: 0.317771
2026-08-20 06:24: Train Epoch 18: 560/1641 Loss: 0.342771
2026-08-20 06:24: Train Epoch 18: 580/1641 Loss: 0.348376
2026-08-20 06:24: Train Epoch 18: 600/1641 Loss: 0.340482
2026-08-20 06:24: Train Epoch 18: 620/1641 Loss: 0.359596
2026-08-20 06:24: Train Epoch 18: 640/1641 Loss: 0.345720
2026-08-20 06:24: Train Epoch 18: 660/1641 Loss: 0.331084
2026-08-20 06:24: Train Epoch 18: 680/1641 Loss: 0.335967
2026-08-20 06:24: Train Epoch 18: 700/1641 Loss: 0.340489
2026-08-20 06:24: Train Epoch 18: 720/1641 Loss: 0.349108
2026-08-20 06:24: Train Epoch 18: 740/1641 Loss: 0.371674
2026-08-20 06:24: Train Epoch 18: 760/1641 Loss: 0.339633
2026-08-20 06:24: Train Epoch 18: 780/1641 Loss: 0.341572
2026-08-20 06:24: Train Epoch 18: 800/1641 Loss: 0.324197
2026-08-20 06:24: Train Epoch 18: 820/1641 Loss: 0.343626
2026-08-20 06:24: Train Epoch 18: 840/1641 Loss: 0.368261
2026-08-20 06:24: Train Epoch 18: 860/1641 Loss: 0.336056
2026-08-20 06:24: Train Epoch 18: 880/1641 Loss: 0.349142
2026-08-20 06:24: Train Epoch 18: 900/1641 Loss: 0.336623
2026-08-20 06:24: Train Epoch 18: 920/1641 Loss: 0.335922
2026-08-20 06:25: Train Epoch 18: 940/1641 Loss: 0.320493
2026-08-20 06:25: Train Epoch 18: 960/1641 Loss: 0.342796
2026-08-20 06:25: Train Epoch 18: 980/1641 Loss: 0.351767
2026-08-20 06:25: Train Epoch 18: 1000/1641 Loss: 0.338929
2026-08-20 06:25: Train Epoch 18: 1020/1641 Loss: 0.341242
2026-08-20 06:25: Train Epoch 18: 1040/1641 Loss: 0.354805
2026-08-20 06:25: Train Epoch 18: 1060/1641 Loss: 0.312294
2026-08-20 06:25: Train Epoch 18: 1080/1641 Loss: 0.340211
2026-08-20 06:25: Train Epoch 18: 1100/1641 Loss: 0.355848
2026-08-20 06:25: Train Epoch 18: 1120/1641 Loss: 0.313792
2026-08-20 06:25: Train Epoch 18: 1140/1641 Loss: 0.346569
2026-08-20 06:25: Train Epoch 18: 1160/1641 Loss: 0.352280
2026-08-20 06:25: Train Epoch 18: 1180/1641 Loss: 0.365893
2026-08-20 06:25: Train Epoch 18: 1200/1641 Loss: 0.330151
2026-08-20 06:25: Train Epoch 18: 1220/1641 Loss: 0.334112
2026-08-20 06:25: Train Epoch 18: 1240/1641 Loss: 0.341853
2026-08-20 06:25: Train Epoch 18: 1260/1641 Loss: 0.317791
2026-08-20 06:25: Train Epoch 18: 1280/1641 Loss: 0.342860
2026-08-20 06:25: Train Epoch 18: 1300/1641 Loss: 0.322814
2026-08-20 06:25: Train Epoch 18: 1320/1641 Loss: 0.342394
2026-08-20 06:25: Train Epoch 18: 1340/1641 Loss: 0.348011
2026-08-20 06:25: Train Epoch 18: 1360/1641 Loss: 0.328913
2026-08-20 06:25: Train Epoch 18: 1380/1641 Loss: 0.344099
2026-08-20 06:26: Train Epoch 18: 1400/1641 Loss: 0.329944
2026-08-20 06:26: Train Epoch 18: 1420/1641 Loss: 0.337346
2026-08-20 06:26: Train Epoch 18: 1440/1641 Loss: 0.345781
2026-08-20 06:26: Train Epoch 18: 1460/1641 Loss: 0.362827
2026-08-20 06:26: Train Epoch 18: 1480/1641 Loss: 0.345577
2026-08-20 06:26: Train Epoch 18: 1500/1641 Loss: 0.358057
2026-08-20 06:26: Train Epoch 18: 1520/1641 Loss: 0.364764
2026-08-20 06:26: Train Epoch 18: 1540/1641 Loss: 0.348380
2026-08-20 06:26: Train Epoch 18: 1560/1641 Loss: 0.324854
2026-08-20 06:26: Train Epoch 18: 1580/1641 Loss: 0.342374
2026-08-20 06:26: Train Epoch 18: 1600/1641 Loss: 0.347706
2026-08-20 06:26: Train Epoch 18: 1620/1641 Loss: 0.337100
2026-08-20 06:26: Train Epoch 18: 1640/1641 Loss: 0.337531
2026-08-20 06:26: **********Train Epoch 18: averaged Loss: 0.339649, tf_ratio: 1.000000
2026-08-20 06:26: **********Val Epoch 18: average Loss: 0.420569
2026-08-20 06:26: Train Epoch 19: 0/1641 Loss: 0.331543
2026-08-20 06:26: Train Epoch 19: 20/1641 Loss: 0.342108
2026-08-20 06:27: Train Epoch 19: 40/1641 Loss: 0.322121
2026-08-20 06:27: Train Epoch 19: 60/1641 Loss: 0.338629
2026-08-20 06:27: Train Epoch 19: 80/1641 Loss: 0.350066
2026-08-20 06:27: Train Epoch 19: 100/1641 Loss: 0.306760
2026-08-20 06:27: Train Epoch 19: 120/1641 Loss: 0.338682
2026-08-20 06:27: Train Epoch 19: 140/1641 Loss: 0.322918
2026-08-20 06:27: Train Epoch 19: 160/1641 Loss: 0.330136
2026-08-20 06:27: Train Epoch 19: 180/1641 Loss: 0.350425
2026-08-20 06:27: Train Epoch 19: 200/1641 Loss: 0.341751
2026-08-20 06:27: Train Epoch 19: 220/1641 Loss: 0.326794
2026-08-20 06:27: Train Epoch 19: 240/1641 Loss: 0.340108
2026-08-20 06:27: Train Epoch 19: 260/1641 Loss: 0.350920
2026-08-20 06:27: Train Epoch 19: 280/1641 Loss: 0.348038
2026-08-20 06:27: Train Epoch 19: 300/1641 Loss: 0.341819
2026-08-20 06:27: Train Epoch 19: 320/1641 Loss: 0.325066
2026-08-20 06:27: Train Epoch 19: 340/1641 Loss: 0.317060
2026-08-20 06:27: Train Epoch 19: 360/1641 Loss: 0.342699
2026-08-20 06:27: Train Epoch 19: 380/1641 Loss: 0.314827
2026-08-20 06:27: Train Epoch 19: 400/1641 Loss: 0.340886
2026-08-20 06:27: Train Epoch 19: 420/1641 Loss: 0.318018
2026-08-20 06:27: Train Epoch 19: 440/1641 Loss: 0.344606
2026-08-20 06:27: Train Epoch 19: 460/1641 Loss: 0.330757
2026-08-20 06:27: Train Epoch 19: 480/1641 Loss: 0.334190
2026-08-20 06:28: Train Epoch 19: 500/1641 Loss: 0.309608
2026-08-20 06:28: Train Epoch 19: 520/1641 Loss: 0.341871
2026-08-20 06:28: Train Epoch 19: 540/1641 Loss: 0.357159
2026-08-20 06:28: Train Epoch 19: 560/1641 Loss: 0.332802
2026-08-20 06:28: Train Epoch 19: 580/1641 Loss: 0.340927
2026-08-20 06:28: Train Epoch 19: 600/1641 Loss: 0.341073
2026-08-20 06:28: Train Epoch 19: 620/1641 Loss: 0.327935
2026-08-20 06:28: Train Epoch 19: 640/1641 Loss: 0.337771
2026-08-20 06:28: Train Epoch 19: 660/1641 Loss: 0.344445
2026-08-20 06:28: Train Epoch 19: 680/1641 Loss: 0.340571
2026-08-20 06:28: Train Epoch 19: 700/1641 Loss: 0.350351
2026-08-20 06:28: Train Epoch 19: 720/1641 Loss: 0.355935
2026-08-20 06:28: Train Epoch 19: 740/1641 Loss: 0.326056
2026-08-20 06:28: Train Epoch 19: 760/1641 Loss: 0.327778
2026-08-20 06:28: Train Epoch 19: 780/1641 Loss: 0.344857
2026-08-20 06:28: Train Epoch 19: 800/1641 Loss: 0.323824
2026-08-20 06:28: Train Epoch 19: 820/1641 Loss: 0.355342
2026-08-20 06:28: Train Epoch 19: 840/1641 Loss: 0.353112
2026-08-20 06:28: Train Epoch 19: 860/1641 Loss: 0.329263
2026-08-20 06:28: Train Epoch 19: 880/1641 Loss: 0.343380
2026-08-20 06:28: Train Epoch 19: 900/1641 Loss: 0.313397
2026-08-20 06:28: Train Epoch 19: 920/1641 Loss: 0.324457
2026-08-20 06:29: Train Epoch 19: 940/1641 Loss: 0.312726
2026-08-20 06:29: Train Epoch 19: 960/1641 Loss: 0.349411
2026-08-20 06:29: Train Epoch 19: 980/1641 Loss: 0.313776
2026-08-20 06:29: Train Epoch 19: 1000/1641 Loss: 0.314261
2026-08-20 06:29: Train Epoch 19: 1020/1641 Loss: 0.335903
2026-08-20 06:29: Train Epoch 19: 1040/1641 Loss: 0.332384
2026-08-20 06:29: Train Epoch 19: 1060/1641 Loss: 0.342925
2026-08-20 06:29: Train Epoch 19: 1080/1641 Loss: 0.337804
2026-08-20 06:29: Train Epoch 19: 1100/1641 Loss: 0.324657
2026-08-20 06:29: Train Epoch 19: 1120/1641 Loss: 0.344673
2026-08-20 06:29: Train Epoch 19: 1140/1641 Loss: 0.348320
2026-08-20 06:29: Train Epoch 19: 1160/1641 Loss: 0.321540
2026-08-20 06:29: Train Epoch 19: 1180/1641 Loss: 0.322806
2026-08-20 06:29: Train Epoch 19: 1200/1641 Loss: 0.340492
2026-08-20 06:29: Train Epoch 19: 1220/1641 Loss: 0.340458
2026-08-20 06:29: Train Epoch 19: 1240/1641 Loss: 0.365283
2026-08-20 06:29: Train Epoch 19: 1260/1641 Loss: 0.321626
2026-08-20 06:29: Train Epoch 19: 1280/1641 Loss: 0.333207
2026-08-20 06:29: Train Epoch 19: 1300/1641 Loss: 0.326811
2026-08-20 06:29: Train Epoch 19: 1320/1641 Loss: 0.319220
2026-08-20 06:29: Train Epoch 19: 1340/1641 Loss: 0.328487
2026-08-20 06:29: Train Epoch 19: 1360/1641 Loss: 0.323528
2026-08-20 06:30: Train Epoch 19: 1380/1641 Loss: 0.333218
2026-08-20 06:30: Train Epoch 19: 1400/1641 Loss: 0.329035
2026-08-20 06:30: Train Epoch 19: 1420/1641 Loss: 0.337170
2026-08-20 06:30: Train Epoch 19: 1440/1641 Loss: 0.337830
2026-08-20 06:30: Train Epoch 19: 1460/1641 Loss: 0.334877
2026-08-20 06:30: Train Epoch 19: 1480/1641 Loss: 0.338973
2026-08-20 06:30: Train Epoch 19: 1500/1641 Loss: 0.354625
2026-08-20 06:30: Train Epoch 19: 1520/1641 Loss: 0.330166
2026-08-20 06:30: Train Epoch 19: 1540/1641 Loss: 0.320164
2026-08-20 06:30: Train Epoch 19: 1560/1641 Loss: 0.337935
2026-08-20 06:30: Train Epoch 19: 1580/1641 Loss: 0.335103
2026-08-20 06:30: Train Epoch 19: 1600/1641 Loss: 0.333697
2026-08-20 06:30: Train Epoch 19: 1620/1641 Loss: 0.324104
2026-08-20 06:30: Train Epoch 19: 1640/1641 Loss: 0.323158
2026-08-20 06:30: **********Train Epoch 19: averaged Loss: 0.334666, tf_ratio: 1.000000
2026-08-20 06:30: **********Val Epoch 19: average Loss: 0.423555
2026-08-20 06:30: Train Epoch 20: 0/1641 Loss: 0.336621
2026-08-20 06:30: Train Epoch 20: 20/1641 Loss: 0.328744
2026-08-20 06:31: Train Epoch 20: 40/1641 Loss: 0.327346
2026-08-20 06:31: Train Epoch 20: 60/1641 Loss: 0.339459
2026-08-20 06:31: Train Epoch 20: 80/1641 Loss: 0.340662
2026-08-20 06:31: Train Epoch 20: 100/1641 Loss: 0.335682
2026-08-20 06:31: Train Epoch 20: 120/1641 Loss: 0.331535
2026-08-20 06:31: Train Epoch 20: 140/1641 Loss: 0.330287
2026-08-20 06:31: Train Epoch 20: 160/1641 Loss: 0.341264
2026-08-20 06:31: Train Epoch 20: 180/1641 Loss: 0.314536
2026-08-20 06:31: Train Epoch 20: 200/1641 Loss: 0.325321
2026-08-20 06:31: Train Epoch 20: 220/1641 Loss: 0.321827
2026-08-20 06:31: Train Epoch 20: 240/1641 Loss: 0.313871
2026-08-20 06:31: Train Epoch 20: 260/1641 Loss: 0.326757
2026-08-20 06:31: Train Epoch 20: 280/1641 Loss: 0.334421
2026-08-20 06:31: Train Epoch 20: 300/1641 Loss: 0.339317
2026-08-20 06:31: Train Epoch 20: 320/1641 Loss: 0.334995
2026-08-20 06:31: Train Epoch 20: 340/1641 Loss: 0.321516
2026-08-20 06:31: Train Epoch 20: 360/1641 Loss: 0.326503
2026-08-20 06:31: Train Epoch 20: 380/1641 Loss: 0.327073
2026-08-20 06:31: Train Epoch 20: 400/1641 Loss: 0.322515
2026-08-20 06:31: Train Epoch 20: 420/1641 Loss: 0.325206
2026-08-20 06:31: Train Epoch 20: 440/1641 Loss: 0.325675
2026-08-20 06:31: Train Epoch 20: 460/1641 Loss: 0.339489
2026-08-20 06:32: Train Epoch 20: 480/1641 Loss: 0.330692
2026-08-20 06:32: Train Epoch 20: 500/1641 Loss: 0.333017
2026-08-20 06:32: Train Epoch 20: 520/1641 Loss: 0.330819
2026-08-20 06:32: Train Epoch 20: 540/1641 Loss: 0.336924
2026-08-20 06:32: Train Epoch 20: 560/1641 Loss: 0.323717
2026-08-20 06:32: Train Epoch 20: 580/1641 Loss: 0.315320
2026-08-20 06:32: Train Epoch 20: 600/1641 Loss: 0.327552
2026-08-20 06:32: Train Epoch 20: 620/1641 Loss: 0.339365
2026-08-20 06:32: Train Epoch 20: 640/1641 Loss: 0.326194
2026-08-20 06:32: Train Epoch 20: 660/1641 Loss: 0.338364
2026-08-20 06:32: Train Epoch 20: 680/1641 Loss: 0.350509
2026-08-20 06:32: Train Epoch 20: 700/1641 Loss: 0.322276
2026-08-20 06:32: Train Epoch 20: 720/1641 Loss: 0.331162
2026-08-20 06:32: Train Epoch 20: 740/1641 Loss: 0.311981
2026-08-20 06:32: Train Epoch 20: 760/1641 Loss: 0.333445
2026-08-20 06:32: Train Epoch 20: 780/1641 Loss: 0.320358
2026-08-20 06:32: Train Epoch 20: 800/1641 Loss: 0.316637
2026-08-20 06:32: Train Epoch 20: 820/1641 Loss: 0.315895
2026-08-20 06:32: Train Epoch 20: 840/1641 Loss: 0.327946
2026-08-20 06:32: Train Epoch 20: 860/1641 Loss: 0.350688
2026-08-20 06:32: Train Epoch 20: 880/1641 Loss: 0.314825
2026-08-20 06:32: Train Epoch 20: 900/1641 Loss: 0.328989
2026-08-20 06:32: Train Epoch 20: 920/1641 Loss: 0.338719
2026-08-20 06:33: Train Epoch 20: 940/1641 Loss: 0.316754
2026-08-20 06:33: Train Epoch 20: 960/1641 Loss: 0.323490
2026-08-20 06:33: Train Epoch 20: 980/1641 Loss: 0.308496
2026-08-20 06:33: Train Epoch 20: 1000/1641 Loss: 0.324057
2026-08-20 06:33: Train Epoch 20: 1020/1641 Loss: 0.323507
2026-08-20 06:33: Train Epoch 20: 1040/1641 Loss: 0.338549
2026-08-20 06:33: Train Epoch 20: 1060/1641 Loss: 0.341771
2026-08-20 06:33: Train Epoch 20: 1080/1641 Loss: 0.328561
2026-08-20 06:33: Train Epoch 20: 1100/1641 Loss: 0.306692
2026-08-20 06:33: Train Epoch 20: 1120/1641 Loss: 0.331807
2026-08-20 06:33: Train Epoch 20: 1140/1641 Loss: 0.332528
2026-08-20 06:33: Train Epoch 20: 1160/1641 Loss: 0.300817
2026-08-20 06:33: Train Epoch 20: 1180/1641 Loss: 0.313191
2026-08-20 06:33: Train Epoch 20: 1200/1641 Loss: 0.315955
2026-08-20 06:33: Train Epoch 20: 1220/1641 Loss: 0.341821
2026-08-20 06:33: Train Epoch 20: 1240/1641 Loss: 0.320185
2026-08-20 06:33: Train Epoch 20: 1260/1641 Loss: 0.332371
2026-08-20 06:33: Train Epoch 20: 1280/1641 Loss: 0.333132
2026-08-20 06:33: Train Epoch 20: 1300/1641 Loss: 0.319721
2026-08-20 06:33: Train Epoch 20: 1320/1641 Loss: 0.323414
2026-08-20 06:33: Train Epoch 20: 1340/1641 Loss: 0.336951
2026-08-20 06:33: Train Epoch 20: 1360/1641 Loss: 0.307825
2026-08-20 06:34: Train Epoch 20: 1380/1641 Loss: 0.329957
2026-08-20 06:34: Train Epoch 20: 1400/1641 Loss: 0.334198
2026-08-20 06:34: Train Epoch 20: 1420/1641 Loss: 0.325182
2026-08-20 06:34: Train Epoch 20: 1440/1641 Loss: 0.342004
2026-08-20 06:34: Train Epoch 20: 1460/1641 Loss: 0.352438
2026-08-20 06:34: Train Epoch 20: 1480/1641 Loss: 0.319888
2026-08-20 06:34: Train Epoch 20: 1500/1641 Loss: 0.334850
2026-08-20 06:34: Train Epoch 20: 1520/1641 Loss: 0.316113
2026-08-20 06:34: Train Epoch 20: 1540/1641 Loss: 0.322798
2026-08-20 06:34: Train Epoch 20: 1560/1641 Loss: 0.323270
2026-08-20 06:34: Train Epoch 20: 1580/1641 Loss: 0.338459
2026-08-20 06:34: Train Epoch 20: 1600/1641 Loss: 0.316769
2026-08-20 06:34: Train Epoch 20: 1620/1641 Loss: 0.327406
2026-08-20 06:34: Train Epoch 20: 1640/1641 Loss: 0.324758
2026-08-20 06:34: **********Train Epoch 20: averaged Loss: 0.329902, tf_ratio: 1.000000
2026-08-20 06:34: **********Val Epoch 20: average Loss: 0.422842
2026-08-20 06:34: Train Epoch 21: 0/1641 Loss: 0.321923
2026-08-20 06:35: Train Epoch 21: 20/1641 Loss: 0.317509
2026-08-20 06:35: Train Epoch 21: 40/1641 Loss: 0.309034
2026-08-20 06:35: Train Epoch 21: 60/1641 Loss: 0.321703
2026-08-20 06:35: Train Epoch 21: 80/1641 Loss: 0.347554
2026-08-20 06:35: Train Epoch 21: 100/1641 Loss: 0.332468
2026-08-20 06:35: Train Epoch 21: 120/1641 Loss: 0.322814
2026-08-20 06:35: Train Epoch 21: 140/1641 Loss: 0.342606
2026-08-20 06:35: Train Epoch 21: 160/1641 Loss: 0.333795
2026-08-20 06:35: Train Epoch 21: 180/1641 Loss: 0.332664
2026-08-20 06:35: Train Epoch 21: 200/1641 Loss: 0.328239
2026-08-20 06:35: Train Epoch 21: 220/1641 Loss: 0.339114
2026-08-20 06:35: Train Epoch 21: 240/1641 Loss: 0.346057
2026-08-20 06:35: Train Epoch 21: 260/1641 Loss: 0.317417
2026-08-20 06:35: Train Epoch 21: 280/1641 Loss: 0.344528
2026-08-20 06:35: Train Epoch 21: 300/1641 Loss: 0.334920
2026-08-20 06:35: Train Epoch 21: 320/1641 Loss: 0.337355
2026-08-20 06:35: Train Epoch 21: 340/1641 Loss: 0.342160
2026-08-20 06:35: Train Epoch 21: 360/1641 Loss: 0.341690
2026-08-20 06:35: Train Epoch 21: 380/1641 Loss: 0.323720
2026-08-20 06:35: Train Epoch 21: 400/1641 Loss: 0.325284
2026-08-20 06:35: Train Epoch 21: 420/1641 Loss: 0.333417
2026-08-20 06:35: Train Epoch 21: 440/1641 Loss: 0.326852
2026-08-20 06:35: Train Epoch 21: 460/1641 Loss: 0.315508
2026-08-20 06:36: Train Epoch 21: 480/1641 Loss: 0.318775
2026-08-20 06:36: Train Epoch 21: 500/1641 Loss: 0.323279
2026-08-20 06:36: Train Epoch 21: 520/1641 Loss: 0.327194
2026-08-20 06:36: Train Epoch 21: 540/1641 Loss: 0.324358
2026-08-20 06:36: Train Epoch 21: 560/1641 Loss: 0.308925
2026-08-20 06:36: Train Epoch 21: 580/1641 Loss: 0.319545
2026-08-20 06:36: Train Epoch 21: 600/1641 Loss: 0.323980
2026-08-20 06:36: Train Epoch 21: 620/1641 Loss: 0.324589
2026-08-20 06:36: Train Epoch 21: 640/1641 Loss: 0.347133
2026-08-20 06:36: Train Epoch 21: 660/1641 Loss: 0.320488
2026-08-20 06:36: Train Epoch 21: 680/1641 Loss: 0.333558
2026-08-20 06:36: Train Epoch 21: 700/1641 Loss: 0.324446
2026-08-20 06:36: Train Epoch 21: 720/1641 Loss: 0.335585
2026-08-20 06:36: Train Epoch 21: 740/1641 Loss: 0.334051
2026-08-20 06:36: Train Epoch 21: 760/1641 Loss: 0.316747
2026-08-20 06:36: Train Epoch 21: 780/1641 Loss: 0.328127
2026-08-20 06:36: Train Epoch 21: 800/1641 Loss: 0.363143
2026-08-20 06:36: Train Epoch 21: 820/1641 Loss: 0.315207
2026-08-20 06:36: Train Epoch 21: 840/1641 Loss: 0.337431
2026-08-20 06:36: Train Epoch 21: 860/1641 Loss: 0.327397
2026-08-20 06:36: Train Epoch 21: 880/1641 Loss: 0.320845
2026-08-20 06:36: Train Epoch 21: 900/1641 Loss: 0.304530
2026-08-20 06:37: Train Epoch 21: 920/1641 Loss: 0.319543
2026-08-20 06:37: Train Epoch 21: 940/1641 Loss: 0.311603
2026-08-20 06:37: Train Epoch 21: 960/1641 Loss: 0.309875
2026-08-20 06:37: Train Epoch 21: 980/1641 Loss: 0.327163
2026-08-20 06:37: Train Epoch 21: 1000/1641 Loss: 0.336146
2026-08-20 06:37: Train Epoch 21: 1020/1641 Loss: 0.309233
2026-08-20 06:37: Train Epoch 21: 1040/1641 Loss: 0.341681
2026-08-20 06:37: Train Epoch 21: 1060/1641 Loss: 0.317876
2026-08-20 06:37: Train Epoch 21: 1080/1641 Loss: 0.325299
2026-08-20 06:37: Train Epoch 21: 1100/1641 Loss: 0.345018
2026-08-20 06:37: Train Epoch 21: 1120/1641 Loss: 0.358862
2026-08-20 06:37: Train Epoch 21: 1140/1641 Loss: 0.317860
2026-08-20 06:37: Train Epoch 21: 1160/1641 Loss: 0.338998
2026-08-20 06:37: Train Epoch 21: 1180/1641 Loss: 0.341597
2026-08-20 06:37: Train Epoch 21: 1200/1641 Loss: 0.321650
2026-08-20 06:37: Train Epoch 21: 1220/1641 Loss: 0.320922
2026-08-20 06:37: Train Epoch 21: 1240/1641 Loss: 0.318236
2026-08-20 06:37: Train Epoch 21: 1260/1641 Loss: 0.321111
2026-08-20 06:37: Train Epoch 21: 1280/1641 Loss: 0.311819
2026-08-20 06:37: Train Epoch 21: 1300/1641 Loss: 0.325307
2026-08-20 06:37: Train Epoch 21: 1320/1641 Loss: 0.309975
2026-08-20 06:37: Train Epoch 21: 1340/1641 Loss: 0.328530
2026-08-20 06:38: Train Epoch 21: 1360/1641 Loss: 0.315849
2026-08-20 06:38: Train Epoch 21: 1380/1641 Loss: 0.328601
2026-08-20 06:38: Train Epoch 21: 1400/1641 Loss: 0.328551
2026-08-20 06:38: Train Epoch 21: 1420/1641 Loss: 0.350711
2026-08-20 06:38: Train Epoch 21: 1440/1641 Loss: 0.318325
2026-08-20 06:38: Train Epoch 21: 1460/1641 Loss: 0.318163
2026-08-20 06:38: Train Epoch 21: 1480/1641 Loss: 0.322669
2026-08-20 06:38: Train Epoch 21: 1500/1641 Loss: 0.312507
2026-08-20 06:38: Train Epoch 21: 1520/1641 Loss: 0.318545
2026-08-20 06:38: Train Epoch 21: 1540/1641 Loss: 0.315134
2026-08-20 06:38: Train Epoch 21: 1560/1641 Loss: 0.327256
2026-08-20 06:38: Train Epoch 21: 1580/1641 Loss: 0.330812
2026-08-20 06:38: Train Epoch 21: 1600/1641 Loss: 0.332935
2026-08-20 06:38: Train Epoch 21: 1620/1641 Loss: 0.339713
2026-08-20 06:38: Train Epoch 21: 1640/1641 Loss: 0.326541
2026-08-20 06:38: **********Train Epoch 21: averaged Loss: 0.325577, tf_ratio: 1.000000
2026-08-20 06:39: **********Val Epoch 21: average Loss: 0.422901
2026-08-20 06:39: Train Epoch 22: 0/1641 Loss: 0.324888
2026-08-20 06:39: Train Epoch 22: 20/1641 Loss: 0.322110
2026-08-20 06:39: Train Epoch 22: 40/1641 Loss: 0.318507
2026-08-20 06:39: Train Epoch 22: 60/1641 Loss: 0.312563
2026-08-20 06:39: Train Epoch 22: 80/1641 Loss: 0.308698
2026-08-20 06:39: Train Epoch 22: 100/1641 Loss: 0.332312
2026-08-20 06:39: Train Epoch 22: 120/1641 Loss: 0.327197
2026-08-20 06:39: Train Epoch 22: 140/1641 Loss: 0.318084
2026-08-20 06:39: Train Epoch 22: 160/1641 Loss: 0.322184
2026-08-20 06:39: Train Epoch 22: 180/1641 Loss: 0.332613
2026-08-20 06:39: Train Epoch 22: 200/1641 Loss: 0.308426
2026-08-20 06:39: Train Epoch 22: 220/1641 Loss: 0.322348
2026-08-20 06:39: Train Epoch 22: 240/1641 Loss: 0.323592
2026-08-20 06:39: Train Epoch 22: 260/1641 Loss: 0.344292
2026-08-20 06:39: Train Epoch 22: 280/1641 Loss: 0.322907
2026-08-20 06:39: Train Epoch 22: 300/1641 Loss: 0.316295
2026-08-20 06:39: Train Epoch 22: 320/1641 Loss: 0.321279
2026-08-20 06:39: Train Epoch 22: 340/1641 Loss: 0.322119
2026-08-20 06:39: Train Epoch 22: 360/1641 Loss: 0.330048
2026-08-20 06:39: Train Epoch 22: 380/1641 Loss: 0.321401
2026-08-20 06:39: Train Epoch 22: 400/1641 Loss: 0.311918
2026-08-20 06:39: Train Epoch 22: 420/1641 Loss: 0.317259
2026-08-20 06:40: Train Epoch 22: 440/1641 Loss: 0.324362
2026-08-20 06:40: Train Epoch 22: 460/1641 Loss: 0.315106
2026-08-20 06:40: Train Epoch 22: 480/1641 Loss: 0.330983
2026-08-20 06:40: Train Epoch 22: 500/1641 Loss: 0.310762
2026-08-20 06:40: Train Epoch 22: 520/1641 Loss: 0.319739
2026-08-20 06:40: Train Epoch 22: 540/1641 Loss: 0.326084
2026-08-20 06:40: Train Epoch 22: 560/1641 Loss: 0.335945
2026-08-20 06:40: Train Epoch 22: 580/1641 Loss: 0.325555
2026-08-20 06:40: Train Epoch 22: 600/1641 Loss: 0.309144
2026-08-20 06:40: Train Epoch 22: 620/1641 Loss: 0.331807
2026-08-20 06:40: Train Epoch 22: 640/1641 Loss: 0.329661
2026-08-20 06:40: Train Epoch 22: 660/1641 Loss: 0.324283
2026-08-20 06:40: Train Epoch 22: 680/1641 Loss: 0.317449
2026-08-20 06:40: Train Epoch 22: 700/1641 Loss: 0.321032
2026-08-20 06:40: Train Epoch 22: 720/1641 Loss: 0.342970
2026-08-20 06:40: Train Epoch 22: 740/1641 Loss: 0.309545
2026-08-20 06:40: Train Epoch 22: 760/1641 Loss: 0.315059
2026-08-20 06:40: Train Epoch 22: 780/1641 Loss: 0.339309
2026-08-20 06:40: Train Epoch 22: 800/1641 Loss: 0.329018
2026-08-20 06:40: Train Epoch 22: 820/1641 Loss: 0.322871
2026-08-20 06:40: Train Epoch 22: 840/1641 Loss: 0.314371
2026-08-20 06:40: Train Epoch 22: 860/1641 Loss: 0.319248
2026-08-20 06:40: Train Epoch 22: 880/1641 Loss: 0.301869
2026-08-20 06:41: Train Epoch 22: 900/1641 Loss: 0.323988
2026-08-20 06:41: Train Epoch 22: 920/1641 Loss: 0.324329
2026-08-20 06:41: Train Epoch 22: 940/1641 Loss: 0.308476
2026-08-20 06:41: Train Epoch 22: 960/1641 Loss: 0.312715
2026-08-20 06:41: Train Epoch 22: 980/1641 Loss: 0.306639
2026-08-20 06:41: Train Epoch 22: 1000/1641 Loss: 0.348770
2026-08-20 06:41: Train Epoch 22: 1020/1641 Loss: 0.307251
2026-08-20 06:41: Train Epoch 22: 1040/1641 Loss: 0.330241
2026-08-20 06:41: Train Epoch 22: 1060/1641 Loss: 0.332727
2026-08-20 06:41: Train Epoch 22: 1080/1641 Loss: 0.304709
2026-08-20 06:41: Train Epoch 22: 1100/1641 Loss: 0.332008
2026-08-20 06:41: Train Epoch 22: 1120/1641 Loss: 0.329116
2026-08-20 06:41: Train Epoch 22: 1140/1641 Loss: 0.321169
2026-08-20 06:41: Train Epoch 22: 1160/1641 Loss: 0.317916
2026-08-20 06:41: Train Epoch 22: 1180/1641 Loss: 0.315640
2026-08-20 06:41: Train Epoch 22: 1200/1641 Loss: 0.302263
2026-08-20 06:41: Train Epoch 22: 1220/1641 Loss: 0.331096
2026-08-20 06:41: Train Epoch 22: 1240/1641 Loss: 0.316233
2026-08-20 06:41: Train Epoch 22: 1260/1641 Loss: 0.307452
2026-08-20 06:41: Train Epoch 22: 1280/1641 Loss: 0.325759
2026-08-20 06:41: Train Epoch 22: 1300/1641 Loss: 0.314544
2026-08-20 06:41: Train Epoch 22: 1320/1641 Loss: 0.305112
2026-08-20 06:42: Train Epoch 22: 1340/1641 Loss: 0.321161
2026-08-20 06:42: Train Epoch 22: 1360/1641 Loss: 0.323678
2026-08-20 06:42: Train Epoch 22: 1380/1641 Loss: 0.321452
2026-08-20 06:42: Train Epoch 22: 1400/1641 Loss: 0.323872
2026-08-20 06:42: Train Epoch 22: 1420/1641 Loss: 0.318310
2026-08-20 06:42: Train Epoch 22: 1440/1641 Loss: 0.326632
2026-08-20 06:42: Train Epoch 22: 1460/1641 Loss: 0.320697
2026-08-20 06:42: Train Epoch 22: 1480/1641 Loss: 0.318427
2026-08-20 06:42: Train Epoch 22: 1500/1641 Loss: 0.346841
2026-08-20 06:42: Train Epoch 22: 1520/1641 Loss: 0.318177
2026-08-20 06:42: Train Epoch 22: 1540/1641 Loss: 0.307117
2026-08-20 06:42: Train Epoch 22: 1560/1641 Loss: 0.320680
2026-08-20 06:42: Train Epoch 22: 1580/1641 Loss: 0.313612
2026-08-20 06:42: Train Epoch 22: 1600/1641 Loss: 0.305684
2026-08-20 06:42: Train Epoch 22: 1620/1641 Loss: 0.322194
2026-08-20 06:42: Train Epoch 22: 1640/1641 Loss: 0.312179
2026-08-20 06:42: **********Train Epoch 22: averaged Loss: 0.321271, tf_ratio: 1.000000
2026-08-20 06:43: **********Val Epoch 22: average Loss: 0.427743
2026-08-20 06:43: Train Epoch 23: 0/1641 Loss: 0.313941
2026-08-20 06:43: Train Epoch 23: 20/1641 Loss: 0.324855
2026-08-20 06:43: Train Epoch 23: 40/1641 Loss: 0.308164
2026-08-20 06:43: Train Epoch 23: 60/1641 Loss: 0.314428
2026-08-20 06:43: Train Epoch 23: 80/1641 Loss: 0.306201
2026-08-20 06:43: Train Epoch 23: 100/1641 Loss: 0.329914
2026-08-20 06:43: Train Epoch 23: 120/1641 Loss: 0.309167
2026-08-20 06:43: Train Epoch 23: 140/1641 Loss: 0.319351
2026-08-20 06:43: Train Epoch 23: 160/1641 Loss: 0.346733
2026-08-20 06:43: Train Epoch 23: 180/1641 Loss: 0.328759
2026-08-20 06:43: Train Epoch 23: 200/1641 Loss: 0.315678
2026-08-20 06:43: Train Epoch 23: 220/1641 Loss: 0.307035
2026-08-20 06:43: Train Epoch 23: 240/1641 Loss: 0.305560
2026-08-20 06:43: Train Epoch 23: 260/1641 Loss: 0.318129
2026-08-20 06:43: Train Epoch 23: 280/1641 Loss: 0.305574
2026-08-20 06:43: Train Epoch 23: 300/1641 Loss: 0.306869
2026-08-20 06:43: Train Epoch 23: 320/1641 Loss: 0.310089
2026-08-20 06:43: Train Epoch 23: 340/1641 Loss: 0.307648
2026-08-20 06:43: Train Epoch 23: 360/1641 Loss: 0.305382
2026-08-20 06:43: Train Epoch 23: 380/1641 Loss: 0.330406
2026-08-20 06:43: Train Epoch 23: 400/1641 Loss: 0.324643
2026-08-20 06:43: Train Epoch 23: 420/1641 Loss: 0.313747
2026-08-20 06:44: Train Epoch 23: 440/1641 Loss: 0.314172
2026-08-20 06:44: Train Epoch 23: 460/1641 Loss: 0.330733
2026-08-20 06:44: Train Epoch 23: 480/1641 Loss: 0.315067
2026-08-20 06:44: Train Epoch 23: 500/1641 Loss: 0.321018
2026-08-20 06:44: Train Epoch 23: 520/1641 Loss: 0.327733
2026-08-20 06:44: Train Epoch 23: 540/1641 Loss: 0.336078
2026-08-20 06:44: Train Epoch 23: 560/1641 Loss: 0.303104
2026-08-20 06:44: Train Epoch 23: 580/1641 Loss: 0.329294
2026-08-20 06:44: Train Epoch 23: 600/1641 Loss: 0.317225
2026-08-20 06:44: Train Epoch 23: 620/1641 Loss: 0.332413
2026-08-20 06:44: Train Epoch 23: 640/1641 Loss: 0.320671
2026-08-20 06:44: Train Epoch 23: 660/1641 Loss: 0.307291
2026-08-20 06:44: Train Epoch 23: 680/1641 Loss: 0.314599
2026-08-20 06:44: Train Epoch 23: 700/1641 Loss: 0.299327
2026-08-20 06:44: Train Epoch 23: 720/1641 Loss: 0.326872
2026-08-20 06:44: Train Epoch 23: 740/1641 Loss: 0.303049
2026-08-20 06:44: Train Epoch 23: 760/1641 Loss: 0.320705
2026-08-20 06:44: Train Epoch 23: 780/1641 Loss: 0.329900
2026-08-20 06:44: Train Epoch 23: 800/1641 Loss: 0.303266
2026-08-20 06:44: Train Epoch 23: 820/1641 Loss: 0.326359
2026-08-20 06:44: Train Epoch 23: 840/1641 Loss: 0.313167
2026-08-20 06:44: Train Epoch 23: 860/1641 Loss: 0.321351
2026-08-20 06:45: Train Epoch 23: 880/1641 Loss: 0.299536
2026-08-20 06:45: Train Epoch 23: 900/1641 Loss: 0.314144
2026-08-20 06:45: Train Epoch 23: 920/1641 Loss: 0.298612
2026-08-20 06:45: Train Epoch 23: 940/1641 Loss: 0.314722
2026-08-20 06:45: Train Epoch 23: 960/1641 Loss: 0.308749
2026-08-20 06:45: Train Epoch 23: 980/1641 Loss: 0.317278
2026-08-20 06:45: Train Epoch 23: 1000/1641 Loss: 0.313996
2026-08-20 06:45: Train Epoch 23: 1020/1641 Loss: 0.321773
2026-08-20 06:45: Train Epoch 23: 1040/1641 Loss: 0.312708
2026-08-20 06:45: Train Epoch 23: 1060/1641 Loss: 0.311072
2026-08-20 06:45: Train Epoch 23: 1080/1641 Loss: 0.304959
2026-08-20 06:45: Train Epoch 23: 1100/1641 Loss: 0.310895
2026-08-20 06:45: Train Epoch 23: 1120/1641 Loss: 0.309419
2026-08-20 06:45: Train Epoch 23: 1140/1641 Loss: 0.310263
2026-08-20 06:45: Train Epoch 23: 1160/1641 Loss: 0.332342
2026-08-20 06:45: Train Epoch 23: 1180/1641 Loss: 0.311901
2026-08-20 06:45: Train Epoch 23: 1200/1641 Loss: 0.315372
2026-08-20 06:45: Train Epoch 23: 1220/1641 Loss: 0.305210
2026-08-20 06:45: Train Epoch 23: 1240/1641 Loss: 0.315995
2026-08-20 06:45: Train Epoch 23: 1260/1641 Loss: 0.320226
2026-08-20 06:45: Train Epoch 23: 1280/1641 Loss: 0.314323
2026-08-20 06:45: Train Epoch 23: 1300/1641 Loss: 0.313503
2026-08-20 06:46: Train Epoch 23: 1320/1641 Loss: 0.297742
2026-08-20 06:46: Train Epoch 23: 1340/1641 Loss: 0.300323
2026-08-20 06:46: Train Epoch 23: 1360/1641 Loss: 0.322932
2026-08-20 06:46: Train Epoch 23: 1380/1641 Loss: 0.324996
2026-08-20 06:46: Train Epoch 23: 1400/1641 Loss: 0.328392
2026-08-20 06:46: Train Epoch 23: 1420/1641 Loss: 0.315766
2026-08-20 06:46: Train Epoch 23: 1440/1641 Loss: 0.328735
2026-08-20 06:46: Train Epoch 23: 1460/1641 Loss: 0.317175
2026-08-20 06:46: Train Epoch 23: 1480/1641 Loss: 0.322773
2026-08-20 06:46: Train Epoch 23: 1500/1641 Loss: 0.320435
2026-08-20 06:46: Train Epoch 23: 1520/1641 Loss: 0.309759
2026-08-20 06:46: Train Epoch 23: 1540/1641 Loss: 0.327919
2026-08-20 06:46: Train Epoch 23: 1560/1641 Loss: 0.303489
2026-08-20 06:46: Train Epoch 23: 1580/1641 Loss: 0.333328
2026-08-20 06:46: Train Epoch 23: 1600/1641 Loss: 0.318690
2026-08-20 06:46: Train Epoch 23: 1620/1641 Loss: 0.304563
2026-08-20 06:46: Train Epoch 23: 1640/1641 Loss: 0.307728
2026-08-20 06:46: **********Train Epoch 23: averaged Loss: 0.316967, tf_ratio: 1.000000
2026-08-20 06:47: **********Val Epoch 23: average Loss: 0.424606
2026-08-20 06:47: Validation performance didn't improve for 15 epochs. Training stops.
2026-08-20 06:47: Total training time: 94.1220min, best loss: 0.401148
2026-08-20 06:47: Saving current best model to /scratch/chkkar002/Diffusion_Based_STGNNs/AGCRN/model/experiments/SAWS/20260820051255/best_model.pth
2026-08-20 06:47: Horizon 01, MAE: 0.16, RMSE: 0.23, MAPE: 47.0142%
2026-08-20 06:47: Horizon 02, MAE: 0.21, RMSE: 0.31, MAPE: 63.1978%
2026-08-20 06:47: Horizon 03, MAE: 0.25, RMSE: 0.37, MAPE: 73.1627%
2026-08-20 06:47: Horizon 04, MAE: 0.29, RMSE: 0.40, MAPE: 79.6620%
2026-08-20 06:47: Horizon 05, MAE: 0.31, RMSE: 0.44, MAPE: 83.7157%
2026-08-20 06:47: Horizon 06, MAE: 0.33, RMSE: 0.46, MAPE: 86.7183%
2026-08-20 06:47: Horizon 07, MAE: 0.35, RMSE: 0.48, MAPE: 89.2457%
2026-08-20 06:47: Horizon 08, MAE: 0.36, RMSE: 0.50, MAPE: 91.8152%
2026-08-20 06:47: Horizon 09, MAE: 0.37, RMSE: 0.51, MAPE: 93.8816%
2026-08-20 06:47: Horizon 10, MAE: 0.38, RMSE: 0.52, MAPE: 95.0982%
2026-08-20 06:47: Horizon 11, MAE: 0.39, RMSE: 0.53, MAPE: 95.7526%
2026-08-20 06:47: Horizon 12, MAE: 0.39, RMSE: 0.54, MAPE: 96.8816%
2026-08-20 06:47: Horizon 13, MAE: 0.40, RMSE: 0.55, MAPE: 97.7325%
2026-08-20 06:47: Horizon 14, MAE: 0.40, RMSE: 0.56, MAPE: 98.9412%
2026-08-20 06:47: Horizon 15, MAE: 0.41, RMSE: 0.56, MAPE: 100.3458%
2026-08-20 06:47: Horizon 16, MAE: 0.41, RMSE: 0.57, MAPE: 101.0815%
2026-08-20 06:47: Horizon 17, MAE: 0.41, RMSE: 0.57, MAPE: 102.0297%
2026-08-20 06:47: Horizon 18, MAE: 0.41, RMSE: 0.58, MAPE: 103.9190%
2026-08-20 06:47: Horizon 19, MAE: 0.42, RMSE: 0.58, MAPE: 105.6996%
2026-08-20 06:47: Horizon 20, MAE: 0.42, RMSE: 0.59, MAPE: 105.9159%
2026-08-20 06:47: Horizon 21, MAE: 0.42, RMSE: 0.59, MAPE: 107.8250%
2026-08-20 06:47: Horizon 22, MAE: 0.43, RMSE: 0.60, MAPE: 108.6071%
2026-08-20 06:47: Horizon 23, MAE: 0.43, RMSE: 0.60, MAPE: 108.6849%
2026-08-20 06:47: Horizon 24, MAE: 0.43, RMSE: 0.61, MAPE: 109.0211%
2026-08-20 06:47: Horizon 25, MAE: 0.44, RMSE: 0.61, MAPE: 109.6945%
2026-08-20 06:47: Horizon 26, MAE: 0.45, RMSE: 0.62, MAPE: 111.1146%
2026-08-20 06:47: Horizon 27, MAE: 0.45, RMSE: 0.63, MAPE: 111.7287%
2026-08-20 06:47: Horizon 28, MAE: 0.46, RMSE: 0.64, MAPE: 111.6869%
2026-08-20 06:47: Horizon 29, MAE: 0.46, RMSE: 0.64, MAPE: 110.6887%
2026-08-20 06:47: Horizon 30, MAE: 0.47, RMSE: 0.65, MAPE: 110.0909%
2026-08-20 06:47: Horizon 31, MAE: 0.47, RMSE: 0.65, MAPE: 110.1856%
2026-08-20 06:47: Horizon 32, MAE: 0.47, RMSE: 0.65, MAPE: 109.7808%
2026-08-20 06:47: Horizon 33, MAE: 0.48, RMSE: 0.65, MAPE: 110.5459%
2026-08-20 06:47: Horizon 34, MAE: 0.48, RMSE: 0.66, MAPE: 111.1614%
2026-08-20 06:47: Horizon 35, MAE: 0.48, RMSE: 0.66, MAPE: 111.9144%
2026-08-20 06:47: Horizon 36, MAE: 0.48, RMSE: 0.66, MAPE: 112.8332%
2026-08-20 06:47: Horizon 37, MAE: 0.48, RMSE: 0.66, MAPE: 113.7926%
2026-08-20 06:47: Horizon 38, MAE: 0.48, RMSE: 0.66, MAPE: 113.3681%
2026-08-20 06:47: Horizon 39, MAE: 0.48, RMSE: 0.66, MAPE: 114.2749%
2026-08-20 06:47: Horizon 40, MAE: 0.48, RMSE: 0.67, MAPE: 114.4316%
2026-08-20 06:47: Horizon 41, MAE: 0.48, RMSE: 0.67, MAPE: 115.2459%
2026-08-20 06:47: Horizon 42, MAE: 0.48, RMSE: 0.67, MAPE: 116.2820%
2026-08-20 06:47: Horizon 43, MAE: 0.49, RMSE: 0.67, MAPE: 117.2788%
2026-08-20 06:47: Horizon 44, MAE: 0.49, RMSE: 0.67, MAPE: 117.7780%
2026-08-20 06:47: Horizon 45, MAE: 0.49, RMSE: 0.67, MAPE: 119.3230%
2026-08-20 06:47: Horizon 46, MAE: 0.49, RMSE: 0.67, MAPE: 119.6092%
2026-08-20 06:47: Horizon 47, MAE: 0.49, RMSE: 0.67, MAPE: 120.5585%
2026-08-20 06:47: Horizon 48, MAE: 0.49, RMSE: 0.67, MAPE: 121.1744%
2026-08-20 06:47: Average Horizon, MAE: 0.42, RMSE: 0.59, MAPE: 103.7568%
2026-08-20 06:47: VPT (threshold=0.50): mean=3.93 steps, median=2.00, std=5.03, range=[0, 48]
