2026-08-19 15:54: Experiment log path in: /scratch/chkkar002/Diffusion_Based_STGNNs/AGCRN/model/experiments/SAWS/20260819155420
2026-08-19 15:54: Train Epoch 1: 0/1641 Loss: 0.883841
2026-08-19 15:54: Train Epoch 1: 20/1641 Loss: 0.969578
2026-08-19 15:54: Train Epoch 1: 40/1641 Loss: 0.886415
2026-08-19 15:54: Train Epoch 1: 60/1641 Loss: 0.777436
2026-08-19 15:54: Train Epoch 1: 80/1641 Loss: 0.764555
2026-08-19 15:54: Train Epoch 1: 100/1641 Loss: 0.766551
2026-08-19 15:54: Train Epoch 1: 120/1641 Loss: 0.686521
2026-08-19 15:54: Train Epoch 1: 140/1641 Loss: 0.669457
2026-08-19 15:54: Train Epoch 1: 160/1641 Loss: 0.619444
2026-08-19 15:54: Train Epoch 1: 180/1641 Loss: 0.662543
2026-08-19 15:54: Train Epoch 1: 200/1641 Loss: 0.690098
2026-08-19 15:54: Train Epoch 1: 220/1641 Loss: 0.622181
2026-08-19 15:54: Train Epoch 1: 240/1641 Loss: 0.640370
2026-08-19 15:54: Train Epoch 1: 260/1641 Loss: 0.648681
2026-08-19 15:55: Train Epoch 1: 280/1641 Loss: 0.661243
2026-08-19 15:55: Train Epoch 1: 300/1641 Loss: 0.587509
2026-08-19 15:55: Train Epoch 1: 320/1641 Loss: 0.601245
2026-08-19 15:55: Train Epoch 1: 340/1641 Loss: 0.597361
2026-08-19 15:55: Train Epoch 1: 360/1641 Loss: 0.602593
2026-08-19 15:55: Train Epoch 1: 380/1641 Loss: 0.622066
2026-08-19 15:55: Train Epoch 1: 400/1641 Loss: 0.600989
2026-08-19 15:55: Train Epoch 1: 420/1641 Loss: 0.588391
2026-08-19 15:55: Train Epoch 1: 440/1641 Loss: 0.546389
2026-08-19 15:55: Train Epoch 1: 460/1641 Loss: 0.502140
2026-08-19 15:55: Train Epoch 1: 480/1641 Loss: 0.519235
2026-08-19 15:55: Train Epoch 1: 500/1641 Loss: 0.466757
2026-08-19 15:55: Train Epoch 1: 520/1641 Loss: 0.418976
2026-08-19 15:55: Train Epoch 1: 540/1641 Loss: 0.404380
2026-08-19 15:55: Train Epoch 1: 560/1641 Loss: 0.461320
2026-08-19 15:55: Train Epoch 1: 580/1641 Loss: 0.439052
2026-08-19 15:55: Train Epoch 1: 600/1641 Loss: 0.437530
2026-08-19 15:55: Train Epoch 1: 620/1641 Loss: 0.378164
2026-08-19 15:55: Train Epoch 1: 640/1641 Loss: 0.421650
2026-08-19 15:55: Train Epoch 1: 660/1641 Loss: 0.440953
2026-08-19 15:55: Train Epoch 1: 680/1641 Loss: 0.442055
2026-08-19 15:55: Train Epoch 1: 700/1641 Loss: 0.395891
2026-08-19 15:56: Train Epoch 1: 720/1641 Loss: 0.376034
2026-08-19 15:56: Train Epoch 1: 740/1641 Loss: 0.437700
2026-08-19 15:56: Train Epoch 1: 760/1641 Loss: 0.406946
2026-08-19 15:56: Train Epoch 1: 780/1641 Loss: 0.374395
2026-08-19 15:56: Train Epoch 1: 800/1641 Loss: 0.395886
2026-08-19 15:56: Train Epoch 1: 820/1641 Loss: 0.392698
2026-08-19 15:56: Train Epoch 1: 840/1641 Loss: 0.384079
2026-08-19 15:56: Train Epoch 1: 860/1641 Loss: 0.373579
2026-08-19 15:56: Train Epoch 1: 880/1641 Loss: 0.410072
2026-08-19 15:56: Train Epoch 1: 900/1641 Loss: 0.368913
2026-08-19 15:56: Train Epoch 1: 920/1641 Loss: 0.377728
2026-08-19 15:56: Train Epoch 1: 940/1641 Loss: 0.365287
2026-08-19 15:56: Train Epoch 1: 960/1641 Loss: 0.386524
2026-08-19 15:56: Train Epoch 1: 980/1641 Loss: 0.394711
2026-08-19 15:56: Train Epoch 1: 1000/1641 Loss: 0.383595
2026-08-19 15:56: Train Epoch 1: 1020/1641 Loss: 0.398948
2026-08-19 15:56: Train Epoch 1: 1040/1641 Loss: 0.378791
2026-08-19 15:56: Train Epoch 1: 1060/1641 Loss: 0.387600
2026-08-19 15:56: Train Epoch 1: 1080/1641 Loss: 0.339149
2026-08-19 15:56: Train Epoch 1: 1100/1641 Loss: 0.378211
2026-08-19 15:56: Train Epoch 1: 1120/1641 Loss: 0.392650
2026-08-19 15:56: Train Epoch 1: 1140/1641 Loss: 0.385671
2026-08-19 15:56: Train Epoch 1: 1160/1641 Loss: 0.365456
2026-08-19 15:57: Train Epoch 1: 1180/1641 Loss: 0.347607
2026-08-19 15:57: Train Epoch 1: 1200/1641 Loss: 0.360684
2026-08-19 15:57: Train Epoch 1: 1220/1641 Loss: 0.362061
2026-08-19 15:57: Train Epoch 1: 1240/1641 Loss: 0.352886
2026-08-19 15:57: Train Epoch 1: 1260/1641 Loss: 0.389018
2026-08-19 15:57: Train Epoch 1: 1280/1641 Loss: 0.366388
2026-08-19 15:57: Train Epoch 1: 1300/1641 Loss: 0.391874
2026-08-19 15:57: Train Epoch 1: 1320/1641 Loss: 0.379219
2026-08-19 15:57: Train Epoch 1: 1340/1641 Loss: 0.340010
2026-08-19 15:57: Train Epoch 1: 1360/1641 Loss: 0.379542
2026-08-19 15:57: Train Epoch 1: 1380/1641 Loss: 0.361772
2026-08-19 15:57: Train Epoch 1: 1400/1641 Loss: 0.375533
2026-08-19 15:57: Train Epoch 1: 1420/1641 Loss: 0.373626
2026-08-19 15:57: Train Epoch 1: 1440/1641 Loss: 0.346966
2026-08-19 15:57: Train Epoch 1: 1460/1641 Loss: 0.337595
2026-08-19 15:57: Train Epoch 1: 1480/1641 Loss: 0.367163
2026-08-19 15:57: Train Epoch 1: 1500/1641 Loss: 0.354399
2026-08-19 15:57: Train Epoch 1: 1520/1641 Loss: 0.392861
2026-08-19 15:57: Train Epoch 1: 1540/1641 Loss: 0.404939
2026-08-19 15:57: Train Epoch 1: 1560/1641 Loss: 0.385137
2026-08-19 15:57: Train Epoch 1: 1580/1641 Loss: 0.347471
2026-08-19 15:57: Train Epoch 1: 1600/1641 Loss: 0.378340
2026-08-19 15:58: Train Epoch 1: 1620/1641 Loss: 0.350674
2026-08-19 15:58: Train Epoch 1: 1640/1641 Loss: 0.401383
2026-08-19 15:58: **********Train Epoch 1: averaged Loss: 0.467745, tf_ratio: 0.998866
2026-08-19 15:58: **********Val Epoch 1: average Loss: 0.346911
2026-08-19 15:58: *********************************Current best model saved!
2026-08-19 15:58: Train Epoch 2: 0/1641 Loss: 0.354574
2026-08-19 15:58: Train Epoch 2: 20/1641 Loss: 0.383848
2026-08-19 15:58: Train Epoch 2: 40/1641 Loss: 0.336631
2026-08-19 15:58: Train Epoch 2: 60/1641 Loss: 0.333567
2026-08-19 15:58: Train Epoch 2: 80/1641 Loss: 0.361863
2026-08-19 15:58: Train Epoch 2: 100/1641 Loss: 0.324845
2026-08-19 15:58: Train Epoch 2: 120/1641 Loss: 0.343236
2026-08-19 15:58: Train Epoch 2: 140/1641 Loss: 0.334063
2026-08-19 15:58: Train Epoch 2: 160/1641 Loss: 0.365658
2026-08-19 15:58: Train Epoch 2: 180/1641 Loss: 0.355483
2026-08-19 15:58: Train Epoch 2: 200/1641 Loss: 0.316394
2026-08-19 15:58: Train Epoch 2: 220/1641 Loss: 0.340271
2026-08-19 15:58: Train Epoch 2: 240/1641 Loss: 0.391723
2026-08-19 15:59: Train Epoch 2: 260/1641 Loss: 0.345612
2026-08-19 15:59: Train Epoch 2: 280/1641 Loss: 0.355916
2026-08-19 15:59: Train Epoch 2: 300/1641 Loss: 0.365678
2026-08-19 15:59: Train Epoch 2: 320/1641 Loss: 0.377402
2026-08-19 15:59: Train Epoch 2: 340/1641 Loss: 0.356587
2026-08-19 15:59: Train Epoch 2: 360/1641 Loss: 0.357115
2026-08-19 15:59: Train Epoch 2: 380/1641 Loss: 0.352671
2026-08-19 15:59: Train Epoch 2: 400/1641 Loss: 0.351666
2026-08-19 15:59: Train Epoch 2: 420/1641 Loss: 0.358611
2026-08-19 15:59: Train Epoch 2: 440/1641 Loss: 0.357245
2026-08-19 15:59: Train Epoch 2: 460/1641 Loss: 0.348011
2026-08-19 15:59: Train Epoch 2: 480/1641 Loss: 0.364034
2026-08-19 15:59: Train Epoch 2: 500/1641 Loss: 0.353598
2026-08-19 15:59: Train Epoch 2: 520/1641 Loss: 0.348756
2026-08-19 15:59: Train Epoch 2: 540/1641 Loss: 0.344357
2026-08-19 15:59: Train Epoch 2: 560/1641 Loss: 0.345493
2026-08-19 15:59: Train Epoch 2: 580/1641 Loss: 0.350534
2026-08-19 15:59: Train Epoch 2: 600/1641 Loss: 0.354294
2026-08-19 15:59: Train Epoch 2: 620/1641 Loss: 0.341467
2026-08-19 15:59: Train Epoch 2: 640/1641 Loss: 0.326107
2026-08-19 15:59: Train Epoch 2: 660/1641 Loss: 0.334670
2026-08-19 15:59: Train Epoch 2: 680/1641 Loss: 0.356655
2026-08-19 16:00: Train Epoch 2: 700/1641 Loss: 0.351638
2026-08-19 16:00: Train Epoch 2: 720/1641 Loss: 0.357053
2026-08-19 16:00: Train Epoch 2: 740/1641 Loss: 0.340550
2026-08-19 16:00: Train Epoch 2: 760/1641 Loss: 0.351624
2026-08-19 16:00: Train Epoch 2: 780/1641 Loss: 0.336529
2026-08-19 16:00: Train Epoch 2: 800/1641 Loss: 0.339928
2026-08-19 16:00: Train Epoch 2: 820/1641 Loss: 0.354938
2026-08-19 16:00: Train Epoch 2: 840/1641 Loss: 0.345134
2026-08-19 16:00: Train Epoch 2: 860/1641 Loss: 0.311863
2026-08-19 16:00: Train Epoch 2: 880/1641 Loss: 0.326884
2026-08-19 16:00: Train Epoch 2: 900/1641 Loss: 0.346362
2026-08-19 16:00: Train Epoch 2: 920/1641 Loss: 0.349120
2026-08-19 16:00: Train Epoch 2: 940/1641 Loss: 0.349177
2026-08-19 16:00: Train Epoch 2: 960/1641 Loss: 0.315261
2026-08-19 16:00: Train Epoch 2: 980/1641 Loss: 0.325845
2026-08-19 16:00: Train Epoch 2: 1000/1641 Loss: 0.336392
2026-08-19 16:00: Train Epoch 2: 1020/1641 Loss: 0.322015
2026-08-19 16:00: Train Epoch 2: 1040/1641 Loss: 0.356026
2026-08-19 16:00: Train Epoch 2: 1060/1641 Loss: 0.321226
2026-08-19 16:00: Train Epoch 2: 1080/1641 Loss: 0.338260
2026-08-19 16:00: Train Epoch 2: 1100/1641 Loss: 0.338863
2026-08-19 16:00: Train Epoch 2: 1120/1641 Loss: 0.331700
2026-08-19 16:00: Train Epoch 2: 1140/1641 Loss: 0.354005
2026-08-19 16:01: Train Epoch 2: 1160/1641 Loss: 0.327477
2026-08-19 16:01: Train Epoch 2: 1180/1641 Loss: 0.370266
2026-08-19 16:01: Train Epoch 2: 1200/1641 Loss: 0.345230
2026-08-19 16:01: Train Epoch 2: 1220/1641 Loss: 0.321322
2026-08-19 16:01: Train Epoch 2: 1240/1641 Loss: 0.384880
2026-08-19 16:01: Train Epoch 2: 1260/1641 Loss: 0.315087
2026-08-19 16:01: Train Epoch 2: 1280/1641 Loss: 0.339555
2026-08-19 16:01: Train Epoch 2: 1300/1641 Loss: 0.323984
2026-08-19 16:01: Train Epoch 2: 1320/1641 Loss: 0.362131
2026-08-19 16:01: Train Epoch 2: 1340/1641 Loss: 0.323029
2026-08-19 16:01: Train Epoch 2: 1360/1641 Loss: 0.339966
2026-08-19 16:01: Train Epoch 2: 1380/1641 Loss: 0.333178
2026-08-19 16:01: Train Epoch 2: 1400/1641 Loss: 0.357500
2026-08-19 16:01: Train Epoch 2: 1420/1641 Loss: 0.317672
2026-08-19 16:01: Train Epoch 2: 1440/1641 Loss: 0.328669
2026-08-19 16:01: Train Epoch 2: 1460/1641 Loss: 0.332725
2026-08-19 16:01: Train Epoch 2: 1480/1641 Loss: 0.323656
2026-08-19 16:01: Train Epoch 2: 1500/1641 Loss: 0.351798
2026-08-19 16:01: Train Epoch 2: 1520/1641 Loss: 0.325197
2026-08-19 16:01: Train Epoch 2: 1540/1641 Loss: 0.340742
2026-08-19 16:01: Train Epoch 2: 1560/1641 Loss: 0.367834
2026-08-19 16:01: Train Epoch 2: 1580/1641 Loss: 0.328905
2026-08-19 16:02: Train Epoch 2: 1600/1641 Loss: 0.345046
2026-08-19 16:02: Train Epoch 2: 1620/1641 Loss: 0.315792
2026-08-19 16:02: Train Epoch 2: 1640/1641 Loss: 0.341762
2026-08-19 16:02: **********Train Epoch 2: averaged Loss: 0.342545, tf_ratio: 0.997428
2026-08-19 16:02: **********Val Epoch 2: average Loss: 0.332841
2026-08-19 16:02: *********************************Current best model saved!
2026-08-19 16:02: Train Epoch 3: 0/1641 Loss: 0.312907
2026-08-19 16:02: Train Epoch 3: 20/1641 Loss: 0.343948
2026-08-19 16:02: Train Epoch 3: 40/1641 Loss: 0.341021
2026-08-19 16:02: Train Epoch 3: 60/1641 Loss: 0.311221
2026-08-19 16:02: Train Epoch 3: 80/1641 Loss: 0.352983
2026-08-19 16:02: Train Epoch 3: 100/1641 Loss: 0.362620
2026-08-19 16:02: Train Epoch 3: 120/1641 Loss: 0.338049
2026-08-19 16:02: Train Epoch 3: 140/1641 Loss: 0.320950
2026-08-19 16:02: Train Epoch 3: 160/1641 Loss: 0.337208
2026-08-19 16:02: Train Epoch 3: 180/1641 Loss: 0.317356
2026-08-19 16:02: Train Epoch 3: 200/1641 Loss: 0.347633
2026-08-19 16:02: Train Epoch 3: 220/1641 Loss: 0.318502
2026-08-19 16:03: Train Epoch 3: 240/1641 Loss: 0.323654
2026-08-19 16:03: Train Epoch 3: 260/1641 Loss: 0.315953
2026-08-19 16:03: Train Epoch 3: 280/1641 Loss: 0.317009
2026-08-19 16:03: Train Epoch 3: 300/1641 Loss: 0.329924
2026-08-19 16:03: Train Epoch 3: 320/1641 Loss: 0.330915
2026-08-19 16:03: Train Epoch 3: 340/1641 Loss: 0.312807
2026-08-19 16:03: Train Epoch 3: 360/1641 Loss: 0.347832
2026-08-19 16:03: Train Epoch 3: 380/1641 Loss: 0.317894
2026-08-19 16:03: Train Epoch 3: 400/1641 Loss: 0.334988
2026-08-19 16:03: Train Epoch 3: 420/1641 Loss: 0.349661
2026-08-19 16:03: Train Epoch 3: 440/1641 Loss: 0.342562
2026-08-19 16:03: Train Epoch 3: 460/1641 Loss: 0.319642
2026-08-19 16:03: Train Epoch 3: 480/1641 Loss: 0.322799
2026-08-19 16:03: Train Epoch 3: 500/1641 Loss: 0.341272
2026-08-19 16:03: Train Epoch 3: 520/1641 Loss: 0.349501
2026-08-19 16:03: Train Epoch 3: 540/1641 Loss: 0.328654
2026-08-19 16:03: Train Epoch 3: 560/1641 Loss: 0.337437
2026-08-19 16:03: Train Epoch 3: 580/1641 Loss: 0.338250
2026-08-19 16:03: Train Epoch 3: 600/1641 Loss: 0.285661
2026-08-19 16:03: Train Epoch 3: 620/1641 Loss: 0.325922
2026-08-19 16:03: Train Epoch 3: 640/1641 Loss: 0.326608
2026-08-19 16:04: Train Epoch 3: 660/1641 Loss: 0.326411
2026-08-19 16:04: Train Epoch 3: 680/1641 Loss: 0.344286
2026-08-19 16:04: Train Epoch 3: 700/1641 Loss: 0.303738
2026-08-19 16:04: Train Epoch 3: 720/1641 Loss: 0.354127
2026-08-19 16:04: Train Epoch 3: 740/1641 Loss: 0.322863
2026-08-19 16:04: Train Epoch 3: 760/1641 Loss: 0.346553
2026-08-19 16:04: Train Epoch 3: 780/1641 Loss: 0.325227
2026-08-19 16:04: Train Epoch 3: 800/1641 Loss: 0.347691
2026-08-19 16:04: Train Epoch 3: 820/1641 Loss: 0.346035
2026-08-19 16:04: Train Epoch 3: 840/1641 Loss: 0.316961
2026-08-19 16:04: Train Epoch 3: 860/1641 Loss: 0.326798
2026-08-19 16:04: Train Epoch 3: 880/1641 Loss: 0.319994
2026-08-19 16:04: Train Epoch 3: 900/1641 Loss: 0.331229
2026-08-19 16:04: Train Epoch 3: 920/1641 Loss: 0.318743
2026-08-19 16:04: Train Epoch 3: 940/1641 Loss: 0.325753
2026-08-19 16:04: Train Epoch 3: 960/1641 Loss: 0.317740
2026-08-19 16:04: Train Epoch 3: 980/1641 Loss: 0.313023
2026-08-19 16:04: Train Epoch 3: 1000/1641 Loss: 0.335695
2026-08-19 16:04: Train Epoch 3: 1020/1641 Loss: 0.338807
2026-08-19 16:04: Train Epoch 3: 1040/1641 Loss: 0.308269
2026-08-19 16:04: Train Epoch 3: 1060/1641 Loss: 0.321967
2026-08-19 16:04: Train Epoch 3: 1080/1641 Loss: 0.348732
2026-08-19 16:04: Train Epoch 3: 1100/1641 Loss: 0.327436
2026-08-19 16:05: Train Epoch 3: 1120/1641 Loss: 0.315303
2026-08-19 16:05: Train Epoch 3: 1140/1641 Loss: 0.324616
2026-08-19 16:05: Train Epoch 3: 1160/1641 Loss: 0.330384
2026-08-19 16:05: Train Epoch 3: 1180/1641 Loss: 0.324995
2026-08-19 16:05: Train Epoch 3: 1200/1641 Loss: 0.361066
2026-08-19 16:05: Train Epoch 3: 1220/1641 Loss: 0.324947
2026-08-19 16:05: Train Epoch 3: 1240/1641 Loss: 0.350597
2026-08-19 16:05: Train Epoch 3: 1260/1641 Loss: 0.316316
2026-08-19 16:05: Train Epoch 3: 1280/1641 Loss: 0.330612
2026-08-19 16:05: Train Epoch 3: 1300/1641 Loss: 0.318928
2026-08-19 16:05: Train Epoch 3: 1320/1641 Loss: 0.321018
2026-08-19 16:05: Train Epoch 3: 1340/1641 Loss: 0.324552
2026-08-19 16:05: Train Epoch 3: 1360/1641 Loss: 0.335258
2026-08-19 16:05: Train Epoch 3: 1380/1641 Loss: 0.305660
2026-08-19 16:05: Train Epoch 3: 1400/1641 Loss: 0.336496
2026-08-19 16:05: Train Epoch 3: 1420/1641 Loss: 0.321581
2026-08-19 16:05: Train Epoch 3: 1440/1641 Loss: 0.340063
2026-08-19 16:05: Train Epoch 3: 1460/1641 Loss: 0.309861
2026-08-19 16:05: Train Epoch 3: 1480/1641 Loss: 0.333469
2026-08-19 16:05: Train Epoch 3: 1500/1641 Loss: 0.304445
2026-08-19 16:05: Train Epoch 3: 1520/1641 Loss: 0.303527
2026-08-19 16:05: Train Epoch 3: 1540/1641 Loss: 0.312086
2026-08-19 16:06: Train Epoch 3: 1560/1641 Loss: 0.323323
2026-08-19 16:06: Train Epoch 3: 1580/1641 Loss: 0.309760
2026-08-19 16:06: Train Epoch 3: 1600/1641 Loss: 0.316083
2026-08-19 16:06: Train Epoch 3: 1620/1641 Loss: 0.346608
2026-08-19 16:06: Train Epoch 3: 1640/1641 Loss: 0.323116
2026-08-19 16:06: **********Train Epoch 3: averaged Loss: 0.329808, tf_ratio: 0.994176
2026-08-19 16:06: **********Val Epoch 3: average Loss: 0.325728
2026-08-19 16:06: *********************************Current best model saved!
2026-08-19 16:06: Train Epoch 4: 0/1641 Loss: 0.330558
2026-08-19 16:06: Train Epoch 4: 20/1641 Loss: 0.308791
2026-08-19 16:06: Train Epoch 4: 40/1641 Loss: 0.323539
2026-08-19 16:06: Train Epoch 4: 60/1641 Loss: 0.307376
2026-08-19 16:06: Train Epoch 4: 80/1641 Loss: 0.328707
2026-08-19 16:06: Train Epoch 4: 100/1641 Loss: 0.342286
2026-08-19 16:06: Train Epoch 4: 120/1641 Loss: 0.326662
2026-08-19 16:06: Train Epoch 4: 140/1641 Loss: 0.345270
2026-08-19 16:06: Train Epoch 4: 160/1641 Loss: 0.325904
2026-08-19 16:07: Train Epoch 4: 180/1641 Loss: 0.327515
2026-08-19 16:07: Train Epoch 4: 200/1641 Loss: 0.343438
2026-08-19 16:07: Train Epoch 4: 220/1641 Loss: 0.324419
2026-08-19 16:07: Train Epoch 4: 240/1641 Loss: 0.319930
2026-08-19 16:07: Train Epoch 4: 260/1641 Loss: 0.341945
2026-08-19 16:07: Train Epoch 4: 280/1641 Loss: 0.338935
2026-08-19 16:07: Train Epoch 4: 300/1641 Loss: 0.348108
2026-08-19 16:07: Train Epoch 4: 320/1641 Loss: 0.314661
2026-08-19 16:07: Train Epoch 4: 340/1641 Loss: 0.322817
2026-08-19 16:07: Train Epoch 4: 360/1641 Loss: 0.318498
2026-08-19 16:07: Train Epoch 4: 380/1641 Loss: 0.321108
2026-08-19 16:07: Train Epoch 4: 400/1641 Loss: 0.335138
2026-08-19 16:07: Train Epoch 4: 420/1641 Loss: 0.317074
2026-08-19 16:07: Train Epoch 4: 440/1641 Loss: 0.299994
2026-08-19 16:07: Train Epoch 4: 460/1641 Loss: 0.342897
2026-08-19 16:07: Train Epoch 4: 480/1641 Loss: 0.359330
2026-08-19 16:07: Train Epoch 4: 500/1641 Loss: 0.331501
2026-08-19 16:07: Train Epoch 4: 520/1641 Loss: 0.337534
2026-08-19 16:07: Train Epoch 4: 540/1641 Loss: 0.329104
2026-08-19 16:07: Train Epoch 4: 560/1641 Loss: 0.321093
2026-08-19 16:07: Train Epoch 4: 580/1641 Loss: 0.353166
2026-08-19 16:07: Train Epoch 4: 600/1641 Loss: 0.312550
2026-08-19 16:07: Train Epoch 4: 620/1641 Loss: 0.309228
2026-08-19 16:08: Train Epoch 4: 640/1641 Loss: 0.303864
2026-08-19 16:08: Train Epoch 4: 660/1641 Loss: 0.319276
2026-08-19 16:08: Train Epoch 4: 680/1641 Loss: 0.324355
2026-08-19 16:08: Train Epoch 4: 700/1641 Loss: 0.320417
2026-08-19 16:08: Train Epoch 4: 720/1641 Loss: 0.328408
2026-08-19 16:08: Train Epoch 4: 740/1641 Loss: 0.359218
2026-08-19 16:08: Train Epoch 4: 760/1641 Loss: 0.328065
2026-08-19 16:08: Train Epoch 4: 780/1641 Loss: 0.328059
2026-08-19 16:08: Train Epoch 4: 800/1641 Loss: 0.317026
2026-08-19 16:08: Train Epoch 4: 820/1641 Loss: 0.317210
2026-08-19 16:08: Train Epoch 4: 840/1641 Loss: 0.329272
2026-08-19 16:08: Train Epoch 4: 860/1641 Loss: 0.344153
2026-08-19 16:08: Train Epoch 4: 880/1641 Loss: 0.342258
2026-08-19 16:08: Train Epoch 4: 900/1641 Loss: 0.339922
2026-08-19 16:08: Train Epoch 4: 920/1641 Loss: 0.321470
2026-08-19 16:08: Train Epoch 4: 940/1641 Loss: 0.328102
2026-08-19 16:08: Train Epoch 4: 960/1641 Loss: 0.339643
2026-08-19 16:08: Train Epoch 4: 980/1641 Loss: 0.315659
2026-08-19 16:08: Train Epoch 4: 1000/1641 Loss: 0.304990
2026-08-19 16:08: Train Epoch 4: 1020/1641 Loss: 0.295764
2026-08-19 16:08: Train Epoch 4: 1040/1641 Loss: 0.305322
2026-08-19 16:09: Train Epoch 4: 1060/1641 Loss: 0.316336
2026-08-19 16:09: Train Epoch 4: 1080/1641 Loss: 0.334067
2026-08-19 16:09: Train Epoch 4: 1100/1641 Loss: 0.307912
2026-08-19 16:09: Train Epoch 4: 1120/1641 Loss: 0.311247
2026-08-19 16:09: Train Epoch 4: 1140/1641 Loss: 0.335753
2026-08-19 16:09: Train Epoch 4: 1160/1641 Loss: 0.305812
2026-08-19 16:09: Train Epoch 4: 1180/1641 Loss: 0.338317
2026-08-19 16:09: Train Epoch 4: 1200/1641 Loss: 0.337259
2026-08-19 16:09: Train Epoch 4: 1220/1641 Loss: 0.346421
2026-08-19 16:09: Train Epoch 4: 1240/1641 Loss: 0.328167
2026-08-19 16:09: Train Epoch 4: 1260/1641 Loss: 0.293918
2026-08-19 16:09: Train Epoch 4: 1280/1641 Loss: 0.318741
2026-08-19 16:09: Train Epoch 4: 1300/1641 Loss: 0.336970
2026-08-19 16:09: Train Epoch 4: 1320/1641 Loss: 0.314325
2026-08-19 16:09: Train Epoch 4: 1340/1641 Loss: 0.317456
2026-08-19 16:09: Train Epoch 4: 1360/1641 Loss: 0.325165
2026-08-19 16:09: Train Epoch 4: 1380/1641 Loss: 0.307886
2026-08-19 16:09: Train Epoch 4: 1400/1641 Loss: 0.297796
2026-08-19 16:09: Train Epoch 4: 1420/1641 Loss: 0.294106
2026-08-19 16:09: Train Epoch 4: 1440/1641 Loss: 0.301362
2026-08-19 16:09: Train Epoch 4: 1460/1641 Loss: 0.331439
2026-08-19 16:09: Train Epoch 4: 1480/1641 Loss: 0.308252
2026-08-19 16:10: Train Epoch 4: 1500/1641 Loss: 0.304187
2026-08-19 16:10: Train Epoch 4: 1520/1641 Loss: 0.334316
2026-08-19 16:10: Train Epoch 4: 1540/1641 Loss: 0.326854
2026-08-19 16:10: Train Epoch 4: 1560/1641 Loss: 0.341741
2026-08-19 16:10: Train Epoch 4: 1580/1641 Loss: 0.316434
2026-08-19 16:10: Train Epoch 4: 1600/1641 Loss: 0.362766
2026-08-19 16:10: Train Epoch 4: 1620/1641 Loss: 0.314184
2026-08-19 16:10: Train Epoch 4: 1640/1641 Loss: 0.304367
2026-08-19 16:10: **********Train Epoch 4: averaged Loss: 0.321489, tf_ratio: 0.986867
2026-08-19 16:10: **********Val Epoch 4: average Loss: 0.318866
2026-08-19 16:10: *********************************Current best model saved!
2026-08-19 16:10: Train Epoch 5: 0/1641 Loss: 0.313662
2026-08-19 16:10: Train Epoch 5: 20/1641 Loss: 0.315042
2026-08-19 16:10: Train Epoch 5: 40/1641 Loss: 0.331468
2026-08-19 16:10: Train Epoch 5: 60/1641 Loss: 0.304697
2026-08-19 16:10: Train Epoch 5: 80/1641 Loss: 0.313547
2026-08-19 16:10: Train Epoch 5: 100/1641 Loss: 0.344707
2026-08-19 16:10: Train Epoch 5: 120/1641 Loss: 0.292386
2026-08-19 16:11: Train Epoch 5: 140/1641 Loss: 0.305120
2026-08-19 16:11: Train Epoch 5: 160/1641 Loss: 0.349928
2026-08-19 16:11: Train Epoch 5: 180/1641 Loss: 0.319491
2026-08-19 16:11: Train Epoch 5: 200/1641 Loss: 0.289522
2026-08-19 16:11: Train Epoch 5: 220/1641 Loss: 0.321821
2026-08-19 16:11: Train Epoch 5: 240/1641 Loss: 0.323271
2026-08-19 16:11: Train Epoch 5: 260/1641 Loss: 0.324695
2026-08-19 16:11: Train Epoch 5: 280/1641 Loss: 0.328111
2026-08-19 16:11: Train Epoch 5: 300/1641 Loss: 0.316725
2026-08-19 16:11: Train Epoch 5: 320/1641 Loss: 0.316993
2026-08-19 16:11: Train Epoch 5: 340/1641 Loss: 0.326973
2026-08-19 16:11: Train Epoch 5: 360/1641 Loss: 0.312170
2026-08-19 16:11: Train Epoch 5: 380/1641 Loss: 0.325909
2026-08-19 16:11: Train Epoch 5: 400/1641 Loss: 0.328032
2026-08-19 16:11: Train Epoch 5: 420/1641 Loss: 0.327939
2026-08-19 16:11: Train Epoch 5: 440/1641 Loss: 0.301469
2026-08-19 16:11: Train Epoch 5: 460/1641 Loss: 0.312779
2026-08-19 16:11: Train Epoch 5: 480/1641 Loss: 0.306542
2026-08-19 16:11: Train Epoch 5: 500/1641 Loss: 0.333013
2026-08-19 16:11: Train Epoch 5: 520/1641 Loss: 0.325235
2026-08-19 16:11: Train Epoch 5: 540/1641 Loss: 0.325496
2026-08-19 16:11: Train Epoch 5: 560/1641 Loss: 0.312634
2026-08-19 16:11: Train Epoch 5: 580/1641 Loss: 0.305577
2026-08-19 16:12: Train Epoch 5: 600/1641 Loss: 0.306382
2026-08-19 16:12: Train Epoch 5: 620/1641 Loss: 0.297920
2026-08-19 16:12: Train Epoch 5: 640/1641 Loss: 0.326589
2026-08-19 16:12: Train Epoch 5: 660/1641 Loss: 0.323459
2026-08-19 16:12: Train Epoch 5: 680/1641 Loss: 0.306358
2026-08-19 16:12: Train Epoch 5: 700/1641 Loss: 0.330632
2026-08-19 16:12: Train Epoch 5: 720/1641 Loss: 0.333347
2026-08-19 16:12: Train Epoch 5: 740/1641 Loss: 0.334845
2026-08-19 16:12: Train Epoch 5: 760/1641 Loss: 0.328223
2026-08-19 16:12: Train Epoch 5: 780/1641 Loss: 0.307696
2026-08-19 16:12: Train Epoch 5: 800/1641 Loss: 0.314921
2026-08-19 16:12: Train Epoch 5: 820/1641 Loss: 0.295167
2026-08-19 16:12: Train Epoch 5: 840/1641 Loss: 0.306573
2026-08-19 16:12: Train Epoch 5: 860/1641 Loss: 0.332084
2026-08-19 16:12: Train Epoch 5: 880/1641 Loss: 0.334073
2026-08-19 16:12: Train Epoch 5: 900/1641 Loss: 0.340043
2026-08-19 16:12: Train Epoch 5: 920/1641 Loss: 0.311349
2026-08-19 16:12: Train Epoch 5: 940/1641 Loss: 0.324349
2026-08-19 16:12: Train Epoch 5: 960/1641 Loss: 0.327514
2026-08-19 16:12: Train Epoch 5: 980/1641 Loss: 0.308868
2026-08-19 16:12: Train Epoch 5: 1000/1641 Loss: 0.320685
2026-08-19 16:12: Train Epoch 5: 1020/1641 Loss: 0.325942
2026-08-19 16:13: Train Epoch 5: 1040/1641 Loss: 0.307672
2026-08-19 16:13: Train Epoch 5: 1060/1641 Loss: 0.313675
2026-08-19 16:13: Train Epoch 5: 1080/1641 Loss: 0.326237
2026-08-19 16:13: Train Epoch 5: 1100/1641 Loss: 0.332027
2026-08-19 16:13: Train Epoch 5: 1120/1641 Loss: 0.303125
2026-08-19 16:13: Train Epoch 5: 1140/1641 Loss: 0.304695
2026-08-19 16:13: Train Epoch 5: 1160/1641 Loss: 0.312139
2026-08-19 16:13: Train Epoch 5: 1180/1641 Loss: 0.328472
2026-08-19 16:13: Train Epoch 5: 1200/1641 Loss: 0.311355
2026-08-19 16:13: Train Epoch 5: 1220/1641 Loss: 0.301688
2026-08-19 16:13: Train Epoch 5: 1240/1641 Loss: 0.320020
2026-08-19 16:13: Train Epoch 5: 1260/1641 Loss: 0.310120
2026-08-19 16:13: Train Epoch 5: 1280/1641 Loss: 0.318208
2026-08-19 16:13: Train Epoch 5: 1300/1641 Loss: 0.295067
2026-08-19 16:13: Train Epoch 5: 1320/1641 Loss: 0.339102
2026-08-19 16:13: Train Epoch 5: 1340/1641 Loss: 0.316538
2026-08-19 16:13: Train Epoch 5: 1360/1641 Loss: 0.297804
2026-08-19 16:13: Train Epoch 5: 1380/1641 Loss: 0.283378
2026-08-19 16:13: Train Epoch 5: 1400/1641 Loss: 0.314779
2026-08-19 16:13: Train Epoch 5: 1420/1641 Loss: 0.322590
2026-08-19 16:13: Train Epoch 5: 1440/1641 Loss: 0.302664
2026-08-19 16:13: Train Epoch 5: 1460/1641 Loss: 0.316769
2026-08-19 16:14: Train Epoch 5: 1480/1641 Loss: 0.276612
2026-08-19 16:14: Train Epoch 5: 1500/1641 Loss: 0.320803
2026-08-19 16:14: Train Epoch 5: 1520/1641 Loss: 0.304683
2026-08-19 16:14: Train Epoch 5: 1540/1641 Loss: 0.317448
2026-08-19 16:14: Train Epoch 5: 1560/1641 Loss: 0.320338
2026-08-19 16:14: Train Epoch 5: 1580/1641 Loss: 0.308761
2026-08-19 16:14: Train Epoch 5: 1600/1641 Loss: 0.303917
2026-08-19 16:14: Train Epoch 5: 1620/1641 Loss: 0.298197
2026-08-19 16:14: Train Epoch 5: 1640/1641 Loss: 0.344878
2026-08-19 16:14: **********Train Epoch 5: averaged Loss: 0.315617, tf_ratio: 0.970657
2026-08-19 16:14: **********Val Epoch 5: average Loss: 0.316016
2026-08-19 16:14: *********************************Current best model saved!
2026-08-19 16:14: Train Epoch 6: 0/1641 Loss: 0.310699
2026-08-19 16:14: Train Epoch 6: 20/1641 Loss: 0.301603
2026-08-19 16:14: Train Epoch 6: 40/1641 Loss: 0.308618
2026-08-19 16:14: Train Epoch 6: 60/1641 Loss: 0.324309
2026-08-19 16:14: Train Epoch 6: 80/1641 Loss: 0.291543
2026-08-19 16:14: Train Epoch 6: 100/1641 Loss: 0.319304
2026-08-19 16:15: Train Epoch 6: 120/1641 Loss: 0.314959
2026-08-19 16:15: Train Epoch 6: 140/1641 Loss: 0.310069
2026-08-19 16:15: Train Epoch 6: 160/1641 Loss: 0.356484
2026-08-19 16:15: Train Epoch 6: 180/1641 Loss: 0.368864
2026-08-19 16:15: Train Epoch 6: 200/1641 Loss: 0.293136
2026-08-19 16:15: Train Epoch 6: 220/1641 Loss: 0.303806
2026-08-19 16:15: Train Epoch 6: 240/1641 Loss: 0.316811
2026-08-19 16:15: Train Epoch 6: 260/1641 Loss: 0.294060
2026-08-19 16:15: Train Epoch 6: 280/1641 Loss: 0.294042
2026-08-19 16:15: Train Epoch 6: 300/1641 Loss: 0.325841
2026-08-19 16:15: Train Epoch 6: 320/1641 Loss: 0.292026
2026-08-19 16:15: Train Epoch 6: 340/1641 Loss: 0.307074
2026-08-19 16:15: Train Epoch 6: 360/1641 Loss: 0.328373
2026-08-19 16:15: Train Epoch 6: 380/1641 Loss: 0.291353
2026-08-19 16:15: Train Epoch 6: 400/1641 Loss: 0.278977
2026-08-19 16:15: Train Epoch 6: 420/1641 Loss: 0.301591
2026-08-19 16:15: Train Epoch 6: 440/1641 Loss: 0.323068
2026-08-19 16:15: Train Epoch 6: 460/1641 Loss: 0.326042
2026-08-19 16:15: Train Epoch 6: 480/1641 Loss: 0.329730
2026-08-19 16:15: Train Epoch 6: 500/1641 Loss: 0.305210
2026-08-19 16:15: Train Epoch 6: 520/1641 Loss: 0.327762
2026-08-19 16:15: Train Epoch 6: 540/1641 Loss: 0.315826
2026-08-19 16:16: Train Epoch 6: 560/1641 Loss: 0.314908
2026-08-19 16:16: Train Epoch 6: 580/1641 Loss: 0.305838
2026-08-19 16:16: Train Epoch 6: 600/1641 Loss: 0.296994
2026-08-19 16:16: Train Epoch 6: 620/1641 Loss: 0.300683
2026-08-19 16:16: Train Epoch 6: 640/1641 Loss: 0.303067
2026-08-19 16:16: Train Epoch 6: 660/1641 Loss: 0.327565
2026-08-19 16:16: Train Epoch 6: 680/1641 Loss: 0.283914
2026-08-19 16:16: Train Epoch 6: 700/1641 Loss: 0.335491
2026-08-19 16:16: Train Epoch 6: 720/1641 Loss: 0.300043
2026-08-19 16:16: Train Epoch 6: 740/1641 Loss: 0.279409
2026-08-19 16:16: Train Epoch 6: 760/1641 Loss: 0.320755
2026-08-19 16:16: Train Epoch 6: 780/1641 Loss: 0.301536
2026-08-19 16:16: Train Epoch 6: 800/1641 Loss: 0.319582
2026-08-19 16:16: Train Epoch 6: 820/1641 Loss: 0.326666
2026-08-19 16:16: Train Epoch 6: 840/1641 Loss: 0.334548
2026-08-19 16:16: Train Epoch 6: 860/1641 Loss: 0.301427
2026-08-19 16:16: Train Epoch 6: 880/1641 Loss: 0.310651
2026-08-19 16:16: Train Epoch 6: 900/1641 Loss: 0.295161
2026-08-19 16:16: Train Epoch 6: 920/1641 Loss: 0.300393
2026-08-19 16:16: Train Epoch 6: 940/1641 Loss: 0.317883
2026-08-19 16:16: Train Epoch 6: 960/1641 Loss: 0.288876
2026-08-19 16:16: Train Epoch 6: 980/1641 Loss: 0.309607
2026-08-19 16:17: Train Epoch 6: 1000/1641 Loss: 0.301965
2026-08-19 16:17: Train Epoch 6: 1020/1641 Loss: 0.330776
2026-08-19 16:17: Train Epoch 6: 1040/1641 Loss: 0.324658
2026-08-19 16:17: Train Epoch 6: 1060/1641 Loss: 0.292363
2026-08-19 16:17: Train Epoch 6: 1080/1641 Loss: 0.306808
2026-08-19 16:17: Train Epoch 6: 1100/1641 Loss: 0.325941
2026-08-19 16:17: Train Epoch 6: 1120/1641 Loss: 0.301998
2026-08-19 16:17: Train Epoch 6: 1140/1641 Loss: 0.311213
2026-08-19 16:17: Train Epoch 6: 1160/1641 Loss: 0.299113
2026-08-19 16:17: Train Epoch 6: 1180/1641 Loss: 0.288512
2026-08-19 16:17: Train Epoch 6: 1200/1641 Loss: 0.300520
2026-08-19 16:17: Train Epoch 6: 1220/1641 Loss: 0.312926
2026-08-19 16:17: Train Epoch 6: 1240/1641 Loss: 0.319744
2026-08-19 16:17: Train Epoch 6: 1260/1641 Loss: 0.321569
2026-08-19 16:17: Train Epoch 6: 1280/1641 Loss: 0.311280
2026-08-19 16:17: Train Epoch 6: 1300/1641 Loss: 0.291431
2026-08-19 16:17: Train Epoch 6: 1320/1641 Loss: 0.298564
2026-08-19 16:17: Train Epoch 6: 1340/1641 Loss: 0.306904
2026-08-19 16:17: Train Epoch 6: 1360/1641 Loss: 0.320158
2026-08-19 16:17: Train Epoch 6: 1380/1641 Loss: 0.305966
2026-08-19 16:17: Train Epoch 6: 1400/1641 Loss: 0.305567
2026-08-19 16:17: Train Epoch 6: 1420/1641 Loss: 0.286448
2026-08-19 16:18: Train Epoch 6: 1440/1641 Loss: 0.286839
2026-08-19 16:18: Train Epoch 6: 1460/1641 Loss: 0.283849
2026-08-19 16:18: Train Epoch 6: 1480/1641 Loss: 0.324269
2026-08-19 16:18: Train Epoch 6: 1500/1641 Loss: 0.305715
2026-08-19 16:18: Train Epoch 6: 1520/1641 Loss: 0.315709
2026-08-19 16:18: Train Epoch 6: 1540/1641 Loss: 0.326604
2026-08-19 16:18: Train Epoch 6: 1560/1641 Loss: 0.317209
2026-08-19 16:18: Train Epoch 6: 1580/1641 Loss: 0.291224
2026-08-19 16:18: Train Epoch 6: 1600/1641 Loss: 0.319986
2026-08-19 16:18: Train Epoch 6: 1620/1641 Loss: 0.297246
2026-08-19 16:18: Train Epoch 6: 1640/1641 Loss: 0.315082
2026-08-19 16:18: **********Train Epoch 6: averaged Loss: 0.310876, tf_ratio: 0.935740
2026-08-19 16:18: **********Val Epoch 6: average Loss: 0.312168
2026-08-19 16:18: *********************************Current best model saved!
2026-08-19 16:18: Train Epoch 7: 0/1641 Loss: 0.317002
2026-08-19 16:18: Train Epoch 7: 20/1641 Loss: 0.304606
2026-08-19 16:18: Train Epoch 7: 40/1641 Loss: 0.298735
2026-08-19 16:18: Train Epoch 7: 60/1641 Loss: 0.297788
2026-08-19 16:18: Train Epoch 7: 80/1641 Loss: 0.305465
2026-08-19 16:19: Train Epoch 7: 100/1641 Loss: 0.287867
2026-08-19 16:19: Train Epoch 7: 120/1641 Loss: 0.303588
2026-08-19 16:19: Train Epoch 7: 140/1641 Loss: 0.302565
2026-08-19 16:19: Train Epoch 7: 160/1641 Loss: 0.280120
2026-08-19 16:19: Train Epoch 7: 180/1641 Loss: 0.298476
2026-08-19 16:19: Train Epoch 7: 200/1641 Loss: 0.306537
2026-08-19 16:19: Train Epoch 7: 220/1641 Loss: 0.292446
2026-08-19 16:19: Train Epoch 7: 240/1641 Loss: 0.311696
2026-08-19 16:19: Train Epoch 7: 260/1641 Loss: 0.311139
2026-08-19 16:19: Train Epoch 7: 280/1641 Loss: 0.306047
2026-08-19 16:19: Train Epoch 7: 300/1641 Loss: 0.306067
2026-08-19 16:19: Train Epoch 7: 320/1641 Loss: 0.319626
2026-08-19 16:19: Train Epoch 7: 340/1641 Loss: 0.307599
2026-08-19 16:19: Train Epoch 7: 360/1641 Loss: 0.319091
2026-08-19 16:19: Train Epoch 7: 380/1641 Loss: 0.297178
2026-08-19 16:19: Train Epoch 7: 400/1641 Loss: 0.299019
2026-08-19 16:19: Train Epoch 7: 420/1641 Loss: 0.326498
2026-08-19 16:19: Train Epoch 7: 440/1641 Loss: 0.321250
2026-08-19 16:19: Train Epoch 7: 460/1641 Loss: 0.298205
2026-08-19 16:19: Train Epoch 7: 480/1641 Loss: 0.307327
2026-08-19 16:19: Train Epoch 7: 500/1641 Loss: 0.284317
2026-08-19 16:19: Train Epoch 7: 520/1641 Loss: 0.310517
2026-08-19 16:20: Train Epoch 7: 540/1641 Loss: 0.307189
2026-08-19 16:20: Train Epoch 7: 560/1641 Loss: 0.300887
2026-08-19 16:20: Train Epoch 7: 580/1641 Loss: 0.301316
2026-08-19 16:20: Train Epoch 7: 600/1641 Loss: 0.304366
2026-08-19 16:20: Train Epoch 7: 620/1641 Loss: 0.294784
2026-08-19 16:20: Train Epoch 7: 640/1641 Loss: 0.290693
2026-08-19 16:20: Train Epoch 7: 660/1641 Loss: 0.292727
2026-08-19 16:20: Train Epoch 7: 680/1641 Loss: 0.291014
2026-08-19 16:20: Train Epoch 7: 700/1641 Loss: 0.316640
2026-08-19 16:20: Train Epoch 7: 720/1641 Loss: 0.332486
2026-08-19 16:20: Train Epoch 7: 740/1641 Loss: 0.308251
2026-08-19 16:20: Train Epoch 7: 760/1641 Loss: 0.312806
2026-08-19 16:20: Train Epoch 7: 780/1641 Loss: 0.305768
2026-08-19 16:20: Train Epoch 7: 800/1641 Loss: 0.292230
2026-08-19 16:20: Train Epoch 7: 820/1641 Loss: 0.298028
2026-08-19 16:20: Train Epoch 7: 840/1641 Loss: 0.332376
2026-08-19 16:20: Train Epoch 7: 860/1641 Loss: 0.312759
2026-08-19 16:20: Train Epoch 7: 880/1641 Loss: 0.288819
2026-08-19 16:20: Train Epoch 7: 900/1641 Loss: 0.299127
2026-08-19 16:20: Train Epoch 7: 920/1641 Loss: 0.308809
2026-08-19 16:20: Train Epoch 7: 940/1641 Loss: 0.331291
2026-08-19 16:20: Train Epoch 7: 960/1641 Loss: 0.307800
2026-08-19 16:21: Train Epoch 7: 980/1641 Loss: 0.299449
2026-08-19 16:21: Train Epoch 7: 1000/1641 Loss: 0.309625
2026-08-19 16:21: Train Epoch 7: 1020/1641 Loss: 0.328724
2026-08-19 16:21: Train Epoch 7: 1040/1641 Loss: 0.309971
2026-08-19 16:21: Train Epoch 7: 1060/1641 Loss: 0.300417
2026-08-19 16:21: Train Epoch 7: 1080/1641 Loss: 0.305221
2026-08-19 16:21: Train Epoch 7: 1100/1641 Loss: 0.322055
2026-08-19 16:21: Train Epoch 7: 1120/1641 Loss: 0.323421
2026-08-19 16:21: Train Epoch 7: 1140/1641 Loss: 0.291618
2026-08-19 16:21: Train Epoch 7: 1160/1641 Loss: 0.271543
2026-08-19 16:21: Train Epoch 7: 1180/1641 Loss: 0.290468
2026-08-19 16:21: Train Epoch 7: 1200/1641 Loss: 0.299689
2026-08-19 16:21: Train Epoch 7: 1220/1641 Loss: 0.284115
2026-08-19 16:21: Train Epoch 7: 1240/1641 Loss: 0.290922
2026-08-19 16:21: Train Epoch 7: 1260/1641 Loss: 0.318599
2026-08-19 16:21: Train Epoch 7: 1280/1641 Loss: 0.289837
2026-08-19 16:21: Train Epoch 7: 1300/1641 Loss: 0.322825
2026-08-19 16:21: Train Epoch 7: 1320/1641 Loss: 0.299572
2026-08-19 16:21: Train Epoch 7: 1340/1641 Loss: 0.280802
2026-08-19 16:21: Train Epoch 7: 1360/1641 Loss: 0.284469
2026-08-19 16:21: Train Epoch 7: 1380/1641 Loss: 0.316712
2026-08-19 16:21: Train Epoch 7: 1400/1641 Loss: 0.308033
2026-08-19 16:22: Train Epoch 7: 1420/1641 Loss: 0.284822
2026-08-19 16:22: Train Epoch 7: 1440/1641 Loss: 0.298310
2026-08-19 16:22: Train Epoch 7: 1460/1641 Loss: 0.290933
2026-08-19 16:22: Train Epoch 7: 1480/1641 Loss: 0.312427
2026-08-19 16:22: Train Epoch 7: 1500/1641 Loss: 0.298216
2026-08-19 16:22: Train Epoch 7: 1520/1641 Loss: 0.303652
2026-08-19 16:22: Train Epoch 7: 1540/1641 Loss: 0.344829
2026-08-19 16:22: Train Epoch 7: 1560/1641 Loss: 0.300975
2026-08-19 16:22: Train Epoch 7: 1580/1641 Loss: 0.304797
2026-08-19 16:22: Train Epoch 7: 1600/1641 Loss: 0.314948
2026-08-19 16:22: Train Epoch 7: 1620/1641 Loss: 0.286315
2026-08-19 16:22: Train Epoch 7: 1640/1641 Loss: 0.295809
2026-08-19 16:22: **********Train Epoch 7: averaged Loss: 0.305982, tf_ratio: 0.865052
2026-08-19 16:22: **********Val Epoch 7: average Loss: 0.312622
2026-08-19 16:22: Train Epoch 8: 0/1641 Loss: 0.293824
2026-08-19 16:22: Train Epoch 8: 20/1641 Loss: 0.341934
2026-08-19 16:22: Train Epoch 8: 40/1641 Loss: 0.285192
2026-08-19 16:23: Train Epoch 8: 60/1641 Loss: 0.320740
2026-08-19 16:23: Train Epoch 8: 80/1641 Loss: 0.298536
2026-08-19 16:23: Train Epoch 8: 100/1641 Loss: 0.288375
2026-08-19 16:23: Train Epoch 8: 120/1641 Loss: 0.304172
2026-08-19 16:23: Train Epoch 8: 140/1641 Loss: 0.311507
2026-08-19 16:23: Train Epoch 8: 160/1641 Loss: 0.313669
2026-08-19 16:23: Train Epoch 8: 180/1641 Loss: 0.289352
2026-08-19 16:23: Train Epoch 8: 200/1641 Loss: 0.298018
2026-08-19 16:23: Train Epoch 8: 220/1641 Loss: 0.312825
2026-08-19 16:23: Train Epoch 8: 240/1641 Loss: 0.302044
2026-08-19 16:23: Train Epoch 8: 260/1641 Loss: 0.288500
2026-08-19 16:23: Train Epoch 8: 280/1641 Loss: 0.312683
2026-08-19 16:23: Train Epoch 8: 300/1641 Loss: 0.306661
2026-08-19 16:23: Train Epoch 8: 320/1641 Loss: 0.319545
2026-08-19 16:23: Train Epoch 8: 340/1641 Loss: 0.308483
2026-08-19 16:23: Train Epoch 8: 360/1641 Loss: 0.307480
2026-08-19 16:23: Train Epoch 8: 380/1641 Loss: 0.281336
2026-08-19 16:23: Train Epoch 8: 400/1641 Loss: 0.301113
2026-08-19 16:23: Train Epoch 8: 420/1641 Loss: 0.290610
2026-08-19 16:23: Train Epoch 8: 440/1641 Loss: 0.327631
2026-08-19 16:23: Train Epoch 8: 460/1641 Loss: 0.282384
2026-08-19 16:23: Train Epoch 8: 480/1641 Loss: 0.302078
2026-08-19 16:23: Train Epoch 8: 500/1641 Loss: 0.285601
2026-08-19 16:24: Train Epoch 8: 520/1641 Loss: 0.311752
2026-08-19 16:24: Train Epoch 8: 540/1641 Loss: 0.290194
2026-08-19 16:24: Train Epoch 8: 560/1641 Loss: 0.296413
2026-08-19 16:24: Train Epoch 8: 580/1641 Loss: 0.294980
2026-08-19 16:24: Train Epoch 8: 600/1641 Loss: 0.274528
2026-08-19 16:24: Train Epoch 8: 620/1641 Loss: 0.308510
2026-08-19 16:24: Train Epoch 8: 640/1641 Loss: 0.293978
2026-08-19 16:24: Train Epoch 8: 660/1641 Loss: 0.268183
2026-08-19 16:24: Train Epoch 8: 680/1641 Loss: 0.296667
2026-08-19 16:24: Train Epoch 8: 700/1641 Loss: 0.309373
2026-08-19 16:24: Train Epoch 8: 720/1641 Loss: 0.283757
2026-08-19 16:24: Train Epoch 8: 740/1641 Loss: 0.303974
2026-08-19 16:24: Train Epoch 8: 760/1641 Loss: 0.320218
2026-08-19 16:24: Train Epoch 8: 780/1641 Loss: 0.271370
2026-08-19 16:24: Train Epoch 8: 800/1641 Loss: 0.306385
2026-08-19 16:24: Train Epoch 8: 820/1641 Loss: 0.309518
2026-08-19 16:24: Train Epoch 8: 840/1641 Loss: 0.318251
2026-08-19 16:24: Train Epoch 8: 860/1641 Loss: 0.293418
2026-08-19 16:24: Train Epoch 8: 880/1641 Loss: 0.289800
2026-08-19 16:24: Train Epoch 8: 900/1641 Loss: 0.289913
2026-08-19 16:24: Train Epoch 8: 920/1641 Loss: 0.296276
2026-08-19 16:25: Train Epoch 8: 940/1641 Loss: 0.324558
2026-08-19 16:25: Train Epoch 8: 960/1641 Loss: 0.301341
2026-08-19 16:25: Train Epoch 8: 980/1641 Loss: 0.293158
2026-08-19 16:25: Train Epoch 8: 1000/1641 Loss: 0.279854
2026-08-19 16:25: Train Epoch 8: 1020/1641 Loss: 0.293611
2026-08-19 16:25: Train Epoch 8: 1040/1641 Loss: 0.344002
2026-08-19 16:25: Train Epoch 8: 1060/1641 Loss: 0.304730
2026-08-19 16:25: Train Epoch 8: 1080/1641 Loss: 0.289885
2026-08-19 16:25: Train Epoch 8: 1100/1641 Loss: 0.297210
2026-08-19 16:25: Train Epoch 8: 1120/1641 Loss: 0.304894
2026-08-19 16:25: Train Epoch 8: 1140/1641 Loss: 0.278450
2026-08-19 16:25: Train Epoch 8: 1160/1641 Loss: 0.294796
2026-08-19 16:25: Train Epoch 8: 1180/1641 Loss: 0.310565
2026-08-19 16:25: Train Epoch 8: 1200/1641 Loss: 0.295038
2026-08-19 16:25: Train Epoch 8: 1220/1641 Loss: 0.296585
2026-08-19 16:25: Train Epoch 8: 1240/1641 Loss: 0.293038
2026-08-19 16:25: Train Epoch 8: 1260/1641 Loss: 0.299909
2026-08-19 16:25: Train Epoch 8: 1280/1641 Loss: 0.315986
2026-08-19 16:25: Train Epoch 8: 1300/1641 Loss: 0.285567
2026-08-19 16:25: Train Epoch 8: 1320/1641 Loss: 0.314203
2026-08-19 16:25: Train Epoch 8: 1340/1641 Loss: 0.286670
2026-08-19 16:25: Train Epoch 8: 1360/1641 Loss: 0.311272
2026-08-19 16:26: Train Epoch 8: 1380/1641 Loss: 0.304482
2026-08-19 16:26: Train Epoch 8: 1400/1641 Loss: 0.298467
2026-08-19 16:26: Train Epoch 8: 1420/1641 Loss: 0.272598
2026-08-19 16:26: Train Epoch 8: 1440/1641 Loss: 0.307980
2026-08-19 16:26: Train Epoch 8: 1460/1641 Loss: 0.301521
2026-08-19 16:26: Train Epoch 8: 1480/1641 Loss: 0.315129
2026-08-19 16:26: Train Epoch 8: 1500/1641 Loss: 0.305966
2026-08-19 16:26: Train Epoch 8: 1520/1641 Loss: 0.294819
2026-08-19 16:26: Train Epoch 8: 1540/1641 Loss: 0.281441
2026-08-19 16:26: Train Epoch 8: 1560/1641 Loss: 0.280881
2026-08-19 16:26: Train Epoch 8: 1580/1641 Loss: 0.315627
2026-08-19 16:26: Train Epoch 8: 1600/1641 Loss: 0.306274
2026-08-19 16:26: Train Epoch 8: 1620/1641 Loss: 0.321132
2026-08-19 16:26: Train Epoch 8: 1640/1641 Loss: 0.294624
2026-08-19 16:26: **********Train Epoch 8: averaged Loss: 0.301996, tf_ratio: 0.738348
2026-08-19 16:26: **********Val Epoch 8: average Loss: 0.311368
2026-08-19 16:26: *********************************Current best model saved!
2026-08-19 16:26: Train Epoch 9: 0/1641 Loss: 0.288583
2026-08-19 16:27: Train Epoch 9: 20/1641 Loss: 0.306878
2026-08-19 16:27: Train Epoch 9: 40/1641 Loss: 0.296624
2026-08-19 16:27: Train Epoch 9: 60/1641 Loss: 0.285056
2026-08-19 16:27: Train Epoch 9: 80/1641 Loss: 0.332401
2026-08-19 16:27: Train Epoch 9: 100/1641 Loss: 0.309366
2026-08-19 16:27: Train Epoch 9: 120/1641 Loss: 0.280262
2026-08-19 16:27: Train Epoch 9: 140/1641 Loss: 0.303380
2026-08-19 16:27: Train Epoch 9: 160/1641 Loss: 0.308243
2026-08-19 16:27: Train Epoch 9: 180/1641 Loss: 0.291623
2026-08-19 16:27: Train Epoch 9: 200/1641 Loss: 0.320509
2026-08-19 16:27: Train Epoch 9: 220/1641 Loss: 0.313704
2026-08-19 16:27: Train Epoch 9: 240/1641 Loss: 0.333997
2026-08-19 16:27: Train Epoch 9: 260/1641 Loss: 0.267898
2026-08-19 16:27: Train Epoch 9: 280/1641 Loss: 0.299044
2026-08-19 16:27: Train Epoch 9: 300/1641 Loss: 0.305002
2026-08-19 16:27: Train Epoch 9: 320/1641 Loss: 0.296408
2026-08-19 16:27: Train Epoch 9: 340/1641 Loss: 0.282612
2026-08-19 16:27: Train Epoch 9: 360/1641 Loss: 0.303131
2026-08-19 16:27: Train Epoch 9: 380/1641 Loss: 0.286129
2026-08-19 16:27: Train Epoch 9: 400/1641 Loss: 0.309118
2026-08-19 16:27: Train Epoch 9: 420/1641 Loss: 0.297484
2026-08-19 16:27: Train Epoch 9: 440/1641 Loss: 0.295692
2026-08-19 16:28: Train Epoch 9: 460/1641 Loss: 0.304752
2026-08-19 16:28: Train Epoch 9: 480/1641 Loss: 0.297318
2026-08-19 16:28: Train Epoch 9: 500/1641 Loss: 0.305687
2026-08-19 16:28: Train Epoch 9: 520/1641 Loss: 0.300271
2026-08-19 16:28: Train Epoch 9: 540/1641 Loss: 0.295766
2026-08-19 16:28: Train Epoch 9: 560/1641 Loss: 0.320122
2026-08-19 16:28: Train Epoch 9: 580/1641 Loss: 0.302086
2026-08-19 16:28: Train Epoch 9: 600/1641 Loss: 0.321350
2026-08-19 16:28: Train Epoch 9: 620/1641 Loss: 0.297396
2026-08-19 16:28: Train Epoch 9: 640/1641 Loss: 0.302468
2026-08-19 16:28: Train Epoch 9: 660/1641 Loss: 0.297908
2026-08-19 16:28: Train Epoch 9: 680/1641 Loss: 0.281165
2026-08-19 16:28: Train Epoch 9: 700/1641 Loss: 0.290698
2026-08-19 16:28: Train Epoch 9: 720/1641 Loss: 0.322745
2026-08-19 16:28: Train Epoch 9: 740/1641 Loss: 0.294464
2026-08-19 16:28: Train Epoch 9: 760/1641 Loss: 0.268732
2026-08-19 16:28: Train Epoch 9: 780/1641 Loss: 0.292859
2026-08-19 16:28: Train Epoch 9: 800/1641 Loss: 0.301082
2026-08-19 16:28: Train Epoch 9: 820/1641 Loss: 0.290560
2026-08-19 16:28: Train Epoch 9: 840/1641 Loss: 0.304543
2026-08-19 16:28: Train Epoch 9: 860/1641 Loss: 0.292445
2026-08-19 16:28: Train Epoch 9: 880/1641 Loss: 0.291770
2026-08-19 16:29: Train Epoch 9: 900/1641 Loss: 0.312083
2026-08-19 16:29: Train Epoch 9: 920/1641 Loss: 0.297423
2026-08-19 16:29: Train Epoch 9: 940/1641 Loss: 0.308548
2026-08-19 16:29: Train Epoch 9: 960/1641 Loss: 0.290137
2026-08-19 16:29: Train Epoch 9: 980/1641 Loss: 0.286255
2026-08-19 16:29: Train Epoch 9: 1000/1641 Loss: 0.295278
2026-08-19 16:29: Train Epoch 9: 1020/1641 Loss: 0.288466
2026-08-19 16:29: Train Epoch 9: 1040/1641 Loss: 0.279605
2026-08-19 16:29: Train Epoch 9: 1060/1641 Loss: 0.304596
2026-08-19 16:29: Train Epoch 9: 1080/1641 Loss: 0.323076
2026-08-19 16:29: Train Epoch 9: 1100/1641 Loss: 0.281833
2026-08-19 16:29: Train Epoch 9: 1120/1641 Loss: 0.314671
2026-08-19 16:29: Train Epoch 9: 1140/1641 Loss: 0.290832
2026-08-19 16:29: Train Epoch 9: 1160/1641 Loss: 0.299170
2026-08-19 16:29: Train Epoch 9: 1180/1641 Loss: 0.299554
2026-08-19 16:29: Train Epoch 9: 1200/1641 Loss: 0.294667
2026-08-19 16:29: Train Epoch 9: 1220/1641 Loss: 0.285393
2026-08-19 16:29: Train Epoch 9: 1240/1641 Loss: 0.307433
2026-08-19 16:29: Train Epoch 9: 1260/1641 Loss: 0.291972
2026-08-19 16:29: Train Epoch 9: 1280/1641 Loss: 0.292228
2026-08-19 16:29: Train Epoch 9: 1300/1641 Loss: 0.284087
2026-08-19 16:29: Train Epoch 9: 1320/1641 Loss: 0.294558
2026-08-19 16:30: Train Epoch 9: 1340/1641 Loss: 0.293106
2026-08-19 16:30: Train Epoch 9: 1360/1641 Loss: 0.292291
2026-08-19 16:30: Train Epoch 9: 1380/1641 Loss: 0.284893
2026-08-19 16:30: Train Epoch 9: 1400/1641 Loss: 0.294157
2026-08-19 16:30: Train Epoch 9: 1420/1641 Loss: 0.304435
2026-08-19 16:30: Train Epoch 9: 1440/1641 Loss: 0.306290
2026-08-19 16:30: Train Epoch 9: 1460/1641 Loss: 0.308507
2026-08-19 16:30: Train Epoch 9: 1480/1641 Loss: 0.278803
2026-08-19 16:30: Train Epoch 9: 1500/1641 Loss: 0.290201
2026-08-19 16:30: Train Epoch 9: 1520/1641 Loss: 0.300380
2026-08-19 16:30: Train Epoch 9: 1540/1641 Loss: 0.298735
2026-08-19 16:30: Train Epoch 9: 1560/1641 Loss: 0.294151
2026-08-19 16:30: Train Epoch 9: 1580/1641 Loss: 0.308417
2026-08-19 16:30: Train Epoch 9: 1600/1641 Loss: 0.277516
2026-08-19 16:30: Train Epoch 9: 1620/1641 Loss: 0.295578
2026-08-19 16:30: Train Epoch 9: 1640/1641 Loss: 0.302389
2026-08-19 16:30: **********Train Epoch 9: averaged Loss: 0.297456, tf_ratio: 0.554014
2026-08-19 16:31: **********Val Epoch 9: average Loss: 0.311705
2026-08-19 16:31: Train Epoch 10: 0/1641 Loss: 0.316696
2026-08-19 16:31: Train Epoch 10: 20/1641 Loss: 0.316295
2026-08-19 16:31: Train Epoch 10: 40/1641 Loss: 0.298091
2026-08-19 16:31: Train Epoch 10: 60/1641 Loss: 0.288743
2026-08-19 16:31: Train Epoch 10: 80/1641 Loss: 0.300106
2026-08-19 16:31: Train Epoch 10: 100/1641 Loss: 0.311421
2026-08-19 16:31: Train Epoch 10: 120/1641 Loss: 0.292958
2026-08-19 16:31: Train Epoch 10: 140/1641 Loss: 0.292845
2026-08-19 16:31: Train Epoch 10: 160/1641 Loss: 0.277870
2026-08-19 16:31: Train Epoch 10: 180/1641 Loss: 0.287174
2026-08-19 16:31: Train Epoch 10: 200/1641 Loss: 0.302559
2026-08-19 16:31: Train Epoch 10: 220/1641 Loss: 0.305325
2026-08-19 16:31: Train Epoch 10: 240/1641 Loss: 0.271066
2026-08-19 16:31: Train Epoch 10: 260/1641 Loss: 0.279929
2026-08-19 16:31: Train Epoch 10: 280/1641 Loss: 0.307652
2026-08-19 16:31: Train Epoch 10: 300/1641 Loss: 0.301718
2026-08-19 16:31: Train Epoch 10: 320/1641 Loss: 0.270734
2026-08-19 16:31: Train Epoch 10: 340/1641 Loss: 0.290495
2026-08-19 16:31: Train Epoch 10: 360/1641 Loss: 0.304156
2026-08-19 16:31: Train Epoch 10: 380/1641 Loss: 0.290562
2026-08-19 16:31: Train Epoch 10: 400/1641 Loss: 0.308579
2026-08-19 16:32: Train Epoch 10: 420/1641 Loss: 0.285064
2026-08-19 16:32: Train Epoch 10: 440/1641 Loss: 0.290853
2026-08-19 16:32: Train Epoch 10: 460/1641 Loss: 0.273265
2026-08-19 16:32: Train Epoch 10: 480/1641 Loss: 0.306234
2026-08-19 16:32: Train Epoch 10: 500/1641 Loss: 0.298236
2026-08-19 16:32: Train Epoch 10: 520/1641 Loss: 0.295207
2026-08-19 16:32: Train Epoch 10: 540/1641 Loss: 0.274622
2026-08-19 16:32: Train Epoch 10: 560/1641 Loss: 0.306767
2026-08-19 16:32: Train Epoch 10: 580/1641 Loss: 0.288290
2026-08-19 16:32: Train Epoch 10: 600/1641 Loss: 0.328939
2026-08-19 16:32: Train Epoch 10: 620/1641 Loss: 0.287889
2026-08-19 16:32: Train Epoch 10: 640/1641 Loss: 0.293384
2026-08-19 16:32: Train Epoch 10: 660/1641 Loss: 0.303792
2026-08-19 16:32: Train Epoch 10: 680/1641 Loss: 0.286891
2026-08-19 16:32: Train Epoch 10: 700/1641 Loss: 0.283716
2026-08-19 16:32: Train Epoch 10: 720/1641 Loss: 0.288036
2026-08-19 16:32: Train Epoch 10: 740/1641 Loss: 0.290278
2026-08-19 16:32: Train Epoch 10: 760/1641 Loss: 0.267894
2026-08-19 16:32: Train Epoch 10: 780/1641 Loss: 0.295029
2026-08-19 16:32: Train Epoch 10: 800/1641 Loss: 0.308994
2026-08-19 16:32: Train Epoch 10: 820/1641 Loss: 0.279447
2026-08-19 16:32: Train Epoch 10: 840/1641 Loss: 0.311562
2026-08-19 16:32: Train Epoch 10: 860/1641 Loss: 0.318128
2026-08-19 16:33: Train Epoch 10: 880/1641 Loss: 0.290213
2026-08-19 16:33: Train Epoch 10: 900/1641 Loss: 0.292497
2026-08-19 16:33: Train Epoch 10: 920/1641 Loss: 0.284856
2026-08-19 16:33: Train Epoch 10: 940/1641 Loss: 0.293039
2026-08-19 16:33: Train Epoch 10: 960/1641 Loss: 0.274760
2026-08-19 16:33: Train Epoch 10: 980/1641 Loss: 0.297996
2026-08-19 16:33: Train Epoch 10: 1000/1641 Loss: 0.316536
2026-08-19 16:33: Train Epoch 10: 1020/1641 Loss: 0.288432
2026-08-19 16:33: Train Epoch 10: 1040/1641 Loss: 0.284383
2026-08-19 16:33: Train Epoch 10: 1060/1641 Loss: 0.271856
2026-08-19 16:33: Train Epoch 10: 1080/1641 Loss: 0.266197
2026-08-19 16:33: Train Epoch 10: 1100/1641 Loss: 0.306372
2026-08-19 16:33: Train Epoch 10: 1120/1641 Loss: 0.287835
2026-08-19 16:33: Train Epoch 10: 1140/1641 Loss: 0.286389
2026-08-19 16:33: Train Epoch 10: 1160/1641 Loss: 0.283122
2026-08-19 16:33: Train Epoch 10: 1180/1641 Loss: 0.300367
2026-08-19 16:33: Train Epoch 10: 1200/1641 Loss: 0.314965
2026-08-19 16:33: Train Epoch 10: 1220/1641 Loss: 0.273100
2026-08-19 16:33: Train Epoch 10: 1240/1641 Loss: 0.278902
2026-08-19 16:33: Train Epoch 10: 1260/1641 Loss: 0.313262
2026-08-19 16:33: Train Epoch 10: 1280/1641 Loss: 0.309799
2026-08-19 16:33: Train Epoch 10: 1300/1641 Loss: 0.305786
2026-08-19 16:34: Train Epoch 10: 1320/1641 Loss: 0.317232
2026-08-19 16:34: Train Epoch 10: 1340/1641 Loss: 0.308941
2026-08-19 16:34: Train Epoch 10: 1360/1641 Loss: 0.295207
2026-08-19 16:34: Train Epoch 10: 1380/1641 Loss: 0.295874
2026-08-19 16:34: Train Epoch 10: 1400/1641 Loss: 0.281937
2026-08-19 16:34: Train Epoch 10: 1420/1641 Loss: 0.281163
2026-08-19 16:34: Train Epoch 10: 1440/1641 Loss: 0.276592
2026-08-19 16:34: Train Epoch 10: 1460/1641 Loss: 0.293650
2026-08-19 16:34: Train Epoch 10: 1480/1641 Loss: 0.269655
2026-08-19 16:34: Train Epoch 10: 1500/1641 Loss: 0.294629
2026-08-19 16:34: Train Epoch 10: 1520/1641 Loss: 0.297733
2026-08-19 16:34: Train Epoch 10: 1540/1641 Loss: 0.277663
2026-08-19 16:34: Train Epoch 10: 1560/1641 Loss: 0.289888
2026-08-19 16:34: Train Epoch 10: 1580/1641 Loss: 0.284832
2026-08-19 16:34: Train Epoch 10: 1600/1641 Loss: 0.286075
2026-08-19 16:34: Train Epoch 10: 1620/1641 Loss: 0.310364
2026-08-19 16:34: Train Epoch 10: 1640/1641 Loss: 0.295444
2026-08-19 16:34: **********Train Epoch 10: averaged Loss: 0.293362, tf_ratio: 0.353521
2026-08-19 16:35: **********Val Epoch 10: average Loss: 0.315052
2026-08-19 16:35: Train Epoch 11: 0/1641 Loss: 0.300875
2026-08-19 16:35: Train Epoch 11: 20/1641 Loss: 0.306544
2026-08-19 16:35: Train Epoch 11: 40/1641 Loss: 0.279123
2026-08-19 16:35: Train Epoch 11: 60/1641 Loss: 0.319055
2026-08-19 16:35: Train Epoch 11: 80/1641 Loss: 0.272563
2026-08-19 16:35: Train Epoch 11: 100/1641 Loss: 0.297442
2026-08-19 16:35: Train Epoch 11: 120/1641 Loss: 0.302679
2026-08-19 16:35: Train Epoch 11: 140/1641 Loss: 0.264977
2026-08-19 16:35: Train Epoch 11: 160/1641 Loss: 0.283469
2026-08-19 16:35: Train Epoch 11: 180/1641 Loss: 0.284207
2026-08-19 16:35: Train Epoch 11: 200/1641 Loss: 0.283960
2026-08-19 16:35: Train Epoch 11: 220/1641 Loss: 0.285183
2026-08-19 16:35: Train Epoch 11: 240/1641 Loss: 0.300979
2026-08-19 16:35: Train Epoch 11: 260/1641 Loss: 0.287676
2026-08-19 16:35: Train Epoch 11: 280/1641 Loss: 0.289284
2026-08-19 16:35: Train Epoch 11: 300/1641 Loss: 0.295685
2026-08-19 16:35: Train Epoch 11: 320/1641 Loss: 0.271395
2026-08-19 16:35: Train Epoch 11: 340/1641 Loss: 0.328797
2026-08-19 16:35: Train Epoch 11: 360/1641 Loss: 0.289628
2026-08-19 16:36: Train Epoch 11: 380/1641 Loss: 0.288706
2026-08-19 16:36: Train Epoch 11: 400/1641 Loss: 0.293251
2026-08-19 16:36: Train Epoch 11: 420/1641 Loss: 0.296181
2026-08-19 16:36: Train Epoch 11: 440/1641 Loss: 0.290390
2026-08-19 16:36: Train Epoch 11: 460/1641 Loss: 0.277472
2026-08-19 16:36: Train Epoch 11: 480/1641 Loss: 0.284797
2026-08-19 16:36: Train Epoch 11: 500/1641 Loss: 0.277812
2026-08-19 16:36: Train Epoch 11: 520/1641 Loss: 0.270974
2026-08-19 16:36: Train Epoch 11: 540/1641 Loss: 0.293273
2026-08-19 16:36: Train Epoch 11: 560/1641 Loss: 0.280420
2026-08-19 16:36: Train Epoch 11: 580/1641 Loss: 0.294090
2026-08-19 16:36: Train Epoch 11: 600/1641 Loss: 0.280708
2026-08-19 16:36: Train Epoch 11: 620/1641 Loss: 0.288700
2026-08-19 16:36: Train Epoch 11: 640/1641 Loss: 0.326328
2026-08-19 16:36: Train Epoch 11: 660/1641 Loss: 0.287168
2026-08-19 16:36: Train Epoch 11: 680/1641 Loss: 0.300047
2026-08-19 16:36: Train Epoch 11: 700/1641 Loss: 0.280705
2026-08-19 16:36: Train Epoch 11: 720/1641 Loss: 0.302127
2026-08-19 16:36: Train Epoch 11: 740/1641 Loss: 0.297530
2026-08-19 16:36: Train Epoch 11: 760/1641 Loss: 0.310079
2026-08-19 16:36: Train Epoch 11: 780/1641 Loss: 0.292804
2026-08-19 16:36: Train Epoch 11: 800/1641 Loss: 0.285284
2026-08-19 16:37: Train Epoch 11: 820/1641 Loss: 0.269830
2026-08-19 16:37: Train Epoch 11: 840/1641 Loss: 0.307348
2026-08-19 16:37: Train Epoch 11: 860/1641 Loss: 0.293120
2026-08-19 16:37: Train Epoch 11: 880/1641 Loss: 0.268860
2026-08-19 16:37: Train Epoch 11: 900/1641 Loss: 0.285433
2026-08-19 16:37: Train Epoch 11: 920/1641 Loss: 0.309692
2026-08-19 16:37: Train Epoch 11: 940/1641 Loss: 0.293846
2026-08-19 16:37: Train Epoch 11: 960/1641 Loss: 0.284372
2026-08-19 16:37: Train Epoch 11: 980/1641 Loss: 0.292741
2026-08-19 16:37: Train Epoch 11: 1000/1641 Loss: 0.282930
2026-08-19 16:37: Train Epoch 11: 1020/1641 Loss: 0.305837
2026-08-19 16:37: Train Epoch 11: 1040/1641 Loss: 0.297303
2026-08-19 16:37: Train Epoch 11: 1060/1641 Loss: 0.278907
2026-08-19 16:37: Train Epoch 11: 1080/1641 Loss: 0.296794
2026-08-19 16:37: Train Epoch 11: 1100/1641 Loss: 0.278392
2026-08-19 16:37: Train Epoch 11: 1120/1641 Loss: 0.288418
2026-08-19 16:37: Train Epoch 11: 1140/1641 Loss: 0.285052
2026-08-19 16:37: Train Epoch 11: 1160/1641 Loss: 0.284095
2026-08-19 16:37: Train Epoch 11: 1180/1641 Loss: 0.279074
2026-08-19 16:37: Train Epoch 11: 1200/1641 Loss: 0.280018
2026-08-19 16:38: Train Epoch 11: 1220/1641 Loss: 0.272878
2026-08-19 16:38: Train Epoch 11: 1240/1641 Loss: 0.280543
2026-08-19 16:38: Train Epoch 11: 1260/1641 Loss: 0.292288
2026-08-19 16:38: Train Epoch 11: 1280/1641 Loss: 0.302041
2026-08-19 16:38: Train Epoch 11: 1300/1641 Loss: 0.304565
2026-08-19 16:38: Train Epoch 11: 1320/1641 Loss: 0.296993
2026-08-19 16:38: Train Epoch 11: 1340/1641 Loss: 0.290403
2026-08-19 16:38: Train Epoch 11: 1360/1641 Loss: 0.281483
2026-08-19 16:38: Train Epoch 11: 1380/1641 Loss: 0.290566
2026-08-19 16:38: Train Epoch 11: 1400/1641 Loss: 0.306983
2026-08-19 16:38: Train Epoch 11: 1420/1641 Loss: 0.273361
2026-08-19 16:38: Train Epoch 11: 1440/1641 Loss: 0.301190
2026-08-19 16:38: Train Epoch 11: 1460/1641 Loss: 0.290168
2026-08-19 16:38: Train Epoch 11: 1480/1641 Loss: 0.288570
2026-08-19 16:38: Train Epoch 11: 1500/1641 Loss: 0.292666
2026-08-19 16:38: Train Epoch 11: 1520/1641 Loss: 0.284059
2026-08-19 16:38: Train Epoch 11: 1540/1641 Loss: 0.293328
2026-08-19 16:38: Train Epoch 11: 1560/1641 Loss: 0.269538
2026-08-19 16:38: Train Epoch 11: 1580/1641 Loss: 0.288955
2026-08-19 16:38: Train Epoch 11: 1600/1641 Loss: 0.269107
2026-08-19 16:38: Train Epoch 11: 1620/1641 Loss: 0.285120
2026-08-19 16:38: Train Epoch 11: 1640/1641 Loss: 0.308650
2026-08-19 16:38: **********Train Epoch 11: averaged Loss: 0.288744, tf_ratio: 0.194020
2026-08-19 16:39: **********Val Epoch 11: average Loss: 0.311563
2026-08-19 16:39: Train Epoch 12: 0/1641 Loss: 0.290254
2026-08-19 16:39: Train Epoch 12: 20/1641 Loss: 0.272093
2026-08-19 16:39: Train Epoch 12: 40/1641 Loss: 0.307056
2026-08-19 16:39: Train Epoch 12: 60/1641 Loss: 0.304226
2026-08-19 16:39: Train Epoch 12: 80/1641 Loss: 0.279330
2026-08-19 16:39: Train Epoch 12: 100/1641 Loss: 0.277423
2026-08-19 16:39: Train Epoch 12: 120/1641 Loss: 0.294346
2026-08-19 16:39: Train Epoch 12: 140/1641 Loss: 0.286666
2026-08-19 16:39: Train Epoch 12: 160/1641 Loss: 0.270622
2026-08-19 16:39: Train Epoch 12: 180/1641 Loss: 0.297517
2026-08-19 16:39: Train Epoch 12: 200/1641 Loss: 0.282189
2026-08-19 16:39: Train Epoch 12: 220/1641 Loss: 0.289655
2026-08-19 16:39: Train Epoch 12: 240/1641 Loss: 0.279178
2026-08-19 16:39: Train Epoch 12: 260/1641 Loss: 0.294768
2026-08-19 16:39: Train Epoch 12: 280/1641 Loss: 0.291198
2026-08-19 16:40: Train Epoch 12: 300/1641 Loss: 0.274336
2026-08-19 16:40: Train Epoch 12: 320/1641 Loss: 0.303970
2026-08-19 16:40: Train Epoch 12: 340/1641 Loss: 0.281961
2026-08-19 16:40: Train Epoch 12: 360/1641 Loss: 0.303767
2026-08-19 16:40: Train Epoch 12: 380/1641 Loss: 0.294266
2026-08-19 16:40: Train Epoch 12: 400/1641 Loss: 0.287328
2026-08-19 16:40: Train Epoch 12: 420/1641 Loss: 0.271291
2026-08-19 16:40: Train Epoch 12: 440/1641 Loss: 0.281959
2026-08-19 16:40: Train Epoch 12: 460/1641 Loss: 0.284312
2026-08-19 16:40: Train Epoch 12: 480/1641 Loss: 0.313483
2026-08-19 16:40: Train Epoch 12: 500/1641 Loss: 0.272558
2026-08-19 16:40: Train Epoch 12: 520/1641 Loss: 0.287284
2026-08-19 16:40: Train Epoch 12: 540/1641 Loss: 0.285993
2026-08-19 16:40: Train Epoch 12: 560/1641 Loss: 0.291430
2026-08-19 16:40: Train Epoch 12: 580/1641 Loss: 0.272480
2026-08-19 16:40: Train Epoch 12: 600/1641 Loss: 0.277819
2026-08-19 16:40: Train Epoch 12: 620/1641 Loss: 0.273655
2026-08-19 16:40: Train Epoch 12: 640/1641 Loss: 0.305071
2026-08-19 16:40: Train Epoch 12: 660/1641 Loss: 0.279642
2026-08-19 16:40: Train Epoch 12: 680/1641 Loss: 0.267162
2026-08-19 16:40: Train Epoch 12: 700/1641 Loss: 0.276497
2026-08-19 16:41: Train Epoch 12: 720/1641 Loss: 0.308655
2026-08-19 16:41: Train Epoch 12: 740/1641 Loss: 0.296201
2026-08-19 16:41: Train Epoch 12: 760/1641 Loss: 0.282075
2026-08-19 16:41: Train Epoch 12: 780/1641 Loss: 0.295054
2026-08-19 16:41: Train Epoch 12: 800/1641 Loss: 0.274894
2026-08-19 16:41: Train Epoch 12: 820/1641 Loss: 0.284716
2026-08-19 16:41: Train Epoch 12: 840/1641 Loss: 0.273576
2026-08-19 16:41: Train Epoch 12: 860/1641 Loss: 0.274455
2026-08-19 16:41: Train Epoch 12: 880/1641 Loss: 0.288064
2026-08-19 16:41: Train Epoch 12: 900/1641 Loss: 0.290606
2026-08-19 16:41: Train Epoch 12: 920/1641 Loss: 0.281950
2026-08-19 16:41: Train Epoch 12: 940/1641 Loss: 0.279669
2026-08-19 16:41: Train Epoch 12: 960/1641 Loss: 0.278369
2026-08-19 16:41: Train Epoch 12: 980/1641 Loss: 0.290037
2026-08-19 16:41: Train Epoch 12: 1000/1641 Loss: 0.292981
2026-08-19 16:41: Train Epoch 12: 1020/1641 Loss: 0.299860
2026-08-19 16:41: Train Epoch 12: 1040/1641 Loss: 0.288344
2026-08-19 16:41: Train Epoch 12: 1060/1641 Loss: 0.272553
2026-08-19 16:41: Train Epoch 12: 1080/1641 Loss: 0.268969
2026-08-19 16:41: Train Epoch 12: 1100/1641 Loss: 0.290101
2026-08-19 16:41: Train Epoch 12: 1120/1641 Loss: 0.276416
2026-08-19 16:42: Train Epoch 12: 1140/1641 Loss: 0.284398
2026-08-19 16:42: Train Epoch 12: 1160/1641 Loss: 0.261284
2026-08-19 16:42: Train Epoch 12: 1180/1641 Loss: 0.272672
2026-08-19 16:42: Train Epoch 12: 1200/1641 Loss: 0.281202
2026-08-19 16:42: Train Epoch 12: 1220/1641 Loss: 0.267252
2026-08-19 16:42: Train Epoch 12: 1240/1641 Loss: 0.292525
2026-08-19 16:42: Train Epoch 12: 1260/1641 Loss: 0.301850
2026-08-19 16:42: Train Epoch 12: 1280/1641 Loss: 0.293727
2026-08-19 16:42: Train Epoch 12: 1300/1641 Loss: 0.282342
2026-08-19 16:42: Train Epoch 12: 1320/1641 Loss: 0.291509
2026-08-19 16:42: Train Epoch 12: 1340/1641 Loss: 0.284530
2026-08-19 16:42: Train Epoch 12: 1360/1641 Loss: 0.272437
2026-08-19 16:42: Train Epoch 12: 1380/1641 Loss: 0.288545
2026-08-19 16:42: Train Epoch 12: 1400/1641 Loss: 0.301661
2026-08-19 16:42: Train Epoch 12: 1420/1641 Loss: 0.272510
2026-08-19 16:42: Train Epoch 12: 1440/1641 Loss: 0.276302
2026-08-19 16:42: Train Epoch 12: 1460/1641 Loss: 0.284718
2026-08-19 16:42: Train Epoch 12: 1480/1641 Loss: 0.303183
2026-08-19 16:42: Train Epoch 12: 1500/1641 Loss: 0.292701
2026-08-19 16:42: Train Epoch 12: 1520/1641 Loss: 0.264886
2026-08-19 16:42: Train Epoch 12: 1540/1641 Loss: 0.274831
2026-08-19 16:43: Train Epoch 12: 1560/1641 Loss: 0.283266
2026-08-19 16:43: Train Epoch 12: 1580/1641 Loss: 0.266627
2026-08-19 16:43: Train Epoch 12: 1600/1641 Loss: 0.285989
2026-08-19 16:43: Train Epoch 12: 1620/1641 Loss: 0.276870
2026-08-19 16:43: Train Epoch 12: 1640/1641 Loss: 0.281750
2026-08-19 16:43: **********Train Epoch 12: averaged Loss: 0.284186, tf_ratio: 0.095816
2026-08-19 16:43: **********Val Epoch 12: average Loss: 0.315826
2026-08-19 16:43: Train Epoch 13: 0/1641 Loss: 0.287043
2026-08-19 16:43: Train Epoch 13: 20/1641 Loss: 0.279401
2026-08-19 16:43: Train Epoch 13: 40/1641 Loss: 0.281102
2026-08-19 16:43: Train Epoch 13: 60/1641 Loss: 0.302456
2026-08-19 16:43: Train Epoch 13: 80/1641 Loss: 0.281121
2026-08-19 16:43: Train Epoch 13: 100/1641 Loss: 0.287932
2026-08-19 16:43: Train Epoch 13: 120/1641 Loss: 0.281587
2026-08-19 16:43: Train Epoch 13: 140/1641 Loss: 0.273389
2026-08-19 16:43: Train Epoch 13: 160/1641 Loss: 0.290689
2026-08-19 16:43: Train Epoch 13: 180/1641 Loss: 0.298966
2026-08-19 16:44: Train Epoch 13: 200/1641 Loss: 0.273522
2026-08-19 16:44: Train Epoch 13: 220/1641 Loss: 0.288731
2026-08-19 16:44: Train Epoch 13: 240/1641 Loss: 0.264787
2026-08-19 16:44: Train Epoch 13: 260/1641 Loss: 0.257524
2026-08-19 16:44: Train Epoch 13: 280/1641 Loss: 0.266296
2026-08-19 16:44: Train Epoch 13: 300/1641 Loss: 0.267460
2026-08-19 16:44: Train Epoch 13: 320/1641 Loss: 0.287982
2026-08-19 16:44: Train Epoch 13: 340/1641 Loss: 0.277682
2026-08-19 16:44: Train Epoch 13: 360/1641 Loss: 0.301431
2026-08-19 16:44: Train Epoch 13: 380/1641 Loss: 0.273976
2026-08-19 16:44: Train Epoch 13: 400/1641 Loss: 0.272165
2026-08-19 16:44: Train Epoch 13: 420/1641 Loss: 0.285259
2026-08-19 16:44: Train Epoch 13: 440/1641 Loss: 0.279766
2026-08-19 16:44: Train Epoch 13: 460/1641 Loss: 0.274410
2026-08-19 16:44: Train Epoch 13: 480/1641 Loss: 0.304062
2026-08-19 16:44: Train Epoch 13: 500/1641 Loss: 0.289177
2026-08-19 16:44: Train Epoch 13: 520/1641 Loss: 0.286556
2026-08-19 16:44: Train Epoch 13: 540/1641 Loss: 0.266832
2026-08-19 16:44: Train Epoch 13: 560/1641 Loss: 0.280240
2026-08-19 16:44: Train Epoch 13: 580/1641 Loss: 0.269898
2026-08-19 16:44: Train Epoch 13: 600/1641 Loss: 0.286175
2026-08-19 16:45: Train Epoch 13: 620/1641 Loss: 0.271822
2026-08-19 16:45: Train Epoch 13: 640/1641 Loss: 0.274419
2026-08-19 16:45: Train Epoch 13: 660/1641 Loss: 0.275654
2026-08-19 16:45: Train Epoch 13: 680/1641 Loss: 0.298063
2026-08-19 16:45: Train Epoch 13: 700/1641 Loss: 0.276888
2026-08-19 16:45: Train Epoch 13: 720/1641 Loss: 0.268211
2026-08-19 16:45: Train Epoch 13: 740/1641 Loss: 0.303908
2026-08-19 16:45: Train Epoch 13: 760/1641 Loss: 0.265512
2026-08-19 16:45: Train Epoch 13: 780/1641 Loss: 0.275639
2026-08-19 16:45: Train Epoch 13: 800/1641 Loss: 0.297793
2026-08-19 16:45: Train Epoch 13: 820/1641 Loss: 0.290519
2026-08-19 16:45: Train Epoch 13: 840/1641 Loss: 0.264545
2026-08-19 16:45: Train Epoch 13: 860/1641 Loss: 0.278169
2026-08-19 16:45: Train Epoch 13: 880/1641 Loss: 0.286188
2026-08-19 16:45: Train Epoch 13: 900/1641 Loss: 0.270153
2026-08-19 16:45: Train Epoch 13: 920/1641 Loss: 0.267409
2026-08-19 16:45: Train Epoch 13: 940/1641 Loss: 0.289919
2026-08-19 16:45: Train Epoch 13: 960/1641 Loss: 0.288200
2026-08-19 16:45: Train Epoch 13: 980/1641 Loss: 0.270977
2026-08-19 16:45: Train Epoch 13: 1000/1641 Loss: 0.297932
2026-08-19 16:45: Train Epoch 13: 1020/1641 Loss: 0.300790
2026-08-19 16:45: Train Epoch 13: 1040/1641 Loss: 0.292172
2026-08-19 16:46: Train Epoch 13: 1060/1641 Loss: 0.275680
2026-08-19 16:46: Train Epoch 13: 1080/1641 Loss: 0.287398
2026-08-19 16:46: Train Epoch 13: 1100/1641 Loss: 0.271425
2026-08-19 16:46: Train Epoch 13: 1120/1641 Loss: 0.287347
2026-08-19 16:46: Train Epoch 13: 1140/1641 Loss: 0.276369
2026-08-19 16:46: Train Epoch 13: 1160/1641 Loss: 0.276652
2026-08-19 16:46: Train Epoch 13: 1180/1641 Loss: 0.288912
2026-08-19 16:46: Train Epoch 13: 1200/1641 Loss: 0.279802
2026-08-19 16:46: Train Epoch 13: 1220/1641 Loss: 0.276406
2026-08-19 16:46: Train Epoch 13: 1240/1641 Loss: 0.269552
2026-08-19 16:46: Train Epoch 13: 1260/1641 Loss: 0.262293
2026-08-19 16:46: Train Epoch 13: 1280/1641 Loss: 0.254858
2026-08-19 16:46: Train Epoch 13: 1300/1641 Loss: 0.286614
2026-08-19 16:46: Train Epoch 13: 1320/1641 Loss: 0.300599
2026-08-19 16:46: Train Epoch 13: 1340/1641 Loss: 0.291552
2026-08-19 16:46: Train Epoch 13: 1360/1641 Loss: 0.264063
2026-08-19 16:46: Train Epoch 13: 1380/1641 Loss: 0.290890
2026-08-19 16:46: Train Epoch 13: 1400/1641 Loss: 0.258319
2026-08-19 16:46: Train Epoch 13: 1420/1641 Loss: 0.275748
2026-08-19 16:46: Train Epoch 13: 1440/1641 Loss: 0.268661
2026-08-19 16:46: Train Epoch 13: 1460/1641 Loss: 0.259426
2026-08-19 16:46: Train Epoch 13: 1480/1641 Loss: 0.280454
2026-08-19 16:46: Train Epoch 13: 1500/1641 Loss: 0.292387
2026-08-19 16:47: Train Epoch 13: 1520/1641 Loss: 0.282927
2026-08-19 16:47: Train Epoch 13: 1540/1641 Loss: 0.269847
2026-08-19 16:47: Train Epoch 13: 1560/1641 Loss: 0.289371
2026-08-19 16:47: Train Epoch 13: 1580/1641 Loss: 0.285726
2026-08-19 16:47: Train Epoch 13: 1600/1641 Loss: 0.278739
2026-08-19 16:47: Train Epoch 13: 1620/1641 Loss: 0.269901
2026-08-19 16:47: Train Epoch 13: 1640/1641 Loss: 0.278777
2026-08-19 16:47: **********Train Epoch 13: averaged Loss: 0.279571, tf_ratio: 0.044570
2026-08-19 16:47: **********Val Epoch 13: average Loss: 0.317936
2026-08-19 16:47: Train Epoch 14: 0/1641 Loss: 0.287798
2026-08-19 16:47: Train Epoch 14: 20/1641 Loss: 0.279107
2026-08-19 16:47: Train Epoch 14: 40/1641 Loss: 0.273646
2026-08-19 16:47: Train Epoch 14: 60/1641 Loss: 0.262950
2026-08-19 16:47: Train Epoch 14: 80/1641 Loss: 0.268613
2026-08-19 16:47: Train Epoch 14: 100/1641 Loss: 0.270050
2026-08-19 16:47: Train Epoch 14: 120/1641 Loss: 0.280169
2026-08-19 16:47: Train Epoch 14: 140/1641 Loss: 0.257393
2026-08-19 16:48: Train Epoch 14: 160/1641 Loss: 0.257305
2026-08-19 16:48: Train Epoch 14: 180/1641 Loss: 0.282220
2026-08-19 16:48: Train Epoch 14: 200/1641 Loss: 0.271811
2026-08-19 16:48: Train Epoch 14: 220/1641 Loss: 0.276842
2026-08-19 16:48: Train Epoch 14: 240/1641 Loss: 0.264310
2026-08-19 16:48: Train Epoch 14: 260/1641 Loss: 0.302361
2026-08-19 16:48: Train Epoch 14: 280/1641 Loss: 0.285819
2026-08-19 16:48: Train Epoch 14: 300/1641 Loss: 0.284939
2026-08-19 16:48: Train Epoch 14: 320/1641 Loss: 0.250692
2026-08-19 16:48: Train Epoch 14: 340/1641 Loss: 0.269748
2026-08-19 16:48: Train Epoch 14: 360/1641 Loss: 0.282258
2026-08-19 16:48: Train Epoch 14: 380/1641 Loss: 0.287257
2026-08-19 16:48: Train Epoch 14: 400/1641 Loss: 0.284602
2026-08-19 16:48: Train Epoch 14: 420/1641 Loss: 0.272429
2026-08-19 16:48: Train Epoch 14: 440/1641 Loss: 0.271428
2026-08-19 16:48: Train Epoch 14: 460/1641 Loss: 0.285488
2026-08-19 16:48: Train Epoch 14: 480/1641 Loss: 0.268361
2026-08-19 16:48: Train Epoch 14: 500/1641 Loss: 0.262333
2026-08-19 16:48: Train Epoch 14: 520/1641 Loss: 0.282319
2026-08-19 16:48: Train Epoch 14: 540/1641 Loss: 0.264927
2026-08-19 16:48: Train Epoch 14: 560/1641 Loss: 0.267383
2026-08-19 16:48: Train Epoch 14: 580/1641 Loss: 0.268580
2026-08-19 16:48: Train Epoch 14: 600/1641 Loss: 0.260025
2026-08-19 16:49: Train Epoch 14: 620/1641 Loss: 0.268422
2026-08-19 16:49: Train Epoch 14: 640/1641 Loss: 0.263795
2026-08-19 16:49: Train Epoch 14: 660/1641 Loss: 0.277032
2026-08-19 16:49: Train Epoch 14: 680/1641 Loss: 0.286166
2026-08-19 16:49: Train Epoch 14: 700/1641 Loss: 0.278443
2026-08-19 16:49: Train Epoch 14: 720/1641 Loss: 0.285029
2026-08-19 16:49: Train Epoch 14: 740/1641 Loss: 0.278952
2026-08-19 16:49: Train Epoch 14: 760/1641 Loss: 0.274432
2026-08-19 16:49: Train Epoch 14: 780/1641 Loss: 0.273355
2026-08-19 16:49: Train Epoch 14: 800/1641 Loss: 0.268339
2026-08-19 16:49: Train Epoch 14: 820/1641 Loss: 0.274349
2026-08-19 16:49: Train Epoch 14: 840/1641 Loss: 0.259789
2026-08-19 16:49: Train Epoch 14: 860/1641 Loss: 0.285011
2026-08-19 16:49: Train Epoch 14: 880/1641 Loss: 0.279666
2026-08-19 16:49: Train Epoch 14: 900/1641 Loss: 0.272759
2026-08-19 16:49: Train Epoch 14: 920/1641 Loss: 0.262726
2026-08-19 16:49: Train Epoch 14: 940/1641 Loss: 0.274402
2026-08-19 16:49: Train Epoch 14: 960/1641 Loss: 0.262354
2026-08-19 16:49: Train Epoch 14: 980/1641 Loss: 0.271200
2026-08-19 16:49: Train Epoch 14: 1000/1641 Loss: 0.264397
2026-08-19 16:49: Train Epoch 14: 1020/1641 Loss: 0.268789
2026-08-19 16:49: Train Epoch 14: 1040/1641 Loss: 0.281073
2026-08-19 16:49: Train Epoch 14: 1060/1641 Loss: 0.269752
2026-08-19 16:50: Train Epoch 14: 1080/1641 Loss: 0.285642
2026-08-19 16:50: Train Epoch 14: 1100/1641 Loss: 0.287886
2026-08-19 16:50: Train Epoch 14: 1120/1641 Loss: 0.286450
2026-08-19 16:50: Train Epoch 14: 1140/1641 Loss: 0.270136
2026-08-19 16:50: Train Epoch 14: 1160/1641 Loss: 0.265858
2026-08-19 16:50: Train Epoch 14: 1180/1641 Loss: 0.278916
2026-08-19 16:50: Train Epoch 14: 1200/1641 Loss: 0.269088
2026-08-19 16:50: Train Epoch 14: 1220/1641 Loss: 0.282643
2026-08-19 16:50: Train Epoch 14: 1240/1641 Loss: 0.275709
2026-08-19 16:50: Train Epoch 14: 1260/1641 Loss: 0.283178
2026-08-19 16:50: Train Epoch 14: 1280/1641 Loss: 0.257982
2026-08-19 16:50: Train Epoch 14: 1300/1641 Loss: 0.272487
2026-08-19 16:50: Train Epoch 14: 1320/1641 Loss: 0.260337
2026-08-19 16:50: Train Epoch 14: 1340/1641 Loss: 0.284306
2026-08-19 16:50: Train Epoch 14: 1360/1641 Loss: 0.259303
2026-08-19 16:50: Train Epoch 14: 1380/1641 Loss: 0.295608
2026-08-19 16:50: Train Epoch 14: 1400/1641 Loss: 0.276749
2026-08-19 16:50: Train Epoch 14: 1420/1641 Loss: 0.275004
2026-08-19 16:50: Train Epoch 14: 1440/1641 Loss: 0.284343
2026-08-19 16:50: Train Epoch 14: 1460/1641 Loss: 0.277159
2026-08-19 16:50: Train Epoch 14: 1480/1641 Loss: 0.270200
2026-08-19 16:50: Train Epoch 14: 1500/1641 Loss: 0.264905
2026-08-19 16:50: Train Epoch 14: 1520/1641 Loss: 0.287336
2026-08-19 16:51: Train Epoch 14: 1540/1641 Loss: 0.282597
2026-08-19 16:51: Train Epoch 14: 1560/1641 Loss: 0.274916
2026-08-19 16:51: Train Epoch 14: 1580/1641 Loss: 0.268535
2026-08-19 16:51: Train Epoch 14: 1600/1641 Loss: 0.270879
2026-08-19 16:51: Train Epoch 14: 1620/1641 Loss: 0.249795
2026-08-19 16:51: Train Epoch 14: 1640/1641 Loss: 0.271339
2026-08-19 16:51: **********Train Epoch 14: averaged Loss: 0.274648, tf_ratio: 0.020122
2026-08-19 16:51: **********Val Epoch 14: average Loss: 0.317273
2026-08-19 16:51: Train Epoch 15: 0/1641 Loss: 0.257150
2026-08-19 16:51: Train Epoch 15: 20/1641 Loss: 0.254174
2026-08-19 16:51: Train Epoch 15: 40/1641 Loss: 0.256641
2026-08-19 16:51: Train Epoch 15: 60/1641 Loss: 0.252259
2026-08-19 16:51: Train Epoch 15: 80/1641 Loss: 0.247268
2026-08-19 16:51: Train Epoch 15: 100/1641 Loss: 0.282980
2026-08-19 16:51: Train Epoch 15: 120/1641 Loss: 0.268756
2026-08-19 16:51: Train Epoch 15: 140/1641 Loss: 0.258540
2026-08-19 16:51: Train Epoch 15: 160/1641 Loss: 0.283789
2026-08-19 16:51: Train Epoch 15: 180/1641 Loss: 0.273256
2026-08-19 16:52: Train Epoch 15: 200/1641 Loss: 0.275415
2026-08-19 16:52: Train Epoch 15: 220/1641 Loss: 0.251454
2026-08-19 16:52: Train Epoch 15: 240/1641 Loss: 0.271742
2026-08-19 16:52: Train Epoch 15: 260/1641 Loss: 0.284789
2026-08-19 16:52: Train Epoch 15: 280/1641 Loss: 0.289140
2026-08-19 16:52: Train Epoch 15: 300/1641 Loss: 0.261332
2026-08-19 16:52: Train Epoch 15: 320/1641 Loss: 0.267587
2026-08-19 16:52: Train Epoch 15: 340/1641 Loss: 0.262363
2026-08-19 16:52: Train Epoch 15: 360/1641 Loss: 0.269725
2026-08-19 16:52: Train Epoch 15: 380/1641 Loss: 0.269731
2026-08-19 16:52: Train Epoch 15: 400/1641 Loss: 0.271545
2026-08-19 16:52: Train Epoch 15: 420/1641 Loss: 0.263317
2026-08-19 16:52: Train Epoch 15: 440/1641 Loss: 0.257331
2026-08-19 16:52: Train Epoch 15: 460/1641 Loss: 0.247447
2026-08-19 16:52: Train Epoch 15: 480/1641 Loss: 0.271450
2026-08-19 16:52: Train Epoch 15: 500/1641 Loss: 0.275207
2026-08-19 16:52: Train Epoch 15: 520/1641 Loss: 0.265852
2026-08-19 16:52: Train Epoch 15: 540/1641 Loss: 0.271474
2026-08-19 16:52: Train Epoch 15: 560/1641 Loss: 0.276400
2026-08-19 16:52: Train Epoch 15: 580/1641 Loss: 0.270208
2026-08-19 16:52: Train Epoch 15: 600/1641 Loss: 0.269357
2026-08-19 16:52: Train Epoch 15: 620/1641 Loss: 0.250504
2026-08-19 16:52: Train Epoch 15: 640/1641 Loss: 0.279331
2026-08-19 16:52: Train Epoch 15: 660/1641 Loss: 0.292068
2026-08-19 16:53: Train Epoch 15: 680/1641 Loss: 0.279946
2026-08-19 16:53: Train Epoch 15: 700/1641 Loss: 0.272305
2026-08-19 16:53: Train Epoch 15: 720/1641 Loss: 0.268354
2026-08-19 16:53: Train Epoch 15: 740/1641 Loss: 0.271341
2026-08-19 16:53: Train Epoch 15: 760/1641 Loss: 0.275556
2026-08-19 16:53: Train Epoch 15: 780/1641 Loss: 0.275079
2026-08-19 16:53: Train Epoch 15: 800/1641 Loss: 0.264514
2026-08-19 16:53: Train Epoch 15: 820/1641 Loss: 0.274055
2026-08-19 16:53: Train Epoch 15: 840/1641 Loss: 0.290331
2026-08-19 16:53: Train Epoch 15: 860/1641 Loss: 0.253991
2026-08-19 16:53: Train Epoch 15: 880/1641 Loss: 0.275689
2026-08-19 16:53: Train Epoch 15: 900/1641 Loss: 0.280066
2026-08-19 16:53: Train Epoch 15: 920/1641 Loss: 0.246425
2026-08-19 16:53: Train Epoch 15: 940/1641 Loss: 0.269932
2026-08-19 16:53: Train Epoch 15: 960/1641 Loss: 0.267407
2026-08-19 16:53: Train Epoch 15: 980/1641 Loss: 0.267236
2026-08-19 16:53: Train Epoch 15: 1000/1641 Loss: 0.270172
2026-08-19 16:53: Train Epoch 15: 1020/1641 Loss: 0.281357
2026-08-19 16:53: Train Epoch 15: 1040/1641 Loss: 0.253020
2026-08-19 16:53: Train Epoch 15: 1060/1641 Loss: 0.289680
2026-08-19 16:53: Train Epoch 15: 1080/1641 Loss: 0.277479
2026-08-19 16:53: Train Epoch 15: 1100/1641 Loss: 0.278778
2026-08-19 16:54: Train Epoch 15: 1120/1641 Loss: 0.279653
2026-08-19 16:54: Train Epoch 15: 1140/1641 Loss: 0.276984
2026-08-19 16:54: Train Epoch 15: 1160/1641 Loss: 0.247535
2026-08-19 16:54: Train Epoch 15: 1180/1641 Loss: 0.278731
2026-08-19 16:54: Train Epoch 15: 1200/1641 Loss: 0.262733
2026-08-19 16:54: Train Epoch 15: 1220/1641 Loss: 0.286724
2026-08-19 16:54: Train Epoch 15: 1240/1641 Loss: 0.259674
2026-08-19 16:54: Train Epoch 15: 1260/1641 Loss: 0.269600
2026-08-19 16:54: Train Epoch 15: 1280/1641 Loss: 0.259953
2026-08-19 16:54: Train Epoch 15: 1300/1641 Loss: 0.261228
2026-08-19 16:54: Train Epoch 15: 1320/1641 Loss: 0.267852
2026-08-19 16:54: Train Epoch 15: 1340/1641 Loss: 0.269919
2026-08-19 16:54: Train Epoch 15: 1360/1641 Loss: 0.266412
2026-08-19 16:54: Train Epoch 15: 1380/1641 Loss: 0.263287
2026-08-19 16:54: Train Epoch 15: 1400/1641 Loss: 0.277396
2026-08-19 16:54: Train Epoch 15: 1420/1641 Loss: 0.273716
2026-08-19 16:54: Train Epoch 15: 1440/1641 Loss: 0.261170
2026-08-19 16:54: Train Epoch 15: 1460/1641 Loss: 0.265138
2026-08-19 16:54: Train Epoch 15: 1480/1641 Loss: 0.267526
2026-08-19 16:54: Train Epoch 15: 1500/1641 Loss: 0.276215
2026-08-19 16:54: Train Epoch 15: 1520/1641 Loss: 0.278631
2026-08-19 16:54: Train Epoch 15: 1540/1641 Loss: 0.259697
2026-08-19 16:54: Train Epoch 15: 1560/1641 Loss: 0.257673
2026-08-19 16:55: Train Epoch 15: 1580/1641 Loss: 0.266087
2026-08-19 16:55: Train Epoch 15: 1600/1641 Loss: 0.273079
2026-08-19 16:55: Train Epoch 15: 1620/1641 Loss: 0.260584
2026-08-19 16:55: Train Epoch 15: 1640/1641 Loss: 0.266012
2026-08-19 16:55: **********Train Epoch 15: averaged Loss: 0.270088, tf_ratio: 0.008959
2026-08-19 16:55: **********Val Epoch 15: average Loss: 0.319138
2026-08-19 16:55: Train Epoch 16: 0/1641 Loss: 0.269834
2026-08-19 16:55: Train Epoch 16: 20/1641 Loss: 0.263376
2026-08-19 16:55: Train Epoch 16: 40/1641 Loss: 0.275071
2026-08-19 16:55: Train Epoch 16: 60/1641 Loss: 0.259288
2026-08-19 16:55: Train Epoch 16: 80/1641 Loss: 0.272481
2026-08-19 16:55: Train Epoch 16: 100/1641 Loss: 0.260903
2026-08-19 16:55: Train Epoch 16: 120/1641 Loss: 0.259649
2026-08-19 16:55: Train Epoch 16: 140/1641 Loss: 0.255440
2026-08-19 16:55: Train Epoch 16: 160/1641 Loss: 0.264735
2026-08-19 16:55: Train Epoch 16: 180/1641 Loss: 0.256059
2026-08-19 16:55: Train Epoch 16: 200/1641 Loss: 0.273470
2026-08-19 16:55: Train Epoch 16: 220/1641 Loss: 0.258836
2026-08-19 16:56: Train Epoch 16: 240/1641 Loss: 0.274111
2026-08-19 16:56: Train Epoch 16: 260/1641 Loss: 0.257729
2026-08-19 16:56: Train Epoch 16: 280/1641 Loss: 0.251530
2026-08-19 16:56: Train Epoch 16: 300/1641 Loss: 0.277523
2026-08-19 16:56: Train Epoch 16: 320/1641 Loss: 0.275196
2026-08-19 16:56: Train Epoch 16: 340/1641 Loss: 0.278508
2026-08-19 16:56: Train Epoch 16: 360/1641 Loss: 0.282154
2026-08-19 16:56: Train Epoch 16: 380/1641 Loss: 0.267210
2026-08-19 16:56: Train Epoch 16: 400/1641 Loss: 0.273198
2026-08-19 16:56: Train Epoch 16: 420/1641 Loss: 0.256832
2026-08-19 16:56: Train Epoch 16: 440/1641 Loss: 0.246111
2026-08-19 16:56: Train Epoch 16: 460/1641 Loss: 0.268947
2026-08-19 16:56: Train Epoch 16: 480/1641 Loss: 0.273412
2026-08-19 16:56: Train Epoch 16: 500/1641 Loss: 0.264948
2026-08-19 16:56: Train Epoch 16: 520/1641 Loss: 0.249100
2026-08-19 16:56: Train Epoch 16: 540/1641 Loss: 0.269332
2026-08-19 16:56: Train Epoch 16: 560/1641 Loss: 0.280755
2026-08-19 16:56: Train Epoch 16: 580/1641 Loss: 0.279101
2026-08-19 16:56: Train Epoch 16: 600/1641 Loss: 0.259329
2026-08-19 16:56: Train Epoch 16: 620/1641 Loss: 0.268911
2026-08-19 16:56: Train Epoch 16: 640/1641 Loss: 0.265666
2026-08-19 16:56: Train Epoch 16: 660/1641 Loss: 0.255791
2026-08-19 16:56: Train Epoch 16: 680/1641 Loss: 0.266306
2026-08-19 16:56: Train Epoch 16: 700/1641 Loss: 0.266131
2026-08-19 16:57: Train Epoch 16: 720/1641 Loss: 0.270409
2026-08-19 16:57: Train Epoch 16: 740/1641 Loss: 0.260507
2026-08-19 16:57: Train Epoch 16: 760/1641 Loss: 0.261087
2026-08-19 16:57: Train Epoch 16: 780/1641 Loss: 0.269546
2026-08-19 16:57: Train Epoch 16: 800/1641 Loss: 0.278586
2026-08-19 16:57: Train Epoch 16: 820/1641 Loss: 0.255583
2026-08-19 16:57: Train Epoch 16: 840/1641 Loss: 0.258337
2026-08-19 16:57: Train Epoch 16: 860/1641 Loss: 0.278041
2026-08-19 16:57: Train Epoch 16: 880/1641 Loss: 0.254227
2026-08-19 16:57: Train Epoch 16: 900/1641 Loss: 0.281601
2026-08-19 16:57: Train Epoch 16: 920/1641 Loss: 0.273031
2026-08-19 16:57: Train Epoch 16: 940/1641 Loss: 0.261000
2026-08-19 16:57: Train Epoch 16: 960/1641 Loss: 0.252165
2026-08-19 16:57: Train Epoch 16: 980/1641 Loss: 0.266584
2026-08-19 16:57: Train Epoch 16: 1000/1641 Loss: 0.266968
2026-08-19 16:57: Train Epoch 16: 1020/1641 Loss: 0.257308
2026-08-19 16:57: Train Epoch 16: 1040/1641 Loss: 0.280379
2026-08-19 16:57: Train Epoch 16: 1060/1641 Loss: 0.261171
2026-08-19 16:57: Train Epoch 16: 1080/1641 Loss: 0.281612
2026-08-19 16:57: Train Epoch 16: 1100/1641 Loss: 0.260887
2026-08-19 16:57: Train Epoch 16: 1120/1641 Loss: 0.266095
2026-08-19 16:57: Train Epoch 16: 1140/1641 Loss: 0.258289
2026-08-19 16:57: Train Epoch 16: 1160/1641 Loss: 0.264190
2026-08-19 16:58: Train Epoch 16: 1180/1641 Loss: 0.271298
2026-08-19 16:58: Train Epoch 16: 1200/1641 Loss: 0.274312
2026-08-19 16:58: Train Epoch 16: 1220/1641 Loss: 0.247327
2026-08-19 16:58: Train Epoch 16: 1240/1641 Loss: 0.256938
2026-08-19 16:58: Train Epoch 16: 1260/1641 Loss: 0.253233
2026-08-19 16:58: Train Epoch 16: 1280/1641 Loss: 0.258829
2026-08-19 16:58: Train Epoch 16: 1300/1641 Loss: 0.257897
2026-08-19 16:58: Train Epoch 16: 1320/1641 Loss: 0.271851
2026-08-19 16:58: Train Epoch 16: 1340/1641 Loss: 0.255002
2026-08-19 16:58: Train Epoch 16: 1360/1641 Loss: 0.260416
2026-08-19 16:58: Train Epoch 16: 1380/1641 Loss: 0.262341
2026-08-19 16:58: Train Epoch 16: 1400/1641 Loss: 0.258009
2026-08-19 16:58: Train Epoch 16: 1420/1641 Loss: 0.241854
2026-08-19 16:58: Train Epoch 16: 1440/1641 Loss: 0.270209
2026-08-19 16:58: Train Epoch 16: 1460/1641 Loss: 0.265206
2026-08-19 16:58: Train Epoch 16: 1480/1641 Loss: 0.245611
2026-08-19 16:58: Train Epoch 16: 1500/1641 Loss: 0.265305
2026-08-19 16:58: Train Epoch 16: 1520/1641 Loss: 0.257718
2026-08-19 16:58: Train Epoch 16: 1540/1641 Loss: 0.270291
2026-08-19 16:58: Train Epoch 16: 1560/1641 Loss: 0.264287
2026-08-19 16:58: Train Epoch 16: 1580/1641 Loss: 0.263192
2026-08-19 16:58: Train Epoch 16: 1600/1641 Loss: 0.268124
2026-08-19 16:58: Train Epoch 16: 1620/1641 Loss: 0.253921
2026-08-19 16:59: Train Epoch 16: 1640/1641 Loss: 0.267563
2026-08-19 16:59: **********Train Epoch 16: averaged Loss: 0.265720, tf_ratio: 0.003964
2026-08-19 16:59: **********Val Epoch 16: average Loss: 0.318955
2026-08-19 16:59: Train Epoch 17: 0/1641 Loss: 0.261256
2026-08-19 16:59: Train Epoch 17: 20/1641 Loss: 0.252513
2026-08-19 16:59: Train Epoch 17: 40/1641 Loss: 0.261132
2026-08-19 16:59: Train Epoch 17: 60/1641 Loss: 0.269566
2026-08-19 16:59: Train Epoch 17: 80/1641 Loss: 0.257859
2026-08-19 16:59: Train Epoch 17: 100/1641 Loss: 0.289598
2026-08-19 16:59: Train Epoch 17: 120/1641 Loss: 0.277160
2026-08-19 16:59: Train Epoch 17: 140/1641 Loss: 0.263902
2026-08-19 16:59: Train Epoch 17: 160/1641 Loss: 0.259598
2026-08-19 16:59: Train Epoch 17: 180/1641 Loss: 0.271019
2026-08-19 16:59: Train Epoch 17: 200/1641 Loss: 0.258875
2026-08-19 16:59: Train Epoch 17: 220/1641 Loss: 0.268383
2026-08-19 16:59: Train Epoch 17: 240/1641 Loss: 0.249784
2026-08-19 16:59: Train Epoch 17: 260/1641 Loss: 0.256378
2026-08-19 16:59: Train Epoch 17: 280/1641 Loss: 0.279325
2026-08-19 17:00: Train Epoch 17: 300/1641 Loss: 0.261487
2026-08-19 17:00: Train Epoch 17: 320/1641 Loss: 0.257765
2026-08-19 17:00: Train Epoch 17: 340/1641 Loss: 0.268235
2026-08-19 17:00: Train Epoch 17: 360/1641 Loss: 0.270060
2026-08-19 17:00: Train Epoch 17: 380/1641 Loss: 0.248235
2026-08-19 17:00: Train Epoch 17: 400/1641 Loss: 0.280376
2026-08-19 17:00: Train Epoch 17: 420/1641 Loss: 0.279135
2026-08-19 17:00: Train Epoch 17: 440/1641 Loss: 0.254896
2026-08-19 17:00: Train Epoch 17: 460/1641 Loss: 0.272722
2026-08-19 17:00: Train Epoch 17: 480/1641 Loss: 0.252482
2026-08-19 17:00: Train Epoch 17: 500/1641 Loss: 0.263541
2026-08-19 17:00: Train Epoch 17: 520/1641 Loss: 0.230877
2026-08-19 17:00: Train Epoch 17: 540/1641 Loss: 0.247939
2026-08-19 17:00: Train Epoch 17: 560/1641 Loss: 0.271951
2026-08-19 17:00: Train Epoch 17: 580/1641 Loss: 0.274272
2026-08-19 17:00: Train Epoch 17: 600/1641 Loss: 0.252950
2026-08-19 17:00: Train Epoch 17: 620/1641 Loss: 0.266612
2026-08-19 17:00: Train Epoch 17: 640/1641 Loss: 0.258284
2026-08-19 17:00: Train Epoch 17: 660/1641 Loss: 0.265772
2026-08-19 17:00: Train Epoch 17: 680/1641 Loss: 0.262618
2026-08-19 17:00: Train Epoch 17: 700/1641 Loss: 0.245610
2026-08-19 17:00: Train Epoch 17: 720/1641 Loss: 0.258411
2026-08-19 17:00: Train Epoch 17: 740/1641 Loss: 0.274658
2026-08-19 17:01: Train Epoch 17: 760/1641 Loss: 0.263665
2026-08-19 17:01: Train Epoch 17: 780/1641 Loss: 0.260169
2026-08-19 17:01: Train Epoch 17: 800/1641 Loss: 0.265251
2026-08-19 17:01: Train Epoch 17: 820/1641 Loss: 0.266368
2026-08-19 17:01: Train Epoch 17: 840/1641 Loss: 0.254062
2026-08-19 17:01: Train Epoch 17: 860/1641 Loss: 0.241103
2026-08-19 17:01: Train Epoch 17: 880/1641 Loss: 0.265937
2026-08-19 17:01: Train Epoch 17: 900/1641 Loss: 0.260986
2026-08-19 17:01: Train Epoch 17: 920/1641 Loss: 0.260136
2026-08-19 17:01: Train Epoch 17: 940/1641 Loss: 0.241995
2026-08-19 17:01: Train Epoch 17: 960/1641 Loss: 0.249982
2026-08-19 17:01: Train Epoch 17: 980/1641 Loss: 0.275059
2026-08-19 17:01: Train Epoch 17: 1000/1641 Loss: 0.255352
2026-08-19 17:01: Train Epoch 17: 1020/1641 Loss: 0.281632
2026-08-19 17:01: Train Epoch 17: 1040/1641 Loss: 0.256628
2026-08-19 17:01: Train Epoch 17: 1060/1641 Loss: 0.250464
2026-08-19 17:01: Train Epoch 17: 1080/1641 Loss: 0.262310
2026-08-19 17:01: Train Epoch 17: 1100/1641 Loss: 0.272081
2026-08-19 17:01: Train Epoch 17: 1120/1641 Loss: 0.272968
2026-08-19 17:01: Train Epoch 17: 1140/1641 Loss: 0.260225
2026-08-19 17:01: Train Epoch 17: 1160/1641 Loss: 0.259477
2026-08-19 17:01: Train Epoch 17: 1180/1641 Loss: 0.246981
2026-08-19 17:01: Train Epoch 17: 1200/1641 Loss: 0.272199
2026-08-19 17:02: Train Epoch 17: 1220/1641 Loss: 0.260145
2026-08-19 17:02: Train Epoch 17: 1240/1641 Loss: 0.245083
2026-08-19 17:02: Train Epoch 17: 1260/1641 Loss: 0.280135
2026-08-19 17:02: Train Epoch 17: 1280/1641 Loss: 0.245813
2026-08-19 17:02: Train Epoch 17: 1300/1641 Loss: 0.259495
2026-08-19 17:02: Train Epoch 17: 1320/1641 Loss: 0.263996
2026-08-19 17:02: Train Epoch 17: 1340/1641 Loss: 0.258712
2026-08-19 17:02: Train Epoch 17: 1360/1641 Loss: 0.255470
2026-08-19 17:02: Train Epoch 17: 1380/1641 Loss: 0.276110
2026-08-19 17:02: Train Epoch 17: 1400/1641 Loss: 0.274144
2026-08-19 17:02: Train Epoch 17: 1420/1641 Loss: 0.259943
2026-08-19 17:02: Train Epoch 17: 1440/1641 Loss: 0.248944
2026-08-19 17:02: Train Epoch 17: 1460/1641 Loss: 0.247275
2026-08-19 17:02: Train Epoch 17: 1480/1641 Loss: 0.259282
2026-08-19 17:02: Train Epoch 17: 1500/1641 Loss: 0.258907
2026-08-19 17:02: Train Epoch 17: 1520/1641 Loss: 0.267431
2026-08-19 17:02: Train Epoch 17: 1540/1641 Loss: 0.244396
2026-08-19 17:02: Train Epoch 17: 1560/1641 Loss: 0.258657
2026-08-19 17:02: Train Epoch 17: 1580/1641 Loss: 0.256118
2026-08-19 17:02: Train Epoch 17: 1600/1641 Loss: 0.262542
2026-08-19 17:02: Train Epoch 17: 1620/1641 Loss: 0.279260
2026-08-19 17:02: Train Epoch 17: 1640/1641 Loss: 0.241173
2026-08-19 17:02: **********Train Epoch 17: averaged Loss: 0.261357, tf_ratio: 0.001749
2026-08-19 17:03: **********Val Epoch 17: average Loss: 0.320357
2026-08-19 17:03: Train Epoch 18: 0/1641 Loss: 0.238382
2026-08-19 17:03: Train Epoch 18: 20/1641 Loss: 0.267097
2026-08-19 17:03: Train Epoch 18: 40/1641 Loss: 0.239608
2026-08-19 17:03: Train Epoch 18: 60/1641 Loss: 0.264943
2026-08-19 17:03: Train Epoch 18: 80/1641 Loss: 0.261118
2026-08-19 17:03: Train Epoch 18: 100/1641 Loss: 0.243771
2026-08-19 17:03: Train Epoch 18: 120/1641 Loss: 0.274207
2026-08-19 17:03: Train Epoch 18: 140/1641 Loss: 0.257309
2026-08-19 17:03: Train Epoch 18: 160/1641 Loss: 0.248911
2026-08-19 17:03: Train Epoch 18: 180/1641 Loss: 0.267187
2026-08-19 17:03: Train Epoch 18: 200/1641 Loss: 0.257258
2026-08-19 17:03: Train Epoch 18: 220/1641 Loss: 0.248628
2026-08-19 17:03: Train Epoch 18: 240/1641 Loss: 0.259586
2026-08-19 17:03: Train Epoch 18: 260/1641 Loss: 0.263988
2026-08-19 17:03: Train Epoch 18: 280/1641 Loss: 0.246144
2026-08-19 17:03: Train Epoch 18: 300/1641 Loss: 0.261232
2026-08-19 17:03: Train Epoch 18: 320/1641 Loss: 0.252788
2026-08-19 17:04: Train Epoch 18: 340/1641 Loss: 0.268207
2026-08-19 17:04: Train Epoch 18: 360/1641 Loss: 0.242012
2026-08-19 17:04: Train Epoch 18: 380/1641 Loss: 0.267673
2026-08-19 17:04: Train Epoch 18: 400/1641 Loss: 0.262298
2026-08-19 17:04: Train Epoch 18: 420/1641 Loss: 0.251077
2026-08-19 17:04: Train Epoch 18: 440/1641 Loss: 0.238732
2026-08-19 17:04: Train Epoch 18: 460/1641 Loss: 0.267539
2026-08-19 17:04: Train Epoch 18: 480/1641 Loss: 0.245024
2026-08-19 17:04: Train Epoch 18: 500/1641 Loss: 0.281449
2026-08-19 17:04: Train Epoch 18: 520/1641 Loss: 0.260796
2026-08-19 17:04: Train Epoch 18: 540/1641 Loss: 0.268881
2026-08-19 17:04: Train Epoch 18: 560/1641 Loss: 0.251976
2026-08-19 17:04: Train Epoch 18: 580/1641 Loss: 0.258798
2026-08-19 17:04: Train Epoch 18: 600/1641 Loss: 0.252900
2026-08-19 17:04: Train Epoch 18: 620/1641 Loss: 0.278159
2026-08-19 17:04: Train Epoch 18: 640/1641 Loss: 0.260114
2026-08-19 17:04: Train Epoch 18: 660/1641 Loss: 0.258716
2026-08-19 17:04: Train Epoch 18: 680/1641 Loss: 0.244438
2026-08-19 17:04: Train Epoch 18: 700/1641 Loss: 0.251947
2026-08-19 17:04: Train Epoch 18: 720/1641 Loss: 0.246705
2026-08-19 17:04: Train Epoch 18: 740/1641 Loss: 0.258353
2026-08-19 17:04: Train Epoch 18: 760/1641 Loss: 0.252775
2026-08-19 17:04: Train Epoch 18: 780/1641 Loss: 0.252372
2026-08-19 17:04: Train Epoch 18: 800/1641 Loss: 0.268707
2026-08-19 17:05: Train Epoch 18: 820/1641 Loss: 0.254802
2026-08-19 17:05: Train Epoch 18: 840/1641 Loss: 0.270948
2026-08-19 17:05: Train Epoch 18: 860/1641 Loss: 0.260792
2026-08-19 17:05: Train Epoch 18: 880/1641 Loss: 0.241642
2026-08-19 17:05: Train Epoch 18: 900/1641 Loss: 0.261390
2026-08-19 17:05: Train Epoch 18: 920/1641 Loss: 0.252003
2026-08-19 17:05: Train Epoch 18: 940/1641 Loss: 0.257557
2026-08-19 17:05: Train Epoch 18: 960/1641 Loss: 0.249547
2026-08-19 17:05: Train Epoch 18: 980/1641 Loss: 0.262903
2026-08-19 17:05: Train Epoch 18: 1000/1641 Loss: 0.241407
2026-08-19 17:05: Train Epoch 18: 1020/1641 Loss: 0.265404
2026-08-19 17:05: Train Epoch 18: 1040/1641 Loss: 0.253268
2026-08-19 17:05: Train Epoch 18: 1060/1641 Loss: 0.263201
2026-08-19 17:05: Train Epoch 18: 1080/1641 Loss: 0.266282
2026-08-19 17:05: Train Epoch 18: 1100/1641 Loss: 0.254991
2026-08-19 17:05: Train Epoch 18: 1120/1641 Loss: 0.268655
2026-08-19 17:05: Train Epoch 18: 1140/1641 Loss: 0.264619
2026-08-19 17:05: Train Epoch 18: 1160/1641 Loss: 0.251907
2026-08-19 17:05: Train Epoch 18: 1180/1641 Loss: 0.258293
2026-08-19 17:05: Train Epoch 18: 1200/1641 Loss: 0.264880
2026-08-19 17:05: Train Epoch 18: 1220/1641 Loss: 0.275572
2026-08-19 17:05: Train Epoch 18: 1240/1641 Loss: 0.259101
2026-08-19 17:05: Train Epoch 18: 1260/1641 Loss: 0.247597
2026-08-19 17:06: Train Epoch 18: 1280/1641 Loss: 0.250007
2026-08-19 17:06: Train Epoch 18: 1300/1641 Loss: 0.259523
2026-08-19 17:06: Train Epoch 18: 1320/1641 Loss: 0.260496
2026-08-19 17:06: Train Epoch 18: 1340/1641 Loss: 0.244215
2026-08-19 17:06: Train Epoch 18: 1360/1641 Loss: 0.257503
2026-08-19 17:06: Train Epoch 18: 1380/1641 Loss: 0.270720
2026-08-19 17:06: Train Epoch 18: 1400/1641 Loss: 0.251641
2026-08-19 17:06: Train Epoch 18: 1420/1641 Loss: 0.243901
2026-08-19 17:06: Train Epoch 18: 1440/1641 Loss: 0.262599
2026-08-19 17:06: Train Epoch 18: 1460/1641 Loss: 0.264790
2026-08-19 17:06: Train Epoch 18: 1480/1641 Loss: 0.243330
2026-08-19 17:06: Train Epoch 18: 1500/1641 Loss: 0.258420
2026-08-19 17:06: Train Epoch 18: 1520/1641 Loss: 0.242260
2026-08-19 17:06: Train Epoch 18: 1540/1641 Loss: 0.246921
2026-08-19 17:06: Train Epoch 18: 1560/1641 Loss: 0.258563
2026-08-19 17:06: Train Epoch 18: 1580/1641 Loss: 0.247381
2026-08-19 17:06: Train Epoch 18: 1600/1641 Loss: 0.240054
2026-08-19 17:06: Train Epoch 18: 1620/1641 Loss: 0.256882
2026-08-19 17:06: Train Epoch 18: 1640/1641 Loss: 0.250516
2026-08-19 17:06: **********Train Epoch 18: averaged Loss: 0.257126, tf_ratio: 0.000771
2026-08-19 17:07: **********Val Epoch 18: average Loss: 0.320145
2026-08-19 17:07: Train Epoch 19: 0/1641 Loss: 0.242193
2026-08-19 17:07: Train Epoch 19: 20/1641 Loss: 0.259989
2026-08-19 17:07: Train Epoch 19: 40/1641 Loss: 0.233821
2026-08-19 17:07: Train Epoch 19: 60/1641 Loss: 0.252824
2026-08-19 17:07: Train Epoch 19: 80/1641 Loss: 0.263872
2026-08-19 17:07: Train Epoch 19: 100/1641 Loss: 0.265302
2026-08-19 17:07: Train Epoch 19: 120/1641 Loss: 0.253199
2026-08-19 17:07: Train Epoch 19: 140/1641 Loss: 0.250204
2026-08-19 17:07: Train Epoch 19: 160/1641 Loss: 0.254680
2026-08-19 17:07: Train Epoch 19: 180/1641 Loss: 0.280535
2026-08-19 17:07: Train Epoch 19: 200/1641 Loss: 0.258077
2026-08-19 17:07: Train Epoch 19: 220/1641 Loss: 0.247137
2026-08-19 17:07: Train Epoch 19: 240/1641 Loss: 0.247416
2026-08-19 17:07: Train Epoch 19: 260/1641 Loss: 0.259384
2026-08-19 17:07: Train Epoch 19: 280/1641 Loss: 0.255998
2026-08-19 17:07: Train Epoch 19: 300/1641 Loss: 0.251919
2026-08-19 17:07: Train Epoch 19: 320/1641 Loss: 0.248171
2026-08-19 17:07: Train Epoch 19: 340/1641 Loss: 0.274342
2026-08-19 17:07: Train Epoch 19: 360/1641 Loss: 0.255375
2026-08-19 17:08: Train Epoch 19: 380/1641 Loss: 0.259902
2026-08-19 17:08: Train Epoch 19: 400/1641 Loss: 0.241852
2026-08-19 17:08: Train Epoch 19: 420/1641 Loss: 0.251983
2026-08-19 17:08: Train Epoch 19: 440/1641 Loss: 0.268194
2026-08-19 17:08: Train Epoch 19: 460/1641 Loss: 0.242194
2026-08-19 17:08: Train Epoch 19: 480/1641 Loss: 0.259710
2026-08-19 17:08: Train Epoch 19: 500/1641 Loss: 0.255643
2026-08-19 17:08: Train Epoch 19: 520/1641 Loss: 0.241813
2026-08-19 17:08: Train Epoch 19: 540/1641 Loss: 0.257666
2026-08-19 17:08: Train Epoch 19: 560/1641 Loss: 0.245700
2026-08-19 17:08: Train Epoch 19: 580/1641 Loss: 0.261237
2026-08-19 17:08: Train Epoch 19: 600/1641 Loss: 0.273295
2026-08-19 17:08: Train Epoch 19: 620/1641 Loss: 0.239765
2026-08-19 17:08: Train Epoch 19: 640/1641 Loss: 0.254931
2026-08-19 17:08: Train Epoch 19: 660/1641 Loss: 0.251467
2026-08-19 17:08: Train Epoch 19: 680/1641 Loss: 0.242801
2026-08-19 17:08: Train Epoch 19: 700/1641 Loss: 0.263600
2026-08-19 17:08: Train Epoch 19: 720/1641 Loss: 0.250715
2026-08-19 17:08: Train Epoch 19: 740/1641 Loss: 0.245780
2026-08-19 17:08: Train Epoch 19: 760/1641 Loss: 0.247510
2026-08-19 17:08: Train Epoch 19: 780/1641 Loss: 0.242576
2026-08-19 17:08: Train Epoch 19: 800/1641 Loss: 0.243268
2026-08-19 17:08: Train Epoch 19: 820/1641 Loss: 0.241739
2026-08-19 17:09: Train Epoch 19: 840/1641 Loss: 0.246018
2026-08-19 17:09: Train Epoch 19: 860/1641 Loss: 0.249268
2026-08-19 17:09: Train Epoch 19: 880/1641 Loss: 0.254042
2026-08-19 17:09: Train Epoch 19: 900/1641 Loss: 0.271254
2026-08-19 17:09: Train Epoch 19: 920/1641 Loss: 0.242258
2026-08-19 17:09: Train Epoch 19: 940/1641 Loss: 0.258096
2026-08-19 17:09: Train Epoch 19: 960/1641 Loss: 0.255897
2026-08-19 17:09: Train Epoch 19: 980/1641 Loss: 0.254175
2026-08-19 17:09: Train Epoch 19: 1000/1641 Loss: 0.254667
2026-08-19 17:09: Train Epoch 19: 1020/1641 Loss: 0.240490
2026-08-19 17:09: Train Epoch 19: 1040/1641 Loss: 0.248257
2026-08-19 17:09: Train Epoch 19: 1060/1641 Loss: 0.276307
2026-08-19 17:09: Train Epoch 19: 1080/1641 Loss: 0.248423
2026-08-19 17:09: Train Epoch 19: 1100/1641 Loss: 0.236150
2026-08-19 17:09: Train Epoch 19: 1120/1641 Loss: 0.246606
2026-08-19 17:09: Train Epoch 19: 1140/1641 Loss: 0.251099
2026-08-19 17:09: Train Epoch 19: 1160/1641 Loss: 0.248229
2026-08-19 17:09: Train Epoch 19: 1180/1641 Loss: 0.253409
2026-08-19 17:09: Train Epoch 19: 1200/1641 Loss: 0.234912
2026-08-19 17:09: Train Epoch 19: 1220/1641 Loss: 0.254425
2026-08-19 17:09: Train Epoch 19: 1240/1641 Loss: 0.246293
2026-08-19 17:09: Train Epoch 19: 1260/1641 Loss: 0.251775
2026-08-19 17:09: Train Epoch 19: 1280/1641 Loss: 0.256003
2026-08-19 17:10: Train Epoch 19: 1300/1641 Loss: 0.263802
2026-08-19 17:10: Train Epoch 19: 1320/1641 Loss: 0.245463
2026-08-19 17:10: Train Epoch 19: 1340/1641 Loss: 0.264965
2026-08-19 17:10: Train Epoch 19: 1360/1641 Loss: 0.246048
2026-08-19 17:10: Train Epoch 19: 1380/1641 Loss: 0.261940
2026-08-19 17:10: Train Epoch 19: 1400/1641 Loss: 0.259101
2026-08-19 17:10: Train Epoch 19: 1420/1641 Loss: 0.234998
2026-08-19 17:10: Train Epoch 19: 1440/1641 Loss: 0.244206
2026-08-19 17:10: Train Epoch 19: 1460/1641 Loss: 0.261783
2026-08-19 17:10: Train Epoch 19: 1480/1641 Loss: 0.236548
2026-08-19 17:10: Train Epoch 19: 1500/1641 Loss: 0.251781
2026-08-19 17:10: Train Epoch 19: 1520/1641 Loss: 0.264279
2026-08-19 17:10: Train Epoch 19: 1540/1641 Loss: 0.265833
2026-08-19 17:10: Train Epoch 19: 1560/1641 Loss: 0.249159
2026-08-19 17:10: Train Epoch 19: 1580/1641 Loss: 0.261482
2026-08-19 17:10: Train Epoch 19: 1600/1641 Loss: 0.249688
2026-08-19 17:10: Train Epoch 19: 1620/1641 Loss: 0.236974
2026-08-19 17:10: Train Epoch 19: 1640/1641 Loss: 0.248976
2026-08-19 17:10: **********Train Epoch 19: averaged Loss: 0.253337, tf_ratio: 0.000339
2026-08-19 17:11: **********Val Epoch 19: average Loss: 0.324000
2026-08-19 17:11: Train Epoch 20: 0/1641 Loss: 0.244567
2026-08-19 17:11: Train Epoch 20: 20/1641 Loss: 0.264943
2026-08-19 17:11: Train Epoch 20: 40/1641 Loss: 0.259238
2026-08-19 17:11: Train Epoch 20: 60/1641 Loss: 0.261469
2026-08-19 17:11: Train Epoch 20: 80/1641 Loss: 0.240878
2026-08-19 17:11: Train Epoch 20: 100/1641 Loss: 0.272167
2026-08-19 17:11: Train Epoch 20: 120/1641 Loss: 0.249393
2026-08-19 17:11: Train Epoch 20: 140/1641 Loss: 0.241401
2026-08-19 17:11: Train Epoch 20: 160/1641 Loss: 0.262596
2026-08-19 17:11: Train Epoch 20: 180/1641 Loss: 0.246475
2026-08-19 17:11: Train Epoch 20: 200/1641 Loss: 0.250997
2026-08-19 17:11: Train Epoch 20: 220/1641 Loss: 0.259627
2026-08-19 17:11: Train Epoch 20: 240/1641 Loss: 0.255231
2026-08-19 17:11: Train Epoch 20: 260/1641 Loss: 0.266736
2026-08-19 17:11: Train Epoch 20: 280/1641 Loss: 0.252548
2026-08-19 17:11: Train Epoch 20: 300/1641 Loss: 0.257059
2026-08-19 17:11: Train Epoch 20: 320/1641 Loss: 0.251905
2026-08-19 17:11: Train Epoch 20: 340/1641 Loss: 0.245744
2026-08-19 17:11: Train Epoch 20: 360/1641 Loss: 0.241961
2026-08-19 17:11: Train Epoch 20: 380/1641 Loss: 0.249133
2026-08-19 17:12: Train Epoch 20: 400/1641 Loss: 0.247356
2026-08-19 17:12: Train Epoch 20: 420/1641 Loss: 0.272908
2026-08-19 17:12: Train Epoch 20: 440/1641 Loss: 0.254567
2026-08-19 17:12: Train Epoch 20: 460/1641 Loss: 0.259685
2026-08-19 17:12: Train Epoch 20: 480/1641 Loss: 0.241160
2026-08-19 17:12: Train Epoch 20: 500/1641 Loss: 0.262442
2026-08-19 17:12: Train Epoch 20: 520/1641 Loss: 0.254631
2026-08-19 17:12: Train Epoch 20: 540/1641 Loss: 0.258543
2026-08-19 17:12: Train Epoch 20: 560/1641 Loss: 0.244976
2026-08-19 17:12: Train Epoch 20: 580/1641 Loss: 0.254100
2026-08-19 17:12: Train Epoch 20: 600/1641 Loss: 0.239483
2026-08-19 17:12: Train Epoch 20: 620/1641 Loss: 0.253816
2026-08-19 17:12: Train Epoch 20: 640/1641 Loss: 0.245997
2026-08-19 17:12: Train Epoch 20: 660/1641 Loss: 0.244815
2026-08-19 17:12: Train Epoch 20: 680/1641 Loss: 0.253888
2026-08-19 17:12: Train Epoch 20: 700/1641 Loss: 0.267831
2026-08-19 17:12: Train Epoch 20: 720/1641 Loss: 0.243449
2026-08-19 17:12: Train Epoch 20: 740/1641 Loss: 0.254375
2026-08-19 17:12: Train Epoch 20: 760/1641 Loss: 0.258021
2026-08-19 17:12: Train Epoch 20: 780/1641 Loss: 0.246603
2026-08-19 17:12: Train Epoch 20: 800/1641 Loss: 0.256742
2026-08-19 17:12: Train Epoch 20: 820/1641 Loss: 0.256088
2026-08-19 17:13: Train Epoch 20: 840/1641 Loss: 0.247917
2026-08-19 17:13: Train Epoch 20: 860/1641 Loss: 0.244293
2026-08-19 17:13: Train Epoch 20: 880/1641 Loss: 0.240412
2026-08-19 17:13: Train Epoch 20: 900/1641 Loss: 0.260055
2026-08-19 17:13: Train Epoch 20: 920/1641 Loss: 0.237324
2026-08-19 17:13: Train Epoch 20: 940/1641 Loss: 0.245318
2026-08-19 17:13: Train Epoch 20: 960/1641 Loss: 0.248136
2026-08-19 17:13: Train Epoch 20: 980/1641 Loss: 0.260157
2026-08-19 17:13: Train Epoch 20: 1000/1641 Loss: 0.248769
2026-08-19 17:13: Train Epoch 20: 1020/1641 Loss: 0.256657
2026-08-19 17:13: Train Epoch 20: 1040/1641 Loss: 0.245969
2026-08-19 17:13: Train Epoch 20: 1060/1641 Loss: 0.246740
2026-08-19 17:13: Train Epoch 20: 1080/1641 Loss: 0.241241
2026-08-19 17:13: Train Epoch 20: 1100/1641 Loss: 0.250855
2026-08-19 17:13: Train Epoch 20: 1120/1641 Loss: 0.249320
2026-08-19 17:13: Train Epoch 20: 1140/1641 Loss: 0.238526
2026-08-19 17:13: Train Epoch 20: 1160/1641 Loss: 0.238250
2026-08-19 17:13: Train Epoch 20: 1180/1641 Loss: 0.254804
2026-08-19 17:13: Train Epoch 20: 1200/1641 Loss: 0.240310
2026-08-19 17:13: Train Epoch 20: 1220/1641 Loss: 0.259649
2026-08-19 17:13: Train Epoch 20: 1240/1641 Loss: 0.244718
2026-08-19 17:13: Train Epoch 20: 1260/1641 Loss: 0.251258
2026-08-19 17:14: Train Epoch 20: 1280/1641 Loss: 0.250485
2026-08-19 17:14: Train Epoch 20: 1300/1641 Loss: 0.260825
2026-08-19 17:14: Train Epoch 20: 1320/1641 Loss: 0.259402
2026-08-19 17:14: Train Epoch 20: 1340/1641 Loss: 0.252742
2026-08-19 17:14: Train Epoch 20: 1360/1641 Loss: 0.235428
2026-08-19 17:14: Train Epoch 20: 1380/1641 Loss: 0.244968
2026-08-19 17:14: Train Epoch 20: 1400/1641 Loss: 0.257121
2026-08-19 17:14: Train Epoch 20: 1420/1641 Loss: 0.244164
2026-08-19 17:14: Train Epoch 20: 1440/1641 Loss: 0.242252
2026-08-19 17:14: Train Epoch 20: 1460/1641 Loss: 0.271236
2026-08-19 17:14: Train Epoch 20: 1480/1641 Loss: 0.246125
2026-08-19 17:14: Train Epoch 20: 1500/1641 Loss: 0.238818
2026-08-19 17:14: Train Epoch 20: 1520/1641 Loss: 0.274063
2026-08-19 17:14: Train Epoch 20: 1540/1641 Loss: 0.252300
2026-08-19 17:14: Train Epoch 20: 1560/1641 Loss: 0.258151
2026-08-19 17:14: Train Epoch 20: 1580/1641 Loss: 0.238645
2026-08-19 17:14: Train Epoch 20: 1600/1641 Loss: 0.242800
2026-08-19 17:14: Train Epoch 20: 1620/1641 Loss: 0.257618
2026-08-19 17:14: Train Epoch 20: 1640/1641 Loss: 0.239706
2026-08-19 17:14: **********Train Epoch 20: averaged Loss: 0.249515, tf_ratio: 0.000149
2026-08-19 17:15: **********Val Epoch 20: average Loss: 0.322072
2026-08-19 17:15: Train Epoch 21: 0/1641 Loss: 0.249727
2026-08-19 17:15: Train Epoch 21: 20/1641 Loss: 0.243965
2026-08-19 17:15: Train Epoch 21: 40/1641 Loss: 0.237826
2026-08-19 17:15: Train Epoch 21: 60/1641 Loss: 0.249172
2026-08-19 17:15: Train Epoch 21: 80/1641 Loss: 0.245829
2026-08-19 17:15: Train Epoch 21: 100/1641 Loss: 0.243909
2026-08-19 17:15: Train Epoch 21: 120/1641 Loss: 0.266104
2026-08-19 17:15: Train Epoch 21: 140/1641 Loss: 0.232499
2026-08-19 17:15: Train Epoch 21: 160/1641 Loss: 0.239068
2026-08-19 17:15: Train Epoch 21: 180/1641 Loss: 0.254162
2026-08-19 17:15: Train Epoch 21: 200/1641 Loss: 0.253375
2026-08-19 17:15: Train Epoch 21: 220/1641 Loss: 0.238483
2026-08-19 17:15: Train Epoch 21: 240/1641 Loss: 0.243347
2026-08-19 17:15: Train Epoch 21: 260/1641 Loss: 0.241850
2026-08-19 17:15: Train Epoch 21: 280/1641 Loss: 0.254779
2026-08-19 17:15: Train Epoch 21: 300/1641 Loss: 0.250665
2026-08-19 17:15: Train Epoch 21: 320/1641 Loss: 0.243127
2026-08-19 17:15: Train Epoch 21: 340/1641 Loss: 0.238481
2026-08-19 17:16: Train Epoch 21: 360/1641 Loss: 0.229941
2026-08-19 17:16: Train Epoch 21: 380/1641 Loss: 0.230463
2026-08-19 17:16: Train Epoch 21: 400/1641 Loss: 0.241058
2026-08-19 17:16: Train Epoch 21: 420/1641 Loss: 0.250280
2026-08-19 17:16: Train Epoch 21: 440/1641 Loss: 0.239362
2026-08-19 17:16: Train Epoch 21: 460/1641 Loss: 0.254355
2026-08-19 17:16: Train Epoch 21: 480/1641 Loss: 0.248456
2026-08-19 17:16: Train Epoch 21: 500/1641 Loss: 0.263594
2026-08-19 17:16: Train Epoch 21: 520/1641 Loss: 0.233541
2026-08-19 17:16: Train Epoch 21: 540/1641 Loss: 0.251686
2026-08-19 17:16: Train Epoch 21: 560/1641 Loss: 0.241890
2026-08-19 17:16: Train Epoch 21: 580/1641 Loss: 0.245372
2026-08-19 17:16: Train Epoch 21: 600/1641 Loss: 0.248244
2026-08-19 17:16: Train Epoch 21: 620/1641 Loss: 0.245993
2026-08-19 17:16: Train Epoch 21: 640/1641 Loss: 0.245461
2026-08-19 17:16: Train Epoch 21: 660/1641 Loss: 0.257331
2026-08-19 17:16: Train Epoch 21: 680/1641 Loss: 0.251471
2026-08-19 17:16: Train Epoch 21: 700/1641 Loss: 0.267697
2026-08-19 17:16: Train Epoch 21: 720/1641 Loss: 0.235826
2026-08-19 17:16: Train Epoch 21: 740/1641 Loss: 0.252413
2026-08-19 17:16: Train Epoch 21: 760/1641 Loss: 0.251263
2026-08-19 17:16: Train Epoch 21: 780/1641 Loss: 0.234010
2026-08-19 17:16: Train Epoch 21: 800/1641 Loss: 0.239251
2026-08-19 17:17: Train Epoch 21: 820/1641 Loss: 0.237142
2026-08-19 17:17: Train Epoch 21: 840/1641 Loss: 0.247182
2026-08-19 17:17: Train Epoch 21: 860/1641 Loss: 0.247974
2026-08-19 17:17: Train Epoch 21: 880/1641 Loss: 0.246459
2026-08-19 17:17: Train Epoch 21: 900/1641 Loss: 0.232398
2026-08-19 17:17: Train Epoch 21: 920/1641 Loss: 0.236900
2026-08-19 17:17: Train Epoch 21: 940/1641 Loss: 0.231799
2026-08-19 17:17: Train Epoch 21: 960/1641 Loss: 0.237868
2026-08-19 17:17: Train Epoch 21: 980/1641 Loss: 0.254550
2026-08-19 17:17: Train Epoch 21: 1000/1641 Loss: 0.249754
2026-08-19 17:17: Train Epoch 21: 1020/1641 Loss: 0.239582
2026-08-19 17:17: Train Epoch 21: 1040/1641 Loss: 0.254386
2026-08-19 17:17: Train Epoch 21: 1060/1641 Loss: 0.240360
2026-08-19 17:17: Train Epoch 21: 1080/1641 Loss: 0.237894
2026-08-19 17:17: Train Epoch 21: 1100/1641 Loss: 0.239831
2026-08-19 17:17: Train Epoch 21: 1120/1641 Loss: 0.253721
2026-08-19 17:17: Train Epoch 21: 1140/1641 Loss: 0.241790
2026-08-19 17:17: Train Epoch 21: 1160/1641 Loss: 0.245855
2026-08-19 17:17: Train Epoch 21: 1180/1641 Loss: 0.244860
2026-08-19 17:17: Train Epoch 21: 1200/1641 Loss: 0.247721
2026-08-19 17:17: Train Epoch 21: 1220/1641 Loss: 0.242561
2026-08-19 17:18: Train Epoch 21: 1240/1641 Loss: 0.246490
2026-08-19 17:18: Train Epoch 21: 1260/1641 Loss: 0.248696
2026-08-19 17:18: Train Epoch 21: 1280/1641 Loss: 0.260506
2026-08-19 17:18: Train Epoch 21: 1300/1641 Loss: 0.251340
2026-08-19 17:18: Train Epoch 21: 1320/1641 Loss: 0.236604
2026-08-19 17:18: Train Epoch 21: 1340/1641 Loss: 0.253720
2026-08-19 17:18: Train Epoch 21: 1360/1641 Loss: 0.253194
2026-08-19 17:18: Train Epoch 21: 1380/1641 Loss: 0.252261
2026-08-19 17:18: Train Epoch 21: 1400/1641 Loss: 0.251592
2026-08-19 17:18: Train Epoch 21: 1420/1641 Loss: 0.253248
2026-08-19 17:18: Train Epoch 21: 1440/1641 Loss: 0.245095
2026-08-19 17:18: Train Epoch 21: 1460/1641 Loss: 0.247213
2026-08-19 17:18: Train Epoch 21: 1480/1641 Loss: 0.246495
2026-08-19 17:18: Train Epoch 21: 1500/1641 Loss: 0.238886
2026-08-19 17:18: Train Epoch 21: 1520/1641 Loss: 0.248533
2026-08-19 17:18: Train Epoch 21: 1540/1641 Loss: 0.237865
2026-08-19 17:18: Train Epoch 21: 1560/1641 Loss: 0.251140
2026-08-19 17:18: Train Epoch 21: 1580/1641 Loss: 0.246912
2026-08-19 17:18: Train Epoch 21: 1600/1641 Loss: 0.231183
2026-08-19 17:18: Train Epoch 21: 1620/1641 Loss: 0.251915
2026-08-19 17:18: Train Epoch 21: 1640/1641 Loss: 0.247148
2026-08-19 17:18: **********Train Epoch 21: averaged Loss: 0.245917, tf_ratio: 0.000066
2026-08-19 17:19: **********Val Epoch 21: average Loss: 0.326349
2026-08-19 17:19: Train Epoch 22: 0/1641 Loss: 0.239581
2026-08-19 17:19: Train Epoch 22: 20/1641 Loss: 0.239619
2026-08-19 17:19: Train Epoch 22: 40/1641 Loss: 0.242791
2026-08-19 17:19: Train Epoch 22: 60/1641 Loss: 0.234648
2026-08-19 17:19: Train Epoch 22: 80/1641 Loss: 0.218893
2026-08-19 17:19: Train Epoch 22: 100/1641 Loss: 0.229587
2026-08-19 17:19: Train Epoch 22: 120/1641 Loss: 0.237049
2026-08-19 17:19: Train Epoch 22: 140/1641 Loss: 0.255850
2026-08-19 17:19: Train Epoch 22: 160/1641 Loss: 0.220352
2026-08-19 17:19: Train Epoch 22: 180/1641 Loss: 0.260190
2026-08-19 17:19: Train Epoch 22: 200/1641 Loss: 0.247847
2026-08-19 17:19: Train Epoch 22: 220/1641 Loss: 0.238793
2026-08-19 17:19: Train Epoch 22: 240/1641 Loss: 0.240738
2026-08-19 17:19: Train Epoch 22: 260/1641 Loss: 0.248091
2026-08-19 17:19: Train Epoch 22: 280/1641 Loss: 0.247398
2026-08-19 17:19: Train Epoch 22: 300/1641 Loss: 0.244980
2026-08-19 17:20: Train Epoch 22: 320/1641 Loss: 0.232503
2026-08-19 17:20: Train Epoch 22: 340/1641 Loss: 0.241223
2026-08-19 17:20: Train Epoch 22: 360/1641 Loss: 0.236057
2026-08-19 17:20: Train Epoch 22: 380/1641 Loss: 0.247288
2026-08-19 17:20: Train Epoch 22: 400/1641 Loss: 0.243222
2026-08-19 17:20: Train Epoch 22: 420/1641 Loss: 0.243560
2026-08-19 17:20: Train Epoch 22: 440/1641 Loss: 0.246745
2026-08-19 17:20: Train Epoch 22: 460/1641 Loss: 0.250250
2026-08-19 17:20: Train Epoch 22: 480/1641 Loss: 0.239201
2026-08-19 17:20: Train Epoch 22: 500/1641 Loss: 0.238232
2026-08-19 17:20: Train Epoch 22: 520/1641 Loss: 0.234295
2026-08-19 17:20: Train Epoch 22: 540/1641 Loss: 0.245080
2026-08-19 17:20: Train Epoch 22: 560/1641 Loss: 0.233561
2026-08-19 17:20: Train Epoch 22: 580/1641 Loss: 0.250760
2026-08-19 17:20: Train Epoch 22: 600/1641 Loss: 0.244611
2026-08-19 17:20: Train Epoch 22: 620/1641 Loss: 0.250347
2026-08-19 17:20: Train Epoch 22: 640/1641 Loss: 0.261905
2026-08-19 17:20: Train Epoch 22: 660/1641 Loss: 0.236294
2026-08-19 17:20: Train Epoch 22: 680/1641 Loss: 0.250414
2026-08-19 17:20: Train Epoch 22: 700/1641 Loss: 0.237932
2026-08-19 17:20: Train Epoch 22: 720/1641 Loss: 0.235995
2026-08-19 17:20: Train Epoch 22: 740/1641 Loss: 0.226105
2026-08-19 17:21: Train Epoch 22: 760/1641 Loss: 0.238278
2026-08-19 17:21: Train Epoch 22: 780/1641 Loss: 0.235648
2026-08-19 17:21: Train Epoch 22: 800/1641 Loss: 0.231385
2026-08-19 17:21: Train Epoch 22: 820/1641 Loss: 0.239530
2026-08-19 17:21: Train Epoch 22: 840/1641 Loss: 0.243143
2026-08-19 17:21: Train Epoch 22: 860/1641 Loss: 0.250969
2026-08-19 17:21: Train Epoch 22: 880/1641 Loss: 0.232521
2026-08-19 17:21: Train Epoch 22: 900/1641 Loss: 0.250120
2026-08-19 17:21: Train Epoch 22: 920/1641 Loss: 0.225128
2026-08-19 17:21: Train Epoch 22: 940/1641 Loss: 0.236431
2026-08-19 17:21: Train Epoch 22: 960/1641 Loss: 0.241031
2026-08-19 17:21: Train Epoch 22: 980/1641 Loss: 0.247049
2026-08-19 17:21: Train Epoch 22: 1000/1641 Loss: 0.234017
2026-08-19 17:21: Train Epoch 22: 1020/1641 Loss: 0.255901
2026-08-19 17:21: Train Epoch 22: 1040/1641 Loss: 0.240386
2026-08-19 17:21: Train Epoch 22: 1060/1641 Loss: 0.234448
2026-08-19 17:21: Train Epoch 22: 1080/1641 Loss: 0.227657
2026-08-19 17:21: Train Epoch 22: 1100/1641 Loss: 0.251179
2026-08-19 17:21: Train Epoch 22: 1120/1641 Loss: 0.230701
2026-08-19 17:21: Train Epoch 22: 1140/1641 Loss: 0.253012
2026-08-19 17:21: Train Epoch 22: 1160/1641 Loss: 0.237148
2026-08-19 17:21: Train Epoch 22: 1180/1641 Loss: 0.234296
2026-08-19 17:22: Train Epoch 22: 1200/1641 Loss: 0.251938
2026-08-19 17:22: Train Epoch 22: 1220/1641 Loss: 0.246110
2026-08-19 17:22: Train Epoch 22: 1240/1641 Loss: 0.234020
2026-08-19 17:22: Train Epoch 22: 1260/1641 Loss: 0.232543
2026-08-19 17:22: Train Epoch 22: 1280/1641 Loss: 0.246763
2026-08-19 17:22: Train Epoch 22: 1300/1641 Loss: 0.238593
2026-08-19 17:22: Train Epoch 22: 1320/1641 Loss: 0.240208
2026-08-19 17:22: Train Epoch 22: 1340/1641 Loss: 0.230947
2026-08-19 17:22: Train Epoch 22: 1360/1641 Loss: 0.241258
2026-08-19 17:22: Train Epoch 22: 1380/1641 Loss: 0.233109
2026-08-19 17:22: Train Epoch 22: 1400/1641 Loss: 0.249183
2026-08-19 17:22: Train Epoch 22: 1420/1641 Loss: 0.246133
2026-08-19 17:22: Train Epoch 22: 1440/1641 Loss: 0.242421
2026-08-19 17:22: Train Epoch 22: 1460/1641 Loss: 0.237423
2026-08-19 17:22: Train Epoch 22: 1480/1641 Loss: 0.233128
2026-08-19 17:22: Train Epoch 22: 1500/1641 Loss: 0.228923
2026-08-19 17:22: Train Epoch 22: 1520/1641 Loss: 0.237921
2026-08-19 17:22: Train Epoch 22: 1540/1641 Loss: 0.240724
2026-08-19 17:22: Train Epoch 22: 1560/1641 Loss: 0.245043
2026-08-19 17:22: Train Epoch 22: 1580/1641 Loss: 0.238309
2026-08-19 17:22: Train Epoch 22: 1600/1641 Loss: 0.239057
2026-08-19 17:23: Train Epoch 22: 1620/1641 Loss: 0.256723
2026-08-19 17:23: Train Epoch 22: 1640/1641 Loss: 0.244918
2026-08-19 17:23: **********Train Epoch 22: averaged Loss: 0.242451, tf_ratio: 0.000029
2026-08-19 17:23: **********Val Epoch 22: average Loss: 0.327311
2026-08-19 17:23: Train Epoch 23: 0/1641 Loss: 0.249757
2026-08-19 17:23: Train Epoch 23: 20/1641 Loss: 0.238352
2026-08-19 17:23: Train Epoch 23: 40/1641 Loss: 0.215141
2026-08-19 17:23: Train Epoch 23: 60/1641 Loss: 0.230769
2026-08-19 17:23: Train Epoch 23: 80/1641 Loss: 0.256079
2026-08-19 17:23: Train Epoch 23: 100/1641 Loss: 0.226050
2026-08-19 17:23: Train Epoch 23: 120/1641 Loss: 0.238915
2026-08-19 17:23: Train Epoch 23: 140/1641 Loss: 0.231826
2026-08-19 17:23: Train Epoch 23: 160/1641 Loss: 0.233619
2026-08-19 17:23: Train Epoch 23: 180/1641 Loss: 0.247278
2026-08-19 17:23: Train Epoch 23: 200/1641 Loss: 0.231807
2026-08-19 17:23: Train Epoch 23: 220/1641 Loss: 0.253243
2026-08-19 17:23: Train Epoch 23: 240/1641 Loss: 0.243347
2026-08-19 17:24: Train Epoch 23: 260/1641 Loss: 0.230683
2026-08-19 17:24: Train Epoch 23: 280/1641 Loss: 0.254824
2026-08-19 17:24: Train Epoch 23: 300/1641 Loss: 0.225067
2026-08-19 17:24: Train Epoch 23: 320/1641 Loss: 0.228549
2026-08-19 17:24: Train Epoch 23: 340/1641 Loss: 0.247049
2026-08-19 17:24: Train Epoch 23: 360/1641 Loss: 0.247820
2026-08-19 17:24: Train Epoch 23: 380/1641 Loss: 0.243787
2026-08-19 17:24: Train Epoch 23: 400/1641 Loss: 0.246030
2026-08-19 17:24: Train Epoch 23: 420/1641 Loss: 0.240149
2026-08-19 17:24: Train Epoch 23: 440/1641 Loss: 0.231545
2026-08-19 17:24: Train Epoch 23: 460/1641 Loss: 0.247754
2026-08-19 17:24: Train Epoch 23: 480/1641 Loss: 0.229948
2026-08-19 17:24: Train Epoch 23: 500/1641 Loss: 0.234457
2026-08-19 17:24: Train Epoch 23: 520/1641 Loss: 0.232932
2026-08-19 17:24: Train Epoch 23: 540/1641 Loss: 0.236913
2026-08-19 17:24: Train Epoch 23: 560/1641 Loss: 0.244548
2026-08-19 17:24: Train Epoch 23: 580/1641 Loss: 0.223043
2026-08-19 17:24: Train Epoch 23: 600/1641 Loss: 0.241996
2026-08-19 17:24: Train Epoch 23: 620/1641 Loss: 0.241353
2026-08-19 17:24: Train Epoch 23: 640/1641 Loss: 0.242133
2026-08-19 17:24: Train Epoch 23: 660/1641 Loss: 0.240640
2026-08-19 17:25: Train Epoch 23: 680/1641 Loss: 0.246138
2026-08-19 17:25: Train Epoch 23: 700/1641 Loss: 0.238261
2026-08-19 17:25: Train Epoch 23: 720/1641 Loss: 0.242912
2026-08-19 17:25: Train Epoch 23: 740/1641 Loss: 0.234933
2026-08-19 17:25: Train Epoch 23: 760/1641 Loss: 0.229298
2026-08-19 17:25: Train Epoch 23: 780/1641 Loss: 0.239874
2026-08-19 17:25: Train Epoch 23: 800/1641 Loss: 0.241351
2026-08-19 17:25: Train Epoch 23: 820/1641 Loss: 0.236938
2026-08-19 17:25: Train Epoch 23: 840/1641 Loss: 0.234128
2026-08-19 17:25: Train Epoch 23: 860/1641 Loss: 0.241687
2026-08-19 17:25: Train Epoch 23: 880/1641 Loss: 0.237082
2026-08-19 17:25: Train Epoch 23: 900/1641 Loss: 0.249106
2026-08-19 17:25: Train Epoch 23: 920/1641 Loss: 0.238334
2026-08-19 17:25: Train Epoch 23: 940/1641 Loss: 0.235344
2026-08-19 17:25: Train Epoch 23: 960/1641 Loss: 0.242481
2026-08-19 17:25: Train Epoch 23: 980/1641 Loss: 0.238302
2026-08-19 17:25: Train Epoch 23: 1000/1641 Loss: 0.240673
2026-08-19 17:25: Train Epoch 23: 1020/1641 Loss: 0.230171
2026-08-19 17:25: Train Epoch 23: 1040/1641 Loss: 0.246162
2026-08-19 17:25: Train Epoch 23: 1060/1641 Loss: 0.232777
2026-08-19 17:25: Train Epoch 23: 1080/1641 Loss: 0.226272
2026-08-19 17:25: Train Epoch 23: 1100/1641 Loss: 0.246316
2026-08-19 17:26: Train Epoch 23: 1120/1641 Loss: 0.235561
2026-08-19 17:26: Train Epoch 23: 1140/1641 Loss: 0.238841
2026-08-19 17:26: Train Epoch 23: 1160/1641 Loss: 0.232543
2026-08-19 17:26: Train Epoch 23: 1180/1641 Loss: 0.248032
2026-08-19 17:26: Train Epoch 23: 1200/1641 Loss: 0.233814
2026-08-19 17:26: Train Epoch 23: 1220/1641 Loss: 0.231760
2026-08-19 17:26: Train Epoch 23: 1240/1641 Loss: 0.239490
2026-08-19 17:26: Train Epoch 23: 1260/1641 Loss: 0.245256
2026-08-19 17:26: Train Epoch 23: 1280/1641 Loss: 0.243955
2026-08-19 17:26: Train Epoch 23: 1300/1641 Loss: 0.242664
2026-08-19 17:26: Train Epoch 23: 1320/1641 Loss: 0.236203
2026-08-19 17:26: Train Epoch 23: 1340/1641 Loss: 0.227876
2026-08-19 17:26: Train Epoch 23: 1360/1641 Loss: 0.246402
2026-08-19 17:26: Train Epoch 23: 1380/1641 Loss: 0.246611
2026-08-19 17:26: Train Epoch 23: 1400/1641 Loss: 0.226508
2026-08-19 17:26: Train Epoch 23: 1420/1641 Loss: 0.232846
2026-08-19 17:26: Train Epoch 23: 1440/1641 Loss: 0.228715
2026-08-19 17:26: Train Epoch 23: 1460/1641 Loss: 0.242470
2026-08-19 17:26: Train Epoch 23: 1480/1641 Loss: 0.223813
2026-08-19 17:26: Train Epoch 23: 1500/1641 Loss: 0.245572
2026-08-19 17:26: Train Epoch 23: 1520/1641 Loss: 0.233946
2026-08-19 17:26: Train Epoch 23: 1540/1641 Loss: 0.239938
2026-08-19 17:27: Train Epoch 23: 1560/1641 Loss: 0.229969
2026-08-19 17:27: Train Epoch 23: 1580/1641 Loss: 0.240870
2026-08-19 17:27: Train Epoch 23: 1600/1641 Loss: 0.230067
2026-08-19 17:27: Train Epoch 23: 1620/1641 Loss: 0.227882
2026-08-19 17:27: Train Epoch 23: 1640/1641 Loss: 0.231420
2026-08-19 17:27: **********Train Epoch 23: averaged Loss: 0.239141, tf_ratio: 0.000013
2026-08-19 17:27: **********Val Epoch 23: average Loss: 0.327715
2026-08-19 17:27: Validation performance didn't improve for 15 epochs. Training stops.
2026-08-19 17:27: Total training time: 93.1450min, best loss: 0.311368
2026-08-19 17:27: Saving current best model to /scratch/chkkar002/Diffusion_Based_STGNNs/AGCRN/model/experiments/SAWS/20260819155420/best_model.pth
2026-08-19 17:27: Horizon 01, MAE: 0.12, RMSE: 0.17, MAPE: 64.5754%
2026-08-19 17:27: Horizon 02, MAE: 0.16, RMSE: 0.22, MAPE: 85.9867%
2026-08-19 17:27: Horizon 03, MAE: 0.19, RMSE: 0.26, MAPE: 100.6247%
2026-08-19 17:27: Horizon 04, MAE: 0.21, RMSE: 0.29, MAPE: 113.8604%
2026-08-19 17:27: Horizon 05, MAE: 0.23, RMSE: 0.31, MAPE: 122.7844%
2026-08-19 17:27: Horizon 06, MAE: 0.24, RMSE: 0.33, MAPE: 131.2608%
2026-08-19 17:27: Horizon 07, MAE: 0.25, RMSE: 0.35, MAPE: 139.8474%
2026-08-19 17:27: Horizon 08, MAE: 0.27, RMSE: 0.36, MAPE: 144.6785%
2026-08-19 17:27: Horizon 09, MAE: 0.27, RMSE: 0.37, MAPE: 148.6298%
2026-08-19 17:27: Horizon 10, MAE: 0.28, RMSE: 0.38, MAPE: 151.2040%
2026-08-19 17:27: Horizon 11, MAE: 0.28, RMSE: 0.39, MAPE: 154.1924%
2026-08-19 17:27: Horizon 12, MAE: 0.29, RMSE: 0.39, MAPE: 156.5072%
2026-08-19 17:27: Horizon 13, MAE: 0.30, RMSE: 0.40, MAPE: 160.6668%
2026-08-19 17:27: Horizon 14, MAE: 0.30, RMSE: 0.41, MAPE: 163.6354%
2026-08-19 17:27: Horizon 15, MAE: 0.30, RMSE: 0.41, MAPE: 166.4153%
2026-08-19 17:27: Horizon 16, MAE: 0.30, RMSE: 0.41, MAPE: 169.9899%
2026-08-19 17:27: Horizon 17, MAE: 0.31, RMSE: 0.42, MAPE: 169.5813%
2026-08-19 17:27: Horizon 18, MAE: 0.31, RMSE: 0.42, MAPE: 172.8137%
2026-08-19 17:27: Horizon 19, MAE: 0.31, RMSE: 0.43, MAPE: 175.6831%
2026-08-19 17:27: Horizon 20, MAE: 0.32, RMSE: 0.43, MAPE: 179.8424%
2026-08-19 17:27: Horizon 21, MAE: 0.32, RMSE: 0.43, MAPE: 181.0610%
2026-08-19 17:27: Horizon 22, MAE: 0.32, RMSE: 0.44, MAPE: 178.3597%
2026-08-19 17:27: Horizon 23, MAE: 0.32, RMSE: 0.44, MAPE: 178.2319%
2026-08-19 17:27: Horizon 24, MAE: 0.33, RMSE: 0.44, MAPE: 180.3774%
2026-08-19 17:27: Horizon 25, MAE: 0.33, RMSE: 0.45, MAPE: 183.8613%
2026-08-19 17:27: Horizon 26, MAE: 0.34, RMSE: 0.46, MAPE: 184.1418%
2026-08-19 17:27: Horizon 27, MAE: 0.35, RMSE: 0.47, MAPE: 187.7474%
2026-08-19 17:27: Horizon 28, MAE: 0.35, RMSE: 0.47, MAPE: 190.1740%
2026-08-19 17:27: Horizon 29, MAE: 0.36, RMSE: 0.48, MAPE: 193.2851%
2026-08-19 17:27: Horizon 30, MAE: 0.36, RMSE: 0.49, MAPE: 193.4496%
2026-08-19 17:27: Horizon 31, MAE: 0.37, RMSE: 0.49, MAPE: 194.2456%
2026-08-19 17:27: Horizon 32, MAE: 0.37, RMSE: 0.50, MAPE: 193.9227%
2026-08-19 17:27: Horizon 33, MAE: 0.37, RMSE: 0.50, MAPE: 194.9419%
2026-08-19 17:27: Horizon 34, MAE: 0.37, RMSE: 0.50, MAPE: 195.1463%
2026-08-19 17:27: Horizon 35, MAE: 0.38, RMSE: 0.50, MAPE: 193.9827%
2026-08-19 17:27: Horizon 36, MAE: 0.38, RMSE: 0.51, MAPE: 192.4142%
2026-08-19 17:27: Horizon 37, MAE: 0.38, RMSE: 0.51, MAPE: 193.1562%
2026-08-19 17:27: Horizon 38, MAE: 0.38, RMSE: 0.51, MAPE: 198.1660%
2026-08-19 17:27: Horizon 39, MAE: 0.38, RMSE: 0.51, MAPE: 196.3747%
2026-08-19 17:27: Horizon 40, MAE: 0.38, RMSE: 0.51, MAPE: 194.9820%
2026-08-19 17:27: Horizon 41, MAE: 0.39, RMSE: 0.52, MAPE: 197.4461%
2026-08-19 17:27: Horizon 42, MAE: 0.39, RMSE: 0.52, MAPE: 201.0619%
2026-08-19 17:27: Horizon 43, MAE: 0.39, RMSE: 0.52, MAPE: 202.4714%
2026-08-19 17:27: Horizon 44, MAE: 0.39, RMSE: 0.52, MAPE: 206.4225%
2026-08-19 17:27: Horizon 45, MAE: 0.39, RMSE: 0.53, MAPE: 209.2970%
2026-08-19 17:27: Horizon 46, MAE: 0.39, RMSE: 0.53, MAPE: 208.2030%
2026-08-19 17:27: Horizon 47, MAE: 0.40, RMSE: 0.53, MAPE: 209.3049%
2026-08-19 17:27: Horizon 48, MAE: 0.40, RMSE: 0.53, MAPE: 213.2488%
2026-08-19 17:27: Average Horizon, MAE: 0.32, RMSE: 0.45, MAPE: 173.3022%
2026-08-19 17:27: VPT (threshold=0.50): mean=7.16 steps, median=4.00, std=9.44, range=[0, 48]
