=================================================================
Running Run.py | Seed: 1 | Teacher Forcing: True
=================================================================
/scratch/chkkar002/Diffusion_Based_STGNNs/AGCRN/lib/dataloader.py:80: UserWarning: The torch.cuda.*DtypeTensor constructors are no longer recommended. It's best to use methods such as torch.tensor(data, dtype=*, device='cuda') to create tensors. (Triggered internally at /pytorch/torch/csrc/tensor/python_tensor.cpp:78.)
  X, Y = TensorFloat(X), TensorFloat(Y)
wandb: [wandb.login()] Loaded credentials for https://api.wandb.ai from /home/chkkar002/.netrc.
wandb: Currently logged in as: chkkar002 (chkkar002-university-of-cape-town) to https://api.wandb.ai. Use `wandb login --relogin` to force relogin
wandb: WARNING Using a boolean value for 'reinit' is deprecated. Use 'return_previous' or 'finish_previous' instead.
wandb: setting up run hiuhptss
wandb: Tracking run with wandb version 0.26.1
wandb: Run data is saved locally in /scratch/chkkar002/Diffusion_Based_STGNNs/AGCRN/model/wandb/run-20260819_141209-hiuhptss
wandb: Run `wandb offline` to turn off syncing.
wandb: Syncing run AGCRN_realval
wandb: ⭐️ View project at https://wandb.ai/chkkar002-university-of-cape-town/stgnn-weather
wandb: 🚀 View run at https://wandb.ai/chkkar002-university-of-cape-town/stgnn-weather/runs/hiuhptss
2026-08-19 14:12: Experiment log path in: /scratch/chkkar002/Diffusion_Based_STGNNs/AGCRN/model/experiments/SAWS/20260819141209
2026-08-19 14:12: Train Epoch 1: 0/1641 Loss: 0.977491
2026-08-19 14:12: Train Epoch 1: 20/1641 Loss: 0.995180
2026-08-19 14:12: Train Epoch 1: 40/1641 Loss: 0.910968
2026-08-19 14:12: Train Epoch 1: 60/1641 Loss: 0.778808
2026-08-19 14:12: Train Epoch 1: 80/1641 Loss: 0.735974
2026-08-19 14:12: Train Epoch 1: 100/1641 Loss: 0.796897
2026-08-19 14:12: Train Epoch 1: 120/1641 Loss: 0.717937
2026-08-19 14:12: Train Epoch 1: 140/1641 Loss: 0.682364
2026-08-19 14:12: Train Epoch 1: 160/1641 Loss: 0.669975
2026-08-19 14:12: Train Epoch 1: 180/1641 Loss: 0.648712
2026-08-19 14:12: Train Epoch 1: 200/1641 Loss: 0.655015
2026-08-19 14:12: Train Epoch 1: 220/1641 Loss: 0.641000
2026-08-19 14:12: Train Epoch 1: 240/1641 Loss: 0.667467
2026-08-19 14:12: Train Epoch 1: 260/1641 Loss: 0.639697
2026-08-19 14:12: Train Epoch 1: 280/1641 Loss: 0.624460
2026-08-19 14:12: Train Epoch 1: 300/1641 Loss: 0.606225
2026-08-19 14:12: Train Epoch 1: 320/1641 Loss: 0.664368
2026-08-19 14:13: Train Epoch 1: 340/1641 Loss: 0.582976
2026-08-19 14:13: Train Epoch 1: 360/1641 Loss: 0.630713
2026-08-19 14:13: Train Epoch 1: 380/1641 Loss: 0.593978
2026-08-19 14:13: Train Epoch 1: 400/1641 Loss: 0.577921
2026-08-19 14:13: Train Epoch 1: 420/1641 Loss: 0.543102
2026-08-19 14:13: Train Epoch 1: 440/1641 Loss: 0.471952
2026-08-19 14:13: Train Epoch 1: 460/1641 Loss: 0.503802
2026-08-19 14:13: Train Epoch 1: 480/1641 Loss: 0.462771
2026-08-19 14:13: Train Epoch 1: 500/1641 Loss: 0.442463
2026-08-19 14:13: Train Epoch 1: 520/1641 Loss: 0.458858
2026-08-19 14:13: Train Epoch 1: 540/1641 Loss: 0.451959
2026-08-19 14:13: Train Epoch 1: 560/1641 Loss: 0.450216
2026-08-19 14:13: Train Epoch 1: 580/1641 Loss: 0.382166
2026-08-19 14:13: Train Epoch 1: 600/1641 Loss: 0.419935
2026-08-19 14:13: Train Epoch 1: 620/1641 Loss: 0.394104
2026-08-19 14:13: Train Epoch 1: 640/1641 Loss: 0.429162
2026-08-19 14:13: Train Epoch 1: 660/1641 Loss: 0.434513
2026-08-19 14:13: Train Epoch 1: 680/1641 Loss: 0.419502
2026-08-19 14:13: Train Epoch 1: 700/1641 Loss: 0.429935
2026-08-19 14:13: Train Epoch 1: 720/1641 Loss: 0.408960
2026-08-19 14:13: Train Epoch 1: 740/1641 Loss: 0.396257
2026-08-19 14:14: Train Epoch 1: 760/1641 Loss: 0.373629
2026-08-19 14:14: Train Epoch 1: 780/1641 Loss: 0.384223
2026-08-19 14:14: Train Epoch 1: 800/1641 Loss: 0.402045
2026-08-19 14:14: Train Epoch 1: 820/1641 Loss: 0.403886
2026-08-19 14:14: Train Epoch 1: 840/1641 Loss: 0.436524
2026-08-19 14:14: Train Epoch 1: 860/1641 Loss: 0.399718
2026-08-19 14:14: Train Epoch 1: 880/1641 Loss: 0.405479
2026-08-19 14:14: Train Epoch 1: 900/1641 Loss: 0.394154
2026-08-19 14:14: Train Epoch 1: 920/1641 Loss: 0.358494
2026-08-19 14:14: Train Epoch 1: 940/1641 Loss: 0.387496
2026-08-19 14:14: Train Epoch 1: 960/1641 Loss: 0.369540
2026-08-19 14:14: Train Epoch 1: 980/1641 Loss: 0.399287
2026-08-19 14:14: Train Epoch 1: 1000/1641 Loss: 0.382881
2026-08-19 14:14: Train Epoch 1: 1020/1641 Loss: 0.398444
2026-08-19 14:14: Train Epoch 1: 1040/1641 Loss: 0.363522
2026-08-19 14:14: Train Epoch 1: 1060/1641 Loss: 0.381444
2026-08-19 14:14: Train Epoch 1: 1080/1641 Loss: 0.398362
2026-08-19 14:14: Train Epoch 1: 1100/1641 Loss: 0.376016
2026-08-19 14:14: Train Epoch 1: 1120/1641 Loss: 0.374007
2026-08-19 14:14: Train Epoch 1: 1140/1641 Loss: 0.364481
2026-08-19 14:14: Train Epoch 1: 1160/1641 Loss: 0.371338
2026-08-19 14:15: Train Epoch 1: 1180/1641 Loss: 0.423371
2026-08-19 14:15: Train Epoch 1: 1200/1641 Loss: 0.366280
2026-08-19 14:15: Train Epoch 1: 1220/1641 Loss: 0.367717
2026-08-19 14:15: Train Epoch 1: 1240/1641 Loss: 0.354540
2026-08-19 14:15: Train Epoch 1: 1260/1641 Loss: 0.342564
2026-08-19 14:15: Train Epoch 1: 1280/1641 Loss: 0.353526
2026-08-19 14:15: Train Epoch 1: 1300/1641 Loss: 0.350980
2026-08-19 14:15: Train Epoch 1: 1320/1641 Loss: 0.363061
2026-08-19 14:15: Train Epoch 1: 1340/1641 Loss: 0.393415
2026-08-19 14:15: Train Epoch 1: 1360/1641 Loss: 0.347395
2026-08-19 14:15: Train Epoch 1: 1380/1641 Loss: 0.376188
2026-08-19 14:15: Train Epoch 1: 1400/1641 Loss: 0.353501
2026-08-19 14:15: Train Epoch 1: 1420/1641 Loss: 0.339045
2026-08-19 14:15: Train Epoch 1: 1440/1641 Loss: 0.348135
2026-08-19 14:15: Train Epoch 1: 1460/1641 Loss: 0.356450
2026-08-19 14:15: Train Epoch 1: 1480/1641 Loss: 0.363815
2026-08-19 14:15: Train Epoch 1: 1500/1641 Loss: 0.361312
2026-08-19 14:15: Train Epoch 1: 1520/1641 Loss: 0.390085
2026-08-19 14:15: Train Epoch 1: 1540/1641 Loss: 0.368671
2026-08-19 14:15: Train Epoch 1: 1560/1641 Loss: 0.386411
2026-08-19 14:15: Train Epoch 1: 1580/1641 Loss: 0.373134
2026-08-19 14:15: Train Epoch 1: 1600/1641 Loss: 0.355342
2026-08-19 14:16: Train Epoch 1: 1620/1641 Loss: 0.345791
2026-08-19 14:16: Train Epoch 1: 1640/1641 Loss: 0.379139
2026-08-19 14:16: **********Train Epoch 1: averaged Loss: 0.466525, tf_ratio: 0.998866
2026-08-19 14:16: **********Val Epoch 1: average Loss: 0.352032
2026-08-19 14:16: *********************************Current best model saved!
2026-08-19 14:16: Train Epoch 2: 0/1641 Loss: 0.330382
2026-08-19 14:16: Train Epoch 2: 20/1641 Loss: 0.356416
2026-08-19 14:16: Train Epoch 2: 40/1641 Loss: 0.343792
2026-08-19 14:16: Train Epoch 2: 60/1641 Loss: 0.357086
2026-08-19 14:16: Train Epoch 2: 80/1641 Loss: 0.389985
2026-08-19 14:16: Train Epoch 2: 100/1641 Loss: 0.367231
2026-08-19 14:16: Train Epoch 2: 120/1641 Loss: 0.342638
2026-08-19 14:16: Train Epoch 2: 140/1641 Loss: 0.329353
2026-08-19 14:16: Train Epoch 2: 160/1641 Loss: 0.390240
2026-08-19 14:16: Train Epoch 2: 180/1641 Loss: 0.382197
2026-08-19 14:16: Train Epoch 2: 200/1641 Loss: 0.322263
2026-08-19 14:16: Train Epoch 2: 220/1641 Loss: 0.358545
2026-08-19 14:17: Train Epoch 2: 240/1641 Loss: 0.331129
2026-08-19 14:17: Train Epoch 2: 260/1641 Loss: 0.340558
2026-08-19 14:17: Train Epoch 2: 280/1641 Loss: 0.350401
2026-08-19 14:17: Train Epoch 2: 300/1641 Loss: 0.354045
2026-08-19 14:17: Train Epoch 2: 320/1641 Loss: 0.373397
2026-08-19 14:17: Train Epoch 2: 340/1641 Loss: 0.329264
2026-08-19 14:17: Train Epoch 2: 360/1641 Loss: 0.357242
2026-08-19 14:17: Train Epoch 2: 380/1641 Loss: 0.350777
2026-08-19 14:17: Train Epoch 2: 400/1641 Loss: 0.354089
2026-08-19 14:17: Train Epoch 2: 420/1641 Loss: 0.334442
2026-08-19 14:17: Train Epoch 2: 440/1641 Loss: 0.364045
2026-08-19 14:17: Train Epoch 2: 460/1641 Loss: 0.358874
2026-08-19 14:17: Train Epoch 2: 480/1641 Loss: 0.334219
2026-08-19 14:17: Train Epoch 2: 500/1641 Loss: 0.337109
2026-08-19 14:17: Train Epoch 2: 520/1641 Loss: 0.341571
2026-08-19 14:17: Train Epoch 2: 540/1641 Loss: 0.352002
2026-08-19 14:17: Train Epoch 2: 560/1641 Loss: 0.357833
2026-08-19 14:17: Train Epoch 2: 580/1641 Loss: 0.356706
2026-08-19 14:17: Train Epoch 2: 600/1641 Loss: 0.361254
2026-08-19 14:17: Train Epoch 2: 620/1641 Loss: 0.355934
2026-08-19 14:17: Train Epoch 2: 640/1641 Loss: 0.328330
2026-08-19 14:18: Train Epoch 2: 660/1641 Loss: 0.326889
2026-08-19 14:18: Train Epoch 2: 680/1641 Loss: 0.339635
2026-08-19 14:18: Train Epoch 2: 700/1641 Loss: 0.346436
2026-08-19 14:18: Train Epoch 2: 720/1641 Loss: 0.331585
2026-08-19 14:18: Train Epoch 2: 740/1641 Loss: 0.309344
2026-08-19 14:18: Train Epoch 2: 760/1641 Loss: 0.358911
2026-08-19 14:18: Train Epoch 2: 780/1641 Loss: 0.368662
2026-08-19 14:18: Train Epoch 2: 800/1641 Loss: 0.346761
2026-08-19 14:18: Train Epoch 2: 820/1641 Loss: 0.391562
2026-08-19 14:18: Train Epoch 2: 840/1641 Loss: 0.315241
2026-08-19 14:18: Train Epoch 2: 860/1641 Loss: 0.321035
2026-08-19 14:18: Train Epoch 2: 880/1641 Loss: 0.352326
2026-08-19 14:18: Train Epoch 2: 900/1641 Loss: 0.327974
2026-08-19 14:18: Train Epoch 2: 920/1641 Loss: 0.354379
2026-08-19 14:18: Train Epoch 2: 940/1641 Loss: 0.363248
2026-08-19 14:18: Train Epoch 2: 960/1641 Loss: 0.321007
2026-08-19 14:18: Train Epoch 2: 980/1641 Loss: 0.331416
2026-08-19 14:18: Train Epoch 2: 1000/1641 Loss: 0.373176
2026-08-19 14:18: Train Epoch 2: 1020/1641 Loss: 0.359306
2026-08-19 14:18: Train Epoch 2: 1040/1641 Loss: 0.342203
2026-08-19 14:18: Train Epoch 2: 1060/1641 Loss: 0.336816
2026-08-19 14:18: Train Epoch 2: 1080/1641 Loss: 0.328189
2026-08-19 14:19: Train Epoch 2: 1100/1641 Loss: 0.321823
2026-08-19 14:19: Train Epoch 2: 1120/1641 Loss: 0.349534
2026-08-19 14:19: Train Epoch 2: 1140/1641 Loss: 0.342762
2026-08-19 14:19: Train Epoch 2: 1160/1641 Loss: 0.343960
2026-08-19 14:19: Train Epoch 2: 1180/1641 Loss: 0.333230
2026-08-19 14:19: Train Epoch 2: 1200/1641 Loss: 0.382630
2026-08-19 14:19: Train Epoch 2: 1220/1641 Loss: 0.353287
2026-08-19 14:19: Train Epoch 2: 1240/1641 Loss: 0.345000
2026-08-19 14:19: Train Epoch 2: 1260/1641 Loss: 0.333017
2026-08-19 14:19: Train Epoch 2: 1280/1641 Loss: 0.312024
2026-08-19 14:19: Train Epoch 2: 1300/1641 Loss: 0.349831
2026-08-19 14:19: Train Epoch 2: 1320/1641 Loss: 0.332332
2026-08-19 14:19: Train Epoch 2: 1340/1641 Loss: 0.338764
2026-08-19 14:19: Train Epoch 2: 1360/1641 Loss: 0.316312
2026-08-19 14:19: Train Epoch 2: 1380/1641 Loss: 0.338753
2026-08-19 14:19: Train Epoch 2: 1400/1641 Loss: 0.345193
2026-08-19 14:19: Train Epoch 2: 1420/1641 Loss: 0.340043
2026-08-19 14:19: Train Epoch 2: 1440/1641 Loss: 0.320755
2026-08-19 14:19: Train Epoch 2: 1460/1641 Loss: 0.340781
2026-08-19 14:19: Train Epoch 2: 1480/1641 Loss: 0.327050
2026-08-19 14:20: Train Epoch 2: 1500/1641 Loss: 0.319103
2026-08-19 14:20: Train Epoch 2: 1520/1641 Loss: 0.347266
2026-08-19 14:20: Train Epoch 2: 1540/1641 Loss: 0.347818
2026-08-19 14:20: Train Epoch 2: 1560/1641 Loss: 0.322054
2026-08-19 14:20: Train Epoch 2: 1580/1641 Loss: 0.348289
2026-08-19 14:20: Train Epoch 2: 1600/1641 Loss: 0.325954
2026-08-19 14:20: Train Epoch 2: 1620/1641 Loss: 0.344439
2026-08-19 14:20: Train Epoch 2: 1640/1641 Loss: 0.360549
2026-08-19 14:20: **********Train Epoch 2: averaged Loss: 0.344154, tf_ratio: 0.997428
2026-08-19 14:20: **********Val Epoch 2: average Loss: 0.332214
2026-08-19 14:20: *********************************Current best model saved!
2026-08-19 14:20: Train Epoch 3: 0/1641 Loss: 0.328622
2026-08-19 14:20: Train Epoch 3: 20/1641 Loss: 0.331543
2026-08-19 14:20: Train Epoch 3: 40/1641 Loss: 0.335144
2026-08-19 14:20: Train Epoch 3: 60/1641 Loss: 0.339107
2026-08-19 14:20: Train Epoch 3: 80/1641 Loss: 0.335260
2026-08-19 14:20: Train Epoch 3: 100/1641 Loss: 0.332244
2026-08-19 14:20: Train Epoch 3: 120/1641 Loss: 0.341317
2026-08-19 14:21: Train Epoch 3: 140/1641 Loss: 0.331902
2026-08-19 14:21: Train Epoch 3: 160/1641 Loss: 0.332353
2026-08-19 14:21: Train Epoch 3: 180/1641 Loss: 0.332474
2026-08-19 14:21: Train Epoch 3: 200/1641 Loss: 0.316928
2026-08-19 14:21: Train Epoch 3: 220/1641 Loss: 0.336938
2026-08-19 14:21: Train Epoch 3: 240/1641 Loss: 0.325724
2026-08-19 14:21: Train Epoch 3: 260/1641 Loss: 0.352103
2026-08-19 14:21: Train Epoch 3: 280/1641 Loss: 0.324483
2026-08-19 14:21: Train Epoch 3: 300/1641 Loss: 0.323147
2026-08-19 14:21: Train Epoch 3: 320/1641 Loss: 0.335291
2026-08-19 14:21: Train Epoch 3: 340/1641 Loss: 0.335923
2026-08-19 14:21: Train Epoch 3: 360/1641 Loss: 0.342583
2026-08-19 14:21: Train Epoch 3: 380/1641 Loss: 0.365795
2026-08-19 14:21: Train Epoch 3: 400/1641 Loss: 0.316351
2026-08-19 14:21: Train Epoch 3: 420/1641 Loss: 0.350908
2026-08-19 14:21: Train Epoch 3: 440/1641 Loss: 0.346533
2026-08-19 14:21: Train Epoch 3: 460/1641 Loss: 0.350302
2026-08-19 14:21: Train Epoch 3: 480/1641 Loss: 0.339626
2026-08-19 14:21: Train Epoch 3: 500/1641 Loss: 0.305804
2026-08-19 14:21: Train Epoch 3: 520/1641 Loss: 0.321023
2026-08-19 14:21: Train Epoch 3: 540/1641 Loss: 0.347029
2026-08-19 14:22: Train Epoch 3: 560/1641 Loss: 0.296745
2026-08-19 14:22: Train Epoch 3: 580/1641 Loss: 0.314894
2026-08-19 14:22: Train Epoch 3: 600/1641 Loss: 0.342778
2026-08-19 14:22: Train Epoch 3: 620/1641 Loss: 0.305317
2026-08-19 14:22: Train Epoch 3: 640/1641 Loss: 0.337680
2026-08-19 14:22: Train Epoch 3: 660/1641 Loss: 0.332902
2026-08-19 14:22: Train Epoch 3: 680/1641 Loss: 0.311332
2026-08-19 14:22: Train Epoch 3: 700/1641 Loss: 0.327282
2026-08-19 14:22: Train Epoch 3: 720/1641 Loss: 0.351019
2026-08-19 14:22: Train Epoch 3: 740/1641 Loss: 0.315776
2026-08-19 14:22: Train Epoch 3: 760/1641 Loss: 0.329069
2026-08-19 14:22: Train Epoch 3: 780/1641 Loss: 0.332924
2026-08-19 14:22: Train Epoch 3: 800/1641 Loss: 0.342790
2026-08-19 14:22: Train Epoch 3: 820/1641 Loss: 0.355292
2026-08-19 14:22: Train Epoch 3: 840/1641 Loss: 0.319603
2026-08-19 14:22: Train Epoch 3: 860/1641 Loss: 0.340993
2026-08-19 14:22: Train Epoch 3: 880/1641 Loss: 0.348057
2026-08-19 14:22: Train Epoch 3: 900/1641 Loss: 0.321276
2026-08-19 14:22: Train Epoch 3: 920/1641 Loss: 0.349856
2026-08-19 14:22: Train Epoch 3: 940/1641 Loss: 0.321511
2026-08-19 14:22: Train Epoch 3: 960/1641 Loss: 0.328039
2026-08-19 14:23: Train Epoch 3: 980/1641 Loss: 0.357543
2026-08-19 14:23: Train Epoch 3: 1000/1641 Loss: 0.309274
2026-08-19 14:23: Train Epoch 3: 1020/1641 Loss: 0.312264
2026-08-19 14:23: Train Epoch 3: 1040/1641 Loss: 0.334383
2026-08-19 14:23: Train Epoch 3: 1060/1641 Loss: 0.332749
2026-08-19 14:23: Train Epoch 3: 1080/1641 Loss: 0.327641
2026-08-19 14:23: Train Epoch 3: 1100/1641 Loss: 0.327367
2026-08-19 14:23: Train Epoch 3: 1120/1641 Loss: 0.325466
2026-08-19 14:23: Train Epoch 3: 1140/1641 Loss: 0.345125
2026-08-19 14:23: Train Epoch 3: 1160/1641 Loss: 0.342651
2026-08-19 14:23: Train Epoch 3: 1180/1641 Loss: 0.309944
2026-08-19 14:23: Train Epoch 3: 1200/1641 Loss: 0.342921
2026-08-19 14:23: Train Epoch 3: 1220/1641 Loss: 0.285418
2026-08-19 14:23: Train Epoch 3: 1240/1641 Loss: 0.313373
2026-08-19 14:23: Train Epoch 3: 1260/1641 Loss: 0.320736
2026-08-19 14:23: Train Epoch 3: 1280/1641 Loss: 0.310687
2026-08-19 14:23: Train Epoch 3: 1300/1641 Loss: 0.323070
2026-08-19 14:23: Train Epoch 3: 1320/1641 Loss: 0.324574
2026-08-19 14:23: Train Epoch 3: 1340/1641 Loss: 0.321807
2026-08-19 14:23: Train Epoch 3: 1360/1641 Loss: 0.310297
2026-08-19 14:23: Train Epoch 3: 1380/1641 Loss: 0.338495
2026-08-19 14:23: Train Epoch 3: 1400/1641 Loss: 0.338116
2026-08-19 14:24: Train Epoch 3: 1420/1641 Loss: 0.309503
2026-08-19 14:24: Train Epoch 3: 1440/1641 Loss: 0.305023
2026-08-19 14:24: Train Epoch 3: 1460/1641 Loss: 0.334263
2026-08-19 14:24: Train Epoch 3: 1480/1641 Loss: 0.328981
2026-08-19 14:24: Train Epoch 3: 1500/1641 Loss: 0.347675
2026-08-19 14:24: Train Epoch 3: 1520/1641 Loss: 0.295018
2026-08-19 14:24: Train Epoch 3: 1540/1641 Loss: 0.356890
2026-08-19 14:24: Train Epoch 3: 1560/1641 Loss: 0.340958
2026-08-19 14:24: Train Epoch 3: 1580/1641 Loss: 0.333312
2026-08-19 14:24: Train Epoch 3: 1600/1641 Loss: 0.315829
2026-08-19 14:24: Train Epoch 3: 1620/1641 Loss: 0.328266
2026-08-19 14:24: Train Epoch 3: 1640/1641 Loss: 0.325717
2026-08-19 14:24: **********Train Epoch 3: averaged Loss: 0.329419, tf_ratio: 0.994176
2026-08-19 14:24: **********Val Epoch 3: average Loss: 0.324271
2026-08-19 14:24: *********************************Current best model saved!
2026-08-19 14:24: Train Epoch 4: 0/1641 Loss: 0.324374
2026-08-19 14:24: Train Epoch 4: 20/1641 Loss: 0.321618
2026-08-19 14:25: Train Epoch 4: 40/1641 Loss: 0.313954
2026-08-19 14:25: Train Epoch 4: 60/1641 Loss: 0.292607
2026-08-19 14:25: Train Epoch 4: 80/1641 Loss: 0.296830
2026-08-19 14:25: Train Epoch 4: 100/1641 Loss: 0.393281
2026-08-19 14:25: Train Epoch 4: 120/1641 Loss: 0.319624
2026-08-19 14:25: Train Epoch 4: 140/1641 Loss: 0.339262
2026-08-19 14:25: Train Epoch 4: 160/1641 Loss: 0.303089
2026-08-19 14:25: Train Epoch 4: 180/1641 Loss: 0.288431
2026-08-19 14:25: Train Epoch 4: 200/1641 Loss: 0.351312
2026-08-19 14:25: Train Epoch 4: 220/1641 Loss: 0.332727
2026-08-19 14:25: Train Epoch 4: 240/1641 Loss: 0.333488
2026-08-19 14:25: Train Epoch 4: 260/1641 Loss: 0.324974
2026-08-19 14:25: Train Epoch 4: 280/1641 Loss: 0.324807
2026-08-19 14:25: Train Epoch 4: 300/1641 Loss: 0.316916
2026-08-19 14:25: Train Epoch 4: 320/1641 Loss: 0.319562
2026-08-19 14:25: Train Epoch 4: 340/1641 Loss: 0.329073
2026-08-19 14:25: Train Epoch 4: 360/1641 Loss: 0.314120
2026-08-19 14:25: Train Epoch 4: 380/1641 Loss: 0.347213
2026-08-19 14:25: Train Epoch 4: 400/1641 Loss: 0.336702
2026-08-19 14:25: Train Epoch 4: 420/1641 Loss: 0.308060
2026-08-19 14:25: Train Epoch 4: 440/1641 Loss: 0.334593
2026-08-19 14:26: Train Epoch 4: 460/1641 Loss: 0.305568
2026-08-19 14:26: Train Epoch 4: 480/1641 Loss: 0.336733
2026-08-19 14:26: Train Epoch 4: 500/1641 Loss: 0.326965
2026-08-19 14:26: Train Epoch 4: 520/1641 Loss: 0.334652
2026-08-19 14:26: Train Epoch 4: 540/1641 Loss: 0.308762
2026-08-19 14:26: Train Epoch 4: 560/1641 Loss: 0.308910
2026-08-19 14:26: Train Epoch 4: 580/1641 Loss: 0.279387
2026-08-19 14:26: Train Epoch 4: 600/1641 Loss: 0.312910
2026-08-19 14:26: Train Epoch 4: 620/1641 Loss: 0.338651
2026-08-19 14:26: Train Epoch 4: 640/1641 Loss: 0.327979
2026-08-19 14:26: Train Epoch 4: 660/1641 Loss: 0.334298
2026-08-19 14:26: Train Epoch 4: 680/1641 Loss: 0.339191
2026-08-19 14:26: Train Epoch 4: 700/1641 Loss: 0.356891
2026-08-19 14:26: Train Epoch 4: 720/1641 Loss: 0.309458
2026-08-19 14:26: Train Epoch 4: 740/1641 Loss: 0.314707
2026-08-19 14:26: Train Epoch 4: 760/1641 Loss: 0.335079
2026-08-19 14:26: Train Epoch 4: 780/1641 Loss: 0.290245
2026-08-19 14:26: Train Epoch 4: 800/1641 Loss: 0.323710
2026-08-19 14:26: Train Epoch 4: 820/1641 Loss: 0.312923
2026-08-19 14:26: Train Epoch 4: 840/1641 Loss: 0.338646
2026-08-19 14:26: Train Epoch 4: 860/1641 Loss: 0.320236
2026-08-19 14:27: Train Epoch 4: 880/1641 Loss: 0.337832
2026-08-19 14:27: Train Epoch 4: 900/1641 Loss: 0.301448
2026-08-19 14:27: Train Epoch 4: 920/1641 Loss: 0.330767
2026-08-19 14:27: Train Epoch 4: 940/1641 Loss: 0.325320
2026-08-19 14:27: Train Epoch 4: 960/1641 Loss: 0.326645
2026-08-19 14:27: Train Epoch 4: 980/1641 Loss: 0.302271
2026-08-19 14:27: Train Epoch 4: 1000/1641 Loss: 0.313167
2026-08-19 14:27: Train Epoch 4: 1020/1641 Loss: 0.306827
2026-08-19 14:27: Train Epoch 4: 1040/1641 Loss: 0.311241
2026-08-19 14:27: Train Epoch 4: 1060/1641 Loss: 0.324547
2026-08-19 14:27: Train Epoch 4: 1080/1641 Loss: 0.309649
2026-08-19 14:27: Train Epoch 4: 1100/1641 Loss: 0.338791
2026-08-19 14:27: Train Epoch 4: 1120/1641 Loss: 0.338321
2026-08-19 14:27: Train Epoch 4: 1140/1641 Loss: 0.332741
2026-08-19 14:27: Train Epoch 4: 1160/1641 Loss: 0.320357
2026-08-19 14:27: Train Epoch 4: 1180/1641 Loss: 0.320985
2026-08-19 14:27: Train Epoch 4: 1200/1641 Loss: 0.326321
2026-08-19 14:27: Train Epoch 4: 1220/1641 Loss: 0.302559
2026-08-19 14:27: Train Epoch 4: 1240/1641 Loss: 0.291689
2026-08-19 14:27: Train Epoch 4: 1260/1641 Loss: 0.324542
2026-08-19 14:27: Train Epoch 4: 1280/1641 Loss: 0.354031
2026-08-19 14:28: Train Epoch 4: 1300/1641 Loss: 0.333662
2026-08-19 14:28: Train Epoch 4: 1320/1641 Loss: 0.303293
2026-08-19 14:28: Train Epoch 4: 1340/1641 Loss: 0.314788
2026-08-19 14:28: Train Epoch 4: 1360/1641 Loss: 0.298655
2026-08-19 14:28: Train Epoch 4: 1380/1641 Loss: 0.330666
2026-08-19 14:28: Train Epoch 4: 1400/1641 Loss: 0.326203
2026-08-19 14:28: Train Epoch 4: 1420/1641 Loss: 0.297201
2026-08-19 14:28: Train Epoch 4: 1440/1641 Loss: 0.330004
2026-08-19 14:28: Train Epoch 4: 1460/1641 Loss: 0.326368
2026-08-19 14:28: Train Epoch 4: 1480/1641 Loss: 0.309170
2026-08-19 14:28: Train Epoch 4: 1500/1641 Loss: 0.332838
2026-08-19 14:28: Train Epoch 4: 1520/1641 Loss: 0.324494
2026-08-19 14:28: Train Epoch 4: 1540/1641 Loss: 0.329363
2026-08-19 14:28: Train Epoch 4: 1560/1641 Loss: 0.294622
2026-08-19 14:28: Train Epoch 4: 1580/1641 Loss: 0.325364
2026-08-19 14:28: Train Epoch 4: 1600/1641 Loss: 0.332209
2026-08-19 14:28: Train Epoch 4: 1620/1641 Loss: 0.330096
2026-08-19 14:28: Train Epoch 4: 1640/1641 Loss: 0.324292
2026-08-19 14:28: **********Train Epoch 4: averaged Loss: 0.320885, tf_ratio: 0.986867
2026-08-19 14:29: **********Val Epoch 4: average Loss: 0.317780
2026-08-19 14:29: *********************************Current best model saved!
2026-08-19 14:29: Train Epoch 5: 0/1641 Loss: 0.321459
2026-08-19 14:29: Train Epoch 5: 20/1641 Loss: 0.366947
2026-08-19 14:29: Train Epoch 5: 40/1641 Loss: 0.322136
2026-08-19 14:29: Train Epoch 5: 60/1641 Loss: 0.333727
2026-08-19 14:29: Train Epoch 5: 80/1641 Loss: 0.318270
2026-08-19 14:29: Train Epoch 5: 100/1641 Loss: 0.324604
2026-08-19 14:29: Train Epoch 5: 120/1641 Loss: 0.308104
2026-08-19 14:29: Train Epoch 5: 140/1641 Loss: 0.298067
2026-08-19 14:29: Train Epoch 5: 160/1641 Loss: 0.334312
2026-08-19 14:29: Train Epoch 5: 180/1641 Loss: 0.312675
2026-08-19 14:29: Train Epoch 5: 200/1641 Loss: 0.326289
2026-08-19 14:29: Train Epoch 5: 220/1641 Loss: 0.313113
2026-08-19 14:29: Train Epoch 5: 240/1641 Loss: 0.300082
2026-08-19 14:29: Train Epoch 5: 260/1641 Loss: 0.322805
2026-08-19 14:29: Train Epoch 5: 280/1641 Loss: 0.348907
2026-08-19 14:29: Train Epoch 5: 300/1641 Loss: 0.324784
2026-08-19 14:29: Train Epoch 5: 320/1641 Loss: 0.321615
2026-08-19 14:29: Train Epoch 5: 340/1641 Loss: 0.314126
2026-08-19 14:30: Train Epoch 5: 360/1641 Loss: 0.302175
2026-08-19 14:30: Train Epoch 5: 380/1641 Loss: 0.316716
2026-08-19 14:30: Train Epoch 5: 400/1641 Loss: 0.319004
2026-08-19 14:30: Train Epoch 5: 420/1641 Loss: 0.300113
2026-08-19 14:30: Train Epoch 5: 440/1641 Loss: 0.311232
2026-08-19 14:30: Train Epoch 5: 460/1641 Loss: 0.316032
2026-08-19 14:30: Train Epoch 5: 480/1641 Loss: 0.308899
2026-08-19 14:30: Train Epoch 5: 500/1641 Loss: 0.325561
2026-08-19 14:30: Train Epoch 5: 520/1641 Loss: 0.316434
2026-08-19 14:30: Train Epoch 5: 540/1641 Loss: 0.309274
2026-08-19 14:30: Train Epoch 5: 560/1641 Loss: 0.320033
2026-08-19 14:30: Train Epoch 5: 580/1641 Loss: 0.316236
2026-08-19 14:30: Train Epoch 5: 600/1641 Loss: 0.309732
2026-08-19 14:30: Train Epoch 5: 620/1641 Loss: 0.312101
2026-08-19 14:30: Train Epoch 5: 640/1641 Loss: 0.313723
2026-08-19 14:30: Train Epoch 5: 660/1641 Loss: 0.313517
2026-08-19 14:30: Train Epoch 5: 680/1641 Loss: 0.309533
2026-08-19 14:30: Train Epoch 5: 700/1641 Loss: 0.309719
2026-08-19 14:30: Train Epoch 5: 720/1641 Loss: 0.324239
2026-08-19 14:30: Train Epoch 5: 740/1641 Loss: 0.301256
2026-08-19 14:31: Train Epoch 5: 760/1641 Loss: 0.321750
2026-08-19 14:31: Train Epoch 5: 780/1641 Loss: 0.315422
2026-08-19 14:31: Train Epoch 5: 800/1641 Loss: 0.326777
2026-08-19 14:31: Train Epoch 5: 820/1641 Loss: 0.303616
2026-08-19 14:31: Train Epoch 5: 840/1641 Loss: 0.302900
2026-08-19 14:31: Train Epoch 5: 860/1641 Loss: 0.301765
2026-08-19 14:31: Train Epoch 5: 880/1641 Loss: 0.325266
2026-08-19 14:31: Train Epoch 5: 900/1641 Loss: 0.341126
2026-08-19 14:31: Train Epoch 5: 920/1641 Loss: 0.334950
2026-08-19 14:31: Train Epoch 5: 940/1641 Loss: 0.315176
2026-08-19 14:31: Train Epoch 5: 960/1641 Loss: 0.321060
2026-08-19 14:31: Train Epoch 5: 980/1641 Loss: 0.339075
2026-08-19 14:31: Train Epoch 5: 1000/1641 Loss: 0.303134
2026-08-19 14:31: Train Epoch 5: 1020/1641 Loss: 0.318395
2026-08-19 14:31: Train Epoch 5: 1040/1641 Loss: 0.313106
2026-08-19 14:31: Train Epoch 5: 1060/1641 Loss: 0.313716
2026-08-19 14:31: Train Epoch 5: 1080/1641 Loss: 0.303843
2026-08-19 14:31: Train Epoch 5: 1100/1641 Loss: 0.307768
2026-08-19 14:31: Train Epoch 5: 1120/1641 Loss: 0.319928
2026-08-19 14:31: Train Epoch 5: 1140/1641 Loss: 0.331511
2026-08-19 14:31: Train Epoch 5: 1160/1641 Loss: 0.281944
2026-08-19 14:31: Train Epoch 5: 1180/1641 Loss: 0.319960
2026-08-19 14:32: Train Epoch 5: 1200/1641 Loss: 0.306029
2026-08-19 14:32: Train Epoch 5: 1220/1641 Loss: 0.309509
2026-08-19 14:32: Train Epoch 5: 1240/1641 Loss: 0.316092
2026-08-19 14:32: Train Epoch 5: 1260/1641 Loss: 0.327052
2026-08-19 14:32: Train Epoch 5: 1280/1641 Loss: 0.317004
2026-08-19 14:32: Train Epoch 5: 1300/1641 Loss: 0.336439
2026-08-19 14:32: Train Epoch 5: 1320/1641 Loss: 0.308306
2026-08-19 14:32: Train Epoch 5: 1340/1641 Loss: 0.307432
2026-08-19 14:32: Train Epoch 5: 1360/1641 Loss: 0.310312
2026-08-19 14:32: Train Epoch 5: 1380/1641 Loss: 0.302362
2026-08-19 14:32: Train Epoch 5: 1400/1641 Loss: 0.312176
2026-08-19 14:32: Train Epoch 5: 1420/1641 Loss: 0.310034
2026-08-19 14:32: Train Epoch 5: 1440/1641 Loss: 0.298927
2026-08-19 14:32: Train Epoch 5: 1460/1641 Loss: 0.299386
2026-08-19 14:32: Train Epoch 5: 1480/1641 Loss: 0.316481
2026-08-19 14:32: Train Epoch 5: 1500/1641 Loss: 0.308421
2026-08-19 14:32: Train Epoch 5: 1520/1641 Loss: 0.304549
2026-08-19 14:32: Train Epoch 5: 1540/1641 Loss: 0.299538
2026-08-19 14:32: Train Epoch 5: 1560/1641 Loss: 0.293794
2026-08-19 14:32: Train Epoch 5: 1580/1641 Loss: 0.286102
2026-08-19 14:32: Train Epoch 5: 1600/1641 Loss: 0.306817
2026-08-19 14:33: Train Epoch 5: 1620/1641 Loss: 0.314628
2026-08-19 14:33: Train Epoch 5: 1640/1641 Loss: 0.334992
2026-08-19 14:33: **********Train Epoch 5: averaged Loss: 0.314776, tf_ratio: 0.970657
2026-08-19 14:33: **********Val Epoch 5: average Loss: 0.315347
2026-08-19 14:33: *********************************Current best model saved!
2026-08-19 14:33: Train Epoch 6: 0/1641 Loss: 0.319317
2026-08-19 14:33: Train Epoch 6: 20/1641 Loss: 0.303413
2026-08-19 14:33: Train Epoch 6: 40/1641 Loss: 0.334041
2026-08-19 14:33: Train Epoch 6: 60/1641 Loss: 0.280814
2026-08-19 14:33: Train Epoch 6: 80/1641 Loss: 0.305565
2026-08-19 14:33: Train Epoch 6: 100/1641 Loss: 0.289157
2026-08-19 14:33: Train Epoch 6: 120/1641 Loss: 0.330650
2026-08-19 14:33: Train Epoch 6: 140/1641 Loss: 0.318091
2026-08-19 14:33: Train Epoch 6: 160/1641 Loss: 0.301844
2026-08-19 14:33: Train Epoch 6: 180/1641 Loss: 0.309058
2026-08-19 14:33: Train Epoch 6: 200/1641 Loss: 0.318868
2026-08-19 14:33: Train Epoch 6: 220/1641 Loss: 0.337116
2026-08-19 14:34: Train Epoch 6: 240/1641 Loss: 0.307593
2026-08-19 14:34: Train Epoch 6: 260/1641 Loss: 0.326355
2026-08-19 14:34: Train Epoch 6: 280/1641 Loss: 0.310982
2026-08-19 14:34: Train Epoch 6: 300/1641 Loss: 0.323600
2026-08-19 14:34: Train Epoch 6: 320/1641 Loss: 0.298266
2026-08-19 14:34: Train Epoch 6: 340/1641 Loss: 0.296012
2026-08-19 14:34: Train Epoch 6: 360/1641 Loss: 0.300921
2026-08-19 14:34: Train Epoch 6: 380/1641 Loss: 0.302482
2026-08-19 14:34: Train Epoch 6: 400/1641 Loss: 0.299340
2026-08-19 14:34: Train Epoch 6: 420/1641 Loss: 0.298901
2026-08-19 14:34: Train Epoch 6: 440/1641 Loss: 0.343986
2026-08-19 14:34: Train Epoch 6: 460/1641 Loss: 0.322308
2026-08-19 14:34: Train Epoch 6: 480/1641 Loss: 0.305282
2026-08-19 14:34: Train Epoch 6: 500/1641 Loss: 0.284749
2026-08-19 14:34: Train Epoch 6: 520/1641 Loss: 0.331027
2026-08-19 14:34: Train Epoch 6: 540/1641 Loss: 0.327192
2026-08-19 14:34: Train Epoch 6: 560/1641 Loss: 0.308543
2026-08-19 14:34: Train Epoch 6: 580/1641 Loss: 0.288671
2026-08-19 14:34: Train Epoch 6: 600/1641 Loss: 0.286631
2026-08-19 14:34: Train Epoch 6: 620/1641 Loss: 0.304723
2026-08-19 14:34: Train Epoch 6: 640/1641 Loss: 0.318867
2026-08-19 14:35: Train Epoch 6: 660/1641 Loss: 0.340361
2026-08-19 14:35: Train Epoch 6: 680/1641 Loss: 0.307826
2026-08-19 14:35: Train Epoch 6: 700/1641 Loss: 0.310425
2026-08-19 14:35: Train Epoch 6: 720/1641 Loss: 0.329709
2026-08-19 14:35: Train Epoch 6: 740/1641 Loss: 0.317806
2026-08-19 14:35: Train Epoch 6: 760/1641 Loss: 0.304417
2026-08-19 14:35: Train Epoch 6: 780/1641 Loss: 0.329812
2026-08-19 14:35: Train Epoch 6: 800/1641 Loss: 0.338437
2026-08-19 14:35: Train Epoch 6: 820/1641 Loss: 0.295743
2026-08-19 14:35: Train Epoch 6: 840/1641 Loss: 0.310059
2026-08-19 14:35: Train Epoch 6: 860/1641 Loss: 0.317463
2026-08-19 14:35: Train Epoch 6: 880/1641 Loss: 0.298785
2026-08-19 14:35: Train Epoch 6: 900/1641 Loss: 0.306067
2026-08-19 14:35: Train Epoch 6: 920/1641 Loss: 0.307766
2026-08-19 14:35: Train Epoch 6: 940/1641 Loss: 0.302938
2026-08-19 14:35: Train Epoch 6: 960/1641 Loss: 0.289301
2026-08-19 14:35: Train Epoch 6: 980/1641 Loss: 0.314198
2026-08-19 14:35: Train Epoch 6: 1000/1641 Loss: 0.314427
2026-08-19 14:35: Train Epoch 6: 1020/1641 Loss: 0.313046
2026-08-19 14:35: Train Epoch 6: 1040/1641 Loss: 0.332108
2026-08-19 14:35: Train Epoch 6: 1060/1641 Loss: 0.312380
2026-08-19 14:35: Train Epoch 6: 1080/1641 Loss: 0.300011
2026-08-19 14:36: Train Epoch 6: 1100/1641 Loss: 0.300897
2026-08-19 14:36: Train Epoch 6: 1120/1641 Loss: 0.308657
2026-08-19 14:36: Train Epoch 6: 1140/1641 Loss: 0.312013
2026-08-19 14:36: Train Epoch 6: 1160/1641 Loss: 0.265300
2026-08-19 14:36: Train Epoch 6: 1180/1641 Loss: 0.302083
2026-08-19 14:36: Train Epoch 6: 1200/1641 Loss: 0.304579
2026-08-19 14:36: Train Epoch 6: 1220/1641 Loss: 0.290408
2026-08-19 14:36: Train Epoch 6: 1240/1641 Loss: 0.316356
2026-08-19 14:36: Train Epoch 6: 1260/1641 Loss: 0.351882
2026-08-19 14:36: Train Epoch 6: 1280/1641 Loss: 0.295394
2026-08-19 14:36: Train Epoch 6: 1300/1641 Loss: 0.305854
2026-08-19 14:36: Train Epoch 6: 1320/1641 Loss: 0.295977
2026-08-19 14:36: Train Epoch 6: 1340/1641 Loss: 0.305601
2026-08-19 14:36: Train Epoch 6: 1360/1641 Loss: 0.287109
2026-08-19 14:36: Train Epoch 6: 1380/1641 Loss: 0.291631
2026-08-19 14:36: Train Epoch 6: 1400/1641 Loss: 0.311495
2026-08-19 14:36: Train Epoch 6: 1420/1641 Loss: 0.317482
2026-08-19 14:36: Train Epoch 6: 1440/1641 Loss: 0.311292
2026-08-19 14:36: Train Epoch 6: 1460/1641 Loss: 0.300397
2026-08-19 14:36: Train Epoch 6: 1480/1641 Loss: 0.312040
2026-08-19 14:36: Train Epoch 6: 1500/1641 Loss: 0.335088
2026-08-19 14:37: Train Epoch 6: 1520/1641 Loss: 0.323078
2026-08-19 14:37: Train Epoch 6: 1540/1641 Loss: 0.311401
2026-08-19 14:37: Train Epoch 6: 1560/1641 Loss: 0.321847
2026-08-19 14:37: Train Epoch 6: 1580/1641 Loss: 0.296863
2026-08-19 14:37: Train Epoch 6: 1600/1641 Loss: 0.302986
2026-08-19 14:37: Train Epoch 6: 1620/1641 Loss: 0.306164
2026-08-19 14:37: Train Epoch 6: 1640/1641 Loss: 0.333056
2026-08-19 14:37: **********Train Epoch 6: averaged Loss: 0.309859, tf_ratio: 0.935740
2026-08-19 14:37: **********Val Epoch 6: average Loss: 0.313148
2026-08-19 14:37: *********************************Current best model saved!
2026-08-19 14:37: Train Epoch 7: 0/1641 Loss: 0.318852
2026-08-19 14:37: Train Epoch 7: 20/1641 Loss: 0.311898
2026-08-19 14:37: Train Epoch 7: 40/1641 Loss: 0.301888
2026-08-19 14:37: Train Epoch 7: 60/1641 Loss: 0.299809
2026-08-19 14:37: Train Epoch 7: 80/1641 Loss: 0.320738
2026-08-19 14:37: Train Epoch 7: 100/1641 Loss: 0.312276
2026-08-19 14:37: Train Epoch 7: 120/1641 Loss: 0.296119
2026-08-19 14:38: Train Epoch 7: 140/1641 Loss: 0.295540
2026-08-19 14:38: Train Epoch 7: 160/1641 Loss: 0.315739
2026-08-19 14:38: Train Epoch 7: 180/1641 Loss: 0.296897
2026-08-19 14:38: Train Epoch 7: 200/1641 Loss: 0.312947
2026-08-19 14:38: Train Epoch 7: 220/1641 Loss: 0.297750
2026-08-19 14:38: Train Epoch 7: 240/1641 Loss: 0.331286
2026-08-19 14:38: Train Epoch 7: 260/1641 Loss: 0.302580
2026-08-19 14:38: Train Epoch 7: 280/1641 Loss: 0.306863
2026-08-19 14:38: Train Epoch 7: 300/1641 Loss: 0.324861
2026-08-19 14:38: Train Epoch 7: 320/1641 Loss: 0.293157
2026-08-19 14:38: Train Epoch 7: 340/1641 Loss: 0.301391
2026-08-19 14:38: Train Epoch 7: 360/1641 Loss: 0.312614
2026-08-19 14:38: Train Epoch 7: 380/1641 Loss: 0.312370
2026-08-19 14:38: Train Epoch 7: 400/1641 Loss: 0.342076
2026-08-19 14:38: Train Epoch 7: 420/1641 Loss: 0.304638
2026-08-19 14:38: Train Epoch 7: 440/1641 Loss: 0.342562
2026-08-19 14:38: Train Epoch 7: 460/1641 Loss: 0.309909
2026-08-19 14:38: Train Epoch 7: 480/1641 Loss: 0.286959
2026-08-19 14:38: Train Epoch 7: 500/1641 Loss: 0.292967
2026-08-19 14:38: Train Epoch 7: 520/1641 Loss: 0.289963
2026-08-19 14:38: Train Epoch 7: 540/1641 Loss: 0.286363
2026-08-19 14:39: Train Epoch 7: 560/1641 Loss: 0.296816
2026-08-19 14:39: Train Epoch 7: 580/1641 Loss: 0.333877
2026-08-19 14:39: Train Epoch 7: 600/1641 Loss: 0.313697
2026-08-19 14:39: Train Epoch 7: 620/1641 Loss: 0.316942
2026-08-19 14:39: Train Epoch 7: 640/1641 Loss: 0.303787
2026-08-19 14:39: Train Epoch 7: 660/1641 Loss: 0.319868
2026-08-19 14:39: Train Epoch 7: 680/1641 Loss: 0.324512
2026-08-19 14:39: Train Epoch 7: 700/1641 Loss: 0.311715
2026-08-19 14:39: Train Epoch 7: 720/1641 Loss: 0.328618
2026-08-19 14:39: Train Epoch 7: 740/1641 Loss: 0.297212
2026-08-19 14:39: Train Epoch 7: 760/1641 Loss: 0.297096
2026-08-19 14:39: Train Epoch 7: 780/1641 Loss: 0.293653
2026-08-19 14:39: Train Epoch 7: 800/1641 Loss: 0.302798
2026-08-19 14:39: Train Epoch 7: 820/1641 Loss: 0.305192
2026-08-19 14:39: Train Epoch 7: 840/1641 Loss: 0.306546
2026-08-19 14:39: Train Epoch 7: 860/1641 Loss: 0.289117
2026-08-19 14:39: Train Epoch 7: 880/1641 Loss: 0.309607
2026-08-19 14:39: Train Epoch 7: 900/1641 Loss: 0.317298
2026-08-19 14:39: Train Epoch 7: 920/1641 Loss: 0.297514
2026-08-19 14:39: Train Epoch 7: 940/1641 Loss: 0.313131
2026-08-19 14:39: Train Epoch 7: 960/1641 Loss: 0.289808
2026-08-19 14:40: Train Epoch 7: 980/1641 Loss: 0.301275
2026-08-19 14:40: Train Epoch 7: 1000/1641 Loss: 0.306586
2026-08-19 14:40: Train Epoch 7: 1020/1641 Loss: 0.311590
2026-08-19 14:40: Train Epoch 7: 1040/1641 Loss: 0.310358
2026-08-19 14:40: Train Epoch 7: 1060/1641 Loss: 0.331448
2026-08-19 14:40: Train Epoch 7: 1080/1641 Loss: 0.309133
2026-08-19 14:40: Train Epoch 7: 1100/1641 Loss: 0.302476
2026-08-19 14:40: Train Epoch 7: 1120/1641 Loss: 0.299446
2026-08-19 14:40: Train Epoch 7: 1140/1641 Loss: 0.312463
2026-08-19 14:40: Train Epoch 7: 1160/1641 Loss: 0.290893
2026-08-19 14:40: Train Epoch 7: 1180/1641 Loss: 0.288156
2026-08-19 14:40: Train Epoch 7: 1200/1641 Loss: 0.285423
2026-08-19 14:40: Train Epoch 7: 1220/1641 Loss: 0.305864
2026-08-19 14:40: Train Epoch 7: 1240/1641 Loss: 0.306948
2026-08-19 14:40: Train Epoch 7: 1260/1641 Loss: 0.314981
2026-08-19 14:40: Train Epoch 7: 1280/1641 Loss: 0.302813
2026-08-19 14:40: Train Epoch 7: 1300/1641 Loss: 0.289224
2026-08-19 14:40: Train Epoch 7: 1320/1641 Loss: 0.297763
2026-08-19 14:40: Train Epoch 7: 1340/1641 Loss: 0.316273
2026-08-19 14:40: Train Epoch 7: 1360/1641 Loss: 0.300996
2026-08-19 14:40: Train Epoch 7: 1380/1641 Loss: 0.290327
2026-08-19 14:41: Train Epoch 7: 1400/1641 Loss: 0.302578
2026-08-19 14:41: Train Epoch 7: 1420/1641 Loss: 0.313228
2026-08-19 14:41: Train Epoch 7: 1440/1641 Loss: 0.297761
2026-08-19 14:41: Train Epoch 7: 1460/1641 Loss: 0.306830
2026-08-19 14:41: Train Epoch 7: 1480/1641 Loss: 0.298566
2026-08-19 14:41: Train Epoch 7: 1500/1641 Loss: 0.300642
2026-08-19 14:41: Train Epoch 7: 1520/1641 Loss: 0.339736
2026-08-19 14:41: Train Epoch 7: 1540/1641 Loss: 0.309742
2026-08-19 14:41: Train Epoch 7: 1560/1641 Loss: 0.296918
2026-08-19 14:41: Train Epoch 7: 1580/1641 Loss: 0.312321
2026-08-19 14:41: Train Epoch 7: 1600/1641 Loss: 0.296600
2026-08-19 14:41: Train Epoch 7: 1620/1641 Loss: 0.345393
2026-08-19 14:41: Train Epoch 7: 1640/1641 Loss: 0.307636
2026-08-19 14:41: **********Train Epoch 7: averaged Loss: 0.305281, tf_ratio: 0.865052
2026-08-19 14:41: **********Val Epoch 7: average Loss: 0.312616
2026-08-19 14:41: *********************************Current best model saved!
2026-08-19 14:41: Train Epoch 8: 0/1641 Loss: 0.303674
2026-08-19 14:41: Train Epoch 8: 20/1641 Loss: 0.290418
2026-08-19 14:42: Train Epoch 8: 40/1641 Loss: 0.287878
2026-08-19 14:42: Train Epoch 8: 60/1641 Loss: 0.289189
2026-08-19 14:42: Train Epoch 8: 80/1641 Loss: 0.289109
2026-08-19 14:42: Train Epoch 8: 100/1641 Loss: 0.308450
2026-08-19 14:42: Train Epoch 8: 120/1641 Loss: 0.303934
2026-08-19 14:42: Train Epoch 8: 140/1641 Loss: 0.310361
2026-08-19 14:42: Train Epoch 8: 160/1641 Loss: 0.299782
2026-08-19 14:42: Train Epoch 8: 180/1641 Loss: 0.303780
2026-08-19 14:42: Train Epoch 8: 200/1641 Loss: 0.317110
2026-08-19 14:42: Train Epoch 8: 220/1641 Loss: 0.303734
2026-08-19 14:42: Train Epoch 8: 240/1641 Loss: 0.291911
2026-08-19 14:42: Train Epoch 8: 260/1641 Loss: 0.302516
2026-08-19 14:42: Train Epoch 8: 280/1641 Loss: 0.290528
2026-08-19 14:42: Train Epoch 8: 300/1641 Loss: 0.303685
2026-08-19 14:42: Train Epoch 8: 320/1641 Loss: 0.318212
2026-08-19 14:42: Train Epoch 8: 340/1641 Loss: 0.305501
2026-08-19 14:42: Train Epoch 8: 360/1641 Loss: 0.288053
2026-08-19 14:42: Train Epoch 8: 380/1641 Loss: 0.292085
2026-08-19 14:42: Train Epoch 8: 400/1641 Loss: 0.305398
2026-08-19 14:42: Train Epoch 8: 420/1641 Loss: 0.292369
2026-08-19 14:42: Train Epoch 8: 440/1641 Loss: 0.338467
2026-08-19 14:43: Train Epoch 8: 460/1641 Loss: 0.305814
2026-08-19 14:43: Train Epoch 8: 480/1641 Loss: 0.305236
2026-08-19 14:43: Train Epoch 8: 500/1641 Loss: 0.308115
2026-08-19 14:43: Train Epoch 8: 520/1641 Loss: 0.322819
2026-08-19 14:43: Train Epoch 8: 540/1641 Loss: 0.296596
2026-08-19 14:43: Train Epoch 8: 560/1641 Loss: 0.312483
2026-08-19 14:43: Train Epoch 8: 580/1641 Loss: 0.306532
2026-08-19 14:43: Train Epoch 8: 600/1641 Loss: 0.321342
2026-08-19 14:43: Train Epoch 8: 620/1641 Loss: 0.290868
2026-08-19 14:43: Train Epoch 8: 640/1641 Loss: 0.303382
2026-08-19 14:43: Train Epoch 8: 660/1641 Loss: 0.323461
2026-08-19 14:43: Train Epoch 8: 680/1641 Loss: 0.307947
2026-08-19 14:43: Train Epoch 8: 700/1641 Loss: 0.302039
2026-08-19 14:43: Train Epoch 8: 720/1641 Loss: 0.297353
2026-08-19 14:43: Train Epoch 8: 740/1641 Loss: 0.277440
2026-08-19 14:43: Train Epoch 8: 760/1641 Loss: 0.299025
2026-08-19 14:43: Train Epoch 8: 780/1641 Loss: 0.288096
2026-08-19 14:43: Train Epoch 8: 800/1641 Loss: 0.283276
2026-08-19 14:43: Train Epoch 8: 820/1641 Loss: 0.286121
2026-08-19 14:43: Train Epoch 8: 840/1641 Loss: 0.306954
2026-08-19 14:43: Train Epoch 8: 860/1641 Loss: 0.300037
2026-08-19 14:43: Train Epoch 8: 880/1641 Loss: 0.300555
2026-08-19 14:44: Train Epoch 8: 900/1641 Loss: 0.299740
2026-08-19 14:44: Train Epoch 8: 920/1641 Loss: 0.286414
2026-08-19 14:44: Train Epoch 8: 940/1641 Loss: 0.269785
2026-08-19 14:44: Train Epoch 8: 960/1641 Loss: 0.318542
2026-08-19 14:44: Train Epoch 8: 980/1641 Loss: 0.300795
2026-08-19 14:44: Train Epoch 8: 1000/1641 Loss: 0.301678
2026-08-19 14:44: Train Epoch 8: 1020/1641 Loss: 0.297838
2026-08-19 14:44: Train Epoch 8: 1040/1641 Loss: 0.301462
2026-08-19 14:44: Train Epoch 8: 1060/1641 Loss: 0.300094
2026-08-19 14:44: Train Epoch 8: 1080/1641 Loss: 0.300540
2026-08-19 14:44: Train Epoch 8: 1100/1641 Loss: 0.290326
2026-08-19 14:44: Train Epoch 8: 1120/1641 Loss: 0.314919
2026-08-19 14:44: Train Epoch 8: 1140/1641 Loss: 0.304761
2026-08-19 14:44: Train Epoch 8: 1160/1641 Loss: 0.314445
2026-08-19 14:44: Train Epoch 8: 1180/1641 Loss: 0.303106
2026-08-19 14:44: Train Epoch 8: 1200/1641 Loss: 0.307036
2026-08-19 14:44: Train Epoch 8: 1220/1641 Loss: 0.311067
2026-08-19 14:44: Train Epoch 8: 1240/1641 Loss: 0.307131
2026-08-19 14:44: Train Epoch 8: 1260/1641 Loss: 0.322703
2026-08-19 14:44: Train Epoch 8: 1280/1641 Loss: 0.327549
2026-08-19 14:44: Train Epoch 8: 1300/1641 Loss: 0.293590
2026-08-19 14:45: Train Epoch 8: 1320/1641 Loss: 0.287606
2026-08-19 14:45: Train Epoch 8: 1340/1641 Loss: 0.298299
2026-08-19 14:45: Train Epoch 8: 1360/1641 Loss: 0.297202
2026-08-19 14:45: Train Epoch 8: 1380/1641 Loss: 0.283224
2026-08-19 14:45: Train Epoch 8: 1400/1641 Loss: 0.291981
2026-08-19 14:45: Train Epoch 8: 1420/1641 Loss: 0.301537
2026-08-19 14:45: Train Epoch 8: 1440/1641 Loss: 0.311205
2026-08-19 14:45: Train Epoch 8: 1460/1641 Loss: 0.303628
2026-08-19 14:45: Train Epoch 8: 1480/1641 Loss: 0.300665
2026-08-19 14:45: Train Epoch 8: 1500/1641 Loss: 0.299998
2026-08-19 14:45: Train Epoch 8: 1520/1641 Loss: 0.273767
2026-08-19 14:45: Train Epoch 8: 1540/1641 Loss: 0.297936
2026-08-19 14:45: Train Epoch 8: 1560/1641 Loss: 0.295040
2026-08-19 14:45: Train Epoch 8: 1580/1641 Loss: 0.287242
2026-08-19 14:45: Train Epoch 8: 1600/1641 Loss: 0.307621
2026-08-19 14:45: Train Epoch 8: 1620/1641 Loss: 0.270735
2026-08-19 14:45: Train Epoch 8: 1640/1641 Loss: 0.297310
2026-08-19 14:45: **********Train Epoch 8: averaged Loss: 0.300985, tf_ratio: 0.738348
2026-08-19 14:46: **********Val Epoch 8: average Loss: 0.311678
2026-08-19 14:46: *********************************Current best model saved!
2026-08-19 14:46: Train Epoch 9: 0/1641 Loss: 0.293906
2026-08-19 14:46: Train Epoch 9: 20/1641 Loss: 0.286665
2026-08-19 14:46: Train Epoch 9: 40/1641 Loss: 0.293120
2026-08-19 14:46: Train Epoch 9: 60/1641 Loss: 0.315433
2026-08-19 14:46: Train Epoch 9: 80/1641 Loss: 0.292362
2026-08-19 14:46: Train Epoch 9: 100/1641 Loss: 0.311999
2026-08-19 14:46: Train Epoch 9: 120/1641 Loss: 0.309169
2026-08-19 14:46: Train Epoch 9: 140/1641 Loss: 0.296874
2026-08-19 14:46: Train Epoch 9: 160/1641 Loss: 0.296860
2026-08-19 14:46: Train Epoch 9: 180/1641 Loss: 0.294870
2026-08-19 14:46: Train Epoch 9: 200/1641 Loss: 0.298491
2026-08-19 14:46: Train Epoch 9: 220/1641 Loss: 0.290306
2026-08-19 14:46: Train Epoch 9: 240/1641 Loss: 0.320671
2026-08-19 14:46: Train Epoch 9: 260/1641 Loss: 0.281640
2026-08-19 14:46: Train Epoch 9: 280/1641 Loss: 0.289371
2026-08-19 14:46: Train Epoch 9: 300/1641 Loss: 0.283458
2026-08-19 14:46: Train Epoch 9: 320/1641 Loss: 0.297967
2026-08-19 14:46: Train Epoch 9: 340/1641 Loss: 0.314873
2026-08-19 14:46: Train Epoch 9: 360/1641 Loss: 0.286785
2026-08-19 14:47: Train Epoch 9: 380/1641 Loss: 0.280891
2026-08-19 14:47: Train Epoch 9: 400/1641 Loss: 0.305764
2026-08-19 14:47: Train Epoch 9: 420/1641 Loss: 0.306406
2026-08-19 14:47: Train Epoch 9: 440/1641 Loss: 0.310946
2026-08-19 14:47: Train Epoch 9: 460/1641 Loss: 0.298003
2026-08-19 14:47: Train Epoch 9: 480/1641 Loss: 0.305509
2026-08-19 14:47: Train Epoch 9: 500/1641 Loss: 0.308527
2026-08-19 14:47: Train Epoch 9: 520/1641 Loss: 0.294019
2026-08-19 14:47: Train Epoch 9: 540/1641 Loss: 0.256868
2026-08-19 14:47: Train Epoch 9: 560/1641 Loss: 0.287363
2026-08-19 14:47: Train Epoch 9: 580/1641 Loss: 0.276147
2026-08-19 14:47: Train Epoch 9: 600/1641 Loss: 0.292748
2026-08-19 14:47: Train Epoch 9: 620/1641 Loss: 0.296295
2026-08-19 14:47: Train Epoch 9: 640/1641 Loss: 0.312054
2026-08-19 14:47: Train Epoch 9: 660/1641 Loss: 0.296113
2026-08-19 14:47: Train Epoch 9: 680/1641 Loss: 0.296423
2026-08-19 14:47: Train Epoch 9: 700/1641 Loss: 0.300128
2026-08-19 14:47: Train Epoch 9: 720/1641 Loss: 0.266302
2026-08-19 14:47: Train Epoch 9: 740/1641 Loss: 0.293059
2026-08-19 14:47: Train Epoch 9: 760/1641 Loss: 0.294826
2026-08-19 14:47: Train Epoch 9: 780/1641 Loss: 0.314956
2026-08-19 14:48: Train Epoch 9: 800/1641 Loss: 0.301967
2026-08-19 14:48: Train Epoch 9: 820/1641 Loss: 0.302264
2026-08-19 14:48: Train Epoch 9: 840/1641 Loss: 0.306221
2026-08-19 14:48: Train Epoch 9: 860/1641 Loss: 0.267411
2026-08-19 14:48: Train Epoch 9: 880/1641 Loss: 0.292864
2026-08-19 14:48: Train Epoch 9: 900/1641 Loss: 0.293124
2026-08-19 14:48: Train Epoch 9: 920/1641 Loss: 0.288182
2026-08-19 14:48: Train Epoch 9: 940/1641 Loss: 0.284652
2026-08-19 14:48: Train Epoch 9: 960/1641 Loss: 0.289610
2026-08-19 14:48: Train Epoch 9: 980/1641 Loss: 0.296472
2026-08-19 14:48: Train Epoch 9: 1000/1641 Loss: 0.313825
2026-08-19 14:48: Train Epoch 9: 1020/1641 Loss: 0.296629
2026-08-19 14:48: Train Epoch 9: 1040/1641 Loss: 0.296855
2026-08-19 14:48: Train Epoch 9: 1060/1641 Loss: 0.311442
2026-08-19 14:48: Train Epoch 9: 1080/1641 Loss: 0.299986
2026-08-19 14:48: Train Epoch 9: 1100/1641 Loss: 0.304801
2026-08-19 14:48: Train Epoch 9: 1120/1641 Loss: 0.311996
2026-08-19 14:48: Train Epoch 9: 1140/1641 Loss: 0.324335
2026-08-19 14:48: Train Epoch 9: 1160/1641 Loss: 0.297406
2026-08-19 14:48: Train Epoch 9: 1180/1641 Loss: 0.280729
2026-08-19 14:48: Train Epoch 9: 1200/1641 Loss: 0.303372
2026-08-19 14:49: Train Epoch 9: 1220/1641 Loss: 0.272271
2026-08-19 14:49: Train Epoch 9: 1240/1641 Loss: 0.277661
2026-08-19 14:49: Train Epoch 9: 1260/1641 Loss: 0.286955
2026-08-19 14:49: Train Epoch 9: 1280/1641 Loss: 0.302128
2026-08-19 14:49: Train Epoch 9: 1300/1641 Loss: 0.285289
2026-08-19 14:49: Train Epoch 9: 1320/1641 Loss: 0.285550
2026-08-19 14:49: Train Epoch 9: 1340/1641 Loss: 0.295665
2026-08-19 14:49: Train Epoch 9: 1360/1641 Loss: 0.283422
2026-08-19 14:49: Train Epoch 9: 1380/1641 Loss: 0.295206
2026-08-19 14:49: Train Epoch 9: 1400/1641 Loss: 0.310733
2026-08-19 14:49: Train Epoch 9: 1420/1641 Loss: 0.304647
2026-08-19 14:49: Train Epoch 9: 1440/1641 Loss: 0.294136
2026-08-19 14:49: Train Epoch 9: 1460/1641 Loss: 0.328858
2026-08-19 14:49: Train Epoch 9: 1480/1641 Loss: 0.283635
2026-08-19 14:49: Train Epoch 9: 1500/1641 Loss: 0.270531
2026-08-19 14:49: Train Epoch 9: 1520/1641 Loss: 0.278828
2026-08-19 14:49: Train Epoch 9: 1540/1641 Loss: 0.298040
2026-08-19 14:49: Train Epoch 9: 1560/1641 Loss: 0.278648
2026-08-19 14:49: Train Epoch 9: 1580/1641 Loss: 0.305555
2026-08-19 14:49: Train Epoch 9: 1600/1641 Loss: 0.286728
2026-08-19 14:49: Train Epoch 9: 1620/1641 Loss: 0.270354
2026-08-19 14:49: Train Epoch 9: 1640/1641 Loss: 0.309173
2026-08-19 14:49: **********Train Epoch 9: averaged Loss: 0.297141, tf_ratio: 0.554014
2026-08-19 14:50: **********Val Epoch 9: average Loss: 0.310634
2026-08-19 14:50: *********************************Current best model saved!
2026-08-19 14:50: Train Epoch 10: 0/1641 Loss: 0.299312
2026-08-19 14:50: Train Epoch 10: 20/1641 Loss: 0.295440
2026-08-19 14:50: Train Epoch 10: 40/1641 Loss: 0.272008
2026-08-19 14:50: Train Epoch 10: 60/1641 Loss: 0.278570
2026-08-19 14:50: Train Epoch 10: 80/1641 Loss: 0.280101
2026-08-19 14:50: Train Epoch 10: 100/1641 Loss: 0.288031
2026-08-19 14:50: Train Epoch 10: 120/1641 Loss: 0.284835
2026-08-19 14:50: Train Epoch 10: 140/1641 Loss: 0.273898
2026-08-19 14:50: Train Epoch 10: 160/1641 Loss: 0.265773
2026-08-19 14:50: Train Epoch 10: 180/1641 Loss: 0.303324
2026-08-19 14:50: Train Epoch 10: 200/1641 Loss: 0.308493
2026-08-19 14:50: Train Epoch 10: 220/1641 Loss: 0.311687
2026-08-19 14:50: Train Epoch 10: 240/1641 Loss: 0.298379
2026-08-19 14:50: Train Epoch 10: 260/1641 Loss: 0.302892
2026-08-19 14:51: Train Epoch 10: 280/1641 Loss: 0.298654
2026-08-19 14:51: Train Epoch 10: 300/1641 Loss: 0.313323
2026-08-19 14:51: Train Epoch 10: 320/1641 Loss: 0.289243
2026-08-19 14:51: Train Epoch 10: 340/1641 Loss: 0.280967
2026-08-19 14:51: Train Epoch 10: 360/1641 Loss: 0.281173
2026-08-19 14:51: Train Epoch 10: 380/1641 Loss: 0.264536
2026-08-19 14:51: Train Epoch 10: 400/1641 Loss: 0.298293
2026-08-19 14:51: Train Epoch 10: 420/1641 Loss: 0.321199
2026-08-19 14:51: Train Epoch 10: 440/1641 Loss: 0.288132
2026-08-19 14:51: Train Epoch 10: 460/1641 Loss: 0.295183
2026-08-19 14:51: Train Epoch 10: 480/1641 Loss: 0.289831
2026-08-19 14:51: Train Epoch 10: 500/1641 Loss: 0.286995
2026-08-19 14:51: Train Epoch 10: 520/1641 Loss: 0.292500
2026-08-19 14:51: Train Epoch 10: 540/1641 Loss: 0.312077
2026-08-19 14:51: Train Epoch 10: 560/1641 Loss: 0.276975
2026-08-19 14:51: Train Epoch 10: 580/1641 Loss: 0.295745
2026-08-19 14:51: Train Epoch 10: 600/1641 Loss: 0.298989
2026-08-19 14:51: Train Epoch 10: 620/1641 Loss: 0.286396
2026-08-19 14:51: Train Epoch 10: 640/1641 Loss: 0.301753
2026-08-19 14:51: Train Epoch 10: 660/1641 Loss: 0.301517
2026-08-19 14:51: Train Epoch 10: 680/1641 Loss: 0.279436
2026-08-19 14:52: Train Epoch 10: 700/1641 Loss: 0.323055
2026-08-19 14:52: Train Epoch 10: 720/1641 Loss: 0.303570
2026-08-19 14:52: Train Epoch 10: 740/1641 Loss: 0.277612
2026-08-19 14:52: Train Epoch 10: 760/1641 Loss: 0.281906
2026-08-19 14:52: Train Epoch 10: 780/1641 Loss: 0.269221
2026-08-19 14:52: Train Epoch 10: 800/1641 Loss: 0.270294
2026-08-19 14:52: Train Epoch 10: 820/1641 Loss: 0.279732
2026-08-19 14:52: Train Epoch 10: 840/1641 Loss: 0.314148
2026-08-19 14:52: Train Epoch 10: 860/1641 Loss: 0.304723
2026-08-19 14:52: Train Epoch 10: 880/1641 Loss: 0.293954
2026-08-19 14:52: Train Epoch 10: 900/1641 Loss: 0.299337
2026-08-19 14:52: Train Epoch 10: 920/1641 Loss: 0.266212
2026-08-19 14:52: Train Epoch 10: 940/1641 Loss: 0.288943
2026-08-19 14:52: Train Epoch 10: 960/1641 Loss: 0.311488
2026-08-19 14:52: Train Epoch 10: 980/1641 Loss: 0.297373
2026-08-19 14:52: Train Epoch 10: 1000/1641 Loss: 0.286372
2026-08-19 14:52: Train Epoch 10: 1020/1641 Loss: 0.304399
2026-08-19 14:52: Train Epoch 10: 1040/1641 Loss: 0.291674
2026-08-19 14:52: Train Epoch 10: 1060/1641 Loss: 0.267949
2026-08-19 14:52: Train Epoch 10: 1080/1641 Loss: 0.308399
2026-08-19 14:52: Train Epoch 10: 1100/1641 Loss: 0.324268
2026-08-19 14:52: Train Epoch 10: 1120/1641 Loss: 0.299801
2026-08-19 14:53: Train Epoch 10: 1140/1641 Loss: 0.302068
2026-08-19 14:53: Train Epoch 10: 1160/1641 Loss: 0.317328
2026-08-19 14:53: Train Epoch 10: 1180/1641 Loss: 0.294678
2026-08-19 14:53: Train Epoch 10: 1200/1641 Loss: 0.288212
2026-08-19 14:53: Train Epoch 10: 1220/1641 Loss: 0.293563
2026-08-19 14:53: Train Epoch 10: 1240/1641 Loss: 0.295595
2026-08-19 14:53: Train Epoch 10: 1260/1641 Loss: 0.315718
2026-08-19 14:53: Train Epoch 10: 1280/1641 Loss: 0.302939
2026-08-19 14:53: Train Epoch 10: 1300/1641 Loss: 0.288521
2026-08-19 14:53: Train Epoch 10: 1320/1641 Loss: 0.288717
2026-08-19 14:53: Train Epoch 10: 1340/1641 Loss: 0.298604
2026-08-19 14:53: Train Epoch 10: 1360/1641 Loss: 0.308024
2026-08-19 14:53: Train Epoch 10: 1380/1641 Loss: 0.280453
2026-08-19 14:53: Train Epoch 10: 1400/1641 Loss: 0.322951
2026-08-19 14:53: Train Epoch 10: 1420/1641 Loss: 0.287201
2026-08-19 14:53: Train Epoch 10: 1440/1641 Loss: 0.280097
2026-08-19 14:53: Train Epoch 10: 1460/1641 Loss: 0.286503
2026-08-19 14:53: Train Epoch 10: 1480/1641 Loss: 0.294468
2026-08-19 14:53: Train Epoch 10: 1500/1641 Loss: 0.278607
2026-08-19 14:53: Train Epoch 10: 1520/1641 Loss: 0.293812
2026-08-19 14:53: Train Epoch 10: 1540/1641 Loss: 0.291810
2026-08-19 14:54: Train Epoch 10: 1560/1641 Loss: 0.264753
2026-08-19 14:54: Train Epoch 10: 1580/1641 Loss: 0.301541
2026-08-19 14:54: Train Epoch 10: 1600/1641 Loss: 0.298125
2026-08-19 14:54: Train Epoch 10: 1620/1641 Loss: 0.278970
2026-08-19 14:54: Train Epoch 10: 1640/1641 Loss: 0.288109
2026-08-19 14:54: **********Train Epoch 10: averaged Loss: 0.292996, tf_ratio: 0.353521
2026-08-19 14:54: **********Val Epoch 10: average Loss: 0.314654
2026-08-19 14:54: Train Epoch 11: 0/1641 Loss: 0.305168
2026-08-19 14:54: Train Epoch 11: 20/1641 Loss: 0.281842
2026-08-19 14:54: Train Epoch 11: 40/1641 Loss: 0.267496
2026-08-19 14:54: Train Epoch 11: 60/1641 Loss: 0.298975
2026-08-19 14:54: Train Epoch 11: 80/1641 Loss: 0.286801
2026-08-19 14:54: Train Epoch 11: 100/1641 Loss: 0.299002
2026-08-19 14:54: Train Epoch 11: 120/1641 Loss: 0.290191
2026-08-19 14:54: Train Epoch 11: 140/1641 Loss: 0.282206
2026-08-19 14:54: Train Epoch 11: 160/1641 Loss: 0.288656
2026-08-19 14:55: Train Epoch 11: 180/1641 Loss: 0.286244
2026-08-19 14:55: Train Epoch 11: 200/1641 Loss: 0.269731
2026-08-19 14:55: Train Epoch 11: 220/1641 Loss: 0.294532
2026-08-19 14:55: Train Epoch 11: 240/1641 Loss: 0.278639
2026-08-19 14:55: Train Epoch 11: 260/1641 Loss: 0.296647
2026-08-19 14:55: Train Epoch 11: 280/1641 Loss: 0.267793
2026-08-19 14:55: Train Epoch 11: 300/1641 Loss: 0.281952
2026-08-19 14:55: Train Epoch 11: 320/1641 Loss: 0.296284
2026-08-19 14:55: Train Epoch 11: 340/1641 Loss: 0.296516
2026-08-19 14:55: Train Epoch 11: 360/1641 Loss: 0.312594
2026-08-19 14:55: Train Epoch 11: 380/1641 Loss: 0.299474
2026-08-19 14:55: Train Epoch 11: 400/1641 Loss: 0.287577
2026-08-19 14:55: Train Epoch 11: 420/1641 Loss: 0.274884
2026-08-19 14:55: Train Epoch 11: 440/1641 Loss: 0.269606
2026-08-19 14:55: Train Epoch 11: 460/1641 Loss: 0.294163
2026-08-19 14:55: Train Epoch 11: 480/1641 Loss: 0.283538
2026-08-19 14:55: Train Epoch 11: 500/1641 Loss: 0.285861
2026-08-19 14:55: Train Epoch 11: 520/1641 Loss: 0.286986
2026-08-19 14:55: Train Epoch 11: 540/1641 Loss: 0.303125
2026-08-19 14:55: Train Epoch 11: 560/1641 Loss: 0.305182
2026-08-19 14:55: Train Epoch 11: 580/1641 Loss: 0.290647
2026-08-19 14:56: Train Epoch 11: 600/1641 Loss: 0.287846
2026-08-19 14:56: Train Epoch 11: 620/1641 Loss: 0.276418
2026-08-19 14:56: Train Epoch 11: 640/1641 Loss: 0.301359
2026-08-19 14:56: Train Epoch 11: 660/1641 Loss: 0.286668
2026-08-19 14:56: Train Epoch 11: 680/1641 Loss: 0.263637
2026-08-19 14:56: Train Epoch 11: 700/1641 Loss: 0.313204
2026-08-19 14:56: Train Epoch 11: 720/1641 Loss: 0.271035
2026-08-19 14:56: Train Epoch 11: 740/1641 Loss: 0.284437
2026-08-19 14:56: Train Epoch 11: 760/1641 Loss: 0.304453
2026-08-19 14:56: Train Epoch 11: 780/1641 Loss: 0.294154
2026-08-19 14:56: Train Epoch 11: 800/1641 Loss: 0.308372
2026-08-19 14:56: Train Epoch 11: 820/1641 Loss: 0.290065
2026-08-19 14:56: Train Epoch 11: 840/1641 Loss: 0.306640
2026-08-19 14:56: Train Epoch 11: 860/1641 Loss: 0.275459
2026-08-19 14:56: Train Epoch 11: 880/1641 Loss: 0.282057
2026-08-19 14:56: Train Epoch 11: 900/1641 Loss: 0.272707
2026-08-19 14:56: Train Epoch 11: 920/1641 Loss: 0.293446
2026-08-19 14:56: Train Epoch 11: 940/1641 Loss: 0.281783
2026-08-19 14:56: Train Epoch 11: 960/1641 Loss: 0.300658
2026-08-19 14:56: Train Epoch 11: 980/1641 Loss: 0.276288
2026-08-19 14:56: Train Epoch 11: 1000/1641 Loss: 0.274704
2026-08-19 14:57: Train Epoch 11: 1020/1641 Loss: 0.285742
2026-08-19 14:57: Train Epoch 11: 1040/1641 Loss: 0.294940
2026-08-19 14:57: Train Epoch 11: 1060/1641 Loss: 0.288337
2026-08-19 14:57: Train Epoch 11: 1080/1641 Loss: 0.307169
2026-08-19 14:57: Train Epoch 11: 1100/1641 Loss: 0.322353
2026-08-19 14:57: Train Epoch 11: 1120/1641 Loss: 0.299192
2026-08-19 14:57: Train Epoch 11: 1140/1641 Loss: 0.302009
2026-08-19 14:57: Train Epoch 11: 1160/1641 Loss: 0.277857
2026-08-19 14:57: Train Epoch 11: 1180/1641 Loss: 0.306217
2026-08-19 14:57: Train Epoch 11: 1200/1641 Loss: 0.282029
2026-08-19 14:57: Train Epoch 11: 1220/1641 Loss: 0.290678
2026-08-19 14:57: Train Epoch 11: 1240/1641 Loss: 0.279571
2026-08-19 14:57: Train Epoch 11: 1260/1641 Loss: 0.293405
2026-08-19 14:57: Train Epoch 11: 1280/1641 Loss: 0.302065
2026-08-19 14:57: Train Epoch 11: 1300/1641 Loss: 0.300425
2026-08-19 14:57: Train Epoch 11: 1320/1641 Loss: 0.286557
2026-08-19 14:57: Train Epoch 11: 1340/1641 Loss: 0.303460
2026-08-19 14:57: Train Epoch 11: 1360/1641 Loss: 0.284405
2026-08-19 14:57: Train Epoch 11: 1380/1641 Loss: 0.312333
2026-08-19 14:57: Train Epoch 11: 1400/1641 Loss: 0.283213
2026-08-19 14:57: Train Epoch 11: 1420/1641 Loss: 0.262399
2026-08-19 14:57: Train Epoch 11: 1440/1641 Loss: 0.285297
2026-08-19 14:58: Train Epoch 11: 1460/1641 Loss: 0.281681
2026-08-19 14:58: Train Epoch 11: 1480/1641 Loss: 0.284584
2026-08-19 14:58: Train Epoch 11: 1500/1641 Loss: 0.272399
2026-08-19 14:58: Train Epoch 11: 1520/1641 Loss: 0.279042
2026-08-19 14:58: Train Epoch 11: 1540/1641 Loss: 0.318589
2026-08-19 14:58: Train Epoch 11: 1560/1641 Loss: 0.273082
2026-08-19 14:58: Train Epoch 11: 1580/1641 Loss: 0.272338
2026-08-19 14:58: Train Epoch 11: 1600/1641 Loss: 0.291512
2026-08-19 14:58: Train Epoch 11: 1620/1641 Loss: 0.288053
2026-08-19 14:58: Train Epoch 11: 1640/1641 Loss: 0.288142
2026-08-19 14:58: **********Train Epoch 11: averaged Loss: 0.288716, tf_ratio: 0.194020
2026-08-19 14:58: **********Val Epoch 11: average Loss: 0.315395
2026-08-19 14:58: Train Epoch 12: 0/1641 Loss: 0.302533
2026-08-19 14:58: Train Epoch 12: 20/1641 Loss: 0.295737
2026-08-19 14:58: Train Epoch 12: 40/1641 Loss: 0.276678
2026-08-19 14:58: Train Epoch 12: 60/1641 Loss: 0.312388
2026-08-19 14:59: Train Epoch 12: 80/1641 Loss: 0.277020
2026-08-19 14:59: Train Epoch 12: 100/1641 Loss: 0.286250
2026-08-19 14:59: Train Epoch 12: 120/1641 Loss: 0.293763
2026-08-19 14:59: Train Epoch 12: 140/1641 Loss: 0.282105
2026-08-19 14:59: Train Epoch 12: 160/1641 Loss: 0.301554
2026-08-19 14:59: Train Epoch 12: 180/1641 Loss: 0.292946
2026-08-19 14:59: Train Epoch 12: 200/1641 Loss: 0.281857
2026-08-19 14:59: Train Epoch 12: 220/1641 Loss: 0.286041
2026-08-19 14:59: Train Epoch 12: 240/1641 Loss: 0.283067
2026-08-19 14:59: Train Epoch 12: 260/1641 Loss: 0.291019
2026-08-19 14:59: Train Epoch 12: 280/1641 Loss: 0.280587
2026-08-19 14:59: Train Epoch 12: 300/1641 Loss: 0.268600
2026-08-19 14:59: Train Epoch 12: 320/1641 Loss: 0.293470
2026-08-19 14:59: Train Epoch 12: 340/1641 Loss: 0.264496
2026-08-19 14:59: Train Epoch 12: 360/1641 Loss: 0.289677
2026-08-19 14:59: Train Epoch 12: 380/1641 Loss: 0.296597
2026-08-19 14:59: Train Epoch 12: 400/1641 Loss: 0.293352
2026-08-19 14:59: Train Epoch 12: 420/1641 Loss: 0.290730
2026-08-19 14:59: Train Epoch 12: 440/1641 Loss: 0.266315
2026-08-19 14:59: Train Epoch 12: 460/1641 Loss: 0.280220
2026-08-19 14:59: Train Epoch 12: 480/1641 Loss: 0.288880
2026-08-19 15:00: Train Epoch 12: 500/1641 Loss: 0.283334
2026-08-19 15:00: Train Epoch 12: 520/1641 Loss: 0.290646
2026-08-19 15:00: Train Epoch 12: 540/1641 Loss: 0.287361
2026-08-19 15:00: Train Epoch 12: 560/1641 Loss: 0.282913
2026-08-19 15:00: Train Epoch 12: 580/1641 Loss: 0.299481
2026-08-19 15:00: Train Epoch 12: 600/1641 Loss: 0.265642
2026-08-19 15:00: Train Epoch 12: 620/1641 Loss: 0.268426
2026-08-19 15:00: Train Epoch 12: 640/1641 Loss: 0.282847
2026-08-19 15:00: Train Epoch 12: 660/1641 Loss: 0.279882
2026-08-19 15:00: Train Epoch 12: 680/1641 Loss: 0.288158
2026-08-19 15:00: Train Epoch 12: 700/1641 Loss: 0.281248
2026-08-19 15:00: Train Epoch 12: 720/1641 Loss: 0.281879
2026-08-19 15:00: Train Epoch 12: 740/1641 Loss: 0.275571
2026-08-19 15:00: Train Epoch 12: 760/1641 Loss: 0.289359
2026-08-19 15:00: Train Epoch 12: 780/1641 Loss: 0.290687
2026-08-19 15:00: Train Epoch 12: 800/1641 Loss: 0.273202
2026-08-19 15:00: Train Epoch 12: 820/1641 Loss: 0.280195
2026-08-19 15:00: Train Epoch 12: 840/1641 Loss: 0.279237
2026-08-19 15:00: Train Epoch 12: 860/1641 Loss: 0.300419
2026-08-19 15:00: Train Epoch 12: 880/1641 Loss: 0.265634
2026-08-19 15:00: Train Epoch 12: 900/1641 Loss: 0.305244
2026-08-19 15:01: Train Epoch 12: 920/1641 Loss: 0.293293
2026-08-19 15:01: Train Epoch 12: 940/1641 Loss: 0.274364
2026-08-19 15:01: Train Epoch 12: 960/1641 Loss: 0.278713
2026-08-19 15:01: Train Epoch 12: 980/1641 Loss: 0.281579
2026-08-19 15:01: Train Epoch 12: 1000/1641 Loss: 0.292662
2026-08-19 15:01: Train Epoch 12: 1020/1641 Loss: 0.279661
2026-08-19 15:01: Train Epoch 12: 1040/1641 Loss: 0.284006
2026-08-19 15:01: Train Epoch 12: 1060/1641 Loss: 0.281097
2026-08-19 15:01: Train Epoch 12: 1080/1641 Loss: 0.287941
2026-08-19 15:01: Train Epoch 12: 1100/1641 Loss: 0.288800
2026-08-19 15:01: Train Epoch 12: 1120/1641 Loss: 0.278862
2026-08-19 15:01: Train Epoch 12: 1140/1641 Loss: 0.278340
2026-08-19 15:01: Train Epoch 12: 1160/1641 Loss: 0.294255
2026-08-19 15:01: Train Epoch 12: 1180/1641 Loss: 0.278713
2026-08-19 15:01: Train Epoch 12: 1200/1641 Loss: 0.281560
2026-08-19 15:01: Train Epoch 12: 1220/1641 Loss: 0.291423
2026-08-19 15:01: Train Epoch 12: 1240/1641 Loss: 0.292159
2026-08-19 15:01: Train Epoch 12: 1260/1641 Loss: 0.271687
2026-08-19 15:01: Train Epoch 12: 1280/1641 Loss: 0.266717
2026-08-19 15:01: Train Epoch 12: 1300/1641 Loss: 0.292118
2026-08-19 15:01: Train Epoch 12: 1320/1641 Loss: 0.297142
2026-08-19 15:02: Train Epoch 12: 1340/1641 Loss: 0.271455
2026-08-19 15:02: Train Epoch 12: 1360/1641 Loss: 0.272805
2026-08-19 15:02: Train Epoch 12: 1380/1641 Loss: 0.264967
2026-08-19 15:02: Train Epoch 12: 1400/1641 Loss: 0.289462
2026-08-19 15:02: Train Epoch 12: 1420/1641 Loss: 0.267518
2026-08-19 15:02: Train Epoch 12: 1440/1641 Loss: 0.290760
2026-08-19 15:02: Train Epoch 12: 1460/1641 Loss: 0.287581
2026-08-19 15:02: Train Epoch 12: 1480/1641 Loss: 0.279581
2026-08-19 15:02: Train Epoch 12: 1500/1641 Loss: 0.290800
2026-08-19 15:02: Train Epoch 12: 1520/1641 Loss: 0.317237
2026-08-19 15:02: Train Epoch 12: 1540/1641 Loss: 0.286177
2026-08-19 15:02: Train Epoch 12: 1560/1641 Loss: 0.266511
2026-08-19 15:02: Train Epoch 12: 1580/1641 Loss: 0.276313
2026-08-19 15:02: Train Epoch 12: 1600/1641 Loss: 0.268133
2026-08-19 15:02: Train Epoch 12: 1620/1641 Loss: 0.287308
2026-08-19 15:02: Train Epoch 12: 1640/1641 Loss: 0.285615
2026-08-19 15:02: **********Train Epoch 12: averaged Loss: 0.284186, tf_ratio: 0.095816
2026-08-19 15:03: **********Val Epoch 12: average Loss: 0.315301
2026-08-19 15:03: Train Epoch 13: 0/1641 Loss: 0.301903
2026-08-19 15:03: Train Epoch 13: 20/1641 Loss: 0.265613
2026-08-19 15:03: Train Epoch 13: 40/1641 Loss: 0.279302
2026-08-19 15:03: Train Epoch 13: 60/1641 Loss: 0.267457
2026-08-19 15:03: Train Epoch 13: 80/1641 Loss: 0.295600
2026-08-19 15:03: Train Epoch 13: 100/1641 Loss: 0.296013
2026-08-19 15:03: Train Epoch 13: 120/1641 Loss: 0.283304
2026-08-19 15:03: Train Epoch 13: 140/1641 Loss: 0.310176
2026-08-19 15:03: Train Epoch 13: 160/1641 Loss: 0.277513
2026-08-19 15:03: Train Epoch 13: 180/1641 Loss: 0.297093
2026-08-19 15:03: Train Epoch 13: 200/1641 Loss: 0.278396
2026-08-19 15:03: Train Epoch 13: 220/1641 Loss: 0.261546
2026-08-19 15:03: Train Epoch 13: 240/1641 Loss: 0.278917
2026-08-19 15:03: Train Epoch 13: 260/1641 Loss: 0.284811
2026-08-19 15:03: Train Epoch 13: 280/1641 Loss: 0.274009
2026-08-19 15:03: Train Epoch 13: 300/1641 Loss: 0.299357
2026-08-19 15:03: Train Epoch 13: 320/1641 Loss: 0.271639
2026-08-19 15:03: Train Epoch 13: 340/1641 Loss: 0.283100
2026-08-19 15:03: Train Epoch 13: 360/1641 Loss: 0.271243
2026-08-19 15:03: Train Epoch 13: 380/1641 Loss: 0.285420
2026-08-19 15:04: Train Epoch 13: 400/1641 Loss: 0.267830
2026-08-19 15:04: Train Epoch 13: 420/1641 Loss: 0.281650
2026-08-19 15:04: Train Epoch 13: 440/1641 Loss: 0.271103
2026-08-19 15:04: Train Epoch 13: 460/1641 Loss: 0.282982
2026-08-19 15:04: Train Epoch 13: 480/1641 Loss: 0.293857
2026-08-19 15:04: Train Epoch 13: 500/1641 Loss: 0.281563
2026-08-19 15:04: Train Epoch 13: 520/1641 Loss: 0.295145
2026-08-19 15:04: Train Epoch 13: 540/1641 Loss: 0.266353
2026-08-19 15:04: Train Epoch 13: 560/1641 Loss: 0.269919
2026-08-19 15:04: Train Epoch 13: 580/1641 Loss: 0.273481
2026-08-19 15:04: Train Epoch 13: 600/1641 Loss: 0.281788
2026-08-19 15:04: Train Epoch 13: 620/1641 Loss: 0.284801
2026-08-19 15:04: Train Epoch 13: 640/1641 Loss: 0.275299
2026-08-19 15:04: Train Epoch 13: 660/1641 Loss: 0.277185
2026-08-19 15:04: Train Epoch 13: 680/1641 Loss: 0.285862
2026-08-19 15:04: Train Epoch 13: 700/1641 Loss: 0.294304
2026-08-19 15:04: Train Epoch 13: 720/1641 Loss: 0.287012
2026-08-19 15:04: Train Epoch 13: 740/1641 Loss: 0.274559
2026-08-19 15:04: Train Epoch 13: 760/1641 Loss: 0.277242
2026-08-19 15:04: Train Epoch 13: 780/1641 Loss: 0.276154
2026-08-19 15:04: Train Epoch 13: 800/1641 Loss: 0.290959
2026-08-19 15:05: Train Epoch 13: 820/1641 Loss: 0.275839
2026-08-19 15:05: Train Epoch 13: 840/1641 Loss: 0.261577
2026-08-19 15:05: Train Epoch 13: 860/1641 Loss: 0.275019
2026-08-19 15:05: Train Epoch 13: 880/1641 Loss: 0.267520
2026-08-19 15:05: Train Epoch 13: 900/1641 Loss: 0.268177
2026-08-19 15:05: Train Epoch 13: 920/1641 Loss: 0.272902
2026-08-19 15:05: Train Epoch 13: 940/1641 Loss: 0.269056
2026-08-19 15:05: Train Epoch 13: 960/1641 Loss: 0.298512
2026-08-19 15:05: Train Epoch 13: 980/1641 Loss: 0.282677
2026-08-19 15:05: Train Epoch 13: 1000/1641 Loss: 0.272377
2026-08-19 15:05: Train Epoch 13: 1020/1641 Loss: 0.283584
2026-08-19 15:05: Train Epoch 13: 1040/1641 Loss: 0.272636
2026-08-19 15:05: Train Epoch 13: 1060/1641 Loss: 0.262465
2026-08-19 15:05: Train Epoch 13: 1080/1641 Loss: 0.279660
2026-08-19 15:05: Train Epoch 13: 1100/1641 Loss: 0.282600
2026-08-19 15:05: Train Epoch 13: 1120/1641 Loss: 0.292499
2026-08-19 15:05: Train Epoch 13: 1140/1641 Loss: 0.267431
2026-08-19 15:05: Train Epoch 13: 1160/1641 Loss: 0.262108
2026-08-19 15:05: Train Epoch 13: 1180/1641 Loss: 0.283922
2026-08-19 15:05: Train Epoch 13: 1200/1641 Loss: 0.275510
2026-08-19 15:05: Train Epoch 13: 1220/1641 Loss: 0.272879
2026-08-19 15:05: Train Epoch 13: 1240/1641 Loss: 0.265186
2026-08-19 15:06: Train Epoch 13: 1260/1641 Loss: 0.284947
2026-08-19 15:06: Train Epoch 13: 1280/1641 Loss: 0.272656
2026-08-19 15:06: Train Epoch 13: 1300/1641 Loss: 0.266222
2026-08-19 15:06: Train Epoch 13: 1320/1641 Loss: 0.274529
2026-08-19 15:06: Train Epoch 13: 1340/1641 Loss: 0.291353
2026-08-19 15:06: Train Epoch 13: 1360/1641 Loss: 0.297011
2026-08-19 15:06: Train Epoch 13: 1380/1641 Loss: 0.270178
2026-08-19 15:06: Train Epoch 13: 1400/1641 Loss: 0.271615
2026-08-19 15:06: Train Epoch 13: 1420/1641 Loss: 0.276023
2026-08-19 15:06: Train Epoch 13: 1440/1641 Loss: 0.270537
2026-08-19 15:06: Train Epoch 13: 1460/1641 Loss: 0.291922
2026-08-19 15:06: Train Epoch 13: 1480/1641 Loss: 0.255460
2026-08-19 15:06: Train Epoch 13: 1500/1641 Loss: 0.285715
2026-08-19 15:06: Train Epoch 13: 1520/1641 Loss: 0.265812
2026-08-19 15:06: Train Epoch 13: 1540/1641 Loss: 0.280313
2026-08-19 15:06: Train Epoch 13: 1560/1641 Loss: 0.284389
2026-08-19 15:06: Train Epoch 13: 1580/1641 Loss: 0.282739
2026-08-19 15:06: Train Epoch 13: 1600/1641 Loss: 0.288040
2026-08-19 15:06: Train Epoch 13: 1620/1641 Loss: 0.289151
2026-08-19 15:06: Train Epoch 13: 1640/1641 Loss: 0.261010
2026-08-19 15:06: **********Train Epoch 13: averaged Loss: 0.279967, tf_ratio: 0.044570
2026-08-19 15:07: **********Val Epoch 13: average Loss: 0.322984
2026-08-19 15:07: Train Epoch 14: 0/1641 Loss: 0.297591
2026-08-19 15:07: Train Epoch 14: 20/1641 Loss: 0.273248
2026-08-19 15:07: Train Epoch 14: 40/1641 Loss: 0.279112
2026-08-19 15:07: Train Epoch 14: 60/1641 Loss: 0.301406
2026-08-19 15:07: Train Epoch 14: 80/1641 Loss: 0.275199
2026-08-19 15:07: Train Epoch 14: 100/1641 Loss: 0.262426
2026-08-19 15:07: Train Epoch 14: 120/1641 Loss: 0.276219
2026-08-19 15:07: Train Epoch 14: 140/1641 Loss: 0.283775
2026-08-19 15:07: Train Epoch 14: 160/1641 Loss: 0.276630
2026-08-19 15:07: Train Epoch 14: 180/1641 Loss: 0.279141
2026-08-19 15:07: Train Epoch 14: 200/1641 Loss: 0.272792
2026-08-19 15:07: Train Epoch 14: 220/1641 Loss: 0.277373
2026-08-19 15:07: Train Epoch 14: 240/1641 Loss: 0.300630
2026-08-19 15:07: Train Epoch 14: 260/1641 Loss: 0.270990
2026-08-19 15:07: Train Epoch 14: 280/1641 Loss: 0.279460
2026-08-19 15:07: Train Epoch 14: 300/1641 Loss: 0.281413
2026-08-19 15:08: Train Epoch 14: 320/1641 Loss: 0.282932
2026-08-19 15:08: Train Epoch 14: 340/1641 Loss: 0.270611
2026-08-19 15:08: Train Epoch 14: 360/1641 Loss: 0.279219
2026-08-19 15:08: Train Epoch 14: 380/1641 Loss: 0.266448
2026-08-19 15:08: Train Epoch 14: 400/1641 Loss: 0.279318
2026-08-19 15:08: Train Epoch 14: 420/1641 Loss: 0.275021
2026-08-19 15:08: Train Epoch 14: 440/1641 Loss: 0.288231
2026-08-19 15:08: Train Epoch 14: 460/1641 Loss: 0.276203
2026-08-19 15:08: Train Epoch 14: 480/1641 Loss: 0.278320
2026-08-19 15:08: Train Epoch 14: 500/1641 Loss: 0.262238
2026-08-19 15:08: Train Epoch 14: 520/1641 Loss: 0.291799
2026-08-19 15:08: Train Epoch 14: 540/1641 Loss: 0.275984
2026-08-19 15:08: Train Epoch 14: 560/1641 Loss: 0.278930
2026-08-19 15:08: Train Epoch 14: 580/1641 Loss: 0.272764
2026-08-19 15:08: Train Epoch 14: 600/1641 Loss: 0.273765
2026-08-19 15:08: Train Epoch 14: 620/1641 Loss: 0.311268
2026-08-19 15:08: Train Epoch 14: 640/1641 Loss: 0.254396
2026-08-19 15:08: Train Epoch 14: 660/1641 Loss: 0.282933
2026-08-19 15:08: Train Epoch 14: 680/1641 Loss: 0.282777
2026-08-19 15:08: Train Epoch 14: 700/1641 Loss: 0.276090
2026-08-19 15:08: Train Epoch 14: 720/1641 Loss: 0.277875
2026-08-19 15:09: Train Epoch 14: 740/1641 Loss: 0.278996
2026-08-19 15:09: Train Epoch 14: 760/1641 Loss: 0.276560
2026-08-19 15:09: Train Epoch 14: 780/1641 Loss: 0.267372
2026-08-19 15:09: Train Epoch 14: 800/1641 Loss: 0.275840
2026-08-19 15:09: Train Epoch 14: 820/1641 Loss: 0.297075
2026-08-19 15:09: Train Epoch 14: 840/1641 Loss: 0.268154
2026-08-19 15:09: Train Epoch 14: 860/1641 Loss: 0.281038
2026-08-19 15:09: Train Epoch 14: 880/1641 Loss: 0.269128
2026-08-19 15:09: Train Epoch 14: 900/1641 Loss: 0.257704
2026-08-19 15:09: Train Epoch 14: 920/1641 Loss: 0.264424
2026-08-19 15:09: Train Epoch 14: 940/1641 Loss: 0.286445
2026-08-19 15:09: Train Epoch 14: 960/1641 Loss: 0.272018
2026-08-19 15:09: Train Epoch 14: 980/1641 Loss: 0.284212
2026-08-19 15:09: Train Epoch 14: 1000/1641 Loss: 0.257675
2026-08-19 15:09: Train Epoch 14: 1020/1641 Loss: 0.284519
2026-08-19 15:09: Train Epoch 14: 1040/1641 Loss: 0.286182
2026-08-19 15:09: Train Epoch 14: 1060/1641 Loss: 0.270203
2026-08-19 15:09: Train Epoch 14: 1080/1641 Loss: 0.267926
2026-08-19 15:09: Train Epoch 14: 1100/1641 Loss: 0.275330
2026-08-19 15:09: Train Epoch 14: 1120/1641 Loss: 0.282892
2026-08-19 15:09: Train Epoch 14: 1140/1641 Loss: 0.261234
2026-08-19 15:10: Train Epoch 14: 1160/1641 Loss: 0.274193
2026-08-19 15:10: Train Epoch 14: 1180/1641 Loss: 0.283027
2026-08-19 15:10: Train Epoch 14: 1200/1641 Loss: 0.287242
2026-08-19 15:10: Train Epoch 14: 1220/1641 Loss: 0.287992
2026-08-19 15:10: Train Epoch 14: 1240/1641 Loss: 0.267088
2026-08-19 15:10: Train Epoch 14: 1260/1641 Loss: 0.268197
2026-08-19 15:10: Train Epoch 14: 1280/1641 Loss: 0.291434
2026-08-19 15:10: Train Epoch 14: 1300/1641 Loss: 0.283130
2026-08-19 15:10: Train Epoch 14: 1320/1641 Loss: 0.266533
2026-08-19 15:10: Train Epoch 14: 1340/1641 Loss: 0.263065
2026-08-19 15:10: Train Epoch 14: 1360/1641 Loss: 0.285792
2026-08-19 15:10: Train Epoch 14: 1380/1641 Loss: 0.263593
2026-08-19 15:10: Train Epoch 14: 1400/1641 Loss: 0.263077
2026-08-19 15:10: Train Epoch 14: 1420/1641 Loss: 0.290348
2026-08-19 15:10: Train Epoch 14: 1440/1641 Loss: 0.269560
2026-08-19 15:10: Train Epoch 14: 1460/1641 Loss: 0.280285
2026-08-19 15:10: Train Epoch 14: 1480/1641 Loss: 0.269698
2026-08-19 15:10: Train Epoch 14: 1500/1641 Loss: 0.269196
2026-08-19 15:10: Train Epoch 14: 1520/1641 Loss: 0.298088
2026-08-19 15:10: Train Epoch 14: 1540/1641 Loss: 0.282457
2026-08-19 15:10: Train Epoch 14: 1560/1641 Loss: 0.264948
2026-08-19 15:10: Train Epoch 14: 1580/1641 Loss: 0.296178
2026-08-19 15:11: Train Epoch 14: 1600/1641 Loss: 0.268043
2026-08-19 15:11: Train Epoch 14: 1620/1641 Loss: 0.283237
2026-08-19 15:11: Train Epoch 14: 1640/1641 Loss: 0.252581
2026-08-19 15:11: **********Train Epoch 14: averaged Loss: 0.275420, tf_ratio: 0.020122
2026-08-19 15:11: **********Val Epoch 14: average Loss: 0.319978
2026-08-19 15:11: Train Epoch 15: 0/1641 Loss: 0.269900
2026-08-19 15:11: Train Epoch 15: 20/1641 Loss: 0.273561
2026-08-19 15:11: Train Epoch 15: 40/1641 Loss: 0.275296
2026-08-19 15:11: Train Epoch 15: 60/1641 Loss: 0.279831
2026-08-19 15:11: Train Epoch 15: 80/1641 Loss: 0.277812
2026-08-19 15:11: Train Epoch 15: 100/1641 Loss: 0.277137
2026-08-19 15:11: Train Epoch 15: 120/1641 Loss: 0.271527
2026-08-19 15:11: Train Epoch 15: 140/1641 Loss: 0.273498
2026-08-19 15:11: Train Epoch 15: 160/1641 Loss: 0.263023
2026-08-19 15:11: Train Epoch 15: 180/1641 Loss: 0.267833
2026-08-19 15:11: Train Epoch 15: 200/1641 Loss: 0.267055
2026-08-19 15:12: Train Epoch 15: 220/1641 Loss: 0.265293
2026-08-19 15:12: Train Epoch 15: 240/1641 Loss: 0.260718
2026-08-19 15:12: Train Epoch 15: 260/1641 Loss: 0.271362
2026-08-19 15:12: Train Epoch 15: 280/1641 Loss: 0.288437
2026-08-19 15:12: Train Epoch 15: 300/1641 Loss: 0.266268
2026-08-19 15:12: Train Epoch 15: 320/1641 Loss: 0.272593
2026-08-19 15:12: Train Epoch 15: 340/1641 Loss: 0.262601
2026-08-19 15:12: Train Epoch 15: 360/1641 Loss: 0.270923
2026-08-19 15:12: Train Epoch 15: 380/1641 Loss: 0.287795
2026-08-19 15:12: Train Epoch 15: 400/1641 Loss: 0.271079
2026-08-19 15:12: Train Epoch 15: 420/1641 Loss: 0.278414
2026-08-19 15:12: Train Epoch 15: 440/1641 Loss: 0.274547
2026-08-19 15:12: Train Epoch 15: 460/1641 Loss: 0.256535
2026-08-19 15:12: Train Epoch 15: 480/1641 Loss: 0.290087
2026-08-19 15:12: Train Epoch 15: 500/1641 Loss: 0.284129
2026-08-19 15:12: Train Epoch 15: 520/1641 Loss: 0.252454
2026-08-19 15:12: Train Epoch 15: 540/1641 Loss: 0.265471
2026-08-19 15:12: Train Epoch 15: 560/1641 Loss: 0.272098
2026-08-19 15:12: Train Epoch 15: 580/1641 Loss: 0.281139
2026-08-19 15:12: Train Epoch 15: 600/1641 Loss: 0.286518
2026-08-19 15:12: Train Epoch 15: 620/1641 Loss: 0.272613
2026-08-19 15:13: Train Epoch 15: 640/1641 Loss: 0.275939
2026-08-19 15:13: Train Epoch 15: 660/1641 Loss: 0.268549
2026-08-19 15:13: Train Epoch 15: 680/1641 Loss: 0.289221
2026-08-19 15:13: Train Epoch 15: 700/1641 Loss: 0.286901
2026-08-19 15:13: Train Epoch 15: 720/1641 Loss: 0.253826
2026-08-19 15:13: Train Epoch 15: 740/1641 Loss: 0.277693
2026-08-19 15:13: Train Epoch 15: 760/1641 Loss: 0.258676
2026-08-19 15:13: Train Epoch 15: 780/1641 Loss: 0.266645
2026-08-19 15:13: Train Epoch 15: 800/1641 Loss: 0.262765
2026-08-19 15:13: Train Epoch 15: 820/1641 Loss: 0.297247
2026-08-19 15:13: Train Epoch 15: 840/1641 Loss: 0.269510
2026-08-19 15:13: Train Epoch 15: 860/1641 Loss: 0.249923
2026-08-19 15:13: Train Epoch 15: 880/1641 Loss: 0.261973
2026-08-19 15:13: Train Epoch 15: 900/1641 Loss: 0.287293
2026-08-19 15:13: Train Epoch 15: 920/1641 Loss: 0.259092
2026-08-19 15:13: Train Epoch 15: 940/1641 Loss: 0.283893
2026-08-19 15:13: Train Epoch 15: 960/1641 Loss: 0.269547
2026-08-19 15:13: Train Epoch 15: 980/1641 Loss: 0.278185
2026-08-19 15:13: Train Epoch 15: 1000/1641 Loss: 0.285675
2026-08-19 15:13: Train Epoch 15: 1020/1641 Loss: 0.263883
2026-08-19 15:13: Train Epoch 15: 1040/1641 Loss: 0.266428
2026-08-19 15:14: Train Epoch 15: 1060/1641 Loss: 0.283015
2026-08-19 15:14: Train Epoch 15: 1080/1641 Loss: 0.267367
2026-08-19 15:14: Train Epoch 15: 1100/1641 Loss: 0.270587
2026-08-19 15:14: Train Epoch 15: 1120/1641 Loss: 0.265061
2026-08-19 15:14: Train Epoch 15: 1140/1641 Loss: 0.282730
2026-08-19 15:14: Train Epoch 15: 1160/1641 Loss: 0.269783
2026-08-19 15:14: Train Epoch 15: 1180/1641 Loss: 0.267503
2026-08-19 15:14: Train Epoch 15: 1200/1641 Loss: 0.255674
2026-08-19 15:14: Train Epoch 15: 1220/1641 Loss: 0.269168
2026-08-19 15:14: Train Epoch 15: 1240/1641 Loss: 0.271110
2026-08-19 15:14: Train Epoch 15: 1260/1641 Loss: 0.255829
2026-08-19 15:14: Train Epoch 15: 1280/1641 Loss: 0.245892
2026-08-19 15:14: Train Epoch 15: 1300/1641 Loss: 0.274920
2026-08-19 15:14: Train Epoch 15: 1320/1641 Loss: 0.262002
2026-08-19 15:14: Train Epoch 15: 1340/1641 Loss: 0.280634
2026-08-19 15:14: Train Epoch 15: 1360/1641 Loss: 0.282534
2026-08-19 15:14: Train Epoch 15: 1380/1641 Loss: 0.272547
2026-08-19 15:14: Train Epoch 15: 1400/1641 Loss: 0.265014
2026-08-19 15:14: Train Epoch 15: 1420/1641 Loss: 0.280927
2026-08-19 15:14: Train Epoch 15: 1440/1641 Loss: 0.269507
2026-08-19 15:14: Train Epoch 15: 1460/1641 Loss: 0.274143
2026-08-19 15:15: Train Epoch 15: 1480/1641 Loss: 0.272444
2026-08-19 15:15: Train Epoch 15: 1500/1641 Loss: 0.269987
2026-08-19 15:15: Train Epoch 15: 1520/1641 Loss: 0.258655
2026-08-19 15:15: Train Epoch 15: 1540/1641 Loss: 0.280760
2026-08-19 15:15: Train Epoch 15: 1560/1641 Loss: 0.244827
2026-08-19 15:15: Train Epoch 15: 1580/1641 Loss: 0.273060
2026-08-19 15:15: Train Epoch 15: 1600/1641 Loss: 0.266716
2026-08-19 15:15: Train Epoch 15: 1620/1641 Loss: 0.273156
2026-08-19 15:15: Train Epoch 15: 1640/1641 Loss: 0.278792
2026-08-19 15:15: **********Train Epoch 15: averaged Loss: 0.270879, tf_ratio: 0.008959
2026-08-19 15:15: **********Val Epoch 15: average Loss: 0.316689
2026-08-19 15:15: Train Epoch 16: 0/1641 Loss: 0.249501
2026-08-19 15:15: Train Epoch 16: 20/1641 Loss: 0.271721
2026-08-19 15:15: Train Epoch 16: 40/1641 Loss: 0.276915
2026-08-19 15:15: Train Epoch 16: 60/1641 Loss: 0.277878
2026-08-19 15:15: Train Epoch 16: 80/1641 Loss: 0.259001
2026-08-19 15:16: Train Epoch 16: 100/1641 Loss: 0.260212
2026-08-19 15:16: Train Epoch 16: 120/1641 Loss: 0.283043
2026-08-19 15:16: Train Epoch 16: 140/1641 Loss: 0.271719
2026-08-19 15:16: Train Epoch 16: 160/1641 Loss: 0.251595
2026-08-19 15:16: Train Epoch 16: 180/1641 Loss: 0.269577
2026-08-19 15:16: Train Epoch 16: 200/1641 Loss: 0.273699
2026-08-19 15:16: Train Epoch 16: 220/1641 Loss: 0.277382
2026-08-19 15:16: Train Epoch 16: 240/1641 Loss: 0.269867
2026-08-19 15:16: Train Epoch 16: 260/1641 Loss: 0.279329
2026-08-19 15:16: Train Epoch 16: 280/1641 Loss: 0.295148
2026-08-19 15:16: Train Epoch 16: 300/1641 Loss: 0.245968
2026-08-19 15:16: Train Epoch 16: 320/1641 Loss: 0.279593
2026-08-19 15:16: Train Epoch 16: 340/1641 Loss: 0.260020
2026-08-19 15:16: Train Epoch 16: 360/1641 Loss: 0.267060
2026-08-19 15:16: Train Epoch 16: 380/1641 Loss: 0.278405
2026-08-19 15:16: Train Epoch 16: 400/1641 Loss: 0.285164
2026-08-19 15:16: Train Epoch 16: 420/1641 Loss: 0.258794
2026-08-19 15:16: Train Epoch 16: 440/1641 Loss: 0.264172
2026-08-19 15:16: Train Epoch 16: 460/1641 Loss: 0.265856
2026-08-19 15:16: Train Epoch 16: 480/1641 Loss: 0.271873
2026-08-19 15:16: Train Epoch 16: 500/1641 Loss: 0.272052
2026-08-19 15:16: Train Epoch 16: 520/1641 Loss: 0.273948
2026-08-19 15:17: Train Epoch 16: 540/1641 Loss: 0.257915
2026-08-19 15:17: Train Epoch 16: 560/1641 Loss: 0.275402
2026-08-19 15:17: Train Epoch 16: 580/1641 Loss: 0.265657
2026-08-19 15:17: Train Epoch 16: 600/1641 Loss: 0.269386
2026-08-19 15:17: Train Epoch 16: 620/1641 Loss: 0.255047
2026-08-19 15:17: Train Epoch 16: 640/1641 Loss: 0.258727
2026-08-19 15:17: Train Epoch 16: 660/1641 Loss: 0.264781
2026-08-19 15:17: Train Epoch 16: 680/1641 Loss: 0.264176
2026-08-19 15:17: Train Epoch 16: 700/1641 Loss: 0.271137
2026-08-19 15:17: Train Epoch 16: 720/1641 Loss: 0.264234
2026-08-19 15:17: Train Epoch 16: 740/1641 Loss: 0.273499
2026-08-19 15:17: Train Epoch 16: 760/1641 Loss: 0.280130
2026-08-19 15:17: Train Epoch 16: 780/1641 Loss: 0.262277
2026-08-19 15:17: Train Epoch 16: 800/1641 Loss: 0.278173
2026-08-19 15:17: Train Epoch 16: 820/1641 Loss: 0.289538
2026-08-19 15:17: Train Epoch 16: 840/1641 Loss: 0.264047
2026-08-19 15:17: Train Epoch 16: 860/1641 Loss: 0.261291
2026-08-19 15:17: Train Epoch 16: 880/1641 Loss: 0.259817
2026-08-19 15:17: Train Epoch 16: 900/1641 Loss: 0.248853
2026-08-19 15:17: Train Epoch 16: 920/1641 Loss: 0.265422
2026-08-19 15:17: Train Epoch 16: 940/1641 Loss: 0.273323
2026-08-19 15:18: Train Epoch 16: 960/1641 Loss: 0.261256
2026-08-19 15:18: Train Epoch 16: 980/1641 Loss: 0.255069
2026-08-19 15:18: Train Epoch 16: 1000/1641 Loss: 0.254985
2026-08-19 15:18: Train Epoch 16: 1020/1641 Loss: 0.268601
2026-08-19 15:18: Train Epoch 16: 1040/1641 Loss: 0.255986
2026-08-19 15:18: Train Epoch 16: 1060/1641 Loss: 0.264428
2026-08-19 15:18: Train Epoch 16: 1080/1641 Loss: 0.280237
2026-08-19 15:18: Train Epoch 16: 1100/1641 Loss: 0.267429
2026-08-19 15:18: Train Epoch 16: 1120/1641 Loss: 0.261380
2026-08-19 15:18: Train Epoch 16: 1140/1641 Loss: 0.279705
2026-08-19 15:18: Train Epoch 16: 1160/1641 Loss: 0.261619
2026-08-19 15:18: Train Epoch 16: 1180/1641 Loss: 0.247721
2026-08-19 15:18: Train Epoch 16: 1200/1641 Loss: 0.286914
2026-08-19 15:18: Train Epoch 16: 1220/1641 Loss: 0.274673
2026-08-19 15:18: Train Epoch 16: 1240/1641 Loss: 0.252587
2026-08-19 15:18: Train Epoch 16: 1260/1641 Loss: 0.261800
2026-08-19 15:18: Train Epoch 16: 1280/1641 Loss: 0.278248
2026-08-19 15:18: Train Epoch 16: 1300/1641 Loss: 0.261275
2026-08-19 15:18: Train Epoch 16: 1320/1641 Loss: 0.250056
2026-08-19 15:18: Train Epoch 16: 1340/1641 Loss: 0.270018
2026-08-19 15:18: Train Epoch 16: 1360/1641 Loss: 0.281429
2026-08-19 15:19: Train Epoch 16: 1380/1641 Loss: 0.263932
2026-08-19 15:19: Train Epoch 16: 1400/1641 Loss: 0.268466
2026-08-19 15:19: Train Epoch 16: 1420/1641 Loss: 0.276281
2026-08-19 15:19: Train Epoch 16: 1440/1641 Loss: 0.265279
2026-08-19 15:19: Train Epoch 16: 1460/1641 Loss: 0.267818
2026-08-19 15:19: Train Epoch 16: 1480/1641 Loss: 0.270724
2026-08-19 15:19: Train Epoch 16: 1500/1641 Loss: 0.246678
2026-08-19 15:19: Train Epoch 16: 1520/1641 Loss: 0.261475
2026-08-19 15:19: Train Epoch 16: 1540/1641 Loss: 0.284522
2026-08-19 15:19: Train Epoch 16: 1560/1641 Loss: 0.266325
2026-08-19 15:19: Train Epoch 16: 1580/1641 Loss: 0.245520
2026-08-19 15:19: Train Epoch 16: 1600/1641 Loss: 0.265613
2026-08-19 15:19: Train Epoch 16: 1620/1641 Loss: 0.265642
2026-08-19 15:19: Train Epoch 16: 1640/1641 Loss: 0.263136
2026-08-19 15:19: **********Train Epoch 16: averaged Loss: 0.266503, tf_ratio: 0.003964
2026-08-19 15:19: **********Val Epoch 16: average Loss: 0.317657
2026-08-19 15:19: Train Epoch 17: 0/1641 Loss: 0.255618
2026-08-19 15:20: Train Epoch 17: 20/1641 Loss: 0.259636
2026-08-19 15:20: Train Epoch 17: 40/1641 Loss: 0.265662
2026-08-19 15:20: Train Epoch 17: 60/1641 Loss: 0.264982
2026-08-19 15:20: Train Epoch 17: 80/1641 Loss: 0.252754
2026-08-19 15:20: Train Epoch 17: 100/1641 Loss: 0.288767
2026-08-19 15:20: Train Epoch 17: 120/1641 Loss: 0.259360
2026-08-19 15:20: Train Epoch 17: 140/1641 Loss: 0.259407
2026-08-19 15:20: Train Epoch 17: 160/1641 Loss: 0.241898
2026-08-19 15:20: Train Epoch 17: 180/1641 Loss: 0.266253
2026-08-19 15:20: Train Epoch 17: 200/1641 Loss: 0.273986
2026-08-19 15:20: Train Epoch 17: 220/1641 Loss: 0.273860
2026-08-19 15:20: Train Epoch 17: 240/1641 Loss: 0.258808
2026-08-19 15:20: Train Epoch 17: 260/1641 Loss: 0.273237
2026-08-19 15:20: Train Epoch 17: 280/1641 Loss: 0.249626
2026-08-19 15:20: Train Epoch 17: 300/1641 Loss: 0.277500
2026-08-19 15:20: Train Epoch 17: 320/1641 Loss: 0.268450
2026-08-19 15:20: Train Epoch 17: 340/1641 Loss: 0.267944
2026-08-19 15:20: Train Epoch 17: 360/1641 Loss: 0.257429
2026-08-19 15:20: Train Epoch 17: 380/1641 Loss: 0.285258
2026-08-19 15:20: Train Epoch 17: 400/1641 Loss: 0.262163
2026-08-19 15:20: Train Epoch 17: 420/1641 Loss: 0.273442
2026-08-19 15:21: Train Epoch 17: 440/1641 Loss: 0.261058
2026-08-19 15:21: Train Epoch 17: 460/1641 Loss: 0.273178
2026-08-19 15:21: Train Epoch 17: 480/1641 Loss: 0.263810
2026-08-19 15:21: Train Epoch 17: 500/1641 Loss: 0.244309
2026-08-19 15:21: Train Epoch 17: 520/1641 Loss: 0.278144
2026-08-19 15:21: Train Epoch 17: 540/1641 Loss: 0.260868
2026-08-19 15:21: Train Epoch 17: 560/1641 Loss: 0.275745
2026-08-19 15:21: Train Epoch 17: 580/1641 Loss: 0.261308
2026-08-19 15:21: Train Epoch 17: 600/1641 Loss: 0.232059
2026-08-19 15:21: Train Epoch 17: 620/1641 Loss: 0.251827
2026-08-19 15:21: Train Epoch 17: 640/1641 Loss: 0.269688
2026-08-19 15:21: Train Epoch 17: 660/1641 Loss: 0.265503
2026-08-19 15:21: Train Epoch 17: 680/1641 Loss: 0.244451
2026-08-19 15:21: Train Epoch 17: 700/1641 Loss: 0.269041
2026-08-19 15:21: Train Epoch 17: 720/1641 Loss: 0.250528
2026-08-19 15:21: Train Epoch 17: 740/1641 Loss: 0.263160
2026-08-19 15:21: Train Epoch 17: 760/1641 Loss: 0.252518
2026-08-19 15:21: Train Epoch 17: 780/1641 Loss: 0.262699
2026-08-19 15:21: Train Epoch 17: 800/1641 Loss: 0.270064
2026-08-19 15:21: Train Epoch 17: 820/1641 Loss: 0.277528
2026-08-19 15:21: Train Epoch 17: 840/1641 Loss: 0.271083
2026-08-19 15:22: Train Epoch 17: 860/1641 Loss: 0.253039
2026-08-19 15:22: Train Epoch 17: 880/1641 Loss: 0.247755
2026-08-19 15:22: Train Epoch 17: 900/1641 Loss: 0.273227
2026-08-19 15:22: Train Epoch 17: 920/1641 Loss: 0.256348
2026-08-19 15:22: Train Epoch 17: 940/1641 Loss: 0.276049
2026-08-19 15:22: Train Epoch 17: 960/1641 Loss: 0.266452
2026-08-19 15:22: Train Epoch 17: 980/1641 Loss: 0.263921
2026-08-19 15:22: Train Epoch 17: 1000/1641 Loss: 0.258543
2026-08-19 15:22: Train Epoch 17: 1020/1641 Loss: 0.265617
2026-08-19 15:22: Train Epoch 17: 1040/1641 Loss: 0.273248
2026-08-19 15:22: Train Epoch 17: 1060/1641 Loss: 0.272096
2026-08-19 15:22: Train Epoch 17: 1080/1641 Loss: 0.264099
2026-08-19 15:22: Train Epoch 17: 1100/1641 Loss: 0.282495
2026-08-19 15:22: Train Epoch 17: 1120/1641 Loss: 0.254317
2026-08-19 15:22: Train Epoch 17: 1140/1641 Loss: 0.272876
2026-08-19 15:22: Train Epoch 17: 1160/1641 Loss: 0.264059
2026-08-19 15:22: Train Epoch 17: 1180/1641 Loss: 0.272262
2026-08-19 15:22: Train Epoch 17: 1200/1641 Loss: 0.273652
2026-08-19 15:22: Train Epoch 17: 1220/1641 Loss: 0.284652
2026-08-19 15:22: Train Epoch 17: 1240/1641 Loss: 0.260688
2026-08-19 15:22: Train Epoch 17: 1260/1641 Loss: 0.271574
2026-08-19 15:22: Train Epoch 17: 1280/1641 Loss: 0.249286
2026-08-19 15:23: Train Epoch 17: 1300/1641 Loss: 0.258888
2026-08-19 15:23: Train Epoch 17: 1320/1641 Loss: 0.263179
2026-08-19 15:23: Train Epoch 17: 1340/1641 Loss: 0.267830
2026-08-19 15:23: Train Epoch 17: 1360/1641 Loss: 0.250113
2026-08-19 15:23: Train Epoch 17: 1380/1641 Loss: 0.271944
2026-08-19 15:23: Train Epoch 17: 1400/1641 Loss: 0.258393
2026-08-19 15:23: Train Epoch 17: 1420/1641 Loss: 0.254849
2026-08-19 15:23: Train Epoch 17: 1440/1641 Loss: 0.256229
2026-08-19 15:23: Train Epoch 17: 1460/1641 Loss: 0.260512
2026-08-19 15:23: Train Epoch 17: 1480/1641 Loss: 0.274153
2026-08-19 15:23: Train Epoch 17: 1500/1641 Loss: 0.285576
2026-08-19 15:23: Train Epoch 17: 1520/1641 Loss: 0.263445
2026-08-19 15:23: Train Epoch 17: 1540/1641 Loss: 0.251674
2026-08-19 15:23: Train Epoch 17: 1560/1641 Loss: 0.263621
2026-08-19 15:23: Train Epoch 17: 1580/1641 Loss: 0.269227
2026-08-19 15:23: Train Epoch 17: 1600/1641 Loss: 0.249394
2026-08-19 15:23: Train Epoch 17: 1620/1641 Loss: 0.248589
2026-08-19 15:23: Train Epoch 17: 1640/1641 Loss: 0.263290
2026-08-19 15:23: **********Train Epoch 17: averaged Loss: 0.262050, tf_ratio: 0.001749
2026-08-19 15:24: **********Val Epoch 17: average Loss: 0.321148
2026-08-19 15:24: Train Epoch 18: 0/1641 Loss: 0.267016
2026-08-19 15:24: Train Epoch 18: 20/1641 Loss: 0.242947
2026-08-19 15:24: Train Epoch 18: 40/1641 Loss: 0.259643
2026-08-19 15:24: Train Epoch 18: 60/1641 Loss: 0.257267
2026-08-19 15:24: Train Epoch 18: 80/1641 Loss: 0.248808
2026-08-19 15:24: Train Epoch 18: 100/1641 Loss: 0.268048
2026-08-19 15:24: Train Epoch 18: 120/1641 Loss: 0.244985
2026-08-19 15:24: Train Epoch 18: 140/1641 Loss: 0.236033
2026-08-19 15:24: Train Epoch 18: 160/1641 Loss: 0.266587
2026-08-19 15:24: Train Epoch 18: 180/1641 Loss: 0.246676
2026-08-19 15:24: Train Epoch 18: 200/1641 Loss: 0.263697
2026-08-19 15:24: Train Epoch 18: 220/1641 Loss: 0.265846
2026-08-19 15:24: Train Epoch 18: 240/1641 Loss: 0.277435
2026-08-19 15:24: Train Epoch 18: 260/1641 Loss: 0.251526
2026-08-19 15:24: Train Epoch 18: 280/1641 Loss: 0.248766
2026-08-19 15:24: Train Epoch 18: 300/1641 Loss: 0.249269
2026-08-19 15:24: Train Epoch 18: 320/1641 Loss: 0.247749
2026-08-19 15:25: Train Epoch 18: 340/1641 Loss: 0.257317
2026-08-19 15:25: Train Epoch 18: 360/1641 Loss: 0.252635
2026-08-19 15:25: Train Epoch 18: 380/1641 Loss: 0.249601
2026-08-19 15:25: Train Epoch 18: 400/1641 Loss: 0.273127
2026-08-19 15:25: Train Epoch 18: 420/1641 Loss: 0.258262
2026-08-19 15:25: Train Epoch 18: 440/1641 Loss: 0.239638
2026-08-19 15:25: Train Epoch 18: 460/1641 Loss: 0.261617
2026-08-19 15:25: Train Epoch 18: 480/1641 Loss: 0.261493
2026-08-19 15:25: Train Epoch 18: 500/1641 Loss: 0.251384
2026-08-19 15:25: Train Epoch 18: 520/1641 Loss: 0.257250
2026-08-19 15:25: Train Epoch 18: 540/1641 Loss: 0.253576
2026-08-19 15:25: Train Epoch 18: 560/1641 Loss: 0.261565
2026-08-19 15:25: Train Epoch 18: 580/1641 Loss: 0.251786
2026-08-19 15:25: Train Epoch 18: 600/1641 Loss: 0.262233
2026-08-19 15:25: Train Epoch 18: 620/1641 Loss: 0.274750
2026-08-19 15:25: Train Epoch 18: 640/1641 Loss: 0.262492
2026-08-19 15:25: Train Epoch 18: 660/1641 Loss: 0.257334
2026-08-19 15:25: Train Epoch 18: 680/1641 Loss: 0.254495
2026-08-19 15:25: Train Epoch 18: 700/1641 Loss: 0.252972
2026-08-19 15:25: Train Epoch 18: 720/1641 Loss: 0.273712
2026-08-19 15:25: Train Epoch 18: 740/1641 Loss: 0.281742
2026-08-19 15:26: Train Epoch 18: 760/1641 Loss: 0.256379
2026-08-19 15:26: Train Epoch 18: 780/1641 Loss: 0.259058
2026-08-19 15:26: Train Epoch 18: 800/1641 Loss: 0.245656
2026-08-19 15:26: Train Epoch 18: 820/1641 Loss: 0.248573
2026-08-19 15:26: Train Epoch 18: 840/1641 Loss: 0.266540
2026-08-19 15:26: Train Epoch 18: 860/1641 Loss: 0.258596
2026-08-19 15:26: Train Epoch 18: 880/1641 Loss: 0.264551
2026-08-19 15:26: Train Epoch 18: 900/1641 Loss: 0.253216
2026-08-19 15:26: Train Epoch 18: 920/1641 Loss: 0.253746
2026-08-19 15:26: Train Epoch 18: 940/1641 Loss: 0.246302
2026-08-19 15:26: Train Epoch 18: 960/1641 Loss: 0.257725
2026-08-19 15:26: Train Epoch 18: 980/1641 Loss: 0.266114
2026-08-19 15:26: Train Epoch 18: 1000/1641 Loss: 0.256665
2026-08-19 15:26: Train Epoch 18: 1020/1641 Loss: 0.258014
2026-08-19 15:26: Train Epoch 18: 1040/1641 Loss: 0.257768
2026-08-19 15:26: Train Epoch 18: 1060/1641 Loss: 0.241992
2026-08-19 15:26: Train Epoch 18: 1080/1641 Loss: 0.252070
2026-08-19 15:26: Train Epoch 18: 1100/1641 Loss: 0.265058
2026-08-19 15:26: Train Epoch 18: 1120/1641 Loss: 0.255241
2026-08-19 15:26: Train Epoch 18: 1140/1641 Loss: 0.259373
2026-08-19 15:26: Train Epoch 18: 1160/1641 Loss: 0.254491
2026-08-19 15:26: Train Epoch 18: 1180/1641 Loss: 0.259980
2026-08-19 15:27: Train Epoch 18: 1200/1641 Loss: 0.254348
2026-08-19 15:27: Train Epoch 18: 1220/1641 Loss: 0.242261
2026-08-19 15:27: Train Epoch 18: 1240/1641 Loss: 0.249792
2026-08-19 15:27: Train Epoch 18: 1260/1641 Loss: 0.247115
2026-08-19 15:27: Train Epoch 18: 1280/1641 Loss: 0.252119
2026-08-19 15:27: Train Epoch 18: 1300/1641 Loss: 0.249465
2026-08-19 15:27: Train Epoch 18: 1320/1641 Loss: 0.259693
2026-08-19 15:27: Train Epoch 18: 1340/1641 Loss: 0.259174
2026-08-19 15:27: Train Epoch 18: 1360/1641 Loss: 0.250210
2026-08-19 15:27: Train Epoch 18: 1380/1641 Loss: 0.263238
2026-08-19 15:27: Train Epoch 18: 1400/1641 Loss: 0.244244
2026-08-19 15:27: Train Epoch 18: 1420/1641 Loss: 0.261453
2026-08-19 15:27: Train Epoch 18: 1440/1641 Loss: 0.260435
2026-08-19 15:27: Train Epoch 18: 1460/1641 Loss: 0.269774
2026-08-19 15:27: Train Epoch 18: 1480/1641 Loss: 0.269875
2026-08-19 15:27: Train Epoch 18: 1500/1641 Loss: 0.268130
2026-08-19 15:27: Train Epoch 18: 1520/1641 Loss: 0.272416
2026-08-19 15:27: Train Epoch 18: 1540/1641 Loss: 0.275968
2026-08-19 15:27: Train Epoch 18: 1560/1641 Loss: 0.244643
2026-08-19 15:27: Train Epoch 18: 1580/1641 Loss: 0.262680
2026-08-19 15:27: Train Epoch 18: 1600/1641 Loss: 0.272949
2026-08-19 15:28: Train Epoch 18: 1620/1641 Loss: 0.254550
2026-08-19 15:28: Train Epoch 18: 1640/1641 Loss: 0.265408
2026-08-19 15:28: **********Train Epoch 18: averaged Loss: 0.258000, tf_ratio: 0.000771
2026-08-19 15:28: **********Val Epoch 18: average Loss: 0.319079
2026-08-19 15:28: Train Epoch 19: 0/1641 Loss: 0.250481
2026-08-19 15:28: Train Epoch 19: 20/1641 Loss: 0.262260
2026-08-19 15:28: Train Epoch 19: 40/1641 Loss: 0.250201
2026-08-19 15:28: Train Epoch 19: 60/1641 Loss: 0.250590
2026-08-19 15:28: Train Epoch 19: 80/1641 Loss: 0.252406
2026-08-19 15:28: Train Epoch 19: 100/1641 Loss: 0.233999
2026-08-19 15:28: Train Epoch 19: 120/1641 Loss: 0.262481
2026-08-19 15:28: Train Epoch 19: 140/1641 Loss: 0.247072
2026-08-19 15:28: Train Epoch 19: 160/1641 Loss: 0.248048
2026-08-19 15:28: Train Epoch 19: 180/1641 Loss: 0.261982
2026-08-19 15:28: Train Epoch 19: 200/1641 Loss: 0.248381
2026-08-19 15:28: Train Epoch 19: 220/1641 Loss: 0.256229
2026-08-19 15:29: Train Epoch 19: 240/1641 Loss: 0.253886
2026-08-19 15:29: Train Epoch 19: 260/1641 Loss: 0.265666
2026-08-19 15:29: Train Epoch 19: 280/1641 Loss: 0.251458
2026-08-19 15:29: Train Epoch 19: 300/1641 Loss: 0.255199
2026-08-19 15:29: Train Epoch 19: 320/1641 Loss: 0.245767
2026-08-19 15:29: Train Epoch 19: 340/1641 Loss: 0.247747
2026-08-19 15:29: Train Epoch 19: 360/1641 Loss: 0.250942
2026-08-19 15:29: Train Epoch 19: 380/1641 Loss: 0.237364
2026-08-19 15:29: Train Epoch 19: 400/1641 Loss: 0.258641
2026-08-19 15:29: Train Epoch 19: 420/1641 Loss: 0.237228
2026-08-19 15:29: Train Epoch 19: 440/1641 Loss: 0.261276
2026-08-19 15:29: Train Epoch 19: 460/1641 Loss: 0.249902
2026-08-19 15:29: Train Epoch 19: 480/1641 Loss: 0.260629
2026-08-19 15:29: Train Epoch 19: 500/1641 Loss: 0.237360
2026-08-19 15:29: Train Epoch 19: 520/1641 Loss: 0.256614
2026-08-19 15:29: Train Epoch 19: 540/1641 Loss: 0.274190
2026-08-19 15:29: Train Epoch 19: 560/1641 Loss: 0.247340
2026-08-19 15:29: Train Epoch 19: 580/1641 Loss: 0.257017
2026-08-19 15:29: Train Epoch 19: 600/1641 Loss: 0.250962
2026-08-19 15:29: Train Epoch 19: 620/1641 Loss: 0.255197
2026-08-19 15:29: Train Epoch 19: 640/1641 Loss: 0.257608
2026-08-19 15:29: Train Epoch 19: 660/1641 Loss: 0.259415
2026-08-19 15:30: Train Epoch 19: 680/1641 Loss: 0.246579
2026-08-19 15:30: Train Epoch 19: 700/1641 Loss: 0.250837
2026-08-19 15:30: Train Epoch 19: 720/1641 Loss: 0.270173
2026-08-19 15:30: Train Epoch 19: 740/1641 Loss: 0.238971
2026-08-19 15:30: Train Epoch 19: 760/1641 Loss: 0.247358
2026-08-19 15:30: Train Epoch 19: 780/1641 Loss: 0.251393
2026-08-19 15:30: Train Epoch 19: 800/1641 Loss: 0.240085
2026-08-19 15:30: Train Epoch 19: 820/1641 Loss: 0.274911
2026-08-19 15:30: Train Epoch 19: 840/1641 Loss: 0.263568
2026-08-19 15:30: Train Epoch 19: 860/1641 Loss: 0.237060
2026-08-19 15:30: Train Epoch 19: 880/1641 Loss: 0.260893
2026-08-19 15:30: Train Epoch 19: 900/1641 Loss: 0.237930
2026-08-19 15:30: Train Epoch 19: 920/1641 Loss: 0.258685
2026-08-19 15:30: Train Epoch 19: 940/1641 Loss: 0.249814
2026-08-19 15:30: Train Epoch 19: 960/1641 Loss: 0.275433
2026-08-19 15:30: Train Epoch 19: 980/1641 Loss: 0.233746
2026-08-19 15:30: Train Epoch 19: 1000/1641 Loss: 0.233008
2026-08-19 15:30: Train Epoch 19: 1020/1641 Loss: 0.257406
2026-08-19 15:30: Train Epoch 19: 1040/1641 Loss: 0.254701
2026-08-19 15:30: Train Epoch 19: 1060/1641 Loss: 0.261916
2026-08-19 15:30: Train Epoch 19: 1080/1641 Loss: 0.249853
2026-08-19 15:30: Train Epoch 19: 1100/1641 Loss: 0.256262
2026-08-19 15:31: Train Epoch 19: 1120/1641 Loss: 0.253187
2026-08-19 15:31: Train Epoch 19: 1140/1641 Loss: 0.257545
2026-08-19 15:31: Train Epoch 19: 1160/1641 Loss: 0.237308
2026-08-19 15:31: Train Epoch 19: 1180/1641 Loss: 0.251454
2026-08-19 15:31: Train Epoch 19: 1200/1641 Loss: 0.265226
2026-08-19 15:31: Train Epoch 19: 1220/1641 Loss: 0.262360
2026-08-19 15:31: Train Epoch 19: 1240/1641 Loss: 0.267426
2026-08-19 15:31: Train Epoch 19: 1260/1641 Loss: 0.246684
2026-08-19 15:31: Train Epoch 19: 1280/1641 Loss: 0.234403
2026-08-19 15:31: Train Epoch 19: 1300/1641 Loss: 0.255953
2026-08-19 15:31: Train Epoch 19: 1320/1641 Loss: 0.239562
2026-08-19 15:31: Train Epoch 19: 1340/1641 Loss: 0.247116
2026-08-19 15:31: Train Epoch 19: 1360/1641 Loss: 0.261438
2026-08-19 15:31: Train Epoch 19: 1380/1641 Loss: 0.254968
2026-08-19 15:31: Train Epoch 19: 1400/1641 Loss: 0.250449
2026-08-19 15:31: Train Epoch 19: 1420/1641 Loss: 0.253971
2026-08-19 15:31: Train Epoch 19: 1440/1641 Loss: 0.256762
2026-08-19 15:31: Train Epoch 19: 1460/1641 Loss: 0.249232
2026-08-19 15:31: Train Epoch 19: 1480/1641 Loss: 0.257198
2026-08-19 15:31: Train Epoch 19: 1500/1641 Loss: 0.266278
2026-08-19 15:31: Train Epoch 19: 1520/1641 Loss: 0.253543
2026-08-19 15:32: Train Epoch 19: 1540/1641 Loss: 0.246880
2026-08-19 15:32: Train Epoch 19: 1560/1641 Loss: 0.250900
2026-08-19 15:32: Train Epoch 19: 1580/1641 Loss: 0.263584
2026-08-19 15:32: Train Epoch 19: 1600/1641 Loss: 0.250959
2026-08-19 15:32: Train Epoch 19: 1620/1641 Loss: 0.261820
2026-08-19 15:32: Train Epoch 19: 1640/1641 Loss: 0.251134
2026-08-19 15:32: **********Train Epoch 19: averaged Loss: 0.254088, tf_ratio: 0.000339
2026-08-19 15:32: **********Val Epoch 19: average Loss: 0.318355
2026-08-19 15:32: Train Epoch 20: 0/1641 Loss: 0.254037
2026-08-19 15:32: Train Epoch 20: 20/1641 Loss: 0.254084
2026-08-19 15:32: Train Epoch 20: 40/1641 Loss: 0.249812
2026-08-19 15:32: Train Epoch 20: 60/1641 Loss: 0.257329
2026-08-19 15:32: Train Epoch 20: 80/1641 Loss: 0.257310
2026-08-19 15:32: Train Epoch 20: 100/1641 Loss: 0.263010
2026-08-19 15:32: Train Epoch 20: 120/1641 Loss: 0.248755
2026-08-19 15:32: Train Epoch 20: 140/1641 Loss: 0.236791
2026-08-19 15:33: Train Epoch 20: 160/1641 Loss: 0.245013
2026-08-19 15:33: Train Epoch 20: 180/1641 Loss: 0.256436
2026-08-19 15:33: Train Epoch 20: 200/1641 Loss: 0.242265
2026-08-19 15:33: Train Epoch 20: 220/1641 Loss: 0.250733
2026-08-19 15:33: Train Epoch 20: 240/1641 Loss: 0.236380
2026-08-19 15:33: Train Epoch 20: 260/1641 Loss: 0.250760
2026-08-19 15:33: Train Epoch 20: 280/1641 Loss: 0.264149
2026-08-19 15:33: Train Epoch 20: 300/1641 Loss: 0.260315
2026-08-19 15:33: Train Epoch 20: 320/1641 Loss: 0.253552
2026-08-19 15:33: Train Epoch 20: 340/1641 Loss: 0.237078
2026-08-19 15:33: Train Epoch 20: 360/1641 Loss: 0.253626
2026-08-19 15:33: Train Epoch 20: 380/1641 Loss: 0.270938
2026-08-19 15:33: Train Epoch 20: 400/1641 Loss: 0.249614
2026-08-19 15:33: Train Epoch 20: 420/1641 Loss: 0.243944
2026-08-19 15:33: Train Epoch 20: 440/1641 Loss: 0.262745
2026-08-19 15:33: Train Epoch 20: 460/1641 Loss: 0.259016
2026-08-19 15:33: Train Epoch 20: 480/1641 Loss: 0.244493
2026-08-19 15:33: Train Epoch 20: 500/1641 Loss: 0.254092
2026-08-19 15:33: Train Epoch 20: 520/1641 Loss: 0.252946
2026-08-19 15:33: Train Epoch 20: 540/1641 Loss: 0.248384
2026-08-19 15:33: Train Epoch 20: 560/1641 Loss: 0.248352
2026-08-19 15:34: Train Epoch 20: 580/1641 Loss: 0.249306
2026-08-19 15:34: Train Epoch 20: 600/1641 Loss: 0.257599
2026-08-19 15:34: Train Epoch 20: 620/1641 Loss: 0.263243
2026-08-19 15:34: Train Epoch 20: 640/1641 Loss: 0.253627
2026-08-19 15:34: Train Epoch 20: 660/1641 Loss: 0.249368
2026-08-19 15:34: Train Epoch 20: 680/1641 Loss: 0.255535
2026-08-19 15:34: Train Epoch 20: 700/1641 Loss: 0.246680
2026-08-19 15:34: Train Epoch 20: 720/1641 Loss: 0.256641
2026-08-19 15:34: Train Epoch 20: 740/1641 Loss: 0.240445
2026-08-19 15:34: Train Epoch 20: 760/1641 Loss: 0.257778
2026-08-19 15:34: Train Epoch 20: 780/1641 Loss: 0.247036
2026-08-19 15:34: Train Epoch 20: 800/1641 Loss: 0.245581
2026-08-19 15:34: Train Epoch 20: 820/1641 Loss: 0.242141
2026-08-19 15:34: Train Epoch 20: 840/1641 Loss: 0.255241
2026-08-19 15:34: Train Epoch 20: 860/1641 Loss: 0.273336
2026-08-19 15:34: Train Epoch 20: 880/1641 Loss: 0.237064
2026-08-19 15:34: Train Epoch 20: 900/1641 Loss: 0.238849
2026-08-19 15:34: Train Epoch 20: 920/1641 Loss: 0.254998
2026-08-19 15:34: Train Epoch 20: 940/1641 Loss: 0.246296
2026-08-19 15:34: Train Epoch 20: 960/1641 Loss: 0.237838
2026-08-19 15:34: Train Epoch 20: 980/1641 Loss: 0.237972
2026-08-19 15:34: Train Epoch 20: 1000/1641 Loss: 0.243231
2026-08-19 15:35: Train Epoch 20: 1020/1641 Loss: 0.240111
2026-08-19 15:35: Train Epoch 20: 1040/1641 Loss: 0.246727
2026-08-19 15:35: Train Epoch 20: 1060/1641 Loss: 0.243690
2026-08-19 15:35: Train Epoch 20: 1080/1641 Loss: 0.244527
2026-08-19 15:35: Train Epoch 20: 1100/1641 Loss: 0.230427
2026-08-19 15:35: Train Epoch 20: 1120/1641 Loss: 0.256743
2026-08-19 15:35: Train Epoch 20: 1140/1641 Loss: 0.254229
2026-08-19 15:35: Train Epoch 20: 1160/1641 Loss: 0.233983
2026-08-19 15:35: Train Epoch 20: 1180/1641 Loss: 0.235970
2026-08-19 15:35: Train Epoch 20: 1200/1641 Loss: 0.231659
2026-08-19 15:35: Train Epoch 20: 1220/1641 Loss: 0.260517
2026-08-19 15:35: Train Epoch 20: 1240/1641 Loss: 0.233356
2026-08-19 15:35: Train Epoch 20: 1260/1641 Loss: 0.252682
2026-08-19 15:35: Train Epoch 20: 1280/1641 Loss: 0.262935
2026-08-19 15:35: Train Epoch 20: 1300/1641 Loss: 0.250336
2026-08-19 15:35: Train Epoch 20: 1320/1641 Loss: 0.243350
2026-08-19 15:35: Train Epoch 20: 1340/1641 Loss: 0.251847
2026-08-19 15:35: Train Epoch 20: 1360/1641 Loss: 0.241951
2026-08-19 15:35: Train Epoch 20: 1380/1641 Loss: 0.258348
2026-08-19 15:35: Train Epoch 20: 1400/1641 Loss: 0.246286
2026-08-19 15:35: Train Epoch 20: 1420/1641 Loss: 0.239023
2026-08-19 15:36: Train Epoch 20: 1440/1641 Loss: 0.249987
2026-08-19 15:36: Train Epoch 20: 1460/1641 Loss: 0.255959
2026-08-19 15:36: Train Epoch 20: 1480/1641 Loss: 0.250909
2026-08-19 15:36: Train Epoch 20: 1500/1641 Loss: 0.245378
2026-08-19 15:36: Train Epoch 20: 1520/1641 Loss: 0.229137
2026-08-19 15:36: Train Epoch 20: 1540/1641 Loss: 0.249353
2026-08-19 15:36: Train Epoch 20: 1560/1641 Loss: 0.252369
2026-08-19 15:36: Train Epoch 20: 1580/1641 Loss: 0.249216
2026-08-19 15:36: Train Epoch 20: 1600/1641 Loss: 0.246154
2026-08-19 15:36: Train Epoch 20: 1620/1641 Loss: 0.255608
2026-08-19 15:36: Train Epoch 20: 1640/1641 Loss: 0.230732
2026-08-19 15:36: **********Train Epoch 20: averaged Loss: 0.250387, tf_ratio: 0.000149
2026-08-19 15:36: **********Val Epoch 20: average Loss: 0.322133
2026-08-19 15:36: Train Epoch 21: 0/1641 Loss: 0.256636
2026-08-19 15:36: Train Epoch 21: 20/1641 Loss: 0.239167
2026-08-19 15:36: Train Epoch 21: 40/1641 Loss: 0.237219
2026-08-19 15:37: Train Epoch 21: 60/1641 Loss: 0.238375
2026-08-19 15:37: Train Epoch 21: 80/1641 Loss: 0.268205
2026-08-19 15:37: Train Epoch 21: 100/1641 Loss: 0.247428
2026-08-19 15:37: Train Epoch 21: 120/1641 Loss: 0.250051
2026-08-19 15:37: Train Epoch 21: 140/1641 Loss: 0.261831
2026-08-19 15:37: Train Epoch 21: 160/1641 Loss: 0.249012
2026-08-19 15:37: Train Epoch 21: 180/1641 Loss: 0.249995
2026-08-19 15:37: Train Epoch 21: 200/1641 Loss: 0.256114
2026-08-19 15:37: Train Epoch 21: 220/1641 Loss: 0.254811
2026-08-19 15:37: Train Epoch 21: 240/1641 Loss: 0.262213
2026-08-19 15:37: Train Epoch 21: 260/1641 Loss: 0.236209
2026-08-19 15:37: Train Epoch 21: 280/1641 Loss: 0.252269
2026-08-19 15:37: Train Epoch 21: 300/1641 Loss: 0.249634
2026-08-19 15:37: Train Epoch 21: 320/1641 Loss: 0.249832
2026-08-19 15:37: Train Epoch 21: 340/1641 Loss: 0.264210
2026-08-19 15:37: Train Epoch 21: 360/1641 Loss: 0.250692
2026-08-19 15:37: Train Epoch 21: 380/1641 Loss: 0.245273
2026-08-19 15:37: Train Epoch 21: 400/1641 Loss: 0.243787
2026-08-19 15:37: Train Epoch 21: 420/1641 Loss: 0.258346
2026-08-19 15:37: Train Epoch 21: 440/1641 Loss: 0.255521
2026-08-19 15:37: Train Epoch 21: 460/1641 Loss: 0.247965
2026-08-19 15:37: Train Epoch 21: 480/1641 Loss: 0.251800
2026-08-19 15:38: Train Epoch 21: 500/1641 Loss: 0.250922
2026-08-19 15:38: Train Epoch 21: 520/1641 Loss: 0.261181
2026-08-19 15:38: Train Epoch 21: 540/1641 Loss: 0.235300
2026-08-19 15:38: Train Epoch 21: 560/1641 Loss: 0.233331
2026-08-19 15:38: Train Epoch 21: 580/1641 Loss: 0.234137
2026-08-19 15:38: Train Epoch 21: 600/1641 Loss: 0.235439
2026-08-19 15:38: Train Epoch 21: 620/1641 Loss: 0.246048
2026-08-19 15:38: Train Epoch 21: 640/1641 Loss: 0.253787
2026-08-19 15:38: Train Epoch 21: 660/1641 Loss: 0.257060
2026-08-19 15:38: Train Epoch 21: 680/1641 Loss: 0.248591
2026-08-19 15:38: Train Epoch 21: 700/1641 Loss: 0.247886
2026-08-19 15:38: Train Epoch 21: 720/1641 Loss: 0.248645
2026-08-19 15:38: Train Epoch 21: 740/1641 Loss: 0.253416
2026-08-19 15:38: Train Epoch 21: 760/1641 Loss: 0.240902
2026-08-19 15:38: Train Epoch 21: 780/1641 Loss: 0.245866
2026-08-19 15:38: Train Epoch 21: 800/1641 Loss: 0.263040
2026-08-19 15:38: Train Epoch 21: 820/1641 Loss: 0.234104
2026-08-19 15:38: Train Epoch 21: 840/1641 Loss: 0.266224
2026-08-19 15:38: Train Epoch 21: 860/1641 Loss: 0.252936
2026-08-19 15:38: Train Epoch 21: 880/1641 Loss: 0.251171
2026-08-19 15:38: Train Epoch 21: 900/1641 Loss: 0.227385
2026-08-19 15:39: Train Epoch 21: 920/1641 Loss: 0.238338
2026-08-19 15:39: Train Epoch 21: 940/1641 Loss: 0.241668
2026-08-19 15:39: Train Epoch 21: 960/1641 Loss: 0.229549
2026-08-19 15:39: Train Epoch 21: 980/1641 Loss: 0.255088
2026-08-19 15:39: Train Epoch 21: 1000/1641 Loss: 0.253132
2026-08-19 15:39: Train Epoch 21: 1020/1641 Loss: 0.236963
2026-08-19 15:39: Train Epoch 21: 1040/1641 Loss: 0.246331
2026-08-19 15:39: Train Epoch 21: 1060/1641 Loss: 0.244568
2026-08-19 15:39: Train Epoch 21: 1080/1641 Loss: 0.254413
2026-08-19 15:39: Train Epoch 21: 1100/1641 Loss: 0.260645
2026-08-19 15:39: Train Epoch 21: 1120/1641 Loss: 0.269487
2026-08-19 15:39: Train Epoch 21: 1140/1641 Loss: 0.237502
2026-08-19 15:39: Train Epoch 21: 1160/1641 Loss: 0.259798
2026-08-19 15:39: Train Epoch 21: 1180/1641 Loss: 0.254552
2026-08-19 15:39: Train Epoch 21: 1200/1641 Loss: 0.245178
2026-08-19 15:39: Train Epoch 21: 1220/1641 Loss: 0.240094
2026-08-19 15:39: Train Epoch 21: 1240/1641 Loss: 0.257473
2026-08-19 15:39: Train Epoch 21: 1260/1641 Loss: 0.233417
2026-08-19 15:39: Train Epoch 21: 1280/1641 Loss: 0.248238
2026-08-19 15:39: Train Epoch 21: 1300/1641 Loss: 0.245779
2026-08-19 15:39: Train Epoch 21: 1320/1641 Loss: 0.232405
2026-08-19 15:39: Train Epoch 21: 1340/1641 Loss: 0.246901
2026-08-19 15:40: Train Epoch 21: 1360/1641 Loss: 0.243119
2026-08-19 15:40: Train Epoch 21: 1380/1641 Loss: 0.243502
2026-08-19 15:40: Train Epoch 21: 1400/1641 Loss: 0.238099
2026-08-19 15:40: Train Epoch 21: 1420/1641 Loss: 0.260745
2026-08-19 15:40: Train Epoch 21: 1440/1641 Loss: 0.243215
2026-08-19 15:40: Train Epoch 21: 1460/1641 Loss: 0.233409
2026-08-19 15:40: Train Epoch 21: 1480/1641 Loss: 0.251979
2026-08-19 15:40: Train Epoch 21: 1500/1641 Loss: 0.228493
2026-08-19 15:40: Train Epoch 21: 1520/1641 Loss: 0.241036
2026-08-19 15:40: Train Epoch 21: 1540/1641 Loss: 0.239556
2026-08-19 15:40: Train Epoch 21: 1560/1641 Loss: 0.249083
2026-08-19 15:40: Train Epoch 21: 1580/1641 Loss: 0.246670
2026-08-19 15:40: Train Epoch 21: 1600/1641 Loss: 0.252222
2026-08-19 15:40: Train Epoch 21: 1620/1641 Loss: 0.263340
2026-08-19 15:40: Train Epoch 21: 1640/1641 Loss: 0.233997
2026-08-19 15:40: **********Train Epoch 21: averaged Loss: 0.246620, tf_ratio: 0.000066
2026-08-19 15:41: **********Val Epoch 21: average Loss: 0.324950
2026-08-19 15:41: Train Epoch 22: 0/1641 Loss: 0.248911
2026-08-19 15:41: Train Epoch 22: 20/1641 Loss: 0.245311
2026-08-19 15:41: Train Epoch 22: 40/1641 Loss: 0.247739
2026-08-19 15:41: Train Epoch 22: 60/1641 Loss: 0.250613
2026-08-19 15:41: Train Epoch 22: 80/1641 Loss: 0.242482
2026-08-19 15:41: Train Epoch 22: 100/1641 Loss: 0.250562
2026-08-19 15:41: Train Epoch 22: 120/1641 Loss: 0.253042
2026-08-19 15:41: Train Epoch 22: 140/1641 Loss: 0.235157
2026-08-19 15:41: Train Epoch 22: 160/1641 Loss: 0.240764
2026-08-19 15:41: Train Epoch 22: 180/1641 Loss: 0.247309
2026-08-19 15:41: Train Epoch 22: 200/1641 Loss: 0.247409
2026-08-19 15:41: Train Epoch 22: 220/1641 Loss: 0.238648
2026-08-19 15:41: Train Epoch 22: 240/1641 Loss: 0.248580
2026-08-19 15:41: Train Epoch 22: 260/1641 Loss: 0.257581
2026-08-19 15:41: Train Epoch 22: 280/1641 Loss: 0.242522
2026-08-19 15:41: Train Epoch 22: 300/1641 Loss: 0.253682
2026-08-19 15:41: Train Epoch 22: 320/1641 Loss: 0.250255
2026-08-19 15:41: Train Epoch 22: 340/1641 Loss: 0.243305
2026-08-19 15:41: Train Epoch 22: 360/1641 Loss: 0.251964
2026-08-19 15:41: Train Epoch 22: 380/1641 Loss: 0.244889
2026-08-19 15:42: Train Epoch 22: 400/1641 Loss: 0.232289
2026-08-19 15:42: Train Epoch 22: 420/1641 Loss: 0.244569
2026-08-19 15:42: Train Epoch 22: 440/1641 Loss: 0.242722
2026-08-19 15:42: Train Epoch 22: 460/1641 Loss: 0.244273
2026-08-19 15:42: Train Epoch 22: 480/1641 Loss: 0.257452
2026-08-19 15:42: Train Epoch 22: 500/1641 Loss: 0.238125
2026-08-19 15:42: Train Epoch 22: 520/1641 Loss: 0.241753
2026-08-19 15:42: Train Epoch 22: 540/1641 Loss: 0.243596
2026-08-19 15:42: Train Epoch 22: 560/1641 Loss: 0.260965
2026-08-19 15:42: Train Epoch 22: 580/1641 Loss: 0.240935
2026-08-19 15:42: Train Epoch 22: 600/1641 Loss: 0.236333
2026-08-19 15:42: Train Epoch 22: 620/1641 Loss: 0.231128
2026-08-19 15:42: Train Epoch 22: 640/1641 Loss: 0.254151
2026-08-19 15:42: Train Epoch 22: 660/1641 Loss: 0.235109
2026-08-19 15:42: Train Epoch 22: 680/1641 Loss: 0.246201
2026-08-19 15:42: Train Epoch 22: 700/1641 Loss: 0.234219
2026-08-19 15:42: Train Epoch 22: 720/1641 Loss: 0.274386
2026-08-19 15:42: Train Epoch 22: 740/1641 Loss: 0.231615
2026-08-19 15:42: Train Epoch 22: 760/1641 Loss: 0.244299
2026-08-19 15:42: Train Epoch 22: 780/1641 Loss: 0.256518
2026-08-19 15:42: Train Epoch 22: 800/1641 Loss: 0.243886
2026-08-19 15:42: Train Epoch 22: 820/1641 Loss: 0.247734
2026-08-19 15:43: Train Epoch 22: 840/1641 Loss: 0.231571
2026-08-19 15:43: Train Epoch 22: 860/1641 Loss: 0.237064
2026-08-19 15:43: Train Epoch 22: 880/1641 Loss: 0.243374
2026-08-19 15:43: Train Epoch 22: 900/1641 Loss: 0.245042
2026-08-19 15:43: Train Epoch 22: 920/1641 Loss: 0.259103
2026-08-19 15:43: Train Epoch 22: 940/1641 Loss: 0.229157
2026-08-19 15:43: Train Epoch 22: 960/1641 Loss: 0.230006
2026-08-19 15:43: Train Epoch 22: 980/1641 Loss: 0.223964
2026-08-19 15:43: Train Epoch 22: 1000/1641 Loss: 0.251929
2026-08-19 15:43: Train Epoch 22: 1020/1641 Loss: 0.235804
2026-08-19 15:43: Train Epoch 22: 1040/1641 Loss: 0.250677
2026-08-19 15:43: Train Epoch 22: 1060/1641 Loss: 0.245000
2026-08-19 15:43: Train Epoch 22: 1080/1641 Loss: 0.238145
2026-08-19 15:43: Train Epoch 22: 1100/1641 Loss: 0.249051
2026-08-19 15:43: Train Epoch 22: 1120/1641 Loss: 0.249600
2026-08-19 15:43: Train Epoch 22: 1140/1641 Loss: 0.236997
2026-08-19 15:43: Train Epoch 22: 1160/1641 Loss: 0.239467
2026-08-19 15:43: Train Epoch 22: 1180/1641 Loss: 0.241855
2026-08-19 15:43: Train Epoch 22: 1200/1641 Loss: 0.234101
2026-08-19 15:43: Train Epoch 22: 1220/1641 Loss: 0.245610
2026-08-19 15:43: Train Epoch 22: 1240/1641 Loss: 0.252210
2026-08-19 15:44: Train Epoch 22: 1260/1641 Loss: 0.240447
2026-08-19 15:44: Train Epoch 22: 1280/1641 Loss: 0.241925
2026-08-19 15:44: Train Epoch 22: 1300/1641 Loss: 0.237740
2026-08-19 15:44: Train Epoch 22: 1320/1641 Loss: 0.230760
2026-08-19 15:44: Train Epoch 22: 1340/1641 Loss: 0.256073
2026-08-19 15:44: Train Epoch 22: 1360/1641 Loss: 0.242073
2026-08-19 15:44: Train Epoch 22: 1380/1641 Loss: 0.244433
2026-08-19 15:44: Train Epoch 22: 1400/1641 Loss: 0.242990
2026-08-19 15:44: Train Epoch 22: 1420/1641 Loss: 0.232071
2026-08-19 15:44: Train Epoch 22: 1440/1641 Loss: 0.242538
2026-08-19 15:44: Train Epoch 22: 1460/1641 Loss: 0.239932
2026-08-19 15:44: Train Epoch 22: 1480/1641 Loss: 0.240794
2026-08-19 15:44: Train Epoch 22: 1500/1641 Loss: 0.247081
2026-08-19 15:44: Train Epoch 22: 1520/1641 Loss: 0.247720
2026-08-19 15:44: Train Epoch 22: 1540/1641 Loss: 0.231758
2026-08-19 15:44: Train Epoch 22: 1560/1641 Loss: 0.235480
2026-08-19 15:44: Train Epoch 22: 1580/1641 Loss: 0.243421
2026-08-19 15:44: Train Epoch 22: 1600/1641 Loss: 0.231945
2026-08-19 15:44: Train Epoch 22: 1620/1641 Loss: 0.241248
2026-08-19 15:44: Train Epoch 22: 1640/1641 Loss: 0.243490
2026-08-19 15:44: **********Train Epoch 22: averaged Loss: 0.243123, tf_ratio: 0.000029
2026-08-19 15:45: **********Val Epoch 22: average Loss: 0.322669
2026-08-19 15:45: Train Epoch 23: 0/1641 Loss: 0.230208
2026-08-19 15:45: Train Epoch 23: 20/1641 Loss: 0.254114
2026-08-19 15:45: Train Epoch 23: 40/1641 Loss: 0.246051
2026-08-19 15:45: Train Epoch 23: 60/1641 Loss: 0.235319
2026-08-19 15:45: Train Epoch 23: 80/1641 Loss: 0.234247
2026-08-19 15:45: Train Epoch 23: 100/1641 Loss: 0.249927
2026-08-19 15:45: Train Epoch 23: 120/1641 Loss: 0.241676
2026-08-19 15:45: Train Epoch 23: 140/1641 Loss: 0.236494
2026-08-19 15:45: Train Epoch 23: 160/1641 Loss: 0.253771
2026-08-19 15:45: Train Epoch 23: 180/1641 Loss: 0.230868
2026-08-19 15:45: Train Epoch 23: 200/1641 Loss: 0.246095
2026-08-19 15:45: Train Epoch 23: 220/1641 Loss: 0.225960
2026-08-19 15:45: Train Epoch 23: 240/1641 Loss: 0.240862
2026-08-19 15:45: Train Epoch 23: 260/1641 Loss: 0.243712
2026-08-19 15:45: Train Epoch 23: 280/1641 Loss: 0.239964
2026-08-19 15:45: Train Epoch 23: 300/1641 Loss: 0.236720
2026-08-19 15:46: Train Epoch 23: 320/1641 Loss: 0.236845
2026-08-19 15:46: Train Epoch 23: 340/1641 Loss: 0.239509
2026-08-19 15:46: Train Epoch 23: 360/1641 Loss: 0.231685
2026-08-19 15:46: Train Epoch 23: 380/1641 Loss: 0.245213
2026-08-19 15:46: Train Epoch 23: 400/1641 Loss: 0.244436
2026-08-19 15:46: Train Epoch 23: 420/1641 Loss: 0.229701
2026-08-19 15:46: Train Epoch 23: 440/1641 Loss: 0.228323
2026-08-19 15:46: Train Epoch 23: 460/1641 Loss: 0.244290
2026-08-19 15:46: Train Epoch 23: 480/1641 Loss: 0.245039
2026-08-19 15:46: Train Epoch 23: 500/1641 Loss: 0.237275
2026-08-19 15:46: Train Epoch 23: 520/1641 Loss: 0.245465
2026-08-19 15:46: Train Epoch 23: 540/1641 Loss: 0.243541
2026-08-19 15:46: Train Epoch 23: 560/1641 Loss: 0.232357
2026-08-19 15:46: Train Epoch 23: 580/1641 Loss: 0.238341
2026-08-19 15:46: Train Epoch 23: 600/1641 Loss: 0.246514
2026-08-19 15:46: Train Epoch 23: 620/1641 Loss: 0.249555
2026-08-19 15:46: Train Epoch 23: 640/1641 Loss: 0.236222
2026-08-19 15:46: Train Epoch 23: 660/1641 Loss: 0.234192
2026-08-19 15:46: Train Epoch 23: 680/1641 Loss: 0.234201
2026-08-19 15:46: Train Epoch 23: 700/1641 Loss: 0.230308
2026-08-19 15:46: Train Epoch 23: 720/1641 Loss: 0.228727
2026-08-19 15:47: Train Epoch 23: 740/1641 Loss: 0.243458
2026-08-19 15:47: Train Epoch 23: 760/1641 Loss: 0.236170
2026-08-19 15:47: Train Epoch 23: 780/1641 Loss: 0.240741
2026-08-19 15:47: Train Epoch 23: 800/1641 Loss: 0.239540
2026-08-19 15:47: Train Epoch 23: 820/1641 Loss: 0.243352
2026-08-19 15:47: Train Epoch 23: 840/1641 Loss: 0.235916
2026-08-19 15:47: Train Epoch 23: 860/1641 Loss: 0.245816
2026-08-19 15:47: Train Epoch 23: 880/1641 Loss: 0.232465
2026-08-19 15:47: Train Epoch 23: 900/1641 Loss: 0.246421
2026-08-19 15:47: Train Epoch 23: 920/1641 Loss: 0.232440
2026-08-19 15:47: Train Epoch 23: 940/1641 Loss: 0.242081
2026-08-19 15:47: Train Epoch 23: 960/1641 Loss: 0.254138
2026-08-19 15:47: Train Epoch 23: 980/1641 Loss: 0.247062
2026-08-19 15:47: Train Epoch 23: 1000/1641 Loss: 0.239124
2026-08-19 15:47: Train Epoch 23: 1020/1641 Loss: 0.238856
2026-08-19 15:47: Train Epoch 23: 1040/1641 Loss: 0.236027
2026-08-19 15:47: Train Epoch 23: 1060/1641 Loss: 0.229570
2026-08-19 15:47: Train Epoch 23: 1080/1641 Loss: 0.228044
2026-08-19 15:47: Train Epoch 23: 1100/1641 Loss: 0.237128
2026-08-19 15:47: Train Epoch 23: 1120/1641 Loss: 0.236109
2026-08-19 15:47: Train Epoch 23: 1140/1641 Loss: 0.240154
2026-08-19 15:48: Train Epoch 23: 1160/1641 Loss: 0.249869
2026-08-19 15:48: Train Epoch 23: 1180/1641 Loss: 0.237454
2026-08-19 15:48: Train Epoch 23: 1200/1641 Loss: 0.240261
2026-08-19 15:48: Train Epoch 23: 1220/1641 Loss: 0.224554
2026-08-19 15:48: Train Epoch 23: 1240/1641 Loss: 0.247515
2026-08-19 15:48: Train Epoch 23: 1260/1641 Loss: 0.235570
2026-08-19 15:48: Train Epoch 23: 1280/1641 Loss: 0.239292
2026-08-19 15:48: Train Epoch 23: 1300/1641 Loss: 0.243654
2026-08-19 15:48: Train Epoch 23: 1320/1641 Loss: 0.230051
2026-08-19 15:48: Train Epoch 23: 1340/1641 Loss: 0.224292
2026-08-19 15:48: Train Epoch 23: 1360/1641 Loss: 0.234462
2026-08-19 15:48: Train Epoch 23: 1380/1641 Loss: 0.252307
2026-08-19 15:48: Train Epoch 23: 1400/1641 Loss: 0.241352
2026-08-19 15:48: Train Epoch 23: 1420/1641 Loss: 0.237575
2026-08-19 15:48: Train Epoch 23: 1440/1641 Loss: 0.246682
2026-08-19 15:48: Train Epoch 23: 1460/1641 Loss: 0.242420
2026-08-19 15:48: Train Epoch 23: 1480/1641 Loss: 0.234003
2026-08-19 15:48: Train Epoch 23: 1500/1641 Loss: 0.237787
2026-08-19 15:48: Train Epoch 23: 1520/1641 Loss: 0.228486
2026-08-19 15:48: Train Epoch 23: 1540/1641 Loss: 0.242180
2026-08-19 15:48: Train Epoch 23: 1560/1641 Loss: 0.243361
2026-08-19 15:49: Train Epoch 23: 1580/1641 Loss: 0.246889
2026-08-19 15:49: Train Epoch 23: 1600/1641 Loss: 0.248192
2026-08-19 15:49: Train Epoch 23: 1620/1641 Loss: 0.239518
2026-08-19 15:49: Train Epoch 23: 1640/1641 Loss: 0.231985
2026-08-19 15:49: **********Train Epoch 23: averaged Loss: 0.239832, tf_ratio: 0.000013
2026-08-19 15:49: **********Val Epoch 23: average Loss: 0.324133
2026-08-19 15:49: Train Epoch 24: 0/1641 Loss: 0.238596
2026-08-19 15:49: Train Epoch 24: 20/1641 Loss: 0.249909
2026-08-19 15:49: Train Epoch 24: 40/1641 Loss: 0.233451
2026-08-19 15:49: Train Epoch 24: 60/1641 Loss: 0.262614
2026-08-19 15:49: Train Epoch 24: 80/1641 Loss: 0.241076
2026-08-19 15:49: Train Epoch 24: 100/1641 Loss: 0.244644
2026-08-19 15:49: Train Epoch 24: 120/1641 Loss: 0.236226
2026-08-19 15:49: Train Epoch 24: 140/1641 Loss: 0.235741
2026-08-19 15:49: Train Epoch 24: 160/1641 Loss: 0.221289
2026-08-19 15:49: Train Epoch 24: 180/1641 Loss: 0.242345
2026-08-19 15:50: Train Epoch 24: 200/1641 Loss: 0.229010
2026-08-19 15:50: Train Epoch 24: 220/1641 Loss: 0.246255
2026-08-19 15:50: Train Epoch 24: 240/1641 Loss: 0.242933
2026-08-19 15:50: Train Epoch 24: 260/1641 Loss: 0.228469
2026-08-19 15:50: Train Epoch 24: 280/1641 Loss: 0.238912
2026-08-19 15:50: Train Epoch 24: 300/1641 Loss: 0.229791
2026-08-19 15:50: Train Epoch 24: 320/1641 Loss: 0.225276
2026-08-19 15:50: Train Epoch 24: 340/1641 Loss: 0.242408
2026-08-19 15:50: Train Epoch 24: 360/1641 Loss: 0.247544
2026-08-19 15:50: Train Epoch 24: 380/1641 Loss: 0.227705
2026-08-19 15:50: Train Epoch 24: 400/1641 Loss: 0.223886
2026-08-19 15:50: Train Epoch 24: 420/1641 Loss: 0.217891
2026-08-19 15:50: Train Epoch 24: 440/1641 Loss: 0.226721
2026-08-19 15:50: Train Epoch 24: 460/1641 Loss: 0.240997
2026-08-19 15:50: Train Epoch 24: 480/1641 Loss: 0.241026
2026-08-19 15:50: Train Epoch 24: 500/1641 Loss: 0.246410
2026-08-19 15:50: Train Epoch 24: 520/1641 Loss: 0.239436
2026-08-19 15:50: Train Epoch 24: 540/1641 Loss: 0.247225
2026-08-19 15:50: Train Epoch 24: 560/1641 Loss: 0.241353
2026-08-19 15:50: Train Epoch 24: 580/1641 Loss: 0.236041
2026-08-19 15:50: Train Epoch 24: 600/1641 Loss: 0.224152
2026-08-19 15:50: Train Epoch 24: 620/1641 Loss: 0.251788
2026-08-19 15:51: Train Epoch 24: 640/1641 Loss: 0.241665
2026-08-19 15:51: Train Epoch 24: 660/1641 Loss: 0.229316
2026-08-19 15:51: Train Epoch 24: 680/1641 Loss: 0.242574
2026-08-19 15:51: Train Epoch 24: 700/1641 Loss: 0.229920
2026-08-19 15:51: Train Epoch 24: 720/1641 Loss: 0.255528
2026-08-19 15:51: Train Epoch 24: 740/1641 Loss: 0.227115
2026-08-19 15:51: Train Epoch 24: 760/1641 Loss: 0.238675
2026-08-19 15:51: Train Epoch 24: 780/1641 Loss: 0.253421
2026-08-19 15:51: Train Epoch 24: 800/1641 Loss: 0.234016
2026-08-19 15:51: Train Epoch 24: 820/1641 Loss: 0.244168
2026-08-19 15:51: Train Epoch 24: 840/1641 Loss: 0.227851
2026-08-19 15:51: Train Epoch 24: 860/1641 Loss: 0.246493
2026-08-19 15:51: Train Epoch 24: 880/1641 Loss: 0.225486
2026-08-19 15:51: Train Epoch 24: 900/1641 Loss: 0.237156
2026-08-19 15:51: Train Epoch 24: 920/1641 Loss: 0.231073
2026-08-19 15:51: Train Epoch 24: 940/1641 Loss: 0.225288
2026-08-19 15:51: Train Epoch 24: 960/1641 Loss: 0.237138
2026-08-19 15:51: Train Epoch 24: 980/1641 Loss: 0.238435
2026-08-19 15:51: Train Epoch 24: 1000/1641 Loss: 0.235730
2026-08-19 15:51: Train Epoch 24: 1020/1641 Loss: 0.236899
2026-08-19 15:51: Train Epoch 24: 1040/1641 Loss: 0.241608
2026-08-19 15:52: Train Epoch 24: 1060/1641 Loss: 0.237947
2026-08-19 15:52: Train Epoch 24: 1080/1641 Loss: 0.225932
2026-08-19 15:52: Train Epoch 24: 1100/1641 Loss: 0.230302
2026-08-19 15:52: Train Epoch 24: 1120/1641 Loss: 0.253967
2026-08-19 15:52: Train Epoch 24: 1140/1641 Loss: 0.229787
2026-08-19 15:52: Train Epoch 24: 1160/1641 Loss: 0.234373
2026-08-19 15:52: Train Epoch 24: 1180/1641 Loss: 0.241977
2026-08-19 15:52: Train Epoch 24: 1200/1641 Loss: 0.231134
2026-08-19 15:52: Train Epoch 24: 1220/1641 Loss: 0.230965
2026-08-19 15:52: Train Epoch 24: 1240/1641 Loss: 0.244889
2026-08-19 15:52: Train Epoch 24: 1260/1641 Loss: 0.233645
2026-08-19 15:52: Train Epoch 24: 1280/1641 Loss: 0.225078
2026-08-19 15:52: Train Epoch 24: 1300/1641 Loss: 0.235924
2026-08-19 15:52: Train Epoch 24: 1320/1641 Loss: 0.238561
2026-08-19 15:52: Train Epoch 24: 1340/1641 Loss: 0.239770
2026-08-19 15:52: Train Epoch 24: 1360/1641 Loss: 0.248277
2026-08-19 15:52: Train Epoch 24: 1380/1641 Loss: 0.228731
2026-08-19 15:52: Train Epoch 24: 1400/1641 Loss: 0.238289
2026-08-19 15:52: Train Epoch 24: 1420/1641 Loss: 0.234572
2026-08-19 15:52: Train Epoch 24: 1440/1641 Loss: 0.246001
2026-08-19 15:52: Train Epoch 24: 1460/1641 Loss: 0.233917
2026-08-19 15:52: Train Epoch 24: 1480/1641 Loss: 0.224401
2026-08-19 15:53: Train Epoch 24: 1500/1641 Loss: 0.239504
2026-08-19 15:53: Train Epoch 24: 1520/1641 Loss: 0.239819
2026-08-19 15:53: Train Epoch 24: 1540/1641 Loss: 0.239464
2026-08-19 15:53: Train Epoch 24: 1560/1641 Loss: 0.227854
2026-08-19 15:53: Train Epoch 24: 1580/1641 Loss: 0.243485
2026-08-19 15:53: Train Epoch 24: 1600/1641 Loss: 0.239946
2026-08-19 15:53: Train Epoch 24: 1620/1641 Loss: 0.241592
2026-08-19 15:53: Train Epoch 24: 1640/1641 Loss: 0.232376
2026-08-19 15:53: **********Train Epoch 24: averaged Loss: 0.236564, tf_ratio: 0.000006
2026-08-19 15:53: **********Val Epoch 24: average Loss: 0.326517
2026-08-19 15:53: Validation performance didn't improve for 15 epochs. Training stops.
2026-08-19 15:53: Total training time: 101.5305min, best loss: 0.310634
2026-08-19 15:53: Saving current best model to /scratch/chkkar002/Diffusion_Based_STGNNs/AGCRN/model/experiments/SAWS/20260819141209/best_model.pth
2026-08-19 15:54: Horizon 01, MAE: 0.12, RMSE: 0.17, MAPE: 64.5332%
2026-08-19 15:54: Horizon 02, MAE: 0.16, RMSE: 0.22, MAPE: 85.7806%
2026-08-19 15:54: Horizon 03, MAE: 0.18, RMSE: 0.26, MAPE: 101.2306%
2026-08-19 15:54: Horizon 04, MAE: 0.21, RMSE: 0.29, MAPE: 115.8738%
2026-08-19 15:54: Horizon 05, MAE: 0.23, RMSE: 0.31, MAPE: 122.2301%
2026-08-19 15:54: Horizon 06, MAE: 0.24, RMSE: 0.33, MAPE: 131.6521%
2026-08-19 15:54: Horizon 07, MAE: 0.25, RMSE: 0.34, MAPE: 137.5572%
2026-08-19 15:54: Horizon 08, MAE: 0.26, RMSE: 0.36, MAPE: 141.2527%
2026-08-19 15:54: Horizon 09, MAE: 0.27, RMSE: 0.37, MAPE: 143.8390%
2026-08-19 15:54: Horizon 10, MAE: 0.28, RMSE: 0.38, MAPE: 147.4353%
2026-08-19 15:54: Horizon 11, MAE: 0.28, RMSE: 0.39, MAPE: 149.8555%
2026-08-19 15:54: Horizon 12, MAE: 0.29, RMSE: 0.39, MAPE: 153.4024%
2026-08-19 15:54: Horizon 13, MAE: 0.29, RMSE: 0.40, MAPE: 157.8471%
2026-08-19 15:54: Horizon 14, MAE: 0.30, RMSE: 0.40, MAPE: 160.6076%
2026-08-19 15:54: Horizon 15, MAE: 0.30, RMSE: 0.41, MAPE: 161.7245%
2026-08-19 15:54: Horizon 16, MAE: 0.30, RMSE: 0.41, MAPE: 166.5172%
2026-08-19 15:54: Horizon 17, MAE: 0.31, RMSE: 0.42, MAPE: 169.9585%
2026-08-19 15:54: Horizon 18, MAE: 0.31, RMSE: 0.42, MAPE: 170.4183%
2026-08-19 15:54: Horizon 19, MAE: 0.31, RMSE: 0.42, MAPE: 167.7107%
2026-08-19 15:54: Horizon 20, MAE: 0.31, RMSE: 0.43, MAPE: 170.8951%
2026-08-19 15:54: Horizon 21, MAE: 0.32, RMSE: 0.43, MAPE: 171.9271%
2026-08-19 15:54: Horizon 22, MAE: 0.32, RMSE: 0.44, MAPE: 169.6485%
2026-08-19 15:54: Horizon 23, MAE: 0.32, RMSE: 0.44, MAPE: 169.5452%
2026-08-19 15:54: Horizon 24, MAE: 0.33, RMSE: 0.44, MAPE: 170.7724%
2026-08-19 15:54: Horizon 25, MAE: 0.34, RMSE: 0.45, MAPE: 173.2645%
2026-08-19 15:54: Horizon 26, MAE: 0.34, RMSE: 0.46, MAPE: 176.2945%
2026-08-19 15:54: Horizon 27, MAE: 0.35, RMSE: 0.47, MAPE: 180.4055%
2026-08-19 15:54: Horizon 28, MAE: 0.35, RMSE: 0.48, MAPE: 181.9628%
2026-08-19 15:54: Horizon 29, MAE: 0.36, RMSE: 0.48, MAPE: 184.3726%
2026-08-19 15:54: Horizon 30, MAE: 0.36, RMSE: 0.49, MAPE: 187.4812%
2026-08-19 15:54: Horizon 31, MAE: 0.37, RMSE: 0.49, MAPE: 188.1203%
2026-08-19 15:54: Horizon 32, MAE: 0.37, RMSE: 0.50, MAPE: 186.8197%
2026-08-19 15:54: Horizon 33, MAE: 0.37, RMSE: 0.50, MAPE: 188.4915%
2026-08-19 15:54: Horizon 34, MAE: 0.37, RMSE: 0.50, MAPE: 187.4498%
2026-08-19 15:54: Horizon 35, MAE: 0.38, RMSE: 0.50, MAPE: 189.2381%
2026-08-19 15:54: Horizon 36, MAE: 0.38, RMSE: 0.51, MAPE: 189.5368%
2026-08-19 15:54: Horizon 37, MAE: 0.38, RMSE: 0.51, MAPE: 188.6833%
2026-08-19 15:54: Horizon 38, MAE: 0.38, RMSE: 0.51, MAPE: 191.7574%
2026-08-19 15:54: Horizon 39, MAE: 0.38, RMSE: 0.51, MAPE: 193.8631%
2026-08-19 15:54: Horizon 40, MAE: 0.38, RMSE: 0.51, MAPE: 195.0381%
2026-08-19 15:54: Horizon 41, MAE: 0.38, RMSE: 0.51, MAPE: 195.0040%
2026-08-19 15:54: Horizon 42, MAE: 0.38, RMSE: 0.51, MAPE: 196.0473%
2026-08-19 15:54: Horizon 43, MAE: 0.38, RMSE: 0.51, MAPE: 196.5062%
2026-08-19 15:54: Horizon 44, MAE: 0.39, RMSE: 0.51, MAPE: 200.3521%
2026-08-19 15:54: Horizon 45, MAE: 0.39, RMSE: 0.52, MAPE: 201.6163%
2026-08-19 15:54: Horizon 46, MAE: 0.39, RMSE: 0.52, MAPE: 197.7886%
2026-08-19 15:54: Horizon 47, MAE: 0.39, RMSE: 0.52, MAPE: 196.6906%
2026-08-19 15:54: Horizon 48, MAE: 0.39, RMSE: 0.52, MAPE: 197.6155%
2026-08-19 15:54: Average Horizon, MAE: 0.32, RMSE: 0.44, MAPE: 168.0592%
2026-08-19 15:54: VPT (threshold=0.50): mean=7.36 steps, median=4.00, std=9.63, range=[0, 48]
wandb: updating run metadata
wandb: updating run metadata; uploading summary, console lines 2054-2103
wandb: uploading output.log; uploading wandb-summary.json; uploading config.yaml
wandb: uploading output.log
wandb: 
wandb: Run history:
wandb:          epoch ▁▁▁▁▂▂▂▂▂▃▃▃▃▃▃▄▄▄▄▄▅▅▅▅▅▆▆▆▆▆▆▆▇▇▇▇▇███
wandb:     train/loss █▄▄▄▃▃▃▃▃▃▃▂▂▂▂▂▂▂▂▁▁▁▁▁
wandb: train/tf_ratio ██████▇▆▅▃▂▂▁▁▁▁▁▁▁▁▁▁▁▁
wandb:       val/loss █▅▃▂▂▁▁▁▁▂▂▂▃▃▂▂▃▂▂▃▃▃▃▄
wandb: 
wandb: Run summary:
wandb:     best_val_loss 0.31063
wandb:             epoch 24
wandb:      test_vpt_max 48
wandb:     test_vpt_mean 7.36466
wandb:   test_vpt_median 4
wandb:      test_vpt_min 0
wandb:      test_vpt_std 9.62698
wandb:        train/loss 0.23656
wandb:    train/tf_ratio 1e-05
wandb: training_time_min 101.53052
wandb:                +1 ...
wandb: 
wandb: 🚀 View run AGCRN_realval at: https://wandb.ai/chkkar002-university-of-cape-town/stgnn-weather/runs/hiuhptss
wandb: ⭐️ View project at: https://wandb.ai/chkkar002-university-of-cape-town/stgnn-weather
wandb: Synced 5 W&B file(s), 0 media file(s), 0 artifact file(s) and 0 other file(s)
wandb: Find logs at: ./wandb/run-20260819_141209-hiuhptss/logs
/scratch/chkkar002/Diffusion_Based_STGNNs/AGCRN
Read configuration file: ./SAWS_AGCRN.conf
*****************Model Parameter*****************
node_embeddings torch.Size([32, 30]) True
encoder.dcrnn_cells.0.gate.weights_pool torch.Size([30, 2, 65, 128]) True
encoder.dcrnn_cells.0.gate.bias_pool torch.Size([30, 128]) True
encoder.dcrnn_cells.0.update.weights_pool torch.Size([30, 2, 65, 64]) True
encoder.dcrnn_cells.0.update.bias_pool torch.Size([30, 64]) True
encoder.dcrnn_cells.1.gate.weights_pool torch.Size([30, 2, 128, 128]) True
encoder.dcrnn_cells.1.gate.bias_pool torch.Size([30, 128]) True
encoder.dcrnn_cells.1.update.weights_pool torch.Size([30, 2, 128, 64]) True
encoder.dcrnn_cells.1.update.bias_pool torch.Size([30, 64]) True
end_conv.weight torch.Size([48, 1, 1, 64]) True
end_conv.bias torch.Size([48]) True
Total params num: 2238960
*****************Finish Parameter****************
Load SAWS Dataset shaped:  (87672, 32, 1) 45.6 -10.2 17.35272 17.6
Normalize the dataset by Standard Normalization
[[[ 0.65075815]
  [ 0.44590002]
  [ 0.562962  ]
  ...
  [ 0.94341266]
  [ 0.25567472]
  [ 0.70928925]]

 [[ 0.5775945 ]
  [ 0.41663474]
  [ 0.5336964 ]
  ...
  [ 0.9726782 ]
  [ 0.0654491 ]
  [ 0.73855454]]

 [[ 0.68002367]
  [ 0.40200198]
  [ 0.43126726]
  ...
  [ 1.0019438 ]
  [ 0.02155104]
  [ 0.6653909 ]]

 ...

 [[ 1.4409256 ]
  [ 1.367762  ]
  [ 0.12398023]
  ...
  [-0.22720526]
  [-0.47596157]
  [ 1.1482711 ]]

 [[ 0.987311  ]
  [ 0.5044309 ]
  [-0.19793984]
  ...
  [-0.3003689 ]
  [-0.47596157]
  [ 0.43126726]]

 [[ 0.562962  ]
  [ 0.10934745]
  [-0.31500167]
  ...
  [-0.3003689 ]
  [-0.46132892]
  [ 0.13861273]]]
[[[ 0.35810363]
  [-0.08087815]
  [-0.3588999 ]
  ...
  [-0.27110347]
  [-0.47596157]
  [ 0.09471467]]

 [[ 0.1678783 ]
  [-0.24183805]
  [-0.3442671 ]
  ...
  [-0.22720526]
  [-0.46132892]
  [ 0.09471467]]

 [[ 0.0508166 ]
  [-0.41743073]
  [-0.31500167]
  ...
  [-0.22720526]
  [-0.46132892]
  [ 0.00691826]]

 ...

 [[ 0.15324551]
  [ 0.562962  ]
  [ 0.35810363]
  ...
  [ 0.24104193]
  [-0.05161259]
  [ 0.8263509 ]]

 [[ 0.18251108]
  [ 0.8263509 ]
  [ 0.51906365]
  ...
  [ 0.27030748]
  [ 0.21177636]
  [ 0.987311  ]]

 [[ 0.22640914]
  [ 1.0458418 ]
  [ 0.62149286]
  ...
  [ 0.3873692 ]
  [ 0.3727364 ]
  [ 1.0897399 ]]]
[[[ 0.24104193]
  [ 1.2799655 ]
  [ 0.65075815]
  ...
  [ 0.25567472]
  [ 0.44590002]
  [ 1.2507    ]]

 [[ 0.25567472]
  [ 1.5433545 ]
  [ 1.0312091 ]
  ...
  [ 0.3873692 ]
  [ 0.6361256 ]
  [ 1.3531291 ]]

 [[ 0.40200198]
  [ 1.5140892 ]
  [ 1.0458418 ]
  ...
  [ 0.4751656 ]
  [ 0.8263509 ]
  [ 1.5287217 ]]

 ...

 [[ 0.7970854 ]
  [-0.21257262]
  [ 0.15324551]
  ...
  [ 0.01021216]
  [-0.53449255]
  [ 0.6946565 ]]

 [[ 0.84098375]
  [-0.24183805]
  [-0.21257262]
  ...
  [-0.0762016 ]
  [-0.5930234 ]
  [ 0.10934745]]

 [[ 0.87024903]
  [-0.3003689 ]
  [-0.22720526]
  ...
  [ 0.02092865]
  [-0.6808198 ]
  [-0.00771452]]]
Train:  (52533, 24, 32, 1) (52533, 48, 32, 1)
Val:  (17463, 24, 32, 1) (17463, 48, 32, 1)
Test:  (17463, 24, 32, 1) (17463, 48, 32, 1)
mae
Creat Log File in:  /scratch/chkkar002/Diffusion_Based_STGNNs/AGCRN/model/experiments/SAWS/20260819141209/run.log
=================================================================
Running Run.py | Seed: 2 | Teacher Forcing: True
=================================================================
/scratch/chkkar002/Diffusion_Based_STGNNs/AGCRN/lib/dataloader.py:80: UserWarning: The torch.cuda.*DtypeTensor constructors are no longer recommended. It's best to use methods such as torch.tensor(data, dtype=*, device='cuda') to create tensors. (Triggered internally at /pytorch/torch/csrc/tensor/python_tensor.cpp:78.)
  X, Y = TensorFloat(X), TensorFloat(Y)
wandb: [wandb.login()] Loaded credentials for https://api.wandb.ai from /home/chkkar002/.netrc.
wandb: Currently logged in as: chkkar002 (chkkar002-university-of-cape-town) to https://api.wandb.ai. Use `wandb login --relogin` to force relogin
wandb: WARNING Using a boolean value for 'reinit' is deprecated. Use 'return_previous' or 'finish_previous' instead.
wandb: setting up run exgl5n1m
wandb: Tracking run with wandb version 0.26.1
wandb: Run data is saved locally in /scratch/chkkar002/Diffusion_Based_STGNNs/AGCRN/model/wandb/run-20260819_155420-exgl5n1m
wandb: Run `wandb offline` to turn off syncing.
wandb: Syncing run AGCRN_realval
wandb: ⭐️ View project at https://wandb.ai/chkkar002-university-of-cape-town/stgnn-weather
wandb: 🚀 View run at https://wandb.ai/chkkar002-university-of-cape-town/stgnn-weather/runs/exgl5n1m
2026-08-19 15:54: Experiment log path in: /scratch/chkkar002/Diffusion_Based_STGNNs/AGCRN/model/experiments/SAWS/20260819155420
2026-08-19 15:54: Train Epoch 1: 0/1641 Loss: 0.883841
2026-08-19 15:54: Train Epoch 1: 20/1641 Loss: 0.969578
2026-08-19 15:54: Train Epoch 1: 40/1641 Loss: 0.886415
2026-08-19 15:54: Train Epoch 1: 60/1641 Loss: 0.777436
2026-08-19 15:54: Train Epoch 1: 80/1641 Loss: 0.764555
2026-08-19 15:54: Train Epoch 1: 100/1641 Loss: 0.766551
2026-08-19 15:54: Train Epoch 1: 120/1641 Loss: 0.686521
2026-08-19 15:54: Train Epoch 1: 140/1641 Loss: 0.669457
2026-08-19 15:54: Train Epoch 1: 160/1641 Loss: 0.619444
2026-08-19 15:54: Train Epoch 1: 180/1641 Loss: 0.662543
2026-08-19 15:54: Train Epoch 1: 200/1641 Loss: 0.690098
2026-08-19 15:54: Train Epoch 1: 220/1641 Loss: 0.622181
2026-08-19 15:54: Train Epoch 1: 240/1641 Loss: 0.640370
2026-08-19 15:54: Train Epoch 1: 260/1641 Loss: 0.648681
2026-08-19 15:55: Train Epoch 1: 280/1641 Loss: 0.661243
2026-08-19 15:55: Train Epoch 1: 300/1641 Loss: 0.587509
2026-08-19 15:55: Train Epoch 1: 320/1641 Loss: 0.601245
2026-08-19 15:55: Train Epoch 1: 340/1641 Loss: 0.597361
2026-08-19 15:55: Train Epoch 1: 360/1641 Loss: 0.602593
2026-08-19 15:55: Train Epoch 1: 380/1641 Loss: 0.622066
2026-08-19 15:55: Train Epoch 1: 400/1641 Loss: 0.600989
2026-08-19 15:55: Train Epoch 1: 420/1641 Loss: 0.588391
2026-08-19 15:55: Train Epoch 1: 440/1641 Loss: 0.546389
2026-08-19 15:55: Train Epoch 1: 460/1641 Loss: 0.502140
2026-08-19 15:55: Train Epoch 1: 480/1641 Loss: 0.519235
2026-08-19 15:55: Train Epoch 1: 500/1641 Loss: 0.466757
2026-08-19 15:55: Train Epoch 1: 520/1641 Loss: 0.418976
2026-08-19 15:55: Train Epoch 1: 540/1641 Loss: 0.404380
2026-08-19 15:55: Train Epoch 1: 560/1641 Loss: 0.461320
2026-08-19 15:55: Train Epoch 1: 580/1641 Loss: 0.439052
2026-08-19 15:55: Train Epoch 1: 600/1641 Loss: 0.437530
2026-08-19 15:55: Train Epoch 1: 620/1641 Loss: 0.378164
2026-08-19 15:55: Train Epoch 1: 640/1641 Loss: 0.421650
2026-08-19 15:55: Train Epoch 1: 660/1641 Loss: 0.440953
2026-08-19 15:55: Train Epoch 1: 680/1641 Loss: 0.442055
2026-08-19 15:55: Train Epoch 1: 700/1641 Loss: 0.395891
2026-08-19 15:56: Train Epoch 1: 720/1641 Loss: 0.376034
2026-08-19 15:56: Train Epoch 1: 740/1641 Loss: 0.437700
2026-08-19 15:56: Train Epoch 1: 760/1641 Loss: 0.406946
2026-08-19 15:56: Train Epoch 1: 780/1641 Loss: 0.374395
2026-08-19 15:56: Train Epoch 1: 800/1641 Loss: 0.395886
2026-08-19 15:56: Train Epoch 1: 820/1641 Loss: 0.392698
2026-08-19 15:56: Train Epoch 1: 840/1641 Loss: 0.384079
2026-08-19 15:56: Train Epoch 1: 860/1641 Loss: 0.373579
2026-08-19 15:56: Train Epoch 1: 880/1641 Loss: 0.410072
2026-08-19 15:56: Train Epoch 1: 900/1641 Loss: 0.368913
2026-08-19 15:56: Train Epoch 1: 920/1641 Loss: 0.377728
2026-08-19 15:56: Train Epoch 1: 940/1641 Loss: 0.365287
2026-08-19 15:56: Train Epoch 1: 960/1641 Loss: 0.386524
2026-08-19 15:56: Train Epoch 1: 980/1641 Loss: 0.394711
2026-08-19 15:56: Train Epoch 1: 1000/1641 Loss: 0.383595
2026-08-19 15:56: Train Epoch 1: 1020/1641 Loss: 0.398948
2026-08-19 15:56: Train Epoch 1: 1040/1641 Loss: 0.378791
2026-08-19 15:56: Train Epoch 1: 1060/1641 Loss: 0.387600
2026-08-19 15:56: Train Epoch 1: 1080/1641 Loss: 0.339149
2026-08-19 15:56: Train Epoch 1: 1100/1641 Loss: 0.378211
2026-08-19 15:56: Train Epoch 1: 1120/1641 Loss: 0.392650
2026-08-19 15:56: Train Epoch 1: 1140/1641 Loss: 0.385671
2026-08-19 15:56: Train Epoch 1: 1160/1641 Loss: 0.365456
2026-08-19 15:57: Train Epoch 1: 1180/1641 Loss: 0.347607
2026-08-19 15:57: Train Epoch 1: 1200/1641 Loss: 0.360684
2026-08-19 15:57: Train Epoch 1: 1220/1641 Loss: 0.362061
2026-08-19 15:57: Train Epoch 1: 1240/1641 Loss: 0.352886
2026-08-19 15:57: Train Epoch 1: 1260/1641 Loss: 0.389018
2026-08-19 15:57: Train Epoch 1: 1280/1641 Loss: 0.366388
2026-08-19 15:57: Train Epoch 1: 1300/1641 Loss: 0.391874
2026-08-19 15:57: Train Epoch 1: 1320/1641 Loss: 0.379219
2026-08-19 15:57: Train Epoch 1: 1340/1641 Loss: 0.340010
2026-08-19 15:57: Train Epoch 1: 1360/1641 Loss: 0.379542
2026-08-19 15:57: Train Epoch 1: 1380/1641 Loss: 0.361772
2026-08-19 15:57: Train Epoch 1: 1400/1641 Loss: 0.375533
2026-08-19 15:57: Train Epoch 1: 1420/1641 Loss: 0.373626
2026-08-19 15:57: Train Epoch 1: 1440/1641 Loss: 0.346966
2026-08-19 15:57: Train Epoch 1: 1460/1641 Loss: 0.337595
2026-08-19 15:57: Train Epoch 1: 1480/1641 Loss: 0.367163
2026-08-19 15:57: Train Epoch 1: 1500/1641 Loss: 0.354399
2026-08-19 15:57: Train Epoch 1: 1520/1641 Loss: 0.392861
2026-08-19 15:57: Train Epoch 1: 1540/1641 Loss: 0.404939
2026-08-19 15:57: Train Epoch 1: 1560/1641 Loss: 0.385137
2026-08-19 15:57: Train Epoch 1: 1580/1641 Loss: 0.347471
2026-08-19 15:57: Train Epoch 1: 1600/1641 Loss: 0.378340
2026-08-19 15:58: Train Epoch 1: 1620/1641 Loss: 0.350674
2026-08-19 15:58: Train Epoch 1: 1640/1641 Loss: 0.401383
2026-08-19 15:58: **********Train Epoch 1: averaged Loss: 0.467745, tf_ratio: 0.998866
2026-08-19 15:58: **********Val Epoch 1: average Loss: 0.346911
2026-08-19 15:58: *********************************Current best model saved!
2026-08-19 15:58: Train Epoch 2: 0/1641 Loss: 0.354574
2026-08-19 15:58: Train Epoch 2: 20/1641 Loss: 0.383848
2026-08-19 15:58: Train Epoch 2: 40/1641 Loss: 0.336631
2026-08-19 15:58: Train Epoch 2: 60/1641 Loss: 0.333567
2026-08-19 15:58: Train Epoch 2: 80/1641 Loss: 0.361863
2026-08-19 15:58: Train Epoch 2: 100/1641 Loss: 0.324845
2026-08-19 15:58: Train Epoch 2: 120/1641 Loss: 0.343236
2026-08-19 15:58: Train Epoch 2: 140/1641 Loss: 0.334063
2026-08-19 15:58: Train Epoch 2: 160/1641 Loss: 0.365658
2026-08-19 15:58: Train Epoch 2: 180/1641 Loss: 0.355483
2026-08-19 15:58: Train Epoch 2: 200/1641 Loss: 0.316394
2026-08-19 15:58: Train Epoch 2: 220/1641 Loss: 0.340271
2026-08-19 15:58: Train Epoch 2: 240/1641 Loss: 0.391723
2026-08-19 15:59: Train Epoch 2: 260/1641 Loss: 0.345612
2026-08-19 15:59: Train Epoch 2: 280/1641 Loss: 0.355916
2026-08-19 15:59: Train Epoch 2: 300/1641 Loss: 0.365678
2026-08-19 15:59: Train Epoch 2: 320/1641 Loss: 0.377402
2026-08-19 15:59: Train Epoch 2: 340/1641 Loss: 0.356587
2026-08-19 15:59: Train Epoch 2: 360/1641 Loss: 0.357115
2026-08-19 15:59: Train Epoch 2: 380/1641 Loss: 0.352671
2026-08-19 15:59: Train Epoch 2: 400/1641 Loss: 0.351666
2026-08-19 15:59: Train Epoch 2: 420/1641 Loss: 0.358611
2026-08-19 15:59: Train Epoch 2: 440/1641 Loss: 0.357245
2026-08-19 15:59: Train Epoch 2: 460/1641 Loss: 0.348011
2026-08-19 15:59: Train Epoch 2: 480/1641 Loss: 0.364034
2026-08-19 15:59: Train Epoch 2: 500/1641 Loss: 0.353598
2026-08-19 15:59: Train Epoch 2: 520/1641 Loss: 0.348756
2026-08-19 15:59: Train Epoch 2: 540/1641 Loss: 0.344357
2026-08-19 15:59: Train Epoch 2: 560/1641 Loss: 0.345493
2026-08-19 15:59: Train Epoch 2: 580/1641 Loss: 0.350534
2026-08-19 15:59: Train Epoch 2: 600/1641 Loss: 0.354294
2026-08-19 15:59: Train Epoch 2: 620/1641 Loss: 0.341467
2026-08-19 15:59: Train Epoch 2: 640/1641 Loss: 0.326107
2026-08-19 15:59: Train Epoch 2: 660/1641 Loss: 0.334670
2026-08-19 15:59: Train Epoch 2: 680/1641 Loss: 0.356655
2026-08-19 16:00: Train Epoch 2: 700/1641 Loss: 0.351638
2026-08-19 16:00: Train Epoch 2: 720/1641 Loss: 0.357053
2026-08-19 16:00: Train Epoch 2: 740/1641 Loss: 0.340550
2026-08-19 16:00: Train Epoch 2: 760/1641 Loss: 0.351624
2026-08-19 16:00: Train Epoch 2: 780/1641 Loss: 0.336529
2026-08-19 16:00: Train Epoch 2: 800/1641 Loss: 0.339928
2026-08-19 16:00: Train Epoch 2: 820/1641 Loss: 0.354938
2026-08-19 16:00: Train Epoch 2: 840/1641 Loss: 0.345134
2026-08-19 16:00: Train Epoch 2: 860/1641 Loss: 0.311863
2026-08-19 16:00: Train Epoch 2: 880/1641 Loss: 0.326884
2026-08-19 16:00: Train Epoch 2: 900/1641 Loss: 0.346362
2026-08-19 16:00: Train Epoch 2: 920/1641 Loss: 0.349120
2026-08-19 16:00: Train Epoch 2: 940/1641 Loss: 0.349177
2026-08-19 16:00: Train Epoch 2: 960/1641 Loss: 0.315261
2026-08-19 16:00: Train Epoch 2: 980/1641 Loss: 0.325845
2026-08-19 16:00: Train Epoch 2: 1000/1641 Loss: 0.336392
2026-08-19 16:00: Train Epoch 2: 1020/1641 Loss: 0.322015
2026-08-19 16:00: Train Epoch 2: 1040/1641 Loss: 0.356026
2026-08-19 16:00: Train Epoch 2: 1060/1641 Loss: 0.321226
2026-08-19 16:00: Train Epoch 2: 1080/1641 Loss: 0.338260
2026-08-19 16:00: Train Epoch 2: 1100/1641 Loss: 0.338863
2026-08-19 16:00: Train Epoch 2: 1120/1641 Loss: 0.331700
2026-08-19 16:00: Train Epoch 2: 1140/1641 Loss: 0.354005
2026-08-19 16:01: Train Epoch 2: 1160/1641 Loss: 0.327477
2026-08-19 16:01: Train Epoch 2: 1180/1641 Loss: 0.370266
2026-08-19 16:01: Train Epoch 2: 1200/1641 Loss: 0.345230
2026-08-19 16:01: Train Epoch 2: 1220/1641 Loss: 0.321322
2026-08-19 16:01: Train Epoch 2: 1240/1641 Loss: 0.384880
2026-08-19 16:01: Train Epoch 2: 1260/1641 Loss: 0.315087
2026-08-19 16:01: Train Epoch 2: 1280/1641 Loss: 0.339555
2026-08-19 16:01: Train Epoch 2: 1300/1641 Loss: 0.323984
2026-08-19 16:01: Train Epoch 2: 1320/1641 Loss: 0.362131
2026-08-19 16:01: Train Epoch 2: 1340/1641 Loss: 0.323029
2026-08-19 16:01: Train Epoch 2: 1360/1641 Loss: 0.339966
2026-08-19 16:01: Train Epoch 2: 1380/1641 Loss: 0.333178
2026-08-19 16:01: Train Epoch 2: 1400/1641 Loss: 0.357500
2026-08-19 16:01: Train Epoch 2: 1420/1641 Loss: 0.317672
2026-08-19 16:01: Train Epoch 2: 1440/1641 Loss: 0.328669
2026-08-19 16:01: Train Epoch 2: 1460/1641 Loss: 0.332725
2026-08-19 16:01: Train Epoch 2: 1480/1641 Loss: 0.323656
2026-08-19 16:01: Train Epoch 2: 1500/1641 Loss: 0.351798
2026-08-19 16:01: Train Epoch 2: 1520/1641 Loss: 0.325197
2026-08-19 16:01: Train Epoch 2: 1540/1641 Loss: 0.340742
2026-08-19 16:01: Train Epoch 2: 1560/1641 Loss: 0.367834
2026-08-19 16:01: Train Epoch 2: 1580/1641 Loss: 0.328905
2026-08-19 16:02: Train Epoch 2: 1600/1641 Loss: 0.345046
2026-08-19 16:02: Train Epoch 2: 1620/1641 Loss: 0.315792
2026-08-19 16:02: Train Epoch 2: 1640/1641 Loss: 0.341762
2026-08-19 16:02: **********Train Epoch 2: averaged Loss: 0.342545, tf_ratio: 0.997428
2026-08-19 16:02: **********Val Epoch 2: average Loss: 0.332841
2026-08-19 16:02: *********************************Current best model saved!
2026-08-19 16:02: Train Epoch 3: 0/1641 Loss: 0.312907
2026-08-19 16:02: Train Epoch 3: 20/1641 Loss: 0.343948
2026-08-19 16:02: Train Epoch 3: 40/1641 Loss: 0.341021
2026-08-19 16:02: Train Epoch 3: 60/1641 Loss: 0.311221
2026-08-19 16:02: Train Epoch 3: 80/1641 Loss: 0.352983
2026-08-19 16:02: Train Epoch 3: 100/1641 Loss: 0.362620
2026-08-19 16:02: Train Epoch 3: 120/1641 Loss: 0.338049
2026-08-19 16:02: Train Epoch 3: 140/1641 Loss: 0.320950
2026-08-19 16:02: Train Epoch 3: 160/1641 Loss: 0.337208
2026-08-19 16:02: Train Epoch 3: 180/1641 Loss: 0.317356
2026-08-19 16:02: Train Epoch 3: 200/1641 Loss: 0.347633
2026-08-19 16:02: Train Epoch 3: 220/1641 Loss: 0.318502
2026-08-19 16:03: Train Epoch 3: 240/1641 Loss: 0.323654
2026-08-19 16:03: Train Epoch 3: 260/1641 Loss: 0.315953
2026-08-19 16:03: Train Epoch 3: 280/1641 Loss: 0.317009
2026-08-19 16:03: Train Epoch 3: 300/1641 Loss: 0.329924
2026-08-19 16:03: Train Epoch 3: 320/1641 Loss: 0.330915
2026-08-19 16:03: Train Epoch 3: 340/1641 Loss: 0.312807
2026-08-19 16:03: Train Epoch 3: 360/1641 Loss: 0.347832
2026-08-19 16:03: Train Epoch 3: 380/1641 Loss: 0.317894
2026-08-19 16:03: Train Epoch 3: 400/1641 Loss: 0.334988
2026-08-19 16:03: Train Epoch 3: 420/1641 Loss: 0.349661
2026-08-19 16:03: Train Epoch 3: 440/1641 Loss: 0.342562
2026-08-19 16:03: Train Epoch 3: 460/1641 Loss: 0.319642
2026-08-19 16:03: Train Epoch 3: 480/1641 Loss: 0.322799
2026-08-19 16:03: Train Epoch 3: 500/1641 Loss: 0.341272
2026-08-19 16:03: Train Epoch 3: 520/1641 Loss: 0.349501
2026-08-19 16:03: Train Epoch 3: 540/1641 Loss: 0.328654
2026-08-19 16:03: Train Epoch 3: 560/1641 Loss: 0.337437
2026-08-19 16:03: Train Epoch 3: 580/1641 Loss: 0.338250
2026-08-19 16:03: Train Epoch 3: 600/1641 Loss: 0.285661
2026-08-19 16:03: Train Epoch 3: 620/1641 Loss: 0.325922
2026-08-19 16:03: Train Epoch 3: 640/1641 Loss: 0.326608
2026-08-19 16:04: Train Epoch 3: 660/1641 Loss: 0.326411
2026-08-19 16:04: Train Epoch 3: 680/1641 Loss: 0.344286
2026-08-19 16:04: Train Epoch 3: 700/1641 Loss: 0.303738
2026-08-19 16:04: Train Epoch 3: 720/1641 Loss: 0.354127
2026-08-19 16:04: Train Epoch 3: 740/1641 Loss: 0.322863
2026-08-19 16:04: Train Epoch 3: 760/1641 Loss: 0.346553
2026-08-19 16:04: Train Epoch 3: 780/1641 Loss: 0.325227
2026-08-19 16:04: Train Epoch 3: 800/1641 Loss: 0.347691
2026-08-19 16:04: Train Epoch 3: 820/1641 Loss: 0.346035
2026-08-19 16:04: Train Epoch 3: 840/1641 Loss: 0.316961
2026-08-19 16:04: Train Epoch 3: 860/1641 Loss: 0.326798
2026-08-19 16:04: Train Epoch 3: 880/1641 Loss: 0.319994
2026-08-19 16:04: Train Epoch 3: 900/1641 Loss: 0.331229
2026-08-19 16:04: Train Epoch 3: 920/1641 Loss: 0.318743
2026-08-19 16:04: Train Epoch 3: 940/1641 Loss: 0.325753
2026-08-19 16:04: Train Epoch 3: 960/1641 Loss: 0.317740
2026-08-19 16:04: Train Epoch 3: 980/1641 Loss: 0.313023
2026-08-19 16:04: Train Epoch 3: 1000/1641 Loss: 0.335695
2026-08-19 16:04: Train Epoch 3: 1020/1641 Loss: 0.338807
2026-08-19 16:04: Train Epoch 3: 1040/1641 Loss: 0.308269
2026-08-19 16:04: Train Epoch 3: 1060/1641 Loss: 0.321967
2026-08-19 16:04: Train Epoch 3: 1080/1641 Loss: 0.348732
2026-08-19 16:04: Train Epoch 3: 1100/1641 Loss: 0.327436
2026-08-19 16:05: Train Epoch 3: 1120/1641 Loss: 0.315303
2026-08-19 16:05: Train Epoch 3: 1140/1641 Loss: 0.324616
2026-08-19 16:05: Train Epoch 3: 1160/1641 Loss: 0.330384
2026-08-19 16:05: Train Epoch 3: 1180/1641 Loss: 0.324995
2026-08-19 16:05: Train Epoch 3: 1200/1641 Loss: 0.361066
2026-08-19 16:05: Train Epoch 3: 1220/1641 Loss: 0.324947
2026-08-19 16:05: Train Epoch 3: 1240/1641 Loss: 0.350597
2026-08-19 16:05: Train Epoch 3: 1260/1641 Loss: 0.316316
2026-08-19 16:05: Train Epoch 3: 1280/1641 Loss: 0.330612
2026-08-19 16:05: Train Epoch 3: 1300/1641 Loss: 0.318928
2026-08-19 16:05: Train Epoch 3: 1320/1641 Loss: 0.321018
2026-08-19 16:05: Train Epoch 3: 1340/1641 Loss: 0.324552
2026-08-19 16:05: Train Epoch 3: 1360/1641 Loss: 0.335258
2026-08-19 16:05: Train Epoch 3: 1380/1641 Loss: 0.305660
2026-08-19 16:05: Train Epoch 3: 1400/1641 Loss: 0.336496
2026-08-19 16:05: Train Epoch 3: 1420/1641 Loss: 0.321581
2026-08-19 16:05: Train Epoch 3: 1440/1641 Loss: 0.340063
2026-08-19 16:05: Train Epoch 3: 1460/1641 Loss: 0.309861
2026-08-19 16:05: Train Epoch 3: 1480/1641 Loss: 0.333469
2026-08-19 16:05: Train Epoch 3: 1500/1641 Loss: 0.304445
2026-08-19 16:05: Train Epoch 3: 1520/1641 Loss: 0.303527
2026-08-19 16:05: Train Epoch 3: 1540/1641 Loss: 0.312086
2026-08-19 16:06: Train Epoch 3: 1560/1641 Loss: 0.323323
2026-08-19 16:06: Train Epoch 3: 1580/1641 Loss: 0.309760
2026-08-19 16:06: Train Epoch 3: 1600/1641 Loss: 0.316083
2026-08-19 16:06: Train Epoch 3: 1620/1641 Loss: 0.346608
2026-08-19 16:06: Train Epoch 3: 1640/1641 Loss: 0.323116
2026-08-19 16:06: **********Train Epoch 3: averaged Loss: 0.329808, tf_ratio: 0.994176
2026-08-19 16:06: **********Val Epoch 3: average Loss: 0.325728
2026-08-19 16:06: *********************************Current best model saved!
2026-08-19 16:06: Train Epoch 4: 0/1641 Loss: 0.330558
2026-08-19 16:06: Train Epoch 4: 20/1641 Loss: 0.308791
2026-08-19 16:06: Train Epoch 4: 40/1641 Loss: 0.323539
2026-08-19 16:06: Train Epoch 4: 60/1641 Loss: 0.307376
2026-08-19 16:06: Train Epoch 4: 80/1641 Loss: 0.328707
2026-08-19 16:06: Train Epoch 4: 100/1641 Loss: 0.342286
2026-08-19 16:06: Train Epoch 4: 120/1641 Loss: 0.326662
2026-08-19 16:06: Train Epoch 4: 140/1641 Loss: 0.345270
2026-08-19 16:06: Train Epoch 4: 160/1641 Loss: 0.325904
2026-08-19 16:07: Train Epoch 4: 180/1641 Loss: 0.327515
2026-08-19 16:07: Train Epoch 4: 200/1641 Loss: 0.343438
2026-08-19 16:07: Train Epoch 4: 220/1641 Loss: 0.324419
2026-08-19 16:07: Train Epoch 4: 240/1641 Loss: 0.319930
2026-08-19 16:07: Train Epoch 4: 260/1641 Loss: 0.341945
2026-08-19 16:07: Train Epoch 4: 280/1641 Loss: 0.338935
2026-08-19 16:07: Train Epoch 4: 300/1641 Loss: 0.348108
2026-08-19 16:07: Train Epoch 4: 320/1641 Loss: 0.314661
2026-08-19 16:07: Train Epoch 4: 340/1641 Loss: 0.322817
2026-08-19 16:07: Train Epoch 4: 360/1641 Loss: 0.318498
2026-08-19 16:07: Train Epoch 4: 380/1641 Loss: 0.321108
2026-08-19 16:07: Train Epoch 4: 400/1641 Loss: 0.335138
2026-08-19 16:07: Train Epoch 4: 420/1641 Loss: 0.317074
2026-08-19 16:07: Train Epoch 4: 440/1641 Loss: 0.299994
2026-08-19 16:07: Train Epoch 4: 460/1641 Loss: 0.342897
2026-08-19 16:07: Train Epoch 4: 480/1641 Loss: 0.359330
2026-08-19 16:07: Train Epoch 4: 500/1641 Loss: 0.331501
2026-08-19 16:07: Train Epoch 4: 520/1641 Loss: 0.337534
2026-08-19 16:07: Train Epoch 4: 540/1641 Loss: 0.329104
2026-08-19 16:07: Train Epoch 4: 560/1641 Loss: 0.321093
2026-08-19 16:07: Train Epoch 4: 580/1641 Loss: 0.353166
2026-08-19 16:07: Train Epoch 4: 600/1641 Loss: 0.312550
2026-08-19 16:07: Train Epoch 4: 620/1641 Loss: 0.309228
2026-08-19 16:08: Train Epoch 4: 640/1641 Loss: 0.303864
2026-08-19 16:08: Train Epoch 4: 660/1641 Loss: 0.319276
2026-08-19 16:08: Train Epoch 4: 680/1641 Loss: 0.324355
2026-08-19 16:08: Train Epoch 4: 700/1641 Loss: 0.320417
2026-08-19 16:08: Train Epoch 4: 720/1641 Loss: 0.328408
2026-08-19 16:08: Train Epoch 4: 740/1641 Loss: 0.359218
2026-08-19 16:08: Train Epoch 4: 760/1641 Loss: 0.328065
2026-08-19 16:08: Train Epoch 4: 780/1641 Loss: 0.328059
2026-08-19 16:08: Train Epoch 4: 800/1641 Loss: 0.317026
2026-08-19 16:08: Train Epoch 4: 820/1641 Loss: 0.317210
2026-08-19 16:08: Train Epoch 4: 840/1641 Loss: 0.329272
2026-08-19 16:08: Train Epoch 4: 860/1641 Loss: 0.344153
2026-08-19 16:08: Train Epoch 4: 880/1641 Loss: 0.342258
2026-08-19 16:08: Train Epoch 4: 900/1641 Loss: 0.339922
2026-08-19 16:08: Train Epoch 4: 920/1641 Loss: 0.321470
2026-08-19 16:08: Train Epoch 4: 940/1641 Loss: 0.328102
2026-08-19 16:08: Train Epoch 4: 960/1641 Loss: 0.339643
2026-08-19 16:08: Train Epoch 4: 980/1641 Loss: 0.315659
2026-08-19 16:08: Train Epoch 4: 1000/1641 Loss: 0.304990
2026-08-19 16:08: Train Epoch 4: 1020/1641 Loss: 0.295764
2026-08-19 16:08: Train Epoch 4: 1040/1641 Loss: 0.305322
2026-08-19 16:09: Train Epoch 4: 1060/1641 Loss: 0.316336
2026-08-19 16:09: Train Epoch 4: 1080/1641 Loss: 0.334067
2026-08-19 16:09: Train Epoch 4: 1100/1641 Loss: 0.307912
2026-08-19 16:09: Train Epoch 4: 1120/1641 Loss: 0.311247
2026-08-19 16:09: Train Epoch 4: 1140/1641 Loss: 0.335753
2026-08-19 16:09: Train Epoch 4: 1160/1641 Loss: 0.305812
2026-08-19 16:09: Train Epoch 4: 1180/1641 Loss: 0.338317
2026-08-19 16:09: Train Epoch 4: 1200/1641 Loss: 0.337259
2026-08-19 16:09: Train Epoch 4: 1220/1641 Loss: 0.346421
2026-08-19 16:09: Train Epoch 4: 1240/1641 Loss: 0.328167
2026-08-19 16:09: Train Epoch 4: 1260/1641 Loss: 0.293918
2026-08-19 16:09: Train Epoch 4: 1280/1641 Loss: 0.318741
2026-08-19 16:09: Train Epoch 4: 1300/1641 Loss: 0.336970
2026-08-19 16:09: Train Epoch 4: 1320/1641 Loss: 0.314325
2026-08-19 16:09: Train Epoch 4: 1340/1641 Loss: 0.317456
2026-08-19 16:09: Train Epoch 4: 1360/1641 Loss: 0.325165
2026-08-19 16:09: Train Epoch 4: 1380/1641 Loss: 0.307886
2026-08-19 16:09: Train Epoch 4: 1400/1641 Loss: 0.297796
2026-08-19 16:09: Train Epoch 4: 1420/1641 Loss: 0.294106
2026-08-19 16:09: Train Epoch 4: 1440/1641 Loss: 0.301362
2026-08-19 16:09: Train Epoch 4: 1460/1641 Loss: 0.331439
2026-08-19 16:09: Train Epoch 4: 1480/1641 Loss: 0.308252
2026-08-19 16:10: Train Epoch 4: 1500/1641 Loss: 0.304187
2026-08-19 16:10: Train Epoch 4: 1520/1641 Loss: 0.334316
2026-08-19 16:10: Train Epoch 4: 1540/1641 Loss: 0.326854
2026-08-19 16:10: Train Epoch 4: 1560/1641 Loss: 0.341741
2026-08-19 16:10: Train Epoch 4: 1580/1641 Loss: 0.316434
2026-08-19 16:10: Train Epoch 4: 1600/1641 Loss: 0.362766
2026-08-19 16:10: Train Epoch 4: 1620/1641 Loss: 0.314184
2026-08-19 16:10: Train Epoch 4: 1640/1641 Loss: 0.304367
2026-08-19 16:10: **********Train Epoch 4: averaged Loss: 0.321489, tf_ratio: 0.986867
2026-08-19 16:10: **********Val Epoch 4: average Loss: 0.318866
2026-08-19 16:10: *********************************Current best model saved!
2026-08-19 16:10: Train Epoch 5: 0/1641 Loss: 0.313662
2026-08-19 16:10: Train Epoch 5: 20/1641 Loss: 0.315042
2026-08-19 16:10: Train Epoch 5: 40/1641 Loss: 0.331468
2026-08-19 16:10: Train Epoch 5: 60/1641 Loss: 0.304697
2026-08-19 16:10: Train Epoch 5: 80/1641 Loss: 0.313547
2026-08-19 16:10: Train Epoch 5: 100/1641 Loss: 0.344707
2026-08-19 16:10: Train Epoch 5: 120/1641 Loss: 0.292386
2026-08-19 16:11: Train Epoch 5: 140/1641 Loss: 0.305120
2026-08-19 16:11: Train Epoch 5: 160/1641 Loss: 0.349928
2026-08-19 16:11: Train Epoch 5: 180/1641 Loss: 0.319491
2026-08-19 16:11: Train Epoch 5: 200/1641 Loss: 0.289522
2026-08-19 16:11: Train Epoch 5: 220/1641 Loss: 0.321821
2026-08-19 16:11: Train Epoch 5: 240/1641 Loss: 0.323271
2026-08-19 16:11: Train Epoch 5: 260/1641 Loss: 0.324695
2026-08-19 16:11: Train Epoch 5: 280/1641 Loss: 0.328111
2026-08-19 16:11: Train Epoch 5: 300/1641 Loss: 0.316725
2026-08-19 16:11: Train Epoch 5: 320/1641 Loss: 0.316993
2026-08-19 16:11: Train Epoch 5: 340/1641 Loss: 0.326973
2026-08-19 16:11: Train Epoch 5: 360/1641 Loss: 0.312170
2026-08-19 16:11: Train Epoch 5: 380/1641 Loss: 0.325909
2026-08-19 16:11: Train Epoch 5: 400/1641 Loss: 0.328032
2026-08-19 16:11: Train Epoch 5: 420/1641 Loss: 0.327939
2026-08-19 16:11: Train Epoch 5: 440/1641 Loss: 0.301469
2026-08-19 16:11: Train Epoch 5: 460/1641 Loss: 0.312779
2026-08-19 16:11: Train Epoch 5: 480/1641 Loss: 0.306542
2026-08-19 16:11: Train Epoch 5: 500/1641 Loss: 0.333013
2026-08-19 16:11: Train Epoch 5: 520/1641 Loss: 0.325235
2026-08-19 16:11: Train Epoch 5: 540/1641 Loss: 0.325496
2026-08-19 16:11: Train Epoch 5: 560/1641 Loss: 0.312634
2026-08-19 16:11: Train Epoch 5: 580/1641 Loss: 0.305577
2026-08-19 16:12: Train Epoch 5: 600/1641 Loss: 0.306382
2026-08-19 16:12: Train Epoch 5: 620/1641 Loss: 0.297920
2026-08-19 16:12: Train Epoch 5: 640/1641 Loss: 0.326589
2026-08-19 16:12: Train Epoch 5: 660/1641 Loss: 0.323459
2026-08-19 16:12: Train Epoch 5: 680/1641 Loss: 0.306358
2026-08-19 16:12: Train Epoch 5: 700/1641 Loss: 0.330632
2026-08-19 16:12: Train Epoch 5: 720/1641 Loss: 0.333347
2026-08-19 16:12: Train Epoch 5: 740/1641 Loss: 0.334845
2026-08-19 16:12: Train Epoch 5: 760/1641 Loss: 0.328223
2026-08-19 16:12: Train Epoch 5: 780/1641 Loss: 0.307696
2026-08-19 16:12: Train Epoch 5: 800/1641 Loss: 0.314921
2026-08-19 16:12: Train Epoch 5: 820/1641 Loss: 0.295167
2026-08-19 16:12: Train Epoch 5: 840/1641 Loss: 0.306573
2026-08-19 16:12: Train Epoch 5: 860/1641 Loss: 0.332084
2026-08-19 16:12: Train Epoch 5: 880/1641 Loss: 0.334073
2026-08-19 16:12: Train Epoch 5: 900/1641 Loss: 0.340043
2026-08-19 16:12: Train Epoch 5: 920/1641 Loss: 0.311349
2026-08-19 16:12: Train Epoch 5: 940/1641 Loss: 0.324349
2026-08-19 16:12: Train Epoch 5: 960/1641 Loss: 0.327514
2026-08-19 16:12: Train Epoch 5: 980/1641 Loss: 0.308868
2026-08-19 16:12: Train Epoch 5: 1000/1641 Loss: 0.320685
2026-08-19 16:12: Train Epoch 5: 1020/1641 Loss: 0.325942
2026-08-19 16:13: Train Epoch 5: 1040/1641 Loss: 0.307672
2026-08-19 16:13: Train Epoch 5: 1060/1641 Loss: 0.313675
2026-08-19 16:13: Train Epoch 5: 1080/1641 Loss: 0.326237
2026-08-19 16:13: Train Epoch 5: 1100/1641 Loss: 0.332027
2026-08-19 16:13: Train Epoch 5: 1120/1641 Loss: 0.303125
2026-08-19 16:13: Train Epoch 5: 1140/1641 Loss: 0.304695
2026-08-19 16:13: Train Epoch 5: 1160/1641 Loss: 0.312139
2026-08-19 16:13: Train Epoch 5: 1180/1641 Loss: 0.328472
2026-08-19 16:13: Train Epoch 5: 1200/1641 Loss: 0.311355
2026-08-19 16:13: Train Epoch 5: 1220/1641 Loss: 0.301688
2026-08-19 16:13: Train Epoch 5: 1240/1641 Loss: 0.320020
2026-08-19 16:13: Train Epoch 5: 1260/1641 Loss: 0.310120
2026-08-19 16:13: Train Epoch 5: 1280/1641 Loss: 0.318208
2026-08-19 16:13: Train Epoch 5: 1300/1641 Loss: 0.295067
2026-08-19 16:13: Train Epoch 5: 1320/1641 Loss: 0.339102
2026-08-19 16:13: Train Epoch 5: 1340/1641 Loss: 0.316538
2026-08-19 16:13: Train Epoch 5: 1360/1641 Loss: 0.297804
2026-08-19 16:13: Train Epoch 5: 1380/1641 Loss: 0.283378
2026-08-19 16:13: Train Epoch 5: 1400/1641 Loss: 0.314779
2026-08-19 16:13: Train Epoch 5: 1420/1641 Loss: 0.322590
2026-08-19 16:13: Train Epoch 5: 1440/1641 Loss: 0.302664
2026-08-19 16:13: Train Epoch 5: 1460/1641 Loss: 0.316769
2026-08-19 16:14: Train Epoch 5: 1480/1641 Loss: 0.276612
2026-08-19 16:14: Train Epoch 5: 1500/1641 Loss: 0.320803
2026-08-19 16:14: Train Epoch 5: 1520/1641 Loss: 0.304683
2026-08-19 16:14: Train Epoch 5: 1540/1641 Loss: 0.317448
2026-08-19 16:14: Train Epoch 5: 1560/1641 Loss: 0.320338
2026-08-19 16:14: Train Epoch 5: 1580/1641 Loss: 0.308761
2026-08-19 16:14: Train Epoch 5: 1600/1641 Loss: 0.303917
2026-08-19 16:14: Train Epoch 5: 1620/1641 Loss: 0.298197
2026-08-19 16:14: Train Epoch 5: 1640/1641 Loss: 0.344878
2026-08-19 16:14: **********Train Epoch 5: averaged Loss: 0.315617, tf_ratio: 0.970657
2026-08-19 16:14: **********Val Epoch 5: average Loss: 0.316016
2026-08-19 16:14: *********************************Current best model saved!
2026-08-19 16:14: Train Epoch 6: 0/1641 Loss: 0.310699
2026-08-19 16:14: Train Epoch 6: 20/1641 Loss: 0.301603
2026-08-19 16:14: Train Epoch 6: 40/1641 Loss: 0.308618
2026-08-19 16:14: Train Epoch 6: 60/1641 Loss: 0.324309
2026-08-19 16:14: Train Epoch 6: 80/1641 Loss: 0.291543
2026-08-19 16:14: Train Epoch 6: 100/1641 Loss: 0.319304
2026-08-19 16:15: Train Epoch 6: 120/1641 Loss: 0.314959
2026-08-19 16:15: Train Epoch 6: 140/1641 Loss: 0.310069
2026-08-19 16:15: Train Epoch 6: 160/1641 Loss: 0.356484
2026-08-19 16:15: Train Epoch 6: 180/1641 Loss: 0.368864
2026-08-19 16:15: Train Epoch 6: 200/1641 Loss: 0.293136
2026-08-19 16:15: Train Epoch 6: 220/1641 Loss: 0.303806
2026-08-19 16:15: Train Epoch 6: 240/1641 Loss: 0.316811
2026-08-19 16:15: Train Epoch 6: 260/1641 Loss: 0.294060
2026-08-19 16:15: Train Epoch 6: 280/1641 Loss: 0.294042
2026-08-19 16:15: Train Epoch 6: 300/1641 Loss: 0.325841
2026-08-19 16:15: Train Epoch 6: 320/1641 Loss: 0.292026
2026-08-19 16:15: Train Epoch 6: 340/1641 Loss: 0.307074
2026-08-19 16:15: Train Epoch 6: 360/1641 Loss: 0.328373
2026-08-19 16:15: Train Epoch 6: 380/1641 Loss: 0.291353
2026-08-19 16:15: Train Epoch 6: 400/1641 Loss: 0.278977
2026-08-19 16:15: Train Epoch 6: 420/1641 Loss: 0.301591
2026-08-19 16:15: Train Epoch 6: 440/1641 Loss: 0.323068
2026-08-19 16:15: Train Epoch 6: 460/1641 Loss: 0.326042
2026-08-19 16:15: Train Epoch 6: 480/1641 Loss: 0.329730
2026-08-19 16:15: Train Epoch 6: 500/1641 Loss: 0.305210
2026-08-19 16:15: Train Epoch 6: 520/1641 Loss: 0.327762
2026-08-19 16:15: Train Epoch 6: 540/1641 Loss: 0.315826
2026-08-19 16:16: Train Epoch 6: 560/1641 Loss: 0.314908
2026-08-19 16:16: Train Epoch 6: 580/1641 Loss: 0.305838
2026-08-19 16:16: Train Epoch 6: 600/1641 Loss: 0.296994
2026-08-19 16:16: Train Epoch 6: 620/1641 Loss: 0.300683
2026-08-19 16:16: Train Epoch 6: 640/1641 Loss: 0.303067
2026-08-19 16:16: Train Epoch 6: 660/1641 Loss: 0.327565
2026-08-19 16:16: Train Epoch 6: 680/1641 Loss: 0.283914
2026-08-19 16:16: Train Epoch 6: 700/1641 Loss: 0.335491
2026-08-19 16:16: Train Epoch 6: 720/1641 Loss: 0.300043
2026-08-19 16:16: Train Epoch 6: 740/1641 Loss: 0.279409
2026-08-19 16:16: Train Epoch 6: 760/1641 Loss: 0.320755
2026-08-19 16:16: Train Epoch 6: 780/1641 Loss: 0.301536
2026-08-19 16:16: Train Epoch 6: 800/1641 Loss: 0.319582
2026-08-19 16:16: Train Epoch 6: 820/1641 Loss: 0.326666
2026-08-19 16:16: Train Epoch 6: 840/1641 Loss: 0.334548
2026-08-19 16:16: Train Epoch 6: 860/1641 Loss: 0.301427
2026-08-19 16:16: Train Epoch 6: 880/1641 Loss: 0.310651
2026-08-19 16:16: Train Epoch 6: 900/1641 Loss: 0.295161
2026-08-19 16:16: Train Epoch 6: 920/1641 Loss: 0.300393
2026-08-19 16:16: Train Epoch 6: 940/1641 Loss: 0.317883
2026-08-19 16:16: Train Epoch 6: 960/1641 Loss: 0.288876
2026-08-19 16:16: Train Epoch 6: 980/1641 Loss: 0.309607
2026-08-19 16:17: Train Epoch 6: 1000/1641 Loss: 0.301965
2026-08-19 16:17: Train Epoch 6: 1020/1641 Loss: 0.330776
2026-08-19 16:17: Train Epoch 6: 1040/1641 Loss: 0.324658
2026-08-19 16:17: Train Epoch 6: 1060/1641 Loss: 0.292363
2026-08-19 16:17: Train Epoch 6: 1080/1641 Loss: 0.306808
2026-08-19 16:17: Train Epoch 6: 1100/1641 Loss: 0.325941
2026-08-19 16:17: Train Epoch 6: 1120/1641 Loss: 0.301998
2026-08-19 16:17: Train Epoch 6: 1140/1641 Loss: 0.311213
2026-08-19 16:17: Train Epoch 6: 1160/1641 Loss: 0.299113
2026-08-19 16:17: Train Epoch 6: 1180/1641 Loss: 0.288512
2026-08-19 16:17: Train Epoch 6: 1200/1641 Loss: 0.300520
2026-08-19 16:17: Train Epoch 6: 1220/1641 Loss: 0.312926
2026-08-19 16:17: Train Epoch 6: 1240/1641 Loss: 0.319744
2026-08-19 16:17: Train Epoch 6: 1260/1641 Loss: 0.321569
2026-08-19 16:17: Train Epoch 6: 1280/1641 Loss: 0.311280
2026-08-19 16:17: Train Epoch 6: 1300/1641 Loss: 0.291431
2026-08-19 16:17: Train Epoch 6: 1320/1641 Loss: 0.298564
2026-08-19 16:17: Train Epoch 6: 1340/1641 Loss: 0.306904
2026-08-19 16:17: Train Epoch 6: 1360/1641 Loss: 0.320158
2026-08-19 16:17: Train Epoch 6: 1380/1641 Loss: 0.305966
2026-08-19 16:17: Train Epoch 6: 1400/1641 Loss: 0.305567
2026-08-19 16:17: Train Epoch 6: 1420/1641 Loss: 0.286448
2026-08-19 16:18: Train Epoch 6: 1440/1641 Loss: 0.286839
2026-08-19 16:18: Train Epoch 6: 1460/1641 Loss: 0.283849
2026-08-19 16:18: Train Epoch 6: 1480/1641 Loss: 0.324269
2026-08-19 16:18: Train Epoch 6: 1500/1641 Loss: 0.305715
2026-08-19 16:18: Train Epoch 6: 1520/1641 Loss: 0.315709
2026-08-19 16:18: Train Epoch 6: 1540/1641 Loss: 0.326604
2026-08-19 16:18: Train Epoch 6: 1560/1641 Loss: 0.317209
2026-08-19 16:18: Train Epoch 6: 1580/1641 Loss: 0.291224
2026-08-19 16:18: Train Epoch 6: 1600/1641 Loss: 0.319986
2026-08-19 16:18: Train Epoch 6: 1620/1641 Loss: 0.297246
2026-08-19 16:18: Train Epoch 6: 1640/1641 Loss: 0.315082
2026-08-19 16:18: **********Train Epoch 6: averaged Loss: 0.310876, tf_ratio: 0.935740
2026-08-19 16:18: **********Val Epoch 6: average Loss: 0.312168
2026-08-19 16:18: *********************************Current best model saved!
2026-08-19 16:18: Train Epoch 7: 0/1641 Loss: 0.317002
2026-08-19 16:18: Train Epoch 7: 20/1641 Loss: 0.304606
2026-08-19 16:18: Train Epoch 7: 40/1641 Loss: 0.298735
2026-08-19 16:18: Train Epoch 7: 60/1641 Loss: 0.297788
2026-08-19 16:18: Train Epoch 7: 80/1641 Loss: 0.305465
2026-08-19 16:19: Train Epoch 7: 100/1641 Loss: 0.287867
2026-08-19 16:19: Train Epoch 7: 120/1641 Loss: 0.303588
2026-08-19 16:19: Train Epoch 7: 140/1641 Loss: 0.302565
2026-08-19 16:19: Train Epoch 7: 160/1641 Loss: 0.280120
2026-08-19 16:19: Train Epoch 7: 180/1641 Loss: 0.298476
2026-08-19 16:19: Train Epoch 7: 200/1641 Loss: 0.306537
2026-08-19 16:19: Train Epoch 7: 220/1641 Loss: 0.292446
2026-08-19 16:19: Train Epoch 7: 240/1641 Loss: 0.311696
2026-08-19 16:19: Train Epoch 7: 260/1641 Loss: 0.311139
2026-08-19 16:19: Train Epoch 7: 280/1641 Loss: 0.306047
2026-08-19 16:19: Train Epoch 7: 300/1641 Loss: 0.306067
2026-08-19 16:19: Train Epoch 7: 320/1641 Loss: 0.319626
2026-08-19 16:19: Train Epoch 7: 340/1641 Loss: 0.307599
2026-08-19 16:19: Train Epoch 7: 360/1641 Loss: 0.319091
2026-08-19 16:19: Train Epoch 7: 380/1641 Loss: 0.297178
2026-08-19 16:19: Train Epoch 7: 400/1641 Loss: 0.299019
2026-08-19 16:19: Train Epoch 7: 420/1641 Loss: 0.326498
2026-08-19 16:19: Train Epoch 7: 440/1641 Loss: 0.321250
2026-08-19 16:19: Train Epoch 7: 460/1641 Loss: 0.298205
2026-08-19 16:19: Train Epoch 7: 480/1641 Loss: 0.307327
2026-08-19 16:19: Train Epoch 7: 500/1641 Loss: 0.284317
2026-08-19 16:19: Train Epoch 7: 520/1641 Loss: 0.310517
2026-08-19 16:20: Train Epoch 7: 540/1641 Loss: 0.307189
2026-08-19 16:20: Train Epoch 7: 560/1641 Loss: 0.300887
2026-08-19 16:20: Train Epoch 7: 580/1641 Loss: 0.301316
2026-08-19 16:20: Train Epoch 7: 600/1641 Loss: 0.304366
2026-08-19 16:20: Train Epoch 7: 620/1641 Loss: 0.294784
2026-08-19 16:20: Train Epoch 7: 640/1641 Loss: 0.290693
2026-08-19 16:20: Train Epoch 7: 660/1641 Loss: 0.292727
2026-08-19 16:20: Train Epoch 7: 680/1641 Loss: 0.291014
2026-08-19 16:20: Train Epoch 7: 700/1641 Loss: 0.316640
2026-08-19 16:20: Train Epoch 7: 720/1641 Loss: 0.332486
2026-08-19 16:20: Train Epoch 7: 740/1641 Loss: 0.308251
2026-08-19 16:20: Train Epoch 7: 760/1641 Loss: 0.312806
2026-08-19 16:20: Train Epoch 7: 780/1641 Loss: 0.305768
2026-08-19 16:20: Train Epoch 7: 800/1641 Loss: 0.292230
2026-08-19 16:20: Train Epoch 7: 820/1641 Loss: 0.298028
2026-08-19 16:20: Train Epoch 7: 840/1641 Loss: 0.332376
2026-08-19 16:20: Train Epoch 7: 860/1641 Loss: 0.312759
2026-08-19 16:20: Train Epoch 7: 880/1641 Loss: 0.288819
2026-08-19 16:20: Train Epoch 7: 900/1641 Loss: 0.299127
2026-08-19 16:20: Train Epoch 7: 920/1641 Loss: 0.308809
2026-08-19 16:20: Train Epoch 7: 940/1641 Loss: 0.331291
2026-08-19 16:20: Train Epoch 7: 960/1641 Loss: 0.307800
2026-08-19 16:21: Train Epoch 7: 980/1641 Loss: 0.299449
2026-08-19 16:21: Train Epoch 7: 1000/1641 Loss: 0.309625
2026-08-19 16:21: Train Epoch 7: 1020/1641 Loss: 0.328724
2026-08-19 16:21: Train Epoch 7: 1040/1641 Loss: 0.309971
2026-08-19 16:21: Train Epoch 7: 1060/1641 Loss: 0.300417
2026-08-19 16:21: Train Epoch 7: 1080/1641 Loss: 0.305221
2026-08-19 16:21: Train Epoch 7: 1100/1641 Loss: 0.322055
2026-08-19 16:21: Train Epoch 7: 1120/1641 Loss: 0.323421
2026-08-19 16:21: Train Epoch 7: 1140/1641 Loss: 0.291618
2026-08-19 16:21: Train Epoch 7: 1160/1641 Loss: 0.271543
2026-08-19 16:21: Train Epoch 7: 1180/1641 Loss: 0.290468
2026-08-19 16:21: Train Epoch 7: 1200/1641 Loss: 0.299689
2026-08-19 16:21: Train Epoch 7: 1220/1641 Loss: 0.284115
2026-08-19 16:21: Train Epoch 7: 1240/1641 Loss: 0.290922
2026-08-19 16:21: Train Epoch 7: 1260/1641 Loss: 0.318599
2026-08-19 16:21: Train Epoch 7: 1280/1641 Loss: 0.289837
2026-08-19 16:21: Train Epoch 7: 1300/1641 Loss: 0.322825
2026-08-19 16:21: Train Epoch 7: 1320/1641 Loss: 0.299572
2026-08-19 16:21: Train Epoch 7: 1340/1641 Loss: 0.280802
2026-08-19 16:21: Train Epoch 7: 1360/1641 Loss: 0.284469
2026-08-19 16:21: Train Epoch 7: 1380/1641 Loss: 0.316712
2026-08-19 16:21: Train Epoch 7: 1400/1641 Loss: 0.308033
2026-08-19 16:22: Train Epoch 7: 1420/1641 Loss: 0.284822
2026-08-19 16:22: Train Epoch 7: 1440/1641 Loss: 0.298310
2026-08-19 16:22: Train Epoch 7: 1460/1641 Loss: 0.290933
2026-08-19 16:22: Train Epoch 7: 1480/1641 Loss: 0.312427
2026-08-19 16:22: Train Epoch 7: 1500/1641 Loss: 0.298216
2026-08-19 16:22: Train Epoch 7: 1520/1641 Loss: 0.303652
2026-08-19 16:22: Train Epoch 7: 1540/1641 Loss: 0.344829
2026-08-19 16:22: Train Epoch 7: 1560/1641 Loss: 0.300975
2026-08-19 16:22: Train Epoch 7: 1580/1641 Loss: 0.304797
2026-08-19 16:22: Train Epoch 7: 1600/1641 Loss: 0.314948
2026-08-19 16:22: Train Epoch 7: 1620/1641 Loss: 0.286315
2026-08-19 16:22: Train Epoch 7: 1640/1641 Loss: 0.295809
2026-08-19 16:22: **********Train Epoch 7: averaged Loss: 0.305982, tf_ratio: 0.865052
2026-08-19 16:22: **********Val Epoch 7: average Loss: 0.312622
2026-08-19 16:22: Train Epoch 8: 0/1641 Loss: 0.293824
2026-08-19 16:22: Train Epoch 8: 20/1641 Loss: 0.341934
2026-08-19 16:22: Train Epoch 8: 40/1641 Loss: 0.285192
2026-08-19 16:23: Train Epoch 8: 60/1641 Loss: 0.320740
2026-08-19 16:23: Train Epoch 8: 80/1641 Loss: 0.298536
2026-08-19 16:23: Train Epoch 8: 100/1641 Loss: 0.288375
2026-08-19 16:23: Train Epoch 8: 120/1641 Loss: 0.304172
2026-08-19 16:23: Train Epoch 8: 140/1641 Loss: 0.311507
2026-08-19 16:23: Train Epoch 8: 160/1641 Loss: 0.313669
2026-08-19 16:23: Train Epoch 8: 180/1641 Loss: 0.289352
2026-08-19 16:23: Train Epoch 8: 200/1641 Loss: 0.298018
2026-08-19 16:23: Train Epoch 8: 220/1641 Loss: 0.312825
2026-08-19 16:23: Train Epoch 8: 240/1641 Loss: 0.302044
2026-08-19 16:23: Train Epoch 8: 260/1641 Loss: 0.288500
2026-08-19 16:23: Train Epoch 8: 280/1641 Loss: 0.312683
2026-08-19 16:23: Train Epoch 8: 300/1641 Loss: 0.306661
2026-08-19 16:23: Train Epoch 8: 320/1641 Loss: 0.319545
2026-08-19 16:23: Train Epoch 8: 340/1641 Loss: 0.308483
2026-08-19 16:23: Train Epoch 8: 360/1641 Loss: 0.307480
2026-08-19 16:23: Train Epoch 8: 380/1641 Loss: 0.281336
2026-08-19 16:23: Train Epoch 8: 400/1641 Loss: 0.301113
2026-08-19 16:23: Train Epoch 8: 420/1641 Loss: 0.290610
2026-08-19 16:23: Train Epoch 8: 440/1641 Loss: 0.327631
2026-08-19 16:23: Train Epoch 8: 460/1641 Loss: 0.282384
2026-08-19 16:23: Train Epoch 8: 480/1641 Loss: 0.302078
2026-08-19 16:23: Train Epoch 8: 500/1641 Loss: 0.285601
2026-08-19 16:24: Train Epoch 8: 520/1641 Loss: 0.311752
2026-08-19 16:24: Train Epoch 8: 540/1641 Loss: 0.290194
2026-08-19 16:24: Train Epoch 8: 560/1641 Loss: 0.296413
2026-08-19 16:24: Train Epoch 8: 580/1641 Loss: 0.294980
2026-08-19 16:24: Train Epoch 8: 600/1641 Loss: 0.274528
2026-08-19 16:24: Train Epoch 8: 620/1641 Loss: 0.308510
2026-08-19 16:24: Train Epoch 8: 640/1641 Loss: 0.293978
2026-08-19 16:24: Train Epoch 8: 660/1641 Loss: 0.268183
2026-08-19 16:24: Train Epoch 8: 680/1641 Loss: 0.296667
2026-08-19 16:24: Train Epoch 8: 700/1641 Loss: 0.309373
2026-08-19 16:24: Train Epoch 8: 720/1641 Loss: 0.283757
2026-08-19 16:24: Train Epoch 8: 740/1641 Loss: 0.303974
2026-08-19 16:24: Train Epoch 8: 760/1641 Loss: 0.320218
2026-08-19 16:24: Train Epoch 8: 780/1641 Loss: 0.271370
2026-08-19 16:24: Train Epoch 8: 800/1641 Loss: 0.306385
2026-08-19 16:24: Train Epoch 8: 820/1641 Loss: 0.309518
2026-08-19 16:24: Train Epoch 8: 840/1641 Loss: 0.318251
2026-08-19 16:24: Train Epoch 8: 860/1641 Loss: 0.293418
2026-08-19 16:24: Train Epoch 8: 880/1641 Loss: 0.289800
2026-08-19 16:24: Train Epoch 8: 900/1641 Loss: 0.289913
2026-08-19 16:24: Train Epoch 8: 920/1641 Loss: 0.296276
2026-08-19 16:25: Train Epoch 8: 940/1641 Loss: 0.324558
2026-08-19 16:25: Train Epoch 8: 960/1641 Loss: 0.301341
2026-08-19 16:25: Train Epoch 8: 980/1641 Loss: 0.293158
2026-08-19 16:25: Train Epoch 8: 1000/1641 Loss: 0.279854
2026-08-19 16:25: Train Epoch 8: 1020/1641 Loss: 0.293611
2026-08-19 16:25: Train Epoch 8: 1040/1641 Loss: 0.344002
2026-08-19 16:25: Train Epoch 8: 1060/1641 Loss: 0.304730
2026-08-19 16:25: Train Epoch 8: 1080/1641 Loss: 0.289885
2026-08-19 16:25: Train Epoch 8: 1100/1641 Loss: 0.297210
2026-08-19 16:25: Train Epoch 8: 1120/1641 Loss: 0.304894
2026-08-19 16:25: Train Epoch 8: 1140/1641 Loss: 0.278450
2026-08-19 16:25: Train Epoch 8: 1160/1641 Loss: 0.294796
2026-08-19 16:25: Train Epoch 8: 1180/1641 Loss: 0.310565
2026-08-19 16:25: Train Epoch 8: 1200/1641 Loss: 0.295038
2026-08-19 16:25: Train Epoch 8: 1220/1641 Loss: 0.296585
2026-08-19 16:25: Train Epoch 8: 1240/1641 Loss: 0.293038
2026-08-19 16:25: Train Epoch 8: 1260/1641 Loss: 0.299909
2026-08-19 16:25: Train Epoch 8: 1280/1641 Loss: 0.315986
2026-08-19 16:25: Train Epoch 8: 1300/1641 Loss: 0.285567
2026-08-19 16:25: Train Epoch 8: 1320/1641 Loss: 0.314203
2026-08-19 16:25: Train Epoch 8: 1340/1641 Loss: 0.286670
2026-08-19 16:25: Train Epoch 8: 1360/1641 Loss: 0.311272
2026-08-19 16:26: Train Epoch 8: 1380/1641 Loss: 0.304482
2026-08-19 16:26: Train Epoch 8: 1400/1641 Loss: 0.298467
2026-08-19 16:26: Train Epoch 8: 1420/1641 Loss: 0.272598
2026-08-19 16:26: Train Epoch 8: 1440/1641 Loss: 0.307980
2026-08-19 16:26: Train Epoch 8: 1460/1641 Loss: 0.301521
2026-08-19 16:26: Train Epoch 8: 1480/1641 Loss: 0.315129
2026-08-19 16:26: Train Epoch 8: 1500/1641 Loss: 0.305966
2026-08-19 16:26: Train Epoch 8: 1520/1641 Loss: 0.294819
2026-08-19 16:26: Train Epoch 8: 1540/1641 Loss: 0.281441
2026-08-19 16:26: Train Epoch 8: 1560/1641 Loss: 0.280881
2026-08-19 16:26: Train Epoch 8: 1580/1641 Loss: 0.315627
2026-08-19 16:26: Train Epoch 8: 1600/1641 Loss: 0.306274
2026-08-19 16:26: Train Epoch 8: 1620/1641 Loss: 0.321132
2026-08-19 16:26: Train Epoch 8: 1640/1641 Loss: 0.294624
2026-08-19 16:26: **********Train Epoch 8: averaged Loss: 0.301996, tf_ratio: 0.738348
2026-08-19 16:26: **********Val Epoch 8: average Loss: 0.311368
2026-08-19 16:26: *********************************Current best model saved!
2026-08-19 16:26: Train Epoch 9: 0/1641 Loss: 0.288583
2026-08-19 16:27: Train Epoch 9: 20/1641 Loss: 0.306878
2026-08-19 16:27: Train Epoch 9: 40/1641 Loss: 0.296624
2026-08-19 16:27: Train Epoch 9: 60/1641 Loss: 0.285056
2026-08-19 16:27: Train Epoch 9: 80/1641 Loss: 0.332401
2026-08-19 16:27: Train Epoch 9: 100/1641 Loss: 0.309366
2026-08-19 16:27: Train Epoch 9: 120/1641 Loss: 0.280262
2026-08-19 16:27: Train Epoch 9: 140/1641 Loss: 0.303380
2026-08-19 16:27: Train Epoch 9: 160/1641 Loss: 0.308243
2026-08-19 16:27: Train Epoch 9: 180/1641 Loss: 0.291623
2026-08-19 16:27: Train Epoch 9: 200/1641 Loss: 0.320509
2026-08-19 16:27: Train Epoch 9: 220/1641 Loss: 0.313704
2026-08-19 16:27: Train Epoch 9: 240/1641 Loss: 0.333997
2026-08-19 16:27: Train Epoch 9: 260/1641 Loss: 0.267898
2026-08-19 16:27: Train Epoch 9: 280/1641 Loss: 0.299044
2026-08-19 16:27: Train Epoch 9: 300/1641 Loss: 0.305002
2026-08-19 16:27: Train Epoch 9: 320/1641 Loss: 0.296408
2026-08-19 16:27: Train Epoch 9: 340/1641 Loss: 0.282612
2026-08-19 16:27: Train Epoch 9: 360/1641 Loss: 0.303131
2026-08-19 16:27: Train Epoch 9: 380/1641 Loss: 0.286129
2026-08-19 16:27: Train Epoch 9: 400/1641 Loss: 0.309118
2026-08-19 16:27: Train Epoch 9: 420/1641 Loss: 0.297484
2026-08-19 16:27: Train Epoch 9: 440/1641 Loss: 0.295692
2026-08-19 16:28: Train Epoch 9: 460/1641 Loss: 0.304752
2026-08-19 16:28: Train Epoch 9: 480/1641 Loss: 0.297318
2026-08-19 16:28: Train Epoch 9: 500/1641 Loss: 0.305687
2026-08-19 16:28: Train Epoch 9: 520/1641 Loss: 0.300271
2026-08-19 16:28: Train Epoch 9: 540/1641 Loss: 0.295766
2026-08-19 16:28: Train Epoch 9: 560/1641 Loss: 0.320122
2026-08-19 16:28: Train Epoch 9: 580/1641 Loss: 0.302086
2026-08-19 16:28: Train Epoch 9: 600/1641 Loss: 0.321350
2026-08-19 16:28: Train Epoch 9: 620/1641 Loss: 0.297396
2026-08-19 16:28: Train Epoch 9: 640/1641 Loss: 0.302468
2026-08-19 16:28: Train Epoch 9: 660/1641 Loss: 0.297908
2026-08-19 16:28: Train Epoch 9: 680/1641 Loss: 0.281165
2026-08-19 16:28: Train Epoch 9: 700/1641 Loss: 0.290698
2026-08-19 16:28: Train Epoch 9: 720/1641 Loss: 0.322745
2026-08-19 16:28: Train Epoch 9: 740/1641 Loss: 0.294464
2026-08-19 16:28: Train Epoch 9: 760/1641 Loss: 0.268732
2026-08-19 16:28: Train Epoch 9: 780/1641 Loss: 0.292859
2026-08-19 16:28: Train Epoch 9: 800/1641 Loss: 0.301082
2026-08-19 16:28: Train Epoch 9: 820/1641 Loss: 0.290560
2026-08-19 16:28: Train Epoch 9: 840/1641 Loss: 0.304543
2026-08-19 16:28: Train Epoch 9: 860/1641 Loss: 0.292445
2026-08-19 16:28: Train Epoch 9: 880/1641 Loss: 0.291770
2026-08-19 16:29: Train Epoch 9: 900/1641 Loss: 0.312083
2026-08-19 16:29: Train Epoch 9: 920/1641 Loss: 0.297423
2026-08-19 16:29: Train Epoch 9: 940/1641 Loss: 0.308548
2026-08-19 16:29: Train Epoch 9: 960/1641 Loss: 0.290137
2026-08-19 16:29: Train Epoch 9: 980/1641 Loss: 0.286255
2026-08-19 16:29: Train Epoch 9: 1000/1641 Loss: 0.295278
2026-08-19 16:29: Train Epoch 9: 1020/1641 Loss: 0.288466
2026-08-19 16:29: Train Epoch 9: 1040/1641 Loss: 0.279605
2026-08-19 16:29: Train Epoch 9: 1060/1641 Loss: 0.304596
2026-08-19 16:29: Train Epoch 9: 1080/1641 Loss: 0.323076
2026-08-19 16:29: Train Epoch 9: 1100/1641 Loss: 0.281833
2026-08-19 16:29: Train Epoch 9: 1120/1641 Loss: 0.314671
2026-08-19 16:29: Train Epoch 9: 1140/1641 Loss: 0.290832
2026-08-19 16:29: Train Epoch 9: 1160/1641 Loss: 0.299170
2026-08-19 16:29: Train Epoch 9: 1180/1641 Loss: 0.299554
2026-08-19 16:29: Train Epoch 9: 1200/1641 Loss: 0.294667
2026-08-19 16:29: Train Epoch 9: 1220/1641 Loss: 0.285393
2026-08-19 16:29: Train Epoch 9: 1240/1641 Loss: 0.307433
2026-08-19 16:29: Train Epoch 9: 1260/1641 Loss: 0.291972
2026-08-19 16:29: Train Epoch 9: 1280/1641 Loss: 0.292228
2026-08-19 16:29: Train Epoch 9: 1300/1641 Loss: 0.284087
2026-08-19 16:29: Train Epoch 9: 1320/1641 Loss: 0.294558
2026-08-19 16:30: Train Epoch 9: 1340/1641 Loss: 0.293106
2026-08-19 16:30: Train Epoch 9: 1360/1641 Loss: 0.292291
2026-08-19 16:30: Train Epoch 9: 1380/1641 Loss: 0.284893
2026-08-19 16:30: Train Epoch 9: 1400/1641 Loss: 0.294157
2026-08-19 16:30: Train Epoch 9: 1420/1641 Loss: 0.304435
2026-08-19 16:30: Train Epoch 9: 1440/1641 Loss: 0.306290
2026-08-19 16:30: Train Epoch 9: 1460/1641 Loss: 0.308507
2026-08-19 16:30: Train Epoch 9: 1480/1641 Loss: 0.278803
2026-08-19 16:30: Train Epoch 9: 1500/1641 Loss: 0.290201
2026-08-19 16:30: Train Epoch 9: 1520/1641 Loss: 0.300380
2026-08-19 16:30: Train Epoch 9: 1540/1641 Loss: 0.298735
2026-08-19 16:30: Train Epoch 9: 1560/1641 Loss: 0.294151
2026-08-19 16:30: Train Epoch 9: 1580/1641 Loss: 0.308417
2026-08-19 16:30: Train Epoch 9: 1600/1641 Loss: 0.277516
2026-08-19 16:30: Train Epoch 9: 1620/1641 Loss: 0.295578
2026-08-19 16:30: Train Epoch 9: 1640/1641 Loss: 0.302389
2026-08-19 16:30: **********Train Epoch 9: averaged Loss: 0.297456, tf_ratio: 0.554014
2026-08-19 16:31: **********Val Epoch 9: average Loss: 0.311705
2026-08-19 16:31: Train Epoch 10: 0/1641 Loss: 0.316696
2026-08-19 16:31: Train Epoch 10: 20/1641 Loss: 0.316295
2026-08-19 16:31: Train Epoch 10: 40/1641 Loss: 0.298091
2026-08-19 16:31: Train Epoch 10: 60/1641 Loss: 0.288743
2026-08-19 16:31: Train Epoch 10: 80/1641 Loss: 0.300106
2026-08-19 16:31: Train Epoch 10: 100/1641 Loss: 0.311421
2026-08-19 16:31: Train Epoch 10: 120/1641 Loss: 0.292958
2026-08-19 16:31: Train Epoch 10: 140/1641 Loss: 0.292845
2026-08-19 16:31: Train Epoch 10: 160/1641 Loss: 0.277870
2026-08-19 16:31: Train Epoch 10: 180/1641 Loss: 0.287174
2026-08-19 16:31: Train Epoch 10: 200/1641 Loss: 0.302559
2026-08-19 16:31: Train Epoch 10: 220/1641 Loss: 0.305325
2026-08-19 16:31: Train Epoch 10: 240/1641 Loss: 0.271066
2026-08-19 16:31: Train Epoch 10: 260/1641 Loss: 0.279929
2026-08-19 16:31: Train Epoch 10: 280/1641 Loss: 0.307652
2026-08-19 16:31: Train Epoch 10: 300/1641 Loss: 0.301718
2026-08-19 16:31: Train Epoch 10: 320/1641 Loss: 0.270734
2026-08-19 16:31: Train Epoch 10: 340/1641 Loss: 0.290495
2026-08-19 16:31: Train Epoch 10: 360/1641 Loss: 0.304156
2026-08-19 16:31: Train Epoch 10: 380/1641 Loss: 0.290562
2026-08-19 16:31: Train Epoch 10: 400/1641 Loss: 0.308579
2026-08-19 16:32: Train Epoch 10: 420/1641 Loss: 0.285064
2026-08-19 16:32: Train Epoch 10: 440/1641 Loss: 0.290853
2026-08-19 16:32: Train Epoch 10: 460/1641 Loss: 0.273265
2026-08-19 16:32: Train Epoch 10: 480/1641 Loss: 0.306234
2026-08-19 16:32: Train Epoch 10: 500/1641 Loss: 0.298236
2026-08-19 16:32: Train Epoch 10: 520/1641 Loss: 0.295207
2026-08-19 16:32: Train Epoch 10: 540/1641 Loss: 0.274622
2026-08-19 16:32: Train Epoch 10: 560/1641 Loss: 0.306767
2026-08-19 16:32: Train Epoch 10: 580/1641 Loss: 0.288290
2026-08-19 16:32: Train Epoch 10: 600/1641 Loss: 0.328939
2026-08-19 16:32: Train Epoch 10: 620/1641 Loss: 0.287889
2026-08-19 16:32: Train Epoch 10: 640/1641 Loss: 0.293384
2026-08-19 16:32: Train Epoch 10: 660/1641 Loss: 0.303792
2026-08-19 16:32: Train Epoch 10: 680/1641 Loss: 0.286891
2026-08-19 16:32: Train Epoch 10: 700/1641 Loss: 0.283716
2026-08-19 16:32: Train Epoch 10: 720/1641 Loss: 0.288036
2026-08-19 16:32: Train Epoch 10: 740/1641 Loss: 0.290278
2026-08-19 16:32: Train Epoch 10: 760/1641 Loss: 0.267894
2026-08-19 16:32: Train Epoch 10: 780/1641 Loss: 0.295029
2026-08-19 16:32: Train Epoch 10: 800/1641 Loss: 0.308994
2026-08-19 16:32: Train Epoch 10: 820/1641 Loss: 0.279447
2026-08-19 16:32: Train Epoch 10: 840/1641 Loss: 0.311562
2026-08-19 16:32: Train Epoch 10: 860/1641 Loss: 0.318128
2026-08-19 16:33: Train Epoch 10: 880/1641 Loss: 0.290213
2026-08-19 16:33: Train Epoch 10: 900/1641 Loss: 0.292497
2026-08-19 16:33: Train Epoch 10: 920/1641 Loss: 0.284856
2026-08-19 16:33: Train Epoch 10: 940/1641 Loss: 0.293039
2026-08-19 16:33: Train Epoch 10: 960/1641 Loss: 0.274760
2026-08-19 16:33: Train Epoch 10: 980/1641 Loss: 0.297996
2026-08-19 16:33: Train Epoch 10: 1000/1641 Loss: 0.316536
2026-08-19 16:33: Train Epoch 10: 1020/1641 Loss: 0.288432
2026-08-19 16:33: Train Epoch 10: 1040/1641 Loss: 0.284383
2026-08-19 16:33: Train Epoch 10: 1060/1641 Loss: 0.271856
2026-08-19 16:33: Train Epoch 10: 1080/1641 Loss: 0.266197
2026-08-19 16:33: Train Epoch 10: 1100/1641 Loss: 0.306372
2026-08-19 16:33: Train Epoch 10: 1120/1641 Loss: 0.287835
2026-08-19 16:33: Train Epoch 10: 1140/1641 Loss: 0.286389
2026-08-19 16:33: Train Epoch 10: 1160/1641 Loss: 0.283122
2026-08-19 16:33: Train Epoch 10: 1180/1641 Loss: 0.300367
2026-08-19 16:33: Train Epoch 10: 1200/1641 Loss: 0.314965
2026-08-19 16:33: Train Epoch 10: 1220/1641 Loss: 0.273100
2026-08-19 16:33: Train Epoch 10: 1240/1641 Loss: 0.278902
2026-08-19 16:33: Train Epoch 10: 1260/1641 Loss: 0.313262
2026-08-19 16:33: Train Epoch 10: 1280/1641 Loss: 0.309799
2026-08-19 16:33: Train Epoch 10: 1300/1641 Loss: 0.305786
2026-08-19 16:34: Train Epoch 10: 1320/1641 Loss: 0.317232
2026-08-19 16:34: Train Epoch 10: 1340/1641 Loss: 0.308941
2026-08-19 16:34: Train Epoch 10: 1360/1641 Loss: 0.295207
2026-08-19 16:34: Train Epoch 10: 1380/1641 Loss: 0.295874
2026-08-19 16:34: Train Epoch 10: 1400/1641 Loss: 0.281937
2026-08-19 16:34: Train Epoch 10: 1420/1641 Loss: 0.281163
2026-08-19 16:34: Train Epoch 10: 1440/1641 Loss: 0.276592
2026-08-19 16:34: Train Epoch 10: 1460/1641 Loss: 0.293650
2026-08-19 16:34: Train Epoch 10: 1480/1641 Loss: 0.269655
2026-08-19 16:34: Train Epoch 10: 1500/1641 Loss: 0.294629
2026-08-19 16:34: Train Epoch 10: 1520/1641 Loss: 0.297733
2026-08-19 16:34: Train Epoch 10: 1540/1641 Loss: 0.277663
2026-08-19 16:34: Train Epoch 10: 1560/1641 Loss: 0.289888
2026-08-19 16:34: Train Epoch 10: 1580/1641 Loss: 0.284832
2026-08-19 16:34: Train Epoch 10: 1600/1641 Loss: 0.286075
2026-08-19 16:34: Train Epoch 10: 1620/1641 Loss: 0.310364
2026-08-19 16:34: Train Epoch 10: 1640/1641 Loss: 0.295444
2026-08-19 16:34: **********Train Epoch 10: averaged Loss: 0.293362, tf_ratio: 0.353521
2026-08-19 16:35: **********Val Epoch 10: average Loss: 0.315052
2026-08-19 16:35: Train Epoch 11: 0/1641 Loss: 0.300875
2026-08-19 16:35: Train Epoch 11: 20/1641 Loss: 0.306544
2026-08-19 16:35: Train Epoch 11: 40/1641 Loss: 0.279123
2026-08-19 16:35: Train Epoch 11: 60/1641 Loss: 0.319055
2026-08-19 16:35: Train Epoch 11: 80/1641 Loss: 0.272563
2026-08-19 16:35: Train Epoch 11: 100/1641 Loss: 0.297442
2026-08-19 16:35: Train Epoch 11: 120/1641 Loss: 0.302679
2026-08-19 16:35: Train Epoch 11: 140/1641 Loss: 0.264977
2026-08-19 16:35: Train Epoch 11: 160/1641 Loss: 0.283469
2026-08-19 16:35: Train Epoch 11: 180/1641 Loss: 0.284207
2026-08-19 16:35: Train Epoch 11: 200/1641 Loss: 0.283960
2026-08-19 16:35: Train Epoch 11: 220/1641 Loss: 0.285183
2026-08-19 16:35: Train Epoch 11: 240/1641 Loss: 0.300979
2026-08-19 16:35: Train Epoch 11: 260/1641 Loss: 0.287676
2026-08-19 16:35: Train Epoch 11: 280/1641 Loss: 0.289284
2026-08-19 16:35: Train Epoch 11: 300/1641 Loss: 0.295685
2026-08-19 16:35: Train Epoch 11: 320/1641 Loss: 0.271395
2026-08-19 16:35: Train Epoch 11: 340/1641 Loss: 0.328797
2026-08-19 16:35: Train Epoch 11: 360/1641 Loss: 0.289628
2026-08-19 16:36: Train Epoch 11: 380/1641 Loss: 0.288706
2026-08-19 16:36: Train Epoch 11: 400/1641 Loss: 0.293251
2026-08-19 16:36: Train Epoch 11: 420/1641 Loss: 0.296181
2026-08-19 16:36: Train Epoch 11: 440/1641 Loss: 0.290390
2026-08-19 16:36: Train Epoch 11: 460/1641 Loss: 0.277472
2026-08-19 16:36: Train Epoch 11: 480/1641 Loss: 0.284797
2026-08-19 16:36: Train Epoch 11: 500/1641 Loss: 0.277812
2026-08-19 16:36: Train Epoch 11: 520/1641 Loss: 0.270974
2026-08-19 16:36: Train Epoch 11: 540/1641 Loss: 0.293273
2026-08-19 16:36: Train Epoch 11: 560/1641 Loss: 0.280420
2026-08-19 16:36: Train Epoch 11: 580/1641 Loss: 0.294090
2026-08-19 16:36: Train Epoch 11: 600/1641 Loss: 0.280708
2026-08-19 16:36: Train Epoch 11: 620/1641 Loss: 0.288700
2026-08-19 16:36: Train Epoch 11: 640/1641 Loss: 0.326328
2026-08-19 16:36: Train Epoch 11: 660/1641 Loss: 0.287168
2026-08-19 16:36: Train Epoch 11: 680/1641 Loss: 0.300047
2026-08-19 16:36: Train Epoch 11: 700/1641 Loss: 0.280705
2026-08-19 16:36: Train Epoch 11: 720/1641 Loss: 0.302127
2026-08-19 16:36: Train Epoch 11: 740/1641 Loss: 0.297530
2026-08-19 16:36: Train Epoch 11: 760/1641 Loss: 0.310079
2026-08-19 16:36: Train Epoch 11: 780/1641 Loss: 0.292804
2026-08-19 16:36: Train Epoch 11: 800/1641 Loss: 0.285284
2026-08-19 16:37: Train Epoch 11: 820/1641 Loss: 0.269830
2026-08-19 16:37: Train Epoch 11: 840/1641 Loss: 0.307348
2026-08-19 16:37: Train Epoch 11: 860/1641 Loss: 0.293120
2026-08-19 16:37: Train Epoch 11: 880/1641 Loss: 0.268860
2026-08-19 16:37: Train Epoch 11: 900/1641 Loss: 0.285433
2026-08-19 16:37: Train Epoch 11: 920/1641 Loss: 0.309692
2026-08-19 16:37: Train Epoch 11: 940/1641 Loss: 0.293846
2026-08-19 16:37: Train Epoch 11: 960/1641 Loss: 0.284372
2026-08-19 16:37: Train Epoch 11: 980/1641 Loss: 0.292741
2026-08-19 16:37: Train Epoch 11: 1000/1641 Loss: 0.282930
2026-08-19 16:37: Train Epoch 11: 1020/1641 Loss: 0.305837
2026-08-19 16:37: Train Epoch 11: 1040/1641 Loss: 0.297303
2026-08-19 16:37: Train Epoch 11: 1060/1641 Loss: 0.278907
2026-08-19 16:37: Train Epoch 11: 1080/1641 Loss: 0.296794
2026-08-19 16:37: Train Epoch 11: 1100/1641 Loss: 0.278392
2026-08-19 16:37: Train Epoch 11: 1120/1641 Loss: 0.288418
2026-08-19 16:37: Train Epoch 11: 1140/1641 Loss: 0.285052
2026-08-19 16:37: Train Epoch 11: 1160/1641 Loss: 0.284095
2026-08-19 16:37: Train Epoch 11: 1180/1641 Loss: 0.279074
2026-08-19 16:37: Train Epoch 11: 1200/1641 Loss: 0.280018
2026-08-19 16:38: Train Epoch 11: 1220/1641 Loss: 0.272878
2026-08-19 16:38: Train Epoch 11: 1240/1641 Loss: 0.280543
2026-08-19 16:38: Train Epoch 11: 1260/1641 Loss: 0.292288
2026-08-19 16:38: Train Epoch 11: 1280/1641 Loss: 0.302041
2026-08-19 16:38: Train Epoch 11: 1300/1641 Loss: 0.304565
2026-08-19 16:38: Train Epoch 11: 1320/1641 Loss: 0.296993
2026-08-19 16:38: Train Epoch 11: 1340/1641 Loss: 0.290403
2026-08-19 16:38: Train Epoch 11: 1360/1641 Loss: 0.281483
2026-08-19 16:38: Train Epoch 11: 1380/1641 Loss: 0.290566
2026-08-19 16:38: Train Epoch 11: 1400/1641 Loss: 0.306983
2026-08-19 16:38: Train Epoch 11: 1420/1641 Loss: 0.273361
2026-08-19 16:38: Train Epoch 11: 1440/1641 Loss: 0.301190
2026-08-19 16:38: Train Epoch 11: 1460/1641 Loss: 0.290168
2026-08-19 16:38: Train Epoch 11: 1480/1641 Loss: 0.288570
2026-08-19 16:38: Train Epoch 11: 1500/1641 Loss: 0.292666
2026-08-19 16:38: Train Epoch 11: 1520/1641 Loss: 0.284059
2026-08-19 16:38: Train Epoch 11: 1540/1641 Loss: 0.293328
2026-08-19 16:38: Train Epoch 11: 1560/1641 Loss: 0.269538
2026-08-19 16:38: Train Epoch 11: 1580/1641 Loss: 0.288955
2026-08-19 16:38: Train Epoch 11: 1600/1641 Loss: 0.269107
2026-08-19 16:38: Train Epoch 11: 1620/1641 Loss: 0.285120
2026-08-19 16:38: Train Epoch 11: 1640/1641 Loss: 0.308650
2026-08-19 16:38: **********Train Epoch 11: averaged Loss: 0.288744, tf_ratio: 0.194020
2026-08-19 16:39: **********Val Epoch 11: average Loss: 0.311563
2026-08-19 16:39: Train Epoch 12: 0/1641 Loss: 0.290254
2026-08-19 16:39: Train Epoch 12: 20/1641 Loss: 0.272093
2026-08-19 16:39: Train Epoch 12: 40/1641 Loss: 0.307056
2026-08-19 16:39: Train Epoch 12: 60/1641 Loss: 0.304226
2026-08-19 16:39: Train Epoch 12: 80/1641 Loss: 0.279330
2026-08-19 16:39: Train Epoch 12: 100/1641 Loss: 0.277423
2026-08-19 16:39: Train Epoch 12: 120/1641 Loss: 0.294346
2026-08-19 16:39: Train Epoch 12: 140/1641 Loss: 0.286666
2026-08-19 16:39: Train Epoch 12: 160/1641 Loss: 0.270622
2026-08-19 16:39: Train Epoch 12: 180/1641 Loss: 0.297517
2026-08-19 16:39: Train Epoch 12: 200/1641 Loss: 0.282189
2026-08-19 16:39: Train Epoch 12: 220/1641 Loss: 0.289655
2026-08-19 16:39: Train Epoch 12: 240/1641 Loss: 0.279178
2026-08-19 16:39: Train Epoch 12: 260/1641 Loss: 0.294768
2026-08-19 16:39: Train Epoch 12: 280/1641 Loss: 0.291198
2026-08-19 16:40: Train Epoch 12: 300/1641 Loss: 0.274336
2026-08-19 16:40: Train Epoch 12: 320/1641 Loss: 0.303970
2026-08-19 16:40: Train Epoch 12: 340/1641 Loss: 0.281961
2026-08-19 16:40: Train Epoch 12: 360/1641 Loss: 0.303767
2026-08-19 16:40: Train Epoch 12: 380/1641 Loss: 0.294266
2026-08-19 16:40: Train Epoch 12: 400/1641 Loss: 0.287328
2026-08-19 16:40: Train Epoch 12: 420/1641 Loss: 0.271291
2026-08-19 16:40: Train Epoch 12: 440/1641 Loss: 0.281959
2026-08-19 16:40: Train Epoch 12: 460/1641 Loss: 0.284312
2026-08-19 16:40: Train Epoch 12: 480/1641 Loss: 0.313483
2026-08-19 16:40: Train Epoch 12: 500/1641 Loss: 0.272558
2026-08-19 16:40: Train Epoch 12: 520/1641 Loss: 0.287284
2026-08-19 16:40: Train Epoch 12: 540/1641 Loss: 0.285993
2026-08-19 16:40: Train Epoch 12: 560/1641 Loss: 0.291430
2026-08-19 16:40: Train Epoch 12: 580/1641 Loss: 0.272480
2026-08-19 16:40: Train Epoch 12: 600/1641 Loss: 0.277819
2026-08-19 16:40: Train Epoch 12: 620/1641 Loss: 0.273655
2026-08-19 16:40: Train Epoch 12: 640/1641 Loss: 0.305071
2026-08-19 16:40: Train Epoch 12: 660/1641 Loss: 0.279642
2026-08-19 16:40: Train Epoch 12: 680/1641 Loss: 0.267162
2026-08-19 16:40: Train Epoch 12: 700/1641 Loss: 0.276497
2026-08-19 16:41: Train Epoch 12: 720/1641 Loss: 0.308655
2026-08-19 16:41: Train Epoch 12: 740/1641 Loss: 0.296201
2026-08-19 16:41: Train Epoch 12: 760/1641 Loss: 0.282075
2026-08-19 16:41: Train Epoch 12: 780/1641 Loss: 0.295054
2026-08-19 16:41: Train Epoch 12: 800/1641 Loss: 0.274894
2026-08-19 16:41: Train Epoch 12: 820/1641 Loss: 0.284716
2026-08-19 16:41: Train Epoch 12: 840/1641 Loss: 0.273576
2026-08-19 16:41: Train Epoch 12: 860/1641 Loss: 0.274455
2026-08-19 16:41: Train Epoch 12: 880/1641 Loss: 0.288064
2026-08-19 16:41: Train Epoch 12: 900/1641 Loss: 0.290606
2026-08-19 16:41: Train Epoch 12: 920/1641 Loss: 0.281950
2026-08-19 16:41: Train Epoch 12: 940/1641 Loss: 0.279669
2026-08-19 16:41: Train Epoch 12: 960/1641 Loss: 0.278369
2026-08-19 16:41: Train Epoch 12: 980/1641 Loss: 0.290037
2026-08-19 16:41: Train Epoch 12: 1000/1641 Loss: 0.292981
2026-08-19 16:41: Train Epoch 12: 1020/1641 Loss: 0.299860
2026-08-19 16:41: Train Epoch 12: 1040/1641 Loss: 0.288344
2026-08-19 16:41: Train Epoch 12: 1060/1641 Loss: 0.272553
2026-08-19 16:41: Train Epoch 12: 1080/1641 Loss: 0.268969
2026-08-19 16:41: Train Epoch 12: 1100/1641 Loss: 0.290101
2026-08-19 16:41: Train Epoch 12: 1120/1641 Loss: 0.276416
2026-08-19 16:42: Train Epoch 12: 1140/1641 Loss: 0.284398
2026-08-19 16:42: Train Epoch 12: 1160/1641 Loss: 0.261284
2026-08-19 16:42: Train Epoch 12: 1180/1641 Loss: 0.272672
2026-08-19 16:42: Train Epoch 12: 1200/1641 Loss: 0.281202
2026-08-19 16:42: Train Epoch 12: 1220/1641 Loss: 0.267252
2026-08-19 16:42: Train Epoch 12: 1240/1641 Loss: 0.292525
2026-08-19 16:42: Train Epoch 12: 1260/1641 Loss: 0.301850
2026-08-19 16:42: Train Epoch 12: 1280/1641 Loss: 0.293727
2026-08-19 16:42: Train Epoch 12: 1300/1641 Loss: 0.282342
2026-08-19 16:42: Train Epoch 12: 1320/1641 Loss: 0.291509
2026-08-19 16:42: Train Epoch 12: 1340/1641 Loss: 0.284530
2026-08-19 16:42: Train Epoch 12: 1360/1641 Loss: 0.272437
2026-08-19 16:42: Train Epoch 12: 1380/1641 Loss: 0.288545
2026-08-19 16:42: Train Epoch 12: 1400/1641 Loss: 0.301661
2026-08-19 16:42: Train Epoch 12: 1420/1641 Loss: 0.272510
2026-08-19 16:42: Train Epoch 12: 1440/1641 Loss: 0.276302
2026-08-19 16:42: Train Epoch 12: 1460/1641 Loss: 0.284718
2026-08-19 16:42: Train Epoch 12: 1480/1641 Loss: 0.303183
2026-08-19 16:42: Train Epoch 12: 1500/1641 Loss: 0.292701
2026-08-19 16:42: Train Epoch 12: 1520/1641 Loss: 0.264886
2026-08-19 16:42: Train Epoch 12: 1540/1641 Loss: 0.274831
2026-08-19 16:43: Train Epoch 12: 1560/1641 Loss: 0.283266
2026-08-19 16:43: Train Epoch 12: 1580/1641 Loss: 0.266627
2026-08-19 16:43: Train Epoch 12: 1600/1641 Loss: 0.285989
2026-08-19 16:43: Train Epoch 12: 1620/1641 Loss: 0.276870
2026-08-19 16:43: Train Epoch 12: 1640/1641 Loss: 0.281750
2026-08-19 16:43: **********Train Epoch 12: averaged Loss: 0.284186, tf_ratio: 0.095816
2026-08-19 16:43: **********Val Epoch 12: average Loss: 0.315826
2026-08-19 16:43: Train Epoch 13: 0/1641 Loss: 0.287043
2026-08-19 16:43: Train Epoch 13: 20/1641 Loss: 0.279401
2026-08-19 16:43: Train Epoch 13: 40/1641 Loss: 0.281102
2026-08-19 16:43: Train Epoch 13: 60/1641 Loss: 0.302456
2026-08-19 16:43: Train Epoch 13: 80/1641 Loss: 0.281121
2026-08-19 16:43: Train Epoch 13: 100/1641 Loss: 0.287932
2026-08-19 16:43: Train Epoch 13: 120/1641 Loss: 0.281587
2026-08-19 16:43: Train Epoch 13: 140/1641 Loss: 0.273389
2026-08-19 16:43: Train Epoch 13: 160/1641 Loss: 0.290689
2026-08-19 16:43: Train Epoch 13: 180/1641 Loss: 0.298966
2026-08-19 16:44: Train Epoch 13: 200/1641 Loss: 0.273522
2026-08-19 16:44: Train Epoch 13: 220/1641 Loss: 0.288731
2026-08-19 16:44: Train Epoch 13: 240/1641 Loss: 0.264787
2026-08-19 16:44: Train Epoch 13: 260/1641 Loss: 0.257524
2026-08-19 16:44: Train Epoch 13: 280/1641 Loss: 0.266296
2026-08-19 16:44: Train Epoch 13: 300/1641 Loss: 0.267460
2026-08-19 16:44: Train Epoch 13: 320/1641 Loss: 0.287982
2026-08-19 16:44: Train Epoch 13: 340/1641 Loss: 0.277682
2026-08-19 16:44: Train Epoch 13: 360/1641 Loss: 0.301431
2026-08-19 16:44: Train Epoch 13: 380/1641 Loss: 0.273976
2026-08-19 16:44: Train Epoch 13: 400/1641 Loss: 0.272165
2026-08-19 16:44: Train Epoch 13: 420/1641 Loss: 0.285259
2026-08-19 16:44: Train Epoch 13: 440/1641 Loss: 0.279766
2026-08-19 16:44: Train Epoch 13: 460/1641 Loss: 0.274410
2026-08-19 16:44: Train Epoch 13: 480/1641 Loss: 0.304062
2026-08-19 16:44: Train Epoch 13: 500/1641 Loss: 0.289177
2026-08-19 16:44: Train Epoch 13: 520/1641 Loss: 0.286556
2026-08-19 16:44: Train Epoch 13: 540/1641 Loss: 0.266832
2026-08-19 16:44: Train Epoch 13: 560/1641 Loss: 0.280240
2026-08-19 16:44: Train Epoch 13: 580/1641 Loss: 0.269898
2026-08-19 16:44: Train Epoch 13: 600/1641 Loss: 0.286175
2026-08-19 16:45: Train Epoch 13: 620/1641 Loss: 0.271822
2026-08-19 16:45: Train Epoch 13: 640/1641 Loss: 0.274419
2026-08-19 16:45: Train Epoch 13: 660/1641 Loss: 0.275654
2026-08-19 16:45: Train Epoch 13: 680/1641 Loss: 0.298063
2026-08-19 16:45: Train Epoch 13: 700/1641 Loss: 0.276888
2026-08-19 16:45: Train Epoch 13: 720/1641 Loss: 0.268211
2026-08-19 16:45: Train Epoch 13: 740/1641 Loss: 0.303908
2026-08-19 16:45: Train Epoch 13: 760/1641 Loss: 0.265512
2026-08-19 16:45: Train Epoch 13: 780/1641 Loss: 0.275639
2026-08-19 16:45: Train Epoch 13: 800/1641 Loss: 0.297793
2026-08-19 16:45: Train Epoch 13: 820/1641 Loss: 0.290519
2026-08-19 16:45: Train Epoch 13: 840/1641 Loss: 0.264545
2026-08-19 16:45: Train Epoch 13: 860/1641 Loss: 0.278169
2026-08-19 16:45: Train Epoch 13: 880/1641 Loss: 0.286188
2026-08-19 16:45: Train Epoch 13: 900/1641 Loss: 0.270153
2026-08-19 16:45: Train Epoch 13: 920/1641 Loss: 0.267409
2026-08-19 16:45: Train Epoch 13: 940/1641 Loss: 0.289919
2026-08-19 16:45: Train Epoch 13: 960/1641 Loss: 0.288200
2026-08-19 16:45: Train Epoch 13: 980/1641 Loss: 0.270977
2026-08-19 16:45: Train Epoch 13: 1000/1641 Loss: 0.297932
2026-08-19 16:45: Train Epoch 13: 1020/1641 Loss: 0.300790
2026-08-19 16:45: Train Epoch 13: 1040/1641 Loss: 0.292172
2026-08-19 16:46: Train Epoch 13: 1060/1641 Loss: 0.275680
2026-08-19 16:46: Train Epoch 13: 1080/1641 Loss: 0.287398
2026-08-19 16:46: Train Epoch 13: 1100/1641 Loss: 0.271425
2026-08-19 16:46: Train Epoch 13: 1120/1641 Loss: 0.287347
2026-08-19 16:46: Train Epoch 13: 1140/1641 Loss: 0.276369
2026-08-19 16:46: Train Epoch 13: 1160/1641 Loss: 0.276652
2026-08-19 16:46: Train Epoch 13: 1180/1641 Loss: 0.288912
2026-08-19 16:46: Train Epoch 13: 1200/1641 Loss: 0.279802
2026-08-19 16:46: Train Epoch 13: 1220/1641 Loss: 0.276406
2026-08-19 16:46: Train Epoch 13: 1240/1641 Loss: 0.269552
2026-08-19 16:46: Train Epoch 13: 1260/1641 Loss: 0.262293
2026-08-19 16:46: Train Epoch 13: 1280/1641 Loss: 0.254858
2026-08-19 16:46: Train Epoch 13: 1300/1641 Loss: 0.286614
2026-08-19 16:46: Train Epoch 13: 1320/1641 Loss: 0.300599
2026-08-19 16:46: Train Epoch 13: 1340/1641 Loss: 0.291552
2026-08-19 16:46: Train Epoch 13: 1360/1641 Loss: 0.264063
2026-08-19 16:46: Train Epoch 13: 1380/1641 Loss: 0.290890
2026-08-19 16:46: Train Epoch 13: 1400/1641 Loss: 0.258319
2026-08-19 16:46: Train Epoch 13: 1420/1641 Loss: 0.275748
2026-08-19 16:46: Train Epoch 13: 1440/1641 Loss: 0.268661
2026-08-19 16:46: Train Epoch 13: 1460/1641 Loss: 0.259426
2026-08-19 16:46: Train Epoch 13: 1480/1641 Loss: 0.280454
2026-08-19 16:46: Train Epoch 13: 1500/1641 Loss: 0.292387
2026-08-19 16:47: Train Epoch 13: 1520/1641 Loss: 0.282927
2026-08-19 16:47: Train Epoch 13: 1540/1641 Loss: 0.269847
2026-08-19 16:47: Train Epoch 13: 1560/1641 Loss: 0.289371
2026-08-19 16:47: Train Epoch 13: 1580/1641 Loss: 0.285726
2026-08-19 16:47: Train Epoch 13: 1600/1641 Loss: 0.278739
2026-08-19 16:47: Train Epoch 13: 1620/1641 Loss: 0.269901
2026-08-19 16:47: Train Epoch 13: 1640/1641 Loss: 0.278777
2026-08-19 16:47: **********Train Epoch 13: averaged Loss: 0.279571, tf_ratio: 0.044570
2026-08-19 16:47: **********Val Epoch 13: average Loss: 0.317936
2026-08-19 16:47: Train Epoch 14: 0/1641 Loss: 0.287798
2026-08-19 16:47: Train Epoch 14: 20/1641 Loss: 0.279107
2026-08-19 16:47: Train Epoch 14: 40/1641 Loss: 0.273646
2026-08-19 16:47: Train Epoch 14: 60/1641 Loss: 0.262950
2026-08-19 16:47: Train Epoch 14: 80/1641 Loss: 0.268613
2026-08-19 16:47: Train Epoch 14: 100/1641 Loss: 0.270050
2026-08-19 16:47: Train Epoch 14: 120/1641 Loss: 0.280169
2026-08-19 16:47: Train Epoch 14: 140/1641 Loss: 0.257393
2026-08-19 16:48: Train Epoch 14: 160/1641 Loss: 0.257305
2026-08-19 16:48: Train Epoch 14: 180/1641 Loss: 0.282220
2026-08-19 16:48: Train Epoch 14: 200/1641 Loss: 0.271811
2026-08-19 16:48: Train Epoch 14: 220/1641 Loss: 0.276842
2026-08-19 16:48: Train Epoch 14: 240/1641 Loss: 0.264310
2026-08-19 16:48: Train Epoch 14: 260/1641 Loss: 0.302361
2026-08-19 16:48: Train Epoch 14: 280/1641 Loss: 0.285819
2026-08-19 16:48: Train Epoch 14: 300/1641 Loss: 0.284939
2026-08-19 16:48: Train Epoch 14: 320/1641 Loss: 0.250692
2026-08-19 16:48: Train Epoch 14: 340/1641 Loss: 0.269748
2026-08-19 16:48: Train Epoch 14: 360/1641 Loss: 0.282258
2026-08-19 16:48: Train Epoch 14: 380/1641 Loss: 0.287257
2026-08-19 16:48: Train Epoch 14: 400/1641 Loss: 0.284602
2026-08-19 16:48: Train Epoch 14: 420/1641 Loss: 0.272429
2026-08-19 16:48: Train Epoch 14: 440/1641 Loss: 0.271428
2026-08-19 16:48: Train Epoch 14: 460/1641 Loss: 0.285488
2026-08-19 16:48: Train Epoch 14: 480/1641 Loss: 0.268361
2026-08-19 16:48: Train Epoch 14: 500/1641 Loss: 0.262333
2026-08-19 16:48: Train Epoch 14: 520/1641 Loss: 0.282319
2026-08-19 16:48: Train Epoch 14: 540/1641 Loss: 0.264927
2026-08-19 16:48: Train Epoch 14: 560/1641 Loss: 0.267383
2026-08-19 16:48: Train Epoch 14: 580/1641 Loss: 0.268580
2026-08-19 16:48: Train Epoch 14: 600/1641 Loss: 0.260025
2026-08-19 16:49: Train Epoch 14: 620/1641 Loss: 0.268422
2026-08-19 16:49: Train Epoch 14: 640/1641 Loss: 0.263795
2026-08-19 16:49: Train Epoch 14: 660/1641 Loss: 0.277032
2026-08-19 16:49: Train Epoch 14: 680/1641 Loss: 0.286166
2026-08-19 16:49: Train Epoch 14: 700/1641 Loss: 0.278443
2026-08-19 16:49: Train Epoch 14: 720/1641 Loss: 0.285029
2026-08-19 16:49: Train Epoch 14: 740/1641 Loss: 0.278952
2026-08-19 16:49: Train Epoch 14: 760/1641 Loss: 0.274432
2026-08-19 16:49: Train Epoch 14: 780/1641 Loss: 0.273355
2026-08-19 16:49: Train Epoch 14: 800/1641 Loss: 0.268339
2026-08-19 16:49: Train Epoch 14: 820/1641 Loss: 0.274349
2026-08-19 16:49: Train Epoch 14: 840/1641 Loss: 0.259789
2026-08-19 16:49: Train Epoch 14: 860/1641 Loss: 0.285011
2026-08-19 16:49: Train Epoch 14: 880/1641 Loss: 0.279666
2026-08-19 16:49: Train Epoch 14: 900/1641 Loss: 0.272759
2026-08-19 16:49: Train Epoch 14: 920/1641 Loss: 0.262726
2026-08-19 16:49: Train Epoch 14: 940/1641 Loss: 0.274402
2026-08-19 16:49: Train Epoch 14: 960/1641 Loss: 0.262354
2026-08-19 16:49: Train Epoch 14: 980/1641 Loss: 0.271200
2026-08-19 16:49: Train Epoch 14: 1000/1641 Loss: 0.264397
2026-08-19 16:49: Train Epoch 14: 1020/1641 Loss: 0.268789
2026-08-19 16:49: Train Epoch 14: 1040/1641 Loss: 0.281073
2026-08-19 16:49: Train Epoch 14: 1060/1641 Loss: 0.269752
2026-08-19 16:50: Train Epoch 14: 1080/1641 Loss: 0.285642
2026-08-19 16:50: Train Epoch 14: 1100/1641 Loss: 0.287886
2026-08-19 16:50: Train Epoch 14: 1120/1641 Loss: 0.286450
2026-08-19 16:50: Train Epoch 14: 1140/1641 Loss: 0.270136
2026-08-19 16:50: Train Epoch 14: 1160/1641 Loss: 0.265858
2026-08-19 16:50: Train Epoch 14: 1180/1641 Loss: 0.278916
2026-08-19 16:50: Train Epoch 14: 1200/1641 Loss: 0.269088
2026-08-19 16:50: Train Epoch 14: 1220/1641 Loss: 0.282643
2026-08-19 16:50: Train Epoch 14: 1240/1641 Loss: 0.275709
2026-08-19 16:50: Train Epoch 14: 1260/1641 Loss: 0.283178
2026-08-19 16:50: Train Epoch 14: 1280/1641 Loss: 0.257982
2026-08-19 16:50: Train Epoch 14: 1300/1641 Loss: 0.272487
2026-08-19 16:50: Train Epoch 14: 1320/1641 Loss: 0.260337
2026-08-19 16:50: Train Epoch 14: 1340/1641 Loss: 0.284306
2026-08-19 16:50: Train Epoch 14: 1360/1641 Loss: 0.259303
2026-08-19 16:50: Train Epoch 14: 1380/1641 Loss: 0.295608
2026-08-19 16:50: Train Epoch 14: 1400/1641 Loss: 0.276749
2026-08-19 16:50: Train Epoch 14: 1420/1641 Loss: 0.275004
2026-08-19 16:50: Train Epoch 14: 1440/1641 Loss: 0.284343
2026-08-19 16:50: Train Epoch 14: 1460/1641 Loss: 0.277159
2026-08-19 16:50: Train Epoch 14: 1480/1641 Loss: 0.270200
2026-08-19 16:50: Train Epoch 14: 1500/1641 Loss: 0.264905
2026-08-19 16:50: Train Epoch 14: 1520/1641 Loss: 0.287336
2026-08-19 16:51: Train Epoch 14: 1540/1641 Loss: 0.282597
2026-08-19 16:51: Train Epoch 14: 1560/1641 Loss: 0.274916
2026-08-19 16:51: Train Epoch 14: 1580/1641 Loss: 0.268535
2026-08-19 16:51: Train Epoch 14: 1600/1641 Loss: 0.270879
2026-08-19 16:51: Train Epoch 14: 1620/1641 Loss: 0.249795
2026-08-19 16:51: Train Epoch 14: 1640/1641 Loss: 0.271339
2026-08-19 16:51: **********Train Epoch 14: averaged Loss: 0.274648, tf_ratio: 0.020122
2026-08-19 16:51: **********Val Epoch 14: average Loss: 0.317273
2026-08-19 16:51: Train Epoch 15: 0/1641 Loss: 0.257150
2026-08-19 16:51: Train Epoch 15: 20/1641 Loss: 0.254174
2026-08-19 16:51: Train Epoch 15: 40/1641 Loss: 0.256641
2026-08-19 16:51: Train Epoch 15: 60/1641 Loss: 0.252259
2026-08-19 16:51: Train Epoch 15: 80/1641 Loss: 0.247268
2026-08-19 16:51: Train Epoch 15: 100/1641 Loss: 0.282980
2026-08-19 16:51: Train Epoch 15: 120/1641 Loss: 0.268756
2026-08-19 16:51: Train Epoch 15: 140/1641 Loss: 0.258540
2026-08-19 16:51: Train Epoch 15: 160/1641 Loss: 0.283789
2026-08-19 16:51: Train Epoch 15: 180/1641 Loss: 0.273256
2026-08-19 16:52: Train Epoch 15: 200/1641 Loss: 0.275415
2026-08-19 16:52: Train Epoch 15: 220/1641 Loss: 0.251454
2026-08-19 16:52: Train Epoch 15: 240/1641 Loss: 0.271742
2026-08-19 16:52: Train Epoch 15: 260/1641 Loss: 0.284789
2026-08-19 16:52: Train Epoch 15: 280/1641 Loss: 0.289140
2026-08-19 16:52: Train Epoch 15: 300/1641 Loss: 0.261332
2026-08-19 16:52: Train Epoch 15: 320/1641 Loss: 0.267587
2026-08-19 16:52: Train Epoch 15: 340/1641 Loss: 0.262363
2026-08-19 16:52: Train Epoch 15: 360/1641 Loss: 0.269725
2026-08-19 16:52: Train Epoch 15: 380/1641 Loss: 0.269731
2026-08-19 16:52: Train Epoch 15: 400/1641 Loss: 0.271545
2026-08-19 16:52: Train Epoch 15: 420/1641 Loss: 0.263317
2026-08-19 16:52: Train Epoch 15: 440/1641 Loss: 0.257331
2026-08-19 16:52: Train Epoch 15: 460/1641 Loss: 0.247447
2026-08-19 16:52: Train Epoch 15: 480/1641 Loss: 0.271450
2026-08-19 16:52: Train Epoch 15: 500/1641 Loss: 0.275207
2026-08-19 16:52: Train Epoch 15: 520/1641 Loss: 0.265852
2026-08-19 16:52: Train Epoch 15: 540/1641 Loss: 0.271474
2026-08-19 16:52: Train Epoch 15: 560/1641 Loss: 0.276400
2026-08-19 16:52: Train Epoch 15: 580/1641 Loss: 0.270208
2026-08-19 16:52: Train Epoch 15: 600/1641 Loss: 0.269357
2026-08-19 16:52: Train Epoch 15: 620/1641 Loss: 0.250504
2026-08-19 16:52: Train Epoch 15: 640/1641 Loss: 0.279331
2026-08-19 16:52: Train Epoch 15: 660/1641 Loss: 0.292068
2026-08-19 16:53: Train Epoch 15: 680/1641 Loss: 0.279946
2026-08-19 16:53: Train Epoch 15: 700/1641 Loss: 0.272305
2026-08-19 16:53: Train Epoch 15: 720/1641 Loss: 0.268354
2026-08-19 16:53: Train Epoch 15: 740/1641 Loss: 0.271341
2026-08-19 16:53: Train Epoch 15: 760/1641 Loss: 0.275556
2026-08-19 16:53: Train Epoch 15: 780/1641 Loss: 0.275079
2026-08-19 16:53: Train Epoch 15: 800/1641 Loss: 0.264514
2026-08-19 16:53: Train Epoch 15: 820/1641 Loss: 0.274055
2026-08-19 16:53: Train Epoch 15: 840/1641 Loss: 0.290331
2026-08-19 16:53: Train Epoch 15: 860/1641 Loss: 0.253991
2026-08-19 16:53: Train Epoch 15: 880/1641 Loss: 0.275689
2026-08-19 16:53: Train Epoch 15: 900/1641 Loss: 0.280066
2026-08-19 16:53: Train Epoch 15: 920/1641 Loss: 0.246425
2026-08-19 16:53: Train Epoch 15: 940/1641 Loss: 0.269932
2026-08-19 16:53: Train Epoch 15: 960/1641 Loss: 0.267407
2026-08-19 16:53: Train Epoch 15: 980/1641 Loss: 0.267236
2026-08-19 16:53: Train Epoch 15: 1000/1641 Loss: 0.270172
2026-08-19 16:53: Train Epoch 15: 1020/1641 Loss: 0.281357
2026-08-19 16:53: Train Epoch 15: 1040/1641 Loss: 0.253020
2026-08-19 16:53: Train Epoch 15: 1060/1641 Loss: 0.289680
2026-08-19 16:53: Train Epoch 15: 1080/1641 Loss: 0.277479
2026-08-19 16:53: Train Epoch 15: 1100/1641 Loss: 0.278778
2026-08-19 16:54: Train Epoch 15: 1120/1641 Loss: 0.279653
2026-08-19 16:54: Train Epoch 15: 1140/1641 Loss: 0.276984
2026-08-19 16:54: Train Epoch 15: 1160/1641 Loss: 0.247535
2026-08-19 16:54: Train Epoch 15: 1180/1641 Loss: 0.278731
2026-08-19 16:54: Train Epoch 15: 1200/1641 Loss: 0.262733
2026-08-19 16:54: Train Epoch 15: 1220/1641 Loss: 0.286724
2026-08-19 16:54: Train Epoch 15: 1240/1641 Loss: 0.259674
2026-08-19 16:54: Train Epoch 15: 1260/1641 Loss: 0.269600
2026-08-19 16:54: Train Epoch 15: 1280/1641 Loss: 0.259953
2026-08-19 16:54: Train Epoch 15: 1300/1641 Loss: 0.261228
2026-08-19 16:54: Train Epoch 15: 1320/1641 Loss: 0.267852
2026-08-19 16:54: Train Epoch 15: 1340/1641 Loss: 0.269919
2026-08-19 16:54: Train Epoch 15: 1360/1641 Loss: 0.266412
2026-08-19 16:54: Train Epoch 15: 1380/1641 Loss: 0.263287
2026-08-19 16:54: Train Epoch 15: 1400/1641 Loss: 0.277396
2026-08-19 16:54: Train Epoch 15: 1420/1641 Loss: 0.273716
2026-08-19 16:54: Train Epoch 15: 1440/1641 Loss: 0.261170
2026-08-19 16:54: Train Epoch 15: 1460/1641 Loss: 0.265138
2026-08-19 16:54: Train Epoch 15: 1480/1641 Loss: 0.267526
2026-08-19 16:54: Train Epoch 15: 1500/1641 Loss: 0.276215
2026-08-19 16:54: Train Epoch 15: 1520/1641 Loss: 0.278631
2026-08-19 16:54: Train Epoch 15: 1540/1641 Loss: 0.259697
2026-08-19 16:54: Train Epoch 15: 1560/1641 Loss: 0.257673
2026-08-19 16:55: Train Epoch 15: 1580/1641 Loss: 0.266087
2026-08-19 16:55: Train Epoch 15: 1600/1641 Loss: 0.273079
2026-08-19 16:55: Train Epoch 15: 1620/1641 Loss: 0.260584
2026-08-19 16:55: Train Epoch 15: 1640/1641 Loss: 0.266012
2026-08-19 16:55: **********Train Epoch 15: averaged Loss: 0.270088, tf_ratio: 0.008959
2026-08-19 16:55: **********Val Epoch 15: average Loss: 0.319138
2026-08-19 16:55: Train Epoch 16: 0/1641 Loss: 0.269834
2026-08-19 16:55: Train Epoch 16: 20/1641 Loss: 0.263376
2026-08-19 16:55: Train Epoch 16: 40/1641 Loss: 0.275071
2026-08-19 16:55: Train Epoch 16: 60/1641 Loss: 0.259288
2026-08-19 16:55: Train Epoch 16: 80/1641 Loss: 0.272481
2026-08-19 16:55: Train Epoch 16: 100/1641 Loss: 0.260903
2026-08-19 16:55: Train Epoch 16: 120/1641 Loss: 0.259649
2026-08-19 16:55: Train Epoch 16: 140/1641 Loss: 0.255440
2026-08-19 16:55: Train Epoch 16: 160/1641 Loss: 0.264735
2026-08-19 16:55: Train Epoch 16: 180/1641 Loss: 0.256059
2026-08-19 16:55: Train Epoch 16: 200/1641 Loss: 0.273470
2026-08-19 16:55: Train Epoch 16: 220/1641 Loss: 0.258836
2026-08-19 16:56: Train Epoch 16: 240/1641 Loss: 0.274111
2026-08-19 16:56: Train Epoch 16: 260/1641 Loss: 0.257729
2026-08-19 16:56: Train Epoch 16: 280/1641 Loss: 0.251530
2026-08-19 16:56: Train Epoch 16: 300/1641 Loss: 0.277523
2026-08-19 16:56: Train Epoch 16: 320/1641 Loss: 0.275196
2026-08-19 16:56: Train Epoch 16: 340/1641 Loss: 0.278508
2026-08-19 16:56: Train Epoch 16: 360/1641 Loss: 0.282154
2026-08-19 16:56: Train Epoch 16: 380/1641 Loss: 0.267210
2026-08-19 16:56: Train Epoch 16: 400/1641 Loss: 0.273198
2026-08-19 16:56: Train Epoch 16: 420/1641 Loss: 0.256832
2026-08-19 16:56: Train Epoch 16: 440/1641 Loss: 0.246111
2026-08-19 16:56: Train Epoch 16: 460/1641 Loss: 0.268947
2026-08-19 16:56: Train Epoch 16: 480/1641 Loss: 0.273412
2026-08-19 16:56: Train Epoch 16: 500/1641 Loss: 0.264948
2026-08-19 16:56: Train Epoch 16: 520/1641 Loss: 0.249100
2026-08-19 16:56: Train Epoch 16: 540/1641 Loss: 0.269332
2026-08-19 16:56: Train Epoch 16: 560/1641 Loss: 0.280755
2026-08-19 16:56: Train Epoch 16: 580/1641 Loss: 0.279101
2026-08-19 16:56: Train Epoch 16: 600/1641 Loss: 0.259329
2026-08-19 16:56: Train Epoch 16: 620/1641 Loss: 0.268911
2026-08-19 16:56: Train Epoch 16: 640/1641 Loss: 0.265666
2026-08-19 16:56: Train Epoch 16: 660/1641 Loss: 0.255791
2026-08-19 16:56: Train Epoch 16: 680/1641 Loss: 0.266306
2026-08-19 16:56: Train Epoch 16: 700/1641 Loss: 0.266131
2026-08-19 16:57: Train Epoch 16: 720/1641 Loss: 0.270409
2026-08-19 16:57: Train Epoch 16: 740/1641 Loss: 0.260507
2026-08-19 16:57: Train Epoch 16: 760/1641 Loss: 0.261087
2026-08-19 16:57: Train Epoch 16: 780/1641 Loss: 0.269546
2026-08-19 16:57: Train Epoch 16: 800/1641 Loss: 0.278586
2026-08-19 16:57: Train Epoch 16: 820/1641 Loss: 0.255583
2026-08-19 16:57: Train Epoch 16: 840/1641 Loss: 0.258337
2026-08-19 16:57: Train Epoch 16: 860/1641 Loss: 0.278041
2026-08-19 16:57: Train Epoch 16: 880/1641 Loss: 0.254227
2026-08-19 16:57: Train Epoch 16: 900/1641 Loss: 0.281601
2026-08-19 16:57: Train Epoch 16: 920/1641 Loss: 0.273031
2026-08-19 16:57: Train Epoch 16: 940/1641 Loss: 0.261000
2026-08-19 16:57: Train Epoch 16: 960/1641 Loss: 0.252165
2026-08-19 16:57: Train Epoch 16: 980/1641 Loss: 0.266584
2026-08-19 16:57: Train Epoch 16: 1000/1641 Loss: 0.266968
2026-08-19 16:57: Train Epoch 16: 1020/1641 Loss: 0.257308
2026-08-19 16:57: Train Epoch 16: 1040/1641 Loss: 0.280379
2026-08-19 16:57: Train Epoch 16: 1060/1641 Loss: 0.261171
2026-08-19 16:57: Train Epoch 16: 1080/1641 Loss: 0.281612
2026-08-19 16:57: Train Epoch 16: 1100/1641 Loss: 0.260887
2026-08-19 16:57: Train Epoch 16: 1120/1641 Loss: 0.266095
2026-08-19 16:57: Train Epoch 16: 1140/1641 Loss: 0.258289
2026-08-19 16:57: Train Epoch 16: 1160/1641 Loss: 0.264190
2026-08-19 16:58: Train Epoch 16: 1180/1641 Loss: 0.271298
2026-08-19 16:58: Train Epoch 16: 1200/1641 Loss: 0.274312
2026-08-19 16:58: Train Epoch 16: 1220/1641 Loss: 0.247327
2026-08-19 16:58: Train Epoch 16: 1240/1641 Loss: 0.256938
2026-08-19 16:58: Train Epoch 16: 1260/1641 Loss: 0.253233
2026-08-19 16:58: Train Epoch 16: 1280/1641 Loss: 0.258829
2026-08-19 16:58: Train Epoch 16: 1300/1641 Loss: 0.257897
2026-08-19 16:58: Train Epoch 16: 1320/1641 Loss: 0.271851
2026-08-19 16:58: Train Epoch 16: 1340/1641 Loss: 0.255002
2026-08-19 16:58: Train Epoch 16: 1360/1641 Loss: 0.260416
2026-08-19 16:58: Train Epoch 16: 1380/1641 Loss: 0.262341
2026-08-19 16:58: Train Epoch 16: 1400/1641 Loss: 0.258009
2026-08-19 16:58: Train Epoch 16: 1420/1641 Loss: 0.241854
2026-08-19 16:58: Train Epoch 16: 1440/1641 Loss: 0.270209
2026-08-19 16:58: Train Epoch 16: 1460/1641 Loss: 0.265206
2026-08-19 16:58: Train Epoch 16: 1480/1641 Loss: 0.245611
2026-08-19 16:58: Train Epoch 16: 1500/1641 Loss: 0.265305
2026-08-19 16:58: Train Epoch 16: 1520/1641 Loss: 0.257718
2026-08-19 16:58: Train Epoch 16: 1540/1641 Loss: 0.270291
2026-08-19 16:58: Train Epoch 16: 1560/1641 Loss: 0.264287
2026-08-19 16:58: Train Epoch 16: 1580/1641 Loss: 0.263192
2026-08-19 16:58: Train Epoch 16: 1600/1641 Loss: 0.268124
2026-08-19 16:58: Train Epoch 16: 1620/1641 Loss: 0.253921
2026-08-19 16:59: Train Epoch 16: 1640/1641 Loss: 0.267563
2026-08-19 16:59: **********Train Epoch 16: averaged Loss: 0.265720, tf_ratio: 0.003964
2026-08-19 16:59: **********Val Epoch 16: average Loss: 0.318955
2026-08-19 16:59: Train Epoch 17: 0/1641 Loss: 0.261256
2026-08-19 16:59: Train Epoch 17: 20/1641 Loss: 0.252513
2026-08-19 16:59: Train Epoch 17: 40/1641 Loss: 0.261132
2026-08-19 16:59: Train Epoch 17: 60/1641 Loss: 0.269566
2026-08-19 16:59: Train Epoch 17: 80/1641 Loss: 0.257859
2026-08-19 16:59: Train Epoch 17: 100/1641 Loss: 0.289598
2026-08-19 16:59: Train Epoch 17: 120/1641 Loss: 0.277160
2026-08-19 16:59: Train Epoch 17: 140/1641 Loss: 0.263902
2026-08-19 16:59: Train Epoch 17: 160/1641 Loss: 0.259598
2026-08-19 16:59: Train Epoch 17: 180/1641 Loss: 0.271019
2026-08-19 16:59: Train Epoch 17: 200/1641 Loss: 0.258875
2026-08-19 16:59: Train Epoch 17: 220/1641 Loss: 0.268383
2026-08-19 16:59: Train Epoch 17: 240/1641 Loss: 0.249784
2026-08-19 16:59: Train Epoch 17: 260/1641 Loss: 0.256378
2026-08-19 16:59: Train Epoch 17: 280/1641 Loss: 0.279325
2026-08-19 17:00: Train Epoch 17: 300/1641 Loss: 0.261487
2026-08-19 17:00: Train Epoch 17: 320/1641 Loss: 0.257765
2026-08-19 17:00: Train Epoch 17: 340/1641 Loss: 0.268235
2026-08-19 17:00: Train Epoch 17: 360/1641 Loss: 0.270060
2026-08-19 17:00: Train Epoch 17: 380/1641 Loss: 0.248235
2026-08-19 17:00: Train Epoch 17: 400/1641 Loss: 0.280376
2026-08-19 17:00: Train Epoch 17: 420/1641 Loss: 0.279135
2026-08-19 17:00: Train Epoch 17: 440/1641 Loss: 0.254896
2026-08-19 17:00: Train Epoch 17: 460/1641 Loss: 0.272722
2026-08-19 17:00: Train Epoch 17: 480/1641 Loss: 0.252482
2026-08-19 17:00: Train Epoch 17: 500/1641 Loss: 0.263541
2026-08-19 17:00: Train Epoch 17: 520/1641 Loss: 0.230877
2026-08-19 17:00: Train Epoch 17: 540/1641 Loss: 0.247939
2026-08-19 17:00: Train Epoch 17: 560/1641 Loss: 0.271951
2026-08-19 17:00: Train Epoch 17: 580/1641 Loss: 0.274272
2026-08-19 17:00: Train Epoch 17: 600/1641 Loss: 0.252950
2026-08-19 17:00: Train Epoch 17: 620/1641 Loss: 0.266612
2026-08-19 17:00: Train Epoch 17: 640/1641 Loss: 0.258284
2026-08-19 17:00: Train Epoch 17: 660/1641 Loss: 0.265772
2026-08-19 17:00: Train Epoch 17: 680/1641 Loss: 0.262618
2026-08-19 17:00: Train Epoch 17: 700/1641 Loss: 0.245610
2026-08-19 17:00: Train Epoch 17: 720/1641 Loss: 0.258411
2026-08-19 17:00: Train Epoch 17: 740/1641 Loss: 0.274658
2026-08-19 17:01: Train Epoch 17: 760/1641 Loss: 0.263665
2026-08-19 17:01: Train Epoch 17: 780/1641 Loss: 0.260169
2026-08-19 17:01: Train Epoch 17: 800/1641 Loss: 0.265251
2026-08-19 17:01: Train Epoch 17: 820/1641 Loss: 0.266368
2026-08-19 17:01: Train Epoch 17: 840/1641 Loss: 0.254062
2026-08-19 17:01: Train Epoch 17: 860/1641 Loss: 0.241103
2026-08-19 17:01: Train Epoch 17: 880/1641 Loss: 0.265937
2026-08-19 17:01: Train Epoch 17: 900/1641 Loss: 0.260986
2026-08-19 17:01: Train Epoch 17: 920/1641 Loss: 0.260136
2026-08-19 17:01: Train Epoch 17: 940/1641 Loss: 0.241995
2026-08-19 17:01: Train Epoch 17: 960/1641 Loss: 0.249982
2026-08-19 17:01: Train Epoch 17: 980/1641 Loss: 0.275059
2026-08-19 17:01: Train Epoch 17: 1000/1641 Loss: 0.255352
2026-08-19 17:01: Train Epoch 17: 1020/1641 Loss: 0.281632
2026-08-19 17:01: Train Epoch 17: 1040/1641 Loss: 0.256628
2026-08-19 17:01: Train Epoch 17: 1060/1641 Loss: 0.250464
2026-08-19 17:01: Train Epoch 17: 1080/1641 Loss: 0.262310
2026-08-19 17:01: Train Epoch 17: 1100/1641 Loss: 0.272081
2026-08-19 17:01: Train Epoch 17: 1120/1641 Loss: 0.272968
2026-08-19 17:01: Train Epoch 17: 1140/1641 Loss: 0.260225
2026-08-19 17:01: Train Epoch 17: 1160/1641 Loss: 0.259477
2026-08-19 17:01: Train Epoch 17: 1180/1641 Loss: 0.246981
2026-08-19 17:01: Train Epoch 17: 1200/1641 Loss: 0.272199
2026-08-19 17:02: Train Epoch 17: 1220/1641 Loss: 0.260145
2026-08-19 17:02: Train Epoch 17: 1240/1641 Loss: 0.245083
2026-08-19 17:02: Train Epoch 17: 1260/1641 Loss: 0.280135
2026-08-19 17:02: Train Epoch 17: 1280/1641 Loss: 0.245813
2026-08-19 17:02: Train Epoch 17: 1300/1641 Loss: 0.259495
2026-08-19 17:02: Train Epoch 17: 1320/1641 Loss: 0.263996
2026-08-19 17:02: Train Epoch 17: 1340/1641 Loss: 0.258712
2026-08-19 17:02: Train Epoch 17: 1360/1641 Loss: 0.255470
2026-08-19 17:02: Train Epoch 17: 1380/1641 Loss: 0.276110
2026-08-19 17:02: Train Epoch 17: 1400/1641 Loss: 0.274144
2026-08-19 17:02: Train Epoch 17: 1420/1641 Loss: 0.259943
2026-08-19 17:02: Train Epoch 17: 1440/1641 Loss: 0.248944
2026-08-19 17:02: Train Epoch 17: 1460/1641 Loss: 0.247275
2026-08-19 17:02: Train Epoch 17: 1480/1641 Loss: 0.259282
2026-08-19 17:02: Train Epoch 17: 1500/1641 Loss: 0.258907
2026-08-19 17:02: Train Epoch 17: 1520/1641 Loss: 0.267431
2026-08-19 17:02: Train Epoch 17: 1540/1641 Loss: 0.244396
2026-08-19 17:02: Train Epoch 17: 1560/1641 Loss: 0.258657
2026-08-19 17:02: Train Epoch 17: 1580/1641 Loss: 0.256118
2026-08-19 17:02: Train Epoch 17: 1600/1641 Loss: 0.262542
2026-08-19 17:02: Train Epoch 17: 1620/1641 Loss: 0.279260
2026-08-19 17:02: Train Epoch 17: 1640/1641 Loss: 0.241173
2026-08-19 17:02: **********Train Epoch 17: averaged Loss: 0.261357, tf_ratio: 0.001749
2026-08-19 17:03: **********Val Epoch 17: average Loss: 0.320357
2026-08-19 17:03: Train Epoch 18: 0/1641 Loss: 0.238382
2026-08-19 17:03: Train Epoch 18: 20/1641 Loss: 0.267097
2026-08-19 17:03: Train Epoch 18: 40/1641 Loss: 0.239608
2026-08-19 17:03: Train Epoch 18: 60/1641 Loss: 0.264943
2026-08-19 17:03: Train Epoch 18: 80/1641 Loss: 0.261118
2026-08-19 17:03: Train Epoch 18: 100/1641 Loss: 0.243771
2026-08-19 17:03: Train Epoch 18: 120/1641 Loss: 0.274207
2026-08-19 17:03: Train Epoch 18: 140/1641 Loss: 0.257309
2026-08-19 17:03: Train Epoch 18: 160/1641 Loss: 0.248911
2026-08-19 17:03: Train Epoch 18: 180/1641 Loss: 0.267187
2026-08-19 17:03: Train Epoch 18: 200/1641 Loss: 0.257258
2026-08-19 17:03: Train Epoch 18: 220/1641 Loss: 0.248628
2026-08-19 17:03: Train Epoch 18: 240/1641 Loss: 0.259586
2026-08-19 17:03: Train Epoch 18: 260/1641 Loss: 0.263988
2026-08-19 17:03: Train Epoch 18: 280/1641 Loss: 0.246144
2026-08-19 17:03: Train Epoch 18: 300/1641 Loss: 0.261232
2026-08-19 17:03: Train Epoch 18: 320/1641 Loss: 0.252788
2026-08-19 17:04: Train Epoch 18: 340/1641 Loss: 0.268207
2026-08-19 17:04: Train Epoch 18: 360/1641 Loss: 0.242012
2026-08-19 17:04: Train Epoch 18: 380/1641 Loss: 0.267673
2026-08-19 17:04: Train Epoch 18: 400/1641 Loss: 0.262298
2026-08-19 17:04: Train Epoch 18: 420/1641 Loss: 0.251077
2026-08-19 17:04: Train Epoch 18: 440/1641 Loss: 0.238732
2026-08-19 17:04: Train Epoch 18: 460/1641 Loss: 0.267539
2026-08-19 17:04: Train Epoch 18: 480/1641 Loss: 0.245024
2026-08-19 17:04: Train Epoch 18: 500/1641 Loss: 0.281449
2026-08-19 17:04: Train Epoch 18: 520/1641 Loss: 0.260796
2026-08-19 17:04: Train Epoch 18: 540/1641 Loss: 0.268881
2026-08-19 17:04: Train Epoch 18: 560/1641 Loss: 0.251976
2026-08-19 17:04: Train Epoch 18: 580/1641 Loss: 0.258798
2026-08-19 17:04: Train Epoch 18: 600/1641 Loss: 0.252900
2026-08-19 17:04: Train Epoch 18: 620/1641 Loss: 0.278159
2026-08-19 17:04: Train Epoch 18: 640/1641 Loss: 0.260114
2026-08-19 17:04: Train Epoch 18: 660/1641 Loss: 0.258716
2026-08-19 17:04: Train Epoch 18: 680/1641 Loss: 0.244438
2026-08-19 17:04: Train Epoch 18: 700/1641 Loss: 0.251947
2026-08-19 17:04: Train Epoch 18: 720/1641 Loss: 0.246705
2026-08-19 17:04: Train Epoch 18: 740/1641 Loss: 0.258353
2026-08-19 17:04: Train Epoch 18: 760/1641 Loss: 0.252775
2026-08-19 17:04: Train Epoch 18: 780/1641 Loss: 0.252372
2026-08-19 17:04: Train Epoch 18: 800/1641 Loss: 0.268707
2026-08-19 17:05: Train Epoch 18: 820/1641 Loss: 0.254802
2026-08-19 17:05: Train Epoch 18: 840/1641 Loss: 0.270948
2026-08-19 17:05: Train Epoch 18: 860/1641 Loss: 0.260792
2026-08-19 17:05: Train Epoch 18: 880/1641 Loss: 0.241642
2026-08-19 17:05: Train Epoch 18: 900/1641 Loss: 0.261390
2026-08-19 17:05: Train Epoch 18: 920/1641 Loss: 0.252003
2026-08-19 17:05: Train Epoch 18: 940/1641 Loss: 0.257557
2026-08-19 17:05: Train Epoch 18: 960/1641 Loss: 0.249547
2026-08-19 17:05: Train Epoch 18: 980/1641 Loss: 0.262903
2026-08-19 17:05: Train Epoch 18: 1000/1641 Loss: 0.241407
2026-08-19 17:05: Train Epoch 18: 1020/1641 Loss: 0.265404
2026-08-19 17:05: Train Epoch 18: 1040/1641 Loss: 0.253268
2026-08-19 17:05: Train Epoch 18: 1060/1641 Loss: 0.263201
2026-08-19 17:05: Train Epoch 18: 1080/1641 Loss: 0.266282
2026-08-19 17:05: Train Epoch 18: 1100/1641 Loss: 0.254991
2026-08-19 17:05: Train Epoch 18: 1120/1641 Loss: 0.268655
2026-08-19 17:05: Train Epoch 18: 1140/1641 Loss: 0.264619
2026-08-19 17:05: Train Epoch 18: 1160/1641 Loss: 0.251907
2026-08-19 17:05: Train Epoch 18: 1180/1641 Loss: 0.258293
2026-08-19 17:05: Train Epoch 18: 1200/1641 Loss: 0.264880
2026-08-19 17:05: Train Epoch 18: 1220/1641 Loss: 0.275572
2026-08-19 17:05: Train Epoch 18: 1240/1641 Loss: 0.259101
2026-08-19 17:05: Train Epoch 18: 1260/1641 Loss: 0.247597
2026-08-19 17:06: Train Epoch 18: 1280/1641 Loss: 0.250007
2026-08-19 17:06: Train Epoch 18: 1300/1641 Loss: 0.259523
2026-08-19 17:06: Train Epoch 18: 1320/1641 Loss: 0.260496
2026-08-19 17:06: Train Epoch 18: 1340/1641 Loss: 0.244215
2026-08-19 17:06: Train Epoch 18: 1360/1641 Loss: 0.257503
2026-08-19 17:06: Train Epoch 18: 1380/1641 Loss: 0.270720
2026-08-19 17:06: Train Epoch 18: 1400/1641 Loss: 0.251641
2026-08-19 17:06: Train Epoch 18: 1420/1641 Loss: 0.243901
2026-08-19 17:06: Train Epoch 18: 1440/1641 Loss: 0.262599
2026-08-19 17:06: Train Epoch 18: 1460/1641 Loss: 0.264790
2026-08-19 17:06: Train Epoch 18: 1480/1641 Loss: 0.243330
2026-08-19 17:06: Train Epoch 18: 1500/1641 Loss: 0.258420
2026-08-19 17:06: Train Epoch 18: 1520/1641 Loss: 0.242260
2026-08-19 17:06: Train Epoch 18: 1540/1641 Loss: 0.246921
2026-08-19 17:06: Train Epoch 18: 1560/1641 Loss: 0.258563
2026-08-19 17:06: Train Epoch 18: 1580/1641 Loss: 0.247381
2026-08-19 17:06: Train Epoch 18: 1600/1641 Loss: 0.240054
2026-08-19 17:06: Train Epoch 18: 1620/1641 Loss: 0.256882
2026-08-19 17:06: Train Epoch 18: 1640/1641 Loss: 0.250516
2026-08-19 17:06: **********Train Epoch 18: averaged Loss: 0.257126, tf_ratio: 0.000771
2026-08-19 17:07: **********Val Epoch 18: average Loss: 0.320145
2026-08-19 17:07: Train Epoch 19: 0/1641 Loss: 0.242193
2026-08-19 17:07: Train Epoch 19: 20/1641 Loss: 0.259989
2026-08-19 17:07: Train Epoch 19: 40/1641 Loss: 0.233821
2026-08-19 17:07: Train Epoch 19: 60/1641 Loss: 0.252824
2026-08-19 17:07: Train Epoch 19: 80/1641 Loss: 0.263872
2026-08-19 17:07: Train Epoch 19: 100/1641 Loss: 0.265302
2026-08-19 17:07: Train Epoch 19: 120/1641 Loss: 0.253199
2026-08-19 17:07: Train Epoch 19: 140/1641 Loss: 0.250204
2026-08-19 17:07: Train Epoch 19: 160/1641 Loss: 0.254680
2026-08-19 17:07: Train Epoch 19: 180/1641 Loss: 0.280535
2026-08-19 17:07: Train Epoch 19: 200/1641 Loss: 0.258077
2026-08-19 17:07: Train Epoch 19: 220/1641 Loss: 0.247137
2026-08-19 17:07: Train Epoch 19: 240/1641 Loss: 0.247416
2026-08-19 17:07: Train Epoch 19: 260/1641 Loss: 0.259384
2026-08-19 17:07: Train Epoch 19: 280/1641 Loss: 0.255998
2026-08-19 17:07: Train Epoch 19: 300/1641 Loss: 0.251919
2026-08-19 17:07: Train Epoch 19: 320/1641 Loss: 0.248171
2026-08-19 17:07: Train Epoch 19: 340/1641 Loss: 0.274342
2026-08-19 17:07: Train Epoch 19: 360/1641 Loss: 0.255375
2026-08-19 17:08: Train Epoch 19: 380/1641 Loss: 0.259902
2026-08-19 17:08: Train Epoch 19: 400/1641 Loss: 0.241852
2026-08-19 17:08: Train Epoch 19: 420/1641 Loss: 0.251983
2026-08-19 17:08: Train Epoch 19: 440/1641 Loss: 0.268194
2026-08-19 17:08: Train Epoch 19: 460/1641 Loss: 0.242194
2026-08-19 17:08: Train Epoch 19: 480/1641 Loss: 0.259710
2026-08-19 17:08: Train Epoch 19: 500/1641 Loss: 0.255643
2026-08-19 17:08: Train Epoch 19: 520/1641 Loss: 0.241813
2026-08-19 17:08: Train Epoch 19: 540/1641 Loss: 0.257666
2026-08-19 17:08: Train Epoch 19: 560/1641 Loss: 0.245700
2026-08-19 17:08: Train Epoch 19: 580/1641 Loss: 0.261237
2026-08-19 17:08: Train Epoch 19: 600/1641 Loss: 0.273295
2026-08-19 17:08: Train Epoch 19: 620/1641 Loss: 0.239765
2026-08-19 17:08: Train Epoch 19: 640/1641 Loss: 0.254931
2026-08-19 17:08: Train Epoch 19: 660/1641 Loss: 0.251467
2026-08-19 17:08: Train Epoch 19: 680/1641 Loss: 0.242801
2026-08-19 17:08: Train Epoch 19: 700/1641 Loss: 0.263600
2026-08-19 17:08: Train Epoch 19: 720/1641 Loss: 0.250715
2026-08-19 17:08: Train Epoch 19: 740/1641 Loss: 0.245780
2026-08-19 17:08: Train Epoch 19: 760/1641 Loss: 0.247510
2026-08-19 17:08: Train Epoch 19: 780/1641 Loss: 0.242576
2026-08-19 17:08: Train Epoch 19: 800/1641 Loss: 0.243268
2026-08-19 17:08: Train Epoch 19: 820/1641 Loss: 0.241739
2026-08-19 17:09: Train Epoch 19: 840/1641 Loss: 0.246018
2026-08-19 17:09: Train Epoch 19: 860/1641 Loss: 0.249268
2026-08-19 17:09: Train Epoch 19: 880/1641 Loss: 0.254042
2026-08-19 17:09: Train Epoch 19: 900/1641 Loss: 0.271254
2026-08-19 17:09: Train Epoch 19: 920/1641 Loss: 0.242258
2026-08-19 17:09: Train Epoch 19: 940/1641 Loss: 0.258096
2026-08-19 17:09: Train Epoch 19: 960/1641 Loss: 0.255897
2026-08-19 17:09: Train Epoch 19: 980/1641 Loss: 0.254175
2026-08-19 17:09: Train Epoch 19: 1000/1641 Loss: 0.254667
2026-08-19 17:09: Train Epoch 19: 1020/1641 Loss: 0.240490
2026-08-19 17:09: Train Epoch 19: 1040/1641 Loss: 0.248257
2026-08-19 17:09: Train Epoch 19: 1060/1641 Loss: 0.276307
2026-08-19 17:09: Train Epoch 19: 1080/1641 Loss: 0.248423
2026-08-19 17:09: Train Epoch 19: 1100/1641 Loss: 0.236150
2026-08-19 17:09: Train Epoch 19: 1120/1641 Loss: 0.246606
2026-08-19 17:09: Train Epoch 19: 1140/1641 Loss: 0.251099
2026-08-19 17:09: Train Epoch 19: 1160/1641 Loss: 0.248229
2026-08-19 17:09: Train Epoch 19: 1180/1641 Loss: 0.253409
2026-08-19 17:09: Train Epoch 19: 1200/1641 Loss: 0.234912
2026-08-19 17:09: Train Epoch 19: 1220/1641 Loss: 0.254425
2026-08-19 17:09: Train Epoch 19: 1240/1641 Loss: 0.246293
2026-08-19 17:09: Train Epoch 19: 1260/1641 Loss: 0.251775
2026-08-19 17:09: Train Epoch 19: 1280/1641 Loss: 0.256003
2026-08-19 17:10: Train Epoch 19: 1300/1641 Loss: 0.263802
2026-08-19 17:10: Train Epoch 19: 1320/1641 Loss: 0.245463
2026-08-19 17:10: Train Epoch 19: 1340/1641 Loss: 0.264965
2026-08-19 17:10: Train Epoch 19: 1360/1641 Loss: 0.246048
2026-08-19 17:10: Train Epoch 19: 1380/1641 Loss: 0.261940
2026-08-19 17:10: Train Epoch 19: 1400/1641 Loss: 0.259101
2026-08-19 17:10: Train Epoch 19: 1420/1641 Loss: 0.234998
2026-08-19 17:10: Train Epoch 19: 1440/1641 Loss: 0.244206
2026-08-19 17:10: Train Epoch 19: 1460/1641 Loss: 0.261783
2026-08-19 17:10: Train Epoch 19: 1480/1641 Loss: 0.236548
2026-08-19 17:10: Train Epoch 19: 1500/1641 Loss: 0.251781
2026-08-19 17:10: Train Epoch 19: 1520/1641 Loss: 0.264279
2026-08-19 17:10: Train Epoch 19: 1540/1641 Loss: 0.265833
2026-08-19 17:10: Train Epoch 19: 1560/1641 Loss: 0.249159
2026-08-19 17:10: Train Epoch 19: 1580/1641 Loss: 0.261482
2026-08-19 17:10: Train Epoch 19: 1600/1641 Loss: 0.249688
2026-08-19 17:10: Train Epoch 19: 1620/1641 Loss: 0.236974
2026-08-19 17:10: Train Epoch 19: 1640/1641 Loss: 0.248976
2026-08-19 17:10: **********Train Epoch 19: averaged Loss: 0.253337, tf_ratio: 0.000339
2026-08-19 17:11: **********Val Epoch 19: average Loss: 0.324000
2026-08-19 17:11: Train Epoch 20: 0/1641 Loss: 0.244567
2026-08-19 17:11: Train Epoch 20: 20/1641 Loss: 0.264943
2026-08-19 17:11: Train Epoch 20: 40/1641 Loss: 0.259238
2026-08-19 17:11: Train Epoch 20: 60/1641 Loss: 0.261469
2026-08-19 17:11: Train Epoch 20: 80/1641 Loss: 0.240878
2026-08-19 17:11: Train Epoch 20: 100/1641 Loss: 0.272167
2026-08-19 17:11: Train Epoch 20: 120/1641 Loss: 0.249393
2026-08-19 17:11: Train Epoch 20: 140/1641 Loss: 0.241401
2026-08-19 17:11: Train Epoch 20: 160/1641 Loss: 0.262596
2026-08-19 17:11: Train Epoch 20: 180/1641 Loss: 0.246475
2026-08-19 17:11: Train Epoch 20: 200/1641 Loss: 0.250997
2026-08-19 17:11: Train Epoch 20: 220/1641 Loss: 0.259627
2026-08-19 17:11: Train Epoch 20: 240/1641 Loss: 0.255231
2026-08-19 17:11: Train Epoch 20: 260/1641 Loss: 0.266736
2026-08-19 17:11: Train Epoch 20: 280/1641 Loss: 0.252548
2026-08-19 17:11: Train Epoch 20: 300/1641 Loss: 0.257059
2026-08-19 17:11: Train Epoch 20: 320/1641 Loss: 0.251905
2026-08-19 17:11: Train Epoch 20: 340/1641 Loss: 0.245744
2026-08-19 17:11: Train Epoch 20: 360/1641 Loss: 0.241961
2026-08-19 17:11: Train Epoch 20: 380/1641 Loss: 0.249133
2026-08-19 17:12: Train Epoch 20: 400/1641 Loss: 0.247356
2026-08-19 17:12: Train Epoch 20: 420/1641 Loss: 0.272908
2026-08-19 17:12: Train Epoch 20: 440/1641 Loss: 0.254567
2026-08-19 17:12: Train Epoch 20: 460/1641 Loss: 0.259685
2026-08-19 17:12: Train Epoch 20: 480/1641 Loss: 0.241160
2026-08-19 17:12: Train Epoch 20: 500/1641 Loss: 0.262442
2026-08-19 17:12: Train Epoch 20: 520/1641 Loss: 0.254631
2026-08-19 17:12: Train Epoch 20: 540/1641 Loss: 0.258543
2026-08-19 17:12: Train Epoch 20: 560/1641 Loss: 0.244976
2026-08-19 17:12: Train Epoch 20: 580/1641 Loss: 0.254100
2026-08-19 17:12: Train Epoch 20: 600/1641 Loss: 0.239483
2026-08-19 17:12: Train Epoch 20: 620/1641 Loss: 0.253816
2026-08-19 17:12: Train Epoch 20: 640/1641 Loss: 0.245997
2026-08-19 17:12: Train Epoch 20: 660/1641 Loss: 0.244815
2026-08-19 17:12: Train Epoch 20: 680/1641 Loss: 0.253888
2026-08-19 17:12: Train Epoch 20: 700/1641 Loss: 0.267831
2026-08-19 17:12: Train Epoch 20: 720/1641 Loss: 0.243449
2026-08-19 17:12: Train Epoch 20: 740/1641 Loss: 0.254375
2026-08-19 17:12: Train Epoch 20: 760/1641 Loss: 0.258021
2026-08-19 17:12: Train Epoch 20: 780/1641 Loss: 0.246603
2026-08-19 17:12: Train Epoch 20: 800/1641 Loss: 0.256742
2026-08-19 17:12: Train Epoch 20: 820/1641 Loss: 0.256088
2026-08-19 17:13: Train Epoch 20: 840/1641 Loss: 0.247917
2026-08-19 17:13: Train Epoch 20: 860/1641 Loss: 0.244293
2026-08-19 17:13: Train Epoch 20: 880/1641 Loss: 0.240412
2026-08-19 17:13: Train Epoch 20: 900/1641 Loss: 0.260055
2026-08-19 17:13: Train Epoch 20: 920/1641 Loss: 0.237324
2026-08-19 17:13: Train Epoch 20: 940/1641 Loss: 0.245318
2026-08-19 17:13: Train Epoch 20: 960/1641 Loss: 0.248136
2026-08-19 17:13: Train Epoch 20: 980/1641 Loss: 0.260157
2026-08-19 17:13: Train Epoch 20: 1000/1641 Loss: 0.248769
2026-08-19 17:13: Train Epoch 20: 1020/1641 Loss: 0.256657
2026-08-19 17:13: Train Epoch 20: 1040/1641 Loss: 0.245969
2026-08-19 17:13: Train Epoch 20: 1060/1641 Loss: 0.246740
2026-08-19 17:13: Train Epoch 20: 1080/1641 Loss: 0.241241
2026-08-19 17:13: Train Epoch 20: 1100/1641 Loss: 0.250855
2026-08-19 17:13: Train Epoch 20: 1120/1641 Loss: 0.249320
2026-08-19 17:13: Train Epoch 20: 1140/1641 Loss: 0.238526
2026-08-19 17:13: Train Epoch 20: 1160/1641 Loss: 0.238250
2026-08-19 17:13: Train Epoch 20: 1180/1641 Loss: 0.254804
2026-08-19 17:13: Train Epoch 20: 1200/1641 Loss: 0.240310
2026-08-19 17:13: Train Epoch 20: 1220/1641 Loss: 0.259649
2026-08-19 17:13: Train Epoch 20: 1240/1641 Loss: 0.244718
2026-08-19 17:13: Train Epoch 20: 1260/1641 Loss: 0.251258
2026-08-19 17:14: Train Epoch 20: 1280/1641 Loss: 0.250485
2026-08-19 17:14: Train Epoch 20: 1300/1641 Loss: 0.260825
2026-08-19 17:14: Train Epoch 20: 1320/1641 Loss: 0.259402
2026-08-19 17:14: Train Epoch 20: 1340/1641 Loss: 0.252742
2026-08-19 17:14: Train Epoch 20: 1360/1641 Loss: 0.235428
2026-08-19 17:14: Train Epoch 20: 1380/1641 Loss: 0.244968
2026-08-19 17:14: Train Epoch 20: 1400/1641 Loss: 0.257121
2026-08-19 17:14: Train Epoch 20: 1420/1641 Loss: 0.244164
2026-08-19 17:14: Train Epoch 20: 1440/1641 Loss: 0.242252
2026-08-19 17:14: Train Epoch 20: 1460/1641 Loss: 0.271236
2026-08-19 17:14: Train Epoch 20: 1480/1641 Loss: 0.246125
2026-08-19 17:14: Train Epoch 20: 1500/1641 Loss: 0.238818
2026-08-19 17:14: Train Epoch 20: 1520/1641 Loss: 0.274063
2026-08-19 17:14: Train Epoch 20: 1540/1641 Loss: 0.252300
2026-08-19 17:14: Train Epoch 20: 1560/1641 Loss: 0.258151
2026-08-19 17:14: Train Epoch 20: 1580/1641 Loss: 0.238645
2026-08-19 17:14: Train Epoch 20: 1600/1641 Loss: 0.242800
2026-08-19 17:14: Train Epoch 20: 1620/1641 Loss: 0.257618
2026-08-19 17:14: Train Epoch 20: 1640/1641 Loss: 0.239706
2026-08-19 17:14: **********Train Epoch 20: averaged Loss: 0.249515, tf_ratio: 0.000149
2026-08-19 17:15: **********Val Epoch 20: average Loss: 0.322072
2026-08-19 17:15: Train Epoch 21: 0/1641 Loss: 0.249727
2026-08-19 17:15: Train Epoch 21: 20/1641 Loss: 0.243965
2026-08-19 17:15: Train Epoch 21: 40/1641 Loss: 0.237826
2026-08-19 17:15: Train Epoch 21: 60/1641 Loss: 0.249172
2026-08-19 17:15: Train Epoch 21: 80/1641 Loss: 0.245829
2026-08-19 17:15: Train Epoch 21: 100/1641 Loss: 0.243909
2026-08-19 17:15: Train Epoch 21: 120/1641 Loss: 0.266104
2026-08-19 17:15: Train Epoch 21: 140/1641 Loss: 0.232499
2026-08-19 17:15: Train Epoch 21: 160/1641 Loss: 0.239068
2026-08-19 17:15: Train Epoch 21: 180/1641 Loss: 0.254162
2026-08-19 17:15: Train Epoch 21: 200/1641 Loss: 0.253375
2026-08-19 17:15: Train Epoch 21: 220/1641 Loss: 0.238483
2026-08-19 17:15: Train Epoch 21: 240/1641 Loss: 0.243347
2026-08-19 17:15: Train Epoch 21: 260/1641 Loss: 0.241850
2026-08-19 17:15: Train Epoch 21: 280/1641 Loss: 0.254779
2026-08-19 17:15: Train Epoch 21: 300/1641 Loss: 0.250665
2026-08-19 17:15: Train Epoch 21: 320/1641 Loss: 0.243127
2026-08-19 17:15: Train Epoch 21: 340/1641 Loss: 0.238481
2026-08-19 17:16: Train Epoch 21: 360/1641 Loss: 0.229941
2026-08-19 17:16: Train Epoch 21: 380/1641 Loss: 0.230463
2026-08-19 17:16: Train Epoch 21: 400/1641 Loss: 0.241058
2026-08-19 17:16: Train Epoch 21: 420/1641 Loss: 0.250280
2026-08-19 17:16: Train Epoch 21: 440/1641 Loss: 0.239362
2026-08-19 17:16: Train Epoch 21: 460/1641 Loss: 0.254355
2026-08-19 17:16: Train Epoch 21: 480/1641 Loss: 0.248456
2026-08-19 17:16: Train Epoch 21: 500/1641 Loss: 0.263594
2026-08-19 17:16: Train Epoch 21: 520/1641 Loss: 0.233541
2026-08-19 17:16: Train Epoch 21: 540/1641 Loss: 0.251686
2026-08-19 17:16: Train Epoch 21: 560/1641 Loss: 0.241890
2026-08-19 17:16: Train Epoch 21: 580/1641 Loss: 0.245372
2026-08-19 17:16: Train Epoch 21: 600/1641 Loss: 0.248244
2026-08-19 17:16: Train Epoch 21: 620/1641 Loss: 0.245993
2026-08-19 17:16: Train Epoch 21: 640/1641 Loss: 0.245461
2026-08-19 17:16: Train Epoch 21: 660/1641 Loss: 0.257331
2026-08-19 17:16: Train Epoch 21: 680/1641 Loss: 0.251471
2026-08-19 17:16: Train Epoch 21: 700/1641 Loss: 0.267697
2026-08-19 17:16: Train Epoch 21: 720/1641 Loss: 0.235826
2026-08-19 17:16: Train Epoch 21: 740/1641 Loss: 0.252413
2026-08-19 17:16: Train Epoch 21: 760/1641 Loss: 0.251263
2026-08-19 17:16: Train Epoch 21: 780/1641 Loss: 0.234010
2026-08-19 17:16: Train Epoch 21: 800/1641 Loss: 0.239251
2026-08-19 17:17: Train Epoch 21: 820/1641 Loss: 0.237142
2026-08-19 17:17: Train Epoch 21: 840/1641 Loss: 0.247182
2026-08-19 17:17: Train Epoch 21: 860/1641 Loss: 0.247974
2026-08-19 17:17: Train Epoch 21: 880/1641 Loss: 0.246459
2026-08-19 17:17: Train Epoch 21: 900/1641 Loss: 0.232398
2026-08-19 17:17: Train Epoch 21: 920/1641 Loss: 0.236900
2026-08-19 17:17: Train Epoch 21: 940/1641 Loss: 0.231799
2026-08-19 17:17: Train Epoch 21: 960/1641 Loss: 0.237868
2026-08-19 17:17: Train Epoch 21: 980/1641 Loss: 0.254550
2026-08-19 17:17: Train Epoch 21: 1000/1641 Loss: 0.249754
2026-08-19 17:17: Train Epoch 21: 1020/1641 Loss: 0.239582
2026-08-19 17:17: Train Epoch 21: 1040/1641 Loss: 0.254386
2026-08-19 17:17: Train Epoch 21: 1060/1641 Loss: 0.240360
2026-08-19 17:17: Train Epoch 21: 1080/1641 Loss: 0.237894
2026-08-19 17:17: Train Epoch 21: 1100/1641 Loss: 0.239831
2026-08-19 17:17: Train Epoch 21: 1120/1641 Loss: 0.253721
2026-08-19 17:17: Train Epoch 21: 1140/1641 Loss: 0.241790
2026-08-19 17:17: Train Epoch 21: 1160/1641 Loss: 0.245855
2026-08-19 17:17: Train Epoch 21: 1180/1641 Loss: 0.244860
2026-08-19 17:17: Train Epoch 21: 1200/1641 Loss: 0.247721
2026-08-19 17:17: Train Epoch 21: 1220/1641 Loss: 0.242561
2026-08-19 17:18: Train Epoch 21: 1240/1641 Loss: 0.246490
2026-08-19 17:18: Train Epoch 21: 1260/1641 Loss: 0.248696
2026-08-19 17:18: Train Epoch 21: 1280/1641 Loss: 0.260506
2026-08-19 17:18: Train Epoch 21: 1300/1641 Loss: 0.251340
2026-08-19 17:18: Train Epoch 21: 1320/1641 Loss: 0.236604
2026-08-19 17:18: Train Epoch 21: 1340/1641 Loss: 0.253720
2026-08-19 17:18: Train Epoch 21: 1360/1641 Loss: 0.253194
2026-08-19 17:18: Train Epoch 21: 1380/1641 Loss: 0.252261
2026-08-19 17:18: Train Epoch 21: 1400/1641 Loss: 0.251592
2026-08-19 17:18: Train Epoch 21: 1420/1641 Loss: 0.253248
2026-08-19 17:18: Train Epoch 21: 1440/1641 Loss: 0.245095
2026-08-19 17:18: Train Epoch 21: 1460/1641 Loss: 0.247213
2026-08-19 17:18: Train Epoch 21: 1480/1641 Loss: 0.246495
2026-08-19 17:18: Train Epoch 21: 1500/1641 Loss: 0.238886
2026-08-19 17:18: Train Epoch 21: 1520/1641 Loss: 0.248533
2026-08-19 17:18: Train Epoch 21: 1540/1641 Loss: 0.237865
2026-08-19 17:18: Train Epoch 21: 1560/1641 Loss: 0.251140
2026-08-19 17:18: Train Epoch 21: 1580/1641 Loss: 0.246912
2026-08-19 17:18: Train Epoch 21: 1600/1641 Loss: 0.231183
2026-08-19 17:18: Train Epoch 21: 1620/1641 Loss: 0.251915
2026-08-19 17:18: Train Epoch 21: 1640/1641 Loss: 0.247148
2026-08-19 17:18: **********Train Epoch 21: averaged Loss: 0.245917, tf_ratio: 0.000066
2026-08-19 17:19: **********Val Epoch 21: average Loss: 0.326349
2026-08-19 17:19: Train Epoch 22: 0/1641 Loss: 0.239581
2026-08-19 17:19: Train Epoch 22: 20/1641 Loss: 0.239619
2026-08-19 17:19: Train Epoch 22: 40/1641 Loss: 0.242791
2026-08-19 17:19: Train Epoch 22: 60/1641 Loss: 0.234648
2026-08-19 17:19: Train Epoch 22: 80/1641 Loss: 0.218893
2026-08-19 17:19: Train Epoch 22: 100/1641 Loss: 0.229587
2026-08-19 17:19: Train Epoch 22: 120/1641 Loss: 0.237049
2026-08-19 17:19: Train Epoch 22: 140/1641 Loss: 0.255850
2026-08-19 17:19: Train Epoch 22: 160/1641 Loss: 0.220352
2026-08-19 17:19: Train Epoch 22: 180/1641 Loss: 0.260190
2026-08-19 17:19: Train Epoch 22: 200/1641 Loss: 0.247847
2026-08-19 17:19: Train Epoch 22: 220/1641 Loss: 0.238793
2026-08-19 17:19: Train Epoch 22: 240/1641 Loss: 0.240738
2026-08-19 17:19: Train Epoch 22: 260/1641 Loss: 0.248091
2026-08-19 17:19: Train Epoch 22: 280/1641 Loss: 0.247398
2026-08-19 17:19: Train Epoch 22: 300/1641 Loss: 0.244980
2026-08-19 17:20: Train Epoch 22: 320/1641 Loss: 0.232503
2026-08-19 17:20: Train Epoch 22: 340/1641 Loss: 0.241223
2026-08-19 17:20: Train Epoch 22: 360/1641 Loss: 0.236057
2026-08-19 17:20: Train Epoch 22: 380/1641 Loss: 0.247288
2026-08-19 17:20: Train Epoch 22: 400/1641 Loss: 0.243222
2026-08-19 17:20: Train Epoch 22: 420/1641 Loss: 0.243560
2026-08-19 17:20: Train Epoch 22: 440/1641 Loss: 0.246745
2026-08-19 17:20: Train Epoch 22: 460/1641 Loss: 0.250250
2026-08-19 17:20: Train Epoch 22: 480/1641 Loss: 0.239201
2026-08-19 17:20: Train Epoch 22: 500/1641 Loss: 0.238232
2026-08-19 17:20: Train Epoch 22: 520/1641 Loss: 0.234295
2026-08-19 17:20: Train Epoch 22: 540/1641 Loss: 0.245080
2026-08-19 17:20: Train Epoch 22: 560/1641 Loss: 0.233561
2026-08-19 17:20: Train Epoch 22: 580/1641 Loss: 0.250760
2026-08-19 17:20: Train Epoch 22: 600/1641 Loss: 0.244611
2026-08-19 17:20: Train Epoch 22: 620/1641 Loss: 0.250347
2026-08-19 17:20: Train Epoch 22: 640/1641 Loss: 0.261905
2026-08-19 17:20: Train Epoch 22: 660/1641 Loss: 0.236294
2026-08-19 17:20: Train Epoch 22: 680/1641 Loss: 0.250414
2026-08-19 17:20: Train Epoch 22: 700/1641 Loss: 0.237932
2026-08-19 17:20: Train Epoch 22: 720/1641 Loss: 0.235995
2026-08-19 17:20: Train Epoch 22: 740/1641 Loss: 0.226105
2026-08-19 17:21: Train Epoch 22: 760/1641 Loss: 0.238278
2026-08-19 17:21: Train Epoch 22: 780/1641 Loss: 0.235648
2026-08-19 17:21: Train Epoch 22: 800/1641 Loss: 0.231385
2026-08-19 17:21: Train Epoch 22: 820/1641 Loss: 0.239530
2026-08-19 17:21: Train Epoch 22: 840/1641 Loss: 0.243143
2026-08-19 17:21: Train Epoch 22: 860/1641 Loss: 0.250969
2026-08-19 17:21: Train Epoch 22: 880/1641 Loss: 0.232521
2026-08-19 17:21: Train Epoch 22: 900/1641 Loss: 0.250120
2026-08-19 17:21: Train Epoch 22: 920/1641 Loss: 0.225128
2026-08-19 17:21: Train Epoch 22: 940/1641 Loss: 0.236431
2026-08-19 17:21: Train Epoch 22: 960/1641 Loss: 0.241031
2026-08-19 17:21: Train Epoch 22: 980/1641 Loss: 0.247049
2026-08-19 17:21: Train Epoch 22: 1000/1641 Loss: 0.234017
2026-08-19 17:21: Train Epoch 22: 1020/1641 Loss: 0.255901
2026-08-19 17:21: Train Epoch 22: 1040/1641 Loss: 0.240386
2026-08-19 17:21: Train Epoch 22: 1060/1641 Loss: 0.234448
2026-08-19 17:21: Train Epoch 22: 1080/1641 Loss: 0.227657
2026-08-19 17:21: Train Epoch 22: 1100/1641 Loss: 0.251179
2026-08-19 17:21: Train Epoch 22: 1120/1641 Loss: 0.230701
2026-08-19 17:21: Train Epoch 22: 1140/1641 Loss: 0.253012
2026-08-19 17:21: Train Epoch 22: 1160/1641 Loss: 0.237148
2026-08-19 17:21: Train Epoch 22: 1180/1641 Loss: 0.234296
2026-08-19 17:22: Train Epoch 22: 1200/1641 Loss: 0.251938
2026-08-19 17:22: Train Epoch 22: 1220/1641 Loss: 0.246110
2026-08-19 17:22: Train Epoch 22: 1240/1641 Loss: 0.234020
2026-08-19 17:22: Train Epoch 22: 1260/1641 Loss: 0.232543
2026-08-19 17:22: Train Epoch 22: 1280/1641 Loss: 0.246763
2026-08-19 17:22: Train Epoch 22: 1300/1641 Loss: 0.238593
2026-08-19 17:22: Train Epoch 22: 1320/1641 Loss: 0.240208
2026-08-19 17:22: Train Epoch 22: 1340/1641 Loss: 0.230947
2026-08-19 17:22: Train Epoch 22: 1360/1641 Loss: 0.241258
2026-08-19 17:22: Train Epoch 22: 1380/1641 Loss: 0.233109
2026-08-19 17:22: Train Epoch 22: 1400/1641 Loss: 0.249183
2026-08-19 17:22: Train Epoch 22: 1420/1641 Loss: 0.246133
2026-08-19 17:22: Train Epoch 22: 1440/1641 Loss: 0.242421
2026-08-19 17:22: Train Epoch 22: 1460/1641 Loss: 0.237423
2026-08-19 17:22: Train Epoch 22: 1480/1641 Loss: 0.233128
2026-08-19 17:22: Train Epoch 22: 1500/1641 Loss: 0.228923
2026-08-19 17:22: Train Epoch 22: 1520/1641 Loss: 0.237921
2026-08-19 17:22: Train Epoch 22: 1540/1641 Loss: 0.240724
2026-08-19 17:22: Train Epoch 22: 1560/1641 Loss: 0.245043
2026-08-19 17:22: Train Epoch 22: 1580/1641 Loss: 0.238309
2026-08-19 17:22: Train Epoch 22: 1600/1641 Loss: 0.239057
2026-08-19 17:23: Train Epoch 22: 1620/1641 Loss: 0.256723
2026-08-19 17:23: Train Epoch 22: 1640/1641 Loss: 0.244918
2026-08-19 17:23: **********Train Epoch 22: averaged Loss: 0.242451, tf_ratio: 0.000029
2026-08-19 17:23: **********Val Epoch 22: average Loss: 0.327311
2026-08-19 17:23: Train Epoch 23: 0/1641 Loss: 0.249757
2026-08-19 17:23: Train Epoch 23: 20/1641 Loss: 0.238352
2026-08-19 17:23: Train Epoch 23: 40/1641 Loss: 0.215141
2026-08-19 17:23: Train Epoch 23: 60/1641 Loss: 0.230769
2026-08-19 17:23: Train Epoch 23: 80/1641 Loss: 0.256079
2026-08-19 17:23: Train Epoch 23: 100/1641 Loss: 0.226050
2026-08-19 17:23: Train Epoch 23: 120/1641 Loss: 0.238915
2026-08-19 17:23: Train Epoch 23: 140/1641 Loss: 0.231826
2026-08-19 17:23: Train Epoch 23: 160/1641 Loss: 0.233619
2026-08-19 17:23: Train Epoch 23: 180/1641 Loss: 0.247278
2026-08-19 17:23: Train Epoch 23: 200/1641 Loss: 0.231807
2026-08-19 17:23: Train Epoch 23: 220/1641 Loss: 0.253243
2026-08-19 17:23: Train Epoch 23: 240/1641 Loss: 0.243347
2026-08-19 17:24: Train Epoch 23: 260/1641 Loss: 0.230683
2026-08-19 17:24: Train Epoch 23: 280/1641 Loss: 0.254824
2026-08-19 17:24: Train Epoch 23: 300/1641 Loss: 0.225067
2026-08-19 17:24: Train Epoch 23: 320/1641 Loss: 0.228549
2026-08-19 17:24: Train Epoch 23: 340/1641 Loss: 0.247049
2026-08-19 17:24: Train Epoch 23: 360/1641 Loss: 0.247820
2026-08-19 17:24: Train Epoch 23: 380/1641 Loss: 0.243787
2026-08-19 17:24: Train Epoch 23: 400/1641 Loss: 0.246030
2026-08-19 17:24: Train Epoch 23: 420/1641 Loss: 0.240149
2026-08-19 17:24: Train Epoch 23: 440/1641 Loss: 0.231545
2026-08-19 17:24: Train Epoch 23: 460/1641 Loss: 0.247754
2026-08-19 17:24: Train Epoch 23: 480/1641 Loss: 0.229948
2026-08-19 17:24: Train Epoch 23: 500/1641 Loss: 0.234457
2026-08-19 17:24: Train Epoch 23: 520/1641 Loss: 0.232932
2026-08-19 17:24: Train Epoch 23: 540/1641 Loss: 0.236913
2026-08-19 17:24: Train Epoch 23: 560/1641 Loss: 0.244548
2026-08-19 17:24: Train Epoch 23: 580/1641 Loss: 0.223043
2026-08-19 17:24: Train Epoch 23: 600/1641 Loss: 0.241996
2026-08-19 17:24: Train Epoch 23: 620/1641 Loss: 0.241353
2026-08-19 17:24: Train Epoch 23: 640/1641 Loss: 0.242133
2026-08-19 17:24: Train Epoch 23: 660/1641 Loss: 0.240640
2026-08-19 17:25: Train Epoch 23: 680/1641 Loss: 0.246138
2026-08-19 17:25: Train Epoch 23: 700/1641 Loss: 0.238261
2026-08-19 17:25: Train Epoch 23: 720/1641 Loss: 0.242912
2026-08-19 17:25: Train Epoch 23: 740/1641 Loss: 0.234933
2026-08-19 17:25: Train Epoch 23: 760/1641 Loss: 0.229298
2026-08-19 17:25: Train Epoch 23: 780/1641 Loss: 0.239874
2026-08-19 17:25: Train Epoch 23: 800/1641 Loss: 0.241351
2026-08-19 17:25: Train Epoch 23: 820/1641 Loss: 0.236938
2026-08-19 17:25: Train Epoch 23: 840/1641 Loss: 0.234128
2026-08-19 17:25: Train Epoch 23: 860/1641 Loss: 0.241687
2026-08-19 17:25: Train Epoch 23: 880/1641 Loss: 0.237082
2026-08-19 17:25: Train Epoch 23: 900/1641 Loss: 0.249106
2026-08-19 17:25: Train Epoch 23: 920/1641 Loss: 0.238334
2026-08-19 17:25: Train Epoch 23: 940/1641 Loss: 0.235344
2026-08-19 17:25: Train Epoch 23: 960/1641 Loss: 0.242481
2026-08-19 17:25: Train Epoch 23: 980/1641 Loss: 0.238302
2026-08-19 17:25: Train Epoch 23: 1000/1641 Loss: 0.240673
2026-08-19 17:25: Train Epoch 23: 1020/1641 Loss: 0.230171
2026-08-19 17:25: Train Epoch 23: 1040/1641 Loss: 0.246162
2026-08-19 17:25: Train Epoch 23: 1060/1641 Loss: 0.232777
2026-08-19 17:25: Train Epoch 23: 1080/1641 Loss: 0.226272
2026-08-19 17:25: Train Epoch 23: 1100/1641 Loss: 0.246316
2026-08-19 17:26: Train Epoch 23: 1120/1641 Loss: 0.235561
2026-08-19 17:26: Train Epoch 23: 1140/1641 Loss: 0.238841
2026-08-19 17:26: Train Epoch 23: 1160/1641 Loss: 0.232543
2026-08-19 17:26: Train Epoch 23: 1180/1641 Loss: 0.248032
2026-08-19 17:26: Train Epoch 23: 1200/1641 Loss: 0.233814
2026-08-19 17:26: Train Epoch 23: 1220/1641 Loss: 0.231760
2026-08-19 17:26: Train Epoch 23: 1240/1641 Loss: 0.239490
2026-08-19 17:26: Train Epoch 23: 1260/1641 Loss: 0.245256
2026-08-19 17:26: Train Epoch 23: 1280/1641 Loss: 0.243955
2026-08-19 17:26: Train Epoch 23: 1300/1641 Loss: 0.242664
2026-08-19 17:26: Train Epoch 23: 1320/1641 Loss: 0.236203
2026-08-19 17:26: Train Epoch 23: 1340/1641 Loss: 0.227876
2026-08-19 17:26: Train Epoch 23: 1360/1641 Loss: 0.246402
2026-08-19 17:26: Train Epoch 23: 1380/1641 Loss: 0.246611
2026-08-19 17:26: Train Epoch 23: 1400/1641 Loss: 0.226508
2026-08-19 17:26: Train Epoch 23: 1420/1641 Loss: 0.232846
2026-08-19 17:26: Train Epoch 23: 1440/1641 Loss: 0.228715
2026-08-19 17:26: Train Epoch 23: 1460/1641 Loss: 0.242470
2026-08-19 17:26: Train Epoch 23: 1480/1641 Loss: 0.223813
2026-08-19 17:26: Train Epoch 23: 1500/1641 Loss: 0.245572
2026-08-19 17:26: Train Epoch 23: 1520/1641 Loss: 0.233946
2026-08-19 17:26: Train Epoch 23: 1540/1641 Loss: 0.239938
2026-08-19 17:27: Train Epoch 23: 1560/1641 Loss: 0.229969
2026-08-19 17:27: Train Epoch 23: 1580/1641 Loss: 0.240870
2026-08-19 17:27: Train Epoch 23: 1600/1641 Loss: 0.230067
2026-08-19 17:27: Train Epoch 23: 1620/1641 Loss: 0.227882
2026-08-19 17:27: Train Epoch 23: 1640/1641 Loss: 0.231420
2026-08-19 17:27: **********Train Epoch 23: averaged Loss: 0.239141, tf_ratio: 0.000013
2026-08-19 17:27: **********Val Epoch 23: average Loss: 0.327715
2026-08-19 17:27: Validation performance didn't improve for 15 epochs. Training stops.
2026-08-19 17:27: Total training time: 93.1450min, best loss: 0.311368
2026-08-19 17:27: Saving current best model to /scratch/chkkar002/Diffusion_Based_STGNNs/AGCRN/model/experiments/SAWS/20260819155420/best_model.pth
2026-08-19 17:27: Horizon 01, MAE: 0.12, RMSE: 0.17, MAPE: 64.5754%
2026-08-19 17:27: Horizon 02, MAE: 0.16, RMSE: 0.22, MAPE: 85.9867%
2026-08-19 17:27: Horizon 03, MAE: 0.19, RMSE: 0.26, MAPE: 100.6247%
2026-08-19 17:27: Horizon 04, MAE: 0.21, RMSE: 0.29, MAPE: 113.8604%
2026-08-19 17:27: Horizon 05, MAE: 0.23, RMSE: 0.31, MAPE: 122.7844%
2026-08-19 17:27: Horizon 06, MAE: 0.24, RMSE: 0.33, MAPE: 131.2608%
2026-08-19 17:27: Horizon 07, MAE: 0.25, RMSE: 0.35, MAPE: 139.8474%
2026-08-19 17:27: Horizon 08, MAE: 0.27, RMSE: 0.36, MAPE: 144.6785%
2026-08-19 17:27: Horizon 09, MAE: 0.27, RMSE: 0.37, MAPE: 148.6298%
2026-08-19 17:27: Horizon 10, MAE: 0.28, RMSE: 0.38, MAPE: 151.2040%
2026-08-19 17:27: Horizon 11, MAE: 0.28, RMSE: 0.39, MAPE: 154.1924%
2026-08-19 17:27: Horizon 12, MAE: 0.29, RMSE: 0.39, MAPE: 156.5072%
2026-08-19 17:27: Horizon 13, MAE: 0.30, RMSE: 0.40, MAPE: 160.6668%
2026-08-19 17:27: Horizon 14, MAE: 0.30, RMSE: 0.41, MAPE: 163.6354%
2026-08-19 17:27: Horizon 15, MAE: 0.30, RMSE: 0.41, MAPE: 166.4153%
2026-08-19 17:27: Horizon 16, MAE: 0.30, RMSE: 0.41, MAPE: 169.9899%
2026-08-19 17:27: Horizon 17, MAE: 0.31, RMSE: 0.42, MAPE: 169.5813%
2026-08-19 17:27: Horizon 18, MAE: 0.31, RMSE: 0.42, MAPE: 172.8137%
2026-08-19 17:27: Horizon 19, MAE: 0.31, RMSE: 0.43, MAPE: 175.6831%
2026-08-19 17:27: Horizon 20, MAE: 0.32, RMSE: 0.43, MAPE: 179.8424%
2026-08-19 17:27: Horizon 21, MAE: 0.32, RMSE: 0.43, MAPE: 181.0610%
2026-08-19 17:27: Horizon 22, MAE: 0.32, RMSE: 0.44, MAPE: 178.3597%
2026-08-19 17:27: Horizon 23, MAE: 0.32, RMSE: 0.44, MAPE: 178.2319%
2026-08-19 17:27: Horizon 24, MAE: 0.33, RMSE: 0.44, MAPE: 180.3774%
2026-08-19 17:27: Horizon 25, MAE: 0.33, RMSE: 0.45, MAPE: 183.8613%
2026-08-19 17:27: Horizon 26, MAE: 0.34, RMSE: 0.46, MAPE: 184.1418%
2026-08-19 17:27: Horizon 27, MAE: 0.35, RMSE: 0.47, MAPE: 187.7474%
2026-08-19 17:27: Horizon 28, MAE: 0.35, RMSE: 0.47, MAPE: 190.1740%
2026-08-19 17:27: Horizon 29, MAE: 0.36, RMSE: 0.48, MAPE: 193.2851%
2026-08-19 17:27: Horizon 30, MAE: 0.36, RMSE: 0.49, MAPE: 193.4496%
2026-08-19 17:27: Horizon 31, MAE: 0.37, RMSE: 0.49, MAPE: 194.2456%
2026-08-19 17:27: Horizon 32, MAE: 0.37, RMSE: 0.50, MAPE: 193.9227%
2026-08-19 17:27: Horizon 33, MAE: 0.37, RMSE: 0.50, MAPE: 194.9419%
2026-08-19 17:27: Horizon 34, MAE: 0.37, RMSE: 0.50, MAPE: 195.1463%
2026-08-19 17:27: Horizon 35, MAE: 0.38, RMSE: 0.50, MAPE: 193.9827%
2026-08-19 17:27: Horizon 36, MAE: 0.38, RMSE: 0.51, MAPE: 192.4142%
2026-08-19 17:27: Horizon 37, MAE: 0.38, RMSE: 0.51, MAPE: 193.1562%
2026-08-19 17:27: Horizon 38, MAE: 0.38, RMSE: 0.51, MAPE: 198.1660%
2026-08-19 17:27: Horizon 39, MAE: 0.38, RMSE: 0.51, MAPE: 196.3747%
2026-08-19 17:27: Horizon 40, MAE: 0.38, RMSE: 0.51, MAPE: 194.9820%
2026-08-19 17:27: Horizon 41, MAE: 0.39, RMSE: 0.52, MAPE: 197.4461%
2026-08-19 17:27: Horizon 42, MAE: 0.39, RMSE: 0.52, MAPE: 201.0619%
2026-08-19 17:27: Horizon 43, MAE: 0.39, RMSE: 0.52, MAPE: 202.4714%
2026-08-19 17:27: Horizon 44, MAE: 0.39, RMSE: 0.52, MAPE: 206.4225%
2026-08-19 17:27: Horizon 45, MAE: 0.39, RMSE: 0.53, MAPE: 209.2970%
2026-08-19 17:27: Horizon 46, MAE: 0.39, RMSE: 0.53, MAPE: 208.2030%
2026-08-19 17:27: Horizon 47, MAE: 0.40, RMSE: 0.53, MAPE: 209.3049%
2026-08-19 17:27: Horizon 48, MAE: 0.40, RMSE: 0.53, MAPE: 213.2488%
2026-08-19 17:27: Average Horizon, MAE: 0.32, RMSE: 0.45, MAPE: 173.3022%
2026-08-19 17:27: VPT (threshold=0.50): mean=7.16 steps, median=4.00, std=9.44, range=[0, 48]
wandb: updating run metadata
wandb: uploading output.log; uploading wandb-summary.json; uploading config.yaml
wandb: uploading output.log
wandb: 
wandb: Run history:
wandb:          epoch ▁▁▁▁▂▂▂▂▂▃▃▃▃▃▄▄▄▄▄▄▅▅▅▅▅▅▅▆▆▆▆▆▇▇▇▇▇███
wandb:     train/loss █▄▄▄▃▃▃▃▃▃▃▂▂▂▂▂▂▂▁▁▁▁▁
wandb: train/tf_ratio ██████▇▆▅▃▂▂▁▁▁▁▁▁▁▁▁▁▁
wandb:       val/loss █▅▄▂▂▁▁▁▁▂▁▂▂▂▃▂▃▃▃▃▄▄▄
wandb: 
wandb: Run summary:
wandb:     best_val_loss 0.31137
wandb:             epoch 23
wandb:      test_vpt_max 48
wandb:     test_vpt_mean 7.15748
wandb:   test_vpt_median 4
wandb:      test_vpt_min 0
wandb:      test_vpt_std 9.44341
wandb:        train/loss 0.23914
wandb:    train/tf_ratio 1e-05
wandb: training_time_min 93.14498
wandb:                +1 ...
wandb: 
wandb: 🚀 View run AGCRN_realval at: https://wandb.ai/chkkar002-university-of-cape-town/stgnn-weather/runs/exgl5n1m
wandb: ⭐️ View project at: https://wandb.ai/chkkar002-university-of-cape-town/stgnn-weather
wandb: Synced 5 W&B file(s), 0 media file(s), 0 artifact file(s) and 0 other file(s)
wandb: Find logs at: ./wandb/run-20260819_155420-exgl5n1m/logs
/scratch/chkkar002/Diffusion_Based_STGNNs/AGCRN
Read configuration file: ./SAWS_AGCRN.conf
*****************Model Parameter*****************
node_embeddings torch.Size([32, 30]) True
encoder.dcrnn_cells.0.gate.weights_pool torch.Size([30, 2, 65, 128]) True
encoder.dcrnn_cells.0.gate.bias_pool torch.Size([30, 128]) True
encoder.dcrnn_cells.0.update.weights_pool torch.Size([30, 2, 65, 64]) True
encoder.dcrnn_cells.0.update.bias_pool torch.Size([30, 64]) True
encoder.dcrnn_cells.1.gate.weights_pool torch.Size([30, 2, 128, 128]) True
encoder.dcrnn_cells.1.gate.bias_pool torch.Size([30, 128]) True
encoder.dcrnn_cells.1.update.weights_pool torch.Size([30, 2, 128, 64]) True
encoder.dcrnn_cells.1.update.bias_pool torch.Size([30, 64]) True
end_conv.weight torch.Size([48, 1, 1, 64]) True
end_conv.bias torch.Size([48]) True
Total params num: 2238960
*****************Finish Parameter****************
Load SAWS Dataset shaped:  (87672, 32, 1) 45.6 -10.2 17.35272 17.6
Normalize the dataset by Standard Normalization
[[[ 0.65075815]
  [ 0.44590002]
  [ 0.562962  ]
  ...
  [ 0.94341266]
  [ 0.25567472]
  [ 0.70928925]]

 [[ 0.5775945 ]
  [ 0.41663474]
  [ 0.5336964 ]
  ...
  [ 0.9726782 ]
  [ 0.0654491 ]
  [ 0.73855454]]

 [[ 0.68002367]
  [ 0.40200198]
  [ 0.43126726]
  ...
  [ 1.0019438 ]
  [ 0.02155104]
  [ 0.6653909 ]]

 ...

 [[ 1.4409256 ]
  [ 1.367762  ]
  [ 0.12398023]
  ...
  [-0.22720526]
  [-0.47596157]
  [ 1.1482711 ]]

 [[ 0.987311  ]
  [ 0.5044309 ]
  [-0.19793984]
  ...
  [-0.3003689 ]
  [-0.47596157]
  [ 0.43126726]]

 [[ 0.562962  ]
  [ 0.10934745]
  [-0.31500167]
  ...
  [-0.3003689 ]
  [-0.46132892]
  [ 0.13861273]]]
[[[ 0.35810363]
  [-0.08087815]
  [-0.3588999 ]
  ...
  [-0.27110347]
  [-0.47596157]
  [ 0.09471467]]

 [[ 0.1678783 ]
  [-0.24183805]
  [-0.3442671 ]
  ...
  [-0.22720526]
  [-0.46132892]
  [ 0.09471467]]

 [[ 0.0508166 ]
  [-0.41743073]
  [-0.31500167]
  ...
  [-0.22720526]
  [-0.46132892]
  [ 0.00691826]]

 ...

 [[ 0.15324551]
  [ 0.562962  ]
  [ 0.35810363]
  ...
  [ 0.24104193]
  [-0.05161259]
  [ 0.8263509 ]]

 [[ 0.18251108]
  [ 0.8263509 ]
  [ 0.51906365]
  ...
  [ 0.27030748]
  [ 0.21177636]
  [ 0.987311  ]]

 [[ 0.22640914]
  [ 1.0458418 ]
  [ 0.62149286]
  ...
  [ 0.3873692 ]
  [ 0.3727364 ]
  [ 1.0897399 ]]]
[[[ 0.24104193]
  [ 1.2799655 ]
  [ 0.65075815]
  ...
  [ 0.25567472]
  [ 0.44590002]
  [ 1.2507    ]]

 [[ 0.25567472]
  [ 1.5433545 ]
  [ 1.0312091 ]
  ...
  [ 0.3873692 ]
  [ 0.6361256 ]
  [ 1.3531291 ]]

 [[ 0.40200198]
  [ 1.5140892 ]
  [ 1.0458418 ]
  ...
  [ 0.4751656 ]
  [ 0.8263509 ]
  [ 1.5287217 ]]

 ...

 [[ 0.7970854 ]
  [-0.21257262]
  [ 0.15324551]
  ...
  [ 0.01021216]
  [-0.53449255]
  [ 0.6946565 ]]

 [[ 0.84098375]
  [-0.24183805]
  [-0.21257262]
  ...
  [-0.0762016 ]
  [-0.5930234 ]
  [ 0.10934745]]

 [[ 0.87024903]
  [-0.3003689 ]
  [-0.22720526]
  ...
  [ 0.02092865]
  [-0.6808198 ]
  [-0.00771452]]]
Train:  (52533, 24, 32, 1) (52533, 48, 32, 1)
Val:  (17463, 24, 32, 1) (17463, 48, 32, 1)
Test:  (17463, 24, 32, 1) (17463, 48, 32, 1)
mae
Creat Log File in:  /scratch/chkkar002/Diffusion_Based_STGNNs/AGCRN/model/experiments/SAWS/20260819155420/run.log
=================================================================
Running Run.py | Seed: 3 | Teacher Forcing: True
=================================================================
/scratch/chkkar002/Diffusion_Based_STGNNs/AGCRN/lib/dataloader.py:80: UserWarning: The torch.cuda.*DtypeTensor constructors are no longer recommended. It's best to use methods such as torch.tensor(data, dtype=*, device='cuda') to create tensors. (Triggered internally at /pytorch/torch/csrc/tensor/python_tensor.cpp:78.)
  X, Y = TensorFloat(X), TensorFloat(Y)
wandb: [wandb.login()] Loaded credentials for https://api.wandb.ai from /home/chkkar002/.netrc.
wandb: Currently logged in as: chkkar002 (chkkar002-university-of-cape-town) to https://api.wandb.ai. Use `wandb login --relogin` to force relogin
wandb: WARNING Using a boolean value for 'reinit' is deprecated. Use 'return_previous' or 'finish_previous' instead.
wandb: setting up run gmtjwi6k
wandb: Tracking run with wandb version 0.26.1
wandb: Run data is saved locally in /scratch/chkkar002/Diffusion_Based_STGNNs/AGCRN/model/wandb/run-20260819_172806-gmtjwi6k
wandb: Run `wandb offline` to turn off syncing.
wandb: Syncing run AGCRN_realval
wandb: ⭐️ View project at https://wandb.ai/chkkar002-university-of-cape-town/stgnn-weather
wandb: 🚀 View run at https://wandb.ai/chkkar002-university-of-cape-town/stgnn-weather/runs/gmtjwi6k
2026-08-19 17:28: Experiment log path in: /scratch/chkkar002/Diffusion_Based_STGNNs/AGCRN/model/experiments/SAWS/20260819172806
2026-08-19 17:28: Train Epoch 1: 0/1641 Loss: 0.982353
2026-08-19 17:28: Train Epoch 1: 20/1641 Loss: 0.822335
2026-08-19 17:28: Train Epoch 1: 40/1641 Loss: 0.817811
2026-08-19 17:28: Train Epoch 1: 60/1641 Loss: 0.741381
2026-08-19 17:28: Train Epoch 1: 80/1641 Loss: 0.741469
2026-08-19 17:28: Train Epoch 1: 100/1641 Loss: 0.832618
2026-08-19 17:28: Train Epoch 1: 120/1641 Loss: 0.643793
2026-08-19 17:28: Train Epoch 1: 140/1641 Loss: 0.700787
2026-08-19 17:28: Train Epoch 1: 160/1641 Loss: 0.666230
2026-08-19 17:28: Train Epoch 1: 180/1641 Loss: 0.656945
2026-08-19 17:28: Train Epoch 1: 200/1641 Loss: 0.646095
2026-08-19 17:28: Train Epoch 1: 220/1641 Loss: 0.662657
2026-08-19 17:28: Train Epoch 1: 240/1641 Loss: 0.642760
2026-08-19 17:28: Train Epoch 1: 260/1641 Loss: 0.660616
2026-08-19 17:28: Train Epoch 1: 280/1641 Loss: 0.634059
2026-08-19 17:28: Train Epoch 1: 300/1641 Loss: 0.600516
2026-08-19 17:28: Train Epoch 1: 320/1641 Loss: 0.615870
2026-08-19 17:28: Train Epoch 1: 340/1641 Loss: 0.604087
2026-08-19 17:28: Train Epoch 1: 360/1641 Loss: 0.648288
2026-08-19 17:29: Train Epoch 1: 380/1641 Loss: 0.658657
2026-08-19 17:29: Train Epoch 1: 400/1641 Loss: 0.617602
2026-08-19 17:29: Train Epoch 1: 420/1641 Loss: 0.620618
2026-08-19 17:29: Train Epoch 1: 440/1641 Loss: 0.575860
2026-08-19 17:29: Train Epoch 1: 460/1641 Loss: 0.584497
2026-08-19 17:29: Train Epoch 1: 480/1641 Loss: 0.518380
2026-08-19 17:29: Train Epoch 1: 500/1641 Loss: 0.494458
2026-08-19 17:29: Train Epoch 1: 520/1641 Loss: 0.480654
2026-08-19 17:29: Train Epoch 1: 540/1641 Loss: 0.463296
2026-08-19 17:29: Train Epoch 1: 560/1641 Loss: 0.430885
2026-08-19 17:29: Train Epoch 1: 580/1641 Loss: 0.473117
2026-08-19 17:29: Train Epoch 1: 600/1641 Loss: 0.450978
2026-08-19 17:29: Train Epoch 1: 620/1641 Loss: 0.442115
2026-08-19 17:29: Train Epoch 1: 640/1641 Loss: 0.416937
2026-08-19 17:29: Train Epoch 1: 660/1641 Loss: 0.415014
2026-08-19 17:29: Train Epoch 1: 680/1641 Loss: 0.446092
2026-08-19 17:29: Train Epoch 1: 700/1641 Loss: 0.428343
2026-08-19 17:29: Train Epoch 1: 720/1641 Loss: 0.415686
2026-08-19 17:29: Train Epoch 1: 740/1641 Loss: 0.428942
2026-08-19 17:29: Train Epoch 1: 760/1641 Loss: 0.429420
2026-08-19 17:29: Train Epoch 1: 780/1641 Loss: 0.419713
2026-08-19 17:29: Train Epoch 1: 800/1641 Loss: 0.400278
2026-08-19 17:29: Train Epoch 1: 820/1641 Loss: 0.393468
2026-08-19 17:30: Train Epoch 1: 840/1641 Loss: 0.400073
2026-08-19 17:30: Train Epoch 1: 860/1641 Loss: 0.406859
2026-08-19 17:30: Train Epoch 1: 880/1641 Loss: 0.377575
2026-08-19 17:30: Train Epoch 1: 900/1641 Loss: 0.416116
2026-08-19 17:30: Train Epoch 1: 920/1641 Loss: 0.364211
2026-08-19 17:30: Train Epoch 1: 940/1641 Loss: 0.386948
2026-08-19 17:30: Train Epoch 1: 960/1641 Loss: 0.391875
2026-08-19 17:30: Train Epoch 1: 980/1641 Loss: 0.410981
2026-08-19 17:30: Train Epoch 1: 1000/1641 Loss: 0.377434
2026-08-19 17:30: Train Epoch 1: 1020/1641 Loss: 0.378674
2026-08-19 17:30: Train Epoch 1: 1040/1641 Loss: 0.365372
2026-08-19 17:30: Train Epoch 1: 1060/1641 Loss: 0.377217
2026-08-19 17:30: Train Epoch 1: 1080/1641 Loss: 0.376732
2026-08-19 17:30: Train Epoch 1: 1100/1641 Loss: 0.374647
2026-08-19 17:30: Train Epoch 1: 1120/1641 Loss: 0.352048
2026-08-19 17:30: Train Epoch 1: 1140/1641 Loss: 0.390481
2026-08-19 17:30: Train Epoch 1: 1160/1641 Loss: 0.350962
2026-08-19 17:30: Train Epoch 1: 1180/1641 Loss: 0.374202
2026-08-19 17:30: Train Epoch 1: 1200/1641 Loss: 0.419482
2026-08-19 17:30: Train Epoch 1: 1220/1641 Loss: 0.396573
2026-08-19 17:30: Train Epoch 1: 1240/1641 Loss: 0.412879
2026-08-19 17:30: Train Epoch 1: 1260/1641 Loss: 0.363266
2026-08-19 17:31: Train Epoch 1: 1280/1641 Loss: 0.404791
2026-08-19 17:31: Train Epoch 1: 1300/1641 Loss: 0.361541
2026-08-19 17:31: Train Epoch 1: 1320/1641 Loss: 0.388663
2026-08-19 17:31: Train Epoch 1: 1340/1641 Loss: 0.356900
2026-08-19 17:31: Train Epoch 1: 1360/1641 Loss: 0.388263
2026-08-19 17:31: Train Epoch 1: 1380/1641 Loss: 0.359012
2026-08-19 17:31: Train Epoch 1: 1400/1641 Loss: 0.355253
2026-08-19 17:31: Train Epoch 1: 1420/1641 Loss: 0.350383
2026-08-19 17:31: Train Epoch 1: 1440/1641 Loss: 0.358497
2026-08-19 17:31: Train Epoch 1: 1460/1641 Loss: 0.359878
2026-08-19 17:31: Train Epoch 1: 1480/1641 Loss: 0.365799
2026-08-19 17:31: Train Epoch 1: 1500/1641 Loss: 0.375948
2026-08-19 17:31: Train Epoch 1: 1520/1641 Loss: 0.372479
2026-08-19 17:31: Train Epoch 1: 1540/1641 Loss: 0.346108
2026-08-19 17:31: Train Epoch 1: 1560/1641 Loss: 0.387543
2026-08-19 17:31: Train Epoch 1: 1580/1641 Loss: 0.359367
2026-08-19 17:31: Train Epoch 1: 1600/1641 Loss: 0.345245
2026-08-19 17:31: Train Epoch 1: 1620/1641 Loss: 0.353112
2026-08-19 17:31: Train Epoch 1: 1640/1641 Loss: 0.370482
2026-08-19 17:31: **********Train Epoch 1: averaged Loss: 0.476140, tf_ratio: 0.998866
2026-08-19 17:32: **********Val Epoch 1: average Loss: 0.355291
2026-08-19 17:32: *********************************Current best model saved!
2026-08-19 17:32: Train Epoch 2: 0/1641 Loss: 0.376403
2026-08-19 17:32: Train Epoch 2: 20/1641 Loss: 0.364505
2026-08-19 17:32: Train Epoch 2: 40/1641 Loss: 0.346671
2026-08-19 17:32: Train Epoch 2: 60/1641 Loss: 0.337495
2026-08-19 17:32: Train Epoch 2: 80/1641 Loss: 0.349620
2026-08-19 17:32: Train Epoch 2: 100/1641 Loss: 0.337677
2026-08-19 17:32: Train Epoch 2: 120/1641 Loss: 0.367702
2026-08-19 17:32: Train Epoch 2: 140/1641 Loss: 0.374507
2026-08-19 17:32: Train Epoch 2: 160/1641 Loss: 0.346839
2026-08-19 17:32: Train Epoch 2: 180/1641 Loss: 0.332952
2026-08-19 17:32: Train Epoch 2: 200/1641 Loss: 0.344901
2026-08-19 17:32: Train Epoch 2: 220/1641 Loss: 0.336299
2026-08-19 17:32: Train Epoch 2: 240/1641 Loss: 0.372818
2026-08-19 17:32: Train Epoch 2: 260/1641 Loss: 0.347274
2026-08-19 17:32: Train Epoch 2: 280/1641 Loss: 0.352248
2026-08-19 17:32: Train Epoch 2: 300/1641 Loss: 0.362987
2026-08-19 17:32: Train Epoch 2: 320/1641 Loss: 0.366195
2026-08-19 17:32: Train Epoch 2: 340/1641 Loss: 0.342452
2026-08-19 17:32: Train Epoch 2: 360/1641 Loss: 0.354488
2026-08-19 17:33: Train Epoch 2: 380/1641 Loss: 0.364551
2026-08-19 17:33: Train Epoch 2: 400/1641 Loss: 0.355759
2026-08-19 17:33: Train Epoch 2: 420/1641 Loss: 0.354331
2026-08-19 17:33: Train Epoch 2: 440/1641 Loss: 0.352440
2026-08-19 17:33: Train Epoch 2: 460/1641 Loss: 0.336883
2026-08-19 17:33: Train Epoch 2: 480/1641 Loss: 0.368797
2026-08-19 17:33: Train Epoch 2: 500/1641 Loss: 0.341913
2026-08-19 17:33: Train Epoch 2: 520/1641 Loss: 0.334230
2026-08-19 17:33: Train Epoch 2: 540/1641 Loss: 0.348753
2026-08-19 17:33: Train Epoch 2: 560/1641 Loss: 0.344138
2026-08-19 17:33: Train Epoch 2: 580/1641 Loss: 0.369503
2026-08-19 17:33: Train Epoch 2: 600/1641 Loss: 0.336417
2026-08-19 17:33: Train Epoch 2: 620/1641 Loss: 0.400814
2026-08-19 17:33: Train Epoch 2: 640/1641 Loss: 0.368673
2026-08-19 17:33: Train Epoch 2: 660/1641 Loss: 0.328271
2026-08-19 17:33: Train Epoch 2: 680/1641 Loss: 0.344300
2026-08-19 17:33: Train Epoch 2: 700/1641 Loss: 0.324191
2026-08-19 17:33: Train Epoch 2: 720/1641 Loss: 0.373265
2026-08-19 17:33: Train Epoch 2: 740/1641 Loss: 0.374842
2026-08-19 17:33: Train Epoch 2: 760/1641 Loss: 0.388356
2026-08-19 17:33: Train Epoch 2: 780/1641 Loss: 0.340268
2026-08-19 17:33: Train Epoch 2: 800/1641 Loss: 0.345983
2026-08-19 17:34: Train Epoch 2: 820/1641 Loss: 0.322136
2026-08-19 17:34: Train Epoch 2: 840/1641 Loss: 0.360508
2026-08-19 17:34: Train Epoch 2: 860/1641 Loss: 0.378010
2026-08-19 17:34: Train Epoch 2: 880/1641 Loss: 0.347557
2026-08-19 17:34: Train Epoch 2: 900/1641 Loss: 0.368101
2026-08-19 17:34: Train Epoch 2: 920/1641 Loss: 0.352274
2026-08-19 17:34: Train Epoch 2: 940/1641 Loss: 0.363382
2026-08-19 17:34: Train Epoch 2: 960/1641 Loss: 0.358641
2026-08-19 17:34: Train Epoch 2: 980/1641 Loss: 0.329752
2026-08-19 17:34: Train Epoch 2: 1000/1641 Loss: 0.341994
2026-08-19 17:34: Train Epoch 2: 1020/1641 Loss: 0.323209
2026-08-19 17:34: Train Epoch 2: 1040/1641 Loss: 0.338890
2026-08-19 17:34: Train Epoch 2: 1060/1641 Loss: 0.359071
2026-08-19 17:34: Train Epoch 2: 1080/1641 Loss: 0.347960
2026-08-19 17:34: Train Epoch 2: 1100/1641 Loss: 0.334751
2026-08-19 17:34: Train Epoch 2: 1120/1641 Loss: 0.340861
2026-08-19 17:34: Train Epoch 2: 1140/1641 Loss: 0.327667
2026-08-19 17:34: Train Epoch 2: 1160/1641 Loss: 0.370152
2026-08-19 17:34: Train Epoch 2: 1180/1641 Loss: 0.344529
2026-08-19 17:34: Train Epoch 2: 1200/1641 Loss: 0.344248
2026-08-19 17:34: Train Epoch 2: 1220/1641 Loss: 0.333187
2026-08-19 17:34: Train Epoch 2: 1240/1641 Loss: 0.331564
2026-08-19 17:34: Train Epoch 2: 1260/1641 Loss: 0.336790
2026-08-19 17:35: Train Epoch 2: 1280/1641 Loss: 0.362708
2026-08-19 17:35: Train Epoch 2: 1300/1641 Loss: 0.333405
2026-08-19 17:35: Train Epoch 2: 1320/1641 Loss: 0.357510
2026-08-19 17:35: Train Epoch 2: 1340/1641 Loss: 0.333756
2026-08-19 17:35: Train Epoch 2: 1360/1641 Loss: 0.353360
2026-08-19 17:35: Train Epoch 2: 1380/1641 Loss: 0.342293
2026-08-19 17:35: Train Epoch 2: 1400/1641 Loss: 0.342772
2026-08-19 17:35: Train Epoch 2: 1420/1641 Loss: 0.324907
2026-08-19 17:35: Train Epoch 2: 1440/1641 Loss: 0.358654
2026-08-19 17:35: Train Epoch 2: 1460/1641 Loss: 0.353393
2026-08-19 17:35: Train Epoch 2: 1480/1641 Loss: 0.337856
2026-08-19 17:35: Train Epoch 2: 1500/1641 Loss: 0.333862
2026-08-19 17:35: Train Epoch 2: 1520/1641 Loss: 0.348174
2026-08-19 17:35: Train Epoch 2: 1540/1641 Loss: 0.325227
2026-08-19 17:35: Train Epoch 2: 1560/1641 Loss: 0.320022
2026-08-19 17:35: Train Epoch 2: 1580/1641 Loss: 0.330548
2026-08-19 17:35: Train Epoch 2: 1600/1641 Loss: 0.339024
2026-08-19 17:35: Train Epoch 2: 1620/1641 Loss: 0.320998
2026-08-19 17:35: Train Epoch 2: 1640/1641 Loss: 0.330950
2026-08-19 17:35: **********Train Epoch 2: averaged Loss: 0.347768, tf_ratio: 0.997428
2026-08-19 17:36: **********Val Epoch 2: average Loss: 0.338678
2026-08-19 17:36: *********************************Current best model saved!
2026-08-19 17:36: Train Epoch 3: 0/1641 Loss: 0.332877
2026-08-19 17:36: Train Epoch 3: 20/1641 Loss: 0.331142
2026-08-19 17:36: Train Epoch 3: 40/1641 Loss: 0.339462
2026-08-19 17:36: Train Epoch 3: 60/1641 Loss: 0.314584
2026-08-19 17:36: Train Epoch 3: 80/1641 Loss: 0.317672
2026-08-19 17:36: Train Epoch 3: 100/1641 Loss: 0.344843
2026-08-19 17:36: Train Epoch 3: 120/1641 Loss: 0.306571
2026-08-19 17:36: Train Epoch 3: 140/1641 Loss: 0.329095
2026-08-19 17:36: Train Epoch 3: 160/1641 Loss: 0.359115
2026-08-19 17:36: Train Epoch 3: 180/1641 Loss: 0.341456
2026-08-19 17:36: Train Epoch 3: 200/1641 Loss: 0.334101
2026-08-19 17:36: Train Epoch 3: 220/1641 Loss: 0.346573
2026-08-19 17:36: Train Epoch 3: 240/1641 Loss: 0.317862
2026-08-19 17:36: Train Epoch 3: 260/1641 Loss: 0.316706
2026-08-19 17:36: Train Epoch 3: 280/1641 Loss: 0.287866
2026-08-19 17:36: Train Epoch 3: 300/1641 Loss: 0.339586
2026-08-19 17:36: Train Epoch 3: 320/1641 Loss: 0.328166
2026-08-19 17:36: Train Epoch 3: 340/1641 Loss: 0.346564
2026-08-19 17:37: Train Epoch 3: 360/1641 Loss: 0.306653
2026-08-19 17:37: Train Epoch 3: 380/1641 Loss: 0.324514
2026-08-19 17:37: Train Epoch 3: 400/1641 Loss: 0.340947
2026-08-19 17:37: Train Epoch 3: 420/1641 Loss: 0.334889
2026-08-19 17:37: Train Epoch 3: 440/1641 Loss: 0.327833
2026-08-19 17:37: Train Epoch 3: 460/1641 Loss: 0.347597
2026-08-19 17:37: Train Epoch 3: 480/1641 Loss: 0.334440
2026-08-19 17:37: Train Epoch 3: 500/1641 Loss: 0.322683
2026-08-19 17:37: Train Epoch 3: 520/1641 Loss: 0.323147
2026-08-19 17:37: Train Epoch 3: 540/1641 Loss: 0.332541
2026-08-19 17:37: Train Epoch 3: 560/1641 Loss: 0.349930
2026-08-19 17:37: Train Epoch 3: 580/1641 Loss: 0.328227
2026-08-19 17:37: Train Epoch 3: 600/1641 Loss: 0.316606
2026-08-19 17:37: Train Epoch 3: 620/1641 Loss: 0.329097
2026-08-19 17:37: Train Epoch 3: 640/1641 Loss: 0.356549
2026-08-19 17:37: Train Epoch 3: 660/1641 Loss: 0.352646
2026-08-19 17:37: Train Epoch 3: 680/1641 Loss: 0.347088
2026-08-19 17:37: Train Epoch 3: 700/1641 Loss: 0.324231
2026-08-19 17:37: Train Epoch 3: 720/1641 Loss: 0.358871
2026-08-19 17:37: Train Epoch 3: 740/1641 Loss: 0.329296
2026-08-19 17:37: Train Epoch 3: 760/1641 Loss: 0.350895
2026-08-19 17:37: Train Epoch 3: 780/1641 Loss: 0.330979
2026-08-19 17:38: Train Epoch 3: 800/1641 Loss: 0.338570
2026-08-19 17:38: Train Epoch 3: 820/1641 Loss: 0.353162
2026-08-19 17:38: Train Epoch 3: 840/1641 Loss: 0.319343
2026-08-19 17:38: Train Epoch 3: 860/1641 Loss: 0.342790
2026-08-19 17:38: Train Epoch 3: 880/1641 Loss: 0.309873
2026-08-19 17:38: Train Epoch 3: 900/1641 Loss: 0.338971
2026-08-19 17:38: Train Epoch 3: 920/1641 Loss: 0.339512
2026-08-19 17:38: Train Epoch 3: 940/1641 Loss: 0.305145
2026-08-19 17:38: Train Epoch 3: 960/1641 Loss: 0.287203
2026-08-19 17:38: Train Epoch 3: 980/1641 Loss: 0.336193
2026-08-19 17:38: Train Epoch 3: 1000/1641 Loss: 0.323919
2026-08-19 17:38: Train Epoch 3: 1020/1641 Loss: 0.323993
2026-08-19 17:38: Train Epoch 3: 1040/1641 Loss: 0.375187
2026-08-19 17:38: Train Epoch 3: 1060/1641 Loss: 0.308474
2026-08-19 17:38: Train Epoch 3: 1080/1641 Loss: 0.321977
2026-08-19 17:38: Train Epoch 3: 1100/1641 Loss: 0.343023
2026-08-19 17:38: Train Epoch 3: 1120/1641 Loss: 0.321998
2026-08-19 17:38: Train Epoch 3: 1140/1641 Loss: 0.357544
2026-08-19 17:38: Train Epoch 3: 1160/1641 Loss: 0.330825
2026-08-19 17:38: Train Epoch 3: 1180/1641 Loss: 0.327234
2026-08-19 17:38: Train Epoch 3: 1200/1641 Loss: 0.336299
2026-08-19 17:38: Train Epoch 3: 1220/1641 Loss: 0.317699
2026-08-19 17:39: Train Epoch 3: 1240/1641 Loss: 0.324262
2026-08-19 17:39: Train Epoch 3: 1260/1641 Loss: 0.313541
2026-08-19 17:39: Train Epoch 3: 1280/1641 Loss: 0.349755
2026-08-19 17:39: Train Epoch 3: 1300/1641 Loss: 0.335114
2026-08-19 17:39: Train Epoch 3: 1320/1641 Loss: 0.361507
2026-08-19 17:39: Train Epoch 3: 1340/1641 Loss: 0.334797
2026-08-19 17:39: Train Epoch 3: 1360/1641 Loss: 0.336655
2026-08-19 17:39: Train Epoch 3: 1380/1641 Loss: 0.337227
2026-08-19 17:39: Train Epoch 3: 1400/1641 Loss: 0.337605
2026-08-19 17:39: Train Epoch 3: 1420/1641 Loss: 0.362417
2026-08-19 17:39: Train Epoch 3: 1440/1641 Loss: 0.341408
2026-08-19 17:39: Train Epoch 3: 1460/1641 Loss: 0.329430
2026-08-19 17:39: Train Epoch 3: 1480/1641 Loss: 0.350285
2026-08-19 17:39: Train Epoch 3: 1500/1641 Loss: 0.322011
2026-08-19 17:39: Train Epoch 3: 1520/1641 Loss: 0.344182
2026-08-19 17:39: Train Epoch 3: 1540/1641 Loss: 0.315666
2026-08-19 17:39: Train Epoch 3: 1560/1641 Loss: 0.321774
2026-08-19 17:39: Train Epoch 3: 1580/1641 Loss: 0.330247
2026-08-19 17:39: Train Epoch 3: 1600/1641 Loss: 0.337305
2026-08-19 17:39: Train Epoch 3: 1620/1641 Loss: 0.333258
2026-08-19 17:39: Train Epoch 3: 1640/1641 Loss: 0.336597
2026-08-19 17:39: **********Train Epoch 3: averaged Loss: 0.333577, tf_ratio: 0.994176
2026-08-19 17:40: **********Val Epoch 3: average Loss: 0.328618
2026-08-19 17:40: *********************************Current best model saved!
2026-08-19 17:40: Train Epoch 4: 0/1641 Loss: 0.298842
2026-08-19 17:40: Train Epoch 4: 20/1641 Loss: 0.303823
2026-08-19 17:40: Train Epoch 4: 40/1641 Loss: 0.325758
2026-08-19 17:40: Train Epoch 4: 60/1641 Loss: 0.337361
2026-08-19 17:40: Train Epoch 4: 80/1641 Loss: 0.321595
2026-08-19 17:40: Train Epoch 4: 100/1641 Loss: 0.340454
2026-08-19 17:40: Train Epoch 4: 120/1641 Loss: 0.334929
2026-08-19 17:40: Train Epoch 4: 140/1641 Loss: 0.309200
2026-08-19 17:40: Train Epoch 4: 160/1641 Loss: 0.334283
2026-08-19 17:40: Train Epoch 4: 180/1641 Loss: 0.315815
2026-08-19 17:40: Train Epoch 4: 200/1641 Loss: 0.317833
2026-08-19 17:40: Train Epoch 4: 220/1641 Loss: 0.316750
2026-08-19 17:40: Train Epoch 4: 240/1641 Loss: 0.325645
2026-08-19 17:40: Train Epoch 4: 260/1641 Loss: 0.325861
2026-08-19 17:40: Train Epoch 4: 280/1641 Loss: 0.313831
2026-08-19 17:40: Train Epoch 4: 300/1641 Loss: 0.331023
2026-08-19 17:41: Train Epoch 4: 320/1641 Loss: 0.334291
2026-08-19 17:41: Train Epoch 4: 340/1641 Loss: 0.336755
2026-08-19 17:41: Train Epoch 4: 360/1641 Loss: 0.319674
2026-08-19 17:41: Train Epoch 4: 380/1641 Loss: 0.316059
2026-08-19 17:41: Train Epoch 4: 400/1641 Loss: 0.309518
2026-08-19 17:41: Train Epoch 4: 420/1641 Loss: 0.307331
2026-08-19 17:41: Train Epoch 4: 440/1641 Loss: 0.330946
2026-08-19 17:41: Train Epoch 4: 460/1641 Loss: 0.319750
2026-08-19 17:41: Train Epoch 4: 480/1641 Loss: 0.321083
2026-08-19 17:41: Train Epoch 4: 500/1641 Loss: 0.317778
2026-08-19 17:41: Train Epoch 4: 520/1641 Loss: 0.315899
2026-08-19 17:41: Train Epoch 4: 540/1641 Loss: 0.318987
2026-08-19 17:41: Train Epoch 4: 560/1641 Loss: 0.333853
2026-08-19 17:41: Train Epoch 4: 580/1641 Loss: 0.331586
2026-08-19 17:41: Train Epoch 4: 600/1641 Loss: 0.334112
2026-08-19 17:41: Train Epoch 4: 620/1641 Loss: 0.328236
2026-08-19 17:41: Train Epoch 4: 640/1641 Loss: 0.342605
2026-08-19 17:41: Train Epoch 4: 660/1641 Loss: 0.312285
2026-08-19 17:41: Train Epoch 4: 680/1641 Loss: 0.348101
2026-08-19 17:41: Train Epoch 4: 700/1641 Loss: 0.332130
2026-08-19 17:41: Train Epoch 4: 720/1641 Loss: 0.375440
2026-08-19 17:41: Train Epoch 4: 740/1641 Loss: 0.320457
2026-08-19 17:42: Train Epoch 4: 760/1641 Loss: 0.312106
2026-08-19 17:42: Train Epoch 4: 780/1641 Loss: 0.330720
2026-08-19 17:42: Train Epoch 4: 800/1641 Loss: 0.318549
2026-08-19 17:42: Train Epoch 4: 820/1641 Loss: 0.349904
2026-08-19 17:42: Train Epoch 4: 840/1641 Loss: 0.349198
2026-08-19 17:42: Train Epoch 4: 860/1641 Loss: 0.324189
2026-08-19 17:42: Train Epoch 4: 880/1641 Loss: 0.319089
2026-08-19 17:42: Train Epoch 4: 900/1641 Loss: 0.324845
2026-08-19 17:42: Train Epoch 4: 920/1641 Loss: 0.316327
2026-08-19 17:42: Train Epoch 4: 940/1641 Loss: 0.325377
2026-08-19 17:42: Train Epoch 4: 960/1641 Loss: 0.352026
2026-08-19 17:42: Train Epoch 4: 980/1641 Loss: 0.356041
2026-08-19 17:42: Train Epoch 4: 1000/1641 Loss: 0.358042
2026-08-19 17:42: Train Epoch 4: 1020/1641 Loss: 0.332334
2026-08-19 17:42: Train Epoch 4: 1040/1641 Loss: 0.343506
2026-08-19 17:42: Train Epoch 4: 1060/1641 Loss: 0.327037
2026-08-19 17:42: Train Epoch 4: 1080/1641 Loss: 0.311083
2026-08-19 17:42: Train Epoch 4: 1100/1641 Loss: 0.318903
2026-08-19 17:42: Train Epoch 4: 1120/1641 Loss: 0.321453
2026-08-19 17:42: Train Epoch 4: 1140/1641 Loss: 0.346206
2026-08-19 17:42: Train Epoch 4: 1160/1641 Loss: 0.314054
2026-08-19 17:42: Train Epoch 4: 1180/1641 Loss: 0.316899
2026-08-19 17:42: Train Epoch 4: 1200/1641 Loss: 0.330074
2026-08-19 17:43: Train Epoch 4: 1220/1641 Loss: 0.324859
2026-08-19 17:43: Train Epoch 4: 1240/1641 Loss: 0.318180
2026-08-19 17:43: Train Epoch 4: 1260/1641 Loss: 0.330808
2026-08-19 17:43: Train Epoch 4: 1280/1641 Loss: 0.326446
2026-08-19 17:43: Train Epoch 4: 1300/1641 Loss: 0.319776
2026-08-19 17:43: Train Epoch 4: 1320/1641 Loss: 0.304846
2026-08-19 17:43: Train Epoch 4: 1340/1641 Loss: 0.325515
2026-08-19 17:43: Train Epoch 4: 1360/1641 Loss: 0.328497
2026-08-19 17:43: Train Epoch 4: 1380/1641 Loss: 0.333360
2026-08-19 17:43: Train Epoch 4: 1400/1641 Loss: 0.336621
2026-08-19 17:43: Train Epoch 4: 1420/1641 Loss: 0.314775
2026-08-19 17:43: Train Epoch 4: 1440/1641 Loss: 0.330109
2026-08-19 17:43: Train Epoch 4: 1460/1641 Loss: 0.302385
2026-08-19 17:43: Train Epoch 4: 1480/1641 Loss: 0.331113
2026-08-19 17:43: Train Epoch 4: 1500/1641 Loss: 0.331123
2026-08-19 17:43: Train Epoch 4: 1520/1641 Loss: 0.311283
2026-08-19 17:43: Train Epoch 4: 1540/1641 Loss: 0.314031
2026-08-19 17:43: Train Epoch 4: 1560/1641 Loss: 0.325220
2026-08-19 17:43: Train Epoch 4: 1580/1641 Loss: 0.292094
2026-08-19 17:43: Train Epoch 4: 1600/1641 Loss: 0.310601
2026-08-19 17:43: Train Epoch 4: 1620/1641 Loss: 0.318134
2026-08-19 17:43: Train Epoch 4: 1640/1641 Loss: 0.307389
2026-08-19 17:43: **********Train Epoch 4: averaged Loss: 0.325583, tf_ratio: 0.986867
2026-08-19 17:44: **********Val Epoch 4: average Loss: 0.322267
2026-08-19 17:44: *********************************Current best model saved!
2026-08-19 17:44: Train Epoch 5: 0/1641 Loss: 0.339384
2026-08-19 17:44: Train Epoch 5: 20/1641 Loss: 0.307672
2026-08-19 17:44: Train Epoch 5: 40/1641 Loss: 0.332332
2026-08-19 17:44: Train Epoch 5: 60/1641 Loss: 0.324986
2026-08-19 17:44: Train Epoch 5: 80/1641 Loss: 0.320081
2026-08-19 17:44: Train Epoch 5: 100/1641 Loss: 0.307277
2026-08-19 17:44: Train Epoch 5: 120/1641 Loss: 0.342847
2026-08-19 17:44: Train Epoch 5: 140/1641 Loss: 0.335763
2026-08-19 17:44: Train Epoch 5: 160/1641 Loss: 0.337155
2026-08-19 17:44: Train Epoch 5: 180/1641 Loss: 0.323801
2026-08-19 17:44: Train Epoch 5: 200/1641 Loss: 0.344063
2026-08-19 17:44: Train Epoch 5: 220/1641 Loss: 0.322654
2026-08-19 17:44: Train Epoch 5: 240/1641 Loss: 0.290385
2026-08-19 17:44: Train Epoch 5: 260/1641 Loss: 0.317083
2026-08-19 17:44: Train Epoch 5: 280/1641 Loss: 0.335443
2026-08-19 17:45: Train Epoch 5: 300/1641 Loss: 0.321165
2026-08-19 17:45: Train Epoch 5: 320/1641 Loss: 0.322808
2026-08-19 17:45: Train Epoch 5: 340/1641 Loss: 0.318683
2026-08-19 17:45: Train Epoch 5: 360/1641 Loss: 0.337453
2026-08-19 17:45: Train Epoch 5: 380/1641 Loss: 0.322883
2026-08-19 17:45: Train Epoch 5: 400/1641 Loss: 0.322408
2026-08-19 17:45: Train Epoch 5: 420/1641 Loss: 0.305410
2026-08-19 17:45: Train Epoch 5: 440/1641 Loss: 0.306747
2026-08-19 17:45: Train Epoch 5: 460/1641 Loss: 0.321048
2026-08-19 17:45: Train Epoch 5: 480/1641 Loss: 0.316980
2026-08-19 17:45: Train Epoch 5: 500/1641 Loss: 0.325070
2026-08-19 17:45: Train Epoch 5: 520/1641 Loss: 0.325644
2026-08-19 17:45: Train Epoch 5: 540/1641 Loss: 0.308689
2026-08-19 17:45: Train Epoch 5: 560/1641 Loss: 0.336293
2026-08-19 17:45: Train Epoch 5: 580/1641 Loss: 0.330482
2026-08-19 17:45: Train Epoch 5: 600/1641 Loss: 0.316357
2026-08-19 17:45: Train Epoch 5: 620/1641 Loss: 0.330705
2026-08-19 17:45: Train Epoch 5: 640/1641 Loss: 0.314521
2026-08-19 17:45: Train Epoch 5: 660/1641 Loss: 0.324124
2026-08-19 17:45: Train Epoch 5: 680/1641 Loss: 0.330654
2026-08-19 17:45: Train Epoch 5: 700/1641 Loss: 0.342760
2026-08-19 17:45: Train Epoch 5: 720/1641 Loss: 0.300817
2026-08-19 17:46: Train Epoch 5: 740/1641 Loss: 0.324729
2026-08-19 17:46: Train Epoch 5: 760/1641 Loss: 0.317130
2026-08-19 17:46: Train Epoch 5: 780/1641 Loss: 0.333921
2026-08-19 17:46: Train Epoch 5: 800/1641 Loss: 0.313294
2026-08-19 17:46: Train Epoch 5: 820/1641 Loss: 0.322684
2026-08-19 17:46: Train Epoch 5: 840/1641 Loss: 0.340367
2026-08-19 17:46: Train Epoch 5: 860/1641 Loss: 0.326576
2026-08-19 17:46: Train Epoch 5: 880/1641 Loss: 0.319817
2026-08-19 17:46: Train Epoch 5: 900/1641 Loss: 0.311496
2026-08-19 17:46: Train Epoch 5: 920/1641 Loss: 0.299340
2026-08-19 17:46: Train Epoch 5: 940/1641 Loss: 0.325077
2026-08-19 17:46: Train Epoch 5: 960/1641 Loss: 0.330357
2026-08-19 17:46: Train Epoch 5: 980/1641 Loss: 0.335060
2026-08-19 17:46: Train Epoch 5: 1000/1641 Loss: 0.306462
2026-08-19 17:46: Train Epoch 5: 1020/1641 Loss: 0.314731
2026-08-19 17:46: Train Epoch 5: 1040/1641 Loss: 0.334045
2026-08-19 17:46: Train Epoch 5: 1060/1641 Loss: 0.323908
2026-08-19 17:46: Train Epoch 5: 1080/1641 Loss: 0.321012
2026-08-19 17:46: Train Epoch 5: 1100/1641 Loss: 0.319499
2026-08-19 17:46: Train Epoch 5: 1120/1641 Loss: 0.308948
2026-08-19 17:46: Train Epoch 5: 1140/1641 Loss: 0.288819
2026-08-19 17:46: Train Epoch 5: 1160/1641 Loss: 0.312573
2026-08-19 17:47: Train Epoch 5: 1180/1641 Loss: 0.340483
2026-08-19 17:47: Train Epoch 5: 1200/1641 Loss: 0.301360
2026-08-19 17:47: Train Epoch 5: 1220/1641 Loss: 0.322660
2026-08-19 17:47: Train Epoch 5: 1240/1641 Loss: 0.315373
2026-08-19 17:47: Train Epoch 5: 1260/1641 Loss: 0.321367
2026-08-19 17:47: Train Epoch 5: 1280/1641 Loss: 0.318078
2026-08-19 17:47: Train Epoch 5: 1300/1641 Loss: 0.298855
2026-08-19 17:47: Train Epoch 5: 1320/1641 Loss: 0.325401
2026-08-19 17:47: Train Epoch 5: 1340/1641 Loss: 0.303382
2026-08-19 17:47: Train Epoch 5: 1360/1641 Loss: 0.322132
2026-08-19 17:47: Train Epoch 5: 1380/1641 Loss: 0.327324
2026-08-19 17:47: Train Epoch 5: 1400/1641 Loss: 0.307387
2026-08-19 17:47: Train Epoch 5: 1420/1641 Loss: 0.302458
2026-08-19 17:47: Train Epoch 5: 1440/1641 Loss: 0.315695
2026-08-19 17:47: Train Epoch 5: 1460/1641 Loss: 0.313716
2026-08-19 17:47: Train Epoch 5: 1480/1641 Loss: 0.307542
2026-08-19 17:47: Train Epoch 5: 1500/1641 Loss: 0.310738
2026-08-19 17:47: Train Epoch 5: 1520/1641 Loss: 0.321317
2026-08-19 17:47: Train Epoch 5: 1540/1641 Loss: 0.339739
2026-08-19 17:47: Train Epoch 5: 1560/1641 Loss: 0.291402
2026-08-19 17:47: Train Epoch 5: 1580/1641 Loss: 0.296081
2026-08-19 17:48: Train Epoch 5: 1600/1641 Loss: 0.317830
2026-08-19 17:48: Train Epoch 5: 1620/1641 Loss: 0.311786
2026-08-19 17:48: Train Epoch 5: 1640/1641 Loss: 0.343476
2026-08-19 17:48: **********Train Epoch 5: averaged Loss: 0.319365, tf_ratio: 0.970657
2026-08-19 17:48: **********Val Epoch 5: average Loss: 0.317818
2026-08-19 17:48: *********************************Current best model saved!
2026-08-19 17:48: Train Epoch 6: 0/1641 Loss: 0.310281
2026-08-19 17:48: Train Epoch 6: 20/1641 Loss: 0.335998
2026-08-19 17:48: Train Epoch 6: 40/1641 Loss: 0.295103
2026-08-19 17:48: Train Epoch 6: 60/1641 Loss: 0.308728
2026-08-19 17:48: Train Epoch 6: 80/1641 Loss: 0.323068
2026-08-19 17:48: Train Epoch 6: 100/1641 Loss: 0.329921
2026-08-19 17:48: Train Epoch 6: 120/1641 Loss: 0.303296
2026-08-19 17:48: Train Epoch 6: 140/1641 Loss: 0.318611
2026-08-19 17:48: Train Epoch 6: 160/1641 Loss: 0.318740
2026-08-19 17:48: Train Epoch 6: 180/1641 Loss: 0.338431
2026-08-19 17:48: Train Epoch 6: 200/1641 Loss: 0.329376
2026-08-19 17:48: Train Epoch 6: 220/1641 Loss: 0.321949
2026-08-19 17:49: Train Epoch 6: 240/1641 Loss: 0.313100
2026-08-19 17:49: Train Epoch 6: 260/1641 Loss: 0.309168
2026-08-19 17:49: Train Epoch 6: 280/1641 Loss: 0.307631
2026-08-19 17:49: Train Epoch 6: 300/1641 Loss: 0.318219
2026-08-19 17:49: Train Epoch 6: 320/1641 Loss: 0.318945
2026-08-19 17:49: Train Epoch 6: 340/1641 Loss: 0.304969
2026-08-19 17:49: Train Epoch 6: 360/1641 Loss: 0.334034
2026-08-19 17:49: Train Epoch 6: 380/1641 Loss: 0.325712
2026-08-19 17:49: Train Epoch 6: 400/1641 Loss: 0.306580
2026-08-19 17:49: Train Epoch 6: 420/1641 Loss: 0.297983
2026-08-19 17:49: Train Epoch 6: 440/1641 Loss: 0.306905
2026-08-19 17:49: Train Epoch 6: 460/1641 Loss: 0.282274
2026-08-19 17:49: Train Epoch 6: 480/1641 Loss: 0.305156
2026-08-19 17:49: Train Epoch 6: 500/1641 Loss: 0.310338
2026-08-19 17:49: Train Epoch 6: 520/1641 Loss: 0.316795
2026-08-19 17:49: Train Epoch 6: 540/1641 Loss: 0.291052
2026-08-19 17:49: Train Epoch 6: 560/1641 Loss: 0.339437
2026-08-19 17:49: Train Epoch 6: 580/1641 Loss: 0.345152
2026-08-19 17:49: Train Epoch 6: 600/1641 Loss: 0.317326
2026-08-19 17:49: Train Epoch 6: 620/1641 Loss: 0.311951
2026-08-19 17:49: Train Epoch 6: 640/1641 Loss: 0.293339
2026-08-19 17:49: Train Epoch 6: 660/1641 Loss: 0.303003
2026-08-19 17:50: Train Epoch 6: 680/1641 Loss: 0.319376
2026-08-19 17:50: Train Epoch 6: 700/1641 Loss: 0.322208
2026-08-19 17:50: Train Epoch 6: 720/1641 Loss: 0.285352
2026-08-19 17:50: Train Epoch 6: 740/1641 Loss: 0.309501
2026-08-19 17:50: Train Epoch 6: 760/1641 Loss: 0.307952
2026-08-19 17:50: Train Epoch 6: 780/1641 Loss: 0.327988
2026-08-19 17:50: Train Epoch 6: 800/1641 Loss: 0.333032
2026-08-19 17:50: Train Epoch 6: 820/1641 Loss: 0.330851
2026-08-19 17:50: Train Epoch 6: 840/1641 Loss: 0.320289
2026-08-19 17:50: Train Epoch 6: 860/1641 Loss: 0.332357
2026-08-19 17:50: Train Epoch 6: 880/1641 Loss: 0.318468
2026-08-19 17:50: Train Epoch 6: 900/1641 Loss: 0.301820
2026-08-19 17:50: Train Epoch 6: 920/1641 Loss: 0.312253
2026-08-19 17:50: Train Epoch 6: 940/1641 Loss: 0.306518
2026-08-19 17:50: Train Epoch 6: 960/1641 Loss: 0.318835
2026-08-19 17:50: Train Epoch 6: 980/1641 Loss: 0.336779
2026-08-19 17:50: Train Epoch 6: 1000/1641 Loss: 0.289297
2026-08-19 17:50: Train Epoch 6: 1020/1641 Loss: 0.322821
2026-08-19 17:50: Train Epoch 6: 1040/1641 Loss: 0.300109
2026-08-19 17:50: Train Epoch 6: 1060/1641 Loss: 0.333691
2026-08-19 17:50: Train Epoch 6: 1080/1641 Loss: 0.309493
2026-08-19 17:50: Train Epoch 6: 1100/1641 Loss: 0.310311
2026-08-19 17:51: Train Epoch 6: 1120/1641 Loss: 0.313719
2026-08-19 17:51: Train Epoch 6: 1140/1641 Loss: 0.311044
2026-08-19 17:51: Train Epoch 6: 1160/1641 Loss: 0.320846
2026-08-19 17:51: Train Epoch 6: 1180/1641 Loss: 0.317520
2026-08-19 17:51: Train Epoch 6: 1200/1641 Loss: 0.302287
2026-08-19 17:51: Train Epoch 6: 1220/1641 Loss: 0.293017
2026-08-19 17:51: Train Epoch 6: 1240/1641 Loss: 0.312795
2026-08-19 17:51: Train Epoch 6: 1260/1641 Loss: 0.281691
2026-08-19 17:51: Train Epoch 6: 1280/1641 Loss: 0.319144
2026-08-19 17:51: Train Epoch 6: 1300/1641 Loss: 0.333325
2026-08-19 17:51: Train Epoch 6: 1320/1641 Loss: 0.338005
2026-08-19 17:51: Train Epoch 6: 1340/1641 Loss: 0.309629
2026-08-19 17:51: Train Epoch 6: 1360/1641 Loss: 0.327764
2026-08-19 17:51: Train Epoch 6: 1380/1641 Loss: 0.313268
2026-08-19 17:51: Train Epoch 6: 1400/1641 Loss: 0.298430
2026-08-19 17:51: Train Epoch 6: 1420/1641 Loss: 0.351346
2026-08-19 17:51: Train Epoch 6: 1440/1641 Loss: 0.310740
2026-08-19 17:51: Train Epoch 6: 1460/1641 Loss: 0.299218
2026-08-19 17:51: Train Epoch 6: 1480/1641 Loss: 0.284194
2026-08-19 17:51: Train Epoch 6: 1500/1641 Loss: 0.319358
2026-08-19 17:51: Train Epoch 6: 1520/1641 Loss: 0.317338
2026-08-19 17:51: Train Epoch 6: 1540/1641 Loss: 0.305033
2026-08-19 17:52: Train Epoch 6: 1560/1641 Loss: 0.309196
2026-08-19 17:52: Train Epoch 6: 1580/1641 Loss: 0.305551
2026-08-19 17:52: Train Epoch 6: 1600/1641 Loss: 0.328951
2026-08-19 17:52: Train Epoch 6: 1620/1641 Loss: 0.305301
2026-08-19 17:52: Train Epoch 6: 1640/1641 Loss: 0.314950
2026-08-19 17:52: **********Train Epoch 6: averaged Loss: 0.314104, tf_ratio: 0.935740
2026-08-19 17:52: **********Val Epoch 6: average Loss: 0.314488
2026-08-19 17:52: *********************************Current best model saved!
2026-08-19 17:52: Train Epoch 7: 0/1641 Loss: 0.336667
2026-08-19 17:52: Train Epoch 7: 20/1641 Loss: 0.309057
2026-08-19 17:52: Train Epoch 7: 40/1641 Loss: 0.311234
2026-08-19 17:52: Train Epoch 7: 60/1641 Loss: 0.305931
2026-08-19 17:52: Train Epoch 7: 80/1641 Loss: 0.307611
2026-08-19 17:52: Train Epoch 7: 100/1641 Loss: 0.303209
2026-08-19 17:52: Train Epoch 7: 120/1641 Loss: 0.301006
2026-08-19 17:52: Train Epoch 7: 140/1641 Loss: 0.303009
2026-08-19 17:52: Train Epoch 7: 160/1641 Loss: 0.288239
2026-08-19 17:52: Train Epoch 7: 180/1641 Loss: 0.334378
2026-08-19 17:53: Train Epoch 7: 200/1641 Loss: 0.340984
2026-08-19 17:53: Train Epoch 7: 220/1641 Loss: 0.307990
2026-08-19 17:53: Train Epoch 7: 240/1641 Loss: 0.315197
2026-08-19 17:53: Train Epoch 7: 260/1641 Loss: 0.315358
2026-08-19 17:53: Train Epoch 7: 280/1641 Loss: 0.293683
2026-08-19 17:53: Train Epoch 7: 300/1641 Loss: 0.330811
2026-08-19 17:53: Train Epoch 7: 320/1641 Loss: 0.340032
2026-08-19 17:53: Train Epoch 7: 340/1641 Loss: 0.330650
2026-08-19 17:53: Train Epoch 7: 360/1641 Loss: 0.329972
2026-08-19 17:53: Train Epoch 7: 380/1641 Loss: 0.322549
2026-08-19 17:53: Train Epoch 7: 400/1641 Loss: 0.305353
2026-08-19 17:53: Train Epoch 7: 420/1641 Loss: 0.302502
2026-08-19 17:53: Train Epoch 7: 440/1641 Loss: 0.331251
2026-08-19 17:53: Train Epoch 7: 460/1641 Loss: 0.300066
2026-08-19 17:53: Train Epoch 7: 480/1641 Loss: 0.296505
2026-08-19 17:53: Train Epoch 7: 500/1641 Loss: 0.341063
2026-08-19 17:53: Train Epoch 7: 520/1641 Loss: 0.297660
2026-08-19 17:53: Train Epoch 7: 540/1641 Loss: 0.296757
2026-08-19 17:53: Train Epoch 7: 560/1641 Loss: 0.317125
2026-08-19 17:53: Train Epoch 7: 580/1641 Loss: 0.334639
2026-08-19 17:53: Train Epoch 7: 600/1641 Loss: 0.319486
2026-08-19 17:53: Train Epoch 7: 620/1641 Loss: 0.327186
2026-08-19 17:53: Train Epoch 7: 640/1641 Loss: 0.292135
2026-08-19 17:54: Train Epoch 7: 660/1641 Loss: 0.310048
2026-08-19 17:54: Train Epoch 7: 680/1641 Loss: 0.321262
2026-08-19 17:54: Train Epoch 7: 700/1641 Loss: 0.306501
2026-08-19 17:54: Train Epoch 7: 720/1641 Loss: 0.301930
2026-08-19 17:54: Train Epoch 7: 740/1641 Loss: 0.310341
2026-08-19 17:54: Train Epoch 7: 760/1641 Loss: 0.311908
2026-08-19 17:54: Train Epoch 7: 780/1641 Loss: 0.309972
2026-08-19 17:54: Train Epoch 7: 800/1641 Loss: 0.316041
2026-08-19 17:54: Train Epoch 7: 820/1641 Loss: 0.319099
2026-08-19 17:54: Train Epoch 7: 840/1641 Loss: 0.293569
2026-08-19 17:54: Train Epoch 7: 860/1641 Loss: 0.323927
2026-08-19 17:54: Train Epoch 7: 880/1641 Loss: 0.326386
2026-08-19 17:54: Train Epoch 7: 900/1641 Loss: 0.300062
2026-08-19 17:54: Train Epoch 7: 920/1641 Loss: 0.297425
2026-08-19 17:54: Train Epoch 7: 940/1641 Loss: 0.289580
2026-08-19 17:54: Train Epoch 7: 960/1641 Loss: 0.347465
2026-08-19 17:54: Train Epoch 7: 980/1641 Loss: 0.297359
2026-08-19 17:54: Train Epoch 7: 1000/1641 Loss: 0.291608
2026-08-19 17:54: Train Epoch 7: 1020/1641 Loss: 0.338279
2026-08-19 17:54: Train Epoch 7: 1040/1641 Loss: 0.336237
2026-08-19 17:54: Train Epoch 7: 1060/1641 Loss: 0.323569
2026-08-19 17:54: Train Epoch 7: 1080/1641 Loss: 0.338548
2026-08-19 17:55: Train Epoch 7: 1100/1641 Loss: 0.308743
2026-08-19 17:55: Train Epoch 7: 1120/1641 Loss: 0.296482
2026-08-19 17:55: Train Epoch 7: 1140/1641 Loss: 0.322635
2026-08-19 17:55: Train Epoch 7: 1160/1641 Loss: 0.318395
2026-08-19 17:55: Train Epoch 7: 1180/1641 Loss: 0.296079
2026-08-19 17:55: Train Epoch 7: 1200/1641 Loss: 0.303069
2026-08-19 17:55: Train Epoch 7: 1220/1641 Loss: 0.341803
2026-08-19 17:55: Train Epoch 7: 1240/1641 Loss: 0.316095
2026-08-19 17:55: Train Epoch 7: 1260/1641 Loss: 0.311066
2026-08-19 17:55: Train Epoch 7: 1280/1641 Loss: 0.316964
2026-08-19 17:55: Train Epoch 7: 1300/1641 Loss: 0.305371
2026-08-19 17:55: Train Epoch 7: 1320/1641 Loss: 0.300078
2026-08-19 17:55: Train Epoch 7: 1340/1641 Loss: 0.286999
2026-08-19 17:55: Train Epoch 7: 1360/1641 Loss: 0.303807
2026-08-19 17:55: Train Epoch 7: 1380/1641 Loss: 0.314781
2026-08-19 17:55: Train Epoch 7: 1400/1641 Loss: 0.279088
2026-08-19 17:55: Train Epoch 7: 1420/1641 Loss: 0.309492
2026-08-19 17:55: Train Epoch 7: 1440/1641 Loss: 0.304286
2026-08-19 17:55: Train Epoch 7: 1460/1641 Loss: 0.276752
2026-08-19 17:55: Train Epoch 7: 1480/1641 Loss: 0.325173
2026-08-19 17:55: Train Epoch 7: 1500/1641 Loss: 0.299523
2026-08-19 17:55: Train Epoch 7: 1520/1641 Loss: 0.301086
2026-08-19 17:55: Train Epoch 7: 1540/1641 Loss: 0.305004
2026-08-19 17:56: Train Epoch 7: 1560/1641 Loss: 0.297780
2026-08-19 17:56: Train Epoch 7: 1580/1641 Loss: 0.299942
2026-08-19 17:56: Train Epoch 7: 1600/1641 Loss: 0.314065
2026-08-19 17:56: Train Epoch 7: 1620/1641 Loss: 0.314736
2026-08-19 17:56: Train Epoch 7: 1640/1641 Loss: 0.316769
2026-08-19 17:56: **********Train Epoch 7: averaged Loss: 0.310038, tf_ratio: 0.865052
2026-08-19 17:56: **********Val Epoch 7: average Loss: 0.316472
2026-08-19 17:56: Train Epoch 8: 0/1641 Loss: 0.289768
2026-08-19 17:56: Train Epoch 8: 20/1641 Loss: 0.317194
2026-08-19 17:56: Train Epoch 8: 40/1641 Loss: 0.300624
2026-08-19 17:56: Train Epoch 8: 60/1641 Loss: 0.325253
2026-08-19 17:56: Train Epoch 8: 80/1641 Loss: 0.314973
2026-08-19 17:56: Train Epoch 8: 100/1641 Loss: 0.299179
2026-08-19 17:56: Train Epoch 8: 120/1641 Loss: 0.318356
2026-08-19 17:56: Train Epoch 8: 140/1641 Loss: 0.311450
2026-08-19 17:56: Train Epoch 8: 160/1641 Loss: 0.292765
2026-08-19 17:56: Train Epoch 8: 180/1641 Loss: 0.320123
2026-08-19 17:57: Train Epoch 8: 200/1641 Loss: 0.304053
2026-08-19 17:57: Train Epoch 8: 220/1641 Loss: 0.306235
2026-08-19 17:57: Train Epoch 8: 240/1641 Loss: 0.307452
2026-08-19 17:57: Train Epoch 8: 260/1641 Loss: 0.338670
2026-08-19 17:57: Train Epoch 8: 280/1641 Loss: 0.274693
2026-08-19 17:57: Train Epoch 8: 300/1641 Loss: 0.306202
2026-08-19 17:57: Train Epoch 8: 320/1641 Loss: 0.310949
2026-08-19 17:57: Train Epoch 8: 340/1641 Loss: 0.298039
2026-08-19 17:57: Train Epoch 8: 360/1641 Loss: 0.324559
2026-08-19 17:57: Train Epoch 8: 380/1641 Loss: 0.321835
2026-08-19 17:57: Train Epoch 8: 400/1641 Loss: 0.309173
2026-08-19 17:57: Train Epoch 8: 420/1641 Loss: 0.310644
2026-08-19 17:57: Train Epoch 8: 440/1641 Loss: 0.293038
2026-08-19 17:57: Train Epoch 8: 460/1641 Loss: 0.304436
2026-08-19 17:57: Train Epoch 8: 480/1641 Loss: 0.311038
2026-08-19 17:57: Train Epoch 8: 500/1641 Loss: 0.296405
2026-08-19 17:57: Train Epoch 8: 520/1641 Loss: 0.300698
2026-08-19 17:57: Train Epoch 8: 540/1641 Loss: 0.321025
2026-08-19 17:57: Train Epoch 8: 560/1641 Loss: 0.287214
2026-08-19 17:57: Train Epoch 8: 580/1641 Loss: 0.296595
2026-08-19 17:57: Train Epoch 8: 600/1641 Loss: 0.308195
2026-08-19 17:57: Train Epoch 8: 620/1641 Loss: 0.309892
2026-08-19 17:58: Train Epoch 8: 640/1641 Loss: 0.321630
2026-08-19 17:58: Train Epoch 8: 660/1641 Loss: 0.324387
2026-08-19 17:58: Train Epoch 8: 680/1641 Loss: 0.310326
2026-08-19 17:58: Train Epoch 8: 700/1641 Loss: 0.301053
2026-08-19 17:58: Train Epoch 8: 720/1641 Loss: 0.322659
2026-08-19 17:58: Train Epoch 8: 740/1641 Loss: 0.286453
2026-08-19 17:58: Train Epoch 8: 760/1641 Loss: 0.280203
2026-08-19 17:58: Train Epoch 8: 780/1641 Loss: 0.301242
2026-08-19 17:58: Train Epoch 8: 800/1641 Loss: 0.292104
2026-08-19 17:58: Train Epoch 8: 820/1641 Loss: 0.310018
2026-08-19 17:58: Train Epoch 8: 840/1641 Loss: 0.314988
2026-08-19 17:58: Train Epoch 8: 860/1641 Loss: 0.298180
2026-08-19 17:58: Train Epoch 8: 880/1641 Loss: 0.293733
2026-08-19 17:58: Train Epoch 8: 900/1641 Loss: 0.280692
2026-08-19 17:58: Train Epoch 8: 920/1641 Loss: 0.300276
2026-08-19 17:58: Train Epoch 8: 940/1641 Loss: 0.293769
2026-08-19 17:58: Train Epoch 8: 960/1641 Loss: 0.278062
2026-08-19 17:58: Train Epoch 8: 980/1641 Loss: 0.310518
2026-08-19 17:58: Train Epoch 8: 1000/1641 Loss: 0.290023
2026-08-19 17:58: Train Epoch 8: 1020/1641 Loss: 0.325577
2026-08-19 17:58: Train Epoch 8: 1040/1641 Loss: 0.337645
2026-08-19 17:58: Train Epoch 8: 1060/1641 Loss: 0.312320
2026-08-19 17:59: Train Epoch 8: 1080/1641 Loss: 0.278247
2026-08-19 17:59: Train Epoch 8: 1100/1641 Loss: 0.315783
2026-08-19 17:59: Train Epoch 8: 1120/1641 Loss: 0.298355
2026-08-19 17:59: Train Epoch 8: 1140/1641 Loss: 0.289592
2026-08-19 17:59: Train Epoch 8: 1160/1641 Loss: 0.307295
2026-08-19 17:59: Train Epoch 8: 1180/1641 Loss: 0.290225
2026-08-19 17:59: Train Epoch 8: 1200/1641 Loss: 0.294590
2026-08-19 17:59: Train Epoch 8: 1220/1641 Loss: 0.335604
2026-08-19 17:59: Train Epoch 8: 1240/1641 Loss: 0.303294
2026-08-19 17:59: Train Epoch 8: 1260/1641 Loss: 0.334420
2026-08-19 17:59: Train Epoch 8: 1280/1641 Loss: 0.317953
2026-08-19 17:59: Train Epoch 8: 1300/1641 Loss: 0.340582
2026-08-19 17:59: Train Epoch 8: 1320/1641 Loss: 0.290625
2026-08-19 17:59: Train Epoch 8: 1340/1641 Loss: 0.309997
2026-08-19 17:59: Train Epoch 8: 1360/1641 Loss: 0.298075
2026-08-19 17:59: Train Epoch 8: 1380/1641 Loss: 0.295043
2026-08-19 17:59: Train Epoch 8: 1400/1641 Loss: 0.299228
2026-08-19 17:59: Train Epoch 8: 1420/1641 Loss: 0.312681
2026-08-19 17:59: Train Epoch 8: 1440/1641 Loss: 0.295489
2026-08-19 17:59: Train Epoch 8: 1460/1641 Loss: 0.295094
2026-08-19 17:59: Train Epoch 8: 1480/1641 Loss: 0.311368
2026-08-19 18:00: Train Epoch 8: 1500/1641 Loss: 0.296476
2026-08-19 18:00: Train Epoch 8: 1520/1641 Loss: 0.326175
2026-08-19 18:00: Train Epoch 8: 1540/1641 Loss: 0.309488
2026-08-19 18:00: Train Epoch 8: 1560/1641 Loss: 0.327909
2026-08-19 18:00: Train Epoch 8: 1580/1641 Loss: 0.312258
2026-08-19 18:00: Train Epoch 8: 1600/1641 Loss: 0.300438
2026-08-19 18:00: Train Epoch 8: 1620/1641 Loss: 0.301991
2026-08-19 18:00: Train Epoch 8: 1640/1641 Loss: 0.297388
2026-08-19 18:00: **********Train Epoch 8: averaged Loss: 0.305915, tf_ratio: 0.738348
2026-08-19 18:00: **********Val Epoch 8: average Loss: 0.313886
2026-08-19 18:00: *********************************Current best model saved!
2026-08-19 18:00: Train Epoch 9: 0/1641 Loss: 0.313495
2026-08-19 18:00: Train Epoch 9: 20/1641 Loss: 0.297839
2026-08-19 18:00: Train Epoch 9: 40/1641 Loss: 0.276385
2026-08-19 18:00: Train Epoch 9: 60/1641 Loss: 0.305625
2026-08-19 18:00: Train Epoch 9: 80/1641 Loss: 0.307465
2026-08-19 18:00: Train Epoch 9: 100/1641 Loss: 0.308202
2026-08-19 18:00: Train Epoch 9: 120/1641 Loss: 0.324894
2026-08-19 18:01: Train Epoch 9: 140/1641 Loss: 0.278674
2026-08-19 18:01: Train Epoch 9: 160/1641 Loss: 0.312459
2026-08-19 18:01: Train Epoch 9: 180/1641 Loss: 0.283927
2026-08-19 18:01: Train Epoch 9: 200/1641 Loss: 0.309774
2026-08-19 18:01: Train Epoch 9: 220/1641 Loss: 0.289496
2026-08-19 18:01: Train Epoch 9: 240/1641 Loss: 0.324443
2026-08-19 18:01: Train Epoch 9: 260/1641 Loss: 0.303906
2026-08-19 18:01: Train Epoch 9: 280/1641 Loss: 0.323884
2026-08-19 18:01: Train Epoch 9: 300/1641 Loss: 0.285568
2026-08-19 18:01: Train Epoch 9: 320/1641 Loss: 0.300088
2026-08-19 18:01: Train Epoch 9: 340/1641 Loss: 0.302596
2026-08-19 18:01: Train Epoch 9: 360/1641 Loss: 0.313763
2026-08-19 18:01: Train Epoch 9: 380/1641 Loss: 0.310069
2026-08-19 18:01: Train Epoch 9: 400/1641 Loss: 0.290640
2026-08-19 18:01: Train Epoch 9: 420/1641 Loss: 0.304006
2026-08-19 18:01: Train Epoch 9: 440/1641 Loss: 0.300339
2026-08-19 18:01: Train Epoch 9: 460/1641 Loss: 0.296720
2026-08-19 18:01: Train Epoch 9: 480/1641 Loss: 0.303546
2026-08-19 18:01: Train Epoch 9: 500/1641 Loss: 0.293411
2026-08-19 18:01: Train Epoch 9: 520/1641 Loss: 0.308001
2026-08-19 18:01: Train Epoch 9: 540/1641 Loss: 0.311519
2026-08-19 18:01: Train Epoch 9: 560/1641 Loss: 0.295849
2026-08-19 18:02: Train Epoch 9: 580/1641 Loss: 0.264086
2026-08-19 18:02: Train Epoch 9: 600/1641 Loss: 0.285284
2026-08-19 18:02: Train Epoch 9: 620/1641 Loss: 0.305325
2026-08-19 18:02: Train Epoch 9: 640/1641 Loss: 0.305153
2026-08-19 18:02: Train Epoch 9: 660/1641 Loss: 0.297175
2026-08-19 18:02: Train Epoch 9: 680/1641 Loss: 0.283363
2026-08-19 18:02: Train Epoch 9: 700/1641 Loss: 0.296860
2026-08-19 18:02: Train Epoch 9: 720/1641 Loss: 0.295203
2026-08-19 18:02: Train Epoch 9: 740/1641 Loss: 0.285930
2026-08-19 18:02: Train Epoch 9: 760/1641 Loss: 0.287736
2026-08-19 18:02: Train Epoch 9: 780/1641 Loss: 0.323675
2026-08-19 18:02: Train Epoch 9: 800/1641 Loss: 0.300782
2026-08-19 18:02: Train Epoch 9: 820/1641 Loss: 0.297836
2026-08-19 18:02: Train Epoch 9: 840/1641 Loss: 0.277525
2026-08-19 18:02: Train Epoch 9: 860/1641 Loss: 0.316797
2026-08-19 18:02: Train Epoch 9: 880/1641 Loss: 0.290609
2026-08-19 18:02: Train Epoch 9: 900/1641 Loss: 0.317739
2026-08-19 18:02: Train Epoch 9: 920/1641 Loss: 0.292076
2026-08-19 18:02: Train Epoch 9: 940/1641 Loss: 0.325956
2026-08-19 18:02: Train Epoch 9: 960/1641 Loss: 0.283950
2026-08-19 18:02: Train Epoch 9: 980/1641 Loss: 0.289259
2026-08-19 18:02: Train Epoch 9: 1000/1641 Loss: 0.300861
2026-08-19 18:02: Train Epoch 9: 1020/1641 Loss: 0.301401
2026-08-19 18:03: Train Epoch 9: 1040/1641 Loss: 0.291324
2026-08-19 18:03: Train Epoch 9: 1060/1641 Loss: 0.297727
2026-08-19 18:03: Train Epoch 9: 1080/1641 Loss: 0.289989
2026-08-19 18:03: Train Epoch 9: 1100/1641 Loss: 0.288337
2026-08-19 18:03: Train Epoch 9: 1120/1641 Loss: 0.300918
2026-08-19 18:03: Train Epoch 9: 1140/1641 Loss: 0.298415
2026-08-19 18:03: Train Epoch 9: 1160/1641 Loss: 0.324941
2026-08-19 18:03: Train Epoch 9: 1180/1641 Loss: 0.293667
2026-08-19 18:03: Train Epoch 9: 1200/1641 Loss: 0.273293
2026-08-19 18:03: Train Epoch 9: 1220/1641 Loss: 0.298772
2026-08-19 18:03: Train Epoch 9: 1240/1641 Loss: 0.302204
2026-08-19 18:03: Train Epoch 9: 1260/1641 Loss: 0.303591
2026-08-19 18:03: Train Epoch 9: 1280/1641 Loss: 0.298626
2026-08-19 18:03: Train Epoch 9: 1300/1641 Loss: 0.301703
2026-08-19 18:03: Train Epoch 9: 1320/1641 Loss: 0.299646
2026-08-19 18:03: Train Epoch 9: 1340/1641 Loss: 0.308063
2026-08-19 18:03: Train Epoch 9: 1360/1641 Loss: 0.306971
2026-08-19 18:03: Train Epoch 9: 1380/1641 Loss: 0.288877
2026-08-19 18:03: Train Epoch 9: 1400/1641 Loss: 0.318525
2026-08-19 18:03: Train Epoch 9: 1420/1641 Loss: 0.274148
2026-08-19 18:03: Train Epoch 9: 1440/1641 Loss: 0.277015
2026-08-19 18:04: Train Epoch 9: 1460/1641 Loss: 0.325953
2026-08-19 18:04: Train Epoch 9: 1480/1641 Loss: 0.276448
2026-08-19 18:04: Train Epoch 9: 1500/1641 Loss: 0.301856
2026-08-19 18:04: Train Epoch 9: 1520/1641 Loss: 0.288416
2026-08-19 18:04: Train Epoch 9: 1540/1641 Loss: 0.290064
2026-08-19 18:04: Train Epoch 9: 1560/1641 Loss: 0.311453
2026-08-19 18:04: Train Epoch 9: 1580/1641 Loss: 0.312703
2026-08-19 18:04: Train Epoch 9: 1600/1641 Loss: 0.273575
2026-08-19 18:04: Train Epoch 9: 1620/1641 Loss: 0.300022
2026-08-19 18:04: Train Epoch 9: 1640/1641 Loss: 0.291806
2026-08-19 18:04: **********Train Epoch 9: averaged Loss: 0.301944, tf_ratio: 0.554014
2026-08-19 18:04: **********Val Epoch 9: average Loss: 0.318591
2026-08-19 18:04: Train Epoch 10: 0/1641 Loss: 0.292269
2026-08-19 18:04: Train Epoch 10: 20/1641 Loss: 0.333153
2026-08-19 18:04: Train Epoch 10: 40/1641 Loss: 0.296838
2026-08-19 18:04: Train Epoch 10: 60/1641 Loss: 0.280941
2026-08-19 18:04: Train Epoch 10: 80/1641 Loss: 0.301989
2026-08-19 18:05: Train Epoch 10: 100/1641 Loss: 0.288123
2026-08-19 18:05: Train Epoch 10: 120/1641 Loss: 0.308957
2026-08-19 18:05: Train Epoch 10: 140/1641 Loss: 0.296925
2026-08-19 18:05: Train Epoch 10: 160/1641 Loss: 0.307230
2026-08-19 18:05: Train Epoch 10: 180/1641 Loss: 0.299211
2026-08-19 18:05: Train Epoch 10: 200/1641 Loss: 0.297055
2026-08-19 18:05: Train Epoch 10: 220/1641 Loss: 0.273469
2026-08-19 18:05: Train Epoch 10: 240/1641 Loss: 0.276889
2026-08-19 18:05: Train Epoch 10: 260/1641 Loss: 0.311864
2026-08-19 18:05: Train Epoch 10: 280/1641 Loss: 0.282061
2026-08-19 18:05: Train Epoch 10: 300/1641 Loss: 0.278455
2026-08-19 18:05: Train Epoch 10: 320/1641 Loss: 0.287237
2026-08-19 18:05: Train Epoch 10: 340/1641 Loss: 0.304904
2026-08-19 18:05: Train Epoch 10: 360/1641 Loss: 0.303427
2026-08-19 18:05: Train Epoch 10: 380/1641 Loss: 0.304569
2026-08-19 18:05: Train Epoch 10: 400/1641 Loss: 0.322871
2026-08-19 18:05: Train Epoch 10: 420/1641 Loss: 0.303988
2026-08-19 18:05: Train Epoch 10: 440/1641 Loss: 0.306862
2026-08-19 18:05: Train Epoch 10: 460/1641 Loss: 0.280351
2026-08-19 18:05: Train Epoch 10: 480/1641 Loss: 0.278837
2026-08-19 18:05: Train Epoch 10: 500/1641 Loss: 0.288559
2026-08-19 18:06: Train Epoch 10: 520/1641 Loss: 0.302582
2026-08-19 18:06: Train Epoch 10: 540/1641 Loss: 0.312394
2026-08-19 18:06: Train Epoch 10: 560/1641 Loss: 0.294661
2026-08-19 18:06: Train Epoch 10: 580/1641 Loss: 0.285978
2026-08-19 18:06: Train Epoch 10: 600/1641 Loss: 0.267070
2026-08-19 18:06: Train Epoch 10: 620/1641 Loss: 0.321656
2026-08-19 18:06: Train Epoch 10: 640/1641 Loss: 0.322114
2026-08-19 18:06: Train Epoch 10: 660/1641 Loss: 0.275525
2026-08-19 18:06: Train Epoch 10: 680/1641 Loss: 0.289230
2026-08-19 18:06: Train Epoch 10: 700/1641 Loss: 0.293243
2026-08-19 18:06: Train Epoch 10: 720/1641 Loss: 0.285947
2026-08-19 18:06: Train Epoch 10: 740/1641 Loss: 0.274618
2026-08-19 18:06: Train Epoch 10: 760/1641 Loss: 0.305489
2026-08-19 18:06: Train Epoch 10: 780/1641 Loss: 0.295269
2026-08-19 18:06: Train Epoch 10: 800/1641 Loss: 0.311242
2026-08-19 18:06: Train Epoch 10: 820/1641 Loss: 0.311807
2026-08-19 18:06: Train Epoch 10: 840/1641 Loss: 0.294331
2026-08-19 18:06: Train Epoch 10: 860/1641 Loss: 0.317306
2026-08-19 18:06: Train Epoch 10: 880/1641 Loss: 0.291684
2026-08-19 18:06: Train Epoch 10: 900/1641 Loss: 0.292461
2026-08-19 18:06: Train Epoch 10: 920/1641 Loss: 0.300265
2026-08-19 18:06: Train Epoch 10: 940/1641 Loss: 0.292338
2026-08-19 18:07: Train Epoch 10: 960/1641 Loss: 0.297671
2026-08-19 18:07: Train Epoch 10: 980/1641 Loss: 0.301166
2026-08-19 18:07: Train Epoch 10: 1000/1641 Loss: 0.286948
2026-08-19 18:07: Train Epoch 10: 1020/1641 Loss: 0.291448
2026-08-19 18:07: Train Epoch 10: 1040/1641 Loss: 0.287451
2026-08-19 18:07: Train Epoch 10: 1060/1641 Loss: 0.294335
2026-08-19 18:07: Train Epoch 10: 1080/1641 Loss: 0.303590
2026-08-19 18:07: Train Epoch 10: 1100/1641 Loss: 0.286669
2026-08-19 18:07: Train Epoch 10: 1120/1641 Loss: 0.310646
2026-08-19 18:07: Train Epoch 10: 1140/1641 Loss: 0.298082
2026-08-19 18:07: Train Epoch 10: 1160/1641 Loss: 0.292704
2026-08-19 18:07: Train Epoch 10: 1180/1641 Loss: 0.299035
2026-08-19 18:07: Train Epoch 10: 1200/1641 Loss: 0.312419
2026-08-19 18:07: Train Epoch 10: 1220/1641 Loss: 0.296515
2026-08-19 18:07: Train Epoch 10: 1240/1641 Loss: 0.292942
2026-08-19 18:07: Train Epoch 10: 1260/1641 Loss: 0.297660
2026-08-19 18:07: Train Epoch 10: 1280/1641 Loss: 0.287971
2026-08-19 18:07: Train Epoch 10: 1300/1641 Loss: 0.280947
2026-08-19 18:07: Train Epoch 10: 1320/1641 Loss: 0.304935
2026-08-19 18:07: Train Epoch 10: 1340/1641 Loss: 0.300187
2026-08-19 18:08: Train Epoch 10: 1360/1641 Loss: 0.301665
2026-08-19 18:08: Train Epoch 10: 1380/1641 Loss: 0.288428
2026-08-19 18:08: Train Epoch 10: 1400/1641 Loss: 0.292314
2026-08-19 18:08: Train Epoch 10: 1420/1641 Loss: 0.306474
2026-08-19 18:08: Train Epoch 10: 1440/1641 Loss: 0.282303
2026-08-19 18:08: Train Epoch 10: 1460/1641 Loss: 0.308417
2026-08-19 18:08: Train Epoch 10: 1480/1641 Loss: 0.310807
2026-08-19 18:08: Train Epoch 10: 1500/1641 Loss: 0.279691
2026-08-19 18:08: Train Epoch 10: 1520/1641 Loss: 0.276788
2026-08-19 18:08: Train Epoch 10: 1540/1641 Loss: 0.274385
2026-08-19 18:08: Train Epoch 10: 1560/1641 Loss: 0.283096
2026-08-19 18:08: Train Epoch 10: 1580/1641 Loss: 0.308692
2026-08-19 18:08: Train Epoch 10: 1600/1641 Loss: 0.319302
2026-08-19 18:08: Train Epoch 10: 1620/1641 Loss: 0.285437
2026-08-19 18:08: Train Epoch 10: 1640/1641 Loss: 0.290942
2026-08-19 18:08: **********Train Epoch 10: averaged Loss: 0.297894, tf_ratio: 0.353521
2026-08-19 18:09: **********Val Epoch 10: average Loss: 0.322172
2026-08-19 18:09: Train Epoch 11: 0/1641 Loss: 0.344147
2026-08-19 18:09: Train Epoch 11: 20/1641 Loss: 0.299548
2026-08-19 18:09: Train Epoch 11: 40/1641 Loss: 0.299954
2026-08-19 18:09: Train Epoch 11: 60/1641 Loss: 0.303143
2026-08-19 18:09: Train Epoch 11: 80/1641 Loss: 0.291646
2026-08-19 18:09: Train Epoch 11: 100/1641 Loss: 0.291778
2026-08-19 18:09: Train Epoch 11: 120/1641 Loss: 0.288873
2026-08-19 18:09: Train Epoch 11: 140/1641 Loss: 0.280538
2026-08-19 18:09: Train Epoch 11: 160/1641 Loss: 0.287693
2026-08-19 18:09: Train Epoch 11: 180/1641 Loss: 0.295585
2026-08-19 18:09: Train Epoch 11: 200/1641 Loss: 0.293565
2026-08-19 18:09: Train Epoch 11: 220/1641 Loss: 0.301117
2026-08-19 18:09: Train Epoch 11: 240/1641 Loss: 0.284857
2026-08-19 18:09: Train Epoch 11: 260/1641 Loss: 0.307878
2026-08-19 18:09: Train Epoch 11: 280/1641 Loss: 0.278422
2026-08-19 18:09: Train Epoch 11: 300/1641 Loss: 0.290823
2026-08-19 18:09: Train Epoch 11: 320/1641 Loss: 0.300581
2026-08-19 18:09: Train Epoch 11: 340/1641 Loss: 0.286596
2026-08-19 18:09: Train Epoch 11: 360/1641 Loss: 0.296489
2026-08-19 18:09: Train Epoch 11: 380/1641 Loss: 0.293757
2026-08-19 18:09: Train Epoch 11: 400/1641 Loss: 0.299247
2026-08-19 18:10: Train Epoch 11: 420/1641 Loss: 0.305669
2026-08-19 18:10: Train Epoch 11: 440/1641 Loss: 0.284962
2026-08-19 18:10: Train Epoch 11: 460/1641 Loss: 0.294763
2026-08-19 18:10: Train Epoch 11: 480/1641 Loss: 0.287050
2026-08-19 18:10: Train Epoch 11: 500/1641 Loss: 0.302802
2026-08-19 18:10: Train Epoch 11: 520/1641 Loss: 0.308349
2026-08-19 18:10: Train Epoch 11: 540/1641 Loss: 0.298469
2026-08-19 18:10: Train Epoch 11: 560/1641 Loss: 0.274573
2026-08-19 18:10: Train Epoch 11: 580/1641 Loss: 0.304044
2026-08-19 18:10: Train Epoch 11: 600/1641 Loss: 0.301844
2026-08-19 18:10: Train Epoch 11: 620/1641 Loss: 0.322668
2026-08-19 18:10: Train Epoch 11: 640/1641 Loss: 0.291011
2026-08-19 18:10: Train Epoch 11: 660/1641 Loss: 0.273100
2026-08-19 18:10: Train Epoch 11: 680/1641 Loss: 0.313496
2026-08-19 18:10: Train Epoch 11: 700/1641 Loss: 0.301835
2026-08-19 18:10: Train Epoch 11: 720/1641 Loss: 0.280775
2026-08-19 18:10: Train Epoch 11: 740/1641 Loss: 0.279322
2026-08-19 18:10: Train Epoch 11: 760/1641 Loss: 0.283381
2026-08-19 18:10: Train Epoch 11: 780/1641 Loss: 0.286818
2026-08-19 18:10: Train Epoch 11: 800/1641 Loss: 0.292864
2026-08-19 18:10: Train Epoch 11: 820/1641 Loss: 0.311629
2026-08-19 18:11: Train Epoch 11: 840/1641 Loss: 0.288994
2026-08-19 18:11: Train Epoch 11: 860/1641 Loss: 0.291227
2026-08-19 18:11: Train Epoch 11: 880/1641 Loss: 0.310825
2026-08-19 18:11: Train Epoch 11: 900/1641 Loss: 0.293231
2026-08-19 18:11: Train Epoch 11: 920/1641 Loss: 0.280834
2026-08-19 18:11: Train Epoch 11: 940/1641 Loss: 0.282702
2026-08-19 18:11: Train Epoch 11: 960/1641 Loss: 0.291258
2026-08-19 18:11: Train Epoch 11: 980/1641 Loss: 0.289088
2026-08-19 18:11: Train Epoch 11: 1000/1641 Loss: 0.306389
2026-08-19 18:11: Train Epoch 11: 1020/1641 Loss: 0.316603
2026-08-19 18:11: Train Epoch 11: 1040/1641 Loss: 0.279019
2026-08-19 18:11: Train Epoch 11: 1060/1641 Loss: 0.292538
2026-08-19 18:11: Train Epoch 11: 1080/1641 Loss: 0.297843
2026-08-19 18:11: Train Epoch 11: 1100/1641 Loss: 0.282250
2026-08-19 18:11: Train Epoch 11: 1120/1641 Loss: 0.296419
2026-08-19 18:11: Train Epoch 11: 1140/1641 Loss: 0.283398
2026-08-19 18:11: Train Epoch 11: 1160/1641 Loss: 0.290488
2026-08-19 18:11: Train Epoch 11: 1180/1641 Loss: 0.316183
2026-08-19 18:11: Train Epoch 11: 1200/1641 Loss: 0.300454
2026-08-19 18:11: Train Epoch 11: 1220/1641 Loss: 0.275182
2026-08-19 18:11: Train Epoch 11: 1240/1641 Loss: 0.305042
2026-08-19 18:12: Train Epoch 11: 1260/1641 Loss: 0.286804
2026-08-19 18:12: Train Epoch 11: 1280/1641 Loss: 0.286869
2026-08-19 18:12: Train Epoch 11: 1300/1641 Loss: 0.279696
2026-08-19 18:12: Train Epoch 11: 1320/1641 Loss: 0.298599
2026-08-19 18:12: Train Epoch 11: 1340/1641 Loss: 0.310531
2026-08-19 18:12: Train Epoch 11: 1360/1641 Loss: 0.304568
2026-08-19 18:12: Train Epoch 11: 1380/1641 Loss: 0.309451
2026-08-19 18:12: Train Epoch 11: 1400/1641 Loss: 0.281806
2026-08-19 18:12: Train Epoch 11: 1420/1641 Loss: 0.307887
2026-08-19 18:12: Train Epoch 11: 1440/1641 Loss: 0.313801
2026-08-19 18:12: Train Epoch 11: 1460/1641 Loss: 0.286967
2026-08-19 18:12: Train Epoch 11: 1480/1641 Loss: 0.288267
2026-08-19 18:12: Train Epoch 11: 1500/1641 Loss: 0.276785
2026-08-19 18:12: Train Epoch 11: 1520/1641 Loss: 0.274241
2026-08-19 18:12: Train Epoch 11: 1540/1641 Loss: 0.299315
2026-08-19 18:12: Train Epoch 11: 1560/1641 Loss: 0.272588
2026-08-19 18:12: Train Epoch 11: 1580/1641 Loss: 0.294972
2026-08-19 18:12: Train Epoch 11: 1600/1641 Loss: 0.296284
2026-08-19 18:12: Train Epoch 11: 1620/1641 Loss: 0.270258
2026-08-19 18:12: Train Epoch 11: 1640/1641 Loss: 0.291450
2026-08-19 18:12: **********Train Epoch 11: averaged Loss: 0.293855, tf_ratio: 0.194020
2026-08-19 18:13: **********Val Epoch 11: average Loss: 0.312248
2026-08-19 18:13: *********************************Current best model saved!
2026-08-19 18:13: Train Epoch 12: 0/1641 Loss: 0.295218
2026-08-19 18:13: Train Epoch 12: 20/1641 Loss: 0.288408
2026-08-19 18:13: Train Epoch 12: 40/1641 Loss: 0.268201
2026-08-19 18:13: Train Epoch 12: 60/1641 Loss: 0.286972
2026-08-19 18:13: Train Epoch 12: 80/1641 Loss: 0.266126
2026-08-19 18:13: Train Epoch 12: 100/1641 Loss: 0.280480
2026-08-19 18:13: Train Epoch 12: 120/1641 Loss: 0.288957
2026-08-19 18:13: Train Epoch 12: 140/1641 Loss: 0.280818
2026-08-19 18:13: Train Epoch 12: 160/1641 Loss: 0.308628
2026-08-19 18:13: Train Epoch 12: 180/1641 Loss: 0.262687
2026-08-19 18:13: Train Epoch 12: 200/1641 Loss: 0.287013
2026-08-19 18:13: Train Epoch 12: 220/1641 Loss: 0.294067
2026-08-19 18:13: Train Epoch 12: 240/1641 Loss: 0.279049
2026-08-19 18:13: Train Epoch 12: 260/1641 Loss: 0.303444
2026-08-19 18:13: Train Epoch 12: 280/1641 Loss: 0.287741
2026-08-19 18:14: Train Epoch 12: 300/1641 Loss: 0.283179
2026-08-19 18:14: Train Epoch 12: 320/1641 Loss: 0.294659
2026-08-19 18:14: Train Epoch 12: 340/1641 Loss: 0.311797
2026-08-19 18:14: Train Epoch 12: 360/1641 Loss: 0.298159
2026-08-19 18:14: Train Epoch 12: 380/1641 Loss: 0.284617
2026-08-19 18:14: Train Epoch 12: 400/1641 Loss: 0.289897
2026-08-19 18:14: Train Epoch 12: 420/1641 Loss: 0.275747
2026-08-19 18:14: Train Epoch 12: 440/1641 Loss: 0.292958
2026-08-19 18:14: Train Epoch 12: 460/1641 Loss: 0.288014
2026-08-19 18:14: Train Epoch 12: 480/1641 Loss: 0.272376
2026-08-19 18:14: Train Epoch 12: 500/1641 Loss: 0.278806
2026-08-19 18:14: Train Epoch 12: 520/1641 Loss: 0.294056
2026-08-19 18:14: Train Epoch 12: 540/1641 Loss: 0.267904
2026-08-19 18:14: Train Epoch 12: 560/1641 Loss: 0.294391
2026-08-19 18:14: Train Epoch 12: 580/1641 Loss: 0.278894
2026-08-19 18:14: Train Epoch 12: 600/1641 Loss: 0.300418
2026-08-19 18:14: Train Epoch 12: 620/1641 Loss: 0.285076
2026-08-19 18:14: Train Epoch 12: 640/1641 Loss: 0.279866
2026-08-19 18:14: Train Epoch 12: 660/1641 Loss: 0.265245
2026-08-19 18:14: Train Epoch 12: 680/1641 Loss: 0.297422
2026-08-19 18:14: Train Epoch 12: 700/1641 Loss: 0.289326
2026-08-19 18:14: Train Epoch 12: 720/1641 Loss: 0.299310
2026-08-19 18:15: Train Epoch 12: 740/1641 Loss: 0.267954
2026-08-19 18:15: Train Epoch 12: 760/1641 Loss: 0.284364
2026-08-19 18:15: Train Epoch 12: 780/1641 Loss: 0.254479
2026-08-19 18:15: Train Epoch 12: 800/1641 Loss: 0.276811
2026-08-19 18:15: Train Epoch 12: 820/1641 Loss: 0.285429
2026-08-19 18:15: Train Epoch 12: 840/1641 Loss: 0.284856
2026-08-19 18:15: Train Epoch 12: 860/1641 Loss: 0.285358
2026-08-19 18:15: Train Epoch 12: 880/1641 Loss: 0.300077
2026-08-19 18:15: Train Epoch 12: 900/1641 Loss: 0.284928
2026-08-19 18:15: Train Epoch 12: 920/1641 Loss: 0.296413
2026-08-19 18:15: Train Epoch 12: 940/1641 Loss: 0.301239
2026-08-19 18:15: Train Epoch 12: 960/1641 Loss: 0.325152
2026-08-19 18:15: Train Epoch 12: 980/1641 Loss: 0.302010
2026-08-19 18:15: Train Epoch 12: 1000/1641 Loss: 0.289627
2026-08-19 18:15: Train Epoch 12: 1020/1641 Loss: 0.290817
2026-08-19 18:15: Train Epoch 12: 1040/1641 Loss: 0.270314
2026-08-19 18:15: Train Epoch 12: 1060/1641 Loss: 0.291074
2026-08-19 18:15: Train Epoch 12: 1080/1641 Loss: 0.275592
2026-08-19 18:15: Train Epoch 12: 1100/1641 Loss: 0.300740
2026-08-19 18:15: Train Epoch 12: 1120/1641 Loss: 0.295609
2026-08-19 18:15: Train Epoch 12: 1140/1641 Loss: 0.281452
2026-08-19 18:16: Train Epoch 12: 1160/1641 Loss: 0.295218
2026-08-19 18:16: Train Epoch 12: 1180/1641 Loss: 0.290701
2026-08-19 18:16: Train Epoch 12: 1200/1641 Loss: 0.271462
2026-08-19 18:16: Train Epoch 12: 1220/1641 Loss: 0.292462
2026-08-19 18:16: Train Epoch 12: 1240/1641 Loss: 0.292822
2026-08-19 18:16: Train Epoch 12: 1260/1641 Loss: 0.266867
2026-08-19 18:16: Train Epoch 12: 1280/1641 Loss: 0.285395
2026-08-19 18:16: Train Epoch 12: 1300/1641 Loss: 0.296031
2026-08-19 18:16: Train Epoch 12: 1320/1641 Loss: 0.272852
2026-08-19 18:16: Train Epoch 12: 1340/1641 Loss: 0.304908
2026-08-19 18:16: Train Epoch 12: 1360/1641 Loss: 0.280049
2026-08-19 18:16: Train Epoch 12: 1380/1641 Loss: 0.277534
2026-08-19 18:16: Train Epoch 12: 1400/1641 Loss: 0.327802
2026-08-19 18:16: Train Epoch 12: 1420/1641 Loss: 0.299211
2026-08-19 18:16: Train Epoch 12: 1440/1641 Loss: 0.284140
2026-08-19 18:16: Train Epoch 12: 1460/1641 Loss: 0.274208
2026-08-19 18:16: Train Epoch 12: 1480/1641 Loss: 0.274691
2026-08-19 18:16: Train Epoch 12: 1500/1641 Loss: 0.283235
2026-08-19 18:16: Train Epoch 12: 1520/1641 Loss: 0.293388
2026-08-19 18:16: Train Epoch 12: 1540/1641 Loss: 0.288762
2026-08-19 18:16: Train Epoch 12: 1560/1641 Loss: 0.277943
2026-08-19 18:17: Train Epoch 12: 1580/1641 Loss: 0.270327
2026-08-19 18:17: Train Epoch 12: 1600/1641 Loss: 0.273748
2026-08-19 18:17: Train Epoch 12: 1620/1641 Loss: 0.273535
2026-08-19 18:17: Train Epoch 12: 1640/1641 Loss: 0.262663
2026-08-19 18:17: **********Train Epoch 12: averaged Loss: 0.289263, tf_ratio: 0.095816
2026-08-19 18:17: **********Val Epoch 12: average Loss: 0.312806
2026-08-19 18:17: Train Epoch 13: 0/1641 Loss: 0.265316
2026-08-19 18:17: Train Epoch 13: 20/1641 Loss: 0.287802
2026-08-19 18:17: Train Epoch 13: 40/1641 Loss: 0.271066
2026-08-19 18:17: Train Epoch 13: 60/1641 Loss: 0.279904
2026-08-19 18:17: Train Epoch 13: 80/1641 Loss: 0.276496
2026-08-19 18:17: Train Epoch 13: 100/1641 Loss: 0.295095
2026-08-19 18:17: Train Epoch 13: 120/1641 Loss: 0.277999
2026-08-19 18:17: Train Epoch 13: 140/1641 Loss: 0.270662
2026-08-19 18:17: Train Epoch 13: 160/1641 Loss: 0.299546
2026-08-19 18:17: Train Epoch 13: 180/1641 Loss: 0.292822
2026-08-19 18:17: Train Epoch 13: 200/1641 Loss: 0.277646
2026-08-19 18:18: Train Epoch 13: 220/1641 Loss: 0.286713
2026-08-19 18:18: Train Epoch 13: 240/1641 Loss: 0.292814
2026-08-19 18:18: Train Epoch 13: 260/1641 Loss: 0.274565
2026-08-19 18:18: Train Epoch 13: 280/1641 Loss: 0.304457
2026-08-19 18:18: Train Epoch 13: 300/1641 Loss: 0.300619
2026-08-19 18:18: Train Epoch 13: 320/1641 Loss: 0.277618
2026-08-19 18:18: Train Epoch 13: 340/1641 Loss: 0.275482
2026-08-19 18:18: Train Epoch 13: 360/1641 Loss: 0.272461
2026-08-19 18:18: Train Epoch 13: 380/1641 Loss: 0.281868
2026-08-19 18:18: Train Epoch 13: 400/1641 Loss: 0.317003
2026-08-19 18:18: Train Epoch 13: 420/1641 Loss: 0.285748
2026-08-19 18:18: Train Epoch 13: 440/1641 Loss: 0.283502
2026-08-19 18:18: Train Epoch 13: 460/1641 Loss: 0.280421
2026-08-19 18:18: Train Epoch 13: 480/1641 Loss: 0.295649
2026-08-19 18:18: Train Epoch 13: 500/1641 Loss: 0.291373
2026-08-19 18:18: Train Epoch 13: 520/1641 Loss: 0.289124
2026-08-19 18:18: Train Epoch 13: 540/1641 Loss: 0.286184
2026-08-19 18:18: Train Epoch 13: 560/1641 Loss: 0.280682
2026-08-19 18:18: Train Epoch 13: 580/1641 Loss: 0.272939
2026-08-19 18:18: Train Epoch 13: 600/1641 Loss: 0.282718
2026-08-19 18:18: Train Epoch 13: 620/1641 Loss: 0.284565
2026-08-19 18:19: Train Epoch 13: 640/1641 Loss: 0.287761
2026-08-19 18:19: Train Epoch 13: 660/1641 Loss: 0.292737
2026-08-19 18:19: Train Epoch 13: 680/1641 Loss: 0.295269
2026-08-19 18:19: Train Epoch 13: 700/1641 Loss: 0.292929
2026-08-19 18:19: Train Epoch 13: 720/1641 Loss: 0.287962
2026-08-19 18:19: Train Epoch 13: 740/1641 Loss: 0.283471
2026-08-19 18:19: Train Epoch 13: 760/1641 Loss: 0.309101
2026-08-19 18:19: Train Epoch 13: 780/1641 Loss: 0.292555
2026-08-19 18:19: Train Epoch 13: 800/1641 Loss: 0.249771
2026-08-19 18:19: Train Epoch 13: 820/1641 Loss: 0.277846
2026-08-19 18:19: Train Epoch 13: 840/1641 Loss: 0.294183
2026-08-19 18:19: Train Epoch 13: 860/1641 Loss: 0.298178
2026-08-19 18:19: Train Epoch 13: 880/1641 Loss: 0.274087
2026-08-19 18:19: Train Epoch 13: 900/1641 Loss: 0.289559
2026-08-19 18:19: Train Epoch 13: 920/1641 Loss: 0.286366
2026-08-19 18:19: Train Epoch 13: 940/1641 Loss: 0.284587
2026-08-19 18:19: Train Epoch 13: 960/1641 Loss: 0.300649
2026-08-19 18:19: Train Epoch 13: 980/1641 Loss: 0.306914
2026-08-19 18:19: Train Epoch 13: 1000/1641 Loss: 0.286651
2026-08-19 18:19: Train Epoch 13: 1020/1641 Loss: 0.285409
2026-08-19 18:19: Train Epoch 13: 1040/1641 Loss: 0.294880
2026-08-19 18:20: Train Epoch 13: 1060/1641 Loss: 0.282331
2026-08-19 18:20: Train Epoch 13: 1080/1641 Loss: 0.300628
2026-08-19 18:20: Train Epoch 13: 1100/1641 Loss: 0.292174
2026-08-19 18:20: Train Epoch 13: 1120/1641 Loss: 0.286069
2026-08-19 18:20: Train Epoch 13: 1140/1641 Loss: 0.287095
2026-08-19 18:20: Train Epoch 13: 1160/1641 Loss: 0.272579
2026-08-19 18:20: Train Epoch 13: 1180/1641 Loss: 0.268781
2026-08-19 18:20: Train Epoch 13: 1200/1641 Loss: 0.275325
2026-08-19 18:20: Train Epoch 13: 1220/1641 Loss: 0.283448
2026-08-19 18:20: Train Epoch 13: 1240/1641 Loss: 0.268387
2026-08-19 18:20: Train Epoch 13: 1260/1641 Loss: 0.305403
2026-08-19 18:20: Train Epoch 13: 1280/1641 Loss: 0.312160
2026-08-19 18:20: Train Epoch 13: 1300/1641 Loss: 0.301703
2026-08-19 18:20: Train Epoch 13: 1320/1641 Loss: 0.286809
2026-08-19 18:20: Train Epoch 13: 1340/1641 Loss: 0.265055
2026-08-19 18:20: Train Epoch 13: 1360/1641 Loss: 0.282347
2026-08-19 18:20: Train Epoch 13: 1380/1641 Loss: 0.276329
2026-08-19 18:20: Train Epoch 13: 1400/1641 Loss: 0.288223
2026-08-19 18:20: Train Epoch 13: 1420/1641 Loss: 0.283707
2026-08-19 18:20: Train Epoch 13: 1440/1641 Loss: 0.260345
2026-08-19 18:20: Train Epoch 13: 1460/1641 Loss: 0.295883
2026-08-19 18:21: Train Epoch 13: 1480/1641 Loss: 0.297023
2026-08-19 18:21: Train Epoch 13: 1500/1641 Loss: 0.274062
2026-08-19 18:21: Train Epoch 13: 1520/1641 Loss: 0.281120
2026-08-19 18:21: Train Epoch 13: 1540/1641 Loss: 0.256880
2026-08-19 18:21: Train Epoch 13: 1560/1641 Loss: 0.293033
2026-08-19 18:21: Train Epoch 13: 1580/1641 Loss: 0.291127
2026-08-19 18:21: Train Epoch 13: 1600/1641 Loss: 0.276890
2026-08-19 18:21: Train Epoch 13: 1620/1641 Loss: 0.281749
2026-08-19 18:21: Train Epoch 13: 1640/1641 Loss: 0.284324
2026-08-19 18:21: **********Train Epoch 13: averaged Loss: 0.285001, tf_ratio: 0.044570
2026-08-19 18:21: **********Val Epoch 13: average Loss: 0.313230
2026-08-19 18:21: Train Epoch 14: 0/1641 Loss: 0.284936
2026-08-19 18:21: Train Epoch 14: 20/1641 Loss: 0.300176
2026-08-19 18:21: Train Epoch 14: 40/1641 Loss: 0.292464
2026-08-19 18:21: Train Epoch 14: 60/1641 Loss: 0.286685
2026-08-19 18:21: Train Epoch 14: 80/1641 Loss: 0.275607
2026-08-19 18:22: Train Epoch 14: 100/1641 Loss: 0.276955
2026-08-19 18:22: Train Epoch 14: 120/1641 Loss: 0.267143
2026-08-19 18:22: Train Epoch 14: 140/1641 Loss: 0.282001
2026-08-19 18:22: Train Epoch 14: 160/1641 Loss: 0.277269
2026-08-19 18:22: Train Epoch 14: 180/1641 Loss: 0.290475
2026-08-19 18:22: Train Epoch 14: 200/1641 Loss: 0.270226
2026-08-19 18:22: Train Epoch 14: 220/1641 Loss: 0.307953
2026-08-19 18:22: Train Epoch 14: 240/1641 Loss: 0.291114
2026-08-19 18:22: Train Epoch 14: 260/1641 Loss: 0.278715
2026-08-19 18:22: Train Epoch 14: 280/1641 Loss: 0.300966
2026-08-19 18:22: Train Epoch 14: 300/1641 Loss: 0.290192
2026-08-19 18:22: Train Epoch 14: 320/1641 Loss: 0.274795
2026-08-19 18:22: Train Epoch 14: 340/1641 Loss: 0.273159
2026-08-19 18:22: Train Epoch 14: 360/1641 Loss: 0.277781
2026-08-19 18:22: Train Epoch 14: 380/1641 Loss: 0.276911
2026-08-19 18:22: Train Epoch 14: 400/1641 Loss: 0.264577
2026-08-19 18:22: Train Epoch 14: 420/1641 Loss: 0.292891
2026-08-19 18:22: Train Epoch 14: 440/1641 Loss: 0.291504
2026-08-19 18:22: Train Epoch 14: 460/1641 Loss: 0.305256
2026-08-19 18:22: Train Epoch 14: 480/1641 Loss: 0.284768
2026-08-19 18:22: Train Epoch 14: 500/1641 Loss: 0.301508
2026-08-19 18:23: Train Epoch 14: 520/1641 Loss: 0.261469
2026-08-19 18:23: Train Epoch 14: 540/1641 Loss: 0.299386
2026-08-19 18:23: Train Epoch 14: 560/1641 Loss: 0.281506
2026-08-19 18:23: Train Epoch 14: 580/1641 Loss: 0.283687
2026-08-19 18:23: Train Epoch 14: 600/1641 Loss: 0.283538
2026-08-19 18:23: Train Epoch 14: 620/1641 Loss: 0.280670
2026-08-19 18:23: Train Epoch 14: 640/1641 Loss: 0.289556
2026-08-19 18:23: Train Epoch 14: 660/1641 Loss: 0.271193
2026-08-19 18:23: Train Epoch 14: 680/1641 Loss: 0.273660
2026-08-19 18:23: Train Epoch 14: 700/1641 Loss: 0.279401
2026-08-19 18:23: Train Epoch 14: 720/1641 Loss: 0.287424
2026-08-19 18:23: Train Epoch 14: 740/1641 Loss: 0.287999
2026-08-19 18:23: Train Epoch 14: 760/1641 Loss: 0.281633
2026-08-19 18:23: Train Epoch 14: 780/1641 Loss: 0.290647
2026-08-19 18:23: Train Epoch 14: 800/1641 Loss: 0.282870
2026-08-19 18:23: Train Epoch 14: 820/1641 Loss: 0.294435
2026-08-19 18:23: Train Epoch 14: 840/1641 Loss: 0.274229
2026-08-19 18:23: Train Epoch 14: 860/1641 Loss: 0.307693
2026-08-19 18:23: Train Epoch 14: 880/1641 Loss: 0.292265
2026-08-19 18:23: Train Epoch 14: 900/1641 Loss: 0.273514
2026-08-19 18:23: Train Epoch 14: 920/1641 Loss: 0.279534
2026-08-19 18:24: Train Epoch 14: 940/1641 Loss: 0.276126
2026-08-19 18:24: Train Epoch 14: 960/1641 Loss: 0.289171
2026-08-19 18:24: Train Epoch 14: 980/1641 Loss: 0.266618
2026-08-19 18:24: Train Epoch 14: 1000/1641 Loss: 0.282327
2026-08-19 18:24: Train Epoch 14: 1020/1641 Loss: 0.268984
2026-08-19 18:24: Train Epoch 14: 1040/1641 Loss: 0.282250
2026-08-19 18:24: Train Epoch 14: 1060/1641 Loss: 0.271462
2026-08-19 18:24: Train Epoch 14: 1080/1641 Loss: 0.279884
2026-08-19 18:24: Train Epoch 14: 1100/1641 Loss: 0.276890
2026-08-19 18:24: Train Epoch 14: 1120/1641 Loss: 0.259038
2026-08-19 18:24: Train Epoch 14: 1140/1641 Loss: 0.278608
2026-08-19 18:24: Train Epoch 14: 1160/1641 Loss: 0.307125
2026-08-19 18:24: Train Epoch 14: 1180/1641 Loss: 0.268250
2026-08-19 18:24: Train Epoch 14: 1200/1641 Loss: 0.280090
2026-08-19 18:24: Train Epoch 14: 1220/1641 Loss: 0.268693
2026-08-19 18:24: Train Epoch 14: 1240/1641 Loss: 0.274677
2026-08-19 18:24: Train Epoch 14: 1260/1641 Loss: 0.292958
2026-08-19 18:24: Train Epoch 14: 1280/1641 Loss: 0.275488
2026-08-19 18:24: Train Epoch 14: 1300/1641 Loss: 0.299408
2026-08-19 18:24: Train Epoch 14: 1320/1641 Loss: 0.256913
2026-08-19 18:24: Train Epoch 14: 1340/1641 Loss: 0.261928
2026-08-19 18:25: Train Epoch 14: 1360/1641 Loss: 0.263775
2026-08-19 18:25: Train Epoch 14: 1380/1641 Loss: 0.293934
2026-08-19 18:25: Train Epoch 14: 1400/1641 Loss: 0.269474
2026-08-19 18:25: Train Epoch 14: 1420/1641 Loss: 0.281165
2026-08-19 18:25: Train Epoch 14: 1440/1641 Loss: 0.289405
2026-08-19 18:25: Train Epoch 14: 1460/1641 Loss: 0.266154
2026-08-19 18:25: Train Epoch 14: 1480/1641 Loss: 0.290073
2026-08-19 18:25: Train Epoch 14: 1500/1641 Loss: 0.284217
2026-08-19 18:25: Train Epoch 14: 1520/1641 Loss: 0.276041
2026-08-19 18:25: Train Epoch 14: 1540/1641 Loss: 0.298348
2026-08-19 18:25: Train Epoch 14: 1560/1641 Loss: 0.275997
2026-08-19 18:25: Train Epoch 14: 1580/1641 Loss: 0.301026
2026-08-19 18:25: Train Epoch 14: 1600/1641 Loss: 0.261960
2026-08-19 18:25: Train Epoch 14: 1620/1641 Loss: 0.274679
2026-08-19 18:25: Train Epoch 14: 1640/1641 Loss: 0.258610
2026-08-19 18:25: **********Train Epoch 14: averaged Loss: 0.280411, tf_ratio: 0.020122
2026-08-19 18:26: **********Val Epoch 14: average Loss: 0.317873
2026-08-19 18:26: Train Epoch 15: 0/1641 Loss: 0.263821
2026-08-19 18:26: Train Epoch 15: 20/1641 Loss: 0.276271
2026-08-19 18:26: Train Epoch 15: 40/1641 Loss: 0.283372
2026-08-19 18:26: Train Epoch 15: 60/1641 Loss: 0.293257
2026-08-19 18:26: Train Epoch 15: 80/1641 Loss: 0.274375
2026-08-19 18:26: Train Epoch 15: 100/1641 Loss: 0.266408
2026-08-19 18:26: Train Epoch 15: 120/1641 Loss: 0.280305
2026-08-19 18:26: Train Epoch 15: 140/1641 Loss: 0.294427
2026-08-19 18:26: Train Epoch 15: 160/1641 Loss: 0.260100
2026-08-19 18:26: Train Epoch 15: 180/1641 Loss: 0.268266
2026-08-19 18:26: Train Epoch 15: 200/1641 Loss: 0.303800
2026-08-19 18:26: Train Epoch 15: 220/1641 Loss: 0.266164
2026-08-19 18:26: Train Epoch 15: 240/1641 Loss: 0.261137
2026-08-19 18:26: Train Epoch 15: 260/1641 Loss: 0.275841
2026-08-19 18:26: Train Epoch 15: 280/1641 Loss: 0.292011
2026-08-19 18:26: Train Epoch 15: 300/1641 Loss: 0.278312
2026-08-19 18:26: Train Epoch 15: 320/1641 Loss: 0.288432
2026-08-19 18:26: Train Epoch 15: 340/1641 Loss: 0.286772
2026-08-19 18:26: Train Epoch 15: 360/1641 Loss: 0.272615
2026-08-19 18:26: Train Epoch 15: 380/1641 Loss: 0.276649
2026-08-19 18:27: Train Epoch 15: 400/1641 Loss: 0.272314
2026-08-19 18:27: Train Epoch 15: 420/1641 Loss: 0.273983
2026-08-19 18:27: Train Epoch 15: 440/1641 Loss: 0.285932
2026-08-19 18:27: Train Epoch 15: 460/1641 Loss: 0.274074
2026-08-19 18:27: Train Epoch 15: 480/1641 Loss: 0.284385
2026-08-19 18:27: Train Epoch 15: 500/1641 Loss: 0.269365
2026-08-19 18:27: Train Epoch 15: 520/1641 Loss: 0.266849
2026-08-19 18:27: Train Epoch 15: 540/1641 Loss: 0.290993
2026-08-19 18:27: Train Epoch 15: 560/1641 Loss: 0.280961
2026-08-19 18:27: Train Epoch 15: 580/1641 Loss: 0.278549
2026-08-19 18:27: Train Epoch 15: 600/1641 Loss: 0.274580
2026-08-19 18:27: Train Epoch 15: 620/1641 Loss: 0.283457
2026-08-19 18:27: Train Epoch 15: 640/1641 Loss: 0.259505
2026-08-19 18:27: Train Epoch 15: 660/1641 Loss: 0.281044
2026-08-19 18:27: Train Epoch 15: 680/1641 Loss: 0.294824
2026-08-19 18:27: Train Epoch 15: 700/1641 Loss: 0.293259
2026-08-19 18:27: Train Epoch 15: 720/1641 Loss: 0.274377
2026-08-19 18:27: Train Epoch 15: 740/1641 Loss: 0.281638
2026-08-19 18:27: Train Epoch 15: 760/1641 Loss: 0.278542
2026-08-19 18:27: Train Epoch 15: 780/1641 Loss: 0.272201
2026-08-19 18:27: Train Epoch 15: 800/1641 Loss: 0.259833
2026-08-19 18:28: Train Epoch 15: 820/1641 Loss: 0.281560
2026-08-19 18:28: Train Epoch 15: 840/1641 Loss: 0.266530
2026-08-19 18:28: Train Epoch 15: 860/1641 Loss: 0.287358
2026-08-19 18:28: Train Epoch 15: 880/1641 Loss: 0.275117
2026-08-19 18:28: Train Epoch 15: 900/1641 Loss: 0.270860
2026-08-19 18:28: Train Epoch 15: 920/1641 Loss: 0.263593
2026-08-19 18:28: Train Epoch 15: 940/1641 Loss: 0.281668
2026-08-19 18:28: Train Epoch 15: 960/1641 Loss: 0.243605
2026-08-19 18:28: Train Epoch 15: 980/1641 Loss: 0.271549
2026-08-19 18:28: Train Epoch 15: 1000/1641 Loss: 0.284671
2026-08-19 18:28: Train Epoch 15: 1020/1641 Loss: 0.283719
2026-08-19 18:28: Train Epoch 15: 1040/1641 Loss: 0.268208
2026-08-19 18:28: Train Epoch 15: 1060/1641 Loss: 0.246071
2026-08-19 18:28: Train Epoch 15: 1080/1641 Loss: 0.283829
2026-08-19 18:28: Train Epoch 15: 1100/1641 Loss: 0.272591
2026-08-19 18:28: Train Epoch 15: 1120/1641 Loss: 0.255997
2026-08-19 18:28: Train Epoch 15: 1140/1641 Loss: 0.272412
2026-08-19 18:28: Train Epoch 15: 1160/1641 Loss: 0.278609
2026-08-19 18:28: Train Epoch 15: 1180/1641 Loss: 0.285288
2026-08-19 18:28: Train Epoch 15: 1200/1641 Loss: 0.268948
2026-08-19 18:28: Train Epoch 15: 1220/1641 Loss: 0.279970
2026-08-19 18:28: Train Epoch 15: 1240/1641 Loss: 0.253213
2026-08-19 18:29: Train Epoch 15: 1260/1641 Loss: 0.274786
2026-08-19 18:29: Train Epoch 15: 1280/1641 Loss: 0.253797
2026-08-19 18:29: Train Epoch 15: 1300/1641 Loss: 0.288170
2026-08-19 18:29: Train Epoch 15: 1320/1641 Loss: 0.289418
2026-08-19 18:29: Train Epoch 15: 1340/1641 Loss: 0.280295
2026-08-19 18:29: Train Epoch 15: 1360/1641 Loss: 0.310202
2026-08-19 18:29: Train Epoch 15: 1380/1641 Loss: 0.277367
2026-08-19 18:29: Train Epoch 15: 1400/1641 Loss: 0.287387
2026-08-19 18:29: Train Epoch 15: 1420/1641 Loss: 0.279812
2026-08-19 18:29: Train Epoch 15: 1440/1641 Loss: 0.257808
2026-08-19 18:29: Train Epoch 15: 1460/1641 Loss: 0.277003
2026-08-19 18:29: Train Epoch 15: 1480/1641 Loss: 0.257983
2026-08-19 18:29: Train Epoch 15: 1500/1641 Loss: 0.258326
2026-08-19 18:29: Train Epoch 15: 1520/1641 Loss: 0.265454
2026-08-19 18:29: Train Epoch 15: 1540/1641 Loss: 0.266955
2026-08-19 18:29: Train Epoch 15: 1560/1641 Loss: 0.276464
2026-08-19 18:29: Train Epoch 15: 1580/1641 Loss: 0.276934
2026-08-19 18:29: Train Epoch 15: 1600/1641 Loss: 0.275194
2026-08-19 18:29: Train Epoch 15: 1620/1641 Loss: 0.265215
2026-08-19 18:29: Train Epoch 15: 1640/1641 Loss: 0.288218
2026-08-19 18:29: **********Train Epoch 15: averaged Loss: 0.275938, tf_ratio: 0.008959
2026-08-19 18:30: **********Val Epoch 15: average Loss: 0.317615
2026-08-19 18:30: Train Epoch 16: 0/1641 Loss: 0.264807
2026-08-19 18:30: Train Epoch 16: 20/1641 Loss: 0.267990
2026-08-19 18:30: Train Epoch 16: 40/1641 Loss: 0.260909
2026-08-19 18:30: Train Epoch 16: 60/1641 Loss: 0.277129
2026-08-19 18:30: Train Epoch 16: 80/1641 Loss: 0.277892
2026-08-19 18:30: Train Epoch 16: 100/1641 Loss: 0.280206
2026-08-19 18:30: Train Epoch 16: 120/1641 Loss: 0.273874
2026-08-19 18:30: Train Epoch 16: 140/1641 Loss: 0.281462
2026-08-19 18:30: Train Epoch 16: 160/1641 Loss: 0.284205
2026-08-19 18:30: Train Epoch 16: 180/1641 Loss: 0.260786
2026-08-19 18:30: Train Epoch 16: 200/1641 Loss: 0.258548
2026-08-19 18:30: Train Epoch 16: 220/1641 Loss: 0.272650
2026-08-19 18:30: Train Epoch 16: 240/1641 Loss: 0.285218
2026-08-19 18:30: Train Epoch 16: 260/1641 Loss: 0.280485
2026-08-19 18:30: Train Epoch 16: 280/1641 Loss: 0.264943
2026-08-19 18:30: Train Epoch 16: 300/1641 Loss: 0.262648
2026-08-19 18:31: Train Epoch 16: 320/1641 Loss: 0.288693
2026-08-19 18:31: Train Epoch 16: 340/1641 Loss: 0.262748
2026-08-19 18:31: Train Epoch 16: 360/1641 Loss: 0.265520
2026-08-19 18:31: Train Epoch 16: 380/1641 Loss: 0.282003
2026-08-19 18:31: Train Epoch 16: 400/1641 Loss: 0.248376
2026-08-19 18:31: Train Epoch 16: 420/1641 Loss: 0.269742
2026-08-19 18:31: Train Epoch 16: 440/1641 Loss: 0.274835
2026-08-19 18:31: Train Epoch 16: 460/1641 Loss: 0.274002
2026-08-19 18:31: Train Epoch 16: 480/1641 Loss: 0.264325
2026-08-19 18:31: Train Epoch 16: 500/1641 Loss: 0.289969
2026-08-19 18:31: Train Epoch 16: 520/1641 Loss: 0.253356
2026-08-19 18:31: Train Epoch 16: 540/1641 Loss: 0.274514
2026-08-19 18:31: Train Epoch 16: 560/1641 Loss: 0.288887
2026-08-19 18:31: Train Epoch 16: 580/1641 Loss: 0.257334
2026-08-19 18:31: Train Epoch 16: 600/1641 Loss: 0.255174
2026-08-19 18:31: Train Epoch 16: 620/1641 Loss: 0.272802
2026-08-19 18:31: Train Epoch 16: 640/1641 Loss: 0.281646
2026-08-19 18:31: Train Epoch 16: 660/1641 Loss: 0.287555
2026-08-19 18:31: Train Epoch 16: 680/1641 Loss: 0.245550
2026-08-19 18:31: Train Epoch 16: 700/1641 Loss: 0.279740
2026-08-19 18:31: Train Epoch 16: 720/1641 Loss: 0.277481
2026-08-19 18:32: Train Epoch 16: 740/1641 Loss: 0.270626
2026-08-19 18:32: Train Epoch 16: 760/1641 Loss: 0.273769
2026-08-19 18:32: Train Epoch 16: 780/1641 Loss: 0.264230
2026-08-19 18:32: Train Epoch 16: 800/1641 Loss: 0.270138
2026-08-19 18:32: Train Epoch 16: 820/1641 Loss: 0.278577
2026-08-19 18:32: Train Epoch 16: 840/1641 Loss: 0.271790
2026-08-19 18:32: Train Epoch 16: 860/1641 Loss: 0.283732
2026-08-19 18:32: Train Epoch 16: 880/1641 Loss: 0.265343
2026-08-19 18:32: Train Epoch 16: 900/1641 Loss: 0.288269
2026-08-19 18:32: Train Epoch 16: 920/1641 Loss: 0.288841
2026-08-19 18:32: Train Epoch 16: 940/1641 Loss: 0.279727
2026-08-19 18:32: Train Epoch 16: 960/1641 Loss: 0.272815
2026-08-19 18:32: Train Epoch 16: 980/1641 Loss: 0.262741
2026-08-19 18:32: Train Epoch 16: 1000/1641 Loss: 0.273769
2026-08-19 18:32: Train Epoch 16: 1020/1641 Loss: 0.273752
2026-08-19 18:32: Train Epoch 16: 1040/1641 Loss: 0.273682
2026-08-19 18:32: Train Epoch 16: 1060/1641 Loss: 0.268017
2026-08-19 18:32: Train Epoch 16: 1080/1641 Loss: 0.271085
2026-08-19 18:32: Train Epoch 16: 1100/1641 Loss: 0.274726
2026-08-19 18:32: Train Epoch 16: 1120/1641 Loss: 0.276697
2026-08-19 18:32: Train Epoch 16: 1140/1641 Loss: 0.294701
2026-08-19 18:33: Train Epoch 16: 1160/1641 Loss: 0.262658
2026-08-19 18:33: Train Epoch 16: 1180/1641 Loss: 0.267767
2026-08-19 18:33: Train Epoch 16: 1200/1641 Loss: 0.267602
2026-08-19 18:33: Train Epoch 16: 1220/1641 Loss: 0.281983
2026-08-19 18:33: Train Epoch 16: 1240/1641 Loss: 0.279747
2026-08-19 18:33: Train Epoch 16: 1260/1641 Loss: 0.269469
2026-08-19 18:33: Train Epoch 16: 1280/1641 Loss: 0.277604
2026-08-19 18:33: Train Epoch 16: 1300/1641 Loss: 0.281200
2026-08-19 18:33: Train Epoch 16: 1320/1641 Loss: 0.281431
2026-08-19 18:33: Train Epoch 16: 1340/1641 Loss: 0.273878
2026-08-19 18:33: Train Epoch 16: 1360/1641 Loss: 0.257048
2026-08-19 18:33: Train Epoch 16: 1380/1641 Loss: 0.274994
2026-08-19 18:33: Train Epoch 16: 1400/1641 Loss: 0.273502
2026-08-19 18:33: Train Epoch 16: 1420/1641 Loss: 0.274054
2026-08-19 18:33: Train Epoch 16: 1440/1641 Loss: 0.252051
2026-08-19 18:33: Train Epoch 16: 1460/1641 Loss: 0.265546
2026-08-19 18:33: Train Epoch 16: 1480/1641 Loss: 0.301845
2026-08-19 18:33: Train Epoch 16: 1500/1641 Loss: 0.269347
2026-08-19 18:33: Train Epoch 16: 1520/1641 Loss: 0.283094
2026-08-19 18:33: Train Epoch 16: 1540/1641 Loss: 0.280009
2026-08-19 18:33: Train Epoch 16: 1560/1641 Loss: 0.297199
2026-08-19 18:34: Train Epoch 16: 1580/1641 Loss: 0.273230
2026-08-19 18:34: Train Epoch 16: 1600/1641 Loss: 0.266324
2026-08-19 18:34: Train Epoch 16: 1620/1641 Loss: 0.291487
2026-08-19 18:34: Train Epoch 16: 1640/1641 Loss: 0.258939
2026-08-19 18:34: **********Train Epoch 16: averaged Loss: 0.271493, tf_ratio: 0.003964
2026-08-19 18:34: **********Val Epoch 16: average Loss: 0.320131
2026-08-19 18:34: Train Epoch 17: 0/1641 Loss: 0.267152
2026-08-19 18:34: Train Epoch 17: 20/1641 Loss: 0.265394
2026-08-19 18:34: Train Epoch 17: 40/1641 Loss: 0.292117
2026-08-19 18:34: Train Epoch 17: 60/1641 Loss: 0.264727
2026-08-19 18:34: Train Epoch 17: 80/1641 Loss: 0.266527
2026-08-19 18:34: Train Epoch 17: 100/1641 Loss: 0.276775
2026-08-19 18:34: Train Epoch 17: 120/1641 Loss: 0.253778
2026-08-19 18:34: Train Epoch 17: 140/1641 Loss: 0.278481
2026-08-19 18:34: Train Epoch 17: 160/1641 Loss: 0.254320
2026-08-19 18:34: Train Epoch 17: 180/1641 Loss: 0.273133
2026-08-19 18:35: Train Epoch 17: 200/1641 Loss: 0.257695
2026-08-19 18:35: Train Epoch 17: 220/1641 Loss: 0.267764
2026-08-19 18:35: Train Epoch 17: 240/1641 Loss: 0.245104
2026-08-19 18:35: Train Epoch 17: 260/1641 Loss: 0.277179
2026-08-19 18:35: Train Epoch 17: 280/1641 Loss: 0.266062
2026-08-19 18:35: Train Epoch 17: 300/1641 Loss: 0.261943
2026-08-19 18:35: Train Epoch 17: 320/1641 Loss: 0.271901
2026-08-19 18:35: Train Epoch 17: 340/1641 Loss: 0.256764
2026-08-19 18:35: Train Epoch 17: 360/1641 Loss: 0.267338
2026-08-19 18:35: Train Epoch 17: 380/1641 Loss: 0.261562
2026-08-19 18:35: Train Epoch 17: 400/1641 Loss: 0.288980
2026-08-19 18:35: Train Epoch 17: 420/1641 Loss: 0.274698
2026-08-19 18:35: Train Epoch 17: 440/1641 Loss: 0.277691
2026-08-19 18:35: Train Epoch 17: 460/1641 Loss: 0.254601
2026-08-19 18:35: Train Epoch 17: 480/1641 Loss: 0.257190
2026-08-19 18:35: Train Epoch 17: 500/1641 Loss: 0.265242
2026-08-19 18:35: Train Epoch 17: 520/1641 Loss: 0.256617
2026-08-19 18:35: Train Epoch 17: 540/1641 Loss: 0.276370
2026-08-19 18:35: Train Epoch 17: 560/1641 Loss: 0.274507
2026-08-19 18:35: Train Epoch 17: 580/1641 Loss: 0.261077
2026-08-19 18:35: Train Epoch 17: 600/1641 Loss: 0.274892
2026-08-19 18:36: Train Epoch 17: 620/1641 Loss: 0.251997
2026-08-19 18:36: Train Epoch 17: 640/1641 Loss: 0.266676
2026-08-19 18:36: Train Epoch 17: 660/1641 Loss: 0.274139
2026-08-19 18:36: Train Epoch 17: 680/1641 Loss: 0.265756
2026-08-19 18:36: Train Epoch 17: 700/1641 Loss: 0.271469
2026-08-19 18:36: Train Epoch 17: 720/1641 Loss: 0.261213
2026-08-19 18:36: Train Epoch 17: 740/1641 Loss: 0.252730
2026-08-19 18:36: Train Epoch 17: 760/1641 Loss: 0.275885
2026-08-19 18:36: Train Epoch 17: 780/1641 Loss: 0.284916
2026-08-19 18:36: Train Epoch 17: 800/1641 Loss: 0.261360
2026-08-19 18:36: Train Epoch 17: 820/1641 Loss: 0.259960
2026-08-19 18:36: Train Epoch 17: 840/1641 Loss: 0.248021
2026-08-19 18:36: Train Epoch 17: 860/1641 Loss: 0.286943
2026-08-19 18:36: Train Epoch 17: 880/1641 Loss: 0.263298
2026-08-19 18:36: Train Epoch 17: 900/1641 Loss: 0.266423
2026-08-19 18:36: Train Epoch 17: 920/1641 Loss: 0.261197
2026-08-19 18:36: Train Epoch 17: 940/1641 Loss: 0.250502
2026-08-19 18:36: Train Epoch 17: 960/1641 Loss: 0.256860
2026-08-19 18:36: Train Epoch 17: 980/1641 Loss: 0.274659
2026-08-19 18:36: Train Epoch 17: 1000/1641 Loss: 0.271283
2026-08-19 18:36: Train Epoch 17: 1020/1641 Loss: 0.245571
2026-08-19 18:37: Train Epoch 17: 1040/1641 Loss: 0.249050
2026-08-19 18:37: Train Epoch 17: 1060/1641 Loss: 0.275117
2026-08-19 18:37: Train Epoch 17: 1080/1641 Loss: 0.280412
2026-08-19 18:37: Train Epoch 17: 1100/1641 Loss: 0.268258
2026-08-19 18:37: Train Epoch 17: 1120/1641 Loss: 0.253057
2026-08-19 18:37: Train Epoch 17: 1140/1641 Loss: 0.259196
2026-08-19 18:37: Train Epoch 17: 1160/1641 Loss: 0.275211
2026-08-19 18:37: Train Epoch 17: 1180/1641 Loss: 0.252616
2026-08-19 18:37: Train Epoch 17: 1200/1641 Loss: 0.270898
2026-08-19 18:37: Train Epoch 17: 1220/1641 Loss: 0.272094
2026-08-19 18:37: Train Epoch 17: 1240/1641 Loss: 0.255653
2026-08-19 18:37: Train Epoch 17: 1260/1641 Loss: 0.275268
2026-08-19 18:37: Train Epoch 17: 1280/1641 Loss: 0.259869
2026-08-19 18:37: Train Epoch 17: 1300/1641 Loss: 0.260633
2026-08-19 18:37: Train Epoch 17: 1320/1641 Loss: 0.264806
2026-08-19 18:37: Train Epoch 17: 1340/1641 Loss: 0.266543
2026-08-19 18:37: Train Epoch 17: 1360/1641 Loss: 0.257547
2026-08-19 18:37: Train Epoch 17: 1380/1641 Loss: 0.268546
2026-08-19 18:37: Train Epoch 17: 1400/1641 Loss: 0.264175
2026-08-19 18:37: Train Epoch 17: 1420/1641 Loss: 0.276658
2026-08-19 18:37: Train Epoch 17: 1440/1641 Loss: 0.262511
2026-08-19 18:38: Train Epoch 17: 1460/1641 Loss: 0.275096
2026-08-19 18:38: Train Epoch 17: 1480/1641 Loss: 0.274543
2026-08-19 18:38: Train Epoch 17: 1500/1641 Loss: 0.271378
2026-08-19 18:38: Train Epoch 17: 1520/1641 Loss: 0.262061
2026-08-19 18:38: Train Epoch 17: 1540/1641 Loss: 0.263698
2026-08-19 18:38: Train Epoch 17: 1560/1641 Loss: 0.269390
2026-08-19 18:38: Train Epoch 17: 1580/1641 Loss: 0.275482
2026-08-19 18:38: Train Epoch 17: 1600/1641 Loss: 0.262186
2026-08-19 18:38: Train Epoch 17: 1620/1641 Loss: 0.277028
2026-08-19 18:38: Train Epoch 17: 1640/1641 Loss: 0.277715
2026-08-19 18:38: **********Train Epoch 17: averaged Loss: 0.267422, tf_ratio: 0.001749
2026-08-19 18:38: **********Val Epoch 17: average Loss: 0.322953
2026-08-19 18:38: Train Epoch 18: 0/1641 Loss: 0.272862
2026-08-19 18:38: Train Epoch 18: 20/1641 Loss: 0.258160
2026-08-19 18:38: Train Epoch 18: 40/1641 Loss: 0.261428
2026-08-19 18:38: Train Epoch 18: 60/1641 Loss: 0.266023
2026-08-19 18:39: Train Epoch 18: 80/1641 Loss: 0.273516
2026-08-19 18:39: Train Epoch 18: 100/1641 Loss: 0.266417
2026-08-19 18:39: Train Epoch 18: 120/1641 Loss: 0.256975
2026-08-19 18:39: Train Epoch 18: 140/1641 Loss: 0.272288
2026-08-19 18:39: Train Epoch 18: 160/1641 Loss: 0.269009
2026-08-19 18:39: Train Epoch 18: 180/1641 Loss: 0.287173
2026-08-19 18:39: Train Epoch 18: 200/1641 Loss: 0.269238
2026-08-19 18:39: Train Epoch 18: 220/1641 Loss: 0.246423
2026-08-19 18:39: Train Epoch 18: 240/1641 Loss: 0.265613
2026-08-19 18:39: Train Epoch 18: 260/1641 Loss: 0.288962
2026-08-19 18:39: Train Epoch 18: 280/1641 Loss: 0.259100
2026-08-19 18:39: Train Epoch 18: 300/1641 Loss: 0.264864
2026-08-19 18:39: Train Epoch 18: 320/1641 Loss: 0.265064
2026-08-19 18:39: Train Epoch 18: 340/1641 Loss: 0.271910
2026-08-19 18:39: Train Epoch 18: 360/1641 Loss: 0.260284
2026-08-19 18:39: Train Epoch 18: 380/1641 Loss: 0.253969
2026-08-19 18:39: Train Epoch 18: 400/1641 Loss: 0.273589
2026-08-19 18:39: Train Epoch 18: 420/1641 Loss: 0.256338
2026-08-19 18:39: Train Epoch 18: 440/1641 Loss: 0.262952
2026-08-19 18:39: Train Epoch 18: 460/1641 Loss: 0.269966
2026-08-19 18:39: Train Epoch 18: 480/1641 Loss: 0.282863
2026-08-19 18:40: Train Epoch 18: 500/1641 Loss: 0.249256
2026-08-19 18:40: Train Epoch 18: 520/1641 Loss: 0.275131
2026-08-19 18:40: Train Epoch 18: 540/1641 Loss: 0.260861
2026-08-19 18:40: Train Epoch 18: 560/1641 Loss: 0.255611
2026-08-19 18:40: Train Epoch 18: 580/1641 Loss: 0.259933
2026-08-19 18:40: Train Epoch 18: 600/1641 Loss: 0.258455
2026-08-19 18:40: Train Epoch 18: 620/1641 Loss: 0.265595
2026-08-19 18:40: Train Epoch 18: 640/1641 Loss: 0.253387
2026-08-19 18:40: Train Epoch 18: 660/1641 Loss: 0.253026
2026-08-19 18:40: Train Epoch 18: 680/1641 Loss: 0.278041
2026-08-19 18:40: Train Epoch 18: 700/1641 Loss: 0.266075
2026-08-19 18:40: Train Epoch 18: 720/1641 Loss: 0.258756
2026-08-19 18:40: Train Epoch 18: 740/1641 Loss: 0.275079
2026-08-19 18:40: Train Epoch 18: 760/1641 Loss: 0.281167
2026-08-19 18:40: Train Epoch 18: 780/1641 Loss: 0.254146
2026-08-19 18:40: Train Epoch 18: 800/1641 Loss: 0.252683
2026-08-19 18:40: Train Epoch 18: 820/1641 Loss: 0.251811
2026-08-19 18:40: Train Epoch 18: 840/1641 Loss: 0.260226
2026-08-19 18:40: Train Epoch 18: 860/1641 Loss: 0.260314
2026-08-19 18:40: Train Epoch 18: 880/1641 Loss: 0.252352
2026-08-19 18:40: Train Epoch 18: 900/1641 Loss: 0.269469
2026-08-19 18:40: Train Epoch 18: 920/1641 Loss: 0.274493
2026-08-19 18:41: Train Epoch 18: 940/1641 Loss: 0.260848
2026-08-19 18:41: Train Epoch 18: 960/1641 Loss: 0.267701
2026-08-19 18:41: Train Epoch 18: 980/1641 Loss: 0.246666
2026-08-19 18:41: Train Epoch 18: 1000/1641 Loss: 0.257757
2026-08-19 18:41: Train Epoch 18: 1020/1641 Loss: 0.263023
2026-08-19 18:41: Train Epoch 18: 1040/1641 Loss: 0.272940
2026-08-19 18:41: Train Epoch 18: 1060/1641 Loss: 0.269396
2026-08-19 18:41: Train Epoch 18: 1080/1641 Loss: 0.272471
2026-08-19 18:41: Train Epoch 18: 1100/1641 Loss: 0.275676
2026-08-19 18:41: Train Epoch 18: 1120/1641 Loss: 0.269825
2026-08-19 18:41: Train Epoch 18: 1140/1641 Loss: 0.254632
2026-08-19 18:41: Train Epoch 18: 1160/1641 Loss: 0.264687
2026-08-19 18:41: Train Epoch 18: 1180/1641 Loss: 0.259597
2026-08-19 18:41: Train Epoch 18: 1200/1641 Loss: 0.271955
2026-08-19 18:41: Train Epoch 18: 1220/1641 Loss: 0.252774
2026-08-19 18:41: Train Epoch 18: 1240/1641 Loss: 0.276736
2026-08-19 18:41: Train Epoch 18: 1260/1641 Loss: 0.267985
2026-08-19 18:41: Train Epoch 18: 1280/1641 Loss: 0.260922
2026-08-19 18:41: Train Epoch 18: 1300/1641 Loss: 0.280886
2026-08-19 18:41: Train Epoch 18: 1320/1641 Loss: 0.268472
2026-08-19 18:41: Train Epoch 18: 1340/1641 Loss: 0.263721
2026-08-19 18:42: Train Epoch 18: 1360/1641 Loss: 0.255388
2026-08-19 18:42: Train Epoch 18: 1380/1641 Loss: 0.261604
2026-08-19 18:42: Train Epoch 18: 1400/1641 Loss: 0.256414
2026-08-19 18:42: Train Epoch 18: 1420/1641 Loss: 0.260864
2026-08-19 18:42: Train Epoch 18: 1440/1641 Loss: 0.272906
2026-08-19 18:42: Train Epoch 18: 1460/1641 Loss: 0.266830
2026-08-19 18:42: Train Epoch 18: 1480/1641 Loss: 0.270267
2026-08-19 18:42: Train Epoch 18: 1500/1641 Loss: 0.271395
2026-08-19 18:42: Train Epoch 18: 1520/1641 Loss: 0.264258
2026-08-19 18:42: Train Epoch 18: 1540/1641 Loss: 0.261515
2026-08-19 18:42: Train Epoch 18: 1560/1641 Loss: 0.260687
2026-08-19 18:42: Train Epoch 18: 1580/1641 Loss: 0.234798
2026-08-19 18:42: Train Epoch 18: 1600/1641 Loss: 0.255124
2026-08-19 18:42: Train Epoch 18: 1620/1641 Loss: 0.264859
2026-08-19 18:42: Train Epoch 18: 1640/1641 Loss: 0.261832
2026-08-19 18:42: **********Train Epoch 18: averaged Loss: 0.263363, tf_ratio: 0.000771
2026-08-19 18:43: **********Val Epoch 18: average Loss: 0.321296
2026-08-19 18:43: Train Epoch 19: 0/1641 Loss: 0.267174
2026-08-19 18:43: Train Epoch 19: 20/1641 Loss: 0.251848
2026-08-19 18:43: Train Epoch 19: 40/1641 Loss: 0.266630
2026-08-19 18:43: Train Epoch 19: 60/1641 Loss: 0.269229
2026-08-19 18:43: Train Epoch 19: 80/1641 Loss: 0.263451
2026-08-19 18:43: Train Epoch 19: 100/1641 Loss: 0.263868
2026-08-19 18:43: Train Epoch 19: 120/1641 Loss: 0.265820
2026-08-19 18:43: Train Epoch 19: 140/1641 Loss: 0.258004
2026-08-19 18:43: Train Epoch 19: 160/1641 Loss: 0.264552
2026-08-19 18:43: Train Epoch 19: 180/1641 Loss: 0.255463
2026-08-19 18:43: Train Epoch 19: 200/1641 Loss: 0.269129
2026-08-19 18:43: Train Epoch 19: 220/1641 Loss: 0.256780
2026-08-19 18:43: Train Epoch 19: 240/1641 Loss: 0.240611
2026-08-19 18:43: Train Epoch 19: 260/1641 Loss: 0.259658
2026-08-19 18:43: Train Epoch 19: 280/1641 Loss: 0.254729
2026-08-19 18:43: Train Epoch 19: 300/1641 Loss: 0.272045
2026-08-19 18:43: Train Epoch 19: 320/1641 Loss: 0.247593
2026-08-19 18:43: Train Epoch 19: 340/1641 Loss: 0.241898
2026-08-19 18:43: Train Epoch 19: 360/1641 Loss: 0.248739
2026-08-19 18:43: Train Epoch 19: 380/1641 Loss: 0.258843
2026-08-19 18:43: Train Epoch 19: 400/1641 Loss: 0.254832
2026-08-19 18:44: Train Epoch 19: 420/1641 Loss: 0.259134
2026-08-19 18:44: Train Epoch 19: 440/1641 Loss: 0.274132
2026-08-19 18:44: Train Epoch 19: 460/1641 Loss: 0.272309
2026-08-19 18:44: Train Epoch 19: 480/1641 Loss: 0.259088
2026-08-19 18:44: Train Epoch 19: 500/1641 Loss: 0.240899
2026-08-19 18:44: Train Epoch 19: 520/1641 Loss: 0.254261
2026-08-19 18:44: Train Epoch 19: 540/1641 Loss: 0.253622
2026-08-19 18:44: Train Epoch 19: 560/1641 Loss: 0.259403
2026-08-19 18:44: Train Epoch 19: 580/1641 Loss: 0.244323
2026-08-19 18:44: Train Epoch 19: 600/1641 Loss: 0.281203
2026-08-19 18:44: Train Epoch 19: 620/1641 Loss: 0.273679
2026-08-19 18:44: Train Epoch 19: 640/1641 Loss: 0.241316
2026-08-19 18:44: Train Epoch 19: 660/1641 Loss: 0.261016
2026-08-19 18:44: Train Epoch 19: 680/1641 Loss: 0.241642
2026-08-19 18:44: Train Epoch 19: 700/1641 Loss: 0.272805
2026-08-19 18:44: Train Epoch 19: 720/1641 Loss: 0.266526
2026-08-19 18:44: Train Epoch 19: 740/1641 Loss: 0.276902
2026-08-19 18:44: Train Epoch 19: 760/1641 Loss: 0.260544
2026-08-19 18:44: Train Epoch 19: 780/1641 Loss: 0.256106
2026-08-19 18:44: Train Epoch 19: 800/1641 Loss: 0.271178
2026-08-19 18:44: Train Epoch 19: 820/1641 Loss: 0.249734
2026-08-19 18:45: Train Epoch 19: 840/1641 Loss: 0.256675
2026-08-19 18:45: Train Epoch 19: 860/1641 Loss: 0.260792
2026-08-19 18:45: Train Epoch 19: 880/1641 Loss: 0.242581
2026-08-19 18:45: Train Epoch 19: 900/1641 Loss: 0.273650
2026-08-19 18:45: Train Epoch 19: 920/1641 Loss: 0.260291
2026-08-19 18:45: Train Epoch 19: 940/1641 Loss: 0.262350
2026-08-19 18:45: Train Epoch 19: 960/1641 Loss: 0.239481
2026-08-19 18:45: Train Epoch 19: 980/1641 Loss: 0.257002
2026-08-19 18:45: Train Epoch 19: 1000/1641 Loss: 0.255867
2026-08-19 18:45: Train Epoch 19: 1020/1641 Loss: 0.263436
2026-08-19 18:45: Train Epoch 19: 1040/1641 Loss: 0.237343
2026-08-19 18:45: Train Epoch 19: 1060/1641 Loss: 0.254714
2026-08-19 18:45: Train Epoch 19: 1080/1641 Loss: 0.260468
2026-08-19 18:45: Train Epoch 19: 1100/1641 Loss: 0.259134
2026-08-19 18:45: Train Epoch 19: 1120/1641 Loss: 0.263352
2026-08-19 18:45: Train Epoch 19: 1140/1641 Loss: 0.258682
2026-08-19 18:45: Train Epoch 19: 1160/1641 Loss: 0.257113
2026-08-19 18:45: Train Epoch 19: 1180/1641 Loss: 0.252504
2026-08-19 18:45: Train Epoch 19: 1200/1641 Loss: 0.268591
2026-08-19 18:45: Train Epoch 19: 1220/1641 Loss: 0.274607
2026-08-19 18:45: Train Epoch 19: 1240/1641 Loss: 0.242123
2026-08-19 18:46: Train Epoch 19: 1260/1641 Loss: 0.264048
2026-08-19 18:46: Train Epoch 19: 1280/1641 Loss: 0.256865
2026-08-19 18:46: Train Epoch 19: 1300/1641 Loss: 0.278618
2026-08-19 18:46: Train Epoch 19: 1320/1641 Loss: 0.256330
2026-08-19 18:46: Train Epoch 19: 1340/1641 Loss: 0.270174
2026-08-19 18:46: Train Epoch 19: 1360/1641 Loss: 0.257180
2026-08-19 18:46: Train Epoch 19: 1380/1641 Loss: 0.260519
2026-08-19 18:46: Train Epoch 19: 1400/1641 Loss: 0.260531
2026-08-19 18:46: Train Epoch 19: 1420/1641 Loss: 0.252320
2026-08-19 18:46: Train Epoch 19: 1440/1641 Loss: 0.257891
2026-08-19 18:46: Train Epoch 19: 1460/1641 Loss: 0.277259
2026-08-19 18:46: Train Epoch 19: 1480/1641 Loss: 0.250941
2026-08-19 18:46: Train Epoch 19: 1500/1641 Loss: 0.257661
2026-08-19 18:46: Train Epoch 19: 1520/1641 Loss: 0.239931
2026-08-19 18:46: Train Epoch 19: 1540/1641 Loss: 0.247997
2026-08-19 18:46: Train Epoch 19: 1560/1641 Loss: 0.245408
2026-08-19 18:46: Train Epoch 19: 1580/1641 Loss: 0.255096
2026-08-19 18:46: Train Epoch 19: 1600/1641 Loss: 0.252452
2026-08-19 18:46: Train Epoch 19: 1620/1641 Loss: 0.249170
2026-08-19 18:46: Train Epoch 19: 1640/1641 Loss: 0.260398
2026-08-19 18:46: **********Train Epoch 19: averaged Loss: 0.259630, tf_ratio: 0.000339
2026-08-19 18:47: **********Val Epoch 19: average Loss: 0.321062
2026-08-19 18:47: Train Epoch 20: 0/1641 Loss: 0.249255
2026-08-19 18:47: Train Epoch 20: 20/1641 Loss: 0.259966
2026-08-19 18:47: Train Epoch 20: 40/1641 Loss: 0.274315
2026-08-19 18:47: Train Epoch 20: 60/1641 Loss: 0.257177
2026-08-19 18:47: Train Epoch 20: 80/1641 Loss: 0.264169
2026-08-19 18:47: Train Epoch 20: 100/1641 Loss: 0.251116
2026-08-19 18:47: Train Epoch 20: 120/1641 Loss: 0.264599
2026-08-19 18:47: Train Epoch 20: 140/1641 Loss: 0.254711
2026-08-19 18:47: Train Epoch 20: 160/1641 Loss: 0.262717
2026-08-19 18:47: Train Epoch 20: 180/1641 Loss: 0.247562
2026-08-19 18:47: Train Epoch 20: 200/1641 Loss: 0.250061
2026-08-19 18:47: Train Epoch 20: 220/1641 Loss: 0.273442
2026-08-19 18:47: Train Epoch 20: 240/1641 Loss: 0.247960
2026-08-19 18:47: Train Epoch 20: 260/1641 Loss: 0.255026
2026-08-19 18:47: Train Epoch 20: 280/1641 Loss: 0.241207
2026-08-19 18:48: Train Epoch 20: 300/1641 Loss: 0.254947
2026-08-19 18:48: Train Epoch 20: 320/1641 Loss: 0.259359
2026-08-19 18:48: Train Epoch 20: 340/1641 Loss: 0.266918
2026-08-19 18:48: Train Epoch 20: 360/1641 Loss: 0.236861
2026-08-19 18:48: Train Epoch 20: 380/1641 Loss: 0.251877
2026-08-19 18:48: Train Epoch 20: 400/1641 Loss: 0.254289
2026-08-19 18:48: Train Epoch 20: 420/1641 Loss: 0.262083
2026-08-19 18:48: Train Epoch 20: 440/1641 Loss: 0.241821
2026-08-19 18:48: Train Epoch 20: 460/1641 Loss: 0.250005
2026-08-19 18:48: Train Epoch 20: 480/1641 Loss: 0.250765
2026-08-19 18:48: Train Epoch 20: 500/1641 Loss: 0.258444
2026-08-19 18:48: Train Epoch 20: 520/1641 Loss: 0.239450
2026-08-19 18:48: Train Epoch 20: 540/1641 Loss: 0.265177
2026-08-19 18:48: Train Epoch 20: 560/1641 Loss: 0.259389
2026-08-19 18:48: Train Epoch 20: 580/1641 Loss: 0.250586
2026-08-19 18:48: Train Epoch 20: 600/1641 Loss: 0.256140
2026-08-19 18:48: Train Epoch 20: 620/1641 Loss: 0.264809
2026-08-19 18:48: Train Epoch 20: 640/1641 Loss: 0.252178
2026-08-19 18:48: Train Epoch 20: 660/1641 Loss: 0.237873
2026-08-19 18:48: Train Epoch 20: 680/1641 Loss: 0.266861
2026-08-19 18:48: Train Epoch 20: 700/1641 Loss: 0.253882
2026-08-19 18:49: Train Epoch 20: 720/1641 Loss: 0.265213
2026-08-19 18:49: Train Epoch 20: 740/1641 Loss: 0.267721
2026-08-19 18:49: Train Epoch 20: 760/1641 Loss: 0.236585
2026-08-19 18:49: Train Epoch 20: 780/1641 Loss: 0.273450
2026-08-19 18:49: Train Epoch 20: 800/1641 Loss: 0.249538
2026-08-19 18:49: Train Epoch 20: 820/1641 Loss: 0.269422
2026-08-19 18:49: Train Epoch 20: 840/1641 Loss: 0.262096
2026-08-19 18:49: Train Epoch 20: 860/1641 Loss: 0.250041
2026-08-19 18:49: Train Epoch 20: 880/1641 Loss: 0.256973
2026-08-19 18:49: Train Epoch 20: 900/1641 Loss: 0.250860
2026-08-19 18:49: Train Epoch 20: 920/1641 Loss: 0.257206
2026-08-19 18:49: Train Epoch 20: 940/1641 Loss: 0.254352
2026-08-19 18:49: Train Epoch 20: 960/1641 Loss: 0.248348
2026-08-19 18:49: Train Epoch 20: 980/1641 Loss: 0.256064
2026-08-19 18:49: Train Epoch 20: 1000/1641 Loss: 0.265210
2026-08-19 18:49: Train Epoch 20: 1020/1641 Loss: 0.273588
2026-08-19 18:49: Train Epoch 20: 1040/1641 Loss: 0.262889
2026-08-19 18:49: Train Epoch 20: 1060/1641 Loss: 0.260957
2026-08-19 18:49: Train Epoch 20: 1080/1641 Loss: 0.252073
2026-08-19 18:49: Train Epoch 20: 1100/1641 Loss: 0.253258
2026-08-19 18:49: Train Epoch 20: 1120/1641 Loss: 0.252621
2026-08-19 18:50: Train Epoch 20: 1140/1641 Loss: 0.236083
2026-08-19 18:50: Train Epoch 20: 1160/1641 Loss: 0.249540
2026-08-19 18:50: Train Epoch 20: 1180/1641 Loss: 0.248803
2026-08-19 18:50: Train Epoch 20: 1200/1641 Loss: 0.260861
2026-08-19 18:50: Train Epoch 20: 1220/1641 Loss: 0.239653
2026-08-19 18:50: Train Epoch 20: 1240/1641 Loss: 0.257889
2026-08-19 18:50: Train Epoch 20: 1260/1641 Loss: 0.237578
2026-08-19 18:50: Train Epoch 20: 1280/1641 Loss: 0.258273
2026-08-19 18:50: Train Epoch 20: 1300/1641 Loss: 0.254885
2026-08-19 18:50: Train Epoch 20: 1320/1641 Loss: 0.261559
2026-08-19 18:50: Train Epoch 20: 1340/1641 Loss: 0.239536
2026-08-19 18:50: Train Epoch 20: 1360/1641 Loss: 0.253578
2026-08-19 18:50: Train Epoch 20: 1380/1641 Loss: 0.262829
2026-08-19 18:50: Train Epoch 20: 1400/1641 Loss: 0.240042
2026-08-19 18:50: Train Epoch 20: 1420/1641 Loss: 0.247771
2026-08-19 18:50: Train Epoch 20: 1440/1641 Loss: 0.246592
2026-08-19 18:50: Train Epoch 20: 1460/1641 Loss: 0.264530
2026-08-19 18:50: Train Epoch 20: 1480/1641 Loss: 0.257913
2026-08-19 18:50: Train Epoch 20: 1500/1641 Loss: 0.248767
2026-08-19 18:50: Train Epoch 20: 1520/1641 Loss: 0.260668
2026-08-19 18:50: Train Epoch 20: 1540/1641 Loss: 0.259052
2026-08-19 18:51: Train Epoch 20: 1560/1641 Loss: 0.232048
2026-08-19 18:51: Train Epoch 20: 1580/1641 Loss: 0.262055
2026-08-19 18:51: Train Epoch 20: 1600/1641 Loss: 0.255466
2026-08-19 18:51: Train Epoch 20: 1620/1641 Loss: 0.249851
2026-08-19 18:51: Train Epoch 20: 1640/1641 Loss: 0.255079
2026-08-19 18:51: **********Train Epoch 20: averaged Loss: 0.255749, tf_ratio: 0.000149
2026-08-19 18:51: **********Val Epoch 20: average Loss: 0.322237
2026-08-19 18:51: Train Epoch 21: 0/1641 Loss: 0.256023
2026-08-19 18:51: Train Epoch 21: 20/1641 Loss: 0.261804
2026-08-19 18:51: Train Epoch 21: 40/1641 Loss: 0.263601
2026-08-19 18:51: Train Epoch 21: 60/1641 Loss: 0.254383
2026-08-19 18:51: Train Epoch 21: 80/1641 Loss: 0.244825
2026-08-19 18:51: Train Epoch 21: 100/1641 Loss: 0.248630
2026-08-19 18:51: Train Epoch 21: 120/1641 Loss: 0.253537
2026-08-19 18:51: Train Epoch 21: 140/1641 Loss: 0.239370
2026-08-19 18:51: Train Epoch 21: 160/1641 Loss: 0.252047
2026-08-19 18:52: Train Epoch 21: 180/1641 Loss: 0.246730
2026-08-19 18:52: Train Epoch 21: 200/1641 Loss: 0.250372
2026-08-19 18:52: Train Epoch 21: 220/1641 Loss: 0.250225
2026-08-19 18:52: Train Epoch 21: 240/1641 Loss: 0.261808
2026-08-19 18:52: Train Epoch 21: 260/1641 Loss: 0.265490
2026-08-19 18:52: Train Epoch 21: 280/1641 Loss: 0.251088
2026-08-19 18:52: Train Epoch 21: 300/1641 Loss: 0.252132
2026-08-19 18:52: Train Epoch 21: 320/1641 Loss: 0.246271
2026-08-19 18:52: Train Epoch 21: 340/1641 Loss: 0.231855
2026-08-19 18:52: Train Epoch 21: 360/1641 Loss: 0.259196
2026-08-19 18:52: Train Epoch 21: 380/1641 Loss: 0.263945
2026-08-19 18:52: Train Epoch 21: 400/1641 Loss: 0.260977
2026-08-19 18:52: Train Epoch 21: 420/1641 Loss: 0.273837
2026-08-19 18:52: Train Epoch 21: 440/1641 Loss: 0.259163
2026-08-19 18:52: Train Epoch 21: 460/1641 Loss: 0.251714
2026-08-19 18:52: Train Epoch 21: 480/1641 Loss: 0.263143
2026-08-19 18:52: Train Epoch 21: 500/1641 Loss: 0.251875
2026-08-19 18:52: Train Epoch 21: 520/1641 Loss: 0.257527
2026-08-19 18:52: Train Epoch 21: 540/1641 Loss: 0.258131
2026-08-19 18:52: Train Epoch 21: 560/1641 Loss: 0.237281
2026-08-19 18:52: Train Epoch 21: 580/1641 Loss: 0.252626
2026-08-19 18:53: Train Epoch 21: 600/1641 Loss: 0.244771
2026-08-19 18:53: Train Epoch 21: 620/1641 Loss: 0.263336
2026-08-19 18:53: Train Epoch 21: 640/1641 Loss: 0.237952
2026-08-19 18:53: Train Epoch 21: 660/1641 Loss: 0.239509
2026-08-19 18:53: Train Epoch 21: 680/1641 Loss: 0.263206
2026-08-19 18:53: Train Epoch 21: 700/1641 Loss: 0.259891
2026-08-19 18:53: Train Epoch 21: 720/1641 Loss: 0.247192
2026-08-19 18:53: Train Epoch 21: 740/1641 Loss: 0.261489
2026-08-19 18:53: Train Epoch 21: 760/1641 Loss: 0.260397
2026-08-19 18:53: Train Epoch 21: 780/1641 Loss: 0.252549
2026-08-19 18:53: Train Epoch 21: 800/1641 Loss: 0.251324
2026-08-19 18:53: Train Epoch 21: 820/1641 Loss: 0.255619
2026-08-19 18:53: Train Epoch 21: 840/1641 Loss: 0.243405
2026-08-19 18:53: Train Epoch 21: 860/1641 Loss: 0.238474
2026-08-19 18:53: Train Epoch 21: 880/1641 Loss: 0.258535
2026-08-19 18:53: Train Epoch 21: 900/1641 Loss: 0.246547
2026-08-19 18:53: Train Epoch 21: 920/1641 Loss: 0.229850
2026-08-19 18:53: Train Epoch 21: 940/1641 Loss: 0.251100
2026-08-19 18:53: Train Epoch 21: 960/1641 Loss: 0.252711
2026-08-19 18:53: Train Epoch 21: 980/1641 Loss: 0.254571
2026-08-19 18:53: Train Epoch 21: 1000/1641 Loss: 0.242618
2026-08-19 18:53: Train Epoch 21: 1020/1641 Loss: 0.235313
2026-08-19 18:54: Train Epoch 21: 1040/1641 Loss: 0.241985
2026-08-19 18:54: Train Epoch 21: 1060/1641 Loss: 0.262794
2026-08-19 18:54: Train Epoch 21: 1080/1641 Loss: 0.242525
2026-08-19 18:54: Train Epoch 21: 1100/1641 Loss: 0.246907
2026-08-19 18:54: Train Epoch 21: 1120/1641 Loss: 0.252391
2026-08-19 18:54: Train Epoch 21: 1140/1641 Loss: 0.248416
2026-08-19 18:54: Train Epoch 21: 1160/1641 Loss: 0.239888
2026-08-19 18:54: Train Epoch 21: 1180/1641 Loss: 0.262786
2026-08-19 18:54: Train Epoch 21: 1200/1641 Loss: 0.252756
2026-08-19 18:54: Train Epoch 21: 1220/1641 Loss: 0.259033
2026-08-19 18:54: Train Epoch 21: 1240/1641 Loss: 0.237720
2026-08-19 18:54: Train Epoch 21: 1260/1641 Loss: 0.251011
2026-08-19 18:54: Train Epoch 21: 1280/1641 Loss: 0.247941
2026-08-19 18:54: Train Epoch 21: 1300/1641 Loss: 0.274186
2026-08-19 18:54: Train Epoch 21: 1320/1641 Loss: 0.252229
2026-08-19 18:54: Train Epoch 21: 1340/1641 Loss: 0.242178
2026-08-19 18:54: Train Epoch 21: 1360/1641 Loss: 0.244444
2026-08-19 18:54: Train Epoch 21: 1380/1641 Loss: 0.254271
2026-08-19 18:54: Train Epoch 21: 1400/1641 Loss: 0.234788
2026-08-19 18:54: Train Epoch 21: 1420/1641 Loss: 0.251405
2026-08-19 18:54: Train Epoch 21: 1440/1641 Loss: 0.251164
2026-08-19 18:55: Train Epoch 21: 1460/1641 Loss: 0.258407
2026-08-19 18:55: Train Epoch 21: 1480/1641 Loss: 0.247770
2026-08-19 18:55: Train Epoch 21: 1500/1641 Loss: 0.248347
2026-08-19 18:55: Train Epoch 21: 1520/1641 Loss: 0.255142
2026-08-19 18:55: Train Epoch 21: 1540/1641 Loss: 0.245299
2026-08-19 18:55: Train Epoch 21: 1560/1641 Loss: 0.265613
2026-08-19 18:55: Train Epoch 21: 1580/1641 Loss: 0.255897
2026-08-19 18:55: Train Epoch 21: 1600/1641 Loss: 0.251485
2026-08-19 18:55: Train Epoch 21: 1620/1641 Loss: 0.265149
2026-08-19 18:55: Train Epoch 21: 1640/1641 Loss: 0.248603
2026-08-19 18:55: **********Train Epoch 21: averaged Loss: 0.252354, tf_ratio: 0.000066
2026-08-19 18:55: **********Val Epoch 21: average Loss: 0.324029
2026-08-19 18:55: Train Epoch 22: 0/1641 Loss: 0.261422
2026-08-19 18:55: Train Epoch 22: 20/1641 Loss: 0.243295
2026-08-19 18:55: Train Epoch 22: 40/1641 Loss: 0.241803
2026-08-19 18:55: Train Epoch 22: 60/1641 Loss: 0.237053
2026-08-19 18:56: Train Epoch 22: 80/1641 Loss: 0.240669
2026-08-19 18:56: Train Epoch 22: 100/1641 Loss: 0.239195
2026-08-19 18:56: Train Epoch 22: 120/1641 Loss: 0.255080
2026-08-19 18:56: Train Epoch 22: 140/1641 Loss: 0.233222
2026-08-19 18:56: Train Epoch 22: 160/1641 Loss: 0.243551
2026-08-19 18:56: Train Epoch 22: 180/1641 Loss: 0.261307
2026-08-19 18:56: Train Epoch 22: 200/1641 Loss: 0.239660
2026-08-19 18:56: Train Epoch 22: 220/1641 Loss: 0.256413
2026-08-19 18:56: Train Epoch 22: 240/1641 Loss: 0.257902
2026-08-19 18:56: Train Epoch 22: 260/1641 Loss: 0.266095
2026-08-19 18:56: Train Epoch 22: 280/1641 Loss: 0.243928
2026-08-19 18:56: Train Epoch 22: 300/1641 Loss: 0.235614
2026-08-19 18:56: Train Epoch 22: 320/1641 Loss: 0.249389
2026-08-19 18:56: Train Epoch 22: 340/1641 Loss: 0.244797
2026-08-19 18:56: Train Epoch 22: 360/1641 Loss: 0.237676
2026-08-19 18:56: Train Epoch 22: 380/1641 Loss: 0.239737
2026-08-19 18:56: Train Epoch 22: 400/1641 Loss: 0.256917
2026-08-19 18:56: Train Epoch 22: 420/1641 Loss: 0.256038
2026-08-19 18:56: Train Epoch 22: 440/1641 Loss: 0.251476
2026-08-19 18:56: Train Epoch 22: 460/1641 Loss: 0.250299
2026-08-19 18:56: Train Epoch 22: 480/1641 Loss: 0.254738
2026-08-19 18:57: Train Epoch 22: 500/1641 Loss: 0.255106
2026-08-19 18:57: Train Epoch 22: 520/1641 Loss: 0.246685
2026-08-19 18:57: Train Epoch 22: 540/1641 Loss: 0.241461
2026-08-19 18:57: Train Epoch 22: 560/1641 Loss: 0.248700
2026-08-19 18:57: Train Epoch 22: 580/1641 Loss: 0.236451
2026-08-19 18:57: Train Epoch 22: 600/1641 Loss: 0.267219
2026-08-19 18:57: Train Epoch 22: 620/1641 Loss: 0.239759
2026-08-19 18:57: Train Epoch 22: 640/1641 Loss: 0.262911
2026-08-19 18:57: Train Epoch 22: 660/1641 Loss: 0.241404
2026-08-19 18:57: Train Epoch 22: 680/1641 Loss: 0.248203
2026-08-19 18:57: Train Epoch 22: 700/1641 Loss: 0.227428
2026-08-19 18:57: Train Epoch 22: 720/1641 Loss: 0.251966
2026-08-19 18:57: Train Epoch 22: 740/1641 Loss: 0.252950
2026-08-19 18:57: Train Epoch 22: 760/1641 Loss: 0.256058
2026-08-19 18:57: Train Epoch 22: 780/1641 Loss: 0.257695
2026-08-19 18:57: Train Epoch 22: 800/1641 Loss: 0.253932
2026-08-19 18:57: Train Epoch 22: 820/1641 Loss: 0.245010
2026-08-19 18:57: Train Epoch 22: 840/1641 Loss: 0.243262
2026-08-19 18:57: Train Epoch 22: 860/1641 Loss: 0.261659
2026-08-19 18:57: Train Epoch 22: 880/1641 Loss: 0.248357
2026-08-19 18:57: Train Epoch 22: 900/1641 Loss: 0.241052
2026-08-19 18:58: Train Epoch 22: 920/1641 Loss: 0.239794
2026-08-19 18:58: Train Epoch 22: 940/1641 Loss: 0.262449
2026-08-19 18:58: Train Epoch 22: 960/1641 Loss: 0.242895
2026-08-19 18:58: Train Epoch 22: 980/1641 Loss: 0.238557
2026-08-19 18:58: Train Epoch 22: 1000/1641 Loss: 0.261384
2026-08-19 18:58: Train Epoch 22: 1020/1641 Loss: 0.246379
2026-08-19 18:58: Train Epoch 22: 1040/1641 Loss: 0.253725
2026-08-19 18:58: Train Epoch 22: 1060/1641 Loss: 0.251976
2026-08-19 18:58: Train Epoch 22: 1080/1641 Loss: 0.252534
2026-08-19 18:58: Train Epoch 22: 1100/1641 Loss: 0.250997
2026-08-19 18:58: Train Epoch 22: 1120/1641 Loss: 0.242247
2026-08-19 18:58: Train Epoch 22: 1140/1641 Loss: 0.239578
2026-08-19 18:58: Train Epoch 22: 1160/1641 Loss: 0.255165
2026-08-19 18:58: Train Epoch 22: 1180/1641 Loss: 0.246795
2026-08-19 18:58: Train Epoch 22: 1200/1641 Loss: 0.253828
2026-08-19 18:58: Train Epoch 22: 1220/1641 Loss: 0.248107
2026-08-19 18:58: Train Epoch 22: 1240/1641 Loss: 0.243590
2026-08-19 18:58: Train Epoch 22: 1260/1641 Loss: 0.245112
2026-08-19 18:58: Train Epoch 22: 1280/1641 Loss: 0.235436
2026-08-19 18:58: Train Epoch 22: 1300/1641 Loss: 0.267164
2026-08-19 18:58: Train Epoch 22: 1320/1641 Loss: 0.248661
2026-08-19 18:58: Train Epoch 22: 1340/1641 Loss: 0.236336
2026-08-19 18:59: Train Epoch 22: 1360/1641 Loss: 0.249261
2026-08-19 18:59: Train Epoch 22: 1380/1641 Loss: 0.247551
2026-08-19 18:59: Train Epoch 22: 1400/1641 Loss: 0.243053
2026-08-19 18:59: Train Epoch 22: 1420/1641 Loss: 0.260968
2026-08-19 18:59: Train Epoch 22: 1440/1641 Loss: 0.232410
2026-08-19 18:59: Train Epoch 22: 1460/1641 Loss: 0.267261
2026-08-19 18:59: Train Epoch 22: 1480/1641 Loss: 0.253120
2026-08-19 18:59: Train Epoch 22: 1500/1641 Loss: 0.248446
2026-08-19 18:59: Train Epoch 22: 1520/1641 Loss: 0.244046
2026-08-19 18:59: Train Epoch 22: 1540/1641 Loss: 0.258417
2026-08-19 18:59: Train Epoch 22: 1560/1641 Loss: 0.249198
2026-08-19 18:59: Train Epoch 22: 1580/1641 Loss: 0.242086
2026-08-19 18:59: Train Epoch 22: 1600/1641 Loss: 0.229835
2026-08-19 18:59: Train Epoch 22: 1620/1641 Loss: 0.248662
2026-08-19 18:59: Train Epoch 22: 1640/1641 Loss: 0.233869
2026-08-19 18:59: **********Train Epoch 22: averaged Loss: 0.248784, tf_ratio: 0.000029
2026-08-19 19:00: **********Val Epoch 22: average Loss: 0.322609
2026-08-19 19:00: Train Epoch 23: 0/1641 Loss: 0.244521
2026-08-19 19:00: Train Epoch 23: 20/1641 Loss: 0.247338
2026-08-19 19:00: Train Epoch 23: 40/1641 Loss: 0.249799
2026-08-19 19:00: Train Epoch 23: 60/1641 Loss: 0.239174
2026-08-19 19:00: Train Epoch 23: 80/1641 Loss: 0.240795
2026-08-19 19:00: Train Epoch 23: 100/1641 Loss: 0.255441
2026-08-19 19:00: Train Epoch 23: 120/1641 Loss: 0.245642
2026-08-19 19:00: Train Epoch 23: 140/1641 Loss: 0.252324
2026-08-19 19:00: Train Epoch 23: 160/1641 Loss: 0.240615
2026-08-19 19:00: Train Epoch 23: 180/1641 Loss: 0.237794
2026-08-19 19:00: Train Epoch 23: 200/1641 Loss: 0.252995
2026-08-19 19:00: Train Epoch 23: 220/1641 Loss: 0.246964
2026-08-19 19:00: Train Epoch 23: 240/1641 Loss: 0.232685
2026-08-19 19:00: Train Epoch 23: 260/1641 Loss: 0.244388
2026-08-19 19:00: Train Epoch 23: 280/1641 Loss: 0.241026
2026-08-19 19:00: Train Epoch 23: 300/1641 Loss: 0.253497
2026-08-19 19:00: Train Epoch 23: 320/1641 Loss: 0.246140
2026-08-19 19:00: Train Epoch 23: 340/1641 Loss: 0.255729
2026-08-19 19:00: Train Epoch 23: 360/1641 Loss: 0.265616
2026-08-19 19:00: Train Epoch 23: 380/1641 Loss: 0.236287
2026-08-19 19:01: Train Epoch 23: 400/1641 Loss: 0.229479
2026-08-19 19:01: Train Epoch 23: 420/1641 Loss: 0.256276
2026-08-19 19:01: Train Epoch 23: 440/1641 Loss: 0.236110
2026-08-19 19:01: Train Epoch 23: 460/1641 Loss: 0.222645
2026-08-19 19:01: Train Epoch 23: 480/1641 Loss: 0.253624
2026-08-19 19:01: Train Epoch 23: 500/1641 Loss: 0.230699
2026-08-19 19:01: Train Epoch 23: 520/1641 Loss: 0.237713
2026-08-19 19:01: Train Epoch 23: 540/1641 Loss: 0.254089
2026-08-19 19:01: Train Epoch 23: 560/1641 Loss: 0.235785
2026-08-19 19:01: Train Epoch 23: 580/1641 Loss: 0.254368
2026-08-19 19:01: Train Epoch 23: 600/1641 Loss: 0.245820
2026-08-19 19:01: Train Epoch 23: 620/1641 Loss: 0.241503
2026-08-19 19:01: Train Epoch 23: 640/1641 Loss: 0.240476
2026-08-19 19:01: Train Epoch 23: 660/1641 Loss: 0.239454
2026-08-19 19:01: Train Epoch 23: 680/1641 Loss: 0.238040
2026-08-19 19:01: Train Epoch 23: 700/1641 Loss: 0.254795
2026-08-19 19:01: Train Epoch 23: 720/1641 Loss: 0.247942
2026-08-19 19:01: Train Epoch 23: 740/1641 Loss: 0.254203
2026-08-19 19:01: Train Epoch 23: 760/1641 Loss: 0.243276
2026-08-19 19:01: Train Epoch 23: 780/1641 Loss: 0.254471
2026-08-19 19:01: Train Epoch 23: 800/1641 Loss: 0.240345
2026-08-19 19:01: Train Epoch 23: 820/1641 Loss: 0.242902
2026-08-19 19:02: Train Epoch 23: 840/1641 Loss: 0.254749
2026-08-19 19:02: Train Epoch 23: 860/1641 Loss: 0.236396
2026-08-19 19:02: Train Epoch 23: 880/1641 Loss: 0.247001
2026-08-19 19:02: Train Epoch 23: 900/1641 Loss: 0.247483
2026-08-19 19:02: Train Epoch 23: 920/1641 Loss: 0.248353
2026-08-19 19:02: Train Epoch 23: 940/1641 Loss: 0.256163
2026-08-19 19:02: Train Epoch 23: 960/1641 Loss: 0.244964
2026-08-19 19:02: Train Epoch 23: 980/1641 Loss: 0.270064
2026-08-19 19:02: Train Epoch 23: 1000/1641 Loss: 0.249524
2026-08-19 19:02: Train Epoch 23: 1020/1641 Loss: 0.240580
2026-08-19 19:02: Train Epoch 23: 1040/1641 Loss: 0.242627
2026-08-19 19:02: Train Epoch 23: 1060/1641 Loss: 0.250371
2026-08-19 19:02: Train Epoch 23: 1080/1641 Loss: 0.251165
2026-08-19 19:02: Train Epoch 23: 1100/1641 Loss: 0.259048
2026-08-19 19:02: Train Epoch 23: 1120/1641 Loss: 0.252575
2026-08-19 19:02: Train Epoch 23: 1140/1641 Loss: 0.236513
2026-08-19 19:02: Train Epoch 23: 1160/1641 Loss: 0.238569
2026-08-19 19:02: Train Epoch 23: 1180/1641 Loss: 0.240734
2026-08-19 19:02: Train Epoch 23: 1200/1641 Loss: 0.258848
2026-08-19 19:02: Train Epoch 23: 1220/1641 Loss: 0.236872
2026-08-19 19:02: Train Epoch 23: 1240/1641 Loss: 0.239000
2026-08-19 19:03: Train Epoch 23: 1260/1641 Loss: 0.249158
2026-08-19 19:03: Train Epoch 23: 1280/1641 Loss: 0.246342
2026-08-19 19:03: Train Epoch 23: 1300/1641 Loss: 0.245006
2026-08-19 19:03: Train Epoch 23: 1320/1641 Loss: 0.246050
2026-08-19 19:03: Train Epoch 23: 1340/1641 Loss: 0.260027
2026-08-19 19:03: Train Epoch 23: 1360/1641 Loss: 0.258015
2026-08-19 19:03: Train Epoch 23: 1380/1641 Loss: 0.242081
2026-08-19 19:03: Train Epoch 23: 1400/1641 Loss: 0.248523
2026-08-19 19:03: Train Epoch 23: 1420/1641 Loss: 0.261504
2026-08-19 19:03: Train Epoch 23: 1440/1641 Loss: 0.250735
2026-08-19 19:03: Train Epoch 23: 1460/1641 Loss: 0.238209
2026-08-19 19:03: Train Epoch 23: 1480/1641 Loss: 0.232744
2026-08-19 19:03: Train Epoch 23: 1500/1641 Loss: 0.242812
2026-08-19 19:03: Train Epoch 23: 1520/1641 Loss: 0.227612
2026-08-19 19:03: Train Epoch 23: 1540/1641 Loss: 0.245160
2026-08-19 19:03: Train Epoch 23: 1560/1641 Loss: 0.246699
2026-08-19 19:03: Train Epoch 23: 1580/1641 Loss: 0.230644
2026-08-19 19:03: Train Epoch 23: 1600/1641 Loss: 0.235089
2026-08-19 19:03: Train Epoch 23: 1620/1641 Loss: 0.249452
2026-08-19 19:03: Train Epoch 23: 1640/1641 Loss: 0.238033
2026-08-19 19:03: **********Train Epoch 23: averaged Loss: 0.245669, tf_ratio: 0.000013
2026-08-19 19:04: **********Val Epoch 23: average Loss: 0.326828
2026-08-19 19:04: Train Epoch 24: 0/1641 Loss: 0.229011
2026-08-19 19:04: Train Epoch 24: 20/1641 Loss: 0.241558
2026-08-19 19:04: Train Epoch 24: 40/1641 Loss: 0.245776
2026-08-19 19:04: Train Epoch 24: 60/1641 Loss: 0.241424
2026-08-19 19:04: Train Epoch 24: 80/1641 Loss: 0.248328
2026-08-19 19:04: Train Epoch 24: 100/1641 Loss: 0.246821
2026-08-19 19:04: Train Epoch 24: 120/1641 Loss: 0.233953
2026-08-19 19:04: Train Epoch 24: 140/1641 Loss: 0.236478
2026-08-19 19:04: Train Epoch 24: 160/1641 Loss: 0.245856
2026-08-19 19:04: Train Epoch 24: 180/1641 Loss: 0.253277
2026-08-19 19:04: Train Epoch 24: 200/1641 Loss: 0.232789
2026-08-19 19:04: Train Epoch 24: 220/1641 Loss: 0.232314
2026-08-19 19:04: Train Epoch 24: 240/1641 Loss: 0.240128
2026-08-19 19:04: Train Epoch 24: 260/1641 Loss: 0.241553
2026-08-19 19:04: Train Epoch 24: 280/1641 Loss: 0.246174
2026-08-19 19:04: Train Epoch 24: 300/1641 Loss: 0.234487
2026-08-19 19:04: Train Epoch 24: 320/1641 Loss: 0.234053
2026-08-19 19:04: Train Epoch 24: 340/1641 Loss: 0.237873
2026-08-19 19:05: Train Epoch 24: 360/1641 Loss: 0.237887
2026-08-19 19:05: Train Epoch 24: 380/1641 Loss: 0.246593
2026-08-19 19:05: Train Epoch 24: 400/1641 Loss: 0.254625
2026-08-19 19:05: Train Epoch 24: 420/1641 Loss: 0.241235
2026-08-19 19:05: Train Epoch 24: 440/1641 Loss: 0.237687
2026-08-19 19:05: Train Epoch 24: 460/1641 Loss: 0.247305
2026-08-19 19:05: Train Epoch 24: 480/1641 Loss: 0.244979
2026-08-19 19:05: Train Epoch 24: 500/1641 Loss: 0.248932
2026-08-19 19:05: Train Epoch 24: 520/1641 Loss: 0.243161
2026-08-19 19:05: Train Epoch 24: 540/1641 Loss: 0.241446
2026-08-19 19:05: Train Epoch 24: 560/1641 Loss: 0.240820
2026-08-19 19:05: Train Epoch 24: 580/1641 Loss: 0.237390
2026-08-19 19:05: Train Epoch 24: 600/1641 Loss: 0.242078
2026-08-19 19:05: Train Epoch 24: 620/1641 Loss: 0.249095
2026-08-19 19:05: Train Epoch 24: 640/1641 Loss: 0.234844
2026-08-19 19:05: Train Epoch 24: 660/1641 Loss: 0.244298
2026-08-19 19:05: Train Epoch 24: 680/1641 Loss: 0.241194
2026-08-19 19:05: Train Epoch 24: 700/1641 Loss: 0.246036
2026-08-19 19:05: Train Epoch 24: 720/1641 Loss: 0.238941
2026-08-19 19:05: Train Epoch 24: 740/1641 Loss: 0.247484
2026-08-19 19:05: Train Epoch 24: 760/1641 Loss: 0.259009
2026-08-19 19:05: Train Epoch 24: 780/1641 Loss: 0.253934
2026-08-19 19:05: Train Epoch 24: 800/1641 Loss: 0.247306
2026-08-19 19:06: Train Epoch 24: 820/1641 Loss: 0.241755
2026-08-19 19:06: Train Epoch 24: 840/1641 Loss: 0.227916
2026-08-19 19:06: Train Epoch 24: 860/1641 Loss: 0.253432
2026-08-19 19:06: Train Epoch 24: 880/1641 Loss: 0.242275
2026-08-19 19:06: Train Epoch 24: 900/1641 Loss: 0.246149
2026-08-19 19:06: Train Epoch 24: 920/1641 Loss: 0.237801
2026-08-19 19:06: Train Epoch 24: 940/1641 Loss: 0.241570
2026-08-19 19:06: Train Epoch 24: 960/1641 Loss: 0.239639
2026-08-19 19:06: Train Epoch 24: 980/1641 Loss: 0.262142
2026-08-19 19:06: Train Epoch 24: 1000/1641 Loss: 0.231329
2026-08-19 19:06: Train Epoch 24: 1020/1641 Loss: 0.235768
2026-08-19 19:06: Train Epoch 24: 1040/1641 Loss: 0.250047
2026-08-19 19:06: Train Epoch 24: 1060/1641 Loss: 0.233057
2026-08-19 19:06: Train Epoch 24: 1080/1641 Loss: 0.255799
2026-08-19 19:06: Train Epoch 24: 1100/1641 Loss: 0.242097
2026-08-19 19:06: Train Epoch 24: 1120/1641 Loss: 0.244499
2026-08-19 19:06: Train Epoch 24: 1140/1641 Loss: 0.236548
2026-08-19 19:06: Train Epoch 24: 1160/1641 Loss: 0.253472
2026-08-19 19:06: Train Epoch 24: 1180/1641 Loss: 0.231033
2026-08-19 19:06: Train Epoch 24: 1200/1641 Loss: 0.235539
2026-08-19 19:06: Train Epoch 24: 1220/1641 Loss: 0.239277
2026-08-19 19:06: Train Epoch 24: 1240/1641 Loss: 0.225387
2026-08-19 19:07: Train Epoch 24: 1260/1641 Loss: 0.233644
2026-08-19 19:07: Train Epoch 24: 1280/1641 Loss: 0.247004
2026-08-19 19:07: Train Epoch 24: 1300/1641 Loss: 0.244623
2026-08-19 19:07: Train Epoch 24: 1320/1641 Loss: 0.242842
2026-08-19 19:07: Train Epoch 24: 1340/1641 Loss: 0.232752
2026-08-19 19:07: Train Epoch 24: 1360/1641 Loss: 0.232193
2026-08-19 19:07: Train Epoch 24: 1380/1641 Loss: 0.247246
2026-08-19 19:07: Train Epoch 24: 1400/1641 Loss: 0.230906
2026-08-19 19:07: Train Epoch 24: 1420/1641 Loss: 0.239420
2026-08-19 19:07: Train Epoch 24: 1440/1641 Loss: 0.232732
2026-08-19 19:07: Train Epoch 24: 1460/1641 Loss: 0.243977
2026-08-19 19:07: Train Epoch 24: 1480/1641 Loss: 0.250308
2026-08-19 19:07: Train Epoch 24: 1500/1641 Loss: 0.241544
2026-08-19 19:07: Train Epoch 24: 1520/1641 Loss: 0.243597
2026-08-19 19:07: Train Epoch 24: 1540/1641 Loss: 0.245903
2026-08-19 19:07: Train Epoch 24: 1560/1641 Loss: 0.238548
2026-08-19 19:07: Train Epoch 24: 1580/1641 Loss: 0.242677
2026-08-19 19:07: Train Epoch 24: 1600/1641 Loss: 0.253817
2026-08-19 19:07: Train Epoch 24: 1620/1641 Loss: 0.238003
2026-08-19 19:07: Train Epoch 24: 1640/1641 Loss: 0.227172
2026-08-19 19:07: **********Train Epoch 24: averaged Loss: 0.242229, tf_ratio: 0.000006
2026-08-19 19:08: **********Val Epoch 24: average Loss: 0.326595
2026-08-19 19:08: Train Epoch 25: 0/1641 Loss: 0.244299
2026-08-19 19:08: Train Epoch 25: 20/1641 Loss: 0.234014
2026-08-19 19:08: Train Epoch 25: 40/1641 Loss: 0.248632
2026-08-19 19:08: Train Epoch 25: 60/1641 Loss: 0.236990
2026-08-19 19:08: Train Epoch 25: 80/1641 Loss: 0.241577
2026-08-19 19:08: Train Epoch 25: 100/1641 Loss: 0.239836
2026-08-19 19:08: Train Epoch 25: 120/1641 Loss: 0.255166
2026-08-19 19:08: Train Epoch 25: 140/1641 Loss: 0.230976
2026-08-19 19:08: Train Epoch 25: 160/1641 Loss: 0.212983
2026-08-19 19:08: Train Epoch 25: 180/1641 Loss: 0.241188
2026-08-19 19:08: Train Epoch 25: 200/1641 Loss: 0.239552
2026-08-19 19:08: Train Epoch 25: 220/1641 Loss: 0.239444
2026-08-19 19:08: Train Epoch 25: 240/1641 Loss: 0.235214
2026-08-19 19:08: Train Epoch 25: 260/1641 Loss: 0.225569
2026-08-19 19:08: Train Epoch 25: 280/1641 Loss: 0.239980
2026-08-19 19:08: Train Epoch 25: 300/1641 Loss: 0.251693
2026-08-19 19:08: Train Epoch 25: 320/1641 Loss: 0.220809
2026-08-19 19:08: Train Epoch 25: 340/1641 Loss: 0.250222
2026-08-19 19:08: Train Epoch 25: 360/1641 Loss: 0.235751
2026-08-19 19:09: Train Epoch 25: 380/1641 Loss: 0.242349
2026-08-19 19:09: Train Epoch 25: 400/1641 Loss: 0.249250
2026-08-19 19:09: Train Epoch 25: 420/1641 Loss: 0.233065
2026-08-19 19:09: Train Epoch 25: 440/1641 Loss: 0.256187
2026-08-19 19:09: Train Epoch 25: 460/1641 Loss: 0.234288
2026-08-19 19:09: Train Epoch 25: 480/1641 Loss: 0.235080
2026-08-19 19:09: Train Epoch 25: 500/1641 Loss: 0.243301
2026-08-19 19:09: Train Epoch 25: 520/1641 Loss: 0.228255
2026-08-19 19:09: Train Epoch 25: 540/1641 Loss: 0.241352
2026-08-19 19:09: Train Epoch 25: 560/1641 Loss: 0.232294
2026-08-19 19:09: Train Epoch 25: 580/1641 Loss: 0.249630
2026-08-19 19:09: Train Epoch 25: 600/1641 Loss: 0.242233
2026-08-19 19:09: Train Epoch 25: 620/1641 Loss: 0.232713
2026-08-19 19:09: Train Epoch 25: 640/1641 Loss: 0.244021
2026-08-19 19:09: Train Epoch 25: 660/1641 Loss: 0.249112
2026-08-19 19:09: Train Epoch 25: 680/1641 Loss: 0.242455
2026-08-19 19:09: Train Epoch 25: 700/1641 Loss: 0.239841
2026-08-19 19:09: Train Epoch 25: 720/1641 Loss: 0.243278
2026-08-19 19:09: Train Epoch 25: 740/1641 Loss: 0.246677
2026-08-19 19:09: Train Epoch 25: 760/1641 Loss: 0.233918
2026-08-19 19:09: Train Epoch 25: 780/1641 Loss: 0.228018
2026-08-19 19:09: Train Epoch 25: 800/1641 Loss: 0.243294
2026-08-19 19:09: Train Epoch 25: 820/1641 Loss: 0.250419
2026-08-19 19:10: Train Epoch 25: 840/1641 Loss: 0.237961
2026-08-19 19:10: Train Epoch 25: 860/1641 Loss: 0.239751
2026-08-19 19:10: Train Epoch 25: 880/1641 Loss: 0.253591
2026-08-19 19:10: Train Epoch 25: 900/1641 Loss: 0.242556
2026-08-19 19:10: Train Epoch 25: 920/1641 Loss: 0.259539
2026-08-19 19:10: Train Epoch 25: 940/1641 Loss: 0.253077
2026-08-19 19:10: Train Epoch 25: 960/1641 Loss: 0.244989
2026-08-19 19:10: Train Epoch 25: 980/1641 Loss: 0.228696
2026-08-19 19:10: Train Epoch 25: 1000/1641 Loss: 0.229701
2026-08-19 19:10: Train Epoch 25: 1020/1641 Loss: 0.241051
2026-08-19 19:10: Train Epoch 25: 1040/1641 Loss: 0.234243
2026-08-19 19:10: Train Epoch 25: 1060/1641 Loss: 0.236083
2026-08-19 19:10: Train Epoch 25: 1080/1641 Loss: 0.239147
2026-08-19 19:10: Train Epoch 25: 1100/1641 Loss: 0.227239
2026-08-19 19:10: Train Epoch 25: 1120/1641 Loss: 0.236633
2026-08-19 19:10: Train Epoch 25: 1140/1641 Loss: 0.255083
2026-08-19 19:10: Train Epoch 25: 1160/1641 Loss: 0.230996
2026-08-19 19:10: Train Epoch 25: 1180/1641 Loss: 0.230362
2026-08-19 19:10: Train Epoch 25: 1200/1641 Loss: 0.235455
2026-08-19 19:10: Train Epoch 25: 1220/1641 Loss: 0.236228
2026-08-19 19:10: Train Epoch 25: 1240/1641 Loss: 0.230753
2026-08-19 19:10: Train Epoch 25: 1260/1641 Loss: 0.234881
2026-08-19 19:10: Train Epoch 25: 1280/1641 Loss: 0.239796
2026-08-19 19:11: Train Epoch 25: 1300/1641 Loss: 0.243872
2026-08-19 19:11: Train Epoch 25: 1320/1641 Loss: 0.220761
2026-08-19 19:11: Train Epoch 25: 1340/1641 Loss: 0.242079
2026-08-19 19:11: Train Epoch 25: 1360/1641 Loss: 0.227282
2026-08-19 19:11: Train Epoch 25: 1380/1641 Loss: 0.234492
2026-08-19 19:11: Train Epoch 25: 1400/1641 Loss: 0.254698
2026-08-19 19:11: Train Epoch 25: 1420/1641 Loss: 0.222574
2026-08-19 19:11: Train Epoch 25: 1440/1641 Loss: 0.231057
2026-08-19 19:11: Train Epoch 25: 1460/1641 Loss: 0.230437
2026-08-19 19:11: Train Epoch 25: 1480/1641 Loss: 0.245420
2026-08-19 19:11: Train Epoch 25: 1500/1641 Loss: 0.234023
2026-08-19 19:11: Train Epoch 25: 1520/1641 Loss: 0.241123
2026-08-19 19:11: Train Epoch 25: 1540/1641 Loss: 0.239610
2026-08-19 19:11: Train Epoch 25: 1560/1641 Loss: 0.237549
2026-08-19 19:11: Train Epoch 25: 1580/1641 Loss: 0.235294
2026-08-19 19:11: Train Epoch 25: 1600/1641 Loss: 0.240299
2026-08-19 19:11: Train Epoch 25: 1620/1641 Loss: 0.242953
2026-08-19 19:11: Train Epoch 25: 1640/1641 Loss: 0.245717
2026-08-19 19:11: **********Train Epoch 25: averaged Loss: 0.239111, tf_ratio: 0.000002
2026-08-19 19:12: **********Val Epoch 25: average Loss: 0.325879
2026-08-19 19:12: Train Epoch 26: 0/1641 Loss: 0.228306
2026-08-19 19:12: Train Epoch 26: 20/1641 Loss: 0.233607
2026-08-19 19:12: Train Epoch 26: 40/1641 Loss: 0.240357
2026-08-19 19:12: Train Epoch 26: 60/1641 Loss: 0.242937
2026-08-19 19:12: Train Epoch 26: 80/1641 Loss: 0.238110
2026-08-19 19:12: Train Epoch 26: 100/1641 Loss: 0.234068
2026-08-19 19:12: Train Epoch 26: 120/1641 Loss: 0.237838
2026-08-19 19:12: Train Epoch 26: 140/1641 Loss: 0.222920
2026-08-19 19:12: Train Epoch 26: 160/1641 Loss: 0.226194
2026-08-19 19:12: Train Epoch 26: 180/1641 Loss: 0.230981
2026-08-19 19:12: Train Epoch 26: 200/1641 Loss: 0.228769
2026-08-19 19:12: Train Epoch 26: 220/1641 Loss: 0.228291
2026-08-19 19:12: Train Epoch 26: 240/1641 Loss: 0.242052
2026-08-19 19:12: Train Epoch 26: 260/1641 Loss: 0.242483
2026-08-19 19:12: Train Epoch 26: 280/1641 Loss: 0.247201
2026-08-19 19:12: Train Epoch 26: 300/1641 Loss: 0.237745
2026-08-19 19:12: Train Epoch 26: 320/1641 Loss: 0.237075
2026-08-19 19:12: Train Epoch 26: 340/1641 Loss: 0.239376
2026-08-19 19:12: Train Epoch 26: 360/1641 Loss: 0.237676
2026-08-19 19:12: Train Epoch 26: 380/1641 Loss: 0.229333
2026-08-19 19:13: Train Epoch 26: 400/1641 Loss: 0.236962
2026-08-19 19:13: Train Epoch 26: 420/1641 Loss: 0.228521
2026-08-19 19:13: Train Epoch 26: 440/1641 Loss: 0.243407
2026-08-19 19:13: Train Epoch 26: 460/1641 Loss: 0.233621
2026-08-19 19:13: Train Epoch 26: 480/1641 Loss: 0.245011
2026-08-19 19:13: Train Epoch 26: 500/1641 Loss: 0.253104
2026-08-19 19:13: Train Epoch 26: 520/1641 Loss: 0.226553
2026-08-19 19:13: Train Epoch 26: 540/1641 Loss: 0.233368
2026-08-19 19:13: Train Epoch 26: 560/1641 Loss: 0.226602
2026-08-19 19:13: Train Epoch 26: 580/1641 Loss: 0.245848
2026-08-19 19:13: Train Epoch 26: 600/1641 Loss: 0.245025
2026-08-19 19:13: Train Epoch 26: 620/1641 Loss: 0.242662
2026-08-19 19:13: Train Epoch 26: 640/1641 Loss: 0.234871
2026-08-19 19:13: Train Epoch 26: 660/1641 Loss: 0.235593
2026-08-19 19:13: Train Epoch 26: 680/1641 Loss: 0.238578
2026-08-19 19:13: Train Epoch 26: 700/1641 Loss: 0.246278
2026-08-19 19:13: Train Epoch 26: 720/1641 Loss: 0.244539
2026-08-19 19:13: Train Epoch 26: 740/1641 Loss: 0.236958
2026-08-19 19:13: Train Epoch 26: 760/1641 Loss: 0.231462
2026-08-19 19:13: Train Epoch 26: 780/1641 Loss: 0.239357
2026-08-19 19:13: Train Epoch 26: 800/1641 Loss: 0.242914
2026-08-19 19:13: Train Epoch 26: 820/1641 Loss: 0.235295
2026-08-19 19:13: Train Epoch 26: 840/1641 Loss: 0.233018
2026-08-19 19:14: Train Epoch 26: 860/1641 Loss: 0.236751
2026-08-19 19:14: Train Epoch 26: 880/1641 Loss: 0.229889
2026-08-19 19:14: Train Epoch 26: 900/1641 Loss: 0.227824
2026-08-19 19:14: Train Epoch 26: 920/1641 Loss: 0.245618
2026-08-19 19:14: Train Epoch 26: 940/1641 Loss: 0.227478
2026-08-19 19:14: Train Epoch 26: 960/1641 Loss: 0.234101
2026-08-19 19:14: Train Epoch 26: 980/1641 Loss: 0.248203
2026-08-19 19:14: Train Epoch 26: 1000/1641 Loss: 0.244425
2026-08-19 19:14: Train Epoch 26: 1020/1641 Loss: 0.230282
2026-08-19 19:14: Train Epoch 26: 1040/1641 Loss: 0.250962
2026-08-19 19:14: Train Epoch 26: 1060/1641 Loss: 0.242340
2026-08-19 19:14: Train Epoch 26: 1080/1641 Loss: 0.234033
2026-08-19 19:14: Train Epoch 26: 1100/1641 Loss: 0.254997
2026-08-19 19:14: Train Epoch 26: 1120/1641 Loss: 0.236368
2026-08-19 19:14: Train Epoch 26: 1140/1641 Loss: 0.245010
2026-08-19 19:14: Train Epoch 26: 1160/1641 Loss: 0.234160
2026-08-19 19:14: Train Epoch 26: 1180/1641 Loss: 0.236949
2026-08-19 19:14: Train Epoch 26: 1200/1641 Loss: 0.248363
2026-08-19 19:14: Train Epoch 26: 1220/1641 Loss: 0.252416
2026-08-19 19:14: Train Epoch 26: 1240/1641 Loss: 0.235609
2026-08-19 19:14: Train Epoch 26: 1260/1641 Loss: 0.237815
2026-08-19 19:14: Train Epoch 26: 1280/1641 Loss: 0.230773
2026-08-19 19:14: Train Epoch 26: 1300/1641 Loss: 0.241393
2026-08-19 19:15: Train Epoch 26: 1320/1641 Loss: 0.243803
2026-08-19 19:15: Train Epoch 26: 1340/1641 Loss: 0.233753
2026-08-19 19:15: Train Epoch 26: 1360/1641 Loss: 0.237790
2026-08-19 19:15: Train Epoch 26: 1380/1641 Loss: 0.230732
2026-08-19 19:15: Train Epoch 26: 1400/1641 Loss: 0.234307
2026-08-19 19:15: Train Epoch 26: 1420/1641 Loss: 0.223782
2026-08-19 19:15: Train Epoch 26: 1440/1641 Loss: 0.239585
2026-08-19 19:15: Train Epoch 26: 1460/1641 Loss: 0.227729
2026-08-19 19:15: Train Epoch 26: 1480/1641 Loss: 0.233345
2026-08-19 19:15: Train Epoch 26: 1500/1641 Loss: 0.235632
2026-08-19 19:15: Train Epoch 26: 1520/1641 Loss: 0.227560
2026-08-19 19:15: Train Epoch 26: 1540/1641 Loss: 0.240768
2026-08-19 19:15: Train Epoch 26: 1560/1641 Loss: 0.252068
2026-08-19 19:15: Train Epoch 26: 1580/1641 Loss: 0.248201
2026-08-19 19:15: Train Epoch 26: 1600/1641 Loss: 0.255217
2026-08-19 19:15: Train Epoch 26: 1620/1641 Loss: 0.234775
2026-08-19 19:15: Train Epoch 26: 1640/1641 Loss: 0.247275
2026-08-19 19:15: **********Train Epoch 26: averaged Loss: 0.236178, tf_ratio: 0.000001
2026-08-19 19:16: **********Val Epoch 26: average Loss: 0.328006
2026-08-19 19:16: Validation performance didn't improve for 15 epochs. Training stops.
2026-08-19 19:16: Total training time: 107.9373min, best loss: 0.312248
2026-08-19 19:16: Saving current best model to /scratch/chkkar002/Diffusion_Based_STGNNs/AGCRN/model/experiments/SAWS/20260819172806/best_model.pth
2026-08-19 19:16: Horizon 01, MAE: 0.12, RMSE: 0.17, MAPE: 62.8125%
2026-08-19 19:16: Horizon 02, MAE: 0.16, RMSE: 0.22, MAPE: 85.9677%
2026-08-19 19:16: Horizon 03, MAE: 0.19, RMSE: 0.26, MAPE: 99.1095%
2026-08-19 19:16: Horizon 04, MAE: 0.21, RMSE: 0.29, MAPE: 116.9419%
2026-08-19 19:16: Horizon 05, MAE: 0.23, RMSE: 0.31, MAPE: 127.2359%
2026-08-19 19:16: Horizon 06, MAE: 0.24, RMSE: 0.33, MAPE: 131.4729%
2026-08-19 19:16: Horizon 07, MAE: 0.25, RMSE: 0.34, MAPE: 136.0210%
2026-08-19 19:16: Horizon 08, MAE: 0.26, RMSE: 0.36, MAPE: 139.8700%
2026-08-19 19:16: Horizon 09, MAE: 0.27, RMSE: 0.37, MAPE: 141.4589%
2026-08-19 19:16: Horizon 10, MAE: 0.28, RMSE: 0.38, MAPE: 142.6570%
2026-08-19 19:16: Horizon 11, MAE: 0.28, RMSE: 0.38, MAPE: 146.8175%
2026-08-19 19:16: Horizon 12, MAE: 0.29, RMSE: 0.39, MAPE: 149.4265%
2026-08-19 19:16: Horizon 13, MAE: 0.29, RMSE: 0.40, MAPE: 151.1869%
2026-08-19 19:16: Horizon 14, MAE: 0.30, RMSE: 0.40, MAPE: 151.4911%
2026-08-19 19:16: Horizon 15, MAE: 0.30, RMSE: 0.40, MAPE: 153.9542%
2026-08-19 19:16: Horizon 16, MAE: 0.30, RMSE: 0.41, MAPE: 157.1294%
2026-08-19 19:16: Horizon 17, MAE: 0.30, RMSE: 0.41, MAPE: 158.9827%
2026-08-19 19:16: Horizon 18, MAE: 0.31, RMSE: 0.42, MAPE: 162.0675%
2026-08-19 19:16: Horizon 19, MAE: 0.31, RMSE: 0.42, MAPE: 163.0166%
2026-08-19 19:16: Horizon 20, MAE: 0.31, RMSE: 0.42, MAPE: 164.4935%
2026-08-19 19:16: Horizon 21, MAE: 0.31, RMSE: 0.43, MAPE: 164.7499%
2026-08-19 19:16: Horizon 22, MAE: 0.32, RMSE: 0.43, MAPE: 165.3711%
2026-08-19 19:16: Horizon 23, MAE: 0.32, RMSE: 0.44, MAPE: 164.3874%
2026-08-19 19:16: Horizon 24, MAE: 0.32, RMSE: 0.44, MAPE: 164.0683%
2026-08-19 19:16: Horizon 25, MAE: 0.33, RMSE: 0.45, MAPE: 166.8897%
2026-08-19 19:16: Horizon 26, MAE: 0.34, RMSE: 0.46, MAPE: 168.3061%
2026-08-19 19:16: Horizon 27, MAE: 0.34, RMSE: 0.46, MAPE: 170.5125%
2026-08-19 19:16: Horizon 28, MAE: 0.35, RMSE: 0.47, MAPE: 174.2636%
2026-08-19 19:16: Horizon 29, MAE: 0.35, RMSE: 0.47, MAPE: 178.2472%
2026-08-19 19:16: Horizon 30, MAE: 0.36, RMSE: 0.48, MAPE: 180.3358%
2026-08-19 19:16: Horizon 31, MAE: 0.36, RMSE: 0.48, MAPE: 182.0978%
2026-08-19 19:16: Horizon 32, MAE: 0.36, RMSE: 0.48, MAPE: 180.6464%
2026-08-19 19:16: Horizon 33, MAE: 0.36, RMSE: 0.49, MAPE: 178.9157%
2026-08-19 19:16: Horizon 34, MAE: 0.37, RMSE: 0.49, MAPE: 179.6239%
2026-08-19 19:16: Horizon 35, MAE: 0.37, RMSE: 0.50, MAPE: 182.6410%
2026-08-19 19:16: Horizon 36, MAE: 0.37, RMSE: 0.50, MAPE: 184.8717%
2026-08-19 19:16: Horizon 37, MAE: 0.37, RMSE: 0.50, MAPE: 183.9930%
2026-08-19 19:16: Horizon 38, MAE: 0.38, RMSE: 0.50, MAPE: 185.1937%
2026-08-19 19:16: Horizon 39, MAE: 0.38, RMSE: 0.50, MAPE: 185.4875%
2026-08-19 19:16: Horizon 40, MAE: 0.38, RMSE: 0.51, MAPE: 184.8353%
2026-08-19 19:16: Horizon 41, MAE: 0.38, RMSE: 0.51, MAPE: 186.5101%
2026-08-19 19:16: Horizon 42, MAE: 0.38, RMSE: 0.51, MAPE: 188.5786%
2026-08-19 19:16: Horizon 43, MAE: 0.38, RMSE: 0.51, MAPE: 192.8596%
2026-08-19 19:16: Horizon 44, MAE: 0.38, RMSE: 0.51, MAPE: 195.8721%
2026-08-19 19:16: Horizon 45, MAE: 0.38, RMSE: 0.51, MAPE: 199.0159%
2026-08-19 19:16: Horizon 46, MAE: 0.38, RMSE: 0.51, MAPE: 200.4789%
2026-08-19 19:16: Horizon 47, MAE: 0.39, RMSE: 0.52, MAPE: 199.3365%
2026-08-19 19:16: Horizon 48, MAE: 0.39, RMSE: 0.52, MAPE: 202.3009%
2026-08-19 19:16: Average Horizon, MAE: 0.32, RMSE: 0.44, MAPE: 163.1819%
2026-08-19 19:16: VPT (threshold=0.50): mean=7.21 steps, median=4.00, std=9.62, range=[0, 48]
wandb: updating run metadata
wandb: uploading output.log; uploading wandb-summary.json; uploading config.yaml
wandb: uploading output.log
wandb: 
wandb: Run history:
wandb:          epoch ▁▁▁▁▂▂▂▂▂▂▃▃▃▃▃▄▄▄▄▄▄▄▅▅▅▅▆▆▆▆▆▇▇▇▇▇▇███
wandb:     train/loss █▄▄▄▃▃▃▃▃▃▃▃▂▂▂▂▂▂▂▂▁▁▁▁▁▁
wandb: train/tf_ratio ██████▇▆▅▃▂▂▁▁▁▁▁▁▁▁▁▁▁▁▁▁
wandb:       val/loss █▅▄▃▂▁▂▁▂▃▁▁▁▂▂▂▃▂▂▃▃▃▃▃▃▄
wandb: 
wandb: Run summary:
wandb:     best_val_loss 0.31225
wandb:             epoch 26
wandb:      test_vpt_max 48
wandb:     test_vpt_mean 7.21285
wandb:   test_vpt_median 4
wandb:      test_vpt_min 0
wandb:      test_vpt_std 9.62219
wandb:        train/loss 0.23618
wandb:    train/tf_ratio 0.0
wandb: training_time_min 107.93732
wandb:                +1 ...
wandb: 
wandb: 🚀 View run AGCRN_realval at: https://wandb.ai/chkkar002-university-of-cape-town/stgnn-weather/runs/gmtjwi6k
wandb: ⭐️ View project at: https://wandb.ai/chkkar002-university-of-cape-town/stgnn-weather
wandb: Synced 5 W&B file(s), 0 media file(s), 0 artifact file(s) and 0 other file(s)
wandb: Find logs at: ./wandb/run-20260819_172806-gmtjwi6k/logs
/scratch/chkkar002/Diffusion_Based_STGNNs/AGCRN
Read configuration file: ./SAWS_AGCRN.conf
*****************Model Parameter*****************
node_embeddings torch.Size([32, 30]) True
encoder.dcrnn_cells.0.gate.weights_pool torch.Size([30, 2, 65, 128]) True
encoder.dcrnn_cells.0.gate.bias_pool torch.Size([30, 128]) True
encoder.dcrnn_cells.0.update.weights_pool torch.Size([30, 2, 65, 64]) True
encoder.dcrnn_cells.0.update.bias_pool torch.Size([30, 64]) True
encoder.dcrnn_cells.1.gate.weights_pool torch.Size([30, 2, 128, 128]) True
encoder.dcrnn_cells.1.gate.bias_pool torch.Size([30, 128]) True
encoder.dcrnn_cells.1.update.weights_pool torch.Size([30, 2, 128, 64]) True
encoder.dcrnn_cells.1.update.bias_pool torch.Size([30, 64]) True
end_conv.weight torch.Size([48, 1, 1, 64]) True
end_conv.bias torch.Size([48]) True
Total params num: 2238960
*****************Finish Parameter****************
Load SAWS Dataset shaped:  (87672, 32, 1) 45.6 -10.2 17.35272 17.6
Normalize the dataset by Standard Normalization
[[[ 0.65075815]
  [ 0.44590002]
  [ 0.562962  ]
  ...
  [ 0.94341266]
  [ 0.25567472]
  [ 0.70928925]]

 [[ 0.5775945 ]
  [ 0.41663474]
  [ 0.5336964 ]
  ...
  [ 0.9726782 ]
  [ 0.0654491 ]
  [ 0.73855454]]

 [[ 0.68002367]
  [ 0.40200198]
  [ 0.43126726]
  ...
  [ 1.0019438 ]
  [ 0.02155104]
  [ 0.6653909 ]]

 ...

 [[ 1.4409256 ]
  [ 1.367762  ]
  [ 0.12398023]
  ...
  [-0.22720526]
  [-0.47596157]
  [ 1.1482711 ]]

 [[ 0.987311  ]
  [ 0.5044309 ]
  [-0.19793984]
  ...
  [-0.3003689 ]
  [-0.47596157]
  [ 0.43126726]]

 [[ 0.562962  ]
  [ 0.10934745]
  [-0.31500167]
  ...
  [-0.3003689 ]
  [-0.46132892]
  [ 0.13861273]]]
[[[ 0.35810363]
  [-0.08087815]
  [-0.3588999 ]
  ...
  [-0.27110347]
  [-0.47596157]
  [ 0.09471467]]

 [[ 0.1678783 ]
  [-0.24183805]
  [-0.3442671 ]
  ...
  [-0.22720526]
  [-0.46132892]
  [ 0.09471467]]

 [[ 0.0508166 ]
  [-0.41743073]
  [-0.31500167]
  ...
  [-0.22720526]
  [-0.46132892]
  [ 0.00691826]]

 ...

 [[ 0.15324551]
  [ 0.562962  ]
  [ 0.35810363]
  ...
  [ 0.24104193]
  [-0.05161259]
  [ 0.8263509 ]]

 [[ 0.18251108]
  [ 0.8263509 ]
  [ 0.51906365]
  ...
  [ 0.27030748]
  [ 0.21177636]
  [ 0.987311  ]]

 [[ 0.22640914]
  [ 1.0458418 ]
  [ 0.62149286]
  ...
  [ 0.3873692 ]
  [ 0.3727364 ]
  [ 1.0897399 ]]]
[[[ 0.24104193]
  [ 1.2799655 ]
  [ 0.65075815]
  ...
  [ 0.25567472]
  [ 0.44590002]
  [ 1.2507    ]]

 [[ 0.25567472]
  [ 1.5433545 ]
  [ 1.0312091 ]
  ...
  [ 0.3873692 ]
  [ 0.6361256 ]
  [ 1.3531291 ]]

 [[ 0.40200198]
  [ 1.5140892 ]
  [ 1.0458418 ]
  ...
  [ 0.4751656 ]
  [ 0.8263509 ]
  [ 1.5287217 ]]

 ...

 [[ 0.7970854 ]
  [-0.21257262]
  [ 0.15324551]
  ...
  [ 0.01021216]
  [-0.53449255]
  [ 0.6946565 ]]

 [[ 0.84098375]
  [-0.24183805]
  [-0.21257262]
  ...
  [-0.0762016 ]
  [-0.5930234 ]
  [ 0.10934745]]

 [[ 0.87024903]
  [-0.3003689 ]
  [-0.22720526]
  ...
  [ 0.02092865]
  [-0.6808198 ]
  [-0.00771452]]]
Train:  (52533, 24, 32, 1) (52533, 48, 32, 1)
Val:  (17463, 24, 32, 1) (17463, 48, 32, 1)
Test:  (17463, 24, 32, 1) (17463, 48, 32, 1)
mae
Creat Log File in:  /scratch/chkkar002/Diffusion_Based_STGNNs/AGCRN/model/experiments/SAWS/20260819172806/run.log
=================================================================
Running Run.py | Seed: 1 | Teacher Forcing: False
=================================================================
/scratch/chkkar002/Diffusion_Based_STGNNs/AGCRN/lib/dataloader.py:80: UserWarning: The torch.cuda.*DtypeTensor constructors are no longer recommended. It's best to use methods such as torch.tensor(data, dtype=*, device='cuda') to create tensors. (Triggered internally at /pytorch/torch/csrc/tensor/python_tensor.cpp:78.)
  X, Y = TensorFloat(X), TensorFloat(Y)
wandb: [wandb.login()] Loaded credentials for https://api.wandb.ai from /home/chkkar002/.netrc.
wandb: Currently logged in as: chkkar002 (chkkar002-university-of-cape-town) to https://api.wandb.ai. Use `wandb login --relogin` to force relogin
wandb: WARNING Using a boolean value for 'reinit' is deprecated. Use 'return_previous' or 'finish_previous' instead.
wandb: Tracking run with wandb version 0.26.1
wandb: Run data is saved locally in /scratch/chkkar002/Diffusion_Based_STGNNs/AGCRN/model/wandb/run-20260819_191639-qivo7uy1
wandb: Run `wandb offline` to turn off syncing.
wandb: Syncing run AGCRN_realval
wandb: ⭐️ View project at https://wandb.ai/chkkar002-university-of-cape-town/stgnn-weather
wandb: 🚀 View run at https://wandb.ai/chkkar002-university-of-cape-town/stgnn-weather/runs/qivo7uy1
2026-08-19 19:16: Experiment log path in: /scratch/chkkar002/Diffusion_Based_STGNNs/AGCRN/model/experiments/SAWS/20260819191638
2026-08-19 19:16: Train Epoch 1: 0/1641 Loss: 0.926284
2026-08-19 19:16: Train Epoch 1: 20/1641 Loss: 0.894809
2026-08-19 19:16: Train Epoch 1: 40/1641 Loss: 0.904683
2026-08-19 19:16: Train Epoch 1: 60/1641 Loss: 0.832522
2026-08-19 19:16: Train Epoch 1: 80/1641 Loss: 0.760875
2026-08-19 19:16: Train Epoch 1: 100/1641 Loss: 0.792623
2026-08-19 19:16: Train Epoch 1: 120/1641 Loss: 0.815531
2026-08-19 19:17: Train Epoch 1: 140/1641 Loss: 0.736834
2026-08-19 19:17: Train Epoch 1: 160/1641 Loss: 0.716444
2026-08-19 19:17: Train Epoch 1: 180/1641 Loss: 0.751021
2026-08-19 19:17: Train Epoch 1: 200/1641 Loss: 0.737123
2026-08-19 19:17: Train Epoch 1: 220/1641 Loss: 0.676403
2026-08-19 19:17: Train Epoch 1: 240/1641 Loss: 0.757156
2026-08-19 19:17: Train Epoch 1: 260/1641 Loss: 0.710945
2026-08-19 19:17: Train Epoch 1: 280/1641 Loss: 0.720258
2026-08-19 19:17: Train Epoch 1: 300/1641 Loss: 0.653549
2026-08-19 19:17: Train Epoch 1: 320/1641 Loss: 0.643889
2026-08-19 19:17: Train Epoch 1: 340/1641 Loss: 0.563612
2026-08-19 19:17: Train Epoch 1: 360/1641 Loss: 0.574081
2026-08-19 19:17: Train Epoch 1: 380/1641 Loss: 0.529970
2026-08-19 19:17: Train Epoch 1: 400/1641 Loss: 0.528160
2026-08-19 19:17: Train Epoch 1: 420/1641 Loss: 0.533330
2026-08-19 19:17: Train Epoch 1: 440/1641 Loss: 0.488292
2026-08-19 19:17: Train Epoch 1: 460/1641 Loss: 0.511636
2026-08-19 19:17: Train Epoch 1: 480/1641 Loss: 0.471993
2026-08-19 19:17: Train Epoch 1: 500/1641 Loss: 0.489169
2026-08-19 19:17: Train Epoch 1: 520/1641 Loss: 0.489659
2026-08-19 19:17: Train Epoch 1: 540/1641 Loss: 0.492004
2026-08-19 19:17: Train Epoch 1: 560/1641 Loss: 0.503347
2026-08-19 19:17: Train Epoch 1: 580/1641 Loss: 0.428124
2026-08-19 19:18: Train Epoch 1: 600/1641 Loss: 0.486149
2026-08-19 19:18: Train Epoch 1: 620/1641 Loss: 0.490247
2026-08-19 19:18: Train Epoch 1: 640/1641 Loss: 0.502935
2026-08-19 19:18: Train Epoch 1: 660/1641 Loss: 0.513421
2026-08-19 19:18: Train Epoch 1: 680/1641 Loss: 0.477293
2026-08-19 19:18: Train Epoch 1: 700/1641 Loss: 0.495401
2026-08-19 19:18: Train Epoch 1: 720/1641 Loss: 0.490841
2026-08-19 19:18: Train Epoch 1: 740/1641 Loss: 0.488591
2026-08-19 19:18: Train Epoch 1: 760/1641 Loss: 0.448693
2026-08-19 19:18: Train Epoch 1: 780/1641 Loss: 0.478147
2026-08-19 19:18: Train Epoch 1: 800/1641 Loss: 0.475381
2026-08-19 19:18: Train Epoch 1: 820/1641 Loss: 0.486323
2026-08-19 19:18: Train Epoch 1: 840/1641 Loss: 0.524592
2026-08-19 19:18: Train Epoch 1: 860/1641 Loss: 0.472690
2026-08-19 19:18: Train Epoch 1: 880/1641 Loss: 0.482018
2026-08-19 19:18: Train Epoch 1: 900/1641 Loss: 0.459580
2026-08-19 19:18: Train Epoch 1: 920/1641 Loss: 0.448463
2026-08-19 19:18: Train Epoch 1: 940/1641 Loss: 0.444806
2026-08-19 19:18: Train Epoch 1: 960/1641 Loss: 0.442897
2026-08-19 19:18: Train Epoch 1: 980/1641 Loss: 0.488268
2026-08-19 19:18: Train Epoch 1: 1000/1641 Loss: 0.454615
2026-08-19 19:18: Train Epoch 1: 1020/1641 Loss: 0.487263
2026-08-19 19:19: Train Epoch 1: 1040/1641 Loss: 0.465507
2026-08-19 19:19: Train Epoch 1: 1060/1641 Loss: 0.476061
2026-08-19 19:19: Train Epoch 1: 1080/1641 Loss: 0.439453
2026-08-19 19:19: Train Epoch 1: 1100/1641 Loss: 0.467350
2026-08-19 19:19: Train Epoch 1: 1120/1641 Loss: 0.488444
2026-08-19 19:19: Train Epoch 1: 1140/1641 Loss: 0.437136
2026-08-19 19:19: Train Epoch 1: 1160/1641 Loss: 0.472002
2026-08-19 19:19: Train Epoch 1: 1180/1641 Loss: 0.508907
2026-08-19 19:19: Train Epoch 1: 1200/1641 Loss: 0.439651
2026-08-19 19:19: Train Epoch 1: 1220/1641 Loss: 0.468812
2026-08-19 19:19: Train Epoch 1: 1240/1641 Loss: 0.456523
2026-08-19 19:19: Train Epoch 1: 1260/1641 Loss: 0.440973
2026-08-19 19:19: Train Epoch 1: 1280/1641 Loss: 0.444963
2026-08-19 19:19: Train Epoch 1: 1300/1641 Loss: 0.461686
2026-08-19 19:19: Train Epoch 1: 1320/1641 Loss: 0.479733
2026-08-19 19:19: Train Epoch 1: 1340/1641 Loss: 0.472964
2026-08-19 19:19: Train Epoch 1: 1360/1641 Loss: 0.428637
2026-08-19 19:19: Train Epoch 1: 1380/1641 Loss: 0.478629
2026-08-19 19:19: Train Epoch 1: 1400/1641 Loss: 0.456348
2026-08-19 19:19: Train Epoch 1: 1420/1641 Loss: 0.428090
2026-08-19 19:19: Train Epoch 1: 1440/1641 Loss: 0.437280
2026-08-19 19:19: Train Epoch 1: 1460/1641 Loss: 0.449112
2026-08-19 19:20: Train Epoch 1: 1480/1641 Loss: 0.443094
2026-08-19 19:20: Train Epoch 1: 1500/1641 Loss: 0.443594
2026-08-19 19:20: Train Epoch 1: 1520/1641 Loss: 0.475550
2026-08-19 19:20: Train Epoch 1: 1540/1641 Loss: 0.439069
2026-08-19 19:20: Train Epoch 1: 1560/1641 Loss: 0.443342
2026-08-19 19:20: Train Epoch 1: 1580/1641 Loss: 0.468364
2026-08-19 19:20: Train Epoch 1: 1600/1641 Loss: 0.438068
2026-08-19 19:20: Train Epoch 1: 1620/1641 Loss: 0.404695
2026-08-19 19:20: Train Epoch 1: 1640/1641 Loss: 0.457486
2026-08-19 19:20: **********Train Epoch 1: averaged Loss: 0.535220, tf_ratio: 0.998866
2026-08-19 19:20: **********Val Epoch 1: average Loss: 0.428728
2026-08-19 19:20: *********************************Current best model saved!
2026-08-19 19:20: Train Epoch 2: 0/1641 Loss: 0.432356
2026-08-19 19:20: Train Epoch 2: 20/1641 Loss: 0.448305
2026-08-19 19:20: Train Epoch 2: 40/1641 Loss: 0.423958
2026-08-19 19:20: Train Epoch 2: 60/1641 Loss: 0.416263
2026-08-19 19:20: Train Epoch 2: 80/1641 Loss: 0.451322
2026-08-19 19:21: Train Epoch 2: 100/1641 Loss: 0.483878
2026-08-19 19:21: Train Epoch 2: 120/1641 Loss: 0.421194
2026-08-19 19:21: Train Epoch 2: 140/1641 Loss: 0.413168
2026-08-19 19:21: Train Epoch 2: 160/1641 Loss: 0.461514
2026-08-19 19:21: Train Epoch 2: 180/1641 Loss: 0.466683
2026-08-19 19:21: Train Epoch 2: 200/1641 Loss: 0.403927
2026-08-19 19:21: Train Epoch 2: 220/1641 Loss: 0.459627
2026-08-19 19:21: Train Epoch 2: 240/1641 Loss: 0.427145
2026-08-19 19:21: Train Epoch 2: 260/1641 Loss: 0.455051
2026-08-19 19:21: Train Epoch 2: 280/1641 Loss: 0.440515
2026-08-19 19:21: Train Epoch 2: 300/1641 Loss: 0.474210
2026-08-19 19:21: Train Epoch 2: 320/1641 Loss: 0.482830
2026-08-19 19:21: Train Epoch 2: 340/1641 Loss: 0.425644
2026-08-19 19:21: Train Epoch 2: 360/1641 Loss: 0.442006
2026-08-19 19:21: Train Epoch 2: 380/1641 Loss: 0.471942
2026-08-19 19:21: Train Epoch 2: 400/1641 Loss: 0.463808
2026-08-19 19:21: Train Epoch 2: 420/1641 Loss: 0.447383
2026-08-19 19:21: Train Epoch 2: 440/1641 Loss: 0.456708
2026-08-19 19:21: Train Epoch 2: 460/1641 Loss: 0.481275
2026-08-19 19:21: Train Epoch 2: 480/1641 Loss: 0.408152
2026-08-19 19:21: Train Epoch 2: 500/1641 Loss: 0.450514
2026-08-19 19:21: Train Epoch 2: 520/1641 Loss: 0.422079
2026-08-19 19:22: Train Epoch 2: 540/1641 Loss: 0.435311
2026-08-19 19:22: Train Epoch 2: 560/1641 Loss: 0.433345
2026-08-19 19:22: Train Epoch 2: 580/1641 Loss: 0.429663
2026-08-19 19:22: Train Epoch 2: 600/1641 Loss: 0.431240
2026-08-19 19:22: Train Epoch 2: 620/1641 Loss: 0.449172
2026-08-19 19:22: Train Epoch 2: 640/1641 Loss: 0.420517
2026-08-19 19:22: Train Epoch 2: 660/1641 Loss: 0.436707
2026-08-19 19:22: Train Epoch 2: 680/1641 Loss: 0.409542
2026-08-19 19:22: Train Epoch 2: 700/1641 Loss: 0.423275
2026-08-19 19:22: Train Epoch 2: 720/1641 Loss: 0.413312
2026-08-19 19:22: Train Epoch 2: 740/1641 Loss: 0.419461
2026-08-19 19:22: Train Epoch 2: 760/1641 Loss: 0.453107
2026-08-19 19:22: Train Epoch 2: 780/1641 Loss: 0.451073
2026-08-19 19:22: Train Epoch 2: 800/1641 Loss: 0.404052
2026-08-19 19:22: Train Epoch 2: 820/1641 Loss: 0.483041
2026-08-19 19:22: Train Epoch 2: 840/1641 Loss: 0.435406
2026-08-19 19:22: Train Epoch 2: 860/1641 Loss: 0.452445
2026-08-19 19:22: Train Epoch 2: 880/1641 Loss: 0.470719
2026-08-19 19:22: Train Epoch 2: 900/1641 Loss: 0.457628
2026-08-19 19:22: Train Epoch 2: 920/1641 Loss: 0.427165
2026-08-19 19:22: Train Epoch 2: 940/1641 Loss: 0.449600
2026-08-19 19:23: Train Epoch 2: 960/1641 Loss: 0.384788
2026-08-19 19:23: Train Epoch 2: 980/1641 Loss: 0.440077
2026-08-19 19:23: Train Epoch 2: 1000/1641 Loss: 0.478913
2026-08-19 19:23: Train Epoch 2: 1020/1641 Loss: 0.494745
2026-08-19 19:23: Train Epoch 2: 1040/1641 Loss: 0.437694
2026-08-19 19:23: Train Epoch 2: 1060/1641 Loss: 0.455229
2026-08-19 19:23: Train Epoch 2: 1080/1641 Loss: 0.432165
2026-08-19 19:23: Train Epoch 2: 1100/1641 Loss: 0.406034
2026-08-19 19:23: Train Epoch 2: 1120/1641 Loss: 0.462351
2026-08-19 19:23: Train Epoch 2: 1140/1641 Loss: 0.434728
2026-08-19 19:23: Train Epoch 2: 1160/1641 Loss: 0.430105
2026-08-19 19:23: Train Epoch 2: 1180/1641 Loss: 0.418547
2026-08-19 19:23: Train Epoch 2: 1200/1641 Loss: 0.465572
2026-08-19 19:23: Train Epoch 2: 1220/1641 Loss: 0.427407
2026-08-19 19:23: Train Epoch 2: 1240/1641 Loss: 0.430080
2026-08-19 19:23: Train Epoch 2: 1260/1641 Loss: 0.449139
2026-08-19 19:23: Train Epoch 2: 1280/1641 Loss: 0.427047
2026-08-19 19:23: Train Epoch 2: 1300/1641 Loss: 0.438704
2026-08-19 19:23: Train Epoch 2: 1320/1641 Loss: 0.434815
2026-08-19 19:23: Train Epoch 2: 1340/1641 Loss: 0.446486
2026-08-19 19:23: Train Epoch 2: 1360/1641 Loss: 0.412288
2026-08-19 19:24: Train Epoch 2: 1380/1641 Loss: 0.468227
2026-08-19 19:24: Train Epoch 2: 1400/1641 Loss: 0.442104
2026-08-19 19:24: Train Epoch 2: 1420/1641 Loss: 0.436401
2026-08-19 19:24: Train Epoch 2: 1440/1641 Loss: 0.405880
2026-08-19 19:24: Train Epoch 2: 1460/1641 Loss: 0.458264
2026-08-19 19:24: Train Epoch 2: 1480/1641 Loss: 0.434167
2026-08-19 19:24: Train Epoch 2: 1500/1641 Loss: 0.419221
2026-08-19 19:24: Train Epoch 2: 1520/1641 Loss: 0.445576
2026-08-19 19:24: Train Epoch 2: 1540/1641 Loss: 0.430955
2026-08-19 19:24: Train Epoch 2: 1560/1641 Loss: 0.408482
2026-08-19 19:24: Train Epoch 2: 1580/1641 Loss: 0.428658
2026-08-19 19:24: Train Epoch 2: 1600/1641 Loss: 0.429981
2026-08-19 19:24: Train Epoch 2: 1620/1641 Loss: 0.454136
2026-08-19 19:24: Train Epoch 2: 1640/1641 Loss: 0.458145
2026-08-19 19:24: **********Train Epoch 2: averaged Loss: 0.442402, tf_ratio: 0.997428
2026-08-19 19:25: **********Val Epoch 2: average Loss: 0.416246
2026-08-19 19:25: *********************************Current best model saved!
2026-08-19 19:25: Train Epoch 3: 0/1641 Loss: 0.442620
2026-08-19 19:25: Train Epoch 3: 20/1641 Loss: 0.456992
2026-08-19 19:25: Train Epoch 3: 40/1641 Loss: 0.428077
2026-08-19 19:25: Train Epoch 3: 60/1641 Loss: 0.440359
2026-08-19 19:25: Train Epoch 3: 80/1641 Loss: 0.427007
2026-08-19 19:25: Train Epoch 3: 100/1641 Loss: 0.421689
2026-08-19 19:25: Train Epoch 3: 120/1641 Loss: 0.456624
2026-08-19 19:25: Train Epoch 3: 140/1641 Loss: 0.433645
2026-08-19 19:25: Train Epoch 3: 160/1641 Loss: 0.445976
2026-08-19 19:25: Train Epoch 3: 180/1641 Loss: 0.410197
2026-08-19 19:25: Train Epoch 3: 200/1641 Loss: 0.403094
2026-08-19 19:25: Train Epoch 3: 220/1641 Loss: 0.439182
2026-08-19 19:25: Train Epoch 3: 240/1641 Loss: 0.415891
2026-08-19 19:25: Train Epoch 3: 260/1641 Loss: 0.458349
2026-08-19 19:25: Train Epoch 3: 280/1641 Loss: 0.414070
2026-08-19 19:25: Train Epoch 3: 300/1641 Loss: 0.406470
2026-08-19 19:25: Train Epoch 3: 320/1641 Loss: 0.440291
2026-08-19 19:25: Train Epoch 3: 340/1641 Loss: 0.437182
2026-08-19 19:25: Train Epoch 3: 360/1641 Loss: 0.432117
2026-08-19 19:25: Train Epoch 3: 380/1641 Loss: 0.435763
2026-08-19 19:25: Train Epoch 3: 400/1641 Loss: 0.432498
2026-08-19 19:26: Train Epoch 3: 420/1641 Loss: 0.438751
2026-08-19 19:26: Train Epoch 3: 440/1641 Loss: 0.428455
2026-08-19 19:26: Train Epoch 3: 460/1641 Loss: 0.462892
2026-08-19 19:26: Train Epoch 3: 480/1641 Loss: 0.408314
2026-08-19 19:26: Train Epoch 3: 500/1641 Loss: 0.392361
2026-08-19 19:26: Train Epoch 3: 520/1641 Loss: 0.420335
2026-08-19 19:26: Train Epoch 3: 540/1641 Loss: 0.445744
2026-08-19 19:26: Train Epoch 3: 560/1641 Loss: 0.419945
2026-08-19 19:26: Train Epoch 3: 580/1641 Loss: 0.405347
2026-08-19 19:26: Train Epoch 3: 600/1641 Loss: 0.426862
2026-08-19 19:26: Train Epoch 3: 620/1641 Loss: 0.417904
2026-08-19 19:26: Train Epoch 3: 640/1641 Loss: 0.426292
2026-08-19 19:26: Train Epoch 3: 660/1641 Loss: 0.452448
2026-08-19 19:26: Train Epoch 3: 680/1641 Loss: 0.388534
2026-08-19 19:26: Train Epoch 3: 700/1641 Loss: 0.411701
2026-08-19 19:26: Train Epoch 3: 720/1641 Loss: 0.431406
2026-08-19 19:26: Train Epoch 3: 740/1641 Loss: 0.428913
2026-08-19 19:26: Train Epoch 3: 760/1641 Loss: 0.440371
2026-08-19 19:26: Train Epoch 3: 780/1641 Loss: 0.448364
2026-08-19 19:26: Train Epoch 3: 800/1641 Loss: 0.445834
2026-08-19 19:26: Train Epoch 3: 820/1641 Loss: 0.442741
2026-08-19 19:26: Train Epoch 3: 840/1641 Loss: 0.405996
2026-08-19 19:27: Train Epoch 3: 860/1641 Loss: 0.429549
2026-08-19 19:27: Train Epoch 3: 880/1641 Loss: 0.452620
2026-08-19 19:27: Train Epoch 3: 900/1641 Loss: 0.438381
2026-08-19 19:27: Train Epoch 3: 920/1641 Loss: 0.463964
2026-08-19 19:27: Train Epoch 3: 940/1641 Loss: 0.408486
2026-08-19 19:27: Train Epoch 3: 960/1641 Loss: 0.425720
2026-08-19 19:27: Train Epoch 3: 980/1641 Loss: 0.467783
2026-08-19 19:27: Train Epoch 3: 1000/1641 Loss: 0.409840
2026-08-19 19:27: Train Epoch 3: 1020/1641 Loss: 0.413658
2026-08-19 19:27: Train Epoch 3: 1040/1641 Loss: 0.443682
2026-08-19 19:27: Train Epoch 3: 1060/1641 Loss: 0.408730
2026-08-19 19:27: Train Epoch 3: 1080/1641 Loss: 0.431274
2026-08-19 19:27: Train Epoch 3: 1100/1641 Loss: 0.419527
2026-08-19 19:27: Train Epoch 3: 1120/1641 Loss: 0.437266
2026-08-19 19:27: Train Epoch 3: 1140/1641 Loss: 0.435681
2026-08-19 19:27: Train Epoch 3: 1160/1641 Loss: 0.450738
2026-08-19 19:27: Train Epoch 3: 1180/1641 Loss: 0.423436
2026-08-19 19:27: Train Epoch 3: 1200/1641 Loss: 0.416097
2026-08-19 19:27: Train Epoch 3: 1220/1641 Loss: 0.387574
2026-08-19 19:27: Train Epoch 3: 1240/1641 Loss: 0.413213
2026-08-19 19:27: Train Epoch 3: 1260/1641 Loss: 0.412822
2026-08-19 19:28: Train Epoch 3: 1280/1641 Loss: 0.413580
2026-08-19 19:28: Train Epoch 3: 1300/1641 Loss: 0.464502
2026-08-19 19:28: Train Epoch 3: 1320/1641 Loss: 0.436415
2026-08-19 19:28: Train Epoch 3: 1340/1641 Loss: 0.418553
2026-08-19 19:28: Train Epoch 3: 1360/1641 Loss: 0.389652
2026-08-19 19:28: Train Epoch 3: 1380/1641 Loss: 0.453918
2026-08-19 19:28: Train Epoch 3: 1400/1641 Loss: 0.449509
2026-08-19 19:28: Train Epoch 3: 1420/1641 Loss: 0.410780
2026-08-19 19:28: Train Epoch 3: 1440/1641 Loss: 0.385870
2026-08-19 19:28: Train Epoch 3: 1460/1641 Loss: 0.426513
2026-08-19 19:28: Train Epoch 3: 1480/1641 Loss: 0.412354
2026-08-19 19:28: Train Epoch 3: 1500/1641 Loss: 0.429071
2026-08-19 19:28: Train Epoch 3: 1520/1641 Loss: 0.384377
2026-08-19 19:28: Train Epoch 3: 1540/1641 Loss: 0.459631
2026-08-19 19:28: Train Epoch 3: 1560/1641 Loss: 0.430744
2026-08-19 19:28: Train Epoch 3: 1580/1641 Loss: 0.462487
2026-08-19 19:28: Train Epoch 3: 1600/1641 Loss: 0.397594
2026-08-19 19:28: Train Epoch 3: 1620/1641 Loss: 0.430947
2026-08-19 19:28: Train Epoch 3: 1640/1641 Loss: 0.419989
2026-08-19 19:28: **********Train Epoch 3: averaged Loss: 0.430077, tf_ratio: 0.994176
2026-08-19 19:29: **********Val Epoch 3: average Loss: 0.409272
2026-08-19 19:29: *********************************Current best model saved!
2026-08-19 19:29: Train Epoch 4: 0/1641 Loss: 0.418520
2026-08-19 19:29: Train Epoch 4: 20/1641 Loss: 0.416379
2026-08-19 19:29: Train Epoch 4: 40/1641 Loss: 0.395400
2026-08-19 19:29: Train Epoch 4: 60/1641 Loss: 0.382798
2026-08-19 19:29: Train Epoch 4: 80/1641 Loss: 0.419268
2026-08-19 19:29: Train Epoch 4: 100/1641 Loss: 0.453016
2026-08-19 19:29: Train Epoch 4: 120/1641 Loss: 0.429308
2026-08-19 19:29: Train Epoch 4: 140/1641 Loss: 0.438674
2026-08-19 19:29: Train Epoch 4: 160/1641 Loss: 0.403827
2026-08-19 19:29: Train Epoch 4: 180/1641 Loss: 0.389104
2026-08-19 19:29: Train Epoch 4: 200/1641 Loss: 0.455441
2026-08-19 19:29: Train Epoch 4: 220/1641 Loss: 0.428421
2026-08-19 19:29: Train Epoch 4: 240/1641 Loss: 0.409282
2026-08-19 19:29: Train Epoch 4: 260/1641 Loss: 0.418835
2026-08-19 19:29: Train Epoch 4: 280/1641 Loss: 0.436141
2026-08-19 19:29: Train Epoch 4: 300/1641 Loss: 0.431805
2026-08-19 19:30: Train Epoch 4: 320/1641 Loss: 0.423436
2026-08-19 19:30: Train Epoch 4: 340/1641 Loss: 0.407776
2026-08-19 19:30: Train Epoch 4: 360/1641 Loss: 0.434328
2026-08-19 19:30: Train Epoch 4: 380/1641 Loss: 0.454654
2026-08-19 19:30: Train Epoch 4: 400/1641 Loss: 0.431227
2026-08-19 19:30: Train Epoch 4: 420/1641 Loss: 0.416239
2026-08-19 19:30: Train Epoch 4: 440/1641 Loss: 0.417682
2026-08-19 19:30: Train Epoch 4: 460/1641 Loss: 0.398946
2026-08-19 19:30: Train Epoch 4: 480/1641 Loss: 0.472454
2026-08-19 19:30: Train Epoch 4: 500/1641 Loss: 0.418884
2026-08-19 19:30: Train Epoch 4: 520/1641 Loss: 0.427868
2026-08-19 19:30: Train Epoch 4: 540/1641 Loss: 0.424217
2026-08-19 19:30: Train Epoch 4: 560/1641 Loss: 0.415740
2026-08-19 19:30: Train Epoch 4: 580/1641 Loss: 0.385368
2026-08-19 19:30: Train Epoch 4: 600/1641 Loss: 0.419582
2026-08-19 19:30: Train Epoch 4: 620/1641 Loss: 0.416956
2026-08-19 19:30: Train Epoch 4: 640/1641 Loss: 0.442853
2026-08-19 19:30: Train Epoch 4: 660/1641 Loss: 0.417080
2026-08-19 19:30: Train Epoch 4: 680/1641 Loss: 0.443007
2026-08-19 19:30: Train Epoch 4: 700/1641 Loss: 0.458339
2026-08-19 19:30: Train Epoch 4: 720/1641 Loss: 0.433506
2026-08-19 19:31: Train Epoch 4: 740/1641 Loss: 0.408162
2026-08-19 19:31: Train Epoch 4: 760/1641 Loss: 0.436197
2026-08-19 19:31: Train Epoch 4: 780/1641 Loss: 0.377999
2026-08-19 19:31: Train Epoch 4: 800/1641 Loss: 0.410665
2026-08-19 19:31: Train Epoch 4: 820/1641 Loss: 0.414417
2026-08-19 19:31: Train Epoch 4: 840/1641 Loss: 0.426122
2026-08-19 19:31: Train Epoch 4: 860/1641 Loss: 0.402061
2026-08-19 19:31: Train Epoch 4: 880/1641 Loss: 0.435537
2026-08-19 19:31: Train Epoch 4: 900/1641 Loss: 0.399941
2026-08-19 19:31: Train Epoch 4: 920/1641 Loss: 0.428213
2026-08-19 19:31: Train Epoch 4: 940/1641 Loss: 0.439500
2026-08-19 19:31: Train Epoch 4: 960/1641 Loss: 0.415003
2026-08-19 19:31: Train Epoch 4: 980/1641 Loss: 0.396651
2026-08-19 19:31: Train Epoch 4: 1000/1641 Loss: 0.400750
2026-08-19 19:31: Train Epoch 4: 1020/1641 Loss: 0.423844
2026-08-19 19:31: Train Epoch 4: 1040/1641 Loss: 0.388733
2026-08-19 19:31: Train Epoch 4: 1060/1641 Loss: 0.443487
2026-08-19 19:31: Train Epoch 4: 1080/1641 Loss: 0.434229
2026-08-19 19:31: Train Epoch 4: 1100/1641 Loss: 0.448544
2026-08-19 19:31: Train Epoch 4: 1120/1641 Loss: 0.443279
2026-08-19 19:31: Train Epoch 4: 1140/1641 Loss: 0.444712
2026-08-19 19:31: Train Epoch 4: 1160/1641 Loss: 0.395351
2026-08-19 19:32: Train Epoch 4: 1180/1641 Loss: 0.444113
2026-08-19 19:32: Train Epoch 4: 1200/1641 Loss: 0.423466
2026-08-19 19:32: Train Epoch 4: 1220/1641 Loss: 0.390619
2026-08-19 19:32: Train Epoch 4: 1240/1641 Loss: 0.373396
2026-08-19 19:32: Train Epoch 4: 1260/1641 Loss: 0.415088
2026-08-19 19:32: Train Epoch 4: 1280/1641 Loss: 0.474315
2026-08-19 19:32: Train Epoch 4: 1300/1641 Loss: 0.416087
2026-08-19 19:32: Train Epoch 4: 1320/1641 Loss: 0.426410
2026-08-19 19:32: Train Epoch 4: 1340/1641 Loss: 0.410532
2026-08-19 19:32: Train Epoch 4: 1360/1641 Loss: 0.418173
2026-08-19 19:32: Train Epoch 4: 1380/1641 Loss: 0.447229
2026-08-19 19:32: Train Epoch 4: 1400/1641 Loss: 0.427952
2026-08-19 19:32: Train Epoch 4: 1420/1641 Loss: 0.393171
2026-08-19 19:32: Train Epoch 4: 1440/1641 Loss: 0.399497
2026-08-19 19:32: Train Epoch 4: 1460/1641 Loss: 0.436524
2026-08-19 19:32: Train Epoch 4: 1480/1641 Loss: 0.413335
2026-08-19 19:32: Train Epoch 4: 1500/1641 Loss: 0.419561
2026-08-19 19:32: Train Epoch 4: 1520/1641 Loss: 0.410548
2026-08-19 19:32: Train Epoch 4: 1540/1641 Loss: 0.451446
2026-08-19 19:32: Train Epoch 4: 1560/1641 Loss: 0.407365
2026-08-19 19:32: Train Epoch 4: 1580/1641 Loss: 0.411182
2026-08-19 19:33: Train Epoch 4: 1600/1641 Loss: 0.449467
2026-08-19 19:33: Train Epoch 4: 1620/1641 Loss: 0.424600
2026-08-19 19:33: Train Epoch 4: 1640/1641 Loss: 0.439212
2026-08-19 19:33: **********Train Epoch 4: averaged Loss: 0.422072, tf_ratio: 0.986867
2026-08-19 19:33: **********Val Epoch 4: average Loss: 0.407094
2026-08-19 19:33: *********************************Current best model saved!
2026-08-19 19:33: Train Epoch 5: 0/1641 Loss: 0.422718
2026-08-19 19:33: Train Epoch 5: 20/1641 Loss: 0.423448
2026-08-19 19:33: Train Epoch 5: 40/1641 Loss: 0.400227
2026-08-19 19:33: Train Epoch 5: 60/1641 Loss: 0.453243
2026-08-19 19:33: Train Epoch 5: 80/1641 Loss: 0.404110
2026-08-19 19:33: Train Epoch 5: 100/1641 Loss: 0.445643
2026-08-19 19:33: Train Epoch 5: 120/1641 Loss: 0.409701
2026-08-19 19:33: Train Epoch 5: 140/1641 Loss: 0.392739
2026-08-19 19:33: Train Epoch 5: 160/1641 Loss: 0.431251
2026-08-19 19:33: Train Epoch 5: 180/1641 Loss: 0.420023
2026-08-19 19:33: Train Epoch 5: 200/1641 Loss: 0.422292
2026-08-19 19:34: Train Epoch 5: 220/1641 Loss: 0.403790
2026-08-19 19:34: Train Epoch 5: 240/1641 Loss: 0.394248
2026-08-19 19:34: Train Epoch 5: 260/1641 Loss: 0.404185
2026-08-19 19:34: Train Epoch 5: 280/1641 Loss: 0.433693
2026-08-19 19:34: Train Epoch 5: 300/1641 Loss: 0.442677
2026-08-19 19:34: Train Epoch 5: 320/1641 Loss: 0.428372
2026-08-19 19:34: Train Epoch 5: 340/1641 Loss: 0.408335
2026-08-19 19:34: Train Epoch 5: 360/1641 Loss: 0.403859
2026-08-19 19:34: Train Epoch 5: 380/1641 Loss: 0.425641
2026-08-19 19:34: Train Epoch 5: 400/1641 Loss: 0.406481
2026-08-19 19:34: Train Epoch 5: 420/1641 Loss: 0.379696
2026-08-19 19:34: Train Epoch 5: 440/1641 Loss: 0.430363
2026-08-19 19:34: Train Epoch 5: 460/1641 Loss: 0.421828
2026-08-19 19:34: Train Epoch 5: 480/1641 Loss: 0.408707
2026-08-19 19:34: Train Epoch 5: 500/1641 Loss: 0.428332
2026-08-19 19:34: Train Epoch 5: 520/1641 Loss: 0.398380
2026-08-19 19:34: Train Epoch 5: 540/1641 Loss: 0.403558
2026-08-19 19:34: Train Epoch 5: 560/1641 Loss: 0.412771
2026-08-19 19:34: Train Epoch 5: 580/1641 Loss: 0.415208
2026-08-19 19:34: Train Epoch 5: 600/1641 Loss: 0.396985
2026-08-19 19:34: Train Epoch 5: 620/1641 Loss: 0.440109
2026-08-19 19:35: Train Epoch 5: 640/1641 Loss: 0.413874
2026-08-19 19:35: Train Epoch 5: 660/1641 Loss: 0.416356
2026-08-19 19:35: Train Epoch 5: 680/1641 Loss: 0.397371
2026-08-19 19:35: Train Epoch 5: 700/1641 Loss: 0.399806
2026-08-19 19:35: Train Epoch 5: 720/1641 Loss: 0.435643
2026-08-19 19:35: Train Epoch 5: 740/1641 Loss: 0.385830
2026-08-19 19:35: Train Epoch 5: 760/1641 Loss: 0.413145
2026-08-19 19:35: Train Epoch 5: 780/1641 Loss: 0.376687
2026-08-19 19:35: Train Epoch 5: 800/1641 Loss: 0.417967
2026-08-19 19:35: Train Epoch 5: 820/1641 Loss: 0.414088
2026-08-19 19:35: Train Epoch 5: 840/1641 Loss: 0.420185
2026-08-19 19:35: Train Epoch 5: 860/1641 Loss: 0.401207
2026-08-19 19:35: Train Epoch 5: 880/1641 Loss: 0.422284
2026-08-19 19:35: Train Epoch 5: 900/1641 Loss: 0.408776
2026-08-19 19:35: Train Epoch 5: 920/1641 Loss: 0.454679
2026-08-19 19:35: Train Epoch 5: 940/1641 Loss: 0.405834
2026-08-19 19:35: Train Epoch 5: 960/1641 Loss: 0.430548
2026-08-19 19:35: Train Epoch 5: 980/1641 Loss: 0.429378
2026-08-19 19:35: Train Epoch 5: 1000/1641 Loss: 0.419271
2026-08-19 19:35: Train Epoch 5: 1020/1641 Loss: 0.429173
2026-08-19 19:35: Train Epoch 5: 1040/1641 Loss: 0.416019
2026-08-19 19:35: Train Epoch 5: 1060/1641 Loss: 0.417543
2026-08-19 19:36: Train Epoch 5: 1080/1641 Loss: 0.398247
2026-08-19 19:36: Train Epoch 5: 1100/1641 Loss: 0.419283
2026-08-19 19:36: Train Epoch 5: 1120/1641 Loss: 0.417239
2026-08-19 19:36: Train Epoch 5: 1140/1641 Loss: 0.406947
2026-08-19 19:36: Train Epoch 5: 1160/1641 Loss: 0.384715
2026-08-19 19:36: Train Epoch 5: 1180/1641 Loss: 0.406212
2026-08-19 19:36: Train Epoch 5: 1200/1641 Loss: 0.408823
2026-08-19 19:36: Train Epoch 5: 1220/1641 Loss: 0.401338
2026-08-19 19:36: Train Epoch 5: 1240/1641 Loss: 0.419549
2026-08-19 19:36: Train Epoch 5: 1260/1641 Loss: 0.416329
2026-08-19 19:36: Train Epoch 5: 1280/1641 Loss: 0.401271
2026-08-19 19:36: Train Epoch 5: 1300/1641 Loss: 0.419813
2026-08-19 19:36: Train Epoch 5: 1320/1641 Loss: 0.420632
2026-08-19 19:36: Train Epoch 5: 1340/1641 Loss: 0.384191
2026-08-19 19:36: Train Epoch 5: 1360/1641 Loss: 0.435292
2026-08-19 19:36: Train Epoch 5: 1380/1641 Loss: 0.419955
2026-08-19 19:36: Train Epoch 5: 1400/1641 Loss: 0.415786
2026-08-19 19:36: Train Epoch 5: 1420/1641 Loss: 0.414455
2026-08-19 19:36: Train Epoch 5: 1440/1641 Loss: 0.406220
2026-08-19 19:36: Train Epoch 5: 1460/1641 Loss: 0.413576
2026-08-19 19:36: Train Epoch 5: 1480/1641 Loss: 0.427265
2026-08-19 19:37: Train Epoch 5: 1500/1641 Loss: 0.406761
2026-08-19 19:37: Train Epoch 5: 1520/1641 Loss: 0.415270
2026-08-19 19:37: Train Epoch 5: 1540/1641 Loss: 0.393424
2026-08-19 19:37: Train Epoch 5: 1560/1641 Loss: 0.382513
2026-08-19 19:37: Train Epoch 5: 1580/1641 Loss: 0.389160
2026-08-19 19:37: Train Epoch 5: 1600/1641 Loss: 0.451023
2026-08-19 19:37: Train Epoch 5: 1620/1641 Loss: 0.415753
2026-08-19 19:37: Train Epoch 5: 1640/1641 Loss: 0.439297
2026-08-19 19:37: **********Train Epoch 5: averaged Loss: 0.415527, tf_ratio: 0.970657
2026-08-19 19:37: **********Val Epoch 5: average Loss: 0.402075
2026-08-19 19:37: *********************************Current best model saved!
2026-08-19 19:37: Train Epoch 6: 0/1641 Loss: 0.440167
2026-08-19 19:37: Train Epoch 6: 20/1641 Loss: 0.403582
2026-08-19 19:37: Train Epoch 6: 40/1641 Loss: 0.442816
2026-08-19 19:37: Train Epoch 6: 60/1641 Loss: 0.414653
2026-08-19 19:37: Train Epoch 6: 80/1641 Loss: 0.394896
2026-08-19 19:37: Train Epoch 6: 100/1641 Loss: 0.403808
2026-08-19 19:38: Train Epoch 6: 120/1641 Loss: 0.425342
2026-08-19 19:38: Train Epoch 6: 140/1641 Loss: 0.383803
2026-08-19 19:38: Train Epoch 6: 160/1641 Loss: 0.399579
2026-08-19 19:38: Train Epoch 6: 180/1641 Loss: 0.397433
2026-08-19 19:38: Train Epoch 6: 200/1641 Loss: 0.410327
2026-08-19 19:38: Train Epoch 6: 220/1641 Loss: 0.441734
2026-08-19 19:38: Train Epoch 6: 240/1641 Loss: 0.405008
2026-08-19 19:38: Train Epoch 6: 260/1641 Loss: 0.394803
2026-08-19 19:38: Train Epoch 6: 280/1641 Loss: 0.401577
2026-08-19 19:38: Train Epoch 6: 300/1641 Loss: 0.423444
2026-08-19 19:38: Train Epoch 6: 320/1641 Loss: 0.398441
2026-08-19 19:38: Train Epoch 6: 340/1641 Loss: 0.411578
2026-08-19 19:38: Train Epoch 6: 360/1641 Loss: 0.385803
2026-08-19 19:38: Train Epoch 6: 380/1641 Loss: 0.391166
2026-08-19 19:38: Train Epoch 6: 400/1641 Loss: 0.383769
2026-08-19 19:38: Train Epoch 6: 420/1641 Loss: 0.416785
2026-08-19 19:38: Train Epoch 6: 440/1641 Loss: 0.426045
2026-08-19 19:38: Train Epoch 6: 460/1641 Loss: 0.427379
2026-08-19 19:38: Train Epoch 6: 480/1641 Loss: 0.406680
2026-08-19 19:38: Train Epoch 6: 500/1641 Loss: 0.375438
2026-08-19 19:38: Train Epoch 6: 520/1641 Loss: 0.418397
2026-08-19 19:39: Train Epoch 6: 540/1641 Loss: 0.404704
2026-08-19 19:39: Train Epoch 6: 560/1641 Loss: 0.383572
2026-08-19 19:39: Train Epoch 6: 580/1641 Loss: 0.381115
2026-08-19 19:39: Train Epoch 6: 600/1641 Loss: 0.408969
2026-08-19 19:39: Train Epoch 6: 620/1641 Loss: 0.408552
2026-08-19 19:39: Train Epoch 6: 640/1641 Loss: 0.433086
2026-08-19 19:39: Train Epoch 6: 660/1641 Loss: 0.430547
2026-08-19 19:39: Train Epoch 6: 680/1641 Loss: 0.423036
2026-08-19 19:39: Train Epoch 6: 700/1641 Loss: 0.411734
2026-08-19 19:39: Train Epoch 6: 720/1641 Loss: 0.416167
2026-08-19 19:39: Train Epoch 6: 740/1641 Loss: 0.425502
2026-08-19 19:39: Train Epoch 6: 760/1641 Loss: 0.400687
2026-08-19 19:39: Train Epoch 6: 780/1641 Loss: 0.422351
2026-08-19 19:39: Train Epoch 6: 800/1641 Loss: 0.410825
2026-08-19 19:39: Train Epoch 6: 820/1641 Loss: 0.395969
2026-08-19 19:39: Train Epoch 6: 840/1641 Loss: 0.414163
2026-08-19 19:39: Train Epoch 6: 860/1641 Loss: 0.429517
2026-08-19 19:39: Train Epoch 6: 880/1641 Loss: 0.394175
2026-08-19 19:39: Train Epoch 6: 900/1641 Loss: 0.397561
2026-08-19 19:39: Train Epoch 6: 920/1641 Loss: 0.417129
2026-08-19 19:39: Train Epoch 6: 940/1641 Loss: 0.383278
2026-08-19 19:40: Train Epoch 6: 960/1641 Loss: 0.381083
2026-08-19 19:40: Train Epoch 6: 980/1641 Loss: 0.428489
2026-08-19 19:40: Train Epoch 6: 1000/1641 Loss: 0.431083
2026-08-19 19:40: Train Epoch 6: 1020/1641 Loss: 0.415905
2026-08-19 19:40: Train Epoch 6: 1040/1641 Loss: 0.439649
2026-08-19 19:40: Train Epoch 6: 1060/1641 Loss: 0.410423
2026-08-19 19:40: Train Epoch 6: 1080/1641 Loss: 0.376174
2026-08-19 19:40: Train Epoch 6: 1100/1641 Loss: 0.388251
2026-08-19 19:40: Train Epoch 6: 1120/1641 Loss: 0.398302
2026-08-19 19:40: Train Epoch 6: 1140/1641 Loss: 0.418430
2026-08-19 19:40: Train Epoch 6: 1160/1641 Loss: 0.385466
2026-08-19 19:40: Train Epoch 6: 1180/1641 Loss: 0.372777
2026-08-19 19:40: Train Epoch 6: 1200/1641 Loss: 0.400766
2026-08-19 19:40: Train Epoch 6: 1220/1641 Loss: 0.402240
2026-08-19 19:40: Train Epoch 6: 1240/1641 Loss: 0.424753
2026-08-19 19:40: Train Epoch 6: 1260/1641 Loss: 0.443518
2026-08-19 19:40: Train Epoch 6: 1280/1641 Loss: 0.405449
2026-08-19 19:40: Train Epoch 6: 1300/1641 Loss: 0.426768
2026-08-19 19:40: Train Epoch 6: 1320/1641 Loss: 0.388660
2026-08-19 19:40: Train Epoch 6: 1340/1641 Loss: 0.424402
2026-08-19 19:40: Train Epoch 6: 1360/1641 Loss: 0.409943
2026-08-19 19:41: Train Epoch 6: 1380/1641 Loss: 0.389940
2026-08-19 19:41: Train Epoch 6: 1400/1641 Loss: 0.431500
2026-08-19 19:41: Train Epoch 6: 1420/1641 Loss: 0.404094
2026-08-19 19:41: Train Epoch 6: 1440/1641 Loss: 0.407394
2026-08-19 19:41: Train Epoch 6: 1460/1641 Loss: 0.395791
2026-08-19 19:41: Train Epoch 6: 1480/1641 Loss: 0.386901
2026-08-19 19:41: Train Epoch 6: 1500/1641 Loss: 0.419524
2026-08-19 19:41: Train Epoch 6: 1520/1641 Loss: 0.421931
2026-08-19 19:41: Train Epoch 6: 1540/1641 Loss: 0.404963
2026-08-19 19:41: Train Epoch 6: 1560/1641 Loss: 0.450213
2026-08-19 19:41: Train Epoch 6: 1580/1641 Loss: 0.403143
2026-08-19 19:41: Train Epoch 6: 1600/1641 Loss: 0.402126
2026-08-19 19:41: Train Epoch 6: 1620/1641 Loss: 0.432119
2026-08-19 19:41: Train Epoch 6: 1640/1641 Loss: 0.423339
2026-08-19 19:41: **********Train Epoch 6: averaged Loss: 0.409832, tf_ratio: 0.935740
2026-08-19 19:41: **********Val Epoch 6: average Loss: 0.402907
2026-08-19 19:41: Train Epoch 7: 0/1641 Loss: 0.421470
2026-08-19 19:42: Train Epoch 7: 20/1641 Loss: 0.412654
2026-08-19 19:42: Train Epoch 7: 40/1641 Loss: 0.405262
2026-08-19 19:42: Train Epoch 7: 60/1641 Loss: 0.386477
2026-08-19 19:42: Train Epoch 7: 80/1641 Loss: 0.412542
2026-08-19 19:42: Train Epoch 7: 100/1641 Loss: 0.408791
2026-08-19 19:42: Train Epoch 7: 120/1641 Loss: 0.408346
2026-08-19 19:42: Train Epoch 7: 140/1641 Loss: 0.401269
2026-08-19 19:42: Train Epoch 7: 160/1641 Loss: 0.432951
2026-08-19 19:42: Train Epoch 7: 180/1641 Loss: 0.344252
2026-08-19 19:42: Train Epoch 7: 200/1641 Loss: 0.397997
2026-08-19 19:42: Train Epoch 7: 220/1641 Loss: 0.400392
2026-08-19 19:42: Train Epoch 7: 240/1641 Loss: 0.421167
2026-08-19 19:42: Train Epoch 7: 260/1641 Loss: 0.401731
2026-08-19 19:42: Train Epoch 7: 280/1641 Loss: 0.372467
2026-08-19 19:42: Train Epoch 7: 300/1641 Loss: 0.405829
2026-08-19 19:42: Train Epoch 7: 320/1641 Loss: 0.376070
2026-08-19 19:42: Train Epoch 7: 340/1641 Loss: 0.430089
2026-08-19 19:42: Train Epoch 7: 360/1641 Loss: 0.401579
2026-08-19 19:42: Train Epoch 7: 380/1641 Loss: 0.385696
2026-08-19 19:42: Train Epoch 7: 400/1641 Loss: 0.438075
2026-08-19 19:42: Train Epoch 7: 420/1641 Loss: 0.393152
2026-08-19 19:43: Train Epoch 7: 440/1641 Loss: 0.427504
2026-08-19 19:43: Train Epoch 7: 460/1641 Loss: 0.416503
2026-08-19 19:43: Train Epoch 7: 480/1641 Loss: 0.384718
2026-08-19 19:43: Train Epoch 7: 500/1641 Loss: 0.420823
2026-08-19 19:43: Train Epoch 7: 520/1641 Loss: 0.385112
2026-08-19 19:43: Train Epoch 7: 540/1641 Loss: 0.396072
2026-08-19 19:43: Train Epoch 7: 560/1641 Loss: 0.411851
2026-08-19 19:43: Train Epoch 7: 580/1641 Loss: 0.431913
2026-08-19 19:43: Train Epoch 7: 600/1641 Loss: 0.394430
2026-08-19 19:43: Train Epoch 7: 620/1641 Loss: 0.409650
2026-08-19 19:43: Train Epoch 7: 640/1641 Loss: 0.399846
2026-08-19 19:43: Train Epoch 7: 660/1641 Loss: 0.424081
2026-08-19 19:43: Train Epoch 7: 680/1641 Loss: 0.410608
2026-08-19 19:43: Train Epoch 7: 700/1641 Loss: 0.401504
2026-08-19 19:43: Train Epoch 7: 720/1641 Loss: 0.417675
2026-08-19 19:43: Train Epoch 7: 740/1641 Loss: 0.376247
2026-08-19 19:43: Train Epoch 7: 760/1641 Loss: 0.394618
2026-08-19 19:43: Train Epoch 7: 780/1641 Loss: 0.400680
2026-08-19 19:43: Train Epoch 7: 800/1641 Loss: 0.402456
2026-08-19 19:43: Train Epoch 7: 820/1641 Loss: 0.400984
2026-08-19 19:43: Train Epoch 7: 840/1641 Loss: 0.413346
2026-08-19 19:44: Train Epoch 7: 860/1641 Loss: 0.383200
2026-08-19 19:44: Train Epoch 7: 880/1641 Loss: 0.404914
2026-08-19 19:44: Train Epoch 7: 900/1641 Loss: 0.403843
2026-08-19 19:44: Train Epoch 7: 920/1641 Loss: 0.406200
2026-08-19 19:44: Train Epoch 7: 940/1641 Loss: 0.415089
2026-08-19 19:44: Train Epoch 7: 960/1641 Loss: 0.383869
2026-08-19 19:44: Train Epoch 7: 980/1641 Loss: 0.399395
2026-08-19 19:44: Train Epoch 7: 1000/1641 Loss: 0.409675
2026-08-19 19:44: Train Epoch 7: 1020/1641 Loss: 0.418168
2026-08-19 19:44: Train Epoch 7: 1040/1641 Loss: 0.396079
2026-08-19 19:44: Train Epoch 7: 1060/1641 Loss: 0.416085
2026-08-19 19:44: Train Epoch 7: 1080/1641 Loss: 0.413547
2026-08-19 19:44: Train Epoch 7: 1100/1641 Loss: 0.405311
2026-08-19 19:44: Train Epoch 7: 1120/1641 Loss: 0.389842
2026-08-19 19:44: Train Epoch 7: 1140/1641 Loss: 0.413370
2026-08-19 19:44: Train Epoch 7: 1160/1641 Loss: 0.392626
2026-08-19 19:44: Train Epoch 7: 1180/1641 Loss: 0.403434
2026-08-19 19:44: Train Epoch 7: 1200/1641 Loss: 0.381001
2026-08-19 19:44: Train Epoch 7: 1220/1641 Loss: 0.428077
2026-08-19 19:44: Train Epoch 7: 1240/1641 Loss: 0.424634
2026-08-19 19:44: Train Epoch 7: 1260/1641 Loss: 0.408150
2026-08-19 19:45: Train Epoch 7: 1280/1641 Loss: 0.394201
2026-08-19 19:45: Train Epoch 7: 1300/1641 Loss: 0.381699
2026-08-19 19:45: Train Epoch 7: 1320/1641 Loss: 0.387783
2026-08-19 19:45: Train Epoch 7: 1340/1641 Loss: 0.426821
2026-08-19 19:45: Train Epoch 7: 1360/1641 Loss: 0.386995
2026-08-19 19:45: Train Epoch 7: 1380/1641 Loss: 0.390677
2026-08-19 19:45: Train Epoch 7: 1400/1641 Loss: 0.414187
2026-08-19 19:45: Train Epoch 7: 1420/1641 Loss: 0.393603
2026-08-19 19:45: Train Epoch 7: 1440/1641 Loss: 0.397576
2026-08-19 19:45: Train Epoch 7: 1460/1641 Loss: 0.380772
2026-08-19 19:45: Train Epoch 7: 1480/1641 Loss: 0.413625
2026-08-19 19:45: Train Epoch 7: 1500/1641 Loss: 0.384374
2026-08-19 19:45: Train Epoch 7: 1520/1641 Loss: 0.417033
2026-08-19 19:45: Train Epoch 7: 1540/1641 Loss: 0.414043
2026-08-19 19:45: Train Epoch 7: 1560/1641 Loss: 0.414271
2026-08-19 19:45: Train Epoch 7: 1580/1641 Loss: 0.389503
2026-08-19 19:45: Train Epoch 7: 1600/1641 Loss: 0.398898
2026-08-19 19:45: Train Epoch 7: 1620/1641 Loss: 0.400379
2026-08-19 19:45: Train Epoch 7: 1640/1641 Loss: 0.392566
2026-08-19 19:45: **********Train Epoch 7: averaged Loss: 0.404372, tf_ratio: 0.865052
2026-08-19 19:46: **********Val Epoch 7: average Loss: 0.402603
2026-08-19 19:46: Train Epoch 8: 0/1641 Loss: 0.417641
2026-08-19 19:46: Train Epoch 8: 20/1641 Loss: 0.377126
2026-08-19 19:46: Train Epoch 8: 40/1641 Loss: 0.390766
2026-08-19 19:46: Train Epoch 8: 60/1641 Loss: 0.373839
2026-08-19 19:46: Train Epoch 8: 80/1641 Loss: 0.397389
2026-08-19 19:46: Train Epoch 8: 100/1641 Loss: 0.411646
2026-08-19 19:46: Train Epoch 8: 120/1641 Loss: 0.407773
2026-08-19 19:46: Train Epoch 8: 140/1641 Loss: 0.413908
2026-08-19 19:46: Train Epoch 8: 160/1641 Loss: 0.395910
2026-08-19 19:46: Train Epoch 8: 180/1641 Loss: 0.400083
2026-08-19 19:46: Train Epoch 8: 200/1641 Loss: 0.411428
2026-08-19 19:46: Train Epoch 8: 220/1641 Loss: 0.393354
2026-08-19 19:46: Train Epoch 8: 240/1641 Loss: 0.393159
2026-08-19 19:46: Train Epoch 8: 260/1641 Loss: 0.395565
2026-08-19 19:46: Train Epoch 8: 280/1641 Loss: 0.413971
2026-08-19 19:46: Train Epoch 8: 300/1641 Loss: 0.415654
2026-08-19 19:47: Train Epoch 8: 320/1641 Loss: 0.414236
2026-08-19 19:47: Train Epoch 8: 340/1641 Loss: 0.403111
2026-08-19 19:47: Train Epoch 8: 360/1641 Loss: 0.397128
2026-08-19 19:47: Train Epoch 8: 380/1641 Loss: 0.382764
2026-08-19 19:47: Train Epoch 8: 400/1641 Loss: 0.403891
2026-08-19 19:47: Train Epoch 8: 420/1641 Loss: 0.371608
2026-08-19 19:47: Train Epoch 8: 440/1641 Loss: 0.409188
2026-08-19 19:47: Train Epoch 8: 460/1641 Loss: 0.421805
2026-08-19 19:47: Train Epoch 8: 480/1641 Loss: 0.386073
2026-08-19 19:47: Train Epoch 8: 500/1641 Loss: 0.398913
2026-08-19 19:47: Train Epoch 8: 520/1641 Loss: 0.423110
2026-08-19 19:47: Train Epoch 8: 540/1641 Loss: 0.390896
2026-08-19 19:47: Train Epoch 8: 560/1641 Loss: 0.425141
2026-08-19 19:47: Train Epoch 8: 580/1641 Loss: 0.399223
2026-08-19 19:47: Train Epoch 8: 600/1641 Loss: 0.404250
2026-08-19 19:47: Train Epoch 8: 620/1641 Loss: 0.384408
2026-08-19 19:47: Train Epoch 8: 640/1641 Loss: 0.419101
2026-08-19 19:47: Train Epoch 8: 660/1641 Loss: 0.420440
2026-08-19 19:47: Train Epoch 8: 680/1641 Loss: 0.402636
2026-08-19 19:47: Train Epoch 8: 700/1641 Loss: 0.398425
2026-08-19 19:47: Train Epoch 8: 720/1641 Loss: 0.423362
2026-08-19 19:48: Train Epoch 8: 740/1641 Loss: 0.354199
2026-08-19 19:48: Train Epoch 8: 760/1641 Loss: 0.376136
2026-08-19 19:48: Train Epoch 8: 780/1641 Loss: 0.381954
2026-08-19 19:48: Train Epoch 8: 800/1641 Loss: 0.370805
2026-08-19 19:48: Train Epoch 8: 820/1641 Loss: 0.395751
2026-08-19 19:48: Train Epoch 8: 840/1641 Loss: 0.420317
2026-08-19 19:48: Train Epoch 8: 860/1641 Loss: 0.420279
2026-08-19 19:48: Train Epoch 8: 880/1641 Loss: 0.389405
2026-08-19 19:48: Train Epoch 8: 900/1641 Loss: 0.403483
2026-08-19 19:48: Train Epoch 8: 920/1641 Loss: 0.388972
2026-08-19 19:48: Train Epoch 8: 940/1641 Loss: 0.368769
2026-08-19 19:48: Train Epoch 8: 960/1641 Loss: 0.429243
2026-08-19 19:48: Train Epoch 8: 980/1641 Loss: 0.413988
2026-08-19 19:48: Train Epoch 8: 1000/1641 Loss: 0.377045
2026-08-19 19:48: Train Epoch 8: 1020/1641 Loss: 0.385708
2026-08-19 19:48: Train Epoch 8: 1040/1641 Loss: 0.396837
2026-08-19 19:48: Train Epoch 8: 1060/1641 Loss: 0.385220
2026-08-19 19:48: Train Epoch 8: 1080/1641 Loss: 0.390927
2026-08-19 19:48: Train Epoch 8: 1100/1641 Loss: 0.396384
2026-08-19 19:48: Train Epoch 8: 1120/1641 Loss: 0.425647
2026-08-19 19:48: Train Epoch 8: 1140/1641 Loss: 0.396913
2026-08-19 19:49: Train Epoch 8: 1160/1641 Loss: 0.420743
2026-08-19 19:49: Train Epoch 8: 1180/1641 Loss: 0.396575
2026-08-19 19:49: Train Epoch 8: 1200/1641 Loss: 0.398217
2026-08-19 19:49: Train Epoch 8: 1220/1641 Loss: 0.405777
2026-08-19 19:49: Train Epoch 8: 1240/1641 Loss: 0.389841
2026-08-19 19:49: Train Epoch 8: 1260/1641 Loss: 0.410042
2026-08-19 19:49: Train Epoch 8: 1280/1641 Loss: 0.412412
2026-08-19 19:49: Train Epoch 8: 1300/1641 Loss: 0.393156
2026-08-19 19:49: Train Epoch 8: 1320/1641 Loss: 0.385109
2026-08-19 19:49: Train Epoch 8: 1340/1641 Loss: 0.392801
2026-08-19 19:49: Train Epoch 8: 1360/1641 Loss: 0.401931
2026-08-19 19:49: Train Epoch 8: 1380/1641 Loss: 0.378255
2026-08-19 19:49: Train Epoch 8: 1400/1641 Loss: 0.396324
2026-08-19 19:49: Train Epoch 8: 1420/1641 Loss: 0.403002
2026-08-19 19:49: Train Epoch 8: 1440/1641 Loss: 0.428804
2026-08-19 19:49: Train Epoch 8: 1460/1641 Loss: 0.394936
2026-08-19 19:49: Train Epoch 8: 1480/1641 Loss: 0.398154
2026-08-19 19:49: Train Epoch 8: 1500/1641 Loss: 0.384275
2026-08-19 19:49: Train Epoch 8: 1520/1641 Loss: 0.377568
2026-08-19 19:49: Train Epoch 8: 1540/1641 Loss: 0.385590
2026-08-19 19:49: Train Epoch 8: 1560/1641 Loss: 0.428619
2026-08-19 19:50: Train Epoch 8: 1580/1641 Loss: 0.385275
2026-08-19 19:50: Train Epoch 8: 1600/1641 Loss: 0.407449
2026-08-19 19:50: Train Epoch 8: 1620/1641 Loss: 0.372189
2026-08-19 19:50: Train Epoch 8: 1640/1641 Loss: 0.384636
2026-08-19 19:50: **********Train Epoch 8: averaged Loss: 0.398675, tf_ratio: 0.738348
2026-08-19 19:50: **********Val Epoch 8: average Loss: 0.401148
2026-08-19 19:50: *********************************Current best model saved!
2026-08-19 19:50: Train Epoch 9: 0/1641 Loss: 0.396237
2026-08-19 19:50: Train Epoch 9: 20/1641 Loss: 0.419227
2026-08-19 19:50: Train Epoch 9: 40/1641 Loss: 0.384091
2026-08-19 19:50: Train Epoch 9: 60/1641 Loss: 0.398295
2026-08-19 19:50: Train Epoch 9: 80/1641 Loss: 0.401436
2026-08-19 19:50: Train Epoch 9: 100/1641 Loss: 0.421416
2026-08-19 19:50: Train Epoch 9: 120/1641 Loss: 0.410029
2026-08-19 19:50: Train Epoch 9: 140/1641 Loss: 0.395249
2026-08-19 19:50: Train Epoch 9: 160/1641 Loss: 0.394434
2026-08-19 19:50: Train Epoch 9: 180/1641 Loss: 0.413143
2026-08-19 19:51: Train Epoch 9: 200/1641 Loss: 0.399080
2026-08-19 19:51: Train Epoch 9: 220/1641 Loss: 0.385574
2026-08-19 19:51: Train Epoch 9: 240/1641 Loss: 0.386566
2026-08-19 19:51: Train Epoch 9: 260/1641 Loss: 0.381573
2026-08-19 19:51: Train Epoch 9: 280/1641 Loss: 0.398902
2026-08-19 19:51: Train Epoch 9: 300/1641 Loss: 0.368489
2026-08-19 19:51: Train Epoch 9: 320/1641 Loss: 0.406439
2026-08-19 19:51: Train Epoch 9: 340/1641 Loss: 0.407542
2026-08-19 19:51: Train Epoch 9: 360/1641 Loss: 0.358263
2026-08-19 19:51: Train Epoch 9: 380/1641 Loss: 0.390817
2026-08-19 19:51: Train Epoch 9: 400/1641 Loss: 0.412976
2026-08-19 19:51: Train Epoch 9: 420/1641 Loss: 0.410125
2026-08-19 19:51: Train Epoch 9: 440/1641 Loss: 0.403727
2026-08-19 19:51: Train Epoch 9: 460/1641 Loss: 0.377226
2026-08-19 19:51: Train Epoch 9: 480/1641 Loss: 0.395665
2026-08-19 19:51: Train Epoch 9: 500/1641 Loss: 0.401296
2026-08-19 19:51: Train Epoch 9: 520/1641 Loss: 0.386681
2026-08-19 19:51: Train Epoch 9: 540/1641 Loss: 0.347920
2026-08-19 19:51: Train Epoch 9: 560/1641 Loss: 0.382813
2026-08-19 19:51: Train Epoch 9: 580/1641 Loss: 0.382606
2026-08-19 19:51: Train Epoch 9: 600/1641 Loss: 0.403633
2026-08-19 19:52: Train Epoch 9: 620/1641 Loss: 0.403068
2026-08-19 19:52: Train Epoch 9: 640/1641 Loss: 0.396447
2026-08-19 19:52: Train Epoch 9: 660/1641 Loss: 0.390027
2026-08-19 19:52: Train Epoch 9: 680/1641 Loss: 0.395400
2026-08-19 19:52: Train Epoch 9: 700/1641 Loss: 0.379253
2026-08-19 19:52: Train Epoch 9: 720/1641 Loss: 0.387267
2026-08-19 19:52: Train Epoch 9: 740/1641 Loss: 0.406627
2026-08-19 19:52: Train Epoch 9: 760/1641 Loss: 0.401567
2026-08-19 19:52: Train Epoch 9: 780/1641 Loss: 0.403572
2026-08-19 19:52: Train Epoch 9: 800/1641 Loss: 0.414691
2026-08-19 19:52: Train Epoch 9: 820/1641 Loss: 0.398062
2026-08-19 19:52: Train Epoch 9: 840/1641 Loss: 0.393065
2026-08-19 19:52: Train Epoch 9: 860/1641 Loss: 0.358105
2026-08-19 19:52: Train Epoch 9: 880/1641 Loss: 0.394592
2026-08-19 19:52: Train Epoch 9: 900/1641 Loss: 0.383372
2026-08-19 19:52: Train Epoch 9: 920/1641 Loss: 0.368380
2026-08-19 19:52: Train Epoch 9: 940/1641 Loss: 0.375570
2026-08-19 19:52: Train Epoch 9: 960/1641 Loss: 0.394395
2026-08-19 19:52: Train Epoch 9: 980/1641 Loss: 0.379291
2026-08-19 19:52: Train Epoch 9: 1000/1641 Loss: 0.423850
2026-08-19 19:52: Train Epoch 9: 1020/1641 Loss: 0.411591
2026-08-19 19:52: Train Epoch 9: 1040/1641 Loss: 0.378549
2026-08-19 19:53: Train Epoch 9: 1060/1641 Loss: 0.403939
2026-08-19 19:53: Train Epoch 9: 1080/1641 Loss: 0.388811
2026-08-19 19:53: Train Epoch 9: 1100/1641 Loss: 0.399938
2026-08-19 19:53: Train Epoch 9: 1120/1641 Loss: 0.404056
2026-08-19 19:53: Train Epoch 9: 1140/1641 Loss: 0.420136
2026-08-19 19:53: Train Epoch 9: 1160/1641 Loss: 0.393976
2026-08-19 19:53: Train Epoch 9: 1180/1641 Loss: 0.382599
2026-08-19 19:53: Train Epoch 9: 1200/1641 Loss: 0.376911
2026-08-19 19:53: Train Epoch 9: 1220/1641 Loss: 0.352780
2026-08-19 19:53: Train Epoch 9: 1240/1641 Loss: 0.369463
2026-08-19 19:53: Train Epoch 9: 1260/1641 Loss: 0.401516
2026-08-19 19:53: Train Epoch 9: 1280/1641 Loss: 0.399640
2026-08-19 19:53: Train Epoch 9: 1300/1641 Loss: 0.381964
2026-08-19 19:53: Train Epoch 9: 1320/1641 Loss: 0.379217
2026-08-19 19:53: Train Epoch 9: 1340/1641 Loss: 0.385268
2026-08-19 19:53: Train Epoch 9: 1360/1641 Loss: 0.382910
2026-08-19 19:53: Train Epoch 9: 1380/1641 Loss: 0.366655
2026-08-19 19:53: Train Epoch 9: 1400/1641 Loss: 0.395964
2026-08-19 19:53: Train Epoch 9: 1420/1641 Loss: 0.392733
2026-08-19 19:53: Train Epoch 9: 1440/1641 Loss: 0.418746
2026-08-19 19:53: Train Epoch 9: 1460/1641 Loss: 0.408465
2026-08-19 19:54: Train Epoch 9: 1480/1641 Loss: 0.371212
2026-08-19 19:54: Train Epoch 9: 1500/1641 Loss: 0.389854
2026-08-19 19:54: Train Epoch 9: 1520/1641 Loss: 0.354576
2026-08-19 19:54: Train Epoch 9: 1540/1641 Loss: 0.393092
2026-08-19 19:54: Train Epoch 9: 1560/1641 Loss: 0.390713
2026-08-19 19:54: Train Epoch 9: 1580/1641 Loss: 0.427389
2026-08-19 19:54: Train Epoch 9: 1600/1641 Loss: 0.372388
2026-08-19 19:54: Train Epoch 9: 1620/1641 Loss: 0.372240
2026-08-19 19:54: Train Epoch 9: 1640/1641 Loss: 0.410429
2026-08-19 19:54: **********Train Epoch 9: averaged Loss: 0.392615, tf_ratio: 0.554014
2026-08-19 19:54: **********Val Epoch 9: average Loss: 0.406085
2026-08-19 19:54: Train Epoch 10: 0/1641 Loss: 0.389059
2026-08-19 19:54: Train Epoch 10: 20/1641 Loss: 0.371487
2026-08-19 19:54: Train Epoch 10: 40/1641 Loss: 0.365257
2026-08-19 19:54: Train Epoch 10: 60/1641 Loss: 0.363750
2026-08-19 19:54: Train Epoch 10: 80/1641 Loss: 0.353832
2026-08-19 19:55: Train Epoch 10: 100/1641 Loss: 0.373524
2026-08-19 19:55: Train Epoch 10: 120/1641 Loss: 0.354418
2026-08-19 19:55: Train Epoch 10: 140/1641 Loss: 0.361139
2026-08-19 19:55: Train Epoch 10: 160/1641 Loss: 0.366614
2026-08-19 19:55: Train Epoch 10: 180/1641 Loss: 0.393592
2026-08-19 19:55: Train Epoch 10: 200/1641 Loss: 0.399377
2026-08-19 19:55: Train Epoch 10: 220/1641 Loss: 0.421183
2026-08-19 19:55: Train Epoch 10: 240/1641 Loss: 0.396034
2026-08-19 19:55: Train Epoch 10: 260/1641 Loss: 0.381429
2026-08-19 19:55: Train Epoch 10: 280/1641 Loss: 0.394377
2026-08-19 19:55: Train Epoch 10: 300/1641 Loss: 0.384105
2026-08-19 19:55: Train Epoch 10: 320/1641 Loss: 0.364203
2026-08-19 19:55: Train Epoch 10: 340/1641 Loss: 0.370925
2026-08-19 19:55: Train Epoch 10: 360/1641 Loss: 0.366521
2026-08-19 19:55: Train Epoch 10: 380/1641 Loss: 0.335408
2026-08-19 19:55: Train Epoch 10: 400/1641 Loss: 0.407789
2026-08-19 19:55: Train Epoch 10: 420/1641 Loss: 0.414740
2026-08-19 19:55: Train Epoch 10: 440/1641 Loss: 0.403181
2026-08-19 19:55: Train Epoch 10: 460/1641 Loss: 0.389928
2026-08-19 19:55: Train Epoch 10: 480/1641 Loss: 0.389805
2026-08-19 19:55: Train Epoch 10: 500/1641 Loss: 0.379958
2026-08-19 19:56: Train Epoch 10: 520/1641 Loss: 0.369307
2026-08-19 19:56: Train Epoch 10: 540/1641 Loss: 0.391293
2026-08-19 19:56: Train Epoch 10: 560/1641 Loss: 0.360652
2026-08-19 19:56: Train Epoch 10: 580/1641 Loss: 0.376061
2026-08-19 19:56: Train Epoch 10: 600/1641 Loss: 0.408948
2026-08-19 19:56: Train Epoch 10: 620/1641 Loss: 0.401442
2026-08-19 19:56: Train Epoch 10: 640/1641 Loss: 0.395321
2026-08-19 19:56: Train Epoch 10: 660/1641 Loss: 0.397431
2026-08-19 19:56: Train Epoch 10: 680/1641 Loss: 0.374211
2026-08-19 19:56: Train Epoch 10: 700/1641 Loss: 0.418728
2026-08-19 19:56: Train Epoch 10: 720/1641 Loss: 0.416285
2026-08-19 19:56: Train Epoch 10: 740/1641 Loss: 0.370741
2026-08-19 19:56: Train Epoch 10: 760/1641 Loss: 0.376333
2026-08-19 19:56: Train Epoch 10: 780/1641 Loss: 0.361420
2026-08-19 19:56: Train Epoch 10: 800/1641 Loss: 0.385574
2026-08-19 19:56: Train Epoch 10: 820/1641 Loss: 0.374250
2026-08-19 19:56: Train Epoch 10: 840/1641 Loss: 0.408228
2026-08-19 19:56: Train Epoch 10: 860/1641 Loss: 0.372600
2026-08-19 19:56: Train Epoch 10: 880/1641 Loss: 0.412125
2026-08-19 19:56: Train Epoch 10: 900/1641 Loss: 0.373539
2026-08-19 19:56: Train Epoch 10: 920/1641 Loss: 0.354904
2026-08-19 19:56: Train Epoch 10: 940/1641 Loss: 0.388473
2026-08-19 19:57: Train Epoch 10: 960/1641 Loss: 0.388930
2026-08-19 19:57: Train Epoch 10: 980/1641 Loss: 0.391217
2026-08-19 19:57: Train Epoch 10: 1000/1641 Loss: 0.370117
2026-08-19 19:57: Train Epoch 10: 1020/1641 Loss: 0.393924
2026-08-19 19:57: Train Epoch 10: 1040/1641 Loss: 0.391710
2026-08-19 19:57: Train Epoch 10: 1060/1641 Loss: 0.361280
2026-08-19 19:57: Train Epoch 10: 1080/1641 Loss: 0.404501
2026-08-19 19:57: Train Epoch 10: 1100/1641 Loss: 0.398969
2026-08-19 19:57: Train Epoch 10: 1120/1641 Loss: 0.401912
2026-08-19 19:57: Train Epoch 10: 1140/1641 Loss: 0.400513
2026-08-19 19:57: Train Epoch 10: 1160/1641 Loss: 0.386428
2026-08-19 19:57: Train Epoch 10: 1180/1641 Loss: 0.364186
2026-08-19 19:57: Train Epoch 10: 1200/1641 Loss: 0.368018
2026-08-19 19:57: Train Epoch 10: 1220/1641 Loss: 0.381536
2026-08-19 19:57: Train Epoch 10: 1240/1641 Loss: 0.386887
2026-08-19 19:57: Train Epoch 10: 1260/1641 Loss: 0.408634
2026-08-19 19:57: Train Epoch 10: 1280/1641 Loss: 0.402999
2026-08-19 19:57: Train Epoch 10: 1300/1641 Loss: 0.391707
2026-08-19 19:57: Train Epoch 10: 1320/1641 Loss: 0.370185
2026-08-19 19:57: Train Epoch 10: 1340/1641 Loss: 0.380896
2026-08-19 19:57: Train Epoch 10: 1360/1641 Loss: 0.387232
2026-08-19 19:58: Train Epoch 10: 1380/1641 Loss: 0.382515
2026-08-19 19:58: Train Epoch 10: 1400/1641 Loss: 0.436527
2026-08-19 19:58: Train Epoch 10: 1420/1641 Loss: 0.376508
2026-08-19 19:58: Train Epoch 10: 1440/1641 Loss: 0.375044
2026-08-19 19:58: Train Epoch 10: 1460/1641 Loss: 0.386147
2026-08-19 19:58: Train Epoch 10: 1480/1641 Loss: 0.369774
2026-08-19 19:58: Train Epoch 10: 1500/1641 Loss: 0.354952
2026-08-19 19:58: Train Epoch 10: 1520/1641 Loss: 0.394151
2026-08-19 19:58: Train Epoch 10: 1540/1641 Loss: 0.391259
2026-08-19 19:58: Train Epoch 10: 1560/1641 Loss: 0.347704
2026-08-19 19:58: Train Epoch 10: 1580/1641 Loss: 0.378782
2026-08-19 19:58: Train Epoch 10: 1600/1641 Loss: 0.388752
2026-08-19 19:58: Train Epoch 10: 1620/1641 Loss: 0.362701
2026-08-19 19:58: Train Epoch 10: 1640/1641 Loss: 0.365539
2026-08-19 19:58: **********Train Epoch 10: averaged Loss: 0.386170, tf_ratio: 0.353521
2026-08-19 19:59: **********Val Epoch 10: average Loss: 0.406116
2026-08-19 19:59: Train Epoch 11: 0/1641 Loss: 0.397036
2026-08-19 19:59: Train Epoch 11: 20/1641 Loss: 0.364903
2026-08-19 19:59: Train Epoch 11: 40/1641 Loss: 0.368430
2026-08-19 19:59: Train Epoch 11: 60/1641 Loss: 0.408948
2026-08-19 19:59: Train Epoch 11: 80/1641 Loss: 0.366116
2026-08-19 19:59: Train Epoch 11: 100/1641 Loss: 0.373507
2026-08-19 19:59: Train Epoch 11: 120/1641 Loss: 0.396428
2026-08-19 19:59: Train Epoch 11: 140/1641 Loss: 0.376582
2026-08-19 19:59: Train Epoch 11: 160/1641 Loss: 0.380149
2026-08-19 19:59: Train Epoch 11: 180/1641 Loss: 0.386704
2026-08-19 19:59: Train Epoch 11: 200/1641 Loss: 0.370583
2026-08-19 19:59: Train Epoch 11: 220/1641 Loss: 0.401393
2026-08-19 19:59: Train Epoch 11: 240/1641 Loss: 0.377261
2026-08-19 19:59: Train Epoch 11: 260/1641 Loss: 0.354474
2026-08-19 19:59: Train Epoch 11: 280/1641 Loss: 0.381549
2026-08-19 19:59: Train Epoch 11: 300/1641 Loss: 0.385232
2026-08-19 19:59: Train Epoch 11: 320/1641 Loss: 0.362228
2026-08-19 19:59: Train Epoch 11: 340/1641 Loss: 0.388688
2026-08-19 19:59: Train Epoch 11: 360/1641 Loss: 0.399475
2026-08-19 19:59: Train Epoch 11: 380/1641 Loss: 0.372640
2026-08-19 20:00: Train Epoch 11: 400/1641 Loss: 0.363390
2026-08-19 20:00: Train Epoch 11: 420/1641 Loss: 0.364506
2026-08-19 20:00: Train Epoch 11: 440/1641 Loss: 0.377175
2026-08-19 20:00: Train Epoch 11: 460/1641 Loss: 0.394485
2026-08-19 20:00: Train Epoch 11: 480/1641 Loss: 0.366826
2026-08-19 20:00: Train Epoch 11: 500/1641 Loss: 0.379749
2026-08-19 20:00: Train Epoch 11: 520/1641 Loss: 0.374242
2026-08-19 20:00: Train Epoch 11: 540/1641 Loss: 0.391435
2026-08-19 20:00: Train Epoch 11: 560/1641 Loss: 0.380591
2026-08-19 20:00: Train Epoch 11: 580/1641 Loss: 0.374388
2026-08-19 20:00: Train Epoch 11: 600/1641 Loss: 0.384456
2026-08-19 20:00: Train Epoch 11: 620/1641 Loss: 0.371661
2026-08-19 20:00: Train Epoch 11: 640/1641 Loss: 0.391376
2026-08-19 20:00: Train Epoch 11: 660/1641 Loss: 0.368790
2026-08-19 20:00: Train Epoch 11: 680/1641 Loss: 0.357755
2026-08-19 20:00: Train Epoch 11: 700/1641 Loss: 0.404579
2026-08-19 20:00: Train Epoch 11: 720/1641 Loss: 0.365140
2026-08-19 20:00: Train Epoch 11: 740/1641 Loss: 0.357549
2026-08-19 20:00: Train Epoch 11: 760/1641 Loss: 0.368242
2026-08-19 20:00: Train Epoch 11: 780/1641 Loss: 0.360209
2026-08-19 20:00: Train Epoch 11: 800/1641 Loss: 0.397971
2026-08-19 20:00: Train Epoch 11: 820/1641 Loss: 0.376655
2026-08-19 20:01: Train Epoch 11: 840/1641 Loss: 0.394987
2026-08-19 20:01: Train Epoch 11: 860/1641 Loss: 0.357013
2026-08-19 20:01: Train Epoch 11: 880/1641 Loss: 0.367465
2026-08-19 20:01: Train Epoch 11: 900/1641 Loss: 0.378012
2026-08-19 20:01: Train Epoch 11: 920/1641 Loss: 0.392015
2026-08-19 20:01: Train Epoch 11: 940/1641 Loss: 0.380268
2026-08-19 20:01: Train Epoch 11: 960/1641 Loss: 0.408272
2026-08-19 20:01: Train Epoch 11: 980/1641 Loss: 0.354603
2026-08-19 20:01: Train Epoch 11: 1000/1641 Loss: 0.370250
2026-08-19 20:01: Train Epoch 11: 1020/1641 Loss: 0.383775
2026-08-19 20:01: Train Epoch 11: 1040/1641 Loss: 0.401878
2026-08-19 20:01: Train Epoch 11: 1060/1641 Loss: 0.394569
2026-08-19 20:01: Train Epoch 11: 1080/1641 Loss: 0.397534
2026-08-19 20:01: Train Epoch 11: 1100/1641 Loss: 0.394467
2026-08-19 20:01: Train Epoch 11: 1120/1641 Loss: 0.377604
2026-08-19 20:01: Train Epoch 11: 1140/1641 Loss: 0.381570
2026-08-19 20:01: Train Epoch 11: 1160/1641 Loss: 0.361727
2026-08-19 20:01: Train Epoch 11: 1180/1641 Loss: 0.372074
2026-08-19 20:01: Train Epoch 11: 1200/1641 Loss: 0.384877
2026-08-19 20:01: Train Epoch 11: 1220/1641 Loss: 0.365984
2026-08-19 20:01: Train Epoch 11: 1240/1641 Loss: 0.374899
2026-08-19 20:02: Train Epoch 11: 1260/1641 Loss: 0.358876
2026-08-19 20:02: Train Epoch 11: 1280/1641 Loss: 0.404224
2026-08-19 20:02: Train Epoch 11: 1300/1641 Loss: 0.385207
2026-08-19 20:02: Train Epoch 11: 1320/1641 Loss: 0.381389
2026-08-19 20:02: Train Epoch 11: 1340/1641 Loss: 0.405711
2026-08-19 20:02: Train Epoch 11: 1360/1641 Loss: 0.384124
2026-08-19 20:02: Train Epoch 11: 1380/1641 Loss: 0.389131
2026-08-19 20:02: Train Epoch 11: 1400/1641 Loss: 0.366735
2026-08-19 20:02: Train Epoch 11: 1420/1641 Loss: 0.345247
2026-08-19 20:02: Train Epoch 11: 1440/1641 Loss: 0.392682
2026-08-19 20:02: Train Epoch 11: 1460/1641 Loss: 0.361272
2026-08-19 20:02: Train Epoch 11: 1480/1641 Loss: 0.375638
2026-08-19 20:02: Train Epoch 11: 1500/1641 Loss: 0.344293
2026-08-19 20:02: Train Epoch 11: 1520/1641 Loss: 0.379116
2026-08-19 20:02: Train Epoch 11: 1540/1641 Loss: 0.410693
2026-08-19 20:02: Train Epoch 11: 1560/1641 Loss: 0.364390
2026-08-19 20:02: Train Epoch 11: 1580/1641 Loss: 0.375824
2026-08-19 20:02: Train Epoch 11: 1600/1641 Loss: 0.373483
2026-08-19 20:02: Train Epoch 11: 1620/1641 Loss: 0.384872
2026-08-19 20:02: Train Epoch 11: 1640/1641 Loss: 0.383180
2026-08-19 20:02: **********Train Epoch 11: averaged Loss: 0.379742, tf_ratio: 0.194020
2026-08-19 20:03: **********Val Epoch 11: average Loss: 0.410177
2026-08-19 20:03: Train Epoch 12: 0/1641 Loss: 0.390049
2026-08-19 20:03: Train Epoch 12: 20/1641 Loss: 0.384681
2026-08-19 20:03: Train Epoch 12: 40/1641 Loss: 0.376233
2026-08-19 20:03: Train Epoch 12: 60/1641 Loss: 0.393848
2026-08-19 20:03: Train Epoch 12: 80/1641 Loss: 0.393727
2026-08-19 20:03: Train Epoch 12: 100/1641 Loss: 0.383988
2026-08-19 20:03: Train Epoch 12: 120/1641 Loss: 0.390999
2026-08-19 20:03: Train Epoch 12: 140/1641 Loss: 0.372916
2026-08-19 20:03: Train Epoch 12: 160/1641 Loss: 0.399385
2026-08-19 20:03: Train Epoch 12: 180/1641 Loss: 0.376662
2026-08-19 20:03: Train Epoch 12: 200/1641 Loss: 0.376788
2026-08-19 20:03: Train Epoch 12: 220/1641 Loss: 0.374527
2026-08-19 20:03: Train Epoch 12: 240/1641 Loss: 0.378367
2026-08-19 20:03: Train Epoch 12: 260/1641 Loss: 0.381210
2026-08-19 20:03: Train Epoch 12: 280/1641 Loss: 0.394903
2026-08-19 20:04: Train Epoch 12: 300/1641 Loss: 0.356718
2026-08-19 20:04: Train Epoch 12: 320/1641 Loss: 0.356090
2026-08-19 20:04: Train Epoch 12: 340/1641 Loss: 0.342463
2026-08-19 20:04: Train Epoch 12: 360/1641 Loss: 0.363236
2026-08-19 20:04: Train Epoch 12: 380/1641 Loss: 0.373543
2026-08-19 20:04: Train Epoch 12: 400/1641 Loss: 0.376665
2026-08-19 20:04: Train Epoch 12: 420/1641 Loss: 0.401280
2026-08-19 20:04: Train Epoch 12: 440/1641 Loss: 0.360460
2026-08-19 20:04: Train Epoch 12: 460/1641 Loss: 0.349142
2026-08-19 20:04: Train Epoch 12: 480/1641 Loss: 0.396812
2026-08-19 20:04: Train Epoch 12: 500/1641 Loss: 0.379062
2026-08-19 20:04: Train Epoch 12: 520/1641 Loss: 0.351037
2026-08-19 20:04: Train Epoch 12: 540/1641 Loss: 0.395734
2026-08-19 20:04: Train Epoch 12: 560/1641 Loss: 0.358053
2026-08-19 20:04: Train Epoch 12: 580/1641 Loss: 0.384615
2026-08-19 20:04: Train Epoch 12: 600/1641 Loss: 0.360092
2026-08-19 20:04: Train Epoch 12: 620/1641 Loss: 0.352690
2026-08-19 20:04: Train Epoch 12: 640/1641 Loss: 0.360977
2026-08-19 20:04: Train Epoch 12: 660/1641 Loss: 0.355946
2026-08-19 20:04: Train Epoch 12: 680/1641 Loss: 0.373295
2026-08-19 20:04: Train Epoch 12: 700/1641 Loss: 0.360417
2026-08-19 20:05: Train Epoch 12: 720/1641 Loss: 0.365456
2026-08-19 20:05: Train Epoch 12: 740/1641 Loss: 0.360956
2026-08-19 20:05: Train Epoch 12: 760/1641 Loss: 0.392132
2026-08-19 20:05: Train Epoch 12: 780/1641 Loss: 0.394304
2026-08-19 20:05: Train Epoch 12: 800/1641 Loss: 0.362966
2026-08-19 20:05: Train Epoch 12: 820/1641 Loss: 0.384266
2026-08-19 20:05: Train Epoch 12: 840/1641 Loss: 0.363589
2026-08-19 20:05: Train Epoch 12: 860/1641 Loss: 0.384247
2026-08-19 20:05: Train Epoch 12: 880/1641 Loss: 0.371368
2026-08-19 20:05: Train Epoch 12: 900/1641 Loss: 0.390466
2026-08-19 20:05: Train Epoch 12: 920/1641 Loss: 0.370139
2026-08-19 20:05: Train Epoch 12: 940/1641 Loss: 0.351409
2026-08-19 20:05: Train Epoch 12: 960/1641 Loss: 0.363940
2026-08-19 20:05: Train Epoch 12: 980/1641 Loss: 0.370867
2026-08-19 20:05: Train Epoch 12: 1000/1641 Loss: 0.373731
2026-08-19 20:05: Train Epoch 12: 1020/1641 Loss: 0.384065
2026-08-19 20:05: Train Epoch 12: 1040/1641 Loss: 0.372887
2026-08-19 20:05: Train Epoch 12: 1060/1641 Loss: 0.369355
2026-08-19 20:05: Train Epoch 12: 1080/1641 Loss: 0.379703
2026-08-19 20:05: Train Epoch 12: 1100/1641 Loss: 0.384957
2026-08-19 20:05: Train Epoch 12: 1120/1641 Loss: 0.362064
2026-08-19 20:06: Train Epoch 12: 1140/1641 Loss: 0.350775
2026-08-19 20:06: Train Epoch 12: 1160/1641 Loss: 0.376674
2026-08-19 20:06: Train Epoch 12: 1180/1641 Loss: 0.371624
2026-08-19 20:06: Train Epoch 12: 1200/1641 Loss: 0.377957
2026-08-19 20:06: Train Epoch 12: 1220/1641 Loss: 0.366652
2026-08-19 20:06: Train Epoch 12: 1240/1641 Loss: 0.393110
2026-08-19 20:06: Train Epoch 12: 1260/1641 Loss: 0.360367
2026-08-19 20:06: Train Epoch 12: 1280/1641 Loss: 0.350513
2026-08-19 20:06: Train Epoch 12: 1300/1641 Loss: 0.367121
2026-08-19 20:06: Train Epoch 12: 1320/1641 Loss: 0.378897
2026-08-19 20:06: Train Epoch 12: 1340/1641 Loss: 0.372534
2026-08-19 20:06: Train Epoch 12: 1360/1641 Loss: 0.342227
2026-08-19 20:06: Train Epoch 12: 1380/1641 Loss: 0.358221
2026-08-19 20:06: Train Epoch 12: 1400/1641 Loss: 0.379104
2026-08-19 20:06: Train Epoch 12: 1420/1641 Loss: 0.348250
2026-08-19 20:06: Train Epoch 12: 1440/1641 Loss: 0.364650
2026-08-19 20:06: Train Epoch 12: 1460/1641 Loss: 0.370017
2026-08-19 20:06: Train Epoch 12: 1480/1641 Loss: 0.371566
2026-08-19 20:06: Train Epoch 12: 1500/1641 Loss: 0.383733
2026-08-19 20:06: Train Epoch 12: 1520/1641 Loss: 0.406880
2026-08-19 20:06: Train Epoch 12: 1540/1641 Loss: 0.380493
2026-08-19 20:07: Train Epoch 12: 1560/1641 Loss: 0.355701
2026-08-19 20:07: Train Epoch 12: 1580/1641 Loss: 0.358296
2026-08-19 20:07: Train Epoch 12: 1600/1641 Loss: 0.364115
2026-08-19 20:07: Train Epoch 12: 1620/1641 Loss: 0.387956
2026-08-19 20:07: Train Epoch 12: 1640/1641 Loss: 0.373779
2026-08-19 20:07: **********Train Epoch 12: averaged Loss: 0.373285, tf_ratio: 0.095816
2026-08-19 20:07: **********Val Epoch 12: average Loss: 0.408921
2026-08-19 20:07: Train Epoch 13: 0/1641 Loss: 0.364812
2026-08-19 20:07: Train Epoch 13: 20/1641 Loss: 0.348211
2026-08-19 20:07: Train Epoch 13: 40/1641 Loss: 0.378894
2026-08-19 20:07: Train Epoch 13: 60/1641 Loss: 0.357141
2026-08-19 20:07: Train Epoch 13: 80/1641 Loss: 0.360169
2026-08-19 20:07: Train Epoch 13: 100/1641 Loss: 0.394049
2026-08-19 20:07: Train Epoch 13: 120/1641 Loss: 0.356922
2026-08-19 20:07: Train Epoch 13: 140/1641 Loss: 0.383104
2026-08-19 20:07: Train Epoch 13: 160/1641 Loss: 0.352950
2026-08-19 20:07: Train Epoch 13: 180/1641 Loss: 0.367800
2026-08-19 20:08: Train Epoch 13: 200/1641 Loss: 0.373388
2026-08-19 20:08: Train Epoch 13: 220/1641 Loss: 0.346070
2026-08-19 20:08: Train Epoch 13: 240/1641 Loss: 0.370565
2026-08-19 20:08: Train Epoch 13: 260/1641 Loss: 0.364367
2026-08-19 20:08: Train Epoch 13: 280/1641 Loss: 0.395289
2026-08-19 20:08: Train Epoch 13: 300/1641 Loss: 0.383905
2026-08-19 20:08: Train Epoch 13: 320/1641 Loss: 0.362852
2026-08-19 20:08: Train Epoch 13: 340/1641 Loss: 0.361558
2026-08-19 20:08: Train Epoch 13: 360/1641 Loss: 0.358543
2026-08-19 20:08: Train Epoch 13: 380/1641 Loss: 0.368994
2026-08-19 20:08: Train Epoch 13: 400/1641 Loss: 0.362340
2026-08-19 20:08: Train Epoch 13: 420/1641 Loss: 0.372358
2026-08-19 20:08: Train Epoch 13: 440/1641 Loss: 0.382463
2026-08-19 20:08: Train Epoch 13: 460/1641 Loss: 0.362096
2026-08-19 20:08: Train Epoch 13: 480/1641 Loss: 0.380708
2026-08-19 20:08: Train Epoch 13: 500/1641 Loss: 0.402050
2026-08-19 20:08: Train Epoch 13: 520/1641 Loss: 0.390319
2026-08-19 20:08: Train Epoch 13: 540/1641 Loss: 0.364758
2026-08-19 20:08: Train Epoch 13: 560/1641 Loss: 0.354375
2026-08-19 20:08: Train Epoch 13: 580/1641 Loss: 0.354657
2026-08-19 20:08: Train Epoch 13: 600/1641 Loss: 0.377081
2026-08-19 20:09: Train Epoch 13: 620/1641 Loss: 0.389805
2026-08-19 20:09: Train Epoch 13: 640/1641 Loss: 0.353603
2026-08-19 20:09: Train Epoch 13: 660/1641 Loss: 0.354869
2026-08-19 20:09: Train Epoch 13: 680/1641 Loss: 0.359519
2026-08-19 20:09: Train Epoch 13: 700/1641 Loss: 0.358828
2026-08-19 20:09: Train Epoch 13: 720/1641 Loss: 0.366751
2026-08-19 20:09: Train Epoch 13: 740/1641 Loss: 0.354076
2026-08-19 20:09: Train Epoch 13: 760/1641 Loss: 0.360084
2026-08-19 20:09: Train Epoch 13: 780/1641 Loss: 0.353634
2026-08-19 20:09: Train Epoch 13: 800/1641 Loss: 0.371056
2026-08-19 20:09: Train Epoch 13: 820/1641 Loss: 0.369966
2026-08-19 20:09: Train Epoch 13: 840/1641 Loss: 0.358753
2026-08-19 20:09: Train Epoch 13: 860/1641 Loss: 0.367559
2026-08-19 20:09: Train Epoch 13: 880/1641 Loss: 0.354864
2026-08-19 20:09: Train Epoch 13: 900/1641 Loss: 0.361264
2026-08-19 20:09: Train Epoch 13: 920/1641 Loss: 0.359905
2026-08-19 20:09: Train Epoch 13: 940/1641 Loss: 0.366704
2026-08-19 20:09: Train Epoch 13: 960/1641 Loss: 0.379110
2026-08-19 20:09: Train Epoch 13: 980/1641 Loss: 0.365003
2026-08-19 20:09: Train Epoch 13: 1000/1641 Loss: 0.362717
2026-08-19 20:09: Train Epoch 13: 1020/1641 Loss: 0.360238
2026-08-19 20:10: Train Epoch 13: 1040/1641 Loss: 0.366676
2026-08-19 20:10: Train Epoch 13: 1060/1641 Loss: 0.360418
2026-08-19 20:10: Train Epoch 13: 1080/1641 Loss: 0.367525
2026-08-19 20:10: Train Epoch 13: 1100/1641 Loss: 0.367083
2026-08-19 20:10: Train Epoch 13: 1120/1641 Loss: 0.385985
2026-08-19 20:10: Train Epoch 13: 1140/1641 Loss: 0.354982
2026-08-19 20:10: Train Epoch 13: 1160/1641 Loss: 0.344882
2026-08-19 20:10: Train Epoch 13: 1180/1641 Loss: 0.385472
2026-08-19 20:10: Train Epoch 13: 1200/1641 Loss: 0.357796
2026-08-19 20:10: Train Epoch 13: 1220/1641 Loss: 0.351448
2026-08-19 20:10: Train Epoch 13: 1240/1641 Loss: 0.373062
2026-08-19 20:10: Train Epoch 13: 1260/1641 Loss: 0.353599
2026-08-19 20:10: Train Epoch 13: 1280/1641 Loss: 0.361787
2026-08-19 20:10: Train Epoch 13: 1300/1641 Loss: 0.357897
2026-08-19 20:10: Train Epoch 13: 1320/1641 Loss: 0.372783
2026-08-19 20:10: Train Epoch 13: 1340/1641 Loss: 0.362785
2026-08-19 20:10: Train Epoch 13: 1360/1641 Loss: 0.386904
2026-08-19 20:10: Train Epoch 13: 1380/1641 Loss: 0.368610
2026-08-19 20:10: Train Epoch 13: 1400/1641 Loss: 0.346416
2026-08-19 20:10: Train Epoch 13: 1420/1641 Loss: 0.365800
2026-08-19 20:10: Train Epoch 13: 1440/1641 Loss: 0.356080
2026-08-19 20:11: Train Epoch 13: 1460/1641 Loss: 0.377372
2026-08-19 20:11: Train Epoch 13: 1480/1641 Loss: 0.341756
2026-08-19 20:11: Train Epoch 13: 1500/1641 Loss: 0.392004
2026-08-19 20:11: Train Epoch 13: 1520/1641 Loss: 0.352118
2026-08-19 20:11: Train Epoch 13: 1540/1641 Loss: 0.363011
2026-08-19 20:11: Train Epoch 13: 1560/1641 Loss: 0.357595
2026-08-19 20:11: Train Epoch 13: 1580/1641 Loss: 0.355801
2026-08-19 20:11: Train Epoch 13: 1600/1641 Loss: 0.376592
2026-08-19 20:11: Train Epoch 13: 1620/1641 Loss: 0.369809
2026-08-19 20:11: Train Epoch 13: 1640/1641 Loss: 0.360054
2026-08-19 20:11: **********Train Epoch 13: averaged Loss: 0.367060, tf_ratio: 0.044570
2026-08-19 20:11: **********Val Epoch 13: average Loss: 0.412421
2026-08-19 20:11: Train Epoch 14: 0/1641 Loss: 0.383636
2026-08-19 20:11: Train Epoch 14: 20/1641 Loss: 0.347198
2026-08-19 20:11: Train Epoch 14: 40/1641 Loss: 0.358970
2026-08-19 20:11: Train Epoch 14: 60/1641 Loss: 0.374265
2026-08-19 20:12: Train Epoch 14: 80/1641 Loss: 0.364256
2026-08-19 20:12: Train Epoch 14: 100/1641 Loss: 0.357129
2026-08-19 20:12: Train Epoch 14: 120/1641 Loss: 0.377025
2026-08-19 20:12: Train Epoch 14: 140/1641 Loss: 0.390603
2026-08-19 20:12: Train Epoch 14: 160/1641 Loss: 0.370804
2026-08-19 20:12: Train Epoch 14: 180/1641 Loss: 0.346723
2026-08-19 20:12: Train Epoch 14: 200/1641 Loss: 0.351117
2026-08-19 20:12: Train Epoch 14: 220/1641 Loss: 0.359563
2026-08-19 20:12: Train Epoch 14: 240/1641 Loss: 0.374793
2026-08-19 20:12: Train Epoch 14: 260/1641 Loss: 0.371231
2026-08-19 20:12: Train Epoch 14: 280/1641 Loss: 0.357213
2026-08-19 20:12: Train Epoch 14: 300/1641 Loss: 0.349695
2026-08-19 20:12: Train Epoch 14: 320/1641 Loss: 0.358823
2026-08-19 20:12: Train Epoch 14: 340/1641 Loss: 0.358653
2026-08-19 20:12: Train Epoch 14: 360/1641 Loss: 0.366167
2026-08-19 20:12: Train Epoch 14: 380/1641 Loss: 0.371804
2026-08-19 20:12: Train Epoch 14: 400/1641 Loss: 0.381500
2026-08-19 20:12: Train Epoch 14: 420/1641 Loss: 0.352510
2026-08-19 20:12: Train Epoch 14: 440/1641 Loss: 0.372887
2026-08-19 20:12: Train Epoch 14: 460/1641 Loss: 0.364448
2026-08-19 20:12: Train Epoch 14: 480/1641 Loss: 0.352901
2026-08-19 20:13: Train Epoch 14: 500/1641 Loss: 0.362691
2026-08-19 20:13: Train Epoch 14: 520/1641 Loss: 0.369923
2026-08-19 20:13: Train Epoch 14: 540/1641 Loss: 0.362526
2026-08-19 20:13: Train Epoch 14: 560/1641 Loss: 0.345561
2026-08-19 20:13: Train Epoch 14: 580/1641 Loss: 0.349914
2026-08-19 20:13: Train Epoch 14: 600/1641 Loss: 0.363730
2026-08-19 20:13: Train Epoch 14: 620/1641 Loss: 0.395028
2026-08-19 20:13: Train Epoch 14: 640/1641 Loss: 0.364802
2026-08-19 20:13: Train Epoch 14: 660/1641 Loss: 0.363283
2026-08-19 20:13: Train Epoch 14: 680/1641 Loss: 0.367926
2026-08-19 20:13: Train Epoch 14: 700/1641 Loss: 0.365816
2026-08-19 20:13: Train Epoch 14: 720/1641 Loss: 0.358638
2026-08-19 20:13: Train Epoch 14: 740/1641 Loss: 0.385608
2026-08-19 20:13: Train Epoch 14: 760/1641 Loss: 0.380450
2026-08-19 20:13: Train Epoch 14: 780/1641 Loss: 0.351712
2026-08-19 20:13: Train Epoch 14: 800/1641 Loss: 0.368466
2026-08-19 20:13: Train Epoch 14: 820/1641 Loss: 0.370886
2026-08-19 20:13: Train Epoch 14: 840/1641 Loss: 0.346530
2026-08-19 20:13: Train Epoch 14: 860/1641 Loss: 0.369167
2026-08-19 20:13: Train Epoch 14: 880/1641 Loss: 0.350527
2026-08-19 20:13: Train Epoch 14: 900/1641 Loss: 0.354909
2026-08-19 20:14: Train Epoch 14: 920/1641 Loss: 0.362090
2026-08-19 20:14: Train Epoch 14: 940/1641 Loss: 0.377540
2026-08-19 20:14: Train Epoch 14: 960/1641 Loss: 0.380317
2026-08-19 20:14: Train Epoch 14: 980/1641 Loss: 0.359048
2026-08-19 20:14: Train Epoch 14: 1000/1641 Loss: 0.349834
2026-08-19 20:14: Train Epoch 14: 1020/1641 Loss: 0.346081
2026-08-19 20:14: Train Epoch 14: 1040/1641 Loss: 0.376524
2026-08-19 20:14: Train Epoch 14: 1060/1641 Loss: 0.362325
2026-08-19 20:14: Train Epoch 14: 1080/1641 Loss: 0.348875
2026-08-19 20:14: Train Epoch 14: 1100/1641 Loss: 0.359227
2026-08-19 20:14: Train Epoch 14: 1120/1641 Loss: 0.361464
2026-08-19 20:14: Train Epoch 14: 1140/1641 Loss: 0.344880
2026-08-19 20:14: Train Epoch 14: 1160/1641 Loss: 0.361664
2026-08-19 20:14: Train Epoch 14: 1180/1641 Loss: 0.366893
2026-08-19 20:14: Train Epoch 14: 1200/1641 Loss: 0.360916
2026-08-19 20:14: Train Epoch 14: 1220/1641 Loss: 0.378797
2026-08-19 20:14: Train Epoch 14: 1240/1641 Loss: 0.340807
2026-08-19 20:14: Train Epoch 14: 1260/1641 Loss: 0.365919
2026-08-19 20:14: Train Epoch 14: 1280/1641 Loss: 0.367870
2026-08-19 20:14: Train Epoch 14: 1300/1641 Loss: 0.353189
2026-08-19 20:14: Train Epoch 14: 1320/1641 Loss: 0.355098
2026-08-19 20:15: Train Epoch 14: 1340/1641 Loss: 0.345795
2026-08-19 20:15: Train Epoch 14: 1360/1641 Loss: 0.378668
2026-08-19 20:15: Train Epoch 14: 1380/1641 Loss: 0.349517
2026-08-19 20:15: Train Epoch 14: 1400/1641 Loss: 0.365061
2026-08-19 20:15: Train Epoch 14: 1420/1641 Loss: 0.384802
2026-08-19 20:15: Train Epoch 14: 1440/1641 Loss: 0.356942
2026-08-19 20:15: Train Epoch 14: 1460/1641 Loss: 0.363713
2026-08-19 20:15: Train Epoch 14: 1480/1641 Loss: 0.369042
2026-08-19 20:15: Train Epoch 14: 1500/1641 Loss: 0.361859
2026-08-19 20:15: Train Epoch 14: 1520/1641 Loss: 0.369370
2026-08-19 20:15: Train Epoch 14: 1540/1641 Loss: 0.350917
2026-08-19 20:15: Train Epoch 14: 1560/1641 Loss: 0.356956
2026-08-19 20:15: Train Epoch 14: 1580/1641 Loss: 0.383613
2026-08-19 20:15: Train Epoch 14: 1600/1641 Loss: 0.338050
2026-08-19 20:15: Train Epoch 14: 1620/1641 Loss: 0.349640
2026-08-19 20:15: Train Epoch 14: 1640/1641 Loss: 0.334701
2026-08-19 20:15: **********Train Epoch 14: averaged Loss: 0.361082, tf_ratio: 0.020122
2026-08-19 20:16: **********Val Epoch 14: average Loss: 0.413282
2026-08-19 20:16: Train Epoch 15: 0/1641 Loss: 0.356514
2026-08-19 20:16: Train Epoch 15: 20/1641 Loss: 0.364634
2026-08-19 20:16: Train Epoch 15: 40/1641 Loss: 0.370529
2026-08-19 20:16: Train Epoch 15: 60/1641 Loss: 0.361485
2026-08-19 20:16: Train Epoch 15: 80/1641 Loss: 0.370464
2026-08-19 20:16: Train Epoch 15: 100/1641 Loss: 0.358649
2026-08-19 20:16: Train Epoch 15: 120/1641 Loss: 0.349119
2026-08-19 20:16: Train Epoch 15: 140/1641 Loss: 0.373849
2026-08-19 20:16: Train Epoch 15: 160/1641 Loss: 0.353952
2026-08-19 20:16: Train Epoch 15: 180/1641 Loss: 0.358305
2026-08-19 20:16: Train Epoch 15: 200/1641 Loss: 0.345086
2026-08-19 20:16: Train Epoch 15: 220/1641 Loss: 0.352843
2026-08-19 20:16: Train Epoch 15: 240/1641 Loss: 0.345793
2026-08-19 20:16: Train Epoch 15: 260/1641 Loss: 0.360259
2026-08-19 20:16: Train Epoch 15: 280/1641 Loss: 0.370831
2026-08-19 20:16: Train Epoch 15: 300/1641 Loss: 0.362671
2026-08-19 20:16: Train Epoch 15: 320/1641 Loss: 0.360188
2026-08-19 20:16: Train Epoch 15: 340/1641 Loss: 0.341192
2026-08-19 20:16: Train Epoch 15: 360/1641 Loss: 0.353532
2026-08-19 20:16: Train Epoch 15: 380/1641 Loss: 0.359527
2026-08-19 20:16: Train Epoch 15: 400/1641 Loss: 0.367552
2026-08-19 20:17: Train Epoch 15: 420/1641 Loss: 0.344880
2026-08-19 20:17: Train Epoch 15: 440/1641 Loss: 0.345044
2026-08-19 20:17: Train Epoch 15: 460/1641 Loss: 0.333362
2026-08-19 20:17: Train Epoch 15: 480/1641 Loss: 0.363919
2026-08-19 20:17: Train Epoch 15: 500/1641 Loss: 0.360761
2026-08-19 20:17: Train Epoch 15: 520/1641 Loss: 0.348910
2026-08-19 20:17: Train Epoch 15: 540/1641 Loss: 0.341798
2026-08-19 20:17: Train Epoch 15: 560/1641 Loss: 0.368092
2026-08-19 20:17: Train Epoch 15: 580/1641 Loss: 0.355338
2026-08-19 20:17: Train Epoch 15: 600/1641 Loss: 0.368892
2026-08-19 20:17: Train Epoch 15: 620/1641 Loss: 0.336531
2026-08-19 20:17: Train Epoch 15: 640/1641 Loss: 0.352838
2026-08-19 20:17: Train Epoch 15: 660/1641 Loss: 0.339027
2026-08-19 20:17: Train Epoch 15: 680/1641 Loss: 0.361755
2026-08-19 20:17: Train Epoch 15: 700/1641 Loss: 0.376462
2026-08-19 20:17: Train Epoch 15: 720/1641 Loss: 0.356375
2026-08-19 20:17: Train Epoch 15: 740/1641 Loss: 0.346992
2026-08-19 20:17: Train Epoch 15: 760/1641 Loss: 0.337246
2026-08-19 20:17: Train Epoch 15: 780/1641 Loss: 0.361486
2026-08-19 20:17: Train Epoch 15: 800/1641 Loss: 0.351902
2026-08-19 20:17: Train Epoch 15: 820/1641 Loss: 0.374366
2026-08-19 20:17: Train Epoch 15: 840/1641 Loss: 0.352489
2026-08-19 20:18: Train Epoch 15: 860/1641 Loss: 0.333257
2026-08-19 20:18: Train Epoch 15: 880/1641 Loss: 0.350406
2026-08-19 20:18: Train Epoch 15: 900/1641 Loss: 0.372838
2026-08-19 20:18: Train Epoch 15: 920/1641 Loss: 0.335761
2026-08-19 20:18: Train Epoch 15: 940/1641 Loss: 0.356404
2026-08-19 20:18: Train Epoch 15: 960/1641 Loss: 0.339972
2026-08-19 20:18: Train Epoch 15: 980/1641 Loss: 0.371579
2026-08-19 20:18: Train Epoch 15: 1000/1641 Loss: 0.390710
2026-08-19 20:18: Train Epoch 15: 1020/1641 Loss: 0.344249
2026-08-19 20:18: Train Epoch 15: 1040/1641 Loss: 0.347968
2026-08-19 20:18: Train Epoch 15: 1060/1641 Loss: 0.380412
2026-08-19 20:18: Train Epoch 15: 1080/1641 Loss: 0.353341
2026-08-19 20:18: Train Epoch 15: 1100/1641 Loss: 0.357846
2026-08-19 20:18: Train Epoch 15: 1120/1641 Loss: 0.337727
2026-08-19 20:18: Train Epoch 15: 1140/1641 Loss: 0.348864
2026-08-19 20:18: Train Epoch 15: 1160/1641 Loss: 0.352644
2026-08-19 20:18: Train Epoch 15: 1180/1641 Loss: 0.345995
2026-08-19 20:18: Train Epoch 15: 1200/1641 Loss: 0.339078
2026-08-19 20:18: Train Epoch 15: 1220/1641 Loss: 0.350489
2026-08-19 20:18: Train Epoch 15: 1240/1641 Loss: 0.366892
2026-08-19 20:18: Train Epoch 15: 1260/1641 Loss: 0.331163
2026-08-19 20:18: Train Epoch 15: 1280/1641 Loss: 0.342201
2026-08-19 20:19: Train Epoch 15: 1300/1641 Loss: 0.373804
2026-08-19 20:19: Train Epoch 15: 1320/1641 Loss: 0.349732
2026-08-19 20:19: Train Epoch 15: 1340/1641 Loss: 0.370846
2026-08-19 20:19: Train Epoch 15: 1360/1641 Loss: 0.334826
2026-08-19 20:19: Train Epoch 15: 1380/1641 Loss: 0.361203
2026-08-19 20:19: Train Epoch 15: 1400/1641 Loss: 0.338365
2026-08-19 20:19: Train Epoch 15: 1420/1641 Loss: 0.360521
2026-08-19 20:19: Train Epoch 15: 1440/1641 Loss: 0.342887
2026-08-19 20:19: Train Epoch 15: 1460/1641 Loss: 0.369935
2026-08-19 20:19: Train Epoch 15: 1480/1641 Loss: 0.362238
2026-08-19 20:19: Train Epoch 15: 1500/1641 Loss: 0.347332
2026-08-19 20:19: Train Epoch 15: 1520/1641 Loss: 0.335236
2026-08-19 20:19: Train Epoch 15: 1540/1641 Loss: 0.367227
2026-08-19 20:19: Train Epoch 15: 1560/1641 Loss: 0.336428
2026-08-19 20:19: Train Epoch 15: 1580/1641 Loss: 0.369332
2026-08-19 20:19: Train Epoch 15: 1600/1641 Loss: 0.374725
2026-08-19 20:19: Train Epoch 15: 1620/1641 Loss: 0.366740
2026-08-19 20:19: Train Epoch 15: 1640/1641 Loss: 0.356464
2026-08-19 20:19: **********Train Epoch 15: averaged Loss: 0.355542, tf_ratio: 0.008959
2026-08-19 20:20: **********Val Epoch 15: average Loss: 0.419321
2026-08-19 20:20: Train Epoch 16: 0/1641 Loss: 0.330678
2026-08-19 20:20: Train Epoch 16: 20/1641 Loss: 0.353876
2026-08-19 20:20: Train Epoch 16: 40/1641 Loss: 0.348706
2026-08-19 20:20: Train Epoch 16: 60/1641 Loss: 0.354758
2026-08-19 20:20: Train Epoch 16: 80/1641 Loss: 0.351692
2026-08-19 20:20: Train Epoch 16: 100/1641 Loss: 0.356871
2026-08-19 20:20: Train Epoch 16: 120/1641 Loss: 0.371848
2026-08-19 20:20: Train Epoch 16: 140/1641 Loss: 0.362330
2026-08-19 20:20: Train Epoch 16: 160/1641 Loss: 0.343870
2026-08-19 20:20: Train Epoch 16: 180/1641 Loss: 0.366121
2026-08-19 20:20: Train Epoch 16: 200/1641 Loss: 0.357933
2026-08-19 20:20: Train Epoch 16: 220/1641 Loss: 0.368346
2026-08-19 20:20: Train Epoch 16: 240/1641 Loss: 0.348544
2026-08-19 20:20: Train Epoch 16: 260/1641 Loss: 0.341121
2026-08-19 20:20: Train Epoch 16: 280/1641 Loss: 0.375785
2026-08-19 20:20: Train Epoch 16: 300/1641 Loss: 0.359713
2026-08-19 20:20: Train Epoch 16: 320/1641 Loss: 0.371966
2026-08-19 20:20: Train Epoch 16: 340/1641 Loss: 0.345550
2026-08-19 20:20: Train Epoch 16: 360/1641 Loss: 0.352598
2026-08-19 20:20: Train Epoch 16: 380/1641 Loss: 0.381339
2026-08-19 20:21: Train Epoch 16: 400/1641 Loss: 0.380810
2026-08-19 20:21: Train Epoch 16: 420/1641 Loss: 0.342791
2026-08-19 20:21: Train Epoch 16: 440/1641 Loss: 0.372439
2026-08-19 20:21: Train Epoch 16: 460/1641 Loss: 0.345988
2026-08-19 20:21: Train Epoch 16: 480/1641 Loss: 0.343864
2026-08-19 20:21: Train Epoch 16: 500/1641 Loss: 0.342320
2026-08-19 20:21: Train Epoch 16: 520/1641 Loss: 0.350584
2026-08-19 20:21: Train Epoch 16: 540/1641 Loss: 0.342825
2026-08-19 20:21: Train Epoch 16: 560/1641 Loss: 0.352677
2026-08-19 20:21: Train Epoch 16: 580/1641 Loss: 0.345381
2026-08-19 20:21: Train Epoch 16: 600/1641 Loss: 0.352137
2026-08-19 20:21: Train Epoch 16: 620/1641 Loss: 0.337424
2026-08-19 20:21: Train Epoch 16: 640/1641 Loss: 0.347567
2026-08-19 20:21: Train Epoch 16: 660/1641 Loss: 0.371557
2026-08-19 20:21: Train Epoch 16: 680/1641 Loss: 0.355515
2026-08-19 20:21: Train Epoch 16: 700/1641 Loss: 0.340538
2026-08-19 20:21: Train Epoch 16: 720/1641 Loss: 0.332758
2026-08-19 20:21: Train Epoch 16: 740/1641 Loss: 0.360829
2026-08-19 20:21: Train Epoch 16: 760/1641 Loss: 0.362240
2026-08-19 20:21: Train Epoch 16: 780/1641 Loss: 0.340904
2026-08-19 20:21: Train Epoch 16: 800/1641 Loss: 0.358624
2026-08-19 20:21: Train Epoch 16: 820/1641 Loss: 0.365157
2026-08-19 20:22: Train Epoch 16: 840/1641 Loss: 0.354822
2026-08-19 20:22: Train Epoch 16: 860/1641 Loss: 0.341152
2026-08-19 20:22: Train Epoch 16: 880/1641 Loss: 0.347659
2026-08-19 20:22: Train Epoch 16: 900/1641 Loss: 0.331381
2026-08-19 20:22: Train Epoch 16: 920/1641 Loss: 0.350102
2026-08-19 20:22: Train Epoch 16: 940/1641 Loss: 0.378304
2026-08-19 20:22: Train Epoch 16: 960/1641 Loss: 0.347590
2026-08-19 20:22: Train Epoch 16: 980/1641 Loss: 0.338984
2026-08-19 20:22: Train Epoch 16: 1000/1641 Loss: 0.343157
2026-08-19 20:22: Train Epoch 16: 1020/1641 Loss: 0.350260
2026-08-19 20:22: Train Epoch 16: 1040/1641 Loss: 0.333656
2026-08-19 20:22: Train Epoch 16: 1060/1641 Loss: 0.366784
2026-08-19 20:22: Train Epoch 16: 1080/1641 Loss: 0.355967
2026-08-19 20:22: Train Epoch 16: 1100/1641 Loss: 0.356622
2026-08-19 20:22: Train Epoch 16: 1120/1641 Loss: 0.344258
2026-08-19 20:22: Train Epoch 16: 1140/1641 Loss: 0.334882
2026-08-19 20:22: Train Epoch 16: 1160/1641 Loss: 0.350492
2026-08-19 20:22: Train Epoch 16: 1180/1641 Loss: 0.323479
2026-08-19 20:22: Train Epoch 16: 1200/1641 Loss: 0.366803
2026-08-19 20:22: Train Epoch 16: 1220/1641 Loss: 0.356444
2026-08-19 20:22: Train Epoch 16: 1240/1641 Loss: 0.335122
2026-08-19 20:22: Train Epoch 16: 1260/1641 Loss: 0.356649
2026-08-19 20:23: Train Epoch 16: 1280/1641 Loss: 0.372590
2026-08-19 20:23: Train Epoch 16: 1300/1641 Loss: 0.348969
2026-08-19 20:23: Train Epoch 16: 1320/1641 Loss: 0.340464
2026-08-19 20:23: Train Epoch 16: 1340/1641 Loss: 0.358232
2026-08-19 20:23: Train Epoch 16: 1360/1641 Loss: 0.368374
2026-08-19 20:23: Train Epoch 16: 1380/1641 Loss: 0.357902
2026-08-19 20:23: Train Epoch 16: 1400/1641 Loss: 0.354539
2026-08-19 20:23: Train Epoch 16: 1420/1641 Loss: 0.349895
2026-08-19 20:23: Train Epoch 16: 1440/1641 Loss: 0.356196
2026-08-19 20:23: Train Epoch 16: 1460/1641 Loss: 0.378012
2026-08-19 20:23: Train Epoch 16: 1480/1641 Loss: 0.359121
2026-08-19 20:23: Train Epoch 16: 1500/1641 Loss: 0.338173
2026-08-19 20:23: Train Epoch 16: 1520/1641 Loss: 0.337809
2026-08-19 20:23: Train Epoch 16: 1540/1641 Loss: 0.371139
2026-08-19 20:23: Train Epoch 16: 1560/1641 Loss: 0.342678
2026-08-19 20:23: Train Epoch 16: 1580/1641 Loss: 0.333356
2026-08-19 20:23: Train Epoch 16: 1600/1641 Loss: 0.350271
2026-08-19 20:23: Train Epoch 16: 1620/1641 Loss: 0.341521
2026-08-19 20:23: Train Epoch 16: 1640/1641 Loss: 0.332188
2026-08-19 20:23: **********Train Epoch 16: averaged Loss: 0.349930, tf_ratio: 0.003964
2026-08-19 20:24: **********Val Epoch 16: average Loss: 0.418021
2026-08-19 20:24: Train Epoch 17: 0/1641 Loss: 0.340729
2026-08-19 20:24: Train Epoch 17: 20/1641 Loss: 0.343209
2026-08-19 20:24: Train Epoch 17: 40/1641 Loss: 0.353582
2026-08-19 20:24: Train Epoch 17: 60/1641 Loss: 0.348313
2026-08-19 20:24: Train Epoch 17: 80/1641 Loss: 0.324475
2026-08-19 20:24: Train Epoch 17: 100/1641 Loss: 0.360839
2026-08-19 20:24: Train Epoch 17: 120/1641 Loss: 0.348739
2026-08-19 20:24: Train Epoch 17: 140/1641 Loss: 0.331188
2026-08-19 20:24: Train Epoch 17: 160/1641 Loss: 0.320102
2026-08-19 20:24: Train Epoch 17: 180/1641 Loss: 0.343871
2026-08-19 20:24: Train Epoch 17: 200/1641 Loss: 0.358913
2026-08-19 20:24: Train Epoch 17: 220/1641 Loss: 0.353219
2026-08-19 20:24: Train Epoch 17: 240/1641 Loss: 0.328340
2026-08-19 20:24: Train Epoch 17: 260/1641 Loss: 0.378508
2026-08-19 20:24: Train Epoch 17: 280/1641 Loss: 0.341951
2026-08-19 20:24: Train Epoch 17: 300/1641 Loss: 0.349640
2026-08-19 20:24: Train Epoch 17: 320/1641 Loss: 0.352000
2026-08-19 20:24: Train Epoch 17: 340/1641 Loss: 0.362540
2026-08-19 20:25: Train Epoch 17: 360/1641 Loss: 0.341862
2026-08-19 20:25: Train Epoch 17: 380/1641 Loss: 0.374498
2026-08-19 20:25: Train Epoch 17: 400/1641 Loss: 0.330161
2026-08-19 20:25: Train Epoch 17: 420/1641 Loss: 0.367267
2026-08-19 20:25: Train Epoch 17: 440/1641 Loss: 0.344916
2026-08-19 20:25: Train Epoch 17: 460/1641 Loss: 0.365287
2026-08-19 20:25: Train Epoch 17: 480/1641 Loss: 0.352617
2026-08-19 20:25: Train Epoch 17: 500/1641 Loss: 0.340358
2026-08-19 20:25: Train Epoch 17: 520/1641 Loss: 0.358853
2026-08-19 20:25: Train Epoch 17: 540/1641 Loss: 0.365669
2026-08-19 20:25: Train Epoch 17: 560/1641 Loss: 0.349768
2026-08-19 20:25: Train Epoch 17: 580/1641 Loss: 0.359711
2026-08-19 20:25: Train Epoch 17: 600/1641 Loss: 0.313601
2026-08-19 20:25: Train Epoch 17: 620/1641 Loss: 0.331723
2026-08-19 20:25: Train Epoch 17: 640/1641 Loss: 0.356434
2026-08-19 20:25: Train Epoch 17: 660/1641 Loss: 0.341054
2026-08-19 20:25: Train Epoch 17: 680/1641 Loss: 0.322756
2026-08-19 20:25: Train Epoch 17: 700/1641 Loss: 0.360617
2026-08-19 20:25: Train Epoch 17: 720/1641 Loss: 0.332035
2026-08-19 20:25: Train Epoch 17: 740/1641 Loss: 0.349936
2026-08-19 20:25: Train Epoch 17: 760/1641 Loss: 0.337343
2026-08-19 20:25: Train Epoch 17: 780/1641 Loss: 0.346750
2026-08-19 20:26: Train Epoch 17: 800/1641 Loss: 0.348360
2026-08-19 20:26: Train Epoch 17: 820/1641 Loss: 0.342305
2026-08-19 20:26: Train Epoch 17: 840/1641 Loss: 0.364429
2026-08-19 20:26: Train Epoch 17: 860/1641 Loss: 0.326191
2026-08-19 20:26: Train Epoch 17: 880/1641 Loss: 0.328699
2026-08-19 20:26: Train Epoch 17: 900/1641 Loss: 0.357438
2026-08-19 20:26: Train Epoch 17: 920/1641 Loss: 0.358281
2026-08-19 20:26: Train Epoch 17: 940/1641 Loss: 0.355388
2026-08-19 20:26: Train Epoch 17: 960/1641 Loss: 0.339590
2026-08-19 20:26: Train Epoch 17: 980/1641 Loss: 0.366597
2026-08-19 20:26: Train Epoch 17: 1000/1641 Loss: 0.352175
2026-08-19 20:26: Train Epoch 17: 1020/1641 Loss: 0.339221
2026-08-19 20:26: Train Epoch 17: 1040/1641 Loss: 0.350816
2026-08-19 20:26: Train Epoch 17: 1060/1641 Loss: 0.348156
2026-08-19 20:26: Train Epoch 17: 1080/1641 Loss: 0.369826
2026-08-19 20:26: Train Epoch 17: 1100/1641 Loss: 0.356348
2026-08-19 20:26: Train Epoch 17: 1120/1641 Loss: 0.332543
2026-08-19 20:26: Train Epoch 17: 1140/1641 Loss: 0.346219
2026-08-19 20:26: Train Epoch 17: 1160/1641 Loss: 0.343301
2026-08-19 20:26: Train Epoch 17: 1180/1641 Loss: 0.360890
2026-08-19 20:26: Train Epoch 17: 1200/1641 Loss: 0.361865
2026-08-19 20:26: Train Epoch 17: 1220/1641 Loss: 0.353437
2026-08-19 20:26: Train Epoch 17: 1240/1641 Loss: 0.353453
2026-08-19 20:27: Train Epoch 17: 1260/1641 Loss: 0.353966
2026-08-19 20:27: Train Epoch 17: 1280/1641 Loss: 0.325195
2026-08-19 20:27: Train Epoch 17: 1300/1641 Loss: 0.348592
2026-08-19 20:27: Train Epoch 17: 1320/1641 Loss: 0.343635
2026-08-19 20:27: Train Epoch 17: 1340/1641 Loss: 0.343435
2026-08-19 20:27: Train Epoch 17: 1360/1641 Loss: 0.340798
2026-08-19 20:27: Train Epoch 17: 1380/1641 Loss: 0.349232
2026-08-19 20:27: Train Epoch 17: 1400/1641 Loss: 0.339861
2026-08-19 20:27: Train Epoch 17: 1420/1641 Loss: 0.338987
2026-08-19 20:27: Train Epoch 17: 1440/1641 Loss: 0.347796
2026-08-19 20:27: Train Epoch 17: 1460/1641 Loss: 0.355051
2026-08-19 20:27: Train Epoch 17: 1480/1641 Loss: 0.360081
2026-08-19 20:27: Train Epoch 17: 1500/1641 Loss: 0.366052
2026-08-19 20:27: Train Epoch 17: 1520/1641 Loss: 0.339061
2026-08-19 20:27: Train Epoch 17: 1540/1641 Loss: 0.343747
2026-08-19 20:27: Train Epoch 17: 1560/1641 Loss: 0.363133
2026-08-19 20:27: Train Epoch 17: 1580/1641 Loss: 0.357118
2026-08-19 20:27: Train Epoch 17: 1600/1641 Loss: 0.334930
2026-08-19 20:27: Train Epoch 17: 1620/1641 Loss: 0.329001
2026-08-19 20:27: Train Epoch 17: 1640/1641 Loss: 0.353257
2026-08-19 20:27: **********Train Epoch 17: averaged Loss: 0.344780, tf_ratio: 0.001749
2026-08-19 20:28: **********Val Epoch 17: average Loss: 0.419138
2026-08-19 20:28: Train Epoch 18: 0/1641 Loss: 0.352058
2026-08-19 20:28: Train Epoch 18: 20/1641 Loss: 0.317197
2026-08-19 20:28: Train Epoch 18: 40/1641 Loss: 0.333819
2026-08-19 20:28: Train Epoch 18: 60/1641 Loss: 0.327414
2026-08-19 20:28: Train Epoch 18: 80/1641 Loss: 0.331829
2026-08-19 20:28: Train Epoch 18: 100/1641 Loss: 0.350938
2026-08-19 20:28: Train Epoch 18: 120/1641 Loss: 0.325273
2026-08-19 20:28: Train Epoch 18: 140/1641 Loss: 0.316743
2026-08-19 20:28: Train Epoch 18: 160/1641 Loss: 0.349718
2026-08-19 20:28: Train Epoch 18: 180/1641 Loss: 0.343480
2026-08-19 20:28: Train Epoch 18: 200/1641 Loss: 0.344388
2026-08-19 20:28: Train Epoch 18: 220/1641 Loss: 0.342885
2026-08-19 20:28: Train Epoch 18: 240/1641 Loss: 0.324878
2026-08-19 20:28: Train Epoch 18: 260/1641 Loss: 0.337758
2026-08-19 20:28: Train Epoch 18: 280/1641 Loss: 0.337735
2026-08-19 20:28: Train Epoch 18: 300/1641 Loss: 0.322251
2026-08-19 20:28: Train Epoch 18: 320/1641 Loss: 0.334688
2026-08-19 20:29: Train Epoch 18: 340/1641 Loss: 0.336702
2026-08-19 20:29: Train Epoch 18: 360/1641 Loss: 0.336460
2026-08-19 20:29: Train Epoch 18: 380/1641 Loss: 0.323989
2026-08-19 20:29: Train Epoch 18: 400/1641 Loss: 0.347075
2026-08-19 20:29: Train Epoch 18: 420/1641 Loss: 0.331549
2026-08-19 20:29: Train Epoch 18: 440/1641 Loss: 0.321591
2026-08-19 20:29: Train Epoch 18: 460/1641 Loss: 0.340266
2026-08-19 20:29: Train Epoch 18: 480/1641 Loss: 0.327129
2026-08-19 20:29: Train Epoch 18: 500/1641 Loss: 0.322269
2026-08-19 20:29: Train Epoch 18: 520/1641 Loss: 0.334854
2026-08-19 20:29: Train Epoch 18: 540/1641 Loss: 0.317771
2026-08-19 20:29: Train Epoch 18: 560/1641 Loss: 0.342771
2026-08-19 20:29: Train Epoch 18: 580/1641 Loss: 0.348376
2026-08-19 20:29: Train Epoch 18: 600/1641 Loss: 0.340482
2026-08-19 20:29: Train Epoch 18: 620/1641 Loss: 0.359596
2026-08-19 20:29: Train Epoch 18: 640/1641 Loss: 0.345720
2026-08-19 20:29: Train Epoch 18: 660/1641 Loss: 0.331084
2026-08-19 20:29: Train Epoch 18: 680/1641 Loss: 0.335967
2026-08-19 20:29: Train Epoch 18: 700/1641 Loss: 0.340489
2026-08-19 20:29: Train Epoch 18: 720/1641 Loss: 0.349108
2026-08-19 20:29: Train Epoch 18: 740/1641 Loss: 0.371674
2026-08-19 20:29: Train Epoch 18: 760/1641 Loss: 0.339633
2026-08-19 20:30: Train Epoch 18: 780/1641 Loss: 0.341572
2026-08-19 20:30: Train Epoch 18: 800/1641 Loss: 0.324197
2026-08-19 20:30: Train Epoch 18: 820/1641 Loss: 0.343626
2026-08-19 20:30: Train Epoch 18: 840/1641 Loss: 0.368261
2026-08-19 20:30: Train Epoch 18: 860/1641 Loss: 0.336056
2026-08-19 20:30: Train Epoch 18: 880/1641 Loss: 0.349142
2026-08-19 20:30: Train Epoch 18: 900/1641 Loss: 0.336623
2026-08-19 20:30: Train Epoch 18: 920/1641 Loss: 0.335922
2026-08-19 20:30: Train Epoch 18: 940/1641 Loss: 0.320493
2026-08-19 20:30: Train Epoch 18: 960/1641 Loss: 0.342796
2026-08-19 20:30: Train Epoch 18: 980/1641 Loss: 0.351767
2026-08-19 20:30: Train Epoch 18: 1000/1641 Loss: 0.338929
2026-08-19 20:30: Train Epoch 18: 1020/1641 Loss: 0.341242
2026-08-19 20:30: Train Epoch 18: 1040/1641 Loss: 0.354805
2026-08-19 20:30: Train Epoch 18: 1060/1641 Loss: 0.312294
2026-08-19 20:30: Train Epoch 18: 1080/1641 Loss: 0.340211
2026-08-19 20:30: Train Epoch 18: 1100/1641 Loss: 0.355848
2026-08-19 20:30: Train Epoch 18: 1120/1641 Loss: 0.313792
2026-08-19 20:30: Train Epoch 18: 1140/1641 Loss: 0.346569
2026-08-19 20:30: Train Epoch 18: 1160/1641 Loss: 0.352280
2026-08-19 20:30: Train Epoch 18: 1180/1641 Loss: 0.365893
2026-08-19 20:30: Train Epoch 18: 1200/1641 Loss: 0.330151
2026-08-19 20:31: Train Epoch 18: 1220/1641 Loss: 0.334112
2026-08-19 20:31: Train Epoch 18: 1240/1641 Loss: 0.341853
2026-08-19 20:31: Train Epoch 18: 1260/1641 Loss: 0.317791
2026-08-19 20:31: Train Epoch 18: 1280/1641 Loss: 0.342860
2026-08-19 20:31: Train Epoch 18: 1300/1641 Loss: 0.322814
2026-08-19 20:31: Train Epoch 18: 1320/1641 Loss: 0.342394
2026-08-19 20:31: Train Epoch 18: 1340/1641 Loss: 0.348011
2026-08-19 20:31: Train Epoch 18: 1360/1641 Loss: 0.328913
2026-08-19 20:31: Train Epoch 18: 1380/1641 Loss: 0.344099
2026-08-19 20:31: Train Epoch 18: 1400/1641 Loss: 0.329944
2026-08-19 20:31: Train Epoch 18: 1420/1641 Loss: 0.337346
2026-08-19 20:31: Train Epoch 18: 1440/1641 Loss: 0.345781
2026-08-19 20:31: Train Epoch 18: 1460/1641 Loss: 0.362827
2026-08-19 20:31: Train Epoch 18: 1480/1641 Loss: 0.345577
2026-08-19 20:31: Train Epoch 18: 1500/1641 Loss: 0.358057
2026-08-19 20:31: Train Epoch 18: 1520/1641 Loss: 0.364764
2026-08-19 20:31: Train Epoch 18: 1540/1641 Loss: 0.348380
2026-08-19 20:31: Train Epoch 18: 1560/1641 Loss: 0.324854
2026-08-19 20:31: Train Epoch 18: 1580/1641 Loss: 0.342374
2026-08-19 20:31: Train Epoch 18: 1600/1641 Loss: 0.347706
2026-08-19 20:31: Train Epoch 18: 1620/1641 Loss: 0.337100
2026-08-19 20:32: Train Epoch 18: 1640/1641 Loss: 0.337531
2026-08-19 20:32: **********Train Epoch 18: averaged Loss: 0.339649, tf_ratio: 0.000771
2026-08-19 20:32: **********Val Epoch 18: average Loss: 0.420569
2026-08-19 20:32: Train Epoch 19: 0/1641 Loss: 0.331543
2026-08-19 20:32: Train Epoch 19: 20/1641 Loss: 0.342108
2026-08-19 20:32: Train Epoch 19: 40/1641 Loss: 0.322121
2026-08-19 20:32: Train Epoch 19: 60/1641 Loss: 0.338629
2026-08-19 20:32: Train Epoch 19: 80/1641 Loss: 0.350066
2026-08-19 20:32: Train Epoch 19: 100/1641 Loss: 0.306760
2026-08-19 20:32: Train Epoch 19: 120/1641 Loss: 0.338682
2026-08-19 20:32: Train Epoch 19: 140/1641 Loss: 0.322918
2026-08-19 20:32: Train Epoch 19: 160/1641 Loss: 0.330136
2026-08-19 20:32: Train Epoch 19: 180/1641 Loss: 0.350425
2026-08-19 20:32: Train Epoch 19: 200/1641 Loss: 0.341751
2026-08-19 20:32: Train Epoch 19: 220/1641 Loss: 0.326794
2026-08-19 20:32: Train Epoch 19: 240/1641 Loss: 0.340108
2026-08-19 20:32: Train Epoch 19: 260/1641 Loss: 0.350920
2026-08-19 20:33: Train Epoch 19: 280/1641 Loss: 0.348038
2026-08-19 20:33: Train Epoch 19: 300/1641 Loss: 0.341819
2026-08-19 20:33: Train Epoch 19: 320/1641 Loss: 0.325066
2026-08-19 20:33: Train Epoch 19: 340/1641 Loss: 0.317060
2026-08-19 20:33: Train Epoch 19: 360/1641 Loss: 0.342699
2026-08-19 20:33: Train Epoch 19: 380/1641 Loss: 0.314827
2026-08-19 20:33: Train Epoch 19: 400/1641 Loss: 0.340886
2026-08-19 20:33: Train Epoch 19: 420/1641 Loss: 0.318018
2026-08-19 20:33: Train Epoch 19: 440/1641 Loss: 0.344606
2026-08-19 20:33: Train Epoch 19: 460/1641 Loss: 0.330757
2026-08-19 20:33: Train Epoch 19: 480/1641 Loss: 0.334190
2026-08-19 20:33: Train Epoch 19: 500/1641 Loss: 0.309608
2026-08-19 20:33: Train Epoch 19: 520/1641 Loss: 0.341871
2026-08-19 20:33: Train Epoch 19: 540/1641 Loss: 0.357159
2026-08-19 20:33: Train Epoch 19: 560/1641 Loss: 0.332802
2026-08-19 20:33: Train Epoch 19: 580/1641 Loss: 0.340927
2026-08-19 20:33: Train Epoch 19: 600/1641 Loss: 0.341073
2026-08-19 20:33: Train Epoch 19: 620/1641 Loss: 0.327935
2026-08-19 20:33: Train Epoch 19: 640/1641 Loss: 0.337771
2026-08-19 20:33: Train Epoch 19: 660/1641 Loss: 0.344445
2026-08-19 20:33: Train Epoch 19: 680/1641 Loss: 0.340571
2026-08-19 20:33: Train Epoch 19: 700/1641 Loss: 0.350351
2026-08-19 20:34: Train Epoch 19: 720/1641 Loss: 0.355935
2026-08-19 20:34: Train Epoch 19: 740/1641 Loss: 0.326056
2026-08-19 20:34: Train Epoch 19: 760/1641 Loss: 0.327778
2026-08-19 20:34: Train Epoch 19: 780/1641 Loss: 0.344857
2026-08-19 20:34: Train Epoch 19: 800/1641 Loss: 0.323824
2026-08-19 20:34: Train Epoch 19: 820/1641 Loss: 0.355342
2026-08-19 20:34: Train Epoch 19: 840/1641 Loss: 0.353112
2026-08-19 20:34: Train Epoch 19: 860/1641 Loss: 0.329263
2026-08-19 20:34: Train Epoch 19: 880/1641 Loss: 0.343380
2026-08-19 20:34: Train Epoch 19: 900/1641 Loss: 0.313397
2026-08-19 20:34: Train Epoch 19: 920/1641 Loss: 0.324457
2026-08-19 20:34: Train Epoch 19: 940/1641 Loss: 0.312726
2026-08-19 20:34: Train Epoch 19: 960/1641 Loss: 0.349411
2026-08-19 20:34: Train Epoch 19: 980/1641 Loss: 0.313776
2026-08-19 20:34: Train Epoch 19: 1000/1641 Loss: 0.314261
2026-08-19 20:34: Train Epoch 19: 1020/1641 Loss: 0.335903
2026-08-19 20:34: Train Epoch 19: 1040/1641 Loss: 0.332384
2026-08-19 20:34: Train Epoch 19: 1060/1641 Loss: 0.342925
2026-08-19 20:34: Train Epoch 19: 1080/1641 Loss: 0.337804
2026-08-19 20:34: Train Epoch 19: 1100/1641 Loss: 0.324657
2026-08-19 20:34: Train Epoch 19: 1120/1641 Loss: 0.344673
2026-08-19 20:34: Train Epoch 19: 1140/1641 Loss: 0.348320
2026-08-19 20:35: Train Epoch 19: 1160/1641 Loss: 0.321540
2026-08-19 20:35: Train Epoch 19: 1180/1641 Loss: 0.322806
2026-08-19 20:35: Train Epoch 19: 1200/1641 Loss: 0.340492
2026-08-19 20:35: Train Epoch 19: 1220/1641 Loss: 0.340458
2026-08-19 20:35: Train Epoch 19: 1240/1641 Loss: 0.365283
2026-08-19 20:35: Train Epoch 19: 1260/1641 Loss: 0.321626
2026-08-19 20:35: Train Epoch 19: 1280/1641 Loss: 0.333207
2026-08-19 20:35: Train Epoch 19: 1300/1641 Loss: 0.326811
2026-08-19 20:35: Train Epoch 19: 1320/1641 Loss: 0.319220
2026-08-19 20:35: Train Epoch 19: 1340/1641 Loss: 0.328487
2026-08-19 20:35: Train Epoch 19: 1360/1641 Loss: 0.323528
2026-08-19 20:35: Train Epoch 19: 1380/1641 Loss: 0.333218
2026-08-19 20:35: Train Epoch 19: 1400/1641 Loss: 0.329035
2026-08-19 20:35: Train Epoch 19: 1420/1641 Loss: 0.337170
2026-08-19 20:35: Train Epoch 19: 1440/1641 Loss: 0.337830
2026-08-19 20:35: Train Epoch 19: 1460/1641 Loss: 0.334877
2026-08-19 20:35: Train Epoch 19: 1480/1641 Loss: 0.338973
2026-08-19 20:35: Train Epoch 19: 1500/1641 Loss: 0.354625
2026-08-19 20:35: Train Epoch 19: 1520/1641 Loss: 0.330166
2026-08-19 20:35: Train Epoch 19: 1540/1641 Loss: 0.320164
2026-08-19 20:35: Train Epoch 19: 1560/1641 Loss: 0.337935
2026-08-19 20:35: Train Epoch 19: 1580/1641 Loss: 0.335103
2026-08-19 20:35: Train Epoch 19: 1600/1641 Loss: 0.333697
2026-08-19 20:36: Train Epoch 19: 1620/1641 Loss: 0.324104
2026-08-19 20:36: Train Epoch 19: 1640/1641 Loss: 0.323158
2026-08-19 20:36: **********Train Epoch 19: averaged Loss: 0.334666, tf_ratio: 0.000339
2026-08-19 20:36: **********Val Epoch 19: average Loss: 0.423555
2026-08-19 20:36: Train Epoch 20: 0/1641 Loss: 0.336621
2026-08-19 20:36: Train Epoch 20: 20/1641 Loss: 0.328744
2026-08-19 20:36: Train Epoch 20: 40/1641 Loss: 0.327346
2026-08-19 20:36: Train Epoch 20: 60/1641 Loss: 0.339459
2026-08-19 20:36: Train Epoch 20: 80/1641 Loss: 0.340662
2026-08-19 20:36: Train Epoch 20: 100/1641 Loss: 0.335682
2026-08-19 20:36: Train Epoch 20: 120/1641 Loss: 0.331535
2026-08-19 20:36: Train Epoch 20: 140/1641 Loss: 0.330287
2026-08-19 20:36: Train Epoch 20: 160/1641 Loss: 0.341264
2026-08-19 20:36: Train Epoch 20: 180/1641 Loss: 0.314536
2026-08-19 20:36: Train Epoch 20: 200/1641 Loss: 0.325321
2026-08-19 20:36: Train Epoch 20: 220/1641 Loss: 0.321827
2026-08-19 20:36: Train Epoch 20: 240/1641 Loss: 0.313871
2026-08-19 20:37: Train Epoch 20: 260/1641 Loss: 0.326757
2026-08-19 20:37: Train Epoch 20: 280/1641 Loss: 0.334421
2026-08-19 20:37: Train Epoch 20: 300/1641 Loss: 0.339317
2026-08-19 20:37: Train Epoch 20: 320/1641 Loss: 0.334995
2026-08-19 20:37: Train Epoch 20: 340/1641 Loss: 0.321516
2026-08-19 20:37: Train Epoch 20: 360/1641 Loss: 0.326503
2026-08-19 20:37: Train Epoch 20: 380/1641 Loss: 0.327073
2026-08-19 20:37: Train Epoch 20: 400/1641 Loss: 0.322515
2026-08-19 20:37: Train Epoch 20: 420/1641 Loss: 0.325206
2026-08-19 20:37: Train Epoch 20: 440/1641 Loss: 0.325675
2026-08-19 20:37: Train Epoch 20: 460/1641 Loss: 0.339489
2026-08-19 20:37: Train Epoch 20: 480/1641 Loss: 0.330692
2026-08-19 20:37: Train Epoch 20: 500/1641 Loss: 0.333017
2026-08-19 20:37: Train Epoch 20: 520/1641 Loss: 0.330819
2026-08-19 20:37: Train Epoch 20: 540/1641 Loss: 0.336924
2026-08-19 20:37: Train Epoch 20: 560/1641 Loss: 0.323717
2026-08-19 20:37: Train Epoch 20: 580/1641 Loss: 0.315320
2026-08-19 20:37: Train Epoch 20: 600/1641 Loss: 0.327552
2026-08-19 20:37: Train Epoch 20: 620/1641 Loss: 0.339365
2026-08-19 20:37: Train Epoch 20: 640/1641 Loss: 0.326194
2026-08-19 20:37: Train Epoch 20: 660/1641 Loss: 0.338364
2026-08-19 20:37: Train Epoch 20: 680/1641 Loss: 0.350509
2026-08-19 20:38: Train Epoch 20: 700/1641 Loss: 0.322276
2026-08-19 20:38: Train Epoch 20: 720/1641 Loss: 0.331162
2026-08-19 20:38: Train Epoch 20: 740/1641 Loss: 0.311981
2026-08-19 20:38: Train Epoch 20: 760/1641 Loss: 0.333445
2026-08-19 20:38: Train Epoch 20: 780/1641 Loss: 0.320358
2026-08-19 20:38: Train Epoch 20: 800/1641 Loss: 0.316637
2026-08-19 20:38: Train Epoch 20: 820/1641 Loss: 0.315895
2026-08-19 20:38: Train Epoch 20: 840/1641 Loss: 0.327946
2026-08-19 20:38: Train Epoch 20: 860/1641 Loss: 0.350688
2026-08-19 20:38: Train Epoch 20: 880/1641 Loss: 0.314825
2026-08-19 20:38: Train Epoch 20: 900/1641 Loss: 0.328989
2026-08-19 20:38: Train Epoch 20: 920/1641 Loss: 0.338719
2026-08-19 20:38: Train Epoch 20: 940/1641 Loss: 0.316754
2026-08-19 20:38: Train Epoch 20: 960/1641 Loss: 0.323490
2026-08-19 20:38: Train Epoch 20: 980/1641 Loss: 0.308496
2026-08-19 20:38: Train Epoch 20: 1000/1641 Loss: 0.324057
2026-08-19 20:38: Train Epoch 20: 1020/1641 Loss: 0.323507
2026-08-19 20:38: Train Epoch 20: 1040/1641 Loss: 0.338549
2026-08-19 20:38: Train Epoch 20: 1060/1641 Loss: 0.341771
2026-08-19 20:38: Train Epoch 20: 1080/1641 Loss: 0.328561
2026-08-19 20:38: Train Epoch 20: 1100/1641 Loss: 0.306692
2026-08-19 20:38: Train Epoch 20: 1120/1641 Loss: 0.331807
2026-08-19 20:39: Train Epoch 20: 1140/1641 Loss: 0.332528
2026-08-19 20:39: Train Epoch 20: 1160/1641 Loss: 0.300817
2026-08-19 20:39: Train Epoch 20: 1180/1641 Loss: 0.313191
2026-08-19 20:39: Train Epoch 20: 1200/1641 Loss: 0.315955
2026-08-19 20:39: Train Epoch 20: 1220/1641 Loss: 0.341821
2026-08-19 20:39: Train Epoch 20: 1240/1641 Loss: 0.320185
2026-08-19 20:39: Train Epoch 20: 1260/1641 Loss: 0.332371
2026-08-19 20:39: Train Epoch 20: 1280/1641 Loss: 0.333132
2026-08-19 20:39: Train Epoch 20: 1300/1641 Loss: 0.319721
2026-08-19 20:39: Train Epoch 20: 1320/1641 Loss: 0.323414
2026-08-19 20:39: Train Epoch 20: 1340/1641 Loss: 0.336951
2026-08-19 20:39: Train Epoch 20: 1360/1641 Loss: 0.307825
2026-08-19 20:39: Train Epoch 20: 1380/1641 Loss: 0.329957
2026-08-19 20:39: Train Epoch 20: 1400/1641 Loss: 0.334198
2026-08-19 20:39: Train Epoch 20: 1420/1641 Loss: 0.325182
2026-08-19 20:39: Train Epoch 20: 1440/1641 Loss: 0.342004
2026-08-19 20:39: Train Epoch 20: 1460/1641 Loss: 0.352438
2026-08-19 20:39: Train Epoch 20: 1480/1641 Loss: 0.319888
2026-08-19 20:39: Train Epoch 20: 1500/1641 Loss: 0.334850
2026-08-19 20:39: Train Epoch 20: 1520/1641 Loss: 0.316113
2026-08-19 20:39: Train Epoch 20: 1540/1641 Loss: 0.322798
2026-08-19 20:39: Train Epoch 20: 1560/1641 Loss: 0.323270
2026-08-19 20:39: Train Epoch 20: 1580/1641 Loss: 0.338459
2026-08-19 20:40: Train Epoch 20: 1600/1641 Loss: 0.316769
2026-08-19 20:40: Train Epoch 20: 1620/1641 Loss: 0.327406
2026-08-19 20:40: Train Epoch 20: 1640/1641 Loss: 0.324758
2026-08-19 20:40: **********Train Epoch 20: averaged Loss: 0.329902, tf_ratio: 0.000149
2026-08-19 20:40: **********Val Epoch 20: average Loss: 0.422842
2026-08-19 20:40: Train Epoch 21: 0/1641 Loss: 0.321923
2026-08-19 20:40: Train Epoch 21: 20/1641 Loss: 0.317509
2026-08-19 20:40: Train Epoch 21: 40/1641 Loss: 0.309034
2026-08-19 20:40: Train Epoch 21: 60/1641 Loss: 0.321703
2026-08-19 20:40: Train Epoch 21: 80/1641 Loss: 0.347554
2026-08-19 20:40: Train Epoch 21: 100/1641 Loss: 0.332468
2026-08-19 20:40: Train Epoch 21: 120/1641 Loss: 0.322814
2026-08-19 20:40: Train Epoch 21: 140/1641 Loss: 0.342606
2026-08-19 20:40: Train Epoch 21: 160/1641 Loss: 0.333795
2026-08-19 20:40: Train Epoch 21: 180/1641 Loss: 0.332664
2026-08-19 20:40: Train Epoch 21: 200/1641 Loss: 0.328239
2026-08-19 20:40: Train Epoch 21: 220/1641 Loss: 0.339114
2026-08-19 20:40: Train Epoch 21: 240/1641 Loss: 0.346057
2026-08-19 20:41: Train Epoch 21: 260/1641 Loss: 0.317417
2026-08-19 20:41: Train Epoch 21: 280/1641 Loss: 0.344528
2026-08-19 20:41: Train Epoch 21: 300/1641 Loss: 0.334920
2026-08-19 20:41: Train Epoch 21: 320/1641 Loss: 0.337355
2026-08-19 20:41: Train Epoch 21: 340/1641 Loss: 0.342160
2026-08-19 20:41: Train Epoch 21: 360/1641 Loss: 0.341690
2026-08-19 20:41: Train Epoch 21: 380/1641 Loss: 0.323720
2026-08-19 20:41: Train Epoch 21: 400/1641 Loss: 0.325284
2026-08-19 20:41: Train Epoch 21: 420/1641 Loss: 0.333417
2026-08-19 20:41: Train Epoch 21: 440/1641 Loss: 0.326852
2026-08-19 20:41: Train Epoch 21: 460/1641 Loss: 0.315508
2026-08-19 20:41: Train Epoch 21: 480/1641 Loss: 0.318775
2026-08-19 20:41: Train Epoch 21: 500/1641 Loss: 0.323279
2026-08-19 20:41: Train Epoch 21: 520/1641 Loss: 0.327194
2026-08-19 20:41: Train Epoch 21: 540/1641 Loss: 0.324358
2026-08-19 20:41: Train Epoch 21: 560/1641 Loss: 0.308925
2026-08-19 20:41: Train Epoch 21: 580/1641 Loss: 0.319545
2026-08-19 20:41: Train Epoch 21: 600/1641 Loss: 0.323980
2026-08-19 20:41: Train Epoch 21: 620/1641 Loss: 0.324589
2026-08-19 20:41: Train Epoch 21: 640/1641 Loss: 0.347133
2026-08-19 20:41: Train Epoch 21: 660/1641 Loss: 0.320488
2026-08-19 20:41: Train Epoch 21: 680/1641 Loss: 0.333558
2026-08-19 20:41: Train Epoch 21: 700/1641 Loss: 0.324446
2026-08-19 20:42: Train Epoch 21: 720/1641 Loss: 0.335585
2026-08-19 20:42: Train Epoch 21: 740/1641 Loss: 0.334051
2026-08-19 20:42: Train Epoch 21: 760/1641 Loss: 0.316747
2026-08-19 20:42: Train Epoch 21: 780/1641 Loss: 0.328127
2026-08-19 20:42: Train Epoch 21: 800/1641 Loss: 0.363143
2026-08-19 20:42: Train Epoch 21: 820/1641 Loss: 0.315207
2026-08-19 20:42: Train Epoch 21: 840/1641 Loss: 0.337431
2026-08-19 20:42: Train Epoch 21: 860/1641 Loss: 0.327397
2026-08-19 20:42: Train Epoch 21: 880/1641 Loss: 0.320845
2026-08-19 20:42: Train Epoch 21: 900/1641 Loss: 0.304530
2026-08-19 20:42: Train Epoch 21: 920/1641 Loss: 0.319543
2026-08-19 20:42: Train Epoch 21: 940/1641 Loss: 0.311603
2026-08-19 20:42: Train Epoch 21: 960/1641 Loss: 0.309875
2026-08-19 20:42: Train Epoch 21: 980/1641 Loss: 0.327163
2026-08-19 20:42: Train Epoch 21: 1000/1641 Loss: 0.336146
2026-08-19 20:42: Train Epoch 21: 1020/1641 Loss: 0.309233
2026-08-19 20:42: Train Epoch 21: 1040/1641 Loss: 0.341681
2026-08-19 20:42: Train Epoch 21: 1060/1641 Loss: 0.317876
2026-08-19 20:42: Train Epoch 21: 1080/1641 Loss: 0.325299
2026-08-19 20:42: Train Epoch 21: 1100/1641 Loss: 0.345018
2026-08-19 20:42: Train Epoch 21: 1120/1641 Loss: 0.358862
2026-08-19 20:42: Train Epoch 21: 1140/1641 Loss: 0.317860
2026-08-19 20:43: Train Epoch 21: 1160/1641 Loss: 0.338998
2026-08-19 20:43: Train Epoch 21: 1180/1641 Loss: 0.341597
2026-08-19 20:43: Train Epoch 21: 1200/1641 Loss: 0.321650
2026-08-19 20:43: Train Epoch 21: 1220/1641 Loss: 0.320922
2026-08-19 20:43: Train Epoch 21: 1240/1641 Loss: 0.318236
2026-08-19 20:43: Train Epoch 21: 1260/1641 Loss: 0.321111
2026-08-19 20:43: Train Epoch 21: 1280/1641 Loss: 0.311819
2026-08-19 20:43: Train Epoch 21: 1300/1641 Loss: 0.325307
2026-08-19 20:43: Train Epoch 21: 1320/1641 Loss: 0.309975
2026-08-19 20:43: Train Epoch 21: 1340/1641 Loss: 0.328530
2026-08-19 20:43: Train Epoch 21: 1360/1641 Loss: 0.315849
2026-08-19 20:43: Train Epoch 21: 1380/1641 Loss: 0.328601
2026-08-19 20:43: Train Epoch 21: 1400/1641 Loss: 0.328551
2026-08-19 20:43: Train Epoch 21: 1420/1641 Loss: 0.350711
2026-08-19 20:43: Train Epoch 21: 1440/1641 Loss: 0.318325
2026-08-19 20:43: Train Epoch 21: 1460/1641 Loss: 0.318163
2026-08-19 20:43: Train Epoch 21: 1480/1641 Loss: 0.322669
2026-08-19 20:43: Train Epoch 21: 1500/1641 Loss: 0.312507
2026-08-19 20:43: Train Epoch 21: 1520/1641 Loss: 0.318545
2026-08-19 20:43: Train Epoch 21: 1540/1641 Loss: 0.315134
2026-08-19 20:43: Train Epoch 21: 1560/1641 Loss: 0.327256
2026-08-19 20:43: Train Epoch 21: 1580/1641 Loss: 0.330812
2026-08-19 20:44: Train Epoch 21: 1600/1641 Loss: 0.332935
2026-08-19 20:44: Train Epoch 21: 1620/1641 Loss: 0.339713
2026-08-19 20:44: Train Epoch 21: 1640/1641 Loss: 0.326541
2026-08-19 20:44: **********Train Epoch 21: averaged Loss: 0.325577, tf_ratio: 0.000066
2026-08-19 20:44: **********Val Epoch 21: average Loss: 0.422901
2026-08-19 20:44: Train Epoch 22: 0/1641 Loss: 0.324888
2026-08-19 20:44: Train Epoch 22: 20/1641 Loss: 0.322110
2026-08-19 20:44: Train Epoch 22: 40/1641 Loss: 0.318507
2026-08-19 20:44: Train Epoch 22: 60/1641 Loss: 0.312563
2026-08-19 20:44: Train Epoch 22: 80/1641 Loss: 0.308698
2026-08-19 20:44: Train Epoch 22: 100/1641 Loss: 0.332312
2026-08-19 20:44: Train Epoch 22: 120/1641 Loss: 0.327197
2026-08-19 20:44: Train Epoch 22: 140/1641 Loss: 0.318084
2026-08-19 20:44: Train Epoch 22: 160/1641 Loss: 0.322184
2026-08-19 20:44: Train Epoch 22: 180/1641 Loss: 0.332613
2026-08-19 20:44: Train Epoch 22: 200/1641 Loss: 0.308426
2026-08-19 20:44: Train Epoch 22: 220/1641 Loss: 0.322348
2026-08-19 20:44: Train Epoch 22: 240/1641 Loss: 0.323592
2026-08-19 20:45: Train Epoch 22: 260/1641 Loss: 0.344292
2026-08-19 20:45: Train Epoch 22: 280/1641 Loss: 0.322907
2026-08-19 20:45: Train Epoch 22: 300/1641 Loss: 0.316295
2026-08-19 20:45: Train Epoch 22: 320/1641 Loss: 0.321279
2026-08-19 20:45: Train Epoch 22: 340/1641 Loss: 0.322119
2026-08-19 20:45: Train Epoch 22: 360/1641 Loss: 0.330048
2026-08-19 20:45: Train Epoch 22: 380/1641 Loss: 0.321401
2026-08-19 20:45: Train Epoch 22: 400/1641 Loss: 0.311918
2026-08-19 20:45: Train Epoch 22: 420/1641 Loss: 0.317259
2026-08-19 20:45: Train Epoch 22: 440/1641 Loss: 0.324362
2026-08-19 20:45: Train Epoch 22: 460/1641 Loss: 0.315106
2026-08-19 20:45: Train Epoch 22: 480/1641 Loss: 0.330983
2026-08-19 20:45: Train Epoch 22: 500/1641 Loss: 0.310762
2026-08-19 20:45: Train Epoch 22: 520/1641 Loss: 0.319739
2026-08-19 20:45: Train Epoch 22: 540/1641 Loss: 0.326084
2026-08-19 20:45: Train Epoch 22: 560/1641 Loss: 0.335945
2026-08-19 20:45: Train Epoch 22: 580/1641 Loss: 0.325555
2026-08-19 20:45: Train Epoch 22: 600/1641 Loss: 0.309144
2026-08-19 20:45: Train Epoch 22: 620/1641 Loss: 0.331807
2026-08-19 20:45: Train Epoch 22: 640/1641 Loss: 0.329661
2026-08-19 20:45: Train Epoch 22: 660/1641 Loss: 0.324283
2026-08-19 20:45: Train Epoch 22: 680/1641 Loss: 0.317449
2026-08-19 20:46: Train Epoch 22: 700/1641 Loss: 0.321032
2026-08-19 20:46: Train Epoch 22: 720/1641 Loss: 0.342970
2026-08-19 20:46: Train Epoch 22: 740/1641 Loss: 0.309545
2026-08-19 20:46: Train Epoch 22: 760/1641 Loss: 0.315059
2026-08-19 20:46: Train Epoch 22: 780/1641 Loss: 0.339309
2026-08-19 20:46: Train Epoch 22: 800/1641 Loss: 0.329018
2026-08-19 20:46: Train Epoch 22: 820/1641 Loss: 0.322871
2026-08-19 20:46: Train Epoch 22: 840/1641 Loss: 0.314371
2026-08-19 20:46: Train Epoch 22: 860/1641 Loss: 0.319248
2026-08-19 20:46: Train Epoch 22: 880/1641 Loss: 0.301869
2026-08-19 20:46: Train Epoch 22: 900/1641 Loss: 0.323988
2026-08-19 20:46: Train Epoch 22: 920/1641 Loss: 0.324329
2026-08-19 20:46: Train Epoch 22: 940/1641 Loss: 0.308476
2026-08-19 20:46: Train Epoch 22: 960/1641 Loss: 0.312715
2026-08-19 20:46: Train Epoch 22: 980/1641 Loss: 0.306639
2026-08-19 20:46: Train Epoch 22: 1000/1641 Loss: 0.348770
2026-08-19 20:46: Train Epoch 22: 1020/1641 Loss: 0.307251
2026-08-19 20:46: Train Epoch 22: 1040/1641 Loss: 0.330241
2026-08-19 20:46: Train Epoch 22: 1060/1641 Loss: 0.332727
2026-08-19 20:46: Train Epoch 22: 1080/1641 Loss: 0.304709
2026-08-19 20:46: Train Epoch 22: 1100/1641 Loss: 0.332008
2026-08-19 20:46: Train Epoch 22: 1120/1641 Loss: 0.329116
2026-08-19 20:46: Train Epoch 22: 1140/1641 Loss: 0.321169
2026-08-19 20:47: Train Epoch 22: 1160/1641 Loss: 0.317916
2026-08-19 20:47: Train Epoch 22: 1180/1641 Loss: 0.315640
2026-08-19 20:47: Train Epoch 22: 1200/1641 Loss: 0.302263
2026-08-19 20:47: Train Epoch 22: 1220/1641 Loss: 0.331096
2026-08-19 20:47: Train Epoch 22: 1240/1641 Loss: 0.316233
2026-08-19 20:47: Train Epoch 22: 1260/1641 Loss: 0.307452
2026-08-19 20:47: Train Epoch 22: 1280/1641 Loss: 0.325759
2026-08-19 20:47: Train Epoch 22: 1300/1641 Loss: 0.314544
2026-08-19 20:47: Train Epoch 22: 1320/1641 Loss: 0.305112
2026-08-19 20:47: Train Epoch 22: 1340/1641 Loss: 0.321161
2026-08-19 20:47: Train Epoch 22: 1360/1641 Loss: 0.323678
2026-08-19 20:47: Train Epoch 22: 1380/1641 Loss: 0.321452
2026-08-19 20:47: Train Epoch 22: 1400/1641 Loss: 0.323872
2026-08-19 20:47: Train Epoch 22: 1420/1641 Loss: 0.318310
2026-08-19 20:47: Train Epoch 22: 1440/1641 Loss: 0.326632
2026-08-19 20:47: Train Epoch 22: 1460/1641 Loss: 0.320697
2026-08-19 20:47: Train Epoch 22: 1480/1641 Loss: 0.318427
2026-08-19 20:47: Train Epoch 22: 1500/1641 Loss: 0.346841
2026-08-19 20:47: Train Epoch 22: 1520/1641 Loss: 0.318177
2026-08-19 20:47: Train Epoch 22: 1540/1641 Loss: 0.307117
2026-08-19 20:47: Train Epoch 22: 1560/1641 Loss: 0.320680
2026-08-19 20:47: Train Epoch 22: 1580/1641 Loss: 0.313612
2026-08-19 20:47: Train Epoch 22: 1600/1641 Loss: 0.305684
2026-08-19 20:47: Train Epoch 22: 1620/1641 Loss: 0.322194
2026-08-19 20:48: Train Epoch 22: 1640/1641 Loss: 0.312179
2026-08-19 20:48: **********Train Epoch 22: averaged Loss: 0.321271, tf_ratio: 0.000029
2026-08-19 20:48: **********Val Epoch 22: average Loss: 0.427743
2026-08-19 20:48: Train Epoch 23: 0/1641 Loss: 0.313941
2026-08-19 20:48: Train Epoch 23: 20/1641 Loss: 0.324855
2026-08-19 20:48: Train Epoch 23: 40/1641 Loss: 0.308164
2026-08-19 20:48: Train Epoch 23: 60/1641 Loss: 0.314428
2026-08-19 20:48: Train Epoch 23: 80/1641 Loss: 0.306201
2026-08-19 20:48: Train Epoch 23: 100/1641 Loss: 0.329914
2026-08-19 20:48: Train Epoch 23: 120/1641 Loss: 0.309167
2026-08-19 20:48: Train Epoch 23: 140/1641 Loss: 0.319351
2026-08-19 20:48: Train Epoch 23: 160/1641 Loss: 0.346733
2026-08-19 20:48: Train Epoch 23: 180/1641 Loss: 0.328759
2026-08-19 20:48: Train Epoch 23: 200/1641 Loss: 0.315678
2026-08-19 20:48: Train Epoch 23: 220/1641 Loss: 0.307035
2026-08-19 20:48: Train Epoch 23: 240/1641 Loss: 0.305560
2026-08-19 20:48: Train Epoch 23: 260/1641 Loss: 0.318129
2026-08-19 20:49: Train Epoch 23: 280/1641 Loss: 0.305574
2026-08-19 20:49: Train Epoch 23: 300/1641 Loss: 0.306869
2026-08-19 20:49: Train Epoch 23: 320/1641 Loss: 0.310089
2026-08-19 20:49: Train Epoch 23: 340/1641 Loss: 0.307648
2026-08-19 20:49: Train Epoch 23: 360/1641 Loss: 0.305382
2026-08-19 20:49: Train Epoch 23: 380/1641 Loss: 0.330406
2026-08-19 20:49: Train Epoch 23: 400/1641 Loss: 0.324643
2026-08-19 20:49: Train Epoch 23: 420/1641 Loss: 0.313747
2026-08-19 20:49: Train Epoch 23: 440/1641 Loss: 0.314172
2026-08-19 20:49: Train Epoch 23: 460/1641 Loss: 0.330733
2026-08-19 20:49: Train Epoch 23: 480/1641 Loss: 0.315067
2026-08-19 20:49: Train Epoch 23: 500/1641 Loss: 0.321018
2026-08-19 20:49: Train Epoch 23: 520/1641 Loss: 0.327733
2026-08-19 20:49: Train Epoch 23: 540/1641 Loss: 0.336078
2026-08-19 20:49: Train Epoch 23: 560/1641 Loss: 0.303104
2026-08-19 20:49: Train Epoch 23: 580/1641 Loss: 0.329294
2026-08-19 20:49: Train Epoch 23: 600/1641 Loss: 0.317225
2026-08-19 20:49: Train Epoch 23: 620/1641 Loss: 0.332413
2026-08-19 20:49: Train Epoch 23: 640/1641 Loss: 0.320671
2026-08-19 20:49: Train Epoch 23: 660/1641 Loss: 0.307291
2026-08-19 20:49: Train Epoch 23: 680/1641 Loss: 0.314599
2026-08-19 20:49: Train Epoch 23: 700/1641 Loss: 0.299327
2026-08-19 20:49: Train Epoch 23: 720/1641 Loss: 0.326872
2026-08-19 20:50: Train Epoch 23: 740/1641 Loss: 0.303049
2026-08-19 20:50: Train Epoch 23: 760/1641 Loss: 0.320705
2026-08-19 20:50: Train Epoch 23: 780/1641 Loss: 0.329900
2026-08-19 20:50: Train Epoch 23: 800/1641 Loss: 0.303266
2026-08-19 20:50: Train Epoch 23: 820/1641 Loss: 0.326359
2026-08-19 20:50: Train Epoch 23: 840/1641 Loss: 0.313167
2026-08-19 20:50: Train Epoch 23: 860/1641 Loss: 0.321351
2026-08-19 20:50: Train Epoch 23: 880/1641 Loss: 0.299536
2026-08-19 20:50: Train Epoch 23: 900/1641 Loss: 0.314144
2026-08-19 20:50: Train Epoch 23: 920/1641 Loss: 0.298612
2026-08-19 20:50: Train Epoch 23: 940/1641 Loss: 0.314722
2026-08-19 20:50: Train Epoch 23: 960/1641 Loss: 0.308749
2026-08-19 20:50: Train Epoch 23: 980/1641 Loss: 0.317278
2026-08-19 20:50: Train Epoch 23: 1000/1641 Loss: 0.313996
2026-08-19 20:50: Train Epoch 23: 1020/1641 Loss: 0.321773
2026-08-19 20:50: Train Epoch 23: 1040/1641 Loss: 0.312708
2026-08-19 20:50: Train Epoch 23: 1060/1641 Loss: 0.311072
2026-08-19 20:50: Train Epoch 23: 1080/1641 Loss: 0.304959
2026-08-19 20:50: Train Epoch 23: 1100/1641 Loss: 0.310895
2026-08-19 20:50: Train Epoch 23: 1120/1641 Loss: 0.309419
2026-08-19 20:50: Train Epoch 23: 1140/1641 Loss: 0.310263
2026-08-19 20:50: Train Epoch 23: 1160/1641 Loss: 0.332342
2026-08-19 20:50: Train Epoch 23: 1180/1641 Loss: 0.311901
2026-08-19 20:51: Train Epoch 23: 1200/1641 Loss: 0.315372
2026-08-19 20:51: Train Epoch 23: 1220/1641 Loss: 0.305210
2026-08-19 20:51: Train Epoch 23: 1240/1641 Loss: 0.315995
2026-08-19 20:51: Train Epoch 23: 1260/1641 Loss: 0.320226
2026-08-19 20:51: Train Epoch 23: 1280/1641 Loss: 0.314323
2026-08-19 20:51: Train Epoch 23: 1300/1641 Loss: 0.313503
2026-08-19 20:51: Train Epoch 23: 1320/1641 Loss: 0.297742
2026-08-19 20:51: Train Epoch 23: 1340/1641 Loss: 0.300323
2026-08-19 20:51: Train Epoch 23: 1360/1641 Loss: 0.322932
2026-08-19 20:51: Train Epoch 23: 1380/1641 Loss: 0.324996
2026-08-19 20:51: Train Epoch 23: 1400/1641 Loss: 0.328392
2026-08-19 20:51: Train Epoch 23: 1420/1641 Loss: 0.315766
2026-08-19 20:51: Train Epoch 23: 1440/1641 Loss: 0.328735
2026-08-19 20:51: Train Epoch 23: 1460/1641 Loss: 0.317175
2026-08-19 20:51: Train Epoch 23: 1480/1641 Loss: 0.322773
2026-08-19 20:51: Train Epoch 23: 1500/1641 Loss: 0.320435
2026-08-19 20:51: Train Epoch 23: 1520/1641 Loss: 0.309759
2026-08-19 20:51: Train Epoch 23: 1540/1641 Loss: 0.327919
2026-08-19 20:51: Train Epoch 23: 1560/1641 Loss: 0.303489
2026-08-19 20:51: Train Epoch 23: 1580/1641 Loss: 0.333328
2026-08-19 20:51: Train Epoch 23: 1600/1641 Loss: 0.318690
2026-08-19 20:51: Train Epoch 23: 1620/1641 Loss: 0.304563
2026-08-19 20:51: Train Epoch 23: 1640/1641 Loss: 0.307728
2026-08-19 20:51: **********Train Epoch 23: averaged Loss: 0.316967, tf_ratio: 0.000013
2026-08-19 20:52: **********Val Epoch 23: average Loss: 0.424606
2026-08-19 20:52: Validation performance didn't improve for 15 epochs. Training stops.
2026-08-19 20:52: Total training time: 95.6579min, best loss: 0.401148
2026-08-19 20:52: Saving current best model to /scratch/chkkar002/Diffusion_Based_STGNNs/AGCRN/model/experiments/SAWS/20260819191638/best_model.pth
2026-08-19 20:52: Horizon 01, MAE: 0.16, RMSE: 0.23, MAPE: 47.0142%
2026-08-19 20:52: Horizon 02, MAE: 0.21, RMSE: 0.31, MAPE: 63.1978%
2026-08-19 20:52: Horizon 03, MAE: 0.25, RMSE: 0.37, MAPE: 73.1627%
2026-08-19 20:52: Horizon 04, MAE: 0.29, RMSE: 0.40, MAPE: 79.6620%
2026-08-19 20:52: Horizon 05, MAE: 0.31, RMSE: 0.44, MAPE: 83.7157%
2026-08-19 20:52: Horizon 06, MAE: 0.33, RMSE: 0.46, MAPE: 86.7183%
2026-08-19 20:52: Horizon 07, MAE: 0.35, RMSE: 0.48, MAPE: 89.2457%
2026-08-19 20:52: Horizon 08, MAE: 0.36, RMSE: 0.50, MAPE: 91.8152%
2026-08-19 20:52: Horizon 09, MAE: 0.37, RMSE: 0.51, MAPE: 93.8816%
2026-08-19 20:52: Horizon 10, MAE: 0.38, RMSE: 0.52, MAPE: 95.0982%
2026-08-19 20:52: Horizon 11, MAE: 0.39, RMSE: 0.53, MAPE: 95.7526%
2026-08-19 20:52: Horizon 12, MAE: 0.39, RMSE: 0.54, MAPE: 96.8816%
2026-08-19 20:52: Horizon 13, MAE: 0.40, RMSE: 0.55, MAPE: 97.7325%
2026-08-19 20:52: Horizon 14, MAE: 0.40, RMSE: 0.56, MAPE: 98.9412%
2026-08-19 20:52: Horizon 15, MAE: 0.41, RMSE: 0.56, MAPE: 100.3458%
2026-08-19 20:52: Horizon 16, MAE: 0.41, RMSE: 0.57, MAPE: 101.0815%
2026-08-19 20:52: Horizon 17, MAE: 0.41, RMSE: 0.57, MAPE: 102.0297%
2026-08-19 20:52: Horizon 18, MAE: 0.41, RMSE: 0.58, MAPE: 103.9190%
2026-08-19 20:52: Horizon 19, MAE: 0.42, RMSE: 0.58, MAPE: 105.6996%
2026-08-19 20:52: Horizon 20, MAE: 0.42, RMSE: 0.59, MAPE: 105.9159%
2026-08-19 20:52: Horizon 21, MAE: 0.42, RMSE: 0.59, MAPE: 107.8250%
2026-08-19 20:52: Horizon 22, MAE: 0.43, RMSE: 0.60, MAPE: 108.6071%
2026-08-19 20:52: Horizon 23, MAE: 0.43, RMSE: 0.60, MAPE: 108.6849%
2026-08-19 20:52: Horizon 24, MAE: 0.43, RMSE: 0.61, MAPE: 109.0211%
2026-08-19 20:52: Horizon 25, MAE: 0.44, RMSE: 0.61, MAPE: 109.6945%
2026-08-19 20:52: Horizon 26, MAE: 0.45, RMSE: 0.62, MAPE: 111.1146%
2026-08-19 20:52: Horizon 27, MAE: 0.45, RMSE: 0.63, MAPE: 111.7287%
2026-08-19 20:52: Horizon 28, MAE: 0.46, RMSE: 0.64, MAPE: 111.6869%
2026-08-19 20:52: Horizon 29, MAE: 0.46, RMSE: 0.64, MAPE: 110.6887%
2026-08-19 20:52: Horizon 30, MAE: 0.47, RMSE: 0.65, MAPE: 110.0909%
2026-08-19 20:52: Horizon 31, MAE: 0.47, RMSE: 0.65, MAPE: 110.1856%
2026-08-19 20:52: Horizon 32, MAE: 0.47, RMSE: 0.65, MAPE: 109.7808%
2026-08-19 20:52: Horizon 33, MAE: 0.48, RMSE: 0.65, MAPE: 110.5459%
2026-08-19 20:52: Horizon 34, MAE: 0.48, RMSE: 0.66, MAPE: 111.1614%
2026-08-19 20:52: Horizon 35, MAE: 0.48, RMSE: 0.66, MAPE: 111.9144%
2026-08-19 20:52: Horizon 36, MAE: 0.48, RMSE: 0.66, MAPE: 112.8332%
2026-08-19 20:52: Horizon 37, MAE: 0.48, RMSE: 0.66, MAPE: 113.7926%
2026-08-19 20:52: Horizon 38, MAE: 0.48, RMSE: 0.66, MAPE: 113.3681%
2026-08-19 20:52: Horizon 39, MAE: 0.48, RMSE: 0.66, MAPE: 114.2749%
2026-08-19 20:52: Horizon 40, MAE: 0.48, RMSE: 0.67, MAPE: 114.4316%
2026-08-19 20:52: Horizon 41, MAE: 0.48, RMSE: 0.67, MAPE: 115.2459%
2026-08-19 20:52: Horizon 42, MAE: 0.48, RMSE: 0.67, MAPE: 116.2820%
2026-08-19 20:52: Horizon 43, MAE: 0.49, RMSE: 0.67, MAPE: 117.2788%
2026-08-19 20:52: Horizon 44, MAE: 0.49, RMSE: 0.67, MAPE: 117.7780%
2026-08-19 20:52: Horizon 45, MAE: 0.49, RMSE: 0.67, MAPE: 119.3230%
2026-08-19 20:52: Horizon 46, MAE: 0.49, RMSE: 0.67, MAPE: 119.6092%
2026-08-19 20:52: Horizon 47, MAE: 0.49, RMSE: 0.67, MAPE: 120.5585%
2026-08-19 20:52: Horizon 48, MAE: 0.49, RMSE: 0.67, MAPE: 121.1744%
2026-08-19 20:52: Average Horizon, MAE: 0.42, RMSE: 0.59, MAPE: 103.7568%
2026-08-19 20:52: VPT (threshold=0.50): mean=3.93 steps, median=2.00, std=5.03, range=[0, 48]
wandb: updating run metadata
wandb: uploading output.log; uploading wandb-summary.json; uploading config.yaml
wandb: uploading output.log
wandb: 
wandb: Run history:
wandb:          epoch ▁▁▁▁▂▂▂▂▂▃▃▃▃▃▄▄▄▄▄▄▅▅▅▅▅▅▅▆▆▆▆▆▇▇▇▇▇███
wandb:     train/loss █▅▅▄▄▄▄▄▃▃▃▃▃▂▂▂▂▂▂▁▁▁▁
wandb: train/tf_ratio ██████▇▆▅▃▂▂▁▁▁▁▁▁▁▁▁▁▁
wandb:       val/loss █▅▃▃▁▁▁▁▂▂▃▃▄▄▆▅▆▆▇▇▇█▇
wandb: 
wandb: Run summary:
wandb:     best_val_loss 0.40115
wandb:             epoch 23
wandb:      test_vpt_max 48
wandb:     test_vpt_mean 3.92928
wandb:   test_vpt_median 2
wandb:      test_vpt_min 0
wandb:      test_vpt_std 5.03187
wandb:        train/loss 0.31697
wandb:    train/tf_ratio 1e-05
wandb: training_time_min 95.65789
wandb:                +1 ...
wandb: 
wandb: 🚀 View run AGCRN_realval at: https://wandb.ai/chkkar002-university-of-cape-town/stgnn-weather/runs/qivo7uy1
wandb: ⭐️ View project at: https://wandb.ai/chkkar002-university-of-cape-town/stgnn-weather
wandb: Synced 5 W&B file(s), 0 media file(s), 0 artifact file(s) and 0 other file(s)
wandb: Find logs at: ./wandb/run-20260819_191639-qivo7uy1/logs
/scratch/chkkar002/Diffusion_Based_STGNNs/AGCRN
Read configuration file: ./SAWS_AGCRN.conf
*****************Model Parameter*****************
node_embeddings torch.Size([32, 30]) True
encoder.dcrnn_cells.0.gate.weights_pool torch.Size([30, 2, 65, 128]) True
encoder.dcrnn_cells.0.gate.bias_pool torch.Size([30, 128]) True
encoder.dcrnn_cells.0.update.weights_pool torch.Size([30, 2, 65, 64]) True
encoder.dcrnn_cells.0.update.bias_pool torch.Size([30, 64]) True
encoder.dcrnn_cells.1.gate.weights_pool torch.Size([30, 2, 128, 128]) True
encoder.dcrnn_cells.1.gate.bias_pool torch.Size([30, 128]) True
encoder.dcrnn_cells.1.update.weights_pool torch.Size([30, 2, 128, 64]) True
encoder.dcrnn_cells.1.update.bias_pool torch.Size([30, 64]) True
end_conv.weight torch.Size([48, 1, 1, 64]) True
end_conv.bias torch.Size([48]) True
Total params num: 2238960
*****************Finish Parameter****************
Load SAWS Dataset shaped:  (87672, 32, 1) 100.0 1.0 67.06888 72.0
Normalize the dataset by Standard Normalization
[[[ 0.63293064]
  [-0.17247984]
  [-0.6387701 ]
  ...
  [-0.5963801 ]
  [-0.13008982]
  [-1.1898404 ]]

 [[ 0.6753206 ]
  [-0.04530977]
  [-0.6387701 ]
  ...
  [-0.7659402 ]
  [ 0.20903037]
  [-1.1898404 ]]

 [[ 0.63293064]
  [-0.08769979]
  [-0.46921   ]
  ...
  [-0.72355014]
  [ 0.16664036]
  [-1.2746204 ]]

 ...

 [[-0.68116015]
  [-1.7409108 ]
  [ 0.02772919]
  ...
  [ 1.0144408 ]
  [ 1.395951  ]
  [-0.7659402 ]]

 [[-0.29964992]
  [-0.29964992]
  [ 0.2146881 ]
  ...
  [ 1.268781  ]
  [ 1.395951  ]
  [ 0.2514204 ]]

 [[ 0.0818603 ]
  [ 0.03947028]
  [ 0.65372264]
  ...
  [ 1.353561  ]
  [ 1.395951  ]
  [ 0.5905406 ]]]
[[[ 0.2514204 ]
  [ 0.2514204 ]
  [ 0.7713373 ]
  ...
  [ 1.268781  ]
  [ 1.395951  ]
  [ 0.50576055]]

 [[ 0.50576055]
  [ 0.46337053]
  [ 0.8366105 ]
  ...
  [ 1.268781  ]
  [ 1.395951  ]
  [ 0.20903037]]

 [[ 0.63293064]
  [ 0.76010066]
  [ 0.92415667]
  ...
  [ 1.268781  ]
  [ 1.395951  ]
  [ 0.29381043]]

 ...

 [[ 1.226391  ]
  [-0.21486987]
  [ 0.29381043]
  ...
  [ 1.1416109 ]
  [ 0.76010066]
  [-0.2572599 ]]

 [[ 1.226391  ]
  [-0.5116    ]
  [-0.00291975]
  ...
  [ 1.226391  ]
  [ 0.5905406 ]
  [-0.55399007]]

 [[ 1.184001  ]
  [-0.8083302 ]
  [-0.17247984]
  ...
  [ 1.184001  ]
  [ 0.2514204 ]
  [-0.9778903 ]]]
[[[ 1.1416109 ]
  [-0.9778903 ]
  [-0.21486987]
  ...
  [ 1.268781  ]
  [ 0.16664036]
  [-1.1474504 ]]

 [[ 1.1416109 ]
  [-1.2746204 ]
  [-0.55399007]
  ...
  [ 1.184001  ]
  [ 0.03947028]
  [-1.1050603 ]]

 [[ 1.0144408 ]
  [-0.8083302 ]
  [-0.38442996]
  ...
  [ 1.1416109 ]
  [ 0.16664036]
  [-1.3594005 ]]

 ...

 [[ 0.6753206 ]
  [ 1.184001  ]
  [ 1.0066198 ]
  ...
  [ 0.75281584]
  [ 1.395951  ]
  [-0.00291975]]

 [[ 0.63293064]
  [ 1.1416109 ]
  [ 1.311171  ]
  ...
  [ 0.8328369 ]
  [ 1.395951  ]
  [ 0.20903037]]

 [[ 0.54815054]
  [ 1.0992209 ]
  [ 1.0992209 ]
  ...
  [ 0.63880473]
  [ 1.395951  ]
  [ 0.54815054]]]
Train:  (52533, 24, 32, 1) (52533, 48, 32, 1)
Val:  (17463, 24, 32, 1) (17463, 48, 32, 1)
Test:  (17463, 24, 32, 1) (17463, 48, 32, 1)
mae
Creat Log File in:  /scratch/chkkar002/Diffusion_Based_STGNNs/AGCRN/model/experiments/SAWS/20260819191638/run.log
=================================================================
Running Run.py | Seed: 2 | Teacher Forcing: False
=================================================================
/scratch/chkkar002/Diffusion_Based_STGNNs/AGCRN/lib/dataloader.py:80: UserWarning: The torch.cuda.*DtypeTensor constructors are no longer recommended. It's best to use methods such as torch.tensor(data, dtype=*, device='cuda') to create tensors. (Triggered internally at /pytorch/torch/csrc/tensor/python_tensor.cpp:78.)
  X, Y = TensorFloat(X), TensorFloat(Y)
wandb: [wandb.login()] Loaded credentials for https://api.wandb.ai from /home/chkkar002/.netrc.
wandb: Currently logged in as: chkkar002 (chkkar002-university-of-cape-town) to https://api.wandb.ai. Use `wandb login --relogin` to force relogin
wandb: WARNING Using a boolean value for 'reinit' is deprecated. Use 'return_previous' or 'finish_previous' instead.
wandb: Tracking run with wandb version 0.26.1
wandb: Run data is saved locally in /scratch/chkkar002/Diffusion_Based_STGNNs/AGCRN/model/wandb/run-20260819_205253-rscn8wxv
wandb: Run `wandb offline` to turn off syncing.
wandb: Syncing run AGCRN_realval
wandb: ⭐️ View project at https://wandb.ai/chkkar002-university-of-cape-town/stgnn-weather
wandb: 🚀 View run at https://wandb.ai/chkkar002-university-of-cape-town/stgnn-weather/runs/rscn8wxv
2026-08-19 20:52: Experiment log path in: /scratch/chkkar002/Diffusion_Based_STGNNs/AGCRN/model/experiments/SAWS/20260819205252
2026-08-19 20:52: Train Epoch 1: 0/1641 Loss: 0.911850
2026-08-19 20:52: Train Epoch 1: 20/1641 Loss: 0.955023
2026-08-19 20:53: Train Epoch 1: 40/1641 Loss: 0.955292
2026-08-19 20:53: Train Epoch 1: 60/1641 Loss: 0.828685
2026-08-19 20:53: Train Epoch 1: 80/1641 Loss: 0.790582
2026-08-19 20:53: Train Epoch 1: 100/1641 Loss: 0.839378
2026-08-19 20:53: Train Epoch 1: 120/1641 Loss: 0.747687
2026-08-19 20:53: Train Epoch 1: 140/1641 Loss: 0.756422
2026-08-19 20:53: Train Epoch 1: 160/1641 Loss: 0.711737
2026-08-19 20:53: Train Epoch 1: 180/1641 Loss: 0.751134
2026-08-19 20:53: Train Epoch 1: 200/1641 Loss: 0.752983
2026-08-19 20:53: Train Epoch 1: 220/1641 Loss: 0.711032
2026-08-19 20:53: Train Epoch 1: 240/1641 Loss: 0.713049
2026-08-19 20:53: Train Epoch 1: 260/1641 Loss: 0.692746
2026-08-19 20:53: Train Epoch 1: 280/1641 Loss: 0.711676
2026-08-19 20:53: Train Epoch 1: 300/1641 Loss: 0.669935
2026-08-19 20:53: Train Epoch 1: 320/1641 Loss: 0.641725
2026-08-19 20:53: Train Epoch 1: 340/1641 Loss: 0.646809
2026-08-19 20:53: Train Epoch 1: 360/1641 Loss: 0.595526
2026-08-19 20:53: Train Epoch 1: 380/1641 Loss: 0.553147
2026-08-19 20:53: Train Epoch 1: 400/1641 Loss: 0.561419
2026-08-19 20:53: Train Epoch 1: 420/1641 Loss: 0.570985
2026-08-19 20:53: Train Epoch 1: 440/1641 Loss: 0.514618
2026-08-19 20:53: Train Epoch 1: 460/1641 Loss: 0.493576
2026-08-19 20:54: Train Epoch 1: 480/1641 Loss: 0.524785
2026-08-19 20:54: Train Epoch 1: 500/1641 Loss: 0.514676
2026-08-19 20:54: Train Epoch 1: 520/1641 Loss: 0.506203
2026-08-19 20:54: Train Epoch 1: 540/1641 Loss: 0.485871
2026-08-19 20:54: Train Epoch 1: 560/1641 Loss: 0.518923
2026-08-19 20:54: Train Epoch 1: 580/1641 Loss: 0.520739
2026-08-19 20:54: Train Epoch 1: 600/1641 Loss: 0.506584
2026-08-19 20:54: Train Epoch 1: 620/1641 Loss: 0.468610
2026-08-19 20:54: Train Epoch 1: 640/1641 Loss: 0.465893
2026-08-19 20:54: Train Epoch 1: 660/1641 Loss: 0.507632
2026-08-19 20:54: Train Epoch 1: 680/1641 Loss: 0.493068
2026-08-19 20:54: Train Epoch 1: 700/1641 Loss: 0.492410
2026-08-19 20:54: Train Epoch 1: 720/1641 Loss: 0.448561
2026-08-19 20:54: Train Epoch 1: 740/1641 Loss: 0.521520
2026-08-19 20:54: Train Epoch 1: 760/1641 Loss: 0.506382
2026-08-19 20:54: Train Epoch 1: 780/1641 Loss: 0.451124
2026-08-19 20:54: Train Epoch 1: 800/1641 Loss: 0.503747
2026-08-19 20:54: Train Epoch 1: 820/1641 Loss: 0.489072
2026-08-19 20:54: Train Epoch 1: 840/1641 Loss: 0.473419
2026-08-19 20:54: Train Epoch 1: 860/1641 Loss: 0.458815
2026-08-19 20:54: Train Epoch 1: 880/1641 Loss: 0.482174
2026-08-19 20:54: Train Epoch 1: 900/1641 Loss: 0.454251
2026-08-19 20:54: Train Epoch 1: 920/1641 Loss: 0.445503
2026-08-19 20:55: Train Epoch 1: 940/1641 Loss: 0.429493
2026-08-19 20:55: Train Epoch 1: 960/1641 Loss: 0.472728
2026-08-19 20:55: Train Epoch 1: 980/1641 Loss: 0.462896
2026-08-19 20:55: Train Epoch 1: 1000/1641 Loss: 0.478841
2026-08-19 20:55: Train Epoch 1: 1020/1641 Loss: 0.466863
2026-08-19 20:55: Train Epoch 1: 1040/1641 Loss: 0.476666
2026-08-19 20:55: Train Epoch 1: 1060/1641 Loss: 0.458975
2026-08-19 20:55: Train Epoch 1: 1080/1641 Loss: 0.428735
2026-08-19 20:55: Train Epoch 1: 1100/1641 Loss: 0.472396
2026-08-19 20:55: Train Epoch 1: 1120/1641 Loss: 0.501588
2026-08-19 20:55: Train Epoch 1: 1140/1641 Loss: 0.462584
2026-08-19 20:55: Train Epoch 1: 1160/1641 Loss: 0.460149
2026-08-19 20:55: Train Epoch 1: 1180/1641 Loss: 0.440147
2026-08-19 20:55: Train Epoch 1: 1200/1641 Loss: 0.456103
2026-08-19 20:55: Train Epoch 1: 1220/1641 Loss: 0.432156
2026-08-19 20:55: Train Epoch 1: 1240/1641 Loss: 0.438923
2026-08-19 20:55: Train Epoch 1: 1260/1641 Loss: 0.463389
2026-08-19 20:55: Train Epoch 1: 1280/1641 Loss: 0.443133
2026-08-19 20:55: Train Epoch 1: 1300/1641 Loss: 0.482024
2026-08-19 20:55: Train Epoch 1: 1320/1641 Loss: 0.485651
2026-08-19 20:55: Train Epoch 1: 1340/1641 Loss: 0.465439
2026-08-19 20:55: Train Epoch 1: 1360/1641 Loss: 0.475160
2026-08-19 20:56: Train Epoch 1: 1380/1641 Loss: 0.430659
2026-08-19 20:56: Train Epoch 1: 1400/1641 Loss: 0.464052
2026-08-19 20:56: Train Epoch 1: 1420/1641 Loss: 0.499071
2026-08-19 20:56: Train Epoch 1: 1440/1641 Loss: 0.459613
2026-08-19 20:56: Train Epoch 1: 1460/1641 Loss: 0.464298
2026-08-19 20:56: Train Epoch 1: 1480/1641 Loss: 0.475420
2026-08-19 20:56: Train Epoch 1: 1500/1641 Loss: 0.464876
2026-08-19 20:56: Train Epoch 1: 1520/1641 Loss: 0.484702
2026-08-19 20:56: Train Epoch 1: 1540/1641 Loss: 0.515948
2026-08-19 20:56: Train Epoch 1: 1560/1641 Loss: 0.467542
2026-08-19 20:56: Train Epoch 1: 1580/1641 Loss: 0.427157
2026-08-19 20:56: Train Epoch 1: 1600/1641 Loss: 0.449273
2026-08-19 20:56: Train Epoch 1: 1620/1641 Loss: 0.441294
2026-08-19 20:56: Train Epoch 1: 1640/1641 Loss: 0.479053
2026-08-19 20:56: **********Train Epoch 1: averaged Loss: 0.539318, tf_ratio: 0.998866
2026-08-19 20:56: **********Val Epoch 1: average Loss: 0.427269
2026-08-19 20:56: *********************************Current best model saved!
2026-08-19 20:56: Train Epoch 2: 0/1641 Loss: 0.431787
2026-08-19 20:56: Train Epoch 2: 20/1641 Loss: 0.461078
2026-08-19 20:57: Train Epoch 2: 40/1641 Loss: 0.415896
2026-08-19 20:57: Train Epoch 2: 60/1641 Loss: 0.430624
2026-08-19 20:57: Train Epoch 2: 80/1641 Loss: 0.470952
2026-08-19 20:57: Train Epoch 2: 100/1641 Loss: 0.423172
2026-08-19 20:57: Train Epoch 2: 120/1641 Loss: 0.439372
2026-08-19 20:57: Train Epoch 2: 140/1641 Loss: 0.449932
2026-08-19 20:57: Train Epoch 2: 160/1641 Loss: 0.463605
2026-08-19 20:57: Train Epoch 2: 180/1641 Loss: 0.451210
2026-08-19 20:57: Train Epoch 2: 200/1641 Loss: 0.433161
2026-08-19 20:57: Train Epoch 2: 220/1641 Loss: 0.434592
2026-08-19 20:57: Train Epoch 2: 240/1641 Loss: 0.505264
2026-08-19 20:57: Train Epoch 2: 260/1641 Loss: 0.432035
2026-08-19 20:57: Train Epoch 2: 280/1641 Loss: 0.477093
2026-08-19 20:57: Train Epoch 2: 300/1641 Loss: 0.460398
2026-08-19 20:57: Train Epoch 2: 320/1641 Loss: 0.458191
2026-08-19 20:57: Train Epoch 2: 340/1641 Loss: 0.481488
2026-08-19 20:57: Train Epoch 2: 360/1641 Loss: 0.423743
2026-08-19 20:57: Train Epoch 2: 380/1641 Loss: 0.457942
2026-08-19 20:57: Train Epoch 2: 400/1641 Loss: 0.423585
2026-08-19 20:57: Train Epoch 2: 420/1641 Loss: 0.446836
2026-08-19 20:57: Train Epoch 2: 440/1641 Loss: 0.444653
2026-08-19 20:57: Train Epoch 2: 460/1641 Loss: 0.461840
2026-08-19 20:58: Train Epoch 2: 480/1641 Loss: 0.452344
2026-08-19 20:58: Train Epoch 2: 500/1641 Loss: 0.433914
2026-08-19 20:58: Train Epoch 2: 520/1641 Loss: 0.467548
2026-08-19 20:58: Train Epoch 2: 540/1641 Loss: 0.428146
2026-08-19 20:58: Train Epoch 2: 560/1641 Loss: 0.436341
2026-08-19 20:58: Train Epoch 2: 580/1641 Loss: 0.442264
2026-08-19 20:58: Train Epoch 2: 600/1641 Loss: 0.433495
2026-08-19 20:58: Train Epoch 2: 620/1641 Loss: 0.441756
2026-08-19 20:58: Train Epoch 2: 640/1641 Loss: 0.425133
2026-08-19 20:58: Train Epoch 2: 660/1641 Loss: 0.426321
2026-08-19 20:58: Train Epoch 2: 680/1641 Loss: 0.455998
2026-08-19 20:58: Train Epoch 2: 700/1641 Loss: 0.435397
2026-08-19 20:58: Train Epoch 2: 720/1641 Loss: 0.456057
2026-08-19 20:58: Train Epoch 2: 740/1641 Loss: 0.465432
2026-08-19 20:58: Train Epoch 2: 760/1641 Loss: 0.441162
2026-08-19 20:58: Train Epoch 2: 780/1641 Loss: 0.453613
2026-08-19 20:58: Train Epoch 2: 800/1641 Loss: 0.417926
2026-08-19 20:58: Train Epoch 2: 820/1641 Loss: 0.446596
2026-08-19 20:58: Train Epoch 2: 840/1641 Loss: 0.425291
2026-08-19 20:58: Train Epoch 2: 860/1641 Loss: 0.441851
2026-08-19 20:58: Train Epoch 2: 880/1641 Loss: 0.453234
2026-08-19 20:58: Train Epoch 2: 900/1641 Loss: 0.442542
2026-08-19 20:59: Train Epoch 2: 920/1641 Loss: 0.454111
2026-08-19 20:59: Train Epoch 2: 940/1641 Loss: 0.440854
2026-08-19 20:59: Train Epoch 2: 960/1641 Loss: 0.409807
2026-08-19 20:59: Train Epoch 2: 980/1641 Loss: 0.447855
2026-08-19 20:59: Train Epoch 2: 1000/1641 Loss: 0.464944
2026-08-19 20:59: Train Epoch 2: 1020/1641 Loss: 0.423104
2026-08-19 20:59: Train Epoch 2: 1040/1641 Loss: 0.458993
2026-08-19 20:59: Train Epoch 2: 1060/1641 Loss: 0.426064
2026-08-19 20:59: Train Epoch 2: 1080/1641 Loss: 0.449416
2026-08-19 20:59: Train Epoch 2: 1100/1641 Loss: 0.444321
2026-08-19 20:59: Train Epoch 2: 1120/1641 Loss: 0.451896
2026-08-19 20:59: Train Epoch 2: 1140/1641 Loss: 0.461766
2026-08-19 20:59: Train Epoch 2: 1160/1641 Loss: 0.443016
2026-08-19 20:59: Train Epoch 2: 1180/1641 Loss: 0.462301
2026-08-19 20:59: Train Epoch 2: 1200/1641 Loss: 0.447390
2026-08-19 20:59: Train Epoch 2: 1220/1641 Loss: 0.410587
2026-08-19 20:59: Train Epoch 2: 1240/1641 Loss: 0.472439
2026-08-19 20:59: Train Epoch 2: 1260/1641 Loss: 0.440261
2026-08-19 20:59: Train Epoch 2: 1280/1641 Loss: 0.446106
2026-08-19 20:59: Train Epoch 2: 1300/1641 Loss: 0.411118
2026-08-19 20:59: Train Epoch 2: 1320/1641 Loss: 0.439410
2026-08-19 20:59: Train Epoch 2: 1340/1641 Loss: 0.429521
2026-08-19 20:59: Train Epoch 2: 1360/1641 Loss: 0.439654
2026-08-19 21:00: Train Epoch 2: 1380/1641 Loss: 0.430943
2026-08-19 21:00: Train Epoch 2: 1400/1641 Loss: 0.450461
2026-08-19 21:00: Train Epoch 2: 1420/1641 Loss: 0.435394
2026-08-19 21:00: Train Epoch 2: 1440/1641 Loss: 0.435941
2026-08-19 21:00: Train Epoch 2: 1460/1641 Loss: 0.434522
2026-08-19 21:00: Train Epoch 2: 1480/1641 Loss: 0.443701
2026-08-19 21:00: Train Epoch 2: 1500/1641 Loss: 0.463347
2026-08-19 21:00: Train Epoch 2: 1520/1641 Loss: 0.430475
2026-08-19 21:00: Train Epoch 2: 1540/1641 Loss: 0.452592
2026-08-19 21:00: Train Epoch 2: 1560/1641 Loss: 0.469034
2026-08-19 21:00: Train Epoch 2: 1580/1641 Loss: 0.437744
2026-08-19 21:00: Train Epoch 2: 1600/1641 Loss: 0.445063
2026-08-19 21:00: Train Epoch 2: 1620/1641 Loss: 0.420431
2026-08-19 21:00: Train Epoch 2: 1640/1641 Loss: 0.432650
2026-08-19 21:00: **********Train Epoch 2: averaged Loss: 0.444076, tf_ratio: 0.997428
2026-08-19 21:00: **********Val Epoch 2: average Loss: 0.416801
2026-08-19 21:00: *********************************Current best model saved!
2026-08-19 21:00: Train Epoch 3: 0/1641 Loss: 0.394309
2026-08-19 21:01: Train Epoch 3: 20/1641 Loss: 0.452875
2026-08-19 21:01: Train Epoch 3: 40/1641 Loss: 0.450531
2026-08-19 21:01: Train Epoch 3: 60/1641 Loss: 0.422699
2026-08-19 21:01: Train Epoch 3: 80/1641 Loss: 0.468873
2026-08-19 21:01: Train Epoch 3: 100/1641 Loss: 0.469586
2026-08-19 21:01: Train Epoch 3: 120/1641 Loss: 0.471358
2026-08-19 21:01: Train Epoch 3: 140/1641 Loss: 0.408921
2026-08-19 21:01: Train Epoch 3: 160/1641 Loss: 0.452074
2026-08-19 21:01: Train Epoch 3: 180/1641 Loss: 0.424361
2026-08-19 21:01: Train Epoch 3: 200/1641 Loss: 0.446009
2026-08-19 21:01: Train Epoch 3: 220/1641 Loss: 0.404575
2026-08-19 21:01: Train Epoch 3: 240/1641 Loss: 0.396074
2026-08-19 21:01: Train Epoch 3: 260/1641 Loss: 0.412185
2026-08-19 21:01: Train Epoch 3: 280/1641 Loss: 0.430939
2026-08-19 21:01: Train Epoch 3: 300/1641 Loss: 0.423623
2026-08-19 21:01: Train Epoch 3: 320/1641 Loss: 0.436247
2026-08-19 21:01: Train Epoch 3: 340/1641 Loss: 0.405680
2026-08-19 21:01: Train Epoch 3: 360/1641 Loss: 0.486609
2026-08-19 21:01: Train Epoch 3: 380/1641 Loss: 0.399487
2026-08-19 21:01: Train Epoch 3: 400/1641 Loss: 0.424847
2026-08-19 21:01: Train Epoch 3: 420/1641 Loss: 0.414083
2026-08-19 21:01: Train Epoch 3: 440/1641 Loss: 0.447262
2026-08-19 21:02: Train Epoch 3: 460/1641 Loss: 0.398862
2026-08-19 21:02: Train Epoch 3: 480/1641 Loss: 0.446381
2026-08-19 21:02: Train Epoch 3: 500/1641 Loss: 0.433861
2026-08-19 21:02: Train Epoch 3: 520/1641 Loss: 0.463299
2026-08-19 21:02: Train Epoch 3: 540/1641 Loss: 0.450704
2026-08-19 21:02: Train Epoch 3: 560/1641 Loss: 0.441522
2026-08-19 21:02: Train Epoch 3: 580/1641 Loss: 0.430457
2026-08-19 21:02: Train Epoch 3: 600/1641 Loss: 0.386297
2026-08-19 21:02: Train Epoch 3: 620/1641 Loss: 0.411980
2026-08-19 21:02: Train Epoch 3: 640/1641 Loss: 0.450991
2026-08-19 21:02: Train Epoch 3: 660/1641 Loss: 0.427554
2026-08-19 21:02: Train Epoch 3: 680/1641 Loss: 0.455512
2026-08-19 21:02: Train Epoch 3: 700/1641 Loss: 0.417501
2026-08-19 21:02: Train Epoch 3: 720/1641 Loss: 0.438300
2026-08-19 21:02: Train Epoch 3: 740/1641 Loss: 0.413167
2026-08-19 21:02: Train Epoch 3: 760/1641 Loss: 0.447046
2026-08-19 21:02: Train Epoch 3: 780/1641 Loss: 0.413224
2026-08-19 21:02: Train Epoch 3: 800/1641 Loss: 0.451194
2026-08-19 21:02: Train Epoch 3: 820/1641 Loss: 0.437089
2026-08-19 21:02: Train Epoch 3: 840/1641 Loss: 0.431107
2026-08-19 21:02: Train Epoch 3: 860/1641 Loss: 0.443660
2026-08-19 21:02: Train Epoch 3: 880/1641 Loss: 0.417268
2026-08-19 21:03: Train Epoch 3: 900/1641 Loss: 0.415689
2026-08-19 21:03: Train Epoch 3: 920/1641 Loss: 0.425231
2026-08-19 21:03: Train Epoch 3: 940/1641 Loss: 0.420617
2026-08-19 21:03: Train Epoch 3: 960/1641 Loss: 0.403809
2026-08-19 21:03: Train Epoch 3: 980/1641 Loss: 0.409514
2026-08-19 21:03: Train Epoch 3: 1000/1641 Loss: 0.461895
2026-08-19 21:03: Train Epoch 3: 1020/1641 Loss: 0.449150
2026-08-19 21:03: Train Epoch 3: 1040/1641 Loss: 0.419930
2026-08-19 21:03: Train Epoch 3: 1060/1641 Loss: 0.422227
2026-08-19 21:03: Train Epoch 3: 1080/1641 Loss: 0.433298
2026-08-19 21:03: Train Epoch 3: 1100/1641 Loss: 0.442947
2026-08-19 21:03: Train Epoch 3: 1120/1641 Loss: 0.411542
2026-08-19 21:03: Train Epoch 3: 1140/1641 Loss: 0.428472
2026-08-19 21:03: Train Epoch 3: 1160/1641 Loss: 0.423131
2026-08-19 21:03: Train Epoch 3: 1180/1641 Loss: 0.420489
2026-08-19 21:03: Train Epoch 3: 1200/1641 Loss: 0.456990
2026-08-19 21:03: Train Epoch 3: 1220/1641 Loss: 0.416699
2026-08-19 21:03: Train Epoch 3: 1240/1641 Loss: 0.443630
2026-08-19 21:03: Train Epoch 3: 1260/1641 Loss: 0.424412
2026-08-19 21:03: Train Epoch 3: 1280/1641 Loss: 0.450114
2026-08-19 21:03: Train Epoch 3: 1300/1641 Loss: 0.409146
2026-08-19 21:03: Train Epoch 3: 1320/1641 Loss: 0.437649
2026-08-19 21:04: Train Epoch 3: 1340/1641 Loss: 0.434216
2026-08-19 21:04: Train Epoch 3: 1360/1641 Loss: 0.429888
2026-08-19 21:04: Train Epoch 3: 1380/1641 Loss: 0.421753
2026-08-19 21:04: Train Epoch 3: 1400/1641 Loss: 0.428312
2026-08-19 21:04: Train Epoch 3: 1420/1641 Loss: 0.447718
2026-08-19 21:04: Train Epoch 3: 1440/1641 Loss: 0.439149
2026-08-19 21:04: Train Epoch 3: 1460/1641 Loss: 0.415609
2026-08-19 21:04: Train Epoch 3: 1480/1641 Loss: 0.441099
2026-08-19 21:04: Train Epoch 3: 1500/1641 Loss: 0.429015
2026-08-19 21:04: Train Epoch 3: 1520/1641 Loss: 0.417594
2026-08-19 21:04: Train Epoch 3: 1540/1641 Loss: 0.404527
2026-08-19 21:04: Train Epoch 3: 1560/1641 Loss: 0.413897
2026-08-19 21:04: Train Epoch 3: 1580/1641 Loss: 0.398432
2026-08-19 21:04: Train Epoch 3: 1600/1641 Loss: 0.441344
2026-08-19 21:04: Train Epoch 3: 1620/1641 Loss: 0.449554
2026-08-19 21:04: Train Epoch 3: 1640/1641 Loss: 0.434088
2026-08-19 21:04: **********Train Epoch 3: averaged Loss: 0.431411, tf_ratio: 0.994176
2026-08-19 21:05: **********Val Epoch 3: average Loss: 0.411100
2026-08-19 21:05: *********************************Current best model saved!
2026-08-19 21:05: Train Epoch 4: 0/1641 Loss: 0.435155
2026-08-19 21:05: Train Epoch 4: 20/1641 Loss: 0.394674
2026-08-19 21:05: Train Epoch 4: 40/1641 Loss: 0.418111
2026-08-19 21:05: Train Epoch 4: 60/1641 Loss: 0.437091
2026-08-19 21:05: Train Epoch 4: 80/1641 Loss: 0.440817
2026-08-19 21:05: Train Epoch 4: 100/1641 Loss: 0.436609
2026-08-19 21:05: Train Epoch 4: 120/1641 Loss: 0.444740
2026-08-19 21:05: Train Epoch 4: 140/1641 Loss: 0.420057
2026-08-19 21:05: Train Epoch 4: 160/1641 Loss: 0.411623
2026-08-19 21:05: Train Epoch 4: 180/1641 Loss: 0.417105
2026-08-19 21:05: Train Epoch 4: 200/1641 Loss: 0.432629
2026-08-19 21:05: Train Epoch 4: 220/1641 Loss: 0.404616
2026-08-19 21:05: Train Epoch 4: 240/1641 Loss: 0.434932
2026-08-19 21:05: Train Epoch 4: 260/1641 Loss: 0.430742
2026-08-19 21:05: Train Epoch 4: 280/1641 Loss: 0.436729
2026-08-19 21:05: Train Epoch 4: 300/1641 Loss: 0.447151
2026-08-19 21:05: Train Epoch 4: 320/1641 Loss: 0.400478
2026-08-19 21:05: Train Epoch 4: 340/1641 Loss: 0.437877
2026-08-19 21:05: Train Epoch 4: 360/1641 Loss: 0.419535
2026-08-19 21:05: Train Epoch 4: 380/1641 Loss: 0.428623
2026-08-19 21:05: Train Epoch 4: 400/1641 Loss: 0.453155
2026-08-19 21:06: Train Epoch 4: 420/1641 Loss: 0.408672
2026-08-19 21:06: Train Epoch 4: 440/1641 Loss: 0.412199
2026-08-19 21:06: Train Epoch 4: 460/1641 Loss: 0.472070
2026-08-19 21:06: Train Epoch 4: 480/1641 Loss: 0.439495
2026-08-19 21:06: Train Epoch 4: 500/1641 Loss: 0.454534
2026-08-19 21:06: Train Epoch 4: 520/1641 Loss: 0.444146
2026-08-19 21:06: Train Epoch 4: 540/1641 Loss: 0.435471
2026-08-19 21:06: Train Epoch 4: 560/1641 Loss: 0.422446
2026-08-19 21:06: Train Epoch 4: 580/1641 Loss: 0.433192
2026-08-19 21:06: Train Epoch 4: 600/1641 Loss: 0.424118
2026-08-19 21:06: Train Epoch 4: 620/1641 Loss: 0.402031
2026-08-19 21:06: Train Epoch 4: 640/1641 Loss: 0.416323
2026-08-19 21:06: Train Epoch 4: 660/1641 Loss: 0.435484
2026-08-19 21:06: Train Epoch 4: 680/1641 Loss: 0.408061
2026-08-19 21:06: Train Epoch 4: 700/1641 Loss: 0.413353
2026-08-19 21:06: Train Epoch 4: 720/1641 Loss: 0.412177
2026-08-19 21:06: Train Epoch 4: 740/1641 Loss: 0.468244
2026-08-19 21:06: Train Epoch 4: 760/1641 Loss: 0.426282
2026-08-19 21:06: Train Epoch 4: 780/1641 Loss: 0.450103
2026-08-19 21:06: Train Epoch 4: 800/1641 Loss: 0.400976
2026-08-19 21:06: Train Epoch 4: 820/1641 Loss: 0.421286
2026-08-19 21:06: Train Epoch 4: 840/1641 Loss: 0.452394
2026-08-19 21:06: Train Epoch 4: 860/1641 Loss: 0.445586
2026-08-19 21:07: Train Epoch 4: 880/1641 Loss: 0.438255
2026-08-19 21:07: Train Epoch 4: 900/1641 Loss: 0.468555
2026-08-19 21:07: Train Epoch 4: 920/1641 Loss: 0.425704
2026-08-19 21:07: Train Epoch 4: 940/1641 Loss: 0.438549
2026-08-19 21:07: Train Epoch 4: 960/1641 Loss: 0.425683
2026-08-19 21:07: Train Epoch 4: 980/1641 Loss: 0.421476
2026-08-19 21:07: Train Epoch 4: 1000/1641 Loss: 0.404233
2026-08-19 21:07: Train Epoch 4: 1020/1641 Loss: 0.402660
2026-08-19 21:07: Train Epoch 4: 1040/1641 Loss: 0.405564
2026-08-19 21:07: Train Epoch 4: 1060/1641 Loss: 0.402589
2026-08-19 21:07: Train Epoch 4: 1080/1641 Loss: 0.421308
2026-08-19 21:07: Train Epoch 4: 1100/1641 Loss: 0.430129
2026-08-19 21:07: Train Epoch 4: 1120/1641 Loss: 0.427092
2026-08-19 21:07: Train Epoch 4: 1140/1641 Loss: 0.443779
2026-08-19 21:07: Train Epoch 4: 1160/1641 Loss: 0.419662
2026-08-19 21:07: Train Epoch 4: 1180/1641 Loss: 0.447502
2026-08-19 21:07: Train Epoch 4: 1200/1641 Loss: 0.444318
2026-08-19 21:07: Train Epoch 4: 1220/1641 Loss: 0.444830
2026-08-19 21:07: Train Epoch 4: 1240/1641 Loss: 0.416311
2026-08-19 21:07: Train Epoch 4: 1260/1641 Loss: 0.404552
2026-08-19 21:07: Train Epoch 4: 1280/1641 Loss: 0.411171
2026-08-19 21:07: Train Epoch 4: 1300/1641 Loss: 0.404085
2026-08-19 21:08: Train Epoch 4: 1320/1641 Loss: 0.405529
2026-08-19 21:08: Train Epoch 4: 1340/1641 Loss: 0.414139
2026-08-19 21:08: Train Epoch 4: 1360/1641 Loss: 0.420611
2026-08-19 21:08: Train Epoch 4: 1380/1641 Loss: 0.401458
2026-08-19 21:08: Train Epoch 4: 1400/1641 Loss: 0.416288
2026-08-19 21:08: Train Epoch 4: 1420/1641 Loss: 0.386915
2026-08-19 21:08: Train Epoch 4: 1440/1641 Loss: 0.406916
2026-08-19 21:08: Train Epoch 4: 1460/1641 Loss: 0.455172
2026-08-19 21:08: Train Epoch 4: 1480/1641 Loss: 0.411141
2026-08-19 21:08: Train Epoch 4: 1500/1641 Loss: 0.397251
2026-08-19 21:08: Train Epoch 4: 1520/1641 Loss: 0.421606
2026-08-19 21:08: Train Epoch 4: 1540/1641 Loss: 0.420096
2026-08-19 21:08: Train Epoch 4: 1560/1641 Loss: 0.435102
2026-08-19 21:08: Train Epoch 4: 1580/1641 Loss: 0.406033
2026-08-19 21:08: Train Epoch 4: 1600/1641 Loss: 0.442374
2026-08-19 21:08: Train Epoch 4: 1620/1641 Loss: 0.426669
2026-08-19 21:08: Train Epoch 4: 1640/1641 Loss: 0.411336
2026-08-19 21:08: **********Train Epoch 4: averaged Loss: 0.423201, tf_ratio: 0.986867
2026-08-19 21:09: **********Val Epoch 4: average Loss: 0.408665
2026-08-19 21:09: *********************************Current best model saved!
2026-08-19 21:09: Train Epoch 5: 0/1641 Loss: 0.414603
2026-08-19 21:09: Train Epoch 5: 20/1641 Loss: 0.406315
2026-08-19 21:09: Train Epoch 5: 40/1641 Loss: 0.434150
2026-08-19 21:09: Train Epoch 5: 60/1641 Loss: 0.379558
2026-08-19 21:09: Train Epoch 5: 80/1641 Loss: 0.415336
2026-08-19 21:09: Train Epoch 5: 100/1641 Loss: 0.431033
2026-08-19 21:09: Train Epoch 5: 120/1641 Loss: 0.384932
2026-08-19 21:09: Train Epoch 5: 140/1641 Loss: 0.414319
2026-08-19 21:09: Train Epoch 5: 160/1641 Loss: 0.433427
2026-08-19 21:09: Train Epoch 5: 180/1641 Loss: 0.440036
2026-08-19 21:09: Train Epoch 5: 200/1641 Loss: 0.399428
2026-08-19 21:09: Train Epoch 5: 220/1641 Loss: 0.443059
2026-08-19 21:09: Train Epoch 5: 240/1641 Loss: 0.400002
2026-08-19 21:09: Train Epoch 5: 260/1641 Loss: 0.416262
2026-08-19 21:09: Train Epoch 5: 280/1641 Loss: 0.413752
2026-08-19 21:09: Train Epoch 5: 300/1641 Loss: 0.400540
2026-08-19 21:09: Train Epoch 5: 320/1641 Loss: 0.412484
2026-08-19 21:09: Train Epoch 5: 340/1641 Loss: 0.428754
2026-08-19 21:09: Train Epoch 5: 360/1641 Loss: 0.398712
2026-08-19 21:09: Train Epoch 5: 380/1641 Loss: 0.413823
2026-08-19 21:10: Train Epoch 5: 400/1641 Loss: 0.413135
2026-08-19 21:10: Train Epoch 5: 420/1641 Loss: 0.454408
2026-08-19 21:10: Train Epoch 5: 440/1641 Loss: 0.411186
2026-08-19 21:10: Train Epoch 5: 460/1641 Loss: 0.395583
2026-08-19 21:10: Train Epoch 5: 480/1641 Loss: 0.413717
2026-08-19 21:10: Train Epoch 5: 500/1641 Loss: 0.406022
2026-08-19 21:10: Train Epoch 5: 520/1641 Loss: 0.428003
2026-08-19 21:10: Train Epoch 5: 540/1641 Loss: 0.425430
2026-08-19 21:10: Train Epoch 5: 560/1641 Loss: 0.422340
2026-08-19 21:10: Train Epoch 5: 580/1641 Loss: 0.401560
2026-08-19 21:10: Train Epoch 5: 600/1641 Loss: 0.423036
2026-08-19 21:10: Train Epoch 5: 620/1641 Loss: 0.415909
2026-08-19 21:10: Train Epoch 5: 640/1641 Loss: 0.406072
2026-08-19 21:10: Train Epoch 5: 660/1641 Loss: 0.413676
2026-08-19 21:10: Train Epoch 5: 680/1641 Loss: 0.421947
2026-08-19 21:10: Train Epoch 5: 700/1641 Loss: 0.424275
2026-08-19 21:10: Train Epoch 5: 720/1641 Loss: 0.426624
2026-08-19 21:10: Train Epoch 5: 740/1641 Loss: 0.431422
2026-08-19 21:10: Train Epoch 5: 760/1641 Loss: 0.454794
2026-08-19 21:10: Train Epoch 5: 780/1641 Loss: 0.417718
2026-08-19 21:10: Train Epoch 5: 800/1641 Loss: 0.428631
2026-08-19 21:10: Train Epoch 5: 820/1641 Loss: 0.382688
2026-08-19 21:11: Train Epoch 5: 840/1641 Loss: 0.402281
2026-08-19 21:11: Train Epoch 5: 860/1641 Loss: 0.433101
2026-08-19 21:11: Train Epoch 5: 880/1641 Loss: 0.437014
2026-08-19 21:11: Train Epoch 5: 900/1641 Loss: 0.409555
2026-08-19 21:11: Train Epoch 5: 920/1641 Loss: 0.413789
2026-08-19 21:11: Train Epoch 5: 940/1641 Loss: 0.409931
2026-08-19 21:11: Train Epoch 5: 960/1641 Loss: 0.423136
2026-08-19 21:11: Train Epoch 5: 980/1641 Loss: 0.402743
2026-08-19 21:11: Train Epoch 5: 1000/1641 Loss: 0.416352
2026-08-19 21:11: Train Epoch 5: 1020/1641 Loss: 0.416637
2026-08-19 21:11: Train Epoch 5: 1040/1641 Loss: 0.396207
2026-08-19 21:11: Train Epoch 5: 1060/1641 Loss: 0.399928
2026-08-19 21:11: Train Epoch 5: 1080/1641 Loss: 0.430918
2026-08-19 21:11: Train Epoch 5: 1100/1641 Loss: 0.428999
2026-08-19 21:11: Train Epoch 5: 1120/1641 Loss: 0.403352
2026-08-19 21:11: Train Epoch 5: 1140/1641 Loss: 0.418947
2026-08-19 21:11: Train Epoch 5: 1160/1641 Loss: 0.401205
2026-08-19 21:11: Train Epoch 5: 1180/1641 Loss: 0.441097
2026-08-19 21:11: Train Epoch 5: 1200/1641 Loss: 0.425271
2026-08-19 21:11: Train Epoch 5: 1220/1641 Loss: 0.382443
2026-08-19 21:11: Train Epoch 5: 1240/1641 Loss: 0.432457
2026-08-19 21:11: Train Epoch 5: 1260/1641 Loss: 0.423147
2026-08-19 21:12: Train Epoch 5: 1280/1641 Loss: 0.405914
2026-08-19 21:12: Train Epoch 5: 1300/1641 Loss: 0.394254
2026-08-19 21:12: Train Epoch 5: 1320/1641 Loss: 0.427553
2026-08-19 21:12: Train Epoch 5: 1340/1641 Loss: 0.421872
2026-08-19 21:12: Train Epoch 5: 1360/1641 Loss: 0.391976
2026-08-19 21:12: Train Epoch 5: 1380/1641 Loss: 0.377347
2026-08-19 21:12: Train Epoch 5: 1400/1641 Loss: 0.405547
2026-08-19 21:12: Train Epoch 5: 1420/1641 Loss: 0.415160
2026-08-19 21:12: Train Epoch 5: 1440/1641 Loss: 0.390522
2026-08-19 21:12: Train Epoch 5: 1460/1641 Loss: 0.409761
2026-08-19 21:12: Train Epoch 5: 1480/1641 Loss: 0.374601
2026-08-19 21:12: Train Epoch 5: 1500/1641 Loss: 0.407718
2026-08-19 21:12: Train Epoch 5: 1520/1641 Loss: 0.413566
2026-08-19 21:12: Train Epoch 5: 1540/1641 Loss: 0.426695
2026-08-19 21:12: Train Epoch 5: 1560/1641 Loss: 0.398792
2026-08-19 21:12: Train Epoch 5: 1580/1641 Loss: 0.420565
2026-08-19 21:12: Train Epoch 5: 1600/1641 Loss: 0.394410
2026-08-19 21:12: Train Epoch 5: 1620/1641 Loss: 0.393808
2026-08-19 21:12: Train Epoch 5: 1640/1641 Loss: 0.429302
2026-08-19 21:12: **********Train Epoch 5: averaged Loss: 0.416470, tf_ratio: 0.970657
2026-08-19 21:13: **********Val Epoch 5: average Loss: 0.411415
2026-08-19 21:13: Train Epoch 6: 0/1641 Loss: 0.414510
2026-08-19 21:13: Train Epoch 6: 20/1641 Loss: 0.371193
2026-08-19 21:13: Train Epoch 6: 40/1641 Loss: 0.429027
2026-08-19 21:13: Train Epoch 6: 60/1641 Loss: 0.437858
2026-08-19 21:13: Train Epoch 6: 80/1641 Loss: 0.386464
2026-08-19 21:13: Train Epoch 6: 100/1641 Loss: 0.425665
2026-08-19 21:13: Train Epoch 6: 120/1641 Loss: 0.418780
2026-08-19 21:13: Train Epoch 6: 140/1641 Loss: 0.431752
2026-08-19 21:13: Train Epoch 6: 160/1641 Loss: 0.459357
2026-08-19 21:13: Train Epoch 6: 180/1641 Loss: 0.445713
2026-08-19 21:13: Train Epoch 6: 200/1641 Loss: 0.401798
2026-08-19 21:13: Train Epoch 6: 220/1641 Loss: 0.400814
2026-08-19 21:13: Train Epoch 6: 240/1641 Loss: 0.410158
2026-08-19 21:13: Train Epoch 6: 260/1641 Loss: 0.398355
2026-08-19 21:13: Train Epoch 6: 280/1641 Loss: 0.394240
2026-08-19 21:13: Train Epoch 6: 300/1641 Loss: 0.409378
2026-08-19 21:13: Train Epoch 6: 320/1641 Loss: 0.375348
2026-08-19 21:13: Train Epoch 6: 340/1641 Loss: 0.420925
2026-08-19 21:13: Train Epoch 6: 360/1641 Loss: 0.441222
2026-08-19 21:14: Train Epoch 6: 380/1641 Loss: 0.372522
2026-08-19 21:14: Train Epoch 6: 400/1641 Loss: 0.371624
2026-08-19 21:14: Train Epoch 6: 420/1641 Loss: 0.408087
2026-08-19 21:14: Train Epoch 6: 440/1641 Loss: 0.403205
2026-08-19 21:14: Train Epoch 6: 460/1641 Loss: 0.438810
2026-08-19 21:14: Train Epoch 6: 480/1641 Loss: 0.458184
2026-08-19 21:14: Train Epoch 6: 500/1641 Loss: 0.412871
2026-08-19 21:14: Train Epoch 6: 520/1641 Loss: 0.425540
2026-08-19 21:14: Train Epoch 6: 540/1641 Loss: 0.415747
2026-08-19 21:14: Train Epoch 6: 560/1641 Loss: 0.395989
2026-08-19 21:14: Train Epoch 6: 580/1641 Loss: 0.398283
2026-08-19 21:14: Train Epoch 6: 600/1641 Loss: 0.393334
2026-08-19 21:14: Train Epoch 6: 620/1641 Loss: 0.412477
2026-08-19 21:14: Train Epoch 6: 640/1641 Loss: 0.423913
2026-08-19 21:14: Train Epoch 6: 660/1641 Loss: 0.430957
2026-08-19 21:14: Train Epoch 6: 680/1641 Loss: 0.378257
2026-08-19 21:14: Train Epoch 6: 700/1641 Loss: 0.416397
2026-08-19 21:14: Train Epoch 6: 720/1641 Loss: 0.397529
2026-08-19 21:14: Train Epoch 6: 740/1641 Loss: 0.396015
2026-08-19 21:14: Train Epoch 6: 760/1641 Loss: 0.431440
2026-08-19 21:14: Train Epoch 6: 780/1641 Loss: 0.423576
2026-08-19 21:14: Train Epoch 6: 800/1641 Loss: 0.435744
2026-08-19 21:15: Train Epoch 6: 820/1641 Loss: 0.431539
2026-08-19 21:15: Train Epoch 6: 840/1641 Loss: 0.431896
2026-08-19 21:15: Train Epoch 6: 860/1641 Loss: 0.410926
2026-08-19 21:15: Train Epoch 6: 880/1641 Loss: 0.438355
2026-08-19 21:15: Train Epoch 6: 900/1641 Loss: 0.394506
2026-08-19 21:15: Train Epoch 6: 920/1641 Loss: 0.416743
2026-08-19 21:15: Train Epoch 6: 940/1641 Loss: 0.413855
2026-08-19 21:15: Train Epoch 6: 960/1641 Loss: 0.418324
2026-08-19 21:15: Train Epoch 6: 980/1641 Loss: 0.404484
2026-08-19 21:15: Train Epoch 6: 1000/1641 Loss: 0.411229
2026-08-19 21:15: Train Epoch 6: 1020/1641 Loss: 0.400195
2026-08-19 21:15: Train Epoch 6: 1040/1641 Loss: 0.408864
2026-08-19 21:15: Train Epoch 6: 1060/1641 Loss: 0.388301
2026-08-19 21:15: Train Epoch 6: 1080/1641 Loss: 0.403655
2026-08-19 21:15: Train Epoch 6: 1100/1641 Loss: 0.439451
2026-08-19 21:15: Train Epoch 6: 1120/1641 Loss: 0.382734
2026-08-19 21:15: Train Epoch 6: 1140/1641 Loss: 0.394993
2026-08-19 21:15: Train Epoch 6: 1160/1641 Loss: 0.379411
2026-08-19 21:15: Train Epoch 6: 1180/1641 Loss: 0.381668
2026-08-19 21:15: Train Epoch 6: 1200/1641 Loss: 0.418346
2026-08-19 21:15: Train Epoch 6: 1220/1641 Loss: 0.407729
2026-08-19 21:15: Train Epoch 6: 1240/1641 Loss: 0.410943
2026-08-19 21:16: Train Epoch 6: 1260/1641 Loss: 0.437204
2026-08-19 21:16: Train Epoch 6: 1280/1641 Loss: 0.413657
2026-08-19 21:16: Train Epoch 6: 1300/1641 Loss: 0.385118
2026-08-19 21:16: Train Epoch 6: 1320/1641 Loss: 0.417697
2026-08-19 21:16: Train Epoch 6: 1340/1641 Loss: 0.417977
2026-08-19 21:16: Train Epoch 6: 1360/1641 Loss: 0.457297
2026-08-19 21:16: Train Epoch 6: 1380/1641 Loss: 0.403550
2026-08-19 21:16: Train Epoch 6: 1400/1641 Loss: 0.377209
2026-08-19 21:16: Train Epoch 6: 1420/1641 Loss: 0.390586
2026-08-19 21:16: Train Epoch 6: 1440/1641 Loss: 0.392277
2026-08-19 21:16: Train Epoch 6: 1460/1641 Loss: 0.377184
2026-08-19 21:16: Train Epoch 6: 1480/1641 Loss: 0.423870
2026-08-19 21:16: Train Epoch 6: 1500/1641 Loss: 0.422032
2026-08-19 21:16: Train Epoch 6: 1520/1641 Loss: 0.419957
2026-08-19 21:16: Train Epoch 6: 1540/1641 Loss: 0.413791
2026-08-19 21:16: Train Epoch 6: 1560/1641 Loss: 0.417616
2026-08-19 21:16: Train Epoch 6: 1580/1641 Loss: 0.397336
2026-08-19 21:16: Train Epoch 6: 1600/1641 Loss: 0.413906
2026-08-19 21:16: Train Epoch 6: 1620/1641 Loss: 0.389843
2026-08-19 21:16: Train Epoch 6: 1640/1641 Loss: 0.399870
2026-08-19 21:16: **********Train Epoch 6: averaged Loss: 0.410224, tf_ratio: 0.935740
2026-08-19 21:17: **********Val Epoch 6: average Loss: 0.403868
2026-08-19 21:17: *********************************Current best model saved!
2026-08-19 21:17: Train Epoch 7: 0/1641 Loss: 0.391659
2026-08-19 21:17: Train Epoch 7: 20/1641 Loss: 0.394907
2026-08-19 21:17: Train Epoch 7: 40/1641 Loss: 0.397334
2026-08-19 21:17: Train Epoch 7: 60/1641 Loss: 0.400265
2026-08-19 21:17: Train Epoch 7: 80/1641 Loss: 0.384394
2026-08-19 21:17: Train Epoch 7: 100/1641 Loss: 0.376452
2026-08-19 21:17: Train Epoch 7: 120/1641 Loss: 0.404812
2026-08-19 21:17: Train Epoch 7: 140/1641 Loss: 0.399997
2026-08-19 21:17: Train Epoch 7: 160/1641 Loss: 0.367421
2026-08-19 21:17: Train Epoch 7: 180/1641 Loss: 0.411397
2026-08-19 21:17: Train Epoch 7: 200/1641 Loss: 0.416257
2026-08-19 21:17: Train Epoch 7: 220/1641 Loss: 0.383645
2026-08-19 21:17: Train Epoch 7: 240/1641 Loss: 0.416899
2026-08-19 21:17: Train Epoch 7: 260/1641 Loss: 0.418733
2026-08-19 21:17: Train Epoch 7: 280/1641 Loss: 0.402730
2026-08-19 21:17: Train Epoch 7: 300/1641 Loss: 0.404149
2026-08-19 21:17: Train Epoch 7: 320/1641 Loss: 0.416547
2026-08-19 21:18: Train Epoch 7: 340/1641 Loss: 0.409481
2026-08-19 21:18: Train Epoch 7: 360/1641 Loss: 0.405524
2026-08-19 21:18: Train Epoch 7: 380/1641 Loss: 0.420672
2026-08-19 21:18: Train Epoch 7: 400/1641 Loss: 0.393343
2026-08-19 21:18: Train Epoch 7: 420/1641 Loss: 0.417817
2026-08-19 21:18: Train Epoch 7: 440/1641 Loss: 0.408472
2026-08-19 21:18: Train Epoch 7: 460/1641 Loss: 0.407298
2026-08-19 21:18: Train Epoch 7: 480/1641 Loss: 0.383810
2026-08-19 21:18: Train Epoch 7: 500/1641 Loss: 0.390012
2026-08-19 21:18: Train Epoch 7: 520/1641 Loss: 0.426660
2026-08-19 21:18: Train Epoch 7: 540/1641 Loss: 0.400447
2026-08-19 21:18: Train Epoch 7: 560/1641 Loss: 0.388940
2026-08-19 21:18: Train Epoch 7: 580/1641 Loss: 0.387542
2026-08-19 21:18: Train Epoch 7: 600/1641 Loss: 0.412942
2026-08-19 21:18: Train Epoch 7: 620/1641 Loss: 0.386008
2026-08-19 21:18: Train Epoch 7: 640/1641 Loss: 0.384494
2026-08-19 21:18: Train Epoch 7: 660/1641 Loss: 0.389084
2026-08-19 21:18: Train Epoch 7: 680/1641 Loss: 0.394875
2026-08-19 21:18: Train Epoch 7: 700/1641 Loss: 0.412898
2026-08-19 21:18: Train Epoch 7: 720/1641 Loss: 0.402835
2026-08-19 21:18: Train Epoch 7: 740/1641 Loss: 0.425719
2026-08-19 21:18: Train Epoch 7: 760/1641 Loss: 0.413858
2026-08-19 21:19: Train Epoch 7: 780/1641 Loss: 0.400079
2026-08-19 21:19: Train Epoch 7: 800/1641 Loss: 0.379955
2026-08-19 21:19: Train Epoch 7: 820/1641 Loss: 0.392309
2026-08-19 21:19: Train Epoch 7: 840/1641 Loss: 0.405611
2026-08-19 21:19: Train Epoch 7: 860/1641 Loss: 0.415033
2026-08-19 21:19: Train Epoch 7: 880/1641 Loss: 0.391065
2026-08-19 21:19: Train Epoch 7: 900/1641 Loss: 0.404889
2026-08-19 21:19: Train Epoch 7: 920/1641 Loss: 0.418254
2026-08-19 21:19: Train Epoch 7: 940/1641 Loss: 0.434195
2026-08-19 21:19: Train Epoch 7: 960/1641 Loss: 0.429096
2026-08-19 21:19: Train Epoch 7: 980/1641 Loss: 0.396692
2026-08-19 21:19: Train Epoch 7: 1000/1641 Loss: 0.395073
2026-08-19 21:19: Train Epoch 7: 1020/1641 Loss: 0.438352
2026-08-19 21:19: Train Epoch 7: 1040/1641 Loss: 0.411027
2026-08-19 21:19: Train Epoch 7: 1060/1641 Loss: 0.425745
2026-08-19 21:19: Train Epoch 7: 1080/1641 Loss: 0.406981
2026-08-19 21:19: Train Epoch 7: 1100/1641 Loss: 0.397446
2026-08-19 21:19: Train Epoch 7: 1120/1641 Loss: 0.394427
2026-08-19 21:19: Train Epoch 7: 1140/1641 Loss: 0.389388
2026-08-19 21:19: Train Epoch 7: 1160/1641 Loss: 0.365028
2026-08-19 21:19: Train Epoch 7: 1180/1641 Loss: 0.406826
2026-08-19 21:19: Train Epoch 7: 1200/1641 Loss: 0.398426
2026-08-19 21:20: Train Epoch 7: 1220/1641 Loss: 0.378151
2026-08-19 21:20: Train Epoch 7: 1240/1641 Loss: 0.394307
2026-08-19 21:20: Train Epoch 7: 1260/1641 Loss: 0.405604
2026-08-19 21:20: Train Epoch 7: 1280/1641 Loss: 0.392222
2026-08-19 21:20: Train Epoch 7: 1300/1641 Loss: 0.420931
2026-08-19 21:20: Train Epoch 7: 1320/1641 Loss: 0.405651
2026-08-19 21:20: Train Epoch 7: 1340/1641 Loss: 0.386659
2026-08-19 21:20: Train Epoch 7: 1360/1641 Loss: 0.378432
2026-08-19 21:20: Train Epoch 7: 1380/1641 Loss: 0.426255
2026-08-19 21:20: Train Epoch 7: 1400/1641 Loss: 0.397730
2026-08-19 21:20: Train Epoch 7: 1420/1641 Loss: 0.376542
2026-08-19 21:20: Train Epoch 7: 1440/1641 Loss: 0.394421
2026-08-19 21:20: Train Epoch 7: 1460/1641 Loss: 0.379045
2026-08-19 21:20: Train Epoch 7: 1480/1641 Loss: 0.398081
2026-08-19 21:20: Train Epoch 7: 1500/1641 Loss: 0.390048
2026-08-19 21:20: Train Epoch 7: 1520/1641 Loss: 0.403214
2026-08-19 21:20: Train Epoch 7: 1540/1641 Loss: 0.449326
2026-08-19 21:20: Train Epoch 7: 1560/1641 Loss: 0.399070
2026-08-19 21:20: Train Epoch 7: 1580/1641 Loss: 0.404942
2026-08-19 21:20: Train Epoch 7: 1600/1641 Loss: 0.392813
2026-08-19 21:20: Train Epoch 7: 1620/1641 Loss: 0.406547
2026-08-19 21:20: Train Epoch 7: 1640/1641 Loss: 0.410516
2026-08-19 21:20: **********Train Epoch 7: averaged Loss: 0.403808, tf_ratio: 0.865052
2026-08-19 21:21: **********Val Epoch 7: average Loss: 0.401838
2026-08-19 21:21: *********************************Current best model saved!
2026-08-19 21:21: Train Epoch 8: 0/1641 Loss: 0.398148
2026-08-19 21:21: Train Epoch 8: 20/1641 Loss: 0.430990
2026-08-19 21:21: Train Epoch 8: 40/1641 Loss: 0.378134
2026-08-19 21:21: Train Epoch 8: 60/1641 Loss: 0.431924
2026-08-19 21:21: Train Epoch 8: 80/1641 Loss: 0.404537
2026-08-19 21:21: Train Epoch 8: 100/1641 Loss: 0.379080
2026-08-19 21:21: Train Epoch 8: 120/1641 Loss: 0.415082
2026-08-19 21:21: Train Epoch 8: 140/1641 Loss: 0.406295
2026-08-19 21:21: Train Epoch 8: 160/1641 Loss: 0.451375
2026-08-19 21:21: Train Epoch 8: 180/1641 Loss: 0.367241
2026-08-19 21:21: Train Epoch 8: 200/1641 Loss: 0.408211
2026-08-19 21:21: Train Epoch 8: 220/1641 Loss: 0.431769
2026-08-19 21:21: Train Epoch 8: 240/1641 Loss: 0.389369
2026-08-19 21:21: Train Epoch 8: 260/1641 Loss: 0.377167
2026-08-19 21:21: Train Epoch 8: 280/1641 Loss: 0.411506
2026-08-19 21:22: Train Epoch 8: 300/1641 Loss: 0.423865
2026-08-19 21:22: Train Epoch 8: 320/1641 Loss: 0.400536
2026-08-19 21:22: Train Epoch 8: 340/1641 Loss: 0.389126
2026-08-19 21:22: Train Epoch 8: 360/1641 Loss: 0.386561
2026-08-19 21:22: Train Epoch 8: 380/1641 Loss: 0.390528
2026-08-19 21:22: Train Epoch 8: 400/1641 Loss: 0.388907
2026-08-19 21:22: Train Epoch 8: 420/1641 Loss: 0.396950
2026-08-19 21:22: Train Epoch 8: 440/1641 Loss: 0.425785
2026-08-19 21:22: Train Epoch 8: 460/1641 Loss: 0.382862
2026-08-19 21:22: Train Epoch 8: 480/1641 Loss: 0.390438
2026-08-19 21:22: Train Epoch 8: 500/1641 Loss: 0.359918
2026-08-19 21:22: Train Epoch 8: 520/1641 Loss: 0.412330
2026-08-19 21:22: Train Epoch 8: 540/1641 Loss: 0.386236
2026-08-19 21:22: Train Epoch 8: 560/1641 Loss: 0.412837
2026-08-19 21:22: Train Epoch 8: 580/1641 Loss: 0.362962
2026-08-19 21:22: Train Epoch 8: 600/1641 Loss: 0.380949
2026-08-19 21:22: Train Epoch 8: 620/1641 Loss: 0.396445
2026-08-19 21:22: Train Epoch 8: 640/1641 Loss: 0.397312
2026-08-19 21:22: Train Epoch 8: 660/1641 Loss: 0.369238
2026-08-19 21:22: Train Epoch 8: 680/1641 Loss: 0.387694
2026-08-19 21:22: Train Epoch 8: 700/1641 Loss: 0.402615
2026-08-19 21:22: Train Epoch 8: 720/1641 Loss: 0.381690
2026-08-19 21:23: Train Epoch 8: 740/1641 Loss: 0.389393
2026-08-19 21:23: Train Epoch 8: 760/1641 Loss: 0.407451
2026-08-19 21:23: Train Epoch 8: 780/1641 Loss: 0.382072
2026-08-19 21:23: Train Epoch 8: 800/1641 Loss: 0.422949
2026-08-19 21:23: Train Epoch 8: 820/1641 Loss: 0.410718
2026-08-19 21:23: Train Epoch 8: 840/1641 Loss: 0.409060
2026-08-19 21:23: Train Epoch 8: 860/1641 Loss: 0.396034
2026-08-19 21:23: Train Epoch 8: 880/1641 Loss: 0.377240
2026-08-19 21:23: Train Epoch 8: 900/1641 Loss: 0.388797
2026-08-19 21:23: Train Epoch 8: 920/1641 Loss: 0.400845
2026-08-19 21:23: Train Epoch 8: 940/1641 Loss: 0.408348
2026-08-19 21:23: Train Epoch 8: 960/1641 Loss: 0.388352
2026-08-19 21:23: Train Epoch 8: 980/1641 Loss: 0.394418
2026-08-19 21:23: Train Epoch 8: 1000/1641 Loss: 0.383416
2026-08-19 21:23: Train Epoch 8: 1020/1641 Loss: 0.395699
2026-08-19 21:23: Train Epoch 8: 1040/1641 Loss: 0.430114
2026-08-19 21:23: Train Epoch 8: 1060/1641 Loss: 0.390287
2026-08-19 21:23: Train Epoch 8: 1080/1641 Loss: 0.403878
2026-08-19 21:23: Train Epoch 8: 1100/1641 Loss: 0.399500
2026-08-19 21:23: Train Epoch 8: 1120/1641 Loss: 0.414901
2026-08-19 21:23: Train Epoch 8: 1140/1641 Loss: 0.366838
2026-08-19 21:23: Train Epoch 8: 1160/1641 Loss: 0.377120
2026-08-19 21:24: Train Epoch 8: 1180/1641 Loss: 0.393945
2026-08-19 21:24: Train Epoch 8: 1200/1641 Loss: 0.383524
2026-08-19 21:24: Train Epoch 8: 1220/1641 Loss: 0.406737
2026-08-19 21:24: Train Epoch 8: 1240/1641 Loss: 0.394487
2026-08-19 21:24: Train Epoch 8: 1260/1641 Loss: 0.403081
2026-08-19 21:24: Train Epoch 8: 1280/1641 Loss: 0.416573
2026-08-19 21:24: Train Epoch 8: 1300/1641 Loss: 0.380902
2026-08-19 21:24: Train Epoch 8: 1320/1641 Loss: 0.382589
2026-08-19 21:24: Train Epoch 8: 1340/1641 Loss: 0.383558
2026-08-19 21:24: Train Epoch 8: 1360/1641 Loss: 0.406002
2026-08-19 21:24: Train Epoch 8: 1380/1641 Loss: 0.400348
2026-08-19 21:24: Train Epoch 8: 1400/1641 Loss: 0.390596
2026-08-19 21:24: Train Epoch 8: 1420/1641 Loss: 0.371144
2026-08-19 21:24: Train Epoch 8: 1440/1641 Loss: 0.386837
2026-08-19 21:24: Train Epoch 8: 1460/1641 Loss: 0.382525
2026-08-19 21:24: Train Epoch 8: 1480/1641 Loss: 0.405737
2026-08-19 21:24: Train Epoch 8: 1500/1641 Loss: 0.399127
2026-08-19 21:24: Train Epoch 8: 1520/1641 Loss: 0.377680
2026-08-19 21:24: Train Epoch 8: 1540/1641 Loss: 0.360097
2026-08-19 21:24: Train Epoch 8: 1560/1641 Loss: 0.387522
2026-08-19 21:24: Train Epoch 8: 1580/1641 Loss: 0.420894
2026-08-19 21:24: Train Epoch 8: 1600/1641 Loss: 0.393598
2026-08-19 21:25: Train Epoch 8: 1620/1641 Loss: 0.399223
2026-08-19 21:25: Train Epoch 8: 1640/1641 Loss: 0.381837
2026-08-19 21:25: **********Train Epoch 8: averaged Loss: 0.397121, tf_ratio: 0.738348
2026-08-19 21:25: **********Val Epoch 8: average Loss: 0.401637
2026-08-19 21:25: *********************************Current best model saved!
2026-08-19 21:25: Train Epoch 9: 0/1641 Loss: 0.382391
2026-08-19 21:25: Train Epoch 9: 20/1641 Loss: 0.379059
2026-08-19 21:25: Train Epoch 9: 40/1641 Loss: 0.414216
2026-08-19 21:25: Train Epoch 9: 60/1641 Loss: 0.366048
2026-08-19 21:25: Train Epoch 9: 80/1641 Loss: 0.419122
2026-08-19 21:25: Train Epoch 9: 100/1641 Loss: 0.400862
2026-08-19 21:25: Train Epoch 9: 120/1641 Loss: 0.388924
2026-08-19 21:25: Train Epoch 9: 140/1641 Loss: 0.390344
2026-08-19 21:25: Train Epoch 9: 160/1641 Loss: 0.410844
2026-08-19 21:25: Train Epoch 9: 180/1641 Loss: 0.376076
2026-08-19 21:25: Train Epoch 9: 200/1641 Loss: 0.403713
2026-08-19 21:25: Train Epoch 9: 220/1641 Loss: 0.409404
2026-08-19 21:25: Train Epoch 9: 240/1641 Loss: 0.388219
2026-08-19 21:25: Train Epoch 9: 260/1641 Loss: 0.360284
2026-08-19 21:26: Train Epoch 9: 280/1641 Loss: 0.395258
2026-08-19 21:26: Train Epoch 9: 300/1641 Loss: 0.406486
2026-08-19 21:26: Train Epoch 9: 320/1641 Loss: 0.398059
2026-08-19 21:26: Train Epoch 9: 340/1641 Loss: 0.387389
2026-08-19 21:26: Train Epoch 9: 360/1641 Loss: 0.391456
2026-08-19 21:26: Train Epoch 9: 380/1641 Loss: 0.374896
2026-08-19 21:26: Train Epoch 9: 400/1641 Loss: 0.387880
2026-08-19 21:26: Train Epoch 9: 420/1641 Loss: 0.397624
2026-08-19 21:26: Train Epoch 9: 440/1641 Loss: 0.376530
2026-08-19 21:26: Train Epoch 9: 460/1641 Loss: 0.400898
2026-08-19 21:26: Train Epoch 9: 480/1641 Loss: 0.388919
2026-08-19 21:26: Train Epoch 9: 500/1641 Loss: 0.404181
2026-08-19 21:26: Train Epoch 9: 520/1641 Loss: 0.407038
2026-08-19 21:26: Train Epoch 9: 540/1641 Loss: 0.415677
2026-08-19 21:26: Train Epoch 9: 560/1641 Loss: 0.394774
2026-08-19 21:26: Train Epoch 9: 580/1641 Loss: 0.388967
2026-08-19 21:26: Train Epoch 9: 600/1641 Loss: 0.425336
2026-08-19 21:26: Train Epoch 9: 620/1641 Loss: 0.402736
2026-08-19 21:26: Train Epoch 9: 640/1641 Loss: 0.400903
2026-08-19 21:26: Train Epoch 9: 660/1641 Loss: 0.413645
2026-08-19 21:26: Train Epoch 9: 680/1641 Loss: 0.372056
2026-08-19 21:26: Train Epoch 9: 700/1641 Loss: 0.387665
2026-08-19 21:27: Train Epoch 9: 720/1641 Loss: 0.405165
2026-08-19 21:27: Train Epoch 9: 740/1641 Loss: 0.391284
2026-08-19 21:27: Train Epoch 9: 760/1641 Loss: 0.384066
2026-08-19 21:27: Train Epoch 9: 780/1641 Loss: 0.392835
2026-08-19 21:27: Train Epoch 9: 800/1641 Loss: 0.390358
2026-08-19 21:27: Train Epoch 9: 820/1641 Loss: 0.396704
2026-08-19 21:27: Train Epoch 9: 840/1641 Loss: 0.392738
2026-08-19 21:27: Train Epoch 9: 860/1641 Loss: 0.354828
2026-08-19 21:27: Train Epoch 9: 880/1641 Loss: 0.383360
2026-08-19 21:27: Train Epoch 9: 900/1641 Loss: 0.393040
2026-08-19 21:27: Train Epoch 9: 920/1641 Loss: 0.378315
2026-08-19 21:27: Train Epoch 9: 940/1641 Loss: 0.387984
2026-08-19 21:27: Train Epoch 9: 960/1641 Loss: 0.389686
2026-08-19 21:27: Train Epoch 9: 980/1641 Loss: 0.392104
2026-08-19 21:27: Train Epoch 9: 1000/1641 Loss: 0.390711
2026-08-19 21:27: Train Epoch 9: 1020/1641 Loss: 0.368578
2026-08-19 21:27: Train Epoch 9: 1040/1641 Loss: 0.364719
2026-08-19 21:27: Train Epoch 9: 1060/1641 Loss: 0.389317
2026-08-19 21:27: Train Epoch 9: 1080/1641 Loss: 0.390718
2026-08-19 21:27: Train Epoch 9: 1100/1641 Loss: 0.386523
2026-08-19 21:27: Train Epoch 9: 1120/1641 Loss: 0.408161
2026-08-19 21:28: Train Epoch 9: 1140/1641 Loss: 0.369362
2026-08-19 21:28: Train Epoch 9: 1160/1641 Loss: 0.417297
2026-08-19 21:28: Train Epoch 9: 1180/1641 Loss: 0.398798
2026-08-19 21:28: Train Epoch 9: 1200/1641 Loss: 0.409890
2026-08-19 21:28: Train Epoch 9: 1220/1641 Loss: 0.378828
2026-08-19 21:28: Train Epoch 9: 1240/1641 Loss: 0.375347
2026-08-19 21:28: Train Epoch 9: 1260/1641 Loss: 0.399641
2026-08-19 21:28: Train Epoch 9: 1280/1641 Loss: 0.367367
2026-08-19 21:28: Train Epoch 9: 1300/1641 Loss: 0.377711
2026-08-19 21:28: Train Epoch 9: 1320/1641 Loss: 0.377845
2026-08-19 21:28: Train Epoch 9: 1340/1641 Loss: 0.372524
2026-08-19 21:28: Train Epoch 9: 1360/1641 Loss: 0.368222
2026-08-19 21:28: Train Epoch 9: 1380/1641 Loss: 0.377002
2026-08-19 21:28: Train Epoch 9: 1400/1641 Loss: 0.383905
2026-08-19 21:28: Train Epoch 9: 1420/1641 Loss: 0.406281
2026-08-19 21:28: Train Epoch 9: 1440/1641 Loss: 0.385947
2026-08-19 21:28: Train Epoch 9: 1460/1641 Loss: 0.410837
2026-08-19 21:28: Train Epoch 9: 1480/1641 Loss: 0.347112
2026-08-19 21:28: Train Epoch 9: 1500/1641 Loss: 0.389788
2026-08-19 21:28: Train Epoch 9: 1520/1641 Loss: 0.386206
2026-08-19 21:28: Train Epoch 9: 1540/1641 Loss: 0.379567
2026-08-19 21:28: Train Epoch 9: 1560/1641 Loss: 0.389211
2026-08-19 21:28: Train Epoch 9: 1580/1641 Loss: 0.396992
2026-08-19 21:29: Train Epoch 9: 1600/1641 Loss: 0.360837
2026-08-19 21:29: Train Epoch 9: 1620/1641 Loss: 0.375064
2026-08-19 21:29: Train Epoch 9: 1640/1641 Loss: 0.388107
2026-08-19 21:29: **********Train Epoch 9: averaged Loss: 0.390528, tf_ratio: 0.554014
2026-08-19 21:29: **********Val Epoch 9: average Loss: 0.405384
2026-08-19 21:29: Train Epoch 10: 0/1641 Loss: 0.414900
2026-08-19 21:29: Train Epoch 10: 20/1641 Loss: 0.409548
2026-08-19 21:29: Train Epoch 10: 40/1641 Loss: 0.375082
2026-08-19 21:29: Train Epoch 10: 60/1641 Loss: 0.372373
2026-08-19 21:29: Train Epoch 10: 80/1641 Loss: 0.391127
2026-08-19 21:29: Train Epoch 10: 100/1641 Loss: 0.382517
2026-08-19 21:29: Train Epoch 10: 120/1641 Loss: 0.385451
2026-08-19 21:29: Train Epoch 10: 140/1641 Loss: 0.390493
2026-08-19 21:29: Train Epoch 10: 160/1641 Loss: 0.368344
2026-08-19 21:29: Train Epoch 10: 180/1641 Loss: 0.382241
2026-08-19 21:29: Train Epoch 10: 200/1641 Loss: 0.410191
2026-08-19 21:29: Train Epoch 10: 220/1641 Loss: 0.401224
2026-08-19 21:30: Train Epoch 10: 240/1641 Loss: 0.359297
2026-08-19 21:30: Train Epoch 10: 260/1641 Loss: 0.375122
2026-08-19 21:30: Train Epoch 10: 280/1641 Loss: 0.397775
2026-08-19 21:30: Train Epoch 10: 300/1641 Loss: 0.402691
2026-08-19 21:30: Train Epoch 10: 320/1641 Loss: 0.373461
2026-08-19 21:30: Train Epoch 10: 340/1641 Loss: 0.401617
2026-08-19 21:30: Train Epoch 10: 360/1641 Loss: 0.409200
2026-08-19 21:30: Train Epoch 10: 380/1641 Loss: 0.368221
2026-08-19 21:30: Train Epoch 10: 400/1641 Loss: 0.412479
2026-08-19 21:30: Train Epoch 10: 420/1641 Loss: 0.393598
2026-08-19 21:30: Train Epoch 10: 440/1641 Loss: 0.390300
2026-08-19 21:30: Train Epoch 10: 460/1641 Loss: 0.381786
2026-08-19 21:30: Train Epoch 10: 480/1641 Loss: 0.414032
2026-08-19 21:30: Train Epoch 10: 500/1641 Loss: 0.373420
2026-08-19 21:30: Train Epoch 10: 520/1641 Loss: 0.372263
2026-08-19 21:30: Train Epoch 10: 540/1641 Loss: 0.369185
2026-08-19 21:30: Train Epoch 10: 560/1641 Loss: 0.397198
2026-08-19 21:30: Train Epoch 10: 580/1641 Loss: 0.403754
2026-08-19 21:30: Train Epoch 10: 600/1641 Loss: 0.384105
2026-08-19 21:30: Train Epoch 10: 620/1641 Loss: 0.361962
2026-08-19 21:30: Train Epoch 10: 640/1641 Loss: 0.399124
2026-08-19 21:30: Train Epoch 10: 660/1641 Loss: 0.392376
2026-08-19 21:31: Train Epoch 10: 680/1641 Loss: 0.384185
2026-08-19 21:31: Train Epoch 10: 700/1641 Loss: 0.373731
2026-08-19 21:31: Train Epoch 10: 720/1641 Loss: 0.380984
2026-08-19 21:31: Train Epoch 10: 740/1641 Loss: 0.396733
2026-08-19 21:31: Train Epoch 10: 760/1641 Loss: 0.363176
2026-08-19 21:31: Train Epoch 10: 780/1641 Loss: 0.383057
2026-08-19 21:31: Train Epoch 10: 800/1641 Loss: 0.388862
2026-08-19 21:31: Train Epoch 10: 820/1641 Loss: 0.375948
2026-08-19 21:31: Train Epoch 10: 840/1641 Loss: 0.391654
2026-08-19 21:31: Train Epoch 10: 860/1641 Loss: 0.399367
2026-08-19 21:31: Train Epoch 10: 880/1641 Loss: 0.365632
2026-08-19 21:31: Train Epoch 10: 900/1641 Loss: 0.408975
2026-08-19 21:31: Train Epoch 10: 920/1641 Loss: 0.348236
2026-08-19 21:31: Train Epoch 10: 940/1641 Loss: 0.400609
2026-08-19 21:31: Train Epoch 10: 960/1641 Loss: 0.371123
2026-08-19 21:31: Train Epoch 10: 980/1641 Loss: 0.386612
2026-08-19 21:31: Train Epoch 10: 1000/1641 Loss: 0.392092
2026-08-19 21:31: Train Epoch 10: 1020/1641 Loss: 0.372843
2026-08-19 21:31: Train Epoch 10: 1040/1641 Loss: 0.376000
2026-08-19 21:31: Train Epoch 10: 1060/1641 Loss: 0.365095
2026-08-19 21:31: Train Epoch 10: 1080/1641 Loss: 0.351630
2026-08-19 21:31: Train Epoch 10: 1100/1641 Loss: 0.386018
2026-08-19 21:32: Train Epoch 10: 1120/1641 Loss: 0.382299
2026-08-19 21:32: Train Epoch 10: 1140/1641 Loss: 0.377633
2026-08-19 21:32: Train Epoch 10: 1160/1641 Loss: 0.358435
2026-08-19 21:32: Train Epoch 10: 1180/1641 Loss: 0.387283
2026-08-19 21:32: Train Epoch 10: 1200/1641 Loss: 0.380521
2026-08-19 21:32: Train Epoch 10: 1220/1641 Loss: 0.383165
2026-08-19 21:32: Train Epoch 10: 1240/1641 Loss: 0.368038
2026-08-19 21:32: Train Epoch 10: 1260/1641 Loss: 0.394643
2026-08-19 21:32: Train Epoch 10: 1280/1641 Loss: 0.393396
2026-08-19 21:32: Train Epoch 10: 1300/1641 Loss: 0.391762
2026-08-19 21:32: Train Epoch 10: 1320/1641 Loss: 0.405064
2026-08-19 21:32: Train Epoch 10: 1340/1641 Loss: 0.390963
2026-08-19 21:32: Train Epoch 10: 1360/1641 Loss: 0.379943
2026-08-19 21:32: Train Epoch 10: 1380/1641 Loss: 0.389859
2026-08-19 21:32: Train Epoch 10: 1400/1641 Loss: 0.365390
2026-08-19 21:32: Train Epoch 10: 1420/1641 Loss: 0.355873
2026-08-19 21:32: Train Epoch 10: 1440/1641 Loss: 0.355052
2026-08-19 21:32: Train Epoch 10: 1460/1641 Loss: 0.381783
2026-08-19 21:32: Train Epoch 10: 1480/1641 Loss: 0.372140
2026-08-19 21:32: Train Epoch 10: 1500/1641 Loss: 0.388153
2026-08-19 21:32: Train Epoch 10: 1520/1641 Loss: 0.383251
2026-08-19 21:32: Train Epoch 10: 1540/1641 Loss: 0.364674
2026-08-19 21:32: Train Epoch 10: 1560/1641 Loss: 0.374187
2026-08-19 21:33: Train Epoch 10: 1580/1641 Loss: 0.379031
2026-08-19 21:33: Train Epoch 10: 1600/1641 Loss: 0.375201
2026-08-19 21:33: Train Epoch 10: 1620/1641 Loss: 0.403389
2026-08-19 21:33: Train Epoch 10: 1640/1641 Loss: 0.390838
2026-08-19 21:33: **********Train Epoch 10: averaged Loss: 0.383561, tf_ratio: 0.353521
2026-08-19 21:33: **********Val Epoch 10: average Loss: 0.407384
2026-08-19 21:33: Train Epoch 11: 0/1641 Loss: 0.396969
2026-08-19 21:33: Train Epoch 11: 20/1641 Loss: 0.406840
2026-08-19 21:33: Train Epoch 11: 40/1641 Loss: 0.373634
2026-08-19 21:33: Train Epoch 11: 60/1641 Loss: 0.398392
2026-08-19 21:33: Train Epoch 11: 80/1641 Loss: 0.373465
2026-08-19 21:33: Train Epoch 11: 100/1641 Loss: 0.349661
2026-08-19 21:33: Train Epoch 11: 120/1641 Loss: 0.382801
2026-08-19 21:33: Train Epoch 11: 140/1641 Loss: 0.364696
2026-08-19 21:33: Train Epoch 11: 160/1641 Loss: 0.371211
2026-08-19 21:33: Train Epoch 11: 180/1641 Loss: 0.372516
2026-08-19 21:33: Train Epoch 11: 200/1641 Loss: 0.378647
2026-08-19 21:34: Train Epoch 11: 220/1641 Loss: 0.374984
2026-08-19 21:34: Train Epoch 11: 240/1641 Loss: 0.379569
2026-08-19 21:34: Train Epoch 11: 260/1641 Loss: 0.373182
2026-08-19 21:34: Train Epoch 11: 280/1641 Loss: 0.378069
2026-08-19 21:34: Train Epoch 11: 300/1641 Loss: 0.397977
2026-08-19 21:34: Train Epoch 11: 320/1641 Loss: 0.371298
2026-08-19 21:34: Train Epoch 11: 340/1641 Loss: 0.397768
2026-08-19 21:34: Train Epoch 11: 360/1641 Loss: 0.390584
2026-08-19 21:34: Train Epoch 11: 380/1641 Loss: 0.356374
2026-08-19 21:34: Train Epoch 11: 400/1641 Loss: 0.388376
2026-08-19 21:34: Train Epoch 11: 420/1641 Loss: 0.394277
2026-08-19 21:34: Train Epoch 11: 440/1641 Loss: 0.387981
2026-08-19 21:34: Train Epoch 11: 460/1641 Loss: 0.372263
2026-08-19 21:34: Train Epoch 11: 480/1641 Loss: 0.371403
2026-08-19 21:34: Train Epoch 11: 500/1641 Loss: 0.369011
2026-08-19 21:34: Train Epoch 11: 520/1641 Loss: 0.360866
2026-08-19 21:34: Train Epoch 11: 540/1641 Loss: 0.379888
2026-08-19 21:34: Train Epoch 11: 560/1641 Loss: 0.359293
2026-08-19 21:34: Train Epoch 11: 580/1641 Loss: 0.377805
2026-08-19 21:34: Train Epoch 11: 600/1641 Loss: 0.368457
2026-08-19 21:34: Train Epoch 11: 620/1641 Loss: 0.359834
2026-08-19 21:34: Train Epoch 11: 640/1641 Loss: 0.393362
2026-08-19 21:35: Train Epoch 11: 660/1641 Loss: 0.361581
2026-08-19 21:35: Train Epoch 11: 680/1641 Loss: 0.405522
2026-08-19 21:35: Train Epoch 11: 700/1641 Loss: 0.361891
2026-08-19 21:35: Train Epoch 11: 720/1641 Loss: 0.359020
2026-08-19 21:35: Train Epoch 11: 740/1641 Loss: 0.386077
2026-08-19 21:35: Train Epoch 11: 760/1641 Loss: 0.387765
2026-08-19 21:35: Train Epoch 11: 780/1641 Loss: 0.366157
2026-08-19 21:35: Train Epoch 11: 800/1641 Loss: 0.385961
2026-08-19 21:35: Train Epoch 11: 820/1641 Loss: 0.390386
2026-08-19 21:35: Train Epoch 11: 840/1641 Loss: 0.385696
2026-08-19 21:35: Train Epoch 11: 860/1641 Loss: 0.384058
2026-08-19 21:35: Train Epoch 11: 880/1641 Loss: 0.362757
2026-08-19 21:35: Train Epoch 11: 900/1641 Loss: 0.393323
2026-08-19 21:35: Train Epoch 11: 920/1641 Loss: 0.380629
2026-08-19 21:35: Train Epoch 11: 940/1641 Loss: 0.387009
2026-08-19 21:35: Train Epoch 11: 960/1641 Loss: 0.365391
2026-08-19 21:35: Train Epoch 11: 980/1641 Loss: 0.373602
2026-08-19 21:35: Train Epoch 11: 1000/1641 Loss: 0.380097
2026-08-19 21:35: Train Epoch 11: 1020/1641 Loss: 0.385441
2026-08-19 21:35: Train Epoch 11: 1040/1641 Loss: 0.369659
2026-08-19 21:35: Train Epoch 11: 1060/1641 Loss: 0.379429
2026-08-19 21:35: Train Epoch 11: 1080/1641 Loss: 0.381728
2026-08-19 21:36: Train Epoch 11: 1100/1641 Loss: 0.370536
2026-08-19 21:36: Train Epoch 11: 1120/1641 Loss: 0.371255
2026-08-19 21:36: Train Epoch 11: 1140/1641 Loss: 0.402367
2026-08-19 21:36: Train Epoch 11: 1160/1641 Loss: 0.351140
2026-08-19 21:36: Train Epoch 11: 1180/1641 Loss: 0.357678
2026-08-19 21:36: Train Epoch 11: 1200/1641 Loss: 0.352486
2026-08-19 21:36: Train Epoch 11: 1220/1641 Loss: 0.369874
2026-08-19 21:36: Train Epoch 11: 1240/1641 Loss: 0.360768
2026-08-19 21:36: Train Epoch 11: 1260/1641 Loss: 0.373457
2026-08-19 21:36: Train Epoch 11: 1280/1641 Loss: 0.381313
2026-08-19 21:36: Train Epoch 11: 1300/1641 Loss: 0.401241
2026-08-19 21:36: Train Epoch 11: 1320/1641 Loss: 0.388679
2026-08-19 21:36: Train Epoch 11: 1340/1641 Loss: 0.368779
2026-08-19 21:36: Train Epoch 11: 1360/1641 Loss: 0.367510
2026-08-19 21:36: Train Epoch 11: 1380/1641 Loss: 0.393978
2026-08-19 21:36: Train Epoch 11: 1400/1641 Loss: 0.381199
2026-08-19 21:36: Train Epoch 11: 1420/1641 Loss: 0.364391
2026-08-19 21:36: Train Epoch 11: 1440/1641 Loss: 0.364753
2026-08-19 21:36: Train Epoch 11: 1460/1641 Loss: 0.379962
2026-08-19 21:36: Train Epoch 11: 1480/1641 Loss: 0.364481
2026-08-19 21:36: Train Epoch 11: 1500/1641 Loss: 0.397769
2026-08-19 21:36: Train Epoch 11: 1520/1641 Loss: 0.373276
2026-08-19 21:37: Train Epoch 11: 1540/1641 Loss: 0.381281
2026-08-19 21:37: Train Epoch 11: 1560/1641 Loss: 0.370777
2026-08-19 21:37: Train Epoch 11: 1580/1641 Loss: 0.383815
2026-08-19 21:37: Train Epoch 11: 1600/1641 Loss: 0.359669
2026-08-19 21:37: Train Epoch 11: 1620/1641 Loss: 0.371196
2026-08-19 21:37: Train Epoch 11: 1640/1641 Loss: 0.392972
2026-08-19 21:37: **********Train Epoch 11: averaged Loss: 0.376771, tf_ratio: 0.194020
2026-08-19 21:37: **********Val Epoch 11: average Loss: 0.409137
2026-08-19 21:37: Train Epoch 12: 0/1641 Loss: 0.374078
2026-08-19 21:37: Train Epoch 12: 20/1641 Loss: 0.366980
2026-08-19 21:37: Train Epoch 12: 40/1641 Loss: 0.382415
2026-08-19 21:37: Train Epoch 12: 60/1641 Loss: 0.390711
2026-08-19 21:37: Train Epoch 12: 80/1641 Loss: 0.359905
2026-08-19 21:37: Train Epoch 12: 100/1641 Loss: 0.357764
2026-08-19 21:37: Train Epoch 12: 120/1641 Loss: 0.361632
2026-08-19 21:37: Train Epoch 12: 140/1641 Loss: 0.373763
2026-08-19 21:37: Train Epoch 12: 160/1641 Loss: 0.388400
2026-08-19 21:38: Train Epoch 12: 180/1641 Loss: 0.387779
2026-08-19 21:38: Train Epoch 12: 200/1641 Loss: 0.365517
2026-08-19 21:38: Train Epoch 12: 220/1641 Loss: 0.373185
2026-08-19 21:38: Train Epoch 12: 240/1641 Loss: 0.368850
2026-08-19 21:38: Train Epoch 12: 260/1641 Loss: 0.378415
2026-08-19 21:38: Train Epoch 12: 280/1641 Loss: 0.383975
2026-08-19 21:38: Train Epoch 12: 300/1641 Loss: 0.352542
2026-08-19 21:38: Train Epoch 12: 320/1641 Loss: 0.385068
2026-08-19 21:38: Train Epoch 12: 340/1641 Loss: 0.371737
2026-08-19 21:38: Train Epoch 12: 360/1641 Loss: 0.392230
2026-08-19 21:38: Train Epoch 12: 380/1641 Loss: 0.392242
2026-08-19 21:38: Train Epoch 12: 400/1641 Loss: 0.405555
2026-08-19 21:38: Train Epoch 12: 420/1641 Loss: 0.367751
2026-08-19 21:38: Train Epoch 12: 440/1641 Loss: 0.373687
2026-08-19 21:38: Train Epoch 12: 460/1641 Loss: 0.366303
2026-08-19 21:38: Train Epoch 12: 480/1641 Loss: 0.391506
2026-08-19 21:38: Train Epoch 12: 500/1641 Loss: 0.373697
2026-08-19 21:38: Train Epoch 12: 520/1641 Loss: 0.373362
2026-08-19 21:38: Train Epoch 12: 540/1641 Loss: 0.363415
2026-08-19 21:38: Train Epoch 12: 560/1641 Loss: 0.379807
2026-08-19 21:38: Train Epoch 12: 580/1641 Loss: 0.371215
2026-08-19 21:38: Train Epoch 12: 600/1641 Loss: 0.371729
2026-08-19 21:39: Train Epoch 12: 620/1641 Loss: 0.366790
2026-08-19 21:39: Train Epoch 12: 640/1641 Loss: 0.391217
2026-08-19 21:39: Train Epoch 12: 660/1641 Loss: 0.351676
2026-08-19 21:39: Train Epoch 12: 680/1641 Loss: 0.350450
2026-08-19 21:39: Train Epoch 12: 700/1641 Loss: 0.361305
2026-08-19 21:39: Train Epoch 12: 720/1641 Loss: 0.385277
2026-08-19 21:39: Train Epoch 12: 740/1641 Loss: 0.368866
2026-08-19 21:39: Train Epoch 12: 760/1641 Loss: 0.382562
2026-08-19 21:39: Train Epoch 12: 780/1641 Loss: 0.385365
2026-08-19 21:39: Train Epoch 12: 800/1641 Loss: 0.361475
2026-08-19 21:39: Train Epoch 12: 820/1641 Loss: 0.374755
2026-08-19 21:39: Train Epoch 12: 840/1641 Loss: 0.355975
2026-08-19 21:39: Train Epoch 12: 860/1641 Loss: 0.366888
2026-08-19 21:39: Train Epoch 12: 880/1641 Loss: 0.367677
2026-08-19 21:39: Train Epoch 12: 900/1641 Loss: 0.378731
2026-08-19 21:39: Train Epoch 12: 920/1641 Loss: 0.371326
2026-08-19 21:39: Train Epoch 12: 940/1641 Loss: 0.362770
2026-08-19 21:39: Train Epoch 12: 960/1641 Loss: 0.370365
2026-08-19 21:39: Train Epoch 12: 980/1641 Loss: 0.368527
2026-08-19 21:39: Train Epoch 12: 1000/1641 Loss: 0.374908
2026-08-19 21:39: Train Epoch 12: 1020/1641 Loss: 0.415118
2026-08-19 21:39: Train Epoch 12: 1040/1641 Loss: 0.384919
2026-08-19 21:40: Train Epoch 12: 1060/1641 Loss: 0.360071
2026-08-19 21:40: Train Epoch 12: 1080/1641 Loss: 0.371189
2026-08-19 21:40: Train Epoch 12: 1100/1641 Loss: 0.393888
2026-08-19 21:40: Train Epoch 12: 1120/1641 Loss: 0.375964
2026-08-19 21:40: Train Epoch 12: 1140/1641 Loss: 0.371942
2026-08-19 21:40: Train Epoch 12: 1160/1641 Loss: 0.359582
2026-08-19 21:40: Train Epoch 12: 1180/1641 Loss: 0.363078
2026-08-19 21:40: Train Epoch 12: 1200/1641 Loss: 0.357092
2026-08-19 21:40: Train Epoch 12: 1220/1641 Loss: 0.364699
2026-08-19 21:40: Train Epoch 12: 1240/1641 Loss: 0.386734
2026-08-19 21:40: Train Epoch 12: 1260/1641 Loss: 0.377580
2026-08-19 21:40: Train Epoch 12: 1280/1641 Loss: 0.386646
2026-08-19 21:40: Train Epoch 12: 1300/1641 Loss: 0.375210
2026-08-19 21:40: Train Epoch 12: 1320/1641 Loss: 0.374071
2026-08-19 21:40: Train Epoch 12: 1340/1641 Loss: 0.358441
2026-08-19 21:40: Train Epoch 12: 1360/1641 Loss: 0.373016
2026-08-19 21:40: Train Epoch 12: 1380/1641 Loss: 0.379877
2026-08-19 21:40: Train Epoch 12: 1400/1641 Loss: 0.375412
2026-08-19 21:40: Train Epoch 12: 1420/1641 Loss: 0.357208
2026-08-19 21:40: Train Epoch 12: 1440/1641 Loss: 0.361640
2026-08-19 21:40: Train Epoch 12: 1460/1641 Loss: 0.370079
2026-08-19 21:40: Train Epoch 12: 1480/1641 Loss: 0.381159
2026-08-19 21:40: Train Epoch 12: 1500/1641 Loss: 0.372734
2026-08-19 21:41: Train Epoch 12: 1520/1641 Loss: 0.356528
2026-08-19 21:41: Train Epoch 12: 1540/1641 Loss: 0.356313
2026-08-19 21:41: Train Epoch 12: 1560/1641 Loss: 0.376793
2026-08-19 21:41: Train Epoch 12: 1580/1641 Loss: 0.348342
2026-08-19 21:41: Train Epoch 12: 1600/1641 Loss: 0.378758
2026-08-19 21:41: Train Epoch 12: 1620/1641 Loss: 0.365076
2026-08-19 21:41: Train Epoch 12: 1640/1641 Loss: 0.375598
2026-08-19 21:41: **********Train Epoch 12: averaged Loss: 0.370215, tf_ratio: 0.095816
2026-08-19 21:41: **********Val Epoch 12: average Loss: 0.410302
2026-08-19 21:41: Train Epoch 13: 0/1641 Loss: 0.366890
2026-08-19 21:41: Train Epoch 13: 20/1641 Loss: 0.375081
2026-08-19 21:41: Train Epoch 13: 40/1641 Loss: 0.362373
2026-08-19 21:41: Train Epoch 13: 60/1641 Loss: 0.376129
2026-08-19 21:41: Train Epoch 13: 80/1641 Loss: 0.379127
2026-08-19 21:41: Train Epoch 13: 100/1641 Loss: 0.355407
2026-08-19 21:41: Train Epoch 13: 120/1641 Loss: 0.364728
2026-08-19 21:42: Train Epoch 13: 140/1641 Loss: 0.359866
2026-08-19 21:42: Train Epoch 13: 160/1641 Loss: 0.397312
2026-08-19 21:42: Train Epoch 13: 180/1641 Loss: 0.381985
2026-08-19 21:42: Train Epoch 13: 200/1641 Loss: 0.363332
2026-08-19 21:42: Train Epoch 13: 220/1641 Loss: 0.359066
2026-08-19 21:42: Train Epoch 13: 240/1641 Loss: 0.348276
2026-08-19 21:42: Train Epoch 13: 260/1641 Loss: 0.340978
2026-08-19 21:42: Train Epoch 13: 280/1641 Loss: 0.355337
2026-08-19 21:42: Train Epoch 13: 300/1641 Loss: 0.357427
2026-08-19 21:42: Train Epoch 13: 320/1641 Loss: 0.372182
2026-08-19 21:42: Train Epoch 13: 340/1641 Loss: 0.385597
2026-08-19 21:42: Train Epoch 13: 360/1641 Loss: 0.361821
2026-08-19 21:42: Train Epoch 13: 380/1641 Loss: 0.354853
2026-08-19 21:42: Train Epoch 13: 400/1641 Loss: 0.357142
2026-08-19 21:42: Train Epoch 13: 420/1641 Loss: 0.361793
2026-08-19 21:42: Train Epoch 13: 440/1641 Loss: 0.368012
2026-08-19 21:42: Train Epoch 13: 460/1641 Loss: 0.346228
2026-08-19 21:42: Train Epoch 13: 480/1641 Loss: 0.376777
2026-08-19 21:42: Train Epoch 13: 500/1641 Loss: 0.372661
2026-08-19 21:42: Train Epoch 13: 520/1641 Loss: 0.354917
2026-08-19 21:42: Train Epoch 13: 540/1641 Loss: 0.349990
2026-08-19 21:43: Train Epoch 13: 560/1641 Loss: 0.369281
2026-08-19 21:43: Train Epoch 13: 580/1641 Loss: 0.354001
2026-08-19 21:43: Train Epoch 13: 600/1641 Loss: 0.379034
2026-08-19 21:43: Train Epoch 13: 620/1641 Loss: 0.359189
2026-08-19 21:43: Train Epoch 13: 640/1641 Loss: 0.353245
2026-08-19 21:43: Train Epoch 13: 660/1641 Loss: 0.361858
2026-08-19 21:43: Train Epoch 13: 680/1641 Loss: 0.379424
2026-08-19 21:43: Train Epoch 13: 700/1641 Loss: 0.362236
2026-08-19 21:43: Train Epoch 13: 720/1641 Loss: 0.356169
2026-08-19 21:43: Train Epoch 13: 740/1641 Loss: 0.387910
2026-08-19 21:43: Train Epoch 13: 760/1641 Loss: 0.356723
2026-08-19 21:43: Train Epoch 13: 780/1641 Loss: 0.359184
2026-08-19 21:43: Train Epoch 13: 800/1641 Loss: 0.380369
2026-08-19 21:43: Train Epoch 13: 820/1641 Loss: 0.355761
2026-08-19 21:43: Train Epoch 13: 840/1641 Loss: 0.333819
2026-08-19 21:43: Train Epoch 13: 860/1641 Loss: 0.360166
2026-08-19 21:43: Train Epoch 13: 880/1641 Loss: 0.372232
2026-08-19 21:43: Train Epoch 13: 900/1641 Loss: 0.370936
2026-08-19 21:43: Train Epoch 13: 920/1641 Loss: 0.364653
2026-08-19 21:43: Train Epoch 13: 940/1641 Loss: 0.380326
2026-08-19 21:43: Train Epoch 13: 960/1641 Loss: 0.357841
2026-08-19 21:43: Train Epoch 13: 980/1641 Loss: 0.353691
2026-08-19 21:44: Train Epoch 13: 1000/1641 Loss: 0.383229
2026-08-19 21:44: Train Epoch 13: 1020/1641 Loss: 0.393573
2026-08-19 21:44: Train Epoch 13: 1040/1641 Loss: 0.389829
2026-08-19 21:44: Train Epoch 13: 1060/1641 Loss: 0.356938
2026-08-19 21:44: Train Epoch 13: 1080/1641 Loss: 0.361718
2026-08-19 21:44: Train Epoch 13: 1100/1641 Loss: 0.350936
2026-08-19 21:44: Train Epoch 13: 1120/1641 Loss: 0.357601
2026-08-19 21:44: Train Epoch 13: 1140/1641 Loss: 0.363299
2026-08-19 21:44: Train Epoch 13: 1160/1641 Loss: 0.344824
2026-08-19 21:44: Train Epoch 13: 1180/1641 Loss: 0.377219
2026-08-19 21:44: Train Epoch 13: 1200/1641 Loss: 0.362361
2026-08-19 21:44: Train Epoch 13: 1220/1641 Loss: 0.375999
2026-08-19 21:44: Train Epoch 13: 1240/1641 Loss: 0.357641
2026-08-19 21:44: Train Epoch 13: 1260/1641 Loss: 0.330178
2026-08-19 21:44: Train Epoch 13: 1280/1641 Loss: 0.377781
2026-08-19 21:44: Train Epoch 13: 1300/1641 Loss: 0.370165
2026-08-19 21:44: Train Epoch 13: 1320/1641 Loss: 0.378569
2026-08-19 21:44: Train Epoch 13: 1340/1641 Loss: 0.364159
2026-08-19 21:44: Train Epoch 13: 1360/1641 Loss: 0.333741
2026-08-19 21:44: Train Epoch 13: 1380/1641 Loss: 0.372735
2026-08-19 21:44: Train Epoch 13: 1400/1641 Loss: 0.354320
2026-08-19 21:45: Train Epoch 13: 1420/1641 Loss: 0.362547
2026-08-19 21:45: Train Epoch 13: 1440/1641 Loss: 0.353951
2026-08-19 21:45: Train Epoch 13: 1460/1641 Loss: 0.348858
2026-08-19 21:45: Train Epoch 13: 1480/1641 Loss: 0.360121
2026-08-19 21:45: Train Epoch 13: 1500/1641 Loss: 0.364477
2026-08-19 21:45: Train Epoch 13: 1520/1641 Loss: 0.365644
2026-08-19 21:45: Train Epoch 13: 1540/1641 Loss: 0.357416
2026-08-19 21:45: Train Epoch 13: 1560/1641 Loss: 0.377350
2026-08-19 21:45: Train Epoch 13: 1580/1641 Loss: 0.400928
2026-08-19 21:45: Train Epoch 13: 1600/1641 Loss: 0.352145
2026-08-19 21:45: Train Epoch 13: 1620/1641 Loss: 0.342174
2026-08-19 21:45: Train Epoch 13: 1640/1641 Loss: 0.360719
2026-08-19 21:45: **********Train Epoch 13: averaged Loss: 0.363983, tf_ratio: 0.044570
2026-08-19 21:45: **********Val Epoch 13: average Loss: 0.417792
2026-08-19 21:45: Train Epoch 14: 0/1641 Loss: 0.377567
2026-08-19 21:45: Train Epoch 14: 20/1641 Loss: 0.365898
2026-08-19 21:45: Train Epoch 14: 40/1641 Loss: 0.358483
2026-08-19 21:46: Train Epoch 14: 60/1641 Loss: 0.357577
2026-08-19 21:46: Train Epoch 14: 80/1641 Loss: 0.364994
2026-08-19 21:46: Train Epoch 14: 100/1641 Loss: 0.353024
2026-08-19 21:46: Train Epoch 14: 120/1641 Loss: 0.369139
2026-08-19 21:46: Train Epoch 14: 140/1641 Loss: 0.346012
2026-08-19 21:46: Train Epoch 14: 160/1641 Loss: 0.327566
2026-08-19 21:46: Train Epoch 14: 180/1641 Loss: 0.366632
2026-08-19 21:46: Train Epoch 14: 200/1641 Loss: 0.361664
2026-08-19 21:46: Train Epoch 14: 220/1641 Loss: 0.361806
2026-08-19 21:46: Train Epoch 14: 240/1641 Loss: 0.352437
2026-08-19 21:46: Train Epoch 14: 260/1641 Loss: 0.384274
2026-08-19 21:46: Train Epoch 14: 280/1641 Loss: 0.365284
2026-08-19 21:46: Train Epoch 14: 300/1641 Loss: 0.370619
2026-08-19 21:46: Train Epoch 14: 320/1641 Loss: 0.333463
2026-08-19 21:46: Train Epoch 14: 340/1641 Loss: 0.368575
2026-08-19 21:46: Train Epoch 14: 360/1641 Loss: 0.366460
2026-08-19 21:46: Train Epoch 14: 380/1641 Loss: 0.357286
2026-08-19 21:46: Train Epoch 14: 400/1641 Loss: 0.362617
2026-08-19 21:46: Train Epoch 14: 420/1641 Loss: 0.348409
2026-08-19 21:46: Train Epoch 14: 440/1641 Loss: 0.359478
2026-08-19 21:46: Train Epoch 14: 460/1641 Loss: 0.348936
2026-08-19 21:47: Train Epoch 14: 480/1641 Loss: 0.353499
2026-08-19 21:47: Train Epoch 14: 500/1641 Loss: 0.343565
2026-08-19 21:47: Train Epoch 14: 520/1641 Loss: 0.369841
2026-08-19 21:47: Train Epoch 14: 540/1641 Loss: 0.369812
2026-08-19 21:47: Train Epoch 14: 560/1641 Loss: 0.335719
2026-08-19 21:47: Train Epoch 14: 580/1641 Loss: 0.365154
2026-08-19 21:47: Train Epoch 14: 600/1641 Loss: 0.336055
2026-08-19 21:47: Train Epoch 14: 620/1641 Loss: 0.349244
2026-08-19 21:47: Train Epoch 14: 640/1641 Loss: 0.340551
2026-08-19 21:47: Train Epoch 14: 660/1641 Loss: 0.356971
2026-08-19 21:47: Train Epoch 14: 680/1641 Loss: 0.381590
2026-08-19 21:47: Train Epoch 14: 700/1641 Loss: 0.357672
2026-08-19 21:47: Train Epoch 14: 720/1641 Loss: 0.358887
2026-08-19 21:47: Train Epoch 14: 740/1641 Loss: 0.374435
2026-08-19 21:47: Train Epoch 14: 760/1641 Loss: 0.354769
2026-08-19 21:47: Train Epoch 14: 780/1641 Loss: 0.347716
2026-08-19 21:47: Train Epoch 14: 800/1641 Loss: 0.337445
2026-08-19 21:47: Train Epoch 14: 820/1641 Loss: 0.346196
2026-08-19 21:47: Train Epoch 14: 840/1641 Loss: 0.345687
2026-08-19 21:47: Train Epoch 14: 860/1641 Loss: 0.370258
2026-08-19 21:47: Train Epoch 14: 880/1641 Loss: 0.359112
2026-08-19 21:48: Train Epoch 14: 900/1641 Loss: 0.346001
2026-08-19 21:48: Train Epoch 14: 920/1641 Loss: 0.342379
2026-08-19 21:48: Train Epoch 14: 940/1641 Loss: 0.375687
2026-08-19 21:48: Train Epoch 14: 960/1641 Loss: 0.339366
2026-08-19 21:48: Train Epoch 14: 980/1641 Loss: 0.362716
2026-08-19 21:48: Train Epoch 14: 1000/1641 Loss: 0.367850
2026-08-19 21:48: Train Epoch 14: 1020/1641 Loss: 0.355019
2026-08-19 21:48: Train Epoch 14: 1040/1641 Loss: 0.339232
2026-08-19 21:48: Train Epoch 14: 1060/1641 Loss: 0.356152
2026-08-19 21:48: Train Epoch 14: 1080/1641 Loss: 0.364746
2026-08-19 21:48: Train Epoch 14: 1100/1641 Loss: 0.379570
2026-08-19 21:48: Train Epoch 14: 1120/1641 Loss: 0.374642
2026-08-19 21:48: Train Epoch 14: 1140/1641 Loss: 0.334797
2026-08-19 21:48: Train Epoch 14: 1160/1641 Loss: 0.339715
2026-08-19 21:48: Train Epoch 14: 1180/1641 Loss: 0.369069
2026-08-19 21:48: Train Epoch 14: 1200/1641 Loss: 0.353614
2026-08-19 21:48: Train Epoch 14: 1220/1641 Loss: 0.386643
2026-08-19 21:48: Train Epoch 14: 1240/1641 Loss: 0.355322
2026-08-19 21:48: Train Epoch 14: 1260/1641 Loss: 0.377074
2026-08-19 21:48: Train Epoch 14: 1280/1641 Loss: 0.338797
2026-08-19 21:48: Train Epoch 14: 1300/1641 Loss: 0.361008
2026-08-19 21:49: Train Epoch 14: 1320/1641 Loss: 0.351452
2026-08-19 21:49: Train Epoch 14: 1340/1641 Loss: 0.371180
2026-08-19 21:49: Train Epoch 14: 1360/1641 Loss: 0.346295
2026-08-19 21:49: Train Epoch 14: 1380/1641 Loss: 0.371779
2026-08-19 21:49: Train Epoch 14: 1400/1641 Loss: 0.353585
2026-08-19 21:49: Train Epoch 14: 1420/1641 Loss: 0.361285
2026-08-19 21:49: Train Epoch 14: 1440/1641 Loss: 0.355557
2026-08-19 21:49: Train Epoch 14: 1460/1641 Loss: 0.354605
2026-08-19 21:49: Train Epoch 14: 1480/1641 Loss: 0.333498
2026-08-19 21:49: Train Epoch 14: 1500/1641 Loss: 0.361864
2026-08-19 21:49: Train Epoch 14: 1520/1641 Loss: 0.352910
2026-08-19 21:49: Train Epoch 14: 1540/1641 Loss: 0.362887
2026-08-19 21:49: Train Epoch 14: 1560/1641 Loss: 0.343937
2026-08-19 21:49: Train Epoch 14: 1580/1641 Loss: 0.359787
2026-08-19 21:49: Train Epoch 14: 1600/1641 Loss: 0.355926
2026-08-19 21:49: Train Epoch 14: 1620/1641 Loss: 0.320228
2026-08-19 21:49: Train Epoch 14: 1640/1641 Loss: 0.353006
2026-08-19 21:49: **********Train Epoch 14: averaged Loss: 0.357744, tf_ratio: 0.020122
2026-08-19 21:50: **********Val Epoch 14: average Loss: 0.413494
2026-08-19 21:50: Train Epoch 15: 0/1641 Loss: 0.336735
2026-08-19 21:50: Train Epoch 15: 20/1641 Loss: 0.338960
2026-08-19 21:50: Train Epoch 15: 40/1641 Loss: 0.322534
2026-08-19 21:50: Train Epoch 15: 60/1641 Loss: 0.330134
2026-08-19 21:50: Train Epoch 15: 80/1641 Loss: 0.326912
2026-08-19 21:50: Train Epoch 15: 100/1641 Loss: 0.371714
2026-08-19 21:50: Train Epoch 15: 120/1641 Loss: 0.339280
2026-08-19 21:50: Train Epoch 15: 140/1641 Loss: 0.350215
2026-08-19 21:50: Train Epoch 15: 160/1641 Loss: 0.361731
2026-08-19 21:50: Train Epoch 15: 180/1641 Loss: 0.351756
2026-08-19 21:50: Train Epoch 15: 200/1641 Loss: 0.356643
2026-08-19 21:50: Train Epoch 15: 220/1641 Loss: 0.354333
2026-08-19 21:50: Train Epoch 15: 240/1641 Loss: 0.357423
2026-08-19 21:50: Train Epoch 15: 260/1641 Loss: 0.361461
2026-08-19 21:50: Train Epoch 15: 280/1641 Loss: 0.378349
2026-08-19 21:50: Train Epoch 15: 300/1641 Loss: 0.328900
2026-08-19 21:50: Train Epoch 15: 320/1641 Loss: 0.344230
2026-08-19 21:50: Train Epoch 15: 340/1641 Loss: 0.342077
2026-08-19 21:51: Train Epoch 15: 360/1641 Loss: 0.356162
2026-08-19 21:51: Train Epoch 15: 380/1641 Loss: 0.350785
2026-08-19 21:51: Train Epoch 15: 400/1641 Loss: 0.345816
2026-08-19 21:51: Train Epoch 15: 420/1641 Loss: 0.339396
2026-08-19 21:51: Train Epoch 15: 440/1641 Loss: 0.328007
2026-08-19 21:51: Train Epoch 15: 460/1641 Loss: 0.341093
2026-08-19 21:51: Train Epoch 15: 480/1641 Loss: 0.334155
2026-08-19 21:51: Train Epoch 15: 500/1641 Loss: 0.366728
2026-08-19 21:51: Train Epoch 15: 520/1641 Loss: 0.333100
2026-08-19 21:51: Train Epoch 15: 540/1641 Loss: 0.343503
2026-08-19 21:51: Train Epoch 15: 560/1641 Loss: 0.340812
2026-08-19 21:51: Train Epoch 15: 580/1641 Loss: 0.341787
2026-08-19 21:51: Train Epoch 15: 600/1641 Loss: 0.342898
2026-08-19 21:51: Train Epoch 15: 620/1641 Loss: 0.322072
2026-08-19 21:51: Train Epoch 15: 640/1641 Loss: 0.355490
2026-08-19 21:51: Train Epoch 15: 660/1641 Loss: 0.372985
2026-08-19 21:51: Train Epoch 15: 680/1641 Loss: 0.360657
2026-08-19 21:51: Train Epoch 15: 700/1641 Loss: 0.357875
2026-08-19 21:51: Train Epoch 15: 720/1641 Loss: 0.363176
2026-08-19 21:51: Train Epoch 15: 740/1641 Loss: 0.364380
2026-08-19 21:51: Train Epoch 15: 760/1641 Loss: 0.352142
2026-08-19 21:51: Train Epoch 15: 780/1641 Loss: 0.335083
2026-08-19 21:52: Train Epoch 15: 800/1641 Loss: 0.351101
2026-08-19 21:52: Train Epoch 15: 820/1641 Loss: 0.377672
2026-08-19 21:52: Train Epoch 15: 840/1641 Loss: 0.380744
2026-08-19 21:52: Train Epoch 15: 860/1641 Loss: 0.336493
2026-08-19 21:52: Train Epoch 15: 880/1641 Loss: 0.356096
2026-08-19 21:52: Train Epoch 15: 900/1641 Loss: 0.370496
2026-08-19 21:52: Train Epoch 15: 920/1641 Loss: 0.333369
2026-08-19 21:52: Train Epoch 15: 940/1641 Loss: 0.346198
2026-08-19 21:52: Train Epoch 15: 960/1641 Loss: 0.346929
2026-08-19 21:52: Train Epoch 15: 980/1641 Loss: 0.335372
2026-08-19 21:52: Train Epoch 15: 1000/1641 Loss: 0.347351
2026-08-19 21:52: Train Epoch 15: 1020/1641 Loss: 0.372169
2026-08-19 21:52: Train Epoch 15: 1040/1641 Loss: 0.340440
2026-08-19 21:52: Train Epoch 15: 1060/1641 Loss: 0.373161
2026-08-19 21:52: Train Epoch 15: 1080/1641 Loss: 0.354037
2026-08-19 21:52: Train Epoch 15: 1100/1641 Loss: 0.350906
2026-08-19 21:52: Train Epoch 15: 1120/1641 Loss: 0.347518
2026-08-19 21:52: Train Epoch 15: 1140/1641 Loss: 0.361240
2026-08-19 21:52: Train Epoch 15: 1160/1641 Loss: 0.342694
2026-08-19 21:52: Train Epoch 15: 1180/1641 Loss: 0.353137
2026-08-19 21:52: Train Epoch 15: 1200/1641 Loss: 0.347307
2026-08-19 21:52: Train Epoch 15: 1220/1641 Loss: 0.370506
2026-08-19 21:53: Train Epoch 15: 1240/1641 Loss: 0.334858
2026-08-19 21:53: Train Epoch 15: 1260/1641 Loss: 0.355829
2026-08-19 21:53: Train Epoch 15: 1280/1641 Loss: 0.346146
2026-08-19 21:53: Train Epoch 15: 1300/1641 Loss: 0.355803
2026-08-19 21:53: Train Epoch 15: 1320/1641 Loss: 0.341963
2026-08-19 21:53: Train Epoch 15: 1340/1641 Loss: 0.362247
2026-08-19 21:53: Train Epoch 15: 1360/1641 Loss: 0.355984
2026-08-19 21:53: Train Epoch 15: 1380/1641 Loss: 0.342393
2026-08-19 21:53: Train Epoch 15: 1400/1641 Loss: 0.356999
2026-08-19 21:53: Train Epoch 15: 1420/1641 Loss: 0.353426
2026-08-19 21:53: Train Epoch 15: 1440/1641 Loss: 0.356537
2026-08-19 21:53: Train Epoch 15: 1460/1641 Loss: 0.329850
2026-08-19 21:53: Train Epoch 15: 1480/1641 Loss: 0.365777
2026-08-19 21:53: Train Epoch 15: 1500/1641 Loss: 0.368589
2026-08-19 21:53: Train Epoch 15: 1520/1641 Loss: 0.340364
2026-08-19 21:53: Train Epoch 15: 1540/1641 Loss: 0.334545
2026-08-19 21:53: Train Epoch 15: 1560/1641 Loss: 0.330969
2026-08-19 21:53: Train Epoch 15: 1580/1641 Loss: 0.357893
2026-08-19 21:53: Train Epoch 15: 1600/1641 Loss: 0.350889
2026-08-19 21:53: Train Epoch 15: 1620/1641 Loss: 0.348211
2026-08-19 21:53: Train Epoch 15: 1640/1641 Loss: 0.363939
2026-08-19 21:53: **********Train Epoch 15: averaged Loss: 0.351853, tf_ratio: 0.008959
2026-08-19 21:54: **********Val Epoch 15: average Loss: 0.421504
2026-08-19 21:54: Train Epoch 16: 0/1641 Loss: 0.349332
2026-08-19 21:54: Train Epoch 16: 20/1641 Loss: 0.343732
2026-08-19 21:54: Train Epoch 16: 40/1641 Loss: 0.358864
2026-08-19 21:54: Train Epoch 16: 60/1641 Loss: 0.334850
2026-08-19 21:54: Train Epoch 16: 80/1641 Loss: 0.354187
2026-08-19 21:54: Train Epoch 16: 100/1641 Loss: 0.343210
2026-08-19 21:54: Train Epoch 16: 120/1641 Loss: 0.350574
2026-08-19 21:54: Train Epoch 16: 140/1641 Loss: 0.337786
2026-08-19 21:54: Train Epoch 16: 160/1641 Loss: 0.351180
2026-08-19 21:54: Train Epoch 16: 180/1641 Loss: 0.332045
2026-08-19 21:54: Train Epoch 16: 200/1641 Loss: 0.346522
2026-08-19 21:54: Train Epoch 16: 220/1641 Loss: 0.330605
2026-08-19 21:54: Train Epoch 16: 240/1641 Loss: 0.362784
2026-08-19 21:54: Train Epoch 16: 260/1641 Loss: 0.360141
2026-08-19 21:54: Train Epoch 16: 280/1641 Loss: 0.328736
2026-08-19 21:55: Train Epoch 16: 300/1641 Loss: 0.352240
2026-08-19 21:55: Train Epoch 16: 320/1641 Loss: 0.357702
2026-08-19 21:55: Train Epoch 16: 340/1641 Loss: 0.355686
2026-08-19 21:55: Train Epoch 16: 360/1641 Loss: 0.363305
2026-08-19 21:55: Train Epoch 16: 380/1641 Loss: 0.355069
2026-08-19 21:55: Train Epoch 16: 400/1641 Loss: 0.351022
2026-08-19 21:55: Train Epoch 16: 420/1641 Loss: 0.333040
2026-08-19 21:55: Train Epoch 16: 440/1641 Loss: 0.334869
2026-08-19 21:55: Train Epoch 16: 460/1641 Loss: 0.333049
2026-08-19 21:55: Train Epoch 16: 480/1641 Loss: 0.352792
2026-08-19 21:55: Train Epoch 16: 500/1641 Loss: 0.337422
2026-08-19 21:55: Train Epoch 16: 520/1641 Loss: 0.335688
2026-08-19 21:55: Train Epoch 16: 540/1641 Loss: 0.345248
2026-08-19 21:55: Train Epoch 16: 560/1641 Loss: 0.352796
2026-08-19 21:55: Train Epoch 16: 580/1641 Loss: 0.362375
2026-08-19 21:55: Train Epoch 16: 600/1641 Loss: 0.347301
2026-08-19 21:55: Train Epoch 16: 620/1641 Loss: 0.343327
2026-08-19 21:55: Train Epoch 16: 640/1641 Loss: 0.340317
2026-08-19 21:55: Train Epoch 16: 660/1641 Loss: 0.353501
2026-08-19 21:55: Train Epoch 16: 680/1641 Loss: 0.357681
2026-08-19 21:55: Train Epoch 16: 700/1641 Loss: 0.336695
2026-08-19 21:55: Train Epoch 16: 720/1641 Loss: 0.359451
2026-08-19 21:55: Train Epoch 16: 740/1641 Loss: 0.352323
2026-08-19 21:56: Train Epoch 16: 760/1641 Loss: 0.349155
2026-08-19 21:56: Train Epoch 16: 780/1641 Loss: 0.356495
2026-08-19 21:56: Train Epoch 16: 800/1641 Loss: 0.360296
2026-08-19 21:56: Train Epoch 16: 820/1641 Loss: 0.331262
2026-08-19 21:56: Train Epoch 16: 840/1641 Loss: 0.332850
2026-08-19 21:56: Train Epoch 16: 860/1641 Loss: 0.376266
2026-08-19 21:56: Train Epoch 16: 880/1641 Loss: 0.340527
2026-08-19 21:56: Train Epoch 16: 900/1641 Loss: 0.363595
2026-08-19 21:56: Train Epoch 16: 920/1641 Loss: 0.360265
2026-08-19 21:56: Train Epoch 16: 940/1641 Loss: 0.357572
2026-08-19 21:56: Train Epoch 16: 960/1641 Loss: 0.339696
2026-08-19 21:56: Train Epoch 16: 980/1641 Loss: 0.347452
2026-08-19 21:56: Train Epoch 16: 1000/1641 Loss: 0.336663
2026-08-19 21:56: Train Epoch 16: 1020/1641 Loss: 0.322763
2026-08-19 21:56: Train Epoch 16: 1040/1641 Loss: 0.364369
2026-08-19 21:56: Train Epoch 16: 1060/1641 Loss: 0.329079
2026-08-19 21:56: Train Epoch 16: 1080/1641 Loss: 0.352937
2026-08-19 21:56: Train Epoch 16: 1100/1641 Loss: 0.347447
2026-08-19 21:56: Train Epoch 16: 1120/1641 Loss: 0.344757
2026-08-19 21:56: Train Epoch 16: 1140/1641 Loss: 0.340012
2026-08-19 21:56: Train Epoch 16: 1160/1641 Loss: 0.351193
2026-08-19 21:56: Train Epoch 16: 1180/1641 Loss: 0.350897
2026-08-19 21:57: Train Epoch 16: 1200/1641 Loss: 0.358630
2026-08-19 21:57: Train Epoch 16: 1220/1641 Loss: 0.337012
2026-08-19 21:57: Train Epoch 16: 1240/1641 Loss: 0.336182
2026-08-19 21:57: Train Epoch 16: 1260/1641 Loss: 0.345180
2026-08-19 21:57: Train Epoch 16: 1280/1641 Loss: 0.337433
2026-08-19 21:57: Train Epoch 16: 1300/1641 Loss: 0.348255
2026-08-19 21:57: Train Epoch 16: 1320/1641 Loss: 0.350527
2026-08-19 21:57: Train Epoch 16: 1340/1641 Loss: 0.339031
2026-08-19 21:57: Train Epoch 16: 1360/1641 Loss: 0.341325
2026-08-19 21:57: Train Epoch 16: 1380/1641 Loss: 0.345155
2026-08-19 21:57: Train Epoch 16: 1400/1641 Loss: 0.343734
2026-08-19 21:57: Train Epoch 16: 1420/1641 Loss: 0.333853
2026-08-19 21:57: Train Epoch 16: 1440/1641 Loss: 0.362986
2026-08-19 21:57: Train Epoch 16: 1460/1641 Loss: 0.338028
2026-08-19 21:57: Train Epoch 16: 1480/1641 Loss: 0.324944
2026-08-19 21:57: Train Epoch 16: 1500/1641 Loss: 0.338536
2026-08-19 21:57: Train Epoch 16: 1520/1641 Loss: 0.344773
2026-08-19 21:57: Train Epoch 16: 1540/1641 Loss: 0.358952
2026-08-19 21:57: Train Epoch 16: 1560/1641 Loss: 0.353455
2026-08-19 21:57: Train Epoch 16: 1580/1641 Loss: 0.353524
2026-08-19 21:57: Train Epoch 16: 1600/1641 Loss: 0.352895
2026-08-19 21:57: Train Epoch 16: 1620/1641 Loss: 0.352818
2026-08-19 21:58: Train Epoch 16: 1640/1641 Loss: 0.342526
2026-08-19 21:58: **********Train Epoch 16: averaged Loss: 0.346433, tf_ratio: 0.003964
2026-08-19 21:58: **********Val Epoch 16: average Loss: 0.420410
2026-08-19 21:58: Train Epoch 17: 0/1641 Loss: 0.338152
2026-08-19 21:58: Train Epoch 17: 20/1641 Loss: 0.325106
2026-08-19 21:58: Train Epoch 17: 40/1641 Loss: 0.338744
2026-08-19 21:58: Train Epoch 17: 60/1641 Loss: 0.351253
2026-08-19 21:58: Train Epoch 17: 80/1641 Loss: 0.356689
2026-08-19 21:58: Train Epoch 17: 100/1641 Loss: 0.355372
2026-08-19 21:58: Train Epoch 17: 120/1641 Loss: 0.356038
2026-08-19 21:58: Train Epoch 17: 140/1641 Loss: 0.344203
2026-08-19 21:58: Train Epoch 17: 160/1641 Loss: 0.336629
2026-08-19 21:58: Train Epoch 17: 180/1641 Loss: 0.344009
2026-08-19 21:58: Train Epoch 17: 200/1641 Loss: 0.342844
2026-08-19 21:58: Train Epoch 17: 220/1641 Loss: 0.352094
2026-08-19 21:58: Train Epoch 17: 240/1641 Loss: 0.339482
2026-08-19 21:58: Train Epoch 17: 260/1641 Loss: 0.354778
2026-08-19 21:59: Train Epoch 17: 280/1641 Loss: 0.360001
2026-08-19 21:59: Train Epoch 17: 300/1641 Loss: 0.335420
2026-08-19 21:59: Train Epoch 17: 320/1641 Loss: 0.339581
2026-08-19 21:59: Train Epoch 17: 340/1641 Loss: 0.347092
2026-08-19 21:59: Train Epoch 17: 360/1641 Loss: 0.366651
2026-08-19 21:59: Train Epoch 17: 380/1641 Loss: 0.329885
2026-08-19 21:59: Train Epoch 17: 400/1641 Loss: 0.357936
2026-08-19 21:59: Train Epoch 17: 420/1641 Loss: 0.354495
2026-08-19 21:59: Train Epoch 17: 440/1641 Loss: 0.329543
2026-08-19 21:59: Train Epoch 17: 460/1641 Loss: 0.333956
2026-08-19 21:59: Train Epoch 17: 480/1641 Loss: 0.325555
2026-08-19 21:59: Train Epoch 17: 500/1641 Loss: 0.350549
2026-08-19 21:59: Train Epoch 17: 520/1641 Loss: 0.306636
2026-08-19 21:59: Train Epoch 17: 540/1641 Loss: 0.331969
2026-08-19 21:59: Train Epoch 17: 560/1641 Loss: 0.340581
2026-08-19 21:59: Train Epoch 17: 580/1641 Loss: 0.345631
2026-08-19 21:59: Train Epoch 17: 600/1641 Loss: 0.328805
2026-08-19 21:59: Train Epoch 17: 620/1641 Loss: 0.346580
2026-08-19 21:59: Train Epoch 17: 640/1641 Loss: 0.363096
2026-08-19 21:59: Train Epoch 17: 660/1641 Loss: 0.332765
2026-08-19 21:59: Train Epoch 17: 680/1641 Loss: 0.353488
2026-08-19 21:59: Train Epoch 17: 700/1641 Loss: 0.326389
2026-08-19 21:59: Train Epoch 17: 720/1641 Loss: 0.335494
2026-08-19 22:00: Train Epoch 17: 740/1641 Loss: 0.353213
2026-08-19 22:00: Train Epoch 17: 760/1641 Loss: 0.344211
2026-08-19 22:00: Train Epoch 17: 780/1641 Loss: 0.343269
2026-08-19 22:00: Train Epoch 17: 800/1641 Loss: 0.329692
2026-08-19 22:00: Train Epoch 17: 820/1641 Loss: 0.333602
2026-08-19 22:00: Train Epoch 17: 840/1641 Loss: 0.334998
2026-08-19 22:00: Train Epoch 17: 860/1641 Loss: 0.319805
2026-08-19 22:00: Train Epoch 17: 880/1641 Loss: 0.350455
2026-08-19 22:00: Train Epoch 17: 900/1641 Loss: 0.331928
2026-08-19 22:00: Train Epoch 17: 920/1641 Loss: 0.353688
2026-08-19 22:00: Train Epoch 17: 940/1641 Loss: 0.338209
2026-08-19 22:00: Train Epoch 17: 960/1641 Loss: 0.349920
2026-08-19 22:00: Train Epoch 17: 980/1641 Loss: 0.358924
2026-08-19 22:00: Train Epoch 17: 1000/1641 Loss: 0.323323
2026-08-19 22:00: Train Epoch 17: 1020/1641 Loss: 0.340460
2026-08-19 22:00: Train Epoch 17: 1040/1641 Loss: 0.347990
2026-08-19 22:00: Train Epoch 17: 1060/1641 Loss: 0.335969
2026-08-19 22:00: Train Epoch 17: 1080/1641 Loss: 0.325024
2026-08-19 22:00: Train Epoch 17: 1100/1641 Loss: 0.340856
2026-08-19 22:00: Train Epoch 17: 1120/1641 Loss: 0.349194
2026-08-19 22:00: Train Epoch 17: 1140/1641 Loss: 0.349156
2026-08-19 22:00: Train Epoch 17: 1160/1641 Loss: 0.332692
2026-08-19 22:01: Train Epoch 17: 1180/1641 Loss: 0.324586
2026-08-19 22:01: Train Epoch 17: 1200/1641 Loss: 0.346449
2026-08-19 22:01: Train Epoch 17: 1220/1641 Loss: 0.332851
2026-08-19 22:01: Train Epoch 17: 1240/1641 Loss: 0.332459
2026-08-19 22:01: Train Epoch 17: 1260/1641 Loss: 0.335975
2026-08-19 22:01: Train Epoch 17: 1280/1641 Loss: 0.331850
2026-08-19 22:01: Train Epoch 17: 1300/1641 Loss: 0.336408
2026-08-19 22:01: Train Epoch 17: 1320/1641 Loss: 0.336828
2026-08-19 22:01: Train Epoch 17: 1340/1641 Loss: 0.337177
2026-08-19 22:01: Train Epoch 17: 1360/1641 Loss: 0.342914
2026-08-19 22:01: Train Epoch 17: 1380/1641 Loss: 0.354299
2026-08-19 22:01: Train Epoch 17: 1400/1641 Loss: 0.359604
2026-08-19 22:01: Train Epoch 17: 1420/1641 Loss: 0.335087
2026-08-19 22:01: Train Epoch 17: 1440/1641 Loss: 0.329327
2026-08-19 22:01: Train Epoch 17: 1460/1641 Loss: 0.325320
2026-08-19 22:01: Train Epoch 17: 1480/1641 Loss: 0.345454
2026-08-19 22:01: Train Epoch 17: 1500/1641 Loss: 0.356831
2026-08-19 22:01: Train Epoch 17: 1520/1641 Loss: 0.342591
2026-08-19 22:01: Train Epoch 17: 1540/1641 Loss: 0.329239
2026-08-19 22:01: Train Epoch 17: 1560/1641 Loss: 0.342208
2026-08-19 22:01: Train Epoch 17: 1580/1641 Loss: 0.329919
2026-08-19 22:01: Train Epoch 17: 1600/1641 Loss: 0.329489
2026-08-19 22:02: Train Epoch 17: 1620/1641 Loss: 0.363204
2026-08-19 22:02: Train Epoch 17: 1640/1641 Loss: 0.314892
2026-08-19 22:02: **********Train Epoch 17: averaged Loss: 0.340984, tf_ratio: 0.001749
2026-08-19 22:02: **********Val Epoch 17: average Loss: 0.417634
2026-08-19 22:02: Train Epoch 18: 0/1641 Loss: 0.307122
2026-08-19 22:02: Train Epoch 18: 20/1641 Loss: 0.360168
2026-08-19 22:02: Train Epoch 18: 40/1641 Loss: 0.310182
2026-08-19 22:02: Train Epoch 18: 60/1641 Loss: 0.346253
2026-08-19 22:02: Train Epoch 18: 80/1641 Loss: 0.351433
2026-08-19 22:02: Train Epoch 18: 100/1641 Loss: 0.319462
2026-08-19 22:02: Train Epoch 18: 120/1641 Loss: 0.352332
2026-08-19 22:02: Train Epoch 18: 140/1641 Loss: 0.350719
2026-08-19 22:02: Train Epoch 18: 160/1641 Loss: 0.339777
2026-08-19 22:02: Train Epoch 18: 180/1641 Loss: 0.341609
2026-08-19 22:02: Train Epoch 18: 200/1641 Loss: 0.330821
2026-08-19 22:02: Train Epoch 18: 220/1641 Loss: 0.324979
2026-08-19 22:02: Train Epoch 18: 240/1641 Loss: 0.332144
2026-08-19 22:03: Train Epoch 18: 260/1641 Loss: 0.350873
2026-08-19 22:03: Train Epoch 18: 280/1641 Loss: 0.344756
2026-08-19 22:03: Train Epoch 18: 300/1641 Loss: 0.336906
2026-08-19 22:03: Train Epoch 18: 320/1641 Loss: 0.342411
2026-08-19 22:03: Train Epoch 18: 340/1641 Loss: 0.347078
2026-08-19 22:03: Train Epoch 18: 360/1641 Loss: 0.311569
2026-08-19 22:03: Train Epoch 18: 380/1641 Loss: 0.348960
2026-08-19 22:03: Train Epoch 18: 400/1641 Loss: 0.342247
2026-08-19 22:03: Train Epoch 18: 420/1641 Loss: 0.315599
2026-08-19 22:03: Train Epoch 18: 440/1641 Loss: 0.316898
2026-08-19 22:03: Train Epoch 18: 460/1641 Loss: 0.342411
2026-08-19 22:03: Train Epoch 18: 480/1641 Loss: 0.324342
2026-08-19 22:03: Train Epoch 18: 500/1641 Loss: 0.369026
2026-08-19 22:03: Train Epoch 18: 520/1641 Loss: 0.330848
2026-08-19 22:03: Train Epoch 18: 540/1641 Loss: 0.344714
2026-08-19 22:03: Train Epoch 18: 560/1641 Loss: 0.317183
2026-08-19 22:03: Train Epoch 18: 580/1641 Loss: 0.342709
2026-08-19 22:03: Train Epoch 18: 600/1641 Loss: 0.336541
2026-08-19 22:03: Train Epoch 18: 620/1641 Loss: 0.365553
2026-08-19 22:03: Train Epoch 18: 640/1641 Loss: 0.334200
2026-08-19 22:03: Train Epoch 18: 660/1641 Loss: 0.341803
2026-08-19 22:03: Train Epoch 18: 680/1641 Loss: 0.321025
2026-08-19 22:04: Train Epoch 18: 700/1641 Loss: 0.346084
2026-08-19 22:04: Train Epoch 18: 720/1641 Loss: 0.323651
2026-08-19 22:04: Train Epoch 18: 740/1641 Loss: 0.337254
2026-08-19 22:04: Train Epoch 18: 760/1641 Loss: 0.321681
2026-08-19 22:04: Train Epoch 18: 780/1641 Loss: 0.338664
2026-08-19 22:04: Train Epoch 18: 800/1641 Loss: 0.344289
2026-08-19 22:04: Train Epoch 18: 820/1641 Loss: 0.328181
2026-08-19 22:04: Train Epoch 18: 840/1641 Loss: 0.343098
2026-08-19 22:04: Train Epoch 18: 860/1641 Loss: 0.349636
2026-08-19 22:04: Train Epoch 18: 880/1641 Loss: 0.315160
2026-08-19 22:04: Train Epoch 18: 900/1641 Loss: 0.345142
2026-08-19 22:04: Train Epoch 18: 920/1641 Loss: 0.315670
2026-08-19 22:04: Train Epoch 18: 940/1641 Loss: 0.335791
2026-08-19 22:04: Train Epoch 18: 960/1641 Loss: 0.335582
2026-08-19 22:04: Train Epoch 18: 980/1641 Loss: 0.330055
2026-08-19 22:04: Train Epoch 18: 1000/1641 Loss: 0.319778
2026-08-19 22:04: Train Epoch 18: 1020/1641 Loss: 0.324574
2026-08-19 22:04: Train Epoch 18: 1040/1641 Loss: 0.339331
2026-08-19 22:04: Train Epoch 18: 1060/1641 Loss: 0.343668
2026-08-19 22:04: Train Epoch 18: 1080/1641 Loss: 0.342598
2026-08-19 22:04: Train Epoch 18: 1100/1641 Loss: 0.326961
2026-08-19 22:04: Train Epoch 18: 1120/1641 Loss: 0.350635
2026-08-19 22:05: Train Epoch 18: 1140/1641 Loss: 0.329306
2026-08-19 22:05: Train Epoch 18: 1160/1641 Loss: 0.313727
2026-08-19 22:05: Train Epoch 18: 1180/1641 Loss: 0.331159
2026-08-19 22:05: Train Epoch 18: 1200/1641 Loss: 0.347089
2026-08-19 22:05: Train Epoch 18: 1220/1641 Loss: 0.357792
2026-08-19 22:05: Train Epoch 18: 1240/1641 Loss: 0.348926
2026-08-19 22:05: Train Epoch 18: 1260/1641 Loss: 0.315297
2026-08-19 22:05: Train Epoch 18: 1280/1641 Loss: 0.323515
2026-08-19 22:05: Train Epoch 18: 1300/1641 Loss: 0.343202
2026-08-19 22:05: Train Epoch 18: 1320/1641 Loss: 0.344376
2026-08-19 22:05: Train Epoch 18: 1340/1641 Loss: 0.334151
2026-08-19 22:05: Train Epoch 18: 1360/1641 Loss: 0.340922
2026-08-19 22:05: Train Epoch 18: 1380/1641 Loss: 0.347231
2026-08-19 22:05: Train Epoch 18: 1400/1641 Loss: 0.336361
2026-08-19 22:05: Train Epoch 18: 1420/1641 Loss: 0.316724
2026-08-19 22:05: Train Epoch 18: 1440/1641 Loss: 0.328787
2026-08-19 22:05: Train Epoch 18: 1460/1641 Loss: 0.342112
2026-08-19 22:05: Train Epoch 18: 1480/1641 Loss: 0.327619
2026-08-19 22:05: Train Epoch 18: 1500/1641 Loss: 0.338117
2026-08-19 22:05: Train Epoch 18: 1520/1641 Loss: 0.324066
2026-08-19 22:05: Train Epoch 18: 1540/1641 Loss: 0.319172
2026-08-19 22:05: Train Epoch 18: 1560/1641 Loss: 0.358814
2026-08-19 22:05: Train Epoch 18: 1580/1641 Loss: 0.322685
2026-08-19 22:06: Train Epoch 18: 1600/1641 Loss: 0.321865
2026-08-19 22:06: Train Epoch 18: 1620/1641 Loss: 0.322664
2026-08-19 22:06: Train Epoch 18: 1640/1641 Loss: 0.331027
2026-08-19 22:06: **********Train Epoch 18: averaged Loss: 0.335840, tf_ratio: 0.000771
2026-08-19 22:06: **********Val Epoch 18: average Loss: 0.423319
2026-08-19 22:06: Train Epoch 19: 0/1641 Loss: 0.317914
2026-08-19 22:06: Train Epoch 19: 20/1641 Loss: 0.337723
2026-08-19 22:06: Train Epoch 19: 40/1641 Loss: 0.327973
2026-08-19 22:06: Train Epoch 19: 60/1641 Loss: 0.321275
2026-08-19 22:06: Train Epoch 19: 80/1641 Loss: 0.341168
2026-08-19 22:06: Train Epoch 19: 100/1641 Loss: 0.345629
2026-08-19 22:06: Train Epoch 19: 120/1641 Loss: 0.329188
2026-08-19 22:06: Train Epoch 19: 140/1641 Loss: 0.338957
2026-08-19 22:06: Train Epoch 19: 160/1641 Loss: 0.328255
2026-08-19 22:06: Train Epoch 19: 180/1641 Loss: 0.369994
2026-08-19 22:06: Train Epoch 19: 200/1641 Loss: 0.352527
2026-08-19 22:07: Train Epoch 19: 220/1641 Loss: 0.328089
2026-08-19 22:07: Train Epoch 19: 240/1641 Loss: 0.313247
2026-08-19 22:07: Train Epoch 19: 260/1641 Loss: 0.341080
2026-08-19 22:07: Train Epoch 19: 280/1641 Loss: 0.334999
2026-08-19 22:07: Train Epoch 19: 300/1641 Loss: 0.339969
2026-08-19 22:07: Train Epoch 19: 320/1641 Loss: 0.320578
2026-08-19 22:07: Train Epoch 19: 340/1641 Loss: 0.343535
2026-08-19 22:07: Train Epoch 19: 360/1641 Loss: 0.314902
2026-08-19 22:07: Train Epoch 19: 380/1641 Loss: 0.339650
2026-08-19 22:07: Train Epoch 19: 400/1641 Loss: 0.302029
2026-08-19 22:07: Train Epoch 19: 420/1641 Loss: 0.327174
2026-08-19 22:07: Train Epoch 19: 440/1641 Loss: 0.331906
2026-08-19 22:07: Train Epoch 19: 460/1641 Loss: 0.318447
2026-08-19 22:07: Train Epoch 19: 480/1641 Loss: 0.349689
2026-08-19 22:07: Train Epoch 19: 500/1641 Loss: 0.337371
2026-08-19 22:07: Train Epoch 19: 520/1641 Loss: 0.322335
2026-08-19 22:07: Train Epoch 19: 540/1641 Loss: 0.334545
2026-08-19 22:07: Train Epoch 19: 560/1641 Loss: 0.325524
2026-08-19 22:07: Train Epoch 19: 580/1641 Loss: 0.342312
2026-08-19 22:07: Train Epoch 19: 600/1641 Loss: 0.343130
2026-08-19 22:07: Train Epoch 19: 620/1641 Loss: 0.309265
2026-08-19 22:07: Train Epoch 19: 640/1641 Loss: 0.329644
2026-08-19 22:07: Train Epoch 19: 660/1641 Loss: 0.334932
2026-08-19 22:08: Train Epoch 19: 680/1641 Loss: 0.309971
2026-08-19 22:08: Train Epoch 19: 700/1641 Loss: 0.324250
2026-08-19 22:08: Train Epoch 19: 720/1641 Loss: 0.333216
2026-08-19 22:08: Train Epoch 19: 740/1641 Loss: 0.328839
2026-08-19 22:08: Train Epoch 19: 760/1641 Loss: 0.321111
2026-08-19 22:08: Train Epoch 19: 780/1641 Loss: 0.317125
2026-08-19 22:08: Train Epoch 19: 800/1641 Loss: 0.327273
2026-08-19 22:08: Train Epoch 19: 820/1641 Loss: 0.327420
2026-08-19 22:08: Train Epoch 19: 840/1641 Loss: 0.331601
2026-08-19 22:08: Train Epoch 19: 860/1641 Loss: 0.313170
2026-08-19 22:08: Train Epoch 19: 880/1641 Loss: 0.327626
2026-08-19 22:08: Train Epoch 19: 900/1641 Loss: 0.367010
2026-08-19 22:08: Train Epoch 19: 920/1641 Loss: 0.317938
2026-08-19 22:08: Train Epoch 19: 940/1641 Loss: 0.339521
2026-08-19 22:08: Train Epoch 19: 960/1641 Loss: 0.343100
2026-08-19 22:08: Train Epoch 19: 980/1641 Loss: 0.330226
2026-08-19 22:08: Train Epoch 19: 1000/1641 Loss: 0.328367
2026-08-19 22:08: Train Epoch 19: 1020/1641 Loss: 0.320537
2026-08-19 22:08: Train Epoch 19: 1040/1641 Loss: 0.322547
2026-08-19 22:08: Train Epoch 19: 1060/1641 Loss: 0.345427
2026-08-19 22:08: Train Epoch 19: 1080/1641 Loss: 0.325323
2026-08-19 22:09: Train Epoch 19: 1100/1641 Loss: 0.323375
2026-08-19 22:09: Train Epoch 19: 1120/1641 Loss: 0.327668
2026-08-19 22:09: Train Epoch 19: 1140/1641 Loss: 0.314992
2026-08-19 22:09: Train Epoch 19: 1160/1641 Loss: 0.321292
2026-08-19 22:09: Train Epoch 19: 1180/1641 Loss: 0.336919
2026-08-19 22:09: Train Epoch 19: 1200/1641 Loss: 0.312917
2026-08-19 22:09: Train Epoch 19: 1220/1641 Loss: 0.341967
2026-08-19 22:09: Train Epoch 19: 1240/1641 Loss: 0.322731
2026-08-19 22:09: Train Epoch 19: 1260/1641 Loss: 0.337438
2026-08-19 22:09: Train Epoch 19: 1280/1641 Loss: 0.344854
2026-08-19 22:09: Train Epoch 19: 1300/1641 Loss: 0.348248
2026-08-19 22:09: Train Epoch 19: 1320/1641 Loss: 0.328865
2026-08-19 22:09: Train Epoch 19: 1340/1641 Loss: 0.339166
2026-08-19 22:09: Train Epoch 19: 1360/1641 Loss: 0.344260
2026-08-19 22:09: Train Epoch 19: 1380/1641 Loss: 0.332092
2026-08-19 22:09: Train Epoch 19: 1400/1641 Loss: 0.339055
2026-08-19 22:09: Train Epoch 19: 1420/1641 Loss: 0.323268
2026-08-19 22:09: Train Epoch 19: 1440/1641 Loss: 0.327065
2026-08-19 22:09: Train Epoch 19: 1460/1641 Loss: 0.341207
2026-08-19 22:09: Train Epoch 19: 1480/1641 Loss: 0.308689
2026-08-19 22:09: Train Epoch 19: 1500/1641 Loss: 0.338919
2026-08-19 22:10: Train Epoch 19: 1520/1641 Loss: 0.343156
2026-08-19 22:10: Train Epoch 19: 1540/1641 Loss: 0.325072
2026-08-19 22:10: Train Epoch 19: 1560/1641 Loss: 0.331817
2026-08-19 22:10: Train Epoch 19: 1580/1641 Loss: 0.339225
2026-08-19 22:10: Train Epoch 19: 1600/1641 Loss: 0.332136
2026-08-19 22:10: Train Epoch 19: 1620/1641 Loss: 0.322444
2026-08-19 22:10: Train Epoch 19: 1640/1641 Loss: 0.329715
2026-08-19 22:10: **********Train Epoch 19: averaged Loss: 0.331186, tf_ratio: 0.000339
2026-08-19 22:10: **********Val Epoch 19: average Loss: 0.421230
2026-08-19 22:10: Train Epoch 20: 0/1641 Loss: 0.317952
2026-08-19 22:10: Train Epoch 20: 20/1641 Loss: 0.335037
2026-08-19 22:10: Train Epoch 20: 40/1641 Loss: 0.336425
2026-08-19 22:10: Train Epoch 20: 60/1641 Loss: 0.341578
2026-08-19 22:10: Train Epoch 20: 80/1641 Loss: 0.320014
2026-08-19 22:10: Train Epoch 20: 100/1641 Loss: 0.339975
2026-08-19 22:10: Train Epoch 20: 120/1641 Loss: 0.318205
2026-08-19 22:11: Train Epoch 20: 140/1641 Loss: 0.318401
2026-08-19 22:11: Train Epoch 20: 160/1641 Loss: 0.337176
2026-08-19 22:11: Train Epoch 20: 180/1641 Loss: 0.320139
2026-08-19 22:11: Train Epoch 20: 200/1641 Loss: 0.322140
2026-08-19 22:11: Train Epoch 20: 220/1641 Loss: 0.354644
2026-08-19 22:11: Train Epoch 20: 240/1641 Loss: 0.314498
2026-08-19 22:11: Train Epoch 20: 260/1641 Loss: 0.359453
2026-08-19 22:11: Train Epoch 20: 280/1641 Loss: 0.321235
2026-08-19 22:11: Train Epoch 20: 300/1641 Loss: 0.333861
2026-08-19 22:11: Train Epoch 20: 320/1641 Loss: 0.327251
2026-08-19 22:11: Train Epoch 20: 340/1641 Loss: 0.318841
2026-08-19 22:11: Train Epoch 20: 360/1641 Loss: 0.325306
2026-08-19 22:11: Train Epoch 20: 380/1641 Loss: 0.327257
2026-08-19 22:11: Train Epoch 20: 400/1641 Loss: 0.331869
2026-08-19 22:11: Train Epoch 20: 420/1641 Loss: 0.338613
2026-08-19 22:11: Train Epoch 20: 440/1641 Loss: 0.332336
2026-08-19 22:11: Train Epoch 20: 460/1641 Loss: 0.349853
2026-08-19 22:11: Train Epoch 20: 480/1641 Loss: 0.310123
2026-08-19 22:11: Train Epoch 20: 500/1641 Loss: 0.334098
2026-08-19 22:11: Train Epoch 20: 520/1641 Loss: 0.336786
2026-08-19 22:11: Train Epoch 20: 540/1641 Loss: 0.344104
2026-08-19 22:12: Train Epoch 20: 560/1641 Loss: 0.317671
2026-08-19 22:12: Train Epoch 20: 580/1641 Loss: 0.314293
2026-08-19 22:12: Train Epoch 20: 600/1641 Loss: 0.311218
2026-08-19 22:12: Train Epoch 20: 620/1641 Loss: 0.331713
2026-08-19 22:12: Train Epoch 20: 640/1641 Loss: 0.314043
2026-08-19 22:12: Train Epoch 20: 660/1641 Loss: 0.304188
2026-08-19 22:12: Train Epoch 20: 680/1641 Loss: 0.334695
2026-08-19 22:12: Train Epoch 20: 700/1641 Loss: 0.343527
2026-08-19 22:12: Train Epoch 20: 720/1641 Loss: 0.324667
2026-08-19 22:12: Train Epoch 20: 740/1641 Loss: 0.334765
2026-08-19 22:12: Train Epoch 20: 760/1641 Loss: 0.326046
2026-08-19 22:12: Train Epoch 20: 780/1641 Loss: 0.332315
2026-08-19 22:12: Train Epoch 20: 800/1641 Loss: 0.326217
2026-08-19 22:12: Train Epoch 20: 820/1641 Loss: 0.329551
2026-08-19 22:12: Train Epoch 20: 840/1641 Loss: 0.319353
2026-08-19 22:12: Train Epoch 20: 860/1641 Loss: 0.317666
2026-08-19 22:12: Train Epoch 20: 880/1641 Loss: 0.320558
2026-08-19 22:12: Train Epoch 20: 900/1641 Loss: 0.326901
2026-08-19 22:12: Train Epoch 20: 920/1641 Loss: 0.312179
2026-08-19 22:12: Train Epoch 20: 940/1641 Loss: 0.320104
2026-08-19 22:12: Train Epoch 20: 960/1641 Loss: 0.327717
2026-08-19 22:12: Train Epoch 20: 980/1641 Loss: 0.334336
2026-08-19 22:13: Train Epoch 20: 1000/1641 Loss: 0.315082
2026-08-19 22:13: Train Epoch 20: 1020/1641 Loss: 0.354782
2026-08-19 22:13: Train Epoch 20: 1040/1641 Loss: 0.317206
2026-08-19 22:13: Train Epoch 20: 1060/1641 Loss: 0.312254
2026-08-19 22:13: Train Epoch 20: 1080/1641 Loss: 0.316507
2026-08-19 22:13: Train Epoch 20: 1100/1641 Loss: 0.328896
2026-08-19 22:13: Train Epoch 20: 1120/1641 Loss: 0.330538
2026-08-19 22:13: Train Epoch 20: 1140/1641 Loss: 0.326149
2026-08-19 22:13: Train Epoch 20: 1160/1641 Loss: 0.316626
2026-08-19 22:13: Train Epoch 20: 1180/1641 Loss: 0.346824
2026-08-19 22:13: Train Epoch 20: 1200/1641 Loss: 0.324100
2026-08-19 22:13: Train Epoch 20: 1220/1641 Loss: 0.337744
2026-08-19 22:13: Train Epoch 20: 1240/1641 Loss: 0.321816
2026-08-19 22:13: Train Epoch 20: 1260/1641 Loss: 0.324749
2026-08-19 22:13: Train Epoch 20: 1280/1641 Loss: 0.323863
2026-08-19 22:13: Train Epoch 20: 1300/1641 Loss: 0.335493
2026-08-19 22:13: Train Epoch 20: 1320/1641 Loss: 0.331390
2026-08-19 22:13: Train Epoch 20: 1340/1641 Loss: 0.349900
2026-08-19 22:13: Train Epoch 20: 1360/1641 Loss: 0.318461
2026-08-19 22:13: Train Epoch 20: 1380/1641 Loss: 0.327273
2026-08-19 22:13: Train Epoch 20: 1400/1641 Loss: 0.340595
2026-08-19 22:14: Train Epoch 20: 1420/1641 Loss: 0.331405
2026-08-19 22:14: Train Epoch 20: 1440/1641 Loss: 0.326324
2026-08-19 22:14: Train Epoch 20: 1460/1641 Loss: 0.344697
2026-08-19 22:14: Train Epoch 20: 1480/1641 Loss: 0.322915
2026-08-19 22:14: Train Epoch 20: 1500/1641 Loss: 0.314347
2026-08-19 22:14: Train Epoch 20: 1520/1641 Loss: 0.357327
2026-08-19 22:14: Train Epoch 20: 1540/1641 Loss: 0.329337
2026-08-19 22:14: Train Epoch 20: 1560/1641 Loss: 0.341954
2026-08-19 22:14: Train Epoch 20: 1580/1641 Loss: 0.307873
2026-08-19 22:14: Train Epoch 20: 1600/1641 Loss: 0.325584
2026-08-19 22:14: Train Epoch 20: 1620/1641 Loss: 0.331806
2026-08-19 22:14: Train Epoch 20: 1640/1641 Loss: 0.308497
2026-08-19 22:14: **********Train Epoch 20: averaged Loss: 0.326821, tf_ratio: 0.000149
2026-08-19 22:14: **********Val Epoch 20: average Loss: 0.424572
2026-08-19 22:14: Train Epoch 21: 0/1641 Loss: 0.331117
2026-08-19 22:14: Train Epoch 21: 20/1641 Loss: 0.323668
2026-08-19 22:14: Train Epoch 21: 40/1641 Loss: 0.312635
2026-08-19 22:15: Train Epoch 21: 60/1641 Loss: 0.328286
2026-08-19 22:15: Train Epoch 21: 80/1641 Loss: 0.313521
2026-08-19 22:15: Train Epoch 21: 100/1641 Loss: 0.311691
2026-08-19 22:15: Train Epoch 21: 120/1641 Loss: 0.318154
2026-08-19 22:15: Train Epoch 21: 140/1641 Loss: 0.305302
2026-08-19 22:15: Train Epoch 21: 160/1641 Loss: 0.327190
2026-08-19 22:15: Train Epoch 21: 180/1641 Loss: 0.341657
2026-08-19 22:15: Train Epoch 21: 200/1641 Loss: 0.327949
2026-08-19 22:15: Train Epoch 21: 220/1641 Loss: 0.317249
2026-08-19 22:15: Train Epoch 21: 240/1641 Loss: 0.316260
2026-08-19 22:15: Train Epoch 21: 260/1641 Loss: 0.324526
2026-08-19 22:15: Train Epoch 21: 280/1641 Loss: 0.321954
2026-08-19 22:15: Train Epoch 21: 300/1641 Loss: 0.317001
2026-08-19 22:15: Train Epoch 21: 320/1641 Loss: 0.304485
2026-08-19 22:15: Train Epoch 21: 340/1641 Loss: 0.313910
2026-08-19 22:15: Train Epoch 21: 360/1641 Loss: 0.317099
2026-08-19 22:15: Train Epoch 21: 380/1641 Loss: 0.307530
2026-08-19 22:15: Train Epoch 21: 400/1641 Loss: 0.314264
2026-08-19 22:15: Train Epoch 21: 420/1641 Loss: 0.335345
2026-08-19 22:15: Train Epoch 21: 440/1641 Loss: 0.314101
2026-08-19 22:15: Train Epoch 21: 460/1641 Loss: 0.353341
2026-08-19 22:15: Train Epoch 21: 480/1641 Loss: 0.325272
2026-08-19 22:16: Train Epoch 21: 500/1641 Loss: 0.338825
2026-08-19 22:16: Train Epoch 21: 520/1641 Loss: 0.308554
2026-08-19 22:16: Train Epoch 21: 540/1641 Loss: 0.323215
2026-08-19 22:16: Train Epoch 21: 560/1641 Loss: 0.323155
2026-08-19 22:16: Train Epoch 21: 580/1641 Loss: 0.320752
2026-08-19 22:16: Train Epoch 21: 600/1641 Loss: 0.318046
2026-08-19 22:16: Train Epoch 21: 620/1641 Loss: 0.317117
2026-08-19 22:16: Train Epoch 21: 640/1641 Loss: 0.310221
2026-08-19 22:16: Train Epoch 21: 660/1641 Loss: 0.330028
2026-08-19 22:16: Train Epoch 21: 680/1641 Loss: 0.318832
2026-08-19 22:16: Train Epoch 21: 700/1641 Loss: 0.331358
2026-08-19 22:16: Train Epoch 21: 720/1641 Loss: 0.313120
2026-08-19 22:16: Train Epoch 21: 740/1641 Loss: 0.335851
2026-08-19 22:16: Train Epoch 21: 760/1641 Loss: 0.321295
2026-08-19 22:16: Train Epoch 21: 780/1641 Loss: 0.314937
2026-08-19 22:16: Train Epoch 21: 800/1641 Loss: 0.323760
2026-08-19 22:16: Train Epoch 21: 820/1641 Loss: 0.306385
2026-08-19 22:16: Train Epoch 21: 840/1641 Loss: 0.312105
2026-08-19 22:16: Train Epoch 21: 860/1641 Loss: 0.329323
2026-08-19 22:16: Train Epoch 21: 880/1641 Loss: 0.331309
2026-08-19 22:16: Train Epoch 21: 900/1641 Loss: 0.311287
2026-08-19 22:16: Train Epoch 21: 920/1641 Loss: 0.314147
2026-08-19 22:17: Train Epoch 21: 940/1641 Loss: 0.311034
2026-08-19 22:17: Train Epoch 21: 960/1641 Loss: 0.301269
2026-08-19 22:17: Train Epoch 21: 980/1641 Loss: 0.335713
2026-08-19 22:17: Train Epoch 21: 1000/1641 Loss: 0.338701
2026-08-19 22:17: Train Epoch 21: 1020/1641 Loss: 0.324341
2026-08-19 22:17: Train Epoch 21: 1040/1641 Loss: 0.324827
2026-08-19 22:17: Train Epoch 21: 1060/1641 Loss: 0.320299
2026-08-19 22:17: Train Epoch 21: 1080/1641 Loss: 0.302746
2026-08-19 22:17: Train Epoch 21: 1100/1641 Loss: 0.321196
2026-08-19 22:17: Train Epoch 21: 1120/1641 Loss: 0.319404
2026-08-19 22:17: Train Epoch 21: 1140/1641 Loss: 0.307901
2026-08-19 22:17: Train Epoch 21: 1160/1641 Loss: 0.332257
2026-08-19 22:17: Train Epoch 21: 1180/1641 Loss: 0.317158
2026-08-19 22:17: Train Epoch 21: 1200/1641 Loss: 0.333712
2026-08-19 22:17: Train Epoch 21: 1220/1641 Loss: 0.331636
2026-08-19 22:17: Train Epoch 21: 1240/1641 Loss: 0.334443
2026-08-19 22:17: Train Epoch 21: 1260/1641 Loss: 0.312496
2026-08-19 22:17: Train Epoch 21: 1280/1641 Loss: 0.343615
2026-08-19 22:17: Train Epoch 21: 1300/1641 Loss: 0.317530
2026-08-19 22:17: Train Epoch 21: 1320/1641 Loss: 0.313894
2026-08-19 22:17: Train Epoch 21: 1340/1641 Loss: 0.324719
2026-08-19 22:17: Train Epoch 21: 1360/1641 Loss: 0.322552
2026-08-19 22:17: Train Epoch 21: 1380/1641 Loss: 0.327480
2026-08-19 22:18: Train Epoch 21: 1400/1641 Loss: 0.315157
2026-08-19 22:18: Train Epoch 21: 1420/1641 Loss: 0.323391
2026-08-19 22:18: Train Epoch 21: 1440/1641 Loss: 0.331032
2026-08-19 22:18: Train Epoch 21: 1460/1641 Loss: 0.333057
2026-08-19 22:18: Train Epoch 21: 1480/1641 Loss: 0.320940
2026-08-19 22:18: Train Epoch 21: 1500/1641 Loss: 0.318239
2026-08-19 22:18: Train Epoch 21: 1520/1641 Loss: 0.323806
2026-08-19 22:18: Train Epoch 21: 1540/1641 Loss: 0.297959
2026-08-19 22:18: Train Epoch 21: 1560/1641 Loss: 0.330060
2026-08-19 22:18: Train Epoch 21: 1580/1641 Loss: 0.325238
2026-08-19 22:18: Train Epoch 21: 1600/1641 Loss: 0.315933
2026-08-19 22:18: Train Epoch 21: 1620/1641 Loss: 0.321084
2026-08-19 22:18: Train Epoch 21: 1640/1641 Loss: 0.314881
2026-08-19 22:18: **********Train Epoch 21: averaged Loss: 0.322380, tf_ratio: 0.000066
2026-08-19 22:18: **********Val Epoch 21: average Loss: 0.426979
2026-08-19 22:18: Train Epoch 22: 0/1641 Loss: 0.312174
2026-08-19 22:19: Train Epoch 22: 20/1641 Loss: 0.314838
2026-08-19 22:19: Train Epoch 22: 40/1641 Loss: 0.324801
2026-08-19 22:19: Train Epoch 22: 60/1641 Loss: 0.319119
2026-08-19 22:19: Train Epoch 22: 80/1641 Loss: 0.297053
2026-08-19 22:19: Train Epoch 22: 100/1641 Loss: 0.297847
2026-08-19 22:19: Train Epoch 22: 120/1641 Loss: 0.300247
2026-08-19 22:19: Train Epoch 22: 140/1641 Loss: 0.336104
2026-08-19 22:19: Train Epoch 22: 160/1641 Loss: 0.298406
2026-08-19 22:19: Train Epoch 22: 180/1641 Loss: 0.343149
2026-08-19 22:19: Train Epoch 22: 200/1641 Loss: 0.316260
2026-08-19 22:19: Train Epoch 22: 220/1641 Loss: 0.310782
2026-08-19 22:19: Train Epoch 22: 240/1641 Loss: 0.310029
2026-08-19 22:19: Train Epoch 22: 260/1641 Loss: 0.314210
2026-08-19 22:19: Train Epoch 22: 280/1641 Loss: 0.340257
2026-08-19 22:19: Train Epoch 22: 300/1641 Loss: 0.322602
2026-08-19 22:19: Train Epoch 22: 320/1641 Loss: 0.309942
2026-08-19 22:19: Train Epoch 22: 340/1641 Loss: 0.325090
2026-08-19 22:19: Train Epoch 22: 360/1641 Loss: 0.319614
2026-08-19 22:19: Train Epoch 22: 380/1641 Loss: 0.324678
2026-08-19 22:19: Train Epoch 22: 400/1641 Loss: 0.321407
2026-08-19 22:19: Train Epoch 22: 420/1641 Loss: 0.314133
2026-08-19 22:19: Train Epoch 22: 440/1641 Loss: 0.330877
2026-08-19 22:20: Train Epoch 22: 460/1641 Loss: 0.332992
2026-08-19 22:20: Train Epoch 22: 480/1641 Loss: 0.322046
2026-08-19 22:20: Train Epoch 22: 500/1641 Loss: 0.304051
2026-08-19 22:20: Train Epoch 22: 520/1641 Loss: 0.311827
2026-08-19 22:20: Train Epoch 22: 540/1641 Loss: 0.307550
2026-08-19 22:20: Train Epoch 22: 560/1641 Loss: 0.304716
2026-08-19 22:20: Train Epoch 22: 580/1641 Loss: 0.336951
2026-08-19 22:20: Train Epoch 22: 600/1641 Loss: 0.315285
2026-08-19 22:20: Train Epoch 22: 620/1641 Loss: 0.337205
2026-08-19 22:20: Train Epoch 22: 640/1641 Loss: 0.330212
2026-08-19 22:20: Train Epoch 22: 660/1641 Loss: 0.314244
2026-08-19 22:20: Train Epoch 22: 680/1641 Loss: 0.320953
2026-08-19 22:20: Train Epoch 22: 700/1641 Loss: 0.302885
2026-08-19 22:20: Train Epoch 22: 720/1641 Loss: 0.313470
2026-08-19 22:20: Train Epoch 22: 740/1641 Loss: 0.295517
2026-08-19 22:20: Train Epoch 22: 760/1641 Loss: 0.313201
2026-08-19 22:20: Train Epoch 22: 780/1641 Loss: 0.314607
2026-08-19 22:20: Train Epoch 22: 800/1641 Loss: 0.309084
2026-08-19 22:20: Train Epoch 22: 820/1641 Loss: 0.323826
2026-08-19 22:20: Train Epoch 22: 840/1641 Loss: 0.317413
2026-08-19 22:20: Train Epoch 22: 860/1641 Loss: 0.331242
2026-08-19 22:20: Train Epoch 22: 880/1641 Loss: 0.317356
2026-08-19 22:20: Train Epoch 22: 900/1641 Loss: 0.336760
2026-08-19 22:21: Train Epoch 22: 920/1641 Loss: 0.307994
2026-08-19 22:21: Train Epoch 22: 940/1641 Loss: 0.320235
2026-08-19 22:21: Train Epoch 22: 960/1641 Loss: 0.318893
2026-08-19 22:21: Train Epoch 22: 980/1641 Loss: 0.315280
2026-08-19 22:21: Train Epoch 22: 1000/1641 Loss: 0.301141
2026-08-19 22:21: Train Epoch 22: 1020/1641 Loss: 0.335872
2026-08-19 22:21: Train Epoch 22: 1040/1641 Loss: 0.313698
2026-08-19 22:21: Train Epoch 22: 1060/1641 Loss: 0.319003
2026-08-19 22:21: Train Epoch 22: 1080/1641 Loss: 0.299685
2026-08-19 22:21: Train Epoch 22: 1100/1641 Loss: 0.332611
2026-08-19 22:21: Train Epoch 22: 1120/1641 Loss: 0.299983
2026-08-19 22:21: Train Epoch 22: 1140/1641 Loss: 0.339595
2026-08-19 22:21: Train Epoch 22: 1160/1641 Loss: 0.304210
2026-08-19 22:21: Train Epoch 22: 1180/1641 Loss: 0.293642
2026-08-19 22:21: Train Epoch 22: 1200/1641 Loss: 0.323107
2026-08-19 22:21: Train Epoch 22: 1220/1641 Loss: 0.313339
2026-08-19 22:21: Train Epoch 22: 1240/1641 Loss: 0.314813
2026-08-19 22:21: Train Epoch 22: 1260/1641 Loss: 0.315227
2026-08-19 22:21: Train Epoch 22: 1280/1641 Loss: 0.330296
2026-08-19 22:21: Train Epoch 22: 1300/1641 Loss: 0.302900
2026-08-19 22:21: Train Epoch 22: 1320/1641 Loss: 0.310964
2026-08-19 22:22: Train Epoch 22: 1340/1641 Loss: 0.292397
2026-08-19 22:22: Train Epoch 22: 1360/1641 Loss: 0.306848
2026-08-19 22:22: Train Epoch 22: 1380/1641 Loss: 0.305586
2026-08-19 22:22: Train Epoch 22: 1400/1641 Loss: 0.324294
2026-08-19 22:22: Train Epoch 22: 1420/1641 Loss: 0.317102
2026-08-19 22:22: Train Epoch 22: 1440/1641 Loss: 0.326051
2026-08-19 22:22: Train Epoch 22: 1460/1641 Loss: 0.315712
2026-08-19 22:22: Train Epoch 22: 1480/1641 Loss: 0.309118
2026-08-19 22:22: Train Epoch 22: 1500/1641 Loss: 0.306394
2026-08-19 22:22: Train Epoch 22: 1520/1641 Loss: 0.306216
2026-08-19 22:22: Train Epoch 22: 1540/1641 Loss: 0.318900
2026-08-19 22:22: Train Epoch 22: 1560/1641 Loss: 0.323539
2026-08-19 22:22: Train Epoch 22: 1580/1641 Loss: 0.311261
2026-08-19 22:22: Train Epoch 22: 1600/1641 Loss: 0.309779
2026-08-19 22:22: Train Epoch 22: 1620/1641 Loss: 0.334552
2026-08-19 22:22: Train Epoch 22: 1640/1641 Loss: 0.321864
2026-08-19 22:22: **********Train Epoch 22: averaged Loss: 0.318284, tf_ratio: 0.000029
2026-08-19 22:23: **********Val Epoch 22: average Loss: 0.424503
2026-08-19 22:23: Train Epoch 23: 0/1641 Loss: 0.329618
2026-08-19 22:23: Train Epoch 23: 20/1641 Loss: 0.309658
2026-08-19 22:23: Train Epoch 23: 40/1641 Loss: 0.290128
2026-08-19 22:23: Train Epoch 23: 60/1641 Loss: 0.299492
2026-08-19 22:23: Train Epoch 23: 80/1641 Loss: 0.331266
2026-08-19 22:23: Train Epoch 23: 100/1641 Loss: 0.295808
2026-08-19 22:23: Train Epoch 23: 120/1641 Loss: 0.310846
2026-08-19 22:23: Train Epoch 23: 140/1641 Loss: 0.294962
2026-08-19 22:23: Train Epoch 23: 160/1641 Loss: 0.320066
2026-08-19 22:23: Train Epoch 23: 180/1641 Loss: 0.314107
2026-08-19 22:23: Train Epoch 23: 200/1641 Loss: 0.296240
2026-08-19 22:23: Train Epoch 23: 220/1641 Loss: 0.330891
2026-08-19 22:23: Train Epoch 23: 240/1641 Loss: 0.318434
2026-08-19 22:23: Train Epoch 23: 260/1641 Loss: 0.295850
2026-08-19 22:23: Train Epoch 23: 280/1641 Loss: 0.334771
2026-08-19 22:23: Train Epoch 23: 300/1641 Loss: 0.298800
2026-08-19 22:23: Train Epoch 23: 320/1641 Loss: 0.303022
2026-08-19 22:23: Train Epoch 23: 340/1641 Loss: 0.321577
2026-08-19 22:23: Train Epoch 23: 360/1641 Loss: 0.340022
2026-08-19 22:23: Train Epoch 23: 380/1641 Loss: 0.318237
2026-08-19 22:23: Train Epoch 23: 400/1641 Loss: 0.329642
2026-08-19 22:23: Train Epoch 23: 420/1641 Loss: 0.306669
2026-08-19 22:24: Train Epoch 23: 440/1641 Loss: 0.319793
2026-08-19 22:24: Train Epoch 23: 460/1641 Loss: 0.332572
2026-08-19 22:24: Train Epoch 23: 480/1641 Loss: 0.288508
2026-08-19 22:24: Train Epoch 23: 500/1641 Loss: 0.308028
2026-08-19 22:24: Train Epoch 23: 520/1641 Loss: 0.304963
2026-08-19 22:24: Train Epoch 23: 540/1641 Loss: 0.316643
2026-08-19 22:24: Train Epoch 23: 560/1641 Loss: 0.327069
2026-08-19 22:24: Train Epoch 23: 580/1641 Loss: 0.304519
2026-08-19 22:24: Train Epoch 23: 600/1641 Loss: 0.324327
2026-08-19 22:24: Train Epoch 23: 620/1641 Loss: 0.321347
2026-08-19 22:24: Train Epoch 23: 640/1641 Loss: 0.320223
2026-08-19 22:24: Train Epoch 23: 660/1641 Loss: 0.315499
2026-08-19 22:24: Train Epoch 23: 680/1641 Loss: 0.328250
2026-08-19 22:24: Train Epoch 23: 700/1641 Loss: 0.318464
2026-08-19 22:24: Train Epoch 23: 720/1641 Loss: 0.311879
2026-08-19 22:24: Train Epoch 23: 740/1641 Loss: 0.298556
2026-08-19 22:24: Train Epoch 23: 760/1641 Loss: 0.303242
2026-08-19 22:24: Train Epoch 23: 780/1641 Loss: 0.314282
2026-08-19 22:24: Train Epoch 23: 800/1641 Loss: 0.320422
2026-08-19 22:24: Train Epoch 23: 820/1641 Loss: 0.318143
2026-08-19 22:24: Train Epoch 23: 840/1641 Loss: 0.301747
2026-08-19 22:24: Train Epoch 23: 860/1641 Loss: 0.315666
2026-08-19 22:25: Train Epoch 23: 880/1641 Loss: 0.295615
2026-08-19 22:25: Train Epoch 23: 900/1641 Loss: 0.316782
2026-08-19 22:25: Train Epoch 23: 920/1641 Loss: 0.324610
2026-08-19 22:25: Train Epoch 23: 940/1641 Loss: 0.324304
2026-08-19 22:25: Train Epoch 23: 960/1641 Loss: 0.302569
2026-08-19 22:25: Train Epoch 23: 980/1641 Loss: 0.312434
2026-08-19 22:25: Train Epoch 23: 1000/1641 Loss: 0.324262
2026-08-19 22:25: Train Epoch 23: 1020/1641 Loss: 0.312344
2026-08-19 22:25: Train Epoch 23: 1040/1641 Loss: 0.317465
2026-08-19 22:25: Train Epoch 23: 1060/1641 Loss: 0.318211
2026-08-19 22:25: Train Epoch 23: 1080/1641 Loss: 0.293817
2026-08-19 22:25: Train Epoch 23: 1100/1641 Loss: 0.321524
2026-08-19 22:25: Train Epoch 23: 1120/1641 Loss: 0.330683
2026-08-19 22:25: Train Epoch 23: 1140/1641 Loss: 0.307790
2026-08-19 22:25: Train Epoch 23: 1160/1641 Loss: 0.310899
2026-08-19 22:25: Train Epoch 23: 1180/1641 Loss: 0.309643
2026-08-19 22:25: Train Epoch 23: 1200/1641 Loss: 0.323961
2026-08-19 22:25: Train Epoch 23: 1220/1641 Loss: 0.311611
2026-08-19 22:25: Train Epoch 23: 1240/1641 Loss: 0.310016
2026-08-19 22:25: Train Epoch 23: 1260/1641 Loss: 0.335483
2026-08-19 22:25: Train Epoch 23: 1280/1641 Loss: 0.311507
2026-08-19 22:25: Train Epoch 23: 1300/1641 Loss: 0.321396
2026-08-19 22:26: Train Epoch 23: 1320/1641 Loss: 0.316581
2026-08-19 22:26: Train Epoch 23: 1340/1641 Loss: 0.307393
2026-08-19 22:26: Train Epoch 23: 1360/1641 Loss: 0.321059
2026-08-19 22:26: Train Epoch 23: 1380/1641 Loss: 0.323734
2026-08-19 22:26: Train Epoch 23: 1400/1641 Loss: 0.317844
2026-08-19 22:26: Train Epoch 23: 1420/1641 Loss: 0.308856
2026-08-19 22:26: Train Epoch 23: 1440/1641 Loss: 0.312440
2026-08-19 22:26: Train Epoch 23: 1460/1641 Loss: 0.316863
2026-08-19 22:26: Train Epoch 23: 1480/1641 Loss: 0.312377
2026-08-19 22:26: Train Epoch 23: 1500/1641 Loss: 0.331061
2026-08-19 22:26: Train Epoch 23: 1520/1641 Loss: 0.311286
2026-08-19 22:26: Train Epoch 23: 1540/1641 Loss: 0.316745
2026-08-19 22:26: Train Epoch 23: 1560/1641 Loss: 0.305936
2026-08-19 22:26: Train Epoch 23: 1580/1641 Loss: 0.312479
2026-08-19 22:26: Train Epoch 23: 1600/1641 Loss: 0.300867
2026-08-19 22:26: Train Epoch 23: 1620/1641 Loss: 0.315661
2026-08-19 22:26: Train Epoch 23: 1640/1641 Loss: 0.305474
2026-08-19 22:26: **********Train Epoch 23: averaged Loss: 0.314725, tf_ratio: 0.000013
2026-08-19 22:27: **********Val Epoch 23: average Loss: 0.426312
2026-08-19 22:27: Validation performance didn't improve for 15 epochs. Training stops.
2026-08-19 22:27: Total training time: 94.1967min, best loss: 0.401637
2026-08-19 22:27: Saving current best model to /scratch/chkkar002/Diffusion_Based_STGNNs/AGCRN/model/experiments/SAWS/20260819205252/best_model.pth
2026-08-19 22:27: Horizon 01, MAE: 0.16, RMSE: 0.23, MAPE: 47.2181%
2026-08-19 22:27: Horizon 02, MAE: 0.21, RMSE: 0.31, MAPE: 63.1401%
2026-08-19 22:27: Horizon 03, MAE: 0.26, RMSE: 0.37, MAPE: 74.1214%
2026-08-19 22:27: Horizon 04, MAE: 0.29, RMSE: 0.41, MAPE: 80.8030%
2026-08-19 22:27: Horizon 05, MAE: 0.31, RMSE: 0.44, MAPE: 84.7415%
2026-08-19 22:27: Horizon 06, MAE: 0.33, RMSE: 0.46, MAPE: 88.3350%
2026-08-19 22:27: Horizon 07, MAE: 0.35, RMSE: 0.48, MAPE: 92.2332%
2026-08-19 22:27: Horizon 08, MAE: 0.36, RMSE: 0.50, MAPE: 93.7582%
2026-08-19 22:27: Horizon 09, MAE: 0.37, RMSE: 0.51, MAPE: 95.4443%
2026-08-19 22:27: Horizon 10, MAE: 0.38, RMSE: 0.53, MAPE: 96.3745%
2026-08-19 22:27: Horizon 11, MAE: 0.38, RMSE: 0.54, MAPE: 97.3939%
2026-08-19 22:27: Horizon 12, MAE: 0.39, RMSE: 0.54, MAPE: 97.8240%
2026-08-19 22:27: Horizon 13, MAE: 0.40, RMSE: 0.55, MAPE: 98.7685%
2026-08-19 22:27: Horizon 14, MAE: 0.40, RMSE: 0.56, MAPE: 100.5675%
2026-08-19 22:27: Horizon 15, MAE: 0.41, RMSE: 0.56, MAPE: 101.2679%
2026-08-19 22:27: Horizon 16, MAE: 0.41, RMSE: 0.57, MAPE: 102.7905%
2026-08-19 22:27: Horizon 17, MAE: 0.41, RMSE: 0.57, MAPE: 104.0071%
2026-08-19 22:27: Horizon 18, MAE: 0.42, RMSE: 0.58, MAPE: 104.4133%
2026-08-19 22:27: Horizon 19, MAE: 0.42, RMSE: 0.58, MAPE: 104.3436%
2026-08-19 22:27: Horizon 20, MAE: 0.42, RMSE: 0.59, MAPE: 105.2199%
2026-08-19 22:27: Horizon 21, MAE: 0.42, RMSE: 0.59, MAPE: 106.4011%
2026-08-19 22:27: Horizon 22, MAE: 0.43, RMSE: 0.60, MAPE: 107.1930%
2026-08-19 22:27: Horizon 23, MAE: 0.43, RMSE: 0.60, MAPE: 108.3261%
2026-08-19 22:27: Horizon 24, MAE: 0.43, RMSE: 0.61, MAPE: 109.5690%
2026-08-19 22:27: Horizon 25, MAE: 0.44, RMSE: 0.62, MAPE: 111.6254%
2026-08-19 22:27: Horizon 26, MAE: 0.45, RMSE: 0.63, MAPE: 113.5503%
2026-08-19 22:27: Horizon 27, MAE: 0.45, RMSE: 0.63, MAPE: 115.6807%
2026-08-19 22:27: Horizon 28, MAE: 0.46, RMSE: 0.64, MAPE: 116.7847%
2026-08-19 22:27: Horizon 29, MAE: 0.46, RMSE: 0.64, MAPE: 117.1081%
2026-08-19 22:27: Horizon 30, MAE: 0.47, RMSE: 0.65, MAPE: 117.7994%
2026-08-19 22:27: Horizon 31, MAE: 0.47, RMSE: 0.65, MAPE: 117.4151%
2026-08-19 22:27: Horizon 32, MAE: 0.47, RMSE: 0.65, MAPE: 116.5609%
2026-08-19 22:27: Horizon 33, MAE: 0.48, RMSE: 0.65, MAPE: 114.4342%
2026-08-19 22:27: Horizon 34, MAE: 0.48, RMSE: 0.65, MAPE: 113.7451%
2026-08-19 22:27: Horizon 35, MAE: 0.48, RMSE: 0.66, MAPE: 114.1602%
2026-08-19 22:27: Horizon 36, MAE: 0.48, RMSE: 0.66, MAPE: 114.4948%
2026-08-19 22:27: Horizon 37, MAE: 0.48, RMSE: 0.66, MAPE: 114.9243%
2026-08-19 22:27: Horizon 38, MAE: 0.48, RMSE: 0.66, MAPE: 114.7379%
2026-08-19 22:27: Horizon 39, MAE: 0.48, RMSE: 0.66, MAPE: 115.5402%
2026-08-19 22:27: Horizon 40, MAE: 0.49, RMSE: 0.66, MAPE: 116.2231%
2026-08-19 22:27: Horizon 41, MAE: 0.49, RMSE: 0.67, MAPE: 116.6190%
2026-08-19 22:27: Horizon 42, MAE: 0.49, RMSE: 0.66, MAPE: 116.6019%
2026-08-19 22:27: Horizon 43, MAE: 0.49, RMSE: 0.67, MAPE: 115.5451%
2026-08-19 22:27: Horizon 44, MAE: 0.49, RMSE: 0.67, MAPE: 116.0378%
2026-08-19 22:27: Horizon 45, MAE: 0.49, RMSE: 0.67, MAPE: 116.8007%
2026-08-19 22:27: Horizon 46, MAE: 0.49, RMSE: 0.67, MAPE: 117.9078%
2026-08-19 22:27: Horizon 47, MAE: 0.49, RMSE: 0.67, MAPE: 120.0171%
2026-08-19 22:27: Horizon 48, MAE: 0.49, RMSE: 0.67, MAPE: 120.6905%
2026-08-19 22:27: Average Horizon, MAE: 0.42, RMSE: 0.59, MAPE: 105.1898%
2026-08-19 22:27: VPT (threshold=0.50): mean=3.99 steps, median=2.00, std=5.16, range=[0, 48]
wandb: updating run metadata
wandb: uploading output.log; uploading wandb-summary.json; uploading config.yaml
wandb: uploading output.log
wandb: uploading summary, console lines 1967-2016
wandb: 
wandb: Run history:
wandb:          epoch ▁▁▁▁▂▂▂▂▂▃▃▃▃▃▄▄▄▄▄▄▅▅▅▅▅▅▅▆▆▆▆▆▇▇▇▇▇███
wandb:     train/loss █▅▅▄▄▄▄▄▃▃▃▃▃▂▂▂▂▂▂▁▁▁▁
wandb: train/tf_ratio ██████▇▆▅▃▂▂▁▁▁▁▁▁▁▁▁▁▁
wandb:       val/loss █▅▄▃▄▂▁▁▂▃▃▃▅▄▆▆▅▇▆▇█▇█
wandb: 
wandb: Run summary:
wandb:     best_val_loss 0.40164
wandb:             epoch 23
wandb:      test_vpt_max 48
wandb:     test_vpt_mean 3.98706
wandb:   test_vpt_median 2
wandb:      test_vpt_min 0
wandb:      test_vpt_std 5.16447
wandb:        train/loss 0.31472
wandb:    train/tf_ratio 1e-05
wandb: training_time_min 94.19665
wandb:                +1 ...
wandb: 
wandb: 🚀 View run AGCRN_realval at: https://wandb.ai/chkkar002-university-of-cape-town/stgnn-weather/runs/rscn8wxv
wandb: ⭐️ View project at: https://wandb.ai/chkkar002-university-of-cape-town/stgnn-weather
wandb: Synced 5 W&B file(s), 0 media file(s), 0 artifact file(s) and 0 other file(s)
wandb: Find logs at: ./wandb/run-20260819_205253-rscn8wxv/logs
/scratch/chkkar002/Diffusion_Based_STGNNs/AGCRN
Read configuration file: ./SAWS_AGCRN.conf
*****************Model Parameter*****************
node_embeddings torch.Size([32, 30]) True
encoder.dcrnn_cells.0.gate.weights_pool torch.Size([30, 2, 65, 128]) True
encoder.dcrnn_cells.0.gate.bias_pool torch.Size([30, 128]) True
encoder.dcrnn_cells.0.update.weights_pool torch.Size([30, 2, 65, 64]) True
encoder.dcrnn_cells.0.update.bias_pool torch.Size([30, 64]) True
encoder.dcrnn_cells.1.gate.weights_pool torch.Size([30, 2, 128, 128]) True
encoder.dcrnn_cells.1.gate.bias_pool torch.Size([30, 128]) True
encoder.dcrnn_cells.1.update.weights_pool torch.Size([30, 2, 128, 64]) True
encoder.dcrnn_cells.1.update.bias_pool torch.Size([30, 64]) True
end_conv.weight torch.Size([48, 1, 1, 64]) True
end_conv.bias torch.Size([48]) True
Total params num: 2238960
*****************Finish Parameter****************
Load SAWS Dataset shaped:  (87672, 32, 1) 100.0 1.0 67.06888 72.0
Normalize the dataset by Standard Normalization
[[[ 0.63293064]
  [-0.17247984]
  [-0.6387701 ]
  ...
  [-0.5963801 ]
  [-0.13008982]
  [-1.1898404 ]]

 [[ 0.6753206 ]
  [-0.04530977]
  [-0.6387701 ]
  ...
  [-0.7659402 ]
  [ 0.20903037]
  [-1.1898404 ]]

 [[ 0.63293064]
  [-0.08769979]
  [-0.46921   ]
  ...
  [-0.72355014]
  [ 0.16664036]
  [-1.2746204 ]]

 ...

 [[-0.68116015]
  [-1.7409108 ]
  [ 0.02772919]
  ...
  [ 1.0144408 ]
  [ 1.395951  ]
  [-0.7659402 ]]

 [[-0.29964992]
  [-0.29964992]
  [ 0.2146881 ]
  ...
  [ 1.268781  ]
  [ 1.395951  ]
  [ 0.2514204 ]]

 [[ 0.0818603 ]
  [ 0.03947028]
  [ 0.65372264]
  ...
  [ 1.353561  ]
  [ 1.395951  ]
  [ 0.5905406 ]]]
[[[ 0.2514204 ]
  [ 0.2514204 ]
  [ 0.7713373 ]
  ...
  [ 1.268781  ]
  [ 1.395951  ]
  [ 0.50576055]]

 [[ 0.50576055]
  [ 0.46337053]
  [ 0.8366105 ]
  ...
  [ 1.268781  ]
  [ 1.395951  ]
  [ 0.20903037]]

 [[ 0.63293064]
  [ 0.76010066]
  [ 0.92415667]
  ...
  [ 1.268781  ]
  [ 1.395951  ]
  [ 0.29381043]]

 ...

 [[ 1.226391  ]
  [-0.21486987]
  [ 0.29381043]
  ...
  [ 1.1416109 ]
  [ 0.76010066]
  [-0.2572599 ]]

 [[ 1.226391  ]
  [-0.5116    ]
  [-0.00291975]
  ...
  [ 1.226391  ]
  [ 0.5905406 ]
  [-0.55399007]]

 [[ 1.184001  ]
  [-0.8083302 ]
  [-0.17247984]
  ...
  [ 1.184001  ]
  [ 0.2514204 ]
  [-0.9778903 ]]]
[[[ 1.1416109 ]
  [-0.9778903 ]
  [-0.21486987]
  ...
  [ 1.268781  ]
  [ 0.16664036]
  [-1.1474504 ]]

 [[ 1.1416109 ]
  [-1.2746204 ]
  [-0.55399007]
  ...
  [ 1.184001  ]
  [ 0.03947028]
  [-1.1050603 ]]

 [[ 1.0144408 ]
  [-0.8083302 ]
  [-0.38442996]
  ...
  [ 1.1416109 ]
  [ 0.16664036]
  [-1.3594005 ]]

 ...

 [[ 0.6753206 ]
  [ 1.184001  ]
  [ 1.0066198 ]
  ...
  [ 0.75281584]
  [ 1.395951  ]
  [-0.00291975]]

 [[ 0.63293064]
  [ 1.1416109 ]
  [ 1.311171  ]
  ...
  [ 0.8328369 ]
  [ 1.395951  ]
  [ 0.20903037]]

 [[ 0.54815054]
  [ 1.0992209 ]
  [ 1.0992209 ]
  ...
  [ 0.63880473]
  [ 1.395951  ]
  [ 0.54815054]]]
Train:  (52533, 24, 32, 1) (52533, 48, 32, 1)
Val:  (17463, 24, 32, 1) (17463, 48, 32, 1)
Test:  (17463, 24, 32, 1) (17463, 48, 32, 1)
mae
Creat Log File in:  /scratch/chkkar002/Diffusion_Based_STGNNs/AGCRN/model/experiments/SAWS/20260819205252/run.log
=================================================================
Running Run.py | Seed: 3 | Teacher Forcing: False
=================================================================
/scratch/chkkar002/Diffusion_Based_STGNNs/AGCRN/lib/dataloader.py:80: UserWarning: The torch.cuda.*DtypeTensor constructors are no longer recommended. It's best to use methods such as torch.tensor(data, dtype=*, device='cuda') to create tensors. (Triggered internally at /pytorch/torch/csrc/tensor/python_tensor.cpp:78.)
  X, Y = TensorFloat(X), TensorFloat(Y)
wandb: [wandb.login()] Loaded credentials for https://api.wandb.ai from /home/chkkar002/.netrc.
wandb: Currently logged in as: chkkar002 (chkkar002-university-of-cape-town) to https://api.wandb.ai. Use `wandb login --relogin` to force relogin
wandb: WARNING Using a boolean value for 'reinit' is deprecated. Use 'return_previous' or 'finish_previous' instead.
wandb: setting up run kwtwi7zu
wandb: Tracking run with wandb version 0.26.1
wandb: Run data is saved locally in /scratch/chkkar002/Diffusion_Based_STGNNs/AGCRN/model/wandb/run-20260819_222740-kwtwi7zu
wandb: Run `wandb offline` to turn off syncing.
wandb: Syncing run AGCRN_realval
wandb: ⭐️ View project at https://wandb.ai/chkkar002-university-of-cape-town/stgnn-weather
wandb: 🚀 View run at https://wandb.ai/chkkar002-university-of-cape-town/stgnn-weather/runs/kwtwi7zu
2026-08-19 22:27: Experiment log path in: /scratch/chkkar002/Diffusion_Based_STGNNs/AGCRN/model/experiments/SAWS/20260819222740
2026-08-19 22:27: Train Epoch 1: 0/1641 Loss: 0.977144
2026-08-19 22:27: Train Epoch 1: 20/1641 Loss: 0.819538
2026-08-19 22:27: Train Epoch 1: 40/1641 Loss: 0.886769
2026-08-19 22:27: Train Epoch 1: 60/1641 Loss: 0.776601
2026-08-19 22:27: Train Epoch 1: 80/1641 Loss: 0.771342
2026-08-19 22:27: Train Epoch 1: 100/1641 Loss: 0.877310
2026-08-19 22:27: Train Epoch 1: 120/1641 Loss: 0.711920
2026-08-19 22:28: Train Epoch 1: 140/1641 Loss: 0.767114
2026-08-19 22:28: Train Epoch 1: 160/1641 Loss: 0.768289
2026-08-19 22:28: Train Epoch 1: 180/1641 Loss: 0.751227
2026-08-19 22:28: Train Epoch 1: 200/1641 Loss: 0.747314
2026-08-19 22:28: Train Epoch 1: 220/1641 Loss: 0.743506
2026-08-19 22:28: Train Epoch 1: 240/1641 Loss: 0.740148
2026-08-19 22:28: Train Epoch 1: 260/1641 Loss: 0.718938
2026-08-19 22:28: Train Epoch 1: 280/1641 Loss: 0.697700
2026-08-19 22:28: Train Epoch 1: 300/1641 Loss: 0.656179
2026-08-19 22:28: Train Epoch 1: 320/1641 Loss: 0.646524
2026-08-19 22:28: Train Epoch 1: 340/1641 Loss: 0.610710
2026-08-19 22:28: Train Epoch 1: 360/1641 Loss: 0.604593
2026-08-19 22:28: Train Epoch 1: 380/1641 Loss: 0.615193
2026-08-19 22:28: Train Epoch 1: 400/1641 Loss: 0.548185
2026-08-19 22:28: Train Epoch 1: 420/1641 Loss: 0.541972
2026-08-19 22:28: Train Epoch 1: 440/1641 Loss: 0.552603
2026-08-19 22:28: Train Epoch 1: 460/1641 Loss: 0.529136
2026-08-19 22:28: Train Epoch 1: 480/1641 Loss: 0.502664
2026-08-19 22:28: Train Epoch 1: 500/1641 Loss: 0.511004
2026-08-19 22:28: Train Epoch 1: 520/1641 Loss: 0.483035
2026-08-19 22:28: Train Epoch 1: 540/1641 Loss: 0.485905
2026-08-19 22:28: Train Epoch 1: 560/1641 Loss: 0.485161
2026-08-19 22:29: Train Epoch 1: 580/1641 Loss: 0.516852
2026-08-19 22:29: Train Epoch 1: 600/1641 Loss: 0.492092
2026-08-19 22:29: Train Epoch 1: 620/1641 Loss: 0.502109
2026-08-19 22:29: Train Epoch 1: 640/1641 Loss: 0.469038
2026-08-19 22:29: Train Epoch 1: 660/1641 Loss: 0.485391
2026-08-19 22:29: Train Epoch 1: 680/1641 Loss: 0.520999
2026-08-19 22:29: Train Epoch 1: 700/1641 Loss: 0.488910
2026-08-19 22:29: Train Epoch 1: 720/1641 Loss: 0.460971
2026-08-19 22:29: Train Epoch 1: 740/1641 Loss: 0.492307
2026-08-19 22:29: Train Epoch 1: 760/1641 Loss: 0.491963
2026-08-19 22:29: Train Epoch 1: 780/1641 Loss: 0.495211
2026-08-19 22:29: Train Epoch 1: 800/1641 Loss: 0.494164
2026-08-19 22:29: Train Epoch 1: 820/1641 Loss: 0.464191
2026-08-19 22:29: Train Epoch 1: 840/1641 Loss: 0.490690
2026-08-19 22:29: Train Epoch 1: 860/1641 Loss: 0.484174
2026-08-19 22:29: Train Epoch 1: 880/1641 Loss: 0.451488
2026-08-19 22:29: Train Epoch 1: 900/1641 Loss: 0.470625
2026-08-19 22:29: Train Epoch 1: 920/1641 Loss: 0.444268
2026-08-19 22:29: Train Epoch 1: 940/1641 Loss: 0.457980
2026-08-19 22:29: Train Epoch 1: 960/1641 Loss: 0.471049
2026-08-19 22:29: Train Epoch 1: 980/1641 Loss: 0.495979
2026-08-19 22:29: Train Epoch 1: 1000/1641 Loss: 0.459843
2026-08-19 22:30: Train Epoch 1: 1020/1641 Loss: 0.473165
2026-08-19 22:30: Train Epoch 1: 1040/1641 Loss: 0.467801
2026-08-19 22:30: Train Epoch 1: 1060/1641 Loss: 0.466925
2026-08-19 22:30: Train Epoch 1: 1080/1641 Loss: 0.446362
2026-08-19 22:30: Train Epoch 1: 1100/1641 Loss: 0.471511
2026-08-19 22:30: Train Epoch 1: 1120/1641 Loss: 0.435631
2026-08-19 22:30: Train Epoch 1: 1140/1641 Loss: 0.443772
2026-08-19 22:30: Train Epoch 1: 1160/1641 Loss: 0.427630
2026-08-19 22:30: Train Epoch 1: 1180/1641 Loss: 0.437770
2026-08-19 22:30: Train Epoch 1: 1200/1641 Loss: 0.512723
2026-08-19 22:30: Train Epoch 1: 1220/1641 Loss: 0.494542
2026-08-19 22:30: Train Epoch 1: 1240/1641 Loss: 0.464601
2026-08-19 22:30: Train Epoch 1: 1260/1641 Loss: 0.434384
2026-08-19 22:30: Train Epoch 1: 1280/1641 Loss: 0.461957
2026-08-19 22:30: Train Epoch 1: 1300/1641 Loss: 0.433761
2026-08-19 22:30: Train Epoch 1: 1320/1641 Loss: 0.450959
2026-08-19 22:30: Train Epoch 1: 1340/1641 Loss: 0.450990
2026-08-19 22:30: Train Epoch 1: 1360/1641 Loss: 0.472557
2026-08-19 22:30: Train Epoch 1: 1380/1641 Loss: 0.451711
2026-08-19 22:30: Train Epoch 1: 1400/1641 Loss: 0.444622
2026-08-19 22:30: Train Epoch 1: 1420/1641 Loss: 0.447682
2026-08-19 22:30: Train Epoch 1: 1440/1641 Loss: 0.445668
2026-08-19 22:31: Train Epoch 1: 1460/1641 Loss: 0.417327
2026-08-19 22:31: Train Epoch 1: 1480/1641 Loss: 0.437411
2026-08-19 22:31: Train Epoch 1: 1500/1641 Loss: 0.494042
2026-08-19 22:31: Train Epoch 1: 1520/1641 Loss: 0.458327
2026-08-19 22:31: Train Epoch 1: 1540/1641 Loss: 0.467218
2026-08-19 22:31: Train Epoch 1: 1560/1641 Loss: 0.470680
2026-08-19 22:31: Train Epoch 1: 1580/1641 Loss: 0.458179
2026-08-19 22:31: Train Epoch 1: 1600/1641 Loss: 0.447500
2026-08-19 22:31: Train Epoch 1: 1620/1641 Loss: 0.401484
2026-08-19 22:31: Train Epoch 1: 1640/1641 Loss: 0.478196
2026-08-19 22:31: **********Train Epoch 1: averaged Loss: 0.539234, tf_ratio: 0.998866
2026-08-19 22:31: **********Val Epoch 1: average Loss: 0.429024
2026-08-19 22:31: *********************************Current best model saved!
2026-08-19 22:31: Train Epoch 2: 0/1641 Loss: 0.476424
2026-08-19 22:31: Train Epoch 2: 20/1641 Loss: 0.458725
2026-08-19 22:31: Train Epoch 2: 40/1641 Loss: 0.460460
2026-08-19 22:31: Train Epoch 2: 60/1641 Loss: 0.472874
2026-08-19 22:31: Train Epoch 2: 80/1641 Loss: 0.459701
2026-08-19 22:32: Train Epoch 2: 100/1641 Loss: 0.447376
2026-08-19 22:32: Train Epoch 2: 120/1641 Loss: 0.455123
2026-08-19 22:32: Train Epoch 2: 140/1641 Loss: 0.472793
2026-08-19 22:32: Train Epoch 2: 160/1641 Loss: 0.447898
2026-08-19 22:32: Train Epoch 2: 180/1641 Loss: 0.429831
2026-08-19 22:32: Train Epoch 2: 200/1641 Loss: 0.445913
2026-08-19 22:32: Train Epoch 2: 220/1641 Loss: 0.429857
2026-08-19 22:32: Train Epoch 2: 240/1641 Loss: 0.459327
2026-08-19 22:32: Train Epoch 2: 260/1641 Loss: 0.452374
2026-08-19 22:32: Train Epoch 2: 280/1641 Loss: 0.420383
2026-08-19 22:32: Train Epoch 2: 300/1641 Loss: 0.457856
2026-08-19 22:32: Train Epoch 2: 320/1641 Loss: 0.465662
2026-08-19 22:32: Train Epoch 2: 340/1641 Loss: 0.433192
2026-08-19 22:32: Train Epoch 2: 360/1641 Loss: 0.443398
2026-08-19 22:32: Train Epoch 2: 380/1641 Loss: 0.424451
2026-08-19 22:32: Train Epoch 2: 400/1641 Loss: 0.436222
2026-08-19 22:32: Train Epoch 2: 420/1641 Loss: 0.463465
2026-08-19 22:32: Train Epoch 2: 440/1641 Loss: 0.461379
2026-08-19 22:32: Train Epoch 2: 460/1641 Loss: 0.407838
2026-08-19 22:32: Train Epoch 2: 480/1641 Loss: 0.442472
2026-08-19 22:32: Train Epoch 2: 500/1641 Loss: 0.418256
2026-08-19 22:32: Train Epoch 2: 520/1641 Loss: 0.468991
2026-08-19 22:32: Train Epoch 2: 540/1641 Loss: 0.431336
2026-08-19 22:33: Train Epoch 2: 560/1641 Loss: 0.440982
2026-08-19 22:33: Train Epoch 2: 580/1641 Loss: 0.452363
2026-08-19 22:33: Train Epoch 2: 600/1641 Loss: 0.444320
2026-08-19 22:33: Train Epoch 2: 620/1641 Loss: 0.488211
2026-08-19 22:33: Train Epoch 2: 640/1641 Loss: 0.485559
2026-08-19 22:33: Train Epoch 2: 660/1641 Loss: 0.434985
2026-08-19 22:33: Train Epoch 2: 680/1641 Loss: 0.427700
2026-08-19 22:33: Train Epoch 2: 700/1641 Loss: 0.414314
2026-08-19 22:33: Train Epoch 2: 720/1641 Loss: 0.456264
2026-08-19 22:33: Train Epoch 2: 740/1641 Loss: 0.470892
2026-08-19 22:33: Train Epoch 2: 760/1641 Loss: 0.481635
2026-08-19 22:33: Train Epoch 2: 780/1641 Loss: 0.425037
2026-08-19 22:33: Train Epoch 2: 800/1641 Loss: 0.432488
2026-08-19 22:33: Train Epoch 2: 820/1641 Loss: 0.439545
2026-08-19 22:33: Train Epoch 2: 840/1641 Loss: 0.448563
2026-08-19 22:33: Train Epoch 2: 860/1641 Loss: 0.462838
2026-08-19 22:33: Train Epoch 2: 880/1641 Loss: 0.444254
2026-08-19 22:33: Train Epoch 2: 900/1641 Loss: 0.425967
2026-08-19 22:33: Train Epoch 2: 920/1641 Loss: 0.456445
2026-08-19 22:33: Train Epoch 2: 940/1641 Loss: 0.453247
2026-08-19 22:33: Train Epoch 2: 960/1641 Loss: 0.436793
2026-08-19 22:33: Train Epoch 2: 980/1641 Loss: 0.439709
2026-08-19 22:34: Train Epoch 2: 1000/1641 Loss: 0.450485
2026-08-19 22:34: Train Epoch 2: 1020/1641 Loss: 0.437922
2026-08-19 22:34: Train Epoch 2: 1040/1641 Loss: 0.448223
2026-08-19 22:34: Train Epoch 2: 1060/1641 Loss: 0.459516
2026-08-19 22:34: Train Epoch 2: 1080/1641 Loss: 0.469309
2026-08-19 22:34: Train Epoch 2: 1100/1641 Loss: 0.429494
2026-08-19 22:34: Train Epoch 2: 1120/1641 Loss: 0.439429
2026-08-19 22:34: Train Epoch 2: 1140/1641 Loss: 0.444438
2026-08-19 22:34: Train Epoch 2: 1160/1641 Loss: 0.477109
2026-08-19 22:34: Train Epoch 2: 1180/1641 Loss: 0.443798
2026-08-19 22:34: Train Epoch 2: 1200/1641 Loss: 0.444634
2026-08-19 22:34: Train Epoch 2: 1220/1641 Loss: 0.447854
2026-08-19 22:34: Train Epoch 2: 1240/1641 Loss: 0.441308
2026-08-19 22:34: Train Epoch 2: 1260/1641 Loss: 0.422685
2026-08-19 22:34: Train Epoch 2: 1280/1641 Loss: 0.467445
2026-08-19 22:34: Train Epoch 2: 1300/1641 Loss: 0.431275
2026-08-19 22:34: Train Epoch 2: 1320/1641 Loss: 0.462032
2026-08-19 22:34: Train Epoch 2: 1340/1641 Loss: 0.416683
2026-08-19 22:34: Train Epoch 2: 1360/1641 Loss: 0.466156
2026-08-19 22:34: Train Epoch 2: 1380/1641 Loss: 0.433356
2026-08-19 22:34: Train Epoch 2: 1400/1641 Loss: 0.444770
2026-08-19 22:34: Train Epoch 2: 1420/1641 Loss: 0.428529
2026-08-19 22:35: Train Epoch 2: 1440/1641 Loss: 0.459416
2026-08-19 22:35: Train Epoch 2: 1460/1641 Loss: 0.452603
2026-08-19 22:35: Train Epoch 2: 1480/1641 Loss: 0.445432
2026-08-19 22:35: Train Epoch 2: 1500/1641 Loss: 0.457815
2026-08-19 22:35: Train Epoch 2: 1520/1641 Loss: 0.434853
2026-08-19 22:35: Train Epoch 2: 1540/1641 Loss: 0.423858
2026-08-19 22:35: Train Epoch 2: 1560/1641 Loss: 0.422205
2026-08-19 22:35: Train Epoch 2: 1580/1641 Loss: 0.432298
2026-08-19 22:35: Train Epoch 2: 1600/1641 Loss: 0.437859
2026-08-19 22:35: Train Epoch 2: 1620/1641 Loss: 0.434166
2026-08-19 22:35: Train Epoch 2: 1640/1641 Loss: 0.419356
2026-08-19 22:35: **********Train Epoch 2: averaged Loss: 0.443468, tf_ratio: 0.997428
2026-08-19 22:35: **********Val Epoch 2: average Loss: 0.417836
2026-08-19 22:35: *********************************Current best model saved!
2026-08-19 22:35: Train Epoch 3: 0/1641 Loss: 0.422600
2026-08-19 22:35: Train Epoch 3: 20/1641 Loss: 0.409768
2026-08-19 22:35: Train Epoch 3: 40/1641 Loss: 0.421119
2026-08-19 22:35: Train Epoch 3: 60/1641 Loss: 0.417523
2026-08-19 22:36: Train Epoch 3: 80/1641 Loss: 0.445355
2026-08-19 22:36: Train Epoch 3: 100/1641 Loss: 0.458966
2026-08-19 22:36: Train Epoch 3: 120/1641 Loss: 0.406813
2026-08-19 22:36: Train Epoch 3: 140/1641 Loss: 0.430437
2026-08-19 22:36: Train Epoch 3: 160/1641 Loss: 0.441515
2026-08-19 22:36: Train Epoch 3: 180/1641 Loss: 0.435956
2026-08-19 22:36: Train Epoch 3: 200/1641 Loss: 0.428974
2026-08-19 22:36: Train Epoch 3: 220/1641 Loss: 0.433474
2026-08-19 22:36: Train Epoch 3: 240/1641 Loss: 0.425532
2026-08-19 22:36: Train Epoch 3: 260/1641 Loss: 0.441154
2026-08-19 22:36: Train Epoch 3: 280/1641 Loss: 0.369649
2026-08-19 22:36: Train Epoch 3: 300/1641 Loss: 0.433532
2026-08-19 22:36: Train Epoch 3: 320/1641 Loss: 0.439164
2026-08-19 22:36: Train Epoch 3: 340/1641 Loss: 0.450260
2026-08-19 22:36: Train Epoch 3: 360/1641 Loss: 0.408022
2026-08-19 22:36: Train Epoch 3: 380/1641 Loss: 0.410330
2026-08-19 22:36: Train Epoch 3: 400/1641 Loss: 0.459728
2026-08-19 22:36: Train Epoch 3: 420/1641 Loss: 0.413290
2026-08-19 22:36: Train Epoch 3: 440/1641 Loss: 0.418795
2026-08-19 22:36: Train Epoch 3: 460/1641 Loss: 0.453053
2026-08-19 22:36: Train Epoch 3: 480/1641 Loss: 0.424453
2026-08-19 22:36: Train Epoch 3: 500/1641 Loss: 0.413577
2026-08-19 22:37: Train Epoch 3: 520/1641 Loss: 0.402870
2026-08-19 22:37: Train Epoch 3: 540/1641 Loss: 0.431585
2026-08-19 22:37: Train Epoch 3: 560/1641 Loss: 0.405761
2026-08-19 22:37: Train Epoch 3: 580/1641 Loss: 0.437821
2026-08-19 22:37: Train Epoch 3: 600/1641 Loss: 0.409930
2026-08-19 22:37: Train Epoch 3: 620/1641 Loss: 0.455287
2026-08-19 22:37: Train Epoch 3: 640/1641 Loss: 0.428730
2026-08-19 22:37: Train Epoch 3: 660/1641 Loss: 0.425587
2026-08-19 22:37: Train Epoch 3: 680/1641 Loss: 0.450920
2026-08-19 22:37: Train Epoch 3: 700/1641 Loss: 0.415506
2026-08-19 22:37: Train Epoch 3: 720/1641 Loss: 0.468785
2026-08-19 22:37: Train Epoch 3: 740/1641 Loss: 0.427669
2026-08-19 22:37: Train Epoch 3: 760/1641 Loss: 0.423407
2026-08-19 22:37: Train Epoch 3: 780/1641 Loss: 0.399522
2026-08-19 22:37: Train Epoch 3: 800/1641 Loss: 0.454750
2026-08-19 22:37: Train Epoch 3: 820/1641 Loss: 0.446878
2026-08-19 22:37: Train Epoch 3: 840/1641 Loss: 0.453821
2026-08-19 22:37: Train Epoch 3: 860/1641 Loss: 0.476592
2026-08-19 22:37: Train Epoch 3: 880/1641 Loss: 0.416287
2026-08-19 22:37: Train Epoch 3: 900/1641 Loss: 0.440692
2026-08-19 22:37: Train Epoch 3: 920/1641 Loss: 0.481398
2026-08-19 22:37: Train Epoch 3: 940/1641 Loss: 0.433212
2026-08-19 22:37: Train Epoch 3: 960/1641 Loss: 0.387381
2026-08-19 22:38: Train Epoch 3: 980/1641 Loss: 0.422642
2026-08-19 22:38: Train Epoch 3: 1000/1641 Loss: 0.433665
2026-08-19 22:38: Train Epoch 3: 1020/1641 Loss: 0.400797
2026-08-19 22:38: Train Epoch 3: 1040/1641 Loss: 0.463656
2026-08-19 22:38: Train Epoch 3: 1060/1641 Loss: 0.438430
2026-08-19 22:38: Train Epoch 3: 1080/1641 Loss: 0.435205
2026-08-19 22:38: Train Epoch 3: 1100/1641 Loss: 0.431138
2026-08-19 22:38: Train Epoch 3: 1120/1641 Loss: 0.428672
2026-08-19 22:38: Train Epoch 3: 1140/1641 Loss: 0.429774
2026-08-19 22:38: Train Epoch 3: 1160/1641 Loss: 0.444053
2026-08-19 22:38: Train Epoch 3: 1180/1641 Loss: 0.431697
2026-08-19 22:38: Train Epoch 3: 1200/1641 Loss: 0.439322
2026-08-19 22:38: Train Epoch 3: 1220/1641 Loss: 0.421841
2026-08-19 22:38: Train Epoch 3: 1240/1641 Loss: 0.402811
2026-08-19 22:38: Train Epoch 3: 1260/1641 Loss: 0.417621
2026-08-19 22:38: Train Epoch 3: 1280/1641 Loss: 0.433756
2026-08-19 22:38: Train Epoch 3: 1300/1641 Loss: 0.430837
2026-08-19 22:38: Train Epoch 3: 1320/1641 Loss: 0.438798
2026-08-19 22:38: Train Epoch 3: 1340/1641 Loss: 0.426509
2026-08-19 22:38: Train Epoch 3: 1360/1641 Loss: 0.424760
2026-08-19 22:38: Train Epoch 3: 1380/1641 Loss: 0.440679
2026-08-19 22:38: Train Epoch 3: 1400/1641 Loss: 0.418158
2026-08-19 22:39: Train Epoch 3: 1420/1641 Loss: 0.453178
2026-08-19 22:39: Train Epoch 3: 1440/1641 Loss: 0.430085
2026-08-19 22:39: Train Epoch 3: 1460/1641 Loss: 0.418403
2026-08-19 22:39: Train Epoch 3: 1480/1641 Loss: 0.465999
2026-08-19 22:39: Train Epoch 3: 1500/1641 Loss: 0.405734
2026-08-19 22:39: Train Epoch 3: 1520/1641 Loss: 0.435101
2026-08-19 22:39: Train Epoch 3: 1540/1641 Loss: 0.411470
2026-08-19 22:39: Train Epoch 3: 1560/1641 Loss: 0.429531
2026-08-19 22:39: Train Epoch 3: 1580/1641 Loss: 0.420143
2026-08-19 22:39: Train Epoch 3: 1600/1641 Loss: 0.429657
2026-08-19 22:39: Train Epoch 3: 1620/1641 Loss: 0.415140
2026-08-19 22:39: Train Epoch 3: 1640/1641 Loss: 0.464268
2026-08-19 22:39: **********Train Epoch 3: averaged Loss: 0.431614, tf_ratio: 0.994176
2026-08-19 22:39: **********Val Epoch 3: average Loss: 0.410482
2026-08-19 22:39: *********************************Current best model saved!
2026-08-19 22:39: Train Epoch 4: 0/1641 Loss: 0.398149
2026-08-19 22:39: Train Epoch 4: 20/1641 Loss: 0.396670
2026-08-19 22:39: Train Epoch 4: 40/1641 Loss: 0.407207
2026-08-19 22:40: Train Epoch 4: 60/1641 Loss: 0.451457
2026-08-19 22:40: Train Epoch 4: 80/1641 Loss: 0.409071
2026-08-19 22:40: Train Epoch 4: 100/1641 Loss: 0.421084
2026-08-19 22:40: Train Epoch 4: 120/1641 Loss: 0.423509
2026-08-19 22:40: Train Epoch 4: 140/1641 Loss: 0.399598
2026-08-19 22:40: Train Epoch 4: 160/1641 Loss: 0.423021
2026-08-19 22:40: Train Epoch 4: 180/1641 Loss: 0.397203
2026-08-19 22:40: Train Epoch 4: 200/1641 Loss: 0.425987
2026-08-19 22:40: Train Epoch 4: 220/1641 Loss: 0.408847
2026-08-19 22:40: Train Epoch 4: 240/1641 Loss: 0.415594
2026-08-19 22:40: Train Epoch 4: 260/1641 Loss: 0.421884
2026-08-19 22:40: Train Epoch 4: 280/1641 Loss: 0.420428
2026-08-19 22:40: Train Epoch 4: 300/1641 Loss: 0.448633
2026-08-19 22:40: Train Epoch 4: 320/1641 Loss: 0.437197
2026-08-19 22:40: Train Epoch 4: 340/1641 Loss: 0.437384
2026-08-19 22:40: Train Epoch 4: 360/1641 Loss: 0.419026
2026-08-19 22:40: Train Epoch 4: 380/1641 Loss: 0.411632
2026-08-19 22:40: Train Epoch 4: 400/1641 Loss: 0.397964
2026-08-19 22:40: Train Epoch 4: 420/1641 Loss: 0.393095
2026-08-19 22:40: Train Epoch 4: 440/1641 Loss: 0.424791
2026-08-19 22:40: Train Epoch 4: 460/1641 Loss: 0.404821
2026-08-19 22:40: Train Epoch 4: 480/1641 Loss: 0.424993
2026-08-19 22:41: Train Epoch 4: 500/1641 Loss: 0.407765
2026-08-19 22:41: Train Epoch 4: 520/1641 Loss: 0.409443
2026-08-19 22:41: Train Epoch 4: 540/1641 Loss: 0.431125
2026-08-19 22:41: Train Epoch 4: 560/1641 Loss: 0.426843
2026-08-19 22:41: Train Epoch 4: 580/1641 Loss: 0.419603
2026-08-19 22:41: Train Epoch 4: 600/1641 Loss: 0.428486
2026-08-19 22:41: Train Epoch 4: 620/1641 Loss: 0.432851
2026-08-19 22:41: Train Epoch 4: 640/1641 Loss: 0.436087
2026-08-19 22:41: Train Epoch 4: 660/1641 Loss: 0.414046
2026-08-19 22:41: Train Epoch 4: 680/1641 Loss: 0.472294
2026-08-19 22:41: Train Epoch 4: 700/1641 Loss: 0.420718
2026-08-19 22:41: Train Epoch 4: 720/1641 Loss: 0.448000
2026-08-19 22:41: Train Epoch 4: 740/1641 Loss: 0.421344
2026-08-19 22:41: Train Epoch 4: 760/1641 Loss: 0.394029
2026-08-19 22:41: Train Epoch 4: 780/1641 Loss: 0.443942
2026-08-19 22:41: Train Epoch 4: 800/1641 Loss: 0.403064
2026-08-19 22:41: Train Epoch 4: 820/1641 Loss: 0.448904
2026-08-19 22:41: Train Epoch 4: 840/1641 Loss: 0.433569
2026-08-19 22:41: Train Epoch 4: 860/1641 Loss: 0.426238
2026-08-19 22:41: Train Epoch 4: 880/1641 Loss: 0.416360
2026-08-19 22:41: Train Epoch 4: 900/1641 Loss: 0.415052
2026-08-19 22:41: Train Epoch 4: 920/1641 Loss: 0.431843
2026-08-19 22:41: Train Epoch 4: 940/1641 Loss: 0.440591
2026-08-19 22:42: Train Epoch 4: 960/1641 Loss: 0.436261
2026-08-19 22:42: Train Epoch 4: 980/1641 Loss: 0.449408
2026-08-19 22:42: Train Epoch 4: 1000/1641 Loss: 0.438986
2026-08-19 22:42: Train Epoch 4: 1020/1641 Loss: 0.432654
2026-08-19 22:42: Train Epoch 4: 1040/1641 Loss: 0.437356
2026-08-19 22:42: Train Epoch 4: 1060/1641 Loss: 0.411649
2026-08-19 22:42: Train Epoch 4: 1080/1641 Loss: 0.397002
2026-08-19 22:42: Train Epoch 4: 1100/1641 Loss: 0.428624
2026-08-19 22:42: Train Epoch 4: 1120/1641 Loss: 0.412346
2026-08-19 22:42: Train Epoch 4: 1140/1641 Loss: 0.421652
2026-08-19 22:42: Train Epoch 4: 1160/1641 Loss: 0.401182
2026-08-19 22:42: Train Epoch 4: 1180/1641 Loss: 0.430449
2026-08-19 22:42: Train Epoch 4: 1200/1641 Loss: 0.407170
2026-08-19 22:42: Train Epoch 4: 1220/1641 Loss: 0.426274
2026-08-19 22:42: Train Epoch 4: 1240/1641 Loss: 0.406536
2026-08-19 22:42: Train Epoch 4: 1260/1641 Loss: 0.426385
2026-08-19 22:42: Train Epoch 4: 1280/1641 Loss: 0.413762
2026-08-19 22:42: Train Epoch 4: 1300/1641 Loss: 0.418656
2026-08-19 22:42: Train Epoch 4: 1320/1641 Loss: 0.412965
2026-08-19 22:42: Train Epoch 4: 1340/1641 Loss: 0.410640
2026-08-19 22:42: Train Epoch 4: 1360/1641 Loss: 0.457617
2026-08-19 22:42: Train Epoch 4: 1380/1641 Loss: 0.424127
2026-08-19 22:43: Train Epoch 4: 1400/1641 Loss: 0.430106
2026-08-19 22:43: Train Epoch 4: 1420/1641 Loss: 0.404654
2026-08-19 22:43: Train Epoch 4: 1440/1641 Loss: 0.411747
2026-08-19 22:43: Train Epoch 4: 1460/1641 Loss: 0.411650
2026-08-19 22:43: Train Epoch 4: 1480/1641 Loss: 0.435542
2026-08-19 22:43: Train Epoch 4: 1500/1641 Loss: 0.434414
2026-08-19 22:43: Train Epoch 4: 1520/1641 Loss: 0.427340
2026-08-19 22:43: Train Epoch 4: 1540/1641 Loss: 0.414187
2026-08-19 22:43: Train Epoch 4: 1560/1641 Loss: 0.451711
2026-08-19 22:43: Train Epoch 4: 1580/1641 Loss: 0.394172
2026-08-19 22:43: Train Epoch 4: 1600/1641 Loss: 0.426310
2026-08-19 22:43: Train Epoch 4: 1620/1641 Loss: 0.427014
2026-08-19 22:43: Train Epoch 4: 1640/1641 Loss: 0.402640
2026-08-19 22:43: **********Train Epoch 4: averaged Loss: 0.423548, tf_ratio: 0.986867
2026-08-19 22:43: **********Val Epoch 4: average Loss: 0.409094
2026-08-19 22:43: *********************************Current best model saved!
2026-08-19 22:43: Train Epoch 5: 0/1641 Loss: 0.477156
2026-08-19 22:43: Train Epoch 5: 20/1641 Loss: 0.390152
2026-08-19 22:44: Train Epoch 5: 40/1641 Loss: 0.422629
2026-08-19 22:44: Train Epoch 5: 60/1641 Loss: 0.403306
2026-08-19 22:44: Train Epoch 5: 80/1641 Loss: 0.428447
2026-08-19 22:44: Train Epoch 5: 100/1641 Loss: 0.437095
2026-08-19 22:44: Train Epoch 5: 120/1641 Loss: 0.439416
2026-08-19 22:44: Train Epoch 5: 140/1641 Loss: 0.444413
2026-08-19 22:44: Train Epoch 5: 160/1641 Loss: 0.410069
2026-08-19 22:44: Train Epoch 5: 180/1641 Loss: 0.416502
2026-08-19 22:44: Train Epoch 5: 200/1641 Loss: 0.418062
2026-08-19 22:44: Train Epoch 5: 220/1641 Loss: 0.422049
2026-08-19 22:44: Train Epoch 5: 240/1641 Loss: 0.376745
2026-08-19 22:44: Train Epoch 5: 260/1641 Loss: 0.408283
2026-08-19 22:44: Train Epoch 5: 280/1641 Loss: 0.450703
2026-08-19 22:44: Train Epoch 5: 300/1641 Loss: 0.416135
2026-08-19 22:44: Train Epoch 5: 320/1641 Loss: 0.443265
2026-08-19 22:44: Train Epoch 5: 340/1641 Loss: 0.432151
2026-08-19 22:44: Train Epoch 5: 360/1641 Loss: 0.436660
2026-08-19 22:44: Train Epoch 5: 380/1641 Loss: 0.411395
2026-08-19 22:44: Train Epoch 5: 400/1641 Loss: 0.404403
2026-08-19 22:44: Train Epoch 5: 420/1641 Loss: 0.408548
2026-08-19 22:44: Train Epoch 5: 440/1641 Loss: 0.413137
2026-08-19 22:44: Train Epoch 5: 460/1641 Loss: 0.410433
2026-08-19 22:44: Train Epoch 5: 480/1641 Loss: 0.435249
2026-08-19 22:45: Train Epoch 5: 500/1641 Loss: 0.426398
2026-08-19 22:45: Train Epoch 5: 520/1641 Loss: 0.447208
2026-08-19 22:45: Train Epoch 5: 540/1641 Loss: 0.397527
2026-08-19 22:45: Train Epoch 5: 560/1641 Loss: 0.405329
2026-08-19 22:45: Train Epoch 5: 580/1641 Loss: 0.439806
2026-08-19 22:45: Train Epoch 5: 600/1641 Loss: 0.418578
2026-08-19 22:45: Train Epoch 5: 620/1641 Loss: 0.404980
2026-08-19 22:45: Train Epoch 5: 640/1641 Loss: 0.451686
2026-08-19 22:45: Train Epoch 5: 660/1641 Loss: 0.417627
2026-08-19 22:45: Train Epoch 5: 680/1641 Loss: 0.430582
2026-08-19 22:45: Train Epoch 5: 700/1641 Loss: 0.428501
2026-08-19 22:45: Train Epoch 5: 720/1641 Loss: 0.396360
2026-08-19 22:45: Train Epoch 5: 740/1641 Loss: 0.428119
2026-08-19 22:45: Train Epoch 5: 760/1641 Loss: 0.416676
2026-08-19 22:45: Train Epoch 5: 780/1641 Loss: 0.428534
2026-08-19 22:45: Train Epoch 5: 800/1641 Loss: 0.401367
2026-08-19 22:45: Train Epoch 5: 820/1641 Loss: 0.426772
2026-08-19 22:45: Train Epoch 5: 840/1641 Loss: 0.421220
2026-08-19 22:45: Train Epoch 5: 860/1641 Loss: 0.397820
2026-08-19 22:45: Train Epoch 5: 880/1641 Loss: 0.424785
2026-08-19 22:45: Train Epoch 5: 900/1641 Loss: 0.417343
2026-08-19 22:45: Train Epoch 5: 920/1641 Loss: 0.393765
2026-08-19 22:46: Train Epoch 5: 940/1641 Loss: 0.409054
2026-08-19 22:46: Train Epoch 5: 960/1641 Loss: 0.427143
2026-08-19 22:46: Train Epoch 5: 980/1641 Loss: 0.419132
2026-08-19 22:46: Train Epoch 5: 1000/1641 Loss: 0.435515
2026-08-19 22:46: Train Epoch 5: 1020/1641 Loss: 0.429759
2026-08-19 22:46: Train Epoch 5: 1040/1641 Loss: 0.398587
2026-08-19 22:46: Train Epoch 5: 1060/1641 Loss: 0.399997
2026-08-19 22:46: Train Epoch 5: 1080/1641 Loss: 0.414967
2026-08-19 22:46: Train Epoch 5: 1100/1641 Loss: 0.409728
2026-08-19 22:46: Train Epoch 5: 1120/1641 Loss: 0.431708
2026-08-19 22:46: Train Epoch 5: 1140/1641 Loss: 0.389622
2026-08-19 22:46: Train Epoch 5: 1160/1641 Loss: 0.420085
2026-08-19 22:46: Train Epoch 5: 1180/1641 Loss: 0.441325
2026-08-19 22:46: Train Epoch 5: 1200/1641 Loss: 0.395725
2026-08-19 22:46: Train Epoch 5: 1220/1641 Loss: 0.411973
2026-08-19 22:46: Train Epoch 5: 1240/1641 Loss: 0.398221
2026-08-19 22:46: Train Epoch 5: 1260/1641 Loss: 0.420085
2026-08-19 22:46: Train Epoch 5: 1280/1641 Loss: 0.420464
2026-08-19 22:46: Train Epoch 5: 1300/1641 Loss: 0.406644
2026-08-19 22:46: Train Epoch 5: 1320/1641 Loss: 0.400190
2026-08-19 22:46: Train Epoch 5: 1340/1641 Loss: 0.418186
2026-08-19 22:46: Train Epoch 5: 1360/1641 Loss: 0.425843
2026-08-19 22:47: Train Epoch 5: 1380/1641 Loss: 0.430732
2026-08-19 22:47: Train Epoch 5: 1400/1641 Loss: 0.420893
2026-08-19 22:47: Train Epoch 5: 1420/1641 Loss: 0.397562
2026-08-19 22:47: Train Epoch 5: 1440/1641 Loss: 0.415611
2026-08-19 22:47: Train Epoch 5: 1460/1641 Loss: 0.402521
2026-08-19 22:47: Train Epoch 5: 1480/1641 Loss: 0.410601
2026-08-19 22:47: Train Epoch 5: 1500/1641 Loss: 0.388024
2026-08-19 22:47: Train Epoch 5: 1520/1641 Loss: 0.423276
2026-08-19 22:47: Train Epoch 5: 1540/1641 Loss: 0.427234
2026-08-19 22:47: Train Epoch 5: 1560/1641 Loss: 0.406672
2026-08-19 22:47: Train Epoch 5: 1580/1641 Loss: 0.385966
2026-08-19 22:47: Train Epoch 5: 1600/1641 Loss: 0.438509
2026-08-19 22:47: Train Epoch 5: 1620/1641 Loss: 0.410954
2026-08-19 22:47: Train Epoch 5: 1640/1641 Loss: 0.458747
2026-08-19 22:47: **********Train Epoch 5: averaged Loss: 0.417217, tf_ratio: 0.970657
2026-08-19 22:47: **********Val Epoch 5: average Loss: 0.406503
2026-08-19 22:47: *********************************Current best model saved!
2026-08-19 22:47: Train Epoch 6: 0/1641 Loss: 0.405942
2026-08-19 22:47: Train Epoch 6: 20/1641 Loss: 0.414861
2026-08-19 22:48: Train Epoch 6: 40/1641 Loss: 0.390819
2026-08-19 22:48: Train Epoch 6: 60/1641 Loss: 0.398602
2026-08-19 22:48: Train Epoch 6: 80/1641 Loss: 0.437103
2026-08-19 22:48: Train Epoch 6: 100/1641 Loss: 0.425180
2026-08-19 22:48: Train Epoch 6: 120/1641 Loss: 0.407379
2026-08-19 22:48: Train Epoch 6: 140/1641 Loss: 0.398438
2026-08-19 22:48: Train Epoch 6: 160/1641 Loss: 0.409229
2026-08-19 22:48: Train Epoch 6: 180/1641 Loss: 0.444551
2026-08-19 22:48: Train Epoch 6: 200/1641 Loss: 0.441477
2026-08-19 22:48: Train Epoch 6: 220/1641 Loss: 0.413989
2026-08-19 22:48: Train Epoch 6: 240/1641 Loss: 0.407093
2026-08-19 22:48: Train Epoch 6: 260/1641 Loss: 0.423211
2026-08-19 22:48: Train Epoch 6: 280/1641 Loss: 0.388600
2026-08-19 22:48: Train Epoch 6: 300/1641 Loss: 0.409920
2026-08-19 22:48: Train Epoch 6: 320/1641 Loss: 0.430448
2026-08-19 22:48: Train Epoch 6: 340/1641 Loss: 0.402421
2026-08-19 22:48: Train Epoch 6: 360/1641 Loss: 0.442564
2026-08-19 22:48: Train Epoch 6: 380/1641 Loss: 0.426898
2026-08-19 22:48: Train Epoch 6: 400/1641 Loss: 0.414740
2026-08-19 22:48: Train Epoch 6: 420/1641 Loss: 0.402509
2026-08-19 22:48: Train Epoch 6: 440/1641 Loss: 0.421559
2026-08-19 22:48: Train Epoch 6: 460/1641 Loss: 0.375329
2026-08-19 22:49: Train Epoch 6: 480/1641 Loss: 0.428684
2026-08-19 22:49: Train Epoch 6: 500/1641 Loss: 0.426948
2026-08-19 22:49: Train Epoch 6: 520/1641 Loss: 0.411091
2026-08-19 22:49: Train Epoch 6: 540/1641 Loss: 0.418059
2026-08-19 22:49: Train Epoch 6: 560/1641 Loss: 0.430232
2026-08-19 22:49: Train Epoch 6: 580/1641 Loss: 0.415880
2026-08-19 22:49: Train Epoch 6: 600/1641 Loss: 0.406278
2026-08-19 22:49: Train Epoch 6: 620/1641 Loss: 0.410666
2026-08-19 22:49: Train Epoch 6: 640/1641 Loss: 0.405414
2026-08-19 22:49: Train Epoch 6: 660/1641 Loss: 0.396020
2026-08-19 22:49: Train Epoch 6: 680/1641 Loss: 0.418069
2026-08-19 22:49: Train Epoch 6: 700/1641 Loss: 0.433685
2026-08-19 22:49: Train Epoch 6: 720/1641 Loss: 0.371113
2026-08-19 22:49: Train Epoch 6: 740/1641 Loss: 0.396271
2026-08-19 22:49: Train Epoch 6: 760/1641 Loss: 0.396009
2026-08-19 22:49: Train Epoch 6: 780/1641 Loss: 0.420250
2026-08-19 22:49: Train Epoch 6: 800/1641 Loss: 0.417485
2026-08-19 22:49: Train Epoch 6: 820/1641 Loss: 0.442452
2026-08-19 22:49: Train Epoch 6: 840/1641 Loss: 0.421819
2026-08-19 22:49: Train Epoch 6: 860/1641 Loss: 0.412649
2026-08-19 22:49: Train Epoch 6: 880/1641 Loss: 0.385550
2026-08-19 22:49: Train Epoch 6: 900/1641 Loss: 0.400722
2026-08-19 22:50: Train Epoch 6: 920/1641 Loss: 0.409206
2026-08-19 22:50: Train Epoch 6: 940/1641 Loss: 0.406600
2026-08-19 22:50: Train Epoch 6: 960/1641 Loss: 0.409192
2026-08-19 22:50: Train Epoch 6: 980/1641 Loss: 0.402671
2026-08-19 22:50: Train Epoch 6: 1000/1641 Loss: 0.385930
2026-08-19 22:50: Train Epoch 6: 1020/1641 Loss: 0.408195
2026-08-19 22:50: Train Epoch 6: 1040/1641 Loss: 0.413622
2026-08-19 22:50: Train Epoch 6: 1060/1641 Loss: 0.428539
2026-08-19 22:50: Train Epoch 6: 1080/1641 Loss: 0.409215
2026-08-19 22:50: Train Epoch 6: 1100/1641 Loss: 0.414417
2026-08-19 22:50: Train Epoch 6: 1120/1641 Loss: 0.405297
2026-08-19 22:50: Train Epoch 6: 1140/1641 Loss: 0.396645
2026-08-19 22:50: Train Epoch 6: 1160/1641 Loss: 0.412359
2026-08-19 22:50: Train Epoch 6: 1180/1641 Loss: 0.400065
2026-08-19 22:50: Train Epoch 6: 1200/1641 Loss: 0.405463
2026-08-19 22:50: Train Epoch 6: 1220/1641 Loss: 0.402307
2026-08-19 22:50: Train Epoch 6: 1240/1641 Loss: 0.409797
2026-08-19 22:50: Train Epoch 6: 1260/1641 Loss: 0.383006
2026-08-19 22:50: Train Epoch 6: 1280/1641 Loss: 0.412881
2026-08-19 22:50: Train Epoch 6: 1300/1641 Loss: 0.456629
2026-08-19 22:50: Train Epoch 6: 1320/1641 Loss: 0.445328
2026-08-19 22:50: Train Epoch 6: 1340/1641 Loss: 0.407890
2026-08-19 22:51: Train Epoch 6: 1360/1641 Loss: 0.432352
2026-08-19 22:51: Train Epoch 6: 1380/1641 Loss: 0.404531
2026-08-19 22:51: Train Epoch 6: 1400/1641 Loss: 0.402017
2026-08-19 22:51: Train Epoch 6: 1420/1641 Loss: 0.442359
2026-08-19 22:51: Train Epoch 6: 1440/1641 Loss: 0.429066
2026-08-19 22:51: Train Epoch 6: 1460/1641 Loss: 0.407779
2026-08-19 22:51: Train Epoch 6: 1480/1641 Loss: 0.385572
2026-08-19 22:51: Train Epoch 6: 1500/1641 Loss: 0.407823
2026-08-19 22:51: Train Epoch 6: 1520/1641 Loss: 0.438274
2026-08-19 22:51: Train Epoch 6: 1540/1641 Loss: 0.413422
2026-08-19 22:51: Train Epoch 6: 1560/1641 Loss: 0.405449
2026-08-19 22:51: Train Epoch 6: 1580/1641 Loss: 0.396733
2026-08-19 22:51: Train Epoch 6: 1600/1641 Loss: 0.421746
2026-08-19 22:51: Train Epoch 6: 1620/1641 Loss: 0.399058
2026-08-19 22:51: Train Epoch 6: 1640/1641 Loss: 0.387776
2026-08-19 22:51: **********Train Epoch 6: averaged Loss: 0.411300, tf_ratio: 0.935740
2026-08-19 22:52: **********Val Epoch 6: average Loss: 0.404446
2026-08-19 22:52: *********************************Current best model saved!
2026-08-19 22:52: Train Epoch 7: 0/1641 Loss: 0.435674
2026-08-19 22:52: Train Epoch 7: 20/1641 Loss: 0.400102
2026-08-19 22:52: Train Epoch 7: 40/1641 Loss: 0.399427
2026-08-19 22:52: Train Epoch 7: 60/1641 Loss: 0.407724
2026-08-19 22:52: Train Epoch 7: 80/1641 Loss: 0.402108
2026-08-19 22:52: Train Epoch 7: 100/1641 Loss: 0.386140
2026-08-19 22:52: Train Epoch 7: 120/1641 Loss: 0.405472
2026-08-19 22:52: Train Epoch 7: 140/1641 Loss: 0.403410
2026-08-19 22:52: Train Epoch 7: 160/1641 Loss: 0.389073
2026-08-19 22:52: Train Epoch 7: 180/1641 Loss: 0.421909
2026-08-19 22:52: Train Epoch 7: 200/1641 Loss: 0.421955
2026-08-19 22:52: Train Epoch 7: 220/1641 Loss: 0.419342
2026-08-19 22:52: Train Epoch 7: 240/1641 Loss: 0.424230
2026-08-19 22:52: Train Epoch 7: 260/1641 Loss: 0.420667
2026-08-19 22:52: Train Epoch 7: 280/1641 Loss: 0.396645
2026-08-19 22:52: Train Epoch 7: 300/1641 Loss: 0.397021
2026-08-19 22:52: Train Epoch 7: 320/1641 Loss: 0.422174
2026-08-19 22:52: Train Epoch 7: 340/1641 Loss: 0.424672
2026-08-19 22:52: Train Epoch 7: 360/1641 Loss: 0.427452
2026-08-19 22:52: Train Epoch 7: 380/1641 Loss: 0.445758
2026-08-19 22:52: Train Epoch 7: 400/1641 Loss: 0.394045
2026-08-19 22:52: Train Epoch 7: 420/1641 Loss: 0.423610
2026-08-19 22:53: Train Epoch 7: 440/1641 Loss: 0.424206
2026-08-19 22:53: Train Epoch 7: 460/1641 Loss: 0.413658
2026-08-19 22:53: Train Epoch 7: 480/1641 Loss: 0.381793
2026-08-19 22:53: Train Epoch 7: 500/1641 Loss: 0.428659
2026-08-19 22:53: Train Epoch 7: 520/1641 Loss: 0.406577
2026-08-19 22:53: Train Epoch 7: 540/1641 Loss: 0.398036
2026-08-19 22:53: Train Epoch 7: 560/1641 Loss: 0.412478
2026-08-19 22:53: Train Epoch 7: 580/1641 Loss: 0.418996
2026-08-19 22:53: Train Epoch 7: 600/1641 Loss: 0.434312
2026-08-19 22:53: Train Epoch 7: 620/1641 Loss: 0.423060
2026-08-19 22:53: Train Epoch 7: 640/1641 Loss: 0.383024
2026-08-19 22:53: Train Epoch 7: 660/1641 Loss: 0.413265
2026-08-19 22:53: Train Epoch 7: 680/1641 Loss: 0.434830
2026-08-19 22:53: Train Epoch 7: 700/1641 Loss: 0.402816
2026-08-19 22:53: Train Epoch 7: 720/1641 Loss: 0.393028
2026-08-19 22:53: Train Epoch 7: 740/1641 Loss: 0.418427
2026-08-19 22:53: Train Epoch 7: 760/1641 Loss: 0.412308
2026-08-19 22:53: Train Epoch 7: 780/1641 Loss: 0.405614
2026-08-19 22:53: Train Epoch 7: 800/1641 Loss: 0.395182
2026-08-19 22:53: Train Epoch 7: 820/1641 Loss: 0.432814
2026-08-19 22:53: Train Epoch 7: 840/1641 Loss: 0.414619
2026-08-19 22:53: Train Epoch 7: 860/1641 Loss: 0.424934
2026-08-19 22:54: Train Epoch 7: 880/1641 Loss: 0.415414
2026-08-19 22:54: Train Epoch 7: 900/1641 Loss: 0.407379
2026-08-19 22:54: Train Epoch 7: 920/1641 Loss: 0.387724
2026-08-19 22:54: Train Epoch 7: 940/1641 Loss: 0.392842
2026-08-19 22:54: Train Epoch 7: 960/1641 Loss: 0.438248
2026-08-19 22:54: Train Epoch 7: 980/1641 Loss: 0.400246
2026-08-19 22:54: Train Epoch 7: 1000/1641 Loss: 0.376718
2026-08-19 22:54: Train Epoch 7: 1020/1641 Loss: 0.435538
2026-08-19 22:54: Train Epoch 7: 1040/1641 Loss: 0.432296
2026-08-19 22:54: Train Epoch 7: 1060/1641 Loss: 0.420083
2026-08-19 22:54: Train Epoch 7: 1080/1641 Loss: 0.411654
2026-08-19 22:54: Train Epoch 7: 1100/1641 Loss: 0.395304
2026-08-19 22:54: Train Epoch 7: 1120/1641 Loss: 0.418052
2026-08-19 22:54: Train Epoch 7: 1140/1641 Loss: 0.402086
2026-08-19 22:54: Train Epoch 7: 1160/1641 Loss: 0.418828
2026-08-19 22:54: Train Epoch 7: 1180/1641 Loss: 0.403677
2026-08-19 22:54: Train Epoch 7: 1200/1641 Loss: 0.390324
2026-08-19 22:54: Train Epoch 7: 1220/1641 Loss: 0.439698
2026-08-19 22:54: Train Epoch 7: 1240/1641 Loss: 0.428954
2026-08-19 22:54: Train Epoch 7: 1260/1641 Loss: 0.402084
2026-08-19 22:54: Train Epoch 7: 1280/1641 Loss: 0.389793
2026-08-19 22:54: Train Epoch 7: 1300/1641 Loss: 0.376765
2026-08-19 22:55: Train Epoch 7: 1320/1641 Loss: 0.399125
2026-08-19 22:55: Train Epoch 7: 1340/1641 Loss: 0.391980
2026-08-19 22:55: Train Epoch 7: 1360/1641 Loss: 0.388870
2026-08-19 22:55: Train Epoch 7: 1380/1641 Loss: 0.406272
2026-08-19 22:55: Train Epoch 7: 1400/1641 Loss: 0.385426
2026-08-19 22:55: Train Epoch 7: 1420/1641 Loss: 0.406874
2026-08-19 22:55: Train Epoch 7: 1440/1641 Loss: 0.405473
2026-08-19 22:55: Train Epoch 7: 1460/1641 Loss: 0.370068
2026-08-19 22:55: Train Epoch 7: 1480/1641 Loss: 0.417977
2026-08-19 22:55: Train Epoch 7: 1500/1641 Loss: 0.393448
2026-08-19 22:55: Train Epoch 7: 1520/1641 Loss: 0.388503
2026-08-19 22:55: Train Epoch 7: 1540/1641 Loss: 0.400061
2026-08-19 22:55: Train Epoch 7: 1560/1641 Loss: 0.413664
2026-08-19 22:55: Train Epoch 7: 1580/1641 Loss: 0.383808
2026-08-19 22:55: Train Epoch 7: 1600/1641 Loss: 0.401536
2026-08-19 22:55: Train Epoch 7: 1620/1641 Loss: 0.400486
2026-08-19 22:55: Train Epoch 7: 1640/1641 Loss: 0.393233
2026-08-19 22:55: **********Train Epoch 7: averaged Loss: 0.406151, tf_ratio: 0.865052
2026-08-19 22:56: **********Val Epoch 7: average Loss: 0.407765
2026-08-19 22:56: Train Epoch 8: 0/1641 Loss: 0.393507
2026-08-19 22:56: Train Epoch 8: 20/1641 Loss: 0.402774
2026-08-19 22:56: Train Epoch 8: 40/1641 Loss: 0.390317
2026-08-19 22:56: Train Epoch 8: 60/1641 Loss: 0.394802
2026-08-19 22:56: Train Epoch 8: 80/1641 Loss: 0.409651
2026-08-19 22:56: Train Epoch 8: 100/1641 Loss: 0.400443
2026-08-19 22:56: Train Epoch 8: 120/1641 Loss: 0.410675
2026-08-19 22:56: Train Epoch 8: 140/1641 Loss: 0.394190
2026-08-19 22:56: Train Epoch 8: 160/1641 Loss: 0.410840
2026-08-19 22:56: Train Epoch 8: 180/1641 Loss: 0.437312
2026-08-19 22:56: Train Epoch 8: 200/1641 Loss: 0.394356
2026-08-19 22:56: Train Epoch 8: 220/1641 Loss: 0.390604
2026-08-19 22:56: Train Epoch 8: 240/1641 Loss: 0.379446
2026-08-19 22:56: Train Epoch 8: 260/1641 Loss: 0.414594
2026-08-19 22:56: Train Epoch 8: 280/1641 Loss: 0.382589
2026-08-19 22:56: Train Epoch 8: 300/1641 Loss: 0.408797
2026-08-19 22:56: Train Epoch 8: 320/1641 Loss: 0.426963
2026-08-19 22:56: Train Epoch 8: 340/1641 Loss: 0.405379
2026-08-19 22:56: Train Epoch 8: 360/1641 Loss: 0.442049
2026-08-19 22:56: Train Epoch 8: 380/1641 Loss: 0.431710
2026-08-19 22:56: Train Epoch 8: 400/1641 Loss: 0.407827
2026-08-19 22:57: Train Epoch 8: 420/1641 Loss: 0.419510
2026-08-19 22:57: Train Epoch 8: 440/1641 Loss: 0.384341
2026-08-19 22:57: Train Epoch 8: 460/1641 Loss: 0.406540
2026-08-19 22:57: Train Epoch 8: 480/1641 Loss: 0.389293
2026-08-19 22:57: Train Epoch 8: 500/1641 Loss: 0.386001
2026-08-19 22:57: Train Epoch 8: 520/1641 Loss: 0.401616
2026-08-19 22:57: Train Epoch 8: 540/1641 Loss: 0.397014
2026-08-19 22:57: Train Epoch 8: 560/1641 Loss: 0.370410
2026-08-19 22:57: Train Epoch 8: 580/1641 Loss: 0.376606
2026-08-19 22:57: Train Epoch 8: 600/1641 Loss: 0.401971
2026-08-19 22:57: Train Epoch 8: 620/1641 Loss: 0.393593
2026-08-19 22:57: Train Epoch 8: 640/1641 Loss: 0.410241
2026-08-19 22:57: Train Epoch 8: 660/1641 Loss: 0.434585
2026-08-19 22:57: Train Epoch 8: 680/1641 Loss: 0.402507
2026-08-19 22:57: Train Epoch 8: 700/1641 Loss: 0.413199
2026-08-19 22:57: Train Epoch 8: 720/1641 Loss: 0.423926
2026-08-19 22:57: Train Epoch 8: 740/1641 Loss: 0.370694
2026-08-19 22:57: Train Epoch 8: 760/1641 Loss: 0.383741
2026-08-19 22:57: Train Epoch 8: 780/1641 Loss: 0.404246
2026-08-19 22:57: Train Epoch 8: 800/1641 Loss: 0.384887
2026-08-19 22:57: Train Epoch 8: 820/1641 Loss: 0.402872
2026-08-19 22:57: Train Epoch 8: 840/1641 Loss: 0.425800
2026-08-19 22:58: Train Epoch 8: 860/1641 Loss: 0.410530
2026-08-19 22:58: Train Epoch 8: 880/1641 Loss: 0.400697
2026-08-19 22:58: Train Epoch 8: 900/1641 Loss: 0.398398
2026-08-19 22:58: Train Epoch 8: 920/1641 Loss: 0.390199
2026-08-19 22:58: Train Epoch 8: 940/1641 Loss: 0.413755
2026-08-19 22:58: Train Epoch 8: 960/1641 Loss: 0.373571
2026-08-19 22:58: Train Epoch 8: 980/1641 Loss: 0.394797
2026-08-19 22:58: Train Epoch 8: 1000/1641 Loss: 0.395502
2026-08-19 22:58: Train Epoch 8: 1020/1641 Loss: 0.404362
2026-08-19 22:58: Train Epoch 8: 1040/1641 Loss: 0.416199
2026-08-19 22:58: Train Epoch 8: 1060/1641 Loss: 0.398658
2026-08-19 22:58: Train Epoch 8: 1080/1641 Loss: 0.371257
2026-08-19 22:58: Train Epoch 8: 1100/1641 Loss: 0.416619
2026-08-19 22:58: Train Epoch 8: 1120/1641 Loss: 0.389925
2026-08-19 22:58: Train Epoch 8: 1140/1641 Loss: 0.377896
2026-08-19 22:58: Train Epoch 8: 1160/1641 Loss: 0.422445
2026-08-19 22:58: Train Epoch 8: 1180/1641 Loss: 0.398174
2026-08-19 22:58: Train Epoch 8: 1200/1641 Loss: 0.397563
2026-08-19 22:58: Train Epoch 8: 1220/1641 Loss: 0.411113
2026-08-19 22:58: Train Epoch 8: 1240/1641 Loss: 0.408465
2026-08-19 22:58: Train Epoch 8: 1260/1641 Loss: 0.406144
2026-08-19 22:58: Train Epoch 8: 1280/1641 Loss: 0.412671
2026-08-19 22:59: Train Epoch 8: 1300/1641 Loss: 0.396655
2026-08-19 22:59: Train Epoch 8: 1320/1641 Loss: 0.399612
2026-08-19 22:59: Train Epoch 8: 1340/1641 Loss: 0.411655
2026-08-19 22:59: Train Epoch 8: 1360/1641 Loss: 0.381562
2026-08-19 22:59: Train Epoch 8: 1380/1641 Loss: 0.411340
2026-08-19 22:59: Train Epoch 8: 1400/1641 Loss: 0.402207
2026-08-19 22:59: Train Epoch 8: 1420/1641 Loss: 0.420406
2026-08-19 22:59: Train Epoch 8: 1440/1641 Loss: 0.386370
2026-08-19 22:59: Train Epoch 8: 1460/1641 Loss: 0.378428
2026-08-19 22:59: Train Epoch 8: 1480/1641 Loss: 0.395314
2026-08-19 22:59: Train Epoch 8: 1500/1641 Loss: 0.385847
2026-08-19 22:59: Train Epoch 8: 1520/1641 Loss: 0.407290
2026-08-19 22:59: Train Epoch 8: 1540/1641 Loss: 0.404446
2026-08-19 22:59: Train Epoch 8: 1560/1641 Loss: 0.424409
2026-08-19 22:59: Train Epoch 8: 1580/1641 Loss: 0.404053
2026-08-19 22:59: Train Epoch 8: 1600/1641 Loss: 0.385537
2026-08-19 22:59: Train Epoch 8: 1620/1641 Loss: 0.415306
2026-08-19 22:59: Train Epoch 8: 1640/1641 Loss: 0.376805
2026-08-19 22:59: **********Train Epoch 8: averaged Loss: 0.400554, tf_ratio: 0.738348
2026-08-19 23:00: **********Val Epoch 8: average Loss: 0.401711
2026-08-19 23:00: *********************************Current best model saved!
2026-08-19 23:00: Train Epoch 9: 0/1641 Loss: 0.394642
2026-08-19 23:00: Train Epoch 9: 20/1641 Loss: 0.384128
2026-08-19 23:00: Train Epoch 9: 40/1641 Loss: 0.399000
2026-08-19 23:00: Train Epoch 9: 60/1641 Loss: 0.395136
2026-08-19 23:00: Train Epoch 9: 80/1641 Loss: 0.417144
2026-08-19 23:00: Train Epoch 9: 100/1641 Loss: 0.392769
2026-08-19 23:00: Train Epoch 9: 120/1641 Loss: 0.435686
2026-08-19 23:00: Train Epoch 9: 140/1641 Loss: 0.366151
2026-08-19 23:00: Train Epoch 9: 160/1641 Loss: 0.409053
2026-08-19 23:00: Train Epoch 9: 180/1641 Loss: 0.385528
2026-08-19 23:00: Train Epoch 9: 200/1641 Loss: 0.396374
2026-08-19 23:00: Train Epoch 9: 220/1641 Loss: 0.379037
2026-08-19 23:00: Train Epoch 9: 240/1641 Loss: 0.417063
2026-08-19 23:00: Train Epoch 9: 260/1641 Loss: 0.417877
2026-08-19 23:00: Train Epoch 9: 280/1641 Loss: 0.422392
2026-08-19 23:00: Train Epoch 9: 300/1641 Loss: 0.380015
2026-08-19 23:00: Train Epoch 9: 320/1641 Loss: 0.395716
2026-08-19 23:00: Train Epoch 9: 340/1641 Loss: 0.384595
2026-08-19 23:01: Train Epoch 9: 360/1641 Loss: 0.412998
2026-08-19 23:01: Train Epoch 9: 380/1641 Loss: 0.413004
2026-08-19 23:01: Train Epoch 9: 400/1641 Loss: 0.362949
2026-08-19 23:01: Train Epoch 9: 420/1641 Loss: 0.407199
2026-08-19 23:01: Train Epoch 9: 440/1641 Loss: 0.409340
2026-08-19 23:01: Train Epoch 9: 460/1641 Loss: 0.399589
2026-08-19 23:01: Train Epoch 9: 480/1641 Loss: 0.418851
2026-08-19 23:01: Train Epoch 9: 500/1641 Loss: 0.381617
2026-08-19 23:01: Train Epoch 9: 520/1641 Loss: 0.391160
2026-08-19 23:01: Train Epoch 9: 540/1641 Loss: 0.394875
2026-08-19 23:01: Train Epoch 9: 560/1641 Loss: 0.412956
2026-08-19 23:01: Train Epoch 9: 580/1641 Loss: 0.374278
2026-08-19 23:01: Train Epoch 9: 600/1641 Loss: 0.373065
2026-08-19 23:01: Train Epoch 9: 620/1641 Loss: 0.386070
2026-08-19 23:01: Train Epoch 9: 640/1641 Loss: 0.389170
2026-08-19 23:01: Train Epoch 9: 660/1641 Loss: 0.406557
2026-08-19 23:01: Train Epoch 9: 680/1641 Loss: 0.378352
2026-08-19 23:01: Train Epoch 9: 700/1641 Loss: 0.409472
2026-08-19 23:01: Train Epoch 9: 720/1641 Loss: 0.370100
2026-08-19 23:01: Train Epoch 9: 740/1641 Loss: 0.372523
2026-08-19 23:01: Train Epoch 9: 760/1641 Loss: 0.388668
2026-08-19 23:01: Train Epoch 9: 780/1641 Loss: 0.395440
2026-08-19 23:02: Train Epoch 9: 800/1641 Loss: 0.381849
2026-08-19 23:02: Train Epoch 9: 820/1641 Loss: 0.398916
2026-08-19 23:02: Train Epoch 9: 840/1641 Loss: 0.369844
2026-08-19 23:02: Train Epoch 9: 860/1641 Loss: 0.423247
2026-08-19 23:02: Train Epoch 9: 880/1641 Loss: 0.399267
2026-08-19 23:02: Train Epoch 9: 900/1641 Loss: 0.389150
2026-08-19 23:02: Train Epoch 9: 920/1641 Loss: 0.386478
2026-08-19 23:02: Train Epoch 9: 940/1641 Loss: 0.390598
2026-08-19 23:02: Train Epoch 9: 960/1641 Loss: 0.400442
2026-08-19 23:02: Train Epoch 9: 980/1641 Loss: 0.375196
2026-08-19 23:02: Train Epoch 9: 1000/1641 Loss: 0.375149
2026-08-19 23:02: Train Epoch 9: 1020/1641 Loss: 0.415651
2026-08-19 23:02: Train Epoch 9: 1040/1641 Loss: 0.386069
2026-08-19 23:02: Train Epoch 9: 1060/1641 Loss: 0.391474
2026-08-19 23:02: Train Epoch 9: 1080/1641 Loss: 0.378676
2026-08-19 23:02: Train Epoch 9: 1100/1641 Loss: 0.386072
2026-08-19 23:02: Train Epoch 9: 1120/1641 Loss: 0.389748
2026-08-19 23:02: Train Epoch 9: 1140/1641 Loss: 0.386898
2026-08-19 23:02: Train Epoch 9: 1160/1641 Loss: 0.395136
2026-08-19 23:02: Train Epoch 9: 1180/1641 Loss: 0.386480
2026-08-19 23:02: Train Epoch 9: 1200/1641 Loss: 0.383333
2026-08-19 23:02: Train Epoch 9: 1220/1641 Loss: 0.397415
2026-08-19 23:03: Train Epoch 9: 1240/1641 Loss: 0.399827
2026-08-19 23:03: Train Epoch 9: 1260/1641 Loss: 0.377335
2026-08-19 23:03: Train Epoch 9: 1280/1641 Loss: 0.386982
2026-08-19 23:03: Train Epoch 9: 1300/1641 Loss: 0.400110
2026-08-19 23:03: Train Epoch 9: 1320/1641 Loss: 0.389746
2026-08-19 23:03: Train Epoch 9: 1340/1641 Loss: 0.401225
2026-08-19 23:03: Train Epoch 9: 1360/1641 Loss: 0.400005
2026-08-19 23:03: Train Epoch 9: 1380/1641 Loss: 0.360967
2026-08-19 23:03: Train Epoch 9: 1400/1641 Loss: 0.411342
2026-08-19 23:03: Train Epoch 9: 1420/1641 Loss: 0.343231
2026-08-19 23:03: Train Epoch 9: 1440/1641 Loss: 0.374428
2026-08-19 23:03: Train Epoch 9: 1460/1641 Loss: 0.414729
2026-08-19 23:03: Train Epoch 9: 1480/1641 Loss: 0.362482
2026-08-19 23:03: Train Epoch 9: 1500/1641 Loss: 0.398077
2026-08-19 23:03: Train Epoch 9: 1520/1641 Loss: 0.369545
2026-08-19 23:03: Train Epoch 9: 1540/1641 Loss: 0.396452
2026-08-19 23:03: Train Epoch 9: 1560/1641 Loss: 0.384565
2026-08-19 23:03: Train Epoch 9: 1580/1641 Loss: 0.415008
2026-08-19 23:03: Train Epoch 9: 1600/1641 Loss: 0.378810
2026-08-19 23:03: Train Epoch 9: 1620/1641 Loss: 0.402901
2026-08-19 23:03: Train Epoch 9: 1640/1641 Loss: 0.385587
2026-08-19 23:03: **********Train Epoch 9: averaged Loss: 0.395131, tf_ratio: 0.554014
2026-08-19 23:04: **********Val Epoch 9: average Loss: 0.402009
2026-08-19 23:04: Train Epoch 10: 0/1641 Loss: 0.377348
2026-08-19 23:04: Train Epoch 10: 20/1641 Loss: 0.404931
2026-08-19 23:04: Train Epoch 10: 40/1641 Loss: 0.411893
2026-08-19 23:04: Train Epoch 10: 60/1641 Loss: 0.377607
2026-08-19 23:04: Train Epoch 10: 80/1641 Loss: 0.397242
2026-08-19 23:04: Train Epoch 10: 100/1641 Loss: 0.390971
2026-08-19 23:04: Train Epoch 10: 120/1641 Loss: 0.386957
2026-08-19 23:04: Train Epoch 10: 140/1641 Loss: 0.388471
2026-08-19 23:04: Train Epoch 10: 160/1641 Loss: 0.407636
2026-08-19 23:04: Train Epoch 10: 180/1641 Loss: 0.393919
2026-08-19 23:04: Train Epoch 10: 200/1641 Loss: 0.391058
2026-08-19 23:04: Train Epoch 10: 220/1641 Loss: 0.354630
2026-08-19 23:04: Train Epoch 10: 240/1641 Loss: 0.382006
2026-08-19 23:04: Train Epoch 10: 260/1641 Loss: 0.393016
2026-08-19 23:04: Train Epoch 10: 280/1641 Loss: 0.391180
2026-08-19 23:04: Train Epoch 10: 300/1641 Loss: 0.383671
2026-08-19 23:05: Train Epoch 10: 320/1641 Loss: 0.370887
2026-08-19 23:05: Train Epoch 10: 340/1641 Loss: 0.394074
2026-08-19 23:05: Train Epoch 10: 360/1641 Loss: 0.398703
2026-08-19 23:05: Train Epoch 10: 380/1641 Loss: 0.387383
2026-08-19 23:05: Train Epoch 10: 400/1641 Loss: 0.409960
2026-08-19 23:05: Train Epoch 10: 420/1641 Loss: 0.395739
2026-08-19 23:05: Train Epoch 10: 440/1641 Loss: 0.394636
2026-08-19 23:05: Train Epoch 10: 460/1641 Loss: 0.363107
2026-08-19 23:05: Train Epoch 10: 480/1641 Loss: 0.372737
2026-08-19 23:05: Train Epoch 10: 500/1641 Loss: 0.385116
2026-08-19 23:05: Train Epoch 10: 520/1641 Loss: 0.375675
2026-08-19 23:05: Train Epoch 10: 540/1641 Loss: 0.412870
2026-08-19 23:05: Train Epoch 10: 560/1641 Loss: 0.388169
2026-08-19 23:05: Train Epoch 10: 580/1641 Loss: 0.371701
2026-08-19 23:05: Train Epoch 10: 600/1641 Loss: 0.356783
2026-08-19 23:05: Train Epoch 10: 620/1641 Loss: 0.418647
2026-08-19 23:05: Train Epoch 10: 640/1641 Loss: 0.389131
2026-08-19 23:05: Train Epoch 10: 660/1641 Loss: 0.372232
2026-08-19 23:05: Train Epoch 10: 680/1641 Loss: 0.380091
2026-08-19 23:05: Train Epoch 10: 700/1641 Loss: 0.398789
2026-08-19 23:05: Train Epoch 10: 720/1641 Loss: 0.369199
2026-08-19 23:05: Train Epoch 10: 740/1641 Loss: 0.358337
2026-08-19 23:05: Train Epoch 10: 760/1641 Loss: 0.413715
2026-08-19 23:06: Train Epoch 10: 780/1641 Loss: 0.393282
2026-08-19 23:06: Train Epoch 10: 800/1641 Loss: 0.398634
2026-08-19 23:06: Train Epoch 10: 820/1641 Loss: 0.400628
2026-08-19 23:06: Train Epoch 10: 840/1641 Loss: 0.382524
2026-08-19 23:06: Train Epoch 10: 860/1641 Loss: 0.393968
2026-08-19 23:06: Train Epoch 10: 880/1641 Loss: 0.376665
2026-08-19 23:06: Train Epoch 10: 900/1641 Loss: 0.378164
2026-08-19 23:06: Train Epoch 10: 920/1641 Loss: 0.397446
2026-08-19 23:06: Train Epoch 10: 940/1641 Loss: 0.391530
2026-08-19 23:06: Train Epoch 10: 960/1641 Loss: 0.411577
2026-08-19 23:06: Train Epoch 10: 980/1641 Loss: 0.411393
2026-08-19 23:06: Train Epoch 10: 1000/1641 Loss: 0.394616
2026-08-19 23:06: Train Epoch 10: 1020/1641 Loss: 0.388338
2026-08-19 23:06: Train Epoch 10: 1040/1641 Loss: 0.366118
2026-08-19 23:06: Train Epoch 10: 1060/1641 Loss: 0.382944
2026-08-19 23:06: Train Epoch 10: 1080/1641 Loss: 0.394435
2026-08-19 23:06: Train Epoch 10: 1100/1641 Loss: 0.386421
2026-08-19 23:06: Train Epoch 10: 1120/1641 Loss: 0.390256
2026-08-19 23:06: Train Epoch 10: 1140/1641 Loss: 0.403741
2026-08-19 23:06: Train Epoch 10: 1160/1641 Loss: 0.379077
2026-08-19 23:06: Train Epoch 10: 1180/1641 Loss: 0.387537
2026-08-19 23:06: Train Epoch 10: 1200/1641 Loss: 0.386903
2026-08-19 23:07: Train Epoch 10: 1220/1641 Loss: 0.399423
2026-08-19 23:07: Train Epoch 10: 1240/1641 Loss: 0.389835
2026-08-19 23:07: Train Epoch 10: 1260/1641 Loss: 0.392402
2026-08-19 23:07: Train Epoch 10: 1280/1641 Loss: 0.365289
2026-08-19 23:07: Train Epoch 10: 1300/1641 Loss: 0.370844
2026-08-19 23:07: Train Epoch 10: 1320/1641 Loss: 0.404940
2026-08-19 23:07: Train Epoch 10: 1340/1641 Loss: 0.390055
2026-08-19 23:07: Train Epoch 10: 1360/1641 Loss: 0.376650
2026-08-19 23:07: Train Epoch 10: 1380/1641 Loss: 0.361675
2026-08-19 23:07: Train Epoch 10: 1400/1641 Loss: 0.367341
2026-08-19 23:07: Train Epoch 10: 1420/1641 Loss: 0.370652
2026-08-19 23:07: Train Epoch 10: 1440/1641 Loss: 0.375999
2026-08-19 23:07: Train Epoch 10: 1460/1641 Loss: 0.401913
2026-08-19 23:07: Train Epoch 10: 1480/1641 Loss: 0.398938
2026-08-19 23:07: Train Epoch 10: 1500/1641 Loss: 0.378992
2026-08-19 23:07: Train Epoch 10: 1520/1641 Loss: 0.377440
2026-08-19 23:07: Train Epoch 10: 1540/1641 Loss: 0.373682
2026-08-19 23:07: Train Epoch 10: 1560/1641 Loss: 0.397852
2026-08-19 23:07: Train Epoch 10: 1580/1641 Loss: 0.404232
2026-08-19 23:07: Train Epoch 10: 1600/1641 Loss: 0.411610
2026-08-19 23:07: Train Epoch 10: 1620/1641 Loss: 0.384228
2026-08-19 23:07: Train Epoch 10: 1640/1641 Loss: 0.384883
2026-08-19 23:07: **********Train Epoch 10: averaged Loss: 0.389589, tf_ratio: 0.353521
2026-08-19 23:08: **********Val Epoch 10: average Loss: 0.407423
2026-08-19 23:08: Train Epoch 11: 0/1641 Loss: 0.403005
2026-08-19 23:08: Train Epoch 11: 20/1641 Loss: 0.378743
2026-08-19 23:08: Train Epoch 11: 40/1641 Loss: 0.391096
2026-08-19 23:08: Train Epoch 11: 60/1641 Loss: 0.385200
2026-08-19 23:08: Train Epoch 11: 80/1641 Loss: 0.390957
2026-08-19 23:08: Train Epoch 11: 100/1641 Loss: 0.413024
2026-08-19 23:08: Train Epoch 11: 120/1641 Loss: 0.371916
2026-08-19 23:08: Train Epoch 11: 140/1641 Loss: 0.384416
2026-08-19 23:08: Train Epoch 11: 160/1641 Loss: 0.382425
2026-08-19 23:08: Train Epoch 11: 180/1641 Loss: 0.357460
2026-08-19 23:08: Train Epoch 11: 200/1641 Loss: 0.391260
2026-08-19 23:08: Train Epoch 11: 220/1641 Loss: 0.384172
2026-08-19 23:08: Train Epoch 11: 240/1641 Loss: 0.364822
2026-08-19 23:08: Train Epoch 11: 260/1641 Loss: 0.386279
2026-08-19 23:08: Train Epoch 11: 280/1641 Loss: 0.385574
2026-08-19 23:09: Train Epoch 11: 300/1641 Loss: 0.395738
2026-08-19 23:09: Train Epoch 11: 320/1641 Loss: 0.402245
2026-08-19 23:09: Train Epoch 11: 340/1641 Loss: 0.389569
2026-08-19 23:09: Train Epoch 11: 360/1641 Loss: 0.387767
2026-08-19 23:09: Train Epoch 11: 380/1641 Loss: 0.373867
2026-08-19 23:09: Train Epoch 11: 400/1641 Loss: 0.372319
2026-08-19 23:09: Train Epoch 11: 420/1641 Loss: 0.397310
2026-08-19 23:09: Train Epoch 11: 440/1641 Loss: 0.392415
2026-08-19 23:09: Train Epoch 11: 460/1641 Loss: 0.373551
2026-08-19 23:09: Train Epoch 11: 480/1641 Loss: 0.373381
2026-08-19 23:09: Train Epoch 11: 500/1641 Loss: 0.393478
2026-08-19 23:09: Train Epoch 11: 520/1641 Loss: 0.376999
2026-08-19 23:09: Train Epoch 11: 540/1641 Loss: 0.385431
2026-08-19 23:09: Train Epoch 11: 560/1641 Loss: 0.360989
2026-08-19 23:09: Train Epoch 11: 580/1641 Loss: 0.394252
2026-08-19 23:09: Train Epoch 11: 600/1641 Loss: 0.377443
2026-08-19 23:09: Train Epoch 11: 620/1641 Loss: 0.406443
2026-08-19 23:09: Train Epoch 11: 640/1641 Loss: 0.400449
2026-08-19 23:09: Train Epoch 11: 660/1641 Loss: 0.358623
2026-08-19 23:09: Train Epoch 11: 680/1641 Loss: 0.398333
2026-08-19 23:09: Train Epoch 11: 700/1641 Loss: 0.390749
2026-08-19 23:09: Train Epoch 11: 720/1641 Loss: 0.374250
2026-08-19 23:10: Train Epoch 11: 740/1641 Loss: 0.372646
2026-08-19 23:10: Train Epoch 11: 760/1641 Loss: 0.367448
2026-08-19 23:10: Train Epoch 11: 780/1641 Loss: 0.383960
2026-08-19 23:10: Train Epoch 11: 800/1641 Loss: 0.393169
2026-08-19 23:10: Train Epoch 11: 820/1641 Loss: 0.408768
2026-08-19 23:10: Train Epoch 11: 840/1641 Loss: 0.378854
2026-08-19 23:10: Train Epoch 11: 860/1641 Loss: 0.385238
2026-08-19 23:10: Train Epoch 11: 880/1641 Loss: 0.396748
2026-08-19 23:10: Train Epoch 11: 900/1641 Loss: 0.392244
2026-08-19 23:10: Train Epoch 11: 920/1641 Loss: 0.370493
2026-08-19 23:10: Train Epoch 11: 940/1641 Loss: 0.378459
2026-08-19 23:10: Train Epoch 11: 960/1641 Loss: 0.377252
2026-08-19 23:10: Train Epoch 11: 980/1641 Loss: 0.388179
2026-08-19 23:10: Train Epoch 11: 1000/1641 Loss: 0.395431
2026-08-19 23:10: Train Epoch 11: 1020/1641 Loss: 0.394597
2026-08-19 23:10: Train Epoch 11: 1040/1641 Loss: 0.354891
2026-08-19 23:10: Train Epoch 11: 1060/1641 Loss: 0.373722
2026-08-19 23:10: Train Epoch 11: 1080/1641 Loss: 0.384555
2026-08-19 23:10: Train Epoch 11: 1100/1641 Loss: 0.370233
2026-08-19 23:10: Train Epoch 11: 1120/1641 Loss: 0.383321
2026-08-19 23:10: Train Epoch 11: 1140/1641 Loss: 0.381350
2026-08-19 23:10: Train Epoch 11: 1160/1641 Loss: 0.387056
2026-08-19 23:10: Train Epoch 11: 1180/1641 Loss: 0.411929
2026-08-19 23:11: Train Epoch 11: 1200/1641 Loss: 0.381676
2026-08-19 23:11: Train Epoch 11: 1220/1641 Loss: 0.350040
2026-08-19 23:11: Train Epoch 11: 1240/1641 Loss: 0.384792
2026-08-19 23:11: Train Epoch 11: 1260/1641 Loss: 0.363031
2026-08-19 23:11: Train Epoch 11: 1280/1641 Loss: 0.395474
2026-08-19 23:11: Train Epoch 11: 1300/1641 Loss: 0.392933
2026-08-19 23:11: Train Epoch 11: 1320/1641 Loss: 0.375104
2026-08-19 23:11: Train Epoch 11: 1340/1641 Loss: 0.372754
2026-08-19 23:11: Train Epoch 11: 1360/1641 Loss: 0.399618
2026-08-19 23:11: Train Epoch 11: 1380/1641 Loss: 0.375244
2026-08-19 23:11: Train Epoch 11: 1400/1641 Loss: 0.372028
2026-08-19 23:11: Train Epoch 11: 1420/1641 Loss: 0.398051
2026-08-19 23:11: Train Epoch 11: 1440/1641 Loss: 0.387825
2026-08-19 23:11: Train Epoch 11: 1460/1641 Loss: 0.385429
2026-08-19 23:11: Train Epoch 11: 1480/1641 Loss: 0.375451
2026-08-19 23:11: Train Epoch 11: 1500/1641 Loss: 0.371903
2026-08-19 23:11: Train Epoch 11: 1520/1641 Loss: 0.370377
2026-08-19 23:11: Train Epoch 11: 1540/1641 Loss: 0.391258
2026-08-19 23:11: Train Epoch 11: 1560/1641 Loss: 0.380352
2026-08-19 23:11: Train Epoch 11: 1580/1641 Loss: 0.395507
2026-08-19 23:11: Train Epoch 11: 1600/1641 Loss: 0.377451
2026-08-19 23:11: Train Epoch 11: 1620/1641 Loss: 0.357860
2026-08-19 23:11: Train Epoch 11: 1640/1641 Loss: 0.372104
2026-08-19 23:11: **********Train Epoch 11: averaged Loss: 0.383442, tf_ratio: 0.194020
2026-08-19 23:12: **********Val Epoch 11: average Loss: 0.411315
2026-08-19 23:12: Train Epoch 12: 0/1641 Loss: 0.377495
2026-08-19 23:12: Train Epoch 12: 20/1641 Loss: 0.378397
2026-08-19 23:12: Train Epoch 12: 40/1641 Loss: 0.382912
2026-08-19 23:12: Train Epoch 12: 60/1641 Loss: 0.364690
2026-08-19 23:12: Train Epoch 12: 80/1641 Loss: 0.356889
2026-08-19 23:12: Train Epoch 12: 100/1641 Loss: 0.369302
2026-08-19 23:12: Train Epoch 12: 120/1641 Loss: 0.363775
2026-08-19 23:12: Train Epoch 12: 140/1641 Loss: 0.365435
2026-08-19 23:12: Train Epoch 12: 160/1641 Loss: 0.384194
2026-08-19 23:12: Train Epoch 12: 180/1641 Loss: 0.360854
2026-08-19 23:12: Train Epoch 12: 200/1641 Loss: 0.376288
2026-08-19 23:12: Train Epoch 12: 220/1641 Loss: 0.374050
2026-08-19 23:12: Train Epoch 12: 240/1641 Loss: 0.368624
2026-08-19 23:12: Train Epoch 12: 260/1641 Loss: 0.385007
2026-08-19 23:12: Train Epoch 12: 280/1641 Loss: 0.378274
2026-08-19 23:12: Train Epoch 12: 300/1641 Loss: 0.369744
2026-08-19 23:13: Train Epoch 12: 320/1641 Loss: 0.376336
2026-08-19 23:13: Train Epoch 12: 340/1641 Loss: 0.387539
2026-08-19 23:13: Train Epoch 12: 360/1641 Loss: 0.374905
2026-08-19 23:13: Train Epoch 12: 380/1641 Loss: 0.378846
2026-08-19 23:13: Train Epoch 12: 400/1641 Loss: 0.392578
2026-08-19 23:13: Train Epoch 12: 420/1641 Loss: 0.364125
2026-08-19 23:13: Train Epoch 12: 440/1641 Loss: 0.392992
2026-08-19 23:13: Train Epoch 12: 460/1641 Loss: 0.363318
2026-08-19 23:13: Train Epoch 12: 480/1641 Loss: 0.353854
2026-08-19 23:13: Train Epoch 12: 500/1641 Loss: 0.360295
2026-08-19 23:13: Train Epoch 12: 520/1641 Loss: 0.392034
2026-08-19 23:13: Train Epoch 12: 540/1641 Loss: 0.364670
2026-08-19 23:13: Train Epoch 12: 560/1641 Loss: 0.391806
2026-08-19 23:13: Train Epoch 12: 580/1641 Loss: 0.375865
2026-08-19 23:13: Train Epoch 12: 600/1641 Loss: 0.394179
2026-08-19 23:13: Train Epoch 12: 620/1641 Loss: 0.378277
2026-08-19 23:13: Train Epoch 12: 640/1641 Loss: 0.361693
2026-08-19 23:13: Train Epoch 12: 660/1641 Loss: 0.332882
2026-08-19 23:13: Train Epoch 12: 680/1641 Loss: 0.401236
2026-08-19 23:13: Train Epoch 12: 700/1641 Loss: 0.369525
2026-08-19 23:13: Train Epoch 12: 720/1641 Loss: 0.388411
2026-08-19 23:13: Train Epoch 12: 740/1641 Loss: 0.336621
2026-08-19 23:13: Train Epoch 12: 760/1641 Loss: 0.397545
2026-08-19 23:13: Train Epoch 12: 780/1641 Loss: 0.346214
2026-08-19 23:14: Train Epoch 12: 800/1641 Loss: 0.386600
2026-08-19 23:14: Train Epoch 12: 820/1641 Loss: 0.372935
2026-08-19 23:14: Train Epoch 12: 840/1641 Loss: 0.354915
2026-08-19 23:14: Train Epoch 12: 860/1641 Loss: 0.374990
2026-08-19 23:14: Train Epoch 12: 880/1641 Loss: 0.387612
2026-08-19 23:14: Train Epoch 12: 900/1641 Loss: 0.366162
2026-08-19 23:14: Train Epoch 12: 920/1641 Loss: 0.402794
2026-08-19 23:14: Train Epoch 12: 940/1641 Loss: 0.399623
2026-08-19 23:14: Train Epoch 12: 960/1641 Loss: 0.391562
2026-08-19 23:14: Train Epoch 12: 980/1641 Loss: 0.388515
2026-08-19 23:14: Train Epoch 12: 1000/1641 Loss: 0.372349
2026-08-19 23:14: Train Epoch 12: 1020/1641 Loss: 0.392808
2026-08-19 23:14: Train Epoch 12: 1040/1641 Loss: 0.360936
2026-08-19 23:14: Train Epoch 12: 1060/1641 Loss: 0.382148
2026-08-19 23:14: Train Epoch 12: 1080/1641 Loss: 0.354419
2026-08-19 23:14: Train Epoch 12: 1100/1641 Loss: 0.378541
2026-08-19 23:14: Train Epoch 12: 1120/1641 Loss: 0.378656
2026-08-19 23:14: Train Epoch 12: 1140/1641 Loss: 0.356454
2026-08-19 23:14: Train Epoch 12: 1160/1641 Loss: 0.370639
2026-08-19 23:14: Train Epoch 12: 1180/1641 Loss: 0.399824
2026-08-19 23:14: Train Epoch 12: 1200/1641 Loss: 0.372024
2026-08-19 23:14: Train Epoch 12: 1220/1641 Loss: 0.371429
2026-08-19 23:15: Train Epoch 12: 1240/1641 Loss: 0.382423
2026-08-19 23:15: Train Epoch 12: 1260/1641 Loss: 0.349447
2026-08-19 23:15: Train Epoch 12: 1280/1641 Loss: 0.385729
2026-08-19 23:15: Train Epoch 12: 1300/1641 Loss: 0.377835
2026-08-19 23:15: Train Epoch 12: 1320/1641 Loss: 0.354350
2026-08-19 23:15: Train Epoch 12: 1340/1641 Loss: 0.380714
2026-08-19 23:15: Train Epoch 12: 1360/1641 Loss: 0.369535
2026-08-19 23:15: Train Epoch 12: 1380/1641 Loss: 0.361615
2026-08-19 23:15: Train Epoch 12: 1400/1641 Loss: 0.398821
2026-08-19 23:15: Train Epoch 12: 1420/1641 Loss: 0.401651
2026-08-19 23:15: Train Epoch 12: 1440/1641 Loss: 0.352451
2026-08-19 23:15: Train Epoch 12: 1460/1641 Loss: 0.345702
2026-08-19 23:15: Train Epoch 12: 1480/1641 Loss: 0.369824
2026-08-19 23:15: Train Epoch 12: 1500/1641 Loss: 0.352217
2026-08-19 23:15: Train Epoch 12: 1520/1641 Loss: 0.388123
2026-08-19 23:15: Train Epoch 12: 1540/1641 Loss: 0.386289
2026-08-19 23:15: Train Epoch 12: 1560/1641 Loss: 0.353765
2026-08-19 23:15: Train Epoch 12: 1580/1641 Loss: 0.350402
2026-08-19 23:15: Train Epoch 12: 1600/1641 Loss: 0.362556
2026-08-19 23:15: Train Epoch 12: 1620/1641 Loss: 0.342468
2026-08-19 23:15: Train Epoch 12: 1640/1641 Loss: 0.342775
2026-08-19 23:15: **********Train Epoch 12: averaged Loss: 0.377189, tf_ratio: 0.095816
2026-08-19 23:16: **********Val Epoch 12: average Loss: 0.414289
2026-08-19 23:16: Train Epoch 13: 0/1641 Loss: 0.361034
2026-08-19 23:16: Train Epoch 13: 20/1641 Loss: 0.366366
2026-08-19 23:16: Train Epoch 13: 40/1641 Loss: 0.360749
2026-08-19 23:16: Train Epoch 13: 60/1641 Loss: 0.379185
2026-08-19 23:16: Train Epoch 13: 80/1641 Loss: 0.379161
2026-08-19 23:16: Train Epoch 13: 100/1641 Loss: 0.390887
2026-08-19 23:16: Train Epoch 13: 120/1641 Loss: 0.361595
2026-08-19 23:16: Train Epoch 13: 140/1641 Loss: 0.364120
2026-08-19 23:16: Train Epoch 13: 160/1641 Loss: 0.381569
2026-08-19 23:16: Train Epoch 13: 180/1641 Loss: 0.371645
2026-08-19 23:16: Train Epoch 13: 200/1641 Loss: 0.363362
2026-08-19 23:16: Train Epoch 13: 220/1641 Loss: 0.377824
2026-08-19 23:16: Train Epoch 13: 240/1641 Loss: 0.371933
2026-08-19 23:16: Train Epoch 13: 260/1641 Loss: 0.365863
2026-08-19 23:16: Train Epoch 13: 280/1641 Loss: 0.378101
2026-08-19 23:16: Train Epoch 13: 300/1641 Loss: 0.382728
2026-08-19 23:16: Train Epoch 13: 320/1641 Loss: 0.357928
2026-08-19 23:16: Train Epoch 13: 340/1641 Loss: 0.366671
2026-08-19 23:17: Train Epoch 13: 360/1641 Loss: 0.360690
2026-08-19 23:17: Train Epoch 13: 380/1641 Loss: 0.373025
2026-08-19 23:17: Train Epoch 13: 400/1641 Loss: 0.373408
2026-08-19 23:17: Train Epoch 13: 420/1641 Loss: 0.377203
2026-08-19 23:17: Train Epoch 13: 440/1641 Loss: 0.402061
2026-08-19 23:17: Train Epoch 13: 460/1641 Loss: 0.368458
2026-08-19 23:17: Train Epoch 13: 480/1641 Loss: 0.375163
2026-08-19 23:17: Train Epoch 13: 500/1641 Loss: 0.371738
2026-08-19 23:17: Train Epoch 13: 520/1641 Loss: 0.385230
2026-08-19 23:17: Train Epoch 13: 540/1641 Loss: 0.380185
2026-08-19 23:17: Train Epoch 13: 560/1641 Loss: 0.371439
2026-08-19 23:17: Train Epoch 13: 580/1641 Loss: 0.363672
2026-08-19 23:17: Train Epoch 13: 600/1641 Loss: 0.377342
2026-08-19 23:17: Train Epoch 13: 620/1641 Loss: 0.380786
2026-08-19 23:17: Train Epoch 13: 640/1641 Loss: 0.382049
2026-08-19 23:17: Train Epoch 13: 660/1641 Loss: 0.371066
2026-08-19 23:17: Train Epoch 13: 680/1641 Loss: 0.391886
2026-08-19 23:17: Train Epoch 13: 700/1641 Loss: 0.382768
2026-08-19 23:17: Train Epoch 13: 720/1641 Loss: 0.380680
2026-08-19 23:17: Train Epoch 13: 740/1641 Loss: 0.365856
2026-08-19 23:17: Train Epoch 13: 760/1641 Loss: 0.390473
2026-08-19 23:17: Train Epoch 13: 780/1641 Loss: 0.377805
2026-08-19 23:17: Train Epoch 13: 800/1641 Loss: 0.350297
2026-08-19 23:18: Train Epoch 13: 820/1641 Loss: 0.356764
2026-08-19 23:18: Train Epoch 13: 840/1641 Loss: 0.373733
2026-08-19 23:18: Train Epoch 13: 860/1641 Loss: 0.387103
2026-08-19 23:18: Train Epoch 13: 880/1641 Loss: 0.350932
2026-08-19 23:18: Train Epoch 13: 900/1641 Loss: 0.345369
2026-08-19 23:18: Train Epoch 13: 920/1641 Loss: 0.385250
2026-08-19 23:18: Train Epoch 13: 940/1641 Loss: 0.369172
2026-08-19 23:18: Train Epoch 13: 960/1641 Loss: 0.363822
2026-08-19 23:18: Train Epoch 13: 980/1641 Loss: 0.400338
2026-08-19 23:18: Train Epoch 13: 1000/1641 Loss: 0.382325
2026-08-19 23:18: Train Epoch 13: 1020/1641 Loss: 0.365573
2026-08-19 23:18: Train Epoch 13: 1040/1641 Loss: 0.381034
2026-08-19 23:18: Train Epoch 13: 1060/1641 Loss: 0.353346
2026-08-19 23:18: Train Epoch 13: 1080/1641 Loss: 0.372395
2026-08-19 23:18: Train Epoch 13: 1100/1641 Loss: 0.369782
2026-08-19 23:18: Train Epoch 13: 1120/1641 Loss: 0.381279
2026-08-19 23:18: Train Epoch 13: 1140/1641 Loss: 0.370962
2026-08-19 23:18: Train Epoch 13: 1160/1641 Loss: 0.362855
2026-08-19 23:18: Train Epoch 13: 1180/1641 Loss: 0.374633
2026-08-19 23:18: Train Epoch 13: 1200/1641 Loss: 0.367231
2026-08-19 23:18: Train Epoch 13: 1220/1641 Loss: 0.351240
2026-08-19 23:18: Train Epoch 13: 1240/1641 Loss: 0.362689
2026-08-19 23:18: Train Epoch 13: 1260/1641 Loss: 0.390421
2026-08-19 23:19: Train Epoch 13: 1280/1641 Loss: 0.388451
2026-08-19 23:19: Train Epoch 13: 1300/1641 Loss: 0.368701
2026-08-19 23:19: Train Epoch 13: 1320/1641 Loss: 0.370311
2026-08-19 23:19: Train Epoch 13: 1340/1641 Loss: 0.355512
2026-08-19 23:19: Train Epoch 13: 1360/1641 Loss: 0.356481
2026-08-19 23:19: Train Epoch 13: 1380/1641 Loss: 0.369410
2026-08-19 23:19: Train Epoch 13: 1400/1641 Loss: 0.375563
2026-08-19 23:19: Train Epoch 13: 1420/1641 Loss: 0.382488
2026-08-19 23:19: Train Epoch 13: 1440/1641 Loss: 0.350422
2026-08-19 23:19: Train Epoch 13: 1460/1641 Loss: 0.358465
2026-08-19 23:19: Train Epoch 13: 1480/1641 Loss: 0.384144
2026-08-19 23:19: Train Epoch 13: 1500/1641 Loss: 0.346954
2026-08-19 23:19: Train Epoch 13: 1520/1641 Loss: 0.356258
2026-08-19 23:19: Train Epoch 13: 1540/1641 Loss: 0.352017
2026-08-19 23:19: Train Epoch 13: 1560/1641 Loss: 0.386848
2026-08-19 23:19: Train Epoch 13: 1580/1641 Loss: 0.379955
2026-08-19 23:19: Train Epoch 13: 1600/1641 Loss: 0.354696
2026-08-19 23:19: Train Epoch 13: 1620/1641 Loss: 0.366767
2026-08-19 23:19: Train Epoch 13: 1640/1641 Loss: 0.367846
2026-08-19 23:19: **********Train Epoch 13: averaged Loss: 0.370691, tf_ratio: 0.044570
2026-08-19 23:20: **********Val Epoch 13: average Loss: 0.414170
2026-08-19 23:20: Train Epoch 14: 0/1641 Loss: 0.381135
2026-08-19 23:20: Train Epoch 14: 20/1641 Loss: 0.385290
2026-08-19 23:20: Train Epoch 14: 40/1641 Loss: 0.367023
2026-08-19 23:20: Train Epoch 14: 60/1641 Loss: 0.369796
2026-08-19 23:20: Train Epoch 14: 80/1641 Loss: 0.363166
2026-08-19 23:20: Train Epoch 14: 100/1641 Loss: 0.363690
2026-08-19 23:20: Train Epoch 14: 120/1641 Loss: 0.353454
2026-08-19 23:20: Train Epoch 14: 140/1641 Loss: 0.364283
2026-08-19 23:20: Train Epoch 14: 160/1641 Loss: 0.338539
2026-08-19 23:20: Train Epoch 14: 180/1641 Loss: 0.370223
2026-08-19 23:20: Train Epoch 14: 200/1641 Loss: 0.366850
2026-08-19 23:20: Train Epoch 14: 220/1641 Loss: 0.379605
2026-08-19 23:20: Train Epoch 14: 240/1641 Loss: 0.373076
2026-08-19 23:20: Train Epoch 14: 260/1641 Loss: 0.383618
2026-08-19 23:20: Train Epoch 14: 280/1641 Loss: 0.396366
2026-08-19 23:20: Train Epoch 14: 300/1641 Loss: 0.368766
2026-08-19 23:20: Train Epoch 14: 320/1641 Loss: 0.363116
2026-08-19 23:20: Train Epoch 14: 340/1641 Loss: 0.362276
2026-08-19 23:20: Train Epoch 14: 360/1641 Loss: 0.380404
2026-08-19 23:20: Train Epoch 14: 380/1641 Loss: 0.347567
2026-08-19 23:21: Train Epoch 14: 400/1641 Loss: 0.350416
2026-08-19 23:21: Train Epoch 14: 420/1641 Loss: 0.360824
2026-08-19 23:21: Train Epoch 14: 440/1641 Loss: 0.380577
2026-08-19 23:21: Train Epoch 14: 460/1641 Loss: 0.393008
2026-08-19 23:21: Train Epoch 14: 480/1641 Loss: 0.383742
2026-08-19 23:21: Train Epoch 14: 500/1641 Loss: 0.383567
2026-08-19 23:21: Train Epoch 14: 520/1641 Loss: 0.339890
2026-08-19 23:21: Train Epoch 14: 540/1641 Loss: 0.372930
2026-08-19 23:21: Train Epoch 14: 560/1641 Loss: 0.358222
2026-08-19 23:21: Train Epoch 14: 580/1641 Loss: 0.347252
2026-08-19 23:21: Train Epoch 14: 600/1641 Loss: 0.383074
2026-08-19 23:21: Train Epoch 14: 620/1641 Loss: 0.372603
2026-08-19 23:21: Train Epoch 14: 640/1641 Loss: 0.369163
2026-08-19 23:21: Train Epoch 14: 660/1641 Loss: 0.378085
2026-08-19 23:21: Train Epoch 14: 680/1641 Loss: 0.359136
2026-08-19 23:21: Train Epoch 14: 700/1641 Loss: 0.366800
2026-08-19 23:21: Train Epoch 14: 720/1641 Loss: 0.373756
2026-08-19 23:21: Train Epoch 14: 740/1641 Loss: 0.377838
2026-08-19 23:21: Train Epoch 14: 760/1641 Loss: 0.355440
2026-08-19 23:21: Train Epoch 14: 780/1641 Loss: 0.369544
2026-08-19 23:21: Train Epoch 14: 800/1641 Loss: 0.384894
2026-08-19 23:21: Train Epoch 14: 820/1641 Loss: 0.368577
2026-08-19 23:21: Train Epoch 14: 840/1641 Loss: 0.361190
2026-08-19 23:22: Train Epoch 14: 860/1641 Loss: 0.384841
2026-08-19 23:22: Train Epoch 14: 880/1641 Loss: 0.377472
2026-08-19 23:22: Train Epoch 14: 900/1641 Loss: 0.365501
2026-08-19 23:22: Train Epoch 14: 920/1641 Loss: 0.367451
2026-08-19 23:22: Train Epoch 14: 940/1641 Loss: 0.370752
2026-08-19 23:22: Train Epoch 14: 960/1641 Loss: 0.369917
2026-08-19 23:22: Train Epoch 14: 980/1641 Loss: 0.348187
2026-08-19 23:22: Train Epoch 14: 1000/1641 Loss: 0.395862
2026-08-19 23:22: Train Epoch 14: 1020/1641 Loss: 0.358957
2026-08-19 23:22: Train Epoch 14: 1040/1641 Loss: 0.375681
2026-08-19 23:22: Train Epoch 14: 1060/1641 Loss: 0.358392
2026-08-19 23:22: Train Epoch 14: 1080/1641 Loss: 0.349586
2026-08-19 23:22: Train Epoch 14: 1100/1641 Loss: 0.355234
2026-08-19 23:22: Train Epoch 14: 1120/1641 Loss: 0.335366
2026-08-19 23:22: Train Epoch 14: 1140/1641 Loss: 0.368179
2026-08-19 23:22: Train Epoch 14: 1160/1641 Loss: 0.378965
2026-08-19 23:22: Train Epoch 14: 1180/1641 Loss: 0.358257
2026-08-19 23:22: Train Epoch 14: 1200/1641 Loss: 0.381913
2026-08-19 23:22: Train Epoch 14: 1220/1641 Loss: 0.356425
2026-08-19 23:22: Train Epoch 14: 1240/1641 Loss: 0.381241
2026-08-19 23:22: Train Epoch 14: 1260/1641 Loss: 0.355213
2026-08-19 23:22: Train Epoch 14: 1280/1641 Loss: 0.374739
2026-08-19 23:22: Train Epoch 14: 1300/1641 Loss: 0.380571
2026-08-19 23:23: Train Epoch 14: 1320/1641 Loss: 0.329526
2026-08-19 23:23: Train Epoch 14: 1340/1641 Loss: 0.356259
2026-08-19 23:23: Train Epoch 14: 1360/1641 Loss: 0.352254
2026-08-19 23:23: Train Epoch 14: 1380/1641 Loss: 0.380995
2026-08-19 23:23: Train Epoch 14: 1400/1641 Loss: 0.348052
2026-08-19 23:23: Train Epoch 14: 1420/1641 Loss: 0.367340
2026-08-19 23:23: Train Epoch 14: 1440/1641 Loss: 0.366923
2026-08-19 23:23: Train Epoch 14: 1460/1641 Loss: 0.341297
2026-08-19 23:23: Train Epoch 14: 1480/1641 Loss: 0.352765
2026-08-19 23:23: Train Epoch 14: 1500/1641 Loss: 0.375607
2026-08-19 23:23: Train Epoch 14: 1520/1641 Loss: 0.358604
2026-08-19 23:23: Train Epoch 14: 1540/1641 Loss: 0.382800
2026-08-19 23:23: Train Epoch 14: 1560/1641 Loss: 0.362917
2026-08-19 23:23: Train Epoch 14: 1580/1641 Loss: 0.363952
2026-08-19 23:23: Train Epoch 14: 1600/1641 Loss: 0.342763
2026-08-19 23:23: Train Epoch 14: 1620/1641 Loss: 0.352569
2026-08-19 23:23: Train Epoch 14: 1640/1641 Loss: 0.341840
2026-08-19 23:23: **********Train Epoch 14: averaged Loss: 0.364916, tf_ratio: 0.020122
2026-08-19 23:24: **********Val Epoch 14: average Loss: 0.417648
2026-08-19 23:24: Train Epoch 15: 0/1641 Loss: 0.351785
2026-08-19 23:24: Train Epoch 15: 20/1641 Loss: 0.365598
2026-08-19 23:24: Train Epoch 15: 40/1641 Loss: 0.371475
2026-08-19 23:24: Train Epoch 15: 60/1641 Loss: 0.366503
2026-08-19 23:24: Train Epoch 15: 80/1641 Loss: 0.354318
2026-08-19 23:24: Train Epoch 15: 100/1641 Loss: 0.345191
2026-08-19 23:24: Train Epoch 15: 120/1641 Loss: 0.357225
2026-08-19 23:24: Train Epoch 15: 140/1641 Loss: 0.372356
2026-08-19 23:24: Train Epoch 15: 160/1641 Loss: 0.366888
2026-08-19 23:24: Train Epoch 15: 180/1641 Loss: 0.334259
2026-08-19 23:24: Train Epoch 15: 200/1641 Loss: 0.392532
2026-08-19 23:24: Train Epoch 15: 220/1641 Loss: 0.351138
2026-08-19 23:24: Train Epoch 15: 240/1641 Loss: 0.338736
2026-08-19 23:24: Train Epoch 15: 260/1641 Loss: 0.347193
2026-08-19 23:24: Train Epoch 15: 280/1641 Loss: 0.391957
2026-08-19 23:24: Train Epoch 15: 300/1641 Loss: 0.366424
2026-08-19 23:24: Train Epoch 15: 320/1641 Loss: 0.383431
2026-08-19 23:24: Train Epoch 15: 340/1641 Loss: 0.372645
2026-08-19 23:24: Train Epoch 15: 360/1641 Loss: 0.347165
2026-08-19 23:24: Train Epoch 15: 380/1641 Loss: 0.381050
2026-08-19 23:25: Train Epoch 15: 400/1641 Loss: 0.361475
2026-08-19 23:25: Train Epoch 15: 420/1641 Loss: 0.341823
2026-08-19 23:25: Train Epoch 15: 440/1641 Loss: 0.376593
2026-08-19 23:25: Train Epoch 15: 460/1641 Loss: 0.351062
2026-08-19 23:25: Train Epoch 15: 480/1641 Loss: 0.362856
2026-08-19 23:25: Train Epoch 15: 500/1641 Loss: 0.363658
2026-08-19 23:25: Train Epoch 15: 520/1641 Loss: 0.369164
2026-08-19 23:25: Train Epoch 15: 540/1641 Loss: 0.395631
2026-08-19 23:25: Train Epoch 15: 560/1641 Loss: 0.363637
2026-08-19 23:25: Train Epoch 15: 580/1641 Loss: 0.365242
2026-08-19 23:25: Train Epoch 15: 600/1641 Loss: 0.363154
2026-08-19 23:25: Train Epoch 15: 620/1641 Loss: 0.363746
2026-08-19 23:25: Train Epoch 15: 640/1641 Loss: 0.361723
2026-08-19 23:25: Train Epoch 15: 660/1641 Loss: 0.364599
2026-08-19 23:25: Train Epoch 15: 680/1641 Loss: 0.372692
2026-08-19 23:25: Train Epoch 15: 700/1641 Loss: 0.351672
2026-08-19 23:25: Train Epoch 15: 720/1641 Loss: 0.357071
2026-08-19 23:25: Train Epoch 15: 740/1641 Loss: 0.375093
2026-08-19 23:25: Train Epoch 15: 760/1641 Loss: 0.374529
2026-08-19 23:25: Train Epoch 15: 780/1641 Loss: 0.355018
2026-08-19 23:25: Train Epoch 15: 800/1641 Loss: 0.341270
2026-08-19 23:25: Train Epoch 15: 820/1641 Loss: 0.372555
2026-08-19 23:25: Train Epoch 15: 840/1641 Loss: 0.341941
2026-08-19 23:25: Train Epoch 15: 860/1641 Loss: 0.371330
2026-08-19 23:26: Train Epoch 15: 880/1641 Loss: 0.371125
2026-08-19 23:26: Train Epoch 15: 900/1641 Loss: 0.349669
2026-08-19 23:26: Train Epoch 15: 920/1641 Loss: 0.356761
2026-08-19 23:26: Train Epoch 15: 940/1641 Loss: 0.366836
2026-08-19 23:26: Train Epoch 15: 960/1641 Loss: 0.332522
2026-08-19 23:26: Train Epoch 15: 980/1641 Loss: 0.360748
2026-08-19 23:26: Train Epoch 15: 1000/1641 Loss: 0.372985
2026-08-19 23:26: Train Epoch 15: 1020/1641 Loss: 0.381708
2026-08-19 23:26: Train Epoch 15: 1040/1641 Loss: 0.352852
2026-08-19 23:26: Train Epoch 15: 1060/1641 Loss: 0.331783
2026-08-19 23:26: Train Epoch 15: 1080/1641 Loss: 0.377072
2026-08-19 23:26: Train Epoch 15: 1100/1641 Loss: 0.357070
2026-08-19 23:26: Train Epoch 15: 1120/1641 Loss: 0.350283
2026-08-19 23:26: Train Epoch 15: 1140/1641 Loss: 0.349419
2026-08-19 23:26: Train Epoch 15: 1160/1641 Loss: 0.380024
2026-08-19 23:26: Train Epoch 15: 1180/1641 Loss: 0.373935
2026-08-19 23:26: Train Epoch 15: 1200/1641 Loss: 0.355059
2026-08-19 23:26: Train Epoch 15: 1220/1641 Loss: 0.351587
2026-08-19 23:26: Train Epoch 15: 1240/1641 Loss: 0.338497
2026-08-19 23:26: Train Epoch 15: 1260/1641 Loss: 0.370385
2026-08-19 23:26: Train Epoch 15: 1280/1641 Loss: 0.328178
2026-08-19 23:26: Train Epoch 15: 1300/1641 Loss: 0.352573
2026-08-19 23:27: Train Epoch 15: 1320/1641 Loss: 0.359249
2026-08-19 23:27: Train Epoch 15: 1340/1641 Loss: 0.380983
2026-08-19 23:27: Train Epoch 15: 1360/1641 Loss: 0.382003
2026-08-19 23:27: Train Epoch 15: 1380/1641 Loss: 0.370779
2026-08-19 23:27: Train Epoch 15: 1400/1641 Loss: 0.360453
2026-08-19 23:27: Train Epoch 15: 1420/1641 Loss: 0.372153
2026-08-19 23:27: Train Epoch 15: 1440/1641 Loss: 0.341462
2026-08-19 23:27: Train Epoch 15: 1460/1641 Loss: 0.363530
2026-08-19 23:27: Train Epoch 15: 1480/1641 Loss: 0.350996
2026-08-19 23:27: Train Epoch 15: 1500/1641 Loss: 0.355351
2026-08-19 23:27: Train Epoch 15: 1520/1641 Loss: 0.358903
2026-08-19 23:27: Train Epoch 15: 1540/1641 Loss: 0.346441
2026-08-19 23:27: Train Epoch 15: 1560/1641 Loss: 0.359451
2026-08-19 23:27: Train Epoch 15: 1580/1641 Loss: 0.348605
2026-08-19 23:27: Train Epoch 15: 1600/1641 Loss: 0.368957
2026-08-19 23:27: Train Epoch 15: 1620/1641 Loss: 0.355283
2026-08-19 23:27: Train Epoch 15: 1640/1641 Loss: 0.364581
2026-08-19 23:27: **********Train Epoch 15: averaged Loss: 0.359227, tf_ratio: 0.008959
2026-08-19 23:28: **********Val Epoch 15: average Loss: 0.418127
2026-08-19 23:28: Train Epoch 16: 0/1641 Loss: 0.361084
2026-08-19 23:28: Train Epoch 16: 20/1641 Loss: 0.357725
2026-08-19 23:28: Train Epoch 16: 40/1641 Loss: 0.341855
2026-08-19 23:28: Train Epoch 16: 60/1641 Loss: 0.357111
2026-08-19 23:28: Train Epoch 16: 80/1641 Loss: 0.376504
2026-08-19 23:28: Train Epoch 16: 100/1641 Loss: 0.352188
2026-08-19 23:28: Train Epoch 16: 120/1641 Loss: 0.351513
2026-08-19 23:28: Train Epoch 16: 140/1641 Loss: 0.362090
2026-08-19 23:28: Train Epoch 16: 160/1641 Loss: 0.350116
2026-08-19 23:28: Train Epoch 16: 180/1641 Loss: 0.334927
2026-08-19 23:28: Train Epoch 16: 200/1641 Loss: 0.336081
2026-08-19 23:28: Train Epoch 16: 220/1641 Loss: 0.366026
2026-08-19 23:28: Train Epoch 16: 240/1641 Loss: 0.359773
2026-08-19 23:28: Train Epoch 16: 260/1641 Loss: 0.351032
2026-08-19 23:28: Train Epoch 16: 280/1641 Loss: 0.353015
2026-08-19 23:28: Train Epoch 16: 300/1641 Loss: 0.356219
2026-08-19 23:28: Train Epoch 16: 320/1641 Loss: 0.375256
2026-08-19 23:28: Train Epoch 16: 340/1641 Loss: 0.336848
2026-08-19 23:28: Train Epoch 16: 360/1641 Loss: 0.338526
2026-08-19 23:28: Train Epoch 16: 380/1641 Loss: 0.372331
2026-08-19 23:28: Train Epoch 16: 400/1641 Loss: 0.326209
2026-08-19 23:29: Train Epoch 16: 420/1641 Loss: 0.353372
2026-08-19 23:29: Train Epoch 16: 440/1641 Loss: 0.367703
2026-08-19 23:29: Train Epoch 16: 460/1641 Loss: 0.376748
2026-08-19 23:29: Train Epoch 16: 480/1641 Loss: 0.327493
2026-08-19 23:29: Train Epoch 16: 500/1641 Loss: 0.377655
2026-08-19 23:29: Train Epoch 16: 520/1641 Loss: 0.344333
2026-08-19 23:29: Train Epoch 16: 540/1641 Loss: 0.366134
2026-08-19 23:29: Train Epoch 16: 560/1641 Loss: 0.377162
2026-08-19 23:29: Train Epoch 16: 580/1641 Loss: 0.349987
2026-08-19 23:29: Train Epoch 16: 600/1641 Loss: 0.333699
2026-08-19 23:29: Train Epoch 16: 620/1641 Loss: 0.375041
2026-08-19 23:29: Train Epoch 16: 640/1641 Loss: 0.353849
2026-08-19 23:29: Train Epoch 16: 660/1641 Loss: 0.367585
2026-08-19 23:29: Train Epoch 16: 680/1641 Loss: 0.332999
2026-08-19 23:29: Train Epoch 16: 700/1641 Loss: 0.363411
2026-08-19 23:29: Train Epoch 16: 720/1641 Loss: 0.348413
2026-08-19 23:29: Train Epoch 16: 740/1641 Loss: 0.361309
2026-08-19 23:29: Train Epoch 16: 760/1641 Loss: 0.342652
2026-08-19 23:29: Train Epoch 16: 780/1641 Loss: 0.335641
2026-08-19 23:29: Train Epoch 16: 800/1641 Loss: 0.361369
2026-08-19 23:29: Train Epoch 16: 820/1641 Loss: 0.347526
2026-08-19 23:29: Train Epoch 16: 840/1641 Loss: 0.358934
2026-08-19 23:29: Train Epoch 16: 860/1641 Loss: 0.360450
2026-08-19 23:30: Train Epoch 16: 880/1641 Loss: 0.361389
2026-08-19 23:30: Train Epoch 16: 900/1641 Loss: 0.356686
2026-08-19 23:30: Train Epoch 16: 920/1641 Loss: 0.388649
2026-08-19 23:30: Train Epoch 16: 940/1641 Loss: 0.360376
2026-08-19 23:30: Train Epoch 16: 960/1641 Loss: 0.351871
2026-08-19 23:30: Train Epoch 16: 980/1641 Loss: 0.333869
2026-08-19 23:30: Train Epoch 16: 1000/1641 Loss: 0.371558
2026-08-19 23:30: Train Epoch 16: 1020/1641 Loss: 0.349704
2026-08-19 23:30: Train Epoch 16: 1040/1641 Loss: 0.354814
2026-08-19 23:30: Train Epoch 16: 1060/1641 Loss: 0.360220
2026-08-19 23:30: Train Epoch 16: 1080/1641 Loss: 0.351966
2026-08-19 23:30: Train Epoch 16: 1100/1641 Loss: 0.370553
2026-08-19 23:30: Train Epoch 16: 1120/1641 Loss: 0.361070
2026-08-19 23:30: Train Epoch 16: 1140/1641 Loss: 0.380463
2026-08-19 23:30: Train Epoch 16: 1160/1641 Loss: 0.351451
2026-08-19 23:30: Train Epoch 16: 1180/1641 Loss: 0.360622
2026-08-19 23:30: Train Epoch 16: 1200/1641 Loss: 0.339132
2026-08-19 23:30: Train Epoch 16: 1220/1641 Loss: 0.360674
2026-08-19 23:30: Train Epoch 16: 1240/1641 Loss: 0.370765
2026-08-19 23:30: Train Epoch 16: 1260/1641 Loss: 0.354146
2026-08-19 23:30: Train Epoch 16: 1280/1641 Loss: 0.377268
2026-08-19 23:30: Train Epoch 16: 1300/1641 Loss: 0.360843
2026-08-19 23:30: Train Epoch 16: 1320/1641 Loss: 0.345476
2026-08-19 23:30: Train Epoch 16: 1340/1641 Loss: 0.353534
2026-08-19 23:31: Train Epoch 16: 1360/1641 Loss: 0.339941
2026-08-19 23:31: Train Epoch 16: 1380/1641 Loss: 0.342905
2026-08-19 23:31: Train Epoch 16: 1400/1641 Loss: 0.373013
2026-08-19 23:31: Train Epoch 16: 1420/1641 Loss: 0.354786
2026-08-19 23:31: Train Epoch 16: 1440/1641 Loss: 0.338879
2026-08-19 23:31: Train Epoch 16: 1460/1641 Loss: 0.349447
2026-08-19 23:31: Train Epoch 16: 1480/1641 Loss: 0.374328
2026-08-19 23:31: Train Epoch 16: 1500/1641 Loss: 0.342695
2026-08-19 23:31: Train Epoch 16: 1520/1641 Loss: 0.349781
2026-08-19 23:31: Train Epoch 16: 1540/1641 Loss: 0.349917
2026-08-19 23:31: Train Epoch 16: 1560/1641 Loss: 0.366243
2026-08-19 23:31: Train Epoch 16: 1580/1641 Loss: 0.360146
2026-08-19 23:31: Train Epoch 16: 1600/1641 Loss: 0.332647
2026-08-19 23:31: Train Epoch 16: 1620/1641 Loss: 0.352632
2026-08-19 23:31: Train Epoch 16: 1640/1641 Loss: 0.343661
2026-08-19 23:31: **********Train Epoch 16: averaged Loss: 0.353601, tf_ratio: 0.003964
2026-08-19 23:31: **********Val Epoch 16: average Loss: 0.423028
2026-08-19 23:31: Train Epoch 17: 0/1641 Loss: 0.355556
2026-08-19 23:32: Train Epoch 17: 20/1641 Loss: 0.346435
2026-08-19 23:32: Train Epoch 17: 40/1641 Loss: 0.376965
2026-08-19 23:32: Train Epoch 17: 60/1641 Loss: 0.349306
2026-08-19 23:32: Train Epoch 17: 80/1641 Loss: 0.359566
2026-08-19 23:32: Train Epoch 17: 100/1641 Loss: 0.349669
2026-08-19 23:32: Train Epoch 17: 120/1641 Loss: 0.341487
2026-08-19 23:32: Train Epoch 17: 140/1641 Loss: 0.366316
2026-08-19 23:32: Train Epoch 17: 160/1641 Loss: 0.336151
2026-08-19 23:32: Train Epoch 17: 180/1641 Loss: 0.358440
2026-08-19 23:32: Train Epoch 17: 200/1641 Loss: 0.343724
2026-08-19 23:32: Train Epoch 17: 220/1641 Loss: 0.345569
2026-08-19 23:32: Train Epoch 17: 240/1641 Loss: 0.331519
2026-08-19 23:32: Train Epoch 17: 260/1641 Loss: 0.361396
2026-08-19 23:32: Train Epoch 17: 280/1641 Loss: 0.359460
2026-08-19 23:32: Train Epoch 17: 300/1641 Loss: 0.351837
2026-08-19 23:32: Train Epoch 17: 320/1641 Loss: 0.363567
2026-08-19 23:32: Train Epoch 17: 340/1641 Loss: 0.339063
2026-08-19 23:32: Train Epoch 17: 360/1641 Loss: 0.348200
2026-08-19 23:32: Train Epoch 17: 380/1641 Loss: 0.320194
2026-08-19 23:32: Train Epoch 17: 400/1641 Loss: 0.350873
2026-08-19 23:32: Train Epoch 17: 420/1641 Loss: 0.345513
2026-08-19 23:32: Train Epoch 17: 440/1641 Loss: 0.364150
2026-08-19 23:32: Train Epoch 17: 460/1641 Loss: 0.355849
2026-08-19 23:33: Train Epoch 17: 480/1641 Loss: 0.342555
2026-08-19 23:33: Train Epoch 17: 500/1641 Loss: 0.335317
2026-08-19 23:33: Train Epoch 17: 520/1641 Loss: 0.346852
2026-08-19 23:33: Train Epoch 17: 540/1641 Loss: 0.344686
2026-08-19 23:33: Train Epoch 17: 560/1641 Loss: 0.354680
2026-08-19 23:33: Train Epoch 17: 580/1641 Loss: 0.354067
2026-08-19 23:33: Train Epoch 17: 600/1641 Loss: 0.346055
2026-08-19 23:33: Train Epoch 17: 620/1641 Loss: 0.325405
2026-08-19 23:33: Train Epoch 17: 640/1641 Loss: 0.357049
2026-08-19 23:33: Train Epoch 17: 660/1641 Loss: 0.348263
2026-08-19 23:33: Train Epoch 17: 680/1641 Loss: 0.344375
2026-08-19 23:33: Train Epoch 17: 700/1641 Loss: 0.371741
2026-08-19 23:33: Train Epoch 17: 720/1641 Loss: 0.335323
2026-08-19 23:33: Train Epoch 17: 740/1641 Loss: 0.347702
2026-08-19 23:33: Train Epoch 17: 760/1641 Loss: 0.353769
2026-08-19 23:33: Train Epoch 17: 780/1641 Loss: 0.350923
2026-08-19 23:33: Train Epoch 17: 800/1641 Loss: 0.355084
2026-08-19 23:33: Train Epoch 17: 820/1641 Loss: 0.338918
2026-08-19 23:33: Train Epoch 17: 840/1641 Loss: 0.334484
2026-08-19 23:33: Train Epoch 17: 860/1641 Loss: 0.364238
2026-08-19 23:33: Train Epoch 17: 880/1641 Loss: 0.352663
2026-08-19 23:33: Train Epoch 17: 900/1641 Loss: 0.361366
2026-08-19 23:33: Train Epoch 17: 920/1641 Loss: 0.349307
2026-08-19 23:34: Train Epoch 17: 940/1641 Loss: 0.333995
2026-08-19 23:34: Train Epoch 17: 960/1641 Loss: 0.336654
2026-08-19 23:34: Train Epoch 17: 980/1641 Loss: 0.346216
2026-08-19 23:34: Train Epoch 17: 1000/1641 Loss: 0.345188
2026-08-19 23:34: Train Epoch 17: 1020/1641 Loss: 0.329416
2026-08-19 23:34: Train Epoch 17: 1040/1641 Loss: 0.331586
2026-08-19 23:34: Train Epoch 17: 1060/1641 Loss: 0.353239
2026-08-19 23:34: Train Epoch 17: 1080/1641 Loss: 0.351156
2026-08-19 23:34: Train Epoch 17: 1100/1641 Loss: 0.341873
2026-08-19 23:34: Train Epoch 17: 1120/1641 Loss: 0.330044
2026-08-19 23:34: Train Epoch 17: 1140/1641 Loss: 0.329767
2026-08-19 23:34: Train Epoch 17: 1160/1641 Loss: 0.342290
2026-08-19 23:34: Train Epoch 17: 1180/1641 Loss: 0.343419
2026-08-19 23:34: Train Epoch 17: 1200/1641 Loss: 0.340479
2026-08-19 23:34: Train Epoch 17: 1220/1641 Loss: 0.370903
2026-08-19 23:34: Train Epoch 17: 1240/1641 Loss: 0.350087
2026-08-19 23:34: Train Epoch 17: 1260/1641 Loss: 0.350330
2026-08-19 23:34: Train Epoch 17: 1280/1641 Loss: 0.330071
2026-08-19 23:34: Train Epoch 17: 1300/1641 Loss: 0.340886
2026-08-19 23:34: Train Epoch 17: 1320/1641 Loss: 0.332358
2026-08-19 23:34: Train Epoch 17: 1340/1641 Loss: 0.338976
2026-08-19 23:34: Train Epoch 17: 1360/1641 Loss: 0.353952
2026-08-19 23:34: Train Epoch 17: 1380/1641 Loss: 0.348122
2026-08-19 23:34: Train Epoch 17: 1400/1641 Loss: 0.338409
2026-08-19 23:35: Train Epoch 17: 1420/1641 Loss: 0.363293
2026-08-19 23:35: Train Epoch 17: 1440/1641 Loss: 0.352336
2026-08-19 23:35: Train Epoch 17: 1460/1641 Loss: 0.366864
2026-08-19 23:35: Train Epoch 17: 1480/1641 Loss: 0.340392
2026-08-19 23:35: Train Epoch 17: 1500/1641 Loss: 0.353193
2026-08-19 23:35: Train Epoch 17: 1520/1641 Loss: 0.351553
2026-08-19 23:35: Train Epoch 17: 1540/1641 Loss: 0.350925
2026-08-19 23:35: Train Epoch 17: 1560/1641 Loss: 0.349438
2026-08-19 23:35: Train Epoch 17: 1580/1641 Loss: 0.335933
2026-08-19 23:35: Train Epoch 17: 1600/1641 Loss: 0.345181
2026-08-19 23:35: Train Epoch 17: 1620/1641 Loss: 0.364916
2026-08-19 23:35: Train Epoch 17: 1640/1641 Loss: 0.371489
2026-08-19 23:35: **********Train Epoch 17: averaged Loss: 0.348492, tf_ratio: 0.001749
2026-08-19 23:35: **********Val Epoch 17: average Loss: 0.419756
2026-08-19 23:35: Train Epoch 18: 0/1641 Loss: 0.339400
2026-08-19 23:35: Train Epoch 18: 20/1641 Loss: 0.352082
2026-08-19 23:35: Train Epoch 18: 40/1641 Loss: 0.341272
2026-08-19 23:35: Train Epoch 18: 60/1641 Loss: 0.346528
2026-08-19 23:36: Train Epoch 18: 80/1641 Loss: 0.360020
2026-08-19 23:36: Train Epoch 18: 100/1641 Loss: 0.329182
2026-08-19 23:36: Train Epoch 18: 120/1641 Loss: 0.330344
2026-08-19 23:36: Train Epoch 18: 140/1641 Loss: 0.345611
2026-08-19 23:36: Train Epoch 18: 160/1641 Loss: 0.326736
2026-08-19 23:36: Train Epoch 18: 180/1641 Loss: 0.372072
2026-08-19 23:36: Train Epoch 18: 200/1641 Loss: 0.345798
2026-08-19 23:36: Train Epoch 18: 220/1641 Loss: 0.319472
2026-08-19 23:36: Train Epoch 18: 240/1641 Loss: 0.345299
2026-08-19 23:36: Train Epoch 18: 260/1641 Loss: 0.374941
2026-08-19 23:36: Train Epoch 18: 280/1641 Loss: 0.358673
2026-08-19 23:36: Train Epoch 18: 300/1641 Loss: 0.332372
2026-08-19 23:36: Train Epoch 18: 320/1641 Loss: 0.334351
2026-08-19 23:36: Train Epoch 18: 340/1641 Loss: 0.340230
2026-08-19 23:36: Train Epoch 18: 360/1641 Loss: 0.342490
2026-08-19 23:36: Train Epoch 18: 380/1641 Loss: 0.344674
2026-08-19 23:36: Train Epoch 18: 400/1641 Loss: 0.348761
2026-08-19 23:36: Train Epoch 18: 420/1641 Loss: 0.331116
2026-08-19 23:36: Train Epoch 18: 440/1641 Loss: 0.331196
2026-08-19 23:36: Train Epoch 18: 460/1641 Loss: 0.366756
2026-08-19 23:36: Train Epoch 18: 480/1641 Loss: 0.365494
2026-08-19 23:36: Train Epoch 18: 500/1641 Loss: 0.341168
2026-08-19 23:37: Train Epoch 18: 520/1641 Loss: 0.344089
2026-08-19 23:37: Train Epoch 18: 540/1641 Loss: 0.349034
2026-08-19 23:37: Train Epoch 18: 560/1641 Loss: 0.326193
2026-08-19 23:37: Train Epoch 18: 580/1641 Loss: 0.347595
2026-08-19 23:37: Train Epoch 18: 600/1641 Loss: 0.312169
2026-08-19 23:37: Train Epoch 18: 620/1641 Loss: 0.349194
2026-08-19 23:37: Train Epoch 18: 640/1641 Loss: 0.331653
2026-08-19 23:37: Train Epoch 18: 660/1641 Loss: 0.344240
2026-08-19 23:37: Train Epoch 18: 680/1641 Loss: 0.343686
2026-08-19 23:37: Train Epoch 18: 700/1641 Loss: 0.341619
2026-08-19 23:37: Train Epoch 18: 720/1641 Loss: 0.348935
2026-08-19 23:37: Train Epoch 18: 740/1641 Loss: 0.351805
2026-08-19 23:37: Train Epoch 18: 760/1641 Loss: 0.359516
2026-08-19 23:37: Train Epoch 18: 780/1641 Loss: 0.333310
2026-08-19 23:37: Train Epoch 18: 800/1641 Loss: 0.336782
2026-08-19 23:37: Train Epoch 18: 820/1641 Loss: 0.342676
2026-08-19 23:37: Train Epoch 18: 840/1641 Loss: 0.337273
2026-08-19 23:37: Train Epoch 18: 860/1641 Loss: 0.344934
2026-08-19 23:37: Train Epoch 18: 880/1641 Loss: 0.333742
2026-08-19 23:37: Train Epoch 18: 900/1641 Loss: 0.349669
2026-08-19 23:37: Train Epoch 18: 920/1641 Loss: 0.341214
2026-08-19 23:37: Train Epoch 18: 940/1641 Loss: 0.357549
2026-08-19 23:38: Train Epoch 18: 960/1641 Loss: 0.361876
2026-08-19 23:38: Train Epoch 18: 980/1641 Loss: 0.322379
2026-08-19 23:38: Train Epoch 18: 1000/1641 Loss: 0.348861
2026-08-19 23:38: Train Epoch 18: 1020/1641 Loss: 0.345816
2026-08-19 23:38: Train Epoch 18: 1040/1641 Loss: 0.346764
2026-08-19 23:38: Train Epoch 18: 1060/1641 Loss: 0.339156
2026-08-19 23:38: Train Epoch 18: 1080/1641 Loss: 0.352329
2026-08-19 23:38: Train Epoch 18: 1100/1641 Loss: 0.349783
2026-08-19 23:38: Train Epoch 18: 1120/1641 Loss: 0.345082
2026-08-19 23:38: Train Epoch 18: 1140/1641 Loss: 0.340853
2026-08-19 23:38: Train Epoch 18: 1160/1641 Loss: 0.334368
2026-08-19 23:38: Train Epoch 18: 1180/1641 Loss: 0.323246
2026-08-19 23:38: Train Epoch 18: 1200/1641 Loss: 0.357323
2026-08-19 23:38: Train Epoch 18: 1220/1641 Loss: 0.319238
2026-08-19 23:38: Train Epoch 18: 1240/1641 Loss: 0.350953
2026-08-19 23:38: Train Epoch 18: 1260/1641 Loss: 0.350833
2026-08-19 23:38: Train Epoch 18: 1280/1641 Loss: 0.333405
2026-08-19 23:38: Train Epoch 18: 1300/1641 Loss: 0.366280
2026-08-19 23:38: Train Epoch 18: 1320/1641 Loss: 0.352334
2026-08-19 23:38: Train Epoch 18: 1340/1641 Loss: 0.345736
2026-08-19 23:38: Train Epoch 18: 1360/1641 Loss: 0.338278
2026-08-19 23:38: Train Epoch 18: 1380/1641 Loss: 0.333509
2026-08-19 23:38: Train Epoch 18: 1400/1641 Loss: 0.338560
2026-08-19 23:39: Train Epoch 18: 1420/1641 Loss: 0.336109
2026-08-19 23:39: Train Epoch 18: 1440/1641 Loss: 0.346134
2026-08-19 23:39: Train Epoch 18: 1460/1641 Loss: 0.348958
2026-08-19 23:39: Train Epoch 18: 1480/1641 Loss: 0.355039
2026-08-19 23:39: Train Epoch 18: 1500/1641 Loss: 0.348487
2026-08-19 23:39: Train Epoch 18: 1520/1641 Loss: 0.329082
2026-08-19 23:39: Train Epoch 18: 1540/1641 Loss: 0.342798
2026-08-19 23:39: Train Epoch 18: 1560/1641 Loss: 0.346916
2026-08-19 23:39: Train Epoch 18: 1580/1641 Loss: 0.318217
2026-08-19 23:39: Train Epoch 18: 1600/1641 Loss: 0.338341
2026-08-19 23:39: Train Epoch 18: 1620/1641 Loss: 0.338597
2026-08-19 23:39: Train Epoch 18: 1640/1641 Loss: 0.337098
2026-08-19 23:39: **********Train Epoch 18: averaged Loss: 0.343293, tf_ratio: 0.000771
2026-08-19 23:39: **********Val Epoch 18: average Loss: 0.419785
2026-08-19 23:39: Train Epoch 19: 0/1641 Loss: 0.337089
2026-08-19 23:39: Train Epoch 19: 20/1641 Loss: 0.324858
2026-08-19 23:39: Train Epoch 19: 40/1641 Loss: 0.347806
2026-08-19 23:40: Train Epoch 19: 60/1641 Loss: 0.345852
2026-08-19 23:40: Train Epoch 19: 80/1641 Loss: 0.338230
2026-08-19 23:40: Train Epoch 19: 100/1641 Loss: 0.328221
2026-08-19 23:40: Train Epoch 19: 120/1641 Loss: 0.333455
2026-08-19 23:40: Train Epoch 19: 140/1641 Loss: 0.341505
2026-08-19 23:40: Train Epoch 19: 160/1641 Loss: 0.347058
2026-08-19 23:40: Train Epoch 19: 180/1641 Loss: 0.328913
2026-08-19 23:40: Train Epoch 19: 200/1641 Loss: 0.349658
2026-08-19 23:40: Train Epoch 19: 220/1641 Loss: 0.342400
2026-08-19 23:40: Train Epoch 19: 240/1641 Loss: 0.324773
2026-08-19 23:40: Train Epoch 19: 260/1641 Loss: 0.340716
2026-08-19 23:40: Train Epoch 19: 280/1641 Loss: 0.333686
2026-08-19 23:40: Train Epoch 19: 300/1641 Loss: 0.345902
2026-08-19 23:40: Train Epoch 19: 320/1641 Loss: 0.334961
2026-08-19 23:40: Train Epoch 19: 340/1641 Loss: 0.329924
2026-08-19 23:40: Train Epoch 19: 360/1641 Loss: 0.321552
2026-08-19 23:40: Train Epoch 19: 380/1641 Loss: 0.345534
2026-08-19 23:40: Train Epoch 19: 400/1641 Loss: 0.333423
2026-08-19 23:40: Train Epoch 19: 420/1641 Loss: 0.341061
2026-08-19 23:40: Train Epoch 19: 440/1641 Loss: 0.359896
2026-08-19 23:40: Train Epoch 19: 460/1641 Loss: 0.348709
2026-08-19 23:40: Train Epoch 19: 480/1641 Loss: 0.339607
2026-08-19 23:41: Train Epoch 19: 500/1641 Loss: 0.329151
2026-08-19 23:41: Train Epoch 19: 520/1641 Loss: 0.352885
2026-08-19 23:41: Train Epoch 19: 540/1641 Loss: 0.321217
2026-08-19 23:41: Train Epoch 19: 560/1641 Loss: 0.340707
2026-08-19 23:41: Train Epoch 19: 580/1641 Loss: 0.326521
2026-08-19 23:41: Train Epoch 19: 600/1641 Loss: 0.368139
2026-08-19 23:41: Train Epoch 19: 620/1641 Loss: 0.367724
2026-08-19 23:41: Train Epoch 19: 640/1641 Loss: 0.317864
2026-08-19 23:41: Train Epoch 19: 660/1641 Loss: 0.334160
2026-08-19 23:41: Train Epoch 19: 680/1641 Loss: 0.326398
2026-08-19 23:41: Train Epoch 19: 700/1641 Loss: 0.357002
2026-08-19 23:41: Train Epoch 19: 720/1641 Loss: 0.338357
2026-08-19 23:41: Train Epoch 19: 740/1641 Loss: 0.363870
2026-08-19 23:41: Train Epoch 19: 760/1641 Loss: 0.335410
2026-08-19 23:41: Train Epoch 19: 780/1641 Loss: 0.328561
2026-08-19 23:41: Train Epoch 19: 800/1641 Loss: 0.339432
2026-08-19 23:41: Train Epoch 19: 820/1641 Loss: 0.314512
2026-08-19 23:41: Train Epoch 19: 840/1641 Loss: 0.333251
2026-08-19 23:41: Train Epoch 19: 860/1641 Loss: 0.323053
2026-08-19 23:41: Train Epoch 19: 880/1641 Loss: 0.314197
2026-08-19 23:41: Train Epoch 19: 900/1641 Loss: 0.354717
2026-08-19 23:41: Train Epoch 19: 920/1641 Loss: 0.340748
2026-08-19 23:42: Train Epoch 19: 940/1641 Loss: 0.353789
2026-08-19 23:42: Train Epoch 19: 960/1641 Loss: 0.316784
2026-08-19 23:42: Train Epoch 19: 980/1641 Loss: 0.329444
2026-08-19 23:42: Train Epoch 19: 1000/1641 Loss: 0.326769
2026-08-19 23:42: Train Epoch 19: 1020/1641 Loss: 0.337977
2026-08-19 23:42: Train Epoch 19: 1040/1641 Loss: 0.319674
2026-08-19 23:42: Train Epoch 19: 1060/1641 Loss: 0.330582
2026-08-19 23:42: Train Epoch 19: 1080/1641 Loss: 0.350834
2026-08-19 23:42: Train Epoch 19: 1100/1641 Loss: 0.344447
2026-08-19 23:42: Train Epoch 19: 1120/1641 Loss: 0.346236
2026-08-19 23:42: Train Epoch 19: 1140/1641 Loss: 0.331701
2026-08-19 23:42: Train Epoch 19: 1160/1641 Loss: 0.341461
2026-08-19 23:42: Train Epoch 19: 1180/1641 Loss: 0.332435
2026-08-19 23:42: Train Epoch 19: 1200/1641 Loss: 0.355065
2026-08-19 23:42: Train Epoch 19: 1220/1641 Loss: 0.342103
2026-08-19 23:42: Train Epoch 19: 1240/1641 Loss: 0.325631
2026-08-19 23:42: Train Epoch 19: 1260/1641 Loss: 0.342336
2026-08-19 23:42: Train Epoch 19: 1280/1641 Loss: 0.344057
2026-08-19 23:42: Train Epoch 19: 1300/1641 Loss: 0.352409
2026-08-19 23:42: Train Epoch 19: 1320/1641 Loss: 0.345743
2026-08-19 23:42: Train Epoch 19: 1340/1641 Loss: 0.350745
2026-08-19 23:42: Train Epoch 19: 1360/1641 Loss: 0.355924
2026-08-19 23:43: Train Epoch 19: 1380/1641 Loss: 0.341372
2026-08-19 23:43: Train Epoch 19: 1400/1641 Loss: 0.335418
2026-08-19 23:43: Train Epoch 19: 1420/1641 Loss: 0.337409
2026-08-19 23:43: Train Epoch 19: 1440/1641 Loss: 0.334792
2026-08-19 23:43: Train Epoch 19: 1460/1641 Loss: 0.350563
2026-08-19 23:43: Train Epoch 19: 1480/1641 Loss: 0.322252
2026-08-19 23:43: Train Epoch 19: 1500/1641 Loss: 0.329066
2026-08-19 23:43: Train Epoch 19: 1520/1641 Loss: 0.316918
2026-08-19 23:43: Train Epoch 19: 1540/1641 Loss: 0.333960
2026-08-19 23:43: Train Epoch 19: 1560/1641 Loss: 0.326821
2026-08-19 23:43: Train Epoch 19: 1580/1641 Loss: 0.344603
2026-08-19 23:43: Train Epoch 19: 1600/1641 Loss: 0.324603
2026-08-19 23:43: Train Epoch 19: 1620/1641 Loss: 0.354457
2026-08-19 23:43: Train Epoch 19: 1640/1641 Loss: 0.346413
2026-08-19 23:43: **********Train Epoch 19: averaged Loss: 0.338549, tf_ratio: 0.000339
2026-08-19 23:43: **********Val Epoch 19: average Loss: 0.422581
2026-08-19 23:43: Train Epoch 20: 0/1641 Loss: 0.310806
2026-08-19 23:44: Train Epoch 20: 20/1641 Loss: 0.345717
2026-08-19 23:44: Train Epoch 20: 40/1641 Loss: 0.357915
2026-08-19 23:44: Train Epoch 20: 60/1641 Loss: 0.328655
2026-08-19 23:44: Train Epoch 20: 80/1641 Loss: 0.332818
2026-08-19 23:44: Train Epoch 20: 100/1641 Loss: 0.334699
2026-08-19 23:44: Train Epoch 20: 120/1641 Loss: 0.343510
2026-08-19 23:44: Train Epoch 20: 140/1641 Loss: 0.336268
2026-08-19 23:44: Train Epoch 20: 160/1641 Loss: 0.334697
2026-08-19 23:44: Train Epoch 20: 180/1641 Loss: 0.342868
2026-08-19 23:44: Train Epoch 20: 200/1641 Loss: 0.324759
2026-08-19 23:44: Train Epoch 20: 220/1641 Loss: 0.360638
2026-08-19 23:44: Train Epoch 20: 240/1641 Loss: 0.327061
2026-08-19 23:44: Train Epoch 20: 260/1641 Loss: 0.338742
2026-08-19 23:44: Train Epoch 20: 280/1641 Loss: 0.321590
2026-08-19 23:44: Train Epoch 20: 300/1641 Loss: 0.336896
2026-08-19 23:44: Train Epoch 20: 320/1641 Loss: 0.327883
2026-08-19 23:44: Train Epoch 20: 340/1641 Loss: 0.337080
2026-08-19 23:44: Train Epoch 20: 360/1641 Loss: 0.326147
2026-08-19 23:44: Train Epoch 20: 380/1641 Loss: 0.320950
2026-08-19 23:44: Train Epoch 20: 400/1641 Loss: 0.347170
2026-08-19 23:44: Train Epoch 20: 420/1641 Loss: 0.329350
2026-08-19 23:44: Train Epoch 20: 440/1641 Loss: 0.303879
2026-08-19 23:45: Train Epoch 20: 460/1641 Loss: 0.321533
2026-08-19 23:45: Train Epoch 20: 480/1641 Loss: 0.322431
2026-08-19 23:45: Train Epoch 20: 500/1641 Loss: 0.337135
2026-08-19 23:45: Train Epoch 20: 520/1641 Loss: 0.324579
2026-08-19 23:45: Train Epoch 20: 540/1641 Loss: 0.333001
2026-08-19 23:45: Train Epoch 20: 560/1641 Loss: 0.335033
2026-08-19 23:45: Train Epoch 20: 580/1641 Loss: 0.325686
2026-08-19 23:45: Train Epoch 20: 600/1641 Loss: 0.327559
2026-08-19 23:45: Train Epoch 20: 620/1641 Loss: 0.336667
2026-08-19 23:45: Train Epoch 20: 640/1641 Loss: 0.322202
2026-08-19 23:45: Train Epoch 20: 660/1641 Loss: 0.320864
2026-08-19 23:45: Train Epoch 20: 680/1641 Loss: 0.347578
2026-08-19 23:45: Train Epoch 20: 700/1641 Loss: 0.325381
2026-08-19 23:45: Train Epoch 20: 720/1641 Loss: 0.338298
2026-08-19 23:45: Train Epoch 20: 740/1641 Loss: 0.352001
2026-08-19 23:45: Train Epoch 20: 760/1641 Loss: 0.310877
2026-08-19 23:45: Train Epoch 20: 780/1641 Loss: 0.356052
2026-08-19 23:45: Train Epoch 20: 800/1641 Loss: 0.320427
2026-08-19 23:45: Train Epoch 20: 820/1641 Loss: 0.338112
2026-08-19 23:45: Train Epoch 20: 840/1641 Loss: 0.331757
2026-08-19 23:45: Train Epoch 20: 860/1641 Loss: 0.342974
2026-08-19 23:45: Train Epoch 20: 880/1641 Loss: 0.330614
2026-08-19 23:46: Train Epoch 20: 900/1641 Loss: 0.337835
2026-08-19 23:46: Train Epoch 20: 920/1641 Loss: 0.336065
2026-08-19 23:46: Train Epoch 20: 940/1641 Loss: 0.337659
2026-08-19 23:46: Train Epoch 20: 960/1641 Loss: 0.326154
2026-08-19 23:46: Train Epoch 20: 980/1641 Loss: 0.329325
2026-08-19 23:46: Train Epoch 20: 1000/1641 Loss: 0.339746
2026-08-19 23:46: Train Epoch 20: 1020/1641 Loss: 0.354489
2026-08-19 23:46: Train Epoch 20: 1040/1641 Loss: 0.349761
2026-08-19 23:46: Train Epoch 20: 1060/1641 Loss: 0.346366
2026-08-19 23:46: Train Epoch 20: 1080/1641 Loss: 0.340480
2026-08-19 23:46: Train Epoch 20: 1100/1641 Loss: 0.331570
2026-08-19 23:46: Train Epoch 20: 1120/1641 Loss: 0.323795
2026-08-19 23:46: Train Epoch 20: 1140/1641 Loss: 0.320721
2026-08-19 23:46: Train Epoch 20: 1160/1641 Loss: 0.323184
2026-08-19 23:46: Train Epoch 20: 1180/1641 Loss: 0.345802
2026-08-19 23:46: Train Epoch 20: 1200/1641 Loss: 0.335889
2026-08-19 23:46: Train Epoch 20: 1220/1641 Loss: 0.317996
2026-08-19 23:46: Train Epoch 20: 1240/1641 Loss: 0.346992
2026-08-19 23:46: Train Epoch 20: 1260/1641 Loss: 0.307760
2026-08-19 23:46: Train Epoch 20: 1280/1641 Loss: 0.336388
2026-08-19 23:46: Train Epoch 20: 1300/1641 Loss: 0.348029
2026-08-19 23:46: Train Epoch 20: 1320/1641 Loss: 0.345157
2026-08-19 23:47: Train Epoch 20: 1340/1641 Loss: 0.315666
2026-08-19 23:47: Train Epoch 20: 1360/1641 Loss: 0.316222
2026-08-19 23:47: Train Epoch 20: 1380/1641 Loss: 0.350400
2026-08-19 23:47: Train Epoch 20: 1400/1641 Loss: 0.316374
2026-08-19 23:47: Train Epoch 20: 1420/1641 Loss: 0.312685
2026-08-19 23:47: Train Epoch 20: 1440/1641 Loss: 0.332358
2026-08-19 23:47: Train Epoch 20: 1460/1641 Loss: 0.340287
2026-08-19 23:47: Train Epoch 20: 1480/1641 Loss: 0.343317
2026-08-19 23:47: Train Epoch 20: 1500/1641 Loss: 0.328366
2026-08-19 23:47: Train Epoch 20: 1520/1641 Loss: 0.349004
2026-08-19 23:47: Train Epoch 20: 1540/1641 Loss: 0.344703
2026-08-19 23:47: Train Epoch 20: 1560/1641 Loss: 0.328609
2026-08-19 23:47: Train Epoch 20: 1580/1641 Loss: 0.331747
2026-08-19 23:47: Train Epoch 20: 1600/1641 Loss: 0.342385
2026-08-19 23:47: Train Epoch 20: 1620/1641 Loss: 0.325588
2026-08-19 23:47: Train Epoch 20: 1640/1641 Loss: 0.339119
2026-08-19 23:47: **********Train Epoch 20: averaged Loss: 0.333707, tf_ratio: 0.000149
2026-08-19 23:48: **********Val Epoch 20: average Loss: 0.430851
2026-08-19 23:48: Train Epoch 21: 0/1641 Loss: 0.323134
2026-08-19 23:48: Train Epoch 21: 20/1641 Loss: 0.358848
2026-08-19 23:48: Train Epoch 21: 40/1641 Loss: 0.346334
2026-08-19 23:48: Train Epoch 21: 60/1641 Loss: 0.348186
2026-08-19 23:48: Train Epoch 21: 80/1641 Loss: 0.336505
2026-08-19 23:48: Train Epoch 21: 100/1641 Loss: 0.330592
2026-08-19 23:48: Train Epoch 21: 120/1641 Loss: 0.343639
2026-08-19 23:48: Train Epoch 21: 140/1641 Loss: 0.322811
2026-08-19 23:48: Train Epoch 21: 160/1641 Loss: 0.317186
2026-08-19 23:48: Train Epoch 21: 180/1641 Loss: 0.332841
2026-08-19 23:48: Train Epoch 21: 200/1641 Loss: 0.328220
2026-08-19 23:48: Train Epoch 21: 220/1641 Loss: 0.311055
2026-08-19 23:48: Train Epoch 21: 240/1641 Loss: 0.324798
2026-08-19 23:48: Train Epoch 21: 260/1641 Loss: 0.340471
2026-08-19 23:48: Train Epoch 21: 280/1641 Loss: 0.309011
2026-08-19 23:48: Train Epoch 21: 300/1641 Loss: 0.329009
2026-08-19 23:48: Train Epoch 21: 320/1641 Loss: 0.327191
2026-08-19 23:48: Train Epoch 21: 340/1641 Loss: 0.293457
2026-08-19 23:48: Train Epoch 21: 360/1641 Loss: 0.343766
2026-08-19 23:48: Train Epoch 21: 380/1641 Loss: 0.337220
2026-08-19 23:48: Train Epoch 21: 400/1641 Loss: 0.342286
2026-08-19 23:49: Train Epoch 21: 420/1641 Loss: 0.335198
2026-08-19 23:49: Train Epoch 21: 440/1641 Loss: 0.335555
2026-08-19 23:49: Train Epoch 21: 460/1641 Loss: 0.333652
2026-08-19 23:49: Train Epoch 21: 480/1641 Loss: 0.327317
2026-08-19 23:49: Train Epoch 21: 500/1641 Loss: 0.331071
2026-08-19 23:49: Train Epoch 21: 520/1641 Loss: 0.339949
2026-08-19 23:49: Train Epoch 21: 540/1641 Loss: 0.324317
2026-08-19 23:49: Train Epoch 21: 560/1641 Loss: 0.319464
2026-08-19 23:49: Train Epoch 21: 580/1641 Loss: 0.332061
2026-08-19 23:49: Train Epoch 21: 600/1641 Loss: 0.320196
2026-08-19 23:49: Train Epoch 21: 620/1641 Loss: 0.337609
2026-08-19 23:49: Train Epoch 21: 640/1641 Loss: 0.332257
2026-08-19 23:49: Train Epoch 21: 660/1641 Loss: 0.310819
2026-08-19 23:49: Train Epoch 21: 680/1641 Loss: 0.336434
2026-08-19 23:49: Train Epoch 21: 700/1641 Loss: 0.323227
2026-08-19 23:49: Train Epoch 21: 720/1641 Loss: 0.322222
2026-08-19 23:49: Train Epoch 21: 740/1641 Loss: 0.344682
2026-08-19 23:49: Train Epoch 21: 760/1641 Loss: 0.328995
2026-08-19 23:49: Train Epoch 21: 780/1641 Loss: 0.301564
2026-08-19 23:49: Train Epoch 21: 800/1641 Loss: 0.323671
2026-08-19 23:49: Train Epoch 21: 820/1641 Loss: 0.330571
2026-08-19 23:49: Train Epoch 21: 840/1641 Loss: 0.309238
2026-08-19 23:50: Train Epoch 21: 860/1641 Loss: 0.310897
2026-08-19 23:50: Train Epoch 21: 880/1641 Loss: 0.328247
2026-08-19 23:50: Train Epoch 21: 900/1641 Loss: 0.329674
2026-08-19 23:50: Train Epoch 21: 920/1641 Loss: 0.323566
2026-08-19 23:50: Train Epoch 21: 940/1641 Loss: 0.331529
2026-08-19 23:50: Train Epoch 21: 960/1641 Loss: 0.331597
2026-08-19 23:50: Train Epoch 21: 980/1641 Loss: 0.327633
2026-08-19 23:50: Train Epoch 21: 1000/1641 Loss: 0.315664
2026-08-19 23:50: Train Epoch 21: 1020/1641 Loss: 0.311301
2026-08-19 23:50: Train Epoch 21: 1040/1641 Loss: 0.311928
2026-08-19 23:50: Train Epoch 21: 1060/1641 Loss: 0.343585
2026-08-19 23:50: Train Epoch 21: 1080/1641 Loss: 0.330196
2026-08-19 23:50: Train Epoch 21: 1100/1641 Loss: 0.343258
2026-08-19 23:50: Train Epoch 21: 1120/1641 Loss: 0.327369
2026-08-19 23:50: Train Epoch 21: 1140/1641 Loss: 0.327628
2026-08-19 23:50: Train Epoch 21: 1160/1641 Loss: 0.310417
2026-08-19 23:50: Train Epoch 21: 1180/1641 Loss: 0.345540
2026-08-19 23:50: Train Epoch 21: 1200/1641 Loss: 0.338194
2026-08-19 23:50: Train Epoch 21: 1220/1641 Loss: 0.331220
2026-08-19 23:50: Train Epoch 21: 1240/1641 Loss: 0.317011
2026-08-19 23:50: Train Epoch 21: 1260/1641 Loss: 0.328193
2026-08-19 23:50: Train Epoch 21: 1280/1641 Loss: 0.345117
2026-08-19 23:51: Train Epoch 21: 1300/1641 Loss: 0.342168
2026-08-19 23:51: Train Epoch 21: 1320/1641 Loss: 0.324368
2026-08-19 23:51: Train Epoch 21: 1340/1641 Loss: 0.325983
2026-08-19 23:51: Train Epoch 21: 1360/1641 Loss: 0.316013
2026-08-19 23:51: Train Epoch 21: 1380/1641 Loss: 0.334836
2026-08-19 23:51: Train Epoch 21: 1400/1641 Loss: 0.320203
2026-08-19 23:51: Train Epoch 21: 1420/1641 Loss: 0.327244
2026-08-19 23:51: Train Epoch 21: 1440/1641 Loss: 0.323810
2026-08-19 23:51: Train Epoch 21: 1460/1641 Loss: 0.327830
2026-08-19 23:51: Train Epoch 21: 1480/1641 Loss: 0.323866
2026-08-19 23:51: Train Epoch 21: 1500/1641 Loss: 0.318684
2026-08-19 23:51: Train Epoch 21: 1520/1641 Loss: 0.327164
2026-08-19 23:51: Train Epoch 21: 1540/1641 Loss: 0.304410
2026-08-19 23:51: Train Epoch 21: 1560/1641 Loss: 0.351923
2026-08-19 23:51: Train Epoch 21: 1580/1641 Loss: 0.333026
2026-08-19 23:51: Train Epoch 21: 1600/1641 Loss: 0.326050
2026-08-19 23:51: Train Epoch 21: 1620/1641 Loss: 0.337121
2026-08-19 23:51: Train Epoch 21: 1640/1641 Loss: 0.317818
2026-08-19 23:51: **********Train Epoch 21: averaged Loss: 0.329113, tf_ratio: 0.000066
2026-08-19 23:52: **********Val Epoch 21: average Loss: 0.424714
2026-08-19 23:52: Train Epoch 22: 0/1641 Loss: 0.321985
2026-08-19 23:52: Train Epoch 22: 20/1641 Loss: 0.313835
2026-08-19 23:52: Train Epoch 22: 40/1641 Loss: 0.323693
2026-08-19 23:52: Train Epoch 22: 60/1641 Loss: 0.304431
2026-08-19 23:52: Train Epoch 22: 80/1641 Loss: 0.307472
2026-08-19 23:52: Train Epoch 22: 100/1641 Loss: 0.316396
2026-08-19 23:52: Train Epoch 22: 120/1641 Loss: 0.315957
2026-08-19 23:52: Train Epoch 22: 140/1641 Loss: 0.311702
2026-08-19 23:52: Train Epoch 22: 160/1641 Loss: 0.321830
2026-08-19 23:52: Train Epoch 22: 180/1641 Loss: 0.344996
2026-08-19 23:52: Train Epoch 22: 200/1641 Loss: 0.320791
2026-08-19 23:52: Train Epoch 22: 220/1641 Loss: 0.328004
2026-08-19 23:52: Train Epoch 22: 240/1641 Loss: 0.352612
2026-08-19 23:52: Train Epoch 22: 260/1641 Loss: 0.338571
2026-08-19 23:52: Train Epoch 22: 280/1641 Loss: 0.319274
2026-08-19 23:52: Train Epoch 22: 300/1641 Loss: 0.313140
2026-08-19 23:52: Train Epoch 22: 320/1641 Loss: 0.331766
2026-08-19 23:52: Train Epoch 22: 340/1641 Loss: 0.312085
2026-08-19 23:52: Train Epoch 22: 360/1641 Loss: 0.311977
2026-08-19 23:53: Train Epoch 22: 380/1641 Loss: 0.315447
2026-08-19 23:53: Train Epoch 22: 400/1641 Loss: 0.328856
2026-08-19 23:53: Train Epoch 22: 420/1641 Loss: 0.317778
2026-08-19 23:53: Train Epoch 22: 440/1641 Loss: 0.322292
2026-08-19 23:53: Train Epoch 22: 460/1641 Loss: 0.320978
2026-08-19 23:53: Train Epoch 22: 480/1641 Loss: 0.324566
2026-08-19 23:53: Train Epoch 22: 500/1641 Loss: 0.329406
2026-08-19 23:53: Train Epoch 22: 520/1641 Loss: 0.316432
2026-08-19 23:53: Train Epoch 22: 540/1641 Loss: 0.319414
2026-08-19 23:53: Train Epoch 22: 560/1641 Loss: 0.332274
2026-08-19 23:53: Train Epoch 22: 580/1641 Loss: 0.304593
2026-08-19 23:53: Train Epoch 22: 600/1641 Loss: 0.344080
2026-08-19 23:53: Train Epoch 22: 620/1641 Loss: 0.327687
2026-08-19 23:53: Train Epoch 22: 640/1641 Loss: 0.328015
2026-08-19 23:53: Train Epoch 22: 660/1641 Loss: 0.325242
2026-08-19 23:53: Train Epoch 22: 680/1641 Loss: 0.317737
2026-08-19 23:53: Train Epoch 22: 700/1641 Loss: 0.309971
2026-08-19 23:53: Train Epoch 22: 720/1641 Loss: 0.309147
2026-08-19 23:53: Train Epoch 22: 740/1641 Loss: 0.322249
2026-08-19 23:53: Train Epoch 22: 760/1641 Loss: 0.330528
2026-08-19 23:53: Train Epoch 22: 780/1641 Loss: 0.319636
2026-08-19 23:53: Train Epoch 22: 800/1641 Loss: 0.321666
2026-08-19 23:54: Train Epoch 22: 820/1641 Loss: 0.335850
2026-08-19 23:54: Train Epoch 22: 840/1641 Loss: 0.320064
2026-08-19 23:54: Train Epoch 22: 860/1641 Loss: 0.329717
2026-08-19 23:54: Train Epoch 22: 880/1641 Loss: 0.321741
2026-08-19 23:54: Train Epoch 22: 900/1641 Loss: 0.311028
2026-08-19 23:54: Train Epoch 22: 920/1641 Loss: 0.307420
2026-08-19 23:54: Train Epoch 22: 940/1641 Loss: 0.325320
2026-08-19 23:54: Train Epoch 22: 960/1641 Loss: 0.316066
2026-08-19 23:54: Train Epoch 22: 980/1641 Loss: 0.324310
2026-08-19 23:54: Train Epoch 22: 1000/1641 Loss: 0.336254
2026-08-19 23:54: Train Epoch 22: 1020/1641 Loss: 0.328936
2026-08-19 23:54: Train Epoch 22: 1040/1641 Loss: 0.332623
2026-08-19 23:54: Train Epoch 22: 1060/1641 Loss: 0.325403
2026-08-19 23:54: Train Epoch 22: 1080/1641 Loss: 0.333022
2026-08-19 23:54: Train Epoch 22: 1100/1641 Loss: 0.320829
2026-08-19 23:54: Train Epoch 22: 1120/1641 Loss: 0.316008
2026-08-19 23:54: Train Epoch 22: 1140/1641 Loss: 0.308875
2026-08-19 23:54: Train Epoch 22: 1160/1641 Loss: 0.329821
2026-08-19 23:54: Train Epoch 22: 1180/1641 Loss: 0.340232
2026-08-19 23:54: Train Epoch 22: 1200/1641 Loss: 0.334501
2026-08-19 23:54: Train Epoch 22: 1220/1641 Loss: 0.322225
2026-08-19 23:54: Train Epoch 22: 1240/1641 Loss: 0.325548
2026-08-19 23:55: Train Epoch 22: 1260/1641 Loss: 0.310315
2026-08-19 23:55: Train Epoch 22: 1280/1641 Loss: 0.315845
2026-08-19 23:55: Train Epoch 22: 1300/1641 Loss: 0.337852
2026-08-19 23:55: Train Epoch 22: 1320/1641 Loss: 0.311124
2026-08-19 23:55: Train Epoch 22: 1340/1641 Loss: 0.306381
2026-08-19 23:55: Train Epoch 22: 1360/1641 Loss: 0.338784
2026-08-19 23:55: Train Epoch 22: 1380/1641 Loss: 0.338350
2026-08-19 23:55: Train Epoch 22: 1400/1641 Loss: 0.317814
2026-08-19 23:55: Train Epoch 22: 1420/1641 Loss: 0.331710
2026-08-19 23:55: Train Epoch 22: 1440/1641 Loss: 0.309695
2026-08-19 23:55: Train Epoch 22: 1460/1641 Loss: 0.335476
2026-08-19 23:55: Train Epoch 22: 1480/1641 Loss: 0.310709
2026-08-19 23:55: Train Epoch 22: 1500/1641 Loss: 0.318868
2026-08-19 23:55: Train Epoch 22: 1520/1641 Loss: 0.335065
2026-08-19 23:55: Train Epoch 22: 1540/1641 Loss: 0.335493
2026-08-19 23:55: Train Epoch 22: 1560/1641 Loss: 0.321692
2026-08-19 23:55: Train Epoch 22: 1580/1641 Loss: 0.316201
2026-08-19 23:55: Train Epoch 22: 1600/1641 Loss: 0.312221
2026-08-19 23:55: Train Epoch 22: 1620/1641 Loss: 0.327212
2026-08-19 23:55: Train Epoch 22: 1640/1641 Loss: 0.319045
2026-08-19 23:55: **********Train Epoch 22: averaged Loss: 0.324899, tf_ratio: 0.000029
2026-08-19 23:56: **********Val Epoch 22: average Loss: 0.426851
2026-08-19 23:56: Train Epoch 23: 0/1641 Loss: 0.330259
2026-08-19 23:56: Train Epoch 23: 20/1641 Loss: 0.315200
2026-08-19 23:56: Train Epoch 23: 40/1641 Loss: 0.316100
2026-08-19 23:56: Train Epoch 23: 60/1641 Loss: 0.303625
2026-08-19 23:56: Train Epoch 23: 80/1641 Loss: 0.308328
2026-08-19 23:56: Train Epoch 23: 100/1641 Loss: 0.324765
2026-08-19 23:56: Train Epoch 23: 120/1641 Loss: 0.313975
2026-08-19 23:56: Train Epoch 23: 140/1641 Loss: 0.335906
2026-08-19 23:56: Train Epoch 23: 160/1641 Loss: 0.311205
2026-08-19 23:56: Train Epoch 23: 180/1641 Loss: 0.306685
2026-08-19 23:56: Train Epoch 23: 200/1641 Loss: 0.331496
2026-08-19 23:56: Train Epoch 23: 220/1641 Loss: 0.313920
2026-08-19 23:56: Train Epoch 23: 240/1641 Loss: 0.319334
2026-08-19 23:56: Train Epoch 23: 260/1641 Loss: 0.322190
2026-08-19 23:56: Train Epoch 23: 280/1641 Loss: 0.304644
2026-08-19 23:56: Train Epoch 23: 300/1641 Loss: 0.335800
2026-08-19 23:56: Train Epoch 23: 320/1641 Loss: 0.310816
2026-08-19 23:56: Train Epoch 23: 340/1641 Loss: 0.320658
2026-08-19 23:56: Train Epoch 23: 360/1641 Loss: 0.337145
2026-08-19 23:57: Train Epoch 23: 380/1641 Loss: 0.315224
2026-08-19 23:57: Train Epoch 23: 400/1641 Loss: 0.311542
2026-08-19 23:57: Train Epoch 23: 420/1641 Loss: 0.345671
2026-08-19 23:57: Train Epoch 23: 440/1641 Loss: 0.306096
2026-08-19 23:57: Train Epoch 23: 460/1641 Loss: 0.299636
2026-08-19 23:57: Train Epoch 23: 480/1641 Loss: 0.332062
2026-08-19 23:57: Train Epoch 23: 500/1641 Loss: 0.295626
2026-08-19 23:57: Train Epoch 23: 520/1641 Loss: 0.296041
2026-08-19 23:57: Train Epoch 23: 540/1641 Loss: 0.328925
2026-08-19 23:57: Train Epoch 23: 560/1641 Loss: 0.319340
2026-08-19 23:57: Train Epoch 23: 580/1641 Loss: 0.324538
2026-08-19 23:57: Train Epoch 23: 600/1641 Loss: 0.311948
2026-08-19 23:57: Train Epoch 23: 620/1641 Loss: 0.317193
2026-08-19 23:57: Train Epoch 23: 640/1641 Loss: 0.313028
2026-08-19 23:57: Train Epoch 23: 660/1641 Loss: 0.312867
2026-08-19 23:57: Train Epoch 23: 680/1641 Loss: 0.313965
2026-08-19 23:57: Train Epoch 23: 700/1641 Loss: 0.331878
2026-08-19 23:57: Train Epoch 23: 720/1641 Loss: 0.336487
2026-08-19 23:57: Train Epoch 23: 740/1641 Loss: 0.325783
2026-08-19 23:57: Train Epoch 23: 760/1641 Loss: 0.326954
2026-08-19 23:57: Train Epoch 23: 780/1641 Loss: 0.330781
2026-08-19 23:57: Train Epoch 23: 800/1641 Loss: 0.319420
2026-08-19 23:58: Train Epoch 23: 820/1641 Loss: 0.322031
2026-08-19 23:58: Train Epoch 23: 840/1641 Loss: 0.331272
2026-08-19 23:58: Train Epoch 23: 860/1641 Loss: 0.309576
2026-08-19 23:58: Train Epoch 23: 880/1641 Loss: 0.322928
2026-08-19 23:58: Train Epoch 23: 900/1641 Loss: 0.319186
2026-08-19 23:58: Train Epoch 23: 920/1641 Loss: 0.313813
2026-08-19 23:58: Train Epoch 23: 940/1641 Loss: 0.330825
2026-08-19 23:58: Train Epoch 23: 960/1641 Loss: 0.326999
2026-08-19 23:58: Train Epoch 23: 980/1641 Loss: 0.325891
2026-08-19 23:58: Train Epoch 23: 1000/1641 Loss: 0.312582
2026-08-19 23:58: Train Epoch 23: 1020/1641 Loss: 0.308983
2026-08-19 23:58: Train Epoch 23: 1040/1641 Loss: 0.331402
2026-08-19 23:58: Train Epoch 23: 1060/1641 Loss: 0.317796
2026-08-19 23:58: Train Epoch 23: 1080/1641 Loss: 0.313339
2026-08-19 23:58: Train Epoch 23: 1100/1641 Loss: 0.331175
2026-08-19 23:58: Train Epoch 23: 1120/1641 Loss: 0.326276
2026-08-19 23:58: Train Epoch 23: 1140/1641 Loss: 0.292589
2026-08-19 23:58: Train Epoch 23: 1160/1641 Loss: 0.315400
2026-08-19 23:58: Train Epoch 23: 1180/1641 Loss: 0.311120
2026-08-19 23:58: Train Epoch 23: 1200/1641 Loss: 0.321441
2026-08-19 23:58: Train Epoch 23: 1220/1641 Loss: 0.306272
2026-08-19 23:58: Train Epoch 23: 1240/1641 Loss: 0.326050
2026-08-19 23:58: Train Epoch 23: 1260/1641 Loss: 0.328493
2026-08-19 23:59: Train Epoch 23: 1280/1641 Loss: 0.322936
2026-08-19 23:59: Train Epoch 23: 1300/1641 Loss: 0.317739
2026-08-19 23:59: Train Epoch 23: 1320/1641 Loss: 0.330866
2026-08-19 23:59: Train Epoch 23: 1340/1641 Loss: 0.325758
2026-08-19 23:59: Train Epoch 23: 1360/1641 Loss: 0.351400
2026-08-19 23:59: Train Epoch 23: 1380/1641 Loss: 0.306075
2026-08-19 23:59: Train Epoch 23: 1400/1641 Loss: 0.340693
2026-08-19 23:59: Train Epoch 23: 1420/1641 Loss: 0.337377
2026-08-19 23:59: Train Epoch 23: 1440/1641 Loss: 0.330059
2026-08-19 23:59: Train Epoch 23: 1460/1641 Loss: 0.312228
2026-08-19 23:59: Train Epoch 23: 1480/1641 Loss: 0.314557
2026-08-19 23:59: Train Epoch 23: 1500/1641 Loss: 0.316726
2026-08-19 23:59: Train Epoch 23: 1520/1641 Loss: 0.298697
2026-08-19 23:59: Train Epoch 23: 1540/1641 Loss: 0.318004
2026-08-19 23:59: Train Epoch 23: 1560/1641 Loss: 0.328238
2026-08-19 23:59: Train Epoch 23: 1580/1641 Loss: 0.308305
2026-08-19 23:59: Train Epoch 23: 1600/1641 Loss: 0.316465
2026-08-19 23:59: Train Epoch 23: 1620/1641 Loss: 0.336175
2026-08-19 23:59: Train Epoch 23: 1640/1641 Loss: 0.316496
2026-08-19 23:59: **********Train Epoch 23: averaged Loss: 0.320403, tf_ratio: 0.000013
2026-08-20 00:00: **********Val Epoch 23: average Loss: 0.426840
2026-08-20 00:00: Validation performance didn't improve for 15 epochs. Training stops.
2026-08-20 00:00: Total training time: 92.4741min, best loss: 0.401711
2026-08-20 00:00: Saving current best model to /scratch/chkkar002/Diffusion_Based_STGNNs/AGCRN/model/experiments/SAWS/20260819222740/best_model.pth
2026-08-20 00:00: Horizon 01, MAE: 0.16, RMSE: 0.23, MAPE: 46.2404%
2026-08-20 00:00: Horizon 02, MAE: 0.21, RMSE: 0.31, MAPE: 63.3415%
2026-08-20 00:00: Horizon 03, MAE: 0.26, RMSE: 0.37, MAPE: 72.9024%
2026-08-20 00:00: Horizon 04, MAE: 0.29, RMSE: 0.41, MAPE: 79.5047%
2026-08-20 00:00: Horizon 05, MAE: 0.31, RMSE: 0.44, MAPE: 84.6708%
2026-08-20 00:00: Horizon 06, MAE: 0.33, RMSE: 0.46, MAPE: 87.8866%
2026-08-20 00:00: Horizon 07, MAE: 0.34, RMSE: 0.48, MAPE: 90.9005%
2026-08-20 00:00: Horizon 08, MAE: 0.36, RMSE: 0.50, MAPE: 93.1456%
2026-08-20 00:00: Horizon 09, MAE: 0.37, RMSE: 0.51, MAPE: 95.7050%
2026-08-20 00:00: Horizon 10, MAE: 0.38, RMSE: 0.52, MAPE: 97.6012%
2026-08-20 00:00: Horizon 11, MAE: 0.38, RMSE: 0.53, MAPE: 99.3963%
2026-08-20 00:00: Horizon 12, MAE: 0.39, RMSE: 0.54, MAPE: 100.4003%
2026-08-20 00:00: Horizon 13, MAE: 0.40, RMSE: 0.55, MAPE: 100.8855%
2026-08-20 00:00: Horizon 14, MAE: 0.40, RMSE: 0.56, MAPE: 101.7838%
2026-08-20 00:00: Horizon 15, MAE: 0.40, RMSE: 0.57, MAPE: 101.9562%
2026-08-20 00:00: Horizon 16, MAE: 0.41, RMSE: 0.57, MAPE: 103.1909%
2026-08-20 00:00: Horizon 17, MAE: 0.41, RMSE: 0.58, MAPE: 103.5642%
2026-08-20 00:00: Horizon 18, MAE: 0.42, RMSE: 0.58, MAPE: 104.2243%
2026-08-20 00:00: Horizon 19, MAE: 0.42, RMSE: 0.59, MAPE: 105.2361%
2026-08-20 00:00: Horizon 20, MAE: 0.42, RMSE: 0.59, MAPE: 106.3137%
2026-08-20 00:00: Horizon 21, MAE: 0.43, RMSE: 0.60, MAPE: 108.1338%
2026-08-20 00:00: Horizon 22, MAE: 0.43, RMSE: 0.60, MAPE: 108.3498%
2026-08-20 00:00: Horizon 23, MAE: 0.43, RMSE: 0.61, MAPE: 109.1950%
2026-08-20 00:00: Horizon 24, MAE: 0.44, RMSE: 0.61, MAPE: 109.1651%
2026-08-20 00:00: Horizon 25, MAE: 0.44, RMSE: 0.62, MAPE: 110.7305%
2026-08-20 00:00: Horizon 26, MAE: 0.45, RMSE: 0.62, MAPE: 111.9295%
2026-08-20 00:00: Horizon 27, MAE: 0.45, RMSE: 0.63, MAPE: 113.0073%
2026-08-20 00:00: Horizon 28, MAE: 0.46, RMSE: 0.64, MAPE: 113.4582%
2026-08-20 00:00: Horizon 29, MAE: 0.46, RMSE: 0.64, MAPE: 113.4686%
2026-08-20 00:00: Horizon 30, MAE: 0.47, RMSE: 0.64, MAPE: 113.7730%
2026-08-20 00:00: Horizon 31, MAE: 0.47, RMSE: 0.65, MAPE: 114.6984%
2026-08-20 00:00: Horizon 32, MAE: 0.47, RMSE: 0.65, MAPE: 115.1657%
2026-08-20 00:00: Horizon 33, MAE: 0.48, RMSE: 0.65, MAPE: 115.6879%
2026-08-20 00:00: Horizon 34, MAE: 0.48, RMSE: 0.66, MAPE: 115.7051%
2026-08-20 00:00: Horizon 35, MAE: 0.48, RMSE: 0.66, MAPE: 117.1406%
2026-08-20 00:00: Horizon 36, MAE: 0.48, RMSE: 0.66, MAPE: 116.6914%
2026-08-20 00:00: Horizon 37, MAE: 0.48, RMSE: 0.66, MAPE: 116.2352%
2026-08-20 00:00: Horizon 38, MAE: 0.48, RMSE: 0.66, MAPE: 117.0723%
2026-08-20 00:00: Horizon 39, MAE: 0.48, RMSE: 0.66, MAPE: 117.9996%
2026-08-20 00:00: Horizon 40, MAE: 0.48, RMSE: 0.66, MAPE: 118.1671%
2026-08-20 00:00: Horizon 41, MAE: 0.48, RMSE: 0.67, MAPE: 118.3016%
2026-08-20 00:00: Horizon 42, MAE: 0.48, RMSE: 0.67, MAPE: 118.4425%
2026-08-20 00:00: Horizon 43, MAE: 0.49, RMSE: 0.67, MAPE: 119.7956%
2026-08-20 00:00: Horizon 44, MAE: 0.49, RMSE: 0.67, MAPE: 120.1445%
2026-08-20 00:00: Horizon 45, MAE: 0.49, RMSE: 0.67, MAPE: 121.2188%
2026-08-20 00:00: Horizon 46, MAE: 0.49, RMSE: 0.67, MAPE: 122.4425%
2026-08-20 00:00: Horizon 47, MAE: 0.49, RMSE: 0.67, MAPE: 123.2294%
2026-08-20 00:00: Horizon 48, MAE: 0.49, RMSE: 0.67, MAPE: 123.3784%
2026-08-20 00:00: Average Horizon, MAE: 0.42, RMSE: 0.59, MAPE: 105.8627%
2026-08-20 00:00: VPT (threshold=0.50): mean=3.94 steps, median=2.00, std=5.07, range=[0, 48]
wandb: updating run metadata
wandb: uploading output.log; uploading wandb-summary.json; uploading config.yaml
wandb: uploading output.log; uploading config.yaml
wandb: uploading output.log
wandb: uploading summary, console lines 1967-2016
wandb: 
wandb: Run history:
wandb:          epoch ▁▁▁▁▂▂▂▂▂▃▃▃▃▃▄▄▄▄▄▄▅▅▅▅▅▅▅▆▆▆▆▆▇▇▇▇▇███
wandb:     train/loss █▅▅▄▄▄▄▄▃▃▃▃▃▂▂▂▂▂▂▁▁▁▁
wandb: train/tf_ratio ██████▇▆▅▃▂▂▁▁▁▁▁▁▁▁▁▁▁
wandb:       val/loss █▅▃▃▂▂▂▁▁▂▃▄▄▅▅▆▅▅▆█▇▇▇
wandb: 
wandb: Run summary:
wandb:     best_val_loss 0.40171
wandb:             epoch 23
wandb:      test_vpt_max 48
wandb:     test_vpt_mean 3.94268
wandb:   test_vpt_median 2
wandb:      test_vpt_min 0
wandb:      test_vpt_std 5.07331
wandb:        train/loss 0.3204
wandb:    train/tf_ratio 1e-05
wandb: training_time_min 92.47405
wandb:                +1 ...
wandb: 
wandb: 🚀 View run AGCRN_realval at: https://wandb.ai/chkkar002-university-of-cape-town/stgnn-weather/runs/kwtwi7zu
wandb: ⭐️ View project at: https://wandb.ai/chkkar002-university-of-cape-town/stgnn-weather
wandb: Synced 5 W&B file(s), 0 media file(s), 0 artifact file(s) and 0 other file(s)
wandb: Find logs at: ./wandb/run-20260819_222740-kwtwi7zu/logs
/scratch/chkkar002/Diffusion_Based_STGNNs/AGCRN
Read configuration file: ./SAWS_AGCRN.conf
*****************Model Parameter*****************
node_embeddings torch.Size([32, 30]) True
encoder.dcrnn_cells.0.gate.weights_pool torch.Size([30, 2, 65, 128]) True
encoder.dcrnn_cells.0.gate.bias_pool torch.Size([30, 128]) True
encoder.dcrnn_cells.0.update.weights_pool torch.Size([30, 2, 65, 64]) True
encoder.dcrnn_cells.0.update.bias_pool torch.Size([30, 64]) True
encoder.dcrnn_cells.1.gate.weights_pool torch.Size([30, 2, 128, 128]) True
encoder.dcrnn_cells.1.gate.bias_pool torch.Size([30, 128]) True
encoder.dcrnn_cells.1.update.weights_pool torch.Size([30, 2, 128, 64]) True
encoder.dcrnn_cells.1.update.bias_pool torch.Size([30, 64]) True
end_conv.weight torch.Size([48, 1, 1, 64]) True
end_conv.bias torch.Size([48]) True
Total params num: 2238960
*****************Finish Parameter****************
Load SAWS Dataset shaped:  (87672, 32, 1) 100.0 1.0 67.06888 72.0
Normalize the dataset by Standard Normalization
[[[ 0.63293064]
  [-0.17247984]
  [-0.6387701 ]
  ...
  [-0.5963801 ]
  [-0.13008982]
  [-1.1898404 ]]

 [[ 0.6753206 ]
  [-0.04530977]
  [-0.6387701 ]
  ...
  [-0.7659402 ]
  [ 0.20903037]
  [-1.1898404 ]]

 [[ 0.63293064]
  [-0.08769979]
  [-0.46921   ]
  ...
  [-0.72355014]
  [ 0.16664036]
  [-1.2746204 ]]

 ...

 [[-0.68116015]
  [-1.7409108 ]
  [ 0.02772919]
  ...
  [ 1.0144408 ]
  [ 1.395951  ]
  [-0.7659402 ]]

 [[-0.29964992]
  [-0.29964992]
  [ 0.2146881 ]
  ...
  [ 1.268781  ]
  [ 1.395951  ]
  [ 0.2514204 ]]

 [[ 0.0818603 ]
  [ 0.03947028]
  [ 0.65372264]
  ...
  [ 1.353561  ]
  [ 1.395951  ]
  [ 0.5905406 ]]]
[[[ 0.2514204 ]
  [ 0.2514204 ]
  [ 0.7713373 ]
  ...
  [ 1.268781  ]
  [ 1.395951  ]
  [ 0.50576055]]

 [[ 0.50576055]
  [ 0.46337053]
  [ 0.8366105 ]
  ...
  [ 1.268781  ]
  [ 1.395951  ]
  [ 0.20903037]]

 [[ 0.63293064]
  [ 0.76010066]
  [ 0.92415667]
  ...
  [ 1.268781  ]
  [ 1.395951  ]
  [ 0.29381043]]

 ...

 [[ 1.226391  ]
  [-0.21486987]
  [ 0.29381043]
  ...
  [ 1.1416109 ]
  [ 0.76010066]
  [-0.2572599 ]]

 [[ 1.226391  ]
  [-0.5116    ]
  [-0.00291975]
  ...
  [ 1.226391  ]
  [ 0.5905406 ]
  [-0.55399007]]

 [[ 1.184001  ]
  [-0.8083302 ]
  [-0.17247984]
  ...
  [ 1.184001  ]
  [ 0.2514204 ]
  [-0.9778903 ]]]
[[[ 1.1416109 ]
  [-0.9778903 ]
  [-0.21486987]
  ...
  [ 1.268781  ]
  [ 0.16664036]
  [-1.1474504 ]]

 [[ 1.1416109 ]
  [-1.2746204 ]
  [-0.55399007]
  ...
  [ 1.184001  ]
  [ 0.03947028]
  [-1.1050603 ]]

 [[ 1.0144408 ]
  [-0.8083302 ]
  [-0.38442996]
  ...
  [ 1.1416109 ]
  [ 0.16664036]
  [-1.3594005 ]]

 ...

 [[ 0.6753206 ]
  [ 1.184001  ]
  [ 1.0066198 ]
  ...
  [ 0.75281584]
  [ 1.395951  ]
  [-0.00291975]]

 [[ 0.63293064]
  [ 1.1416109 ]
  [ 1.311171  ]
  ...
  [ 0.8328369 ]
  [ 1.395951  ]
  [ 0.20903037]]

 [[ 0.54815054]
  [ 1.0992209 ]
  [ 1.0992209 ]
  ...
  [ 0.63880473]
  [ 1.395951  ]
  [ 0.54815054]]]
Train:  (52533, 24, 32, 1) (52533, 48, 32, 1)
Val:  (17463, 24, 32, 1) (17463, 48, 32, 1)
Test:  (17463, 24, 32, 1) (17463, 48, 32, 1)
mae
Creat Log File in:  /scratch/chkkar002/Diffusion_Based_STGNNs/AGCRN/model/experiments/SAWS/20260819222740/run.log
